{
"type": "FeatureCollection",
"name": "Binangun",
"crs": { "type": "name", "properties": { "name": "urn:ogc:def:crs:OGC:1.3:CRS84" } },
"features": [
{ "type": "Feature", "properties": { "OBJECTID": 116952.0, "KDPPUM": "35", "NAMOBJ": "Binangun", "REMARK": null, "KDPBPS": null, "FCODE": "BA03070040", "LUASWH": null, "UUPP": "Data dari Pemerintah Daerah", "SRS_ID": "SRGI 2013", "METADATA": "TASWIL1000020200326DATA_BATAS_DESA_KELURAHAN", "KDEBPS": null, "KDEPUM": "35.05.16.2004", "KDCBPS": null, "KDCPUM": "35.05.16", "KDBBPS": null, "WADMKD": "Binangun", "WIADKD": null, "WADMKC": "Binangun", "WIADKC": null, "WADMKK": "Blitar", "WIADKK": null, "WADMPR": "Jawa Timur", "WIADPR": null, "TIPADM": 1.0, "KDPKAB": "35.05", "SHAPE_Leng": 0.182881393410529, "SHAPE_Area": 0.00083160258446599998 }, "geometry": { "type": "MultiPolygon", "coordinates": [ [ [ [ 112.335170803000096, -8.205124829999932, 0.0 ], [ 112.33528409500002, -8.205229476999932, 0.0 ], [ 112.335269704000098, -8.205216603999929, 0.0 ], [ 112.33522609900001, -8.205421141999977, 0.0 ], [ 112.335229770000069, -8.205621514999962, 0.0 ], [ 112.335302335000051, -8.205776796999942, 0.0 ], [ 112.335525295000025, -8.206021304999979, 0.0 ], [ 112.336404410000114, -8.206784038999956, 0.0 ], [ 112.336570025000015, -8.206936020999933, 0.0 ], [ 112.336657661000118, -8.207109197999955, 0.0 ], [ 112.336739992000048, -8.207491748999928, 0.0 ], [ 112.33679870900005, -8.207994011999972, 0.0 ], [ 112.336808255000051, -8.208155483999974, 0.0 ], [ 112.336804900000061, -8.20818120399997, 0.0 ], [ 112.336773132000076, -8.20842477399998, 0.0 ], [ 112.336704527000052, -8.208556597999973, 0.0 ], [ 112.336572943000078, -8.20870657599994, 0.0 ], [ 112.336306661000094, -8.208973641999933, 0.0 ], [ 112.335962889000029, -8.209408451999934, 0.0 ], [ 112.335855319000075, -8.209558348999963, 0.0 ], [ 112.335792430000083, -8.209825892999959, 0.0 ], [ 112.335769483000036, -8.209923513999968, 0.0 ], [ 112.335719370000106, -8.210198835999961, 0.0 ], [ 112.335702128000094, -8.210429185999942, 0.0 ], [ 112.335659048000025, -8.211012537999977, 0.0 ], [ 112.33566638100001, -8.211410292999972, 0.0 ], [ 112.335673675000066, -8.211796083999957, 0.0 ], [ 112.335653121000064, -8.211933729999942, 0.0 ], [ 112.33560852200003, -8.212062482999954, 0.0 ], [ 112.335462396000025, -8.212353077999978, 0.0 ], [ 112.335370185000102, -8.212607602999981, 0.0 ], [ 112.335296095000103, -8.212894967999944, 0.0 ], [ 112.335289970000076, -8.212924914999974, 0.0 ], [ 112.335177946000044, -8.213472587999945, 0.0 ], [ 112.335154148000015, -8.213584478999962, 0.0 ], [ 112.33509519100005, -8.213861668999925, 0.0 ], [ 112.335072238000066, -8.214232008999943, 0.0 ], [ 112.335063858000012, -8.214367220999975, 0.0 ], [ 112.335067970000068, -8.21469918799994, 0.0 ], [ 112.335179953000079, -8.214970980999965, 0.0 ], [ 112.335451820000117, -8.215475526999967, 0.0 ], [ 112.335639681000089, -8.215871364999941, 0.0 ], [ 112.335678569000038, -8.21595330599996, 0.0 ], [ 112.335711941000113, -8.216057872999954, 0.0 ], [ 112.335709149000081, -8.216120689999968, 0.0 ], [ 112.335707787000047, -8.216611188999934, 0.0 ], [ 112.335727160000033, -8.216813920999925, 0.0 ], [ 112.3357357860001, -8.216904195999973, 0.0 ], [ 112.335814688000028, -8.217158152999957, 0.0 ], [ 112.336016930000028, -8.217744833999973, 0.0 ], [ 112.33602992100009, -8.217782518999968, 0.0 ], [ 112.336148169000012, -8.21813205199993, 0.0 ], [ 112.336245444000042, -8.218493617999968, 0.0 ], [ 112.336252579000075, -8.218556361999958, 0.0 ], [ 112.336267285000076, -8.218685696999955, 0.0 ], [ 112.336279337000065, -8.218753705999973, 0.0 ], [ 112.337594183000078, -8.218740363999927, 0.0 ], [ 112.338167897000062, -8.218722940999953, 0.0 ], [ 112.339286788000095, -8.218688959999952, 0.0 ], [ 112.33937448800009, -8.218770328999938, 0.0 ], [ 112.339449799000022, -8.218847839999967, 0.0 ], [ 112.339513052000029, -8.218910435999931, 0.0 ], [ 112.339596964000066, -8.219004464999955, 0.0 ], [ 112.339942896000025, -8.219018260999974, 0.0 ], [ 112.340780648000077, -8.219130522999933, 0.0 ], [ 112.341256686000065, -8.219207314999949, 0.0 ], [ 112.341543577000039, -8.219253593999952, 0.0 ], [ 112.342174238000098, -8.219323268999972, 0.0 ], [ 112.343273074000081, -8.219493111999952, 0.0 ], [ 112.343270562000043, -8.219667571999935, 0.0 ], [ 112.343484082000032, -8.219807897999942, 0.0 ], [ 112.343861709000066, -8.220056076999981, 0.0 ], [ 112.344177145000117, -8.219941363999965, 0.0 ], [ 112.344297311000105, -8.219897662999927, 0.0 ], [ 112.344261973000016, -8.220814642999926, 0.0 ], [ 112.344260716, -8.221011800999975, 0.0 ], [ 112.345219218000011, -8.220943515999977, 0.0 ], [ 112.345274779000079, -8.220939908999981, 0.0 ], [ 112.345272531000091, -8.221370185999945, 0.0 ], [ 112.345442462000051, -8.221624194999947, 0.0 ], [ 112.345461875000069, -8.221683466999934, 0.0 ], [ 112.345448601000044, -8.221735192999972, 0.0 ], [ 112.345410401000095, -8.221802314999934, 0.0 ], [ 112.345391291000055, -8.221833003999961, 0.0 ], [ 112.345603323000091, -8.22203710499997, 0.0 ], [ 112.345563544000015, -8.222205679999945, 0.0 ], [ 112.346047942000041, -8.222272966999981, 0.0 ], [ 112.34611386600011, -8.222279971999967, 0.0 ], [ 112.346281680000061, -8.222031110999978, 0.0 ], [ 112.346382706000099, -8.221881294999946, 0.0 ], [ 112.346697342000084, -8.221709765999947, 0.0 ], [ 112.346722143000079, -8.22165053599997, 0.0 ], [ 112.346779181000102, -8.221472332999952, 0.0 ], [ 112.34727538300001, -8.221621884999934, 0.0 ], [ 112.34746951000011, -8.221644203999972, 0.0 ], [ 112.347501836000106, -8.221544561999963, 0.0 ], [ 112.347947626000064, -8.221558380999966, 0.0 ], [ 112.348047751000081, -8.221558690999927, 0.0 ], [ 112.347928512000067, -8.222162393999952, 0.0 ], [ 112.348249545000044, -8.222208166999962, 0.0 ], [ 112.34878600400009, -8.22233078499994, 0.0 ], [ 112.349143319000063, -8.222316187999979, 0.0 ], [ 112.349440762000086, -8.222209912999972, 0.0 ], [ 112.349498136000079, -8.222699732999956, 0.0 ], [ 112.349513834000049, -8.22276803799997, 0.0 ], [ 112.349933159000102, -8.222691837999946, 0.0 ], [ 112.34993462500006, -8.22280354399993, 0.0 ], [ 112.349982664000095, -8.22291899499993, 0.0 ], [ 112.3506667690001, -8.222812019999935, 0.0 ], [ 112.350930683000115, -8.222733371999936, 0.0 ], [ 112.350940797000021, -8.22262789399997, 0.0 ], [ 112.350949594000099, -8.222388600999977, 0.0 ], [ 112.350926410000056, -8.222115194999958, 0.0 ], [ 112.351468331000092, -8.221930030999943, 0.0 ], [ 112.351669858000037, -8.221811113999934, 0.0 ], [ 112.351715334, -8.22200020899993, 0.0 ], [ 112.351760170000034, -8.222186645999955, 0.0 ], [ 112.351816285000041, -8.222800168999981, 0.0 ], [ 112.351975214000049, -8.223987578999981, 0.0 ], [ 112.351983387000018, -8.224052382999957, 0.0 ], [ 112.352104267000072, -8.225010808999969, 0.0 ], [ 112.352138100000047, -8.225279055999977, 0.0 ], [ 112.352297252000085, -8.225468734999936, 0.0 ], [ 112.352345373000048, -8.225849001999961, 0.0 ], [ 112.352382340000077, -8.226175502999979, 0.0 ], [ 112.352423361000092, -8.22653781899993, 0.0 ], [ 112.352470982000114, -8.227208832999963, 0.0 ], [ 112.352502810000033, -8.227657305999969, 0.0 ], [ 112.35257088000003, -8.228608149999957, 0.0 ], [ 112.352516336, -8.229025250999939, 0.0 ], [ 112.352571061000049, -8.22929878399998, 0.0 ], [ 112.352609041000051, -8.229577269999936, 0.0 ], [ 112.352623768000058, -8.229685256999971, 0.0 ], [ 112.352614957000014, -8.229919764999977, 0.0 ], [ 112.352649952000093, -8.230324002999964, 0.0 ], [ 112.353087045000052, -8.230320137999968, 0.0 ], [ 112.353028245000019, -8.231140081999968, 0.0 ], [ 112.353400964000116, -8.231313912999951, 0.0 ], [ 112.353231700000038, -8.231886368999938, 0.0 ], [ 112.353199138000036, -8.231996493999929, 0.0 ], [ 112.353154588000052, -8.232107767999935, 0.0 ], [ 112.353137834000108, -8.232149615999958, 0.0 ], [ 112.353035086000091, -8.232406253999955, 0.0 ], [ 112.35302647900005, -8.232427750999932, 0.0 ], [ 112.352781567000079, -8.232799433999958, 0.0 ], [ 112.352703763000022, -8.232905046999974, 0.0 ], [ 112.352620505, -8.233018061999928, 0.0 ], [ 112.352504110000041, -8.23317605799997, 0.0 ], [ 112.352476755000112, -8.233213190999948, 0.0 ], [ 112.352266671000052, -8.233454693999931, 0.0 ], [ 112.352254320000043, -8.233468891999962, 0.0 ], [ 112.352201641000079, -8.233529449999935, 0.0 ], [ 112.352209636000111, -8.23375183099995, 0.0 ], [ 112.352211803000046, -8.23381209799993, 0.0 ], [ 112.35222550900005, -8.234193325999968, 0.0 ], [ 112.35195396600011, -8.234155215999976, 0.0 ], [ 112.351875894000045, -8.234144257999958, 0.0 ], [ 112.351878086000056, -8.234388252999963, 0.0 ], [ 112.351881445000117, -8.234762080999928, 0.0 ], [ 112.351883926000028, -8.235038118999967, 0.0 ], [ 112.351887471000055, -8.235432653999965, 0.0 ], [ 112.351890633000039, -8.235473532999947, 0.0 ], [ 112.351915237000071, -8.235791571999926, 0.0 ], [ 112.351921373000096, -8.235870887999965, 0.0 ], [ 112.351905257000112, -8.23613058899997, 0.0 ], [ 112.35189609300005, -8.23627825799997, 0.0 ], [ 112.351892066, -8.236343141999953, 0.0 ], [ 112.351887215000033, -8.236421309999969, 0.0 ], [ 112.351886259000025, -8.236621954999976, 0.0 ], [ 112.351885488000107, -8.236783505999938, 0.0 ], [ 112.351883708000059, -8.237157056999934, 0.0 ], [ 112.351879865000114, -8.237243511999964, 0.0 ], [ 112.351867883000068, -8.237513046999936, 0.0 ], [ 112.351855517000104, -8.237791245999972, 0.0 ], [ 112.351854563000074, -8.237812719999965, 0.0 ], [ 112.351822353000102, -8.238537319999978, 0.0 ], [ 112.351794282000014, -8.238652738999974, 0.0 ], [ 112.351783736000016, -8.238696098999981, 0.0 ], [ 112.35172559800003, -8.238746636999963, 0.0 ], [ 112.351711896000097, -8.238758548999954, 0.0 ], [ 112.35140267700001, -8.238849227999935, 0.0 ], [ 112.351299208000114, -8.238879570999927, 0.0 ], [ 112.350698976000103, -8.238939014999971, 0.0 ], [ 112.35060673800001, -8.238972719999936, 0.0 ], [ 112.350132485000017, -8.23914601499996, 0.0 ], [ 112.350085776000014, -8.239163082999937, 0.0 ], [ 112.349866363000046, -8.239243256999941, 0.0 ], [ 112.349563689000092, -8.23935385599998, 0.0 ], [ 112.349503573000106, -8.239375821999943, 0.0 ], [ 112.349344395000116, -8.239433986999927, 0.0 ], [ 112.349339604000079, -8.239435737999941, 0.0 ], [ 112.349339720000103, -8.23944578499993, 0.0 ], [ 112.349343332000103, -8.23975855499998, 0.0 ], [ 112.349344702000053, -8.239877161999971, 0.0 ], [ 112.349525281000069, -8.240009345999965, 0.0 ], [ 112.349432319000016, -8.240217818999952, 0.0 ], [ 112.349446186000023, -8.240277890999948, 0.0 ], [ 112.349512454000092, -8.240564958999926, 0.0 ], [ 112.349558105000028, -8.240762715999949, 0.0 ], [ 112.349563946000103, -8.240788019999968, 0.0 ], [ 112.349650700000097, -8.240873862999933, 0.0 ], [ 112.349635604000014, -8.240885221999974, 0.0 ], [ 112.349535709000065, -8.240960384999937, 0.0 ], [ 112.349319599000069, -8.241249466999932, 0.0 ], [ 112.349299009000106, -8.241277009999976, 0.0 ], [ 112.349278773000037, -8.241379605999953, 0.0 ], [ 112.349274217000016, -8.241402706999963, 0.0 ], [ 112.349300189000019, -8.241625134999936, 0.0 ], [ 112.34931300900007, -8.241749715999958, 0.0 ], [ 112.349333464000097, -8.241948506999961, 0.0 ], [ 112.349350107000078, -8.242110242999956, 0.0 ], [ 112.349354456000015, -8.242152509999926, 0.0 ], [ 112.349382147000028, -8.242421607999972, 0.0 ], [ 112.349332237000112, -8.242474282999979, 0.0 ], [ 112.349145108000016, -8.242671779999966, 0.0 ], [ 112.349093934000052, -8.242725788999962, 0.0 ], [ 112.34883663800008, -8.242997339999931, 0.0 ], [ 112.348832908000077, -8.243001276999962, 0.0 ], [ 112.348670196000057, -8.243271627999945, 0.0 ], [ 112.34865008700001, -8.243305038999949, 0.0 ], [ 112.348625124000023, -8.243346515999974, 0.0 ], [ 112.348589423000021, -8.243449478999935, 0.0 ], [ 112.348558771000057, -8.243537877999927, 0.0 ], [ 112.348389650000058, -8.244025620999935, 0.0 ], [ 112.348325119000037, -8.24411915099995, 0.0 ], [ 112.348090121000041, -8.244287340999961, 0.0 ], [ 112.348089242000015, -8.24428796899997, 0.0 ], [ 112.347786028000087, -8.244504981999967, 0.0 ], [ 112.347620324000104, -8.245094390999952, 0.0 ], [ 112.347613635000016, -8.245118182999931, 0.0 ], [ 112.347611698000037, -8.245125074999976, 0.0 ], [ 112.347602810000012, -8.245156687999952, 0.0 ], [ 112.347575373000041, -8.245254280999973, 0.0 ], [ 112.34744863700007, -8.245705081999972, 0.0 ], [ 112.34742935700001, -8.245773658999951, 0.0 ], [ 112.347426490000089, -8.24578386, 0.0 ], [ 112.347428560000026, -8.245808451999949, 0.0 ], [ 112.347431267000047, -8.245840610999949, 0.0 ], [ 112.34745276600006, -8.246096010999963, 0.0 ], [ 112.347590602000082, -8.246408435999967, 0.0 ], [ 112.347764343000108, -8.246802241999944, 0.0 ], [ 112.347816684, -8.246920879999948, 0.0 ], [ 112.34784486500007, -8.246984754999971, 0.0 ], [ 112.347867370000017, -8.247039903999962, 0.0 ], [ 112.347935478000068, -8.247206802999926, 0.0 ], [ 112.347968987000058, -8.247288916999935, 0.0 ], [ 112.348023519000094, -8.247422547999975, 0.0 ], [ 112.34809416600001, -8.247595666999928, 0.0 ], [ 112.348102314000016, -8.247615633999942, 0.0 ], [ 112.348182720000068, -8.247812667999938, 0.0 ], [ 112.348248360000071, -8.247869495999964, 0.0 ], [ 112.348529596000049, -8.24811297399998, 0.0 ], [ 112.348520278000024, -8.248130998999954, 0.0 ], [ 112.348432957000114, -8.248299924999969, 0.0 ], [ 112.348379651000073, -8.248353387999941, 0.0 ], [ 112.3483180610001, -8.248415157999943, 0.0 ], [ 112.348285864000104, -8.248484429999962, 0.0 ], [ 112.348253598000042, -8.248531194999941, 0.0 ], [ 112.348156509000091, -8.248585355999978, 0.0 ], [ 112.348041504000093, -8.248668288999966, 0.0 ], [ 112.3480056840001, -8.24872942199994, 0.0 ], [ 112.34800254400011, -8.248865812999952, 0.0 ], [ 112.348006226000052, -8.248953472999972, 0.0 ], [ 112.348006463000047, -8.248959112999955, 0.0 ], [ 112.348031937000087, -8.249034394999967, 0.0 ], [ 112.348039573000051, -8.249055604999967, 0.0 ], [ 112.347953890000099, -8.249213359999942, 0.0 ], [ 112.347903560000077, -8.249348446999932, 0.0 ], [ 112.347732218000033, -8.24980833199993, 0.0 ], [ 112.347663550000107, -8.249828793999939, 0.0 ], [ 112.347584365000102, -8.249850593999952, 0.0 ], [ 112.347534134000057, -8.24991177499993, 0.0 ], [ 112.347516719000055, -8.249969730999965, 0.0 ], [ 112.347498509000047, -8.250030330999948, 0.0 ], [ 112.347465244000091, -8.250144729999931, 0.0 ], [ 112.347451739, -8.250191171999973, 0.0 ], [ 112.347420162000049, -8.250299765999955, 0.0 ], [ 112.347419246000072, -8.250301048999972, 0.0 ], [ 112.347265977, -8.250515621999966, 0.0 ], [ 112.347147636000045, -8.250677522999979, 0.0 ], [ 112.347036354000011, -8.250796332999926, 0.0 ], [ 112.346913542000038, -8.250892926999938, 0.0 ], [ 112.346804085000031, -8.250979016999963, 0.0 ], [ 112.346806227000116, -8.251001243999951, 0.0 ], [ 112.346822755000062, -8.251172757999939, 0.0 ], [ 112.346830252000018, -8.251258867999979, 0.0 ], [ 112.346816072000024, -8.251327105999962, 0.0 ], [ 112.346712397000033, -8.251564325999937, 0.0 ], [ 112.346687579000104, -8.251682844999948, 0.0 ], [ 112.346683701000075, -8.251696147999951, 0.0 ], [ 112.346651966000081, -8.251804988999936, 0.0 ], [ 112.34664969500011, -8.251810903999967, 0.0 ], [ 112.346595236000098, -8.251952739999979, 0.0 ], [ 112.34653060800008, -8.252121058999933, 0.0 ], [ 112.346469833000015, -8.25227934399993, 0.0 ], [ 112.346419857000114, -8.252415891999931, 0.0 ], [ 112.346441656000025, -8.252469653999981, 0.0 ], [ 112.346525039000085, -8.252538400999981, 0.0 ], [ 112.346550040000011, -8.252559012999939, 0.0 ], [ 112.346643990000075, -8.25264124399996, 0.0 ], [ 112.346688553000035, -8.252709983999978, 0.0 ], [ 112.346734531000038, -8.252780908999966, 0.0 ], [ 112.346906811000053, -8.253027026999973, 0.0 ], [ 112.346962608000013, -8.253106736999939, 0.0 ], [ 112.346897642000044, -8.253122511999948, 0.0 ], [ 112.346651979000058, -8.253182161999973, 0.0 ], [ 112.346219594000104, -8.253287151999928, 0.0 ], [ 112.346138259000099, -8.253306900999974, 0.0 ], [ 112.345769, -8.253561, 0.0 ], [ 112.345645260000083, -8.253477238999949, 0.0 ], [ 112.345595724000077, -8.25342853899997, 0.0 ], [ 112.345577567000078, -8.253436903999955, 0.0 ], [ 112.345575678000046, -8.253435045999936, 0.0 ], [ 112.345459067000093, -8.253320403999965, 0.0 ], [ 112.345236640000053, -8.253101730999958, 0.0 ], [ 112.345120155000018, -8.252960994999967, 0.0 ], [ 112.344958371000075, -8.252799953999954, 0.0 ], [ 112.344880103000037, -8.252722045999974, 0.0 ], [ 112.344862248000027, -8.252730516999975, 0.0 ], [ 112.344845743000064, -8.252714086999958, 0.0 ], [ 112.344776859000035, -8.2526455199999, 0.0 ], [ 112.344590512000082, -8.252460026999927, 0.0 ], [ 112.344514144000073, -8.252384009999957, 0.0 ], [ 112.344484735000037, -8.252354370999967, 0.0 ], [ 112.344469127000025, -8.252338640999938, 0.0 ], [ 112.344487706000109, -8.252331091999963, 0.0 ], [ 112.344461422000109, -8.252304601999981, 0.0 ], [ 112.343944053000087, -8.251783190999959, 0.0 ], [ 112.343928506000111, -8.251793795999959, 0.0 ], [ 112.343727786000045, -8.251584227999956, 0.0 ], [ 112.343726497000034, -8.251582882999969, 0.0 ], [ 112.343662522000045, -8.25151608799996, 0.0 ], [ 112.343546484000058, -8.251394933999961, 0.0 ], [ 112.34354165600007, -8.251389893999942, 0.0 ], [ 112.343558724000104, -8.251381355999968, 0.0 ], [ 112.343406582000057, -8.251222507999955, 0.0 ], [ 112.343371724, -8.251138434999973, 0.0 ], [ 112.343341200000054, -8.251064812999971, 0.0 ], [ 112.343209085000012, -8.250924247999933, 0.0 ], [ 112.343004939000025, -8.250707043999967, 0.0 ], [ 112.342949893000082, -8.250672406999968, 0.0 ], [ 112.342719181, -8.250527233999946, 0.0 ], [ 112.342687224000088, -8.250507125999945, 0.0 ], [ 112.342687889000103, -8.250493167999934, 0.0 ], [ 112.342698412, -8.250492304999966, 0.0 ], [ 112.34283684400009, -8.247906647999969, 0.0 ], [ 112.342793350000079, -8.247888918999934, 0.0 ], [ 112.342750962000082, -8.247871640999961, 0.0 ], [ 112.342509999000072, -8.247809998999969, 0.0 ], [ 112.3422, -8.24764, 0.0 ], [ 112.342042439000011, -8.247503170999948, 0.0 ], [ 112.342024756000114, -8.247487814999943, 0.0 ], [ 112.34182, -8.24731, 0.0 ], [ 112.341689999000096, -8.24712, 0.0 ], [ 112.3416, -8.24689, 0.0 ], [ 112.341572392000103, -8.246807175999948, 0.0 ], [ 112.341519623000067, -8.246648868999955, 0.0 ], [ 112.341379999000083, -8.246229998999979, 0.0 ], [ 112.341260980000015, -8.245847434999973, 0.0 ], [ 112.34124, -8.24578, 0.0 ], [ 112.341138133000072, -8.245403876999944, 0.0 ], [ 112.341142313000091, -8.245358540999973, 0.0 ], [ 112.341149155000039, -8.245250848999945, 0.0 ], [ 112.341152322000084, -8.245121635999965, 0.0 ], [ 112.341153183000074, -8.245109982999963, 0.0 ], [ 112.341154290000077, -8.245094988999938, 0.0 ], [ 112.34116265900002, -8.244981630999973, 0.0 ], [ 112.341178139000021, -8.244909982999957, 0.0 ], [ 112.341299999000057, -8.24476, 0.0 ], [ 112.341293856000107, -8.244630006999955, 0.0 ], [ 112.341271581000115, -8.244628950999981, 0.0 ], [ 112.339761813000109, -8.244557370999928, 0.0 ], [ 112.339624994000019, -8.244497883999941, 0.0 ], [ 112.338256804000025, -8.244378910999956, 0.0 ], [ 112.337297456000101, -8.24415344199997, 0.0 ], [ 112.336965947000067, -8.244075529999975, 0.0 ], [ 112.335924932000012, -8.243974402999982, 0.0 ], [ 112.335871394000037, -8.244170707999956, 0.0 ], [ 112.335875294000061, -8.244330595999941, 0.0 ], [ 112.335872733000087, -8.244364575999953, 0.0 ], [ 112.335876546, -8.244381947999955, 0.0 ], [ 112.335877343000107, -8.244414602999939, 0.0 ], [ 112.335948727000073, -8.244759624999972, 0.0 ], [ 112.336097443000085, -8.245140338999931, 0.0 ], [ 112.336134734000098, -8.245210419999978, 0.0 ], [ 112.33615171200006, -8.245251420999978, 0.0 ], [ 112.336151917000052, -8.245251916999962, 0.0 ], [ 112.336158236000074, -8.245263054999953, 0.0 ], [ 112.336230676000014, -8.245390724999936, 0.0 ], [ 112.336356639000087, -8.245627448999926, 0.0 ], [ 112.336431867000101, -8.245801778999976, 0.0 ], [ 112.334962758000074, -8.247608982999964, 0.0 ], [ 112.334909140000036, -8.247674940999957, 0.0 ], [ 112.334635004, -8.247531601999981, 0.0 ], [ 112.33436305400005, -8.247389404999979, 0.0 ], [ 112.333726548000072, -8.247306123999977, 0.0 ], [ 112.333441013000083, -8.24719904799997, 0.0 ], [ 112.333298245000037, -8.247097920999977, 0.0 ], [ 112.333066248000023, -8.247074126999962, 0.0 ], [ 112.332774764000078, -8.247109818999945, 0.0 ], [ 112.332693862000042, -8.247282328999972, 0.0 ], [ 112.332365497000069, -8.247206186999961, 0.0 ], [ 112.332118033000029, -8.247196668999948, 0.0 ], [ 112.331842015, -8.247249016999945, 0.0 ], [ 112.331561239000052, -8.247215704999974, 0.0 ], [ 112.331266186000107, -8.247263293999936, 0.0 ], [ 112.331023284000025, -8.24728106699996, 0.0 ], [ 112.33093, -8.24736, 0.0 ], [ 112.33082, -8.24745, 0.0 ], [ 112.33068, -8.24753, 0.0 ], [ 112.33057, -8.24762, 0.0 ], [ 112.33049, -8.24769, 0.0 ], [ 112.33031, -8.247829998999975, 0.0 ], [ 112.33021, -8.2479, 0.0 ], [ 112.330110000000104, -8.24798, 0.0 ], [ 112.33008093, -8.248001801999976, 0.0 ], [ 112.329933268000104, -8.247939807999956, 0.0 ], [ 112.329846700000076, -8.247908990999974, 0.0 ], [ 112.329696267000031, -8.247875455999974, 0.0 ], [ 112.329476546000024, -8.247826475999943, 0.0 ], [ 112.329390057000069, -8.247819583999956, 0.0 ], [ 112.32931588200006, -8.247903572999974, 0.0 ], [ 112.329244020000033, -8.247961235999981, 0.0 ], [ 112.329095647000031, -8.248072861999958, 0.0 ], [ 112.329014025000106, -8.248134268999934, 0.0 ], [ 112.328807967000103, -8.248283296999944, 0.0 ], [ 112.328793668000117, -8.248316841999952, 0.0 ], [ 112.328781262, -8.248397852999972, 0.0 ], [ 112.328772368000045, -8.248455930999967, 0.0 ], [ 112.328753709000011, -8.248577773999955, 0.0 ], [ 112.328732236000064, -8.248620912999968, 0.0 ], [ 112.328645900000083, -8.248659481999937, 0.0 ], [ 112.328600322000057, -8.248676380999939, 0.0 ], [ 112.328524536000032, -8.248631074999935, 0.0 ], [ 112.328393353000024, -8.248552648999976, 0.0 ], [ 112.328295220000086, -8.24856228799996, 0.0 ], [ 112.328286029000083, -8.24856319099996, 0.0 ], [ 112.328191666000066, -8.248572458999945, 0.0 ], [ 112.328120300000023, -8.24877846399994, 0.0 ], [ 112.328090732000078, -8.24882934599998, 0.0 ], [ 112.3280341520001, -8.248926713999936, 0.0 ], [ 112.32802, -8.24895106799994, 0.0 ], [ 112.327960107000081, -8.248996726999962, 0.0 ], [ 112.327881728000079, -8.249041201999944, 0.0 ], [ 112.32779469500008, -8.249090587999945, 0.0 ], [ 112.327749133000111, -8.24911227299998, 0.0 ], [ 112.327696501000105, -8.249174656999969, 0.0 ], [ 112.327620250000109, -8.249356750999937, 0.0 ], [ 112.327615759000082, -8.249360692999971, 0.0 ], [ 112.327601092, -8.249373562999949, 0.0 ], [ 112.327435472000047, -8.249405215999957, 0.0 ], [ 112.327432454000018, -8.249409505999949, 0.0 ], [ 112.327381324000044, -8.249482174999969, 0.0 ], [ 112.327367969000079, -8.249501156999941, 0.0 ], [ 112.327294692, -8.249605302999953, 0.0 ], [ 112.327263357000106, -8.249649837999925, 0.0 ], [ 112.327241952, -8.24963988899998, 0.0 ], [ 112.327222463000112, -8.24963083199998, 0.0 ], [ 112.32717509500003, -8.249683733999973, 0.0 ], [ 112.327117175000012, -8.249748420999936, 0.0 ], [ 112.327086493000024, -8.249741837999977, 0.0 ], [ 112.327077251000105, -8.249739855999962, 0.0 ], [ 112.326933497000027, -8.249709014999951, 0.0 ], [ 112.326931214000069, -8.249732952999977, 0.0 ], [ 112.326928894000048, -8.249700556999926, 0.0 ], [ 112.3269267390001, -8.249670454999944, 0.0 ], [ 112.326917431000084, -8.249539290999962, 0.0 ], [ 112.326890540000022, -8.249398212999949, 0.0 ], [ 112.326868620000027, -8.249307363999947, 0.0 ], [ 112.326788683000018, -8.249104252999928, 0.0 ], [ 112.326751908, -8.248955299999977, 0.0 ], [ 112.326749727000106, -8.24894646599995, 0.0 ], [ 112.326737209000044, -8.248911503999977, 0.0 ], [ 112.326735181000117, -8.248905838999974, 0.0 ], [ 112.326710210000101, -8.248834988999931, 0.0 ], [ 112.326655164000044, -8.248678800999926, 0.0 ], [ 112.326623478000101, -8.24854013199996, 0.0 ], [ 112.326603840000075, -8.248413385999982, 0.0 ], [ 112.326611572000047, -8.247851085999969, 0.0 ], [ 112.326765526000031, -8.247922355999947, 0.0 ], [ 112.326784629000031, -8.247888794999938, 0.0 ], [ 112.326806045000012, -8.247828907999974, 0.0 ], [ 112.326820192000014, -8.247749902999942, 0.0 ], [ 112.326824400000078, -8.247571237999978, 0.0 ], [ 112.326819214000011, -8.247456406999959, 0.0 ], [ 112.326568279000071, -8.247112694999942, 0.0 ], [ 112.32641857100009, -8.246873923999942, 0.0 ], [ 112.326395465000019, -8.246835433999934, 0.0 ], [ 112.32639736100009, -8.246818143999974, 0.0 ], [ 112.326397982000117, -8.246790571999952, 0.0 ], [ 112.326602577000017, -8.246624662999977, 0.0 ], [ 112.327093514000012, -8.246788650999974, 0.0 ], [ 112.327119587000084, -8.24678068299994, 0.0 ], [ 112.326817331000029, -8.246147853999958, 0.0 ], [ 112.326769886000079, -8.245748914999979, 0.0 ], [ 112.326747849000071, -8.245628739999972, 0.0 ], [ 112.326741999000092, -8.245596833999969, 0.0 ], [ 112.326699365000081, -8.24534431, 0.0 ], [ 112.326649426000017, -8.245061662999944, 0.0 ], [ 112.326646315000062, -8.244992764999949, 0.0 ], [ 112.326643069000056, -8.244883670999968, 0.0 ], [ 112.326649451000094, -8.244800504999944, 0.0 ], [ 112.326663785000051, -8.244613709999953, 0.0 ], [ 112.326736796000091, -8.244036358999949, 0.0 ], [ 112.32672444800005, -8.243807414999935, 0.0 ], [ 112.326724132000095, -8.243749669999943, 0.0 ], [ 112.326026712000044, -8.243479213999933, 0.0 ], [ 112.326195691000066, -8.243014478999953, 0.0 ], [ 112.32626713500008, -8.242729573999952, 0.0 ], [ 112.326293141000065, -8.242596351999964, 0.0 ], [ 112.326344729000084, -8.242332077999947, 0.0 ], [ 112.326346445000013, -8.242126303999953, 0.0 ], [ 112.326345292000042, -8.241708069999959, 0.0 ], [ 112.326444500000093, -8.241218255999968, 0.0 ], [ 112.326795710000056, -8.239484231999938, 0.0 ], [ 112.326871136000022, -8.23911183499996, 0.0 ], [ 112.327004081000041, -8.238465376999955, 0.0 ], [ 112.327026434000118, -8.238197948999925, 0.0 ], [ 112.327035839000018, -8.238085436999938, 0.0 ], [ 112.327011044000074, -8.237852234999934, 0.0 ], [ 112.32700447600007, -8.237502927999969, 0.0 ], [ 112.327034567000055, -8.237163070999941, 0.0 ], [ 112.327150649000032, -8.236681762999979, 0.0 ], [ 112.327246101000014, -8.236305289999962, 0.0 ], [ 112.32726828300008, -8.236217800999952, 0.0 ], [ 112.327533321000033, -8.236199572999965, 0.0 ], [ 112.327540469000041, -8.23614631199996, 0.0 ], [ 112.327513191000094, -8.235337363999975, 0.0 ], [ 112.327508355000077, -8.235193939999931, 0.0 ], [ 112.327510942000117, -8.234528771999976, 0.0 ], [ 112.327566319000084, -8.233849073999977, 0.0 ], [ 112.327617148000058, -8.233245954999973, 0.0 ], [ 112.327682259000085, -8.232604506999962, 0.0 ], [ 112.327781217000052, -8.23202994199994, 0.0 ], [ 112.327898161, -8.231086846999972, 0.0 ], [ 112.327887901000054, -8.230890682999927, 0.0 ], [ 112.327928657000029, -8.230492258999959, 0.0 ], [ 112.327949224, -8.230291207999926, 0.0 ], [ 112.327990243000045, -8.229890212999976, 0.0 ], [ 112.328049323000073, -8.228880314999969, 0.0 ], [ 112.328094568000097, -8.228042733999928, 0.0 ], [ 112.327864129000091, -8.22804369499994, 0.0 ], [ 112.326988951000089, -8.228079437999952, 0.0 ], [ 112.326225412000099, -8.228139382999927, 0.0 ], [ 112.325519799000062, -8.228285270999947, 0.0 ], [ 112.324868152000022, -8.228409445999944, 0.0 ], [ 112.324540538000065, -8.228475127999957, 0.0 ], [ 112.324358955000093, -8.228431855999929, 0.0 ], [ 112.32410019800011, -8.228225349999946, 0.0 ], [ 112.32395185200005, -8.228032032999977, 0.0 ], [ 112.323883011000021, -8.227913822999938, 0.0 ], [ 112.323515206000025, -8.227857749999941, 0.0 ], [ 112.32294291300002, -8.227794401999972, 0.0 ], [ 112.322019602000069, -8.227692196999953, 0.0 ], [ 112.320953386000042, -8.227552142999969, 0.0 ], [ 112.320016329000055, -8.22743259799995, 0.0 ], [ 112.319949772000086, -8.227378983999927, 0.0 ], [ 112.319750857000031, -8.227218749999963, 0.0 ], [ 112.319767673000115, -8.227179300999978, 0.0 ], [ 112.319809385000099, -8.227083456999935, 0.0 ], [ 112.319828287000064, -8.227057244999969, 0.0 ], [ 112.319910991000029, -8.226942553999947, 0.0 ], [ 112.319961621000061, -8.22681976399997, 0.0 ], [ 112.319978039000034, -8.226777010999967, 0.0 ], [ 112.32001222100007, -8.226688000999957, 0.0 ], [ 112.320143361000078, -8.226552779999963, 0.0 ], [ 112.32018641500008, -8.226527965999935, 0.0 ], [ 112.320278703000099, -8.226474775999975, 0.0 ], [ 112.320380635000106, -8.226432569999929, 0.0 ], [ 112.320485420000068, -8.226345490999961, 0.0 ], [ 112.320545165000112, -8.226255569999978, 0.0 ], [ 112.320557890000032, -8.226179809999962, 0.0 ], [ 112.320565773000112, -8.22613287799993, 0.0 ], [ 112.320565358000067, -8.226007263999975, 0.0 ], [ 112.32059494300006, -8.225875569999971, 0.0 ], [ 112.320598541000095, -8.22583848499994, 0.0 ], [ 112.320603652000045, -8.225785816999974, 0.0 ], [ 112.320600273000082, -8.225672175999932, 0.0 ], [ 112.320600048000074, -8.225670511999965, 0.0 ], [ 112.320584887000109, -8.22555857499998, 0.0 ], [ 112.320578407000085, -8.225415035999958, 0.0 ], [ 112.320596222000063, -8.225355160999925, 0.0 ], [ 112.320650081000053, -8.225301148999961, 0.0 ], [ 112.320689883000114, -8.225291438999932, 0.0 ], [ 112.320812919000105, -8.225261423999939, 0.0 ], [ 112.320824062000042, -8.225258704999931, 0.0 ], [ 112.321097112000075, -8.225215935999927, 0.0 ], [ 112.321348300000068, -8.225225535999925, 0.0 ], [ 112.321601528000087, -8.225235213999952, 0.0 ], [ 112.321802657000035, -8.225231561999976, 0.0 ], [ 112.321925653000108, -8.225204239999925, 0.0 ], [ 112.322027525000067, -8.225144087999979, 0.0 ], [ 112.322102279000092, -8.225054116999956, 0.0 ], [ 112.3221499550001, -8.224946289999934, 0.0 ], [ 112.322158555000101, -8.224823637999975, 0.0 ], [ 112.322157408000066, -8.224788718999946, 0.0 ], [ 112.322155216000056, -8.224721959999954, 0.0 ], [ 112.322118894000027, -8.224632354999926, 0.0 ], [ 112.322077168000078, -8.224500429999978, 0.0 ], [ 112.322076411000012, -8.224498036999933, 0.0 ], [ 112.322061250000047, -8.22445010399997, 0.0 ], [ 112.322060972000031, -8.224366360999966, 0.0 ], [ 112.322078717000068, -8.22428555099998, 0.0 ], [ 112.322153461000084, -8.224192588999927, 0.0 ], [ 112.322234279000099, -8.22412054299997, 0.0 ], [ 112.322289055000056, -8.224063413999943, 0.0 ], [ 112.322309073000042, -8.224042534999967, 0.0 ], [ 112.322375966000095, -8.223943175999977, 0.0 ], [ 112.322446583000101, -8.223865623999927, 0.0 ], [ 112.322500471000012, -8.223820583999952, 0.0 ], [ 112.322611478000113, -8.223799282999948, 0.0 ], [ 112.322698666000065, -8.223837876999937, 0.0 ], [ 112.322758995000072, -8.223924412999963, 0.0 ], [ 112.322837415000095, -8.224034814999925, 0.0 ], [ 112.322872320000101, -8.224069360999977, 0.0 ], [ 112.322924762000071, -8.224121261999926, 0.0 ], [ 112.32303240300007, -8.224163746999977, 0.0 ], [ 112.323045003000061, -8.224168719999966, 0.0 ], [ 112.323093046000054, -8.224171551999973, 0.0 ], [ 112.323174092000045, -8.22416829499997, 0.0 ], [ 112.32318594000003, -8.224163240999928, 0.0 ], [ 112.323273021000091, -8.224126096999953, 0.0 ], [ 112.323329871000055, -8.22406908499994, 0.0 ], [ 112.323413552000034, -8.223955156999978, 0.0 ], [ 112.323482262000084, -8.223853242999951, 0.0 ], [ 112.32350086100007, -8.223784404999947, 0.0 ], [ 112.32351785000003, -8.223721528999931, 0.0 ], [ 112.323520445000099, -8.223598896999931, 0.0 ], [ 112.323525493000034, -8.223561085999961, 0.0 ], [ 112.32354680900005, -8.223401414999955, 0.0 ], [ 112.323554675000082, -8.223235813999963, 0.0 ], [ 112.32355803400003, -8.223165101999939, 0.0 ], [ 112.323575719000019, -8.223066346999929, 0.0 ], [ 112.32361443800005, -8.222973502999935, 0.0 ], [ 112.323615845000063, -8.222967407999931, 0.0 ], [ 112.323645424, -8.22283923699996, 0.0 ], [ 112.323736132000022, -8.222742366999967, 0.0 ], [ 112.323801010000011, -8.222681655999963, 0.0 ], [ 112.32384150200005, -8.22264376399994, 0.0 ], [ 112.323901235000108, -8.222550851999927, 0.0 ], [ 112.323930938000103, -8.222455047999972, 0.0 ], [ 112.323930581000013, -8.222347378999928, 0.0 ], [ 112.323930507000114, -8.222325136999928, 0.0 ], [ 112.323930184, -8.222227746999977, 0.0 ], [ 112.323896844000046, -8.222132149999936, 0.0 ], [ 112.323824438000088, -8.222024718999933, 0.0 ], [ 112.323744944000055, -8.221923067999967, 0.0 ], [ 112.323628472000109, -8.221774133999929, 0.0 ], [ 112.323573597000063, -8.22166785099995, 0.0 ], [ 112.323552935000066, -8.221627831999967, 0.0 ], [ 112.323528373000045, -8.221463416999939, 0.0 ], [ 112.323518988000046, -8.221430184999974, 0.0 ], [ 112.323482807, -8.22130206199995, 0.0 ], [ 112.32348550200004, -8.221209336999948, 0.0 ], [ 112.323493067000072, -8.221181080999941, 0.0 ], [ 112.323515155000109, -8.221098578999943, 0.0 ], [ 112.323553745000027, -8.220966854999972, 0.0 ], [ 112.323574422000092, -8.22086509899998, 0.0 ], [ 112.32358010900009, -8.220769373999929, 0.0 ], [ 112.323558856000091, -8.220697663999943, 0.0 ], [ 112.323513717000083, -8.220664912999951, 0.0 ], [ 112.323459660000026, -8.220659108999939, 0.0 ], [ 112.323402671000053, -8.220674250999934, 0.0 ], [ 112.323324857000102, -8.22074628699994, 0.0 ], [ 112.323301369000092, -8.220771187999958, 0.0 ], [ 112.32322015200009, -8.220857291999948, 0.0 ], [ 112.323160036000104, -8.221003093999968, 0.0 ], [ 112.323118896000096, -8.221102873999939, 0.0 ], [ 112.323035345000108, -8.221255680999946, 0.0 ], [ 112.322987630000057, -8.221351544999948, 0.0 ], [ 112.322939666000025, -8.221372637999934, 0.0 ], [ 112.32287562700003, -8.221360096999945, 0.0 ], [ 112.322864566000021, -8.221357930999943, 0.0 ], [ 112.322671990000117, -8.221223976999966, 0.0 ], [ 112.322518202000083, -8.221018115999925, 0.0 ], [ 112.322508903000085, -8.221005235999939, 0.0 ], [ 112.322335880000082, -8.22076558599997, 0.0 ], [ 112.322186452000096, -8.220558617999927, 0.0 ], [ 112.322035776, -8.220385644999965, 0.0 ], [ 112.322025114000098, -8.22035602099993, 0.0 ], [ 112.322002447000045, -8.220293038999955, 0.0 ], [ 112.322006718000011, -8.220232899999928, 0.0 ], [ 112.322008183000094, -8.220212267999955, 0.0 ], [ 112.322008871000094, -8.22021095599996, 0.0 ], [ 112.322038016000079, -8.220155343999977, 0.0 ], [ 112.322133853000082, -8.220086239999944, 0.0 ], [ 112.322250704000112, -8.220017065999969, 0.0 ], [ 112.322361571000101, -8.219953893999957, 0.0 ], [ 112.322487537000029, -8.219917589999966, 0.0 ], [ 112.322589457000049, -8.219872392999946, 0.0 ], [ 112.322652292000043, -8.219809377999979, 0.0 ], [ 112.322685007000018, -8.219716554999934, 0.0 ], [ 112.322684586000037, -8.219706875999975, 0.0 ], [ 112.322681757000055, -8.219641794999973, 0.0 ], [ 112.322651499000017, -8.219570113999964, 0.0 ], [ 112.322585137000033, -8.219474625999965, 0.0 ], [ 112.322429790000115, -8.219356846999972, 0.0 ], [ 112.322353397000029, -8.219298928999933, 0.0 ], [ 112.322113841000032, -8.219086659999959, 0.0 ], [ 112.322094460000017, -8.219069485999967, 0.0 ], [ 112.321961837000117, -8.218908416999966, 0.0 ], [ 112.321867916000087, -8.21879013299997, 0.0 ], [ 112.321862354000018, -8.218783128999974, 0.0 ], [ 112.3217929220001, -8.218666713999937, 0.0 ], [ 112.32175666, -8.218595052999945, 0.0 ], [ 112.321753529000034, -8.218556182999976, 0.0 ], [ 112.321761686000059, -8.21853319, 0.0 ], [ 112.321783272000062, -8.218472341999927, 0.0 ], [ 112.321876008000118, -8.218373339999971, 0.0 ], [ 112.321923921, -8.218337291999944, 0.0 ], [ 112.321933013000034, -8.218337076999944, 0.0 ], [ 112.322071010000059, -8.218333817999962, 0.0 ], [ 112.322132818000114, -8.218333614999949, 0.0 ], [ 112.322309576000066, -8.218333033999954, 0.0 ], [ 112.322340317000112, -8.218332932999942, 0.0 ], [ 112.32241324000006, -8.218332692999979, 0.0 ], [ 112.32274666100011, -8.218391412999949, 0.0 ], [ 112.322900032, -8.218471660999967, 0.0 ], [ 112.322972437000089, -8.21857909299996, 0.0 ], [ 112.322966132000033, -8.21864743499998, 0.0 ], [ 112.322960845000011, -8.218704745999958, 0.0 ], [ 112.322941635, -8.218768128999955, 0.0 ], [ 112.322928180000076, -8.218812523999929, 0.0 ], [ 112.322961559000078, -8.218920083999933, 0.0 ], [ 112.323072990000014, -8.219027386999926, 0.0 ], [ 112.323299031000033, -8.219121309999935, 0.0 ], [ 112.323439534000045, -8.219115905999956, 0.0 ], [ 112.323496503000115, -8.219094782999946, 0.0 ], [ 112.323583393000035, -8.219043652999972, 0.0 ], [ 112.323637221000013, -8.218980668999961, 0.0 ], [ 112.32366997500003, -8.218899807999946, 0.0 ], [ 112.323717601000112, -8.218777026999931, 0.0 ], [ 112.323729214000082, -8.218644923999932, 0.0 ], [ 112.323737852000022, -8.218546666999941, 0.0 ], [ 112.323683280000068, -8.21838534099993, 0.0 ], [ 112.3236812130001, -8.218319898999937, 0.0 ], [ 112.323676572000068, -8.218173013999944, 0.0 ], [ 112.323673193000104, -8.218059373999949, 0.0 ], [ 112.323674326000059, -8.218032581999978, 0.0 ], [ 112.32367876100011, -8.217927758999963, 0.0 ], [ 112.323693444000014, -8.217829012999971, 0.0 ], [ 112.323718971000062, -8.217753597999945, 0.0 ], [ 112.323738037000112, -8.217697269999974, 0.0 ], [ 112.323766533000025, -8.217599556999971, 0.0 ], [ 112.323782562000019, -8.217544590999978, 0.0 ], [ 112.323798490000058, -8.217467504999945, 0.0 ], [ 112.32380915400006, -8.217415897999956, 0.0 ], [ 112.323832713000115, -8.217278241999963, 0.0 ], [ 112.3238404330001, -8.21722645899996, 0.0 ], [ 112.323867954000093, -8.2170418499999, 0.0 ], [ 112.323867577000101, -8.216928199999927, 0.0 ], [ 112.323852414000044, -8.216814607999936, 0.0 ], [ 112.323846028000048, -8.216766765999978, 0.0 ], [ 112.32380949800006, -8.216614353999944, 0.0 ], [ 112.323774810000032, -8.216485807999959, 0.0 ], [ 112.323769987000105, -8.216467932999933, 0.0 ], [ 112.323733536000077, -8.216339446999939, 0.0 ], [ 112.323688080000011, -8.216210990999969, 0.0 ], [ 112.323653547000049, -8.216154886999959, 0.0 ], [ 112.323603568000067, -8.216073690999963, 0.0 ], [ 112.323564156000089, -8.21595717799994, 0.0 ], [ 112.323593660000029, -8.215801557999953, 0.0 ], [ 112.323623903000112, -8.215734153999961, 0.0 ], [ 112.323662200000058, -8.2156488, 0.0 ], [ 112.323680495000076, -8.215576729999952, 0.0 ], [ 112.323691834000101, -8.2155320599999, 0.0 ], [ 112.323691457000109, -8.215418408999938, 0.0 ], [ 112.32368800900008, -8.215283832999944, 0.0 ], [ 112.323660674000052, -8.215188215999945, 0.0 ], [ 112.323609560000023, -8.215121383999929, 0.0 ], [ 112.323576252000066, -8.215077832999953, 0.0 ], [ 112.323467903000051, -8.214994445999935, 0.0 ], [ 112.323362555000017, -8.214911049999955, 0.0 ], [ 112.323360281000078, -8.214904008999952, 0.0 ], [ 112.323271651000027, -8.214629631999969, 0.0 ], [ 112.323235164000039, -8.214516678999928, 0.0 ], [ 112.32322561400008, -8.214448887999936, 0.0 ], [ 112.323204421000014, -8.214298448999955, 0.0 ], [ 112.323198140000045, -8.214214725999966, 0.0 ], [ 112.323209801000075, -8.214110008999967, 0.0 ], [ 112.323275537000086, -8.214017076999937, 0.0 ], [ 112.323383510000099, -8.213986812999963, 0.0 ], [ 112.323795411000106, -8.213976235999951, 0.0 ], [ 112.324015272000111, -8.214089280999929, 0.0 ], [ 112.324240857000063, -8.214220134999948, 0.0 ], [ 112.324427485000115, -8.214372053999966, 0.0 ], [ 112.324553046, -8.214494284999944, 0.0 ], [ 112.324611201000039, -8.21455089899996, 0.0 ], [ 112.324698775000115, -8.214706133999925, 0.0 ], [ 112.32476508600007, -8.214786667999931, 0.0 ], [ 112.324807322000083, -8.214849335999929, 0.0 ], [ 112.324837699000113, -8.214956905999941, 0.0 ], [ 112.324898086000076, -8.215061385999945, 0.0 ], [ 112.324997559000053, -8.215183682999964, 0.0 ], [ 112.325147985000058, -8.215281884999968, 0.0 ], [ 112.325205063000112, -8.215293659999929, 0.0 ], [ 112.325256037000031, -8.215275547999966, 0.0 ], [ 112.325288950000072, -8.215242539999963, 0.0 ], [ 112.3253037610001, -8.215182674999937, 0.0 ], [ 112.325342872000078, -8.215094782999927, 0.0 ], [ 112.325369140000021, -8.214982073999977, 0.0 ], [ 112.325401963000104, -8.21492214899996, 0.0 ], [ 112.325449856000091, -8.214880119999975, 0.0 ], [ 112.325542779000102, -8.214837941999974, 0.0 ], [ 112.325764578000076, -8.214732531999971, 0.0 ], [ 112.325800453000056, -8.21468755199993, 0.0 ], [ 112.325818217, -8.21461272199997, 0.0 ], [ 112.325827024000091, -8.21455287699996, 0.0 ], [ 112.325826826000025, -8.214493060999928, 0.0 ], [ 112.325811568000063, -8.214418339999952, 0.0 ], [ 112.325766091000105, -8.214283902999966, 0.0 ], [ 112.325711579000085, -8.214140522999969, 0.0 ], [ 112.325708439000095, -8.214095816999929, 0.0 ], [ 112.325705277000111, -8.214050817999976, 0.0 ], [ 112.325723061000076, -8.213981970999953, 0.0 ], [ 112.325749860000087, -8.213916083999948, 0.0 ], [ 112.325952992000111, -8.213613340999927, 0.0 ], [ 112.326078648000021, -8.213484321999942, 0.0 ], [ 112.326165537000065, -8.213433190999979, 0.0 ], [ 112.326537513000062, -8.213351212999953, 0.0 ], [ 112.326966577, -8.213284, 0.0 ], [ 112.327167619000079, -8.213256419999936, 0.0 ], [ 112.32724857300002, -8.21322624499993, 0.0 ], [ 112.32727838400001, -8.213163338999948, 0.0 ], [ 112.327278205000084, -8.213109504999977, 0.0 ], [ 112.327271943000028, -8.213031763999936, 0.0 ], [ 112.327238713000042, -8.212969065999971, 0.0 ], [ 112.327103237000074, -8.212852869999949, 0.0 ], [ 112.326966047000042, -8.212729786999944, 0.0 ], [ 112.326937645000044, -8.212704304999932, 0.0 ], [ 112.326781063000112, -8.212563821999936, 0.0 ], [ 112.326697041000102, -8.212491210999929, 0.0 ], [ 112.326567308000108, -8.21237909499996, 0.0 ], [ 112.326425749, -8.212238992999971, 0.0 ], [ 112.326407176000089, -8.212207773999978, 0.0 ], [ 112.326365372000055, -8.212137503999941, 0.0 ], [ 112.326344239000036, -8.212101682999958, 0.0 ], [ 112.326344130000052, -8.212068783999939, 0.0 ], [ 112.326361983000083, -8.212020871999925, 0.0 ], [ 112.326412768000068, -8.211945933999971, 0.0 ], [ 112.326520540000047, -8.211855853999964, 0.0 ], [ 112.326625450000051, -8.211807654999973, 0.0 ], [ 112.326655083000105, -8.211804988999972, 0.0 ], [ 112.326694475000068, -8.211801445999981, 0.0 ], [ 112.32670642700009, -8.211804819999941, 0.0 ], [ 112.326749941000116, -8.211817105999955, 0.0 ], [ 112.326868818000094, -8.21186966099998, 0.0 ], [ 112.326916889000017, -8.211881464999976, 0.0 ], [ 112.326973836000093, -8.211854359999961, 0.0 ], [ 112.327018717000101, -8.211809349999953, 0.0 ], [ 112.327022996000096, -8.211803776999943, 0.0 ], [ 112.327106792000109, -8.211694656999953, 0.0 ], [ 112.327203964000091, -8.211545545999968, 0.0 ], [ 112.327232197000058, -8.211501019999957, 0.0 ], [ 112.327308486000106, -8.211380705999943, 0.0 ], [ 112.327460712000061, -8.211117010999942, 0.0 ], [ 112.327529349000088, -8.210994160999974, 0.0 ], [ 112.327628165000078, -8.210919064999928, 0.0 ], [ 112.327712131000112, -8.210891869999955, 0.0 ], [ 112.327850260000105, -8.210903377999955, 0.0 ], [ 112.327994523000029, -8.210953745999973, 0.0 ], [ 112.328145643000084, -8.211020469999937, 0.0 ], [ 112.328244112000107, -8.211081527999966, 0.0 ], [ 112.328316328000028, -8.211132133999968, 0.0 ], [ 112.32842443800007, -8.211143740999944, 0.0 ], [ 112.328526475000103, -8.211134431999938, 0.0 ], [ 112.32868854100002, -8.211121932999959, 0.0 ], [ 112.328796501000056, -8.211088677999953, 0.0 ], [ 112.328841382000064, -8.211043667999945, 0.0 ], [ 112.328910289000078, -8.210923182999977, 0.0 ], [ 112.32893084300008, -8.210863922999977, 0.0 ], [ 112.328957642000091, -8.210798035999971, 0.0 ], [ 112.328987393000034, -8.210717184999965, 0.0 ], [ 112.329052909000097, -8.210558454999955, 0.0 ], [ 112.329127420000077, -8.210396704999937, 0.0 ], [ 112.329133096000078, -8.210297988999969, 0.0 ], [ 112.329102699000032, -8.210184437999942, 0.0 ], [ 112.328981646000102, -8.209891735999975, 0.0 ], [ 112.328830067000013, -8.209446602999947, 0.0 ], [ 112.328824754000038, -8.209427576999929, 0.0 ], [ 112.328711580000117, -8.209022296999933, 0.0 ], [ 112.328690139000059, -8.208893761999946, 0.0 ], [ 112.328704801000072, -8.208789034999938, 0.0 ], [ 112.328740426000081, -8.208669283999939, 0.0 ], [ 112.32881506700005, -8.208546413999954, 0.0 ], [ 112.328877789000103, -8.208450499999969, 0.0 ], [ 112.328931605000093, -8.208384524999929, 0.0 ], [ 112.328941308000026, -8.208380728999941, 0.0 ], [ 112.328985571000089, -8.208363410999937, 0.0 ], [ 112.329074635000097, -8.208374168999967, 0.0 ], [ 112.329091433000031, -8.208380232999957, 0.0 ], [ 112.329183867000097, -8.208413599999972, 0.0 ], [ 112.329279939000116, -8.208416273999944, 0.0 ], [ 112.329333934000033, -8.208404132999931, 0.0 ], [ 112.329379621000044, -8.208379281999953, 0.0 ], [ 112.329405851000047, -8.20836501499997, 0.0 ], [ 112.329486804000112, -8.208334838999974, 0.0 ], [ 112.329591901000072, -8.208343464999928, 0.0 ], [ 112.329648987000041, -8.208358229999931, 0.0 ], [ 112.32970905600007, -8.208367003999967, 0.0 ], [ 112.329742067000097, -8.208363904999942, 0.0 ], [ 112.329784034000113, -8.208345820999966, 0.0 ], [ 112.32983489500009, -8.20827617599997, 0.0 ], [ 112.329854918000024, -8.208208438999975, 0.0 ], [ 112.329858585000011, -8.208196033999968, 0.0 ], [ 112.329894250000052, -8.208088245999932, 0.0 ], [ 112.32991181400007, -8.207953600999929, 0.0 ], [ 112.329914378000012, -8.20782199599995, 0.0 ], [ 112.329928860000109, -8.207663433999926, 0.0 ], [ 112.329946414, -8.207525798999939, 0.0 ], [ 112.329964277000045, -8.207480876999966, 0.0 ], [ 112.329994087000046, -8.207417970999927, 0.0 ], [ 112.330035885000029, -8.207349043999955, 0.0 ], [ 112.330131608000102, -8.20724704, 0.0 ], [ 112.33018538400006, -8.207169100999977, 0.0 ], [ 112.330194221000056, -8.207118227999956, 0.0 ], [ 112.33018800800005, -8.207055440999966, 0.0 ], [ 112.330166795000082, -8.206995694999932, 0.0 ], [ 112.33014257100001, -8.206932966999943, 0.0 ], [ 112.330115275000026, -8.206849313999953, 0.0 ], [ 112.330108973000051, -8.206759609999949, 0.0 ], [ 112.330109187000062, -8.206754057999945, 0.0 ], [ 112.330111736000049, -8.206687820999946, 0.0 ], [ 112.330126567000093, -8.206633937999925, 0.0 ], [ 112.33016247, -8.20659792899994, 0.0 ], [ 112.330234437000058, -8.206573764999973, 0.0 ], [ 112.330327506000117, -8.206576447999964, 0.0 ], [ 112.33039369700009, -8.206621091999978, 0.0 ], [ 112.330522019000114, -8.20671460899996, 0.0 ], [ 112.330566530000056, -8.206752546999951, 0.0 ], [ 112.330625452000049, -8.206802766999942, 0.0 ], [ 112.330808918000116, -8.206906839999931, 0.0 ], [ 112.331019420000075, -8.207016804999967, 0.0 ], [ 112.331193990000088, -8.207153805999951, 0.0 ], [ 112.331265034000012, -8.207225613999981, 0.0 ], [ 112.331335558000092, -8.207296896999935, 0.0 ], [ 112.331380686000102, -8.207326655999964, 0.0 ], [ 112.331466845000023, -8.20731490299994, 0.0 ], [ 112.331527564000112, -8.207275755999945, 0.0 ], [ 112.331593514000019, -8.207233236999969, 0.0 ], [ 112.331737148000116, -8.207095184999957, 0.0 ], [ 112.331913872000086, -8.206977957999925, 0.0 ], [ 112.332114792000084, -8.20691448599996, 0.0 ], [ 112.332333872000049, -8.206895816999975, 0.0 ], [ 112.332601032000071, -8.20689194199997, 0.0 ], [ 112.332943251000074, -8.206890809999948, 0.0 ], [ 112.333180302000073, -8.206860116999962, 0.0 ], [ 112.333435276000046, -8.206802446999973, 0.0 ], [ 112.333564158000058, -8.206742203999966, 0.0 ], [ 112.333698776, -8.206601189999958, 0.0 ], [ 112.333943905000069, -8.206292323999946, 0.0 ], [ 112.334084266000104, -8.20607352899998, 0.0 ], [ 112.334256487000061, -8.205878857999949, 0.0 ], [ 112.334272678000048, -8.205860556999937, 0.0 ], [ 112.334356422000042, -8.205767563999927, 0.0 ], [ 112.334401181000089, -8.205686662999938, 0.0 ], [ 112.33446071000003, -8.205533933999959, 0.0 ], [ 112.334525933, -8.20528847099996, 0.0 ], [ 112.334579469, -8.205138752999972, 0.0 ], [ 112.334622278000097, -8.205041199999926, 0.0 ], [ 112.334624158000111, -8.205036916999973, 0.0 ], [ 112.33474689600007, -8.204934821999927, 0.0 ], [ 112.334776845000079, -8.204913786999953, 0.0 ], [ 112.334869864000098, -8.20490151599995, 0.0 ], [ 112.334960071000069, -8.204946078999967, 0.0 ], [ 112.335044849000042, -8.20500239699993, 0.0 ], [ 112.335170803000096, -8.205124829999932, 0.0 ] ] ] ] } },
{ "type": "Feature", "properties": { "OBJECTID": 116953.0, "KDPPUM": "35", "NAMOBJ": "Birowo", "REMARK": null, "KDPBPS": null, "FCODE": "BA03070040", "LUASWH": null, "UUPP": "Data dari Pemerintah Daerah", "SRS_ID": "SRGI 2013", "METADATA": "TASWIL1000020200326DATA_BATAS_DESA_KELURAHAN", "KDEBPS": null, "KDEPUM": "35.05.16.2011", "KDCBPS": null, "KDCPUM": "35.05.16", "KDBBPS": null, "WADMKD": "Birowo", "WIADKD": null, "WADMKC": "Binangun", "WIADKC": null, "WADMKK": "Blitar", "WIADKK": null, "WADMPR": "Jawa Timur", "WIADPR": null, "TIPADM": 1.0, "KDPKAB": "35.05", "SHAPE_Leng": 0.15256165825208301, "SHAPE_Area": 0.00065426208054100005 }, "geometry": { "type": "MultiPolygon", "coordinates": [ [ [ [ 112.379699311000081, -8.197007973999973, 0.0 ], [ 112.379695382000023, -8.197108933999971, 0.0 ], [ 112.37969307100002, -8.197168294999926, 0.0 ], [ 112.379614882000055, -8.197745964999967, 0.0 ], [ 112.379592845000047, -8.197987928999964, 0.0 ], [ 112.37957872800007, -8.19814293099995, 0.0 ], [ 112.379572805000066, -8.198255, 0.0 ], [ 112.379569619000108, -8.198567168999944, 0.0 ], [ 112.379569441000058, -8.198572776999981, 0.0 ], [ 112.379539166000086, -8.198868559999937, 0.0 ], [ 112.379498810000086, -8.199159637999969, 0.0 ], [ 112.379434287000095, -8.199598161999972, 0.0 ], [ 112.379431789000023, -8.199774193999929, 0.0 ], [ 112.379312658000117, -8.200203832999932, 0.0 ], [ 112.379227430000014, -8.200574235999966, 0.0 ], [ 112.379209314000036, -8.20065296599995, 0.0 ], [ 112.37905941300005, -8.201941640999962, 0.0 ], [ 112.379034526000055, -8.201940005999973, 0.0 ], [ 112.379001820000099, -8.201937857999951, 0.0 ], [ 112.378907201000061, -8.202568866999968, 0.0 ], [ 112.378904935000037, -8.202583984999933, 0.0 ], [ 112.378890635000062, -8.20266584899997, 0.0 ], [ 112.378819100000101, -8.203075383999931, 0.0 ], [ 112.378770699000029, -8.203352473999928, 0.0 ], [ 112.378664406000098, -8.203867249999973, 0.0 ], [ 112.378471693000051, -8.204391891999933, 0.0 ], [ 112.378371829000116, -8.204681739999955, 0.0 ], [ 112.378283, -8.205034, 0.0 ], [ 112.378252788000054, -8.205128323999929, 0.0 ], [ 112.378151122000077, -8.20544573899997, 0.0 ], [ 112.378146871000013, -8.205606058999933, 0.0 ], [ 112.37814903200001, -8.205767993999928, 0.0 ], [ 112.378152855000053, -8.206054551999955, 0.0 ], [ 112.378186192000044, -8.206389041999955, 0.0 ], [ 112.378158660000054, -8.206762383999944, 0.0 ], [ 112.377858931000105, -8.20775514099995, 0.0 ], [ 112.37784048900005, -8.207816222999952, 0.0 ], [ 112.37772183300001, -8.20822815899993, 0.0 ], [ 112.377563255000041, -8.208426342999928, 0.0 ], [ 112.377445144000035, -8.208794667999939, 0.0 ], [ 112.377388779000057, -8.208970439999973, 0.0 ], [ 112.377222132000043, -8.209495979999929, 0.0 ], [ 112.377129769000021, -8.209787254999981, 0.0 ], [ 112.376925917000108, -8.210406598999953, 0.0 ], [ 112.37674375000006, -8.211202109999931, 0.0 ], [ 112.376696524000067, -8.211574759999962, 0.0 ], [ 112.376711850000106, -8.212021516999926, 0.0 ], [ 112.376696791000086, -8.212127747999943, 0.0 ], [ 112.376667048000058, -8.212337558999934, 0.0 ], [ 112.376608690000012, -8.212749224999925, 0.0 ], [ 112.376449824000019, -8.213487598999961, 0.0 ], [ 112.376447958000085, -8.213496269999951, 0.0 ], [ 112.376413869000089, -8.213604472999975, 0.0 ], [ 112.376319677000083, -8.213903453999933, 0.0 ], [ 112.376299238000115, -8.213968587999943, 0.0 ], [ 112.375934848000043, -8.215129788999946, 0.0 ], [ 112.375812670000073, -8.215534717999958, 0.0 ], [ 112.375805941000067, -8.215557020999938, 0.0 ], [ 112.375768636000089, -8.215680658999929, 0.0 ], [ 112.375417641000013, -8.216969086999939, 0.0 ], [ 112.375384518000033, -8.217204580999976, 0.0 ], [ 112.375355521000074, -8.217410736999966, 0.0 ], [ 112.375337973000114, -8.217545381999969, 0.0 ], [ 112.375350953000066, -8.217828321999946, 0.0 ], [ 112.375442931000066, -8.217828044999976, 0.0 ], [ 112.375472738000099, -8.217948037999975, 0.0 ], [ 112.375480522000089, -8.217978663999929, 0.0 ], [ 112.375528956000039, -8.218099198999937, 0.0 ], [ 112.375571477000108, -8.218171862999952, 0.0 ], [ 112.375732627000048, -8.218211571999973, 0.0 ], [ 112.376020776000018, -8.218199819999938, 0.0 ], [ 112.376301746000081, -8.218195268999978, 0.0 ], [ 112.376424349000104, -8.218230738999978, 0.0 ], [ 112.376529089000087, -8.218309336999937, 0.0 ], [ 112.376594265000108, -8.218406014999971, 0.0 ], [ 112.376630685, -8.218520735999959, 0.0 ], [ 112.3766401580001, -8.218556411999941, 0.0 ], [ 112.376652584000112, -8.218603205999955, 0.0 ], [ 112.376699983000094, -8.218768133999959, 0.0 ], [ 112.376714727000035, -8.218864984999925, 0.0 ], [ 112.376722352000115, -8.218986981999933, 0.0 ], [ 112.37668325900006, -8.219141438999941, 0.0 ], [ 112.376683778000029, -8.219292171999939, 0.0 ], [ 112.376716732000091, -8.219446382999934, 0.0 ], [ 112.376716930000043, -8.219503804999931, 0.0 ], [ 112.376748235000036, -8.219627163999974, 0.0 ], [ 112.376763059000041, -8.219707326999981, 0.0 ], [ 112.376782020000064, -8.219809860999931, 0.0 ], [ 112.376830385000062, -8.22002022199996, 0.0 ], [ 112.376841823000063, -8.220203217999938, 0.0 ], [ 112.376860454000052, -8.220382599999937, 0.0 ], [ 112.376882601000034, -8.220536847999938, 0.0 ], [ 112.37690115700002, -8.220694696999942, 0.0 ], [ 112.37691638900003, -8.220791128999963, 0.0 ], [ 112.376923254000076, -8.220834588999935, 0.0 ], [ 112.376988790000041, -8.221035343999972, 0.0 ], [ 112.377054066000028, -8.221160732999977, 0.0 ], [ 112.377144596000107, -8.221296801999927, 0.0 ], [ 112.377217188000031, -8.221454465999955, 0.0 ], [ 112.377239248000024, -8.221583590999956, 0.0 ], [ 112.377254054000105, -8.221698385999957, 0.0 ], [ 112.377312088000053, -8.221813032999933, 0.0 ], [ 112.377380942000059, -8.221931230999928, 0.0 ], [ 112.377424455000096, -8.222013627999956, 0.0 ], [ 112.377469983000083, -8.222114405999946, 0.0 ], [ 112.377544250000028, -8.222278796999944, 0.0 ], [ 112.377602458000069, -8.222443687999942, 0.0 ], [ 112.377638989000047, -8.222590708999974, 0.0 ], [ 112.377671906000046, -8.222734152999976, 0.0 ], [ 112.377693781000062, -8.222809444999939, 0.0 ], [ 112.377717285000017, -8.222859428999925, 0.0 ], [ 112.377740959000107, -8.222909772999969, 0.0 ], [ 112.377773628000114, -8.222981439999955, 0.0 ], [ 112.377791937000097, -8.223067510999954, 0.0 ], [ 112.377792247000116, -8.223157232999938, 0.0 ], [ 112.377742185000102, -8.223265071999947, 0.0 ], [ 112.377746135000052, -8.223365547999947, 0.0 ], [ 112.377767923000079, -8.223415718999945, 0.0 ], [ 112.377814939000018, -8.223469390999981, 0.0 ], [ 112.37792313500006, -8.223504909999974, 0.0 ], [ 112.378024200000027, -8.223561985999936, 0.0 ], [ 112.378092819000017, -8.223611994999942, 0.0 ], [ 112.37816156100007, -8.22369789399994, 0.0 ], [ 112.378277346, -8.22384464299995, 0.0 ], [ 112.378324574000089, -8.223959325999942, 0.0 ], [ 112.378371702000095, -8.224045298999954, 0.0 ], [ 112.378462146000061, -8.224156244999961, 0.0 ], [ 112.378538181000067, -8.22426724099995, 0.0 ], [ 112.378578179000101, -8.22437477099993, 0.0 ], [ 112.378618227000061, -8.224496656999975, 0.0 ], [ 112.37866779400008, -8.224589160999926, 0.0 ], [ 112.37868349200005, -8.224618455999973, 0.0 ], [ 112.37875951400008, -8.224725862999946, 0.0 ], [ 112.378835412000058, -8.224797380999973, 0.0 ], [ 112.378877840000087, -8.224866389999931, 0.0 ], [ 112.378926014000058, -8.224900723999951, 0.0 ], [ 112.379088411000112, -8.225036970999952, 0.0 ], [ 112.379218532000095, -8.225162135999938, 0.0 ], [ 112.379330541000058, -8.225258652999969, 0.0 ], [ 112.379424513000117, -8.225348052999948, 0.0 ], [ 112.379525840000042, -8.225480494999942, 0.0 ], [ 112.379594682000061, -8.225595103999979, 0.0 ], [ 112.37967423300006, -8.225680964999981, 0.0 ], [ 112.379735710000091, -8.225748942999928, 0.0 ], [ 112.379789919000018, -8.225799001999974, 0.0 ], [ 112.379795147000095, -8.225802879999947, 0.0 ], [ 112.379847707000067, -8.225841870999943, 0.0 ], [ 112.37991626400003, -8.225873935999971, 0.0 ], [ 112.380176171000016, -8.226027366999972, 0.0 ], [ 112.380302627000106, -8.226134599999966, 0.0 ], [ 112.380432649000113, -8.226231053999982, 0.0 ], [ 112.380548349000037, -8.226352679999934, 0.0 ], [ 112.3806352040001, -8.226467225999954, 0.0 ], [ 112.380696755000031, -8.226556737999942, 0.0 ], [ 112.380790617000116, -8.226613837999935, 0.0 ], [ 112.380870043000073, -8.226663809999934, 0.0 ], [ 112.380938713000091, -8.226728173999959, 0.0 ], [ 112.380970055000034, -8.226831180999966, 0.0 ], [ 112.381001378000065, -8.226896457999942, 0.0 ], [ 112.381083990000093, -8.227068621999933, 0.0 ], [ 112.381174709000106, -8.227258522999932, 0.0 ], [ 112.381218497000077, -8.227419872999974, 0.0 ], [ 112.381305452000106, -8.227563130999954, 0.0 ], [ 112.381312243000025, -8.227575153999965, 0.0 ], [ 112.381361444000049, -8.227662266999971, 0.0 ], [ 112.381392444000085, -8.227717154999937, 0.0 ], [ 112.381443313000091, -8.227842591999945, 0.0 ], [ 112.381497673000013, -8.22793571699998, 0.0 ], [ 112.381537461000107, -8.227982235999946, 0.0 ], [ 112.381627448000017, -8.228024503999961, 0.0 ], [ 112.381644765000033, -8.228028282999958, 0.0 ], [ 112.381660217000103, -8.228051222999966, 0.0 ], [ 112.381666050000035, -8.228072275999978, 0.0 ], [ 112.381662315000085, -8.228108682999959, 0.0 ], [ 112.38173267500008, -8.228178954999976, 0.0 ], [ 112.381815867000114, -8.228275569999937, 0.0 ], [ 112.381819780000114, -8.228365278999945, 0.0 ], [ 112.381809222000015, -8.228437093999958, 0.0 ], [ 112.381816601000082, -8.22848731299996, 0.0 ], [ 112.381863668000051, -8.228555340999947, 0.0 ], [ 112.38192135700001, -8.228569497999956, 0.0 ], [ 112.382040349000022, -8.228601388999948, 0.0 ], [ 112.382148596000093, -8.228651260999925, 0.0 ], [ 112.382210061000023, -8.22871565, 0.0 ], [ 112.382267998000088, -8.228801584999928, 0.0 ], [ 112.382307923000099, -8.228887580999981, 0.0 ], [ 112.382332125000062, -8.228959079999981, 0.0 ], [ 112.382441548000088, -8.228901280999935, 0.0 ], [ 112.382479992000071, -8.228897333999953, 0.0 ], [ 112.382497384000089, -8.228926014999956, 0.0 ], [ 112.382494934000079, -8.228993908999939, 0.0 ], [ 112.382524691000071, -8.229066280999973, 0.0 ], [ 112.382503350000093, -8.229145309999979, 0.0 ], [ 112.382492692000028, -8.229188413999964, 0.0 ], [ 112.382496543000116, -8.229260178999937, 0.0 ], [ 112.382532792, -8.229324654999971, 0.0 ], [ 112.382554456000094, -8.229338935999976, 0.0 ], [ 112.382612194000103, -8.229367447999948, 0.0 ], [ 112.382671887000015, -8.229400545999965, 0.0 ], [ 112.382704692000061, -8.229438757999958, 0.0 ], [ 112.382772346000024, -8.22955540199996, 0.0 ], [ 112.382801463000078, -8.229645344999938, 0.0 ], [ 112.382805485000063, -8.229702799999927, 0.0 ], [ 112.382778630000075, -8.229723952999962, 0.0 ], [ 112.382738281000115, -8.229733652999926, 0.0 ], [ 112.382622931000014, -8.229739749999965, 0.0 ], [ 112.382586433000029, -8.229751353999973, 0.0 ], [ 112.382575031000101, -8.229795445999969, 0.0 ], [ 112.382573243000024, -8.229839509999977, 0.0 ], [ 112.382584897000015, -8.229877785999975, 0.0 ], [ 112.382604224000033, -8.229910291999943, 0.0 ], [ 112.38263130100006, -8.229961929999945, 0.0 ], [ 112.38269299500007, -8.230015378999951, 0.0 ], [ 112.382741193000015, -8.230057374999944, 0.0 ], [ 112.38276629500001, -8.230091778999963, 0.0 ], [ 112.382783758000073, -8.230143445999943, 0.0 ], [ 112.382762988000081, -8.230268020999972, 0.0 ], [ 112.382757384000115, -8.230321673999981, 0.0 ], [ 112.382792105000021, -8.230357964999939, 0.0 ], [ 112.382828738000057, -8.230390417999956, 0.0 ], [ 112.382878830000095, -8.230422830999942, 0.0 ], [ 112.382938606000039, -8.230478200999926, 0.0 ], [ 112.38297146900004, -8.230535567999937, 0.0 ], [ 112.38301195300005, -8.230569924999941, 0.0 ], [ 112.383050468000079, -8.230588963999935, 0.0 ], [ 112.383150594000085, -8.230634633999955, 0.0 ], [ 112.383169862000045, -8.230647983999972, 0.0 ], [ 112.383175695000091, -8.230669037999974, 0.0 ], [ 112.383175953000091, -8.230753321999941, 0.0 ], [ 112.38317776100007, -8.230808062999927, 0.0 ], [ 112.383180191000065, -8.230881651999937, 0.0 ], [ 112.383178479000094, -8.230950617999952, 0.0 ], [ 112.383219949000022, -8.231137679999961, 0.0 ], [ 112.383287826000014, -8.231319283999937, 0.0 ], [ 112.383333184000094, -8.231360707999954, 0.0 ], [ 112.383350467000014, -8.231376490999935, 0.0 ], [ 112.383442111000022, -8.231486234999977, 0.0 ], [ 112.383538625000028, -8.231615103999957, 0.0 ], [ 112.383596646000115, -8.231724963999966, 0.0 ], [ 112.383678866000082, -8.231887377999954, 0.0 ], [ 112.383775230000083, -8.231973179999954, 0.0 ], [ 112.383866642000044, -8.232015931999968, 0.0 ], [ 112.383938791000105, -8.232044393999956, 0.0 ], [ 112.384015876000035, -8.232111121999935, 0.0 ], [ 112.384093010000015, -8.232192203999944, 0.0 ], [ 112.384146012000087, -8.232239873999958, 0.0 ], [ 112.384213341000077, -8.232263567999951, 0.0 ], [ 112.384295047000023, -8.232277641999929, 0.0 ], [ 112.384410392000063, -8.232296384999927, 0.0 ], [ 112.384411156000056, -8.232296413999961, 0.0 ], [ 112.384525687000064, -8.232300772999963, 0.0 ], [ 112.384621819000017, -8.232319581999946, 0.0 ], [ 112.384717934000037, -8.232333605999941, 0.0 ], [ 112.384900491000053, -8.232342546999973, 0.0 ], [ 112.385164854000095, -8.232394272999954, 0.0 ], [ 112.385304548000022, -8.232508635999977, 0.0 ], [ 112.385410602000093, -8.23261833, 0.0 ], [ 112.385531704000073, -8.232736435999925, 0.0 ], [ 112.385604682, -8.232707479999931, 0.0 ], [ 112.385704726000085, -8.23272633199997, 0.0 ], [ 112.385783655000068, -8.232756739999957, 0.0 ], [ 112.385845267000036, -8.232783370999925, 0.0 ], [ 112.385897276000037, -8.232813861999944, 0.0 ], [ 112.385945481000022, -8.232857772999978, 0.0 ], [ 112.385962910000103, -8.232897946999969, 0.0 ], [ 112.385978463000015, -8.232953450999958, 0.0 ], [ 112.386003788000039, -8.233060644999966, 0.0 ], [ 112.38602516800006, -8.233135286999925, 0.0 ], [ 112.386058020000064, -8.233188822999978, 0.0 ], [ 112.386091066000063, -8.233305571999949, 0.0 ], [ 112.386129698000104, -8.23336292099998, 0.0 ], [ 112.386179862000063, -8.233418319999942, 0.0 ], [ 112.386226091000026, -8.233444996999935, 0.0 ], [ 112.38627990000009, -8.233435254999961, 0.0 ], [ 112.386341353000034, -8.233410165999942, 0.0 ], [ 112.386377846000073, -8.23339664599996, 0.0 ], [ 112.386422023000023, -8.233381186999964, 0.0 ], [ 112.386475850000011, -8.233377191999978, 0.0 ], [ 112.386527848000014, -8.233403850999935, 0.0 ], [ 112.386566409000011, -8.233438213999932, 0.0 ], [ 112.386599179000086, -8.233464931999947, 0.0 ], [ 112.386618490000046, -8.233491690999927, 0.0 ], [ 112.386668594000071, -8.233527933999937, 0.0 ], [ 112.386714777000066, -8.233539286999928, 0.0 ], [ 112.386760965, -8.23355255499996, 0.0 ], [ 112.386789860000022, -8.233569707999948, 0.0 ], [ 112.3868034730001, -8.23361947099994, 0.0 ], [ 112.386821007000094, -8.233694123999953, 0.0 ], [ 112.38684218700007, -8.233703637999952, 0.0 ], [ 112.386861433000036, -8.233709325999939, 0.0 ], [ 112.386953733000041, -8.233710959999939, 0.0 ], [ 112.387157656000113, -8.23374481899998, 0.0 ], [ 112.387344351000024, -8.23380363299998, 0.0 ], [ 112.387457878000077, -8.233830104999981, 0.0 ], [ 112.387509853000097, -8.233849101999965, 0.0 ], [ 112.387555971000097, -8.233839382999975, 0.0 ], [ 112.387623134000023, -8.233795120999957, 0.0 ], [ 112.387705643000118, -8.233739317999948, 0.0 ], [ 112.387753743000076, -8.233748748999972, 0.0 ], [ 112.387803795000082, -8.233767751999949, 0.0 ], [ 112.387873145000071, -8.233809682999947, 0.0 ], [ 112.388048361000074, -8.233887686999935, 0.0 ], [ 112.388213864000022, -8.233933155999978, 0.0 ], [ 112.388377644000116, -8.233958965999932, 0.0 ], [ 112.388702094000109, -8.233918100999972, 0.0 ], [ 112.388640285000065, -8.234100151999939, 0.0 ], [ 112.388607290000095, -8.23419711899993, 0.0 ], [ 112.388583229, -8.234267831999944, 0.0 ], [ 112.388454858000046, -8.234646306999934, 0.0 ], [ 112.388397669000028, -8.234775704999947, 0.0 ], [ 112.388287593000086, -8.234890929999949, 0.0 ], [ 112.388269071000082, -8.234917183999926, 0.0 ], [ 112.388171684000099, -8.23505522499994, 0.0 ], [ 112.387939399000061, -8.235594362999962, 0.0 ], [ 112.387903397000059, -8.235671002999936, 0.0 ], [ 112.387838079000062, -8.235810047999962, 0.0 ], [ 112.387725209000109, -8.23615736499994, 0.0 ], [ 112.387675617000014, -8.236393588999931, 0.0 ], [ 112.387641873, -8.23640715099998, 0.0 ], [ 112.386789560000011, -8.236697284999934, 0.0 ], [ 112.386787362000064, -8.236698032999925, 0.0 ], [ 112.385818432000065, -8.237183440999956, 0.0 ], [ 112.385314890000018, -8.237331274999974, 0.0 ], [ 112.385101262000035, -8.237376080999979, 0.0 ], [ 112.384864760000028, -8.237623074999931, 0.0 ], [ 112.383926346000067, -8.237333185999944, 0.0 ], [ 112.383605892000105, -8.237351296999975, 0.0 ], [ 112.383277846000055, -8.237457130999928, 0.0 ], [ 112.383232049000071, -8.237469558999976, 0.0 ], [ 112.382751405000022, -8.237707970999963, 0.0 ], [ 112.382484389000069, -8.237788078999927, 0.0 ], [ 112.382141061000084, -8.237803311999926, 0.0 ], [ 112.381645159000072, -8.23788820599998, 0.0 ], [ 112.381385735000094, -8.237984538999967, 0.0 ], [ 112.380778553000027, -8.237671445999979, 0.0 ], [ 112.380775391000043, -8.237669815999936, 0.0 ], [ 112.38056176300006, -8.23731599499996, 0.0 ], [ 112.380088759000046, -8.236757151999939, 0.0 ], [ 112.379836976000092, -8.23650633699998, 0.0 ], [ 112.379547061000039, -8.236209748999954, 0.0 ], [ 112.378990130000034, -8.236005671999976, 0.0 ], [ 112.378524743000071, -8.235893113999964, 0.0 ], [ 112.378150901000026, -8.235871183999961, 0.0 ], [ 112.377532891000101, -8.235954144999937, 0.0 ], [ 112.376876775000028, -8.235956053999928, 0.0 ], [ 112.376571603000116, -8.235945584999968, 0.0 ], [ 112.37634274200002, -8.236049532999971, 0.0 ], [ 112.376113857000064, -8.236347088999935, 0.0 ], [ 112.37595361800004, -8.236668461999955, 0.0 ], [ 112.375617931000079, -8.236921188999929, 0.0 ], [ 112.375404303000096, -8.237035630999969, 0.0 ], [ 112.374999946000116, -8.23713481599998, 0.0 ], [ 112.374824474000093, -8.237109063999981, 0.0 ], [ 112.374595589000023, -8.237064235999981, 0.0 ], [ 112.374336189000019, -8.237028957999939, 0.0 ], [ 112.374114944000098, -8.236980306999953, 0.0 ], [ 112.373863161000031, -8.236941208999951, 0.0 ], [ 112.373664815000097, -8.236920221999981, 0.0 ], [ 112.373466444000087, -8.236917367999979, 0.0 ], [ 112.373352002000047, -8.236913547999961, 0.0 ], [ 112.373153631000037, -8.236918311999943, 0.0 ], [ 112.373039213000084, -8.236916401999963, 0.0 ], [ 112.37288659100011, -8.236926919999974, 0.0 ], [ 112.372711119000087, -8.236950736999972, 0.0 ], [ 112.372535646000074, -8.236977454999931, 0.0 ], [ 112.372390713000073, -8.237007969999979, 0.0 ], [ 112.372184702000027, -8.237039427999946, 0.0 ], [ 112.371971074000044, -8.237112861999947, 0.0 ], [ 112.371810860000096, -8.237215867999964, 0.0 ], [ 112.371809376000101, -8.237219910999954, 0.0 ], [ 112.371734573000026, -8.23742376499996, 0.0 ], [ 112.371421373000089, -8.237215067999955, 0.0 ], [ 112.371402852000074, -8.237202631999935, 0.0 ], [ 112.371231019000106, -8.237068197999974, 0.0 ], [ 112.37122174600006, -8.237044094999931, 0.0 ], [ 112.371150496000041, -8.236858880999932, 0.0 ], [ 112.371132244000023, -8.236811436999972, 0.0 ], [ 112.371058120000043, -8.236618752999959, 0.0 ], [ 112.37104441800011, -8.236583133999943, 0.0 ], [ 112.371012187000019, -8.23655124499993, 0.0 ], [ 112.370923442000048, -8.236463438999976, 0.0 ], [ 112.370890184000018, -8.236430532999975, 0.0 ], [ 112.37083898000003, -8.236416611999971, 0.0 ], [ 112.370837921000088, -8.236415905999934, 0.0 ], [ 112.370836383000096, -8.236415905999934, 0.0 ], [ 112.37072037300004, -8.236384365999982, 0.0 ], [ 112.370577349000087, -8.236345480999944, 0.0 ], [ 112.370454172000109, -8.236311991999969, 0.0 ], [ 112.370424318, -8.236160169999948, 0.0 ], [ 112.370427464000045, -8.236154164999959, 0.0 ], [ 112.370289630000116, -8.235509457999967, 0.0 ], [ 112.370290602000068, -8.23547945699994, 0.0 ], [ 112.370290796000063, -8.235473482999964, 0.0 ], [ 112.370292395000092, -8.235471766999979, 0.0 ], [ 112.370297889000085, -8.23530223399996, 0.0 ], [ 112.370298422000019, -8.235285788999931, 0.0 ], [ 112.370279768000046, -8.235099227999967, 0.0 ], [ 112.370218830000113, -8.23496998, 0.0 ], [ 112.37018178400001, -8.234891404999928, 0.0 ], [ 112.37005995800007, -8.234767422999937, 0.0 ], [ 112.370052406000013, -8.234737214999939, 0.0 ], [ 112.370031841000014, -8.23455359899998, 0.0 ], [ 112.370026345000042, -8.234504528999935, 0.0 ], [ 112.370025520000013, -8.234497155999975, 0.0 ], [ 112.369929677000073, -8.234179973999971, 0.0 ], [ 112.369899982000106, -8.234086160999937, 0.0 ], [ 112.369740372000024, -8.233692554999948, 0.0 ], [ 112.369694535, -8.233579518999932, 0.0 ], [ 112.369660174000046, -8.233522256999947, 0.0 ], [ 112.369440513000086, -8.232978881999941, 0.0 ], [ 112.369455846000051, -8.232961840999963, 0.0 ], [ 112.369491599000071, -8.232882761999974, 0.0 ], [ 112.36949314900005, -8.232866220999938, 0.0 ], [ 112.369504781000046, -8.232742044999952, 0.0 ], [ 112.369523269000069, -8.232638511999937, 0.0 ], [ 112.369523269000069, -8.232507640999927, 0.0 ], [ 112.369517320000114, -8.23234107899998, 0.0 ], [ 112.369493174000013, -8.232292786999949, 0.0 ], [ 112.369493068000111, -8.232261871999981, 0.0 ], [ 112.369443767, -8.23190165699998, 0.0 ], [ 112.369422858, -8.231748894999953, 0.0 ], [ 112.369416965000028, -8.231721337999943, 0.0 ], [ 112.369413361000056, -8.231704481999941, 0.0 ], [ 112.369331862000081, -8.231323363999934, 0.0 ], [ 112.369329891, -8.231314146999978, 0.0 ], [ 112.369318497000108, -8.231260861999942, 0.0 ], [ 112.36930935700002, -8.231218119999937, 0.0 ], [ 112.369303181000078, -8.23119345799995, 0.0 ], [ 112.369194725000057, -8.23118416899996, 0.0 ], [ 112.368548504000046, -8.231165354999973, 0.0 ], [ 112.368491154000026, -8.231163684999956, 0.0 ], [ 112.367859698000075, -8.231145298999934, 0.0 ], [ 112.367852891000098, -8.231083814999977, 0.0 ], [ 112.367846144000055, -8.231018850999931, 0.0 ], [ 112.367837988000019, -8.230940308999948, 0.0 ], [ 112.367202421000115, -8.230878000999951, 0.0 ], [ 112.366535691000081, -8.230812636999929, 0.0 ], [ 112.366448600000012, -8.230804098999954, 0.0 ], [ 112.366392289000032, -8.230798578999952, 0.0 ], [ 112.365958447000025, -8.23075513699996, 0.0 ], [ 112.365909367000086, -8.230750222999973, 0.0 ], [ 112.365885130000038, -8.230747795999946, 0.0 ], [ 112.365664333000041, -8.230725686999961, 0.0 ], [ 112.364920695000023, -8.230696748999947, 0.0 ], [ 112.364741776000074, -8.23068978699996, 0.0 ], [ 112.364465146000043, -8.230679021999947, 0.0 ], [ 112.364408607000087, -8.230672143999925, 0.0 ], [ 112.363929350000035, -8.230613847999962, 0.0 ], [ 112.363867315000107, -8.230674624999949, 0.0 ], [ 112.363865644000043, -8.230773668999973, 0.0 ], [ 112.363840550000077, -8.230809643999976, 0.0 ], [ 112.363815418000058, -8.23083485199993, 0.0 ], [ 112.363765143000023, -8.230881678999936, 0.0 ], [ 112.363693217000105, -8.230917811999973, 0.0 ], [ 112.363513081000065, -8.230914834999965, 0.0 ], [ 112.363404897, -8.230882901999962, 0.0 ], [ 112.363347491000013, -8.230840257999944, 0.0 ], [ 112.363252289000116, -8.230769537999947, 0.0 ], [ 112.363221331000091, -8.230752630999973, 0.0 ], [ 112.363149061000058, -8.230688275999967, 0.0 ], [ 112.363062291, -8.230597649999936, 0.0 ], [ 112.36306692200003, -8.23054738899998, 0.0 ], [ 112.363085817000069, -8.230454012999928, 0.0 ], [ 112.363104727000064, -8.230365420999931, 0.0 ], [ 112.36309734200006, -8.23031280899994, 0.0 ], [ 112.363058646000013, -8.230233982999948, 0.0 ], [ 112.362993605000042, -8.230176780999955, 0.0 ], [ 112.362789106000037, -8.230072198999949, 0.0 ], [ 112.362683417000085, -8.230067772999973, 0.0 ], [ 112.362580756000057, -8.230106048999971, 0.0 ], [ 112.362553892000051, -8.230116063999958, 0.0 ], [ 112.362338136000062, -8.230231641999978, 0.0 ], [ 112.362281066000037, -8.230281083999955, 0.0 ], [ 112.362232775000052, -8.230322919999935, 0.0 ], [ 112.362106050000079, -8.230423193999968, 0.0 ], [ 112.362062716000082, -8.230457482999952, 0.0 ], [ 112.361988224000015, -8.230445772999929, 0.0 ], [ 112.361812566000026, -8.230459870999937, 0.0 ], [ 112.361477535000063, -8.230486758999973, 0.0 ], [ 112.361116655000046, -8.230515720999961, 0.0 ], [ 112.360633867000047, -8.230500607999943, 0.0 ], [ 112.360168848000058, -8.230512712999939, 0.0 ], [ 112.36010554500001, -8.230514360999962, 0.0 ], [ 112.359832563000055, -8.230514074999974, 0.0 ], [ 112.358924735000073, -8.23051312299998, 0.0 ], [ 112.358915273000093, -8.230513113999962, 0.0 ], [ 112.358900301000062, -8.23051309799996, 0.0 ], [ 112.358597880000048, -8.23051278, 0.0 ], [ 112.358448186000032, -8.230499011999939, 0.0 ], [ 112.357314411000061, -8.230394726999975, 0.0 ], [ 112.35721487, -8.230385570999943, 0.0 ], [ 112.357213078000086, -8.230385405999925, 0.0 ], [ 112.356976435000092, -8.230363638999961, 0.0 ], [ 112.356739814000093, -8.230361740999967, 0.0 ], [ 112.356670749000045, -8.230361186999971, 0.0 ], [ 112.356644207000045, -8.23036097499994, 0.0 ], [ 112.356352499000081, -8.230568221999931, 0.0 ], [ 112.356253922000064, -8.230624460999934, 0.0 ], [ 112.356088826000018, -8.230718650999961, 0.0 ], [ 112.356047853000064, -8.230732411999952, 0.0 ], [ 112.355986950000101, -8.230752864999943, 0.0 ], [ 112.355766298000049, -8.230826966999928, 0.0 ], [ 112.355675009000038, -8.230857624999942, 0.0 ], [ 112.355644416000018, -8.23086301799998, 0.0 ], [ 112.355439051000076, -8.230899222999938, 0.0 ], [ 112.355086949000111, -8.230961295999975, 0.0 ], [ 112.354868956000018, -8.231006888999957, 0.0 ], [ 112.353652009000029, -8.231261407999966, 0.0 ], [ 112.353400964000116, -8.231313912999951, 0.0 ], [ 112.353028245000019, -8.231140081999968, 0.0 ], [ 112.353087045000052, -8.230320137999968, 0.0 ], [ 112.352649952000093, -8.230324002999964, 0.0 ], [ 112.352614957000014, -8.229919764999977, 0.0 ], [ 112.352623768000058, -8.229685256999971, 0.0 ], [ 112.352609041000051, -8.229577269999936, 0.0 ], [ 112.352571061000049, -8.22929878399998, 0.0 ], [ 112.352516336, -8.229025250999939, 0.0 ], [ 112.35257088000003, -8.228608149999957, 0.0 ], [ 112.352502810000033, -8.227657305999969, 0.0 ], [ 112.352470982000114, -8.227208832999963, 0.0 ], [ 112.352423361000092, -8.22653781899993, 0.0 ], [ 112.352382340000077, -8.226175502999979, 0.0 ], [ 112.352345373000048, -8.225849001999961, 0.0 ], [ 112.352297252000085, -8.225468734999936, 0.0 ], [ 112.352138100000047, -8.225279055999977, 0.0 ], [ 112.352104267000072, -8.225010808999969, 0.0 ], [ 112.351983387000018, -8.224052382999957, 0.0 ], [ 112.351975214000049, -8.223987578999981, 0.0 ], [ 112.351816285000041, -8.222800168999981, 0.0 ], [ 112.351760170000034, -8.222186645999955, 0.0 ], [ 112.351715334, -8.22200020899993, 0.0 ], [ 112.351669858000037, -8.221811113999934, 0.0 ], [ 112.351621321000039, -8.221609289999947, 0.0 ], [ 112.351612877000093, -8.221243244999926, 0.0 ], [ 112.351657289000059, -8.220528892999937, 0.0 ], [ 112.351703021000048, -8.220169665999947, 0.0 ], [ 112.351733320000108, -8.219931673999952, 0.0 ], [ 112.351837936000038, -8.219579950999957, 0.0 ], [ 112.351861547000112, -8.219500567999944, 0.0 ], [ 112.351951608000036, -8.219146154999976, 0.0 ], [ 112.352253027000074, -8.218312670999978, 0.0 ], [ 112.352289473000042, -8.218211889999964, 0.0 ], [ 112.352536610000016, -8.217494463999969, 0.0 ], [ 112.352610611000046, -8.217063703999941, 0.0 ], [ 112.352644575000113, -8.216978367999957, 0.0 ], [ 112.352773773000081, -8.216549155999928, 0.0 ], [ 112.352838364000036, -8.216334574999962, 0.0 ], [ 112.353161096, -8.216322004999938, 0.0 ], [ 112.35350892200006, -8.216343803999962, 0.0 ], [ 112.353593549000038, -8.215792135999948, 0.0 ], [ 112.354052988000035, -8.215736136999965, 0.0 ], [ 112.354730910000058, -8.21579417099997, 0.0 ], [ 112.35548007500006, -8.21575527899995, 0.0 ], [ 112.355526449000081, -8.215751767999961, 0.0 ], [ 112.355576942000084, -8.215747943999929, 0.0 ], [ 112.355845067000018, -8.215799509999954, 0.0 ], [ 112.356888098000013, -8.21567588399995, 0.0 ], [ 112.357027349000077, -8.215651965999939, 0.0 ], [ 112.357199120000018, -8.215845787999967, 0.0 ], [ 112.357262548000108, -8.21595922399996, 0.0 ], [ 112.35744360700005, -8.215968802999953, 0.0 ], [ 112.357793995000065, -8.21598733899998, 0.0 ], [ 112.357905311000081, -8.216058742999962, 0.0 ], [ 112.35803743800011, -8.216070259999981, 0.0 ], [ 112.358364743000038, -8.216096071999971, 0.0 ], [ 112.358457986000076, -8.216149591999965, 0.0 ], [ 112.358830351000051, -8.21618422399996, 0.0 ], [ 112.358816183000044, -8.216251384999964, 0.0 ], [ 112.358817468000098, -8.216279972999928, 0.0 ], [ 112.359069632000114, -8.216279120999957, 0.0 ], [ 112.35946085, -8.216208412999947, 0.0 ], [ 112.359600068000077, -8.216186408999931, 0.0 ], [ 112.359794439000098, -8.216140291999977, 0.0 ], [ 112.359903924000037, -8.216075064999927, 0.0 ], [ 112.360095028000046, -8.216008658999954, 0.0 ], [ 112.360172391000106, -8.215923198999974, 0.0 ], [ 112.360328637000066, -8.215823256999954, 0.0 ], [ 112.360590568000021, -8.215788275999955, 0.0 ], [ 112.360714635000022, -8.215756928999951, 0.0 ], [ 112.360955295000053, -8.21569612299993, 0.0 ], [ 112.361279195000066, -8.215604106999933, 0.0 ], [ 112.361483115000055, -8.21554120899998, 0.0 ], [ 112.361581105000027, -8.215483932999973, 0.0 ], [ 112.36164640700008, -8.215477969999938, 0.0 ], [ 112.361703947000024, -8.215449062999937, 0.0 ], [ 112.361755703000085, -8.215414433999968, 0.0 ], [ 112.361815216000082, -8.215400833999979, 0.0 ], [ 112.361869056000046, -8.215414050999925, 0.0 ], [ 112.361926844000095, -8.215457878999928, 0.0 ], [ 112.361990349000052, -8.215488289999939, 0.0 ], [ 112.362059514000066, -8.21548805599997, 0.0 ], [ 112.362138272000038, -8.215483960999961, 0.0 ], [ 112.362197765000019, -8.215464618999931, 0.0 ], [ 112.362236099000029, -8.215437691999966, 0.0 ], [ 112.362282, -8.215376284999934, 0.0 ], [ 112.362308701000075, -8.215318770999943, 0.0 ], [ 112.362346904000105, -8.215253562999976, 0.0 ], [ 112.362371796000048, -8.215228594999928, 0.0 ], [ 112.362410207000039, -8.215224636999949, 0.0 ], [ 112.362458317, -8.215247442999953, 0.0 ], [ 112.362500708000084, -8.215283666999937, 0.0 ], [ 112.362529677000111, -8.215327593999973, 0.0 ], [ 112.362556973000096, -8.215444261999949, 0.0 ], [ 112.362831854000092, -8.215485440999942, 0.0 ], [ 112.363481079000053, -8.215496161999965, 0.0 ], [ 112.36382921400002, -8.215468662999967, 0.0 ], [ 112.363961201000052, -8.21543950399996, 0.0 ], [ 112.364196210000046, -8.215338216999953, 0.0 ], [ 112.364554156000054, -8.215370499999949, 0.0 ], [ 112.364891131000036, -8.215311318999966, 0.0 ], [ 112.365012583000066, -8.215289988999928, 0.0 ], [ 112.365283851000072, -8.215257963999932, 0.0 ], [ 112.365634372000045, -8.215225670999928, 0.0 ], [ 112.365649667000071, -8.215033305999953, 0.0 ], [ 112.365680423000072, -8.214646498999969, 0.0 ], [ 112.365700098000048, -8.2140793799999, 0.0 ], [ 112.36570856000003, -8.213959129999978, 0.0 ], [ 112.365746112000011, -8.213425477999976, 0.0 ], [ 112.365768807000109, -8.213102954999954, 0.0 ], [ 112.365793302000043, -8.212540604999958, 0.0 ], [ 112.365795768000112, -8.21238105599997, 0.0 ], [ 112.365805102000081, -8.211777316999928, 0.0 ], [ 112.365810466000084, -8.211238957999967, 0.0 ], [ 112.365822273000049, -8.210744776999945, 0.0 ], [ 112.365827274000026, -8.210535468999979, 0.0 ], [ 112.365860646000101, -8.209560599999975, 0.0 ], [ 112.365906775000099, -8.209566184999971, 0.0 ], [ 112.36597787300002, -8.209569772999942, 0.0 ], [ 112.366029739000055, -8.209567681999943, 0.0 ], [ 112.366098792000116, -8.209534907999966, 0.0 ], [ 112.366144855000016, -8.209521352999957, 0.0 ], [ 112.366175601, -8.209523162999972, 0.0 ], [ 112.366377767000017, -8.209650721999935, 0.0 ], [ 112.366414348000035, -8.209673566999982, 0.0 ], [ 112.366456772000106, -8.20971936199993, 0.0 ], [ 112.366516506000039, -8.209770839999976, 0.0 ], [ 112.366543416000013, -8.209774575999973, 0.0 ], [ 112.366646001000049, -8.209774227999958, 0.0 ], [ 112.366734620000102, -8.209704540999951, 0.0 ], [ 112.366772717000117, -8.209608706999973, 0.0 ], [ 112.366770062000114, -8.20953454499994, 0.0 ], [ 112.366759466000076, -8.209245072999977, 0.0 ], [ 112.366725067000061, -8.209017889999927, 0.0 ], [ 112.366717617000063, -8.208946136999941, 0.0 ], [ 112.366748649000101, -8.208891000999927, 0.0 ], [ 112.366774946000078, -8.208871211999963, 0.0 ], [ 112.366825301000063, -8.208833317999961, 0.0 ], [ 112.366921165, -8.208775568999954, 0.0 ], [ 112.366995448000011, -8.208727464999981, 0.0 ], [ 112.36708417300008, -8.208688881999933, 0.0 ], [ 112.36712976900003, -8.20867915599996, 0.0 ], [ 112.367254323000111, -8.208665812999925, 0.0 ], [ 112.367296635000116, -8.208679067999981, 0.0 ], [ 112.367398951000041, -8.208740450999926, 0.0 ], [ 112.367461357000025, -8.20873066799993, 0.0 ], [ 112.367547591000061, -8.208665774999929, 0.0 ], [ 112.367614604000096, -8.208598552999945, 0.0 ], [ 112.367669601000102, -8.208528980999972, 0.0 ], [ 112.367698263000079, -8.208483422999961, 0.0 ], [ 112.367717328000026, -8.208440290999931, 0.0 ], [ 112.367726664000088, -8.208361302999947, 0.0 ], [ 112.36772596000003, -8.20815554, 0.0 ], [ 112.367764073000103, -8.208064490999959, 0.0 ], [ 112.36779982500002, -8.207985411999971, 0.0 ], [ 112.367830808, -8.207915920999937, 0.0 ], [ 112.36784500400006, -8.207853664999959, 0.0 ], [ 112.36782328400011, -8.207822633999967, 0.0 ], [ 112.36780158800002, -8.207798781999941, 0.0 ], [ 112.367787032000024, -8.207755763999955, 0.0 ], [ 112.36776782000004, -8.207697448999966, 0.0 ], [ 112.367742701000111, -8.207655423999938, 0.0 ], [ 112.367677843000024, -8.207428344999926, 0.0 ], [ 112.367679802000112, -8.20729913699995, 0.0 ], [ 112.367662378000091, -8.207119748999958, 0.0 ], [ 112.367687960000012, -8.206875613999955, 0.0 ], [ 112.367716385000108, -8.206760671999973, 0.0 ], [ 112.367735425000092, -8.206710361999967, 0.0 ], [ 112.36780461, -8.206657967999945, 0.0 ], [ 112.367843001000097, -8.206648266999935, 0.0 ], [ 112.367823740000063, -8.206552148999947, 0.0 ], [ 112.367794660000072, -8.20647568399994, 0.0 ], [ 112.367777555000089, -8.206389606999949, 0.0 ], [ 112.367774826000073, -8.206293911999978, 0.0 ], [ 112.367805808000071, -8.206224419999955, 0.0 ], [ 112.367860830000041, -8.206162024999969, 0.0 ], [ 112.367918245000055, -8.206097228999965, 0.0 ], [ 112.367975717000036, -8.206049181999958, 0.0 ], [ 112.368045254000094, -8.206017840999948, 0.0 ], [ 112.368114815000013, -8.20599367899996, 0.0 ], [ 112.368286347000094, -8.20595385699994, 0.0 ], [ 112.368328620000057, -8.20595562799997, 0.0 ], [ 112.368380512000044, -8.20596119399994, 0.0 ], [ 112.368416364000041, -8.205966649999937, 0.0 ], [ 112.368564115000027, -8.206056753999974, 0.0 ], [ 112.36863861900008, -8.206073248999928, 0.0 ], [ 112.368720229000019, -8.206061007999949, 0.0 ], [ 112.368777750000049, -8.206027315999961, 0.0 ], [ 112.368828050000047, -8.205988862999959, 0.0 ], [ 112.368859122000117, -8.205945690999954, 0.0 ], [ 112.368873318000055, -8.205883433999929, 0.0 ], [ 112.368873121000092, -8.205826011999932, 0.0 ], [ 112.368865647, -8.20574708099997, 0.0 ], [ 112.368854481000085, -8.205700514999933, 0.0 ], [ 112.368846156000018, -8.205665797999927, 0.0 ], [ 112.368787923000014, -8.20549133399993, 0.0 ], [ 112.368761146000111, -8.205386148999935, 0.0 ], [ 112.368777604000115, -8.205283210999937, 0.0 ], [ 112.368801070000018, -8.205122824999933, 0.0 ], [ 112.368805488000021, -8.205010356999935, 0.0 ], [ 112.36880034100011, -8.20490988399996, 0.0 ], [ 112.368780073000039, -8.204601303999937, 0.0 ], [ 112.368765255000085, -8.204481723999947, 0.0 ], [ 112.368783926000106, -8.204323746999933, 0.0 ], [ 112.368826793000039, -8.204218325999932, 0.0 ], [ 112.3688697, -8.204124867999951, 0.0 ], [ 112.368888617000039, -8.204038668999942, 0.0 ], [ 112.368897723000032, -8.203892687999939, 0.0 ], [ 112.368899936000048, -8.203837649999969, 0.0 ], [ 112.368875660000072, -8.203761168999961, 0.0 ], [ 112.368844236000086, -8.203701459999934, 0.0 ], [ 112.368801168, -8.203689642999962, 0.0 ], [ 112.368786125000042, -8.20356288499994, 0.0 ], [ 112.368788199000051, -8.203467172999979, 0.0 ], [ 112.368811813000093, -8.203349853999953, 0.0 ], [ 112.368828345000111, -8.20326844899995, 0.0 ], [ 112.368864154000107, -8.203206118999958, 0.0 ], [ 112.368900027000109, -8.203174949999948, 0.0 ], [ 112.369003145000079, -8.203119511999944, 0.0 ], [ 112.369072747000018, -8.203107312999975, 0.0 ], [ 112.369135234000055, -8.203121455999963, 0.0 ], [ 112.369176157000084, -8.203150028999971, 0.0 ], [ 112.369204187000037, -8.203182678999951, 0.0 ], [ 112.369265331000065, -8.203243037999925, 0.0 ], [ 112.369315787, -8.203250043999958, 0.0 ], [ 112.369366079000088, -8.203209198999957, 0.0 ], [ 112.369404232000079, -8.203130112999929, 0.0 ], [ 112.369461490000049, -8.203019856999958, 0.0 ], [ 112.369501980000109, -8.202921621999963, 0.0 ], [ 112.36955449300001, -8.202828130999933, 0.0 ], [ 112.369614218000038, -8.202737008999975, 0.0 ], [ 112.369697942000016, -8.202641018999941, 0.0 ], [ 112.369776887000057, -8.20255222399993, 0.0 ], [ 112.369860627000094, -8.202461018999941, 0.0 ], [ 112.369896898000093, -8.20242577199997, 0.0 ], [ 112.369937220000111, -8.202386587999968, 0.0 ], [ 112.370291646000055, -8.202095874999941, 0.0 ], [ 112.370590870000115, -8.201814920999936, 0.0 ], [ 112.370801789000097, -8.201694572999941, 0.0 ], [ 112.370888103000084, -8.201653603999944, 0.0 ], [ 112.37097208800003, -8.201634177999949, 0.0 ], [ 112.371063327000115, -8.201629081999954, 0.0 ], [ 112.371152206000033, -8.20163595799994, 0.0 ], [ 112.371243618000108, -8.201681106999956, 0.0 ], [ 112.371315842000058, -8.201733498999943, 0.0 ], [ 112.371373641000105, -8.201781153999946, 0.0 ], [ 112.371443488000068, -8.201840731999937, 0.0 ], [ 112.371506091000015, -8.201888371999928, 0.0 ], [ 112.371566209000093, -8.201912092999976, 0.0 ], [ 112.371638335000057, -8.201935773999935, 0.0 ], [ 112.371698405000075, -8.201945139999964, 0.0 ], [ 112.371948362000012, -8.202004104999958, 0.0 ], [ 112.372101986000075, -8.202064832999952, 0.0 ], [ 112.372151982000105, -8.202078060999952, 0.0 ], [ 112.372253816000011, -8.202139443999954, 0.0 ], [ 112.372311623000087, -8.202189491999945, 0.0 ], [ 112.372359928000037, -8.202211339999963, 0.0 ], [ 112.372388772000022, -8.202218897999956, 0.0 ], [ 112.372460777000015, -8.202265547999957, 0.0 ], [ 112.37260007000009, -8.202267466999956, 0.0 ], [ 112.372691211000074, -8.202233659999933, 0.0 ], [ 112.372748739000031, -8.202202359999944, 0.0 ], [ 112.372820660000116, -8.202166224999928, 0.0 ], [ 112.372895081000024, -8.202158793999956, 0.0 ], [ 112.372951643000079, -8.202207410999961, 0.0 ], [ 112.372977174000084, -8.202287715999944, 0.0 ], [ 112.373015770000052, -8.20233782899993, 0.0 ], [ 112.373077200000012, -8.20237428799993, 0.0 ], [ 112.373103947000118, -8.202361933999953, 0.0 ], [ 112.37317103700002, -8.202317680999954, 0.0 ], [ 112.373199338000063, -8.202299821999929, 0.0 ], [ 112.373291848, -8.202310569999952, 0.0 ], [ 112.373383219000061, -8.202343754999958, 0.0 ], [ 112.373450640000101, -8.202396162999946, 0.0 ], [ 112.373466429000018, -8.202413622999927, 0.0 ], [ 112.373491621000085, -8.202441482999973, 0.0 ], [ 112.37352905900002, -8.202515526999946, 0.0 ], [ 112.37359045900007, -8.202551206999942, 0.0 ], [ 112.373623998000085, -8.202527165999982, 0.0 ], [ 112.37370073000011, -8.202493407999953, 0.0 ], [ 112.373784699000112, -8.202469195999981, 0.0 ], [ 112.373902444, -8.202490327999953, 0.0 ], [ 112.374027592000061, -8.20256885699996, 0.0 ], [ 112.374116643000093, -8.202625976999968, 0.0 ], [ 112.374181598000064, -8.202659251999933, 0.0 ], [ 112.374260863000018, -8.202663766999933, 0.0 ], [ 112.374344848000078, -8.20264433899996, 0.0 ], [ 112.374409482000033, -8.20258430399997, 0.0 ], [ 112.374481613000057, -8.202551038999957, 0.0 ], [ 112.374529478000113, -8.202503023999952, 0.0 ], [ 112.374585398000022, -8.202482750999934, 0.0 ], [ 112.374589441000012, -8.202481285999966, 0.0 ], [ 112.374613447000115, -8.202478810999935, 0.0 ], [ 112.374687827000116, -8.202459416999943, 0.0 ], [ 112.374735790000045, -8.202440111999977, 0.0 ], [ 112.37478373700003, -8.202416021999966, 0.0 ], [ 112.374800498000013, -8.202401608999935, 0.0 ], [ 112.374852997000062, -8.202362669999957, 0.0 ], [ 112.374881675000097, -8.202321896999933, 0.0 ], [ 112.37491508100004, -8.202259574999971, 0.0 ], [ 112.374914810000064, -8.202180619999979, 0.0 ], [ 112.374926497000047, -8.202087267999957, 0.0 ], [ 112.374923783000099, -8.201996357999974, 0.0 ], [ 112.374920753000083, -8.201894481999943, 0.0 ], [ 112.374957144000064, -8.201862735999953, 0.0 ], [ 112.374983445000112, -8.201829148999934, 0.0 ], [ 112.375045727000042, -8.201783476999935, 0.0 ], [ 112.375105690000055, -8.201761738999949, 0.0 ], [ 112.375144097000089, -8.201756822999926, 0.0 ], [ 112.375168045, -8.201737599999944, 0.0 ], [ 112.375287723000042, -8.201622345999965, 0.0 ], [ 112.375311656, -8.20159833799994, 0.0 ], [ 112.375333096000077, -8.201548019999962, 0.0 ], [ 112.375501492000012, -8.201361793999979, 0.0 ], [ 112.37552668, -8.201333937999948, 0.0 ], [ 112.37563676100001, -8.20122110899996, 0.0 ], [ 112.375718089000088, -8.201127518999954, 0.0 ], [ 112.375787460000083, -8.201048325999977, 0.0 ], [ 112.375832825000089, -8.200971607999975, 0.0 ], [ 112.375866149000103, -8.200885359999972, 0.0 ], [ 112.375925889000086, -8.200799021999956, 0.0 ], [ 112.376110093000079, -8.200592627999981, 0.0 ], [ 112.376114023000014, -8.200584876999926, 0.0 ], [ 112.37617449600009, -8.200465598999926, 0.0 ], [ 112.376181363000114, -8.200367477999976, 0.0 ], [ 112.37617371400006, -8.200238302999935, 0.0 ], [ 112.376156476, -8.200113945999931, 0.0 ], [ 112.376148861000047, -8.199994340999979, 0.0 ], [ 112.376143539000054, -8.199843623999925, 0.0 ], [ 112.376145628000017, -8.199752697999941, 0.0 ], [ 112.376164585000083, -8.199678461999952, 0.0 ], [ 112.376266950000058, -8.199417316999927, 0.0 ], [ 112.376314304000061, -8.19922096099998, 0.0 ], [ 112.376359462000096, -8.199084426999946, 0.0 ], [ 112.37636317700003, -8.199042112999962, 0.0 ], [ 112.376368706000108, -8.198979120999979, 0.0 ], [ 112.376351542000066, -8.19887629699997, 0.0 ], [ 112.376329633000068, -8.198790236999969, 0.0 ], [ 112.376324600000089, -8.198723260999941, 0.0 ], [ 112.376295552000101, -8.198656366999955, 0.0 ], [ 112.376328958000045, -8.198594044999936, 0.0 ], [ 112.376417713000023, -8.198565029999941, 0.0 ], [ 112.37649215700003, -8.198564775999955, 0.0 ], [ 112.376561799000115, -8.19856453899996, 0.0 ], [ 112.376595230000021, -8.198509393999927, 0.0 ], [ 112.376643020000074, -8.198439844999939, 0.0 ], [ 112.376717308000025, -8.198394131999976, 0.0 ], [ 112.376777122000021, -8.198329326999954, 0.0 ], [ 112.376865119000058, -8.198080193999942, 0.0 ], [ 112.37686967500008, -8.198008399999935, 0.0 ], [ 112.376843004000079, -8.197934319999945, 0.0 ], [ 112.376787467000099, -8.197845982999979, 0.0 ], [ 112.376717504000112, -8.197752909999963, 0.0 ], [ 112.376671564000048, -8.19766214699996, 0.0 ], [ 112.376663965000034, -8.197547326999938, 0.0 ], [ 112.376666062000027, -8.197458792999953, 0.0 ], [ 112.376691910000091, -8.197293614999978, 0.0 ], [ 112.376725184000065, -8.197193010999968, 0.0 ], [ 112.376782457000104, -8.197087539999927, 0.0 ], [ 112.376823009000077, -8.197008444999938, 0.0 ], [ 112.376851571000088, -8.196934176999946, 0.0 ], [ 112.376868159000082, -8.19686952, 0.0 ], [ 112.376869470000088, -8.196743441999956, 0.0 ], [ 112.377913979000027, -8.19684992699996, 0.0 ], [ 112.378335345000096, -8.196898970999939, 0.0 ], [ 112.37937320900005, -8.196985629999972, 0.0 ], [ 112.379397708000056, -8.196987675999935, 0.0 ], [ 112.379699311000081, -8.197007973999973, 0.0 ] ] ] ] } },
{ "type": "Feature", "properties": { "OBJECTID": 116954.0, "KDPPUM": "35", "NAMOBJ": "Kedungwungu", "REMARK": null, "KDPBPS": null, "FCODE": "BA03070040", "LUASWH": null, "UUPP": "Data dari Pemerintah Daerah", "SRS_ID": "SRGI 2013", "METADATA": "TASWIL1000020200326DATA_BATAS_DESA_KELURAHAN", "KDEBPS": null, "KDEPUM": "35.05.16.2001", "KDCBPS": null, "KDCPUM": "35.05.16", "KDBBPS": null, "WADMKD": "Kedungwungu", "WIADKD": null, "WADMKC": "Binangun", "WIADKC": null, "WADMKK": "Blitar", "WIADKK": null, "WADMPR": "Jawa Timur", "WIADPR": null, "TIPADM": 1.0, "KDPKAB": "35.05", "SHAPE_Leng": 0.13889816494475599, "SHAPE_Area": 0.00076839348251599995 }, "geometry": { "type": "MultiPolygon", "coordinates": [ [ [ [ 112.299350000000118, -8.16599, 0.0 ], [ 112.29946, -8.16625, 0.0 ], [ 112.29965, -8.16644, 0.0 ], [ 112.29996, -8.16650999899997, 0.0 ], [ 112.3005, -8.16657, 0.0 ], [ 112.30098, -8.166529998999977, 0.0 ], [ 112.30152, -8.166549998999926, 0.0 ], [ 112.302, -8.16665, 0.0 ], [ 112.30231, -8.16704, 0.0 ], [ 112.30264000000011, -8.16767, 0.0 ], [ 112.30279, -8.16808, 0.0 ], [ 112.30303, -8.168749998999942, 0.0 ], [ 112.30321, -8.16905, 0.0 ], [ 112.30356, -8.16946, 0.0 ], [ 112.303779999000085, -8.169569998999975, 0.0 ], [ 112.304260000000113, -8.169549998999969, 0.0 ], [ 112.30478, -8.16935, 0.0 ], [ 112.305210000000102, -8.16903, 0.0 ], [ 112.305471534000048, -8.16876846599996, 0.0 ], [ 112.30554, -8.1687, 0.0 ], [ 112.305709999000101, -8.16827, 0.0 ], [ 112.30572999900005, -8.16753, 0.0 ], [ 112.30568, -8.16712, 0.0 ], [ 112.30568, -8.166945394999971, 0.0 ], [ 112.30568, -8.16668, 0.0 ], [ 112.30586, -8.16636, 0.0 ], [ 112.306159999000101, -8.166139998999938, 0.0 ], [ 112.30668, -8.16599, 0.0 ], [ 112.30749, -8.1659, 0.0 ], [ 112.30812, -8.1659, 0.0 ], [ 112.3087, -8.16598, 0.0 ], [ 112.30936, -8.16622, 0.0 ], [ 112.30975, -8.16648, 0.0 ], [ 112.310079999000095, -8.166859998999939, 0.0 ], [ 112.310409999000058, -8.167249998999978, 0.0 ], [ 112.31067, -8.16775, 0.0 ], [ 112.310839999000109, -8.168049998999948, 0.0 ], [ 112.31102, -8.16818, 0.0 ], [ 112.31135, -8.16812, 0.0 ], [ 112.31163, -8.1679, 0.0 ], [ 112.311929999000085, -8.16755, 0.0 ], [ 112.31201158500005, -8.167451336999932, 0.0 ], [ 112.312172486, -8.16725675899994, 0.0 ], [ 112.312359999000023, -8.16703, 0.0 ], [ 112.31265, -8.16666, 0.0 ], [ 112.31297, -8.16625, 0.0 ], [ 112.31332, -8.16592, 0.0 ], [ 112.31362, -8.16581, 0.0 ], [ 112.31393, -8.16583, 0.0 ], [ 112.31436, -8.16598, 0.0 ], [ 112.31458, -8.16631, 0.0 ], [ 112.31465, -8.16665, 0.0 ], [ 112.31465, -8.16675803499993, 0.0 ], [ 112.31465, -8.16711, 0.0 ], [ 112.31456, -8.16761, 0.0 ], [ 112.314518678000013, -8.167726671999958, 0.0 ], [ 112.314506558000062, -8.167760893999969, 0.0 ], [ 112.314389999000014, -8.16808999899996, 0.0 ], [ 112.31415, -8.16867, 0.0 ], [ 112.314100470000085, -8.168839226999978, 0.0 ], [ 112.314030000000116, -8.16908, 0.0 ], [ 112.31407, -8.16945, 0.0 ], [ 112.31442, -8.16971, 0.0 ], [ 112.31454, -8.16975, 0.0 ], [ 112.31492, -8.16986, 0.0 ], [ 112.315700000000106, -8.16988, 0.0 ], [ 112.31625, -8.16981, 0.0 ], [ 112.31694, -8.16962, 0.0 ], [ 112.31766, -8.16944, 0.0 ], [ 112.31794199400008, -8.169365253999956, 0.0 ], [ 112.317899499000077, -8.169592098999942, 0.0 ], [ 112.317841303000023, -8.169815335999942, 0.0 ], [ 112.317833715, -8.170216234999941, 0.0 ], [ 112.317748162000044, -8.17048927899998, 0.0 ], [ 112.317691449000108, -8.170769406999966, 0.0 ], [ 112.317459195000083, -8.171485453999935, 0.0 ], [ 112.317334852000045, -8.171868805999964, 0.0 ], [ 112.31725326000003, -8.17211004, 0.0 ], [ 112.317108368000049, -8.17253842599996, 0.0 ], [ 112.316947189000075, -8.173014964999936, 0.0 ], [ 112.31680192500005, -8.173334334999936, 0.0 ], [ 112.316756454000028, -8.173434303999954, 0.0 ], [ 112.316709312000057, -8.173556747999953, 0.0 ], [ 112.316672788, -8.173651613999937, 0.0 ], [ 112.316739472000108, -8.173960055999942, 0.0 ], [ 112.316765307000082, -8.174079554999935, 0.0 ], [ 112.316816147000054, -8.174283189999926, 0.0 ], [ 112.316600101000063, -8.17455675399998, 0.0 ], [ 112.316502997000043, -8.174734626999964, 0.0 ], [ 112.316386649000037, -8.174947748999955, 0.0 ], [ 112.316331518000084, -8.175067669999976, 0.0 ], [ 112.316329831000076, -8.175515848999964, 0.0 ], [ 112.316334536000113, -8.175773826999944, 0.0 ], [ 112.316337743000076, -8.17594963199997, 0.0 ], [ 112.316344083000104, -8.176177782999957, 0.0 ], [ 112.316348958000049, -8.17635323099995, 0.0 ], [ 112.316353060000097, -8.17650084099995, 0.0 ], [ 112.316355769000097, -8.17669017299994, 0.0 ], [ 112.316262620000089, -8.177102546999947, 0.0 ], [ 112.316249642000116, -8.177161855999941, 0.0 ], [ 112.316193371000054, -8.177419016999977, 0.0 ], [ 112.316059657000096, -8.178035171999966, 0.0 ], [ 112.316027751000092, -8.178254855999967, 0.0 ], [ 112.316002558000037, -8.178428315999952, 0.0 ], [ 112.315989474000048, -8.178516181999953, 0.0 ], [ 112.315924025000072, -8.178955706999943, 0.0 ], [ 112.315894741000079, -8.179202768999971, 0.0 ], [ 112.315883679000081, -8.179296096999963, 0.0 ], [ 112.315831202000027, -8.179660797999929, 0.0 ], [ 112.315814691000014, -8.179775538999934, 0.0 ], [ 112.316091567000058, -8.179933277999965, 0.0 ], [ 112.316115917000047, -8.180117781999968, 0.0 ], [ 112.316017465000073, -8.180223391999959, 0.0 ], [ 112.315979382000023, -8.180475102999935, 0.0 ], [ 112.315926936000096, -8.180769975999965, 0.0 ], [ 112.315930256000115, -8.18098089199998, 0.0 ], [ 112.31593229300006, -8.181110292999961, 0.0 ], [ 112.315938816000084, -8.181164619999947, 0.0 ], [ 112.315978615000063, -8.181496081999967, 0.0 ], [ 112.315937789000031, -8.181536890999951, 0.0 ], [ 112.315827370000079, -8.181680865999965, 0.0 ], [ 112.3157026, -8.181875194999975, 0.0 ], [ 112.315032099000064, -8.182257331999949, 0.0 ], [ 112.314662577000036, -8.182877794999968, 0.0 ], [ 112.314565777000098, -8.183040332999951, 0.0 ], [ 112.314466067000012, -8.183218367999928, 0.0 ], [ 112.314115903000015, -8.183843597999953, 0.0 ], [ 112.313692948000039, -8.184582732999957, 0.0 ], [ 112.313456190000011, -8.184896397999978, 0.0 ], [ 112.313111396000068, -8.185206174999962, 0.0 ], [ 112.312446565000073, -8.185685675999935, 0.0 ], [ 112.312320471000021, -8.186780736999935, 0.0 ], [ 112.31230754, -8.186922076999963, 0.0 ], [ 112.312143107000111, -8.188719383999967, 0.0 ], [ 112.312112932000105, -8.188961847999963, 0.0 ], [ 112.312054955, -8.189427702999978, 0.0 ], [ 112.311953299000038, -8.190224551999961, 0.0 ], [ 112.3118311610001, -8.191792573999976, 0.0 ], [ 112.31183133400009, -8.192139715999929, 0.0 ], [ 112.311836436000021, -8.192194598999947, 0.0 ], [ 112.311704991000056, -8.192953584999941, 0.0 ], [ 112.311610482000106, -8.193451026999981, 0.0 ], [ 112.311578512000096, -8.193586851999953, 0.0 ], [ 112.311066716000028, -8.193502378999938, 0.0 ], [ 112.309823343000062, -8.193319788999929, 0.0 ], [ 112.308947677000106, -8.193222137999953, 0.0 ], [ 112.308093555000028, -8.193102880999959, 0.0 ], [ 112.307531363000066, -8.193029333999959, 0.0 ], [ 112.306731181000032, -8.192881187999944, 0.0 ], [ 112.306381392000048, -8.192767471999957, 0.0 ], [ 112.305439121000063, -8.192128084999979, 0.0 ], [ 112.305320061000089, -8.192071045999967, 0.0 ], [ 112.305175642000108, -8.192049750999956, 0.0 ], [ 112.304772256000092, -8.191990269999962, 0.0 ], [ 112.304202979000024, -8.191952630999936, 0.0 ], [ 112.303644637000048, -8.191954434999957, 0.0 ], [ 112.302758144000109, -8.191849627999943, 0.0 ], [ 112.302058931000033, -8.191733445999944, 0.0 ], [ 112.301547056000118, -8.191623837999941, 0.0 ], [ 112.301345166000033, -8.191642574999946, 0.0 ], [ 112.301226552000116, -8.191653583999937, 0.0 ], [ 112.301201286000037, -8.191657211999939, 0.0 ], [ 112.300970912000025, -8.191690297999969, 0.0 ], [ 112.300758324000071, -8.191673037999976, 0.0 ], [ 112.300675415000114, -8.19165536, 0.0 ], [ 112.300491585000032, -8.19162006199997, 0.0 ], [ 112.3001345240001, -8.191484829999979, 0.0 ], [ 112.299611552000101, -8.19128552799998, 0.0 ], [ 112.298825235000095, -8.19096863599998, 0.0 ], [ 112.298569048000104, -8.190836665999939, 0.0 ], [ 112.297829724000053, -8.190569865999976, 0.0 ], [ 112.297176830000012, -8.190295608999975, 0.0 ], [ 112.296909861000017, -8.190170850999948, 0.0 ], [ 112.296888758000023, -8.190165496999953, 0.0 ], [ 112.296550445000094, -8.190035468999952, 0.0 ], [ 112.29651095600002, -8.189970646999939, 0.0 ], [ 112.295673311000087, -8.190266202999965, 0.0 ], [ 112.295471922000047, -8.190370213999927, 0.0 ], [ 112.294942373000026, -8.190587255999958, 0.0 ], [ 112.294721731000095, -8.190618979999954, 0.0 ], [ 112.294493022000097, -8.19065186399996, 0.0 ], [ 112.294029048000084, -8.190650480999977, 0.0 ], [ 112.291977465000059, -8.190095870999926, 0.0 ], [ 112.291935942, -8.190087963999929, 0.0 ], [ 112.291904767, -8.190071984999975, 0.0 ], [ 112.291879237000103, -8.190019235999955, 0.0 ], [ 112.291854816000068, -8.189952701999971, 0.0 ], [ 112.291831717000036, -8.189938993999931, 0.0 ], [ 112.291740668000102, -8.189943878999941, 0.0 ], [ 112.291685312000027, -8.18993601699998, 0.0 ], [ 112.291656432000082, -8.189916584999935, 0.0 ], [ 112.291612436000037, -8.189857003999975, 0.0 ], [ 112.291583519000028, -8.189826086999972, 0.0 ], [ 112.291558178000059, -8.189831909999953, 0.0 ], [ 112.291504330000066, -8.189934298999958, 0.0 ], [ 112.291431016000047, -8.190076946999966, 0.0 ], [ 112.290506506000042, -8.189829172999964, 0.0 ], [ 112.289765867000028, -8.189525274999937, 0.0 ], [ 112.289796068000101, -8.188462819999927, 0.0 ], [ 112.289844808000112, -8.187686145999976, 0.0 ], [ 112.289859824000018, -8.187446866999949, 0.0 ], [ 112.289811779000047, -8.187442234999935, 0.0 ], [ 112.28969840600007, -8.187434940999935, 0.0 ], [ 112.289527391000092, -8.187425915999938, 0.0 ], [ 112.289349711000114, -8.187435096999934, 0.0 ], [ 112.289251722000017, -8.187432538999929, 0.0 ], [ 112.28923536800005, -8.187424933999978, 0.0 ], [ 112.28921601400009, -8.187380970999925, 0.0 ], [ 112.289189783000097, -8.187289174999933, 0.0 ], [ 112.28918008200003, -8.187259535999942, 0.0 ], [ 112.289167554000073, -8.187247133999961, 0.0 ], [ 112.289120483000033, -8.187246326999968, 0.0 ], [ 112.28907537200007, -8.187257955999939, 0.0 ], [ 112.288985222000065, -8.187303226999973, 0.0 ], [ 112.288919022000073, -8.187328321999928, 0.0 ], [ 112.288870993000046, -8.187328475999948, 0.0 ], [ 112.288827702000049, -8.187308514999927, 0.0 ], [ 112.288766074000023, -8.187261814999943, 0.0 ], [ 112.288732429000106, -8.187254265999968, 0.0 ], [ 112.288637356000095, -8.187262225999973, 0.0 ], [ 112.288564385000086, -8.187272986999972, 0.0 ], [ 112.288533643000051, -8.187272127999961, 0.0 ], [ 112.288500919000057, -8.187252132999959, 0.0 ], [ 112.288451763000012, -8.187200607999955, 0.0 ], [ 112.288431511000113, -8.187175787999934, 0.0 ], [ 112.288403565000067, -8.18714812199994, 0.0 ], [ 112.288378528000067, -8.187129060999951, 0.0 ], [ 112.288343913000062, -8.187118642999963, 0.0 ], [ 112.288320856000041, -8.187117759999978, 0.0 ], [ 112.288225857000043, -8.187148688999969, 0.0 ], [ 112.288141467000059, -8.187192983999978, 0.0 ], [ 112.288112662000117, -8.187196904999951, 0.0 ], [ 112.288098232000038, -8.187190250999947, 0.0 ], [ 112.288076967000052, -8.187149163999948, 0.0 ], [ 112.28804217600009, -8.187084193999965, 0.0 ], [ 112.2880112470001, -8.18702495399998, 0.0 ], [ 112.287975515000085, -8.186965728999951, 0.0 ], [ 112.287940845000094, -8.186938083999962, 0.0 ], [ 112.28783884500001, -8.186882897999965, 0.0 ], [ 112.287712764000048, -8.186814898999955, 0.0 ], [ 112.287669487000016, -8.186791558999971, 0.0 ], [ 112.287602123000056, -8.186753489999944, 0.0 ], [ 112.28756170500003, -8.186730648999969, 0.0 ], [ 112.287529904000053, -8.186699166999972, 0.0 ], [ 112.28751245400008, -8.186649454999952, 0.0 ], [ 112.287477544000012, -8.186547157999939, 0.0 ], [ 112.287453336000112, -8.186486938999963, 0.0 ], [ 112.287434044000065, -8.186462116999962, 0.0 ], [ 112.287402296000096, -8.186446904999968, 0.0 ], [ 112.28736767800001, -8.186435529999926, 0.0 ], [ 112.287323436000065, -8.186418443999969, 0.0 ], [ 112.287296466000043, -8.186395559999937, 0.0 ], [ 112.287290874000064, -8.186363544999949, 0.0 ], [ 112.287289154000064, -8.186362084999928, 0.0 ], [ 112.287284598000042, -8.186336002999951, 0.0 ], [ 112.287281830000097, -8.186324781999929, 0.0 ], [ 112.28727501700007, -8.186297048999961, 0.0 ], [ 112.28724803700004, -8.186271293999937, 0.0 ], [ 112.28720376800004, -8.186245593999956, 0.0 ], [ 112.287159513, -8.186224678999963, 0.0 ], [ 112.287128713000016, -8.186205634999965, 0.0 ], [ 112.287097864000089, -8.18617127899995, 0.0 ], [ 112.287067969000077, -8.186135004999926, 0.0 ], [ 112.287023653, -8.186094948999937, 0.0 ], [ 112.2869706890001, -8.186053962999949, 0.0 ], [ 112.286917734000099, -8.186015848999944, 0.0 ], [ 112.286839758000042, -8.185963457999947, 0.0 ], [ 112.286797318000026, -8.185909038999966, 0.0 ], [ 112.286756700000069, -8.185823988999971, 0.0 ], [ 112.286724844000105, -8.185775278999927, 0.0 ], [ 112.286698795, -8.18573995, 0.0 ], [ 112.286649692000083, -8.18570469399998, 0.0 ], [ 112.286550583, -8.185652370999946, 0.0 ], [ 112.286441881000087, -8.185603905999926, 0.0 ], [ 112.286322612000049, -8.185555474999944, 0.0 ], [ 112.286192759000073, -8.185501334999969, 0.0 ], [ 112.286085026000023, -8.185455737999973, 0.0 ], [ 112.286038830000052, -8.185428129999934, 0.0 ], [ 112.285992581000073, -8.185384250999959, 0.0 ], [ 112.285960013000022, -8.185363238999969, 0.0 ], [ 112.28584322800009, -8.185344893999968, 0.0 ], [ 112.284631329000035, -8.185154516999944, 0.0 ], [ 112.284042698, -8.185070251999946, 0.0 ], [ 112.283232973000054, -8.184936440999934, 0.0 ], [ 112.282526549000067, -8.184814264999943, 0.0 ], [ 112.282199738000031, -8.18474830699995, 0.0 ], [ 112.281973795000113, -8.184684420999929, 0.0 ], [ 112.280379969000023, -8.184167865999939, 0.0 ], [ 112.280057982000017, -8.184133958999951, 0.0 ], [ 112.279652078000026, -8.184091213999977, 0.0 ], [ 112.279246104000094, -8.184051823999937, 0.0 ], [ 112.278955353000015, -8.18399771199995, 0.0 ], [ 112.278860989, -8.183959216999938, 0.0 ], [ 112.278857419000019, -8.18392726899998, 0.0 ], [ 112.278853677000029, -8.183925741999929, 0.0 ], [ 112.278848931000084, -8.183883262999927, 0.0 ], [ 112.278845062000073, -8.183858991999955, 0.0 ], [ 112.27882248100002, -8.183812330999956, 0.0 ], [ 112.278793524000093, -8.18376878, 0.0 ], [ 112.278744972000027, -8.183725289999927, 0.0 ], [ 112.278706871000054, -8.183705885999927, 0.0 ], [ 112.278634160000024, -8.18367740399998, 0.0 ], [ 112.278556863000063, -8.183656975999952, 0.0 ], [ 112.278478447000111, -8.183646886999952, 0.0 ], [ 112.278401246000044, -8.183656319999955, 0.0 ], [ 112.278341357000045, -8.183672587999979, 0.0 ], [ 112.278268884000113, -8.183718757999941, 0.0 ], [ 112.278235547, -8.183747575999973, 0.0 ], [ 112.278214795000054, -8.183746492999944, 0.0 ], [ 112.278199733000065, -8.18372242199996, 0.0 ], [ 112.278176558000041, -8.183684594999932, 0.0 ], [ 112.278132481000057, -8.183598596999957, 0.0 ], [ 112.278081368000016, -8.183474719999936, 0.0 ], [ 112.278069731000073, -8.183440301999951, 0.0 ], [ 112.278052374000026, -8.183419683999944, 0.0 ], [ 112.27798891000009, -8.183399211999927, 0.0 ], [ 112.277861046000112, -8.183426031999943, 0.0 ], [ 112.27782417800006, -8.183431890999941, 0.0 ], [ 112.277782633000015, -8.183417091999956, 0.0 ], [ 112.277731816000028, -8.183386242999973, 0.0 ], [ 112.277662475000056, -8.183330185999978, 0.0 ], [ 112.277561887000047, -8.183235178999951, 0.0 ], [ 112.277501757000095, -8.183175646999928, 0.0 ], [ 112.277398746000017, -8.183043894999969, 0.0 ], [ 112.277368656000021, -8.183006088999946, 0.0 ], [ 112.27733050300003, -8.182970605999969, 0.0 ], [ 112.277269337, -8.182947829999932, 0.0 ], [ 112.277215124, -8.182936515999927, 0.0 ], [ 112.277183950000108, -8.182920535999926, 0.0 ], [ 112.277167703000032, -8.182886131999965, 0.0 ], [ 112.277163345000076, -8.182858908999947, 0.0 ], [ 112.277160392000042, -8.182852656999955, 0.0 ], [ 112.277159101000052, -8.18284459399996, 0.0 ], [ 112.277145593000114, -8.182820736999929, 0.0 ], [ 112.277097107000031, -8.182797920999974, 0.0 ], [ 112.277043919000107, -8.182746405999978, 0.0 ], [ 112.27700801200001, -8.182717558999968, 0.0 ], [ 112.276964178000071, -8.182682341999964, 0.0 ], [ 112.276936639000041, -8.182668303999947, 0.0 ], [ 112.276890285000036, -8.182644674999949, 0.0 ], [ 112.27684540000007, -8.182628965999982, 0.0 ], [ 112.276782964000063, -8.18260711399995, 0.0 ], [ 112.276696359000084, -8.182559149999975, 0.0 ], [ 112.27662358900011, -8.182512291999956, 0.0 ], [ 112.27655540100011, -8.182456230999946, 0.0 ], [ 112.276498857000092, -8.182436884999959, 0.0 ], [ 112.27642159800007, -8.182427940999958, 0.0 ], [ 112.276379991000113, -8.182393616999946, 0.0 ], [ 112.276341810000076, -8.182348945999934, 0.0 ], [ 112.276268913000081, -8.182261890999939, 0.0 ], [ 112.276230870000063, -8.182260861999964, 0.0 ], [ 112.276188239000021, -8.182266738999942, 0.0 ], [ 112.276140905000034, -8.182243918999973, 0.0 ], [ 112.276069285000062, -8.182195907999926, 0.0 ], [ 112.276017326000101, -8.182168507999961, 0.0 ], [ 112.275953844000014, -8.18214229299997, 0.0 ], [ 112.275892715000055, -8.182131000999959, 0.0 ], [ 112.275856879000116, -8.182098955999948, 0.0 ], [ 112.275793291000014, -8.182039434999979, 0.0 ], [ 112.275722729000108, -8.181961559999934, 0.0 ], [ 112.275673083000015, -8.181936448999977, 0.0 ], [ 112.275547410000058, -8.18192765799995, 0.0 ], [ 112.275337606000107, -8.18192372599998, 0.0 ], [ 112.275255743000116, -8.181917093999971, 0.0 ], [ 112.275187534000111, -8.181854140999974, 0.0 ], [ 112.275149294000016, -8.181791094999937, 0.0 ], [ 112.275119138000036, -8.181732615999977, 0.0 ], [ 112.275080851000098, -8.18165463899993, 0.0 ], [ 112.275049443000057, -8.18156515499993, 0.0 ], [ 112.275024981000115, -8.181484836999971, 0.0 ], [ 112.275025795000033, -8.181478037999966, 0.0 ], [ 112.275017670000011, -8.181451361999962, 0.0 ], [ 112.275024408000036, -8.181395063999958, 0.0 ], [ 112.275059907000013, -8.181321447999949, 0.0 ], [ 112.275083529000085, -8.181285412999955, 0.0 ], [ 112.275127888000043, -8.181217741999944, 0.0 ], [ 112.275143648000039, -8.181193699999938, 0.0 ], [ 112.275160789000097, -8.181146556999977, 0.0 ], [ 112.275161909000076, -8.181128987999955, 0.0 ], [ 112.275158696000062, -8.181122635999941, 0.0 ], [ 112.275122911000039, -8.181106669999963, 0.0 ], [ 112.275090589000115, -8.181091841999944, 0.0 ], [ 112.275059426000098, -8.181079305999958, 0.0 ], [ 112.275040899000032, -8.181052948999934, 0.0 ], [ 112.275031557000034, -8.181015077999973, 0.0 ], [ 112.275019855000096, -8.180959986999937, 0.0 ], [ 112.275003604000062, -8.180924434999952, 0.0 ], [ 112.274968939000019, -8.180898128999956, 0.0 ], [ 112.274924021000061, -8.180909754999959, 0.0 ], [ 112.274817018000022, -8.180934713999932, 0.0 ], [ 112.274759307000068, -8.180948175999958, 0.0 ], [ 112.274687848000099, -8.180950697999947, 0.0 ], [ 112.27466013600008, -8.180935854999973, 0.0 ], [ 112.274623020000035, -8.180863615999954, 0.0 ], [ 112.274590343000114, -8.18073738399994, 0.0 ], [ 112.274563700000044, -8.180696121999972, 0.0 ], [ 112.274530174, -8.180665217999945, 0.0 ], [ 112.274456303000079, -8.180634441999928, 0.0 ], [ 112.274303988000042, -8.180584387999943, 0.0 ], [ 112.274163225000052, -8.180542336999963, 0.0 ], [ 112.274096267, -8.180510389999938, 0.0 ], [ 112.274029196000015, -8.180442839999955, 0.0 ], [ 112.27400144, -8.180414214999928, 0.0 ], [ 112.273976001000051, -8.180389027999979, 0.0 ], [ 112.273940301000039, -8.18039947699998, 0.0 ], [ 112.273870122000062, -8.180442192999976, 0.0 ], [ 112.273776929000064, -8.180497614999979, 0.0 ], [ 112.273662864000016, -8.180514053999957, 0.0 ], [ 112.273556821000057, -8.180515535999973, 0.0 ], [ 112.273506040000029, -8.180496171999948, 0.0 ], [ 112.273478299000089, -8.180472140999939, 0.0 ], [ 112.273475822000023, -8.180442852999931, 0.0 ], [ 112.273470989000089, -8.18043866599993, 0.0 ], [ 112.273467396000115, -8.180396181999981, 0.0 ], [ 112.273469595000051, -8.180362868999964, 0.0 ], [ 112.273484496000037, -8.180336405999981, 0.0 ], [ 112.273510866000038, -8.180291531999956, 0.0 ], [ 112.273539548000031, -8.180248946999939, 0.0 ], [ 112.273557823000033, -8.180196057999979, 0.0 ], [ 112.27355990600006, -8.180125992999933, 0.0 ], [ 112.27357109400009, -8.180019146999939, 0.0 ], [ 112.273568581000063, -8.179953689999934, 0.0 ], [ 112.273563929000034, -8.17992989499993, 0.0 ], [ 112.273558035000065, -8.179899742999964, 0.0 ], [ 112.273541754, -8.179861552999967, 0.0 ], [ 112.273539454000115, -8.179856158999939, 0.0 ], [ 112.273502931000053, -8.179835516999958, 0.0 ], [ 112.273490954000067, -8.179828747999977, 0.0 ], [ 112.273925516000077, -8.179314375999979, 0.0 ], [ 112.273945752000031, -8.179290422999941, 0.0 ], [ 112.274606365000068, -8.178464635999944, 0.0 ], [ 112.274632376000113, -8.178474734999952, 0.0 ], [ 112.27476058700006, -8.178402576999929, 0.0 ], [ 112.275205688000028, -8.178275526999926, 0.0 ], [ 112.275730513000099, -8.178121334999958, 0.0 ], [ 112.276141508000023, -8.178042274999939, 0.0 ], [ 112.276282269000035, -8.178037075999953, 0.0 ], [ 112.27649567800006, -8.178029192999929, 0.0 ], [ 112.276822842000115, -8.178019186999961, 0.0 ], [ 112.27714651000008, -8.17785366499993, 0.0 ], [ 112.277332248000107, -8.177736433999939, 0.0 ], [ 112.277739773, -8.177510828999971, 0.0 ], [ 112.277955405000057, -8.177354620999949, 0.0 ], [ 112.278312862, -8.177431253999941, 0.0 ], [ 112.278684118000115, -8.177228211999932, 0.0 ], [ 112.278714402000105, -8.177211648999958, 0.0 ], [ 112.27940640700001, -8.176769797999953, 0.0 ], [ 112.279635683000038, -8.17663693399993, 0.0 ], [ 112.281342396000014, -8.175647899999944, 0.0 ], [ 112.281358983000018, -8.17563828699997, 0.0 ], [ 112.281632641000101, -8.175479701999961, 0.0 ], [ 112.283370529000081, -8.173819315999935, 0.0 ], [ 112.283500945000014, -8.173694713999964, 0.0 ], [ 112.284679142000073, -8.172569047999957, 0.0 ], [ 112.285145575000115, -8.172123407999948, 0.0 ], [ 112.285366255000099, -8.171912564999957, 0.0 ], [ 112.286179583000035, -8.170814957999937, 0.0 ], [ 112.28634889600005, -8.170586464999928, 0.0 ], [ 112.287299047000033, -8.170900800999959, 0.0 ], [ 112.288909166000053, -8.171157357999959, 0.0 ], [ 112.289031295000086, -8.171176817999935, 0.0 ], [ 112.289718850000099, -8.171097989999964, 0.0 ], [ 112.290525597000055, -8.171005496999953, 0.0 ], [ 112.291781952000065, -8.170834175999971, 0.0 ], [ 112.292629040000065, -8.17051056899993, 0.0 ], [ 112.29280987900006, -8.170310693999966, 0.0 ], [ 112.292962165000063, -8.170015640999964, 0.0 ], [ 112.293000236000012, -8.169834801999968, 0.0 ], [ 112.293000236000012, -8.169568302999949, 0.0 ], [ 112.292962165000063, -8.16928276699997, 0.0 ], [ 112.29293361100008, -8.169149516999937, 0.0 ], [ 112.292895540000018, -8.169006749999937, 0.0 ], [ 112.292828915000086, -8.168863981999948, 0.0 ], [ 112.292771808000111, -8.168759285999954, 0.0 ], [ 112.292733736000059, -8.168711696999935, 0.0 ], [ 112.292676629000084, -8.168616517999965, 0.0 ], [ 112.29268614700004, -8.168511821999971, 0.0 ], [ 112.29269566500011, -8.168426160999957, 0.0 ], [ 112.292705183000066, -8.168378571999938, 0.0 ], [ 112.292733736000059, -8.168207250999956, 0.0 ], [ 112.292790843000034, -8.168083518999936, 0.0 ], [ 112.292914575000054, -8.167959786999972, 0.0 ], [ 112.293133486000102, -8.16768376899995, 0.0 ], [ 112.293162039000094, -8.167103180999959, 0.0 ], [ 112.293090537000012, -8.165583754999943, 0.0 ], [ 112.29316, -8.16558, 0.0 ], [ 112.293559999000081, -8.1656, 0.0 ], [ 112.29388, -8.16568, 0.0 ], [ 112.29449000000011, -8.16587, 0.0 ], [ 112.29502, -8.16611, 0.0 ], [ 112.29545, -8.16624, 0.0 ], [ 112.29587, -8.16624, 0.0 ], [ 112.29621, -8.16609, 0.0 ], [ 112.296389999000098, -8.16574, 0.0 ], [ 112.296650000000113, -8.16507, 0.0 ], [ 112.29686, -8.16447999899998, 0.0 ], [ 112.29714, -8.16402, 0.0 ], [ 112.29745, -8.163759998999979, 0.0 ], [ 112.29777, -8.163679998999953, 0.0 ], [ 112.298319999000114, -8.163739998999972, 0.0 ], [ 112.29884, -8.16393, 0.0 ], [ 112.29921, -8.16426, 0.0 ], [ 112.29934, -8.164519998999936, 0.0 ], [ 112.299389999000027, -8.16482, 0.0 ], [ 112.29934, -8.16523, 0.0 ], [ 112.29932, -8.16562, 0.0 ], [ 112.299350000000118, -8.16599, 0.0 ] ] ] ] } },
{ "type": "Feature", "properties": { "OBJECTID": 116955.0, "KDPPUM": "35", "NAMOBJ": "Ngadri", "REMARK": null, "KDPBPS": null, "FCODE": "BA03070040", "LUASWH": null, "UUPP": "Data dari Pemerintah Daerah", "SRS_ID": "SRGI 2013", "METADATA": "TASWIL1000020200326DATA_BATAS_DESA_KELURAHAN", "KDEBPS": null, "KDEPUM": "35.05.16.2010", "KDCBPS": null, "KDCPUM": "35.05.16", "KDBBPS": null, "WADMKD": "Ngadri", "WIADKD": null, "WADMKC": "Binangun", "WIADKC": null, "WADMKK": "Blitar", "WIADKK": null, "WADMPR": "Jawa Timur", "WIADPR": null, "TIPADM": 1.0, "KDPKAB": "35.05", "SHAPE_Leng": 0.098055991160367006, "SHAPE_Area": 0.000374709338779 }, "geometry": { "type": "MultiPolygon", "coordinates": [ [ [ [ 112.363629999000068, -8.175849998999979, 0.0 ], [ 112.363999999000043, -8.17598, 0.0 ], [ 112.364469999000107, -8.17598, 0.0 ], [ 112.36497, -8.175869998999929, 0.0 ], [ 112.36547, -8.17576, 0.0 ], [ 112.36574, -8.17565, 0.0 ], [ 112.366163259000018, -8.175344859999939, 0.0 ], [ 112.366126959000098, -8.175448285999948, 0.0 ], [ 112.366126959000098, -8.175556054999959, 0.0 ], [ 112.366203246000055, -8.175831655999957, 0.0 ], [ 112.366165114000069, -8.176032877999944, 0.0 ], [ 112.366142240000045, -8.176408631999948, 0.0 ], [ 112.366134575000046, -8.176519277999944, 0.0 ], [ 112.366172755000093, -8.176982754999926, 0.0 ], [ 112.366126959000098, -8.177186831999961, 0.0 ], [ 112.366073570000026, -8.177413829999978, 0.0 ], [ 112.366149857000096, -8.177588335999928, 0.0 ], [ 112.366287174000036, -8.177748573999963, 0.0 ], [ 112.366462646000059, -8.177989839999952, 0.0 ], [ 112.366805973000055, -8.178795676999925, 0.0 ], [ 112.36677545900011, -8.17926870499997, 0.0 ], [ 112.366798357000107, -8.179457547999959, 0.0 ], [ 112.366752585000086, -8.179585313999951, 0.0 ], [ 112.366645759000107, -8.179882869999972, 0.0 ], [ 112.366653400000018, -8.180127954999932, 0.0 ], [ 112.366645759000107, -8.180435035999949, 0.0 ], [ 112.366554214000075, -8.180959591999965, 0.0 ], [ 112.366516083000079, -8.181485040999974, 0.0 ], [ 112.366546598000014, -8.181815988999972, 0.0 ], [ 112.36666101600008, -8.182133540999928, 0.0 ], [ 112.366836488000104, -8.182669508999936, 0.0 ], [ 112.366874644000063, -8.183057664999978, 0.0 ], [ 112.366989086000103, -8.183247451999932, 0.0 ], [ 112.367195098000025, -8.183473459999959, 0.0 ], [ 112.36736290500005, -8.183563117999938, 0.0 ], [ 112.36775202900003, -8.183783394999978, 0.0 ], [ 112.367896986, -8.183897860999934, 0.0 ], [ 112.36815638600001, -8.183961744999976, 0.0 ], [ 112.368637030000059, -8.184091420999948, 0.0 ], [ 112.368843042000094, -8.184230695999929, 0.0 ], [ 112.369163447, -8.184402347999935, 0.0 ], [ 112.369361817000026, -8.184431894999932, 0.0 ], [ 112.370147658000064, -8.184504385999958, 0.0 ], [ 112.370422315000042, -8.184738976999938, 0.0 ], [ 112.370910576000028, -8.185283528999946, 0.0 ], [ 112.371063174000028, -8.185311189999936, 0.0 ], [ 112.371444658000087, -8.18526256499996, 0.0 ], [ 112.371589615000062, -8.185335997999971, 0.0 ], [ 112.371871913000064, -8.185591553999927, 0.0 ], [ 112.372108415000071, -8.185822348999977, 0.0 ], [ 112.372253372000046, -8.185835719999943, 0.0 ], [ 112.372375431000023, -8.185785160999956, 0.0 ], [ 112.372526200000038, -8.185737116999974, 0.0 ], [ 112.372528030000012, -8.185736533999943, 0.0 ], [ 112.372711118000097, -8.185760351999932, 0.0 ], [ 112.37288659100011, -8.185850010999957, 0.0 ], [ 112.372912066000026, -8.185880549999979, 0.0 ], [ 112.373054446000083, -8.186051233999933, 0.0 ], [ 112.373146015000088, -8.186245807999967, 0.0 ], [ 112.373229918000106, -8.186323037999955, 0.0 ], [ 112.373420672000066, -8.186363103999952, 0.0 ], [ 112.37393183100005, -8.186509946999934, 0.0 ], [ 112.374206488000027, -8.186701643999982, 0.0 ], [ 112.374702414000012, -8.187018252999962, 0.0 ], [ 112.374999946000116, -8.187121257999934, 0.0 ], [ 112.375297501000091, -8.187224263999951, 0.0 ], [ 112.375854432000096, -8.18720424199995, 0.0 ], [ 112.376182503000109, -8.187211859999934, 0.0 ], [ 112.376838643000042, -8.187417846999949, 0.0 ], [ 112.37730403, -8.187665809999942, 0.0 ], [ 112.37756343, -8.188018686999953, 0.0 ], [ 112.377914399000019, -8.188686240999971, 0.0 ], [ 112.378013584000087, -8.188801626999975, 0.0 ], [ 112.378219571000045, -8.188886520999972, 0.0 ], [ 112.378547617000095, -8.188912272999971, 0.0 ], [ 112.378921460000015, -8.188985706999972, 0.0 ], [ 112.379219015000103, -8.189139223999973, 0.0 ], [ 112.379554702000064, -8.189407207999977, 0.0 ], [ 112.379890413000112, -8.189617982999948, 0.0 ], [ 112.380172687000027, -8.189804914999968, 0.0 ], [ 112.380393931000071, -8.190109120999978, 0.0 ], [ 112.380706720000035, -8.190578351999932, 0.0 ], [ 112.380882217000021, -8.190633650999928, 0.0 ], [ 112.381057689000045, -8.19061745099998, 0.0 ], [ 112.382141061000084, -8.191032277999966, 0.0 ], [ 112.382403646000057, -8.191132329999959, 0.0 ], [ 112.38241637200008, -8.191159033999952, 0.0 ], [ 112.382455267000068, -8.191240653999955, 0.0 ], [ 112.382503460000066, -8.191288340999961, 0.0 ], [ 112.382586061000097, -8.19162171499994, 0.0 ], [ 112.382648473000017, -8.19196244799997, 0.0 ], [ 112.382713930000023, -8.192141669999955, 0.0 ], [ 112.382810703000018, -8.192234003999943, 0.0 ], [ 112.382883257000117, -8.192303229999936, 0.0 ], [ 112.38292001800005, -8.192363476999958, 0.0 ], [ 112.382913061000068, -8.192435278999938, 0.0 ], [ 112.382888317000038, -8.192571741999927, 0.0 ], [ 112.382831341000042, -8.192762149999965, 0.0 ], [ 112.382750108000096, -8.19317287399997, 0.0 ], [ 112.382735823000075, -8.193208812999956, 0.0 ], [ 112.382631779, -8.193387305999977, 0.0 ], [ 112.382539128000076, -8.19367832599994, 0.0 ], [ 112.382489392000025, -8.19387947599995, 0.0 ], [ 112.382483749000016, -8.194331698999974, 0.0 ], [ 112.38235506400008, -8.194619252999928, 0.0 ], [ 112.382290846000046, -8.194798918999936, 0.0 ], [ 112.382320381000113, -8.195006974999956, 0.0 ], [ 112.38232249400005, -8.195013499999959, 0.0 ], [ 112.382324416000074, -8.19501943399996, 0.0 ], [ 112.382400483000083, -8.195254335999948, 0.0 ], [ 112.382514139000023, -8.195549723999932, 0.0 ], [ 112.382671902000084, -8.195560968999928, 0.0 ], [ 112.382787286000053, -8.19559407, 0.0 ], [ 112.382898032000071, -8.19567503899998, 0.0 ], [ 112.38299432000008, -8.195741701999964, 0.0 ], [ 112.383061824000038, -8.195818033999956, 0.0 ], [ 112.38311017500007, -8.195911179999939, 0.0 ], [ 112.383112948000075, -8.196018837999929, 0.0 ], [ 112.383145101000082, -8.196289092999962, 0.0 ], [ 112.383183503000055, -8.196387559999948, 0.0 ], [ 112.383353446000115, -8.196873258999972, 0.0 ], [ 112.383362298000065, -8.19689862499996, 0.0 ], [ 112.38336240600006, -8.196898936999958, 0.0 ], [ 112.382438937000074, -8.196951978999948, 0.0 ], [ 112.381670219000057, -8.197075948999952, 0.0 ], [ 112.381385038000076, -8.197066434999954, 0.0 ], [ 112.380725464000079, -8.19707703399996, 0.0 ], [ 112.379699311000081, -8.197007973999973, 0.0 ], [ 112.379397708000056, -8.196987675999935, 0.0 ], [ 112.37937320900005, -8.196985629999972, 0.0 ], [ 112.378335345000096, -8.196898970999939, 0.0 ], [ 112.377913979000027, -8.19684992699996, 0.0 ], [ 112.376869470000088, -8.196743441999956, 0.0 ], [ 112.376718, -8.196728, 0.0 ], [ 112.375464907000037, -8.196630952999953, 0.0 ], [ 112.37497548500005, -8.196608657999946, 0.0 ], [ 112.374662280000052, -8.196600239999952, 0.0 ], [ 112.373822106000034, -8.196549941999933, 0.0 ], [ 112.373187396000048, -8.196475971999973, 0.0 ], [ 112.373080711000057, -8.196463538999978, 0.0 ], [ 112.372057483000049, -8.196369725999944, 0.0 ], [ 112.371409461000098, -8.196307345999969, 0.0 ], [ 112.370437137000067, -8.19626447, 0.0 ], [ 112.370087852000097, -8.196254865999947, 0.0 ], [ 112.369224048000092, -8.196287293999944, 0.0 ], [ 112.368492390000029, -8.19634801199993, 0.0 ], [ 112.367916511000089, -8.196385303999932, 0.0 ], [ 112.367725868000093, -8.19637886299995, 0.0 ], [ 112.367546963000109, -8.196372817999929, 0.0 ], [ 112.367350105000014, -8.196366166999951, 0.0 ], [ 112.366717591000111, -8.196389316999955, 0.0 ], [ 112.366047306000041, -8.196431253999947, 0.0 ], [ 112.365571305000117, -8.196479140999941, 0.0 ], [ 112.365443091000088, -8.196492039999953, 0.0 ], [ 112.365060720000088, -8.196557656999971, 0.0 ], [ 112.364262995000104, -8.196590112999957, 0.0 ], [ 112.363896692000026, -8.196597978999932, 0.0 ], [ 112.363723511000103, -8.196601697999938, 0.0 ], [ 112.36370290800005, -8.196602139999925, 0.0 ], [ 112.36298381600011, -8.196617581999931, 0.0 ], [ 112.361737667000057, -8.196663876999935, 0.0 ], [ 112.360010074000115, -8.196686369999952, 0.0 ], [ 112.35952136800006, -8.196770239999978, 0.0 ], [ 112.359436069000026, -8.196402659999933, 0.0 ], [ 112.359381478000046, -8.196238349999931, 0.0 ], [ 112.359303116000092, -8.196145899999976, 0.0 ], [ 112.358175563000032, -8.195596401999978, 0.0 ], [ 112.357282446000113, -8.195132843999943, 0.0 ], [ 112.35695436900005, -8.194873748999953, 0.0 ], [ 112.356719104000035, -8.194542561999981, 0.0 ], [ 112.356662615, -8.193974043999958, 0.0 ], [ 112.356638301000089, -8.193729336999979, 0.0 ], [ 112.356572397000036, -8.192883162999976, 0.0 ], [ 112.356536413000072, -8.192506893999962, 0.0 ], [ 112.356511152000053, -8.192242739999926, 0.0 ], [ 112.356447825000032, -8.19162565299996, 0.0 ], [ 112.356368912000107, -8.190660488999981, 0.0 ], [ 112.356368553000038, -8.190640935999966, 0.0 ], [ 112.356360240000072, -8.190188316999979, 0.0 ], [ 112.356342415000086, -8.189217816999928, 0.0 ], [ 112.356570143000113, -8.188388002999943, 0.0 ], [ 112.356772841000065, -8.187844982999934, 0.0 ], [ 112.356791468000097, -8.187795080999933, 0.0 ], [ 112.357012190000091, -8.187488408999968, 0.0 ], [ 112.357443985000032, -8.186888470999975, 0.0 ], [ 112.357608733, -8.186607978999973, 0.0 ], [ 112.357720057000051, -8.186507113999937, 0.0 ], [ 112.35792501100002, -8.18639875599996, 0.0 ], [ 112.358061671000087, -8.186333694999973, 0.0 ], [ 112.358158586000059, -8.186232877999942, 0.0 ], [ 112.358179968000059, -8.186164615999928, 0.0 ], [ 112.358183412000017, -8.186117947999946, 0.0 ], [ 112.358165049000036, -8.186013929999945, 0.0 ], [ 112.358146813000076, -8.185934922999934, 0.0 ], [ 112.358102, -8.18593, 0.0 ], [ 112.357702579000033, -8.185943134999945, 0.0 ], [ 112.357467244000077, -8.185943925999936, 0.0 ], [ 112.357371205000049, -8.185949033999975, 0.0 ], [ 112.357265252000047, -8.185863255999948, 0.0 ], [ 112.357197738000082, -8.185782132999975, 0.0 ], [ 112.357193073000076, -8.185771539999962, 0.0 ], [ 112.357149338000113, -8.185672233999981, 0.0 ], [ 112.357110559000034, -8.185567087999971, 0.0 ], [ 112.357105189000094, -8.185399621999977, 0.0 ], [ 112.357142980000049, -8.18521286899994, 0.0 ], [ 112.357147296000107, -8.185069295999938, 0.0 ], [ 112.357084342, -8.184916378999958, 0.0 ], [ 112.356978196000114, -8.184773177999944, 0.0 ], [ 112.356824216000064, -8.184687559999929, 0.0 ], [ 112.356632138, -8.18469777599995, 0.0 ], [ 112.35653616400009, -8.184722024999928, 0.0 ], [ 112.356454615000075, -8.184751009999957, 0.0 ], [ 112.356348906000107, -8.184737008999946, 0.0 ], [ 112.356228578000014, -8.184660848999954, 0.0 ], [ 112.356098580000094, -8.184565579999969, 0.0 ], [ 112.356055311000091, -8.184504432999972, 0.0 ], [ 112.356031018000067, -8.184470100999931, 0.0 ], [ 112.355934558000058, -8.184350792999965, 0.0 ], [ 112.355780417, -8.184217322999928, 0.0 ], [ 112.355607162000069, -8.18411262799998, 0.0 ], [ 112.355429201000106, -8.184036660999936, 0.0 ], [ 112.355140147000043, -8.183774440999969, 0.0 ], [ 112.354923442000086, -8.183602897999947, 0.0 ], [ 112.354701691000059, -8.183359591999931, 0.0 ], [ 112.354619786000058, -8.18328330199995, 0.0 ], [ 112.354691180000032, -8.183091651999973, 0.0 ], [ 112.354929458000015, -8.182540544999938, 0.0 ], [ 112.355071, -8.182252, 0.0 ], [ 112.35529706300008, -8.18159976499993, 0.0 ], [ 112.355357935000029, -8.181424137999954, 0.0 ], [ 112.355714920000082, -8.180470669999977, 0.0 ], [ 112.355957593000085, -8.179799916999968, 0.0 ], [ 112.356200116000082, -8.179125294999949, 0.0 ], [ 112.356338234000077, -8.178741092999928, 0.0 ], [ 112.356707185, -8.177670815999932, 0.0 ], [ 112.356907704000037, -8.177132490999952, 0.0 ], [ 112.356974459000071, -8.176953276999939, 0.0 ], [ 112.357646602000045, -8.175108688999956, 0.0 ], [ 112.357660403000068, -8.175068971999963, 0.0 ], [ 112.357937931000038, -8.174270286999956, 0.0 ], [ 112.35800086800009, -8.174091868999938, 0.0 ], [ 112.35841958200001, -8.172904865999953, 0.0 ], [ 112.35845048300007, -8.172839388999932, 0.0 ], [ 112.3586401230001, -8.172437560999981, 0.0 ], [ 112.359034253, -8.171820132999926, 0.0 ], [ 112.359135231000096, -8.171669101999953, 0.0 ], [ 112.359338879, -8.171364507999954, 0.0 ], [ 112.359638754000116, -8.171118325999942, 0.0 ], [ 112.359690679000096, -8.171100997999929, 0.0 ], [ 112.35984, -8.17132, 0.0 ], [ 112.359955142000103, -8.17175178399998, 0.0 ], [ 112.359960000000115, -8.17177, 0.0 ], [ 112.36, -8.17235999899998, 0.0 ], [ 112.35994, -8.17294, 0.0 ], [ 112.359920000000102, -8.17337, 0.0 ], [ 112.359965131000081, -8.173663351999949, 0.0 ], [ 112.35998, -8.17376, 0.0 ], [ 112.3602, -8.17417, 0.0 ], [ 112.36066, -8.17456, 0.0 ], [ 112.361229999000102, -8.17482, 0.0 ], [ 112.3615, -8.17489, 0.0 ], [ 112.36156, -8.17492, 0.0 ], [ 112.362009999000065, -8.17499, 0.0 ], [ 112.36247, -8.17516, 0.0 ], [ 112.362909999000067, -8.175439998999934, 0.0 ], [ 112.36323, -8.17564, 0.0 ], [ 112.363629999000068, -8.175849998999979, 0.0 ] ] ] ] } },
{ "type": "Feature", "properties": { "OBJECTID": 116956.0, "KDPPUM": "35", "NAMOBJ": "Ngembul", "REMARK": null, "KDPBPS": null, "FCODE": "BA03070040", "LUASWH": null, "UUPP": "Data dari Pemerintah Daerah", "SRS_ID": "SRGI 2013", "METADATA": "TASWIL1000020200326DATA_BATAS_DESA_KELURAHAN", "KDEBPS": null, "KDEPUM": "35.05.16.2006", "KDCBPS": null, "KDCPUM": "35.05.16", "KDBBPS": null, "WADMKD": "Ngembul", "WIADKD": null, "WADMKC": "Binangun", "WIADKC": null, "WADMKK": "Blitar", "WIADKK": null, "WADMPR": "Jawa Timur", "WIADPR": null, "TIPADM": 1.0, "KDPKAB": "35.05", "SHAPE_Leng": 0.14048687969325799, "SHAPE_Area": 0.00037620378153799998 }, "geometry": { "type": "MultiPolygon", "coordinates": [ [ [ [ 112.336410000000114, -8.172, 0.0 ], [ 112.33676, -8.17219, 0.0 ], [ 112.33732, -8.17252, 0.0 ], [ 112.337720000000104, -8.172729998999955, 0.0 ], [ 112.33804, -8.17282, 0.0 ], [ 112.33852, -8.17284, 0.0 ], [ 112.33891, -8.172689998999942, 0.0 ], [ 112.33924, -8.17245, 0.0 ], [ 112.33959, -8.17214, 0.0 ], [ 112.339874481000038, -8.171751208999979, 0.0 ], [ 112.340440917000024, -8.172023627999977, 0.0 ], [ 112.341081506000023, -8.172246175999931, 0.0 ], [ 112.341844944000059, -8.172511401999941, 0.0 ], [ 112.342037262000076, -8.17257821499993, 0.0 ], [ 112.341790276000097, -8.173402106999959, 0.0 ], [ 112.341640511000037, -8.174058707999961, 0.0 ], [ 112.341634780000049, -8.174083834999976, 0.0 ], [ 112.341406874000086, -8.175083021999967, 0.0 ], [ 112.34138331500003, -8.175252740999952, 0.0 ], [ 112.341287670000042, -8.175941784999964, 0.0 ], [ 112.34124273000009, -8.176265537999939, 0.0 ], [ 112.341155015000027, -8.177002093999931, 0.0 ], [ 112.341126458000076, -8.177241888999959, 0.0 ], [ 112.34107455100002, -8.177677760999927, 0.0 ], [ 112.340998121000098, -8.178257276999943, 0.0 ], [ 112.340917897000054, -8.17886555299998, 0.0 ], [ 112.340873136000027, -8.179204942999945, 0.0 ], [ 112.340847974000098, -8.179647428999942, 0.0 ], [ 112.340832311000099, -8.179922873999942, 0.0 ], [ 112.343495087000065, -8.180531333999966, 0.0 ], [ 112.34396743800005, -8.18064672099996, 0.0 ], [ 112.344045541000014, -8.180665799999929, 0.0 ], [ 112.345369708000021, -8.180989269999941, 0.0 ], [ 112.34653783400006, -8.18120001099993, 0.0 ], [ 112.346984421000116, -8.181280578999974, 0.0 ], [ 112.347863594000046, -8.181358995999972, 0.0 ], [ 112.34836813700008, -8.18143387799995, 0.0 ], [ 112.348437974000035, -8.180778058999977, 0.0 ], [ 112.348528937000083, -8.180691620999937, 0.0 ], [ 112.3486510030001, -8.180613188999928, 0.0 ], [ 112.348817412000017, -8.180893803999936, 0.0 ], [ 112.348969386000022, -8.181097867999938, 0.0 ], [ 112.349130483000067, -8.181247126999949, 0.0 ], [ 112.349309040000094, -8.181412562999981, 0.0 ], [ 112.349572678000072, -8.181616253999948, 0.0 ], [ 112.349868602000015, -8.18178035699998, 0.0 ], [ 112.350074341000095, -8.181905283999981, 0.0 ], [ 112.350168248000045, -8.18198033799996, 0.0 ], [ 112.350222545000065, -8.182059113999969, 0.0 ], [ 112.350266144000102, -8.182170225999926, 0.0 ], [ 112.350266398000031, -8.182245593999937, 0.0 ], [ 112.350220445000105, -8.182384553999952, 0.0 ], [ 112.350155459, -8.182461302999968, 0.0 ], [ 112.350112343000092, -8.182493746999967, 0.0 ], [ 112.349968370000056, -8.182526528999972, 0.0 ], [ 112.349752403000025, -8.182573906999949, 0.0 ], [ 112.349678536000056, -8.182577353999932, 0.0 ], [ 112.349338227000089, -8.182593235999946, 0.0 ], [ 112.348945748, -8.18263761399993, 0.0 ], [ 112.348686557000065, -8.182685135999975, 0.0 ], [ 112.348546284, -8.182738781999944, 0.0 ], [ 112.348506683000096, -8.182753926999965, 0.0 ], [ 112.34845237400009, -8.182797932999961, 0.0 ], [ 112.348413283000014, -8.182829607999963, 0.0 ], [ 112.348325912000064, -8.182976701999962, 0.0 ], [ 112.348266371000022, -8.183059791999938, 0.0 ], [ 112.348212799000066, -8.183196351999925, 0.0 ], [ 112.348205715000063, -8.183232264999958, 0.0 ], [ 112.348205932000042, -8.183296865999978, 0.0 ], [ 112.348242375000041, -8.183422357999973, 0.0 ], [ 112.348290024000107, -8.183494734999954, 0.0 ], [ 112.348343752, -8.183576344999949, 0.0 ], [ 112.348455971000021, -8.183741062999957, 0.0 ], [ 112.348542856000108, -8.183869975999926, 0.0 ], [ 112.348579299000107, -8.183995467999978, 0.0 ], [ 112.348579661000031, -8.184103135999976, 0.0 ], [ 112.348572815000011, -8.184199608999961, 0.0 ], [ 112.348572783, -8.184200060999956, 0.0 ], [ 112.348511958000017, -8.184322288999965, 0.0 ], [ 112.348418726000091, -8.184448213999929, 0.0 ], [ 112.348373243000083, -8.184499367999933, 0.0 ], [ 112.348300305000066, -8.184581401999935, 0.0 ], [ 112.34808814400003, -8.184689778999939, 0.0 ], [ 112.347792609000066, -8.184796737999932, 0.0 ], [ 112.347465709000062, -8.184907193999948, 0.0 ], [ 112.347149111000022, -8.185023097999931, 0.0 ], [ 112.346826261000047, -8.185186171999931, 0.0 ], [ 112.346753642000067, -8.185250521999933, 0.0 ], [ 112.346724994000056, -8.185300862999952, 0.0 ], [ 112.346703526000056, -8.185344001999965, 0.0 ], [ 112.346700093000095, -8.185394258999963, 0.0 ], [ 112.346714730000031, -8.185462400999938, 0.0 ], [ 112.346772557, -8.185519631999966, 0.0 ], [ 112.346782822000023, -8.185526323999966, 0.0 ], [ 112.346931398000038, -8.185623181999972, 0.0 ], [ 112.347133265000025, -8.185716438999975, 0.0 ], [ 112.347155077000025, -8.185726515999932, 0.0 ], [ 112.347512191000078, -8.185876060999931, 0.0 ], [ 112.347681682000029, -8.185932918999981, 0.0 ], [ 112.347710840000104, -8.185955111999931, 0.0 ], [ 112.347775578000096, -8.186004384999933, 0.0 ], [ 112.347826248000047, -8.186075994999953, 0.0 ], [ 112.347840946000019, -8.186162080999964, 0.0 ], [ 112.347833959000013, -8.186226705999957, 0.0 ], [ 112.347798204000014, -8.186305782999966, 0.0 ], [ 112.347744486000011, -8.186399274999928, 0.0 ], [ 112.347619028000054, -8.186582731999977, 0.0 ], [ 112.347611147000066, -8.186593158999926, 0.0 ], [ 112.34745046, -8.186805771999957, 0.0 ], [ 112.347405886000047, -8.186826474999975, 0.0 ], [ 112.347394594000093, -8.186870058999943, 0.0 ], [ 112.347215607000066, -8.187058578999938, 0.0 ], [ 112.347199236000051, -8.187075820999951, 0.0 ], [ 112.346998073, -8.187241584999981, 0.0 ], [ 112.346768021000116, -8.187385911999968, 0.0 ], [ 112.346721138000021, -8.187422621999929, 0.0 ], [ 112.346620721000022, -8.187501249999968, 0.0 ], [ 112.346513055000059, -8.18762004499996, 0.0 ], [ 112.34636806900005, -8.187809165999965, 0.0 ], [ 112.346298102000105, -8.187912560999962, 0.0 ], [ 112.34627088000002, -8.187957537999978, 0.0 ], [ 112.346184517000097, -8.188113585999929, 0.0 ], [ 112.346133197000086, -8.188206313999956, 0.0 ], [ 112.346104621000109, -8.188278188999959, 0.0 ], [ 112.346103175000053, -8.188335342999949, 0.0 ], [ 112.346101441000087, -8.188403813999969, 0.0 ], [ 112.34611988600011, -8.188532954999971, 0.0 ], [ 112.346163991000026, -8.188794802999951, 0.0 ], [ 112.346208588000081, -8.188974110999936, 0.0 ], [ 112.346298488000116, -8.189335570999958, 0.0 ], [ 112.346299913000053, -8.189344218999963, 0.0 ], [ 112.346353645000022, -8.189670357999944, 0.0 ], [ 112.346371456000043, -8.190089625999974, 0.0 ], [ 112.346379899000112, -8.190173928999968, 0.0 ], [ 112.346391757000106, -8.19029231899998, 0.0 ], [ 112.346415979000085, -8.190431289999935, 0.0 ], [ 112.346416243000021, -8.190432804999944, 0.0 ], [ 112.346452546000023, -8.190516426999977, 0.0 ], [ 112.346503898000037, -8.190611960999945, 0.0 ], [ 112.346663361000083, -8.190757715999951, 0.0 ], [ 112.34679295300009, -8.190874187999952, 0.0 ], [ 112.346970591000058, -8.191032107999945, 0.0 ], [ 112.347278939000034, -8.191298059999951, 0.0 ], [ 112.347298741000031, -8.191315138999926, 0.0 ], [ 112.347398112000064, -8.191407522999953, 0.0 ], [ 112.347422053000059, -8.191518978999966, 0.0 ], [ 112.347423923000065, -8.191527682999947, 0.0 ], [ 112.347040321, -8.191486626999961, 0.0 ], [ 112.346112639000012, -8.191271990999951, 0.0 ], [ 112.345692462000102, -8.191294926999944, 0.0 ], [ 112.344918153000094, -8.191363748999947, 0.0 ], [ 112.344819290000032, -8.191580169999952, 0.0 ], [ 112.344127574000026, -8.191551369999956, 0.0 ], [ 112.343647320000059, -8.1915625399999, 0.0 ], [ 112.342919591000054, -8.191536250999945, 0.0 ], [ 112.342804539000099, -8.191601234999951, 0.0 ], [ 112.342667665000022, -8.191604082999959, 0.0 ], [ 112.341827116000104, -8.19159252299994, 0.0 ], [ 112.340676787, -8.191528460999962, 0.0 ], [ 112.340146640000057, -8.191430207999929, 0.0 ], [ 112.339976228000069, -8.191398624999977, 0.0 ], [ 112.339251897000054, -8.191344517999937, 0.0 ], [ 112.339271887000109, -8.191098774999944, 0.0 ], [ 112.339276921000078, -8.190808648999962, 0.0 ], [ 112.339258, -8.190771, 0.0 ], [ 112.339024069000061, -8.190711766999925, 0.0 ], [ 112.338678320000099, -8.190625598999929, 0.0 ], [ 112.338067893000016, -8.190619332999972, 0.0 ], [ 112.337785721000046, -8.190616435999971, 0.0 ], [ 112.337833260000025, -8.190086447999931, 0.0 ], [ 112.33787519200007, -8.189698698999962, 0.0 ], [ 112.337857771000017, -8.188796725999964, 0.0 ], [ 112.336923574000025, -8.188724946999969, 0.0 ], [ 112.336908077000089, -8.188460114999941, 0.0 ], [ 112.336084071000073, -8.188367136999943, 0.0 ], [ 112.336080816000049, -8.18811113299995, 0.0 ], [ 112.335121500000014, -8.188100409999947, 0.0 ], [ 112.335032073000093, -8.1880994099999, 0.0 ], [ 112.334848527000077, -8.188097358999926, 0.0 ], [ 112.334841972000049, -8.188046921999955, 0.0 ], [ 112.334840327000052, -8.187924331999966, 0.0 ], [ 112.334833066000101, -8.187382982999964, 0.0 ], [ 112.334839493000118, -8.187149677999969, 0.0 ], [ 112.334964013000103, -8.18668269799997, 0.0 ], [ 112.335149423000075, -8.186111435999976, 0.0 ], [ 112.335163616000045, -8.186046786999952, 0.0 ], [ 112.335166548000075, -8.185845793999931, 0.0 ], [ 112.335165184000061, -8.18582624499993, 0.0 ], [ 112.335128722000036, -8.185303981999937, 0.0 ], [ 112.335094164000111, -8.184661667999933, 0.0 ], [ 112.335063428000012, -8.183994148999943, 0.0 ], [ 112.335055335000106, -8.183818383999949, 0.0 ], [ 112.335036227000046, -8.18349143699993, 0.0 ], [ 112.335001859000045, -8.182903368999973, 0.0 ], [ 112.334925468000051, -8.181597228999976, 0.0 ], [ 112.334909579000055, -8.181152246999943, 0.0 ], [ 112.334827192000034, -8.18020861499997, 0.0 ], [ 112.334774925000033, -8.17965608399993, 0.0 ], [ 112.334779514000047, -8.178870079999967, 0.0 ], [ 112.334752413000047, -8.178303108999955, 0.0 ], [ 112.334565936000104, -8.17827124799993, 0.0 ], [ 112.333826164000016, -8.178148250999925, 0.0 ], [ 112.333076230000074, -8.17791253799993, 0.0 ], [ 112.332289407000076, -8.177731659999949, 0.0 ], [ 112.331897641000069, -8.177721046999977, 0.0 ], [ 112.331638260000091, -8.177714019999939, 0.0 ], [ 112.330870847000028, -8.177662711999972, 0.0 ], [ 112.330048237000028, -8.177630673999943, 0.0 ], [ 112.32952018900005, -8.17769945799995, 0.0 ], [ 112.329127721000077, -8.17774740599998, 0.0 ], [ 112.328721320000113, -8.17793895899996, 0.0 ], [ 112.328318616000047, -8.178159211999969, 0.0 ], [ 112.32797696800003, -8.178325427999937, 0.0 ], [ 112.327703628000108, -8.178451940999935, 0.0 ], [ 112.327272343000118, -8.178744066999968, 0.0 ], [ 112.327020805000075, -8.178927931999965, 0.0 ], [ 112.326790641000116, -8.179039946999978, 0.0 ], [ 112.326567634000071, -8.179137581999953, 0.0 ], [ 112.326326521000055, -8.179206563999969, 0.0 ], [ 112.325905685000066, -8.179390983999951, 0.0 ], [ 112.325524365000092, -8.179542972999968, 0.0 ], [ 112.325332178000053, -8.17956099, 0.0 ], [ 112.325208718000113, -8.179589675999978, 0.0 ], [ 112.325186399000017, -8.179734298999961, 0.0 ], [ 112.325136504000056, -8.179895966999936, 0.0 ], [ 112.325093492000065, -8.179960710999978, 0.0 ], [ 112.325032399000065, -8.180003978999935, 0.0 ], [ 112.324841321, -8.180055826999933, 0.0 ], [ 112.324817069, -8.180082535999929, 0.0 ], [ 112.324653378000107, -8.180253909999976, 0.0 ], [ 112.324496698000075, -8.180310799999972, 0.0 ], [ 112.324089797000056, -8.18036002599996, 0.0 ], [ 112.324018061000061, -8.180445161999955, 0.0 ], [ 112.32396419600002, -8.18049558499996, 0.0 ], [ 112.323924762000047, -8.180553137999937, 0.0 ], [ 112.323888967000016, -8.180621445999975, 0.0 ], [ 112.323896443000081, -8.180703968999978, 0.0 ], [ 112.323903956000095, -8.180797258999974, 0.0 ], [ 112.323914963000107, -8.180858235999949, 0.0 ], [ 112.32388646600009, -8.180955231999974, 0.0 ], [ 112.323857875000044, -8.181023516999971, 0.0 ], [ 112.323789660000102, -8.181091930999969, 0.0 ], [ 112.323703341000055, -8.181131692999941, 0.0 ], [ 112.323627815, -8.181167830999925, 0.0 ], [ 112.323556011000051, -8.181239845999926, 0.0 ], [ 112.323523864000094, -8.181322497999929, 0.0 ], [ 112.323491682000054, -8.18139438399993, 0.0 ], [ 112.323412721000068, -8.181480778999969, 0.0 ], [ 112.323348025000087, -8.181524058999969, 0.0 ], [ 112.323268910000024, -8.181563796999967, 0.0 ], [ 112.323034916000097, -8.181607630999963, 0.0 ], [ 112.322599052000101, -8.181605468999976, 0.0 ], [ 112.322368601000107, -8.18163134699995, 0.0 ], [ 112.321961979000093, -8.181758292999973, 0.0 ], [ 112.321587681000096, -8.181856420999964, 0.0 ], [ 112.321396936000042, -8.181907290999959, 0.0 ], [ 112.321213407000073, -8.18196172599994, 0.0 ], [ 112.320980576000011, -8.181977171999961, 0.0 ], [ 112.320604736000064, -8.181988838999928, 0.0 ], [ 112.320334520000074, -8.181971776999944, 0.0 ], [ 112.320090370000116, -8.181885207999926, 0.0 ], [ 112.32005812400007, -8.181884001999947, 0.0 ], [ 112.319963268000038, -8.181901209999978, 0.0 ], [ 112.31970013800003, -8.181848234999961, 0.0 ], [ 112.319462246000057, -8.181802354999945, 0.0 ], [ 112.319267745000047, -8.181806578999954, 0.0 ], [ 112.319054178000101, -8.181855129999974, 0.0 ], [ 112.318943840000088, -8.181893772999956, 0.0 ], [ 112.318790229000115, -8.181918200999974, 0.0 ], [ 112.318439547000025, -8.181895418999943, 0.0 ], [ 112.317939773000035, -8.181810912999936, 0.0 ], [ 112.317454424000061, -8.181731144999958, 0.0 ], [ 112.316930589000094, -8.18163236099997, 0.0 ], [ 112.316459586000065, -8.181533402999946, 0.0 ], [ 112.316002265000066, -8.181479048999961, 0.0 ], [ 112.315978615000063, -8.181496081999967, 0.0 ], [ 112.315938816000084, -8.181164619999947, 0.0 ], [ 112.31593229300006, -8.181110292999961, 0.0 ], [ 112.315930256000115, -8.18098089199998, 0.0 ], [ 112.315926936000096, -8.180769975999965, 0.0 ], [ 112.315979382000023, -8.180475102999935, 0.0 ], [ 112.316017465000073, -8.180223391999959, 0.0 ], [ 112.316115917000047, -8.180117781999968, 0.0 ], [ 112.316091567000058, -8.179933277999965, 0.0 ], [ 112.315814691000014, -8.179775538999934, 0.0 ], [ 112.315831202000027, -8.179660797999929, 0.0 ], [ 112.315883679000081, -8.179296096999963, 0.0 ], [ 112.315894741000079, -8.179202768999971, 0.0 ], [ 112.315924025000072, -8.178955706999943, 0.0 ], [ 112.315989474000048, -8.178516181999953, 0.0 ], [ 112.316002558000037, -8.178428315999952, 0.0 ], [ 112.316027751000092, -8.178254855999967, 0.0 ], [ 112.316059657000096, -8.178035171999966, 0.0 ], [ 112.316193371000054, -8.177419016999977, 0.0 ], [ 112.316249642000116, -8.177161855999941, 0.0 ], [ 112.316262620000089, -8.177102546999947, 0.0 ], [ 112.316355769000097, -8.17669017299994, 0.0 ], [ 112.316353060000097, -8.17650084099995, 0.0 ], [ 112.316348958000049, -8.17635323099995, 0.0 ], [ 112.316344083000104, -8.176177782999957, 0.0 ], [ 112.316337743000076, -8.17594963199997, 0.0 ], [ 112.316334536000113, -8.175773826999944, 0.0 ], [ 112.316329831000076, -8.175515848999964, 0.0 ], [ 112.316331518000084, -8.175067669999976, 0.0 ], [ 112.316386649000037, -8.174947748999955, 0.0 ], [ 112.316502997000043, -8.174734626999964, 0.0 ], [ 112.316600101000063, -8.17455675399998, 0.0 ], [ 112.316816147000054, -8.174283189999926, 0.0 ], [ 112.316765307000082, -8.174079554999935, 0.0 ], [ 112.316739472000108, -8.173960055999942, 0.0 ], [ 112.316672788, -8.173651613999937, 0.0 ], [ 112.316709312000057, -8.173556747999953, 0.0 ], [ 112.316756454000028, -8.173434303999954, 0.0 ], [ 112.31680192500005, -8.173334334999936, 0.0 ], [ 112.316947189000075, -8.173014964999936, 0.0 ], [ 112.317108368000049, -8.17253842599996, 0.0 ], [ 112.31725326000003, -8.17211004, 0.0 ], [ 112.317334852000045, -8.171868805999964, 0.0 ], [ 112.317459195000083, -8.171485453999935, 0.0 ], [ 112.317691449000108, -8.170769406999966, 0.0 ], [ 112.317748162000044, -8.17048927899998, 0.0 ], [ 112.317833715, -8.170216234999941, 0.0 ], [ 112.317841303000023, -8.169815335999942, 0.0 ], [ 112.317899499000077, -8.169592098999942, 0.0 ], [ 112.31794199400008, -8.169365253999956, 0.0 ], [ 112.318490000000111, -8.169219998999949, 0.0 ], [ 112.319009999000059, -8.16915, 0.0 ], [ 112.31949, -8.16913, 0.0 ], [ 112.32003, -8.16915, 0.0 ], [ 112.320529999000087, -8.169239998999956, 0.0 ], [ 112.320894562000035, -8.169407501999956, 0.0 ], [ 112.320908191000058, -8.169429967999974, 0.0 ], [ 112.321060000000102, -8.1698, 0.0 ], [ 112.3213, -8.17049, 0.0 ], [ 112.32154, -8.17124999899994, 0.0 ], [ 112.32185, -8.17188, 0.0 ], [ 112.32226, -8.17218, 0.0 ], [ 112.32283, -8.17218, 0.0 ], [ 112.322997416000021, -8.172122047999949, 0.0 ], [ 112.323288742000045, -8.172021204999965, 0.0 ], [ 112.32335, -8.172, 0.0 ], [ 112.323402981000072, -8.171955169999933, 0.0 ], [ 112.32347898, -8.171890862999931, 0.0 ], [ 112.32374, -8.17167, 0.0 ], [ 112.32409, -8.171149998999965, 0.0 ], [ 112.32437, -8.170349998999939, 0.0 ], [ 112.32473, -8.16966, 0.0 ], [ 112.32512, -8.16903, 0.0 ], [ 112.325619999000082, -8.168439998999929, 0.0 ], [ 112.325989999000058, -8.16818, 0.0 ], [ 112.326640000000111, -8.168049998999948, 0.0 ], [ 112.32712, -8.168109998999967, 0.0 ], [ 112.327669999000022, -8.16826, 0.0 ], [ 112.328120149000029, -8.168622075999963, 0.0 ], [ 112.328160523000065, -8.16868517599994, 0.0 ], [ 112.328389999000024, -8.1691, 0.0 ], [ 112.32859, -8.16949, 0.0 ], [ 112.32883, -8.16973, 0.0 ], [ 112.329129999000088, -8.16984, 0.0 ], [ 112.32972, -8.169959998999957, 0.0 ], [ 112.33055, -8.17007, 0.0 ], [ 112.3314, -8.17013, 0.0 ], [ 112.33259, -8.17017, 0.0 ], [ 112.33342, -8.17028, 0.0 ], [ 112.33375, -8.17044999899997, 0.0 ], [ 112.33414, -8.17066, 0.0 ], [ 112.3346, -8.17092, 0.0 ], [ 112.335059999, -8.17124999899994, 0.0 ], [ 112.335449999000048, -8.17153, 0.0 ], [ 112.33591, -8.17179, 0.0 ], [ 112.336410000000114, -8.172, 0.0 ] ] ], [ [ [ 112.328186799000036, -8.18622030299997, 0.0 ], [ 112.328321104000111, -8.186251184999946, 0.0 ], [ 112.328345589000037, -8.186302558999955, 0.0 ], [ 112.329202890000033, -8.186505659999966, 0.0 ], [ 112.329301053000108, -8.186528915999929, 0.0 ], [ 112.329382766000094, -8.186548273999961, 0.0 ], [ 112.329481161000103, -8.186571584999967, 0.0 ], [ 112.329960267000047, -8.186577184999976, 0.0 ], [ 112.330234076000011, -8.186590638999974, 0.0 ], [ 112.330319164000116, -8.186587827999972, 0.0 ], [ 112.33037803000002, -8.186585882999964, 0.0 ], [ 112.330716712000026, -8.186574692999955, 0.0 ], [ 112.331441515000051, -8.186518621999937, 0.0 ], [ 112.331671118000031, -8.186524888999941, 0.0 ], [ 112.331714570000031, -8.186592936999944, 0.0 ], [ 112.331850718000055, -8.186925799999926, 0.0 ], [ 112.331843880000065, -8.186949251999977, 0.0 ], [ 112.331800956000052, -8.187040314999933, 0.0 ], [ 112.331815540000093, -8.187092904999929, 0.0 ], [ 112.331878239000048, -8.187171655999975, 0.0 ], [ 112.331900074000032, -8.187238578999938, 0.0 ], [ 112.331883447000109, -8.18729366499997, 0.0 ], [ 112.331842822000112, -8.187353615999939, 0.0 ], [ 112.331828692000045, -8.187437404999969, 0.0 ], [ 112.331833733000053, -8.187509167999963, 0.0 ], [ 112.331831483000087, -8.187554635999959, 0.0 ], [ 112.331814816000019, -8.187597758999971, 0.0 ], [ 112.331764967000026, -8.187772587999973, 0.0 ], [ 112.331801250000012, -8.187851425999952, 0.0 ], [ 112.33155759400006, -8.187914817999967, 0.0 ], [ 112.331068165000033, -8.188055205999945, 0.0 ], [ 112.330818449000049, -8.188065599999959, 0.0 ], [ 112.330626240000015, -8.188037521999945, 0.0 ], [ 112.330505259, -8.188018897999939, 0.0 ], [ 112.33044363700003, -8.188009411999928, 0.0 ], [ 112.330251523000015, -8.188010044999942, 0.0 ], [ 112.330021209000051, -8.188077797999938, 0.0 ], [ 112.329877330000045, -8.188140481999937, 0.0 ], [ 112.329752805000112, -8.188246168999967, 0.0 ], [ 112.329720090000023, -8.18851904, 0.0 ], [ 112.329697973000066, -8.188581976999956, 0.0 ], [ 112.329610657000103, -8.18883044699993, 0.0 ], [ 112.329510114000072, -8.18906764299993, 0.0 ], [ 112.329486751000104, -8.189122759999975, 0.0 ], [ 112.329483756000059, -8.189127094999947, 0.0 ], [ 112.329304709000098, -8.189386259999935, 0.0 ], [ 112.328943833000039, -8.189807094999935, 0.0 ], [ 112.328903524000111, -8.18985410099998, 0.0 ], [ 112.328485390000083, -8.189675908999959, 0.0 ], [ 112.327927496000029, -8.189448048999964, 0.0 ], [ 112.327310329000056, -8.189250285999947, 0.0 ], [ 112.326537978000033, -8.189002796999944, 0.0 ], [ 112.326660936000053, -8.188423367999974, 0.0 ], [ 112.325729245000048, -8.188445569999942, 0.0 ], [ 112.325383518000081, -8.188470631999962, 0.0 ], [ 112.324720729000092, -8.188551307999944, 0.0 ], [ 112.324739686000044, -8.187541824999926, 0.0 ], [ 112.325129003000029, -8.187435886999936, 0.0 ], [ 112.325240316000077, -8.187394393999966, 0.0 ], [ 112.325290901000017, -8.187375538999959, 0.0 ], [ 112.32554260500001, -8.18724012499996, 0.0 ], [ 112.325662310000098, -8.187129070999958, 0.0 ], [ 112.325820969, -8.186996952999948, 0.0 ], [ 112.326066531000038, -8.186819687999957, 0.0 ], [ 112.326210131000039, -8.186672664999946, 0.0 ], [ 112.326279053, -8.186636548999957, 0.0 ], [ 112.326371950000066, -8.1865883899999, 0.0 ], [ 112.326473029000113, -8.186514637999949, 0.0 ], [ 112.326536651000083, -8.18646821599998, 0.0 ], [ 112.326653542000031, -8.186413996999931, 0.0 ], [ 112.326722325000105, -8.186336008999945, 0.0 ], [ 112.326847834000091, -8.186243845999968, 0.0 ], [ 112.327112956000065, -8.186244888999965, 0.0 ], [ 112.327213465000114, -8.186245893999967, 0.0 ], [ 112.327257048000092, -8.186246328999971, 0.0 ], [ 112.327324205000082, -8.18622122499994, 0.0 ], [ 112.327421371000014, -8.186223050999956, 0.0 ], [ 112.327490382000065, -8.18621385199998, 0.0 ], [ 112.327553330000114, -8.186186726999949, 0.0 ], [ 112.327646197000035, -8.186129595999944, 0.0 ], [ 112.32776917000001, -8.186099282999976, 0.0 ], [ 112.328017099000022, -8.186027533999948, 0.0 ], [ 112.328186799000036, -8.18622030299997, 0.0 ] ] ] ] } },
{ "type": "Feature", "properties": { "OBJECTID": 116957.0, "KDPPUM": "35", "NAMOBJ": "Rejoso", "REMARK": null, "KDPBPS": null, "FCODE": "BA03070040", "LUASWH": null, "UUPP": "Data dari Pemerintah Daerah", "SRS_ID": "SRGI 2013", "METADATA": "TASWIL1000020200326DATA_BATAS_DESA_KELURAHAN", "KDEBPS": null, "KDEPUM": "35.05.16.2005", "KDCBPS": null, "KDCPUM": "35.05.16", "KDBBPS": null, "WADMKD": "Rejoso", "WIADKD": null, "WADMKC": "Binangun", "WIADKC": null, "WADMKK": "Blitar", "WIADKK": null, "WADMPR": "Jawa Timur", "WIADPR": null, "TIPADM": 1.0, "KDPKAB": "35.05", "SHAPE_Leng": 0.111203004562137, "SHAPE_Area": 0.00038843549684699997 }, "geometry": { "type": "MultiPolygon", "coordinates": [ [ [ [ 112.334841972000049, -8.188046921999955, 0.0 ], [ 112.334848527000077, -8.188097358999926, 0.0 ], [ 112.335032073000093, -8.1880994099999, 0.0 ], [ 112.335121500000014, -8.188100409999947, 0.0 ], [ 112.336080816000049, -8.18811113299995, 0.0 ], [ 112.336084071000073, -8.188367136999943, 0.0 ], [ 112.336908077000089, -8.188460114999941, 0.0 ], [ 112.336923574000025, -8.188724946999969, 0.0 ], [ 112.337857771000017, -8.188796725999964, 0.0 ], [ 112.33787519200007, -8.189698698999962, 0.0 ], [ 112.337833260000025, -8.190086447999931, 0.0 ], [ 112.337785721000046, -8.190616435999971, 0.0 ], [ 112.338067893000016, -8.190619332999972, 0.0 ], [ 112.338678320000099, -8.190625598999929, 0.0 ], [ 112.339024069000061, -8.190711766999925, 0.0 ], [ 112.339258, -8.190771, 0.0 ], [ 112.339276921000078, -8.190808648999962, 0.0 ], [ 112.339271887000109, -8.191098774999944, 0.0 ], [ 112.339251897000054, -8.191344517999937, 0.0 ], [ 112.339976228000069, -8.191398624999977, 0.0 ], [ 112.340146640000057, -8.191430207999929, 0.0 ], [ 112.340676787, -8.191528460999962, 0.0 ], [ 112.341827116000104, -8.19159252299994, 0.0 ], [ 112.342667665000022, -8.191604082999959, 0.0 ], [ 112.342804539000099, -8.191601234999951, 0.0 ], [ 112.342919591000054, -8.191536250999945, 0.0 ], [ 112.343647320000059, -8.1915625399999, 0.0 ], [ 112.344127574000026, -8.191551369999956, 0.0 ], [ 112.344819290000032, -8.191580169999952, 0.0 ], [ 112.344918153000094, -8.191363748999947, 0.0 ], [ 112.345692462000102, -8.191294926999944, 0.0 ], [ 112.346112639000012, -8.191271990999951, 0.0 ], [ 112.347040321, -8.191486626999961, 0.0 ], [ 112.347423923000065, -8.191527682999947, 0.0 ], [ 112.347413684000117, -8.191574955999954, 0.0 ], [ 112.347384018000071, -8.191679732999944, 0.0 ], [ 112.347324345000061, -8.19178760099993, 0.0 ], [ 112.347207627000103, -8.191892668999969, 0.0 ], [ 112.347207442000013, -8.191892804999952, 0.0 ], [ 112.347072879000052, -8.191991815999927, 0.0 ], [ 112.346983026000089, -8.19205193199997, 0.0 ], [ 112.346941242000071, -8.192123850999963, 0.0 ], [ 112.346882024000024, -8.192273214999943, 0.0 ], [ 112.346818866000035, -8.19246130199997, 0.0 ], [ 112.346801466000102, -8.19251312199998, 0.0 ], [ 112.34671, -8.19274, 0.0 ], [ 112.346684579000112, -8.192844008999941, 0.0 ], [ 112.346646343000089, -8.193000446999974, 0.0 ], [ 112.346593482000117, -8.193150858999957, 0.0 ], [ 112.346591044000093, -8.193318351999949, 0.0 ], [ 112.346602320000102, -8.193395156999941, 0.0 ], [ 112.346624838000025, -8.193548531999966, 0.0 ], [ 112.346712896000099, -8.193847318999929, 0.0 ], [ 112.346714331000044, -8.19386217899995, 0.0 ], [ 112.346728401000064, -8.194007811999938, 0.0 ], [ 112.346728609000024, -8.194056622999938, 0.0 ], [ 112.346719704000066, -8.19408656, 0.0 ], [ 112.346692778000033, -8.194113567999977, 0.0 ], [ 112.346620825000059, -8.194140724999954, 0.0 ], [ 112.34653679500002, -8.194146986999954, 0.0 ], [ 112.346341617, -8.194129693999969, 0.0 ], [ 112.346143281000082, -8.194119139999941, 0.0 ], [ 112.346099723000066, -8.19414562299994, 0.0 ], [ 112.346086726000067, -8.194208304999961, 0.0 ], [ 112.346071837000068, -8.194244244999936, 0.0 ], [ 112.346063063000088, -8.194313062999981, 0.0 ], [ 112.346065433000035, -8.194326491999959, 0.0 ], [ 112.34607836400005, -8.194399744999942, 0.0 ], [ 112.346137128, -8.194530566999958, 0.0 ], [ 112.346269406000033, -8.194675589999974, 0.0 ], [ 112.346582462000015, -8.194936466999934, 0.0 ], [ 112.346878668000045, -8.19494894099995, 0.0 ], [ 112.34714025400001, -8.195000123999932, 0.0 ], [ 112.347233281000058, -8.19505685799993, 0.0 ], [ 112.347359477000055, -8.195092325999951, 0.0 ], [ 112.347476759000074, -8.195154740999953, 0.0 ], [ 112.347503492000101, -8.195179261999954, 0.0 ], [ 112.347600216000046, -8.195267979999926, 0.0 ], [ 112.347672733000081, -8.195408304999944, 0.0 ], [ 112.347682037000027, -8.195451619999972, 0.0 ], [ 112.347697130000029, -8.195521873999951, 0.0 ], [ 112.347697267000058, -8.195562826999947, 0.0 ], [ 112.347697401, -8.195602624999935, 0.0 ], [ 112.347631684000021, -8.195698550999964, 0.0 ], [ 112.347548066000058, -8.195827434999956, 0.0 ], [ 112.347458394000114, -8.195941384999969, 0.0 ], [ 112.347296839000023, -8.196103427999958, 0.0 ], [ 112.347018515000059, -8.196355585999981, 0.0 ], [ 112.346844903000033, -8.196502714999951, 0.0 ], [ 112.346743073000084, -8.196571843999948, 0.0 ], [ 112.346695124, -8.196595929999944, 0.0 ], [ 112.346662094000067, -8.196593049999933, 0.0 ], [ 112.346577862000117, -8.196539496999947, 0.0 ], [ 112.346495127000026, -8.196491395999942, 0.0 ], [ 112.346394650000093, -8.196510199999977, 0.0 ], [ 112.346313621000036, -8.196516451999969, 0.0 ], [ 112.346208497000021, -8.196498857999927, 0.0 ], [ 112.34611596600007, -8.196498711999936, 0.0 ], [ 112.346098980000079, -8.196521075999954, 0.0 ], [ 112.346060417000103, -8.1965619599999, 0.0 ], [ 112.346051462000105, -8.196576943999958, 0.0 ], [ 112.346036654000045, -8.196636809999973, 0.0 ], [ 112.34603091200006, -8.196714589999942, 0.0 ], [ 112.346022329000107, -8.196840232999932, 0.0 ], [ 112.346031857000071, -8.19699572299993, 0.0 ], [ 112.346014309000111, -8.197133358999963, 0.0 ], [ 112.345948953000061, -8.197281504999978, 0.0 ], [ 112.345921876000034, -8.197319096999934, 0.0 ], [ 112.345897922000063, -8.197337121999965, 0.0 ], [ 112.345831922000116, -8.197349305999978, 0.0 ], [ 112.345747840000058, -8.197340613999927, 0.0 ], [ 112.345731787000091, -8.197339683999928, 0.0 ], [ 112.345552681000072, -8.197329301999957, 0.0 ], [ 112.345393544000103, -8.19731786899996, 0.0 ], [ 112.345303559000058, -8.197339104999969, 0.0 ], [ 112.345134932000065, -8.197394156999962, 0.0 ], [ 112.345003758000075, -8.197453755999959, 0.0 ], [ 112.344919928000081, -8.197519833999934, 0.0 ], [ 112.34478225600003, -8.19764291599995, 0.0 ], [ 112.344590882000034, -8.197864873999947, 0.0 ], [ 112.344525183000087, -8.197966780999934, 0.0 ], [ 112.344393665000098, -8.198134704999973, 0.0 ], [ 112.344303932000116, -8.198230709999962, 0.0 ], [ 112.344214098000066, -8.198296806999963, 0.0 ], [ 112.344142667000028, -8.198320094999929, 0.0 ], [ 112.343908242000111, -8.198396522999928, 0.0 ], [ 112.343740349000086, -8.198459889999981, 0.0 ], [ 112.343689429000051, -8.198492958999964, 0.0 ], [ 112.343656629000066, -8.198558865999928, 0.0 ], [ 112.343620918000056, -8.198651699999971, 0.0 ], [ 112.343585258000076, -8.198759487999951, 0.0 ], [ 112.343516547000036, -8.198895906999951, 0.0 ], [ 112.343474852000099, -8.198957248999932, 0.0 ], [ 112.343432887000063, -8.198975333999954, 0.0 ], [ 112.343384867000054, -8.198978484999941, 0.0 ], [ 112.34332775200005, -8.198954748999938, 0.0 ], [ 112.343246511000075, -8.19889819399998, 0.0 ], [ 112.343083940000042, -8.198758166999937, 0.0 ], [ 112.34295510700008, -8.198634373999937, 0.0 ], [ 112.342888299000037, -8.198603296999977, 0.0 ], [ 112.342834235000055, -8.198594503999971, 0.0 ], [ 112.342774249000058, -8.198609657999953, 0.0 ], [ 112.342717314000083, -8.198639755999977, 0.0 ], [ 112.342639437000116, -8.198690858999953, 0.0 ], [ 112.342549225000084, -8.198760440999934, 0.0 ], [ 112.342474777, -8.198823002999973, 0.0 ], [ 112.342396829000108, -8.198853170999939, 0.0 ], [ 112.342312818000096, -8.198865413999954, 0.0 ], [ 112.342195736, -8.198862812999948, 0.0 ], [ 112.341967475000047, -8.198827682999934, 0.0 ], [ 112.341901588000042, -8.198815040999932, 0.0 ], [ 112.341876511, -8.19887895599993, 0.0 ], [ 112.341814732000103, -8.198932869999965, 0.0 ], [ 112.341802835000067, -8.198965807999969, 0.0 ], [ 112.341767134000065, -8.199061632999928, 0.0 ], [ 112.341716594000104, -8.199208350999982, 0.0 ], [ 112.341638937000084, -8.199325250999948, 0.0 ], [ 112.341510662000019, -8.199421577999942, 0.0 ], [ 112.3414562050001, -8.199439509999934, 0.0 ], [ 112.341405163000104, -8.199436688999981, 0.0 ], [ 112.341269910000051, -8.199386294999954, 0.0 ], [ 112.341143572000078, -8.199308954999935, 0.0 ], [ 112.340966626000068, -8.199197008999931, 0.0 ], [ 112.340881789000036, -8.199124394999956, 0.0 ], [ 112.340641321000021, -8.199029487999951, 0.0 ], [ 112.340482517000055, -8.199003214999948, 0.0 ], [ 112.340464112000063, -8.199000169999977, 0.0 ], [ 112.340392098000052, -8.199009380999939, 0.0 ], [ 112.340317162000019, -8.199042529999929, 0.0 ], [ 112.340263309000079, -8.199096542999939, 0.0 ], [ 112.340248389000067, -8.199123509999936, 0.0 ], [ 112.340242636000085, -8.199198299999978, 0.0 ], [ 112.340245888000027, -8.19927305899995, 0.0 ], [ 112.340267112000106, -8.199335795999957, 0.0 ], [ 112.34035167400009, -8.199488045999942, 0.0 ], [ 112.340439239000034, -8.199640286999966, 0.0 ], [ 112.340484877000108, -8.199707644999933, 0.0 ], [ 112.340511605000074, -8.199747093999974, 0.0 ], [ 112.340607129000091, -8.199789482999961, 0.0 ], [ 112.340770534000058, -8.199820043999978, 0.0 ], [ 112.34096751200002, -8.199836137999966, 0.0 ], [ 112.341061242000023, -8.199857359999953, 0.0 ], [ 112.341068606000022, -8.199861627999951, 0.0 ], [ 112.341131021000024, -8.199897802999942, 0.0 ], [ 112.341145566000023, -8.199938429999975, 0.0 ], [ 112.341152947000069, -8.199991042999955, 0.0 ], [ 112.341114796000056, -8.200072519999935, 0.0 ], [ 112.341064581000069, -8.20013728899994, 0.0 ], [ 112.340971180000111, -8.200214164999977, 0.0 ], [ 112.34091997500002, -8.200245666999933, 0.0 ], [ 112.34089688600011, -8.200259871999947, 0.0 ], [ 112.340784169000017, -8.200305706999927, 0.0 ], [ 112.340646630000037, -8.20032701699995, 0.0 ], [ 112.340470800000048, -8.200459461999969, 0.0 ], [ 112.340442548000055, -8.200494874999947, 0.0 ], [ 112.340230506000012, -8.200685044999943, 0.0 ], [ 112.340146888000049, -8.200760037999942, 0.0 ], [ 112.339945668000041, -8.200911443999928, 0.0 ], [ 112.339773527000034, -8.201029354999946, 0.0 ], [ 112.339617393000026, -8.20113026599995, 0.0 ], [ 112.33949510900004, -8.201188095999953, 0.0 ], [ 112.339466461000029, -8.201194876999978, 0.0 ], [ 112.339382327000067, -8.201214789999938, 0.0 ], [ 112.339277389000017, -8.201233910999974, 0.0 ], [ 112.339178320000087, -8.201251357999979, 0.0 ], [ 112.339118331, -8.201265912999929, 0.0 ], [ 112.339092027000106, -8.201299497999969, 0.0 ], [ 112.339087296000116, -8.201321046999965, 0.0 ], [ 112.339085167, -8.201402404999953, 0.0 ], [ 112.339109478000069, -8.201490851999949, 0.0 ], [ 112.339165, -8.201576802999966, 0.0 ], [ 112.339275910000083, -8.201708029999963, 0.0 ], [ 112.33945742100002, -8.201925461999963, 0.0 ], [ 112.339459160000047, -8.201927544999933, 0.0 ], [ 112.339514779000069, -8.202042207999966, 0.0 ], [ 112.339535813000111, -8.202099018999945, 0.0 ], [ 112.339570518000073, -8.202192759999946, 0.0 ], [ 112.339578172000074, -8.202326722999942, 0.0 ], [ 112.339566417000015, -8.20241479699996, 0.0 ], [ 112.339536002000045, -8.202642692999973, 0.0 ], [ 112.339533961000029, -8.202750368999943, 0.0 ], [ 112.339558209000074, -8.202819674999944, 0.0 ], [ 112.339606559000117, -8.202915220999955, 0.0 ], [ 112.339652452000109, -8.202994025999942, 0.0 ], [ 112.339761097000064, -8.203165935999948, 0.0 ], [ 112.339780509000093, -8.203225686999929, 0.0 ], [ 112.339766389000033, -8.203311869999936, 0.0 ], [ 112.339737907000085, -8.203412455999967, 0.0 ], [ 112.339690174000111, -8.203501142999926, 0.0 ], [ 112.33964009500005, -8.203606585999978, 0.0 ], [ 112.339556346000109, -8.203697784999974, 0.0 ], [ 112.339467659000093, -8.203748325999925, 0.0 ], [ 112.339378048000071, -8.203804334999973, 0.0 ], [ 112.339336006000053, -8.203815627999973, 0.0 ], [ 112.339072025000064, -8.203843775999928, 0.0 ], [ 112.338904020000086, -8.203874242999973, 0.0 ], [ 112.338691843000106, -8.203895227999965, 0.0 ], [ 112.33852885400006, -8.203896424999925, 0.0 ], [ 112.338399733000074, -8.203884890999973, 0.0 ], [ 112.338285551000013, -8.203852370999925, 0.0 ], [ 112.338231026000017, -8.203814974999943, 0.0 ], [ 112.338116735000085, -8.20364058399997, 0.0 ], [ 112.338014031000057, -8.203449511999963, 0.0 ], [ 112.337911457000018, -8.20329732099998, 0.0 ], [ 112.337815066000076, -8.203198943999951, 0.0 ], [ 112.337727842000049, -8.203148389999967, 0.0 ], [ 112.337595709000084, -8.203133874999935, 0.0 ], [ 112.337499699000091, -8.203149146999976, 0.0 ], [ 112.337409832000048, -8.203206270999942, 0.0 ], [ 112.337356048000061, -8.203281219999951, 0.0 ], [ 112.337338327000111, -8.203368012999931, 0.0 ], [ 112.337338530000011, -8.203371809999965, 0.0 ], [ 112.337341529000014, -8.203427817999966, 0.0 ], [ 112.337398925000116, -8.203535296999974, 0.0 ], [ 112.337609727000086, -8.203734981999958, 0.0 ], [ 112.337772419000089, -8.203910899999926, 0.0 ], [ 112.337841762000039, -8.20400039499998, 0.0 ], [ 112.337906079000049, -8.204265049999947, 0.0 ], [ 112.337939183000117, -8.204406821999953, 0.0 ], [ 112.337957555000116, -8.20451443099995, 0.0 ], [ 112.338000012000066, -8.204642894999949, 0.0 ], [ 112.33801828300011, -8.204720594999969, 0.0 ], [ 112.338009528000043, -8.204795394999962, 0.0 ], [ 112.337985653000032, -8.204837345999977, 0.0 ], [ 112.337913717000106, -8.204870483999969, 0.0 ], [ 112.337850697000022, -8.204876673999934, 0.0 ], [ 112.337796603000015, -8.204858908999938, 0.0 ], [ 112.3377303420001, -8.204793330999962, 0.0 ], [ 112.337658445000102, -8.204677095999955, 0.0 ], [ 112.337609546000067, -8.204578392999963, 0.0 ], [ 112.337552410000058, -8.204548674999955, 0.0 ], [ 112.337474200000088, -8.204501080999933, 0.0 ], [ 112.337420186000031, -8.204507241999977, 0.0 ], [ 112.337387295000099, -8.204546231999927, 0.0 ], [ 112.337312688000111, -8.204678075999936, 0.0 ], [ 112.337214216, -8.204854860999944, 0.0 ], [ 112.337097362, -8.204921046999971, 0.0 ], [ 112.337016381000012, -8.204942250999977, 0.0 ], [ 112.336769772000025, -8.204942709999955, 0.0 ], [ 112.336544963000051, -8.204907925999976, 0.0 ], [ 112.336457828000107, -8.20488428799996, 0.0 ], [ 112.336385662000112, -8.20484863799993, 0.0 ], [ 112.336346548000051, -8.204821849999973, 0.0 ], [ 112.336319361000051, -8.204771095999945, 0.0 ], [ 112.33631011500006, -8.204699346999973, 0.0 ], [ 112.336303882000038, -8.204630578999968, 0.0 ], [ 112.336276595000072, -8.204549916999952, 0.0 ], [ 112.336263271, -8.204527642999949, 0.0 ], [ 112.336235697, -8.204481545999954, 0.0 ], [ 112.336165175000019, -8.204445607999958, 0.0 ], [ 112.336090148000039, -8.204451838999944, 0.0 ], [ 112.33599717900006, -8.204479063999941, 0.0 ], [ 112.335883257000091, -8.20452430399996, 0.0 ], [ 112.335758397000063, -8.20459933799998, 0.0 ], [ 112.335748621000107, -8.204659337999942, 0.0 ], [ 112.335751773000084, -8.204704189999973, 0.0 ], [ 112.335757946000058, -8.204755012999954, 0.0 ], [ 112.335806476000016, -8.204904392999936, 0.0 ], [ 112.33581598100011, -8.205053902999964, 0.0 ], [ 112.335801442000047, -8.205194518999974, 0.0 ], [ 112.335750649000033, -8.205266466999944, 0.0 ], [ 112.335663794000084, -8.205326571999933, 0.0 ], [ 112.335555815000021, -8.205353846999969, 0.0 ], [ 112.335442819000036, -8.205328909999935, 0.0 ], [ 112.335435649000033, -8.205327327999953, 0.0 ], [ 112.335322148000046, -8.205259465999973, 0.0 ], [ 112.335306308000099, -8.205249994999974, 0.0 ], [ 112.33528409500002, -8.205229476999932, 0.0 ], [ 112.335170803000096, -8.205124829999932, 0.0 ], [ 112.335044849000042, -8.20500239699993, 0.0 ], [ 112.334960071000069, -8.204946078999967, 0.0 ], [ 112.334869864000098, -8.20490151599995, 0.0 ], [ 112.334776845000079, -8.204913786999953, 0.0 ], [ 112.33474689600007, -8.204934821999927, 0.0 ], [ 112.334624158000111, -8.205036916999973, 0.0 ], [ 112.334622278000097, -8.205041199999926, 0.0 ], [ 112.334579469, -8.205138752999972, 0.0 ], [ 112.334525933, -8.20528847099996, 0.0 ], [ 112.33446071000003, -8.205533933999959, 0.0 ], [ 112.334401181000089, -8.205686662999938, 0.0 ], [ 112.334356422000042, -8.205767563999927, 0.0 ], [ 112.334272678000048, -8.205860556999937, 0.0 ], [ 112.334256487000061, -8.205878857999949, 0.0 ], [ 112.334084266000104, -8.20607352899998, 0.0 ], [ 112.333943905000069, -8.206292323999946, 0.0 ], [ 112.333698776, -8.206601189999958, 0.0 ], [ 112.333564158000058, -8.206742203999966, 0.0 ], [ 112.333435276000046, -8.206802446999973, 0.0 ], [ 112.333180302000073, -8.206860116999962, 0.0 ], [ 112.332943251000074, -8.206890809999948, 0.0 ], [ 112.332601032000071, -8.20689194199997, 0.0 ], [ 112.332333872000049, -8.206895816999975, 0.0 ], [ 112.332114792000084, -8.20691448599996, 0.0 ], [ 112.331913872000086, -8.206977957999925, 0.0 ], [ 112.331737148000116, -8.207095184999957, 0.0 ], [ 112.331593514000019, -8.207233236999969, 0.0 ], [ 112.331527564000112, -8.207275755999945, 0.0 ], [ 112.331466845000023, -8.20731490299994, 0.0 ], [ 112.331380686000102, -8.207326655999964, 0.0 ], [ 112.331335558000092, -8.207296896999935, 0.0 ], [ 112.331265034000012, -8.207225613999981, 0.0 ], [ 112.331193990000088, -8.207153805999951, 0.0 ], [ 112.331019420000075, -8.207016804999967, 0.0 ], [ 112.330808918000116, -8.206906839999931, 0.0 ], [ 112.330625452000049, -8.206802766999942, 0.0 ], [ 112.330566530000056, -8.206752546999951, 0.0 ], [ 112.330522019000114, -8.20671460899996, 0.0 ], [ 112.33039369700009, -8.206621091999978, 0.0 ], [ 112.330327506000117, -8.206576447999964, 0.0 ], [ 112.330234437000058, -8.206573764999973, 0.0 ], [ 112.33016247, -8.20659792899994, 0.0 ], [ 112.330126567000093, -8.206633937999925, 0.0 ], [ 112.330111736000049, -8.206687820999946, 0.0 ], [ 112.330109187000062, -8.206754057999945, 0.0 ], [ 112.330108973000051, -8.206759609999949, 0.0 ], [ 112.330115275000026, -8.206849313999953, 0.0 ], [ 112.33014257100001, -8.206932966999943, 0.0 ], [ 112.330166795000082, -8.206995694999932, 0.0 ], [ 112.33018800800005, -8.207055440999966, 0.0 ], [ 112.330194221000056, -8.207118227999956, 0.0 ], [ 112.33018538400006, -8.207169100999977, 0.0 ], [ 112.330131608000102, -8.20724704, 0.0 ], [ 112.330035885000029, -8.207349043999955, 0.0 ], [ 112.329994087000046, -8.207417970999927, 0.0 ], [ 112.329964277000045, -8.207480876999966, 0.0 ], [ 112.329946414, -8.207525798999939, 0.0 ], [ 112.329928860000109, -8.207663433999926, 0.0 ], [ 112.329914378000012, -8.20782199599995, 0.0 ], [ 112.32991181400007, -8.207953600999929, 0.0 ], [ 112.329894250000052, -8.208088245999932, 0.0 ], [ 112.329858585000011, -8.208196033999968, 0.0 ], [ 112.329854918000024, -8.208208438999975, 0.0 ], [ 112.32983489500009, -8.20827617599997, 0.0 ], [ 112.329784034000113, -8.208345820999966, 0.0 ], [ 112.329742067000097, -8.208363904999942, 0.0 ], [ 112.32970905600007, -8.208367003999967, 0.0 ], [ 112.329648987000041, -8.208358229999931, 0.0 ], [ 112.329591901000072, -8.208343464999928, 0.0 ], [ 112.329486804000112, -8.208334838999974, 0.0 ], [ 112.329405851000047, -8.20836501499997, 0.0 ], [ 112.329379621000044, -8.208379281999953, 0.0 ], [ 112.329333934000033, -8.208404132999931, 0.0 ], [ 112.329279939000116, -8.208416273999944, 0.0 ], [ 112.329183867000097, -8.208413599999972, 0.0 ], [ 112.329091433000031, -8.208380232999957, 0.0 ], [ 112.329074635000097, -8.208374168999967, 0.0 ], [ 112.328985571000089, -8.208363410999937, 0.0 ], [ 112.328941308000026, -8.208380728999941, 0.0 ], [ 112.328931605000093, -8.208384524999929, 0.0 ], [ 112.328877789000103, -8.208450499999969, 0.0 ], [ 112.32881506700005, -8.208546413999954, 0.0 ], [ 112.328740426000081, -8.208669283999939, 0.0 ], [ 112.328704801000072, -8.208789034999938, 0.0 ], [ 112.328690139000059, -8.208893761999946, 0.0 ], [ 112.328711580000117, -8.209022296999933, 0.0 ], [ 112.328824754000038, -8.209427576999929, 0.0 ], [ 112.328830067000013, -8.209446602999947, 0.0 ], [ 112.328981646000102, -8.209891735999975, 0.0 ], [ 112.329102699000032, -8.210184437999942, 0.0 ], [ 112.329133096000078, -8.210297988999969, 0.0 ], [ 112.329127420000077, -8.210396704999937, 0.0 ], [ 112.329052909000097, -8.210558454999955, 0.0 ], [ 112.328987393000034, -8.210717184999965, 0.0 ], [ 112.328957642000091, -8.210798035999971, 0.0 ], [ 112.32893084300008, -8.210863922999977, 0.0 ], [ 112.328910289000078, -8.210923182999977, 0.0 ], [ 112.328841382000064, -8.211043667999945, 0.0 ], [ 112.328796501000056, -8.211088677999953, 0.0 ], [ 112.32868854100002, -8.211121932999959, 0.0 ], [ 112.328526475000103, -8.211134431999938, 0.0 ], [ 112.32842443800007, -8.211143740999944, 0.0 ], [ 112.328316328000028, -8.211132133999968, 0.0 ], [ 112.328244112000107, -8.211081527999966, 0.0 ], [ 112.328145643000084, -8.211020469999937, 0.0 ], [ 112.327994523000029, -8.210953745999973, 0.0 ], [ 112.327850260000105, -8.210903377999955, 0.0 ], [ 112.327712131000112, -8.210891869999955, 0.0 ], [ 112.327628165000078, -8.210919064999928, 0.0 ], [ 112.327529349000088, -8.210994160999974, 0.0 ], [ 112.327460712000061, -8.211117010999942, 0.0 ], [ 112.327308486000106, -8.211380705999943, 0.0 ], [ 112.327232197000058, -8.211501019999957, 0.0 ], [ 112.327203964000091, -8.211545545999968, 0.0 ], [ 112.327106792000109, -8.211694656999953, 0.0 ], [ 112.327022996000096, -8.211803776999943, 0.0 ], [ 112.327018717000101, -8.211809349999953, 0.0 ], [ 112.326973836000093, -8.211854359999961, 0.0 ], [ 112.326916889000017, -8.211881464999976, 0.0 ], [ 112.326868818000094, -8.21186966099998, 0.0 ], [ 112.326749941000116, -8.211817105999955, 0.0 ], [ 112.32670642700009, -8.211804819999941, 0.0 ], [ 112.326694475000068, -8.211801445999981, 0.0 ], [ 112.326655083000105, -8.211804988999972, 0.0 ], [ 112.326625450000051, -8.211807654999973, 0.0 ], [ 112.326520540000047, -8.211855853999964, 0.0 ], [ 112.326412768000068, -8.211945933999971, 0.0 ], [ 112.326361983000083, -8.212020871999925, 0.0 ], [ 112.326344130000052, -8.212068783999939, 0.0 ], [ 112.326344239000036, -8.212101682999958, 0.0 ], [ 112.326365372000055, -8.212137503999941, 0.0 ], [ 112.326407176000089, -8.212207773999978, 0.0 ], [ 112.326425749, -8.212238992999971, 0.0 ], [ 112.326567308000108, -8.21237909499996, 0.0 ], [ 112.326697041000102, -8.212491210999929, 0.0 ], [ 112.326781063000112, -8.212563821999936, 0.0 ], [ 112.326937645000044, -8.212704304999932, 0.0 ], [ 112.326966047000042, -8.212729786999944, 0.0 ], [ 112.327103237000074, -8.212852869999949, 0.0 ], [ 112.327238713000042, -8.212969065999971, 0.0 ], [ 112.327271943000028, -8.213031763999936, 0.0 ], [ 112.327278205000084, -8.213109504999977, 0.0 ], [ 112.32727838400001, -8.213163338999948, 0.0 ], [ 112.32724857300002, -8.21322624499993, 0.0 ], [ 112.327167619000079, -8.213256419999936, 0.0 ], [ 112.326966577, -8.213284, 0.0 ], [ 112.326537513000062, -8.213351212999953, 0.0 ], [ 112.326165537000065, -8.213433190999979, 0.0 ], [ 112.326078648000021, -8.213484321999942, 0.0 ], [ 112.325952992000111, -8.213613340999927, 0.0 ], [ 112.325749860000087, -8.213916083999948, 0.0 ], [ 112.325723061000076, -8.213981970999953, 0.0 ], [ 112.325705277000111, -8.214050817999976, 0.0 ], [ 112.325708439000095, -8.214095816999929, 0.0 ], [ 112.325711579000085, -8.214140522999969, 0.0 ], [ 112.325766091000105, -8.214283902999966, 0.0 ], [ 112.325811568000063, -8.214418339999952, 0.0 ], [ 112.325826826000025, -8.214493060999928, 0.0 ], [ 112.325827024000091, -8.21455287699996, 0.0 ], [ 112.325818217, -8.21461272199997, 0.0 ], [ 112.325800453000056, -8.21468755199993, 0.0 ], [ 112.325764578000076, -8.214732531999971, 0.0 ], [ 112.325542779000102, -8.214837941999974, 0.0 ], [ 112.325449856000091, -8.214880119999975, 0.0 ], [ 112.325401963000104, -8.21492214899996, 0.0 ], [ 112.325369140000021, -8.214982073999977, 0.0 ], [ 112.325342872000078, -8.215094782999927, 0.0 ], [ 112.3253037610001, -8.215182674999937, 0.0 ], [ 112.325288950000072, -8.215242539999963, 0.0 ], [ 112.325256037000031, -8.215275547999966, 0.0 ], [ 112.325205063000112, -8.215293659999929, 0.0 ], [ 112.325147985000058, -8.215281884999968, 0.0 ], [ 112.324997559000053, -8.215183682999964, 0.0 ], [ 112.324898086000076, -8.215061385999945, 0.0 ], [ 112.324837699000113, -8.214956905999941, 0.0 ], [ 112.324807322000083, -8.214849335999929, 0.0 ], [ 112.32476508600007, -8.214786667999931, 0.0 ], [ 112.324698775000115, -8.214706133999925, 0.0 ], [ 112.324611201000039, -8.21455089899996, 0.0 ], [ 112.324553046, -8.214494284999944, 0.0 ], [ 112.324427485000115, -8.214372053999966, 0.0 ], [ 112.324240857000063, -8.214220134999948, 0.0 ], [ 112.324015272000111, -8.214089280999929, 0.0 ], [ 112.323795411000106, -8.213976235999951, 0.0 ], [ 112.323383510000099, -8.213986812999963, 0.0 ], [ 112.323275537000086, -8.214017076999937, 0.0 ], [ 112.323209801000075, -8.214110008999967, 0.0 ], [ 112.322902020000015, -8.213925479999943, 0.0 ], [ 112.322831737000115, -8.213883341999974, 0.0 ], [ 112.322740792000104, -8.213863520999951, 0.0 ], [ 112.322561361000112, -8.21382441399993, 0.0 ], [ 112.32239325, -8.213824965999947, 0.0 ], [ 112.322242953000114, -8.213765642999931, 0.0 ], [ 112.322237184000073, -8.213759219999929, 0.0 ], [ 112.322146533000023, -8.213658289999955, 0.0 ], [ 112.322135568000022, -8.213638418999949, 0.0 ], [ 112.322074050000083, -8.213526930999933, 0.0 ], [ 112.321941548000041, -8.213401750999935, 0.0 ], [ 112.321833259000073, -8.213336308999942, 0.0 ], [ 112.321502460000033, -8.213331775999961, 0.0 ], [ 112.321461061000036, -8.213331208999932, 0.0 ], [ 112.321555807000095, -8.213259412999946, 0.0 ], [ 112.321737613000096, -8.213079070999981, 0.0 ], [ 112.321949473000018, -8.212852601999941, 0.0 ], [ 112.321951296000066, -8.212786631999961, 0.0 ], [ 112.321956569, -8.212595877999945, 0.0 ], [ 112.321978309000087, -8.211907914999927, 0.0 ], [ 112.321980627000016, -8.211787474999937, 0.0 ], [ 112.321986038000091, -8.211506331999942, 0.0 ], [ 112.322055549000083, -8.211090317999947, 0.0 ], [ 112.322062871000071, -8.211033767999936, 0.0 ], [ 112.322087163000106, -8.210846161999939, 0.0 ], [ 112.32215077, -8.210472696999943, 0.0 ], [ 112.322150008000108, -8.210411134999958, 0.0 ], [ 112.322137180000027, -8.209374771999933, 0.0 ], [ 112.322136022000109, -8.209281196999939, 0.0 ], [ 112.322177884000098, -8.20886832399998, 0.0 ], [ 112.322178167000061, -8.208778046999953, 0.0 ], [ 112.322179635000111, -8.208308433999946, 0.0 ], [ 112.322176866000063, -8.208126917999948, 0.0 ], [ 112.32217503600009, -8.208006972999954, 0.0 ], [ 112.322190932000012, -8.206612639999946, 0.0 ], [ 112.322193255000116, -8.206408928999963, 0.0 ], [ 112.322205673000099, -8.206224581999948, 0.0 ], [ 112.322214434000102, -8.205923178999967, 0.0 ], [ 112.322227236000117, -8.205482784999958, 0.0 ], [ 112.322248789000014, -8.204737995999949, 0.0 ], [ 112.322249528000043, -8.20451087899994, 0.0 ], [ 112.322276019000014, -8.204213710999966, 0.0 ], [ 112.322320642000022, -8.203713148999952, 0.0 ], [ 112.322331390000045, -8.203592585999957, 0.0 ], [ 112.322376582000061, -8.202734067999927, 0.0 ], [ 112.322403922000035, -8.202131669999972, 0.0 ], [ 112.322426949000032, -8.201624301999971, 0.0 ], [ 112.322432236000054, -8.201467678999961, 0.0 ], [ 112.322462494000092, -8.200571411999931, 0.0 ], [ 112.322497281000096, -8.200067686999944, 0.0 ], [ 112.322505466000052, -8.199949176999951, 0.0 ], [ 112.322528878000071, -8.199766658999977, 0.0 ], [ 112.322624394000059, -8.199601849999965, 0.0 ], [ 112.322672108, -8.199505986999952, 0.0 ], [ 112.322697736, -8.199267135999946, 0.0 ], [ 112.322712879000051, -8.199126016999969, 0.0 ], [ 112.322760945000027, -8.198228607999965, 0.0 ], [ 112.322766027000057, -8.198050981999927, 0.0 ], [ 112.322785165000028, -8.197382121999965, 0.0 ], [ 112.32278946100007, -8.19727557799996, 0.0 ], [ 112.322810135000054, -8.19676293699996, 0.0 ], [ 112.322838513000079, -8.196266365999975, 0.0 ], [ 112.3228427250001, -8.196172485999966, 0.0 ], [ 112.32287206500007, -8.195518546999949, 0.0 ], [ 112.32289039200009, -8.195177932999968, 0.0 ], [ 112.322891862, -8.195150608999938, 0.0 ], [ 112.32291103700004, -8.194594250999955, 0.0 ], [ 112.322915288000104, -8.194467470999939, 0.0 ], [ 112.32293289800009, -8.19394217699994, 0.0 ], [ 112.322982074000038, -8.193418817999941, 0.0 ], [ 112.322987996000052, -8.193355791999977, 0.0 ], [ 112.323021706000077, -8.192655825999964, 0.0 ], [ 112.323023653000064, -8.192588870999941, 0.0 ], [ 112.323043271000074, -8.191914027999928, 0.0 ], [ 112.323051970000051, -8.191821282999967, 0.0 ], [ 112.323075269000014, -8.191652447999957, 0.0 ], [ 112.323110604000021, -8.191396391999945, 0.0 ], [ 112.32322991500007, -8.191165706999925, 0.0 ], [ 112.323354728000027, -8.190966751999952, 0.0 ], [ 112.323585263000041, -8.190599272999975, 0.0 ], [ 112.324051202000078, -8.189888916999962, 0.0 ], [ 112.324305644000106, -8.189533488999928, 0.0 ], [ 112.324439647000077, -8.189346301999933, 0.0 ], [ 112.324481228000082, -8.18926965299994, 0.0 ], [ 112.3246574530001, -8.188944814999957, 0.0 ], [ 112.324720729000092, -8.188551307999944, 0.0 ], [ 112.325383518000081, -8.188470631999962, 0.0 ], [ 112.325729245000048, -8.188445569999942, 0.0 ], [ 112.326660936000053, -8.188423367999974, 0.0 ], [ 112.326537978000033, -8.189002796999944, 0.0 ], [ 112.327310329000056, -8.189250285999947, 0.0 ], [ 112.327927496000029, -8.189448048999964, 0.0 ], [ 112.328485390000083, -8.189675908999959, 0.0 ], [ 112.328903524000111, -8.18985410099998, 0.0 ], [ 112.328943833000039, -8.189807094999935, 0.0 ], [ 112.329304709000098, -8.189386259999935, 0.0 ], [ 112.329483756000059, -8.189127094999947, 0.0 ], [ 112.329486751000104, -8.189122759999975, 0.0 ], [ 112.329510114000072, -8.18906764299993, 0.0 ], [ 112.329610657000103, -8.18883044699993, 0.0 ], [ 112.329697973000066, -8.188581976999956, 0.0 ], [ 112.329720090000023, -8.18851904, 0.0 ], [ 112.329752805000112, -8.188246168999967, 0.0 ], [ 112.329877330000045, -8.188140481999937, 0.0 ], [ 112.330021209000051, -8.188077797999938, 0.0 ], [ 112.330251523000015, -8.188010044999942, 0.0 ], [ 112.33044363700003, -8.188009411999928, 0.0 ], [ 112.330505259, -8.188018897999939, 0.0 ], [ 112.330626240000015, -8.188037521999945, 0.0 ], [ 112.330818449000049, -8.188065599999959, 0.0 ], [ 112.331068165000033, -8.188055205999945, 0.0 ], [ 112.33155759400006, -8.187914817999967, 0.0 ], [ 112.331801250000012, -8.187851425999952, 0.0 ], [ 112.331764967000026, -8.187772587999973, 0.0 ], [ 112.331814816000019, -8.187597758999971, 0.0 ], [ 112.331831483000087, -8.187554635999959, 0.0 ], [ 112.331833733000053, -8.187509167999963, 0.0 ], [ 112.331828692000045, -8.187437404999969, 0.0 ], [ 112.331842822000112, -8.187353615999939, 0.0 ], [ 112.331883447000109, -8.18729366499997, 0.0 ], [ 112.331900074000032, -8.187238578999938, 0.0 ], [ 112.331878239000048, -8.187171655999975, 0.0 ], [ 112.331815540000093, -8.187092904999929, 0.0 ], [ 112.331800956000052, -8.187040314999933, 0.0 ], [ 112.331843880000065, -8.186949251999977, 0.0 ], [ 112.331850718000055, -8.186925799999926, 0.0 ], [ 112.331874363000111, -8.18698361, 0.0 ], [ 112.331950843000072, -8.187234586999978, 0.0 ], [ 112.3319798980001, -8.187306270999954, 0.0 ], [ 112.332109754000044, -8.187359676999961, 0.0 ], [ 112.332195904000059, -8.187429694999935, 0.0 ], [ 112.33239143500009, -8.187574086999973, 0.0 ], [ 112.332654570000045, -8.187627053999961, 0.0 ], [ 112.333267265000018, -8.187725521999937, 0.0 ], [ 112.333505137000088, -8.187764215999948, 0.0 ], [ 112.33423278600003, -8.187902614999928, 0.0 ], [ 112.334841972000049, -8.188046921999955, 0.0 ] ] ] ] } },
{ "type": "Feature", "properties": { "OBJECTID": 116958.0, "KDPPUM": "35", "NAMOBJ": "Salamrejo", "REMARK": null, "KDPBPS": null, "FCODE": "BA03070040", "LUASWH": null, "UUPP": "Data dari Pemerintah Daerah", "SRS_ID": "SRGI 2013", "METADATA": "TASWIL1000020200326DATA_BATAS_DESA_KELURAHAN", "KDEBPS": null, "KDEPUM": "35.05.16.2002", "KDCBPS": null, "KDCPUM": "35.05.16", "KDBBPS": null, "WADMKD": "Salamrejo", "WIADKD": null, "WADMKC": "Binangun", "WIADKC": null, "WADMKK": "Blitar", "WIADKK": null, "WADMPR": "Jawa Timur", "WIADPR": null, "TIPADM": 1.0, "KDPKAB": "35.05", "SHAPE_Leng": 0.097093034715643997, "SHAPE_Area": 0.00034281586445399998 }, "geometry": { "type": "MultiPolygon", "coordinates": [ [ [ [ 112.305807508000044, -8.233665449999933, 0.0 ], [ 112.305825227000014, -8.23367435199998, 0.0 ], [ 112.305821353000056, -8.233693782999978, 0.0 ], [ 112.305699042000015, -8.233660507999957, 0.0 ], [ 112.305649821000088, -8.233591758999978, 0.0 ], [ 112.305347073, -8.233552545999942, 0.0 ], [ 112.305365301000052, -8.232958144999941, 0.0 ], [ 112.305355893000069, -8.232725606999963, 0.0 ], [ 112.305093673000101, -8.232740815999932, 0.0 ], [ 112.304597517000047, -8.232607480999945, 0.0 ], [ 112.304609061000065, -8.23173172199995, 0.0 ], [ 112.304618964000042, -8.231368226999962, 0.0 ], [ 112.304619855000055, -8.23133553699995, 0.0 ], [ 112.304623773000117, -8.231191713999976, 0.0 ], [ 112.304625924000106, -8.231112759999974, 0.0 ], [ 112.304630475000067, -8.230945728999927, 0.0 ], [ 112.304632218000052, -8.230881765999925, 0.0 ], [ 112.304150897000113, -8.230877586999952, 0.0 ], [ 112.304179500000032, -8.229929991999938, 0.0 ], [ 112.30409002500005, -8.229890084999965, 0.0 ], [ 112.30399232700006, -8.229979409999942, 0.0 ], [ 112.303850938000096, -8.229928186999928, 0.0 ], [ 112.303346638000107, -8.229947050999954, 0.0 ], [ 112.303231450000112, -8.229976136999937, 0.0 ], [ 112.303048257000114, -8.229978901999971, 0.0 ], [ 112.303051175000064, -8.22995495899994, 0.0 ], [ 112.303050580000104, -8.229954967999959, 0.0 ], [ 112.303051763000099, -8.229945264999969, 0.0 ], [ 112.303054401000054, -8.229923612999926, 0.0 ], [ 112.303069338000114, -8.229801040999973, 0.0 ], [ 112.303071100000011, -8.229786580999928, 0.0 ], [ 112.303103275000012, -8.229522542999973, 0.0 ], [ 112.303138593000085, -8.229232715999956, 0.0 ], [ 112.303147574000036, -8.2291590199999, 0.0 ], [ 112.303158358000019, -8.228707042999929, 0.0 ], [ 112.303163089, -8.228508768999973, 0.0 ], [ 112.30316632600011, -8.228373074999979, 0.0 ], [ 112.303169256000047, -8.228250273999947, 0.0 ], [ 112.303169874000105, -8.228224358999967, 0.0 ], [ 112.303174468000066, -8.228031805999933, 0.0 ], [ 112.303194442000063, -8.227095184999939, 0.0 ], [ 112.303207655000051, -8.226766727999973, 0.0 ], [ 112.303209089, -8.226764913999943, 0.0 ], [ 112.30320997900003, -8.226742792999971, 0.0 ], [ 112.303300903000036, -8.226627812999936, 0.0 ], [ 112.303320003000067, -8.226603660999956, 0.0 ], [ 112.303399014000092, -8.226112602999933, 0.0 ], [ 112.303401079000082, -8.226099768999973, 0.0 ], [ 112.303325347000055, -8.226034184999946, 0.0 ], [ 112.303344567000067, -8.226023689999977, 0.0 ], [ 112.303328515000089, -8.226009788999932, 0.0 ], [ 112.303600977000087, -8.225861017999932, 0.0 ], [ 112.303631291000102, -8.225719884999933, 0.0 ], [ 112.303642106000098, -8.225669532999973, 0.0 ], [ 112.303693534000104, -8.225430096999958, 0.0 ], [ 112.303722047000065, -8.225297351999927, 0.0 ], [ 112.30372710100005, -8.225273820999973, 0.0 ], [ 112.303756818000011, -8.225135466999973, 0.0 ], [ 112.303778851000061, -8.225032888999976, 0.0 ], [ 112.303808725000067, -8.224893803999976, 0.0 ], [ 112.303819431000079, -8.2248439599999, 0.0 ], [ 112.303837547000057, -8.224759615999972, 0.0 ], [ 112.303951299, -8.224531614999933, 0.0 ], [ 112.304046996000011, -8.224339801999974, 0.0 ], [ 112.304096017, -8.224241543999938, 0.0 ], [ 112.304168677, -8.224095905999945, 0.0 ], [ 112.304179095000109, -8.224075024999934, 0.0 ], [ 112.304268199000035, -8.223896424999964, 0.0 ], [ 112.304378488000111, -8.223675363999973, 0.0 ], [ 112.304392254000049, -8.223647772999925, 0.0 ], [ 112.30450393000001, -8.223423928999978, 0.0 ], [ 112.304584620000014, -8.223262194999961, 0.0 ], [ 112.304659314000105, -8.223112479999941, 0.0 ], [ 112.304710947000103, -8.223008987999947, 0.0 ], [ 112.30471826400003, -8.223013597999966, 0.0 ], [ 112.304721723000057, -8.223006665999947, 0.0 ], [ 112.304756807000103, -8.222936342999958, 0.0 ], [ 112.304790504000039, -8.222868801999937, 0.0 ], [ 112.30491849100008, -8.222612264999952, 0.0 ], [ 112.304912432000037, -8.222605132999945, 0.0 ], [ 112.30492081400007, -8.22258833099994, 0.0 ], [ 112.304935327000067, -8.222558049999975, 0.0 ], [ 112.304998155000021, -8.222426958999961, 0.0 ], [ 112.305006664000075, -8.222409204999963, 0.0 ], [ 112.305064220000077, -8.222289114999967, 0.0 ], [ 112.305082729000105, -8.222250494999969, 0.0 ], [ 112.305168896000055, -8.222070705999954, 0.0 ], [ 112.305243430000019, -8.221922153999969, 0.0 ], [ 112.305244465000101, -8.221920090999959, 0.0 ], [ 112.305281020000052, -8.221847234999927, 0.0 ], [ 112.305285751000042, -8.22183780599994, 0.0 ], [ 112.305314938000038, -8.221779633999972, 0.0 ], [ 112.305400392000024, -8.221609315999956, 0.0 ], [ 112.305402140000069, -8.221605831999966, 0.0 ], [ 112.305431483, -8.22154735, 0.0 ], [ 112.305474319000041, -8.221461972999975, 0.0 ], [ 112.3055522410001, -8.221264170999973, 0.0 ], [ 112.305565877000049, -8.221229553999933, 0.0 ], [ 112.305613280000102, -8.221109223999974, 0.0 ], [ 112.305625177000024, -8.221079023999948, 0.0 ], [ 112.305639643000063, -8.221042301999944, 0.0 ], [ 112.305674398000065, -8.220954074999952, 0.0 ], [ 112.305742927000097, -8.220836163999934, 0.0 ], [ 112.30577383900004, -8.220771927999976, 0.0 ], [ 112.305813061000094, -8.220690425999976, 0.0 ], [ 112.305824111000106, -8.220667462999927, 0.0 ], [ 112.305831635000118, -8.220652190999942, 0.0 ], [ 112.305844403000037, -8.220626275999962, 0.0 ], [ 112.305884778000063, -8.220544328999949, 0.0 ], [ 112.305933199000037, -8.220446048999975, 0.0 ], [ 112.306003892000035, -8.22030256499994, 0.0 ], [ 112.306009251000091, -8.220291688999964, 0.0 ], [ 112.306120057000044, -8.220035120999967, 0.0 ], [ 112.306141471000046, -8.219985537999946, 0.0 ], [ 112.306181527000035, -8.21989279, 0.0 ], [ 112.306192606000081, -8.219867134999959, 0.0 ], [ 112.306212794000089, -8.219820390999928, 0.0 ], [ 112.306214305000026, -8.219816891999926, 0.0 ], [ 112.306246697, -8.219741888999977, 0.0 ], [ 112.30628574900004, -8.219651466999949, 0.0 ], [ 112.306374236000011, -8.219435985999951, 0.0 ], [ 112.306395913000074, -8.219383198999935, 0.0 ], [ 112.306442486000037, -8.219269786999973, 0.0 ], [ 112.306445125000096, -8.219263358999967, 0.0 ], [ 112.306456113000081, -8.219236601999967, 0.0 ], [ 112.306460525000034, -8.219225858999948, 0.0 ], [ 112.306484244000103, -8.219168098999944, 0.0 ], [ 112.306499340000073, -8.219131337999954, 0.0 ], [ 112.306607737000036, -8.218867372999966, 0.0 ], [ 112.306622666000067, -8.218831018999936, 0.0 ], [ 112.306707227000061, -8.218625097999961, 0.0 ], [ 112.306724160000044, -8.218583863999982, 0.0 ], [ 112.306773497000108, -8.218576614999961, 0.0 ], [ 112.306921493, -8.218554870999981, 0.0 ], [ 112.306937324000046, -8.218552544999966, 0.0 ], [ 112.306963756000073, -8.21852321199998, 0.0 ], [ 112.306978349000019, -8.218507016999979, 0.0 ], [ 112.307032556000081, -8.218446857999936, 0.0 ], [ 112.307051340000044, -8.218426011999952, 0.0 ], [ 112.307080902000052, -8.218393204999927, 0.0 ], [ 112.307330463000085, -8.218223981999927, 0.0 ], [ 112.307334231000027, -8.218221426999946, 0.0 ], [ 112.307355428000051, -8.218207052999958, 0.0 ], [ 112.307342201000097, -8.217953058999967, 0.0 ], [ 112.307344932000092, -8.217936963999932, 0.0 ], [ 112.307344524000086, -8.217929124999955, 0.0 ], [ 112.30736489800006, -8.217809060999969, 0.0 ], [ 112.307378558000096, -8.217728558999966, 0.0 ], [ 112.307250434000025, -8.21750544799994, 0.0 ], [ 112.307213201000081, -8.217160277999938, 0.0 ], [ 112.307190990000095, -8.216954366999971, 0.0 ], [ 112.307089604000112, -8.216502958999968, 0.0 ], [ 112.307071368000038, -8.216417152999952, 0.0 ], [ 112.307070091000014, -8.216411142999959, 0.0 ], [ 112.307075025000017, -8.216399495999951, 0.0 ], [ 112.307073691000028, -8.21639321899994, 0.0 ], [ 112.307072414000118, -8.216387208999947, 0.0 ], [ 112.307104564000042, -8.216311321999967, 0.0 ], [ 112.307114170000091, -8.216288646999942, 0.0 ], [ 112.307114769, -8.216238757999974, 0.0 ], [ 112.30711847200007, -8.215930534999927, 0.0 ], [ 112.30712005700002, -8.215835625999944, 0.0 ], [ 112.307124898000097, -8.215545770999938, 0.0 ], [ 112.307060768000042, -8.215323938999973, 0.0 ], [ 112.307081839000034, -8.214905299999941, 0.0 ], [ 112.307085561, -8.214831354999944, 0.0 ], [ 112.307093241000075, -8.214678766999953, 0.0 ], [ 112.307094820000088, -8.214669615999981, 0.0 ], [ 112.307095564000065, -8.214654831999951, 0.0 ], [ 112.307096269000112, -8.21465074799994, 0.0 ], [ 112.307119705000105, -8.214514920999932, 0.0 ], [ 112.307139610000036, -8.214399555999933, 0.0 ], [ 112.307153224000103, -8.21432065099998, 0.0 ], [ 112.307164580000062, -8.214254838999977, 0.0 ], [ 112.307174119000024, -8.214199554999936, 0.0 ], [ 112.307192213, -8.214094682999928, 0.0 ], [ 112.307221154000104, -8.213926948999926, 0.0 ], [ 112.307221187000096, -8.213926756999967, 0.0 ], [ 112.3072171230001, -8.213793104999979, 0.0 ], [ 112.307210692000012, -8.213581579999925, 0.0 ], [ 112.307186477000073, -8.212639898999953, 0.0 ], [ 112.307180079000091, -8.212552028999937, 0.0 ], [ 112.307179137000048, -8.212539092999975, 0.0 ], [ 112.307161470000096, -8.21229644899995, 0.0 ], [ 112.307159707000096, -8.2122722299999, 0.0 ], [ 112.307154290000085, -8.212197835999973, 0.0 ], [ 112.307139077000102, -8.211985150999965, 0.0 ], [ 112.307105969000077, -8.211522299999956, 0.0 ], [ 112.307013354000105, -8.211402009999972, 0.0 ], [ 112.30700928400006, -8.211358030999975, 0.0 ], [ 112.306921571000089, -8.210410301999957, 0.0 ], [ 112.306926195000074, -8.210411224999973, 0.0 ], [ 112.307101836000015, -8.210446282999953, 0.0 ], [ 112.307175470000061, -8.210460979999937, 0.0 ], [ 112.307236534000026, -8.210406946999967, 0.0 ], [ 112.307276042000012, -8.210370927999975, 0.0 ], [ 112.307318895000094, -8.210255939999968, 0.0 ], [ 112.307314999000027, -8.210166226999945, 0.0 ], [ 112.307274998000025, -8.210051508999982, 0.0 ], [ 112.307278353000015, -8.209976127999937, 0.0 ], [ 112.307285080000042, -8.209931600999937, 0.0 ], [ 112.307292458, -8.209882767999943, 0.0 ], [ 112.307349708000061, -8.209764143999962, 0.0 ], [ 112.307352086000037, -8.209742202999962, 0.0 ], [ 112.307365790000063, -8.209615749999955, 0.0 ], [ 112.307342820000031, -8.209542954999961, 0.0 ], [ 112.307334489000027, -8.209516550999979, 0.0 ], [ 112.307334242000024, -8.209441181999978, 0.0 ], [ 112.307369866000045, -8.209319039999968, 0.0 ], [ 112.307438006000098, -8.20922550399996, 0.0 ], [ 112.307473842000036, -8.20916796399996, 0.0 ], [ 112.3074798130001, -8.209148403999961, 0.0 ], [ 112.307488099000011, -8.209121259999961, 0.0 ], [ 112.307527454000024, -8.209038584999973, 0.0 ], [ 112.307636473000116, -8.208914479999976, 0.0 ], [ 112.307660248000047, -8.208887414999936, 0.0 ], [ 112.30776792000006, -8.208765037999967, 0.0 ], [ 112.307871965000118, -8.208635495999943, 0.0 ], [ 112.307889261000014, -8.208601542999929, 0.0 ], [ 112.307938133000107, -8.208505604999971, 0.0 ], [ 112.307950712000093, -8.20848091199997, 0.0 ], [ 112.307979190000083, -8.20837673799997, 0.0 ], [ 112.308003984000038, -8.208247451999966, 0.0 ], [ 112.308017971000027, -8.20811820199998, 0.0 ], [ 112.308060964000106, -8.208046281999941, 0.0 ], [ 112.308147397000084, -8.208038822999981, 0.0 ], [ 112.308212345000015, -8.208070913999961, 0.0 ], [ 112.308288977000075, -8.208152258999974, 0.0 ], [ 112.308396687000027, -8.20826053299993, 0.0 ], [ 112.308468793000088, -8.208278243999928, 0.0 ], [ 112.308493399000099, -8.208280554999931, 0.0 ], [ 112.308616536000045, -8.208292119999953, 0.0 ], [ 112.308717930000057, -8.208282721999979, 0.0 ], [ 112.308897437000041, -8.208266083999945, 0.0 ], [ 112.30903287700005, -8.208239626999955, 0.0 ], [ 112.309267538000086, -8.20819378799996, 0.0 ], [ 112.30937269900005, -8.208189168999979, 0.0 ], [ 112.309527553000066, -8.208174309999947, 0.0 ], [ 112.309624711000083, -8.208141692999959, 0.0 ], [ 112.309664231000056, -8.208109262999926, 0.0 ], [ 112.309695685000065, -8.208034694999981, 0.0 ], [ 112.309822110000027, -8.207918531999951, 0.0 ], [ 112.309937244000025, -8.20787508899997, 0.0 ], [ 112.310092133000012, -8.20787099599994, 0.0 ], [ 112.310189514000058, -8.207906569999977, 0.0 ], [ 112.31022882700006, -8.207933940999965, 0.0 ], [ 112.310287001, -8.207974443999944, 0.0 ], [ 112.310359283000025, -8.20804598899997, 0.0 ], [ 112.310392116000116, -8.208069192999972, 0.0 ], [ 112.310409833000108, -8.208081714999935, 0.0 ], [ 112.310494629, -8.208162314999981, 0.0 ], [ 112.310533054000075, -8.208162189999939, 0.0 ], [ 112.31062930500002, -8.208219300999929, 0.0 ], [ 112.310683125000082, -8.20822678299993, 0.0 ], [ 112.310742621000031, -8.208207447999939, 0.0 ], [ 112.310790558, -8.208178579999981, 0.0 ], [ 112.31083081700001, -8.20815165099998, 0.0 ], [ 112.310874955000031, -8.208136193999962, 0.0 ], [ 112.310905701000024, -8.208138007999935, 0.0 ], [ 112.310940372, -8.208164692999958, 0.0 ], [ 112.310994311000059, -8.208208542999955, 0.0 ], [ 112.311116210000023, -8.208176318999961, 0.0 ], [ 112.311173777000022, -8.208154597999965, 0.0 ], [ 112.311238596000067, -8.208147208999947, 0.0 ], [ 112.31125669000005, -8.208172272999946, 0.0 ], [ 112.311238855000056, -8.208226165999974, 0.0 ], [ 112.311207978000084, -8.208332265999957, 0.0 ], [ 112.311221490000094, -8.208423618999973, 0.0 ], [ 112.311232181000037, -8.208457314999976, 0.0 ], [ 112.311236834000056, -8.208471979999956, 0.0 ], [ 112.311239690000093, -8.208480983999948, 0.0 ], [ 112.311265025000012, -8.208516790999965, 0.0 ], [ 112.311301178, -8.208556152999961, 0.0 ], [ 112.311337331, -8.208595513999967, 0.0 ], [ 112.311369775000117, -8.208602586999973, 0.0 ], [ 112.311416653000038, -8.208616789999951, 0.0 ], [ 112.311445413000115, -8.208598750999954, 0.0 ], [ 112.31147055800011, -8.208577134999928, 0.0 ], [ 112.311495987000058, -8.208514923999928, 0.0 ], [ 112.311563725000042, -8.208426092999957, 0.0 ], [ 112.311595958000112, -8.208368563999954, 0.0 ], [ 112.311624682000115, -8.208339757999966, 0.0 ], [ 112.3117218860001, -8.208321496999929, 0.0 ], [ 112.311811945000045, -8.208321202999969, 0.0 ], [ 112.311876834000032, -8.208335347999935, 0.0 ], [ 112.311920274000045, -8.208399808999957, 0.0 ], [ 112.311931317000017, -8.208471552999981, 0.0 ], [ 112.31194250100009, -8.208586364999974, 0.0 ], [ 112.311967906000064, -8.208643706999965, 0.0 ], [ 112.311978772000089, -8.208661615999972, 0.0 ], [ 112.311982409000052, -8.208672371999967, 0.0 ], [ 112.311988300000053, -8.208706885999959, 0.0 ], [ 112.31199342900004, -8.208736937999959, 0.0 ], [ 112.312008038000045, -8.208797903999937, 0.0 ], [ 112.312069525000084, -8.20887307299995, 0.0 ], [ 112.312123679000024, -8.208908785999938, 0.0 ], [ 112.312221142000112, -8.208969481999929, 0.0 ], [ 112.312332744000059, -8.20894758399993, 0.0 ], [ 112.312431797000045, -8.208908264999934, 0.0 ], [ 112.312703185000032, -8.208763336999937, 0.0 ], [ 112.312760313000013, -8.20873908599998, 0.0 ], [ 112.312865066000086, -8.208694617999981, 0.0 ], [ 112.312969393000117, -8.208651209999971, 0.0 ], [ 112.313077440000029, -8.208643679999966, 0.0 ], [ 112.313163931000076, -8.208654164999928, 0.0 ], [ 112.313250423000113, -8.208664649999946, 0.0 ], [ 112.313318891000108, -8.20867160399996, 0.0 ], [ 112.313390926000011, -8.208667779999928, 0.0 ], [ 112.313401320000025, -8.20866450699998, 0.0 ], [ 112.31344850500011, -8.208649647999948, 0.0 ], [ 112.31353561700007, -8.208630943999935, 0.0 ], [ 112.31374745200003, -8.208634315999973, 0.0 ], [ 112.313836286000083, -8.208629367999947, 0.0 ], [ 112.313884317000088, -8.208626691999939, 0.0 ], [ 112.313995848000104, -8.208583259999955, 0.0 ], [ 112.314104901000064, -8.208519378999938, 0.0 ], [ 112.314254651000056, -8.208410142999981, 0.0 ], [ 112.314323060000106, -8.20839915199997, 0.0 ], [ 112.314395189000038, -8.208424039999954, 0.0 ], [ 112.314442315000065, -8.208513611999933, 0.0 ], [ 112.314469251000105, -8.208574786999975, 0.0 ], [ 112.314478609000048, -8.208596039999975, 0.0 ], [ 112.314504038000109, -8.208660559999942, 0.0 ], [ 112.314536613000087, -8.208707109999978, 0.0 ], [ 112.314565409000011, -8.208797474999926, 0.0 ], [ 112.314615035000088, -8.208976917999962, 0.0 ], [ 112.314616773000012, -8.208983202999946, 0.0 ], [ 112.314653033000013, -8.209054864999928, 0.0 ], [ 112.314714509000055, -8.209126443999935, 0.0 ], [ 112.314757867000026, -8.209165781999957, 0.0 ], [ 112.314815622000083, -8.209201482999958, 0.0 ], [ 112.314873342000055, -8.209226417999957, 0.0 ], [ 112.314937041, -8.2092401699999, 0.0 ], [ 112.31512529400004, -8.209160992999955, 0.0 ], [ 112.315222475000041, -8.209135551999964, 0.0 ], [ 112.315319750000072, -8.209138823999979, 0.0 ], [ 112.315373974000067, -8.209196070999951, 0.0 ], [ 112.315381427000034, -8.209271415999979, 0.0 ], [ 112.315381445000071, -8.209271972999943, 0.0 ], [ 112.315385431000095, -8.209393428999931, 0.0 ], [ 112.315389364000112, -8.209493907999956, 0.0 ], [ 112.315357238000047, -8.209583738999982, 0.0 ], [ 112.315325134000091, -8.209620227999949, 0.0 ], [ 112.31530340300003, -8.209644927999932, 0.0 ], [ 112.315235183000027, -8.20971334199993, 0.0 ], [ 112.315172628000028, -8.209776073999933, 0.0 ], [ 112.315166963000024, -8.209781755999927, 0.0 ], [ 112.315142030000061, -8.209867972999973, 0.0 ], [ 112.315149471000041, -8.209939728999927, 0.0 ], [ 112.315186711000024, -8.209985796999945, 0.0 ], [ 112.315192876000083, -8.209993422999958, 0.0 ], [ 112.315257990000077, -8.21007575699997, 0.0 ], [ 112.315330285000073, -8.210150889999966, 0.0 ], [ 112.315402580000068, -8.210226022999962, 0.0 ], [ 112.315509457000076, -8.21030710499997, 0.0 ], [ 112.315510923000033, -8.210308216999977, 0.0 ], [ 112.315608328000053, -8.210350966999954, 0.0 ], [ 112.315662352000118, -8.210347200999934, 0.0 ], [ 112.315714284000023, -8.21030643499995, 0.0 ], [ 112.315744993000067, -8.210282328999938, 0.0 ], [ 112.315831402000072, -8.210267689999966, 0.0 ], [ 112.315885070000036, -8.210278201999927, 0.0 ], [ 112.315903497000022, -8.210281810999959, 0.0 ], [ 112.315993792000086, -8.210353295999937, 0.0 ], [ 112.316058894000093, -8.210432040999933, 0.0 ], [ 112.316149107000115, -8.210478403999957, 0.0 ], [ 112.316178127000057, -8.210539321999931, 0.0 ], [ 112.316192761000025, -8.210607464999953, 0.0 ], [ 112.316192861000104, -8.210637930999951, 0.0 ], [ 112.316192926000099, -8.210657710999953, 0.0 ], [ 112.316178694000087, -8.210711592999928, 0.0 ], [ 112.31621601300003, -8.210764603999962, 0.0 ], [ 112.316262152000036, -8.210773066999934, 0.0 ], [ 112.31630546100007, -8.210797329999934, 0.0 ], [ 112.316338735000045, -8.210837417999926, 0.0 ], [ 112.316396585, -8.210901830999944, 0.0 ], [ 112.316387159000101, -8.210937815999955, 0.0 ], [ 112.316370377000112, -8.211001874999965, 0.0 ], [ 112.316388586000016, -8.211061631999939, 0.0 ], [ 112.316433803000109, -8.211118309999961, 0.0 ], [ 112.316475850000074, -8.211124154999936, 0.0 ], [ 112.31653881200009, -8.211100021999926, 0.0 ], [ 112.316622720000055, -8.211054884999953, 0.0 ], [ 112.316729618000068, -8.210953859999961, 0.0 ], [ 112.316767711000011, -8.210936570999934, 0.0 ], [ 112.316810191000059, -8.21091729099993, 0.0 ], [ 112.316860206000115, -8.210936268999944, 0.0 ], [ 112.316903971000102, -8.210952874999975, 0.0 ], [ 112.316997869000033, -8.211024347999967, 0.0 ], [ 112.317063031000089, -8.211121037999931, 0.0 ], [ 112.317078092000088, -8.211168016999977, 0.0 ], [ 112.317106709000086, -8.211257276999959, 0.0 ], [ 112.317139556000029, -8.211386373999972, 0.0 ], [ 112.317169491000072, -8.211484614999961, 0.0 ], [ 112.317183257000011, -8.211529790999975, 0.0 ], [ 112.317230490000043, -8.211651662999941, 0.0 ], [ 112.317277700000091, -8.211766356999931, 0.0 ], [ 112.317323133000059, -8.211834951999947, 0.0 ], [ 112.317346488000112, -8.211870212999941, 0.0 ], [ 112.317420584000047, -8.212004437999951, 0.0 ], [ 112.31742186800011, -8.212006762999977, 0.0 ], [ 112.31755725700009, -8.212060936999933, 0.0 ], [ 112.317653257000075, -8.212041480999972, 0.0 ], [ 112.317727026000057, -8.212003434999929, 0.0 ], [ 112.317830674000106, -8.21194997899994, 0.0 ], [ 112.317969571000049, -8.211829890999979, 0.0 ], [ 112.318127570000115, -8.211676242999943, 0.0 ], [ 112.318256876000078, -8.211560970999926, 0.0 ], [ 112.318309964000036, -8.211516905999929, 0.0 ], [ 112.318331519000026, -8.211499014999958, 0.0 ], [ 112.318395788000089, -8.211445667999953, 0.0 ], [ 112.318534890000024, -8.211387787999968, 0.0 ], [ 112.318696055000032, -8.211247464999929, 0.0 ], [ 112.318805569, -8.211151940999969, 0.0 ], [ 112.318827045000035, -8.211133207999978, 0.0 ], [ 112.318874998000069, -8.211109123999961, 0.0 ], [ 112.318956651, -8.211108856999942, 0.0 ], [ 112.319019218000108, -8.211146934999931, 0.0 ], [ 112.319024035000098, -8.211151224999981, 0.0 ], [ 112.319067392000079, -8.211189844999979, 0.0 ], [ 112.319077251000067, -8.211266377999948, 0.0 ], [ 112.319058417000065, -8.211381287999927, 0.0 ], [ 112.319001111000034, -8.21148196799993, 0.0 ], [ 112.318939034000095, -8.211592233999966, 0.0 ], [ 112.318924972000104, -8.211697557999969, 0.0 ], [ 112.318930138000042, -8.211807603999944, 0.0 ], [ 112.318945390000067, -8.211844399999961, 0.0 ], [ 112.318973714000094, -8.211912737999967, 0.0 ], [ 112.319114261000095, -8.212121284999967, 0.0 ], [ 112.319137827000077, -8.212156252999932, 0.0 ], [ 112.31920001800006, -8.212241705999929, 0.0 ], [ 112.319284793000065, -8.212358190999964, 0.0 ], [ 112.319336862000114, -8.212429736999979, 0.0 ], [ 112.319444619000024, -8.212515941999925, 0.0 ], [ 112.319588654000086, -8.212497524999947, 0.0 ], [ 112.319696524000051, -8.212436157999946, 0.0 ], [ 112.319836803000044, -8.21237109599997, 0.0 ], [ 112.320006102000093, -8.212366951999968, 0.0 ], [ 112.320143712000117, -8.212363583999945, 0.0 ], [ 112.320166428000107, -8.21236302799997, 0.0 ], [ 112.320175402000018, -8.212362807999966, 0.0 ], [ 112.320319271000017, -8.21229414499993, 0.0 ], [ 112.320419995000066, -8.212250746999928, 0.0 ], [ 112.320506250000108, -8.212189450999972, 0.0 ], [ 112.320639229000108, -8.212095699999963, 0.0 ], [ 112.320750618000034, -8.212009198999965, 0.0 ], [ 112.320854991000033, -8.211980143999938, 0.0 ], [ 112.320952219000105, -8.211969057999966, 0.0 ], [ 112.3209956500001, -8.212029928999925, 0.0 ], [ 112.320970694000039, -8.212108968999928, 0.0 ], [ 112.320877400000086, -8.212220533999925, 0.0 ], [ 112.32077321700001, -8.21230701199994, 0.0 ], [ 112.320708623000087, -8.212382592999973, 0.0 ], [ 112.320683608000081, -8.212443687999951, 0.0 ], [ 112.320690979, -8.212493909999978, 0.0 ], [ 112.320737928000085, -8.21252964599995, 0.0 ], [ 112.320820830000116, -8.212543729999936, 0.0 ], [ 112.320925370000054, -8.212564920999966, 0.0 ], [ 112.320958474, -8.212589512999955, 0.0 ], [ 112.320981538000069, -8.212592307999955, 0.0 ], [ 112.321063639000045, -8.212581989999933, 0.0 ], [ 112.321164486000043, -8.212575915999935, 0.0 ], [ 112.321256797000046, -8.212602889999971, 0.0 ], [ 112.321314525000048, -8.21262997599996, 0.0 ], [ 112.321365110000102, -8.21267575, 0.0 ], [ 112.321404725000093, -8.212718750999954, 0.0 ], [ 112.32140994100007, -8.212724412999933, 0.0 ], [ 112.321383725000032, -8.212821824999935, 0.0 ], [ 112.321340841000051, -8.212926046999939, 0.0 ], [ 112.321290835000013, -8.213055414999928, 0.0 ], [ 112.321276663000049, -8.213127240999938, 0.0 ], [ 112.321274523000056, -8.213163257999952, 0.0 ], [ 112.321273251000093, -8.213184676999958, 0.0 ], [ 112.321320283000091, -8.213245534999942, 0.0 ], [ 112.32141058000002, -8.21331701899993, 0.0 ], [ 112.321461061000036, -8.213331208999932, 0.0 ], [ 112.321502460000033, -8.213331775999961, 0.0 ], [ 112.321833259000073, -8.213336308999942, 0.0 ], [ 112.321941548000041, -8.213401750999935, 0.0 ], [ 112.322074050000083, -8.213526930999933, 0.0 ], [ 112.322135568000022, -8.213638418999949, 0.0 ], [ 112.322146533000023, -8.213658289999955, 0.0 ], [ 112.322237184000073, -8.213759219999929, 0.0 ], [ 112.322242953000114, -8.213765642999931, 0.0 ], [ 112.32239325, -8.213824965999947, 0.0 ], [ 112.322561361000112, -8.21382441399993, 0.0 ], [ 112.322740792000104, -8.213863520999951, 0.0 ], [ 112.322831737000115, -8.213883341999974, 0.0 ], [ 112.322902020000015, -8.213925479999943, 0.0 ], [ 112.323209801000075, -8.214110008999967, 0.0 ], [ 112.323198140000045, -8.214214725999966, 0.0 ], [ 112.323204421000014, -8.214298448999955, 0.0 ], [ 112.32322561400008, -8.214448887999936, 0.0 ], [ 112.323235164000039, -8.214516678999928, 0.0 ], [ 112.323271651000027, -8.214629631999969, 0.0 ], [ 112.323360281000078, -8.214904008999952, 0.0 ], [ 112.323362555000017, -8.214911049999955, 0.0 ], [ 112.323467903000051, -8.214994445999935, 0.0 ], [ 112.323576252000066, -8.215077832999953, 0.0 ], [ 112.323609560000023, -8.215121383999929, 0.0 ], [ 112.323660674000052, -8.215188215999945, 0.0 ], [ 112.32368800900008, -8.215283832999944, 0.0 ], [ 112.323691457000109, -8.215418408999938, 0.0 ], [ 112.323691834000101, -8.2155320599999, 0.0 ], [ 112.323680495000076, -8.215576729999952, 0.0 ], [ 112.323662200000058, -8.2156488, 0.0 ], [ 112.323623903000112, -8.215734153999961, 0.0 ], [ 112.323593660000029, -8.215801557999953, 0.0 ], [ 112.323564156000089, -8.21595717799994, 0.0 ], [ 112.323603568000067, -8.216073690999963, 0.0 ], [ 112.323653547000049, -8.216154886999959, 0.0 ], [ 112.323688080000011, -8.216210990999969, 0.0 ], [ 112.323733536000077, -8.216339446999939, 0.0 ], [ 112.323769987000105, -8.216467932999933, 0.0 ], [ 112.323774810000032, -8.216485807999959, 0.0 ], [ 112.32380949800006, -8.216614353999944, 0.0 ], [ 112.323846028000048, -8.216766765999978, 0.0 ], [ 112.323852414000044, -8.216814607999936, 0.0 ], [ 112.323867577000101, -8.216928199999927, 0.0 ], [ 112.323867954000093, -8.2170418499999, 0.0 ], [ 112.3238404330001, -8.21722645899996, 0.0 ], [ 112.323832713000115, -8.217278241999963, 0.0 ], [ 112.32380915400006, -8.217415897999956, 0.0 ], [ 112.323798490000058, -8.217467504999945, 0.0 ], [ 112.323782562000019, -8.217544590999978, 0.0 ], [ 112.323766533000025, -8.217599556999971, 0.0 ], [ 112.323738037000112, -8.217697269999974, 0.0 ], [ 112.323718971000062, -8.217753597999945, 0.0 ], [ 112.323693444000014, -8.217829012999971, 0.0 ], [ 112.32367876100011, -8.217927758999963, 0.0 ], [ 112.323674326000059, -8.218032581999978, 0.0 ], [ 112.323673193000104, -8.218059373999949, 0.0 ], [ 112.323676572000068, -8.218173013999944, 0.0 ], [ 112.3236812130001, -8.218319898999937, 0.0 ], [ 112.323683280000068, -8.21838534099993, 0.0 ], [ 112.323737852000022, -8.218546666999941, 0.0 ], [ 112.323729214000082, -8.218644923999932, 0.0 ], [ 112.323717601000112, -8.218777026999931, 0.0 ], [ 112.32366997500003, -8.218899807999946, 0.0 ], [ 112.323637221000013, -8.218980668999961, 0.0 ], [ 112.323583393000035, -8.219043652999972, 0.0 ], [ 112.323496503000115, -8.219094782999946, 0.0 ], [ 112.323439534000045, -8.219115905999956, 0.0 ], [ 112.323299031000033, -8.219121309999935, 0.0 ], [ 112.323072990000014, -8.219027386999926, 0.0 ], [ 112.322961559000078, -8.218920083999933, 0.0 ], [ 112.322928180000076, -8.218812523999929, 0.0 ], [ 112.322941635, -8.218768128999955, 0.0 ], [ 112.322960845000011, -8.218704745999958, 0.0 ], [ 112.322966132000033, -8.21864743499998, 0.0 ], [ 112.322972437000089, -8.21857909299996, 0.0 ], [ 112.322900032, -8.218471660999967, 0.0 ], [ 112.32274666100011, -8.218391412999949, 0.0 ], [ 112.32241324000006, -8.218332692999979, 0.0 ], [ 112.322340317000112, -8.218332932999942, 0.0 ], [ 112.322309576000066, -8.218333033999954, 0.0 ], [ 112.322132818000114, -8.218333614999949, 0.0 ], [ 112.322071010000059, -8.218333817999962, 0.0 ], [ 112.321933013000034, -8.218337076999944, 0.0 ], [ 112.321923921, -8.218337291999944, 0.0 ], [ 112.321876008000118, -8.218373339999971, 0.0 ], [ 112.321783272000062, -8.218472341999927, 0.0 ], [ 112.321761686000059, -8.21853319, 0.0 ], [ 112.321753529000034, -8.218556182999976, 0.0 ], [ 112.32175666, -8.218595052999945, 0.0 ], [ 112.3217929220001, -8.218666713999937, 0.0 ], [ 112.321862354000018, -8.218783128999974, 0.0 ], [ 112.321867916000087, -8.21879013299997, 0.0 ], [ 112.321961837000117, -8.218908416999966, 0.0 ], [ 112.322094460000017, -8.219069485999967, 0.0 ], [ 112.322113841000032, -8.219086659999959, 0.0 ], [ 112.322353397000029, -8.219298928999933, 0.0 ], [ 112.322429790000115, -8.219356846999972, 0.0 ], [ 112.322585137000033, -8.219474625999965, 0.0 ], [ 112.322651499000017, -8.219570113999964, 0.0 ], [ 112.322681757000055, -8.219641794999973, 0.0 ], [ 112.322684586000037, -8.219706875999975, 0.0 ], [ 112.322685007000018, -8.219716554999934, 0.0 ], [ 112.322652292000043, -8.219809377999979, 0.0 ], [ 112.322589457000049, -8.219872392999946, 0.0 ], [ 112.322487537000029, -8.219917589999966, 0.0 ], [ 112.322361571000101, -8.219953893999957, 0.0 ], [ 112.322250704000112, -8.220017065999969, 0.0 ], [ 112.322133853000082, -8.220086239999944, 0.0 ], [ 112.322038016000079, -8.220155343999977, 0.0 ], [ 112.322008871000094, -8.22021095599996, 0.0 ], [ 112.322008183000094, -8.220212267999955, 0.0 ], [ 112.322006718000011, -8.220232899999928, 0.0 ], [ 112.322002447000045, -8.220293038999955, 0.0 ], [ 112.322025114000098, -8.22035602099993, 0.0 ], [ 112.322035776, -8.220385644999965, 0.0 ], [ 112.322186452000096, -8.220558617999927, 0.0 ], [ 112.322335880000082, -8.22076558599997, 0.0 ], [ 112.322508903000085, -8.221005235999939, 0.0 ], [ 112.322518202000083, -8.221018115999925, 0.0 ], [ 112.322671990000117, -8.221223976999966, 0.0 ], [ 112.322864566000021, -8.221357930999943, 0.0 ], [ 112.32287562700003, -8.221360096999945, 0.0 ], [ 112.322939666000025, -8.221372637999934, 0.0 ], [ 112.322987630000057, -8.221351544999948, 0.0 ], [ 112.323035345000108, -8.221255680999946, 0.0 ], [ 112.323118896000096, -8.221102873999939, 0.0 ], [ 112.323160036000104, -8.221003093999968, 0.0 ], [ 112.32322015200009, -8.220857291999948, 0.0 ], [ 112.323301369000092, -8.220771187999958, 0.0 ], [ 112.323324857000102, -8.22074628699994, 0.0 ], [ 112.323402671000053, -8.220674250999934, 0.0 ], [ 112.323459660000026, -8.220659108999939, 0.0 ], [ 112.323513717000083, -8.220664912999951, 0.0 ], [ 112.323558856000091, -8.220697663999943, 0.0 ], [ 112.32358010900009, -8.220769373999929, 0.0 ], [ 112.323574422000092, -8.22086509899998, 0.0 ], [ 112.323553745000027, -8.220966854999972, 0.0 ], [ 112.323515155000109, -8.221098578999943, 0.0 ], [ 112.323493067000072, -8.221181080999941, 0.0 ], [ 112.32348550200004, -8.221209336999948, 0.0 ], [ 112.323482807, -8.22130206199995, 0.0 ], [ 112.323518988000046, -8.221430184999974, 0.0 ], [ 112.323528373000045, -8.221463416999939, 0.0 ], [ 112.323552935000066, -8.221627831999967, 0.0 ], [ 112.323573597000063, -8.22166785099995, 0.0 ], [ 112.323628472000109, -8.221774133999929, 0.0 ], [ 112.323744944000055, -8.221923067999967, 0.0 ], [ 112.323824438000088, -8.222024718999933, 0.0 ], [ 112.323896844000046, -8.222132149999936, 0.0 ], [ 112.323930184, -8.222227746999977, 0.0 ], [ 112.323930507000114, -8.222325136999928, 0.0 ], [ 112.323930581000013, -8.222347378999928, 0.0 ], [ 112.323930938000103, -8.222455047999972, 0.0 ], [ 112.323901235000108, -8.222550851999927, 0.0 ], [ 112.32384150200005, -8.22264376399994, 0.0 ], [ 112.323801010000011, -8.222681655999963, 0.0 ], [ 112.323736132000022, -8.222742366999967, 0.0 ], [ 112.323645424, -8.22283923699996, 0.0 ], [ 112.323615845000063, -8.222967407999931, 0.0 ], [ 112.32361443800005, -8.222973502999935, 0.0 ], [ 112.323575719000019, -8.223066346999929, 0.0 ], [ 112.32355803400003, -8.223165101999939, 0.0 ], [ 112.323554675000082, -8.223235813999963, 0.0 ], [ 112.32354680900005, -8.223401414999955, 0.0 ], [ 112.323525493000034, -8.223561085999961, 0.0 ], [ 112.323520445000099, -8.223598896999931, 0.0 ], [ 112.32351785000003, -8.223721528999931, 0.0 ], [ 112.32350086100007, -8.223784404999947, 0.0 ], [ 112.323482262000084, -8.223853242999951, 0.0 ], [ 112.323413552000034, -8.223955156999978, 0.0 ], [ 112.323329871000055, -8.22406908499994, 0.0 ], [ 112.323273021000091, -8.224126096999953, 0.0 ], [ 112.32318594000003, -8.224163240999928, 0.0 ], [ 112.323174092000045, -8.22416829499997, 0.0 ], [ 112.323093046000054, -8.224171551999973, 0.0 ], [ 112.323045003000061, -8.224168719999966, 0.0 ], [ 112.32303240300007, -8.224163746999977, 0.0 ], [ 112.322924762000071, -8.224121261999926, 0.0 ], [ 112.322872320000101, -8.224069360999977, 0.0 ], [ 112.322837415000095, -8.224034814999925, 0.0 ], [ 112.322758995000072, -8.223924412999963, 0.0 ], [ 112.322698666000065, -8.223837876999937, 0.0 ], [ 112.322611478000113, -8.223799282999948, 0.0 ], [ 112.322500471000012, -8.223820583999952, 0.0 ], [ 112.322446583000101, -8.223865623999927, 0.0 ], [ 112.322375966000095, -8.223943175999977, 0.0 ], [ 112.322309073000042, -8.224042534999967, 0.0 ], [ 112.322289055000056, -8.224063413999943, 0.0 ], [ 112.322234279000099, -8.22412054299997, 0.0 ], [ 112.322153461000084, -8.224192588999927, 0.0 ], [ 112.322078717000068, -8.22428555099998, 0.0 ], [ 112.322060972000031, -8.224366360999966, 0.0 ], [ 112.322061250000047, -8.22445010399997, 0.0 ], [ 112.322076411000012, -8.224498036999933, 0.0 ], [ 112.322077168000078, -8.224500429999978, 0.0 ], [ 112.322118894000027, -8.224632354999926, 0.0 ], [ 112.322155216000056, -8.224721959999954, 0.0 ], [ 112.322157408000066, -8.224788718999946, 0.0 ], [ 112.322158555000101, -8.224823637999975, 0.0 ], [ 112.3221499550001, -8.224946289999934, 0.0 ], [ 112.322102279000092, -8.225054116999956, 0.0 ], [ 112.322027525000067, -8.225144087999979, 0.0 ], [ 112.321925653000108, -8.225204239999925, 0.0 ], [ 112.321802657000035, -8.225231561999976, 0.0 ], [ 112.321601528000087, -8.225235213999952, 0.0 ], [ 112.321348300000068, -8.225225535999925, 0.0 ], [ 112.321097112000075, -8.225215935999927, 0.0 ], [ 112.320824062000042, -8.225258704999931, 0.0 ], [ 112.320812919000105, -8.225261423999939, 0.0 ], [ 112.320689883000114, -8.225291438999932, 0.0 ], [ 112.320650081000053, -8.225301148999961, 0.0 ], [ 112.320596222000063, -8.225355160999925, 0.0 ], [ 112.320578407000085, -8.225415035999958, 0.0 ], [ 112.320584887000109, -8.22555857499998, 0.0 ], [ 112.320600048000074, -8.225670511999965, 0.0 ], [ 112.320600273000082, -8.225672175999932, 0.0 ], [ 112.320603652000045, -8.225785816999974, 0.0 ], [ 112.320598541000095, -8.22583848499994, 0.0 ], [ 112.32059494300006, -8.225875569999971, 0.0 ], [ 112.320565358000067, -8.226007263999975, 0.0 ], [ 112.320565773000112, -8.22613287799993, 0.0 ], [ 112.320557890000032, -8.226179809999962, 0.0 ], [ 112.320545165000112, -8.226255569999978, 0.0 ], [ 112.320485420000068, -8.226345490999961, 0.0 ], [ 112.320380635000106, -8.226432569999929, 0.0 ], [ 112.320278703000099, -8.226474775999975, 0.0 ], [ 112.32018641500008, -8.226527965999935, 0.0 ], [ 112.320143361000078, -8.226552779999963, 0.0 ], [ 112.32001222100007, -8.226688000999957, 0.0 ], [ 112.319978039000034, -8.226777010999967, 0.0 ], [ 112.319961621000061, -8.22681976399997, 0.0 ], [ 112.319910991000029, -8.226942553999947, 0.0 ], [ 112.319828287000064, -8.227057244999969, 0.0 ], [ 112.319809385000099, -8.227083456999935, 0.0 ], [ 112.319767673000115, -8.227179300999978, 0.0 ], [ 112.319750857000031, -8.227218749999963, 0.0 ], [ 112.319696177000083, -8.227347022999936, 0.0 ], [ 112.319690840000021, -8.22736367899995, 0.0 ], [ 112.31964873700008, -8.227495088999945, 0.0 ], [ 112.319648061000066, -8.227562120999949, 0.0 ], [ 112.319646399000021, -8.227727021999954, 0.0 ], [ 112.319621789000053, -8.227911347999964, 0.0 ], [ 112.319611244000043, -8.227990330999944, 0.0 ], [ 112.3195989620001, -8.228202511999939, 0.0 ], [ 112.319597046000013, -8.228235625999957, 0.0 ], [ 112.319606408000027, -8.228343264999978, 0.0 ], [ 112.319606725000085, -8.228438970999946, 0.0 ], [ 112.319567535000033, -8.228543190999972, 0.0 ], [ 112.319565062000038, -8.228549768999926, 0.0 ], [ 112.3194843120001, -8.228642749999949, 0.0 ], [ 112.319364575, -8.228747821999946, 0.0 ], [ 112.319283805000055, -8.228834821999953, 0.0 ], [ 112.319256097000107, -8.228888931999961, 0.0 ], [ 112.319230113000117, -8.228939676999971, 0.0 ], [ 112.319191403000104, -8.22903551099995, 0.0 ], [ 112.319154429000037, -8.229107302999978, 0.0 ], [ 112.319146658000022, -8.229122391999965, 0.0 ], [ 112.319074865000061, -8.22920039, 0.0 ], [ 112.319012128000054, -8.229293311999982, 0.0 ], [ 112.318970583, -8.229439998999965, 0.0 ], [ 112.318917697000074, -8.229485323999938, 0.0 ], [ 112.318854489000046, -8.229539496999962, 0.0 ], [ 112.318719884000075, -8.229506440999955, 0.0 ], [ 112.318698416000075, -8.229486043999941, 0.0 ], [ 112.318612551000115, -8.22940446399997, 0.0 ], [ 112.318599420000055, -8.229391987999975, 0.0 ], [ 112.318459585000028, -8.22922974599993, 0.0 ], [ 112.318296577000069, -8.229091609999955, 0.0 ], [ 112.318209803000059, -8.228907058999937, 0.0 ], [ 112.318179708000116, -8.228843051999945, 0.0 ], [ 112.318102663000104, -8.228699215999939, 0.0 ], [ 112.318049211000016, -8.228599427999939, 0.0 ], [ 112.318019062000076, -8.228429596999945, 0.0 ], [ 112.318014632000086, -8.228404640999941, 0.0 ], [ 112.318010344000072, -8.2283804899999, 0.0 ], [ 112.317937722000011, -8.228293531999952, 0.0 ], [ 112.31782691300009, -8.228193402999977, 0.0 ], [ 112.317697016000011, -8.228131619999942, 0.0 ], [ 112.317562254000109, -8.22805071099998, 0.0 ], [ 112.317494849000013, -8.228003078999961, 0.0 ], [ 112.31734055700008, -8.227826526999934, 0.0 ], [ 112.317220331000044, -8.227783852999949, 0.0 ], [ 112.316959121000082, -8.22772643199994, 0.0 ], [ 112.316764044000024, -8.227794918999962, 0.0 ], [ 112.316684491000046, -8.227806062999946, 0.0 ], [ 112.316519184000072, -8.227829218999943, 0.0 ], [ 112.316341729000101, -8.227911150999944, 0.0 ], [ 112.316231568000035, -8.228007218999949, 0.0 ], [ 112.316073515000085, -8.228146511999967, 0.0 ], [ 112.31592976200011, -8.228252259999977, 0.0 ], [ 112.315781189000063, -8.228353238999944, 0.0 ], [ 112.315726815000062, -8.228387342999952, 0.0 ], [ 112.315704494000101, -8.228401342999973, 0.0 ], [ 112.315670191000095, -8.228387527999928, 0.0 ], [ 112.315608101000066, -8.22836252299993, 0.0 ], [ 112.315545825000072, -8.228354008999929, 0.0 ], [ 112.31552570000008, -8.228324579999935, 0.0 ], [ 112.315503840000019, -8.22829261499993, 0.0 ], [ 112.315434811000046, -8.228191670999934, 0.0 ], [ 112.315391218000059, -8.228081750999934, 0.0 ], [ 112.315333230000078, -8.227976662999936, 0.0 ], [ 112.315293922000023, -8.227956394999978, 0.0 ], [ 112.31522256400001, -8.22791960099994, 0.0 ], [ 112.315102464, -8.227915208999946, 0.0 ], [ 112.315001594000023, -8.22791553899998, 0.0 ], [ 112.314784526000039, -8.228002385999957, 0.0 ], [ 112.314698421000116, -8.228110337999965, 0.0 ], [ 112.314614256000027, -8.228277378999962, 0.0 ], [ 112.314523835000045, -8.22842708099995, 0.0 ], [ 112.31448711400003, -8.228487874999928, 0.0 ], [ 112.31435792000002, -8.228639035999947, 0.0 ], [ 112.314282480000088, -8.228703884999959, 0.0 ], [ 112.314188933000082, -8.228740080999955, 0.0 ], [ 112.314139845000113, -8.228740241999958, 0.0 ], [ 112.314134895000052, -8.228740257999959, 0.0 ], [ 112.314099355000053, -8.228887523999958, 0.0 ], [ 112.314009528000042, -8.22895959799996, 0.0 ], [ 112.313854655000114, -8.228970870999945, 0.0 ], [ 112.313594163000062, -8.228914670999927, 0.0 ], [ 112.313494142000081, -8.228893091999964, 0.0 ], [ 112.313179546000015, -8.228857072999972, 0.0 ], [ 112.313153100000022, -8.228854044999935, 0.0 ], [ 112.312993474000109, -8.228919851999933, 0.0 ], [ 112.31290006800009, -8.228999114999965, 0.0 ], [ 112.312832105000098, -8.22914648699998, 0.0 ], [ 112.312828798000055, -8.229156735999936, 0.0 ], [ 112.312785745000042, -8.229290198999934, 0.0 ], [ 112.312766589000034, -8.229505471999971, 0.0 ], [ 112.312762344000021, -8.229553179999925, 0.0 ], [ 112.312757952000084, -8.229602532999934, 0.0 ], [ 112.312727143000075, -8.229755491999981, 0.0 ], [ 112.312722506000114, -8.22977851099995, 0.0 ], [ 112.312633175000087, -8.230001320999975, 0.0 ], [ 112.312561503000097, -8.230116403999943, 0.0 ], [ 112.312558117000094, -8.230126174999953, 0.0 ], [ 112.312507973000038, -8.23027090599993, 0.0 ], [ 112.312510380000049, -8.230355685999939, 0.0 ], [ 112.312512048000031, -8.23041445399997, 0.0 ], [ 112.312555763000091, -8.230561459999933, 0.0 ], [ 112.312556069000038, -8.230654484999945, 0.0 ], [ 112.312556271000062, -8.230715785999962, 0.0 ], [ 112.31256076000011, -8.230984946999968, 0.0 ], [ 112.312539147000052, -8.231035924999958, 0.0 ], [ 112.312467814000115, -8.231204180999953, 0.0 ], [ 112.312434542, -8.231286547999957, 0.0 ], [ 112.312421359000041, -8.231319180999947, 0.0 ], [ 112.312385417000087, -8.23134442099996, 0.0 ], [ 112.312349415000085, -8.231351716999939, 0.0 ], [ 112.312285042000099, -8.23149548799995, 0.0 ], [ 112.312206211000102, -8.231624949999969, 0.0 ], [ 112.31217197300009, -8.231657263999978, 0.0 ], [ 112.312145156000042, -8.231682573999933, 0.0 ], [ 112.311997499000086, -8.23169741199996, 0.0 ], [ 112.311752490000117, -8.231687444999977, 0.0 ], [ 112.311604773000113, -8.231684338999969, 0.0 ], [ 112.311482393, -8.231717038999932, 0.0 ], [ 112.311436275, -8.231731242999956, 0.0 ], [ 112.311375290000115, -8.23175002499994, 0.0 ], [ 112.311352831000022, -8.231756941999947, 0.0 ], [ 112.31121952400008, -8.231753787999935, 0.0 ], [ 112.311075222000113, -8.231693245999963, 0.0 ], [ 112.310920241000076, -8.231672217999972, 0.0 ], [ 112.310900482000079, -8.231681084999934, 0.0 ], [ 112.310774475000017, -8.231737638999959, 0.0 ], [ 112.310646907000091, -8.231813080999927, 0.0 ], [ 112.310570853000058, -8.231891407999967, 0.0 ], [ 112.310514061000049, -8.231949896999936, 0.0 ], [ 112.310481933, -8.232039726999972, 0.0 ], [ 112.310400617000028, -8.232267486999945, 0.0 ], [ 112.310399829000062, -8.232269691999932, 0.0 ], [ 112.31036413400011, -8.232370300999946, 0.0 ], [ 112.310341254000036, -8.232427830999939, 0.0 ], [ 112.310321257000055, -8.232478110999978, 0.0 ], [ 112.31023137000011, -8.232532239999955, 0.0 ], [ 112.310123482000108, -8.232590015999961, 0.0 ], [ 112.310004928000012, -8.232690894999962, 0.0 ], [ 112.309958248000044, -8.232737704999977, 0.0 ], [ 112.309915261000015, -8.232766746999971, 0.0 ], [ 112.30980967000005, -8.23283808399998, 0.0 ], [ 112.30971820000002, -8.232866022999929, 0.0 ], [ 112.309611725000082, -8.232898545999944, 0.0 ], [ 112.309479651000061, -8.232904958999939, 0.0 ], [ 112.30945001900011, -8.232906168999932, 0.0 ], [ 112.309320557000092, -8.232911458999979, 0.0 ], [ 112.309164338000073, -8.232879068999978, 0.0 ], [ 112.309017174000019, -8.232861603999936, 0.0 ], [ 112.308888131000117, -8.232876978999968, 0.0 ], [ 112.308765004000065, -8.232865416999971, 0.0 ], [ 112.308668886000078, -8.232850775999964, 0.0 ], [ 112.308542836000015, -8.232863149999957, 0.0 ], [ 112.308519605000015, -8.232864209999946, 0.0 ], [ 112.308401755000091, -8.23286959099994, 0.0 ], [ 112.308293746000118, -8.232890878999967, 0.0 ], [ 112.308154932000093, -8.232884798999976, 0.0 ], [ 112.307912415000033, -8.232874175999939, 0.0 ], [ 112.307798275000096, -8.232856602999959, 0.0 ], [ 112.307660226000053, -8.232872006999969, 0.0 ], [ 112.307516437000118, -8.232968181999979, 0.0 ], [ 112.307444179000072, -8.232992438999929, 0.0 ], [ 112.307381488000033, -8.233013483999969, 0.0 ], [ 112.307118058000015, -8.233091336999962, 0.0 ], [ 112.307033572000023, -8.233116304999953, 0.0 ], [ 112.306751685000108, -8.233212929999979, 0.0 ], [ 112.306664819000048, -8.233273029999964, 0.0 ], [ 112.306638571, -8.233320460999948, 0.0 ], [ 112.306620051000095, -8.233353927999929, 0.0 ], [ 112.306538105000072, -8.233446596999954, 0.0 ], [ 112.306485597, -8.233537030999969, 0.0 ], [ 112.30641279800011, -8.233585637999965, 0.0 ], [ 112.306236327000079, -8.233619120999947, 0.0 ], [ 112.306206780000025, -8.233624877999944, 0.0 ], [ 112.306031715000017, -8.233658989999981, 0.0 ], [ 112.305987898000012, -8.233667526999966, 0.0 ], [ 112.30583462200002, -8.233697392999943, 0.0 ], [ 112.305832299000031, -8.233696760999976, 0.0 ], [ 112.305835362000039, -8.233681400999956, 0.0 ], [ 112.305835717000036, -8.233679621999954, 0.0 ], [ 112.305825227000014, -8.23367435199998, 0.0 ], [ 112.305825999000035, -8.233670480999933, 0.0 ], [ 112.305824505000032, -8.233670073999974, 0.0 ], [ 112.305807508000044, -8.233665449999933, 0.0 ] ] ] ] } },
{ "type": "Feature", "properties": { "OBJECTID": 116959.0, "KDPPUM": "35", "NAMOBJ": "Sambigede", "REMARK": null, "KDPBPS": null, "FCODE": "BA03070040", "LUASWH": null, "UUPP": "Data dari Pemerintah Daerah", "SRS_ID": "SRGI 2013", "METADATA": "TASWIL1000020200326DATA_BATAS_DESA_KELURAHAN", "KDEBPS": null, "KDEPUM": "35.05.16.2007", "KDCBPS": null, "KDCPUM": "35.05.16", "KDBBPS": null, "WADMKD": "Sambigede", "WIADKD": null, "WADMKC": "Binangun", "WIADKC": null, "WADMKK": "Blitar", "WIADKK": null, "WADMPR": "Jawa Timur", "WIADPR": null, "TIPADM": 1.0, "KDPKAB": "35.05", "SHAPE_Leng": 0.141343578584716, "SHAPE_Area": 0.00068151723065199997 }, "geometry": { "type": "MultiPolygon", "coordinates": [ [ [ [ 112.35952136800006, -8.196770239999978, 0.0 ], [ 112.360010074000115, -8.196686369999952, 0.0 ], [ 112.361737667000057, -8.196663876999935, 0.0 ], [ 112.36298381600011, -8.196617581999931, 0.0 ], [ 112.36370290800005, -8.196602139999925, 0.0 ], [ 112.363723511000103, -8.196601697999938, 0.0 ], [ 112.363896692000026, -8.196597978999932, 0.0 ], [ 112.364262995000104, -8.196590112999957, 0.0 ], [ 112.365060720000088, -8.196557656999971, 0.0 ], [ 112.365443091000088, -8.196492039999953, 0.0 ], [ 112.365571305000117, -8.196479140999941, 0.0 ], [ 112.366047306000041, -8.196431253999947, 0.0 ], [ 112.366717591000111, -8.196389316999955, 0.0 ], [ 112.367350105000014, -8.196366166999951, 0.0 ], [ 112.367546963000109, -8.196372817999929, 0.0 ], [ 112.367725868000093, -8.19637886299995, 0.0 ], [ 112.367916511000089, -8.196385303999932, 0.0 ], [ 112.368492390000029, -8.19634801199993, 0.0 ], [ 112.369224048000092, -8.196287293999944, 0.0 ], [ 112.370087852000097, -8.196254865999947, 0.0 ], [ 112.370437137000067, -8.19626447, 0.0 ], [ 112.371409461000098, -8.196307345999969, 0.0 ], [ 112.372057483000049, -8.196369725999944, 0.0 ], [ 112.373080711000057, -8.196463538999978, 0.0 ], [ 112.373187396000048, -8.196475971999973, 0.0 ], [ 112.373822106000034, -8.196549941999933, 0.0 ], [ 112.374662280000052, -8.196600239999952, 0.0 ], [ 112.37497548500005, -8.196608657999946, 0.0 ], [ 112.375464907000037, -8.196630952999953, 0.0 ], [ 112.376718, -8.196728, 0.0 ], [ 112.376869470000088, -8.196743441999956, 0.0 ], [ 112.376868159000082, -8.19686952, 0.0 ], [ 112.376851571000088, -8.196934176999946, 0.0 ], [ 112.376823009000077, -8.197008444999938, 0.0 ], [ 112.376782457000104, -8.197087539999927, 0.0 ], [ 112.376725184000065, -8.197193010999968, 0.0 ], [ 112.376691910000091, -8.197293614999978, 0.0 ], [ 112.376666062000027, -8.197458792999953, 0.0 ], [ 112.376663965000034, -8.197547326999938, 0.0 ], [ 112.376671564000048, -8.19766214699996, 0.0 ], [ 112.376717504000112, -8.197752909999963, 0.0 ], [ 112.376787467000099, -8.197845982999979, 0.0 ], [ 112.376843004000079, -8.197934319999945, 0.0 ], [ 112.37686967500008, -8.198008399999935, 0.0 ], [ 112.376865119000058, -8.198080193999942, 0.0 ], [ 112.376777122000021, -8.198329326999954, 0.0 ], [ 112.376717308000025, -8.198394131999976, 0.0 ], [ 112.376643020000074, -8.198439844999939, 0.0 ], [ 112.376595230000021, -8.198509393999927, 0.0 ], [ 112.376561799000115, -8.19856453899996, 0.0 ], [ 112.37649215700003, -8.198564775999955, 0.0 ], [ 112.376417713000023, -8.198565029999941, 0.0 ], [ 112.376328958000045, -8.198594044999936, 0.0 ], [ 112.376295552000101, -8.198656366999955, 0.0 ], [ 112.376324600000089, -8.198723260999941, 0.0 ], [ 112.376329633000068, -8.198790236999969, 0.0 ], [ 112.376351542000066, -8.19887629699997, 0.0 ], [ 112.376368706000108, -8.198979120999979, 0.0 ], [ 112.37636317700003, -8.199042112999962, 0.0 ], [ 112.376359462000096, -8.199084426999946, 0.0 ], [ 112.376314304000061, -8.19922096099998, 0.0 ], [ 112.376266950000058, -8.199417316999927, 0.0 ], [ 112.376164585000083, -8.199678461999952, 0.0 ], [ 112.376145628000017, -8.199752697999941, 0.0 ], [ 112.376143539000054, -8.199843623999925, 0.0 ], [ 112.376148861000047, -8.199994340999979, 0.0 ], [ 112.376156476, -8.200113945999931, 0.0 ], [ 112.37617371400006, -8.200238302999935, 0.0 ], [ 112.376181363000114, -8.200367477999976, 0.0 ], [ 112.37617449600009, -8.200465598999926, 0.0 ], [ 112.376114023000014, -8.200584876999926, 0.0 ], [ 112.376110093000079, -8.200592627999981, 0.0 ], [ 112.375925889000086, -8.200799021999956, 0.0 ], [ 112.375866149000103, -8.200885359999972, 0.0 ], [ 112.375832825000089, -8.200971607999975, 0.0 ], [ 112.375787460000083, -8.201048325999977, 0.0 ], [ 112.375718089000088, -8.201127518999954, 0.0 ], [ 112.37563676100001, -8.20122110899996, 0.0 ], [ 112.37552668, -8.201333937999948, 0.0 ], [ 112.375501492000012, -8.201361793999979, 0.0 ], [ 112.375333096000077, -8.201548019999962, 0.0 ], [ 112.375311656, -8.20159833799994, 0.0 ], [ 112.375287723000042, -8.201622345999965, 0.0 ], [ 112.375168045, -8.201737599999944, 0.0 ], [ 112.375144097000089, -8.201756822999926, 0.0 ], [ 112.375105690000055, -8.201761738999949, 0.0 ], [ 112.375045727000042, -8.201783476999935, 0.0 ], [ 112.374983445000112, -8.201829148999934, 0.0 ], [ 112.374957144000064, -8.201862735999953, 0.0 ], [ 112.374920753000083, -8.201894481999943, 0.0 ], [ 112.374923783000099, -8.201996357999974, 0.0 ], [ 112.374926497000047, -8.202087267999957, 0.0 ], [ 112.374914810000064, -8.202180619999979, 0.0 ], [ 112.37491508100004, -8.202259574999971, 0.0 ], [ 112.374881675000097, -8.202321896999933, 0.0 ], [ 112.374852997000062, -8.202362669999957, 0.0 ], [ 112.374800498000013, -8.202401608999935, 0.0 ], [ 112.37478373700003, -8.202416021999966, 0.0 ], [ 112.374735790000045, -8.202440111999977, 0.0 ], [ 112.374687827000116, -8.202459416999943, 0.0 ], [ 112.374613447000115, -8.202478810999935, 0.0 ], [ 112.374589441000012, -8.202481285999966, 0.0 ], [ 112.374585398000022, -8.202482750999934, 0.0 ], [ 112.374529478000113, -8.202503023999952, 0.0 ], [ 112.374481613000057, -8.202551038999957, 0.0 ], [ 112.374409482000033, -8.20258430399997, 0.0 ], [ 112.374344848000078, -8.20264433899996, 0.0 ], [ 112.374260863000018, -8.202663766999933, 0.0 ], [ 112.374181598000064, -8.202659251999933, 0.0 ], [ 112.374116643000093, -8.202625976999968, 0.0 ], [ 112.374027592000061, -8.20256885699996, 0.0 ], [ 112.373902444, -8.202490327999953, 0.0 ], [ 112.373784699000112, -8.202469195999981, 0.0 ], [ 112.37370073000011, -8.202493407999953, 0.0 ], [ 112.373623998000085, -8.202527165999982, 0.0 ], [ 112.37359045900007, -8.202551206999942, 0.0 ], [ 112.37352905900002, -8.202515526999946, 0.0 ], [ 112.373491621000085, -8.202441482999973, 0.0 ], [ 112.373466429000018, -8.202413622999927, 0.0 ], [ 112.373450640000101, -8.202396162999946, 0.0 ], [ 112.373383219000061, -8.202343754999958, 0.0 ], [ 112.373291848, -8.202310569999952, 0.0 ], [ 112.373199338000063, -8.202299821999929, 0.0 ], [ 112.37317103700002, -8.202317680999954, 0.0 ], [ 112.373103947000118, -8.202361933999953, 0.0 ], [ 112.373077200000012, -8.20237428799993, 0.0 ], [ 112.373015770000052, -8.20233782899993, 0.0 ], [ 112.372977174000084, -8.202287715999944, 0.0 ], [ 112.372951643000079, -8.202207410999961, 0.0 ], [ 112.372895081000024, -8.202158793999956, 0.0 ], [ 112.372820660000116, -8.202166224999928, 0.0 ], [ 112.372748739000031, -8.202202359999944, 0.0 ], [ 112.372691211000074, -8.202233659999933, 0.0 ], [ 112.37260007000009, -8.202267466999956, 0.0 ], [ 112.372460777000015, -8.202265547999957, 0.0 ], [ 112.372388772000022, -8.202218897999956, 0.0 ], [ 112.372359928000037, -8.202211339999963, 0.0 ], [ 112.372311623000087, -8.202189491999945, 0.0 ], [ 112.372253816000011, -8.202139443999954, 0.0 ], [ 112.372151982000105, -8.202078060999952, 0.0 ], [ 112.372101986000075, -8.202064832999952, 0.0 ], [ 112.371948362000012, -8.202004104999958, 0.0 ], [ 112.371698405000075, -8.201945139999964, 0.0 ], [ 112.371638335000057, -8.201935773999935, 0.0 ], [ 112.371566209000093, -8.201912092999976, 0.0 ], [ 112.371506091000015, -8.201888371999928, 0.0 ], [ 112.371443488000068, -8.201840731999937, 0.0 ], [ 112.371373641000105, -8.201781153999946, 0.0 ], [ 112.371315842000058, -8.201733498999943, 0.0 ], [ 112.371243618000108, -8.201681106999956, 0.0 ], [ 112.371152206000033, -8.20163595799994, 0.0 ], [ 112.371063327000115, -8.201629081999954, 0.0 ], [ 112.37097208800003, -8.201634177999949, 0.0 ], [ 112.370888103000084, -8.201653603999944, 0.0 ], [ 112.370801789000097, -8.201694572999941, 0.0 ], [ 112.370590870000115, -8.201814920999936, 0.0 ], [ 112.370291646000055, -8.202095874999941, 0.0 ], [ 112.369937220000111, -8.202386587999968, 0.0 ], [ 112.369896898000093, -8.20242577199997, 0.0 ], [ 112.369860627000094, -8.202461018999941, 0.0 ], [ 112.369776887000057, -8.20255222399993, 0.0 ], [ 112.369697942000016, -8.202641018999941, 0.0 ], [ 112.369614218000038, -8.202737008999975, 0.0 ], [ 112.36955449300001, -8.202828130999933, 0.0 ], [ 112.369501980000109, -8.202921621999963, 0.0 ], [ 112.369461490000049, -8.203019856999958, 0.0 ], [ 112.369404232000079, -8.203130112999929, 0.0 ], [ 112.369366079000088, -8.203209198999957, 0.0 ], [ 112.369315787, -8.203250043999958, 0.0 ], [ 112.369265331000065, -8.203243037999925, 0.0 ], [ 112.369204187000037, -8.203182678999951, 0.0 ], [ 112.369176157000084, -8.203150028999971, 0.0 ], [ 112.369135234000055, -8.203121455999963, 0.0 ], [ 112.369072747000018, -8.203107312999975, 0.0 ], [ 112.369003145000079, -8.203119511999944, 0.0 ], [ 112.368900027000109, -8.203174949999948, 0.0 ], [ 112.368864154000107, -8.203206118999958, 0.0 ], [ 112.368828345000111, -8.20326844899995, 0.0 ], [ 112.368811813000093, -8.203349853999953, 0.0 ], [ 112.368788199000051, -8.203467172999979, 0.0 ], [ 112.368786125000042, -8.20356288499994, 0.0 ], [ 112.368801168, -8.203689642999962, 0.0 ], [ 112.368844236000086, -8.203701459999934, 0.0 ], [ 112.368875660000072, -8.203761168999961, 0.0 ], [ 112.368899936000048, -8.203837649999969, 0.0 ], [ 112.368897723000032, -8.203892687999939, 0.0 ], [ 112.368888617000039, -8.204038668999942, 0.0 ], [ 112.3688697, -8.204124867999951, 0.0 ], [ 112.368826793000039, -8.204218325999932, 0.0 ], [ 112.368783926000106, -8.204323746999933, 0.0 ], [ 112.368765255000085, -8.204481723999947, 0.0 ], [ 112.368780073000039, -8.204601303999937, 0.0 ], [ 112.36880034100011, -8.20490988399996, 0.0 ], [ 112.368805488000021, -8.205010356999935, 0.0 ], [ 112.368801070000018, -8.205122824999933, 0.0 ], [ 112.368777604000115, -8.205283210999937, 0.0 ], [ 112.368761146000111, -8.205386148999935, 0.0 ], [ 112.368787923000014, -8.20549133399993, 0.0 ], [ 112.368846156000018, -8.205665797999927, 0.0 ], [ 112.368854481000085, -8.205700514999933, 0.0 ], [ 112.368865647, -8.20574708099997, 0.0 ], [ 112.368873121000092, -8.205826011999932, 0.0 ], [ 112.368873318000055, -8.205883433999929, 0.0 ], [ 112.368859122000117, -8.205945690999954, 0.0 ], [ 112.368828050000047, -8.205988862999959, 0.0 ], [ 112.368777750000049, -8.206027315999961, 0.0 ], [ 112.368720229000019, -8.206061007999949, 0.0 ], [ 112.36863861900008, -8.206073248999928, 0.0 ], [ 112.368564115000027, -8.206056753999974, 0.0 ], [ 112.368416364000041, -8.205966649999937, 0.0 ], [ 112.368380512000044, -8.20596119399994, 0.0 ], [ 112.368328620000057, -8.20595562799997, 0.0 ], [ 112.368286347000094, -8.20595385699994, 0.0 ], [ 112.368114815000013, -8.20599367899996, 0.0 ], [ 112.368045254000094, -8.206017840999948, 0.0 ], [ 112.367975717000036, -8.206049181999958, 0.0 ], [ 112.367918245000055, -8.206097228999965, 0.0 ], [ 112.367860830000041, -8.206162024999969, 0.0 ], [ 112.367805808000071, -8.206224419999955, 0.0 ], [ 112.367774826000073, -8.206293911999978, 0.0 ], [ 112.367777555000089, -8.206389606999949, 0.0 ], [ 112.367794660000072, -8.20647568399994, 0.0 ], [ 112.367823740000063, -8.206552148999947, 0.0 ], [ 112.367843001000097, -8.206648266999935, 0.0 ], [ 112.36780461, -8.206657967999945, 0.0 ], [ 112.367735425000092, -8.206710361999967, 0.0 ], [ 112.367716385000108, -8.206760671999973, 0.0 ], [ 112.367687960000012, -8.206875613999955, 0.0 ], [ 112.367662378000091, -8.207119748999958, 0.0 ], [ 112.367679802000112, -8.20729913699995, 0.0 ], [ 112.367677843000024, -8.207428344999926, 0.0 ], [ 112.367742701000111, -8.207655423999938, 0.0 ], [ 112.36776782000004, -8.207697448999966, 0.0 ], [ 112.367787032000024, -8.207755763999955, 0.0 ], [ 112.36780158800002, -8.207798781999941, 0.0 ], [ 112.36782328400011, -8.207822633999967, 0.0 ], [ 112.36784500400006, -8.207853664999959, 0.0 ], [ 112.367830808, -8.207915920999937, 0.0 ], [ 112.36779982500002, -8.207985411999971, 0.0 ], [ 112.367764073000103, -8.208064490999959, 0.0 ], [ 112.36772596000003, -8.20815554, 0.0 ], [ 112.367726664000088, -8.208361302999947, 0.0 ], [ 112.367717328000026, -8.208440290999931, 0.0 ], [ 112.367698263000079, -8.208483422999961, 0.0 ], [ 112.367669601000102, -8.208528980999972, 0.0 ], [ 112.367614604000096, -8.208598552999945, 0.0 ], [ 112.367547591000061, -8.208665774999929, 0.0 ], [ 112.367461357000025, -8.20873066799993, 0.0 ], [ 112.367398951000041, -8.208740450999926, 0.0 ], [ 112.367296635000116, -8.208679067999981, 0.0 ], [ 112.367254323000111, -8.208665812999925, 0.0 ], [ 112.36712976900003, -8.20867915599996, 0.0 ], [ 112.36708417300008, -8.208688881999933, 0.0 ], [ 112.366995448000011, -8.208727464999981, 0.0 ], [ 112.366921165, -8.208775568999954, 0.0 ], [ 112.366825301000063, -8.208833317999961, 0.0 ], [ 112.366774946000078, -8.208871211999963, 0.0 ], [ 112.366748649000101, -8.208891000999927, 0.0 ], [ 112.366717617000063, -8.208946136999941, 0.0 ], [ 112.366725067000061, -8.209017889999927, 0.0 ], [ 112.366759466000076, -8.209245072999977, 0.0 ], [ 112.366770062000114, -8.20953454499994, 0.0 ], [ 112.366772717000117, -8.209608706999973, 0.0 ], [ 112.366734620000102, -8.209704540999951, 0.0 ], [ 112.366646001000049, -8.209774227999958, 0.0 ], [ 112.366543416000013, -8.209774575999973, 0.0 ], [ 112.366516506000039, -8.209770839999976, 0.0 ], [ 112.366456772000106, -8.20971936199993, 0.0 ], [ 112.366414348000035, -8.209673566999982, 0.0 ], [ 112.366377767000017, -8.209650721999935, 0.0 ], [ 112.366175601, -8.209523162999972, 0.0 ], [ 112.366144855000016, -8.209521352999957, 0.0 ], [ 112.366098792000116, -8.209534907999966, 0.0 ], [ 112.366029739000055, -8.209567681999943, 0.0 ], [ 112.36597787300002, -8.209569772999942, 0.0 ], [ 112.365906775000099, -8.209566184999971, 0.0 ], [ 112.365860646000101, -8.209560599999975, 0.0 ], [ 112.365827274000026, -8.210535468999979, 0.0 ], [ 112.365822273000049, -8.210744776999945, 0.0 ], [ 112.365810466000084, -8.211238957999967, 0.0 ], [ 112.365805102000081, -8.211777316999928, 0.0 ], [ 112.365795768000112, -8.21238105599997, 0.0 ], [ 112.365793302000043, -8.212540604999958, 0.0 ], [ 112.365768807000109, -8.213102954999954, 0.0 ], [ 112.365746112000011, -8.213425477999976, 0.0 ], [ 112.36570856000003, -8.213959129999978, 0.0 ], [ 112.365700098000048, -8.2140793799999, 0.0 ], [ 112.365680423000072, -8.214646498999969, 0.0 ], [ 112.365649667000071, -8.215033305999953, 0.0 ], [ 112.365634372000045, -8.215225670999928, 0.0 ], [ 112.365283851000072, -8.215257963999932, 0.0 ], [ 112.365012583000066, -8.215289988999928, 0.0 ], [ 112.364891131000036, -8.215311318999966, 0.0 ], [ 112.364554156000054, -8.215370499999949, 0.0 ], [ 112.364196210000046, -8.215338216999953, 0.0 ], [ 112.363961201000052, -8.21543950399996, 0.0 ], [ 112.36382921400002, -8.215468662999967, 0.0 ], [ 112.363481079000053, -8.215496161999965, 0.0 ], [ 112.362831854000092, -8.215485440999942, 0.0 ], [ 112.362556973000096, -8.215444261999949, 0.0 ], [ 112.362529677000111, -8.215327593999973, 0.0 ], [ 112.362500708000084, -8.215283666999937, 0.0 ], [ 112.362458317, -8.215247442999953, 0.0 ], [ 112.362410207000039, -8.215224636999949, 0.0 ], [ 112.362371796000048, -8.215228594999928, 0.0 ], [ 112.362346904000105, -8.215253562999976, 0.0 ], [ 112.362308701000075, -8.215318770999943, 0.0 ], [ 112.362282, -8.215376284999934, 0.0 ], [ 112.362236099000029, -8.215437691999966, 0.0 ], [ 112.362197765000019, -8.215464618999931, 0.0 ], [ 112.362138272000038, -8.215483960999961, 0.0 ], [ 112.362059514000066, -8.21548805599997, 0.0 ], [ 112.361990349000052, -8.215488289999939, 0.0 ], [ 112.361926844000095, -8.215457878999928, 0.0 ], [ 112.361869056000046, -8.215414050999925, 0.0 ], [ 112.361815216000082, -8.215400833999979, 0.0 ], [ 112.361755703000085, -8.215414433999968, 0.0 ], [ 112.361703947000024, -8.215449062999937, 0.0 ], [ 112.36164640700008, -8.215477969999938, 0.0 ], [ 112.361581105000027, -8.215483932999973, 0.0 ], [ 112.361483115000055, -8.21554120899998, 0.0 ], [ 112.361279195000066, -8.215604106999933, 0.0 ], [ 112.360955295000053, -8.21569612299993, 0.0 ], [ 112.360714635000022, -8.215756928999951, 0.0 ], [ 112.360590568000021, -8.215788275999955, 0.0 ], [ 112.360328637000066, -8.215823256999954, 0.0 ], [ 112.360172391000106, -8.215923198999974, 0.0 ], [ 112.360095028000046, -8.216008658999954, 0.0 ], [ 112.359903924000037, -8.216075064999927, 0.0 ], [ 112.359794439000098, -8.216140291999977, 0.0 ], [ 112.359600068000077, -8.216186408999931, 0.0 ], [ 112.35946085, -8.216208412999947, 0.0 ], [ 112.359069632000114, -8.216279120999957, 0.0 ], [ 112.358817468000098, -8.216279972999928, 0.0 ], [ 112.358816183000044, -8.216251384999964, 0.0 ], [ 112.358830351000051, -8.21618422399996, 0.0 ], [ 112.358457986000076, -8.216149591999965, 0.0 ], [ 112.358364743000038, -8.216096071999971, 0.0 ], [ 112.35803743800011, -8.216070259999981, 0.0 ], [ 112.357905311000081, -8.216058742999962, 0.0 ], [ 112.357793995000065, -8.21598733899998, 0.0 ], [ 112.35744360700005, -8.215968802999953, 0.0 ], [ 112.357262548000108, -8.21595922399996, 0.0 ], [ 112.357199120000018, -8.215845787999967, 0.0 ], [ 112.357027349000077, -8.215651965999939, 0.0 ], [ 112.356888098000013, -8.21567588399995, 0.0 ], [ 112.355845067000018, -8.215799509999954, 0.0 ], [ 112.355576942000084, -8.215747943999929, 0.0 ], [ 112.355526449000081, -8.215751767999961, 0.0 ], [ 112.35548007500006, -8.21575527899995, 0.0 ], [ 112.354730910000058, -8.21579417099997, 0.0 ], [ 112.354052988000035, -8.215736136999965, 0.0 ], [ 112.353593549000038, -8.215792135999948, 0.0 ], [ 112.35350892200006, -8.216343803999962, 0.0 ], [ 112.353161096, -8.216322004999938, 0.0 ], [ 112.352838364000036, -8.216334574999962, 0.0 ], [ 112.352773773000081, -8.216549155999928, 0.0 ], [ 112.352644575000113, -8.216978367999957, 0.0 ], [ 112.352610611000046, -8.217063703999941, 0.0 ], [ 112.352536610000016, -8.217494463999969, 0.0 ], [ 112.352289473000042, -8.218211889999964, 0.0 ], [ 112.352253027000074, -8.218312670999978, 0.0 ], [ 112.351951608000036, -8.219146154999976, 0.0 ], [ 112.351861547000112, -8.219500567999944, 0.0 ], [ 112.351837936000038, -8.219579950999957, 0.0 ], [ 112.351733320000108, -8.219931673999952, 0.0 ], [ 112.351703021000048, -8.220169665999947, 0.0 ], [ 112.351657289000059, -8.220528892999937, 0.0 ], [ 112.351612877000093, -8.221243244999926, 0.0 ], [ 112.351621321000039, -8.221609289999947, 0.0 ], [ 112.351669858000037, -8.221811113999934, 0.0 ], [ 112.351468331000092, -8.221930030999943, 0.0 ], [ 112.350926410000056, -8.222115194999958, 0.0 ], [ 112.350949594000099, -8.222388600999977, 0.0 ], [ 112.350940797000021, -8.22262789399997, 0.0 ], [ 112.350930683000115, -8.222733371999936, 0.0 ], [ 112.3506667690001, -8.222812019999935, 0.0 ], [ 112.349982664000095, -8.22291899499993, 0.0 ], [ 112.34993462500006, -8.22280354399993, 0.0 ], [ 112.349933159000102, -8.222691837999946, 0.0 ], [ 112.349513834000049, -8.22276803799997, 0.0 ], [ 112.349498136000079, -8.222699732999956, 0.0 ], [ 112.349440762000086, -8.222209912999972, 0.0 ], [ 112.349143319000063, -8.222316187999979, 0.0 ], [ 112.34878600400009, -8.22233078499994, 0.0 ], [ 112.348249545000044, -8.222208166999962, 0.0 ], [ 112.347928512000067, -8.222162393999952, 0.0 ], [ 112.348047751000081, -8.221558690999927, 0.0 ], [ 112.347947626000064, -8.221558380999966, 0.0 ], [ 112.347501836000106, -8.221544561999963, 0.0 ], [ 112.34746951000011, -8.221644203999972, 0.0 ], [ 112.34727538300001, -8.221621884999934, 0.0 ], [ 112.346779181000102, -8.221472332999952, 0.0 ], [ 112.346722143000079, -8.22165053599997, 0.0 ], [ 112.346697342000084, -8.221709765999947, 0.0 ], [ 112.346382706000099, -8.221881294999946, 0.0 ], [ 112.346281680000061, -8.222031110999978, 0.0 ], [ 112.34611386600011, -8.222279971999967, 0.0 ], [ 112.346047942000041, -8.222272966999981, 0.0 ], [ 112.345563544000015, -8.222205679999945, 0.0 ], [ 112.345603323000091, -8.22203710499997, 0.0 ], [ 112.345391291000055, -8.221833003999961, 0.0 ], [ 112.345410401000095, -8.221802314999934, 0.0 ], [ 112.345448601000044, -8.221735192999972, 0.0 ], [ 112.345461875000069, -8.221683466999934, 0.0 ], [ 112.345442462000051, -8.221624194999947, 0.0 ], [ 112.345272531000091, -8.221370185999945, 0.0 ], [ 112.345274779000079, -8.220939908999981, 0.0 ], [ 112.345219218000011, -8.220943515999977, 0.0 ], [ 112.344260716, -8.221011800999975, 0.0 ], [ 112.344261973000016, -8.220814642999926, 0.0 ], [ 112.344297311000105, -8.219897662999927, 0.0 ], [ 112.344177145000117, -8.219941363999965, 0.0 ], [ 112.343861709000066, -8.220056076999981, 0.0 ], [ 112.343484082000032, -8.219807897999942, 0.0 ], [ 112.343270562000043, -8.219667571999935, 0.0 ], [ 112.343273074000081, -8.219493111999952, 0.0 ], [ 112.342174238000098, -8.219323268999972, 0.0 ], [ 112.341543577000039, -8.219253593999952, 0.0 ], [ 112.341256686000065, -8.219207314999949, 0.0 ], [ 112.340780648000077, -8.219130522999933, 0.0 ], [ 112.339942896000025, -8.219018260999974, 0.0 ], [ 112.339596964000066, -8.219004464999955, 0.0 ], [ 112.339513052000029, -8.218910435999931, 0.0 ], [ 112.339449799000022, -8.218847839999967, 0.0 ], [ 112.33937448800009, -8.218770328999938, 0.0 ], [ 112.339286788000095, -8.218688959999952, 0.0 ], [ 112.338167897000062, -8.218722940999953, 0.0 ], [ 112.337594183000078, -8.218740363999927, 0.0 ], [ 112.336279337000065, -8.218753705999973, 0.0 ], [ 112.336267285000076, -8.218685696999955, 0.0 ], [ 112.336252579000075, -8.218556361999958, 0.0 ], [ 112.336245444000042, -8.218493617999968, 0.0 ], [ 112.336148169000012, -8.21813205199993, 0.0 ], [ 112.33602992100009, -8.217782518999968, 0.0 ], [ 112.336016930000028, -8.217744833999973, 0.0 ], [ 112.335814688000028, -8.217158152999957, 0.0 ], [ 112.3357357860001, -8.216904195999973, 0.0 ], [ 112.335727160000033, -8.216813920999925, 0.0 ], [ 112.335707787000047, -8.216611188999934, 0.0 ], [ 112.335709149000081, -8.216120689999968, 0.0 ], [ 112.335711941000113, -8.216057872999954, 0.0 ], [ 112.335678569000038, -8.21595330599996, 0.0 ], [ 112.335639681000089, -8.215871364999941, 0.0 ], [ 112.335451820000117, -8.215475526999967, 0.0 ], [ 112.335179953000079, -8.214970980999965, 0.0 ], [ 112.335067970000068, -8.21469918799994, 0.0 ], [ 112.335063858000012, -8.214367220999975, 0.0 ], [ 112.335072238000066, -8.214232008999943, 0.0 ], [ 112.33509519100005, -8.213861668999925, 0.0 ], [ 112.335154148000015, -8.213584478999962, 0.0 ], [ 112.335177946000044, -8.213472587999945, 0.0 ], [ 112.335289970000076, -8.212924914999974, 0.0 ], [ 112.335296095000103, -8.212894967999944, 0.0 ], [ 112.335370185000102, -8.212607602999981, 0.0 ], [ 112.335462396000025, -8.212353077999978, 0.0 ], [ 112.33560852200003, -8.212062482999954, 0.0 ], [ 112.335653121000064, -8.211933729999942, 0.0 ], [ 112.335673675000066, -8.211796083999957, 0.0 ], [ 112.33566638100001, -8.211410292999972, 0.0 ], [ 112.335659048000025, -8.211012537999977, 0.0 ], [ 112.335702128000094, -8.210429185999942, 0.0 ], [ 112.335719370000106, -8.210198835999961, 0.0 ], [ 112.335769483000036, -8.209923513999968, 0.0 ], [ 112.335792430000083, -8.209825892999959, 0.0 ], [ 112.335855319000075, -8.209558348999963, 0.0 ], [ 112.335962889000029, -8.209408451999934, 0.0 ], [ 112.336306661000094, -8.208973641999933, 0.0 ], [ 112.336572943000078, -8.20870657599994, 0.0 ], [ 112.336704527000052, -8.208556597999973, 0.0 ], [ 112.336773132000076, -8.20842477399998, 0.0 ], [ 112.336804900000061, -8.20818120399997, 0.0 ], [ 112.336808255000051, -8.208155483999974, 0.0 ], [ 112.33679870900005, -8.207994011999972, 0.0 ], [ 112.336739992000048, -8.207491748999928, 0.0 ], [ 112.336657661000118, -8.207109197999955, 0.0 ], [ 112.336570025000015, -8.206936020999933, 0.0 ], [ 112.336404410000114, -8.206784038999956, 0.0 ], [ 112.335525295000025, -8.206021304999979, 0.0 ], [ 112.335302335000051, -8.205776796999942, 0.0 ], [ 112.335229770000069, -8.205621514999962, 0.0 ], [ 112.33522609900001, -8.205421141999977, 0.0 ], [ 112.335269704000098, -8.205216603999929, 0.0 ], [ 112.33528409500002, -8.205229476999932, 0.0 ], [ 112.335306308000099, -8.205249994999974, 0.0 ], [ 112.335322148000046, -8.205259465999973, 0.0 ], [ 112.335435649000033, -8.205327327999953, 0.0 ], [ 112.335442819000036, -8.205328909999935, 0.0 ], [ 112.335555815000021, -8.205353846999969, 0.0 ], [ 112.335663794000084, -8.205326571999933, 0.0 ], [ 112.335750649000033, -8.205266466999944, 0.0 ], [ 112.335801442000047, -8.205194518999974, 0.0 ], [ 112.33581598100011, -8.205053902999964, 0.0 ], [ 112.335806476000016, -8.204904392999936, 0.0 ], [ 112.335757946000058, -8.204755012999954, 0.0 ], [ 112.335751773000084, -8.204704189999973, 0.0 ], [ 112.335748621000107, -8.204659337999942, 0.0 ], [ 112.335758397000063, -8.20459933799998, 0.0 ], [ 112.335883257000091, -8.20452430399996, 0.0 ], [ 112.33599717900006, -8.204479063999941, 0.0 ], [ 112.336090148000039, -8.204451838999944, 0.0 ], [ 112.336165175000019, -8.204445607999958, 0.0 ], [ 112.336235697, -8.204481545999954, 0.0 ], [ 112.336263271, -8.204527642999949, 0.0 ], [ 112.336276595000072, -8.204549916999952, 0.0 ], [ 112.336303882000038, -8.204630578999968, 0.0 ], [ 112.33631011500006, -8.204699346999973, 0.0 ], [ 112.336319361000051, -8.204771095999945, 0.0 ], [ 112.336346548000051, -8.204821849999973, 0.0 ], [ 112.336385662000112, -8.20484863799993, 0.0 ], [ 112.336457828000107, -8.20488428799996, 0.0 ], [ 112.336544963000051, -8.204907925999976, 0.0 ], [ 112.336769772000025, -8.204942709999955, 0.0 ], [ 112.337016381000012, -8.204942250999977, 0.0 ], [ 112.337097362, -8.204921046999971, 0.0 ], [ 112.337214216, -8.204854860999944, 0.0 ], [ 112.337312688000111, -8.204678075999936, 0.0 ], [ 112.337387295000099, -8.204546231999927, 0.0 ], [ 112.337420186000031, -8.204507241999977, 0.0 ], [ 112.337474200000088, -8.204501080999933, 0.0 ], [ 112.337552410000058, -8.204548674999955, 0.0 ], [ 112.337609546000067, -8.204578392999963, 0.0 ], [ 112.337658445000102, -8.204677095999955, 0.0 ], [ 112.3377303420001, -8.204793330999962, 0.0 ], [ 112.337796603000015, -8.204858908999938, 0.0 ], [ 112.337850697000022, -8.204876673999934, 0.0 ], [ 112.337913717000106, -8.204870483999969, 0.0 ], [ 112.337985653000032, -8.204837345999977, 0.0 ], [ 112.338009528000043, -8.204795394999962, 0.0 ], [ 112.33801828300011, -8.204720594999969, 0.0 ], [ 112.338000012000066, -8.204642894999949, 0.0 ], [ 112.337957555000116, -8.20451443099995, 0.0 ], [ 112.337939183000117, -8.204406821999953, 0.0 ], [ 112.337906079000049, -8.204265049999947, 0.0 ], [ 112.337841762000039, -8.20400039499998, 0.0 ], [ 112.337772419000089, -8.203910899999926, 0.0 ], [ 112.337609727000086, -8.203734981999958, 0.0 ], [ 112.337398925000116, -8.203535296999974, 0.0 ], [ 112.337341529000014, -8.203427817999966, 0.0 ], [ 112.337338530000011, -8.203371809999965, 0.0 ], [ 112.337338327000111, -8.203368012999931, 0.0 ], [ 112.337356048000061, -8.203281219999951, 0.0 ], [ 112.337409832000048, -8.203206270999942, 0.0 ], [ 112.337499699000091, -8.203149146999976, 0.0 ], [ 112.337595709000084, -8.203133874999935, 0.0 ], [ 112.337727842000049, -8.203148389999967, 0.0 ], [ 112.337815066000076, -8.203198943999951, 0.0 ], [ 112.337911457000018, -8.20329732099998, 0.0 ], [ 112.338014031000057, -8.203449511999963, 0.0 ], [ 112.338116735000085, -8.20364058399997, 0.0 ], [ 112.338231026000017, -8.203814974999943, 0.0 ], [ 112.338285551000013, -8.203852370999925, 0.0 ], [ 112.338399733000074, -8.203884890999973, 0.0 ], [ 112.33852885400006, -8.203896424999925, 0.0 ], [ 112.338691843000106, -8.203895227999965, 0.0 ], [ 112.338904020000086, -8.203874242999973, 0.0 ], [ 112.339072025000064, -8.203843775999928, 0.0 ], [ 112.339336006000053, -8.203815627999973, 0.0 ], [ 112.339378048000071, -8.203804334999973, 0.0 ], [ 112.339467659000093, -8.203748325999925, 0.0 ], [ 112.339556346000109, -8.203697784999974, 0.0 ], [ 112.33964009500005, -8.203606585999978, 0.0 ], [ 112.339690174000111, -8.203501142999926, 0.0 ], [ 112.339737907000085, -8.203412455999967, 0.0 ], [ 112.339766389000033, -8.203311869999936, 0.0 ], [ 112.339780509000093, -8.203225686999929, 0.0 ], [ 112.339761097000064, -8.203165935999948, 0.0 ], [ 112.339652452000109, -8.202994025999942, 0.0 ], [ 112.339606559000117, -8.202915220999955, 0.0 ], [ 112.339558209000074, -8.202819674999944, 0.0 ], [ 112.339533961000029, -8.202750368999943, 0.0 ], [ 112.339536002000045, -8.202642692999973, 0.0 ], [ 112.339566417000015, -8.20241479699996, 0.0 ], [ 112.339578172000074, -8.202326722999942, 0.0 ], [ 112.339570518000073, -8.202192759999946, 0.0 ], [ 112.339535813000111, -8.202099018999945, 0.0 ], [ 112.339514779000069, -8.202042207999966, 0.0 ], [ 112.339459160000047, -8.201927544999933, 0.0 ], [ 112.33945742100002, -8.201925461999963, 0.0 ], [ 112.339275910000083, -8.201708029999963, 0.0 ], [ 112.339165, -8.201576802999966, 0.0 ], [ 112.339109478000069, -8.201490851999949, 0.0 ], [ 112.339085167, -8.201402404999953, 0.0 ], [ 112.339087296000116, -8.201321046999965, 0.0 ], [ 112.339092027000106, -8.201299497999969, 0.0 ], [ 112.339118331, -8.201265912999929, 0.0 ], [ 112.339178320000087, -8.201251357999979, 0.0 ], [ 112.339277389000017, -8.201233910999974, 0.0 ], [ 112.339382327000067, -8.201214789999938, 0.0 ], [ 112.339466461000029, -8.201194876999978, 0.0 ], [ 112.33949510900004, -8.201188095999953, 0.0 ], [ 112.339617393000026, -8.20113026599995, 0.0 ], [ 112.339773527000034, -8.201029354999946, 0.0 ], [ 112.339945668000041, -8.200911443999928, 0.0 ], [ 112.340146888000049, -8.200760037999942, 0.0 ], [ 112.340230506000012, -8.200685044999943, 0.0 ], [ 112.340442548000055, -8.200494874999947, 0.0 ], [ 112.340470800000048, -8.200459461999969, 0.0 ], [ 112.340646630000037, -8.20032701699995, 0.0 ], [ 112.340784169000017, -8.200305706999927, 0.0 ], [ 112.34089688600011, -8.200259871999947, 0.0 ], [ 112.34091997500002, -8.200245666999933, 0.0 ], [ 112.340971180000111, -8.200214164999977, 0.0 ], [ 112.341064581000069, -8.20013728899994, 0.0 ], [ 112.341114796000056, -8.200072519999935, 0.0 ], [ 112.341152947000069, -8.199991042999955, 0.0 ], [ 112.341145566000023, -8.199938429999975, 0.0 ], [ 112.341131021000024, -8.199897802999942, 0.0 ], [ 112.341068606000022, -8.199861627999951, 0.0 ], [ 112.341061242000023, -8.199857359999953, 0.0 ], [ 112.34096751200002, -8.199836137999966, 0.0 ], [ 112.340770534000058, -8.199820043999978, 0.0 ], [ 112.340607129000091, -8.199789482999961, 0.0 ], [ 112.340511605000074, -8.199747093999974, 0.0 ], [ 112.340484877000108, -8.199707644999933, 0.0 ], [ 112.340439239000034, -8.199640286999966, 0.0 ], [ 112.34035167400009, -8.199488045999942, 0.0 ], [ 112.340267112000106, -8.199335795999957, 0.0 ], [ 112.340245888000027, -8.19927305899995, 0.0 ], [ 112.340242636000085, -8.199198299999978, 0.0 ], [ 112.340248389000067, -8.199123509999936, 0.0 ], [ 112.340263309000079, -8.199096542999939, 0.0 ], [ 112.340317162000019, -8.199042529999929, 0.0 ], [ 112.340392098000052, -8.199009380999939, 0.0 ], [ 112.340464112000063, -8.199000169999977, 0.0 ], [ 112.340482517000055, -8.199003214999948, 0.0 ], [ 112.340641321000021, -8.199029487999951, 0.0 ], [ 112.340881789000036, -8.199124394999956, 0.0 ], [ 112.340966626000068, -8.199197008999931, 0.0 ], [ 112.341143572000078, -8.199308954999935, 0.0 ], [ 112.341269910000051, -8.199386294999954, 0.0 ], [ 112.341405163000104, -8.199436688999981, 0.0 ], [ 112.3414562050001, -8.199439509999934, 0.0 ], [ 112.341510662000019, -8.199421577999942, 0.0 ], [ 112.341638937000084, -8.199325250999948, 0.0 ], [ 112.341716594000104, -8.199208350999982, 0.0 ], [ 112.341767134000065, -8.199061632999928, 0.0 ], [ 112.341802835000067, -8.198965807999969, 0.0 ], [ 112.341814732000103, -8.198932869999965, 0.0 ], [ 112.341876511, -8.19887895599993, 0.0 ], [ 112.341901588000042, -8.198815040999932, 0.0 ], [ 112.341967475000047, -8.198827682999934, 0.0 ], [ 112.342195736, -8.198862812999948, 0.0 ], [ 112.342312818000096, -8.198865413999954, 0.0 ], [ 112.342396829000108, -8.198853170999939, 0.0 ], [ 112.342474777, -8.198823002999973, 0.0 ], [ 112.342549225000084, -8.198760440999934, 0.0 ], [ 112.342639437000116, -8.198690858999953, 0.0 ], [ 112.342717314000083, -8.198639755999977, 0.0 ], [ 112.342774249000058, -8.198609657999953, 0.0 ], [ 112.342834235000055, -8.198594503999971, 0.0 ], [ 112.342888299000037, -8.198603296999977, 0.0 ], [ 112.34295510700008, -8.198634373999937, 0.0 ], [ 112.343083940000042, -8.198758166999937, 0.0 ], [ 112.343246511000075, -8.19889819399998, 0.0 ], [ 112.34332775200005, -8.198954748999938, 0.0 ], [ 112.343384867000054, -8.198978484999941, 0.0 ], [ 112.343432887000063, -8.198975333999954, 0.0 ], [ 112.343474852000099, -8.198957248999932, 0.0 ], [ 112.343516547000036, -8.198895906999951, 0.0 ], [ 112.343585258000076, -8.198759487999951, 0.0 ], [ 112.343620918000056, -8.198651699999971, 0.0 ], [ 112.343656629000066, -8.198558865999928, 0.0 ], [ 112.343689429000051, -8.198492958999964, 0.0 ], [ 112.343740349000086, -8.198459889999981, 0.0 ], [ 112.343908242000111, -8.198396522999928, 0.0 ], [ 112.344142667000028, -8.198320094999929, 0.0 ], [ 112.344214098000066, -8.198296806999963, 0.0 ], [ 112.344303932000116, -8.198230709999962, 0.0 ], [ 112.344393665000098, -8.198134704999973, 0.0 ], [ 112.344525183000087, -8.197966780999934, 0.0 ], [ 112.344590882000034, -8.197864873999947, 0.0 ], [ 112.34478225600003, -8.19764291599995, 0.0 ], [ 112.344919928000081, -8.197519833999934, 0.0 ], [ 112.345003758000075, -8.197453755999959, 0.0 ], [ 112.345134932000065, -8.197394156999962, 0.0 ], [ 112.345303559000058, -8.197339104999969, 0.0 ], [ 112.345393544000103, -8.19731786899996, 0.0 ], [ 112.345552681000072, -8.197329301999957, 0.0 ], [ 112.345731787000091, -8.197339683999928, 0.0 ], [ 112.345747840000058, -8.197340613999927, 0.0 ], [ 112.345831922000116, -8.197349305999978, 0.0 ], [ 112.345897922000063, -8.197337121999965, 0.0 ], [ 112.345921876000034, -8.197319096999934, 0.0 ], [ 112.345948953000061, -8.197281504999978, 0.0 ], [ 112.346014309000111, -8.197133358999963, 0.0 ], [ 112.346031857000071, -8.19699572299993, 0.0 ], [ 112.346022329000107, -8.196840232999932, 0.0 ], [ 112.34603091200006, -8.196714589999942, 0.0 ], [ 112.346036654000045, -8.196636809999973, 0.0 ], [ 112.346051462000105, -8.196576943999958, 0.0 ], [ 112.346060417000103, -8.1965619599999, 0.0 ], [ 112.346098980000079, -8.196521075999954, 0.0 ], [ 112.34611596600007, -8.196498711999936, 0.0 ], [ 112.346208497000021, -8.196498857999927, 0.0 ], [ 112.346313621000036, -8.196516451999969, 0.0 ], [ 112.346394650000093, -8.196510199999977, 0.0 ], [ 112.346495127000026, -8.196491395999942, 0.0 ], [ 112.346577862000117, -8.196539496999947, 0.0 ], [ 112.346662094000067, -8.196593049999933, 0.0 ], [ 112.346695124, -8.196595929999944, 0.0 ], [ 112.346743073000084, -8.196571843999948, 0.0 ], [ 112.346844903000033, -8.196502714999951, 0.0 ], [ 112.347018515000059, -8.196355585999981, 0.0 ], [ 112.347296839000023, -8.196103427999958, 0.0 ], [ 112.347458394000114, -8.195941384999969, 0.0 ], [ 112.347548066000058, -8.195827434999956, 0.0 ], [ 112.347631684000021, -8.195698550999964, 0.0 ], [ 112.347697401, -8.195602624999935, 0.0 ], [ 112.347697267000058, -8.195562826999947, 0.0 ], [ 112.3478314460001, -8.195536153999967, 0.0 ], [ 112.348101018000079, -8.195486641999935, 0.0 ], [ 112.348113025000089, -8.19548660199996, 0.0 ], [ 112.348173172000088, -8.195519299999944, 0.0 ], [ 112.348212468000042, -8.1955999199999, 0.0 ], [ 112.348212760000024, -8.195686651999949, 0.0 ], [ 112.348222108000073, -8.195788308999965, 0.0 ], [ 112.348288772000046, -8.195973515999981, 0.0 ], [ 112.34849380300011, -8.196303201999967, 0.0 ], [ 112.348677739000095, -8.196486633999939, 0.0 ], [ 112.348719845, -8.196510418999935, 0.0 ], [ 112.34881306300008, -8.19655796, 0.0 ], [ 112.348915266000063, -8.196599489999926, 0.0 ], [ 112.348993323000059, -8.196602219999932, 0.0 ], [ 112.349122270000066, -8.196562907999976, 0.0 ], [ 112.349257090000037, -8.19648469599997, 0.0 ], [ 112.349308060000112, -8.196466579999935, 0.0 ], [ 112.349335147000033, -8.19648742499993, 0.0 ], [ 112.349341787000071, -8.196540046999928, 0.0 ], [ 112.349262678000059, -8.196658659999969, 0.0 ], [ 112.349248257000113, -8.196783950999929, 0.0 ], [ 112.349369931000069, -8.197010699999964, 0.0 ], [ 112.349432515000103, -8.197106876999953, 0.0 ], [ 112.349566068000058, -8.197312114999932, 0.0 ], [ 112.349617170000101, -8.19733287899993, 0.0 ], [ 112.349743166000053, -8.197308530999976, 0.0 ], [ 112.34990817500011, -8.197281061999945, 0.0 ], [ 112.350097552000079, -8.197358188999942, 0.0 ], [ 112.350251430000071, -8.19746407699995, 0.0 ], [ 112.350305162000041, -8.19750105199995, 0.0 ], [ 112.350465959000076, -8.197114699999929, 0.0 ], [ 112.350663867000094, -8.197051229999943, 0.0 ], [ 112.350858764, -8.19698478, 0.0 ], [ 112.35124556400001, -8.196854878999943, 0.0 ], [ 112.35132357100008, -8.196842654999955, 0.0 ], [ 112.351470741000071, -8.196866087999979, 0.0 ], [ 112.351711058000092, -8.196916125999962, 0.0 ], [ 112.352029341000048, -8.196941975999948, 0.0 ], [ 112.352293815000053, -8.197033803999943, 0.0 ], [ 112.352296001000013, -8.197034445999975, 0.0 ], [ 112.3528677380001, -8.197202354999945, 0.0 ], [ 112.353375278000044, -8.197269439999957, 0.0 ], [ 112.353504386000054, -8.197277979999967, 0.0 ], [ 112.353780412000106, -8.197235181999929, 0.0 ], [ 112.353924519000088, -8.197240679999936, 0.0 ], [ 112.354243056000087, -8.19734129699998, 0.0 ], [ 112.354567445000043, -8.197397032999959, 0.0 ], [ 112.354642642000044, -8.197441641999944, 0.0 ], [ 112.355103277000012, -8.197840860999975, 0.0 ], [ 112.355316872000117, -8.197977719999926, 0.0 ], [ 112.355553914000097, -8.197947014999954, 0.0 ], [ 112.356025170000066, -8.197936457999958, 0.0 ], [ 112.356220350000058, -8.197830546999967, 0.0 ], [ 112.356918080000014, -8.197451935999936, 0.0 ], [ 112.357427648000112, -8.19723189299998, 0.0 ], [ 112.357826351000085, -8.197072038999977, 0.0 ], [ 112.358186234000073, -8.196972130999939, 0.0 ], [ 112.358536495000067, -8.196919224999931, 0.0 ], [ 112.359158333000096, -8.196825297999965, 0.0 ], [ 112.359175038000103, -8.196822764999979, 0.0 ], [ 112.35952136800006, -8.196770239999978, 0.0 ] ] ] ] } },
{ "type": "Feature", "properties": { "OBJECTID": 116961.0, "KDPPUM": "35", "NAMOBJ": "Sumberkembar", "REMARK": null, "KDPBPS": null, "FCODE": "BA03070040", "LUASWH": null, "UUPP": "Data dari Pemerintah Daerah", "SRS_ID": "SRGI 2013", "METADATA": "TASWIL1000020200326DATA_BATAS_DESA_KELURAHAN", "KDEBPS": null, "KDEPUM": "35.05.16.2003", "KDCBPS": null, "KDCPUM": "35.05.16", "KDBBPS": null, "WADMKD": "Sumberkembar", "WIADKD": null, "WADMKC": "Binangun", "WIADKC": null, "WADMKK": "Blitar", "WIADKK": null, "WADMPR": "Jawa Timur", "WIADPR": null, "TIPADM": 1.0, "KDPKAB": "35.05", "SHAPE_Leng": 0.26788640810297099, "SHAPE_Area": 0.001410845124129 }, "geometry": { "type": "MultiPolygon", "coordinates": [ [ [ [ 112.334909579000055, -8.181152246999943, 0.0 ], [ 112.334925468000051, -8.181597228999976, 0.0 ], [ 112.335001859000045, -8.182903368999973, 0.0 ], [ 112.335036227000046, -8.18349143699993, 0.0 ], [ 112.335055335000106, -8.183818383999949, 0.0 ], [ 112.335063428000012, -8.183994148999943, 0.0 ], [ 112.335094164000111, -8.184661667999933, 0.0 ], [ 112.335128722000036, -8.185303981999937, 0.0 ], [ 112.335165184000061, -8.18582624499993, 0.0 ], [ 112.335166548000075, -8.185845793999931, 0.0 ], [ 112.335163616000045, -8.186046786999952, 0.0 ], [ 112.335149423000075, -8.186111435999976, 0.0 ], [ 112.334964013000103, -8.18668269799997, 0.0 ], [ 112.334839493000118, -8.187149677999969, 0.0 ], [ 112.334833066000101, -8.187382982999964, 0.0 ], [ 112.334840327000052, -8.187924331999966, 0.0 ], [ 112.334841972000049, -8.188046921999955, 0.0 ], [ 112.33423278600003, -8.187902614999928, 0.0 ], [ 112.333505137000088, -8.187764215999948, 0.0 ], [ 112.333267265000018, -8.187725521999937, 0.0 ], [ 112.332654570000045, -8.187627053999961, 0.0 ], [ 112.33239143500009, -8.187574086999973, 0.0 ], [ 112.332195904000059, -8.187429694999935, 0.0 ], [ 112.332109754000044, -8.187359676999961, 0.0 ], [ 112.3319798980001, -8.187306270999954, 0.0 ], [ 112.331950843000072, -8.187234586999978, 0.0 ], [ 112.331874363000111, -8.18698361, 0.0 ], [ 112.331850718000055, -8.186925799999926, 0.0 ], [ 112.331714570000031, -8.186592936999944, 0.0 ], [ 112.331671118000031, -8.186524888999941, 0.0 ], [ 112.331441515000051, -8.186518621999937, 0.0 ], [ 112.330716712000026, -8.186574692999955, 0.0 ], [ 112.33037803000002, -8.186585882999964, 0.0 ], [ 112.330319164000116, -8.186587827999972, 0.0 ], [ 112.330234076000011, -8.186590638999974, 0.0 ], [ 112.329960267000047, -8.186577184999976, 0.0 ], [ 112.329481161000103, -8.186571584999967, 0.0 ], [ 112.329382766000094, -8.186548273999961, 0.0 ], [ 112.329301053000108, -8.186528915999929, 0.0 ], [ 112.329202890000033, -8.186505659999966, 0.0 ], [ 112.328345589000037, -8.186302558999955, 0.0 ], [ 112.328321104000111, -8.186251184999946, 0.0 ], [ 112.328186799000036, -8.18622030299997, 0.0 ], [ 112.328017099000022, -8.186027533999948, 0.0 ], [ 112.32776917000001, -8.186099282999976, 0.0 ], [ 112.327646197000035, -8.186129595999944, 0.0 ], [ 112.327553330000114, -8.186186726999949, 0.0 ], [ 112.327490382000065, -8.18621385199998, 0.0 ], [ 112.327421371000014, -8.186223050999956, 0.0 ], [ 112.327324205000082, -8.18622122499994, 0.0 ], [ 112.327257048000092, -8.186246328999971, 0.0 ], [ 112.327213465000114, -8.186245893999967, 0.0 ], [ 112.327112956000065, -8.186244888999965, 0.0 ], [ 112.326847834000091, -8.186243845999968, 0.0 ], [ 112.326722325000105, -8.186336008999945, 0.0 ], [ 112.326653542000031, -8.186413996999931, 0.0 ], [ 112.326536651000083, -8.18646821599998, 0.0 ], [ 112.326473029000113, -8.186514637999949, 0.0 ], [ 112.326371950000066, -8.1865883899999, 0.0 ], [ 112.326279053, -8.186636548999957, 0.0 ], [ 112.326210131000039, -8.186672664999946, 0.0 ], [ 112.326066531000038, -8.186819687999957, 0.0 ], [ 112.325820969, -8.186996952999948, 0.0 ], [ 112.325662310000098, -8.187129070999958, 0.0 ], [ 112.32554260500001, -8.18724012499996, 0.0 ], [ 112.325290901000017, -8.187375538999959, 0.0 ], [ 112.325240316000077, -8.187394393999966, 0.0 ], [ 112.325129003000029, -8.187435886999936, 0.0 ], [ 112.324739686000044, -8.187541824999926, 0.0 ], [ 112.324720729000092, -8.188551307999944, 0.0 ], [ 112.3246574530001, -8.188944814999957, 0.0 ], [ 112.324481228000082, -8.18926965299994, 0.0 ], [ 112.324439647000077, -8.189346301999933, 0.0 ], [ 112.324305644000106, -8.189533488999928, 0.0 ], [ 112.324051202000078, -8.189888916999962, 0.0 ], [ 112.323585263000041, -8.190599272999975, 0.0 ], [ 112.323354728000027, -8.190966751999952, 0.0 ], [ 112.32322991500007, -8.191165706999925, 0.0 ], [ 112.323110604000021, -8.191396391999945, 0.0 ], [ 112.323075269000014, -8.191652447999957, 0.0 ], [ 112.323051970000051, -8.191821282999967, 0.0 ], [ 112.323043271000074, -8.191914027999928, 0.0 ], [ 112.323023653000064, -8.192588870999941, 0.0 ], [ 112.323021706000077, -8.192655825999964, 0.0 ], [ 112.322987996000052, -8.193355791999977, 0.0 ], [ 112.322982074000038, -8.193418817999941, 0.0 ], [ 112.32293289800009, -8.19394217699994, 0.0 ], [ 112.322915288000104, -8.194467470999939, 0.0 ], [ 112.32291103700004, -8.194594250999955, 0.0 ], [ 112.322891862, -8.195150608999938, 0.0 ], [ 112.32289039200009, -8.195177932999968, 0.0 ], [ 112.32287206500007, -8.195518546999949, 0.0 ], [ 112.3228427250001, -8.196172485999966, 0.0 ], [ 112.322838513000079, -8.196266365999975, 0.0 ], [ 112.322810135000054, -8.19676293699996, 0.0 ], [ 112.32278946100007, -8.19727557799996, 0.0 ], [ 112.322785165000028, -8.197382121999965, 0.0 ], [ 112.322766027000057, -8.198050981999927, 0.0 ], [ 112.322760945000027, -8.198228607999965, 0.0 ], [ 112.322712879000051, -8.199126016999969, 0.0 ], [ 112.322697736, -8.199267135999946, 0.0 ], [ 112.322672108, -8.199505986999952, 0.0 ], [ 112.322624394000059, -8.199601849999965, 0.0 ], [ 112.322528878000071, -8.199766658999977, 0.0 ], [ 112.322505466000052, -8.199949176999951, 0.0 ], [ 112.322497281000096, -8.200067686999944, 0.0 ], [ 112.322462494000092, -8.200571411999931, 0.0 ], [ 112.322432236000054, -8.201467678999961, 0.0 ], [ 112.322426949000032, -8.201624301999971, 0.0 ], [ 112.322403922000035, -8.202131669999972, 0.0 ], [ 112.322376582000061, -8.202734067999927, 0.0 ], [ 112.322331390000045, -8.203592585999957, 0.0 ], [ 112.322320642000022, -8.203713148999952, 0.0 ], [ 112.322276019000014, -8.204213710999966, 0.0 ], [ 112.322249528000043, -8.20451087899994, 0.0 ], [ 112.322248789000014, -8.204737995999949, 0.0 ], [ 112.322227236000117, -8.205482784999958, 0.0 ], [ 112.322214434000102, -8.205923178999967, 0.0 ], [ 112.322205673000099, -8.206224581999948, 0.0 ], [ 112.322193255000116, -8.206408928999963, 0.0 ], [ 112.322190932000012, -8.206612639999946, 0.0 ], [ 112.32217503600009, -8.208006972999954, 0.0 ], [ 112.322176866000063, -8.208126917999948, 0.0 ], [ 112.322179635000111, -8.208308433999946, 0.0 ], [ 112.322178167000061, -8.208778046999953, 0.0 ], [ 112.322177884000098, -8.20886832399998, 0.0 ], [ 112.322136022000109, -8.209281196999939, 0.0 ], [ 112.322137180000027, -8.209374771999933, 0.0 ], [ 112.322150008000108, -8.210411134999958, 0.0 ], [ 112.32215077, -8.210472696999943, 0.0 ], [ 112.322087163000106, -8.210846161999939, 0.0 ], [ 112.322062871000071, -8.211033767999936, 0.0 ], [ 112.322055549000083, -8.211090317999947, 0.0 ], [ 112.321986038000091, -8.211506331999942, 0.0 ], [ 112.321980627000016, -8.211787474999937, 0.0 ], [ 112.321978309000087, -8.211907914999927, 0.0 ], [ 112.321956569, -8.212595877999945, 0.0 ], [ 112.321951296000066, -8.212786631999961, 0.0 ], [ 112.321949473000018, -8.212852601999941, 0.0 ], [ 112.321737613000096, -8.213079070999981, 0.0 ], [ 112.321555807000095, -8.213259412999946, 0.0 ], [ 112.321461061000036, -8.213331208999932, 0.0 ], [ 112.32141058000002, -8.21331701899993, 0.0 ], [ 112.321320283000091, -8.213245534999942, 0.0 ], [ 112.321273251000093, -8.213184676999958, 0.0 ], [ 112.321274523000056, -8.213163257999952, 0.0 ], [ 112.321276663000049, -8.213127240999938, 0.0 ], [ 112.321290835000013, -8.213055414999928, 0.0 ], [ 112.321340841000051, -8.212926046999939, 0.0 ], [ 112.321383725000032, -8.212821824999935, 0.0 ], [ 112.32140994100007, -8.212724412999933, 0.0 ], [ 112.321404725000093, -8.212718750999954, 0.0 ], [ 112.321365110000102, -8.21267575, 0.0 ], [ 112.321314525000048, -8.21262997599996, 0.0 ], [ 112.321256797000046, -8.212602889999971, 0.0 ], [ 112.321164486000043, -8.212575915999935, 0.0 ], [ 112.321063639000045, -8.212581989999933, 0.0 ], [ 112.320981538000069, -8.212592307999955, 0.0 ], [ 112.320958474, -8.212589512999955, 0.0 ], [ 112.320925370000054, -8.212564920999966, 0.0 ], [ 112.320820830000116, -8.212543729999936, 0.0 ], [ 112.320737928000085, -8.21252964599995, 0.0 ], [ 112.320690979, -8.212493909999978, 0.0 ], [ 112.320683608000081, -8.212443687999951, 0.0 ], [ 112.320708623000087, -8.212382592999973, 0.0 ], [ 112.32077321700001, -8.21230701199994, 0.0 ], [ 112.320877400000086, -8.212220533999925, 0.0 ], [ 112.320970694000039, -8.212108968999928, 0.0 ], [ 112.3209956500001, -8.212029928999925, 0.0 ], [ 112.320952219000105, -8.211969057999966, 0.0 ], [ 112.320854991000033, -8.211980143999938, 0.0 ], [ 112.320750618000034, -8.212009198999965, 0.0 ], [ 112.320639229000108, -8.212095699999963, 0.0 ], [ 112.320506250000108, -8.212189450999972, 0.0 ], [ 112.320419995000066, -8.212250746999928, 0.0 ], [ 112.320319271000017, -8.21229414499993, 0.0 ], [ 112.320175402000018, -8.212362807999966, 0.0 ], [ 112.320166428000107, -8.21236302799997, 0.0 ], [ 112.320143712000117, -8.212363583999945, 0.0 ], [ 112.320006102000093, -8.212366951999968, 0.0 ], [ 112.319836803000044, -8.21237109599997, 0.0 ], [ 112.319696524000051, -8.212436157999946, 0.0 ], [ 112.319588654000086, -8.212497524999947, 0.0 ], [ 112.319444619000024, -8.212515941999925, 0.0 ], [ 112.319336862000114, -8.212429736999979, 0.0 ], [ 112.319284793000065, -8.212358190999964, 0.0 ], [ 112.31920001800006, -8.212241705999929, 0.0 ], [ 112.319137827000077, -8.212156252999932, 0.0 ], [ 112.319114261000095, -8.212121284999967, 0.0 ], [ 112.318973714000094, -8.211912737999967, 0.0 ], [ 112.318945390000067, -8.211844399999961, 0.0 ], [ 112.318930138000042, -8.211807603999944, 0.0 ], [ 112.318924972000104, -8.211697557999969, 0.0 ], [ 112.318939034000095, -8.211592233999966, 0.0 ], [ 112.319001111000034, -8.21148196799993, 0.0 ], [ 112.319058417000065, -8.211381287999927, 0.0 ], [ 112.319077251000067, -8.211266377999948, 0.0 ], [ 112.319067392000079, -8.211189844999979, 0.0 ], [ 112.319024035000098, -8.211151224999981, 0.0 ], [ 112.319019218000108, -8.211146934999931, 0.0 ], [ 112.318956651, -8.211108856999942, 0.0 ], [ 112.318874998000069, -8.211109123999961, 0.0 ], [ 112.318827045000035, -8.211133207999978, 0.0 ], [ 112.318805569, -8.211151940999969, 0.0 ], [ 112.318696055000032, -8.211247464999929, 0.0 ], [ 112.318534890000024, -8.211387787999968, 0.0 ], [ 112.318395788000089, -8.211445667999953, 0.0 ], [ 112.318331519000026, -8.211499014999958, 0.0 ], [ 112.318309964000036, -8.211516905999929, 0.0 ], [ 112.318256876000078, -8.211560970999926, 0.0 ], [ 112.318127570000115, -8.211676242999943, 0.0 ], [ 112.317969571000049, -8.211829890999979, 0.0 ], [ 112.317830674000106, -8.21194997899994, 0.0 ], [ 112.317727026000057, -8.212003434999929, 0.0 ], [ 112.317653257000075, -8.212041480999972, 0.0 ], [ 112.31755725700009, -8.212060936999933, 0.0 ], [ 112.31742186800011, -8.212006762999977, 0.0 ], [ 112.317420584000047, -8.212004437999951, 0.0 ], [ 112.317346488000112, -8.211870212999941, 0.0 ], [ 112.317323133000059, -8.211834951999947, 0.0 ], [ 112.317277700000091, -8.211766356999931, 0.0 ], [ 112.317230490000043, -8.211651662999941, 0.0 ], [ 112.317183257000011, -8.211529790999975, 0.0 ], [ 112.317169491000072, -8.211484614999961, 0.0 ], [ 112.317139556000029, -8.211386373999972, 0.0 ], [ 112.317106709000086, -8.211257276999959, 0.0 ], [ 112.317078092000088, -8.211168016999977, 0.0 ], [ 112.317063031000089, -8.211121037999931, 0.0 ], [ 112.316997869000033, -8.211024347999967, 0.0 ], [ 112.316903971000102, -8.210952874999975, 0.0 ], [ 112.316860206000115, -8.210936268999944, 0.0 ], [ 112.316810191000059, -8.21091729099993, 0.0 ], [ 112.316767711000011, -8.210936570999934, 0.0 ], [ 112.316729618000068, -8.210953859999961, 0.0 ], [ 112.316622720000055, -8.211054884999953, 0.0 ], [ 112.31653881200009, -8.211100021999926, 0.0 ], [ 112.316475850000074, -8.211124154999936, 0.0 ], [ 112.316433803000109, -8.211118309999961, 0.0 ], [ 112.316388586000016, -8.211061631999939, 0.0 ], [ 112.316370377000112, -8.211001874999965, 0.0 ], [ 112.316387159000101, -8.210937815999955, 0.0 ], [ 112.316396585, -8.210901830999944, 0.0 ], [ 112.316338735000045, -8.210837417999926, 0.0 ], [ 112.31630546100007, -8.210797329999934, 0.0 ], [ 112.316262152000036, -8.210773066999934, 0.0 ], [ 112.31621601300003, -8.210764603999962, 0.0 ], [ 112.316178694000087, -8.210711592999928, 0.0 ], [ 112.316192926000099, -8.210657710999953, 0.0 ], [ 112.316192861000104, -8.210637930999951, 0.0 ], [ 112.316192761000025, -8.210607464999953, 0.0 ], [ 112.316178127000057, -8.210539321999931, 0.0 ], [ 112.316149107000115, -8.210478403999957, 0.0 ], [ 112.316058894000093, -8.210432040999933, 0.0 ], [ 112.315993792000086, -8.210353295999937, 0.0 ], [ 112.315903497000022, -8.210281810999959, 0.0 ], [ 112.315885070000036, -8.210278201999927, 0.0 ], [ 112.315831402000072, -8.210267689999966, 0.0 ], [ 112.315744993000067, -8.210282328999938, 0.0 ], [ 112.315714284000023, -8.21030643499995, 0.0 ], [ 112.315662352000118, -8.210347200999934, 0.0 ], [ 112.315608328000053, -8.210350966999954, 0.0 ], [ 112.315510923000033, -8.210308216999977, 0.0 ], [ 112.315509457000076, -8.21030710499997, 0.0 ], [ 112.315402580000068, -8.210226022999962, 0.0 ], [ 112.315330285000073, -8.210150889999966, 0.0 ], [ 112.315257990000077, -8.21007575699997, 0.0 ], [ 112.315192876000083, -8.209993422999958, 0.0 ], [ 112.315186711000024, -8.209985796999945, 0.0 ], [ 112.315149471000041, -8.209939728999927, 0.0 ], [ 112.315142030000061, -8.209867972999973, 0.0 ], [ 112.315166963000024, -8.209781755999927, 0.0 ], [ 112.315172628000028, -8.209776073999933, 0.0 ], [ 112.315235183000027, -8.20971334199993, 0.0 ], [ 112.31530340300003, -8.209644927999932, 0.0 ], [ 112.315325134000091, -8.209620227999949, 0.0 ], [ 112.315357238000047, -8.209583738999982, 0.0 ], [ 112.315389364000112, -8.209493907999956, 0.0 ], [ 112.315385431000095, -8.209393428999931, 0.0 ], [ 112.315381445000071, -8.209271972999943, 0.0 ], [ 112.315381427000034, -8.209271415999979, 0.0 ], [ 112.315373974000067, -8.209196070999951, 0.0 ], [ 112.315319750000072, -8.209138823999979, 0.0 ], [ 112.315222475000041, -8.209135551999964, 0.0 ], [ 112.31512529400004, -8.209160992999955, 0.0 ], [ 112.314937041, -8.2092401699999, 0.0 ], [ 112.314873342000055, -8.209226417999957, 0.0 ], [ 112.314815622000083, -8.209201482999958, 0.0 ], [ 112.314757867000026, -8.209165781999957, 0.0 ], [ 112.314714509000055, -8.209126443999935, 0.0 ], [ 112.314653033000013, -8.209054864999928, 0.0 ], [ 112.314616773000012, -8.208983202999946, 0.0 ], [ 112.314615035000088, -8.208976917999962, 0.0 ], [ 112.314565409000011, -8.208797474999926, 0.0 ], [ 112.314536613000087, -8.208707109999978, 0.0 ], [ 112.314504038000109, -8.208660559999942, 0.0 ], [ 112.314478609000048, -8.208596039999975, 0.0 ], [ 112.314469251000105, -8.208574786999975, 0.0 ], [ 112.314442315000065, -8.208513611999933, 0.0 ], [ 112.314395189000038, -8.208424039999954, 0.0 ], [ 112.314323060000106, -8.20839915199997, 0.0 ], [ 112.314254651000056, -8.208410142999981, 0.0 ], [ 112.314104901000064, -8.208519378999938, 0.0 ], [ 112.313995848000104, -8.208583259999955, 0.0 ], [ 112.313884317000088, -8.208626691999939, 0.0 ], [ 112.313836286000083, -8.208629367999947, 0.0 ], [ 112.31374745200003, -8.208634315999973, 0.0 ], [ 112.31353561700007, -8.208630943999935, 0.0 ], [ 112.31344850500011, -8.208649647999948, 0.0 ], [ 112.313401320000025, -8.20866450699998, 0.0 ], [ 112.313390926000011, -8.208667779999928, 0.0 ], [ 112.313318891000108, -8.20867160399996, 0.0 ], [ 112.313250423000113, -8.208664649999946, 0.0 ], [ 112.313163931000076, -8.208654164999928, 0.0 ], [ 112.313077440000029, -8.208643679999966, 0.0 ], [ 112.312969393000117, -8.208651209999971, 0.0 ], [ 112.312865066000086, -8.208694617999981, 0.0 ], [ 112.312760313000013, -8.20873908599998, 0.0 ], [ 112.312703185000032, -8.208763336999937, 0.0 ], [ 112.312431797000045, -8.208908264999934, 0.0 ], [ 112.312332744000059, -8.20894758399993, 0.0 ], [ 112.312221142000112, -8.208969481999929, 0.0 ], [ 112.312123679000024, -8.208908785999938, 0.0 ], [ 112.312069525000084, -8.20887307299995, 0.0 ], [ 112.312008038000045, -8.208797903999937, 0.0 ], [ 112.31199342900004, -8.208736937999959, 0.0 ], [ 112.311988300000053, -8.208706885999959, 0.0 ], [ 112.311982409000052, -8.208672371999967, 0.0 ], [ 112.311978772000089, -8.208661615999972, 0.0 ], [ 112.311967906000064, -8.208643706999965, 0.0 ], [ 112.31194250100009, -8.208586364999974, 0.0 ], [ 112.311931317000017, -8.208471552999981, 0.0 ], [ 112.311920274000045, -8.208399808999957, 0.0 ], [ 112.311876834000032, -8.208335347999935, 0.0 ], [ 112.311811945000045, -8.208321202999969, 0.0 ], [ 112.3117218860001, -8.208321496999929, 0.0 ], [ 112.311624682000115, -8.208339757999966, 0.0 ], [ 112.311595958000112, -8.208368563999954, 0.0 ], [ 112.311563725000042, -8.208426092999957, 0.0 ], [ 112.311495987000058, -8.208514923999928, 0.0 ], [ 112.31147055800011, -8.208577134999928, 0.0 ], [ 112.311445413000115, -8.208598750999954, 0.0 ], [ 112.311416653000038, -8.208616789999951, 0.0 ], [ 112.311369775000117, -8.208602586999973, 0.0 ], [ 112.311337331, -8.208595513999967, 0.0 ], [ 112.311301178, -8.208556152999961, 0.0 ], [ 112.311265025000012, -8.208516790999965, 0.0 ], [ 112.311239690000093, -8.208480983999948, 0.0 ], [ 112.311236834000056, -8.208471979999956, 0.0 ], [ 112.311232181000037, -8.208457314999976, 0.0 ], [ 112.311221490000094, -8.208423618999973, 0.0 ], [ 112.311207978000084, -8.208332265999957, 0.0 ], [ 112.311238855000056, -8.208226165999974, 0.0 ], [ 112.31125669000005, -8.208172272999946, 0.0 ], [ 112.311238596000067, -8.208147208999947, 0.0 ], [ 112.311173777000022, -8.208154597999965, 0.0 ], [ 112.311116210000023, -8.208176318999961, 0.0 ], [ 112.310994311000059, -8.208208542999955, 0.0 ], [ 112.310940372, -8.208164692999958, 0.0 ], [ 112.310905701000024, -8.208138007999935, 0.0 ], [ 112.310874955000031, -8.208136193999962, 0.0 ], [ 112.31083081700001, -8.20815165099998, 0.0 ], [ 112.310790558, -8.208178579999981, 0.0 ], [ 112.310742621000031, -8.208207447999939, 0.0 ], [ 112.310683125000082, -8.20822678299993, 0.0 ], [ 112.31062930500002, -8.208219300999929, 0.0 ], [ 112.310533054000075, -8.208162189999939, 0.0 ], [ 112.310494629, -8.208162314999981, 0.0 ], [ 112.310409833000108, -8.208081714999935, 0.0 ], [ 112.310392116000116, -8.208069192999972, 0.0 ], [ 112.310359283000025, -8.20804598899997, 0.0 ], [ 112.310287001, -8.207974443999944, 0.0 ], [ 112.31022882700006, -8.207933940999965, 0.0 ], [ 112.310189514000058, -8.207906569999977, 0.0 ], [ 112.310092133000012, -8.20787099599994, 0.0 ], [ 112.309937244000025, -8.20787508899997, 0.0 ], [ 112.309822110000027, -8.207918531999951, 0.0 ], [ 112.309695685000065, -8.208034694999981, 0.0 ], [ 112.309664231000056, -8.208109262999926, 0.0 ], [ 112.309624711000083, -8.208141692999959, 0.0 ], [ 112.309527553000066, -8.208174309999947, 0.0 ], [ 112.30937269900005, -8.208189168999979, 0.0 ], [ 112.309267538000086, -8.20819378799996, 0.0 ], [ 112.30903287700005, -8.208239626999955, 0.0 ], [ 112.308897437000041, -8.208266083999945, 0.0 ], [ 112.308717930000057, -8.208282721999979, 0.0 ], [ 112.308616536000045, -8.208292119999953, 0.0 ], [ 112.308493399000099, -8.208280554999931, 0.0 ], [ 112.308468793000088, -8.208278243999928, 0.0 ], [ 112.308396687000027, -8.20826053299993, 0.0 ], [ 112.308288977000075, -8.208152258999974, 0.0 ], [ 112.308212345000015, -8.208070913999961, 0.0 ], [ 112.308147397000084, -8.208038822999981, 0.0 ], [ 112.308060964000106, -8.208046281999941, 0.0 ], [ 112.308017971000027, -8.20811820199998, 0.0 ], [ 112.308003984000038, -8.208247451999966, 0.0 ], [ 112.307979190000083, -8.20837673799997, 0.0 ], [ 112.307950712000093, -8.20848091199997, 0.0 ], [ 112.307938133000107, -8.208505604999971, 0.0 ], [ 112.307889261000014, -8.208601542999929, 0.0 ], [ 112.307871965000118, -8.208635495999943, 0.0 ], [ 112.30776792000006, -8.208765037999967, 0.0 ], [ 112.307660248000047, -8.208887414999936, 0.0 ], [ 112.307636473000116, -8.208914479999976, 0.0 ], [ 112.307527454000024, -8.209038584999973, 0.0 ], [ 112.307488099000011, -8.209121259999961, 0.0 ], [ 112.3074798130001, -8.209148403999961, 0.0 ], [ 112.307473842000036, -8.20916796399996, 0.0 ], [ 112.307438006000098, -8.20922550399996, 0.0 ], [ 112.307369866000045, -8.209319039999968, 0.0 ], [ 112.307334242000024, -8.209441181999978, 0.0 ], [ 112.307334489000027, -8.209516550999979, 0.0 ], [ 112.307342820000031, -8.209542954999961, 0.0 ], [ 112.307365790000063, -8.209615749999955, 0.0 ], [ 112.307352086000037, -8.209742202999962, 0.0 ], [ 112.307349708000061, -8.209764143999962, 0.0 ], [ 112.307292458, -8.209882767999943, 0.0 ], [ 112.307285080000042, -8.209931600999937, 0.0 ], [ 112.307278353000015, -8.209976127999937, 0.0 ], [ 112.307274998000025, -8.210051508999982, 0.0 ], [ 112.307314999000027, -8.210166226999945, 0.0 ], [ 112.307318895000094, -8.210255939999968, 0.0 ], [ 112.307276042000012, -8.210370927999975, 0.0 ], [ 112.307236534000026, -8.210406946999967, 0.0 ], [ 112.307175470000061, -8.210460979999937, 0.0 ], [ 112.307101836000015, -8.210446282999953, 0.0 ], [ 112.306926195000074, -8.210411224999973, 0.0 ], [ 112.306921571000089, -8.210410301999957, 0.0 ], [ 112.30687643400006, -8.210414276999927, 0.0 ], [ 112.306832323000094, -8.210438346999979, 0.0 ], [ 112.306753664000098, -8.210473056999945, 0.0 ], [ 112.306681776, -8.210522100999981, 0.0 ], [ 112.30658594800002, -8.210594191999974, 0.0 ], [ 112.306473006000033, -8.210720891999927, 0.0 ], [ 112.306403093000085, -8.210786199999973, 0.0 ], [ 112.306358006000096, -8.210805487999949, 0.0 ], [ 112.30624947900003, -8.210813495999957, 0.0 ], [ 112.306139028000075, -8.210820553999952, 0.0 ], [ 112.306083265000098, -8.210806378999962, 0.0 ], [ 112.306059189000052, -8.210788272999935, 0.0 ], [ 112.30600719600011, -8.210752072999981, 0.0 ], [ 112.305955216000029, -8.21071970099996, 0.0 ], [ 112.305913849000035, -8.210701650999965, 0.0 ], [ 112.305859096000063, -8.210702784999967, 0.0 ], [ 112.305757354000093, -8.210728955999969, 0.0 ], [ 112.305728522000095, -8.210725220999961, 0.0 ], [ 112.305672712000046, -8.210696689999963, 0.0 ], [ 112.305588943000089, -8.210637622999968, 0.0 ], [ 112.305470532000072, -8.210560483999927, 0.0 ], [ 112.305440752000095, -8.210560580999982, 0.0 ], [ 112.305362055000046, -8.210583805999931, 0.0 ], [ 112.305325567000068, -8.210588708999978, 0.0 ], [ 112.305293822000067, -8.210575412999958, 0.0 ], [ 112.305215861000079, -8.210529726999937, 0.0 ], [ 112.305123434000052, -8.210466858999951, 0.0 ], [ 112.305074385000012, -8.210449790999974, 0.0 ], [ 112.30500621200008, -8.210459582999931, 0.0 ], [ 112.304921701000012, -8.210467512999969, 0.0 ], [ 112.3048823150001, -8.21046764099998, 0.0 ], [ 112.304859784000087, -8.210460781999927, 0.0 ], [ 112.304829427000072, -8.21045154199993, 0.0 ], [ 112.304760112000054, -8.210405826999931, 0.0 ], [ 112.304698594000115, -8.21039454199996, 0.0 ], [ 112.304515107000043, -8.210393221999936, 0.0 ], [ 112.304376741000056, -8.210383141999955, 0.0 ], [ 112.304318099000056, -8.210369932999981, 0.0 ], [ 112.304287287000079, -8.210348020999959, 0.0 ], [ 112.304243805000056, -8.21027063799994, 0.0 ], [ 112.304226426000014, -8.210243896999941, 0.0 ], [ 112.304204248000019, -8.210218126999962, 0.0 ], [ 112.304166717000044, -8.2101981499999, 0.0 ], [ 112.304109984000092, -8.210181106999926, 0.0 ], [ 112.304018696000071, -8.210172788999955, 0.0 ], [ 112.303945688000113, -8.21017302499996, 0.0 ], [ 112.303812232000041, -8.210195469999974, 0.0 ], [ 112.303771882000092, -8.210194643999955, 0.0 ], [ 112.303729548000092, -8.210174681999945, 0.0 ], [ 112.303637134000041, -8.210115642999938, 0.0 ], [ 112.303553462000082, -8.210086244999957, 0.0 ], [ 112.303461040000116, -8.210064020999937, 0.0 ], [ 112.303221152000106, -8.210029576999943, 0.0 ], [ 112.303170135000073, -8.210022556999945, 0.0 ], [ 112.303068918, -8.210008630999937, 0.0 ], [ 112.303001394000034, -8.210041006999973, 0.0 ], [ 112.30295844200009, -8.210067178999964, 0.0 ], [ 112.30281070500007, -8.210010997999973, 0.0 ], [ 112.302587514000038, -8.209912183999961, 0.0 ], [ 112.302524336000033, -8.209863385999938, 0.0 ], [ 112.302439586000105, -8.209797813999955, 0.0 ], [ 112.302381035000053, -8.209753594999938, 0.0 ], [ 112.302284009, -8.209694186999968, 0.0 ], [ 112.302208590000077, -8.209662273999982, 0.0 ], [ 112.30212235800002, -8.209613549999972, 0.0 ], [ 112.302029913000069, -8.209544939999944, 0.0 ], [ 112.301943686000072, -8.209497747999933, 0.0 ], [ 112.301805225000066, -8.209458380999934, 0.0 ], [ 112.30174828600002, -8.209437126999944, 0.0 ], [ 112.301671161000058, -8.209353152999938, 0.0 ], [ 112.301614108000081, -8.209296678999976, 0.0 ], [ 112.301549374000047, -8.20924176099993, 0.0 ], [ 112.301480108000078, -8.209211357999948, 0.0 ], [ 112.301310713000021, -8.209112369999957, 0.0 ], [ 112.301187508000112, -8.209037732999946, 0.0 ], [ 112.301122839000072, -8.20900272199998, 0.0 ], [ 112.30103955200002, -8.208914173999972, 0.0 ], [ 112.300928016000057, -8.208752556999968, 0.0 ], [ 112.300843425000039, -8.208629981999934, 0.0 ], [ 112.300778582000021, -8.208541374999982, 0.0 ], [ 112.300774177000108, -8.208533124999974, 0.0 ], [ 112.30070975700005, -8.208467197999937, 0.0 ], [ 112.30066145, -8.208443748999969, 0.0 ], [ 112.300578352000116, -8.208413390999965, 0.0 ], [ 112.300515210000071, -8.20837531199993, 0.0 ], [ 112.300455103000104, -8.208324972999947, 0.0 ], [ 112.300384316000077, -8.208299168999929, 0.0 ], [ 112.300252009000019, -8.20826131299998, 0.0 ], [ 112.300133525000092, -8.208220349999976, 0.0 ], [ 112.299938106000013, -8.208153601999982, 0.0 ], [ 112.299909785000068, -8.208142295999949, 0.0 ], [ 112.299907322000081, -8.208140302999936, 0.0 ], [ 112.299507796000057, -8.207955721999951, 0.0 ], [ 112.299055595000027, -8.207600579999962, 0.0 ], [ 112.299028545000056, -8.20757948499994, 0.0 ], [ 112.298619513000062, -8.20726050199994, 0.0 ], [ 112.298233255000014, -8.207011987999977, 0.0 ], [ 112.297800107000057, -8.206733305999933, 0.0 ], [ 112.297776804000023, -8.206656814999974, 0.0 ], [ 112.297171416000083, -8.206243775999951, 0.0 ], [ 112.296989607000114, -8.206108073999928, 0.0 ], [ 112.296495985000092, -8.205559917999949, 0.0 ], [ 112.296079070000019, -8.20496710599997, 0.0 ], [ 112.295631401000037, -8.204533879999929, 0.0 ], [ 112.295606362000058, -8.204509647999942, 0.0 ], [ 112.295595549000041, -8.204499183999928, 0.0 ], [ 112.295389865000061, -8.204300133999936, 0.0 ], [ 112.294621152000104, -8.203915485999971, 0.0 ], [ 112.294532361000051, -8.203871056999958, 0.0 ], [ 112.29378827000005, -8.203340545999936, 0.0 ], [ 112.29359656400004, -8.203201128999979, 0.0 ], [ 112.292997927000101, -8.202765772999953, 0.0 ], [ 112.292477430000076, -8.202459645999966, 0.0 ], [ 112.29211710200002, -8.20225254099995, 0.0 ], [ 112.291860068, -8.202113696999959, 0.0 ], [ 112.291647430000012, -8.201998833999937, 0.0 ], [ 112.291627513000094, -8.201988074999974, 0.0 ], [ 112.291633033000039, -8.201961532999974, 0.0 ], [ 112.291740032, -8.201447059999964, 0.0 ], [ 112.291758042000083, -8.201312628999972, 0.0 ], [ 112.291779477000091, -8.201167849999933, 0.0 ], [ 112.291757071, -8.20101172699998, 0.0 ], [ 112.291745221000042, -8.200911844999951, 0.0 ], [ 112.291737878000049, -8.200779791999935, 0.0 ], [ 112.291738827000017, -8.200716621999959, 0.0 ], [ 112.291782267000031, -8.200246747999927, 0.0 ], [ 112.291835475000084, -8.199998631999961, 0.0 ], [ 112.291840185000069, -8.19997666699993, 0.0 ], [ 112.291882590000114, -8.199809668999933, 0.0 ], [ 112.291885716000024, -8.199797355999976, 0.0 ], [ 112.291948479000098, -8.199599612999975, 0.0 ], [ 112.291997676000051, -8.199484605999942, 0.0 ], [ 112.292026283000041, -8.19941905099995, 0.0 ], [ 112.292047970000112, -8.19935236799995, 0.0 ], [ 112.292043207, -8.199305294999931, 0.0 ], [ 112.29203692100009, -8.199281972999927, 0.0 ], [ 112.292035894000037, -8.199271820999968, 0.0 ], [ 112.292028926000057, -8.199245966999968, 0.0 ], [ 112.292017661000045, -8.199204164999969, 0.0 ], [ 112.292018536000114, -8.199161812999932, 0.0 ], [ 112.292025241000033, -8.19909632699995, 0.0 ], [ 112.292070864000038, -8.198945727999956, 0.0 ], [ 112.292116610000107, -8.198833028999957, 0.0 ], [ 112.292152060000035, -8.198744480999949, 0.0 ], [ 112.292190830000095, -8.198613428999977, 0.0 ], [ 112.292223747000094, -8.198454830999935, 0.0 ], [ 112.292235953000045, -8.198307783999951, 0.0 ], [ 112.292234629000063, -8.19825495799995, 0.0 ], [ 112.29222642700006, -8.19821363799997, 0.0 ], [ 112.292223386000046, -8.198201682999979, 0.0 ], [ 112.29221911400009, -8.19818016399995, 0.0 ], [ 112.292205103000015, -8.198125080999944, 0.0 ], [ 112.292184150000026, -8.198061980999967, 0.0 ], [ 112.29217243700009, -8.198018778999938, 0.0 ], [ 112.292170317000114, -8.197972633999939, 0.0 ], [ 112.292210247000071, -8.197843874999933, 0.0 ], [ 112.292282324000098, -8.197674814999971, 0.0 ], [ 112.292298381000023, -8.197649496999929, 0.0 ], [ 112.292331765000085, -8.197635607999928, 0.0 ], [ 112.292382463000081, -8.197628554999937, 0.0 ], [ 112.292417004000072, -8.197615810999935, 0.0 ], [ 112.292443450000064, -8.19759505299993, 0.0 ], [ 112.29245025900002, -8.197561724999957, 0.0 ], [ 112.292445555000086, -8.197533027999953, 0.0 ], [ 112.292443983000112, -8.197527418999925, 0.0 ], [ 112.292441159000077, -8.197517346999973, 0.0 ], [ 112.292438243000106, -8.197499552999943, 0.0 ], [ 112.292436670000029, -8.197493943999973, 0.0 ], [ 112.292428913000094, -8.197466276999933, 0.0 ], [ 112.292428041000107, -8.197463819999939, 0.0 ], [ 112.292427983000039, -8.197445797999933, 0.0 ], [ 112.292435970000042, -8.197420505999958, 0.0 ], [ 112.292448583, -8.197399792999931, 0.0 ], [ 112.292476189000013, -8.197381327999949, 0.0 ], [ 112.292518781000012, -8.197362815999952, 0.0 ], [ 112.29261663300008, -8.197322304999943, 0.0 ], [ 112.292678795000029, -8.197295689999976, 0.0 ], [ 112.292696041000113, -8.197281852999936, 0.0 ], [ 112.292708599000093, -8.197243911999976, 0.0 ], [ 112.292722261000108, -8.197191037999971, 0.0 ], [ 112.2927416980001, -8.197141589999944, 0.0 ], [ 112.292771513000048, -8.197093257999938, 0.0 ], [ 112.292847259000041, -8.196989650999967, 0.0 ], [ 112.292856362000066, -8.196952869999961, 0.0 ], [ 112.292855124000084, -8.19692645799995, 0.0 ], [ 112.292850439000063, -8.19690350299993, 0.0 ], [ 112.292848138000068, -8.196899946999963, 0.0 ], [ 112.292847812000105, -8.19689298399993, 0.0 ], [ 112.292843126000093, -8.196870028999967, 0.0 ], [ 112.29282459, -8.196841375999952, 0.0 ], [ 112.29278530800002, -8.196813937999934, 0.0 ], [ 112.29275524500008, -8.196785321999926, 0.0 ], [ 112.29274732500005, -8.19677524399998, 0.0 ], [ 112.292747424000027, -8.196772904999932, 0.0 ], [ 112.292764544000079, -8.1967200199999, 0.0 ], [ 112.29283333300009, -8.196603800999981, 0.0 ], [ 112.292941244000076, -8.196465635999971, 0.0 ], [ 112.292973479000011, -8.196452898999951, 0.0 ], [ 112.293032228000015, -8.196440076999977, 0.0 ], [ 112.293161240000018, -8.196410950999962, 0.0 ], [ 112.293214180000064, -8.196384365999961, 0.0 ], [ 112.293235996000021, -8.196357880999926, 0.0 ], [ 112.293247416000099, -8.196324537999942, 0.0 ], [ 112.293247271000041, -8.196279746999949, 0.0 ], [ 112.293247134000012, -8.196237252999936, 0.0 ], [ 112.293246948000046, -8.196179828999959, 0.0 ], [ 112.293243312000072, -8.196124712999961, 0.0 ], [ 112.293244324000057, -8.196081066999966, 0.0 ], [ 112.293260291000024, -8.196028184999932, 0.0 ], [ 112.293286630000011, -8.195974121999939, 0.0 ], [ 112.293314113000065, -8.195917756999961, 0.0 ], [ 112.293328798000061, -8.195824681999966, 0.0 ], [ 112.29332746700004, -8.195769558999928, 0.0 ], [ 112.293319179000036, -8.195701823999968, 0.0 ], [ 112.293312772000036, -8.19567574499996, 0.0 ], [ 112.293311867000057, -8.195668349999949, 0.0 ], [ 112.293310871000017, -8.195664294999972, 0.0 ], [ 112.293309716000067, -8.195627201999969, 0.0 ], [ 112.293320009000013, -8.195601902999954, 0.0 ], [ 112.293356793000044, -8.195569626999941, 0.0 ], [ 112.293391300000053, -8.195546545999946, 0.0 ], [ 112.293441942000072, -8.195522264999966, 0.0 ], [ 112.293472954000094, -8.195487710999942, 0.0 ], [ 112.293478554000103, -8.195437158999937, 0.0 ], [ 112.293480233000082, -8.195314091999933, 0.0 ], [ 112.293480418000058, -8.195300482999926, 0.0 ], [ 112.293481456000109, -8.195264875999953, 0.0 ], [ 112.293488335, -8.195253368999943, 0.0 ], [ 112.293539062000036, -8.195255502999942, 0.0 ], [ 112.293638181, -8.195250591999979, 0.0 ], [ 112.293727014000069, -8.195231381999974, 0.0 ], [ 112.293772957000101, -8.195221446999938, 0.0 ], [ 112.293799421000017, -8.195206431999964, 0.0 ], [ 112.293803913000033, -8.19516966499998, 0.0 ], [ 112.29380380200007, -8.195135210999979, 0.0 ], [ 112.293796507000025, -8.195107419999943, 0.0 ], [ 112.293796489000101, -8.195101736999959, 0.0 ], [ 112.29378715200005, -8.195066162999979, 0.0 ], [ 112.293770870000117, -8.195021423999947, 0.0 ], [ 112.293752296000093, -8.194981286999962, 0.0 ], [ 112.293727944000011, -8.19493657299995, 0.0 ], [ 112.293685097000093, -8.194875840999941, 0.0 ], [ 112.293656577000093, -8.194833914999947, 0.0 ], [ 112.293644559000086, -8.194816248999928, 0.0 ], [ 112.293615837000061, -8.194786416999932, 0.0 ], [ 112.293574006000085, -8.194742971999972, 0.0 ], [ 112.293533546000049, -8.194707497999957, 0.0 ], [ 112.293515777000039, -8.194683706999967, 0.0 ], [ 112.293512956000086, -8.194667557999935, 0.0 ], [ 112.293517162000057, -8.194542358999968, 0.0 ], [ 112.293518207000034, -8.194509048999976, 0.0 ], [ 112.293529675000059, -8.194490635999955, 0.0 ], [ 112.293556121000051, -8.194469878999939, 0.0 ], [ 112.293600988000094, -8.194442170999935, 0.0 ], [ 112.293641229000059, -8.194409883999981, 0.0 ], [ 112.293671085000028, -8.194374184999958, 0.0 ], [ 112.293700911000087, -8.194329297999957, 0.0 ], [ 112.293762434000087, -8.194224204999955, 0.0 ], [ 112.293786788000034, -8.194150622999928, 0.0 ], [ 112.293805316000089, -8.194176596999966, 0.0 ], [ 112.293851593000113, -8.194228512999928, 0.0 ], [ 112.293893174, -8.194254411999964, 0.0 ], [ 112.293920859000082, -8.194260448999955, 0.0 ], [ 112.293940751000036, -8.194232820999957, 0.0 ], [ 112.29395751900006, -8.194189889999961, 0.0 ], [ 112.293974222000088, -8.194127051999942, 0.0 ], [ 112.293986330000052, -8.194068822999952, 0.0 ], [ 112.293995443000085, -8.194035104999955, 0.0 ], [ 112.294013832000019, -8.194018200999949, 0.0 ], [ 112.294044512000028, -8.193999726999948, 0.0 ], [ 112.294079768000074, -8.193970518999947, 0.0 ], [ 112.294110413000112, -8.193941324999969, 0.0 ], [ 112.294153339000104, -8.19390749799993, 0.0 ], [ 112.294233033000069, -8.193836801999964, 0.0 ], [ 112.29426059900004, -8.193806086999928, 0.0 ], [ 112.294285056000035, -8.193764662999968, 0.0 ], [ 112.294292603000031, -8.193721760999949, 0.0 ], [ 112.294283776000043, -8.193696892999981, 0.0 ], [ 112.294285290000062, -8.193688286999929, 0.0 ], [ 112.294274432000066, -8.193657694999956, 0.0 ], [ 112.29425130900006, -8.193636330999936, 0.0 ], [ 112.294226658000071, -8.19361803399994, 0.0 ], [ 112.294223682000052, -8.193612737999956, 0.0 ], [ 112.294236827000077, -8.193584120999958, 0.0 ], [ 112.294274954000116, -8.193492118999927, 0.0 ], [ 112.294273323000084, -8.193463028999929, 0.0 ], [ 112.29426700700003, -8.193410983999968, 0.0 ], [ 112.294266853000067, -8.193363513999941, 0.0 ], [ 112.2942713650001, -8.193332872999974, 0.0 ], [ 112.29429127100002, -8.193309838999937, 0.0 ], [ 112.294328089000032, -8.193288281999969, 0.0 ], [ 112.294380281000031, -8.193268207999949, 0.0 ], [ 112.29441866500008, -8.193255833999956, 0.0 ], [ 112.294461645000069, -8.193238851999979, 0.0 ], [ 112.294496891000108, -8.19320658099997, 0.0 ], [ 112.294527482000035, -8.193160542999976, 0.0 ], [ 112.294556531000012, -8.193112977999931, 0.0 ], [ 112.294591752000088, -8.193073050999942, 0.0 ], [ 112.294634727000016, -8.193054536999966, 0.0 ], [ 112.294805933000021, -8.19299392299996, 0.0 ], [ 112.294857333000095, -8.19297572499994, 0.0 ], [ 112.294906406000109, -8.192941878999932, 0.0 ], [ 112.294936982000081, -8.192891246999977, 0.0 ], [ 112.294962902000066, -8.192826847999982, 0.0 ], [ 112.294967310000061, -8.192764049999937, 0.0 ], [ 112.294967117000056, -8.192704327999934, 0.0 ], [ 112.294979249000107, -8.19265375599997, 0.0 ], [ 112.295011356000032, -8.192601587999945, 0.0 ], [ 112.295057217000021, -8.192524873999957, 0.0 ], [ 112.295165687, -8.192322390999948, 0.0 ], [ 112.295202351000057, -8.192253363999953, 0.0 ], [ 112.295235921000085, -8.192178220999949, 0.0 ], [ 112.295264955000107, -8.192126062999932, 0.0 ], [ 112.295304782000017, -8.192084589999979, 0.0 ], [ 112.295398328000033, -8.192019973999948, 0.0 ], [ 112.295418164000012, -8.191975500999945, 0.0 ], [ 112.295417907000115, -8.191895872999964, 0.0 ], [ 112.295417081000096, -8.191885476999971, 0.0 ], [ 112.295408294000026, -8.191774929999951, 0.0 ], [ 112.295403172000078, -8.191695322999976, 0.0 ], [ 112.295396966000112, -8.191598863999957, 0.0 ], [ 112.29540139300002, -8.19154219099994, 0.0 ], [ 112.295415013000024, -8.191476299999977, 0.0 ], [ 112.295430204000013, -8.191421122999941, 0.0 ], [ 112.295465301000036, -8.191342912999971, 0.0 ], [ 112.295495788000039, -8.191264717999957, 0.0 ], [ 112.29551093900011, -8.19119729099998, 0.0 ], [ 112.295525744000088, -8.191022671999974, 0.0 ], [ 112.295556186000113, -8.190930694999963, 0.0 ], [ 112.295683188000112, -8.190755715999956, 0.0 ], [ 112.295767407000085, -8.190658972999927, 0.0 ], [ 112.295906942000101, -8.190557456999954, 0.0 ], [ 112.296054181000045, -8.190462041999979, 0.0 ], [ 112.296224351000092, -8.190328270999942, 0.0 ], [ 112.29630868400011, -8.190266746999953, 0.0 ], [ 112.296397450000086, -8.190150080999956, 0.0 ], [ 112.29646789700007, -8.190071756999941, 0.0 ], [ 112.296492788000023, -8.190013308999937, 0.0 ], [ 112.29651095600002, -8.189970646999939, 0.0 ], [ 112.296550445000094, -8.190035468999952, 0.0 ], [ 112.296888758000023, -8.190165496999953, 0.0 ], [ 112.296909861000017, -8.190170850999948, 0.0 ], [ 112.297176830000012, -8.190295608999975, 0.0 ], [ 112.297829724000053, -8.190569865999976, 0.0 ], [ 112.298569048000104, -8.190836665999939, 0.0 ], [ 112.298825235000095, -8.19096863599998, 0.0 ], [ 112.299611552000101, -8.19128552799998, 0.0 ], [ 112.3001345240001, -8.191484829999979, 0.0 ], [ 112.300491585000032, -8.19162006199997, 0.0 ], [ 112.300675415000114, -8.19165536, 0.0 ], [ 112.300758324000071, -8.191673037999976, 0.0 ], [ 112.300970912000025, -8.191690297999969, 0.0 ], [ 112.301201286000037, -8.191657211999939, 0.0 ], [ 112.301226552000116, -8.191653583999937, 0.0 ], [ 112.301345166000033, -8.191642574999946, 0.0 ], [ 112.301547056000118, -8.191623837999941, 0.0 ], [ 112.302058931000033, -8.191733445999944, 0.0 ], [ 112.302758144000109, -8.191849627999943, 0.0 ], [ 112.303644637000048, -8.191954434999957, 0.0 ], [ 112.304202979000024, -8.191952630999936, 0.0 ], [ 112.304772256000092, -8.191990269999962, 0.0 ], [ 112.305175642000108, -8.192049750999956, 0.0 ], [ 112.305320061000089, -8.192071045999967, 0.0 ], [ 112.305439121000063, -8.192128084999979, 0.0 ], [ 112.306381392000048, -8.192767471999957, 0.0 ], [ 112.306731181000032, -8.192881187999944, 0.0 ], [ 112.307531363000066, -8.193029333999959, 0.0 ], [ 112.308093555000028, -8.193102880999959, 0.0 ], [ 112.308947677000106, -8.193222137999953, 0.0 ], [ 112.309823343000062, -8.193319788999929, 0.0 ], [ 112.311066716000028, -8.193502378999938, 0.0 ], [ 112.311578512000096, -8.193586851999953, 0.0 ], [ 112.311610482000106, -8.193451026999981, 0.0 ], [ 112.311704991000056, -8.192953584999941, 0.0 ], [ 112.311836436000021, -8.192194598999947, 0.0 ], [ 112.31183133400009, -8.192139715999929, 0.0 ], [ 112.3118311610001, -8.191792573999976, 0.0 ], [ 112.311953299000038, -8.190224551999961, 0.0 ], [ 112.312054955, -8.189427702999978, 0.0 ], [ 112.312112932000105, -8.188961847999963, 0.0 ], [ 112.312143107000111, -8.188719383999967, 0.0 ], [ 112.31230754, -8.186922076999963, 0.0 ], [ 112.312320471000021, -8.186780736999935, 0.0 ], [ 112.312446565000073, -8.185685675999935, 0.0 ], [ 112.313111396000068, -8.185206174999962, 0.0 ], [ 112.313456190000011, -8.184896397999978, 0.0 ], [ 112.313692948000039, -8.184582732999957, 0.0 ], [ 112.314115903000015, -8.183843597999953, 0.0 ], [ 112.314466067000012, -8.183218367999928, 0.0 ], [ 112.314565777000098, -8.183040332999951, 0.0 ], [ 112.314662577000036, -8.182877794999968, 0.0 ], [ 112.315032099000064, -8.182257331999949, 0.0 ], [ 112.3157026, -8.181875194999975, 0.0 ], [ 112.315827370000079, -8.181680865999965, 0.0 ], [ 112.315937789000031, -8.181536890999951, 0.0 ], [ 112.315978615000063, -8.181496081999967, 0.0 ], [ 112.316002265000066, -8.181479048999961, 0.0 ], [ 112.316459586000065, -8.181533402999946, 0.0 ], [ 112.316930589000094, -8.18163236099997, 0.0 ], [ 112.317454424000061, -8.181731144999958, 0.0 ], [ 112.317939773000035, -8.181810912999936, 0.0 ], [ 112.318439547000025, -8.181895418999943, 0.0 ], [ 112.318790229000115, -8.181918200999974, 0.0 ], [ 112.318943840000088, -8.181893772999956, 0.0 ], [ 112.319054178000101, -8.181855129999974, 0.0 ], [ 112.319267745000047, -8.181806578999954, 0.0 ], [ 112.319462246000057, -8.181802354999945, 0.0 ], [ 112.31970013800003, -8.181848234999961, 0.0 ], [ 112.319963268000038, -8.181901209999978, 0.0 ], [ 112.32005812400007, -8.181884001999947, 0.0 ], [ 112.320090370000116, -8.181885207999926, 0.0 ], [ 112.320334520000074, -8.181971776999944, 0.0 ], [ 112.320604736000064, -8.181988838999928, 0.0 ], [ 112.320980576000011, -8.181977171999961, 0.0 ], [ 112.321213407000073, -8.18196172599994, 0.0 ], [ 112.321396936000042, -8.181907290999959, 0.0 ], [ 112.321587681000096, -8.181856420999964, 0.0 ], [ 112.321961979000093, -8.181758292999973, 0.0 ], [ 112.322368601000107, -8.18163134699995, 0.0 ], [ 112.322599052000101, -8.181605468999976, 0.0 ], [ 112.323034916000097, -8.181607630999963, 0.0 ], [ 112.323268910000024, -8.181563796999967, 0.0 ], [ 112.323348025000087, -8.181524058999969, 0.0 ], [ 112.323412721000068, -8.181480778999969, 0.0 ], [ 112.323491682000054, -8.18139438399993, 0.0 ], [ 112.323523864000094, -8.181322497999929, 0.0 ], [ 112.323556011000051, -8.181239845999926, 0.0 ], [ 112.323627815, -8.181167830999925, 0.0 ], [ 112.323703341000055, -8.181131692999941, 0.0 ], [ 112.323789660000102, -8.181091930999969, 0.0 ], [ 112.323857875000044, -8.181023516999971, 0.0 ], [ 112.32388646600009, -8.180955231999974, 0.0 ], [ 112.323914963000107, -8.180858235999949, 0.0 ], [ 112.323903956000095, -8.180797258999974, 0.0 ], [ 112.323896443000081, -8.180703968999978, 0.0 ], [ 112.323888967000016, -8.180621445999975, 0.0 ], [ 112.323924762000047, -8.180553137999937, 0.0 ], [ 112.32396419600002, -8.18049558499996, 0.0 ], [ 112.324018061000061, -8.180445161999955, 0.0 ], [ 112.324089797000056, -8.18036002599996, 0.0 ], [ 112.324496698000075, -8.180310799999972, 0.0 ], [ 112.324653378000107, -8.180253909999976, 0.0 ], [ 112.324817069, -8.180082535999929, 0.0 ], [ 112.324841321, -8.180055826999933, 0.0 ], [ 112.325032399000065, -8.180003978999935, 0.0 ], [ 112.325093492000065, -8.179960710999978, 0.0 ], [ 112.325136504000056, -8.179895966999936, 0.0 ], [ 112.325186399000017, -8.179734298999961, 0.0 ], [ 112.325208718000113, -8.179589675999978, 0.0 ], [ 112.325332178000053, -8.17956099, 0.0 ], [ 112.325524365000092, -8.179542972999968, 0.0 ], [ 112.325905685000066, -8.179390983999951, 0.0 ], [ 112.326326521000055, -8.179206563999969, 0.0 ], [ 112.326567634000071, -8.179137581999953, 0.0 ], [ 112.326790641000116, -8.179039946999978, 0.0 ], [ 112.327020805000075, -8.178927931999965, 0.0 ], [ 112.327272343000118, -8.178744066999968, 0.0 ], [ 112.327703628000108, -8.178451940999935, 0.0 ], [ 112.32797696800003, -8.178325427999937, 0.0 ], [ 112.328318616000047, -8.178159211999969, 0.0 ], [ 112.328721320000113, -8.17793895899996, 0.0 ], [ 112.329127721000077, -8.17774740599998, 0.0 ], [ 112.32952018900005, -8.17769945799995, 0.0 ], [ 112.330048237000028, -8.177630673999943, 0.0 ], [ 112.330870847000028, -8.177662711999972, 0.0 ], [ 112.331638260000091, -8.177714019999939, 0.0 ], [ 112.331897641000069, -8.177721046999977, 0.0 ], [ 112.332289407000076, -8.177731659999949, 0.0 ], [ 112.333076230000074, -8.17791253799993, 0.0 ], [ 112.333826164000016, -8.178148250999925, 0.0 ], [ 112.334565936000104, -8.17827124799993, 0.0 ], [ 112.334752413000047, -8.178303108999955, 0.0 ], [ 112.334779514000047, -8.178870079999967, 0.0 ], [ 112.334774925000033, -8.17965608399993, 0.0 ], [ 112.334827192000034, -8.18020861499997, 0.0 ], [ 112.334909579000055, -8.181152246999943, 0.0 ] ] ], [ [ [ 112.305821353000056, -8.233693782999978, 0.0 ], [ 112.305825227000014, -8.23367435199998, 0.0 ], [ 112.305835717000036, -8.233679621999954, 0.0 ], [ 112.305835362000039, -8.233681400999956, 0.0 ], [ 112.305832299000031, -8.233696760999976, 0.0 ], [ 112.30583462200002, -8.233697392999943, 0.0 ], [ 112.305987898000012, -8.233667526999966, 0.0 ], [ 112.306031715000017, -8.233658989999981, 0.0 ], [ 112.306206780000025, -8.233624877999944, 0.0 ], [ 112.306236327000079, -8.233619120999947, 0.0 ], [ 112.30641279800011, -8.233585637999965, 0.0 ], [ 112.306485597, -8.233537030999969, 0.0 ], [ 112.306538105000072, -8.233446596999954, 0.0 ], [ 112.306620051000095, -8.233353927999929, 0.0 ], [ 112.306638571, -8.233320460999948, 0.0 ], [ 112.306664819000048, -8.233273029999964, 0.0 ], [ 112.306751685000108, -8.233212929999979, 0.0 ], [ 112.307033572000023, -8.233116304999953, 0.0 ], [ 112.307118058000015, -8.233091336999962, 0.0 ], [ 112.307381488000033, -8.233013483999969, 0.0 ], [ 112.307444179000072, -8.232992438999929, 0.0 ], [ 112.307516437000118, -8.232968181999979, 0.0 ], [ 112.307660226000053, -8.232872006999969, 0.0 ], [ 112.307798275000096, -8.232856602999959, 0.0 ], [ 112.307912415000033, -8.232874175999939, 0.0 ], [ 112.308154932000093, -8.232884798999976, 0.0 ], [ 112.308293746000118, -8.232890878999967, 0.0 ], [ 112.308401755000091, -8.23286959099994, 0.0 ], [ 112.308519605000015, -8.232864209999946, 0.0 ], [ 112.308542836000015, -8.232863149999957, 0.0 ], [ 112.308668886000078, -8.232850775999964, 0.0 ], [ 112.308765004000065, -8.232865416999971, 0.0 ], [ 112.308888131000117, -8.232876978999968, 0.0 ], [ 112.309017174000019, -8.232861603999936, 0.0 ], [ 112.309164338000073, -8.232879068999978, 0.0 ], [ 112.309320557000092, -8.232911458999979, 0.0 ], [ 112.30945001900011, -8.232906168999932, 0.0 ], [ 112.309479651000061, -8.232904958999939, 0.0 ], [ 112.309611725000082, -8.232898545999944, 0.0 ], [ 112.30971820000002, -8.232866022999929, 0.0 ], [ 112.30980967000005, -8.23283808399998, 0.0 ], [ 112.309915261000015, -8.232766746999971, 0.0 ], [ 112.309958248000044, -8.232737704999977, 0.0 ], [ 112.310004928000012, -8.232690894999962, 0.0 ], [ 112.310123482000108, -8.232590015999961, 0.0 ], [ 112.31023137000011, -8.232532239999955, 0.0 ], [ 112.310321257000055, -8.232478110999978, 0.0 ], [ 112.310341254000036, -8.232427830999939, 0.0 ], [ 112.31036413400011, -8.232370300999946, 0.0 ], [ 112.310399829000062, -8.232269691999932, 0.0 ], [ 112.310400617000028, -8.232267486999945, 0.0 ], [ 112.310481933, -8.232039726999972, 0.0 ], [ 112.310514061000049, -8.231949896999936, 0.0 ], [ 112.310570853000058, -8.231891407999967, 0.0 ], [ 112.310646907000091, -8.231813080999927, 0.0 ], [ 112.310774475000017, -8.231737638999959, 0.0 ], [ 112.310900482000079, -8.231681084999934, 0.0 ], [ 112.310920241000076, -8.231672217999972, 0.0 ], [ 112.311075222000113, -8.231693245999963, 0.0 ], [ 112.31121952400008, -8.231753787999935, 0.0 ], [ 112.311352831000022, -8.231756941999947, 0.0 ], [ 112.311375290000115, -8.23175002499994, 0.0 ], [ 112.311436275, -8.231731242999956, 0.0 ], [ 112.311482393, -8.231717038999932, 0.0 ], [ 112.311604773000113, -8.231684338999969, 0.0 ], [ 112.311752490000117, -8.231687444999977, 0.0 ], [ 112.311997499000086, -8.23169741199996, 0.0 ], [ 112.312145156000042, -8.231682573999933, 0.0 ], [ 112.31217197300009, -8.231657263999978, 0.0 ], [ 112.312206211000102, -8.231624949999969, 0.0 ], [ 112.312285042000099, -8.23149548799995, 0.0 ], [ 112.312349415000085, -8.231351716999939, 0.0 ], [ 112.312385417000087, -8.23134442099996, 0.0 ], [ 112.312421359000041, -8.231319180999947, 0.0 ], [ 112.312434542, -8.231286547999957, 0.0 ], [ 112.312467814000115, -8.231204180999953, 0.0 ], [ 112.312539147000052, -8.231035924999958, 0.0 ], [ 112.31256076000011, -8.230984946999968, 0.0 ], [ 112.312556271000062, -8.230715785999962, 0.0 ], [ 112.312556069000038, -8.230654484999945, 0.0 ], [ 112.312555763000091, -8.230561459999933, 0.0 ], [ 112.312512048000031, -8.23041445399997, 0.0 ], [ 112.312510380000049, -8.230355685999939, 0.0 ], [ 112.312507973000038, -8.23027090599993, 0.0 ], [ 112.312558117000094, -8.230126174999953, 0.0 ], [ 112.312561503000097, -8.230116403999943, 0.0 ], [ 112.312633175000087, -8.230001320999975, 0.0 ], [ 112.312722506000114, -8.22977851099995, 0.0 ], [ 112.312727143000075, -8.229755491999981, 0.0 ], [ 112.312757952000084, -8.229602532999934, 0.0 ], [ 112.312762344000021, -8.229553179999925, 0.0 ], [ 112.312766589000034, -8.229505471999971, 0.0 ], [ 112.312785745000042, -8.229290198999934, 0.0 ], [ 112.312828798000055, -8.229156735999936, 0.0 ], [ 112.312832105000098, -8.22914648699998, 0.0 ], [ 112.31290006800009, -8.228999114999965, 0.0 ], [ 112.312993474000109, -8.228919851999933, 0.0 ], [ 112.313153100000022, -8.228854044999935, 0.0 ], [ 112.313179546000015, -8.228857072999972, 0.0 ], [ 112.313494142000081, -8.228893091999964, 0.0 ], [ 112.313594163000062, -8.228914670999927, 0.0 ], [ 112.313854655000114, -8.228970870999945, 0.0 ], [ 112.314009528000042, -8.22895959799996, 0.0 ], [ 112.314099355000053, -8.228887523999958, 0.0 ], [ 112.314134895000052, -8.228740257999959, 0.0 ], [ 112.314139845000113, -8.228740241999958, 0.0 ], [ 112.314188933000082, -8.228740080999955, 0.0 ], [ 112.314282480000088, -8.228703884999959, 0.0 ], [ 112.31435792000002, -8.228639035999947, 0.0 ], [ 112.31448711400003, -8.228487874999928, 0.0 ], [ 112.314523835000045, -8.22842708099995, 0.0 ], [ 112.314614256000027, -8.228277378999962, 0.0 ], [ 112.314698421000116, -8.228110337999965, 0.0 ], [ 112.314784526000039, -8.228002385999957, 0.0 ], [ 112.315001594000023, -8.22791553899998, 0.0 ], [ 112.315102464, -8.227915208999946, 0.0 ], [ 112.31522256400001, -8.22791960099994, 0.0 ], [ 112.315293922000023, -8.227956394999978, 0.0 ], [ 112.315333230000078, -8.227976662999936, 0.0 ], [ 112.315391218000059, -8.228081750999934, 0.0 ], [ 112.315434811000046, -8.228191670999934, 0.0 ], [ 112.315503840000019, -8.22829261499993, 0.0 ], [ 112.31552570000008, -8.228324579999935, 0.0 ], [ 112.315545825000072, -8.228354008999929, 0.0 ], [ 112.315608101000066, -8.22836252299993, 0.0 ], [ 112.315670191000095, -8.228387527999928, 0.0 ], [ 112.315704494000101, -8.228401342999973, 0.0 ], [ 112.315726815000062, -8.228387342999952, 0.0 ], [ 112.315781189000063, -8.228353238999944, 0.0 ], [ 112.31592976200011, -8.228252259999977, 0.0 ], [ 112.316073515000085, -8.228146511999967, 0.0 ], [ 112.316231568000035, -8.228007218999949, 0.0 ], [ 112.316341729000101, -8.227911150999944, 0.0 ], [ 112.316519184000072, -8.227829218999943, 0.0 ], [ 112.316684491000046, -8.227806062999946, 0.0 ], [ 112.316764044000024, -8.227794918999962, 0.0 ], [ 112.316959121000082, -8.22772643199994, 0.0 ], [ 112.317220331000044, -8.227783852999949, 0.0 ], [ 112.31734055700008, -8.227826526999934, 0.0 ], [ 112.317494849000013, -8.228003078999961, 0.0 ], [ 112.317562254000109, -8.22805071099998, 0.0 ], [ 112.317697016000011, -8.228131619999942, 0.0 ], [ 112.31782691300009, -8.228193402999977, 0.0 ], [ 112.317937722000011, -8.228293531999952, 0.0 ], [ 112.318010344000072, -8.2283804899999, 0.0 ], [ 112.318014632000086, -8.228404640999941, 0.0 ], [ 112.318019062000076, -8.228429596999945, 0.0 ], [ 112.318049211000016, -8.228599427999939, 0.0 ], [ 112.318102663000104, -8.228699215999939, 0.0 ], [ 112.318179708000116, -8.228843051999945, 0.0 ], [ 112.318209803000059, -8.228907058999937, 0.0 ], [ 112.318296577000069, -8.229091609999955, 0.0 ], [ 112.318459585000028, -8.22922974599993, 0.0 ], [ 112.318599420000055, -8.229391987999975, 0.0 ], [ 112.318612551000115, -8.22940446399997, 0.0 ], [ 112.318698416000075, -8.229486043999941, 0.0 ], [ 112.318719884000075, -8.229506440999955, 0.0 ], [ 112.318854489000046, -8.229539496999962, 0.0 ], [ 112.318917697000074, -8.229485323999938, 0.0 ], [ 112.318970583, -8.229439998999965, 0.0 ], [ 112.319012128000054, -8.229293311999982, 0.0 ], [ 112.319074865000061, -8.22920039, 0.0 ], [ 112.319146658000022, -8.229122391999965, 0.0 ], [ 112.319154429000037, -8.229107302999978, 0.0 ], [ 112.319191403000104, -8.22903551099995, 0.0 ], [ 112.319230113000117, -8.228939676999971, 0.0 ], [ 112.319256097000107, -8.228888931999961, 0.0 ], [ 112.319283805000055, -8.228834821999953, 0.0 ], [ 112.319364575, -8.228747821999946, 0.0 ], [ 112.3194843120001, -8.228642749999949, 0.0 ], [ 112.319565062000038, -8.228549768999926, 0.0 ], [ 112.319567535000033, -8.228543190999972, 0.0 ], [ 112.319606725000085, -8.228438970999946, 0.0 ], [ 112.319606408000027, -8.228343264999978, 0.0 ], [ 112.319597046000013, -8.228235625999957, 0.0 ], [ 112.3195989620001, -8.228202511999939, 0.0 ], [ 112.319611244000043, -8.227990330999944, 0.0 ], [ 112.319621789000053, -8.227911347999964, 0.0 ], [ 112.319646399000021, -8.227727021999954, 0.0 ], [ 112.319648061000066, -8.227562120999949, 0.0 ], [ 112.31964873700008, -8.227495088999945, 0.0 ], [ 112.319690840000021, -8.22736367899995, 0.0 ], [ 112.319696177000083, -8.227347022999936, 0.0 ], [ 112.319750857000031, -8.227218749999963, 0.0 ], [ 112.319949772000086, -8.227378983999927, 0.0 ], [ 112.320016329000055, -8.22743259799995, 0.0 ], [ 112.320953386000042, -8.227552142999969, 0.0 ], [ 112.322019602000069, -8.227692196999953, 0.0 ], [ 112.32294291300002, -8.227794401999972, 0.0 ], [ 112.323515206000025, -8.227857749999941, 0.0 ], [ 112.323883011000021, -8.227913822999938, 0.0 ], [ 112.32395185200005, -8.228032032999977, 0.0 ], [ 112.32410019800011, -8.228225349999946, 0.0 ], [ 112.324358955000093, -8.228431855999929, 0.0 ], [ 112.324540538000065, -8.228475127999957, 0.0 ], [ 112.324868152000022, -8.228409445999944, 0.0 ], [ 112.325519799000062, -8.228285270999947, 0.0 ], [ 112.326225412000099, -8.228139382999927, 0.0 ], [ 112.326988951000089, -8.228079437999952, 0.0 ], [ 112.327864129000091, -8.22804369499994, 0.0 ], [ 112.328094568000097, -8.228042733999928, 0.0 ], [ 112.328049323000073, -8.228880314999969, 0.0 ], [ 112.327990243000045, -8.229890212999976, 0.0 ], [ 112.327949224, -8.230291207999926, 0.0 ], [ 112.327928657000029, -8.230492258999959, 0.0 ], [ 112.327887901000054, -8.230890682999927, 0.0 ], [ 112.327898161, -8.231086846999972, 0.0 ], [ 112.327781217000052, -8.23202994199994, 0.0 ], [ 112.327682259000085, -8.232604506999962, 0.0 ], [ 112.327617148000058, -8.233245954999973, 0.0 ], [ 112.327566319000084, -8.233849073999977, 0.0 ], [ 112.327510942000117, -8.234528771999976, 0.0 ], [ 112.327508355000077, -8.235193939999931, 0.0 ], [ 112.327513191000094, -8.235337363999975, 0.0 ], [ 112.327540469000041, -8.23614631199996, 0.0 ], [ 112.327533321000033, -8.236199572999965, 0.0 ], [ 112.32726828300008, -8.236217800999952, 0.0 ], [ 112.327246101000014, -8.236305289999962, 0.0 ], [ 112.327150649000032, -8.236681762999979, 0.0 ], [ 112.327034567000055, -8.237163070999941, 0.0 ], [ 112.32700447600007, -8.237502927999969, 0.0 ], [ 112.327011044000074, -8.237852234999934, 0.0 ], [ 112.327035839000018, -8.238085436999938, 0.0 ], [ 112.327026434000118, -8.238197948999925, 0.0 ], [ 112.327004081000041, -8.238465376999955, 0.0 ], [ 112.326871136000022, -8.23911183499996, 0.0 ], [ 112.326795710000056, -8.239484231999938, 0.0 ], [ 112.326444500000093, -8.241218255999968, 0.0 ], [ 112.326345292000042, -8.241708069999959, 0.0 ], [ 112.326346445000013, -8.242126303999953, 0.0 ], [ 112.326344729000084, -8.242332077999947, 0.0 ], [ 112.326293141000065, -8.242596351999964, 0.0 ], [ 112.32626713500008, -8.242729573999952, 0.0 ], [ 112.326195691000066, -8.243014478999953, 0.0 ], [ 112.326026712000044, -8.243479213999933, 0.0 ], [ 112.326724132000095, -8.243749669999943, 0.0 ], [ 112.32672444800005, -8.243807414999935, 0.0 ], [ 112.326736796000091, -8.244036358999949, 0.0 ], [ 112.326663785000051, -8.244613709999953, 0.0 ], [ 112.326649451000094, -8.244800504999944, 0.0 ], [ 112.326643069000056, -8.244883670999968, 0.0 ], [ 112.326646315000062, -8.244992764999949, 0.0 ], [ 112.326649426000017, -8.245061662999944, 0.0 ], [ 112.326699365000081, -8.24534431, 0.0 ], [ 112.326741999000092, -8.245596833999969, 0.0 ], [ 112.326747849000071, -8.245628739999972, 0.0 ], [ 112.326769886000079, -8.245748914999979, 0.0 ], [ 112.326817331000029, -8.246147853999958, 0.0 ], [ 112.327119587000084, -8.24678068299994, 0.0 ], [ 112.327093514000012, -8.246788650999974, 0.0 ], [ 112.326602577000017, -8.246624662999977, 0.0 ], [ 112.326397982000117, -8.246790571999952, 0.0 ], [ 112.32639736100009, -8.246818143999974, 0.0 ], [ 112.326395465000019, -8.246835433999934, 0.0 ], [ 112.32641857100009, -8.246873923999942, 0.0 ], [ 112.326568279000071, -8.247112694999942, 0.0 ], [ 112.326819214000011, -8.247456406999959, 0.0 ], [ 112.326824400000078, -8.247571237999978, 0.0 ], [ 112.326820192000014, -8.247749902999942, 0.0 ], [ 112.326806045000012, -8.247828907999974, 0.0 ], [ 112.326784629000031, -8.247888794999938, 0.0 ], [ 112.326765526000031, -8.247922355999947, 0.0 ], [ 112.326611572000047, -8.247851085999969, 0.0 ], [ 112.326603840000075, -8.248413385999982, 0.0 ], [ 112.326623478000101, -8.24854013199996, 0.0 ], [ 112.326655164000044, -8.248678800999926, 0.0 ], [ 112.326710210000101, -8.248834988999931, 0.0 ], [ 112.326735181000117, -8.248905838999974, 0.0 ], [ 112.326737209000044, -8.248911503999977, 0.0 ], [ 112.326749727000106, -8.24894646599995, 0.0 ], [ 112.326751908, -8.248955299999977, 0.0 ], [ 112.326788683000018, -8.249104252999928, 0.0 ], [ 112.326868620000027, -8.249307363999947, 0.0 ], [ 112.326890540000022, -8.249398212999949, 0.0 ], [ 112.326917431000084, -8.249539290999962, 0.0 ], [ 112.3269267390001, -8.249670454999944, 0.0 ], [ 112.326928894000048, -8.249700556999926, 0.0 ], [ 112.3269238580001, -8.249699475999932, 0.0 ], [ 112.326896984000086, -8.249981237999975, 0.0 ], [ 112.326551277000021, -8.250027842999941, 0.0 ], [ 112.326528549000045, -8.251722837999978, 0.0 ], [ 112.326475327000026, -8.251968261999934, 0.0 ], [ 112.326470480000012, -8.252315212999974, 0.0 ], [ 112.326517459000115, -8.252718220999952, 0.0 ], [ 112.326624688000038, -8.253182040999945, 0.0 ], [ 112.326685638000072, -8.254172399999959, 0.0 ], [ 112.326730608000048, -8.254630956999961, 0.0 ], [ 112.326370000000111, -8.25529, 0.0 ], [ 112.32592000000011, -8.257, 0.0 ], [ 112.32544, -8.25808, 0.0 ], [ 112.325337897000054, -8.258148068999958, 0.0 ], [ 112.324720205000062, -8.258100657999933, 0.0 ], [ 112.323765746000049, -8.258842027999947, 0.0 ], [ 112.323565871000028, -8.258908652999935, 0.0 ], [ 112.32323274700002, -8.258965759999967, 0.0 ], [ 112.32300168200004, -8.258987422999951, 0.0 ], [ 112.322928176, -8.258994313999949, 0.0 ], [ 112.322785408000072, -8.259032384999955, 0.0 ], [ 112.322569152000028, -8.259097146999977, 0.0 ], [ 112.322138195000093, -8.259175152999944, 0.0 ], [ 112.321995427000047, -8.259194187999981, 0.0 ], [ 112.321766999000033, -8.259222741999963, 0.0 ], [ 112.321586160000038, -8.259260812999969, 0.0 ], [ 112.321348214000068, -8.259346473999926, 0.0 ], [ 112.320409301000041, -8.2597196299999, 0.0 ], [ 112.319034926000086, -8.259838575999936, 0.0 ], [ 112.318988510000054, -8.259842592999973, 0.0 ], [ 112.318945661000043, -8.259868543999971, 0.0 ], [ 112.318579999, -8.26009, 0.0 ], [ 112.318189999000083, -8.2602, 0.0 ], [ 112.31689, -8.2604, 0.0 ], [ 112.3167797750001, -8.260374064999951, 0.0 ], [ 112.31638, -8.26028, 0.0 ], [ 112.3156, -8.260329998999964, 0.0 ], [ 112.315402813000105, -8.260507467999957, 0.0 ], [ 112.315179779, -8.260585310999943, 0.0 ], [ 112.314683154000022, -8.260756821999962, 0.0 ], [ 112.314121756000077, -8.260952471999929, 0.0 ], [ 112.313697115000082, -8.261102210999979, 0.0 ], [ 112.313526787000114, -8.261164979999933, 0.0 ], [ 112.313440422000099, -8.261196367999958, 0.0 ], [ 112.312850193000031, -8.261389717999975, 0.0 ], [ 112.312184983000066, -8.261425396999925, 0.0 ], [ 112.311332030000017, -8.261342056999979, 0.0 ], [ 112.31020520800007, -8.26124286199996, 0.0 ], [ 112.309537319000015, -8.261194801999977, 0.0 ], [ 112.308530646, -8.261111957999958, 0.0 ], [ 112.308189421000066, -8.261065219999978, 0.0 ], [ 112.307831438000107, -8.261035284999934, 0.0 ], [ 112.307615016000113, -8.260959426999932, 0.0 ], [ 112.306131166000114, -8.2603900299999, 0.0 ], [ 112.305301431000089, -8.260062546999961, 0.0 ], [ 112.304599187, -8.259792070999936, 0.0 ], [ 112.303446385000029, -8.259363194999935, 0.0 ], [ 112.30343486400011, -8.259358908999957, 0.0 ], [ 112.303444691000095, -8.259290700999941, 0.0 ], [ 112.303474318000099, -8.259085057999926, 0.0 ], [ 112.303484057000105, -8.258897822999927, 0.0 ], [ 112.303500235000115, -8.258586825999942, 0.0 ], [ 112.303510468000013, -8.258390105999979, 0.0 ], [ 112.303520270000035, -8.258187804999977, 0.0 ], [ 112.303564455000014, -8.257275949999951, 0.0 ], [ 112.303564458000096, -8.257275898999978, 0.0 ], [ 112.30355071200006, -8.256600250999952, 0.0 ], [ 112.303562269000054, -8.256387334999943, 0.0 ], [ 112.303579704000072, -8.256066109999949, 0.0 ], [ 112.303588321, -8.255814456999929, 0.0 ], [ 112.303601896000032, -8.255418033999945, 0.0 ], [ 112.303621421000116, -8.254763450999974, 0.0 ], [ 112.303622216, -8.254736804999936, 0.0 ], [ 112.303633422000075, -8.25430496499996, 0.0 ], [ 112.303647133000027, -8.253776574999961, 0.0 ], [ 112.303653990000043, -8.253482147999932, 0.0 ], [ 112.303676953000036, -8.252496205999932, 0.0 ], [ 112.30367883200006, -8.25241553099994, 0.0 ], [ 112.303680592000092, -8.252339959999972, 0.0 ], [ 112.303686911000113, -8.25178641499997, 0.0 ], [ 112.303696726000112, -8.250926634999928, 0.0 ], [ 112.303697099000033, -8.250893949999977, 0.0 ], [ 112.303698657000041, -8.25075745099997, 0.0 ], [ 112.303738929000019, -8.250319098999967, 0.0 ], [ 112.303641446000029, -8.250298619999967, 0.0 ], [ 112.303635518000078, -8.250265437999929, 0.0 ], [ 112.303634131000081, -8.250265146999936, 0.0 ], [ 112.30354649700007, -8.249774616999957, 0.0 ], [ 112.303293622000069, -8.248359146999974, 0.0 ], [ 112.303144669000062, -8.247860189999926, 0.0 ], [ 112.303142026000046, -8.247842365999929, 0.0 ], [ 112.303137354000114, -8.247826715999963, 0.0 ], [ 112.30308091500001, -8.247446099999934, 0.0 ], [ 112.303075009000054, -8.247406270999932, 0.0 ], [ 112.303070462000051, -8.247375605999935, 0.0 ], [ 112.303058266000107, -8.247171788999935, 0.0 ], [ 112.303105259000063, -8.246819346999928, 0.0 ], [ 112.303139846000022, -8.246559953999963, 0.0 ], [ 112.303125573000102, -8.246196908999934, 0.0 ], [ 112.303103594000049, -8.245637858999942, 0.0 ], [ 112.303095828000096, -8.245440322999968, 0.0 ], [ 112.303092859000117, -8.245338008999965, 0.0 ], [ 112.30308539400005, -8.245080707999932, 0.0 ], [ 112.303056842000046, -8.24409671899997, 0.0 ], [ 112.303090351000037, -8.242825700999958, 0.0 ], [ 112.303094576000035, -8.24266543799996, 0.0 ], [ 112.302969707000102, -8.242571428999952, 0.0 ], [ 112.302971883000055, -8.242545100999962, 0.0 ], [ 112.30296239200004, -8.242537954999932, 0.0 ], [ 112.30301054600011, -8.241955378999933, 0.0 ], [ 112.303040019000036, -8.241598813999929, 0.0 ], [ 112.303067233000093, -8.241107747999934, 0.0 ], [ 112.303132263000066, -8.240722792999975, 0.0 ], [ 112.303155207000032, -8.240594314999953, 0.0 ], [ 112.303159189000098, -8.240572016999977, 0.0 ], [ 112.303187361000028, -8.240414267999938, 0.0 ], [ 112.303306866000071, -8.239864342999965, 0.0 ], [ 112.303360883000096, -8.239561867999953, 0.0 ], [ 112.303370035000057, -8.239510622999944, 0.0 ], [ 112.303622082000061, -8.238271896999947, 0.0 ], [ 112.303631663000033, -8.238224805999948, 0.0 ], [ 112.303680340000028, -8.238127026999962, 0.0 ], [ 112.303705273000105, -8.237978322999936, 0.0 ], [ 112.303781941000011, -8.237509745999944, 0.0 ], [ 112.303991167000049, -8.236231012999951, 0.0 ], [ 112.304062043000044, -8.236033310999971, 0.0 ], [ 112.304091128000096, -8.23595218, 0.0 ], [ 112.304134660000045, -8.235760923999976, 0.0 ], [ 112.304262167000047, -8.235200715999952, 0.0 ], [ 112.304342548000022, -8.234847558999945, 0.0 ], [ 112.304290486000014, -8.234781989999931, 0.0 ], [ 112.304298272000096, -8.234767534999946, 0.0 ], [ 112.304283171000066, -8.234748515999968, 0.0 ], [ 112.304586829000073, -8.234184770999946, 0.0 ], [ 112.304964502000075, -8.234220868999955, 0.0 ], [ 112.305105695000066, -8.234211796999944, 0.0 ], [ 112.305252709000115, -8.234219932999963, 0.0 ], [ 112.305658921000031, -8.23416980099995, 0.0 ], [ 112.305693788000099, -8.234255823999945, 0.0 ], [ 112.305713887000024, -8.234232788999975, 0.0 ], [ 112.305741207000096, -8.234095762999971, 0.0 ], [ 112.305821353000056, -8.233693782999978, 0.0 ] ] ], [ [ [ 112.305825227000014, -8.23367435199998, 0.0 ], [ 112.305807508000044, -8.233665449999933, 0.0 ], [ 112.305824505000032, -8.233670073999974, 0.0 ], [ 112.305825999000035, -8.233670480999933, 0.0 ], [ 112.305825227000014, -8.23367435199998, 0.0 ] ] ] ] } },
{ "type": "Feature", "properties": { "OBJECTID": 116962.0, "KDPPUM": "35", "NAMOBJ": "Tawangrejo", "REMARK": null, "KDPBPS": null, "FCODE": "BA03070040", "LUASWH": null, "UUPP": "Data dari Pemerintah Daerah", "SRS_ID": "SRGI 2013", "METADATA": "TASWIL1000020200326DATA_BATAS_DESA_KELURAHAN", "KDEBPS": null, "KDEPUM": "35.05.16.2008", "KDCBPS": null, "KDCPUM": "35.05.16", "KDBBPS": null, "WADMKD": "Tawangrejo", "WIADKD": null, "WADMKC": "Binangun", "WIADKC": null, "WADMKK": "Blitar", "WIADKK": null, "WADMPR": "Jawa Timur", "WIADPR": null, "TIPADM": 1.0, "KDPKAB": "35.05", "SHAPE_Leng": 0.078646438189027001, "SHAPE_Area": 0.00019822293263599999 }, "geometry": { "type": "MultiPolygon", "coordinates": [ [ [ [ 112.359690679000096, -8.171100997999929, 0.0 ], [ 112.359638754000116, -8.171118325999942, 0.0 ], [ 112.359338879, -8.171364507999954, 0.0 ], [ 112.359135231000096, -8.171669101999953, 0.0 ], [ 112.359034253, -8.171820132999926, 0.0 ], [ 112.3586401230001, -8.172437560999981, 0.0 ], [ 112.35845048300007, -8.172839388999932, 0.0 ], [ 112.35841958200001, -8.172904865999953, 0.0 ], [ 112.35800086800009, -8.174091868999938, 0.0 ], [ 112.357937931000038, -8.174270286999956, 0.0 ], [ 112.357660403000068, -8.175068971999963, 0.0 ], [ 112.357646602000045, -8.175108688999956, 0.0 ], [ 112.356974459000071, -8.176953276999939, 0.0 ], [ 112.355454657000109, -8.176513959999966, 0.0 ], [ 112.355353134000097, -8.176484612999957, 0.0 ], [ 112.354603412000074, -8.176267893999977, 0.0 ], [ 112.354238596000073, -8.176162436999959, 0.0 ], [ 112.352588084000104, -8.175701380999953, 0.0 ], [ 112.352161478000085, -8.175582210999949, 0.0 ], [ 112.351174669000102, -8.175249062999967, 0.0 ], [ 112.350983349000103, -8.17519232799998, 0.0 ], [ 112.348849069000039, -8.174559406999947, 0.0 ], [ 112.34882726100011, -8.174553471999957, 0.0 ], [ 112.348517131000108, -8.17446906899994, 0.0 ], [ 112.347557163000033, -8.174207807999949, 0.0 ], [ 112.347287892000054, -8.174136623999971, 0.0 ], [ 112.347300404000066, -8.174298746999966, 0.0 ], [ 112.347286719000067, -8.174514130999967, 0.0 ], [ 112.347243952000099, -8.174650653999947, 0.0 ], [ 112.347147120000045, -8.174776590999954, 0.0 ], [ 112.346969541000021, -8.174939872999971, 0.0 ], [ 112.346931663000078, -8.174974701999929, 0.0 ], [ 112.346849629000076, -8.175043986999981, 0.0 ], [ 112.346511833000022, -8.175329285999965, 0.0 ], [ 112.346307229000104, -8.17554171699993, 0.0 ], [ 112.346181278000017, -8.17570217399998, 0.0 ], [ 112.346131513000046, -8.175899732999937, 0.0 ], [ 112.346125175000111, -8.176158159999943, 0.0 ], [ 112.34613674000002, -8.176384226999971, 0.0 ], [ 112.346191384, -8.176567082999952, 0.0 ], [ 112.346278422000069, -8.176742652999963, 0.0 ], [ 112.346387024000023, -8.17690379499993, 0.0 ], [ 112.346506590000104, -8.176987408999935, 0.0 ], [ 112.346581954000044, -8.177028758999938, 0.0 ], [ 112.346621588000062, -8.17703221599993, 0.0 ], [ 112.34668638800008, -8.177021233999938, 0.0 ], [ 112.346794400000022, -8.177006517999928, 0.0 ], [ 112.346943549000116, -8.176925470999947, 0.0 ], [ 112.347082209000064, -8.1768957099999, 0.0 ], [ 112.347406260000071, -8.176860919999967, 0.0 ], [ 112.347647389000031, -8.17679910399994, 0.0 ], [ 112.347974858000043, -8.17670469899997, 0.0 ], [ 112.348118043000113, -8.176697303999958, 0.0 ], [ 112.348198340000067, -8.176750609999942, 0.0 ], [ 112.34822371000007, -8.176797181999973, 0.0 ], [ 112.348238601000048, -8.17694069099997, 0.0 ], [ 112.348249192000026, -8.177088990999948, 0.0 ], [ 112.348253720000116, -8.177152389999947, 0.0 ], [ 112.348254106000013, -8.177267235999977, 0.0 ], [ 112.348215521000043, -8.177576015999932, 0.0 ], [ 112.348155695000059, -8.177884829999925, 0.0 ], [ 112.348098451000055, -8.178111162999926, 0.0 ], [ 112.348091669000041, -8.178236798999933, 0.0 ], [ 112.348102933000064, -8.178373142999931, 0.0 ], [ 112.348135979000062, -8.178559658999973, 0.0 ], [ 112.348150531000101, -8.178602677999947, 0.0 ], [ 112.348160274000065, -8.178697145999934, 0.0 ], [ 112.348210105000021, -8.179180302999953, 0.0 ], [ 112.348221201000115, -8.179266401999939, 0.0 ], [ 112.348264775000075, -8.179370335999977, 0.0 ], [ 112.348308446000033, -8.179502982999963, 0.0 ], [ 112.348341310000023, -8.179635664999978, 0.0 ], [ 112.348345178000045, -8.179714608999973, 0.0 ], [ 112.348367297000095, -8.179865271999972, 0.0 ], [ 112.348407510000015, -8.180040997999981, 0.0 ], [ 112.34843120700009, -8.180102868999938, 0.0 ], [ 112.348531065000088, -8.180363592999981, 0.0 ], [ 112.348635097000056, -8.180580088999932, 0.0 ], [ 112.3486510030001, -8.180613188999928, 0.0 ], [ 112.348528937000083, -8.180691620999937, 0.0 ], [ 112.348437974000035, -8.180778058999977, 0.0 ], [ 112.34836813700008, -8.18143387799995, 0.0 ], [ 112.347863594000046, -8.181358995999972, 0.0 ], [ 112.346984421000116, -8.181280578999974, 0.0 ], [ 112.34653783400006, -8.18120001099993, 0.0 ], [ 112.345369708000021, -8.180989269999941, 0.0 ], [ 112.344045541000014, -8.180665799999929, 0.0 ], [ 112.34396743800005, -8.18064672099996, 0.0 ], [ 112.343495087000065, -8.180531333999966, 0.0 ], [ 112.340832311000099, -8.179922873999942, 0.0 ], [ 112.340847974000098, -8.179647428999942, 0.0 ], [ 112.340873136000027, -8.179204942999945, 0.0 ], [ 112.340917897000054, -8.17886555299998, 0.0 ], [ 112.340998121000098, -8.178257276999943, 0.0 ], [ 112.34107455100002, -8.177677760999927, 0.0 ], [ 112.341126458000076, -8.177241888999959, 0.0 ], [ 112.341155015000027, -8.177002093999931, 0.0 ], [ 112.34124273000009, -8.176265537999939, 0.0 ], [ 112.341287670000042, -8.175941784999964, 0.0 ], [ 112.34138331500003, -8.175252740999952, 0.0 ], [ 112.341406874000086, -8.175083021999967, 0.0 ], [ 112.341634780000049, -8.174083834999976, 0.0 ], [ 112.341640511000037, -8.174058707999961, 0.0 ], [ 112.341790276000097, -8.173402106999959, 0.0 ], [ 112.342037262000076, -8.17257821499993, 0.0 ], [ 112.341844944000059, -8.172511401999941, 0.0 ], [ 112.341081506000023, -8.172246175999931, 0.0 ], [ 112.340440917000024, -8.172023627999977, 0.0 ], [ 112.339874481000038, -8.171751208999979, 0.0 ], [ 112.33989, -8.17173, 0.0 ], [ 112.340209999000081, -8.171209998999927, 0.0 ], [ 112.34027, -8.17109, 0.0 ], [ 112.340539999000043, -8.17049, 0.0 ], [ 112.34086, -8.16984, 0.0 ], [ 112.340934510000011, -8.169546343999968, 0.0 ], [ 112.341011447000028, -8.169336940999926, 0.0 ], [ 112.341164481000078, -8.168920420999939, 0.0 ], [ 112.341195446000029, -8.168474057999958, 0.0 ], [ 112.341210303000025, -8.168259896999928, 0.0 ], [ 112.341193593000071, -8.168114465999963, 0.0 ], [ 112.341131161000021, -8.167571074999955, 0.0 ], [ 112.341104641000015, -8.167429854999966, 0.0 ], [ 112.34109, -8.16722, 0.0 ], [ 112.34122, -8.16689, 0.0 ], [ 112.34150000000011, -8.16659, 0.0 ], [ 112.34192, -8.16628, 0.0 ], [ 112.3425, -8.16607, 0.0 ], [ 112.34296, -8.16591, 0.0 ], [ 112.34346, -8.1658, 0.0 ], [ 112.34418, -8.16582, 0.0 ], [ 112.344920000000116, -8.16588, 0.0 ], [ 112.345550000000117, -8.16597, 0.0 ], [ 112.345959999000115, -8.16603, 0.0 ], [ 112.34631, -8.16605, 0.0 ], [ 112.34657, -8.16596, 0.0 ], [ 112.346666287000062, -8.165892890999942, 0.0 ], [ 112.346821141000078, -8.165800757999932, 0.0 ], [ 112.346855875000074, -8.165760752999972, 0.0 ], [ 112.3469, -8.16572999899995, 0.0 ], [ 112.34690979700008, -8.165698647999932, 0.0 ], [ 112.347079484, -8.1655032099999, 0.0 ], [ 112.34706376500003, -8.165084818999958, 0.0 ], [ 112.34711, -8.16453, 0.0 ], [ 112.347129999000117, -8.16386, 0.0 ], [ 112.34724, -8.16317, 0.0 ], [ 112.34735, -8.16258, 0.0 ], [ 112.34745, -8.16213, 0.0 ], [ 112.34765, -8.16178, 0.0 ], [ 112.347949999000093, -8.16156, 0.0 ], [ 112.34826, -8.16139, 0.0 ], [ 112.34858, -8.161319998999943, 0.0 ], [ 112.34889, -8.161339998999949, 0.0 ], [ 112.34928, -8.16145, 0.0 ], [ 112.34961, -8.1616, 0.0 ], [ 112.34989, -8.161729998999931, 0.0 ], [ 112.35, -8.16188, 0.0 ], [ 112.35002, -8.16205, 0.0 ], [ 112.349959999000021, -8.16236, 0.0 ], [ 112.34985, -8.1627, 0.0 ], [ 112.349650000000111, -8.16305, 0.0 ], [ 112.34948, -8.16353, 0.0 ], [ 112.3494, -8.16394, 0.0 ], [ 112.34938000000011, -8.1644, 0.0 ], [ 112.34946, -8.1647, 0.0 ], [ 112.34979, -8.165, 0.0 ], [ 112.350269999000034, -8.16554, 0.0 ], [ 112.3506900000001, -8.16621, 0.0 ], [ 112.35097, -8.16671, 0.0 ], [ 112.35128, -8.16714, 0.0 ], [ 112.35147, -8.16747, 0.0 ], [ 112.35174, -8.167699998999979, 0.0 ], [ 112.352130000000102, -8.1679, 0.0 ], [ 112.35254, -8.168, 0.0 ], [ 112.353019999000026, -8.16796, 0.0 ], [ 112.353520000000117, -8.16785, 0.0 ], [ 112.35391, -8.167719998999928, 0.0 ], [ 112.354110000000105, -8.16765, 0.0 ], [ 112.35435, -8.16765, 0.0 ], [ 112.35491, -8.16769, 0.0 ], [ 112.35548, -8.16782, 0.0 ], [ 112.35596, -8.16788, 0.0 ], [ 112.3565, -8.16786, 0.0 ], [ 112.35718, -8.1679, 0.0 ], [ 112.35755, -8.168069998999954, 0.0 ], [ 112.35788, -8.168479998999942, 0.0 ], [ 112.35827, -8.16911, 0.0 ], [ 112.3586600000001, -8.16972, 0.0 ], [ 112.3591, -8.17028, 0.0 ], [ 112.35949, -8.170839998999952, 0.0 ], [ 112.359689999000011, -8.1711, 0.0 ], [ 112.359690679000096, -8.171100997999929, 0.0 ] ] ] ] } },
{ "type": "Feature", "properties": { "OBJECTID": 116963.0, "KDPPUM": "35", "NAMOBJ": "Umbuldamar", "REMARK": null, "KDPBPS": null, "FCODE": "BA03070040", "LUASWH": null, "UUPP": "Data dari Pemerintah Daerah", "SRS_ID": "SRGI 2013", "METADATA": "TASWIL1000020200326DATA_BATAS_DESA_KELURAHAN", "KDEBPS": null, "KDEPUM": "35.05.16.2009", "KDCBPS": null, "KDCPUM": "35.05.16", "KDBBPS": null, "WADMKD": "Umbuldamar", "WIADKD": null, "WADMKC": "Binangun", "WIADKC": null, "WADMKK": "Blitar", "WIADKK": null, "WADMPR": "Jawa Timur", "WIADPR": null, "TIPADM": 1.0, "KDPKAB": "35.05", "SHAPE_Leng": 0.080299130371234997, "SHAPE_Area": 0.00019713320158400001 }, "geometry": { "type": "MultiPolygon", "coordinates": [ [ [ [ 112.356974459000071, -8.176953276999939, 0.0 ], [ 112.356907704000037, -8.177132490999952, 0.0 ], [ 112.356707185, -8.177670815999932, 0.0 ], [ 112.356338234000077, -8.178741092999928, 0.0 ], [ 112.356200116000082, -8.179125294999949, 0.0 ], [ 112.355957593000085, -8.179799916999968, 0.0 ], [ 112.355714920000082, -8.180470669999977, 0.0 ], [ 112.355357935000029, -8.181424137999954, 0.0 ], [ 112.35529706300008, -8.18159976499993, 0.0 ], [ 112.355071, -8.182252, 0.0 ], [ 112.354929458000015, -8.182540544999938, 0.0 ], [ 112.354691180000032, -8.183091651999973, 0.0 ], [ 112.354619786000058, -8.18328330199995, 0.0 ], [ 112.354701691000059, -8.183359591999931, 0.0 ], [ 112.354923442000086, -8.183602897999947, 0.0 ], [ 112.355140147000043, -8.183774440999969, 0.0 ], [ 112.355429201000106, -8.184036660999936, 0.0 ], [ 112.355607162000069, -8.18411262799998, 0.0 ], [ 112.355780417, -8.184217322999928, 0.0 ], [ 112.355934558000058, -8.184350792999965, 0.0 ], [ 112.356031018000067, -8.184470100999931, 0.0 ], [ 112.356055311000091, -8.184504432999972, 0.0 ], [ 112.356098580000094, -8.184565579999969, 0.0 ], [ 112.356228578000014, -8.184660848999954, 0.0 ], [ 112.356348906000107, -8.184737008999946, 0.0 ], [ 112.356454615000075, -8.184751009999957, 0.0 ], [ 112.35653616400009, -8.184722024999928, 0.0 ], [ 112.356632138, -8.18469777599995, 0.0 ], [ 112.356824216000064, -8.184687559999929, 0.0 ], [ 112.356978196000114, -8.184773177999944, 0.0 ], [ 112.357084342, -8.184916378999958, 0.0 ], [ 112.357147296000107, -8.185069295999938, 0.0 ], [ 112.357142980000049, -8.18521286899994, 0.0 ], [ 112.357105189000094, -8.185399621999977, 0.0 ], [ 112.357110559000034, -8.185567087999971, 0.0 ], [ 112.357149338000113, -8.185672233999981, 0.0 ], [ 112.357193073000076, -8.185771539999962, 0.0 ], [ 112.357197738000082, -8.185782132999975, 0.0 ], [ 112.357265252000047, -8.185863255999948, 0.0 ], [ 112.357371205000049, -8.185949033999975, 0.0 ], [ 112.357467244000077, -8.185943925999936, 0.0 ], [ 112.357702579000033, -8.185943134999945, 0.0 ], [ 112.358102, -8.18593, 0.0 ], [ 112.358146813000076, -8.185934922999934, 0.0 ], [ 112.358165049000036, -8.186013929999945, 0.0 ], [ 112.358183412000017, -8.186117947999946, 0.0 ], [ 112.358179968000059, -8.186164615999928, 0.0 ], [ 112.358158586000059, -8.186232877999942, 0.0 ], [ 112.358061671000087, -8.186333694999973, 0.0 ], [ 112.35792501100002, -8.18639875599996, 0.0 ], [ 112.357720057000051, -8.186507113999937, 0.0 ], [ 112.357608733, -8.186607978999973, 0.0 ], [ 112.357443985000032, -8.186888470999975, 0.0 ], [ 112.357012190000091, -8.187488408999968, 0.0 ], [ 112.356791468000097, -8.187795080999933, 0.0 ], [ 112.356772841000065, -8.187844982999934, 0.0 ], [ 112.356570143000113, -8.188388002999943, 0.0 ], [ 112.356342415000086, -8.189217816999928, 0.0 ], [ 112.356360240000072, -8.190188316999979, 0.0 ], [ 112.356368553000038, -8.190640935999966, 0.0 ], [ 112.356368912000107, -8.190660488999981, 0.0 ], [ 112.356447825000032, -8.19162565299996, 0.0 ], [ 112.356511152000053, -8.192242739999926, 0.0 ], [ 112.356536413000072, -8.192506893999962, 0.0 ], [ 112.356572397000036, -8.192883162999976, 0.0 ], [ 112.356638301000089, -8.193729336999979, 0.0 ], [ 112.356662615, -8.193974043999958, 0.0 ], [ 112.356719104000035, -8.194542561999981, 0.0 ], [ 112.35695436900005, -8.194873748999953, 0.0 ], [ 112.357282446000113, -8.195132843999943, 0.0 ], [ 112.358175563000032, -8.195596401999978, 0.0 ], [ 112.359303116000092, -8.196145899999976, 0.0 ], [ 112.359381478000046, -8.196238349999931, 0.0 ], [ 112.359436069000026, -8.196402659999933, 0.0 ], [ 112.35952136800006, -8.196770239999978, 0.0 ], [ 112.359175038000103, -8.196822764999979, 0.0 ], [ 112.359158333000096, -8.196825297999965, 0.0 ], [ 112.358536495000067, -8.196919224999931, 0.0 ], [ 112.358186234000073, -8.196972130999939, 0.0 ], [ 112.357826351000085, -8.197072038999977, 0.0 ], [ 112.357427648000112, -8.19723189299998, 0.0 ], [ 112.356918080000014, -8.197451935999936, 0.0 ], [ 112.356220350000058, -8.197830546999967, 0.0 ], [ 112.356025170000066, -8.197936457999958, 0.0 ], [ 112.355553914000097, -8.197947014999954, 0.0 ], [ 112.355316872000117, -8.197977719999926, 0.0 ], [ 112.355103277000012, -8.197840860999975, 0.0 ], [ 112.354642642000044, -8.197441641999944, 0.0 ], [ 112.354567445000043, -8.197397032999959, 0.0 ], [ 112.354243056000087, -8.19734129699998, 0.0 ], [ 112.353924519000088, -8.197240679999936, 0.0 ], [ 112.353780412000106, -8.197235181999929, 0.0 ], [ 112.353504386000054, -8.197277979999967, 0.0 ], [ 112.353375278000044, -8.197269439999957, 0.0 ], [ 112.3528677380001, -8.197202354999945, 0.0 ], [ 112.352296001000013, -8.197034445999975, 0.0 ], [ 112.352293815000053, -8.197033803999943, 0.0 ], [ 112.352029341000048, -8.196941975999948, 0.0 ], [ 112.351711058000092, -8.196916125999962, 0.0 ], [ 112.351470741000071, -8.196866087999979, 0.0 ], [ 112.35132357100008, -8.196842654999955, 0.0 ], [ 112.35124556400001, -8.196854878999943, 0.0 ], [ 112.350858764, -8.19698478, 0.0 ], [ 112.350663867000094, -8.197051229999943, 0.0 ], [ 112.350465959000076, -8.197114699999929, 0.0 ], [ 112.350305162000041, -8.19750105199995, 0.0 ], [ 112.350251430000071, -8.19746407699995, 0.0 ], [ 112.350097552000079, -8.197358188999942, 0.0 ], [ 112.34990817500011, -8.197281061999945, 0.0 ], [ 112.349743166000053, -8.197308530999976, 0.0 ], [ 112.349617170000101, -8.19733287899993, 0.0 ], [ 112.349566068000058, -8.197312114999932, 0.0 ], [ 112.349432515000103, -8.197106876999953, 0.0 ], [ 112.349369931000069, -8.197010699999964, 0.0 ], [ 112.349248257000113, -8.196783950999929, 0.0 ], [ 112.349262678000059, -8.196658659999969, 0.0 ], [ 112.349341787000071, -8.196540046999928, 0.0 ], [ 112.349335147000033, -8.19648742499993, 0.0 ], [ 112.349308060000112, -8.196466579999935, 0.0 ], [ 112.349257090000037, -8.19648469599997, 0.0 ], [ 112.349122270000066, -8.196562907999976, 0.0 ], [ 112.348993323000059, -8.196602219999932, 0.0 ], [ 112.348915266000063, -8.196599489999926, 0.0 ], [ 112.34881306300008, -8.19655796, 0.0 ], [ 112.348719845, -8.196510418999935, 0.0 ], [ 112.348677739000095, -8.196486633999939, 0.0 ], [ 112.34849380300011, -8.196303201999967, 0.0 ], [ 112.348288772000046, -8.195973515999981, 0.0 ], [ 112.348222108000073, -8.195788308999965, 0.0 ], [ 112.348212760000024, -8.195686651999949, 0.0 ], [ 112.348212468000042, -8.1955999199999, 0.0 ], [ 112.348173172000088, -8.195519299999944, 0.0 ], [ 112.348113025000089, -8.19548660199996, 0.0 ], [ 112.348101018000079, -8.195486641999935, 0.0 ], [ 112.3478314460001, -8.195536153999967, 0.0 ], [ 112.347697267000058, -8.195562826999947, 0.0 ], [ 112.347697130000029, -8.195521873999951, 0.0 ], [ 112.347682037000027, -8.195451619999972, 0.0 ], [ 112.347672733000081, -8.195408304999944, 0.0 ], [ 112.347600216000046, -8.195267979999926, 0.0 ], [ 112.347503492000101, -8.195179261999954, 0.0 ], [ 112.347476759000074, -8.195154740999953, 0.0 ], [ 112.347359477000055, -8.195092325999951, 0.0 ], [ 112.347233281000058, -8.19505685799993, 0.0 ], [ 112.34714025400001, -8.195000123999932, 0.0 ], [ 112.346878668000045, -8.19494894099995, 0.0 ], [ 112.346582462000015, -8.194936466999934, 0.0 ], [ 112.346269406000033, -8.194675589999974, 0.0 ], [ 112.346137128, -8.194530566999958, 0.0 ], [ 112.34607836400005, -8.194399744999942, 0.0 ], [ 112.346065433000035, -8.194326491999959, 0.0 ], [ 112.346063063000088, -8.194313062999981, 0.0 ], [ 112.346071837000068, -8.194244244999936, 0.0 ], [ 112.346086726000067, -8.194208304999961, 0.0 ], [ 112.346099723000066, -8.19414562299994, 0.0 ], [ 112.346143281000082, -8.194119139999941, 0.0 ], [ 112.346341617, -8.194129693999969, 0.0 ], [ 112.34653679500002, -8.194146986999954, 0.0 ], [ 112.346620825000059, -8.194140724999954, 0.0 ], [ 112.346692778000033, -8.194113567999977, 0.0 ], [ 112.346719704000066, -8.19408656, 0.0 ], [ 112.346728609000024, -8.194056622999938, 0.0 ], [ 112.346728401000064, -8.194007811999938, 0.0 ], [ 112.346714331000044, -8.19386217899995, 0.0 ], [ 112.346712896000099, -8.193847318999929, 0.0 ], [ 112.346624838000025, -8.193548531999966, 0.0 ], [ 112.346602320000102, -8.193395156999941, 0.0 ], [ 112.346591044000093, -8.193318351999949, 0.0 ], [ 112.346593482000117, -8.193150858999957, 0.0 ], [ 112.346646343000089, -8.193000446999974, 0.0 ], [ 112.346684579000112, -8.192844008999941, 0.0 ], [ 112.34671, -8.19274, 0.0 ], [ 112.346801466000102, -8.19251312199998, 0.0 ], [ 112.346818866000035, -8.19246130199997, 0.0 ], [ 112.346882024000024, -8.192273214999943, 0.0 ], [ 112.346941242000071, -8.192123850999963, 0.0 ], [ 112.346983026000089, -8.19205193199997, 0.0 ], [ 112.347072879000052, -8.191991815999927, 0.0 ], [ 112.347207442000013, -8.191892804999952, 0.0 ], [ 112.347207627000103, -8.191892668999969, 0.0 ], [ 112.347324345000061, -8.19178760099993, 0.0 ], [ 112.347384018000071, -8.191679732999944, 0.0 ], [ 112.347413684000117, -8.191574955999954, 0.0 ], [ 112.347423923000065, -8.191527682999947, 0.0 ], [ 112.347422053000059, -8.191518978999966, 0.0 ], [ 112.347398112000064, -8.191407522999953, 0.0 ], [ 112.347298741000031, -8.191315138999926, 0.0 ], [ 112.347278939000034, -8.191298059999951, 0.0 ], [ 112.346970591000058, -8.191032107999945, 0.0 ], [ 112.34679295300009, -8.190874187999952, 0.0 ], [ 112.346663361000083, -8.190757715999951, 0.0 ], [ 112.346503898000037, -8.190611960999945, 0.0 ], [ 112.346452546000023, -8.190516426999977, 0.0 ], [ 112.346416243000021, -8.190432804999944, 0.0 ], [ 112.346415979000085, -8.190431289999935, 0.0 ], [ 112.346391757000106, -8.19029231899998, 0.0 ], [ 112.346379899000112, -8.190173928999968, 0.0 ], [ 112.346371456000043, -8.190089625999974, 0.0 ], [ 112.346353645000022, -8.189670357999944, 0.0 ], [ 112.346299913000053, -8.189344218999963, 0.0 ], [ 112.346298488000116, -8.189335570999958, 0.0 ], [ 112.346208588000081, -8.188974110999936, 0.0 ], [ 112.346163991000026, -8.188794802999951, 0.0 ], [ 112.34611988600011, -8.188532954999971, 0.0 ], [ 112.346101441000087, -8.188403813999969, 0.0 ], [ 112.346103175000053, -8.188335342999949, 0.0 ], [ 112.346104621000109, -8.188278188999959, 0.0 ], [ 112.346133197000086, -8.188206313999956, 0.0 ], [ 112.346184517000097, -8.188113585999929, 0.0 ], [ 112.34627088000002, -8.187957537999978, 0.0 ], [ 112.346298102000105, -8.187912560999962, 0.0 ], [ 112.34636806900005, -8.187809165999965, 0.0 ], [ 112.346513055000059, -8.18762004499996, 0.0 ], [ 112.346620721000022, -8.187501249999968, 0.0 ], [ 112.346721138000021, -8.187422621999929, 0.0 ], [ 112.346768021000116, -8.187385911999968, 0.0 ], [ 112.346998073, -8.187241584999981, 0.0 ], [ 112.347199236000051, -8.187075820999951, 0.0 ], [ 112.347215607000066, -8.187058578999938, 0.0 ], [ 112.347394594000093, -8.186870058999943, 0.0 ], [ 112.347405886000047, -8.186826474999975, 0.0 ], [ 112.34745046, -8.186805771999957, 0.0 ], [ 112.347611147000066, -8.186593158999926, 0.0 ], [ 112.347619028000054, -8.186582731999977, 0.0 ], [ 112.347744486000011, -8.186399274999928, 0.0 ], [ 112.347798204000014, -8.186305782999966, 0.0 ], [ 112.347833959000013, -8.186226705999957, 0.0 ], [ 112.347840946000019, -8.186162080999964, 0.0 ], [ 112.347826248000047, -8.186075994999953, 0.0 ], [ 112.347775578000096, -8.186004384999933, 0.0 ], [ 112.347710840000104, -8.185955111999931, 0.0 ], [ 112.347681682000029, -8.185932918999981, 0.0 ], [ 112.347512191000078, -8.185876060999931, 0.0 ], [ 112.347155077000025, -8.185726515999932, 0.0 ], [ 112.347133265000025, -8.185716438999975, 0.0 ], [ 112.346931398000038, -8.185623181999972, 0.0 ], [ 112.346782822000023, -8.185526323999966, 0.0 ], [ 112.346772557, -8.185519631999966, 0.0 ], [ 112.346714730000031, -8.185462400999938, 0.0 ], [ 112.346700093000095, -8.185394258999963, 0.0 ], [ 112.346703526000056, -8.185344001999965, 0.0 ], [ 112.346724994000056, -8.185300862999952, 0.0 ], [ 112.346753642000067, -8.185250521999933, 0.0 ], [ 112.346826261000047, -8.185186171999931, 0.0 ], [ 112.347149111000022, -8.185023097999931, 0.0 ], [ 112.347465709000062, -8.184907193999948, 0.0 ], [ 112.347792609000066, -8.184796737999932, 0.0 ], [ 112.34808814400003, -8.184689778999939, 0.0 ], [ 112.348300305000066, -8.184581401999935, 0.0 ], [ 112.348373243000083, -8.184499367999933, 0.0 ], [ 112.348418726000091, -8.184448213999929, 0.0 ], [ 112.348511958000017, -8.184322288999965, 0.0 ], [ 112.348572783, -8.184200060999956, 0.0 ], [ 112.348572815000011, -8.184199608999961, 0.0 ], [ 112.348579661000031, -8.184103135999976, 0.0 ], [ 112.348579299000107, -8.183995467999978, 0.0 ], [ 112.348542856000108, -8.183869975999926, 0.0 ], [ 112.348455971000021, -8.183741062999957, 0.0 ], [ 112.348343752, -8.183576344999949, 0.0 ], [ 112.348290024000107, -8.183494734999954, 0.0 ], [ 112.348242375000041, -8.183422357999973, 0.0 ], [ 112.348205932000042, -8.183296865999978, 0.0 ], [ 112.348205715000063, -8.183232264999958, 0.0 ], [ 112.348212799000066, -8.183196351999925, 0.0 ], [ 112.348266371000022, -8.183059791999938, 0.0 ], [ 112.348325912000064, -8.182976701999962, 0.0 ], [ 112.348413283000014, -8.182829607999963, 0.0 ], [ 112.34845237400009, -8.182797932999961, 0.0 ], [ 112.348506683000096, -8.182753926999965, 0.0 ], [ 112.348546284, -8.182738781999944, 0.0 ], [ 112.348686557000065, -8.182685135999975, 0.0 ], [ 112.348945748, -8.18263761399993, 0.0 ], [ 112.349338227000089, -8.182593235999946, 0.0 ], [ 112.349678536000056, -8.182577353999932, 0.0 ], [ 112.349752403000025, -8.182573906999949, 0.0 ], [ 112.349968370000056, -8.182526528999972, 0.0 ], [ 112.350112343000092, -8.182493746999967, 0.0 ], [ 112.350155459, -8.182461302999968, 0.0 ], [ 112.350220445000105, -8.182384553999952, 0.0 ], [ 112.350266398000031, -8.182245593999937, 0.0 ], [ 112.350266144000102, -8.182170225999926, 0.0 ], [ 112.350222545000065, -8.182059113999969, 0.0 ], [ 112.350168248000045, -8.18198033799996, 0.0 ], [ 112.350074341000095, -8.181905283999981, 0.0 ], [ 112.349868602000015, -8.18178035699998, 0.0 ], [ 112.349572678000072, -8.181616253999948, 0.0 ], [ 112.349309040000094, -8.181412562999981, 0.0 ], [ 112.349130483000067, -8.181247126999949, 0.0 ], [ 112.348969386000022, -8.181097867999938, 0.0 ], [ 112.348817412000017, -8.180893803999936, 0.0 ], [ 112.3486510030001, -8.180613188999928, 0.0 ], [ 112.348635097000056, -8.180580088999932, 0.0 ], [ 112.348531065000088, -8.180363592999981, 0.0 ], [ 112.34843120700009, -8.180102868999938, 0.0 ], [ 112.348407510000015, -8.180040997999981, 0.0 ], [ 112.348367297000095, -8.179865271999972, 0.0 ], [ 112.348345178000045, -8.179714608999973, 0.0 ], [ 112.348341310000023, -8.179635664999978, 0.0 ], [ 112.348308446000033, -8.179502982999963, 0.0 ], [ 112.348264775000075, -8.179370335999977, 0.0 ], [ 112.348221201000115, -8.179266401999939, 0.0 ], [ 112.348210105000021, -8.179180302999953, 0.0 ], [ 112.348160274000065, -8.178697145999934, 0.0 ], [ 112.348150531000101, -8.178602677999947, 0.0 ], [ 112.348135979000062, -8.178559658999973, 0.0 ], [ 112.348102933000064, -8.178373142999931, 0.0 ], [ 112.348091669000041, -8.178236798999933, 0.0 ], [ 112.348098451000055, -8.178111162999926, 0.0 ], [ 112.348155695000059, -8.177884829999925, 0.0 ], [ 112.348215521000043, -8.177576015999932, 0.0 ], [ 112.348254106000013, -8.177267235999977, 0.0 ], [ 112.348253720000116, -8.177152389999947, 0.0 ], [ 112.348249192000026, -8.177088990999948, 0.0 ], [ 112.348238601000048, -8.17694069099997, 0.0 ], [ 112.34822371000007, -8.176797181999973, 0.0 ], [ 112.348198340000067, -8.176750609999942, 0.0 ], [ 112.348118043000113, -8.176697303999958, 0.0 ], [ 112.347974858000043, -8.17670469899997, 0.0 ], [ 112.347647389000031, -8.17679910399994, 0.0 ], [ 112.347406260000071, -8.176860919999967, 0.0 ], [ 112.347082209000064, -8.1768957099999, 0.0 ], [ 112.346943549000116, -8.176925470999947, 0.0 ], [ 112.346794400000022, -8.177006517999928, 0.0 ], [ 112.34668638800008, -8.177021233999938, 0.0 ], [ 112.346621588000062, -8.17703221599993, 0.0 ], [ 112.346581954000044, -8.177028758999938, 0.0 ], [ 112.346506590000104, -8.176987408999935, 0.0 ], [ 112.346387024000023, -8.17690379499993, 0.0 ], [ 112.346278422000069, -8.176742652999963, 0.0 ], [ 112.346191384, -8.176567082999952, 0.0 ], [ 112.34613674000002, -8.176384226999971, 0.0 ], [ 112.346125175000111, -8.176158159999943, 0.0 ], [ 112.346131513000046, -8.175899732999937, 0.0 ], [ 112.346181278000017, -8.17570217399998, 0.0 ], [ 112.346307229000104, -8.17554171699993, 0.0 ], [ 112.346511833000022, -8.175329285999965, 0.0 ], [ 112.346849629000076, -8.175043986999981, 0.0 ], [ 112.346931663000078, -8.174974701999929, 0.0 ], [ 112.346969541000021, -8.174939872999971, 0.0 ], [ 112.347147120000045, -8.174776590999954, 0.0 ], [ 112.347243952000099, -8.174650653999947, 0.0 ], [ 112.347286719000067, -8.174514130999967, 0.0 ], [ 112.347300404000066, -8.174298746999966, 0.0 ], [ 112.347287892000054, -8.174136623999971, 0.0 ], [ 112.347557163000033, -8.174207807999949, 0.0 ], [ 112.348517131000108, -8.17446906899994, 0.0 ], [ 112.34882726100011, -8.174553471999957, 0.0 ], [ 112.348849069000039, -8.174559406999947, 0.0 ], [ 112.350983349000103, -8.17519232799998, 0.0 ], [ 112.351174669000102, -8.175249062999967, 0.0 ], [ 112.352161478000085, -8.175582210999949, 0.0 ], [ 112.352588084000104, -8.175701380999953, 0.0 ], [ 112.354238596000073, -8.176162436999959, 0.0 ], [ 112.354603412000074, -8.176267893999977, 0.0 ], [ 112.355353134000097, -8.176484612999957, 0.0 ], [ 112.355454657000109, -8.176513959999966, 0.0 ], [ 112.356974459000071, -8.176953276999939, 0.0 ] ] ] ] } },
{ "type": "Feature", "properties": { "OBJECTID": 116960.0, "KDPPUM": "35", "NAMOBJ": "Sukorame", "REMARK": null, "KDPBPS": null, "FCODE": "BA03070040", "LUASWH": null, "UUPP": "Data dari Pemerintah Daerah", "SRS_ID": "SRGI 2013", "METADATA": "TASWIL1000020200326DATA_BATAS_DESA_KELURAHAN", "KDEBPS": null, "KDEPUM": "35.05.16.2012", "KDCBPS": null, "KDCPUM": "35.05.16", "KDBBPS": null, "WADMKD": "Sukorame", "WIADKD": null, "WADMKC": "Binangun", "WIADKC": null, "WADMKK": "Blitar", "WIADKK": null, "WADMPR": "Jawa Timur", "WIADPR": null, "TIPADM": 1.0, "KDPKAB": "35.05", "SHAPE_Leng": 0.093962129193223998, "SHAPE_Area": 0.00029842704035400002 }, "geometry": { "type": "MultiPolygon", "coordinates": [ [ [ [ 112.385361839000097, -8.204758695999942, 0.0 ], [ 112.385124160000032, -8.204875813999934, 0.0 ], [ 112.385055490000013, -8.204922554999939, 0.0 ], [ 112.385084563000078, -8.205435036999972, 0.0 ], [ 112.384880341000098, -8.205480725999962, 0.0 ], [ 112.384802397000044, -8.205510900999968, 0.0 ], [ 112.384754533000091, -8.205558917999952, 0.0 ], [ 112.384731937000083, -8.205590251999979, 0.0 ], [ 112.384681647000093, -8.205568200999949, 0.0 ], [ 112.384490918000097, -8.205640667999944, 0.0 ], [ 112.384376475000067, -8.205745559999968, 0.0 ], [ 112.384376475000067, -8.205856181999934, 0.0 ], [ 112.384334145000025, -8.205983193999941, 0.0 ], [ 112.384330703000046, -8.205993521999972, 0.0 ], [ 112.384185721000108, -8.206191892999925, 0.0 ], [ 112.383773747000077, -8.20661150799998, 0.0 ], [ 112.383537221000097, -8.206863290999934, 0.0 ], [ 112.383346516000074, -8.207031121999933, 0.0 ], [ 112.383216816000072, -8.207174169999973, 0.0 ], [ 112.383083643000077, -8.207350607999956, 0.0 ], [ 112.383026062000113, -8.207426895999959, 0.0 ], [ 112.383023811000044, -8.207459547999974, 0.0 ], [ 112.383013805000019, -8.207604658999969, 0.0 ], [ 112.383010805000026, -8.207648163999977, 0.0 ], [ 112.382949775000043, -8.207846534999931, 0.0 ], [ 112.382951179000088, -8.207847903999948, 0.0 ], [ 112.382987907000029, -8.207883722999952, 0.0 ], [ 112.383293103000028, -8.208264238999959, 0.0 ], [ 112.383644072000038, -8.208720073999928, 0.0 ], [ 112.383987375000061, -8.209010956999975, 0.0 ], [ 112.384262032000038, -8.209271299999955, 0.0 ], [ 112.384384092, -8.20947728699997, 0.0 ], [ 112.384559564000028, -8.209911215999966, 0.0 ], [ 112.384910532000049, -8.210776196999973, 0.0 ], [ 112.385154675000081, -8.211176733999935, 0.0 ], [ 112.385574290000022, -8.211722251999959, 0.0 ], [ 112.386054934000072, -8.212233410999943, 0.0 ], [ 112.386199891000047, -8.212357404999977, 0.0 ], [ 112.38619846000006, -8.21241994199994, 0.0 ], [ 112.386189734000027, -8.21280132499993, 0.0 ], [ 112.38612360400009, -8.215691424999932, 0.0 ], [ 112.386085449, -8.215736277999952, 0.0 ], [ 112.385833690000027, -8.215981362999969, 0.0 ], [ 112.385787917000016, -8.216103422999936, 0.0 ], [ 112.38596338900004, -8.21626172699996, 0.0 ], [ 112.386833134000085, -8.216605996999931, 0.0 ], [ 112.38697809100006, -8.21665752499996, 0.0 ], [ 112.387222234000092, -8.217007501999944, 0.0 ], [ 112.387390089000064, -8.217285978999939, 0.0 ], [ 112.387535047000028, -8.217430936999961, 0.0 ], [ 112.387702878000027, -8.217524390999927, 0.0 ], [ 112.387947045000033, -8.217666495999936, 0.0 ], [ 112.388198804000012, -8.217748511999957, 0.0 ], [ 112.388496359000101, -8.217760916999964, 0.0 ], [ 112.388702346000059, -8.21769986399994, 0.0 ], [ 112.388977004000026, -8.217582567999955, 0.0 ], [ 112.389305050000075, -8.217515806999927, 0.0 ], [ 112.389348514000062, -8.217531629999939, 0.0 ], [ 112.389739946000077, -8.217674135999971, 0.0 ], [ 112.389984064000032, -8.21776376899993, 0.0 ], [ 112.389999346000081, -8.217908727999941, 0.0 ], [ 112.390144303000056, -8.218644008999945, 0.0 ], [ 112.390312135000045, -8.21900259399996, 0.0 ], [ 112.390739390000022, -8.220091671999967, 0.0 ], [ 112.391097975000093, -8.220857491999936, 0.0 ], [ 112.391342118000011, -8.221207492999952, 0.0 ], [ 112.391494716000011, -8.221470712999974, 0.0 ], [ 112.391540488000032, -8.221648095999967, 0.0 ], [ 112.391540488000032, -8.22170818099994, 0.0 ], [ 112.391517590000035, -8.221962794999968, 0.0 ], [ 112.391464201000076, -8.222298481999928, 0.0 ], [ 112.391448920000016, -8.222392902999957, 0.0 ], [ 112.391548105000084, -8.222708568999963, 0.0 ], [ 112.391921947000014, -8.223593570999981, 0.0 ], [ 112.39208980300009, -8.224316471999941, 0.0 ], [ 112.392219503000092, -8.225162374999968, 0.0 ], [ 112.392181347000019, -8.225405549999948, 0.0 ], [ 112.392211862000067, -8.225509498999941, 0.0 ], [ 112.392372077, -8.225717418999977, 0.0 ], [ 112.392471262000072, -8.225887161999935, 0.0 ], [ 112.392509393000068, -8.226135124999928, 0.0 ], [ 112.392593345000023, -8.22629915899995, 0.0 ], [ 112.392730662000076, -8.226427892999936, 0.0 ], [ 112.392967188000057, -8.226657744999955, 0.0 ], [ 112.39315789300008, -8.226943837999954, 0.0 ], [ 112.393226564000088, -8.227152679999961, 0.0 ], [ 112.393264719000058, -8.22733293899995, 0.0 ], [ 112.393325749000041, -8.227527488999954, 0.0 ], [ 112.393432551000046, -8.227907036999966, 0.0 ], [ 112.39335626400009, -8.228070129999935, 0.0 ], [ 112.392951906, -8.228799704999972, 0.0 ], [ 112.392982421000056, -8.229134424999927, 0.0 ], [ 112.393035834000102, -8.229384297999957, 0.0 ], [ 112.392944290000059, -8.229489213999955, 0.0 ], [ 112.392883236000102, -8.22960459899997, 0.0 ], [ 112.392944290000059, -8.229933611999968, 0.0 ], [ 112.393043475000013, -8.230832927999927, 0.0 ], [ 112.39315789300008, -8.231005522999965, 0.0 ], [ 112.39314266000008, -8.231257329999949, 0.0 ], [ 112.393165558000078, -8.231569175999937, 0.0 ], [ 112.392822206, -8.232126107999932, 0.0 ], [ 112.392425490000051, -8.232527611999956, 0.0 ], [ 112.391647290000037, -8.232976773999951, 0.0 ], [ 112.39105982, -8.233321068999942, 0.0 ], [ 112.390541044000088, -8.23372351699993, 0.0 ], [ 112.3900680160001, -8.234827852999956, 0.0 ], [ 112.38999172900003, -8.234951845999944, 0.0 ], [ 112.389610222000101, -8.235386717999972, 0.0 ], [ 112.38933556500001, -8.235502103999977, 0.0 ], [ 112.388626059000103, -8.235908370999937, 0.0 ], [ 112.388351378000038, -8.236121998999977, 0.0 ], [ 112.387675617000014, -8.236393588999931, 0.0 ], [ 112.387725209000109, -8.23615736499994, 0.0 ], [ 112.387838079000062, -8.235810047999962, 0.0 ], [ 112.387903397000059, -8.235671002999936, 0.0 ], [ 112.387939399000061, -8.235594362999962, 0.0 ], [ 112.388171684000099, -8.23505522499994, 0.0 ], [ 112.388269071000082, -8.234917183999926, 0.0 ], [ 112.388287593000086, -8.234890929999949, 0.0 ], [ 112.388397669000028, -8.234775704999947, 0.0 ], [ 112.388454858000046, -8.234646306999934, 0.0 ], [ 112.388583229, -8.234267831999944, 0.0 ], [ 112.388607290000095, -8.23419711899993, 0.0 ], [ 112.388640285000065, -8.234100151999939, 0.0 ], [ 112.388702094000109, -8.233918100999972, 0.0 ], [ 112.388377644000116, -8.233958965999932, 0.0 ], [ 112.388213864000022, -8.233933155999978, 0.0 ], [ 112.388048361000074, -8.233887686999935, 0.0 ], [ 112.387873145000071, -8.233809682999947, 0.0 ], [ 112.387803795000082, -8.233767751999949, 0.0 ], [ 112.387753743000076, -8.233748748999972, 0.0 ], [ 112.387705643000118, -8.233739317999948, 0.0 ], [ 112.387623134000023, -8.233795120999957, 0.0 ], [ 112.387555971000097, -8.233839382999975, 0.0 ], [ 112.387509853000097, -8.233849101999965, 0.0 ], [ 112.387457878000077, -8.233830104999981, 0.0 ], [ 112.387344351000024, -8.23380363299998, 0.0 ], [ 112.387157656000113, -8.23374481899998, 0.0 ], [ 112.386953733000041, -8.233710959999939, 0.0 ], [ 112.386861433000036, -8.233709325999939, 0.0 ], [ 112.38684218700007, -8.233703637999952, 0.0 ], [ 112.386821007000094, -8.233694123999953, 0.0 ], [ 112.3868034730001, -8.23361947099994, 0.0 ], [ 112.386789860000022, -8.233569707999948, 0.0 ], [ 112.386760965, -8.23355255499996, 0.0 ], [ 112.386714777000066, -8.233539286999928, 0.0 ], [ 112.386668594000071, -8.233527933999937, 0.0 ], [ 112.386618490000046, -8.233491690999927, 0.0 ], [ 112.386599179000086, -8.233464931999947, 0.0 ], [ 112.386566409000011, -8.233438213999932, 0.0 ], [ 112.386527848000014, -8.233403850999935, 0.0 ], [ 112.386475850000011, -8.233377191999978, 0.0 ], [ 112.386422023000023, -8.233381186999964, 0.0 ], [ 112.386377846000073, -8.23339664599996, 0.0 ], [ 112.386341353000034, -8.233410165999942, 0.0 ], [ 112.38627990000009, -8.233435254999961, 0.0 ], [ 112.386226091000026, -8.233444996999935, 0.0 ], [ 112.386179862000063, -8.233418319999942, 0.0 ], [ 112.386129698000104, -8.23336292099998, 0.0 ], [ 112.386091066000063, -8.233305571999949, 0.0 ], [ 112.386058020000064, -8.233188822999978, 0.0 ], [ 112.38602516800006, -8.233135286999925, 0.0 ], [ 112.386003788000039, -8.233060644999966, 0.0 ], [ 112.385978463000015, -8.232953450999958, 0.0 ], [ 112.385962910000103, -8.232897946999969, 0.0 ], [ 112.385945481000022, -8.232857772999978, 0.0 ], [ 112.385897276000037, -8.232813861999944, 0.0 ], [ 112.385845267000036, -8.232783370999925, 0.0 ], [ 112.385783655000068, -8.232756739999957, 0.0 ], [ 112.385704726000085, -8.23272633199997, 0.0 ], [ 112.385604682, -8.232707479999931, 0.0 ], [ 112.385531704000073, -8.232736435999925, 0.0 ], [ 112.385410602000093, -8.23261833, 0.0 ], [ 112.385304548000022, -8.232508635999977, 0.0 ], [ 112.385164854000095, -8.232394272999954, 0.0 ], [ 112.384900491000053, -8.232342546999973, 0.0 ], [ 112.384717934000037, -8.232333605999941, 0.0 ], [ 112.384621819000017, -8.232319581999946, 0.0 ], [ 112.384525687000064, -8.232300772999963, 0.0 ], [ 112.384411156000056, -8.232296413999961, 0.0 ], [ 112.384410392000063, -8.232296384999927, 0.0 ], [ 112.384295047000023, -8.232277641999929, 0.0 ], [ 112.384213341000077, -8.232263567999951, 0.0 ], [ 112.384146012000087, -8.232239873999958, 0.0 ], [ 112.384093010000015, -8.232192203999944, 0.0 ], [ 112.384015876000035, -8.232111121999935, 0.0 ], [ 112.383938791000105, -8.232044393999956, 0.0 ], [ 112.383866642000044, -8.232015931999968, 0.0 ], [ 112.383775230000083, -8.231973179999954, 0.0 ], [ 112.383678866000082, -8.231887377999954, 0.0 ], [ 112.383596646000115, -8.231724963999966, 0.0 ], [ 112.383538625000028, -8.231615103999957, 0.0 ], [ 112.383442111000022, -8.231486234999977, 0.0 ], [ 112.383350467000014, -8.231376490999935, 0.0 ], [ 112.383333184000094, -8.231360707999954, 0.0 ], [ 112.383287826000014, -8.231319283999937, 0.0 ], [ 112.383219949000022, -8.231137679999961, 0.0 ], [ 112.383178479000094, -8.230950617999952, 0.0 ], [ 112.383180191000065, -8.230881651999937, 0.0 ], [ 112.38317776100007, -8.230808062999927, 0.0 ], [ 112.383175953000091, -8.230753321999941, 0.0 ], [ 112.383175695000091, -8.230669037999974, 0.0 ], [ 112.383169862000045, -8.230647983999972, 0.0 ], [ 112.383150594000085, -8.230634633999955, 0.0 ], [ 112.383050468000079, -8.230588963999935, 0.0 ], [ 112.38301195300005, -8.230569924999941, 0.0 ], [ 112.38297146900004, -8.230535567999937, 0.0 ], [ 112.382938606000039, -8.230478200999926, 0.0 ], [ 112.382878830000095, -8.230422830999942, 0.0 ], [ 112.382828738000057, -8.230390417999956, 0.0 ], [ 112.382792105000021, -8.230357964999939, 0.0 ], [ 112.382757384000115, -8.230321673999981, 0.0 ], [ 112.382762988000081, -8.230268020999972, 0.0 ], [ 112.382783758000073, -8.230143445999943, 0.0 ], [ 112.38276629500001, -8.230091778999963, 0.0 ], [ 112.382741193000015, -8.230057374999944, 0.0 ], [ 112.38269299500007, -8.230015378999951, 0.0 ], [ 112.38263130100006, -8.229961929999945, 0.0 ], [ 112.382604224000033, -8.229910291999943, 0.0 ], [ 112.382584897000015, -8.229877785999975, 0.0 ], [ 112.382573243000024, -8.229839509999977, 0.0 ], [ 112.382575031000101, -8.229795445999969, 0.0 ], [ 112.382586433000029, -8.229751353999973, 0.0 ], [ 112.382622931000014, -8.229739749999965, 0.0 ], [ 112.382738281000115, -8.229733652999926, 0.0 ], [ 112.382778630000075, -8.229723952999962, 0.0 ], [ 112.382805485000063, -8.229702799999927, 0.0 ], [ 112.382801463000078, -8.229645344999938, 0.0 ], [ 112.382772346000024, -8.22955540199996, 0.0 ], [ 112.382704692000061, -8.229438757999958, 0.0 ], [ 112.382671887000015, -8.229400545999965, 0.0 ], [ 112.382612194000103, -8.229367447999948, 0.0 ], [ 112.382554456000094, -8.229338935999976, 0.0 ], [ 112.382532792, -8.229324654999971, 0.0 ], [ 112.382496543000116, -8.229260178999937, 0.0 ], [ 112.382492692000028, -8.229188413999964, 0.0 ], [ 112.382503350000093, -8.229145309999979, 0.0 ], [ 112.382524691000071, -8.229066280999973, 0.0 ], [ 112.382494934000079, -8.228993908999939, 0.0 ], [ 112.382497384000089, -8.228926014999956, 0.0 ], [ 112.382479992000071, -8.228897333999953, 0.0 ], [ 112.382441548000088, -8.228901280999935, 0.0 ], [ 112.382332125000062, -8.228959079999981, 0.0 ], [ 112.382307923000099, -8.228887580999981, 0.0 ], [ 112.382267998000088, -8.228801584999928, 0.0 ], [ 112.382210061000023, -8.22871565, 0.0 ], [ 112.382148596000093, -8.228651260999925, 0.0 ], [ 112.382040349000022, -8.228601388999948, 0.0 ], [ 112.38192135700001, -8.228569497999956, 0.0 ], [ 112.381863668000051, -8.228555340999947, 0.0 ], [ 112.381816601000082, -8.22848731299996, 0.0 ], [ 112.381809222000015, -8.228437093999958, 0.0 ], [ 112.381819780000114, -8.228365278999945, 0.0 ], [ 112.381815867000114, -8.228275569999937, 0.0 ], [ 112.38173267500008, -8.228178954999976, 0.0 ], [ 112.381662315000085, -8.228108682999959, 0.0 ], [ 112.381666050000035, -8.228072275999978, 0.0 ], [ 112.381660217000103, -8.228051222999966, 0.0 ], [ 112.381644765000033, -8.228028282999958, 0.0 ], [ 112.381627448000017, -8.228024503999961, 0.0 ], [ 112.381537461000107, -8.227982235999946, 0.0 ], [ 112.381497673000013, -8.22793571699998, 0.0 ], [ 112.381443313000091, -8.227842591999945, 0.0 ], [ 112.381392444000085, -8.227717154999937, 0.0 ], [ 112.381361444000049, -8.227662266999971, 0.0 ], [ 112.381312243000025, -8.227575153999965, 0.0 ], [ 112.381305452000106, -8.227563130999954, 0.0 ], [ 112.381218497000077, -8.227419872999974, 0.0 ], [ 112.381174709000106, -8.227258522999932, 0.0 ], [ 112.381083990000093, -8.227068621999933, 0.0 ], [ 112.381001378000065, -8.226896457999942, 0.0 ], [ 112.380970055000034, -8.226831180999966, 0.0 ], [ 112.380938713000091, -8.226728173999959, 0.0 ], [ 112.380870043000073, -8.226663809999934, 0.0 ], [ 112.380790617000116, -8.226613837999935, 0.0 ], [ 112.380696755000031, -8.226556737999942, 0.0 ], [ 112.3806352040001, -8.226467225999954, 0.0 ], [ 112.380548349000037, -8.226352679999934, 0.0 ], [ 112.380432649000113, -8.226231053999982, 0.0 ], [ 112.380302627000106, -8.226134599999966, 0.0 ], [ 112.380176171000016, -8.226027366999972, 0.0 ], [ 112.37991626400003, -8.225873935999971, 0.0 ], [ 112.379847707000067, -8.225841870999943, 0.0 ], [ 112.379795147000095, -8.225802879999947, 0.0 ], [ 112.379789919000018, -8.225799001999974, 0.0 ], [ 112.379735710000091, -8.225748942999928, 0.0 ], [ 112.37967423300006, -8.225680964999981, 0.0 ], [ 112.379594682000061, -8.225595103999979, 0.0 ], [ 112.379525840000042, -8.225480494999942, 0.0 ], [ 112.379424513000117, -8.225348052999948, 0.0 ], [ 112.379330541000058, -8.225258652999969, 0.0 ], [ 112.379218532000095, -8.225162135999938, 0.0 ], [ 112.379088411000112, -8.225036970999952, 0.0 ], [ 112.378926014000058, -8.224900723999951, 0.0 ], [ 112.378877840000087, -8.224866389999931, 0.0 ], [ 112.378835412000058, -8.224797380999973, 0.0 ], [ 112.37875951400008, -8.224725862999946, 0.0 ], [ 112.37868349200005, -8.224618455999973, 0.0 ], [ 112.37866779400008, -8.224589160999926, 0.0 ], [ 112.378618227000061, -8.224496656999975, 0.0 ], [ 112.378578179000101, -8.22437477099993, 0.0 ], [ 112.378538181000067, -8.22426724099995, 0.0 ], [ 112.378462146000061, -8.224156244999961, 0.0 ], [ 112.378371702000095, -8.224045298999954, 0.0 ], [ 112.378324574000089, -8.223959325999942, 0.0 ], [ 112.378277346, -8.22384464299995, 0.0 ], [ 112.37816156100007, -8.22369789399994, 0.0 ], [ 112.378092819000017, -8.223611994999942, 0.0 ], [ 112.378024200000027, -8.223561985999936, 0.0 ], [ 112.37792313500006, -8.223504909999974, 0.0 ], [ 112.377814939000018, -8.223469390999981, 0.0 ], [ 112.377767923000079, -8.223415718999945, 0.0 ], [ 112.377746135000052, -8.223365547999947, 0.0 ], [ 112.377742185000102, -8.223265071999947, 0.0 ], [ 112.377792247000116, -8.223157232999938, 0.0 ], [ 112.377791937000097, -8.223067510999954, 0.0 ], [ 112.377773628000114, -8.222981439999955, 0.0 ], [ 112.377740959000107, -8.222909772999969, 0.0 ], [ 112.377717285000017, -8.222859428999925, 0.0 ], [ 112.377693781000062, -8.222809444999939, 0.0 ], [ 112.377671906000046, -8.222734152999976, 0.0 ], [ 112.377638989000047, -8.222590708999974, 0.0 ], [ 112.377602458000069, -8.222443687999942, 0.0 ], [ 112.377544250000028, -8.222278796999944, 0.0 ], [ 112.377469983000083, -8.222114405999946, 0.0 ], [ 112.377424455000096, -8.222013627999956, 0.0 ], [ 112.377380942000059, -8.221931230999928, 0.0 ], [ 112.377312088000053, -8.221813032999933, 0.0 ], [ 112.377254054000105, -8.221698385999957, 0.0 ], [ 112.377239248000024, -8.221583590999956, 0.0 ], [ 112.377217188000031, -8.221454465999955, 0.0 ], [ 112.377144596000107, -8.221296801999927, 0.0 ], [ 112.377054066000028, -8.221160732999977, 0.0 ], [ 112.376988790000041, -8.221035343999972, 0.0 ], [ 112.376923254000076, -8.220834588999935, 0.0 ], [ 112.37691638900003, -8.220791128999963, 0.0 ], [ 112.37690115700002, -8.220694696999942, 0.0 ], [ 112.376882601000034, -8.220536847999938, 0.0 ], [ 112.376860454000052, -8.220382599999937, 0.0 ], [ 112.376841823000063, -8.220203217999938, 0.0 ], [ 112.376830385000062, -8.22002022199996, 0.0 ], [ 112.376782020000064, -8.219809860999931, 0.0 ], [ 112.376763059000041, -8.219707326999981, 0.0 ], [ 112.376748235000036, -8.219627163999974, 0.0 ], [ 112.376716930000043, -8.219503804999931, 0.0 ], [ 112.376716732000091, -8.219446382999934, 0.0 ], [ 112.376683778000029, -8.219292171999939, 0.0 ], [ 112.37668325900006, -8.219141438999941, 0.0 ], [ 112.376722352000115, -8.218986981999933, 0.0 ], [ 112.376714727000035, -8.218864984999925, 0.0 ], [ 112.376699983000094, -8.218768133999959, 0.0 ], [ 112.376652584000112, -8.218603205999955, 0.0 ], [ 112.3766401580001, -8.218556411999941, 0.0 ], [ 112.376630685, -8.218520735999959, 0.0 ], [ 112.376594265000108, -8.218406014999971, 0.0 ], [ 112.376529089000087, -8.218309336999937, 0.0 ], [ 112.376424349000104, -8.218230738999978, 0.0 ], [ 112.376301746000081, -8.218195268999978, 0.0 ], [ 112.376020776000018, -8.218199819999938, 0.0 ], [ 112.375732627000048, -8.218211571999973, 0.0 ], [ 112.375571477000108, -8.218171862999952, 0.0 ], [ 112.375528956000039, -8.218099198999937, 0.0 ], [ 112.375480522000089, -8.217978663999929, 0.0 ], [ 112.375472738000099, -8.217948037999975, 0.0 ], [ 112.375442931000066, -8.217828044999976, 0.0 ], [ 112.375350953000066, -8.217828321999946, 0.0 ], [ 112.375337973000114, -8.217545381999969, 0.0 ], [ 112.375355521000074, -8.217410736999966, 0.0 ], [ 112.375384518000033, -8.217204580999976, 0.0 ], [ 112.375417641000013, -8.216969086999939, 0.0 ], [ 112.375768636000089, -8.215680658999929, 0.0 ], [ 112.375805941000067, -8.215557020999938, 0.0 ], [ 112.375812670000073, -8.215534717999958, 0.0 ], [ 112.375934848000043, -8.215129788999946, 0.0 ], [ 112.376299238000115, -8.213968587999943, 0.0 ], [ 112.376319677000083, -8.213903453999933, 0.0 ], [ 112.376413869000089, -8.213604472999975, 0.0 ], [ 112.376447958000085, -8.213496269999951, 0.0 ], [ 112.376449824000019, -8.213487598999961, 0.0 ], [ 112.376608690000012, -8.212749224999925, 0.0 ], [ 112.376667048000058, -8.212337558999934, 0.0 ], [ 112.376696791000086, -8.212127747999943, 0.0 ], [ 112.376711850000106, -8.212021516999926, 0.0 ], [ 112.376696524000067, -8.211574759999962, 0.0 ], [ 112.37674375000006, -8.211202109999931, 0.0 ], [ 112.376925917000108, -8.210406598999953, 0.0 ], [ 112.377129769000021, -8.209787254999981, 0.0 ], [ 112.377222132000043, -8.209495979999929, 0.0 ], [ 112.377388779000057, -8.208970439999973, 0.0 ], [ 112.377445144000035, -8.208794667999939, 0.0 ], [ 112.377563255000041, -8.208426342999928, 0.0 ], [ 112.37772183300001, -8.20822815899993, 0.0 ], [ 112.37784048900005, -8.207816222999952, 0.0 ], [ 112.377858931000105, -8.20775514099995, 0.0 ], [ 112.378158660000054, -8.206762383999944, 0.0 ], [ 112.378186192000044, -8.206389041999955, 0.0 ], [ 112.378152855000053, -8.206054551999955, 0.0 ], [ 112.37814903200001, -8.205767993999928, 0.0 ], [ 112.378146871000013, -8.205606058999933, 0.0 ], [ 112.378151122000077, -8.20544573899997, 0.0 ], [ 112.378252788000054, -8.205128323999929, 0.0 ], [ 112.378283, -8.205034, 0.0 ], [ 112.378371829000116, -8.204681739999955, 0.0 ], [ 112.378471693000051, -8.204391891999933, 0.0 ], [ 112.378664406000098, -8.203867249999973, 0.0 ], [ 112.378770699000029, -8.203352473999928, 0.0 ], [ 112.378819100000101, -8.203075383999931, 0.0 ], [ 112.378890635000062, -8.20266584899997, 0.0 ], [ 112.378904935000037, -8.202583984999933, 0.0 ], [ 112.378907201000061, -8.202568866999968, 0.0 ], [ 112.379001820000099, -8.201937857999951, 0.0 ], [ 112.379034526000055, -8.201940005999973, 0.0 ], [ 112.37905941300005, -8.201941640999962, 0.0 ], [ 112.379209314000036, -8.20065296599995, 0.0 ], [ 112.379227430000014, -8.200574235999966, 0.0 ], [ 112.379312658000117, -8.200203832999932, 0.0 ], [ 112.379431789000023, -8.199774193999929, 0.0 ], [ 112.379434287000095, -8.199598161999972, 0.0 ], [ 112.379498810000086, -8.199159637999969, 0.0 ], [ 112.379539166000086, -8.198868559999937, 0.0 ], [ 112.379569441000058, -8.198572776999981, 0.0 ], [ 112.379569619000108, -8.198567168999944, 0.0 ], [ 112.379572805000066, -8.198255, 0.0 ], [ 112.37957872800007, -8.19814293099995, 0.0 ], [ 112.379592845000047, -8.197987928999964, 0.0 ], [ 112.379614882000055, -8.197745964999967, 0.0 ], [ 112.37969307100002, -8.197168294999926, 0.0 ], [ 112.379695382000023, -8.197108933999971, 0.0 ], [ 112.379699311000081, -8.197007973999973, 0.0 ], [ 112.380725464000079, -8.19707703399996, 0.0 ], [ 112.381385038000076, -8.197066434999954, 0.0 ], [ 112.381670219000057, -8.197075948999952, 0.0 ], [ 112.382438937000074, -8.196951978999948, 0.0 ], [ 112.38336240600006, -8.196898936999958, 0.0 ], [ 112.383362298000065, -8.19689862499996, 0.0 ], [ 112.383353446000115, -8.196873258999972, 0.0 ], [ 112.383183503000055, -8.196387559999948, 0.0 ], [ 112.383145101000082, -8.196289092999962, 0.0 ], [ 112.383112948000075, -8.196018837999929, 0.0 ], [ 112.38311017500007, -8.195911179999939, 0.0 ], [ 112.383061824000038, -8.195818033999956, 0.0 ], [ 112.38299432000008, -8.195741701999964, 0.0 ], [ 112.382898032000071, -8.19567503899998, 0.0 ], [ 112.382787286000053, -8.19559407, 0.0 ], [ 112.382671902000084, -8.195560968999928, 0.0 ], [ 112.382514139000023, -8.195549723999932, 0.0 ], [ 112.382400483000083, -8.195254335999948, 0.0 ], [ 112.382324416000074, -8.19501943399996, 0.0 ], [ 112.38232249400005, -8.195013499999959, 0.0 ], [ 112.382320381000113, -8.195006974999956, 0.0 ], [ 112.382290846000046, -8.194798918999936, 0.0 ], [ 112.38235506400008, -8.194619252999928, 0.0 ], [ 112.382483749000016, -8.194331698999974, 0.0 ], [ 112.382489392000025, -8.19387947599995, 0.0 ], [ 112.382539128000076, -8.19367832599994, 0.0 ], [ 112.382631779, -8.193387305999977, 0.0 ], [ 112.382735823000075, -8.193208812999956, 0.0 ], [ 112.382750108000096, -8.19317287399997, 0.0 ], [ 112.382831341000042, -8.192762149999965, 0.0 ], [ 112.382888317000038, -8.192571741999927, 0.0 ], [ 112.382913061000068, -8.192435278999938, 0.0 ], [ 112.38292001800005, -8.192363476999958, 0.0 ], [ 112.382883257000117, -8.192303229999936, 0.0 ], [ 112.382810703000018, -8.192234003999943, 0.0 ], [ 112.382713930000023, -8.192141669999955, 0.0 ], [ 112.382648473000017, -8.19196244799997, 0.0 ], [ 112.382586061000097, -8.19162171499994, 0.0 ], [ 112.382503460000066, -8.191288340999961, 0.0 ], [ 112.382455267000068, -8.191240653999955, 0.0 ], [ 112.38241637200008, -8.191159033999952, 0.0 ], [ 112.382403646000057, -8.191132329999959, 0.0 ], [ 112.385307249000107, -8.192238675999931, 0.0 ], [ 112.385307442000112, -8.19224, 0.0 ], [ 112.385360662000039, -8.192603933999976, 0.0 ], [ 112.385284375000083, -8.193724518999943, 0.0 ], [ 112.385154675000081, -8.195273277999945, 0.0 ], [ 112.385169932000053, -8.195361025999944, 0.0 ], [ 112.385192830000051, -8.195726259999958, 0.0 ], [ 112.385185190000016, -8.19577585299993, 0.0 ], [ 112.385261477000086, -8.196417678999978, 0.0 ], [ 112.385314890000018, -8.196655147999934, 0.0 ], [ 112.385436949000109, -8.197104334999949, 0.0 ], [ 112.38555903200006, -8.197572574999981, 0.0 ], [ 112.385681091000038, -8.198052300999962, 0.0 ], [ 112.385711573000094, -8.198169444999962, 0.0 ], [ 112.385711606000086, -8.198169571999927, 0.0 ], [ 112.385726888000022, -8.19822871599996, 0.0 ], [ 112.386016802000086, -8.199767947999931, 0.0 ], [ 112.386077832000069, -8.200079792999929, 0.0 ], [ 112.38626092100003, -8.20044601799998, 0.0 ], [ 112.386428776000116, -8.20069872199997, 0.0 ], [ 112.386550860000057, -8.200827477999951, 0.0 ], [ 112.386589015000027, -8.20095908899998, 0.0 ], [ 112.386253304000093, -8.202064391999954, 0.0 ], [ 112.386169401000075, -8.202359069999943, 0.0 ], [ 112.386085449, -8.202883598999961, 0.0 ], [ 112.385864228000059, -8.203796263999948, 0.0 ], [ 112.385795558000041, -8.20404231599997, 0.0 ], [ 112.385391201000061, -8.204744227999981, 0.0 ], [ 112.385361839000097, -8.204758695999942, 0.0 ] ] ] ] } }
]
}
