{
"type": "FeatureCollection",
"name": "Doko",
"crs": { "type": "name", "properties": { "name": "urn:ogc:def:crs:OGC:1.3:CRS84" } },
"features": [
{ "type": "Feature", "properties": { "OBJECTID": 116233.0, "KDPPUM": "35", "NAMOBJ": "Suru", "REMARK": null, "KDPBPS": null, "FCODE": "BA03070040", "LUASWH": 4.90073909, "UUPP": "Hasil Delineasi Batas Desa 2019", "SRS_ID": "SRGI 2013", "METADATA": "TASWIL1000020200326DATA_BATAS_DESA_KELURAHAN", "KDEBPS": null, "KDEPUM": "35.05.18.2002", "KDCBPS": null, "KDCPUM": "35.05.18", "KDBBPS": null, "WADMKD": "Suru", "WIADKD": null, "WADMKC": "Doko", "WIADKC": null, "WADMKK": "Blitar", "WIADKK": null, "WADMPR": "Jawa Timur", "WIADPR": null, "TIPADM": 1.0, "KDPKAB": "35.05", "SHAPE_Leng": 0.164734940564778, "SHAPE_Area": 0.00040212881722499999 }, "geometry": { "type": "MultiPolygon", "coordinates": [ [ [ [ 112.383074861000068, -8.053003291999971, 0.0 ], [ 112.38301859, -8.053210257999979, 0.0 ], [ 112.382994795000059, -8.053376820999972, 0.0 ], [ 112.38295672400011, -8.053448203999949, 0.0 ], [ 112.382875822000074, -8.053571935999969, 0.0 ], [ 112.382842113000038, -8.053668383999934, 0.0 ], [ 112.38309, -8.05501, 0.0 ], [ 112.383149999000011, -8.055429998999955, 0.0 ], [ 112.382937688000084, -8.055412924999928, 0.0 ], [ 112.382693794000033, -8.055424822999953, 0.0 ], [ 112.382319028000097, -8.055430770999976, 0.0 ], [ 112.382217901000104, -8.055442668999945, 0.0 ], [ 112.381974007000053, -8.055424822999953, 0.0 ], [ 112.380583498000078, -8.055623372999946, 0.0 ], [ 112.380060017, -8.055956497999944, 0.0 ], [ 112.379393768000114, -8.056527567999979, 0.0 ], [ 112.378346805000092, -8.056813103999957, 0.0 ], [ 112.3770618960001, -8.057146227999965, 0.0 ], [ 112.375742881000065, -8.05781781099995, 0.0 ], [ 112.375478761000068, -8.058374604999926, 0.0 ], [ 112.375328855000021, -8.058438849999959, 0.0 ], [ 112.375100427, -8.058474541999942, 0.0 ], [ 112.374829168000019, -8.058510233999925, 0.0 ], [ 112.374707816000068, -8.058567340999957, 0.0 ], [ 112.374479388000054, -8.05878863099997, 0.0 ], [ 112.374279513000033, -8.059031335999975, 0.0 ], [ 112.374065361000021, -8.059252625999932, 0.0 ], [ 112.373765549000041, -8.059373978999929, 0.0 ], [ 112.37364419700009, -8.059452500999953, 0.0 ], [ 112.373544259000028, -8.059580991999951, 0.0 ], [ 112.373408630000085, -8.059695205999958, 0.0 ], [ 112.373308693000013, -8.059773727999925, 0.0 ], [ 112.373215894000055, -8.059802281999964, 0.0 ], [ 112.372994604000041, -8.059802281999964, 0.0 ], [ 112.372916082000074, -8.059852249999949, 0.0 ], [ 112.372830421000117, -8.059987879999937, 0.0 ], [ 112.372759037000037, -8.060209168999961, 0.0 ], [ 112.372180828000069, -8.060823069999969, 0.0 ], [ 112.371745387000033, -8.061479801999951, 0.0 ], [ 112.371017272000017, -8.062750433999952, 0.0 ], [ 112.370638937000081, -8.063599900999975, 0.0 ], [ 112.370053590000111, -8.064834841999925, 0.0 ], [ 112.36926123, -8.066590883999936, 0.0 ], [ 112.36870443600003, -8.0679329, 0.0 ], [ 112.367689596000105, -8.068486124999936, 0.0 ], [ 112.367468306000092, -8.068707413999959, 0.0 ], [ 112.367311261000054, -8.068878735999931, 0.0 ], [ 112.367111387000023, -8.06904291799998, 0.0 ], [ 112.366854405000026, -8.069285622999928, 0.0 ], [ 112.36629047200006, -8.069771033999928, 0.0 ], [ 112.366076321000037, -8.070006599999942, 0.0 ], [ 112.365976384000078, -8.07016364499998, 0.0 ], [ 112.365826478000031, -8.070342103999963, 0.0 ], [ 112.365633741000011, -8.070527701999936, 0.0 ], [ 112.365548081000043, -8.0707561299999, 0.0 ], [ 112.365433867000093, -8.07109163399997, 0.0 ], [ 112.365112639000017, -8.071684119999929, 0.0 ], [ 112.364812827000037, -8.072091007999973, 0.0 ], [ 112.364741443000071, -8.0721695299999, 0.0 ], [ 112.364591537000024, -8.07231943599993, 0.0 ], [ 112.364455908000082, -8.07251217299995, 0.0 ], [ 112.364377386000115, -8.072683493999932, 0.0 ], [ 112.364327417000027, -8.07284053799998, 0.0 ], [ 112.36424889500006, -8.072976166999979, 0.0 ], [ 112.364191788000085, -8.073247425999966, 0.0 ], [ 112.364120404, -8.073404469999957, 0.0 ], [ 112.363934806000088, -8.073568652999938, 0.0 ], [ 112.363742070000058, -8.073718558999929, 0.0 ], [ 112.363634994000108, -8.073925571999951, 0.0 ], [ 112.363613579000116, -8.074132585999962, 0.0 ], [ 112.363642132000109, -8.074318182999946, 0.0 ], [ 112.36348, -8.07472, 0.0 ], [ 112.36345, -8.07488, 0.0 ], [ 112.363430000000108, -8.07503, 0.0 ], [ 112.36355, -8.07531999899993, 0.0 ], [ 112.3635, -8.07549, 0.0 ], [ 112.36336, -8.07568, 0.0 ], [ 112.36323, -8.07576, 0.0 ], [ 112.36241, -8.07598, 0.0 ], [ 112.36223, -8.076019998999925, 0.0 ], [ 112.36193, -8.07615, 0.0 ], [ 112.361760000000118, -8.07629, 0.0 ], [ 112.361719999000115, -8.0764, 0.0 ], [ 112.36163999900009, -8.07666, 0.0 ], [ 112.361360000000104, -8.07707, 0.0 ], [ 112.361229999000102, -8.077289998999959, 0.0 ], [ 112.361090000000104, -8.07756, 0.0 ], [ 112.36093, -8.07773, 0.0 ], [ 112.36038, -8.07822, 0.0 ], [ 112.36024, -8.07829, 0.0 ], [ 112.360190000000102, -8.07832, 0.0 ], [ 112.35984, -8.07864, 0.0 ], [ 112.359749999000087, -8.078889998999955, 0.0 ], [ 112.3598, -8.07902, 0.0 ], [ 112.35986, -8.079239998999981, 0.0 ], [ 112.35986, -8.07944, 0.0 ], [ 112.35976, -8.07968, 0.0 ], [ 112.35964, -8.07977, 0.0 ], [ 112.359330000000114, -8.07999, 0.0 ], [ 112.35922, -8.08019, 0.0 ], [ 112.359060000000113, -8.08019, 0.0 ], [ 112.358909999000048, -8.08023, 0.0 ], [ 112.35878, -8.08034, 0.0 ], [ 112.35864, -8.08053, 0.0 ], [ 112.358577235000098, -8.08060242099998, 0.0 ], [ 112.358485394000013, -8.080643385999963, 0.0 ], [ 112.358348575000036, -8.08063743699995, 0.0 ], [ 112.358259345000079, -8.08060769399998, 0.0 ], [ 112.358146321000049, -8.080625539999971, 0.0 ], [ 112.358027348000064, -8.080702871999961, 0.0 ], [ 112.357926221000071, -8.080714769999929, 0.0 ], [ 112.357831042000043, -8.080732615999977, 0.0 ], [ 112.357753710000111, -8.080774255999927, 0.0 ], [ 112.357712069000058, -8.080809947999967, 0.0 ], [ 112.35762284000009, -8.080839690999937, 0.0 ], [ 112.357497918000035, -8.080889064999951, 0.0 ], [ 112.357345632000033, -8.08087478799996, 0.0 ], [ 112.357221900000013, -8.080908100999977, 0.0 ], [ 112.357083892000105, -8.080974725999965, 0.0 ], [ 112.356979195, -8.081127010999978, 0.0 ], [ 112.356941124000059, -8.081322126999964, 0.0 ], [ 112.35689353500004, -8.081436340999971, 0.0 ], [ 112.356712696000045, -8.081574349999926, 0.0 ], [ 112.356484268000031, -8.081798018999962, 0.0 ], [ 112.356217768000079, -8.081902714999956, 0.0 ], [ 112.356017893000057, -8.081969339999944, 0.0 ], [ 112.355917956000098, -8.082059759999936, 0.0 ], [ 112.355851331000054, -8.082131143999959, 0.0 ], [ 112.355765670000096, -8.082188250999934, 0.0 ], [ 112.355537242000082, -8.082254875999979, 0.0 ], [ 112.355356403000087, -8.082283428999972, 0.0 ], [ 112.355223153000111, -8.082311982999954, 0.0 ], [ 112.35514701000011, -8.082378607999942, 0.0 ], [ 112.354994725000097, -8.082440473999952, 0.0 ], [ 112.354866234000042, -8.082540410999968, 0.0 ], [ 112.354794850000076, -8.082683178999957, 0.0 ], [ 112.354732984000066, -8.082821186999979, 0.0 ], [ 112.354690154000082, -8.082973472999981, 0.0 ], [ 112.354680636000012, -8.083125757999937, 0.0 ], [ 112.354647019000026, -8.083297624999943, 0.0 ], [ 112.354571361000012, -8.083402670999931, 0.0 ], [ 112.354461726000068, -8.08346364199997, 0.0 ], [ 112.354290404000039, -8.083506471999954, 0.0 ], [ 112.354119083000114, -8.083539784999971, 0.0 ], [ 112.353871619000074, -8.083568337999964, 0.0 ], [ 112.353719334000061, -8.083653998999978, 0.0 ], [ 112.353576566000015, -8.083653998999978, 0.0 ], [ 112.353443316000039, -8.083615926999926, 0.0 ], [ 112.353314825000098, -8.083620685999961, 0.0 ], [ 112.353181576000111, -8.083658757999956, 0.0 ], [ 112.353053085000056, -8.083658757999956, 0.0 ], [ 112.352938871000106, -8.084279796999965, 0.0 ], [ 112.35454857600007, -8.08628310499995, 0.0 ], [ 112.356309377000116, -8.08817477599996, 0.0 ], [ 112.357415827000068, -8.089257430999965, 0.0 ], [ 112.357784643000059, -8.088841024999965, 0.0 ], [ 112.359288116000016, -8.090782615999956, 0.0 ], [ 112.359110000000101, -8.09103, 0.0 ], [ 112.358340000000112, -8.09169, 0.0 ], [ 112.35781, -8.09204, 0.0 ], [ 112.35775, -8.092069998999932, 0.0 ], [ 112.35727, -8.092499998999926, 0.0 ], [ 112.35718, -8.092579998999952, 0.0 ], [ 112.3565, -8.09319, 0.0 ], [ 112.3558, -8.09364, 0.0 ], [ 112.35524, -8.09399, 0.0 ], [ 112.354289999000116, -8.09489, 0.0 ], [ 112.35401, -8.095189998999956, 0.0 ], [ 112.353930000000105, -8.09528, 0.0 ], [ 112.35373, -8.09552, 0.0 ], [ 112.353489999000089, -8.09584, 0.0 ], [ 112.353250000000116, -8.09615, 0.0 ], [ 112.35282, -8.096789998999952, 0.0 ], [ 112.352580000000103, -8.09717, 0.0 ], [ 112.352400000000102, -8.09762, 0.0 ], [ 112.352395665000017, -8.097889844999941, 0.0 ], [ 112.352395665000017, -8.098125411999945, 0.0 ], [ 112.352245759000084, -8.098489469999947, 0.0 ], [ 112.352202928000111, -8.09866792899993, 0.0 ], [ 112.35201019200008, -8.098910633999935, 0.0 ], [ 112.351888840000015, -8.099074816999973, 0.0 ], [ 112.351691317000018, -8.099254544999951, 0.0 ], [ 112.351610443000027, -8.099524534999944, 0.0 ], [ 112.351489090000086, -8.099731547999966, 0.0 ], [ 112.351314407000018, -8.099792632999936, 0.0 ], [ 112.351069988000063, -8.099677295999982, 0.0 ], [ 112.350727345000109, -8.099544046999938, 0.0 ], [ 112.350584578000053, -8.099724885999933, 0.0 ], [ 112.350356149000049, -8.100115116999973, 0.0 ], [ 112.349737489000063, -8.099929518999943, 0.0 ], [ 112.34928539200007, -8.099701090999929, 0.0 ], [ 112.348795223000025, -8.099439349999955, 0.0 ], [ 112.348400232000017, -8.100067527999954, 0.0 ], [ 112.347914822, -8.099891447999937, 0.0 ], [ 112.347310439000012, -8.09966302, 0.0 ], [ 112.34675840400007, -8.099363207999943, 0.0 ], [ 112.346325342000114, -8.099139537999974, 0.0 ], [ 112.345835173000069, -8.098934904999965, 0.0 ], [ 112.345592468000063, -8.098877797999933, 0.0 ], [ 112.345397353000067, -8.099225198999932, 0.0 ], [ 112.345121335000044, -8.099786751999943, 0.0 ], [ 112.345164165000028, -8.099924759999965, 0.0 ], [ 112.34542590600006, -8.100119875999951, 0.0 ], [ 112.345230314000105, -8.100590533999934, 0.0 ], [ 112.344840083, -8.10087606899998, 0.0 ], [ 112.344249977000118, -8.100780890999943, 0.0 ], [ 112.343621799000061, -8.100818961999948, 0.0 ], [ 112.343145907, -8.100742818999947, 0.0 ], [ 112.342491231000054, -8.100626340999952, 0.0 ], [ 112.342587187000049, -8.100602098999957, 0.0 ], [ 112.342678278000108, -8.100558731999968, 0.0 ], [ 112.342726169000116, -8.100520291999942, 0.0 ], [ 112.342796249000116, -8.100400246999925, 0.0 ], [ 112.342807339000046, -8.100381249999941, 0.0 ], [ 112.342816503000108, -8.100357995999957, 0.0 ], [ 112.342916860000059, -8.100103341999954, 0.0 ], [ 112.342936046000091, -8.100077087999978, 0.0 ], [ 112.343127186000061, -8.099815529999944, 0.0 ], [ 112.34294646, -8.098892557999932, 0.0 ], [ 112.342178277000016, -8.098960533999957, 0.0 ], [ 112.342173000000116, -8.098961000999964, 0.0 ], [ 112.341508, -8.098943, 0.0 ], [ 112.341113438000093, -8.098713584999928, 0.0 ], [ 112.341094234000025, -8.098702417999959, 0.0 ], [ 112.341023, -8.098661000999925, 0.0 ], [ 112.340991207000116, -8.098562438999977, 0.0 ], [ 112.340936911000085, -8.098394123999981, 0.0 ], [ 112.340838999000084, -8.098024000999942, 0.0 ], [ 112.340493454000011, -8.097013379999964, 0.0 ], [ 112.340414, -8.096780998999975, 0.0 ], [ 112.340406483000038, -8.096767211999975, 0.0 ], [ 112.340089573000114, -8.096185924999929, 0.0 ], [ 112.339787259000104, -8.095631408999964, 0.0 ], [ 112.33987267100008, -8.095322474999932, 0.0 ], [ 112.339887010000098, -8.095252048999953, 0.0 ], [ 112.339905247000047, -8.095162480999932, 0.0 ], [ 112.339964809000094, -8.094869957999947, 0.0 ], [ 112.339960840000117, -8.09475871199993, 0.0 ], [ 112.339938829000062, -8.094636759999958, 0.0 ], [ 112.339891502000114, -8.094482587999948, 0.0 ], [ 112.339884051000013, -8.094407243999967, 0.0 ], [ 112.339905445000113, -8.09434257099997, 0.0 ], [ 112.339973667000095, -8.094281334999948, 0.0 ], [ 112.340074337000033, -8.09423075899997, 0.0 ], [ 112.340185752000025, -8.09416220199995, 0.0 ], [ 112.340282808000097, -8.094108046999963, 0.0 ], [ 112.34037614500005, -8.09401801599995, 0.0 ], [ 112.34041546200001, -8.093928163999976, 0.0 ], [ 112.340429429000096, -8.093795322999938, 0.0 ], [ 112.340429024000059, -8.093673299999978, 0.0 ], [ 112.340403508, -8.093580069999973, 0.0 ], [ 112.340381663000016, -8.093508360999977, 0.0 ], [ 112.340370610000036, -8.093433028999925, 0.0 ], [ 112.340293951000035, -8.093121037999936, 0.0 ], [ 112.340264738000087, -8.092999107999958, 0.0 ], [ 112.34026433400004, -8.092877081999973, 0.0 ], [ 112.340300003000038, -8.092772884999931, 0.0 ], [ 112.340378614000088, -8.092585998999937, 0.0 ], [ 112.340378091000048, -8.092428084999938, 0.0 ], [ 112.34037428900001, -8.092367084999978, 0.0 ], [ 112.340356058000111, -8.092298953999943, 0.0 ], [ 112.34033424800009, -8.092238011999939, 0.0 ], [ 112.340323207000097, -8.092166268999961, 0.0 ], [ 112.340322923000031, -8.092080133999957, 0.0 ], [ 112.340347847000089, -8.091993915999979, 0.0 ], [ 112.34039425900005, -8.091871736999963, 0.0 ], [ 112.340440744000034, -8.091771092999977, 0.0 ], [ 112.3405050450001, -8.091612966999946, 0.0 ], [ 112.340558566000027, -8.09146205299993, 0.0 ], [ 112.340619324000045, -8.091321882999978, 0.0 ], [ 112.340712115000088, -8.091066759999933, 0.0 ], [ 112.340719044000025, -8.090984188999926, 0.0 ], [ 112.340729528000111, -8.090887253999938, 0.0 ], [ 112.340714803000083, -8.090790397999967, 0.0 ], [ 112.340692851000085, -8.090686388999927, 0.0 ], [ 112.340663377000055, -8.090485501999979, 0.0 ], [ 112.340659072000108, -8.090382776999945, 0.0 ], [ 112.341041707000045, -8.090382894999948, 0.0 ], [ 112.341270135000059, -8.090311511999971, 0.0 ], [ 112.341484286000082, -8.090197297999964, 0.0 ], [ 112.341612777000023, -8.089883208999936, 0.0 ], [ 112.341627054000014, -8.089740440999947, 0.0 ], [ 112.341741268000078, -8.089669056999981, 0.0 ], [ 112.341869759000019, -8.089597672999957, 0.0 ], [ 112.342212401000097, -8.089569119999965, 0.0 ], [ 112.3426778810001, -8.08924686499995, 0.0 ], [ 112.342983347000086, -8.089255030999936, 0.0 ], [ 112.3432117750001, -8.089312137999968, 0.0 ], [ 112.343250720000015, -8.089329175999978, 0.0 ], [ 112.34343393600011, -8.089372691999927, 0.0 ], [ 112.343532949000064, -8.089436821999925, 0.0 ], [ 112.343582706, -8.089450098999976, 0.0 ], [ 112.343709954000019, -8.089425039999981, 0.0 ], [ 112.343719472000089, -8.08932034399993, 0.0 ], [ 112.343714713000054, -8.088949147999926, 0.0 ], [ 112.343757543000038, -8.088725478999947, 0.0 ], [ 112.343825676000051, -8.088612575999946, 0.0 ], [ 112.344014525000034, -8.088558915999954, 0.0 ], [ 112.344169916000055, -8.088567791999935, 0.0 ], [ 112.344423019000033, -8.088616042999945, 0.0 ], [ 112.344494402, -8.088594627999953, 0.0 ], [ 112.344544371000097, -8.088551797999969, 0.0 ], [ 112.344587201000081, -8.088491121999937, 0.0 ], [ 112.344625655000073, -8.088393384999961, 0.0 ], [ 112.344694277000031, -8.088251985999932, 0.0 ], [ 112.344744246, -8.088180601999966, 0.0 ], [ 112.344804922000094, -8.088112786999943, 0.0 ], [ 112.344847752000078, -8.088044972999967, 0.0 ], [ 112.344874943000036, -8.088004186999967, 0.0 ], [ 112.344880648000071, -8.087872044999926, 0.0 ], [ 112.344747459000018, -8.087730662999945, 0.0 ], [ 112.344553505000022, -8.087717870999938, 0.0 ], [ 112.344324449000055, -8.087756046999971, 0.0 ], [ 112.344134093000093, -8.087821481999981, 0.0 ], [ 112.343973479000056, -8.087773892999962, 0.0 ], [ 112.343922915, -8.087586509999937, 0.0 ], [ 112.344068657000093, -8.087051130999953, 0.0 ], [ 112.344250091000049, -8.086646622999979, 0.0 ], [ 112.344342295000047, -8.086295651999933, 0.0 ], [ 112.344476140000097, -8.086170730999982, 0.0 ], [ 112.344543122, -8.086139423999953, 0.0 ], [ 112.344672862000039, -8.086099762999936, 0.0 ], [ 112.344744246, -8.086053363999952, 0.0 ], [ 112.344829906000086, -8.085989117999929, 0.0 ], [ 112.344879875000061, -8.085921303999953, 0.0 ], [ 112.344929844000035, -8.085835642999939, 0.0 ], [ 112.344947690000026, -8.085742843999981, 0.0 ], [ 112.344940551000036, -8.085657183999956, 0.0 ], [ 112.344890583000051, -8.085571522999942, 0.0 ], [ 112.344801353000094, -8.085485861999928, 0.0 ], [ 112.344411577000074, -8.085297027999957, 0.0 ], [ 112.344180314000027, -8.085232449999978, 0.0 ], [ 112.344144622000044, -8.085161065999955, 0.0 ], [ 112.344115134000049, -8.085018716999969, 0.0 ], [ 112.344108930000061, -8.084871960999976, 0.0 ], [ 112.344182279000051, -8.084753143999933, 0.0 ], [ 112.344234702000108, -8.084684813999957, 0.0 ], [ 112.344332501000054, -8.084643635999953, 0.0 ], [ 112.344426588000033, -8.084625686999971, 0.0 ], [ 112.344607584000073, -8.08462058899994, 0.0 ], [ 112.344665724000038, -8.084607840999979, 0.0 ], [ 112.344754953, -8.084561441999938, 0.0 ], [ 112.344818898000085, -8.08449313899996, 0.0 ], [ 112.344818132000114, -8.08433299, 0.0 ], [ 112.34475, -8.08421, 0.0 ], [ 112.344684157000074, -8.084066693999944, 0.0 ], [ 112.344437295000034, -8.08365129799995, 0.0 ], [ 112.344412311000042, -8.083519237999951, 0.0 ], [ 112.344412311000042, -8.083430007999937, 0.0 ], [ 112.344412311000042, -8.083305085999939, 0.0 ], [ 112.344415880000042, -8.083187302999931, 0.0 ], [ 112.344440865000024, -8.083080226999925, 0.0 ], [ 112.34453, -8.08307, 0.0 ], [ 112.344610000000102, -8.08307, 0.0 ], [ 112.344809999000063, -8.08313, 0.0 ], [ 112.34517, -8.08327, 0.0 ], [ 112.34534, -8.08327, 0.0 ], [ 112.3455, -8.083179998999981, 0.0 ], [ 112.345603520000054, -8.083076478999942, 0.0 ], [ 112.345661153000037, -8.08294200399996, 0.0 ], [ 112.345786074000102, -8.08278139, 0.0 ], [ 112.345899099, -8.082638621999934, 0.0 ], [ 112.346059712000056, -8.082561289999944, 0.0 ], [ 112.346261966000043, -8.082466110999974, 0.0 ], [ 112.34635714500007, -8.082531546999974, 0.0 ], [ 112.346446375000028, -8.082650519999959, 0.0 ], [ 112.346559399000057, -8.082644570999946, 0.0 ], [ 112.346660526000051, -8.082650519999959, 0.0 ], [ 112.346827088000055, -8.082650519999959, 0.0 ], [ 112.346975805000056, -8.082620775999942, 0.0 ], [ 112.347124521000069, -8.082585083999959, 0.0 ], [ 112.347237545000098, -8.082513700999925, 0.0 ], [ 112.347243494000054, -8.082442316999959, 0.0 ], [ 112.347148316000016, -8.082347137999932, 0.0 ], [ 112.347154264000096, -8.082246010999938, 0.0 ], [ 112.347207802000071, -8.082144883999945, 0.0 ], [ 112.34731487800002, -8.082085397999947, 0.0 ], [ 112.347463594000033, -8.082067551999955, 0.0 ], [ 112.347600413, -8.082031859999972, 0.0 ], [ 112.347743181000055, -8.08188314299997, 0.0 ], [ 112.347826462000057, -8.081698734999975, 0.0 ], [ 112.347891897000068, -8.081508377999967, 0.0 ], [ 112.347957332000078, -8.08140130299995, 0.0 ], [ 112.347998973000017, -8.08127043199994, 0.0 ], [ 112.34804061400007, -8.081133612999963, 0.0 ], [ 112.348066653000046, -8.080963346999965, 0.0 ], [ 112.3482, -8.08083, 0.0 ], [ 112.34825, -8.0807, 0.0 ], [ 112.3482, -8.08057, 0.0 ], [ 112.348, -8.08028, 0.0 ], [ 112.3478, -8.07997, 0.0 ], [ 112.34779, -8.07946, 0.0 ], [ 112.348029999, -8.07909, 0.0 ], [ 112.34818, -8.07903, 0.0 ], [ 112.348339999000018, -8.07892, 0.0 ], [ 112.348419999000043, -8.07878999899998, 0.0 ], [ 112.348480000000109, -8.07853, 0.0 ], [ 112.34859, -8.07835, 0.0 ], [ 112.3488, -8.07814, 0.0 ], [ 112.349079999000082, -8.07795, 0.0 ], [ 112.34931, -8.07777, 0.0 ], [ 112.34948999900007, -8.07779, 0.0 ], [ 112.34976, -8.07781, 0.0 ], [ 112.349960045000103, -8.077721069999939, 0.0 ], [ 112.350074260000042, -8.077587819999962, 0.0 ], [ 112.350268706000065, -8.077544312999976, 0.0 ], [ 112.350298569000074, -8.077444767999964, 0.0 ], [ 112.35032999900011, -8.07734, 0.0 ], [ 112.35047, -8.07701, 0.0 ], [ 112.35065, -8.07677, 0.0 ], [ 112.350703215000067, -8.07672742699998, 0.0 ], [ 112.350692919000039, -8.076559892999967, 0.0 ], [ 112.350750026000014, -8.076417124999978, 0.0 ], [ 112.350959419000105, -8.07632194699994, 0.0 ], [ 112.351054597000029, -8.076274356999932, 0.0 ], [ 112.351195711000059, -8.076223339999956, 0.0 ], [ 112.35124, -8.076119998999957, 0.0 ], [ 112.351378204000071, -8.075912678999941, 0.0 ], [ 112.351416276, -8.07581750099996, 0.0 ], [ 112.351549525000109, -8.075760393999929, 0.0 ], [ 112.351682775000086, -8.075779428999965, 0.0 ], [ 112.351771252000049, -8.075781292999977, 0.0 ], [ 112.35198, -8.07558, 0.0 ], [ 112.35209, -8.07549, 0.0 ], [ 112.352310000000102, -8.07547, 0.0 ], [ 112.352344786000117, -8.075464201999978, 0.0 ], [ 112.352501310000093, -8.075246429999936, 0.0 ], [ 112.352615524000043, -8.07511318, 0.0 ], [ 112.352786845000082, -8.075075108999954, 0.0 ], [ 112.353091416000098, -8.075037037999948, 0.0 ], [ 112.353247635000116, -8.075082886999951, 0.0 ], [ 112.35329, -8.07498, 0.0 ], [ 112.353310326000042, -8.074656323999932, 0.0 ], [ 112.353415023000025, -8.07450403799993, 0.0 ], [ 112.353643451000039, -8.074389823999979, 0.0 ], [ 112.353852844000016, -8.074313680999978, 0.0 ], [ 112.353986093000117, -8.074170913999978, 0.0 ], [ 112.354191376000017, -8.074082934999979, 0.0 ], [ 112.35426, -8.07398, 0.0 ], [ 112.35436, -8.07381, 0.0 ], [ 112.35453, -8.07373999899994, 0.0 ], [ 112.354830000000106, -8.07354, 0.0 ], [ 112.35494, -8.07346, 0.0 ], [ 112.35506, -8.07345, 0.0 ], [ 112.35523, -8.07348, 0.0 ], [ 112.355359999000029, -8.07345, 0.0 ], [ 112.35545, -8.073349998999959, 0.0 ], [ 112.355464407000113, -8.073321184999941, 0.0 ], [ 112.355451841000104, -8.073162021999963, 0.0 ], [ 112.355508948000079, -8.073028772999976, 0.0 ], [ 112.355651716000011, -8.072876486999974, 0.0 ], [ 112.355804002000013, -8.072819379999942, 0.0 ], [ 112.355965805000096, -8.072752754999954, 0.0 ], [ 112.356051466000054, -8.072638540999947, 0.0 ], [ 112.356118090000109, -8.072448183999938, 0.0 ], [ 112.356241822000015, -8.072276862999956, 0.0 ], [ 112.356337001000043, -8.072153130999936, 0.0 ], [ 112.356508322000082, -8.072029398999973, 0.0 ], [ 112.356722891000118, -8.072106041999973, 0.0 ], [ 112.356793857000071, -8.072010362999947, 0.0 ], [ 112.356974696000066, -8.071858077999934, 0.0 ], [ 112.357107946000042, -8.071810487999926, 0.0 ], [ 112.357288785000037, -8.071724827999958, 0.0 ], [ 112.357469624000032, -8.071620131999964, 0.0 ], [ 112.357593356000052, -8.071572541999956, 0.0 ], [ 112.357890000000111, -8.07145, 0.0 ], [ 112.358599999000035, -8.07135, 0.0 ], [ 112.35877, -8.071319998999968, 0.0 ], [ 112.35907, -8.070949998999936, 0.0 ], [ 112.359105796000108, -8.070915481999975, 0.0 ], [ 112.35914476500011, -8.070792078999943, 0.0 ], [ 112.359201872000085, -8.070687382999949, 0.0 ], [ 112.359325604000105, -8.070487507999928, 0.0 ], [ 112.359449336000011, -8.070373293999978, 0.0 ], [ 112.35962065700005, -8.070287632999964, 0.0 ], [ 112.359925228000066, -8.070173418999957, 0.0 ], [ 112.36011, -8.070169998999972, 0.0 ], [ 112.360680000000116, -8.06994, 0.0 ], [ 112.36153, -8.06974, 0.0 ], [ 112.3618, -8.06969, 0.0 ], [ 112.36215, -8.069509998999933, 0.0 ], [ 112.36224, -8.069429998999965, 0.0 ], [ 112.36241, -8.06916, 0.0 ], [ 112.362710000000106, -8.06886, 0.0 ], [ 112.362858933000098, -8.068757607999942, 0.0 ], [ 112.362875760000065, -8.068622010999945, 0.0 ], [ 112.362923349000084, -8.06856490399997, 0.0 ], [ 112.363066117000017, -8.068498278999925, 0.0 ], [ 112.363151777000098, -8.068374546999962, 0.0 ], [ 112.363208884000073, -8.06822226099996, 0.0 ], [ 112.363313581000057, -8.068108046999953, 0.0 ], [ 112.363361170000076, -8.067936725999971, 0.0 ], [ 112.363446830000044, -8.067755886999976, 0.0 ], [ 112.363627669000039, -8.067641672999969, 0.0 ], [ 112.363741884000092, -8.067489386999966, 0.0 ], [ 112.363913205000017, -8.067365654999946, 0.0 ], [ 112.364037188000111, -8.067328459999942, 0.0 ], [ 112.36414, -8.06708, 0.0 ], [ 112.36427, -8.06688, 0.0 ], [ 112.3645, -8.066679998999973, 0.0 ], [ 112.364819999000019, -8.06638, 0.0 ], [ 112.364944334000029, -8.066267506999964, 0.0 ], [ 112.364950650000083, -8.066175924999925, 0.0 ], [ 112.364988721000032, -8.066090263999968, 0.0 ], [ 112.365129999000033, -8.06604, 0.0 ], [ 112.365236185000072, -8.065890388999946, 0.0 ], [ 112.365245703000028, -8.065709549999951, 0.0 ], [ 112.365255221000098, -8.06561437199997, 0.0 ], [ 112.365312328000073, -8.065500157999963, 0.0 ], [ 112.365455095000016, -8.065414496999949, 0.0 ], [ 112.365597863000062, -8.065376425999943, 0.0 ], [ 112.365778702000057, -8.065262211999936, 0.0 ], [ 112.366007130000071, -8.065233657999954, 0.0 ], [ 112.366215468000064, -8.065310512999929, 0.0 ], [ 112.36637999900006, -8.06524, 0.0 ], [ 112.367099999000061, -8.06413, 0.0 ], [ 112.36737, -8.06347, 0.0 ], [ 112.36746, -8.06331, 0.0 ], [ 112.367495880000092, -8.063225075999981, 0.0 ], [ 112.367529192, -8.063129896999953, 0.0 ], [ 112.36758, -8.063051943999938, 0.0 ], [ 112.367600576000086, -8.062977611999941, 0.0 ], [ 112.367652924000026, -8.062915745999931, 0.0 ], [ 112.367724308000106, -8.062910986999952, 0.0 ], [ 112.36781948700002, -8.062915745999931, 0.0 ], [ 112.367895629000031, -8.062920504999965, 0.0 ], [ 112.367976531000068, -8.062891950999926, 0.0 ], [ 112.368043156000113, -8.062872915999947, 0.0 ], [ 112.368157370000063, -8.06282056799995, 0.0 ], [ 112.368262066000057, -8.062711111999931, 0.0 ], [ 112.36837628, -8.062587379999968, 0.0 ], [ 112.36842862900005, -8.062501719999943, 0.0 ], [ 112.368500012000027, -8.062411299999951, 0.0 ], [ 112.368576155000028, -8.062320880999948, 0.0 ], [ 112.368638021000038, -8.06225425599996, 0.0 ], [ 112.36875, -8.06219, 0.0 ], [ 112.368847414000015, -8.062178112999959, 0.0 ], [ 112.368966387000114, -8.06213052399994, 0.0 ], [ 112.369052047000082, -8.062187630999972, 0.0 ], [ 112.369113913000092, -8.062206666999941, 0.0 ], [ 112.369204333000084, -8.062173353999981, 0.0 ], [ 112.369309029000078, -8.06209721099998, 0.0 ], [ 112.369380413000044, -8.062002032999942, 0.0 ], [ 112.369432761000098, -8.061916371999928, 0.0 ], [ 112.36949938600003, -8.061792639999965, 0.0 ], [ 112.369656430000077, -8.0617069799999, 0.0 ], [ 112.369803957000045, -8.061597524999968, 0.0 ], [ 112.369884859000081, -8.061492827999928, 0.0 ], [ 112.369913412000074, -8.061411926999938, 0.0 ], [ 112.36992293000003, -8.061273917999927, 0.0 ], [ 112.369918171000108, -8.061159703999977, 0.0 ], [ 112.369937207000021, -8.06101693599993, 0.0 ], [ 112.369975278000084, -8.060912239999936, 0.0 ], [ 112.370032385000059, -8.060845614999948, 0.0 ], [ 112.370094251000069, -8.060793266999951, 0.0 ], [ 112.370217983000089, -8.060688569999968, 0.0 ], [ 112.370313162000116, -8.060626703999958, 0.0 ], [ 112.370398822000084, -8.06059339199993, 0.0 ], [ 112.370489242000076, -8.060583873999974, 0.0 ], [ 112.370620227000018, -8.060599912999976, 0.0 ], [ 112.370735195000066, -8.06055611499994, 0.0 ], [ 112.370888991000015, -8.060464900999932, 0.0 ], [ 112.371041277000018, -8.060431588999961, 0.0 ], [ 112.371160250000116, -8.060393516999966, 0.0 ], [ 112.37126494600011, -8.060345927999947, 0.0 ], [ 112.371398196000087, -8.060307856999941, 0.0 ], [ 112.371531446000063, -8.06023171399994, 0.0 ], [ 112.371826499, -8.059965213999931, 0.0 ], [ 112.3719740250001, -8.059774856999979, 0.0 ], [ 112.372112034000111, -8.059684437999977, 0.0 ], [ 112.372245284000087, -8.059617812999932, 0.0 ], [ 112.372340462000011, -8.059532151999974, 0.0 ], [ 112.372392811000054, -8.05936559, 0.0 ], [ 112.372454677000064, -8.059265652999954, 0.0 ], [ 112.372536775000071, -8.05918072299994, 0.0 ], [ 112.372763173000067, -8.058893382999941, 0.0 ], [ 112.372829797, -8.05879820399997, 0.0 ], [ 112.372910699000045, -8.05873633799996, 0.0 ], [ 112.373010637000107, -8.058664954999927, 0.0 ], [ 112.373058226000012, -8.058574534999934, 0.0 ], [ 112.37310105600011, -8.058503150999968, 0.0 ], [ 112.373162922, -8.058360383999968, 0.0 ], [ 112.373243824000042, -8.058260445999963, 0.0 ], [ 112.37332948400001, -8.058208097999966, 0.0 ], [ 112.373486529000047, -8.058117678999963, 0.0 ], [ 112.373615408000092, -8.058053238999946, 0.0 ], [ 112.37393, -8.05766, 0.0 ], [ 112.374043323000024, -8.057232518999967, 0.0 ], [ 112.374252715000011, -8.056699519999938, 0.0 ], [ 112.374552527000105, -8.056218868999963, 0.0 ], [ 112.374809509000102, -8.055923815999961, 0.0 ], [ 112.374947518000113, -8.055719181999962, 0.0 ], [ 112.375033178000081, -8.055671592999943, 0.0 ], [ 112.375133116000029, -8.05566207499993, 0.0 ], [ 112.375373616000047, -8.055788872999926, 0.0 ], [ 112.375856472, -8.056042788999946, 0.0 ], [ 112.375913579000098, -8.056014234999964, 0.0 ], [ 112.375942132000091, -8.055985681999971, 0.0 ], [ 112.375939245000041, -8.055903798999964, 0.0 ], [ 112.375969815000076, -8.055869407999978, 0.0 ], [ 112.375951650000047, -8.055771529999959, 0.0 ], [ 112.375970686000073, -8.05572394099994, 0.0 ], [ 112.376037311, -8.055685868999944, 0.0 ], [ 112.376113454, -8.055666833999965, 0.0 ], [ 112.376217279000116, -8.055688568999926, 0.0 ], [ 112.376500289000091, -8.055726813999968, 0.0 ], [ 112.376594330000103, -8.05570864699996, 0.0 ], [ 112.376750278000031, -8.05553628399997, 0.0 ], [ 112.376807385, -8.055374480999944, 0.0 ], [ 112.376969188000089, -8.055231712999955, 0.0 ], [ 112.377226170000085, -8.055136533999928, 0.0 ], [ 112.377397491000011, -8.055031837999934, 0.0 ], [ 112.377511705000074, -8.054879552999978, 0.0 ], [ 112.377555358000109, -8.054820026999948, 0.0 ], [ 112.377596510000103, -8.054763909999963, 0.0 ], [ 112.377655914000115, -8.054644588999963, 0.0 ], [ 112.377689883000016, -8.054565328999956, 0.0 ], [ 112.377730616, -8.054470284999979, 0.0 ], [ 112.377750950000063, -8.054413349999948, 0.0 ], [ 112.377825180000059, -8.054308127999946, 0.0 ], [ 112.377901937000047, -8.054260892999935, 0.0 ], [ 112.377971099000092, -8.054248317999964, 0.0 ], [ 112.378065744000082, -8.054231109999932, 0.0 ], [ 112.378206508000062, -8.054165713999964, 0.0 ], [ 112.378288281000096, -8.054124942999977, 0.0 ], [ 112.37833111100008, -8.054058317999932, 0.0 ], [ 112.378364424000097, -8.053986933999965, 0.0 ], [ 112.378388218000055, -8.05394886299996, 0.0 ], [ 112.378416772000037, -8.053910791999954, 0.0 ], [ 112.378478638000047, -8.053858442999967, 0.0 ], [ 112.378621406000093, -8.053794517999961, 0.0 ], [ 112.378654718, -8.053748987999938, 0.0 ], [ 112.378702307000026, -8.053748987999938, 0.0 ], [ 112.378787968000097, -8.053758505999951, 0.0 ], [ 112.378868870000019, -8.053777541999978, 0.0 ], [ 112.378925977000108, -8.053796576999957, 0.0 ], [ 112.378978325000048, -8.053820371999961, 0.0 ], [ 112.379078262, -8.053853683999932, 0.0 ], [ 112.379130610000061, -8.053848925999944, 0.0 ], [ 112.379187717000036, -8.053815612999927, 0.0 ], [ 112.379211755000028, -8.053753334999953, 0.0 ], [ 112.379263860000037, -8.053720434999946, 0.0 ], [ 112.37955923100003, -8.053913369999975, 0.0 ], [ 112.379620720000048, -8.053905060999966, 0.0 ], [ 112.379687345000093, -8.053881265999962, 0.0 ], [ 112.379777764000096, -8.053857471999947, 0.0 ], [ 112.37988246000009, -8.05386699, 0.0 ], [ 112.379968121000047, -8.053909819999944, 0.0 ], [ 112.380063299000085, -8.053966926999976, 0.0 ], [ 112.380125165000095, -8.053985962999946, 0.0 ], [ 112.380229862000078, -8.053981203999967, 0.0 ], [ 112.380306456000085, -8.05394, 0.0 ], [ 112.380396424000082, -8.053871748999939, 0.0 ], [ 112.380520156000102, -8.053833676999943, 0.0 ], [ 112.380634370000053, -8.053843194999956, 0.0 ], [ 112.380800932000056, -8.053862230999925, 0.0 ], [ 112.380973187000109, -8.053873414999941, 0.0 ], [ 112.381046513000115, -8.053832352999962, 0.0 ], [ 112.38114, -8.05378, 0.0 ], [ 112.381248271000118, -8.053624284999955, 0.0 ], [ 112.381343449000042, -8.053510069999959, 0.0 ], [ 112.381414833, -8.053410132999943, 0.0 ], [ 112.381486217000088, -8.053305436999949, 0.0 ], [ 112.381605190000073, -8.053205498999944, 0.0 ], [ 112.381705128000021, -8.053172186999973, 0.0 ], [ 112.381795547000024, -8.053172186999973, 0.0 ], [ 112.381943074000105, -8.053172186999973, 0.0 ], [ 112.382052529000021, -8.053148391999969, 0.0 ], [ 112.382142948000023, -8.053119838999976, 0.0 ], [ 112.382242886000085, -8.05310080299995, 0.0 ], [ 112.382347582000079, -8.05310080299995, 0.0 ], [ 112.382433243000037, -8.053119838999976, 0.0 ], [ 112.382525815, -8.053171016999954, 0.0 ], [ 112.382604564000076, -8.053186463999964, 0.0 ], [ 112.382680707000077, -8.053186463999964, 0.0 ], [ 112.382747331000019, -8.053148391999969, 0.0 ], [ 112.382809197000029, -8.053119838999976, 0.0 ], [ 112.382866532000094, -8.053066932999968, 0.0 ], [ 112.382945120000045, -8.053042925999932, 0.0 ], [ 112.382985278000092, -8.052991347999978, 0.0 ], [ 112.383013831000085, -8.052991347999978, 0.0 ], [ 112.383074861000068, -8.053003291999971, 0.0 ] ] ] ] } },
{ "type": "Feature", "properties": { "OBJECTID": 116282.0, "KDPPUM": "35", "NAMOBJ": "Sidorejo", "REMARK": null, "KDPBPS": null, "FCODE": "BA03070040", "LUASWH": 10.34358024, "UUPP": "Hasil Delineasi Batas Desa 2019", "SRS_ID": "SRGI 2013", "METADATA": "TASWIL1000020200326DATA_BATAS_DESA_KELURAHAN", "KDEBPS": null, "KDEPUM": "35.05.18.2008", "KDCBPS": null, "KDCPUM": "35.05.18", "KDBBPS": null, "WADMKD": "Sidorejo", "WIADKD": null, "WADMKC": "Doko", "WIADKC": null, "WADMKK": "Blitar", "WIADKK": null, "WADMPR": "Jawa Timur", "WIADPR": null, "TIPADM": 1.0, "KDPKAB": "35.05", "SHAPE_Leng": 0.18014215353396301, "SHAPE_Area": 0.00084866918040100005 }, "geometry": { "type": "MultiPolygon", "coordinates": [ [ [ [ 112.410472563000098, -8.040820910999969, 0.0 ], [ 112.41039, -8.041359998999951, 0.0 ], [ 112.41038, -8.041779998999971, 0.0 ], [ 112.410259999, -8.04186, 0.0 ], [ 112.41015, -8.04193, 0.0 ], [ 112.41005, -8.042089998999927, 0.0 ], [ 112.41004, -8.04215, 0.0 ], [ 112.40998, -8.042379998999934, 0.0 ], [ 112.40993, -8.042829998999935, 0.0 ], [ 112.40965, -8.043249998999954, 0.0 ], [ 112.40933, -8.043539998999961, 0.0 ], [ 112.40931, -8.04364, 0.0 ], [ 112.40937, -8.04377999899998, 0.0 ], [ 112.40952, -8.04395, 0.0 ], [ 112.40969, -8.04407, 0.0 ], [ 112.409829999000067, -8.04407, 0.0 ], [ 112.41004, -8.04413, 0.0 ], [ 112.41011, -8.0442, 0.0 ], [ 112.410119999000017, -8.044419998999956, 0.0 ], [ 112.40997, -8.044739997999955, 0.0 ], [ 112.409809999000117, -8.044869998999957, 0.0 ], [ 112.40965, -8.0449, 0.0 ], [ 112.40912, -8.044929998999976, 0.0 ], [ 112.40889, -8.045119998999951, 0.0 ], [ 112.40883, -8.045249997999974, 0.0 ], [ 112.40878, -8.045499997999968, 0.0 ], [ 112.40871, -8.0458, 0.0 ], [ 112.40857999900004, -8.046029998999927, 0.0 ], [ 112.40845, -8.046149998999965, 0.0 ], [ 112.408320000000117, -8.04618, 0.0 ], [ 112.408189999000115, -8.046149998999965, 0.0 ], [ 112.407920000000104, -8.045989997999925, 0.0 ], [ 112.40777, -8.04594, 0.0 ], [ 112.4077, -8.046239998999965, 0.0 ], [ 112.40761, -8.046529998999972, 0.0 ], [ 112.40699999900005, -8.047549997999965, 0.0 ], [ 112.407039999000062, -8.04762999899998, 0.0 ], [ 112.40717, -8.04778, 0.0 ], [ 112.407429999000101, -8.04801, 0.0 ], [ 112.407690000000116, -8.048229997999954, 0.0 ], [ 112.40766, -8.04832, 0.0 ], [ 112.40754, -8.048559998999963, 0.0 ], [ 112.40748, -8.04886, 0.0 ], [ 112.40755, -8.04911999899997, 0.0 ], [ 112.407779999000013, -8.049369998999964, 0.0 ], [ 112.407859999000038, -8.049509998999952, 0.0 ], [ 112.407879999000102, -8.049659998999971, 0.0 ], [ 112.407650000000103, -8.04992, 0.0 ], [ 112.40707, -8.050239998999928, 0.0 ], [ 112.407059999000012, -8.05033999799997, 0.0 ], [ 112.40719, -8.050499998999953, 0.0 ], [ 112.407600000000116, -8.05111, 0.0 ], [ 112.40758, -8.051259998999967, 0.0 ], [ 112.4075, -8.051489997999965, 0.0 ], [ 112.407409999000038, -8.05154, 0.0 ], [ 112.40662, -8.051779997999972, 0.0 ], [ 112.4062, -8.05183, 0.0 ], [ 112.4057600000001, -8.05185999899993, 0.0 ], [ 112.4055800000001, -8.051929998999981, 0.0 ], [ 112.40545, -8.05208, 0.0 ], [ 112.40543, -8.05222, 0.0 ], [ 112.405459999000072, -8.052389998999956, 0.0 ], [ 112.40557, -8.052599998999938, 0.0 ], [ 112.4057, -8.052739998999925, 0.0 ], [ 112.40586999900006, -8.052989998999976, 0.0 ], [ 112.40605, -8.053169998999977, 0.0 ], [ 112.406319999000061, -8.05341, 0.0 ], [ 112.40617, -8.053629998999952, 0.0 ], [ 112.40577, -8.05404, 0.0 ], [ 112.405459999000072, -8.05431, 0.0 ], [ 112.40521, -8.054439998999953, 0.0 ], [ 112.404719999, -8.054659998999966, 0.0 ], [ 112.404630000000111, -8.05499, 0.0 ], [ 112.4046, -8.05526, 0.0 ], [ 112.404630000000111, -8.05579999899993, 0.0 ], [ 112.404699999000059, -8.056069998999931, 0.0 ], [ 112.40473820200009, -8.056461574999958, 0.0 ], [ 112.404647926000052, -8.056468157999973, 0.0 ], [ 112.403570030000083, -8.056896460999951, 0.0 ], [ 112.403120312000055, -8.057167719999939, 0.0 ], [ 112.403088799000102, -8.057319804999963, 0.0 ], [ 112.403074744000037, -8.057387633999952, 0.0 ], [ 112.403051672000061, -8.057498982999959, 0.0 ], [ 112.402956129000017, -8.0579600799999, 0.0 ], [ 112.402899022000042, -8.058045740999944, 0.0 ], [ 112.402549241000088, -8.058031463999953, 0.0 ], [ 112.402142353000045, -8.057681682999942, 0.0 ], [ 112.40197817100011, -8.057745928999964, 0.0 ], [ 112.401957904000028, -8.057813178999936, 0.0 ], [ 112.401927751000017, -8.05791323099993, 0.0 ], [ 112.401891459000012, -8.058033652999939, 0.0 ], [ 112.401821126000073, -8.058267030999957, 0.0 ], [ 112.401728327000114, -8.058538288999955, 0.0 ], [ 112.401521314000092, -8.058576359999961, 0.0 ], [ 112.401559385000041, -8.059547180999971, 0.0 ], [ 112.401553336, -8.059700124999949, 0.0 ], [ 112.401426136000055, -8.062916496999947, 0.0 ], [ 112.401311922000104, -8.067104348999976, 0.0 ], [ 112.401235779000103, -8.069902594999974, 0.0 ], [ 112.401121565000039, -8.070721128999935, 0.0 ], [ 112.400893136000036, -8.07237723399993, 0.0 ], [ 112.40083427400009, -8.073267013999953, 0.0 ], [ 112.400820394000107, -8.073668497999961, 0.0 ], [ 112.400778754000044, -8.074275260999968, 0.0 ], [ 112.400795505000019, -8.07594721199996, 0.0 ], [ 112.40072, -8.07615999899997, 0.0 ], [ 112.40061, -8.07646, 0.0 ], [ 112.400490000000104, -8.076839998999958, 0.0 ], [ 112.400429999000039, -8.07755, 0.0 ], [ 112.400389999000026, -8.07763, 0.0 ], [ 112.400190105000092, -8.077940945999956, 0.0 ], [ 112.399434635000034, -8.078053975999978, 0.0 ], [ 112.3992740220001, -8.078113462999966, 0.0 ], [ 112.39909556200007, -8.078274075999957, 0.0 ], [ 112.399006332000113, -8.078494176999925, 0.0 ], [ 112.398923051000111, -8.078488227999969, 0.0 ], [ 112.398750540000037, -8.078422792999959, 0.0 ], [ 112.39854828600005, -8.078416843999946, 0.0 ], [ 112.398399570000038, -8.078613149999967, 0.0 ], [ 112.398203264000017, -8.078696430999969, 0.0 ], [ 112.398012907000066, -8.078779711999971, 0.0 ], [ 112.3979415230001, -8.078630995999958, 0.0 ], [ 112.397876088000089, -8.078398997999955, 0.0 ], [ 112.397673834000102, -8.07837520399994, 0.0 ], [ 112.397412093000071, -8.07834546, 0.0 ], [ 112.397227685000075, -8.07830976799994, 0.0 ], [ 112.397031380000044, -8.078256230999955, 0.0 ], [ 112.396900509000034, -8.078232435999951, 0.0 ], [ 112.396829125000068, -8.078083719999938, 0.0 ], [ 112.39679938200004, -8.077881464999962, 0.0 ], [ 112.396739896000099, -8.077792235999937, 0.0 ], [ 112.396614974000045, -8.077827927999977, 0.0 ], [ 112.396603077, -8.07813725699998, 0.0 ], [ 112.396281849000047, -8.078125359999945, 0.0 ], [ 112.396258055000089, -8.07799449, 0.0 ], [ 112.396329439000056, -8.077708953999945, 0.0 ], [ 112.395853546000012, -8.077631621999956, 0.0 ], [ 112.395052491000115, -8.077345194999964, 0.0 ], [ 112.394129999000029, -8.077269998999952, 0.0 ], [ 112.39355, -8.07753, 0.0 ], [ 112.39316, -8.07767, 0.0 ], [ 112.39266, -8.07769, 0.0 ], [ 112.392119999000101, -8.0775, 0.0 ], [ 112.391570000000115, -8.07732, 0.0 ], [ 112.391049999000074, -8.07736, 0.0 ], [ 112.3907, -8.07739, 0.0 ], [ 112.39042, -8.07757, 0.0 ], [ 112.39016, -8.07783, 0.0 ], [ 112.389859999, -8.07818, 0.0 ], [ 112.389813013000094, -8.078266140999972, 0.0 ], [ 112.389497609000045, -8.078207451999958, 0.0 ], [ 112.3892025560001, -8.078216968999925, 0.0 ], [ 112.388869432000092, -8.078178897999976, 0.0 ], [ 112.388555343, -8.078093236999962, 0.0 ], [ 112.388269808000018, -8.078093236999962, 0.0 ], [ 112.388003308000066, -8.078093236999962, 0.0 ], [ 112.387527416000012, -8.078026612999963, 0.0 ], [ 112.387555969, -8.078264558999933, 0.0 ], [ 112.387555969, -8.07850250499996, 0.0 ], [ 112.387432237000098, -8.078588164999928, 0.0 ], [ 112.38708959500002, -8.078673825999942, 0.0 ], [ 112.386659999000017, -8.07871, 0.0 ], [ 112.38607, -8.078459998999961, 0.0 ], [ 112.3856, -8.07825, 0.0 ], [ 112.384680000000117, -8.07802, 0.0 ], [ 112.38371, -8.07774, 0.0 ], [ 112.382930000000101, -8.07752, 0.0 ], [ 112.3823000000001, -8.07745, 0.0 ], [ 112.38168, -8.07749, 0.0 ], [ 112.382349762000104, -8.07675373099994, 0.0 ], [ 112.379649411000059, -8.074995784999942, 0.0 ], [ 112.378307395000093, -8.074239115999944, 0.0 ], [ 112.377864815000066, -8.074096347999955, 0.0 ], [ 112.377365128000065, -8.073982133999948, 0.0 ], [ 112.375680000000102, -8.07307, 0.0 ], [ 112.37521, -8.07291, 0.0 ], [ 112.374999999000011, -8.072919998999964, 0.0 ], [ 112.37493, -8.07293, 0.0 ], [ 112.3747, -8.073679998999978, 0.0 ], [ 112.374629999000035, -8.07388, 0.0 ], [ 112.37403, -8.07444, 0.0 ], [ 112.373849999000072, -8.07465, 0.0 ], [ 112.37371, -8.0751, 0.0 ], [ 112.37363, -8.075359998999943, 0.0 ], [ 112.37308, -8.07607, 0.0 ], [ 112.373009999000033, -8.076139998999963, 0.0 ], [ 112.37287, -8.07628, 0.0 ], [ 112.3727, -8.07634, 0.0 ], [ 112.372189999000057, -8.0764, 0.0 ], [ 112.3721, -8.07642, 0.0 ], [ 112.37196, -8.07674, 0.0 ], [ 112.371899999000107, -8.07697, 0.0 ], [ 112.3722, -8.07739, 0.0 ], [ 112.37228, -8.0775, 0.0 ], [ 112.37224, -8.07763, 0.0 ], [ 112.37208, -8.07778, 0.0 ], [ 112.37193, -8.07784, 0.0 ], [ 112.371079999000017, -8.07774, 0.0 ], [ 112.37089, -8.07773, 0.0 ], [ 112.37072, -8.0778, 0.0 ], [ 112.37064, -8.07788, 0.0 ], [ 112.37064, -8.07802, 0.0 ], [ 112.37094, -8.07859, 0.0 ], [ 112.371079999000017, -8.078769998999974, 0.0 ], [ 112.37117, -8.07905, 0.0 ], [ 112.37119, -8.07938, 0.0 ], [ 112.371130000000107, -8.07947, 0.0 ], [ 112.37079, -8.0795, 0.0 ], [ 112.37035, -8.079649998999969, 0.0 ], [ 112.37, -8.07982, 0.0 ], [ 112.369889999000065, -8.07995, 0.0 ], [ 112.369780000000105, -8.0804, 0.0 ], [ 112.36975, -8.08057, 0.0 ], [ 112.36966, -8.08067, 0.0 ], [ 112.36953999900004, -8.0807, 0.0 ], [ 112.36943, -8.08062, 0.0 ], [ 112.36931, -8.08034, 0.0 ], [ 112.3692, -8.08014, 0.0 ], [ 112.369089999000039, -8.080059998999957, 0.0 ], [ 112.36893, -8.080039998999951, 0.0 ], [ 112.36884, -8.08011, 0.0 ], [ 112.368759999000076, -8.0803, 0.0 ], [ 112.36877, -8.08071, 0.0 ], [ 112.368719999000064, -8.08102, 0.0 ], [ 112.36863, -8.08112, 0.0 ], [ 112.36848, -8.081149998999933, 0.0 ], [ 112.368269999000063, -8.08103, 0.0 ], [ 112.36801, -8.08068, 0.0 ], [ 112.367899999000088, -8.08053, 0.0 ], [ 112.36776, -8.08046, 0.0 ], [ 112.3675, -8.08044, 0.0 ], [ 112.36734, -8.08049, 0.0 ], [ 112.36713, -8.08067, 0.0 ], [ 112.36698, -8.08081, 0.0 ], [ 112.36652, -8.08138, 0.0 ], [ 112.36624, -8.08179, 0.0 ], [ 112.36592, -8.08204, 0.0 ], [ 112.36576, -8.08214, 0.0 ], [ 112.365639999000109, -8.082359998999948, 0.0 ], [ 112.365519999000071, -8.08274999899993, 0.0 ], [ 112.36549, -8.08286, 0.0 ], [ 112.36539, -8.08294, 0.0 ], [ 112.36491, -8.08254, 0.0 ], [ 112.364510000000109, -8.08221, 0.0 ], [ 112.36428, -8.08208, 0.0 ], [ 112.36413, -8.08207, 0.0 ], [ 112.36339, -8.08246, 0.0 ], [ 112.36294, -8.08261, 0.0 ], [ 112.362869999000054, -8.08262, 0.0 ], [ 112.36275, -8.08247, 0.0 ], [ 112.36259, -8.082379998999954, 0.0 ], [ 112.36245, -8.082319998999935, 0.0 ], [ 112.36229, -8.08217, 0.0 ], [ 112.36232, -8.0819, 0.0 ], [ 112.36241, -8.08177, 0.0 ], [ 112.3629, -8.08146, 0.0 ], [ 112.36308, -8.08133, 0.0 ], [ 112.363279999000042, -8.08104, 0.0 ], [ 112.36336, -8.080839998999977, 0.0 ], [ 112.36335, -8.08036, 0.0 ], [ 112.36335, -8.08025, 0.0 ], [ 112.36344, -8.08016, 0.0 ], [ 112.36378, -8.08017, 0.0 ], [ 112.36401, -8.0802, 0.0 ], [ 112.3644, -8.08012, 0.0 ], [ 112.36454, -8.08007, 0.0 ], [ 112.36469000000011, -8.07952, 0.0 ], [ 112.364739999000108, -8.07936, 0.0 ], [ 112.36491, -8.079199998999968, 0.0 ], [ 112.36505000000011, -8.079179998999962, 0.0 ], [ 112.36538, -8.07917, 0.0 ], [ 112.365619999000046, -8.07915, 0.0 ], [ 112.36573, -8.07909, 0.0 ], [ 112.36578, -8.078749998999967, 0.0 ], [ 112.36616, -8.078, 0.0 ], [ 112.36626, -8.07785, 0.0 ], [ 112.36641, -8.07773, 0.0 ], [ 112.36659, -8.07742, 0.0 ], [ 112.3668, -8.076939998999933, 0.0 ], [ 112.36693, -8.07673, 0.0 ], [ 112.367179999000086, -8.07657, 0.0 ], [ 112.367390000000114, -8.076449998999976, 0.0 ], [ 112.36754, -8.07629, 0.0 ], [ 112.36758, -8.07523, 0.0 ], [ 112.36758, -8.07507, 0.0 ], [ 112.36769, -8.07494, 0.0 ], [ 112.36778, -8.07488, 0.0 ], [ 112.36806, -8.07492, 0.0 ], [ 112.36823, -8.074929998999949, 0.0 ], [ 112.368289999000012, -8.07486999899993, 0.0 ], [ 112.36828, -8.07471, 0.0 ], [ 112.36826, -8.07457, 0.0 ], [ 112.36851, -8.07424, 0.0 ], [ 112.36875, -8.07381, 0.0 ], [ 112.36886, -8.073429998999927, 0.0 ], [ 112.369069999000089, -8.073039998999946, 0.0 ], [ 112.369149999000115, -8.07289, 0.0 ], [ 112.36925, -8.07289, 0.0 ], [ 112.369499999000027, -8.07285, 0.0 ], [ 112.36966, -8.07284, 0.0 ], [ 112.36975, -8.07284, 0.0 ], [ 112.37018, -8.07287, 0.0 ], [ 112.3706, -8.0728, 0.0 ], [ 112.37109999900008, -8.0726, 0.0 ], [ 112.37128, -8.07245, 0.0 ], [ 112.37146, -8.072239998999976, 0.0 ], [ 112.371489999, -8.07209, 0.0 ], [ 112.371409999000093, -8.0718, 0.0 ], [ 112.371400000000108, -8.07163, 0.0 ], [ 112.37155, -8.071439998999949, 0.0 ], [ 112.37172, -8.071359998999981, 0.0 ], [ 112.37209, -8.07124, 0.0 ], [ 112.37235, -8.07116, 0.0 ], [ 112.37293000000011, -8.07069, 0.0 ], [ 112.373029999000096, -8.07057, 0.0 ], [ 112.373069999000109, -8.07041, 0.0 ], [ 112.37315, -8.070189998999979, 0.0 ], [ 112.37324, -8.07003, 0.0 ], [ 112.37332, -8.06971, 0.0 ], [ 112.37331, -8.069469998999978, 0.0 ], [ 112.37328, -8.06918, 0.0 ], [ 112.373379999, -8.06893, 0.0 ], [ 112.37345, -8.06866, 0.0 ], [ 112.37348, -8.06856, 0.0 ], [ 112.373849999000072, -8.06794999899995, 0.0 ], [ 112.3739, -8.06776, 0.0 ], [ 112.37398, -8.06773, 0.0 ], [ 112.374199999000098, -8.06773, 0.0 ], [ 112.37467, -8.06782, 0.0 ], [ 112.37479, -8.06777, 0.0 ], [ 112.37495, -8.06763, 0.0 ], [ 112.374999999000011, -8.06757, 0.0 ], [ 112.375230000000101, -8.06726, 0.0 ], [ 112.3753699990001, -8.067069998999955, 0.0 ], [ 112.37558, -8.06696, 0.0 ], [ 112.37602, -8.066699998999979, 0.0 ], [ 112.37610999900005, -8.06616, 0.0 ], [ 112.37624, -8.06595, 0.0 ], [ 112.37636, -8.065919998999959, 0.0 ], [ 112.376909999000077, -8.06593, 0.0 ], [ 112.37708, -8.065959998999972, 0.0 ], [ 112.377210000000105, -8.06591, 0.0 ], [ 112.37733, -8.06575, 0.0 ], [ 112.37749, -8.06539, 0.0 ], [ 112.3776, -8.06533, 0.0 ], [ 112.37803, -8.065119998999933, 0.0 ], [ 112.37821, -8.06488, 0.0 ], [ 112.3784, -8.06449, 0.0 ], [ 112.380491350000057, -8.064521442999933, 0.0 ], [ 112.383175382000104, -8.064293014999976, 0.0 ], [ 112.383313452000039, -8.062390147999963, 0.0 ], [ 112.38469744300005, -8.055625430999953, 0.0 ], [ 112.383149999000011, -8.055429998999955, 0.0 ], [ 112.38309, -8.05501, 0.0 ], [ 112.382842113000038, -8.053668383999934, 0.0 ], [ 112.382875822000074, -8.053571935999969, 0.0 ], [ 112.38295672400011, -8.053448203999949, 0.0 ], [ 112.382994795000059, -8.053376820999972, 0.0 ], [ 112.38301859, -8.053210257999979, 0.0 ], [ 112.383074861000068, -8.053003291999971, 0.0 ], [ 112.383209999000087, -8.05284, 0.0 ], [ 112.38334, -8.05255, 0.0 ], [ 112.3835, -8.0521, 0.0 ], [ 112.38357, -8.05193, 0.0 ], [ 112.384299999000064, -8.0512, 0.0 ], [ 112.38444, -8.050999998999941, 0.0 ], [ 112.38457, -8.050729998999941, 0.0 ], [ 112.3849, -8.05051, 0.0 ], [ 112.385139999000103, -8.05042, 0.0 ], [ 112.3858, -8.050259998999934, 0.0 ], [ 112.38615, -8.05018, 0.0 ], [ 112.38647, -8.04996, 0.0 ], [ 112.386779999000055, -8.04963, 0.0 ], [ 112.38714999900003, -8.04947, 0.0 ], [ 112.38781, -8.04919, 0.0 ], [ 112.38804, -8.049069998999926, 0.0 ], [ 112.38839, -8.04882, 0.0 ], [ 112.38847, -8.048739998999963, 0.0 ], [ 112.389140000000111, -8.04824, 0.0 ], [ 112.38921, -8.04819, 0.0 ], [ 112.38937, -8.04806, 0.0 ], [ 112.38954, -8.04787, 0.0 ], [ 112.3896, -8.04778, 0.0 ], [ 112.3900000000001, -8.04739, 0.0 ], [ 112.390242664000084, -8.047155162999957, 0.0 ], [ 112.39020245800009, -8.046411343999978, 0.0 ], [ 112.390773528000068, -8.045997317999934, 0.0 ], [ 112.391787179000062, -8.044869453999979, 0.0 ], [ 112.392401080000013, -8.044027123999967, 0.0 ], [ 112.392615231000036, -8.043784418999962, 0.0 ], [ 112.393300516000068, -8.043156241999952, 0.0 ], [ 112.393671712000014, -8.042685107999944, 0.0 ], [ 112.394057184000076, -8.042028376999951, 0.0 ], [ 112.394485487000111, -8.041471582999975, 0.0 ], [ 112.395013728000094, -8.041029003999938, 0.0 ], [ 112.395870334000051, -8.040572146999978, 0.0 ], [ 112.39645568100002, -8.040486486999953, 0.0 ], [ 112.396555618000093, -8.04041510299993, 0.0 ], [ 112.39682687700008, -8.040229504999957, 0.0 ], [ 112.397098136000068, -8.040186673999926, 0.0 ], [ 112.397683483000037, -8.039886861999946, 0.0 ], [ 112.398654303000058, -8.039801201999978, 0.0 ], [ 112.399125436000077, -8.039872585999944, 0.0 ], [ 112.399439525000048, -8.03978692499993, 0.0 ], [ 112.399924935000058, -8.039758370999948, 0.0 ], [ 112.40042462200006, -8.039801201999978, 0.0 ], [ 112.401067077000107, -8.039801201999978, 0.0 ], [ 112.40139544200008, -8.039729817999955, 0.0 ], [ 112.401752361000035, -8.039515665999943, 0.0 ], [ 112.401980790000039, -8.039158746999931, 0.0 ], [ 112.402023620000023, -8.038887488999933, 0.0 ], [ 112.402223495000044, -8.038873211999942, 0.0 ], [ 112.402851672000111, -8.038901764999935, 0.0 ], [ 112.403322806, -8.038973148999958, 0.0 ], [ 112.403965260000064, -8.039058809999972, 0.0 ], [ 112.404136581000103, -8.0391444699999, 0.0 ], [ 112.404293626000026, -8.039215853999963, 0.0 ], [ 112.405392937000101, -8.039372898999943, 0.0 ], [ 112.407077595000032, -8.039472835999959, 0.0 ], [ 112.408433888000104, -8.039444282999966, 0.0 ], [ 112.408990682000081, -8.039544219999925, 0.0 ], [ 112.409675966, -8.039715540999964, 0.0 ], [ 112.410472563000098, -8.040820910999969, 0.0 ] ] ] ] } },
{ "type": "Feature", "properties": { "OBJECTID": 116237.0, "KDPPUM": "35", "NAMOBJ": "Sumberurip", "REMARK": null, "KDPBPS": null, "FCODE": "BA03070040", "LUASWH": 17.88466931, "UUPP": "Hasil Delineasi Batas Desa 2019", "SRS_ID": "SRGI 2013", "METADATA": "TASWIL1000020200326DATA_BATAS_DESA_KELURAHAN", "KDEBPS": null, "KDEPUM": "35.05.18.2004", "KDCBPS": null, "KDCPUM": "35.05.18", "KDBBPS": null, "WADMKD": "Sumberurip", "WIADKD": null, "WADMKC": "Doko", "WIADKC": null, "WADMKK": "Blitar", "WIADKK": null, "WADMPR": "Jawa Timur", "WIADPR": null, "TIPADM": 1.0, "KDPKAB": "35.05", "SHAPE_Leng": 0.32768408918477399, "SHAPE_Area": 0.001467183423192 }, "geometry": { "type": "MultiPolygon", "coordinates": [ [ [ [ 112.465790857000115, -7.955619880999961, 0.0 ], [ 112.466644242000029, -7.956129893999957, 0.0 ], [ 112.46781154100006, -7.956862321999949, 0.0 ], [ 112.468902530000037, -7.95716843699995, 0.0 ], [ 112.470344487000034, -7.95727954299997, 0.0 ], [ 112.472636984000019, -7.957232906999934, 0.0 ], [ 112.472155244000078, -7.957697234999955, 0.0 ], [ 112.471776061000014, -7.958062711999958, 0.0 ], [ 112.471721607000063, -7.958115197999973, 0.0 ], [ 112.471031710000034, -7.958780158999957, 0.0 ], [ 112.47098, -7.95883, 0.0 ], [ 112.466829564000022, -7.96222039099996, 0.0 ], [ 112.466462558000103, -7.962520188999974, 0.0 ], [ 112.465599353000016, -7.963225319999935, 0.0 ], [ 112.46540999900003, -7.963379998999926, 0.0 ], [ 112.46361, -7.964799998999979, 0.0 ], [ 112.461141032000114, -7.967612859999974, 0.0 ], [ 112.46081, -7.96799, 0.0 ], [ 112.460271331000058, -7.968716318999952, 0.0 ], [ 112.460218390000023, -7.968787702999975, 0.0 ], [ 112.45836999900007, -7.971279998999933, 0.0 ], [ 112.45625, -7.973769998999956, 0.0 ], [ 112.454762893000066, -7.974900199999979, 0.0 ], [ 112.453999999000075, -7.975479998999958, 0.0 ], [ 112.453, -7.97673, 0.0 ], [ 112.45171, -7.978219998999975, 0.0 ], [ 112.451535047000107, -7.978370539999958, 0.0 ], [ 112.45085, -7.978959998999926, 0.0 ], [ 112.449873263000086, -7.979370227999937, 0.0 ], [ 112.448850000000107, -7.979799997999976, 0.0 ], [ 112.44775, -7.980449998999973, 0.0 ], [ 112.44666, -7.981769998999937, 0.0 ], [ 112.445729999000037, -7.98267999899997, 0.0 ], [ 112.445233314, -7.983051352999951, 0.0 ], [ 112.44465999900001, -7.98348, 0.0 ], [ 112.4437, -7.983969998999953, 0.0 ], [ 112.4428, -7.984709998999961, 0.0 ], [ 112.44176, -7.985769997999967, 0.0 ], [ 112.441640978, -7.986039781999978, 0.0 ], [ 112.441634219000093, -7.986055102999956, 0.0 ], [ 112.44161, -7.98610999899995, 0.0 ], [ 112.441459999000017, -7.98634, 0.0 ], [ 112.441169999000067, -7.986689998999964, 0.0 ], [ 112.44045, -7.987539998999978, 0.0 ], [ 112.440381208000076, -7.987652103999949, 0.0 ], [ 112.43991, -7.988419998999973, 0.0 ], [ 112.439489999000102, -7.988779998999973, 0.0 ], [ 112.43893, -7.989139998999974, 0.0 ], [ 112.438709999000025, -7.989259997999966, 0.0 ], [ 112.43808, -7.98947, 0.0 ], [ 112.43733, -7.9896, 0.0 ], [ 112.43727, -7.989639998999962, 0.0 ], [ 112.43702, -7.9899, 0.0 ], [ 112.4366500000001, -7.990389997999955, 0.0 ], [ 112.43653, -7.990579998999976, 0.0 ], [ 112.436465741, -7.990702538999926, 0.0 ], [ 112.435669999000083, -7.99222, 0.0 ], [ 112.435700000000111, -7.99235, 0.0 ], [ 112.435669999000083, -7.992429998999967, 0.0 ], [ 112.435616817000096, -7.992522826999959, 0.0 ], [ 112.43512, -7.99339, 0.0 ], [ 112.43492, -7.993529998999975, 0.0 ], [ 112.43473, -7.993559998999956, 0.0 ], [ 112.433719999, -7.993529998999975, 0.0 ], [ 112.43344, -7.993549998999981, 0.0 ], [ 112.433000000000106, -7.993649998999956, 0.0 ], [ 112.43182, -7.994339998999976, 0.0 ], [ 112.431198753000103, -7.994658018999928, 0.0 ], [ 112.43098, -7.994769998999971, 0.0 ], [ 112.43081, -7.995199998999965, 0.0 ], [ 112.430430000000115, -7.99582, 0.0 ], [ 112.430089999000074, -7.996119998999973, 0.0 ], [ 112.429940000000101, -7.996219997999958, 0.0 ], [ 112.42964, -7.99652, 0.0 ], [ 112.42932, -7.99676999899998, 0.0 ], [ 112.42897, -7.997109998999974, 0.0 ], [ 112.428649999000072, -7.997589998999956, 0.0 ], [ 112.428649999000072, -7.99769, 0.0 ], [ 112.42852, -7.99818, 0.0 ], [ 112.42839, -7.998219998999957, 0.0 ], [ 112.42813, -7.998209998999926, 0.0 ], [ 112.42808, -7.998249998999938, 0.0 ], [ 112.42786, -7.998539997999956, 0.0 ], [ 112.427749999000071, -7.998829998999952, 0.0 ], [ 112.42764000000011, -7.99913, 0.0 ], [ 112.42752, -7.99913, 0.0 ], [ 112.42721, -7.99913, 0.0 ], [ 112.42704, -7.999229998999965, 0.0 ], [ 112.42686, -7.999399998999934, 0.0 ], [ 112.426679999000044, -7.99967, 0.0 ], [ 112.426559999, -7.999849998999935, 0.0 ], [ 112.42618999900003, -8.00025, 0.0 ], [ 112.42596, -8.00079999899998, 0.0 ], [ 112.425859999000068, -8.0012, 0.0 ], [ 112.42572, -8.00132999799996, 0.0 ], [ 112.42552, -8.001549998999963, 0.0 ], [ 112.425489999000092, -8.00167, 0.0 ], [ 112.42561, -8.00186999899995, 0.0 ], [ 112.42571, -8.00201999899997, 0.0 ], [ 112.42567, -8.00208, 0.0 ], [ 112.42555, -8.002239998999926, 0.0 ], [ 112.42546, -8.002449998999964, 0.0 ], [ 112.425463647000015, -8.002516562999972, 0.0 ], [ 112.4255, -8.00318, 0.0 ], [ 112.42563, -8.003319998999928, 0.0 ], [ 112.425819999000055, -8.003549998999972, 0.0 ], [ 112.425799999000105, -8.00368999799997, 0.0 ], [ 112.42569, -8.003819998999973, 0.0 ], [ 112.425509999000042, -8.00395999899996, 0.0 ], [ 112.42529, -8.004039998999929, 0.0 ], [ 112.42518, -8.004079997999952, 0.0 ], [ 112.42481, -8.004229998999961, 0.0 ], [ 112.424800084000026, -8.004249830999981, 0.0 ], [ 112.42477, -8.00431, 0.0 ], [ 112.42474, -8.00455999899998, 0.0 ], [ 112.42478, -8.004749998999955, 0.0 ], [ 112.42486, -8.00507, 0.0 ], [ 112.424862137000105, -8.005086380999956, 0.0 ], [ 112.42492, -8.005529998999975, 0.0 ], [ 112.42488, -8.005649998999957, 0.0 ], [ 112.42478, -8.005729998999925, 0.0 ], [ 112.42442, -8.006009997999968, 0.0 ], [ 112.42425, -8.006119998999964, 0.0 ], [ 112.423909999000102, -8.00631, 0.0 ], [ 112.42394, -8.006449998999926, 0.0 ], [ 112.424, -8.006729998999958, 0.0 ], [ 112.42392, -8.006829998999933, 0.0 ], [ 112.42373, -8.006999998999959, 0.0 ], [ 112.42351, -8.007159997999963, 0.0 ], [ 112.42339, -8.007379998999966, 0.0 ], [ 112.423439999000038, -8.007449998999959, 0.0 ], [ 112.42362, -8.007549998999934, 0.0 ], [ 112.42392, -8.00762, 0.0 ], [ 112.4242, -8.00773, 0.0 ], [ 112.424239999000065, -8.007829998999966, 0.0 ], [ 112.424310000000105, -8.008099998999967, 0.0 ], [ 112.424350000000118, -8.008449998999936, 0.0 ], [ 112.424279999000078, -8.008529998999961, 0.0 ], [ 112.42411, -8.008689998999955, 0.0 ], [ 112.423829999000077, -8.008959998999956, 0.0 ], [ 112.423630000000117, -8.009149998999931, 0.0 ], [ 112.423450000000116, -8.009189997999954, 0.0 ], [ 112.42312, -8.00928, 0.0 ], [ 112.4229, -8.00953, 0.0 ], [ 112.422859436000067, -8.009614989999932, 0.0 ], [ 112.422690000000102, -8.009969997999974, 0.0 ], [ 112.42258, -8.010289998999951, 0.0 ], [ 112.42244, -8.01034999899997, 0.0 ], [ 112.422, -8.010509998999964, 0.0 ], [ 112.4208, -8.01185, 0.0 ], [ 112.42076, -8.012019998999961, 0.0 ], [ 112.42088, -8.01252999899998, 0.0 ], [ 112.420930000000112, -8.01282, 0.0 ], [ 112.42088, -8.01291, 0.0 ], [ 112.420689999000047, -8.013079998999956, 0.0 ], [ 112.42028, -8.01347, 0.0 ], [ 112.42019, -8.013619998999957, 0.0 ], [ 112.42017, -8.01392, 0.0 ], [ 112.42018, -8.014259998999933, 0.0 ], [ 112.41998, -8.014469998999971, 0.0 ], [ 112.41955, -8.014809998999965, 0.0 ], [ 112.419249999000044, -8.015079997999976, 0.0 ], [ 112.41916, -8.015239998999959, 0.0 ], [ 112.419169999000019, -8.01532, 0.0 ], [ 112.4193, -8.015439998999966, 0.0 ], [ 112.41951, -8.015529998999966, 0.0 ], [ 112.41963, -8.01563, 0.0 ], [ 112.41967000000011, -8.015729998999973, 0.0 ], [ 112.419539999000108, -8.01581, 0.0 ], [ 112.41916, -8.015979998999967, 0.0 ], [ 112.418770000000109, -8.01608, 0.0 ], [ 112.41855, -8.016179998999974, 0.0 ], [ 112.41822, -8.016319998999961, 0.0 ], [ 112.417914601, -8.016407995999941, 0.0 ], [ 112.417629999000042, -8.01649, 0.0 ], [ 112.41743, -8.016739998999981, 0.0 ], [ 112.417330000000106, -8.017009998999981, 0.0 ], [ 112.417279999000016, -8.01716, 0.0 ], [ 112.417244429000107, -8.017170162999946, 0.0 ], [ 112.41721, -8.01717999899995, 0.0 ], [ 112.4168, -8.017239998999969, 0.0 ], [ 112.41669, -8.017319998999938, 0.0 ], [ 112.41662, -8.017619998999976, 0.0 ], [ 112.41663, -8.017909998999926, 0.0 ], [ 112.41669, -8.01867, 0.0 ], [ 112.416650000000118, -8.01876, 0.0 ], [ 112.41653, -8.01887, 0.0 ], [ 112.416290000000117, -8.019019997999976, 0.0 ], [ 112.41596, -8.019109998999966, 0.0 ], [ 112.41577, -8.01919, 0.0 ], [ 112.415619999000114, -8.019339998999953, 0.0 ], [ 112.415530000000103, -8.01959, 0.0 ], [ 112.415480000000116, -8.02029, 0.0 ], [ 112.41543, -8.020439998999962, 0.0 ], [ 112.415289999000038, -8.020539998999936, 0.0 ], [ 112.41505, -8.02063, 0.0 ], [ 112.41469, -8.02067, 0.0 ], [ 112.414449999000112, -8.02074, 0.0 ], [ 112.414039999000011, -8.02103, 0.0 ], [ 112.41378, -8.02135999799998, 0.0 ], [ 112.41379, -8.02146, 0.0 ], [ 112.41398, -8.02178, 0.0 ], [ 112.414159999000049, -8.022019997999962, 0.0 ], [ 112.41423, -8.022309998999958, 0.0 ], [ 112.41419, -8.022409998999933, 0.0 ], [ 112.41398, -8.022549998999978, 0.0 ], [ 112.413749999000061, -8.02261, 0.0 ], [ 112.41322, -8.022739998999953, 0.0 ], [ 112.41313, -8.022859998999934, 0.0 ], [ 112.413140000000112, -8.022979998999972, 0.0 ], [ 112.4131900000001, -8.023089998999978, 0.0 ], [ 112.41331, -8.023339998999973, 0.0 ], [ 112.41333, -8.02347999899996, 0.0 ], [ 112.41325, -8.023549998999954, 0.0 ], [ 112.412869999, -8.02385, 0.0 ], [ 112.41281, -8.023969998999974, 0.0 ], [ 112.41283, -8.024049997999953, 0.0 ], [ 112.4131, -8.02437, 0.0 ], [ 112.4134, -8.024709998999981, 0.0 ], [ 112.4134, -8.02484, 0.0 ], [ 112.41322, -8.025079998999956, 0.0 ], [ 112.41308, -8.025179998999931, 0.0 ], [ 112.41243, -8.02558, 0.0 ], [ 112.41234, -8.025789998999926, 0.0 ], [ 112.41212, -8.02619, 0.0 ], [ 112.41185, -8.026379998999971, 0.0 ], [ 112.41168, -8.02666, 0.0 ], [ 112.41165, -8.026849998999978, 0.0 ], [ 112.41158, -8.027009998999972, 0.0 ], [ 112.411429999, -8.027109997999958, 0.0 ], [ 112.41108, -8.027349998999966, 0.0 ], [ 112.411039999000081, -8.027519998999935, 0.0 ], [ 112.41108, -8.02765, 0.0 ], [ 112.41119, -8.02774, 0.0 ], [ 112.41171, -8.027869998999961, 0.0 ], [ 112.41169, -8.028229998999961, 0.0 ], [ 112.41161000000011, -8.028469998999981, 0.0 ], [ 112.41149, -8.02887, 0.0 ], [ 112.41146737400004, -8.028951450999955, 0.0 ], [ 112.411294459000032, -8.029185649999931, 0.0 ], [ 112.411104102000081, -8.029328417999977, 0.0 ], [ 112.410937539000088, -8.029471184999977, 0.0 ], [ 112.410818566000103, -8.029602055999931, 0.0 ], [ 112.410806669000067, -8.029685336999933, 0.0 ], [ 112.410961334000035, -8.030077947999928, 0.0 ], [ 112.410961334000035, -8.030387277999978, 0.0 ], [ 112.410985129000096, -8.030541941999957, 0.0 ], [ 112.411056512000073, -8.030744196999933, 0.0 ], [ 112.411071409000101, -8.030994403999955, 0.0 ], [ 112.411115999000117, -8.031160602999933, 0.0 ], [ 112.41102082000009, -8.031446137999978, 0.0 ], [ 112.410985129000096, -8.031600801999957, 0.0 ], [ 112.410961334000035, -8.031814953999969, 0.0 ], [ 112.410854258000086, -8.031933926999955, 0.0 ], [ 112.410699593000118, -8.031993412999952, 0.0 ], [ 112.410497339000017, -8.03208859199998, 0.0 ], [ 112.410382283000104, -8.032310786999972, 0.0 ], [ 112.410363195000059, -8.032511243999977, 0.0 ], [ 112.41034, -8.032709997999973, 0.0 ], [ 112.410306982000066, -8.032909505999953, 0.0 ], [ 112.410223701000064, -8.03311176099993, 0.0 ], [ 112.410140420000062, -8.033195041999932, 0.0 ], [ 112.41005713900006, -8.033314014999974, 0.0 ], [ 112.410045241000034, -8.033516267999971, 0.0 ], [ 112.410091401000045, -8.033700905999979, 0.0 ], [ 112.41077, -8.03414, 0.0 ], [ 112.41081, -8.034269997999957, 0.0 ], [ 112.41078, -8.034419998999965, 0.0 ], [ 112.41068, -8.034949998999934, 0.0 ], [ 112.41056, -8.03515, 0.0 ], [ 112.410556826000061, -8.035153172999969, 0.0 ], [ 112.410556826000061, -8.035312761999933, 0.0 ], [ 112.410497339000017, -8.035776755999962, 0.0 ], [ 112.410735285000101, -8.036002804999953, 0.0 ], [ 112.410878053000033, -8.036347827999975, 0.0 ], [ 112.410818566000103, -8.036692848999962, 0.0 ], [ 112.410711491000029, -8.036942691999968, 0.0 ], [ 112.410568723000097, -8.037216329999978, 0.0 ], [ 112.410533031000114, -8.037454276999938, 0.0 ], [ 112.410640107000063, -8.037656530999925, 0.0 ], [ 112.410747182000023, -8.037799297999925, 0.0 ], [ 112.410818566000103, -8.038144319999958, 0.0 ], [ 112.410806669000067, -8.03835847199997, 0.0 ], [ 112.410711491000029, -8.03863211, 0.0 ], [ 112.410544928000036, -8.03890574899998, 0.0 ], [ 112.41036646900011, -8.039167487999975, 0.0 ], [ 112.410327815000073, -8.039525713999979, 0.0 ], [ 112.410440000000108, -8.039779998999961, 0.0 ], [ 112.41056, -8.040249998999968, 0.0 ], [ 112.410472563000098, -8.040820910999969, 0.0 ], [ 112.409675966, -8.039715540999964, 0.0 ], [ 112.408990682000081, -8.039544219999925, 0.0 ], [ 112.408433888000104, -8.039444282999966, 0.0 ], [ 112.407077595000032, -8.039472835999959, 0.0 ], [ 112.405392937000101, -8.039372898999943, 0.0 ], [ 112.404293626000026, -8.039215853999963, 0.0 ], [ 112.404136581000103, -8.0391444699999, 0.0 ], [ 112.403965260000064, -8.039058809999972, 0.0 ], [ 112.403322806, -8.038973148999958, 0.0 ], [ 112.402851672000111, -8.038901764999935, 0.0 ], [ 112.402223495000044, -8.038873211999942, 0.0 ], [ 112.402023620000023, -8.038887488999933, 0.0 ], [ 112.401980790000039, -8.039158746999931, 0.0 ], [ 112.401752361000035, -8.039515665999943, 0.0 ], [ 112.40139544200008, -8.039729817999955, 0.0 ], [ 112.401067077000107, -8.039801201999978, 0.0 ], [ 112.40042462200006, -8.039801201999978, 0.0 ], [ 112.399924935000058, -8.039758370999948, 0.0 ], [ 112.399439525000048, -8.03978692499993, 0.0 ], [ 112.399125436000077, -8.039872585999944, 0.0 ], [ 112.398654303000058, -8.039801201999978, 0.0 ], [ 112.397683483000037, -8.039886861999946, 0.0 ], [ 112.397098136000068, -8.040186673999926, 0.0 ], [ 112.39682687700008, -8.040229504999957, 0.0 ], [ 112.396555618000093, -8.04041510299993, 0.0 ], [ 112.39645568100002, -8.040486486999953, 0.0 ], [ 112.395870334000051, -8.040572146999978, 0.0 ], [ 112.395013728000094, -8.041029003999938, 0.0 ], [ 112.394485487000111, -8.041471582999975, 0.0 ], [ 112.394057184000076, -8.042028376999951, 0.0 ], [ 112.393671712000014, -8.042685107999944, 0.0 ], [ 112.393300516000068, -8.043156241999952, 0.0 ], [ 112.392615231000036, -8.043784418999962, 0.0 ], [ 112.392401080000013, -8.044027123999967, 0.0 ], [ 112.391787179000062, -8.044869453999979, 0.0 ], [ 112.390773528000068, -8.045997317999934, 0.0 ], [ 112.39020245800009, -8.046411343999978, 0.0 ], [ 112.390242664000084, -8.047155162999957, 0.0 ], [ 112.3900000000001, -8.04739, 0.0 ], [ 112.3896, -8.04778, 0.0 ], [ 112.38954, -8.04787, 0.0 ], [ 112.38937, -8.04806, 0.0 ], [ 112.38921, -8.04819, 0.0 ], [ 112.389140000000111, -8.04824, 0.0 ], [ 112.38847, -8.048739998999963, 0.0 ], [ 112.38839, -8.04882, 0.0 ], [ 112.38804, -8.049069998999926, 0.0 ], [ 112.38781, -8.04919, 0.0 ], [ 112.38714999900003, -8.04947, 0.0 ], [ 112.386779999000055, -8.04963, 0.0 ], [ 112.38647, -8.04996, 0.0 ], [ 112.38615, -8.05018, 0.0 ], [ 112.3858, -8.050259998999934, 0.0 ], [ 112.385139999000103, -8.05042, 0.0 ], [ 112.3849, -8.05051, 0.0 ], [ 112.38457, -8.050729998999941, 0.0 ], [ 112.38444, -8.050999998999941, 0.0 ], [ 112.384299999000064, -8.0512, 0.0 ], [ 112.38357, -8.05193, 0.0 ], [ 112.3835, -8.0521, 0.0 ], [ 112.38334, -8.05255, 0.0 ], [ 112.383209999000087, -8.05284, 0.0 ], [ 112.383074861000068, -8.053003291999971, 0.0 ], [ 112.383013831000085, -8.052991347999978, 0.0 ], [ 112.382985278000092, -8.052991347999978, 0.0 ], [ 112.382945120000045, -8.053042925999932, 0.0 ], [ 112.382866532000094, -8.053066932999968, 0.0 ], [ 112.382809197000029, -8.053119838999976, 0.0 ], [ 112.382747331000019, -8.053148391999969, 0.0 ], [ 112.382680707000077, -8.053186463999964, 0.0 ], [ 112.382604564000076, -8.053186463999964, 0.0 ], [ 112.382525815, -8.053171016999954, 0.0 ], [ 112.382433243000037, -8.053119838999976, 0.0 ], [ 112.382347582000079, -8.05310080299995, 0.0 ], [ 112.382242886000085, -8.05310080299995, 0.0 ], [ 112.382142948000023, -8.053119838999976, 0.0 ], [ 112.382052529000021, -8.053148391999969, 0.0 ], [ 112.381943074000105, -8.053172186999973, 0.0 ], [ 112.381795547000024, -8.053172186999973, 0.0 ], [ 112.381705128000021, -8.053172186999973, 0.0 ], [ 112.381605190000073, -8.053205498999944, 0.0 ], [ 112.381486217000088, -8.053305436999949, 0.0 ], [ 112.381414833, -8.053410132999943, 0.0 ], [ 112.381343449000042, -8.053510069999959, 0.0 ], [ 112.381248271000118, -8.053624284999955, 0.0 ], [ 112.38114, -8.05378, 0.0 ], [ 112.381046513000115, -8.053832352999962, 0.0 ], [ 112.380973187000109, -8.053873414999941, 0.0 ], [ 112.380800932000056, -8.053862230999925, 0.0 ], [ 112.380634370000053, -8.053843194999956, 0.0 ], [ 112.380520156000102, -8.053833676999943, 0.0 ], [ 112.380396424000082, -8.053871748999939, 0.0 ], [ 112.380306456000085, -8.05394, 0.0 ], [ 112.380229862000078, -8.053981203999967, 0.0 ], [ 112.380125165000095, -8.053985962999946, 0.0 ], [ 112.380063299000085, -8.053966926999976, 0.0 ], [ 112.379968121000047, -8.053909819999944, 0.0 ], [ 112.37988246000009, -8.05386699, 0.0 ], [ 112.379777764000096, -8.053857471999947, 0.0 ], [ 112.379687345000093, -8.053881265999962, 0.0 ], [ 112.379620720000048, -8.053905060999966, 0.0 ], [ 112.37955923100003, -8.053913369999975, 0.0 ], [ 112.379263860000037, -8.053720434999946, 0.0 ], [ 112.37902, -8.053339998999945, 0.0 ], [ 112.37872, -8.053009998999926, 0.0 ], [ 112.37844, -8.05269, 0.0 ], [ 112.37823, -8.05239, 0.0 ], [ 112.3779, -8.05213, 0.0 ], [ 112.377520000000118, -8.05187, 0.0 ], [ 112.37717, -8.05159, 0.0 ], [ 112.3767, -8.05124, 0.0 ], [ 112.37647, -8.050999998999941, 0.0 ], [ 112.376209999000025, -8.05072, 0.0 ], [ 112.37593, -8.05015, 0.0 ], [ 112.37571, -8.04969, 0.0 ], [ 112.37546, -8.049049998999976, 0.0 ], [ 112.37542, -8.04893, 0.0 ], [ 112.3754, -8.04855, 0.0 ], [ 112.375360000000114, -8.04808, 0.0 ], [ 112.375329999000087, -8.04763, 0.0 ], [ 112.37525, -8.046709998999972, 0.0 ], [ 112.375270000000114, -8.04612, 0.0 ], [ 112.3753, -8.04545, 0.0 ], [ 112.37529, -8.04479, 0.0 ], [ 112.375309999000024, -8.04423, 0.0 ], [ 112.37534, -8.04352, 0.0 ], [ 112.375349999000036, -8.04313, 0.0 ], [ 112.375360000000114, -8.04259, 0.0 ], [ 112.3753699990001, -8.04202, 0.0 ], [ 112.375349999000036, -8.0413, 0.0 ], [ 112.375349999000036, -8.040443600999936, 0.0 ], [ 112.375349999000036, -8.04038, 0.0 ], [ 112.37534, -8.04021, 0.0 ], [ 112.375329999000087, -8.03968, 0.0 ], [ 112.37534, -8.03907, 0.0 ], [ 112.375360000000114, -8.03845999899994, 0.0 ], [ 112.375389999000049, -8.03799, 0.0 ], [ 112.375429999000062, -8.03757, 0.0 ], [ 112.37547, -8.03711, 0.0 ], [ 112.37549, -8.03686, 0.0 ], [ 112.37565, -8.03676, 0.0 ], [ 112.37565, -8.0367, 0.0 ], [ 112.375739999000075, -8.03654, 0.0 ], [ 112.37596, -8.03646, 0.0 ], [ 112.37618, -8.03625, 0.0 ], [ 112.37634, -8.036179998999955, 0.0 ], [ 112.37643, -8.03607, 0.0 ], [ 112.376579999000114, -8.0358, 0.0 ], [ 112.376579999000114, -8.0357, 0.0 ], [ 112.37669, -8.035709998999948, 0.0 ], [ 112.37692, -8.035709998999948, 0.0 ], [ 112.37751, -8.03565, 0.0 ], [ 112.37801, -8.0356, 0.0 ], [ 112.37879, -8.03541, 0.0 ], [ 112.37953, -8.03529, 0.0 ], [ 112.379837587000111, -8.035272168999938, 0.0 ], [ 112.38022, -8.03525, 0.0 ], [ 112.38082, -8.03518, 0.0 ], [ 112.38172, -8.03509, 0.0 ], [ 112.38259, -8.03494, 0.0 ], [ 112.38322, -8.03463, 0.0 ], [ 112.383960000000116, -8.03411, 0.0 ], [ 112.384280000000103, -8.03374, 0.0 ], [ 112.38465, -8.03336, 0.0 ], [ 112.385130000000117, -8.032979998999963, 0.0 ], [ 112.38552, -8.03277, 0.0 ], [ 112.38607, -8.03262, 0.0 ], [ 112.38652, -8.03257, 0.0 ], [ 112.386759999000105, -8.0325, 0.0 ], [ 112.387250000000108, -8.03231, 0.0 ], [ 112.387459999000043, -8.03223, 0.0 ], [ 112.38767, -8.03219, 0.0 ], [ 112.387949999000057, -8.03218, 0.0 ], [ 112.388319999000032, -8.03216, 0.0 ], [ 112.3888, -8.03208, 0.0 ], [ 112.38911, -8.03203, 0.0 ], [ 112.38963, -8.03199, 0.0 ], [ 112.390130000000113, -8.03198, 0.0 ], [ 112.39051, -8.03194, 0.0 ], [ 112.390760000000114, -8.03188, 0.0 ], [ 112.3911, -8.03194, 0.0 ], [ 112.39119, -8.031809998999961, 0.0 ], [ 112.391459999000062, -8.031909998999936, 0.0 ], [ 112.39156, -8.031949998999949, 0.0 ], [ 112.39172, -8.031519998999954, 0.0 ], [ 112.39176, -8.03135, 0.0 ], [ 112.39201, -8.031029998999941, 0.0 ], [ 112.39213, -8.03094, 0.0 ], [ 112.3925, -8.03075999899994, 0.0 ], [ 112.392589999000052, -8.03067, 0.0 ], [ 112.39275, -8.03019, 0.0 ], [ 112.39285, -8.029979998999977, 0.0 ], [ 112.3932, -8.02975, 0.0 ], [ 112.393409999000028, -8.029589998999938, 0.0 ], [ 112.39355, -8.02941, 0.0 ], [ 112.39375, -8.02899, 0.0 ], [ 112.39394, -8.028709998999943, 0.0 ], [ 112.394140000000107, -8.028809998999975, 0.0 ], [ 112.39437, -8.02894, 0.0 ], [ 112.39478, -8.028379998999981, 0.0 ], [ 112.39508, -8.02815, 0.0 ], [ 112.395379999000056, -8.027969998999936, 0.0 ], [ 112.39546, -8.02785, 0.0 ], [ 112.39547, -8.02759, 0.0 ], [ 112.39551, -8.02734, 0.0 ], [ 112.39561, -8.027169998999966, 0.0 ], [ 112.39615999900002, -8.02681999899994, 0.0 ], [ 112.39623, -8.02679, 0.0 ], [ 112.39644, -8.02603, 0.0 ], [ 112.39644, -8.02517, 0.0 ], [ 112.39633, -8.02478, 0.0 ], [ 112.39631, -8.02435, 0.0 ], [ 112.39632, -8.02387, 0.0 ], [ 112.39631, -8.02361, 0.0 ], [ 112.39635, -8.023, 0.0 ], [ 112.39635, -8.02207999899997, 0.0 ], [ 112.39635, -8.022, 0.0 ], [ 112.39636, -8.02162999899997, 0.0 ], [ 112.3964, -8.02147, 0.0 ], [ 112.39679, -8.02106, 0.0 ], [ 112.39699, -8.02084, 0.0 ], [ 112.397229999000047, -8.020559998999943, 0.0 ], [ 112.39749, -8.02031, 0.0 ], [ 112.39785, -8.0201, 0.0 ], [ 112.39798999900006, -8.02016, 0.0 ], [ 112.398109999000098, -8.02022, 0.0 ], [ 112.398190000000113, -8.0202, 0.0 ], [ 112.39858, -8.0199, 0.0 ], [ 112.398889999000062, -8.01959, 0.0 ], [ 112.3992799990001, -8.01895, 0.0 ], [ 112.39933, -8.01887, 0.0 ], [ 112.399377143000038, -8.018824820999953, 0.0 ], [ 112.39956999900005, -8.01864, 0.0 ], [ 112.39987, -8.01838, 0.0 ], [ 112.40051, -8.017419998999969, 0.0 ], [ 112.40095, -8.01696, 0.0 ], [ 112.40149, -8.01667, 0.0 ], [ 112.401599999000041, -8.016619998999943, 0.0 ], [ 112.40266, -8.01589, 0.0 ], [ 112.40299, -8.01564, 0.0 ], [ 112.40298, -8.015449998999941, 0.0 ], [ 112.40294, -8.0153, 0.0 ], [ 112.40297, -8.01515, 0.0 ], [ 112.40323, -8.0149, 0.0 ], [ 112.403437790000112, -8.014780362999943, 0.0 ], [ 112.403519907000032, -8.014733082999953, 0.0 ], [ 112.40356, -8.014709998999933, 0.0 ], [ 112.403594540000086, -8.014696714999957, 0.0 ], [ 112.403662475000033, -8.014670585999966, 0.0 ], [ 112.40369, -8.01466, 0.0 ], [ 112.403919999000095, -8.014689998999927, 0.0 ], [ 112.40413, -8.014689998999927, 0.0 ], [ 112.404233676000104, -8.014565588999972, 0.0 ], [ 112.404289523000102, -8.014498572999969, 0.0 ], [ 112.40438, -8.01439, 0.0 ], [ 112.404429988000061, -8.014328250999938, 0.0 ], [ 112.404478167000093, -8.014268735999963, 0.0 ], [ 112.40455, -8.01418, 0.0 ], [ 112.404659999000046, -8.01415, 0.0 ], [ 112.404720151000106, -8.014164152999967, 0.0 ], [ 112.40483, -8.01419, 0.0 ], [ 112.40486128900011, -8.01420043, 0.0 ], [ 112.404997927000068, -8.014245975999927, 0.0 ], [ 112.40501, -8.01425, 0.0 ], [ 112.40519, -8.014219998999977, 0.0 ], [ 112.406030000000101, -8.01369, 0.0 ], [ 112.406101464000017, -8.013632998999981, 0.0 ], [ 112.406154449000041, -8.013590736999959, 0.0 ], [ 112.406195294000099, -8.013558157999967, 0.0 ], [ 112.406285783000044, -8.013485981999963, 0.0 ], [ 112.406332920000068, -8.013448384999947, 0.0 ], [ 112.40662730400004, -8.013213578999967, 0.0 ], [ 112.406706190000023, -8.013150657999972, 0.0 ], [ 112.406832101000077, -8.01305022899993, 0.0 ], [ 112.406833915000107, -8.013048781999942, 0.0 ], [ 112.406833954000035, -8.013048750999928, 0.0 ], [ 112.406835571000101, -8.013047461999975, 0.0 ], [ 112.40687, -8.01302, 0.0 ], [ 112.406989379000038, -8.012915779999958, 0.0 ], [ 112.4075, -8.01247, 0.0 ], [ 112.40804, -8.0118, 0.0 ], [ 112.408110747000023, -8.011661032999939, 0.0 ], [ 112.40812891600001, -8.011625342999935, 0.0 ], [ 112.40816954200011, -8.011545542999954, 0.0 ], [ 112.408191658000078, -8.011502099999973, 0.0 ], [ 112.408320000000117, -8.01125, 0.0 ], [ 112.408500000000117, -8.01095, 0.0 ], [ 112.408590000000117, -8.010809998999946, 0.0 ], [ 112.408642555000029, -8.010730492999926, 0.0 ], [ 112.408707004, -8.010632993999934, 0.0 ], [ 112.40872515500007, -8.010605534999968, 0.0 ], [ 112.408777526000108, -8.010526306999964, 0.0 ], [ 112.40898, -8.01022, 0.0 ], [ 112.40922, -8.00979, 0.0 ], [ 112.40969, -8.00916, 0.0 ], [ 112.41013, -8.00819, 0.0 ], [ 112.41034, -8.00754, 0.0 ], [ 112.410620000000108, -8.006479998999964, 0.0 ], [ 112.41099, -8.00532, 0.0 ], [ 112.41127, -8.00432, 0.0 ], [ 112.411622255000111, -8.003469268999936, 0.0 ], [ 112.411799999000095, -8.00304, 0.0 ], [ 112.412188300000025, -8.002275345999976, 0.0 ], [ 112.412372506000111, -8.001912601999948, 0.0 ], [ 112.41245, -8.001759998999944, 0.0 ], [ 112.41263, -8.00153, 0.0 ], [ 112.412733705000051, -8.001341445999969, 0.0 ], [ 112.41285, -8.00113, 0.0 ], [ 112.41302, -8.00078, 0.0 ], [ 112.413105391000045, -8.000688039999943, 0.0 ], [ 112.41315, -8.00064, 0.0 ], [ 112.413339999000073, -8.00054, 0.0 ], [ 112.41378, -8.00048, 0.0 ], [ 112.414090000000101, -8.00048, 0.0 ], [ 112.414220000000114, -8.00044, 0.0 ], [ 112.4143, -8.00041, 0.0 ], [ 112.4145, -8.00021, 0.0 ], [ 112.41465, -8.0, 0.0 ], [ 112.414819999000088, -7.99974, 0.0 ], [ 112.41501, -7.999319998999965, 0.0 ], [ 112.415030000000115, -7.99916, 0.0 ], [ 112.41501, -7.99875, 0.0 ], [ 112.41504, -7.99842, 0.0 ], [ 112.41515, -7.9981, 0.0 ], [ 112.41519, -7.99804, 0.0 ], [ 112.41520980700011, -7.9980129899999, 0.0 ], [ 112.41541, -7.99774, 0.0 ], [ 112.41556, -7.99755, 0.0 ], [ 112.41592, -7.99715, 0.0 ], [ 112.41617, -7.99678, 0.0 ], [ 112.416399999000078, -7.99637, 0.0 ], [ 112.416430000000105, -7.996299998999973, 0.0 ], [ 112.416560000000118, -7.9958, 0.0 ], [ 112.41657, -7.99574, 0.0 ], [ 112.41676, -7.99519, 0.0 ], [ 112.416889999000091, -7.995009998999933, 0.0 ], [ 112.417239999000117, -7.99491, 0.0 ], [ 112.41762, -7.99481, 0.0 ], [ 112.41807, -7.99463, 0.0 ], [ 112.41833, -7.9945, 0.0 ], [ 112.41873, -7.9941, 0.0 ], [ 112.4189, -7.99382, 0.0 ], [ 112.41906, -7.9933, 0.0 ], [ 112.41932, -7.992749998999955, 0.0 ], [ 112.41947, -7.99257, 0.0 ], [ 112.419839048000085, -7.992171189999965, 0.0 ], [ 112.42009, -7.9919, 0.0 ], [ 112.42105, -7.99073999899997, 0.0 ], [ 112.421859999000048, -7.99028, 0.0 ], [ 112.422369999000011, -7.99015, 0.0 ], [ 112.42257, -7.99012, 0.0 ], [ 112.423049999000114, -7.9896, 0.0 ], [ 112.42392, -7.988829998999961, 0.0 ], [ 112.42456, -7.98857, 0.0 ], [ 112.42573, -7.9886, 0.0 ], [ 112.42608, -7.98834, 0.0 ], [ 112.42685, -7.9874, 0.0 ], [ 112.427503407000017, -7.986782104999975, 0.0 ], [ 112.427621694000095, -7.98667024599996, 0.0 ], [ 112.428031701, -7.986282521999954, 0.0 ], [ 112.428438724000102, -7.985897619999946, 0.0 ], [ 112.42869, -7.98566, 0.0 ], [ 112.42923, -7.98494999899998, 0.0 ], [ 112.429580000000101, -7.98402, 0.0 ], [ 112.43, -7.98238, 0.0 ], [ 112.43051, -7.98161, 0.0 ], [ 112.431769999000039, -7.980639998999948, 0.0 ], [ 112.43257, -7.979509998999958, 0.0 ], [ 112.43415, -7.97841, 0.0 ], [ 112.43582, -7.97725, 0.0 ], [ 112.43859, -7.97602, 0.0 ], [ 112.43934, -7.975529998999946, 0.0 ], [ 112.440110000000118, -7.97485, 0.0 ], [ 112.44155, -7.972819998999967, 0.0 ], [ 112.44287, -7.9716, 0.0 ], [ 112.443580000000111, -7.97092, 0.0 ], [ 112.448149999000066, -7.968039998999927, 0.0 ], [ 112.45025, -7.966519998999956, 0.0 ], [ 112.452499999000111, -7.96475, 0.0 ], [ 112.454819999000051, -7.9632, 0.0 ], [ 112.45653, -7.96251, 0.0 ], [ 112.457720000000108, -7.96174, 0.0 ], [ 112.45888, -7.96083, 0.0 ], [ 112.46077, -7.9589, 0.0 ], [ 112.46203, -7.95793, 0.0 ], [ 112.46322, -7.95696, 0.0 ], [ 112.4648, -7.95532, 0.0 ], [ 112.465150000000108, -7.95498, 0.0 ], [ 112.465153662000034, -7.954976441999975, 0.0 ], [ 112.465156488000048, -7.954981671999974, 0.0 ], [ 112.465354858000069, -7.955359311999928, 0.0 ], [ 112.465790857000115, -7.955619880999961, 0.0 ] ] ] ] } },
{ "type": "Feature", "properties": { "OBJECTID": 116234.0, "KDPPUM": "35", "NAMOBJ": "Plumbangan", "REMARK": null, "KDPBPS": null, "FCODE": "BA03070040", "LUASWH": 7.06933455, "UUPP": "Hasil Delineasi Batas Desa 2019", "SRS_ID": "SRGI 2013", "METADATA": "TASWIL1000020200326DATA_BATAS_DESA_KELURAHAN", "KDEBPS": null, "KDEPUM": "35.05.18.2003", "KDCBPS": null, "KDCPUM": "35.05.18", "KDBBPS": null, "WADMKD": "Plumbangan", "WIADKD": null, "WADMKC": "Doko", "WIADKC": null, "WADMKK": "Blitar", "WIADKK": null, "WADMPR": "Jawa Timur", "WIADPR": null, "TIPADM": 1.0, "KDPKAB": "35.05", "SHAPE_Leng": 0.13875940528561301, "SHAPE_Area": 0.00058007528263599999 }, "geometry": { "type": "MultiPolygon", "coordinates": [ [ [ [ 112.379263860000037, -8.053720434999946, 0.0 ], [ 112.379211755000028, -8.053753334999953, 0.0 ], [ 112.379187717000036, -8.053815612999927, 0.0 ], [ 112.379130610000061, -8.053848925999944, 0.0 ], [ 112.379078262, -8.053853683999932, 0.0 ], [ 112.378978325000048, -8.053820371999961, 0.0 ], [ 112.378925977000108, -8.053796576999957, 0.0 ], [ 112.378868870000019, -8.053777541999978, 0.0 ], [ 112.378787968000097, -8.053758505999951, 0.0 ], [ 112.378702307000026, -8.053748987999938, 0.0 ], [ 112.378654718, -8.053748987999938, 0.0 ], [ 112.378621406000093, -8.053794517999961, 0.0 ], [ 112.378478638000047, -8.053858442999967, 0.0 ], [ 112.378416772000037, -8.053910791999954, 0.0 ], [ 112.378388218000055, -8.05394886299996, 0.0 ], [ 112.378364424000097, -8.053986933999965, 0.0 ], [ 112.37833111100008, -8.054058317999932, 0.0 ], [ 112.378288281000096, -8.054124942999977, 0.0 ], [ 112.378206508000062, -8.054165713999964, 0.0 ], [ 112.378065744000082, -8.054231109999932, 0.0 ], [ 112.377971099000092, -8.054248317999964, 0.0 ], [ 112.377901937000047, -8.054260892999935, 0.0 ], [ 112.377825180000059, -8.054308127999946, 0.0 ], [ 112.377750950000063, -8.054413349999948, 0.0 ], [ 112.377730616, -8.054470284999979, 0.0 ], [ 112.377689883000016, -8.054565328999956, 0.0 ], [ 112.377655914000115, -8.054644588999963, 0.0 ], [ 112.377596510000103, -8.054763909999963, 0.0 ], [ 112.377555358000109, -8.054820026999948, 0.0 ], [ 112.377511705000074, -8.054879552999978, 0.0 ], [ 112.377397491000011, -8.055031837999934, 0.0 ], [ 112.377226170000085, -8.055136533999928, 0.0 ], [ 112.376969188000089, -8.055231712999955, 0.0 ], [ 112.376807385, -8.055374480999944, 0.0 ], [ 112.376750278000031, -8.05553628399997, 0.0 ], [ 112.376594330000103, -8.05570864699996, 0.0 ], [ 112.376500289000091, -8.055726813999968, 0.0 ], [ 112.376217279000116, -8.055688568999926, 0.0 ], [ 112.376113454, -8.055666833999965, 0.0 ], [ 112.376037311, -8.055685868999944, 0.0 ], [ 112.375970686000073, -8.05572394099994, 0.0 ], [ 112.375951650000047, -8.055771529999959, 0.0 ], [ 112.375969815000076, -8.055869407999978, 0.0 ], [ 112.375939245000041, -8.055903798999964, 0.0 ], [ 112.375942132000091, -8.055985681999971, 0.0 ], [ 112.375913579000098, -8.056014234999964, 0.0 ], [ 112.375856472, -8.056042788999946, 0.0 ], [ 112.375373616000047, -8.055788872999926, 0.0 ], [ 112.375133116000029, -8.05566207499993, 0.0 ], [ 112.375033178000081, -8.055671592999943, 0.0 ], [ 112.374947518000113, -8.055719181999962, 0.0 ], [ 112.374809509000102, -8.055923815999961, 0.0 ], [ 112.374552527000105, -8.056218868999963, 0.0 ], [ 112.374252715000011, -8.056699519999938, 0.0 ], [ 112.374043323000024, -8.057232518999967, 0.0 ], [ 112.37393, -8.05766, 0.0 ], [ 112.373615408000092, -8.058053238999946, 0.0 ], [ 112.373486529000047, -8.058117678999963, 0.0 ], [ 112.37332948400001, -8.058208097999966, 0.0 ], [ 112.373243824000042, -8.058260445999963, 0.0 ], [ 112.373162922, -8.058360383999968, 0.0 ], [ 112.37310105600011, -8.058503150999968, 0.0 ], [ 112.373058226000012, -8.058574534999934, 0.0 ], [ 112.373010637000107, -8.058664954999927, 0.0 ], [ 112.372910699000045, -8.05873633799996, 0.0 ], [ 112.372829797, -8.05879820399997, 0.0 ], [ 112.372763173000067, -8.058893382999941, 0.0 ], [ 112.372536775000071, -8.05918072299994, 0.0 ], [ 112.372454677000064, -8.059265652999954, 0.0 ], [ 112.372392811000054, -8.05936559, 0.0 ], [ 112.372340462000011, -8.059532151999974, 0.0 ], [ 112.372245284000087, -8.059617812999932, 0.0 ], [ 112.372112034000111, -8.059684437999977, 0.0 ], [ 112.3719740250001, -8.059774856999979, 0.0 ], [ 112.371826499, -8.059965213999931, 0.0 ], [ 112.371531446000063, -8.06023171399994, 0.0 ], [ 112.371398196000087, -8.060307856999941, 0.0 ], [ 112.37126494600011, -8.060345927999947, 0.0 ], [ 112.371160250000116, -8.060393516999966, 0.0 ], [ 112.371041277000018, -8.060431588999961, 0.0 ], [ 112.370888991000015, -8.060464900999932, 0.0 ], [ 112.370735195000066, -8.06055611499994, 0.0 ], [ 112.370620227000018, -8.060599912999976, 0.0 ], [ 112.370489242000076, -8.060583873999974, 0.0 ], [ 112.370398822000084, -8.06059339199993, 0.0 ], [ 112.370313162000116, -8.060626703999958, 0.0 ], [ 112.370217983000089, -8.060688569999968, 0.0 ], [ 112.370094251000069, -8.060793266999951, 0.0 ], [ 112.370032385000059, -8.060845614999948, 0.0 ], [ 112.369975278000084, -8.060912239999936, 0.0 ], [ 112.369937207000021, -8.06101693599993, 0.0 ], [ 112.369918171000108, -8.061159703999977, 0.0 ], [ 112.36992293000003, -8.061273917999927, 0.0 ], [ 112.369913412000074, -8.061411926999938, 0.0 ], [ 112.369884859000081, -8.061492827999928, 0.0 ], [ 112.369803957000045, -8.061597524999968, 0.0 ], [ 112.369656430000077, -8.0617069799999, 0.0 ], [ 112.36949938600003, -8.061792639999965, 0.0 ], [ 112.369432761000098, -8.061916371999928, 0.0 ], [ 112.369380413000044, -8.062002032999942, 0.0 ], [ 112.369309029000078, -8.06209721099998, 0.0 ], [ 112.369204333000084, -8.062173353999981, 0.0 ], [ 112.369113913000092, -8.062206666999941, 0.0 ], [ 112.369052047000082, -8.062187630999972, 0.0 ], [ 112.368966387000114, -8.06213052399994, 0.0 ], [ 112.368847414000015, -8.062178112999959, 0.0 ], [ 112.36875, -8.06219, 0.0 ], [ 112.368638021000038, -8.06225425599996, 0.0 ], [ 112.368576155000028, -8.062320880999948, 0.0 ], [ 112.368500012000027, -8.062411299999951, 0.0 ], [ 112.36842862900005, -8.062501719999943, 0.0 ], [ 112.36837628, -8.062587379999968, 0.0 ], [ 112.368262066000057, -8.062711111999931, 0.0 ], [ 112.368157370000063, -8.06282056799995, 0.0 ], [ 112.368043156000113, -8.062872915999947, 0.0 ], [ 112.367976531000068, -8.062891950999926, 0.0 ], [ 112.367895629000031, -8.062920504999965, 0.0 ], [ 112.36781948700002, -8.062915745999931, 0.0 ], [ 112.367724308000106, -8.062910986999952, 0.0 ], [ 112.367652924000026, -8.062915745999931, 0.0 ], [ 112.367600576000086, -8.062977611999941, 0.0 ], [ 112.36758, -8.063051943999938, 0.0 ], [ 112.367529192, -8.063129896999953, 0.0 ], [ 112.367495880000092, -8.063225075999981, 0.0 ], [ 112.36746, -8.06331, 0.0 ], [ 112.36737, -8.06347, 0.0 ], [ 112.367099999000061, -8.06413, 0.0 ], [ 112.36637999900006, -8.06524, 0.0 ], [ 112.366215468000064, -8.065310512999929, 0.0 ], [ 112.366007130000071, -8.065233657999954, 0.0 ], [ 112.365778702000057, -8.065262211999936, 0.0 ], [ 112.365597863000062, -8.065376425999943, 0.0 ], [ 112.365455095000016, -8.065414496999949, 0.0 ], [ 112.365312328000073, -8.065500157999963, 0.0 ], [ 112.365255221000098, -8.06561437199997, 0.0 ], [ 112.365245703000028, -8.065709549999951, 0.0 ], [ 112.365236185000072, -8.065890388999946, 0.0 ], [ 112.365129999000033, -8.06604, 0.0 ], [ 112.364988721000032, -8.066090263999968, 0.0 ], [ 112.364950650000083, -8.066175924999925, 0.0 ], [ 112.364944334000029, -8.066267506999964, 0.0 ], [ 112.364819999000019, -8.06638, 0.0 ], [ 112.3645, -8.066679998999973, 0.0 ], [ 112.36427, -8.06688, 0.0 ], [ 112.36414, -8.06708, 0.0 ], [ 112.364037188000111, -8.067328459999942, 0.0 ], [ 112.363913205000017, -8.067365654999946, 0.0 ], [ 112.363741884000092, -8.067489386999966, 0.0 ], [ 112.363627669000039, -8.067641672999969, 0.0 ], [ 112.363446830000044, -8.067755886999976, 0.0 ], [ 112.363361170000076, -8.067936725999971, 0.0 ], [ 112.363313581000057, -8.068108046999953, 0.0 ], [ 112.363208884000073, -8.06822226099996, 0.0 ], [ 112.363151777000098, -8.068374546999962, 0.0 ], [ 112.363066117000017, -8.068498278999925, 0.0 ], [ 112.362923349000084, -8.06856490399997, 0.0 ], [ 112.362875760000065, -8.068622010999945, 0.0 ], [ 112.362858933000098, -8.068757607999942, 0.0 ], [ 112.362710000000106, -8.06886, 0.0 ], [ 112.36241, -8.06916, 0.0 ], [ 112.36224, -8.069429998999965, 0.0 ], [ 112.36215, -8.069509998999933, 0.0 ], [ 112.3618, -8.06969, 0.0 ], [ 112.36153, -8.06974, 0.0 ], [ 112.360680000000116, -8.06994, 0.0 ], [ 112.36011, -8.070169998999972, 0.0 ], [ 112.359925228000066, -8.070173418999957, 0.0 ], [ 112.35962065700005, -8.070287632999964, 0.0 ], [ 112.359449336000011, -8.070373293999978, 0.0 ], [ 112.359325604000105, -8.070487507999928, 0.0 ], [ 112.359201872000085, -8.070687382999949, 0.0 ], [ 112.35914476500011, -8.070792078999943, 0.0 ], [ 112.359105796000108, -8.070915481999975, 0.0 ], [ 112.35907, -8.070949998999936, 0.0 ], [ 112.35877, -8.071319998999968, 0.0 ], [ 112.358599999000035, -8.07135, 0.0 ], [ 112.357890000000111, -8.07145, 0.0 ], [ 112.357593356000052, -8.071572541999956, 0.0 ], [ 112.357469624000032, -8.071620131999964, 0.0 ], [ 112.357288785000037, -8.071724827999958, 0.0 ], [ 112.357107946000042, -8.071810487999926, 0.0 ], [ 112.356974696000066, -8.071858077999934, 0.0 ], [ 112.356793857000071, -8.072010362999947, 0.0 ], [ 112.356722891000118, -8.072106041999973, 0.0 ], [ 112.356508322000082, -8.072029398999973, 0.0 ], [ 112.356337001000043, -8.072153130999936, 0.0 ], [ 112.356241822000015, -8.072276862999956, 0.0 ], [ 112.356118090000109, -8.072448183999938, 0.0 ], [ 112.356051466000054, -8.072638540999947, 0.0 ], [ 112.355965805000096, -8.072752754999954, 0.0 ], [ 112.355804002000013, -8.072819379999942, 0.0 ], [ 112.355651716000011, -8.072876486999974, 0.0 ], [ 112.355508948000079, -8.073028772999976, 0.0 ], [ 112.355451841000104, -8.073162021999963, 0.0 ], [ 112.355464407000113, -8.073321184999941, 0.0 ], [ 112.35545, -8.073349998999959, 0.0 ], [ 112.355359999000029, -8.07345, 0.0 ], [ 112.35523, -8.07348, 0.0 ], [ 112.35506, -8.07345, 0.0 ], [ 112.35494, -8.07346, 0.0 ], [ 112.354830000000106, -8.07354, 0.0 ], [ 112.35453, -8.07373999899994, 0.0 ], [ 112.35436, -8.07381, 0.0 ], [ 112.35426, -8.07398, 0.0 ], [ 112.354191376000017, -8.074082934999979, 0.0 ], [ 112.353986093000117, -8.074170913999978, 0.0 ], [ 112.353852844000016, -8.074313680999978, 0.0 ], [ 112.353643451000039, -8.074389823999979, 0.0 ], [ 112.353415023000025, -8.07450403799993, 0.0 ], [ 112.353310326000042, -8.074656323999932, 0.0 ], [ 112.35329, -8.07498, 0.0 ], [ 112.353247635000116, -8.075082886999951, 0.0 ], [ 112.353091416000098, -8.075037037999948, 0.0 ], [ 112.352786845000082, -8.075075108999954, 0.0 ], [ 112.352615524000043, -8.07511318, 0.0 ], [ 112.352501310000093, -8.075246429999936, 0.0 ], [ 112.352344786000117, -8.075464201999978, 0.0 ], [ 112.352310000000102, -8.07547, 0.0 ], [ 112.35209, -8.07549, 0.0 ], [ 112.35198, -8.07558, 0.0 ], [ 112.351771252000049, -8.075781292999977, 0.0 ], [ 112.351682775000086, -8.075779428999965, 0.0 ], [ 112.351549525000109, -8.075760393999929, 0.0 ], [ 112.351416276, -8.07581750099996, 0.0 ], [ 112.351378204000071, -8.075912678999941, 0.0 ], [ 112.35124, -8.076119998999957, 0.0 ], [ 112.351195711000059, -8.076223339999956, 0.0 ], [ 112.351054597000029, -8.076274356999932, 0.0 ], [ 112.350959419000105, -8.07632194699994, 0.0 ], [ 112.350750026000014, -8.076417124999978, 0.0 ], [ 112.350692919000039, -8.076559892999967, 0.0 ], [ 112.350703215000067, -8.07672742699998, 0.0 ], [ 112.35065, -8.07677, 0.0 ], [ 112.35047, -8.07701, 0.0 ], [ 112.35032999900011, -8.07734, 0.0 ], [ 112.350298569000074, -8.077444767999964, 0.0 ], [ 112.350268706000065, -8.077544312999976, 0.0 ], [ 112.350074260000042, -8.077587819999962, 0.0 ], [ 112.349960045000103, -8.077721069999939, 0.0 ], [ 112.34976, -8.07781, 0.0 ], [ 112.34948999900007, -8.07779, 0.0 ], [ 112.34931, -8.07777, 0.0 ], [ 112.349079999000082, -8.07795, 0.0 ], [ 112.3488, -8.07814, 0.0 ], [ 112.34859, -8.07835, 0.0 ], [ 112.348480000000109, -8.07853, 0.0 ], [ 112.348419999000043, -8.07878999899998, 0.0 ], [ 112.348339999000018, -8.07892, 0.0 ], [ 112.34818, -8.07903, 0.0 ], [ 112.348029999, -8.07909, 0.0 ], [ 112.34779, -8.07946, 0.0 ], [ 112.3478, -8.07997, 0.0 ], [ 112.348, -8.08028, 0.0 ], [ 112.3482, -8.08057, 0.0 ], [ 112.34825, -8.0807, 0.0 ], [ 112.3482, -8.08083, 0.0 ], [ 112.348066653000046, -8.080963346999965, 0.0 ], [ 112.34804061400007, -8.081133612999963, 0.0 ], [ 112.347998973000017, -8.08127043199994, 0.0 ], [ 112.347957332000078, -8.08140130299995, 0.0 ], [ 112.347891897000068, -8.081508377999967, 0.0 ], [ 112.347826462000057, -8.081698734999975, 0.0 ], [ 112.347743181000055, -8.08188314299997, 0.0 ], [ 112.347600413, -8.082031859999972, 0.0 ], [ 112.347463594000033, -8.082067551999955, 0.0 ], [ 112.34731487800002, -8.082085397999947, 0.0 ], [ 112.347207802000071, -8.082144883999945, 0.0 ], [ 112.347154264000096, -8.082246010999938, 0.0 ], [ 112.347148316000016, -8.082347137999932, 0.0 ], [ 112.347243494000054, -8.082442316999959, 0.0 ], [ 112.347237545000098, -8.082513700999925, 0.0 ], [ 112.347124521000069, -8.082585083999959, 0.0 ], [ 112.346975805000056, -8.082620775999942, 0.0 ], [ 112.346827088000055, -8.082650519999959, 0.0 ], [ 112.346660526000051, -8.082650519999959, 0.0 ], [ 112.346559399000057, -8.082644570999946, 0.0 ], [ 112.346446375000028, -8.082650519999959, 0.0 ], [ 112.34635714500007, -8.082531546999974, 0.0 ], [ 112.346261966000043, -8.082466110999974, 0.0 ], [ 112.346059712000056, -8.082561289999944, 0.0 ], [ 112.345899099, -8.082638621999934, 0.0 ], [ 112.345786074000102, -8.08278139, 0.0 ], [ 112.345661153000037, -8.08294200399996, 0.0 ], [ 112.345603520000054, -8.083076478999942, 0.0 ], [ 112.3455, -8.083179998999981, 0.0 ], [ 112.34534, -8.08327, 0.0 ], [ 112.34517, -8.08327, 0.0 ], [ 112.344809999000063, -8.08313, 0.0 ], [ 112.344610000000102, -8.08307, 0.0 ], [ 112.34453, -8.08307, 0.0 ], [ 112.344440865000024, -8.083080226999925, 0.0 ], [ 112.344415880000042, -8.083187302999931, 0.0 ], [ 112.344412311000042, -8.083305085999939, 0.0 ], [ 112.344412311000042, -8.083430007999937, 0.0 ], [ 112.344412311000042, -8.083519237999951, 0.0 ], [ 112.344437295000034, -8.08365129799995, 0.0 ], [ 112.344684157000074, -8.084066693999944, 0.0 ], [ 112.34475, -8.08421, 0.0 ], [ 112.344818132000114, -8.08433299, 0.0 ], [ 112.344818898000085, -8.08449313899996, 0.0 ], [ 112.344754953, -8.084561441999938, 0.0 ], [ 112.344665724000038, -8.084607840999979, 0.0 ], [ 112.344607584000073, -8.08462058899994, 0.0 ], [ 112.344426588000033, -8.084625686999971, 0.0 ], [ 112.344332501000054, -8.084643635999953, 0.0 ], [ 112.344234702000108, -8.084684813999957, 0.0 ], [ 112.344182279000051, -8.084753143999933, 0.0 ], [ 112.344108930000061, -8.084871960999976, 0.0 ], [ 112.344115134000049, -8.085018716999969, 0.0 ], [ 112.344144622000044, -8.085161065999955, 0.0 ], [ 112.344180314000027, -8.085232449999978, 0.0 ], [ 112.344411577000074, -8.085297027999957, 0.0 ], [ 112.344801353000094, -8.085485861999928, 0.0 ], [ 112.344890583000051, -8.085571522999942, 0.0 ], [ 112.344940551000036, -8.085657183999956, 0.0 ], [ 112.344947690000026, -8.085742843999981, 0.0 ], [ 112.344929844000035, -8.085835642999939, 0.0 ], [ 112.344879875000061, -8.085921303999953, 0.0 ], [ 112.344829906000086, -8.085989117999929, 0.0 ], [ 112.344744246, -8.086053363999952, 0.0 ], [ 112.344672862000039, -8.086099762999936, 0.0 ], [ 112.344543122, -8.086139423999953, 0.0 ], [ 112.344476140000097, -8.086170730999982, 0.0 ], [ 112.344342295000047, -8.086295651999933, 0.0 ], [ 112.344250091000049, -8.086646622999979, 0.0 ], [ 112.344068657000093, -8.087051130999953, 0.0 ], [ 112.343922915, -8.087586509999937, 0.0 ], [ 112.343973479000056, -8.087773892999962, 0.0 ], [ 112.344134093000093, -8.087821481999981, 0.0 ], [ 112.344324449000055, -8.087756046999971, 0.0 ], [ 112.344553505000022, -8.087717870999938, 0.0 ], [ 112.344747459000018, -8.087730662999945, 0.0 ], [ 112.344880648000071, -8.087872044999926, 0.0 ], [ 112.344874943000036, -8.088004186999967, 0.0 ], [ 112.344847752000078, -8.088044972999967, 0.0 ], [ 112.344804922000094, -8.088112786999943, 0.0 ], [ 112.344744246, -8.088180601999966, 0.0 ], [ 112.344694277000031, -8.088251985999932, 0.0 ], [ 112.344625655000073, -8.088393384999961, 0.0 ], [ 112.344587201000081, -8.088491121999937, 0.0 ], [ 112.344544371000097, -8.088551797999969, 0.0 ], [ 112.344494402, -8.088594627999953, 0.0 ], [ 112.344423019000033, -8.088616042999945, 0.0 ], [ 112.344169916000055, -8.088567791999935, 0.0 ], [ 112.344014525000034, -8.088558915999954, 0.0 ], [ 112.343825676000051, -8.088612575999946, 0.0 ], [ 112.343757543000038, -8.088725478999947, 0.0 ], [ 112.343714713000054, -8.088949147999926, 0.0 ], [ 112.343719472000089, -8.08932034399993, 0.0 ], [ 112.343709954000019, -8.089425039999981, 0.0 ], [ 112.343582706, -8.089450098999976, 0.0 ], [ 112.343532949000064, -8.089436821999925, 0.0 ], [ 112.34343393600011, -8.089372691999927, 0.0 ], [ 112.343250720000015, -8.089329175999978, 0.0 ], [ 112.3432117750001, -8.089312137999968, 0.0 ], [ 112.342983347000086, -8.089255030999936, 0.0 ], [ 112.3426778810001, -8.08924686499995, 0.0 ], [ 112.342212401000097, -8.089569119999965, 0.0 ], [ 112.341869759000019, -8.089597672999957, 0.0 ], [ 112.341741268000078, -8.089669056999981, 0.0 ], [ 112.341627054000014, -8.089740440999947, 0.0 ], [ 112.341612777000023, -8.089883208999936, 0.0 ], [ 112.341484286000082, -8.090197297999964, 0.0 ], [ 112.341270135000059, -8.090311511999971, 0.0 ], [ 112.341041707000045, -8.090382894999948, 0.0 ], [ 112.340659072000108, -8.090382776999945, 0.0 ], [ 112.340655557000105, -8.090298899999937, 0.0 ], [ 112.340662178000116, -8.090123016999939, 0.0 ], [ 112.340704409000068, -8.089824991999933, 0.0 ], [ 112.340753854000013, -8.089530531999969, 0.0 ], [ 112.340750110000045, -8.089487475999931, 0.0 ], [ 112.34076782000011, -8.089397693999956, 0.0 ], [ 112.340814341000055, -8.089307815999973, 0.0 ], [ 112.340911135000056, -8.089174705999937, 0.0 ], [ 112.341000810000082, -8.089066741999943, 0.0 ], [ 112.341086882000013, -8.088958787999957, 0.0 ], [ 112.341111842000032, -8.08888333799996, 0.0 ], [ 112.341111534000106, -8.088790023999934, 0.0 ], [ 112.341078874, -8.088714762999928, 0.0 ], [ 112.340988500000094, -8.088610979999942, 0.0 ], [ 112.340901809000115, -8.088532304999944, 0.0 ], [ 112.34085119000008, -8.088471457999958, 0.0 ], [ 112.340738982000062, -8.088299554999935, 0.0 ], [ 112.340702746000034, -8.088231484999937, 0.0 ], [ 112.340673674000072, -8.088152620999949, 0.0 ], [ 112.340644449000024, -8.088027101999955, 0.0 ], [ 112.340644153000085, -8.087937377999936, 0.0 ], [ 112.340694036000059, -8.08777571, 0.0 ], [ 112.340754831000027, -8.087646306999943, 0.0 ], [ 112.340898025000115, -8.087387428999932, 0.0 ], [ 112.340912063000019, -8.08727612399997, 0.0 ], [ 112.340904695000063, -8.087225900999954, 0.0 ], [ 112.34088276600005, -8.087129070999936, 0.0 ], [ 112.340816913000026, -8.086817044999975, 0.0 ], [ 112.340834646000076, -8.0867344399999, 0.0 ], [ 112.34086298200009, -8.086590786999977, 0.0 ], [ 112.340855530000113, -8.08651544199995, 0.0 ], [ 112.340808418000051, -8.08642587199995, 0.0 ], [ 112.340775864000079, -8.086382909999941, 0.0 ], [ 112.340739556000017, -8.08629330499997, 0.0 ], [ 112.340714074000061, -8.086210841999957, 0.0 ], [ 112.340699350000023, -8.08611398599993, 0.0 ], [ 112.340730884000095, -8.085848297999974, 0.0 ], [ 112.340762, -8.085602000999927, 0.0 ], [ 112.340708797000048, -8.085406924999972, 0.0 ], [ 112.340728691000095, -8.085184340999945, 0.0 ], [ 112.340738546000011, -8.084897187999957, 0.0 ], [ 112.340727208000089, -8.084735719999969, 0.0 ], [ 112.340676010000038, -8.084499016999928, 0.0 ], [ 112.340625, -8.08428, 0.0 ], [ 112.340590595000094, -8.084137177999935, 0.0 ], [ 112.34055, -8.083939998999938, 0.0 ], [ 112.340525980000052, -8.083868941999981, 0.0 ], [ 112.340520152000067, -8.083844747999933, 0.0 ], [ 112.340376900000024, -8.083420984999975, 0.0 ], [ 112.340312, -8.083229, 0.0 ], [ 112.340143895000097, -8.082958985999937, 0.0 ], [ 112.34012, -8.08292, 0.0 ], [ 112.339989459000094, -8.082658917999936, 0.0 ], [ 112.339977988000101, -8.082625914999937, 0.0 ], [ 112.339967159000025, -8.082550110999932, 0.0 ], [ 112.33996735300002, -8.082503215999964, 0.0 ], [ 112.339967760000036, -8.082405362999964, 0.0 ], [ 112.3399690870001, -8.082370904999948, 0.0 ], [ 112.339964680000094, -8.082345077999946, 0.0 ], [ 112.339945874000023, -8.082320734999939, 0.0 ], [ 112.339925650000055, -8.08230357399998, 0.0 ], [ 112.339898243000107, -8.082292177999932, 0.0 ], [ 112.339843477000045, -8.082283744999927, 0.0 ], [ 112.339752723000061, -8.082282606999968, 0.0 ], [ 112.33967644400002, -8.082302954999932, 0.0 ], [ 112.339601649000087, -8.082336217999966, 0.0 ], [ 112.339430305000064, -8.082358313999976, 0.0 ], [ 112.33941014200002, -8.082359815999951, 0.0 ], [ 112.339303475000065, -8.082338629999981, 0.0 ], [ 112.339244322000013, -8.082310112999949, 0.0 ], [ 112.339215418000094, -8.08228149599995, 0.0 ], [ 112.339196531000084, -8.082232746999978, 0.0 ], [ 112.339167510000038, -8.081634834999932, 0.0 ], [ 112.33915760800005, -8.081543946999943, 0.0 ], [ 112.339138069000114, -8.081443518999947, 0.0 ], [ 112.33890903300005, -8.081152362999944, 0.0 ], [ 112.338699108000014, -8.080832432999955, 0.0 ], [ 112.338677281000059, -8.080765509999935, 0.0 ], [ 112.338667362000024, -8.08066983599997, 0.0 ], [ 112.338674233, -8.080569320999928, 0.0 ], [ 112.338730811, -8.080253302999949, 0.0 ], [ 112.33872807900002, -8.080152820999956, 0.0 ], [ 112.338691657000027, -8.080028522999953, 0.0 ], [ 112.338645751000058, -8.079940141999941, 0.0 ], [ 112.338592453000047, -8.079794364999941, 0.0 ], [ 112.338560904000019, -8.079691583999931, 0.0 ], [ 112.338551002000031, -8.079600694999954, 0.0 ], [ 112.338524097000118, -8.07945004499993, 0.0 ], [ 112.338490201000013, -8.079364019999957, 0.0 ], [ 112.338432205000117, -8.079249360999938, 0.0 ], [ 112.33823673400002, -8.078943738999953, 0.0 ], [ 112.338096875000019, -8.078757567999958, 0.0 ], [ 112.337995751000108, -8.078669370999933, 0.0 ], [ 112.33788986400009, -8.078593151999939, 0.0 ], [ 112.337817692000044, -8.078547927999978, 0.0 ], [ 112.337723819000075, -8.078474061999941, 0.0 ], [ 112.337634729000115, -8.078395394999973, 0.0 ], [ 112.337429673000088, -8.078094589999978, 0.0 ], [ 112.337214643000038, -8.077681360999975, 0.0 ], [ 112.337159134000103, -8.077593012999955, 0.0 ], [ 112.337101303000054, -8.077528599999937, 0.0 ], [ 112.33703631000003, -8.077476173999969, 0.0 ], [ 112.336935281000024, -8.077416687999971, 0.0 ], [ 112.336851065000019, -8.077359538999929, 0.0 ], [ 112.336771620000036, -8.077292803999967, 0.0 ], [ 112.336720976000038, -8.077223581999931, 0.0 ], [ 112.336690661000034, -8.07716871599996, 0.0 ], [ 112.336592972000062, -8.076991911999926, 0.0 ], [ 112.336556843000039, -8.076956139999936, 0.0 ], [ 112.336491873000114, -8.076910890999955, 0.0 ], [ 112.336424581000074, -8.076889576999974, 0.0 ], [ 112.336340555000106, -8.076889850999976, 0.0 ], [ 112.335958882000114, -8.076905453999927, 0.0 ], [ 112.335903672000086, -8.076908026999945, 0.0 ], [ 112.335855649000109, -8.076905790999945, 0.0 ], [ 112.335683160000031, -8.076862202999962, 0.0 ], [ 112.335671263000108, -8.076731332999941, 0.0 ], [ 112.335683160000031, -8.07650528399995, 0.0 ], [ 112.335695058000056, -8.076076980999972, 0.0 ], [ 112.33575454400011, -8.075839034999944, 0.0 ], [ 112.335921106000114, -8.075648677999936, 0.0 ], [ 112.33614551800008, -8.075458781999941, 0.0 ], [ 112.336401351000063, -8.075504603999946, 0.0 ], [ 112.336484735000113, -8.07528943799997, 0.0 ], [ 112.336540614000114, -8.075145247999956, 0.0 ], [ 112.336618888000089, -8.074872777999929, 0.0 ], [ 112.336683030000017, -8.074649500999953, 0.0 ], [ 112.336716418000037, -8.074068968999939, 0.0 ], [ 112.336722866000059, -8.073956850999934, 0.0 ], [ 112.336723907000078, -8.073938743999975, 0.0 ], [ 112.336801485000024, -8.073796953999931, 0.0 ], [ 112.336906310000018, -8.073605363999945, 0.0 ], [ 112.336968069000022, -8.073364394999942, 0.0 ], [ 112.337051350000024, -8.07300747599993, 0.0 ], [ 112.33719411800007, -8.07286470899993, 0.0 ], [ 112.337336886000116, -8.07300747599993, 0.0 ], [ 112.337392093000062, -8.073161609999943, 0.0 ], [ 112.337627018000035, -8.073182973999963, 0.0 ], [ 112.338048589000095, -8.07322131199993, 0.0 ], [ 112.338249184, -8.07323955399994, 0.0 ], [ 112.338417794000065, -8.073254886999962, 0.0 ], [ 112.338409322000075, -8.073127647999968, 0.0 ], [ 112.338398930000039, -8.072971571999972, 0.0 ], [ 112.338391275000049, -8.072856593999973, 0.0 ], [ 112.338390447000052, -8.072605366999937, 0.0 ], [ 112.338346348000073, -8.072336334999932, 0.0 ], [ 112.338344213000028, -8.072329298999932, 0.0 ], [ 112.338275427000099, -8.072102622999978, 0.0 ], [ 112.338251691000096, -8.072024402999944, 0.0 ], [ 112.338204335000114, -8.071859462999953, 0.0 ], [ 112.338084970000068, -8.071444246999931, 0.0 ], [ 112.338205470000048, -8.071444594999946, 0.0 ], [ 112.34007019, -8.071449985999948, 0.0 ], [ 112.340075, -8.07145, 0.0 ], [ 112.340075081, -8.071449628999972, 0.0 ], [ 112.340172190000089, -8.071010327999943, 0.0 ], [ 112.340735581000104, -8.070030211999949, 0.0 ], [ 112.340881144000036, -8.069776980999961, 0.0 ], [ 112.341049405000035, -8.070020353999951, 0.0 ], [ 112.34127632000002, -8.070001658999956, 0.0 ], [ 112.341526167000097, -8.070071991999953, 0.0 ], [ 112.341648939000038, -8.070007749999945, 0.0 ], [ 112.341642266, -8.070059235999963, 0.0 ], [ 112.341733177000037, -8.070049247999975, 0.0 ], [ 112.341923534000102, -8.070068283999944, 0.0 ], [ 112.342056783000089, -8.070211050999944, 0.0 ], [ 112.342418462000069, -8.070534657999929, 0.0 ], [ 112.342592579000097, -8.070686052999974, 0.0 ], [ 112.342630917000065, -8.07075821899997, 0.0 ], [ 112.342729355000074, -8.071123974999978, 0.0 ], [ 112.342740407000065, -8.071199306999972, 0.0 ], [ 112.342765828000097, -8.07126382499996, 0.0 ], [ 112.342823457, -8.071267226999964, 0.0 ], [ 112.342877496000028, -8.071274226999947, 0.0 ], [ 112.34307895500001, -8.071212552999953, 0.0 ], [ 112.343172405000018, -8.071158410999942, 0.0 ], [ 112.343258795000111, -8.07114736099993, 0.0 ], [ 112.343356072, -8.071161396999969, 0.0 ], [ 112.343428198000083, -8.071190661999935, 0.0 ], [ 112.343585210000015, -8.071254368999973, 0.0 ], [ 112.343619305000061, -8.071268203999978, 0.0 ], [ 112.343676970000047, -8.071282369999949, 0.0 ], [ 112.343698576000065, -8.071282298999961, 0.0 ], [ 112.343799252000053, -8.071235311999942, 0.0 ], [ 112.343827919000091, -8.071192149999945, 0.0 ], [ 112.343827419000036, -8.071041413999978, 0.0 ], [ 112.34381630900009, -8.070948136999959, 0.0 ], [ 112.343808715000023, -8.070829724999953, 0.0 ], [ 112.343819305000011, -8.070765087999973, 0.0 ], [ 112.343854912000097, -8.070642944999975, 0.0 ], [ 112.343846601000109, -8.070529224999973, 0.0 ], [ 112.343846, -8.070520998999939, 0.0 ], [ 112.343806853000046, -8.070266258999936, 0.0 ], [ 112.343766969000058, -8.070183841999949, 0.0 ], [ 112.343719860000078, -8.070094271999949, 0.0 ], [ 112.343719496000062, -8.069984475999945, 0.0 ], [ 112.343719467000028, -8.069975836999959, 0.0 ], [ 112.343757855000035, -8.069733563999932, 0.0 ], [ 112.343766972000026, -8.069676025999968, 0.0 ], [ 112.34380765700007, -8.069419252999978, 0.0 ], [ 112.343796272000077, -8.069243428999926, 0.0 ], [ 112.343781392000096, -8.069099918999939, 0.0 ], [ 112.343737801000088, -8.068985212999962, 0.0 ], [ 112.343687042000056, -8.0688813, 0.0 ], [ 112.343580677000091, -8.068700554999964, 0.0 ], [ 112.343545807000055, -8.068641300999957, 0.0 ], [ 112.343516868000052, -8.068601916999967, 0.0 ], [ 112.343498615000044, -8.068526607999956, 0.0 ], [ 112.34349837700006, -8.068454828999961, 0.0 ], [ 112.34354127000006, -8.068357783999943, 0.0 ], [ 112.34367717300006, -8.068073808999941, 0.0 ], [ 112.343804592000083, -8.067883263999931, 0.0 ], [ 112.343852759000015, -8.067811235999955, 0.0 ], [ 112.343866353000067, -8.06777933199993, 0.0 ], [ 112.343874199000084, -8.067760918999966, 0.0 ], [ 112.343899216000068, -8.067703412999947, 0.0 ], [ 112.343890860000101, -8.067501615999959, 0.0 ], [ 112.343887477000067, -8.067419920999953, 0.0 ], [ 112.343912541, -8.067376770999942, 0.0 ], [ 112.343944856, -8.067347952999967, 0.0 ], [ 112.344122893000076, -8.067283645999964, 0.0 ], [ 112.344275760000073, -8.067228428999954, 0.0 ], [ 112.344415797000011, -8.067105943999934, 0.0 ], [ 112.344473212000025, -8.067044743999929, 0.0 ], [ 112.344494640000107, -8.066990836999935, 0.0 ], [ 112.344532530000038, -8.066731857999969, 0.0 ], [ 112.344556288000035, -8.066569465999976, 0.0 ], [ 112.344568970000068, -8.066482785999938, 0.0 ], [ 112.34456914000009, -8.066481621999969, 0.0 ], [ 112.344576220000022, -8.066433227999937, 0.0 ], [ 112.344578133000027, -8.066420156999925, 0.0 ], [ 112.344589264000092, -8.066387577999933, 0.0 ], [ 112.344614406, -8.06631398299993, 0.0 ], [ 112.344616006000024, -8.066309301999979, 0.0 ], [ 112.344631120000031, -8.066265061999957, 0.0 ], [ 112.344639206000011, -8.066251983999962, 0.0 ], [ 112.344662582000069, -8.066214177999939, 0.0 ], [ 112.344685588000061, -8.066176970999948, 0.0 ], [ 112.344691844000067, -8.06616685299997, 0.0 ], [ 112.344706593000069, -8.066158065999957, 0.0 ], [ 112.344716836000089, -8.066151961999935, 0.0 ], [ 112.344788109000092, -8.066109498999936, 0.0 ], [ 112.344826899000054, -8.066086386999928, 0.0 ], [ 112.344833222000034, -8.066082621999954, 0.0 ], [ 112.344966677000116, -8.066009731999941, 0.0 ], [ 112.345001688000025, -8.065976028999955, 0.0 ], [ 112.345010111000079, -8.065967920999981, 0.0 ], [ 112.345036, -8.065942998999958, 0.0 ], [ 112.345065447000025, -8.065837049999971, 0.0 ], [ 112.345103338000058, -8.065700723999953, 0.0 ], [ 112.345111080000038, -8.065672867999979, 0.0 ], [ 112.345133, -8.065594000999965, 0.0 ], [ 112.345136403000083, -8.065581855999937, 0.0 ], [ 112.345190262000074, -8.065389631999949, 0.0 ], [ 112.345191000000113, -8.065387, 0.0 ], [ 112.34529804500005, -8.065236037999966, 0.0 ], [ 112.345360146000075, -8.065148458999943, 0.0 ], [ 112.345368716000053, -8.065139797999962, 0.0 ], [ 112.345785, -8.064719, 0.0 ], [ 112.345885716000112, -8.064629271999934, 0.0 ], [ 112.345890607000115, -8.064622404999966, 0.0 ], [ 112.346234110000069, -8.064140191999968, 0.0 ], [ 112.346271496000099, -8.064087709999967, 0.0 ], [ 112.346287246000088, -8.064059806999978, 0.0 ], [ 112.346632899000042, -8.063447458999974, 0.0 ], [ 112.346730150000099, -8.063270130999967, 0.0 ], [ 112.346892860000025, -8.062973295999939, 0.0 ], [ 112.346922101000018, -8.06291995, 0.0 ], [ 112.346990605000087, -8.062794976999953, 0.0 ], [ 112.34724, -8.06234, 0.0 ], [ 112.347332592000043, -8.062090000999945, 0.0 ], [ 112.347403196000073, -8.062062002999937, 0.0 ], [ 112.347449595000057, -8.062037018999945, 0.0 ], [ 112.347503133000032, -8.061951357999931, 0.0 ], [ 112.347510271000033, -8.061858558999973, 0.0 ], [ 112.347513360000107, -8.061781748999977, 0.0 ], [ 112.34751699100002, -8.061691456999938, 0.0 ], [ 112.347535256000015, -8.061619423999957, 0.0 ], [ 112.347567378, -8.061558746999935, 0.0 ], [ 112.347635959000058, -8.061501990999943, 0.0 ], [ 112.3477, -8.0614, 0.0 ], [ 112.34796, -8.06096, 0.0 ], [ 112.347968551, -8.060906129999978, 0.0 ], [ 112.347991070000035, -8.060764260999974, 0.0 ], [ 112.348063496, -8.060698571999978, 0.0 ], [ 112.348092050000105, -8.060634326999946, 0.0 ], [ 112.348124172000098, -8.060545096999931, 0.0 ], [ 112.348138449000089, -8.060463005999964, 0.0 ], [ 112.348138449000089, -8.060401660999958, 0.0 ], [ 112.348138449000089, -8.060370206999949, 0.0 ], [ 112.34814915700008, -8.060288114999935, 0.0 ], [ 112.348156295000081, -8.060213161999968, 0.0 ], [ 112.34814201800009, -8.060152485999936, 0.0 ], [ 112.34815272600008, -8.060070393999979, 0.0 ], [ 112.348168980000082, -8.059951018999925, 0.0 ], [ 112.348215589, -8.059904409999945, 0.0 ], [ 112.348202694000065, -8.059863380999957, 0.0 ], [ 112.348202694000065, -8.059809842999925, 0.0 ], [ 112.348220540000057, -8.059677782999927, 0.0 ], [ 112.348245525000038, -8.059652798999934, 0.0 ], [ 112.348299063000013, -8.059617106999951, 0.0 ], [ 112.348352601000101, -8.059588553999959, 0.0 ], [ 112.348438261000069, -8.059538584999927, 0.0 ], [ 112.348488230000044, -8.05944935499997, 0.0 ], [ 112.348527491000027, -8.059370832999946, 0.0 ], [ 112.348566752000011, -8.059313725999971, 0.0 ], [ 112.348655982000082, -8.059256618999939, 0.0 ], [ 112.348683240000014, -8.059243791999961, 0.0 ], [ 112.348716658000058, -8.059228064999957, 0.0 ], [ 112.348780903000034, -8.059188803999973, 0.0 ], [ 112.348870133000105, -8.05911385099995, 0.0 ], [ 112.349002193000047, -8.059074589999966, 0.0 ], [ 112.349096450000047, -8.059058590999939, 0.0 ], [ 112.349155669000083, -8.059049605999974, 0.0 ], [ 112.34919882600002, -8.059014571999967, 0.0 ], [ 112.349180653000076, -8.058938960999967, 0.0 ], [ 112.34922348300006, -8.058867576999944, 0.0 ], [ 112.349259175000043, -8.058835453999961, 0.0 ], [ 112.34933412800001, -8.058792623999977, 0.0 ], [ 112.349426927000081, -8.058753362999937, 0.0 ], [ 112.349466188000065, -8.058728377999955, 0.0 ], [ 112.349537572000031, -8.058728377999955, 0.0 ], [ 112.349626802000103, -8.058731947999945, 0.0 ], [ 112.349683909000078, -8.058717670999954, 0.0 ], [ 112.349767243000088, -8.058662057999982, 0.0 ], [ 112.349828959000092, -8.058588511999972, 0.0 ], [ 112.349837384000011, -8.058578471999965, 0.0 ], [ 112.349865938000107, -8.05848567299995, 0.0 ], [ 112.3498944910001, -8.058414289999973, 0.0 ], [ 112.3498980600001, -8.058292936999976, 0.0 ], [ 112.349865938000107, -8.058239398999945, 0.0 ], [ 112.349855230000117, -8.058153738999977, 0.0 ], [ 112.349887353000099, -8.058075215999963, 0.0 ], [ 112.349900528000035, -8.058057429999963, 0.0 ], [ 112.349958737000065, -8.057978847999948, 0.0 ], [ 112.350022982000041, -8.057911033999972, 0.0 ], [ 112.350093468000068, -8.057853613999953, 0.0 ], [ 112.350140765000106, -8.057775403999926, 0.0 ], [ 112.350201442000071, -8.057736142999943, 0.0 ], [ 112.350247841000055, -8.057771834999926, 0.0 ], [ 112.350297810000029, -8.057825372999957, 0.0 ], [ 112.350347779000117, -8.05785392699994, 0.0 ], [ 112.350404011000023, -8.057830925999951, 0.0 ], [ 112.350458423000077, -8.057775403999926, 0.0 ], [ 112.350459755000088, -8.057734107999977, 0.0 ], [ 112.350461993000067, -8.057664758999977, 0.0 ], [ 112.35049768500005, -8.05755411399997, 0.0 ], [ 112.350554792000025, -8.057475591999946, 0.0 ], [ 112.350610842000037, -8.057436525999947, 0.0 ], [ 112.350658298000099, -8.057397069999979, 0.0 ], [ 112.350697559000082, -8.057304270999964, 0.0 ], [ 112.350698589000103, -8.057223424999961, 0.0 ], [ 112.35067614400009, -8.057154364999974, 0.0 ], [ 112.350651160000098, -8.05707941199995, 0.0 ], [ 112.350654729000098, -8.057018735999975, 0.0 ], [ 112.350690421000081, -8.056983043999935, 0.0 ], [ 112.350751097000057, -8.056943782999952, 0.0 ], [ 112.350848855000095, -8.056930122999972, 0.0 ], [ 112.350862550000102, -8.056918129999929, 0.0 ], [ 112.350918849000095, -8.056868829999928, 0.0 ], [ 112.3509362960001, -8.056792129999963, 0.0 ], [ 112.350918849000095, -8.056708215999947, 0.0 ], [ 112.350933126000086, -8.056661816999963, 0.0 ], [ 112.351008079000053, -8.056618985999933, 0.0 ], [ 112.351065186000028, -8.056579724999949, 0.0 ], [ 112.351125862000117, -8.056536894999965, 0.0 ], [ 112.351300753000032, -8.05644052699995, 0.0 ], [ 112.35135786, -8.056411972999967, 0.0 ], [ 112.351418072000115, -8.056411926999942, 0.0 ], [ 112.351458976000117, -8.056404119999968, 0.0 ], [ 112.351482526000041, -8.05634747299996, 0.0 ], [ 112.351484868000057, -8.056295190999947, 0.0 ], [ 112.351486351000062, -8.056262066999977, 0.0 ], [ 112.351518473000056, -8.056179975999953, 0.0 ], [ 112.351625653000042, -8.056179726999972, 0.0 ], [ 112.351669024000103, -8.056120091999958, 0.0 ], [ 112.351736194000068, -8.056062191999956, 0.0 ], [ 112.351789411000027, -8.055954558999929, 0.0 ], [ 112.351814716000035, -8.055830194999942, 0.0 ], [ 112.351829359000021, -8.055794251999941, 0.0 ], [ 112.351853977000019, -8.055733826999926, 0.0 ], [ 112.351898784000014, -8.055673205999938, 0.0 ], [ 112.351914654000097, -8.055651734999969, 0.0 ], [ 112.352021729000057, -8.055551797999954, 0.0 ], [ 112.352082406000022, -8.055483982999931, 0.0 ], [ 112.352135944000111, -8.055409029999964, 0.0 ], [ 112.352218035000078, -8.055337645999941, 0.0 ], [ 112.352303696000035, -8.055284108999956, 0.0 ], [ 112.352352951000057, -8.055232115999956, 0.0 ], [ 112.352367941000011, -8.055216293999933, 0.0 ], [ 112.352385787000117, -8.055173463999949, 0.0 ], [ 112.352414340000109, -8.055127063999976, 0.0 ], [ 112.352453602000082, -8.055123494999975, 0.0 ], [ 112.352532998000015, -8.055119203999936, 0.0 ], [ 112.352585662000024, -8.055116356999974, 0.0 ], [ 112.352653476000114, -8.055073525999944, 0.0 ], [ 112.352696307000087, -8.054991434999977, 0.0 ], [ 112.352728429000081, -8.054948604999936, 0.0 ], [ 112.352796244000046, -8.054905773999963, 0.0 ], [ 112.352892612, -8.054827251999939, 0.0 ], [ 112.352914027000111, -8.054777282999964, 0.0 ], [ 112.352924782000059, -8.05469347899998, 0.0 ], [ 112.35296, -8.05467, 0.0 ], [ 112.353031994000048, -8.05462247, 0.0 ], [ 112.35399, -8.05399, 0.0 ], [ 112.35433, -8.05374, 0.0 ], [ 112.354559999000116, -8.05337, 0.0 ], [ 112.35479, -8.053029998999932, 0.0 ], [ 112.35511, -8.05279, 0.0 ], [ 112.355439999000055, -8.052539998999976, 0.0 ], [ 112.35606, -8.05231, 0.0 ], [ 112.35631, -8.052169998999943, 0.0 ], [ 112.35699000000011, -8.051369998999974, 0.0 ], [ 112.35719, -8.05113, 0.0 ], [ 112.357440000000111, -8.05094, 0.0 ], [ 112.35779, -8.05078, 0.0 ], [ 112.35804, -8.05066, 0.0 ], [ 112.35828, -8.05052, 0.0 ], [ 112.35878, -8.05036, 0.0 ], [ 112.35883, -8.05077, 0.0 ], [ 112.35894999900006, -8.05101, 0.0 ], [ 112.35909, -8.0513, 0.0 ], [ 112.359290000000101, -8.05168, 0.0 ], [ 112.35982, -8.052149998999937, 0.0 ], [ 112.36034, -8.05238, 0.0 ], [ 112.36066, -8.052559998999925, 0.0 ], [ 112.360919999000089, -8.052659998999957, 0.0 ], [ 112.36119, -8.05281, 0.0 ], [ 112.361580000000117, -8.052949998999964, 0.0 ], [ 112.36188, -8.05313, 0.0 ], [ 112.36231, -8.05331, 0.0 ], [ 112.3626, -8.05348, 0.0 ], [ 112.362854107000089, -8.053569280999966, 0.0 ], [ 112.36297, -8.05361, 0.0 ], [ 112.363239999000029, -8.05372, 0.0 ], [ 112.363700000000108, -8.053849998999965, 0.0 ], [ 112.364079999000069, -8.0539, 0.0 ], [ 112.364240000000109, -8.05391, 0.0 ], [ 112.36472, -8.05388, 0.0 ], [ 112.36526, -8.05389, 0.0 ], [ 112.36592, -8.05382, 0.0 ], [ 112.366319999000098, -8.05374, 0.0 ], [ 112.36688, -8.05362, 0.0 ], [ 112.367350000000101, -8.05339, 0.0 ], [ 112.36777, -8.05339, 0.0 ], [ 112.36795999900005, -8.0532, 0.0 ], [ 112.368200000000115, -8.053, 0.0 ], [ 112.368389999000101, -8.05285, 0.0 ], [ 112.36859, -8.05269, 0.0 ], [ 112.36871, -8.05255, 0.0 ], [ 112.36889, -8.05232, 0.0 ], [ 112.369049999000026, -8.0521, 0.0 ], [ 112.36927, -8.05174, 0.0 ], [ 112.3694, -8.0514, 0.0 ], [ 112.369479999000077, -8.05138, 0.0 ], [ 112.369640000000118, -8.05135, 0.0 ], [ 112.36988, -8.05129, 0.0 ], [ 112.37018, -8.05121, 0.0 ], [ 112.370590000000107, -8.05111, 0.0 ], [ 112.37097, -8.05101, 0.0 ], [ 112.371489999, -8.05087, 0.0 ], [ 112.37214, -8.05068, 0.0 ], [ 112.37226, -8.051039998999954, 0.0 ], [ 112.372659999, -8.05097, 0.0 ], [ 112.37309, -8.05091, 0.0 ], [ 112.373470000000111, -8.0508, 0.0 ], [ 112.3739, -8.05055, 0.0 ], [ 112.374280000000113, -8.05025, 0.0 ], [ 112.37467, -8.04974, 0.0 ], [ 112.374999999000011, -8.0493, 0.0 ], [ 112.375039999000023, -8.04925, 0.0 ], [ 112.375309999000024, -8.049, 0.0 ], [ 112.37542, -8.04893, 0.0 ], [ 112.37546, -8.049049998999976, 0.0 ], [ 112.37571, -8.04969, 0.0 ], [ 112.37593, -8.05015, 0.0 ], [ 112.376209999000025, -8.05072, 0.0 ], [ 112.37647, -8.050999998999941, 0.0 ], [ 112.3767, -8.05124, 0.0 ], [ 112.37717, -8.05159, 0.0 ], [ 112.377520000000118, -8.05187, 0.0 ], [ 112.3779, -8.05213, 0.0 ], [ 112.37823, -8.05239, 0.0 ], [ 112.37844, -8.05269, 0.0 ], [ 112.37872, -8.053009998999926, 0.0 ], [ 112.37902, -8.053339998999945, 0.0 ], [ 112.379263860000037, -8.053720434999946, 0.0 ] ] ] ] } },
{ "type": "Feature", "properties": { "OBJECTID": 116232.0, "KDPPUM": "35", "NAMOBJ": "Doko", "REMARK": null, "KDPBPS": null, "FCODE": "BA03070040", "LUASWH": 4.78623592, "UUPP": "Hasil Delineasi Batas Desa 2019", "SRS_ID": "SRGI 2013", "METADATA": "TASWIL1000020200326DATA_BATAS_DESA_KELURAHAN", "KDEBPS": null, "KDEPUM": "35.05.18.2006", "KDCBPS": null, "KDCPUM": "35.05.18", "KDBBPS": null, "WADMKD": "Doko", "WIADKD": null, "WADMKC": "Doko", "WIADKC": null, "WADMKK": "Blitar", "WIADKK": null, "WADMPR": "Jawa Timur", "WIADPR": null, "TIPADM": 1.0, "KDPKAB": "35.05", "SHAPE_Leng": 0.167622314099314, "SHAPE_Area": 0.00039272049144000002 }, "geometry": { "type": "MultiPolygon", "coordinates": [ [ [ [ 112.383149999000011, -8.055429998999955, 0.0 ], [ 112.38469744300005, -8.055625430999953, 0.0 ], [ 112.383313452000039, -8.062390147999963, 0.0 ], [ 112.383175382000104, -8.064293014999976, 0.0 ], [ 112.380491350000057, -8.064521442999933, 0.0 ], [ 112.3784, -8.06449, 0.0 ], [ 112.37821, -8.06488, 0.0 ], [ 112.37803, -8.065119998999933, 0.0 ], [ 112.3776, -8.06533, 0.0 ], [ 112.37749, -8.06539, 0.0 ], [ 112.37733, -8.06575, 0.0 ], [ 112.377210000000105, -8.06591, 0.0 ], [ 112.37708, -8.065959998999972, 0.0 ], [ 112.376909999000077, -8.06593, 0.0 ], [ 112.37636, -8.065919998999959, 0.0 ], [ 112.37624, -8.06595, 0.0 ], [ 112.37610999900005, -8.06616, 0.0 ], [ 112.37602, -8.066699998999979, 0.0 ], [ 112.37558, -8.06696, 0.0 ], [ 112.3753699990001, -8.067069998999955, 0.0 ], [ 112.375230000000101, -8.06726, 0.0 ], [ 112.374999999000011, -8.06757, 0.0 ], [ 112.37495, -8.06763, 0.0 ], [ 112.37479, -8.06777, 0.0 ], [ 112.37467, -8.06782, 0.0 ], [ 112.374199999000098, -8.06773, 0.0 ], [ 112.37398, -8.06773, 0.0 ], [ 112.3739, -8.06776, 0.0 ], [ 112.373849999000072, -8.06794999899995, 0.0 ], [ 112.37348, -8.06856, 0.0 ], [ 112.37345, -8.06866, 0.0 ], [ 112.373379999, -8.06893, 0.0 ], [ 112.37328, -8.06918, 0.0 ], [ 112.37331, -8.069469998999978, 0.0 ], [ 112.37332, -8.06971, 0.0 ], [ 112.37324, -8.07003, 0.0 ], [ 112.37315, -8.070189998999979, 0.0 ], [ 112.373069999000109, -8.07041, 0.0 ], [ 112.373029999000096, -8.07057, 0.0 ], [ 112.37293000000011, -8.07069, 0.0 ], [ 112.37235, -8.07116, 0.0 ], [ 112.37209, -8.07124, 0.0 ], [ 112.37172, -8.071359998999981, 0.0 ], [ 112.37155, -8.071439998999949, 0.0 ], [ 112.371400000000108, -8.07163, 0.0 ], [ 112.371409999000093, -8.0718, 0.0 ], [ 112.371489999, -8.07209, 0.0 ], [ 112.37146, -8.072239998999976, 0.0 ], [ 112.37128, -8.07245, 0.0 ], [ 112.37109999900008, -8.0726, 0.0 ], [ 112.3706, -8.0728, 0.0 ], [ 112.37018, -8.07287, 0.0 ], [ 112.36975, -8.07284, 0.0 ], [ 112.36966, -8.07284, 0.0 ], [ 112.369499999000027, -8.07285, 0.0 ], [ 112.36925, -8.07289, 0.0 ], [ 112.369149999000115, -8.07289, 0.0 ], [ 112.369069999000089, -8.073039998999946, 0.0 ], [ 112.36886, -8.073429998999927, 0.0 ], [ 112.36875, -8.07381, 0.0 ], [ 112.36851, -8.07424, 0.0 ], [ 112.36826, -8.07457, 0.0 ], [ 112.36828, -8.07471, 0.0 ], [ 112.368289999000012, -8.07486999899993, 0.0 ], [ 112.36823, -8.074929998999949, 0.0 ], [ 112.36806, -8.07492, 0.0 ], [ 112.36778, -8.07488, 0.0 ], [ 112.36769, -8.07494, 0.0 ], [ 112.36758, -8.07507, 0.0 ], [ 112.36758, -8.07523, 0.0 ], [ 112.36754, -8.07629, 0.0 ], [ 112.367390000000114, -8.076449998999976, 0.0 ], [ 112.367179999000086, -8.07657, 0.0 ], [ 112.36693, -8.07673, 0.0 ], [ 112.3668, -8.076939998999933, 0.0 ], [ 112.36659, -8.07742, 0.0 ], [ 112.36641, -8.07773, 0.0 ], [ 112.36626, -8.07785, 0.0 ], [ 112.36616, -8.078, 0.0 ], [ 112.36578, -8.078749998999967, 0.0 ], [ 112.36573, -8.07909, 0.0 ], [ 112.365619999000046, -8.07915, 0.0 ], [ 112.36538, -8.07917, 0.0 ], [ 112.36505000000011, -8.079179998999962, 0.0 ], [ 112.36491, -8.079199998999968, 0.0 ], [ 112.364739999000108, -8.07936, 0.0 ], [ 112.36469000000011, -8.07952, 0.0 ], [ 112.36454, -8.08007, 0.0 ], [ 112.3644, -8.08012, 0.0 ], [ 112.36401, -8.0802, 0.0 ], [ 112.36378, -8.08017, 0.0 ], [ 112.36344, -8.08016, 0.0 ], [ 112.36335, -8.08025, 0.0 ], [ 112.36335, -8.08036, 0.0 ], [ 112.36336, -8.080839998999977, 0.0 ], [ 112.363279999000042, -8.08104, 0.0 ], [ 112.36308, -8.08133, 0.0 ], [ 112.3629, -8.08146, 0.0 ], [ 112.36241, -8.08177, 0.0 ], [ 112.36232, -8.0819, 0.0 ], [ 112.36229, -8.08217, 0.0 ], [ 112.36245, -8.082319998999935, 0.0 ], [ 112.36259, -8.082379998999954, 0.0 ], [ 112.36275, -8.08247, 0.0 ], [ 112.362869999000054, -8.08262, 0.0 ], [ 112.36294, -8.08261, 0.0 ], [ 112.36339, -8.08246, 0.0 ], [ 112.36413, -8.08207, 0.0 ], [ 112.36428, -8.08208, 0.0 ], [ 112.364510000000109, -8.08221, 0.0 ], [ 112.36491, -8.08254, 0.0 ], [ 112.36539, -8.08294, 0.0 ], [ 112.36549, -8.08286, 0.0 ], [ 112.365519999000071, -8.08274999899993, 0.0 ], [ 112.365639999000109, -8.082359998999948, 0.0 ], [ 112.36576, -8.08214, 0.0 ], [ 112.36592, -8.08204, 0.0 ], [ 112.36624, -8.08179, 0.0 ], [ 112.36652, -8.08138, 0.0 ], [ 112.36698, -8.08081, 0.0 ], [ 112.36713, -8.08067, 0.0 ], [ 112.36734, -8.08049, 0.0 ], [ 112.3675, -8.08044, 0.0 ], [ 112.36776, -8.08046, 0.0 ], [ 112.367899999000088, -8.08053, 0.0 ], [ 112.36801, -8.08068, 0.0 ], [ 112.368269999000063, -8.08103, 0.0 ], [ 112.36848, -8.081149998999933, 0.0 ], [ 112.36863, -8.08112, 0.0 ], [ 112.368719999000064, -8.08102, 0.0 ], [ 112.36877, -8.08071, 0.0 ], [ 112.368759999000076, -8.0803, 0.0 ], [ 112.36884, -8.08011, 0.0 ], [ 112.36893, -8.080039998999951, 0.0 ], [ 112.369089999000039, -8.080059998999957, 0.0 ], [ 112.3692, -8.08014, 0.0 ], [ 112.36931, -8.08034, 0.0 ], [ 112.36943, -8.08062, 0.0 ], [ 112.36953999900004, -8.0807, 0.0 ], [ 112.36966, -8.08067, 0.0 ], [ 112.36975, -8.08057, 0.0 ], [ 112.369780000000105, -8.0804, 0.0 ], [ 112.369889999000065, -8.07995, 0.0 ], [ 112.37, -8.07982, 0.0 ], [ 112.37035, -8.079649998999969, 0.0 ], [ 112.37079, -8.0795, 0.0 ], [ 112.371130000000107, -8.07947, 0.0 ], [ 112.37119, -8.07938, 0.0 ], [ 112.37117, -8.07905, 0.0 ], [ 112.371079999000017, -8.078769998999974, 0.0 ], [ 112.37094, -8.07859, 0.0 ], [ 112.37064, -8.07802, 0.0 ], [ 112.37064, -8.07788, 0.0 ], [ 112.37072, -8.0778, 0.0 ], [ 112.37089, -8.07773, 0.0 ], [ 112.371079999000017, -8.07774, 0.0 ], [ 112.37193, -8.07784, 0.0 ], [ 112.37208, -8.07778, 0.0 ], [ 112.37224, -8.07763, 0.0 ], [ 112.37228, -8.0775, 0.0 ], [ 112.3722, -8.07739, 0.0 ], [ 112.371899999000107, -8.07697, 0.0 ], [ 112.37196, -8.07674, 0.0 ], [ 112.3721, -8.07642, 0.0 ], [ 112.372189999000057, -8.0764, 0.0 ], [ 112.3727, -8.07634, 0.0 ], [ 112.37287, -8.07628, 0.0 ], [ 112.373009999000033, -8.076139998999963, 0.0 ], [ 112.37308, -8.07607, 0.0 ], [ 112.37363, -8.075359998999943, 0.0 ], [ 112.37371, -8.0751, 0.0 ], [ 112.373849999000072, -8.07465, 0.0 ], [ 112.37403, -8.07444, 0.0 ], [ 112.374629999000035, -8.07388, 0.0 ], [ 112.3747, -8.073679998999978, 0.0 ], [ 112.37493, -8.07293, 0.0 ], [ 112.374999999000011, -8.072919998999964, 0.0 ], [ 112.37521, -8.07291, 0.0 ], [ 112.375680000000102, -8.07307, 0.0 ], [ 112.377365128000065, -8.073982133999948, 0.0 ], [ 112.377864815000066, -8.074096347999955, 0.0 ], [ 112.378307395000093, -8.074239115999944, 0.0 ], [ 112.379649411000059, -8.074995784999942, 0.0 ], [ 112.382349762000104, -8.07675373099994, 0.0 ], [ 112.38168, -8.07749, 0.0 ], [ 112.381727242000011, -8.077631224999948, 0.0 ], [ 112.381641581000054, -8.077773992999937, 0.0 ], [ 112.381491675, -8.077916760999926, 0.0 ], [ 112.381513090000112, -8.078080943999964, 0.0 ], [ 112.381627304000062, -8.07828795699993, 0.0 ], [ 112.381684411000037, -8.078452138999978, 0.0 ], [ 112.381655858000045, -8.078609183999959, 0.0 ], [ 112.381555920000096, -8.078744812999958, 0.0 ], [ 112.381327492000082, -8.078887580999947, 0.0 ], [ 112.381170448000034, -8.07892327299993, 0.0 ], [ 112.381091925000078, -8.079165977999935, 0.0 ], [ 112.380991988, -8.079372990999957, 0.0 ], [ 112.380792113000098, -8.07932064299996, 0.0 ], [ 112.38045898900009, -8.079244499999959, 0.0 ], [ 112.380187730000102, -8.07944437499998, 0.0 ], [ 112.380216284000085, -8.079972614999974, 0.0 ], [ 112.38008779300003, -8.080129658999965, 0.0 ], [ 112.379588106000028, -8.080472301999976, 0.0 ], [ 112.379573829000037, -8.081129032999968, 0.0 ], [ 112.379359678000014, -8.081871424999974, 0.0 ], [ 112.37883143800002, -8.082513878999976, 0.0 ], [ 112.378346027000021, -8.083441868999955, 0.0 ], [ 112.377689296000085, -8.084584009999958, 0.0 ], [ 112.377132502000109, -8.08542634, 0.0 ], [ 112.37677558300004, -8.085983133999946, 0.0 ], [ 112.376561922000064, -8.086738668999942, 0.0 ], [ 112.37675, -8.08682, 0.0 ], [ 112.377030120000086, -8.086956273999931, 0.0 ], [ 112.377120000000104, -8.086999998999943, 0.0 ], [ 112.37735, -8.08714, 0.0 ], [ 112.37763, -8.087489998999956, 0.0 ], [ 112.37763, -8.08775, 0.0 ], [ 112.377660000000105, -8.08803, 0.0 ], [ 112.37764, -8.08822, 0.0 ], [ 112.377480000000105, -8.08849, 0.0 ], [ 112.377379999000027, -8.08865, 0.0 ], [ 112.377359999000078, -8.088969998999971, 0.0 ], [ 112.377339999000014, -8.08951, 0.0 ], [ 112.377279999000052, -8.08989, 0.0 ], [ 112.3772, -8.090259998999954, 0.0 ], [ 112.376985452000099, -8.090115860999958, 0.0 ], [ 112.376717762000112, -8.089984989999948, 0.0 ], [ 112.376408432000062, -8.089907657999959, 0.0 ], [ 112.375970435000113, -8.08980078899998, 0.0 ], [ 112.375308121000103, -8.08973294599997, 0.0 ], [ 112.374992842000097, -8.089631818999976, 0.0 ], [ 112.374326593000092, -8.089381974999981, 0.0 ], [ 112.373142811000093, -8.088971517999937, 0.0 ], [ 112.371291915000029, -8.088269306999962, 0.0 ], [ 112.371247760000074, -8.088401357999942, 0.0 ], [ 112.371122955000033, -8.088661717999969, 0.0 ], [ 112.370916825000108, -8.088850760999946, 0.0 ], [ 112.370871444000045, -8.089102944999979, 0.0 ], [ 112.370659844000102, -8.089179125999976, 0.0 ], [ 112.370624152, -8.089414692999981, 0.0 ], [ 112.370674120000103, -8.089914379999925, 0.0 ], [ 112.370534589000044, -8.089951711999959, 0.0 ], [ 112.370388585000114, -8.089978624999958, 0.0 ], [ 112.370245817000068, -8.090035731999933, 0.0 ], [ 112.370152168000118, -8.090248659999929, 0.0 ], [ 112.369931729000086, -8.09018563799998, 0.0 ], [ 112.369724715000075, -8.090235606999954, 0.0 ], [ 112.369702244000109, -8.090483194999933, 0.0 ], [ 112.369610501000011, -8.09063535599995, 0.0 ], [ 112.3694283640001, -8.090629529999944, 0.0 ], [ 112.369203614000071, -8.090578248999975, 0.0 ], [ 112.368982324000058, -8.090706739999973, 0.0 ], [ 112.368875248000109, -8.090899476999937, 0.0 ], [ 112.36870392700007, -8.091013690999944, 0.0 ], [ 112.368468360000065, -8.091085074999967, 0.0 ], [ 112.368247070000052, -8.09111362799996, 0.0 ], [ 112.36811144100011, -8.091170734999935, 0.0 ], [ 112.368025780000039, -8.091491961999964, 0.0 ], [ 112.367904428000088, -8.091720390999967, 0.0 ], [ 112.367747383000051, -8.091641867999954, 0.0 ], [ 112.367583201000116, -8.091456269999981, 0.0 ], [ 112.367361911000103, -8.091334917999973, 0.0 ], [ 112.367119206000098, -8.091242118999958, 0.0 ], [ 112.366855085000111, -8.091056520999928, 0.0 ], [ 112.36647675100005, -8.090799538999931, 0.0 ], [ 112.365441686000054, -8.090235606999954, 0.0 ], [ 112.365034798000011, -8.089964347999967, 0.0 ], [ 112.364642187000072, -8.089793026999928, 0.0 ], [ 112.364592218000098, -8.089607428999955, 0.0 ], [ 112.364592218000098, -8.089357585999949, 0.0 ], [ 112.364577941000107, -8.08907205099996, 0.0 ], [ 112.364677879000055, -8.088879313999939, 0.0 ], [ 112.364777816000014, -8.088650885999925, 0.0 ], [ 112.364956276000044, -8.088351073999945, 0.0 ], [ 112.365141874000074, -8.087965600999951, 0.0 ], [ 112.365248949000033, -8.087665788999971, 0.0 ], [ 112.365261888000077, -8.087452826999936, 0.0 ], [ 112.365323754000087, -8.087086389999968, 0.0 ], [ 112.365390379000019, -8.086681881999937, 0.0 ], [ 112.365471280000065, -8.086458212999958, 0.0 ], [ 112.365614048000111, -8.086205989999939, 0.0 ], [ 112.365221584000096, -8.08585893399993, 0.0 ], [ 112.364979327000015, -8.086134605999973, 0.0 ], [ 112.364679515000034, -8.086343998999951, 0.0 ], [ 112.36429, -8.08651, 0.0 ], [ 112.364065614000083, -8.086686640999972, 0.0 ], [ 112.363913432000118, -8.086527116999946, 0.0 ], [ 112.36385, -8.08653, 0.0 ], [ 112.363629999000068, -8.08648, 0.0 ], [ 112.36315, -8.08703, 0.0 ], [ 112.36295, -8.08719, 0.0 ], [ 112.36263, -8.08746, 0.0 ], [ 112.36225, -8.08775, 0.0 ], [ 112.3618, -8.08812, 0.0 ], [ 112.36142, -8.08843, 0.0 ], [ 112.36072, -8.08871, 0.0 ], [ 112.35998, -8.0892, 0.0 ], [ 112.35985, -8.089339998999947, 0.0 ], [ 112.35968, -8.089729998999928, 0.0 ], [ 112.35944, -8.09045, 0.0 ], [ 112.359290000000101, -8.09078, 0.0 ], [ 112.359288116000016, -8.090782615999956, 0.0 ], [ 112.357784643000059, -8.088841024999965, 0.0 ], [ 112.357415827000068, -8.089257430999965, 0.0 ], [ 112.356309377000116, -8.08817477599996, 0.0 ], [ 112.35454857600007, -8.08628310499995, 0.0 ], [ 112.352938871000106, -8.084279796999965, 0.0 ], [ 112.353053085000056, -8.083658757999956, 0.0 ], [ 112.353181576000111, -8.083658757999956, 0.0 ], [ 112.353314825000098, -8.083620685999961, 0.0 ], [ 112.353443316000039, -8.083615926999926, 0.0 ], [ 112.353576566000015, -8.083653998999978, 0.0 ], [ 112.353719334000061, -8.083653998999978, 0.0 ], [ 112.353871619000074, -8.083568337999964, 0.0 ], [ 112.354119083000114, -8.083539784999971, 0.0 ], [ 112.354290404000039, -8.083506471999954, 0.0 ], [ 112.354461726000068, -8.08346364199997, 0.0 ], [ 112.354571361000012, -8.083402670999931, 0.0 ], [ 112.354647019000026, -8.083297624999943, 0.0 ], [ 112.354680636000012, -8.083125757999937, 0.0 ], [ 112.354690154000082, -8.082973472999981, 0.0 ], [ 112.354732984000066, -8.082821186999979, 0.0 ], [ 112.354794850000076, -8.082683178999957, 0.0 ], [ 112.354866234000042, -8.082540410999968, 0.0 ], [ 112.354994725000097, -8.082440473999952, 0.0 ], [ 112.35514701000011, -8.082378607999942, 0.0 ], [ 112.355223153000111, -8.082311982999954, 0.0 ], [ 112.355356403000087, -8.082283428999972, 0.0 ], [ 112.355537242000082, -8.082254875999979, 0.0 ], [ 112.355765670000096, -8.082188250999934, 0.0 ], [ 112.355851331000054, -8.082131143999959, 0.0 ], [ 112.355917956000098, -8.082059759999936, 0.0 ], [ 112.356017893000057, -8.081969339999944, 0.0 ], [ 112.356217768000079, -8.081902714999956, 0.0 ], [ 112.356484268000031, -8.081798018999962, 0.0 ], [ 112.356712696000045, -8.081574349999926, 0.0 ], [ 112.35689353500004, -8.081436340999971, 0.0 ], [ 112.356941124000059, -8.081322126999964, 0.0 ], [ 112.356979195, -8.081127010999978, 0.0 ], [ 112.357083892000105, -8.080974725999965, 0.0 ], [ 112.357221900000013, -8.080908100999977, 0.0 ], [ 112.357345632000033, -8.08087478799996, 0.0 ], [ 112.357497918000035, -8.080889064999951, 0.0 ], [ 112.35762284000009, -8.080839690999937, 0.0 ], [ 112.357712069000058, -8.080809947999967, 0.0 ], [ 112.357753710000111, -8.080774255999927, 0.0 ], [ 112.357831042000043, -8.080732615999977, 0.0 ], [ 112.357926221000071, -8.080714769999929, 0.0 ], [ 112.358027348000064, -8.080702871999961, 0.0 ], [ 112.358146321000049, -8.080625539999971, 0.0 ], [ 112.358259345000079, -8.08060769399998, 0.0 ], [ 112.358348575000036, -8.08063743699995, 0.0 ], [ 112.358485394000013, -8.080643385999963, 0.0 ], [ 112.358577235000098, -8.08060242099998, 0.0 ], [ 112.35864, -8.08053, 0.0 ], [ 112.35878, -8.08034, 0.0 ], [ 112.358909999000048, -8.08023, 0.0 ], [ 112.359060000000113, -8.08019, 0.0 ], [ 112.35922, -8.08019, 0.0 ], [ 112.359330000000114, -8.07999, 0.0 ], [ 112.35964, -8.07977, 0.0 ], [ 112.35976, -8.07968, 0.0 ], [ 112.35986, -8.07944, 0.0 ], [ 112.35986, -8.079239998999981, 0.0 ], [ 112.3598, -8.07902, 0.0 ], [ 112.359749999000087, -8.078889998999955, 0.0 ], [ 112.35984, -8.07864, 0.0 ], [ 112.360190000000102, -8.07832, 0.0 ], [ 112.36024, -8.07829, 0.0 ], [ 112.36038, -8.07822, 0.0 ], [ 112.36093, -8.07773, 0.0 ], [ 112.361090000000104, -8.07756, 0.0 ], [ 112.361229999000102, -8.077289998999959, 0.0 ], [ 112.361360000000104, -8.07707, 0.0 ], [ 112.36163999900009, -8.07666, 0.0 ], [ 112.361719999000115, -8.0764, 0.0 ], [ 112.361760000000118, -8.07629, 0.0 ], [ 112.36193, -8.07615, 0.0 ], [ 112.36223, -8.076019998999925, 0.0 ], [ 112.36241, -8.07598, 0.0 ], [ 112.36323, -8.07576, 0.0 ], [ 112.36336, -8.07568, 0.0 ], [ 112.3635, -8.07549, 0.0 ], [ 112.36355, -8.07531999899993, 0.0 ], [ 112.363430000000108, -8.07503, 0.0 ], [ 112.36345, -8.07488, 0.0 ], [ 112.36348, -8.07472, 0.0 ], [ 112.363642132000109, -8.074318182999946, 0.0 ], [ 112.363613579000116, -8.074132585999962, 0.0 ], [ 112.363634994000108, -8.073925571999951, 0.0 ], [ 112.363742070000058, -8.073718558999929, 0.0 ], [ 112.363934806000088, -8.073568652999938, 0.0 ], [ 112.364120404, -8.073404469999957, 0.0 ], [ 112.364191788000085, -8.073247425999966, 0.0 ], [ 112.36424889500006, -8.072976166999979, 0.0 ], [ 112.364327417000027, -8.07284053799998, 0.0 ], [ 112.364377386000115, -8.072683493999932, 0.0 ], [ 112.364455908000082, -8.07251217299995, 0.0 ], [ 112.364591537000024, -8.07231943599993, 0.0 ], [ 112.364741443000071, -8.0721695299999, 0.0 ], [ 112.364812827000037, -8.072091007999973, 0.0 ], [ 112.365112639000017, -8.071684119999929, 0.0 ], [ 112.365433867000093, -8.07109163399997, 0.0 ], [ 112.365548081000043, -8.0707561299999, 0.0 ], [ 112.365633741000011, -8.070527701999936, 0.0 ], [ 112.365826478000031, -8.070342103999963, 0.0 ], [ 112.365976384000078, -8.07016364499998, 0.0 ], [ 112.366076321000037, -8.070006599999942, 0.0 ], [ 112.36629047200006, -8.069771033999928, 0.0 ], [ 112.366854405000026, -8.069285622999928, 0.0 ], [ 112.367111387000023, -8.06904291799998, 0.0 ], [ 112.367311261000054, -8.068878735999931, 0.0 ], [ 112.367468306000092, -8.068707413999959, 0.0 ], [ 112.367689596000105, -8.068486124999936, 0.0 ], [ 112.36870443600003, -8.0679329, 0.0 ], [ 112.36926123, -8.066590883999936, 0.0 ], [ 112.370053590000111, -8.064834841999925, 0.0 ], [ 112.370638937000081, -8.063599900999975, 0.0 ], [ 112.371017272000017, -8.062750433999952, 0.0 ], [ 112.371745387000033, -8.061479801999951, 0.0 ], [ 112.372180828000069, -8.060823069999969, 0.0 ], [ 112.372759037000037, -8.060209168999961, 0.0 ], [ 112.372830421000117, -8.059987879999937, 0.0 ], [ 112.372916082000074, -8.059852249999949, 0.0 ], [ 112.372994604000041, -8.059802281999964, 0.0 ], [ 112.373215894000055, -8.059802281999964, 0.0 ], [ 112.373308693000013, -8.059773727999925, 0.0 ], [ 112.373408630000085, -8.059695205999958, 0.0 ], [ 112.373544259000028, -8.059580991999951, 0.0 ], [ 112.37364419700009, -8.059452500999953, 0.0 ], [ 112.373765549000041, -8.059373978999929, 0.0 ], [ 112.374065361000021, -8.059252625999932, 0.0 ], [ 112.374279513000033, -8.059031335999975, 0.0 ], [ 112.374479388000054, -8.05878863099997, 0.0 ], [ 112.374707816000068, -8.058567340999957, 0.0 ], [ 112.374829168000019, -8.058510233999925, 0.0 ], [ 112.375100427, -8.058474541999942, 0.0 ], [ 112.375328855000021, -8.058438849999959, 0.0 ], [ 112.375478761000068, -8.058374604999926, 0.0 ], [ 112.375742881000065, -8.05781781099995, 0.0 ], [ 112.3770618960001, -8.057146227999965, 0.0 ], [ 112.378346805000092, -8.056813103999957, 0.0 ], [ 112.379393768000114, -8.056527567999979, 0.0 ], [ 112.380060017, -8.055956497999944, 0.0 ], [ 112.380583498000078, -8.055623372999946, 0.0 ], [ 112.381974007000053, -8.055424822999953, 0.0 ], [ 112.382217901000104, -8.055442668999945, 0.0 ], [ 112.382319028000097, -8.055430770999976, 0.0 ], [ 112.382693794000033, -8.055424822999953, 0.0 ], [ 112.382937688000084, -8.055412924999928, 0.0 ], [ 112.383149999000011, -8.055429998999955, 0.0 ] ] ] ] } },
{ "type": "Feature", "properties": { "OBJECTID": 116228.0, "KDPPUM": "35", "NAMOBJ": "Genengan", "REMARK": null, "KDPBPS": null, "FCODE": "BA03070040", "LUASWH": 3.87477962, "UUPP": "Hasil Delineasi Batas Desa 2019", "SRS_ID": "SRGI 2013", "METADATA": "TASWIL1000020200326DATA_BATAS_DESA_KELURAHAN", "KDEBPS": null, "KDEPUM": "35.05.18.2005", "KDCBPS": null, "KDCPUM": "35.05.18", "KDBBPS": null, "WADMKD": "Genengan", "WIADKD": null, "WADMKC": "Doko", "WIADKC": null, "WADMKK": "Blitar", "WIADKK": null, "WADMPR": "Jawa Timur", "WIADPR": null, "TIPADM": 1.0, "KDPKAB": "35.05", "SHAPE_Leng": 0.099121709581543996, "SHAPE_Area": 0.00031795252661 }, "geometry": { "type": "MultiPolygon", "coordinates": [ [ [ [ 112.365614048000111, -8.086205989999939, 0.0 ], [ 112.365471280000065, -8.086458212999958, 0.0 ], [ 112.365390379000019, -8.086681881999937, 0.0 ], [ 112.365323754000087, -8.087086389999968, 0.0 ], [ 112.365261888000077, -8.087452826999936, 0.0 ], [ 112.365248949000033, -8.087665788999971, 0.0 ], [ 112.365141874000074, -8.087965600999951, 0.0 ], [ 112.364956276000044, -8.088351073999945, 0.0 ], [ 112.364777816000014, -8.088650885999925, 0.0 ], [ 112.364677879000055, -8.088879313999939, 0.0 ], [ 112.364577941000107, -8.08907205099996, 0.0 ], [ 112.364592218000098, -8.089357585999949, 0.0 ], [ 112.364592218000098, -8.089607428999955, 0.0 ], [ 112.364642187000072, -8.089793026999928, 0.0 ], [ 112.365034798000011, -8.089964347999967, 0.0 ], [ 112.365441686000054, -8.090235606999954, 0.0 ], [ 112.36647675100005, -8.090799538999931, 0.0 ], [ 112.366855085000111, -8.091056520999928, 0.0 ], [ 112.367119206000098, -8.091242118999958, 0.0 ], [ 112.367361911000103, -8.091334917999973, 0.0 ], [ 112.367583201000116, -8.091456269999981, 0.0 ], [ 112.367747383000051, -8.091641867999954, 0.0 ], [ 112.367904428000088, -8.091720390999967, 0.0 ], [ 112.368025780000039, -8.091491961999964, 0.0 ], [ 112.36811144100011, -8.091170734999935, 0.0 ], [ 112.368247070000052, -8.09111362799996, 0.0 ], [ 112.368468360000065, -8.091085074999967, 0.0 ], [ 112.36870392700007, -8.091013690999944, 0.0 ], [ 112.368875248000109, -8.090899476999937, 0.0 ], [ 112.368982324000058, -8.090706739999973, 0.0 ], [ 112.369203614000071, -8.090578248999975, 0.0 ], [ 112.3694283640001, -8.090629529999944, 0.0 ], [ 112.369610501000011, -8.09063535599995, 0.0 ], [ 112.369702244000109, -8.090483194999933, 0.0 ], [ 112.369724715000075, -8.090235606999954, 0.0 ], [ 112.369931729000086, -8.09018563799998, 0.0 ], [ 112.370152168000118, -8.090248659999929, 0.0 ], [ 112.370245817000068, -8.090035731999933, 0.0 ], [ 112.370388585000114, -8.089978624999958, 0.0 ], [ 112.370534589000044, -8.089951711999959, 0.0 ], [ 112.370674120000103, -8.089914379999925, 0.0 ], [ 112.370624152, -8.089414692999981, 0.0 ], [ 112.370659844000102, -8.089179125999976, 0.0 ], [ 112.370871444000045, -8.089102944999979, 0.0 ], [ 112.370916825000108, -8.088850760999946, 0.0 ], [ 112.371122955000033, -8.088661717999969, 0.0 ], [ 112.371247760000074, -8.088401357999942, 0.0 ], [ 112.371291915000029, -8.088269306999962, 0.0 ], [ 112.373142811000093, -8.088971517999937, 0.0 ], [ 112.374326593000092, -8.089381974999981, 0.0 ], [ 112.374992842000097, -8.089631818999976, 0.0 ], [ 112.375308121000103, -8.08973294599997, 0.0 ], [ 112.375970435000113, -8.08980078899998, 0.0 ], [ 112.376408432000062, -8.089907657999959, 0.0 ], [ 112.376717762000112, -8.089984989999948, 0.0 ], [ 112.376985452000099, -8.090115860999958, 0.0 ], [ 112.3772, -8.090259998999954, 0.0 ], [ 112.377655814000036, -8.090674528999955, 0.0 ], [ 112.377431601000012, -8.090764263999972, 0.0 ], [ 112.377312566000114, -8.090834887999961, 0.0 ], [ 112.37733, -8.09097, 0.0 ], [ 112.37718, -8.09115, 0.0 ], [ 112.37708, -8.09142, 0.0 ], [ 112.376989999000102, -8.09171, 0.0 ], [ 112.376889999000014, -8.09202, 0.0 ], [ 112.376850000000104, -8.092129998999951, 0.0 ], [ 112.377, -8.09251, 0.0 ], [ 112.37729, -8.09282, 0.0 ], [ 112.3778, -8.09311, 0.0 ], [ 112.37832, -8.0932, 0.0 ], [ 112.37885, -8.093279998999947, 0.0 ], [ 112.379229999000017, -8.093319998999959, 0.0 ], [ 112.379342806000068, -8.093330253999966, 0.0 ], [ 112.379360564000081, -8.09333186799995, 0.0 ], [ 112.379378786000075, -8.093333524999935, 0.0 ], [ 112.37967, -8.093359998999972, 0.0 ], [ 112.379639999, -8.09383, 0.0 ], [ 112.37956, -8.094469998999955, 0.0 ], [ 112.37949, -8.09466, 0.0 ], [ 112.379309999000043, -8.09495, 0.0 ], [ 112.37872, -8.09539, 0.0 ], [ 112.378509999000016, -8.09552, 0.0 ], [ 112.378020000000106, -8.09633, 0.0 ], [ 112.37792, -8.09643, 0.0 ], [ 112.37768999900004, -8.09667, 0.0 ], [ 112.37733, -8.09699, 0.0 ], [ 112.376889999000014, -8.09743, 0.0 ], [ 112.37669, -8.09756, 0.0 ], [ 112.376499999000089, -8.09764, 0.0 ], [ 112.37637, -8.09778, 0.0 ], [ 112.37632, -8.097979998999961, 0.0 ], [ 112.37634, -8.09829, 0.0 ], [ 112.376350000000116, -8.098389998999949, 0.0 ], [ 112.3763, -8.09851, 0.0 ], [ 112.37612, -8.09864, 0.0 ], [ 112.37603, -8.09896, 0.0 ], [ 112.376, -8.09922, 0.0 ], [ 112.37603, -8.09945, 0.0 ], [ 112.376080000000115, -8.09982, 0.0 ], [ 112.376220000000103, -8.1005, 0.0 ], [ 112.37629, -8.10113, 0.0 ], [ 112.37627, -8.1016, 0.0 ], [ 112.375719999000012, -8.10327, 0.0 ], [ 112.3762, -8.10339, 0.0 ], [ 112.37641, -8.10345, 0.0 ], [ 112.37663, -8.10351, 0.0 ], [ 112.37692, -8.10358, 0.0 ], [ 112.376889999000014, -8.10423, 0.0 ], [ 112.376869999000064, -8.10429, 0.0 ], [ 112.376620000000116, -8.10511, 0.0 ], [ 112.37607, -8.1063, 0.0 ], [ 112.37594, -8.106539998999949, 0.0 ], [ 112.375759999000024, -8.10676, 0.0 ], [ 112.37566, -8.10733, 0.0 ], [ 112.375590000000102, -8.107749998999964, 0.0 ], [ 112.37551, -8.10815, 0.0 ], [ 112.37065558900008, -8.107094746999962, 0.0 ], [ 112.370072363000077, -8.106967964999967, 0.0 ], [ 112.368216384000107, -8.106511108999939, 0.0 ], [ 112.367438300000117, -8.106318371999976, 0.0 ], [ 112.367094686000087, -8.106284253999945, 0.0 ], [ 112.366864969000062, -8.106320989999972, 0.0 ], [ 112.366279027000019, -8.106353706999926, 0.0 ], [ 112.365776365000102, -8.106222836999962, 0.0 ], [ 112.365330216000075, -8.106133606999947, 0.0 ], [ 112.365191408000101, -8.10608048499995, 0.0 ], [ 112.364764440000044, -8.105883663999975, 0.0 ], [ 112.364264753000043, -8.105687358999944, 0.0 ], [ 112.364205267000102, -8.105720076999944, 0.0 ], [ 112.36415617800003, -8.10581407199993, 0.0 ], [ 112.364073742000073, -8.106082210999944, 0.0 ], [ 112.363659716000029, -8.10597751399996, 0.0 ], [ 112.363202859000012, -8.10591564799995, 0.0 ], [ 112.36271269000008, -8.105804408999973, 0.0 ], [ 112.362441432000082, -8.105754439999941, 0.0 ], [ 112.361507255000106, -8.105471283999975, 0.0 ], [ 112.361435872000015, -8.105421314999944, 0.0 ], [ 112.360737738000012, -8.105057257999931, 0.0 ], [ 112.36042364900004, -8.104876418999936, 0.0 ], [ 112.359595596000077, -8.104467150999938, 0.0 ], [ 112.358477250000078, -8.103877044999933, 0.0 ], [ 112.357449323000083, -8.103253625999969, 0.0 ], [ 112.35704957300004, -8.10308230499993, 0.0 ], [ 112.356687427000111, -8.102891493999948, 0.0 ], [ 112.356632734000073, -8.102947836999931, 0.0 ], [ 112.356497538000099, -8.102991885999927, 0.0 ], [ 112.356392842000105, -8.103177483999957, 0.0 ], [ 112.356345253000086, -8.103358322999952, 0.0 ], [ 112.356335735000016, -8.103496330999974, 0.0 ], [ 112.356307181000034, -8.103596268999979, 0.0 ], [ 112.356235798000057, -8.103739035999979, 0.0 ], [ 112.356178690000093, -8.103900839999937, 0.0 ], [ 112.356062097000063, -8.104055504999963, 0.0 ], [ 112.355567169000096, -8.103846111999928, 0.0 ], [ 112.355153143000052, -8.103627201999927, 0.0 ], [ 112.354858090000107, -8.103493951999951, 0.0 ], [ 112.354377438000029, -8.103298835999965, 0.0 ], [ 112.353758779000032, -8.103003782999963, 0.0 ], [ 112.353549386000054, -8.102908604999925, 0.0 ], [ 112.35325909200003, -8.102784872999962, 0.0 ], [ 112.353073494000114, -8.102765836999936, 0.0 ], [ 112.352911690000042, -8.102818184999933, 0.0 ], [ 112.352745128000038, -8.102799148999964, 0.0 ], [ 112.352269236000097, -8.102618309999968, 0.0 ], [ 112.351879004000011, -8.102461265999978, 0.0 ], [ 112.351517326000021, -8.102256631999978, 0.0 ], [ 112.351165166000101, -8.102147176999949, 0.0 ], [ 112.350998604000097, -8.102009167999938, 0.0 ], [ 112.35090342500007, -8.101956819999941, 0.0 ], [ 112.350665479000099, -8.101828328999943, 0.0 ], [ 112.350655961000029, -8.101752185999942, 0.0 ], [ 112.350670238000021, -8.101680802999965, 0.0 ], [ 112.350832042000093, -8.101547552999932, 0.0 ], [ 112.350927220000017, -8.10131436599994, 0.0 ], [ 112.350865354, -8.101128767999967, 0.0 ], [ 112.350684515000012, -8.101028829999962, 0.0 ], [ 112.350622649000115, -8.100966963999952, 0.0 ], [ 112.350665479000099, -8.100805160999926, 0.0 ], [ 112.350846318000094, -8.100543419999951, 0.0 ], [ 112.350993845000062, -8.100310232999959, 0.0 ], [ 112.351227032000111, -8.100119875999951, 0.0 ], [ 112.351314407000018, -8.099792632999936, 0.0 ], [ 112.351489090000086, -8.099731547999966, 0.0 ], [ 112.351610443000027, -8.099524534999944, 0.0 ], [ 112.351691317000018, -8.099254544999951, 0.0 ], [ 112.351888840000015, -8.099074816999973, 0.0 ], [ 112.35201019200008, -8.098910633999935, 0.0 ], [ 112.352202928000111, -8.09866792899993, 0.0 ], [ 112.352245759000084, -8.098489469999947, 0.0 ], [ 112.352395665000017, -8.098125411999945, 0.0 ], [ 112.352395665000017, -8.097889844999941, 0.0 ], [ 112.352400000000102, -8.09762, 0.0 ], [ 112.352580000000103, -8.09717, 0.0 ], [ 112.35282, -8.096789998999952, 0.0 ], [ 112.353250000000116, -8.09615, 0.0 ], [ 112.353489999000089, -8.09584, 0.0 ], [ 112.35373, -8.09552, 0.0 ], [ 112.353930000000105, -8.09528, 0.0 ], [ 112.35401, -8.095189998999956, 0.0 ], [ 112.354289999000116, -8.09489, 0.0 ], [ 112.35524, -8.09399, 0.0 ], [ 112.3558, -8.09364, 0.0 ], [ 112.3565, -8.09319, 0.0 ], [ 112.35718, -8.092579998999952, 0.0 ], [ 112.35727, -8.092499998999926, 0.0 ], [ 112.35775, -8.092069998999932, 0.0 ], [ 112.35781, -8.09204, 0.0 ], [ 112.358340000000112, -8.09169, 0.0 ], [ 112.359110000000101, -8.09103, 0.0 ], [ 112.359288116000016, -8.090782615999956, 0.0 ], [ 112.359290000000101, -8.09078, 0.0 ], [ 112.35944, -8.09045, 0.0 ], [ 112.35968, -8.089729998999928, 0.0 ], [ 112.35985, -8.089339998999947, 0.0 ], [ 112.35998, -8.0892, 0.0 ], [ 112.36072, -8.08871, 0.0 ], [ 112.36142, -8.08843, 0.0 ], [ 112.3618, -8.08812, 0.0 ], [ 112.36225, -8.08775, 0.0 ], [ 112.36263, -8.08746, 0.0 ], [ 112.36295, -8.08719, 0.0 ], [ 112.36315, -8.08703, 0.0 ], [ 112.363629999000068, -8.08648, 0.0 ], [ 112.36385, -8.08653, 0.0 ], [ 112.363913432000118, -8.086527116999946, 0.0 ], [ 112.364065614000083, -8.086686640999972, 0.0 ], [ 112.36429, -8.08651, 0.0 ], [ 112.364679515000034, -8.086343998999951, 0.0 ], [ 112.364979327000015, -8.086134605999973, 0.0 ], [ 112.365221584000096, -8.08585893399993, 0.0 ], [ 112.365614048000111, -8.086205989999939, 0.0 ] ] ] ] } },
{ "type": "Feature", "properties": { "OBJECTID": 116227.0, "KDPPUM": "35", "NAMOBJ": "Slorok", "REMARK": null, "KDPBPS": null, "FCODE": "BA03070040", "LUASWH": 5.14861375, "UUPP": "Hasil Delineasi Batas Desa 2019", "SRS_ID": "SRGI 2013", "METADATA": "TASWIL1000020200326DATA_BATAS_DESA_KELURAHAN", "KDEBPS": null, "KDEPUM": "35.05.18.2001", "KDCBPS": null, "KDCPUM": "35.05.18", "KDBBPS": null, "WADMKD": "Slorok", "WIADKD": null, "WADMKC": "Doko", "WIADKC": null, "WADMKK": "Blitar", "WIADKK": null, "WADMPR": "Jawa Timur", "WIADPR": null, "TIPADM": 1.0, "KDPKAB": "35.05", "SHAPE_Leng": 0.12983536444664201, "SHAPE_Area": 0.00042249701857199998 }, "geometry": { "type": "MultiPolygon", "coordinates": [ [ [ [ 112.351314407000018, -8.099792632999936, 0.0 ], [ 112.351227032000111, -8.100119875999951, 0.0 ], [ 112.350993845000062, -8.100310232999959, 0.0 ], [ 112.350846318000094, -8.100543419999951, 0.0 ], [ 112.350665479000099, -8.100805160999926, 0.0 ], [ 112.350622649000115, -8.100966963999952, 0.0 ], [ 112.350684515000012, -8.101028829999962, 0.0 ], [ 112.350865354, -8.101128767999967, 0.0 ], [ 112.350927220000017, -8.10131436599994, 0.0 ], [ 112.350832042000093, -8.101547552999932, 0.0 ], [ 112.350670238000021, -8.101680802999965, 0.0 ], [ 112.350655961000029, -8.101752185999942, 0.0 ], [ 112.350665479000099, -8.101828328999943, 0.0 ], [ 112.35090342500007, -8.101956819999941, 0.0 ], [ 112.350998604000097, -8.102009167999938, 0.0 ], [ 112.351165166000101, -8.102147176999949, 0.0 ], [ 112.351517326000021, -8.102256631999978, 0.0 ], [ 112.351879004000011, -8.102461265999978, 0.0 ], [ 112.352269236000097, -8.102618309999968, 0.0 ], [ 112.352745128000038, -8.102799148999964, 0.0 ], [ 112.352911690000042, -8.102818184999933, 0.0 ], [ 112.353073494000114, -8.102765836999936, 0.0 ], [ 112.35325909200003, -8.102784872999962, 0.0 ], [ 112.353549386000054, -8.102908604999925, 0.0 ], [ 112.353758779000032, -8.103003782999963, 0.0 ], [ 112.354377438000029, -8.103298835999965, 0.0 ], [ 112.354858090000107, -8.103493951999951, 0.0 ], [ 112.355153143000052, -8.103627201999927, 0.0 ], [ 112.355567169000096, -8.103846111999928, 0.0 ], [ 112.356062097000063, -8.104055504999963, 0.0 ], [ 112.356178690000093, -8.103900839999937, 0.0 ], [ 112.356235798000057, -8.103739035999979, 0.0 ], [ 112.356307181000034, -8.103596268999979, 0.0 ], [ 112.356335735000016, -8.103496330999974, 0.0 ], [ 112.356345253000086, -8.103358322999952, 0.0 ], [ 112.356392842000105, -8.103177483999957, 0.0 ], [ 112.356497538000099, -8.102991885999927, 0.0 ], [ 112.356632734000073, -8.102947836999931, 0.0 ], [ 112.356687427000111, -8.102891493999948, 0.0 ], [ 112.35704957300004, -8.10308230499993, 0.0 ], [ 112.357449323000083, -8.103253625999969, 0.0 ], [ 112.358477250000078, -8.103877044999933, 0.0 ], [ 112.359595596000077, -8.104467150999938, 0.0 ], [ 112.36042364900004, -8.104876418999936, 0.0 ], [ 112.360737738000012, -8.105057257999931, 0.0 ], [ 112.361435872000015, -8.105421314999944, 0.0 ], [ 112.361507255000106, -8.105471283999975, 0.0 ], [ 112.362441432000082, -8.105754439999941, 0.0 ], [ 112.36271269000008, -8.105804408999973, 0.0 ], [ 112.363202859000012, -8.10591564799995, 0.0 ], [ 112.363659716000029, -8.10597751399996, 0.0 ], [ 112.364073742000073, -8.106082210999944, 0.0 ], [ 112.36415617800003, -8.10581407199993, 0.0 ], [ 112.364205267000102, -8.105720076999944, 0.0 ], [ 112.364264753000043, -8.105687358999944, 0.0 ], [ 112.364764440000044, -8.105883663999975, 0.0 ], [ 112.365191408000101, -8.10608048499995, 0.0 ], [ 112.365330216000075, -8.106133606999947, 0.0 ], [ 112.365776365000102, -8.106222836999962, 0.0 ], [ 112.366279027000019, -8.106353706999926, 0.0 ], [ 112.366864969000062, -8.106320989999972, 0.0 ], [ 112.367094686000087, -8.106284253999945, 0.0 ], [ 112.367438300000117, -8.106318371999976, 0.0 ], [ 112.368216384000107, -8.106511108999939, 0.0 ], [ 112.370072363000077, -8.106967964999967, 0.0 ], [ 112.37065558900008, -8.107094746999962, 0.0 ], [ 112.37551, -8.10815, 0.0 ], [ 112.37555, -8.10906, 0.0 ], [ 112.37555, -8.10932, 0.0 ], [ 112.375450000000114, -8.1096, 0.0 ], [ 112.37534, -8.10989, 0.0 ], [ 112.375270000000114, -8.11012999899998, 0.0 ], [ 112.37499, -8.110479998999949, 0.0 ], [ 112.37483, -8.111299998999925, 0.0 ], [ 112.374780000000101, -8.11154, 0.0 ], [ 112.374649999000098, -8.11176, 0.0 ], [ 112.374179999000035, -8.11229, 0.0 ], [ 112.373849999000072, -8.112529998999946, 0.0 ], [ 112.37368, -8.11263, 0.0 ], [ 112.373439999000084, -8.11291, 0.0 ], [ 112.3733, -8.11316, 0.0 ], [ 112.372189999000057, -8.11379, 0.0 ], [ 112.371509999000068, -8.114, 0.0 ], [ 112.37101, -8.114109998999936, 0.0 ], [ 112.370714928000098, -8.114144713999963, 0.0 ], [ 112.370500000000106, -8.11417, 0.0 ], [ 112.36988, -8.11422, 0.0 ], [ 112.36931, -8.11426, 0.0 ], [ 112.368739999000013, -8.11433, 0.0 ], [ 112.368200000000115, -8.11439, 0.0 ], [ 112.36738, -8.114459998999962, 0.0 ], [ 112.366850000000113, -8.11456, 0.0 ], [ 112.36616, -8.11469, 0.0 ], [ 112.36543, -8.11486, 0.0 ], [ 112.36498, -8.11496, 0.0 ], [ 112.36438, -8.11507, 0.0 ], [ 112.363790000000108, -8.11519, 0.0 ], [ 112.363279999000042, -8.115219998999976, 0.0 ], [ 112.362530000000106, -8.11533, 0.0 ], [ 112.36193, -8.11564999899997, 0.0 ], [ 112.36134, -8.11592, 0.0 ], [ 112.3607, -8.11617, 0.0 ], [ 112.36002, -8.1164, 0.0 ], [ 112.35948, -8.11653, 0.0 ], [ 112.35864, -8.11671, 0.0 ], [ 112.357719999000096, -8.11692, 0.0 ], [ 112.356959999000082, -8.11697, 0.0 ], [ 112.3563, -8.117109998999979, 0.0 ], [ 112.35584, -8.11716, 0.0 ], [ 112.35527, -8.11716, 0.0 ], [ 112.35454, -8.11722999899996, 0.0 ], [ 112.354060000000118, -8.11722999899996, 0.0 ], [ 112.35372, -8.11718, 0.0 ], [ 112.353389999000115, -8.117149998999935, 0.0 ], [ 112.353070000000116, -8.117109998999979, 0.0 ], [ 112.35274, -8.11708, 0.0 ], [ 112.3521, -8.11712, 0.0 ], [ 112.351519999000061, -8.11745, 0.0 ], [ 112.3511400000001, -8.11767, 0.0 ], [ 112.35108, -8.117929998999955, 0.0 ], [ 112.35106, -8.11802, 0.0 ], [ 112.3508700000001, -8.11811, 0.0 ], [ 112.3506, -8.1182, 0.0 ], [ 112.35047, -8.11823, 0.0 ], [ 112.35032, -8.11827, 0.0 ], [ 112.35023, -8.118419998999968, 0.0 ], [ 112.35018, -8.11855, 0.0 ], [ 112.35012, -8.118709998999975, 0.0 ], [ 112.35012, -8.11888, 0.0 ], [ 112.35015, -8.11901, 0.0 ], [ 112.35026, -8.11937, 0.0 ], [ 112.3503, -8.119509998999945, 0.0 ], [ 112.350369999, -8.11978, 0.0 ], [ 112.350389999000072, -8.12002, 0.0 ], [ 112.35038, -8.12019, 0.0 ], [ 112.350349999000059, -8.12028, 0.0 ], [ 112.35018, -8.12047, 0.0 ], [ 112.349959999000021, -8.12069, 0.0 ], [ 112.34982, -8.1208, 0.0 ], [ 112.34973, -8.12091, 0.0 ], [ 112.349650000000111, -8.12092, 0.0 ], [ 112.34948999900007, -8.121, 0.0 ], [ 112.349139999000045, -8.12102, 0.0 ], [ 112.349, -8.121029998999973, 0.0 ], [ 112.34894, -8.121089998999935, 0.0 ], [ 112.3489, -8.12116999899996, 0.0 ], [ 112.34889, -8.12134, 0.0 ], [ 112.34889, -8.121519998999929, 0.0 ], [ 112.34888, -8.12164, 0.0 ], [ 112.34886, -8.12179, 0.0 ], [ 112.34865, -8.12186, 0.0 ], [ 112.3485, -8.121909998999968, 0.0 ], [ 112.348299999, -8.12197, 0.0 ], [ 112.34815, -8.12202, 0.0 ], [ 112.34802, -8.12206, 0.0 ], [ 112.3479, -8.12216, 0.0 ], [ 112.34782, -8.12229, 0.0 ], [ 112.34774, -8.12243, 0.0 ], [ 112.34768, -8.12254, 0.0 ], [ 112.347619999000017, -8.122649998999975, 0.0 ], [ 112.34759, -8.1227, 0.0 ], [ 112.34746, -8.122669998999982, 0.0 ], [ 112.34737, -8.12278, 0.0 ], [ 112.34726, -8.12296, 0.0 ], [ 112.34718, -8.12303, 0.0 ], [ 112.34705, -8.12293, 0.0 ], [ 112.346799999000041, -8.12276, 0.0 ], [ 112.34634999900004, -8.12257, 0.0 ], [ 112.34541, -8.12243, 0.0 ], [ 112.344970000000103, -8.12243, 0.0 ], [ 112.344430000000102, -8.12251, 0.0 ], [ 112.34445, -8.12241, 0.0 ], [ 112.34439, -8.121519998999929, 0.0 ], [ 112.34427, -8.12127, 0.0 ], [ 112.343980000000101, -8.12138, 0.0 ], [ 112.343890000000101, -8.12153, 0.0 ], [ 112.343890000000101, -8.12169, 0.0 ], [ 112.34383, -8.121889998999961, 0.0 ], [ 112.34365999900001, -8.12198, 0.0 ], [ 112.34314, -8.12214, 0.0 ], [ 112.34311, -8.12223, 0.0 ], [ 112.34309, -8.12245, 0.0 ], [ 112.3430800000001, -8.12299, 0.0 ], [ 112.34291999900006, -8.122999998999944, 0.0 ], [ 112.34278, -8.122999998999944, 0.0 ], [ 112.34275, -8.12287, 0.0 ], [ 112.34262, -8.12262, 0.0 ], [ 112.34241, -8.122339998999962, 0.0 ], [ 112.342130000000111, -8.12211, 0.0 ], [ 112.34191, -8.12188, 0.0 ], [ 112.3418, -8.12172, 0.0 ], [ 112.341749999000058, -8.12149, 0.0 ], [ 112.341769999, -8.12126, 0.0 ], [ 112.34183, -8.12112, 0.0 ], [ 112.34194, -8.12104, 0.0 ], [ 112.34217, -8.121009998999966, 0.0 ], [ 112.342429999000046, -8.121049998999979, 0.0 ], [ 112.34291, -8.1211, 0.0 ], [ 112.34309, -8.12104, 0.0 ], [ 112.34318, -8.12094, 0.0 ], [ 112.34319, -8.12084, 0.0 ], [ 112.34314, -8.12058, 0.0 ], [ 112.343, -8.12044, 0.0 ], [ 112.34272, -8.12026, 0.0 ], [ 112.342549999000084, -8.12021, 0.0 ], [ 112.34236, -8.12022, 0.0 ], [ 112.342039999, -8.12032, 0.0 ], [ 112.341649999000083, -8.12041, 0.0 ], [ 112.34141000000011, -8.12038999899994, 0.0 ], [ 112.34123000000011, -8.120309998999971, 0.0 ], [ 112.34117, -8.120229998999946, 0.0 ], [ 112.340969999000095, -8.119569998999964, 0.0 ], [ 112.34094, -8.11907999899995, 0.0 ], [ 112.34108, -8.118789998999944, 0.0 ], [ 112.34117, -8.11872, 0.0 ], [ 112.34129, -8.1187, 0.0 ], [ 112.34149, -8.11878, 0.0 ], [ 112.342, -8.11898, 0.0 ], [ 112.34211, -8.11891, 0.0 ], [ 112.342139999000096, -8.1188, 0.0 ], [ 112.342119999000033, -8.1186, 0.0 ], [ 112.342059999000071, -8.11841, 0.0 ], [ 112.34191, -8.11819, 0.0 ], [ 112.341729999000108, -8.11786, 0.0 ], [ 112.34178, -8.11772, 0.0 ], [ 112.342119999000033, -8.117189998999947, 0.0 ], [ 112.342310000000111, -8.11687, 0.0 ], [ 112.342400000000112, -8.11657, 0.0 ], [ 112.34235, -8.11651, 0.0 ], [ 112.3422, -8.11644999899994, 0.0 ], [ 112.341950000000111, -8.11644999899994, 0.0 ], [ 112.34166, -8.11654, 0.0 ], [ 112.340876153000067, -8.116914503999965, 0.0 ], [ 112.34076, -8.11697, 0.0 ], [ 112.34047, -8.11707, 0.0 ], [ 112.340189999000017, -8.11704, 0.0 ], [ 112.34, -8.11697, 0.0 ], [ 112.3399, -8.11685, 0.0 ], [ 112.339879813000039, -8.116784395999957, 0.0 ], [ 112.339864251000108, -8.116733815999964, 0.0 ], [ 112.33986, -8.11671999899994, 0.0 ], [ 112.33986, -8.116715, 0.0 ], [ 112.339860674000079, -8.116712584999959, 0.0 ], [ 112.339873873000101, -8.116665282999975, 0.0 ], [ 112.3399547570001, -8.116375405999975, 0.0 ], [ 112.340007379000099, -8.116186813999946, 0.0 ], [ 112.34013764000008, -8.116039198999943, 0.0 ], [ 112.340265718000069, -8.115894057999981, 0.0 ], [ 112.340840731000071, -8.115523695999968, 0.0 ], [ 112.340925323000079, -8.115489380999975, 0.0 ], [ 112.341732705000027, -8.115161858999954, 0.0 ], [ 112.34195937700008, -8.115019796999945, 0.0 ], [ 112.342600063000077, -8.11461825899994, 0.0 ], [ 112.342777131000048, -8.114435833999948, 0.0 ], [ 112.342882537000037, -8.114363705999949, 0.0 ], [ 112.343007148000083, -8.11429151599998, 0.0 ], [ 112.343093473000067, -8.114257732999931, 0.0 ], [ 112.343184677000067, -8.114247862999946, 0.0 ], [ 112.343299922000028, -8.114247481999939, 0.0 ], [ 112.343415139000058, -8.114237531999947, 0.0 ], [ 112.343525408, -8.114184529999932, 0.0 ], [ 112.343630621000102, -8.114054978999945, 0.0 ], [ 112.343668719000107, -8.113959146999946, 0.0 ], [ 112.343658670000082, -8.113825189999943, 0.0 ], [ 112.343632879000097, -8.113772397999981, 0.0 ], [ 112.343590982000023, -8.113686639999969, 0.0 ], [ 112.343494657000065, -8.113600820999977, 0.0 ], [ 112.343470786000012, -8.113593588999947, 0.0 ], [ 112.343307191, -8.113544016999981, 0.0 ], [ 112.343215859000111, -8.113515605999964, 0.0 ], [ 112.343124733000082, -8.113549402999979, 0.0 ], [ 112.343010580000055, -8.113593588999947, 0.0 ], [ 112.343000042000085, -8.113597666999965, 0.0 ], [ 112.342836983000097, -8.11366041499997, 0.0 ], [ 112.342683528000066, -8.113723129999926, 0.0 ], [ 112.342458154000042, -8.113819578999937, 0.0 ], [ 112.342222998000011, -8.113945419999936, 0.0 ], [ 112.342021907000117, -8.114053031999958, 0.0 ], [ 112.341360447000056, -8.114407004999975, 0.0 ], [ 112.340832929000044, -8.11449403599994, 0.0 ], [ 112.340650140000093, -8.114524191999976, 0.0 ], [ 112.34029457500003, -8.11445836799993, 0.0 ], [ 112.340135777000114, -8.114358397999979, 0.0 ], [ 112.340068090000045, -8.114219846999958, 0.0 ], [ 112.340077091000012, -8.114037974999974, 0.0 ], [ 112.340124603000049, -8.113884687999928, 0.0 ], [ 112.340234414000065, -8.113692913999955, 0.0 ], [ 112.340394762000074, -8.113593588999947, 0.0 ], [ 112.34045964500001, -8.113553398999954, 0.0 ], [ 112.340603496000085, -8.113490715999944, 0.0 ], [ 112.340728204000015, -8.113447236999946, 0.0 ], [ 112.340953990000116, -8.113475205999976, 0.0 ], [ 112.340983701000027, -8.113483807999955, 0.0 ], [ 112.341035702000113, -8.113498861999972, 0.0 ], [ 112.341112612000074, -8.113522536999938, 0.0 ], [ 112.341179808000106, -8.11351274499998, 0.0 ], [ 112.341242201000114, -8.113502968999967, 0.0 ], [ 112.341328366000084, -8.113421333999952, 0.0 ], [ 112.341395308000074, -8.113334977999955, 0.0 ], [ 112.341481203000058, -8.11317199399997, 0.0 ], [ 112.341528761000063, -8.113033063999978, 0.0 ], [ 112.341542486000094, -8.112827248999963, 0.0 ], [ 112.341522643000076, -8.112635901999965, 0.0 ], [ 112.341502896000065, -8.112473265999938, 0.0 ], [ 112.341434684000092, -8.112176800999976, 0.0 ], [ 112.341299692, -8.112014544999965, 0.0 ], [ 112.341241576000016, -8.111866390999978, 0.0 ], [ 112.34122203600009, -8.111765962999925, 0.0 ], [ 112.341231242000049, -8.111646299999961, 0.0 ], [ 112.341312432000109, -8.111512044999927, 0.0 ], [ 112.341393715000095, -8.111406498999941, 0.0 ], [ 112.341585284000075, -8.111252738999951, 0.0 ], [ 112.341690545, -8.111137543999973, 0.0 ], [ 112.34177648800005, -8.11098891599994, 0.0 ], [ 112.34193352300008, -8.110557718999928, 0.0 ], [ 112.34193726, -8.110237090999931, 0.0 ], [ 112.341888226000037, -8.109930991999931, 0.0 ], [ 112.341815785000108, -8.109806811999931, 0.0 ], [ 112.341748098000039, -8.109668259999978, 0.0 ], [ 112.34163253700001, -8.10957293499996, 0.0 ], [ 112.341314802000056, -8.109329927999966, 0.0 ], [ 112.341021423000029, -8.109147367999981, 0.0 ], [ 112.341016468000021, -8.109144283999967, 0.0 ], [ 112.340886499000021, -8.109049003999928, 0.0 ], [ 112.340809288000059, -8.10893441099995, 0.0 ], [ 112.340765659000112, -8.108810135999931, 0.0 ], [ 112.340794106000089, -8.108699978999937, 0.0 ], [ 112.340832204000094, -8.108604147999927, 0.0 ], [ 112.340903963000073, -8.108522561999962, 0.0 ], [ 112.341052662000038, -8.108474218999959, 0.0 ], [ 112.341099469000028, -8.108477477999941, 0.0 ], [ 112.341446511000072, -8.108501634999925, 0.0 ], [ 112.341739314000051, -8.108467173999941, 0.0 ], [ 112.341950549000103, -8.10845212199996, 0.0 ], [ 112.342132876000051, -8.108408453999971, 0.0 ], [ 112.342305538, -8.108345676999932, 0.0 ], [ 112.342374705000111, -8.108292603999928, 0.0 ], [ 112.342468389000032, -8.108220721999942, 0.0 ], [ 112.342588006000028, -8.108091123999941, 0.0 ], [ 112.342650051000078, -8.107976071999929, 0.0 ], [ 112.342678544000023, -8.107880270999942, 0.0 ], [ 112.342673441000102, -8.107789367999942, 0.0 ], [ 112.342586341000015, -8.107588670999974, 0.0 ], [ 112.342528433000098, -8.10750272699994, 0.0 ], [ 112.342476296000086, -8.107382592999954, 0.0 ], [ 112.342470366000043, -8.107368927999971, 0.0 ], [ 112.342484392000074, -8.107254033999936, 0.0 ], [ 112.342488701000093, -8.107105673999968, 0.0 ], [ 112.342469160000064, -8.107005246999961, 0.0 ], [ 112.342391981000105, -8.106900223999958, 0.0 ], [ 112.342271459000017, -8.106757061999929, 0.0 ], [ 112.341944219000084, -8.106542799999943, 0.0 ], [ 112.341897701000107, -8.106514236999942, 0.0 ], [ 112.341804680000109, -8.106457123999974, 0.0 ], [ 112.341679483, -8.106352258999948, 0.0 ], [ 112.341672614000117, -8.106317287999957, 0.0 ], [ 112.341655062000086, -8.10622792099997, 0.0 ], [ 112.34164493500009, -8.106070037999928, 0.0 ], [ 112.341648832000033, -8.105797261999953, 0.0 ], [ 112.341672001, -8.105543563999959, 0.0 ], [ 112.341710836000061, -8.104926535999937, 0.0 ], [ 112.341735865000032, -8.104528865999953, 0.0 ], [ 112.341735200000016, -8.104327883999929, 0.0 ], [ 112.341801679000014, -8.104102754999928, 0.0 ], [ 112.341992596000068, -8.103752798999949, 0.0 ], [ 112.3420797120001, -8.103638488999934, 0.0 ], [ 112.342116903000033, -8.103589688999932, 0.0 ], [ 112.342188564000026, -8.103479389999961, 0.0 ], [ 112.342216980000103, -8.103359663999981, 0.0 ], [ 112.342216693000069, -8.103273527999932, 0.0 ], [ 112.342149057000029, -8.103149332999976, 0.0 ], [ 112.342043244000024, -8.103097042999934, 0.0 ], [ 112.341879775000052, -8.103035371999965, 0.0 ], [ 112.341116130000046, -8.102990029999944, 0.0 ], [ 112.340789622000102, -8.102995888999942, 0.0 ], [ 112.340549193000015, -8.102989192999928, 0.0 ], [ 112.340482273000021, -8.102987329999962, 0.0 ], [ 112.340366951000078, -8.102963779999925, 0.0 ], [ 112.340275496000118, -8.102897086999974, 0.0 ], [ 112.340217651000103, -8.102830281999957, 0.0 ], [ 112.340086706000079, -8.102438314999972, 0.0 ], [ 112.340081381, -8.102280417999964, 0.0 ], [ 112.340076088000046, -8.10213209099993, 0.0 ], [ 112.340109305000055, -8.10201234799996, 0.0 ], [ 112.340171412000018, -8.101916437999932, 0.0 ], [ 112.340305719000071, -8.101872927999977, 0.0 ], [ 112.340420914000106, -8.101858193999931, 0.0 ], [ 112.340545762000033, -8.101857782999957, 0.0 ], [ 112.341377217000058, -8.102079959999969, 0.0 ], [ 112.342352839000114, -8.10233515799996, 0.0 ], [ 112.342501901000105, -8.102396875999943, 0.0 ], [ 112.342626763000112, -8.102401250999947, 0.0 ], [ 112.34278512700007, -8.102372016999936, 0.0 ], [ 112.342842655000027, -8.102343115999929, 0.0 ], [ 112.342919260000031, -8.102275867999936, 0.0 ], [ 112.342943031, -8.102204010999969, 0.0 ], [ 112.342952396000101, -8.102132200999961, 0.0 ], [ 112.342947326000058, -8.102050866999946, 0.0 ], [ 112.342923141000028, -8.101998306999974, 0.0 ], [ 112.342865282000048, -8.101926718999948, 0.0 ], [ 112.342629582000086, -8.101803075999953, 0.0 ], [ 112.342489965000027, -8.101693471999965, 0.0 ], [ 112.342408035000062, -8.101602821999961, 0.0 ], [ 112.342340397000044, -8.10147862599996, 0.0 ], [ 112.342326179000111, -8.101404413999944, 0.0 ], [ 112.342325738000113, -8.101402107999945, 0.0 ], [ 112.342291793000072, -8.101301728999942, 0.0 ], [ 112.342204725000101, -8.101110601999949, 0.0 ], [ 112.341954430000101, -8.100929583999971, 0.0 ], [ 112.341579352000053, -8.100768116999973, 0.0 ], [ 112.341410298000028, -8.10069350699996, 0.0 ], [ 112.341353336000111, -8.100668367999958, 0.0 ], [ 112.341170599000066, -8.100587618999953, 0.0 ], [ 112.341069507000043, -8.100511385999937, 0.0 ], [ 112.340939210000101, -8.100315615999932, 0.0 ], [ 112.340890528000045, -8.100114791999943, 0.0 ], [ 112.340870765000091, -8.099947369999938, 0.0 ], [ 112.340875235000112, -8.099846862999925, 0.0 ], [ 112.340903730000036, -8.099751063999975, 0.0 ], [ 112.340961113000048, -8.099679095999932, 0.0 ], [ 112.341018560000066, -8.099626266999962, 0.0 ], [ 112.341071221000107, -8.09957824199995, 0.0 ], [ 112.341171995000082, -8.099558768999941, 0.0 ], [ 112.341301690000023, -8.099572697999974, 0.0 ], [ 112.341450718000033, -8.099624846999973, 0.0 ], [ 112.341532572, -8.099691572999973, 0.0 ], [ 112.34189875800007, -8.10006840799997, 0.0 ], [ 112.34203061900007, -8.100209715999938, 0.0 ], [ 112.342366194000078, -8.100569329999928, 0.0 ], [ 112.342491231000054, -8.100626340999952, 0.0 ], [ 112.343145907, -8.100742818999947, 0.0 ], [ 112.343621799000061, -8.100818961999948, 0.0 ], [ 112.344249977000118, -8.100780890999943, 0.0 ], [ 112.344840083, -8.10087606899998, 0.0 ], [ 112.345230314000105, -8.100590533999934, 0.0 ], [ 112.34542590600006, -8.100119875999951, 0.0 ], [ 112.345164165000028, -8.099924759999965, 0.0 ], [ 112.345121335000044, -8.099786751999943, 0.0 ], [ 112.345397353000067, -8.099225198999932, 0.0 ], [ 112.345592468000063, -8.098877797999933, 0.0 ], [ 112.345835173000069, -8.098934904999965, 0.0 ], [ 112.346325342000114, -8.099139537999974, 0.0 ], [ 112.34675840400007, -8.099363207999943, 0.0 ], [ 112.347310439000012, -8.09966302, 0.0 ], [ 112.347914822, -8.099891447999937, 0.0 ], [ 112.348400232000017, -8.100067527999954, 0.0 ], [ 112.348795223000025, -8.099439349999955, 0.0 ], [ 112.34928539200007, -8.099701090999929, 0.0 ], [ 112.349737489000063, -8.099929518999943, 0.0 ], [ 112.350356149000049, -8.100115116999973, 0.0 ], [ 112.350584578000053, -8.099724885999933, 0.0 ], [ 112.350727345000109, -8.099544046999938, 0.0 ], [ 112.351069988000063, -8.099677295999982, 0.0 ], [ 112.351314407000018, -8.099792632999936, 0.0 ] ] ] ] } },
{ "type": "Feature", "properties": { "OBJECTID": 116231.0, "KDPPUM": "35", "NAMOBJ": "Jambepawon", "REMARK": null, "KDPBPS": null, "FCODE": "BA03070040", "LUASWH": 3.53055737, "UUPP": "Hasil Delineasi Batas Desa 2019", "SRS_ID": "SRGI 2013", "METADATA": "TASWIL1000020200326DATA_BATAS_DESA_KELURAHAN", "KDEBPS": null, "KDEPUM": "35.05.18.2007", "KDCBPS": null, "KDCPUM": "35.05.18", "KDBBPS": null, "WADMKD": "Jambepawon", "WIADKD": null, "WADMKC": "Doko", "WIADKC": null, "WADMKK": "Blitar", "WIADKK": null, "WADMPR": "Jawa Timur", "WIADPR": null, "TIPADM": 1.0, "KDPKAB": "35.05", "SHAPE_Leng": 0.078650744297816003, "SHAPE_Area": 0.00028969258257700002 }, "geometry": { "type": "MultiPolygon", "coordinates": [ [ [ [ 112.401818157000093, -8.080832563999934, 0.0 ], [ 112.401655307000055, -8.080673785999977, 0.0 ], [ 112.40159820000008, -8.080509602999939, 0.0 ], [ 112.401562509000087, -8.08038111299993, 0.0 ], [ 112.401369772000066, -8.08037397399994, 0.0 ], [ 112.40130552700009, -8.080466772999955, 0.0 ], [ 112.401205589000028, -8.080552433999969, 0.0 ], [ 112.400995404000014, -8.080614451999963, 0.0 ], [ 112.400874051000073, -8.08068583599993, 0.0 ], [ 112.40074297700005, -8.080727340999942, 0.0 ], [ 112.400631346000068, -8.081052272999955, 0.0 ], [ 112.400633119000076, -8.081085063999979, 0.0 ], [ 112.40055591700002, -8.081138510999949, 0.0 ], [ 112.400389354000026, -8.081281278999938, 0.0 ], [ 112.400020538000035, -8.081471635999947, 0.0 ], [ 112.399818284000048, -8.081602505999967, 0.0 ], [ 112.399687413000038, -8.081745273999957, 0.0 ], [ 112.399179999000012, -8.08247, 0.0 ], [ 112.39893, -8.08262, 0.0 ], [ 112.39875, -8.082769998999936, 0.0 ], [ 112.39856, -8.08303, 0.0 ], [ 112.39847, -8.08334, 0.0 ], [ 112.398419999000112, -8.08382, 0.0 ], [ 112.398338761000105, -8.083893113999977, 0.0 ], [ 112.39822, -8.084, 0.0 ], [ 112.3979, -8.08428, 0.0 ], [ 112.397823767000091, -8.084375290999958, 0.0 ], [ 112.397770714000103, -8.084441606999974, 0.0 ], [ 112.39769999900011, -8.08453, 0.0 ], [ 112.39755, -8.084759998999971, 0.0 ], [ 112.397480784000095, -8.084928642999955, 0.0 ], [ 112.397427164000078, -8.085059285999932, 0.0 ], [ 112.397312950000014, -8.085144945999957, 0.0 ], [ 112.397213012000066, -8.085168740999961, 0.0 ], [ 112.397027012000081, -8.085077902999956, 0.0 ], [ 112.397008379000113, -8.085068802999956, 0.0 ], [ 112.396865611000067, -8.084992660999944, 0.0 ], [ 112.396746638000081, -8.085006936999946, 0.0 ], [ 112.396634583000036, -8.085109387999978, 0.0 ], [ 112.396580076000077, -8.085159222999948, 0.0 ], [ 112.396547109000039, -8.085213521999947, 0.0 ], [ 112.396499174000041, -8.085292472999981, 0.0 ], [ 112.396475443000099, -8.085317258999964, 0.0 ], [ 112.396285023000019, -8.08551614199996, 0.0 ], [ 112.39588527300009, -8.08584450799998, 0.0 ], [ 112.395976960000098, -8.085995136999941, 0.0 ], [ 112.396285023000019, -8.086501238999972, 0.0 ], [ 112.396530799000061, -8.086834493999959, 0.0 ], [ 112.396827844000086, -8.087237267999967, 0.0 ], [ 112.396938802000022, -8.087387718999935, 0.0 ], [ 112.397127352000098, -8.087643379999975, 0.0 ], [ 112.397350152000058, -8.087896561999969, 0.0 ], [ 112.397849224000083, -8.088463689999969, 0.0 ], [ 112.397948671000108, -8.08857669799994, 0.0 ], [ 112.398033421000036, -8.088673004999976, 0.0 ], [ 112.397806648000028, -8.088953136999976, 0.0 ], [ 112.39754490700011, -8.089172047999966, 0.0 ], [ 112.397254613000086, -8.089462341999933, 0.0 ], [ 112.396621676000109, -8.089957269999957, 0.0 ], [ 112.396269516000075, -8.090214250999963, 0.0 ], [ 112.3957888650001, -8.090556893999974, 0.0 ], [ 112.395251106000046, -8.09075201, 0.0 ], [ 112.394807972000081, -8.091187133999938, 0.0 ], [ 112.394516488000022, -8.091454822999935, 0.0 ], [ 112.394296387000054, -8.091627333999952, 0.0 ], [ 112.394052493000117, -8.091883125999971, 0.0 ], [ 112.393981109000038, -8.092037790999939, 0.0 ], [ 112.393939468000099, -8.092121071999941, 0.0 ], [ 112.393868084000019, -8.0922638399999, 0.0 ], [ 112.393755060000103, -8.092305479999936, 0.0 ], [ 112.393505217000097, -8.092115123999974, 0.0 ], [ 112.393279168000049, -8.091948560999981, 0.0 ], [ 112.393076914000062, -8.091829587999939, 0.0 ], [ 112.392856814000083, -8.091704666999931, 0.0 ], [ 112.392672405000098, -8.091526206999959, 0.0 ], [ 112.39261886700001, -8.091383438999969, 0.0 ], [ 112.392486596000026, -8.09126243299994, 0.0 ], [ 112.392346482000107, -8.091230376999931, 0.0 ], [ 112.391009999000062, -8.09184, 0.0 ], [ 112.39087, -8.09202, 0.0 ], [ 112.390783323000051, -8.092215021999948, 0.0 ], [ 112.389961009000103, -8.092619568999964, 0.0 ], [ 112.389003276000039, -8.092714747999935, 0.0 ], [ 112.388235900000041, -8.092863463999947, 0.0 ], [ 112.387361448000092, -8.092922950999935, 0.0 ], [ 112.386713045000079, -8.092922950999935, 0.0 ], [ 112.385767209000051, -8.092940796999926, 0.0 ], [ 112.385374598000112, -8.092970539999953, 0.0 ], [ 112.384930299000075, -8.092934404999937, 0.0 ], [ 112.383905678000019, -8.092926717999944, 0.0 ], [ 112.382601733000115, -8.09294575399997, 0.0 ], [ 112.381945002000066, -8.09294575399997, 0.0 ], [ 112.381592842000032, -8.092907681999975, 0.0 ], [ 112.381094908000023, -8.093138206999981, 0.0 ], [ 112.381080132000079, -8.09314504699995, 0.0 ], [ 112.381078878000039, -8.093145627999945, 0.0 ], [ 112.381048468000017, -8.093159901999968, 0.0 ], [ 112.380612504000055, -8.093364538999936, 0.0 ], [ 112.380222272000083, -8.093297913999947, 0.0 ], [ 112.37967, -8.093359998999972, 0.0 ], [ 112.379378786000075, -8.093333524999935, 0.0 ], [ 112.379360564000081, -8.09333186799995, 0.0 ], [ 112.379342806000068, -8.093330253999966, 0.0 ], [ 112.379229999000017, -8.093319998999959, 0.0 ], [ 112.37885, -8.093279998999947, 0.0 ], [ 112.37832, -8.0932, 0.0 ], [ 112.3778, -8.09311, 0.0 ], [ 112.37729, -8.09282, 0.0 ], [ 112.377, -8.09251, 0.0 ], [ 112.376850000000104, -8.092129998999951, 0.0 ], [ 112.376889999000014, -8.09202, 0.0 ], [ 112.376989999000102, -8.09171, 0.0 ], [ 112.37708, -8.09142, 0.0 ], [ 112.37718, -8.09115, 0.0 ], [ 112.37733, -8.09097, 0.0 ], [ 112.377312566000114, -8.090834887999961, 0.0 ], [ 112.377431601000012, -8.090764263999972, 0.0 ], [ 112.377655814000036, -8.090674528999955, 0.0 ], [ 112.3772, -8.090259998999954, 0.0 ], [ 112.377279999000052, -8.08989, 0.0 ], [ 112.377339999000014, -8.08951, 0.0 ], [ 112.377359999000078, -8.088969998999971, 0.0 ], [ 112.377379999000027, -8.08865, 0.0 ], [ 112.377480000000105, -8.08849, 0.0 ], [ 112.37764, -8.08822, 0.0 ], [ 112.377660000000105, -8.08803, 0.0 ], [ 112.37763, -8.08775, 0.0 ], [ 112.37763, -8.087489998999956, 0.0 ], [ 112.37735, -8.08714, 0.0 ], [ 112.377120000000104, -8.086999998999943, 0.0 ], [ 112.377030120000086, -8.086956273999931, 0.0 ], [ 112.37675, -8.08682, 0.0 ], [ 112.376561922000064, -8.086738668999942, 0.0 ], [ 112.37677558300004, -8.085983133999946, 0.0 ], [ 112.377132502000109, -8.08542634, 0.0 ], [ 112.377689296000085, -8.084584009999958, 0.0 ], [ 112.378346027000021, -8.083441868999955, 0.0 ], [ 112.37883143800002, -8.082513878999976, 0.0 ], [ 112.379359678000014, -8.081871424999974, 0.0 ], [ 112.379573829000037, -8.081129032999968, 0.0 ], [ 112.379588106000028, -8.080472301999976, 0.0 ], [ 112.38008779300003, -8.080129658999965, 0.0 ], [ 112.380216284000085, -8.079972614999974, 0.0 ], [ 112.380187730000102, -8.07944437499998, 0.0 ], [ 112.38045898900009, -8.079244499999959, 0.0 ], [ 112.380792113000098, -8.07932064299996, 0.0 ], [ 112.380991988, -8.079372990999957, 0.0 ], [ 112.381091925000078, -8.079165977999935, 0.0 ], [ 112.381170448000034, -8.07892327299993, 0.0 ], [ 112.381327492000082, -8.078887580999947, 0.0 ], [ 112.381555920000096, -8.078744812999958, 0.0 ], [ 112.381655858000045, -8.078609183999959, 0.0 ], [ 112.381684411000037, -8.078452138999978, 0.0 ], [ 112.381627304000062, -8.07828795699993, 0.0 ], [ 112.381513090000112, -8.078080943999964, 0.0 ], [ 112.381491675, -8.077916760999926, 0.0 ], [ 112.381641581000054, -8.077773992999937, 0.0 ], [ 112.381727242000011, -8.077631224999948, 0.0 ], [ 112.38168, -8.07749, 0.0 ], [ 112.3823000000001, -8.07745, 0.0 ], [ 112.382930000000101, -8.07752, 0.0 ], [ 112.38371, -8.07774, 0.0 ], [ 112.384680000000117, -8.07802, 0.0 ], [ 112.3856, -8.07825, 0.0 ], [ 112.38607, -8.078459998999961, 0.0 ], [ 112.386659999000017, -8.07871, 0.0 ], [ 112.38708959500002, -8.078673825999942, 0.0 ], [ 112.387432237000098, -8.078588164999928, 0.0 ], [ 112.387555969, -8.07850250499996, 0.0 ], [ 112.387555969, -8.078264558999933, 0.0 ], [ 112.387527416000012, -8.078026612999963, 0.0 ], [ 112.388003308000066, -8.078093236999962, 0.0 ], [ 112.388269808000018, -8.078093236999962, 0.0 ], [ 112.388555343, -8.078093236999962, 0.0 ], [ 112.388869432000092, -8.078178897999976, 0.0 ], [ 112.3892025560001, -8.078216968999925, 0.0 ], [ 112.389497609000045, -8.078207451999958, 0.0 ], [ 112.389813013000094, -8.078266140999972, 0.0 ], [ 112.389859999, -8.07818, 0.0 ], [ 112.39016, -8.07783, 0.0 ], [ 112.39042, -8.07757, 0.0 ], [ 112.3907, -8.07739, 0.0 ], [ 112.391049999000074, -8.07736, 0.0 ], [ 112.391570000000115, -8.07732, 0.0 ], [ 112.392119999000101, -8.0775, 0.0 ], [ 112.39266, -8.07769, 0.0 ], [ 112.39316, -8.07767, 0.0 ], [ 112.39355, -8.07753, 0.0 ], [ 112.394129999000029, -8.077269998999952, 0.0 ], [ 112.395052491000115, -8.077345194999964, 0.0 ], [ 112.395853546000012, -8.077631621999956, 0.0 ], [ 112.396329439000056, -8.077708953999945, 0.0 ], [ 112.396258055000089, -8.07799449, 0.0 ], [ 112.396281849000047, -8.078125359999945, 0.0 ], [ 112.396603077, -8.07813725699998, 0.0 ], [ 112.396614974000045, -8.077827927999977, 0.0 ], [ 112.396739896000099, -8.077792235999937, 0.0 ], [ 112.39679938200004, -8.077881464999962, 0.0 ], [ 112.396829125000068, -8.078083719999938, 0.0 ], [ 112.396900509000034, -8.078232435999951, 0.0 ], [ 112.397031380000044, -8.078256230999955, 0.0 ], [ 112.397227685000075, -8.07830976799994, 0.0 ], [ 112.397412093000071, -8.07834546, 0.0 ], [ 112.397673834000102, -8.07837520399994, 0.0 ], [ 112.397876088000089, -8.078398997999955, 0.0 ], [ 112.3979415230001, -8.078630995999958, 0.0 ], [ 112.398012907000066, -8.078779711999971, 0.0 ], [ 112.398203264000017, -8.078696430999969, 0.0 ], [ 112.398399570000038, -8.078613149999967, 0.0 ], [ 112.39854828600005, -8.078416843999946, 0.0 ], [ 112.398750540000037, -8.078422792999959, 0.0 ], [ 112.398923051000111, -8.078488227999969, 0.0 ], [ 112.399006332000113, -8.078494176999925, 0.0 ], [ 112.39909556200007, -8.078274075999957, 0.0 ], [ 112.3992740220001, -8.078113462999966, 0.0 ], [ 112.399434635000034, -8.078053975999978, 0.0 ], [ 112.400190105000092, -8.077940945999956, 0.0 ], [ 112.400639198000022, -8.077926238999964, 0.0 ], [ 112.400727390000043, -8.077969142999962, 0.0 ], [ 112.401079398000093, -8.0781403899999, 0.0 ], [ 112.401567187000069, -8.078378336999947, 0.0 ], [ 112.401876517, -8.078473514999928, 0.0 ], [ 112.401983593000068, -8.078568692999966, 0.0 ], [ 112.402043080000112, -8.080210521999959, 0.0 ], [ 112.402031182000087, -8.080507953999927, 0.0 ], [ 112.401818157000093, -8.080832563999934, 0.0 ] ] ] ] } },
{ "type": "Feature", "properties": { "OBJECTID": 116236.0, "KDPPUM": "35", "NAMOBJ": "Resapombo", "REMARK": null, "KDPBPS": null, "FCODE": "BA03070040", "LUASWH": 24.86256884, "UUPP": "Hasil Delineasi Batas Desa 2019", "SRS_ID": "SRGI 2013", "METADATA": "TASWIL1000020200326DATA_BATAS_DESA_KELURAHAN", "KDEBPS": null, "KDEPUM": "35.05.18.2009", "KDCBPS": null, "KDCPUM": "35.05.18", "KDBBPS": null, "WADMKD": "Resapombo", "WIADKD": null, "WADMKC": "Doko", "WIADKC": null, "WADMKK": "Blitar", "WIADKK": null, "WADMPR": "Jawa Timur", "WIADPR": null, "TIPADM": 1.0, "KDPKAB": "35.05", "SHAPE_Leng": 0.29447615640575298, "SHAPE_Area": 0.0020396166705230001 }, "geometry": { "type": "MultiPolygon", "coordinates": [ [ [ [ 112.420870875000105, -8.055957500999966, 0.0 ], [ 112.420861737000109, -8.055963880999968, 0.0 ], [ 112.420809999000085, -8.056, 0.0 ], [ 112.42027, -8.05634, 0.0 ], [ 112.41976000000011, -8.056599998999957, 0.0 ], [ 112.419519999000045, -8.0567, 0.0 ], [ 112.419129999, -8.05682, 0.0 ], [ 112.41875, -8.05679, 0.0 ], [ 112.41838, -8.05668, 0.0 ], [ 112.41795, -8.056499998999925, 0.0 ], [ 112.417678171000034, -8.056325252999955, 0.0 ], [ 112.41753, -8.056229998999981, 0.0 ], [ 112.417219999000054, -8.056049998999981, 0.0 ], [ 112.416880000000106, -8.055809998999962, 0.0 ], [ 112.41653, -8.05550999899998, 0.0 ], [ 112.416069999000115, -8.055089998999961, 0.0 ], [ 112.415570000000116, -8.05472999899996, 0.0 ], [ 112.41509, -8.05447, 0.0 ], [ 112.41459, -8.05433, 0.0 ], [ 112.41421, -8.05429, 0.0 ], [ 112.41376999900001, -8.054299998999966, 0.0 ], [ 112.41343, -8.054409998999972, 0.0 ], [ 112.41317, -8.054839998999967, 0.0 ], [ 112.412929999000085, -8.05519, 0.0 ], [ 112.41277, -8.05532, 0.0 ], [ 112.41218, -8.055519998999955, 0.0 ], [ 112.41194, -8.055559998999968, 0.0 ], [ 112.41164, -8.05562, 0.0 ], [ 112.410350000000108, -8.055719997999972, 0.0 ], [ 112.41001, -8.05584, 0.0 ], [ 112.40967, -8.05591, 0.0 ], [ 112.409450000000106, -8.055899998999962, 0.0 ], [ 112.40904, -8.05584, 0.0 ], [ 112.40871, -8.05586, 0.0 ], [ 112.408597236000105, -8.055957386999978, 0.0 ], [ 112.408480637000025, -8.055935924999972, 0.0 ], [ 112.408275070000059, -8.055898086999946, 0.0 ], [ 112.40825458900008, -8.055894316999968, 0.0 ], [ 112.40812824000011, -8.055871059999959, 0.0 ], [ 112.407931273000031, -8.055834804999961, 0.0 ], [ 112.407877682000048, -8.055824940999969, 0.0 ], [ 112.407610355000088, -8.055775734999941, 0.0 ], [ 112.407576712000036, -8.055783608999945, 0.0 ], [ 112.407274851000011, -8.055854256999964, 0.0 ], [ 112.407164439000098, -8.055941247999954, 0.0 ], [ 112.407158033000087, -8.055946294999956, 0.0 ], [ 112.407129680000025, -8.055968633999953, 0.0 ], [ 112.407039284, -8.056039854999938, 0.0 ], [ 112.406539597, -8.056125515999952, 0.0 ], [ 112.406289754000113, -8.056075546999978, 0.0 ], [ 112.406205543000056, -8.056098002999931, 0.0 ], [ 112.406156131000103, -8.056111179999959, 0.0 ], [ 112.406075602000101, -8.056132653999953, 0.0 ], [ 112.405932835000044, -8.056268282999952, 0.0 ], [ 112.405823879000081, -8.056295521999971, 0.0 ], [ 112.405361319, -8.056411161999961, 0.0 ], [ 112.40489, -8.056559997999955, 0.0 ], [ 112.404719999, -8.056589998999925, 0.0 ], [ 112.404739999000071, -8.056479998999976, 0.0 ], [ 112.40473820200009, -8.056461574999958, 0.0 ], [ 112.404699999000059, -8.056069998999931, 0.0 ], [ 112.404630000000111, -8.05579999899993, 0.0 ], [ 112.4046, -8.05526, 0.0 ], [ 112.404630000000111, -8.05499, 0.0 ], [ 112.404719999, -8.054659998999966, 0.0 ], [ 112.40521, -8.054439998999953, 0.0 ], [ 112.405459999000072, -8.05431, 0.0 ], [ 112.40577, -8.05404, 0.0 ], [ 112.40617, -8.053629998999952, 0.0 ], [ 112.406319999000061, -8.05341, 0.0 ], [ 112.40605, -8.053169998999977, 0.0 ], [ 112.40586999900006, -8.052989998999976, 0.0 ], [ 112.4057, -8.052739998999925, 0.0 ], [ 112.40557, -8.052599998999938, 0.0 ], [ 112.405459999000072, -8.052389998999956, 0.0 ], [ 112.40543, -8.05222, 0.0 ], [ 112.40545, -8.05208, 0.0 ], [ 112.4055800000001, -8.051929998999981, 0.0 ], [ 112.4057600000001, -8.05185999899993, 0.0 ], [ 112.4062, -8.05183, 0.0 ], [ 112.40662, -8.051779997999972, 0.0 ], [ 112.407409999000038, -8.05154, 0.0 ], [ 112.4075, -8.051489997999965, 0.0 ], [ 112.40758, -8.051259998999967, 0.0 ], [ 112.407600000000116, -8.05111, 0.0 ], [ 112.40719, -8.050499998999953, 0.0 ], [ 112.407059999000012, -8.05033999799997, 0.0 ], [ 112.40707, -8.050239998999928, 0.0 ], [ 112.407650000000103, -8.04992, 0.0 ], [ 112.407879999000102, -8.049659998999971, 0.0 ], [ 112.407859999000038, -8.049509998999952, 0.0 ], [ 112.407779999000013, -8.049369998999964, 0.0 ], [ 112.40755, -8.04911999899997, 0.0 ], [ 112.40748, -8.04886, 0.0 ], [ 112.40754, -8.048559998999963, 0.0 ], [ 112.40766, -8.04832, 0.0 ], [ 112.407690000000116, -8.048229997999954, 0.0 ], [ 112.407429999000101, -8.04801, 0.0 ], [ 112.40717, -8.04778, 0.0 ], [ 112.407039999000062, -8.04762999899998, 0.0 ], [ 112.40699999900005, -8.047549997999965, 0.0 ], [ 112.40761, -8.046529998999972, 0.0 ], [ 112.4077, -8.046239998999965, 0.0 ], [ 112.40777, -8.04594, 0.0 ], [ 112.407920000000104, -8.045989997999925, 0.0 ], [ 112.408189999000115, -8.046149998999965, 0.0 ], [ 112.408320000000117, -8.04618, 0.0 ], [ 112.40845, -8.046149998999965, 0.0 ], [ 112.40857999900004, -8.046029998999927, 0.0 ], [ 112.40871, -8.0458, 0.0 ], [ 112.40878, -8.045499997999968, 0.0 ], [ 112.40883, -8.045249997999974, 0.0 ], [ 112.40889, -8.045119998999951, 0.0 ], [ 112.40912, -8.044929998999976, 0.0 ], [ 112.40965, -8.0449, 0.0 ], [ 112.409809999000117, -8.044869998999957, 0.0 ], [ 112.40997, -8.044739997999955, 0.0 ], [ 112.410119999000017, -8.044419998999956, 0.0 ], [ 112.41011, -8.0442, 0.0 ], [ 112.41004, -8.04413, 0.0 ], [ 112.409829999000067, -8.04407, 0.0 ], [ 112.40969, -8.04407, 0.0 ], [ 112.40952, -8.04395, 0.0 ], [ 112.40937, -8.04377999899998, 0.0 ], [ 112.40931, -8.04364, 0.0 ], [ 112.40933, -8.043539998999961, 0.0 ], [ 112.40965, -8.043249998999954, 0.0 ], [ 112.40993, -8.042829998999935, 0.0 ], [ 112.40998, -8.042379998999934, 0.0 ], [ 112.41004, -8.04215, 0.0 ], [ 112.41005, -8.042089998999927, 0.0 ], [ 112.41015, -8.04193, 0.0 ], [ 112.410259999, -8.04186, 0.0 ], [ 112.41038, -8.041779998999971, 0.0 ], [ 112.41039, -8.041359998999951, 0.0 ], [ 112.410472563000098, -8.040820910999969, 0.0 ], [ 112.41056, -8.040249998999968, 0.0 ], [ 112.410440000000108, -8.039779998999961, 0.0 ], [ 112.410327815000073, -8.039525713999979, 0.0 ], [ 112.41036646900011, -8.039167487999975, 0.0 ], [ 112.410544928000036, -8.03890574899998, 0.0 ], [ 112.410711491000029, -8.03863211, 0.0 ], [ 112.410806669000067, -8.03835847199997, 0.0 ], [ 112.410818566000103, -8.038144319999958, 0.0 ], [ 112.410747182000023, -8.037799297999925, 0.0 ], [ 112.410640107000063, -8.037656530999925, 0.0 ], [ 112.410533031000114, -8.037454276999938, 0.0 ], [ 112.410568723000097, -8.037216329999978, 0.0 ], [ 112.410711491000029, -8.036942691999968, 0.0 ], [ 112.410818566000103, -8.036692848999962, 0.0 ], [ 112.410878053000033, -8.036347827999975, 0.0 ], [ 112.410735285000101, -8.036002804999953, 0.0 ], [ 112.410497339000017, -8.035776755999962, 0.0 ], [ 112.410556826000061, -8.035312761999933, 0.0 ], [ 112.410556826000061, -8.035153172999969, 0.0 ], [ 112.41056, -8.03515, 0.0 ], [ 112.41068, -8.034949998999934, 0.0 ], [ 112.41078, -8.034419998999965, 0.0 ], [ 112.41081, -8.034269997999957, 0.0 ], [ 112.41077, -8.03414, 0.0 ], [ 112.410091401000045, -8.033700905999979, 0.0 ], [ 112.410045241000034, -8.033516267999971, 0.0 ], [ 112.41005713900006, -8.033314014999974, 0.0 ], [ 112.410140420000062, -8.033195041999932, 0.0 ], [ 112.410223701000064, -8.03311176099993, 0.0 ], [ 112.410306982000066, -8.032909505999953, 0.0 ], [ 112.41034, -8.032709997999973, 0.0 ], [ 112.410363195000059, -8.032511243999977, 0.0 ], [ 112.410382283000104, -8.032310786999972, 0.0 ], [ 112.410497339000017, -8.03208859199998, 0.0 ], [ 112.410699593000118, -8.031993412999952, 0.0 ], [ 112.410854258000086, -8.031933926999955, 0.0 ], [ 112.410961334000035, -8.031814953999969, 0.0 ], [ 112.410985129000096, -8.031600801999957, 0.0 ], [ 112.41102082000009, -8.031446137999978, 0.0 ], [ 112.411115999000117, -8.031160602999933, 0.0 ], [ 112.411071409000101, -8.030994403999955, 0.0 ], [ 112.411056512000073, -8.030744196999933, 0.0 ], [ 112.410985129000096, -8.030541941999957, 0.0 ], [ 112.410961334000035, -8.030387277999978, 0.0 ], [ 112.410961334000035, -8.030077947999928, 0.0 ], [ 112.410806669000067, -8.029685336999933, 0.0 ], [ 112.410818566000103, -8.029602055999931, 0.0 ], [ 112.410937539000088, -8.029471184999977, 0.0 ], [ 112.411104102000081, -8.029328417999977, 0.0 ], [ 112.411294459000032, -8.029185649999931, 0.0 ], [ 112.41146737400004, -8.028951450999955, 0.0 ], [ 112.41149, -8.02887, 0.0 ], [ 112.41161000000011, -8.028469998999981, 0.0 ], [ 112.41169, -8.028229998999961, 0.0 ], [ 112.41171, -8.027869998999961, 0.0 ], [ 112.41119, -8.02774, 0.0 ], [ 112.41108, -8.02765, 0.0 ], [ 112.411039999000081, -8.027519998999935, 0.0 ], [ 112.41108, -8.027349998999966, 0.0 ], [ 112.411429999, -8.027109997999958, 0.0 ], [ 112.41158, -8.027009998999972, 0.0 ], [ 112.41165, -8.026849998999978, 0.0 ], [ 112.41168, -8.02666, 0.0 ], [ 112.41185, -8.026379998999971, 0.0 ], [ 112.41212, -8.02619, 0.0 ], [ 112.41234, -8.025789998999926, 0.0 ], [ 112.41243, -8.02558, 0.0 ], [ 112.41308, -8.025179998999931, 0.0 ], [ 112.41322, -8.025079998999956, 0.0 ], [ 112.4134, -8.02484, 0.0 ], [ 112.4134, -8.024709998999981, 0.0 ], [ 112.4131, -8.02437, 0.0 ], [ 112.41283, -8.024049997999953, 0.0 ], [ 112.41281, -8.023969998999974, 0.0 ], [ 112.412869999, -8.02385, 0.0 ], [ 112.41325, -8.023549998999954, 0.0 ], [ 112.41333, -8.02347999899996, 0.0 ], [ 112.41331, -8.023339998999973, 0.0 ], [ 112.4131900000001, -8.023089998999978, 0.0 ], [ 112.413140000000112, -8.022979998999972, 0.0 ], [ 112.41313, -8.022859998999934, 0.0 ], [ 112.41322, -8.022739998999953, 0.0 ], [ 112.413749999000061, -8.02261, 0.0 ], [ 112.41398, -8.022549998999978, 0.0 ], [ 112.41419, -8.022409998999933, 0.0 ], [ 112.41423, -8.022309998999958, 0.0 ], [ 112.414159999000049, -8.022019997999962, 0.0 ], [ 112.41398, -8.02178, 0.0 ], [ 112.41379, -8.02146, 0.0 ], [ 112.41378, -8.02135999799998, 0.0 ], [ 112.414039999000011, -8.02103, 0.0 ], [ 112.414449999000112, -8.02074, 0.0 ], [ 112.41469, -8.02067, 0.0 ], [ 112.41505, -8.02063, 0.0 ], [ 112.415289999000038, -8.020539998999936, 0.0 ], [ 112.41543, -8.020439998999962, 0.0 ], [ 112.415480000000116, -8.02029, 0.0 ], [ 112.415530000000103, -8.01959, 0.0 ], [ 112.415619999000114, -8.019339998999953, 0.0 ], [ 112.41577, -8.01919, 0.0 ], [ 112.41596, -8.019109998999966, 0.0 ], [ 112.416290000000117, -8.019019997999976, 0.0 ], [ 112.41653, -8.01887, 0.0 ], [ 112.416650000000118, -8.01876, 0.0 ], [ 112.41669, -8.01867, 0.0 ], [ 112.41663, -8.017909998999926, 0.0 ], [ 112.41662, -8.017619998999976, 0.0 ], [ 112.41669, -8.017319998999938, 0.0 ], [ 112.4168, -8.017239998999969, 0.0 ], [ 112.41721, -8.01717999899995, 0.0 ], [ 112.417244429000107, -8.017170162999946, 0.0 ], [ 112.417279999000016, -8.01716, 0.0 ], [ 112.417330000000106, -8.017009998999981, 0.0 ], [ 112.41743, -8.016739998999981, 0.0 ], [ 112.417629999000042, -8.01649, 0.0 ], [ 112.417914601, -8.016407995999941, 0.0 ], [ 112.41822, -8.016319998999961, 0.0 ], [ 112.41855, -8.016179998999974, 0.0 ], [ 112.418770000000109, -8.01608, 0.0 ], [ 112.41916, -8.015979998999967, 0.0 ], [ 112.419539999000108, -8.01581, 0.0 ], [ 112.41967000000011, -8.015729998999973, 0.0 ], [ 112.41963, -8.01563, 0.0 ], [ 112.41951, -8.015529998999966, 0.0 ], [ 112.4193, -8.015439998999966, 0.0 ], [ 112.419169999000019, -8.01532, 0.0 ], [ 112.41916, -8.015239998999959, 0.0 ], [ 112.419249999000044, -8.015079997999976, 0.0 ], [ 112.41955, -8.014809998999965, 0.0 ], [ 112.41998, -8.014469998999971, 0.0 ], [ 112.42018, -8.014259998999933, 0.0 ], [ 112.42017, -8.01392, 0.0 ], [ 112.42019, -8.013619998999957, 0.0 ], [ 112.42028, -8.01347, 0.0 ], [ 112.420689999000047, -8.013079998999956, 0.0 ], [ 112.42088, -8.01291, 0.0 ], [ 112.420930000000112, -8.01282, 0.0 ], [ 112.42088, -8.01252999899998, 0.0 ], [ 112.42076, -8.012019998999961, 0.0 ], [ 112.4208, -8.01185, 0.0 ], [ 112.422, -8.010509998999964, 0.0 ], [ 112.42244, -8.01034999899997, 0.0 ], [ 112.42258, -8.010289998999951, 0.0 ], [ 112.422690000000102, -8.009969997999974, 0.0 ], [ 112.422859436000067, -8.009614989999932, 0.0 ], [ 112.4229, -8.00953, 0.0 ], [ 112.42312, -8.00928, 0.0 ], [ 112.423450000000116, -8.009189997999954, 0.0 ], [ 112.423630000000117, -8.009149998999931, 0.0 ], [ 112.423829999000077, -8.008959998999956, 0.0 ], [ 112.42411, -8.008689998999955, 0.0 ], [ 112.424279999000078, -8.008529998999961, 0.0 ], [ 112.424350000000118, -8.008449998999936, 0.0 ], [ 112.424310000000105, -8.008099998999967, 0.0 ], [ 112.424239999000065, -8.007829998999966, 0.0 ], [ 112.4242, -8.00773, 0.0 ], [ 112.42392, -8.00762, 0.0 ], [ 112.42362, -8.007549998999934, 0.0 ], [ 112.423439999000038, -8.007449998999959, 0.0 ], [ 112.42339, -8.007379998999966, 0.0 ], [ 112.42351, -8.007159997999963, 0.0 ], [ 112.42373, -8.006999998999959, 0.0 ], [ 112.42392, -8.006829998999933, 0.0 ], [ 112.424, -8.006729998999958, 0.0 ], [ 112.42394, -8.006449998999926, 0.0 ], [ 112.423909999000102, -8.00631, 0.0 ], [ 112.42425, -8.006119998999964, 0.0 ], [ 112.42442, -8.006009997999968, 0.0 ], [ 112.42478, -8.005729998999925, 0.0 ], [ 112.42488, -8.005649998999957, 0.0 ], [ 112.42492, -8.005529998999975, 0.0 ], [ 112.424862137000105, -8.005086380999956, 0.0 ], [ 112.42486, -8.00507, 0.0 ], [ 112.42478, -8.004749998999955, 0.0 ], [ 112.42474, -8.00455999899998, 0.0 ], [ 112.42477, -8.00431, 0.0 ], [ 112.424800084000026, -8.004249830999981, 0.0 ], [ 112.42481, -8.004229998999961, 0.0 ], [ 112.42518, -8.004079997999952, 0.0 ], [ 112.42529, -8.004039998999929, 0.0 ], [ 112.425509999000042, -8.00395999899996, 0.0 ], [ 112.42569, -8.003819998999973, 0.0 ], [ 112.425799999000105, -8.00368999799997, 0.0 ], [ 112.425819999000055, -8.003549998999972, 0.0 ], [ 112.42563, -8.003319998999928, 0.0 ], [ 112.4255, -8.00318, 0.0 ], [ 112.425463647000015, -8.002516562999972, 0.0 ], [ 112.42546, -8.002449998999964, 0.0 ], [ 112.42555, -8.002239998999926, 0.0 ], [ 112.42567, -8.00208, 0.0 ], [ 112.42571, -8.00201999899997, 0.0 ], [ 112.42561, -8.00186999899995, 0.0 ], [ 112.425489999000092, -8.00167, 0.0 ], [ 112.42552, -8.001549998999963, 0.0 ], [ 112.42572, -8.00132999799996, 0.0 ], [ 112.425859999000068, -8.0012, 0.0 ], [ 112.42596, -8.00079999899998, 0.0 ], [ 112.42618999900003, -8.00025, 0.0 ], [ 112.426559999, -7.999849998999935, 0.0 ], [ 112.426679999000044, -7.99967, 0.0 ], [ 112.42686, -7.999399998999934, 0.0 ], [ 112.42704, -7.999229998999965, 0.0 ], [ 112.42721, -7.99913, 0.0 ], [ 112.42752, -7.99913, 0.0 ], [ 112.42764000000011, -7.99913, 0.0 ], [ 112.427749999000071, -7.998829998999952, 0.0 ], [ 112.42786, -7.998539997999956, 0.0 ], [ 112.42808, -7.998249998999938, 0.0 ], [ 112.42813, -7.998209998999926, 0.0 ], [ 112.42839, -7.998219998999957, 0.0 ], [ 112.42852, -7.99818, 0.0 ], [ 112.428649999000072, -7.99769, 0.0 ], [ 112.428649999000072, -7.997589998999956, 0.0 ], [ 112.42897, -7.997109998999974, 0.0 ], [ 112.42932, -7.99676999899998, 0.0 ], [ 112.42964, -7.99652, 0.0 ], [ 112.429940000000101, -7.996219997999958, 0.0 ], [ 112.430089999000074, -7.996119998999973, 0.0 ], [ 112.430430000000115, -7.99582, 0.0 ], [ 112.43081, -7.995199998999965, 0.0 ], [ 112.43098, -7.994769998999971, 0.0 ], [ 112.431198753000103, -7.994658018999928, 0.0 ], [ 112.43182, -7.994339998999976, 0.0 ], [ 112.433000000000106, -7.993649998999956, 0.0 ], [ 112.43344, -7.993549998999981, 0.0 ], [ 112.433719999, -7.993529998999975, 0.0 ], [ 112.43473, -7.993559998999956, 0.0 ], [ 112.43492, -7.993529998999975, 0.0 ], [ 112.43512, -7.99339, 0.0 ], [ 112.435616817000096, -7.992522826999959, 0.0 ], [ 112.435669999000083, -7.992429998999967, 0.0 ], [ 112.435700000000111, -7.99235, 0.0 ], [ 112.435669999000083, -7.99222, 0.0 ], [ 112.436465741, -7.990702538999926, 0.0 ], [ 112.43653, -7.990579998999976, 0.0 ], [ 112.4366500000001, -7.990389997999955, 0.0 ], [ 112.43702, -7.9899, 0.0 ], [ 112.43727, -7.989639998999962, 0.0 ], [ 112.43733, -7.9896, 0.0 ], [ 112.43808, -7.98947, 0.0 ], [ 112.438709999000025, -7.989259997999966, 0.0 ], [ 112.43893, -7.989139998999974, 0.0 ], [ 112.439489999000102, -7.988779998999973, 0.0 ], [ 112.43991, -7.988419998999973, 0.0 ], [ 112.440381208000076, -7.987652103999949, 0.0 ], [ 112.44045, -7.987539998999978, 0.0 ], [ 112.441169999000067, -7.986689998999964, 0.0 ], [ 112.441459999000017, -7.98634, 0.0 ], [ 112.44161, -7.98610999899995, 0.0 ], [ 112.441634219000093, -7.986055102999956, 0.0 ], [ 112.441640978, -7.986039781999978, 0.0 ], [ 112.44176, -7.985769997999967, 0.0 ], [ 112.4428, -7.984709998999961, 0.0 ], [ 112.4437, -7.983969998999953, 0.0 ], [ 112.44465999900001, -7.98348, 0.0 ], [ 112.445233314, -7.983051352999951, 0.0 ], [ 112.445729999000037, -7.98267999899997, 0.0 ], [ 112.44666, -7.981769998999937, 0.0 ], [ 112.44775, -7.980449998999973, 0.0 ], [ 112.448850000000107, -7.979799997999976, 0.0 ], [ 112.449873263000086, -7.979370227999937, 0.0 ], [ 112.45085, -7.978959998999926, 0.0 ], [ 112.451535047000107, -7.978370539999958, 0.0 ], [ 112.45171, -7.978219998999975, 0.0 ], [ 112.453, -7.97673, 0.0 ], [ 112.453999999000075, -7.975479998999958, 0.0 ], [ 112.454762893000066, -7.974900199999979, 0.0 ], [ 112.45625, -7.973769998999956, 0.0 ], [ 112.45836999900007, -7.971279998999933, 0.0 ], [ 112.460218390000023, -7.968787702999975, 0.0 ], [ 112.460271331000058, -7.968716318999952, 0.0 ], [ 112.46081, -7.96799, 0.0 ], [ 112.461141032000114, -7.967612859999974, 0.0 ], [ 112.46361, -7.964799998999979, 0.0 ], [ 112.46540999900003, -7.963379998999926, 0.0 ], [ 112.465599353000016, -7.963225319999935, 0.0 ], [ 112.466462558000103, -7.962520188999974, 0.0 ], [ 112.466829564000022, -7.96222039099996, 0.0 ], [ 112.47098, -7.95883, 0.0 ], [ 112.471031710000034, -7.958780158999957, 0.0 ], [ 112.471721607000063, -7.958115197999973, 0.0 ], [ 112.471776061000014, -7.958062711999958, 0.0 ], [ 112.472155244000078, -7.957697234999955, 0.0 ], [ 112.472636984000019, -7.957232906999934, 0.0 ], [ 112.472640931000115, -7.957232826999928, 0.0 ], [ 112.473968444000093, -7.957654327999933, 0.0 ], [ 112.474510143000089, -7.958117826999967, 0.0 ], [ 112.475059458000032, -7.959356166999953, 0.0 ], [ 112.47518151700001, -7.96113857499995, 0.0 ], [ 112.475578234000068, -7.962261529999978, 0.0 ], [ 112.475982590000058, -7.963459826999951, 0.0 ], [ 112.476234399000077, -7.964509346999932, 0.0 ], [ 112.476236778000043, -7.964518792999968, 0.0 ], [ 112.4758700000001, -7.96551999899998, 0.0 ], [ 112.47535, -7.96614, 0.0 ], [ 112.47461, -7.966779998999925, 0.0 ], [ 112.47326, -7.967619998999965, 0.0 ], [ 112.4721, -7.96833, 0.0 ], [ 112.471299999000053, -7.96891, 0.0 ], [ 112.470780000000104, -7.969399998999961, 0.0 ], [ 112.470330000000104, -7.969909998999981, 0.0 ], [ 112.46946, -7.97094999899997, 0.0 ], [ 112.4685, -7.972299998999972, 0.0 ], [ 112.4668, -7.97607, 0.0 ], [ 112.46629, -7.977389998999968, 0.0 ], [ 112.466089999000019, -7.97776, 0.0 ], [ 112.46566, -7.978239998999925, 0.0 ], [ 112.46558, -7.978339997999967, 0.0 ], [ 112.46547, -7.978539998999963, 0.0 ], [ 112.46536, -7.978679998999951, 0.0 ], [ 112.464999999000042, -7.979129998999952, 0.0 ], [ 112.46495, -7.97916, 0.0 ], [ 112.46468, -7.979309998999952, 0.0 ], [ 112.464589999000054, -7.979399998999952, 0.0 ], [ 112.464509999000029, -7.979489997999963, 0.0 ], [ 112.464239999000029, -7.979689998999959, 0.0 ], [ 112.464, -7.979759997999963, 0.0 ], [ 112.46363, -7.979849998999953, 0.0 ], [ 112.46323, -7.979979998999966, 0.0 ], [ 112.46314, -7.980049998999959, 0.0 ], [ 112.46273, -7.980379998999979, 0.0 ], [ 112.462189999000088, -7.98078, 0.0 ], [ 112.46201, -7.98098, 0.0 ], [ 112.461950000000115, -7.981039998999961, 0.0 ], [ 112.46179999900005, -7.98127, 0.0 ], [ 112.4617, -7.981749998999931, 0.0 ], [ 112.461680000000115, -7.981869998999969, 0.0 ], [ 112.46169, -7.982189998999957, 0.0 ], [ 112.4617, -7.982439998999951, 0.0 ], [ 112.4616, -7.982839998999964, 0.0 ], [ 112.461489999000037, -7.982979997999962, 0.0 ], [ 112.46133, -7.983169998999927, 0.0 ], [ 112.46116, -7.983379998999965, 0.0 ], [ 112.4609, -7.98375, 0.0 ], [ 112.460510000000113, -7.984369998999966, 0.0 ], [ 112.46043, -7.984539998999935, 0.0 ], [ 112.46037, -7.984689998999954, 0.0 ], [ 112.46018, -7.98503, 0.0 ], [ 112.45992999900011, -7.98542, 0.0 ], [ 112.459499999000059, -7.98592999899995, 0.0 ], [ 112.45923, -7.98625, 0.0 ], [ 112.45908, -7.98643999899997, 0.0 ], [ 112.458679999000083, -7.986999998999977, 0.0 ], [ 112.45838, -7.987339998999971, 0.0 ], [ 112.45797, -7.987609998999972, 0.0 ], [ 112.45758, -7.98785, 0.0 ], [ 112.457270000000108, -7.98812, 0.0 ], [ 112.45699, -7.988329998999973, 0.0 ], [ 112.45678999900008, -7.98841, 0.0 ], [ 112.456419999000104, -7.98861, 0.0 ], [ 112.45618, -7.988809997999965, 0.0 ], [ 112.45594, -7.989009998999961, 0.0 ], [ 112.4557, -7.989249998999981, 0.0 ], [ 112.4554, -7.9896, 0.0 ], [ 112.45536, -7.989649998999937, 0.0 ], [ 112.455110000000104, -7.98983, 0.0 ], [ 112.4545, -7.990229998999951, 0.0 ], [ 112.45409, -7.99075, 0.0 ], [ 112.45395, -7.99102, 0.0 ], [ 112.45379, -7.991279998999971, 0.0 ], [ 112.453440000000114, -7.991819998999972, 0.0 ], [ 112.45347, -7.99204, 0.0 ], [ 112.45348, -7.992249998999966, 0.0 ], [ 112.45338, -7.99255999899998, 0.0 ], [ 112.45327, -7.99287, 0.0 ], [ 112.45321, -7.993219998999962, 0.0 ], [ 112.453239999000061, -7.993359998999949, 0.0 ], [ 112.452439999000035, -7.99395999799998, 0.0 ], [ 112.451599999000109, -7.9949, 0.0 ], [ 112.45093, -7.99607999899996, 0.0 ], [ 112.4506, -7.996599998999955, 0.0 ], [ 112.45035, -7.997309998999981, 0.0 ], [ 112.450099999000031, -7.99807999899997, 0.0 ], [ 112.44986, -7.99902, 0.0 ], [ 112.44976, -7.99951, 0.0 ], [ 112.44964, -7.999999998999954, 0.0 ], [ 112.44941, -8.00032, 0.0 ], [ 112.44913, -8.00070999899998, 0.0 ], [ 112.4489, -8.000959998999974, 0.0 ], [ 112.44875, -8.00118, 0.0 ], [ 112.448559999000054, -8.001479998999969, 0.0 ], [ 112.44838, -8.001709998999956, 0.0 ], [ 112.44818, -8.001959998999951, 0.0 ], [ 112.44808, -8.00237, 0.0 ], [ 112.44798, -8.00275, 0.0 ], [ 112.44789, -8.00318, 0.0 ], [ 112.44779, -8.00356, 0.0 ], [ 112.447590000000105, -8.004019998999979, 0.0 ], [ 112.4474, -8.004359998999973, 0.0 ], [ 112.44715, -8.004899998999974, 0.0 ], [ 112.44726, -8.005379998999956, 0.0 ], [ 112.44748, -8.00559999799998, 0.0 ], [ 112.44769, -8.00581, 0.0 ], [ 112.447950000000105, -8.006089998999926, 0.0 ], [ 112.448149999000066, -8.006399998999939, 0.0 ], [ 112.44833, -8.00678, 0.0 ], [ 112.44846, -8.007339998999953, 0.0 ], [ 112.448519999000041, -8.007869998999979, 0.0 ], [ 112.448519999000041, -8.00831999899998, 0.0 ], [ 112.44851, -8.008769998999981, 0.0 ], [ 112.44851, -8.009229997999967, 0.0 ], [ 112.448499999000092, -8.00971, 0.0 ], [ 112.448539999000104, -8.010059998999964, 0.0 ], [ 112.44855, -8.01066, 0.0 ], [ 112.44844, -8.011549997999964, 0.0 ], [ 112.44843, -8.01162, 0.0 ], [ 112.44836, -8.012179998999954, 0.0 ], [ 112.44824, -8.01277, 0.0 ], [ 112.448089999000103, -8.013099998999962, 0.0 ], [ 112.44785, -8.01351, 0.0 ], [ 112.4474, -8.013829998999938, 0.0 ], [ 112.44697, -8.01410999899997, 0.0 ], [ 112.446609999000088, -8.014339997999969, 0.0 ], [ 112.446509999000114, -8.014419998999927, 0.0 ], [ 112.44638, -8.014519998999958, 0.0 ], [ 112.4461999990001, -8.014769998999952, 0.0 ], [ 112.44603, -8.01516, 0.0 ], [ 112.446, -8.015489997999964, 0.0 ], [ 112.44602, -8.01601, 0.0 ], [ 112.44596, -8.016249997999978, 0.0 ], [ 112.445829999000011, -8.01644, 0.0 ], [ 112.44528, -8.017109998999956, 0.0 ], [ 112.445250000000101, -8.017169998999975, 0.0 ], [ 112.445160000000101, -8.017539998999951, 0.0 ], [ 112.44515, -8.017829997999968, 0.0 ], [ 112.44524, -8.01908, 0.0 ], [ 112.4451, -8.01959, 0.0 ], [ 112.44479, -8.020149997999965, 0.0 ], [ 112.44463, -8.020349998999961, 0.0 ], [ 112.44438, -8.02061, 0.0 ], [ 112.44393, -8.020959998999956, 0.0 ], [ 112.44365, -8.02112, 0.0 ], [ 112.44332, -8.02144, 0.0 ], [ 112.44319, -8.021709998999938, 0.0 ], [ 112.44314, -8.02191, 0.0 ], [ 112.44305, -8.02227, 0.0 ], [ 112.4429, -8.022549998999978, 0.0 ], [ 112.44288, -8.022639998999978, 0.0 ], [ 112.44277000000011, -8.023009998999953, 0.0 ], [ 112.44217, -8.02425999899998, 0.0 ], [ 112.44207, -8.024449998999955, 0.0 ], [ 112.44198, -8.024649998999962, 0.0 ], [ 112.441956534000042, -8.024736642999926, 0.0 ], [ 112.441978694000113, -8.024843011999963, 0.0 ], [ 112.441978694000113, -8.025014333999934, 0.0 ], [ 112.441712194000047, -8.025223725999979, 0.0 ], [ 112.441531355000052, -8.025309386999936, 0.0 ], [ 112.441502802000059, -8.025404564999974, 0.0 ], [ 112.441502802000059, -8.025528296999937, 0.0 ], [ 112.441550391000078, -8.025652027999968, 0.0 ], [ 112.441539999000042, -8.02583, 0.0 ], [ 112.441655087000072, -8.025994670999978, 0.0 ], [ 112.441873998, -8.026270687999954, 0.0 ], [ 112.441946944000051, -8.026423887999954, 0.0 ], [ 112.442045319000044, -8.026594295999928, 0.0 ], [ 112.442035801000088, -8.026765615999977, 0.0 ], [ 112.44198, -8.026919998999972, 0.0 ], [ 112.441960000000108, -8.027039998999953, 0.0 ], [ 112.441909999000018, -8.027279998999973, 0.0 ], [ 112.44194999900003, -8.027549998999973, 0.0 ], [ 112.441960000000108, -8.027869998999961, 0.0 ], [ 112.44186, -8.02817, 0.0 ], [ 112.44171, -8.028419998999937, 0.0 ], [ 112.44147999900008, -8.028689998999937, 0.0 ], [ 112.441, -8.029129998999963, 0.0 ], [ 112.440329999000028, -8.029569998999932, 0.0 ], [ 112.43974, -8.029739998999958, 0.0 ], [ 112.439350000000104, -8.029849998999964, 0.0 ], [ 112.439099999000064, -8.029999998999926, 0.0 ], [ 112.43884, -8.030279998999958, 0.0 ], [ 112.43846, -8.030759997999951, 0.0 ], [ 112.438220000000115, -8.03108, 0.0 ], [ 112.43806, -8.031289998999966, 0.0 ], [ 112.43794, -8.031719998999961, 0.0 ], [ 112.43788, -8.03233999899993, 0.0 ], [ 112.43776, -8.03247, 0.0 ], [ 112.437579999000036, -8.032589998999981, 0.0 ], [ 112.436859999000035, -8.033039998999925, 0.0 ], [ 112.4367, -8.033219998999925, 0.0 ], [ 112.436409999000034, -8.0336, 0.0 ], [ 112.43638, -8.033659998999951, 0.0 ], [ 112.4363, -8.033819997999956, 0.0 ], [ 112.43619, -8.03405, 0.0 ], [ 112.436059999, -8.034349998999971, 0.0 ], [ 112.43582, -8.034689998999966, 0.0 ], [ 112.43566, -8.03481, 0.0 ], [ 112.43523, -8.034659998999928, 0.0 ], [ 112.43492, -8.034659998999928, 0.0 ], [ 112.433679999000105, -8.03484999899996, 0.0 ], [ 112.43352, -8.034889998999972, 0.0 ], [ 112.43343, -8.034989997999958, 0.0 ], [ 112.43337, -8.03517, 0.0 ], [ 112.43341, -8.035409998999967, 0.0 ], [ 112.43351, -8.03562, 0.0 ], [ 112.43391, -8.036289998999962, 0.0 ], [ 112.4343, -8.036989998999957, 0.0 ], [ 112.434399999000107, -8.03720999899997, 0.0 ], [ 112.43437, -8.037339998999926, 0.0 ], [ 112.43421, -8.03747, 0.0 ], [ 112.43398, -8.037589998999977, 0.0 ], [ 112.433679999000105, -8.037799997999969, 0.0 ], [ 112.43361999900003, -8.03801, 0.0 ], [ 112.433659999000042, -8.038219998999978, 0.0 ], [ 112.43367, -8.038489998999978, 0.0 ], [ 112.433540000000107, -8.03896, 0.0 ], [ 112.43349, -8.039309998999954, 0.0 ], [ 112.43339, -8.03976999899993, 0.0 ], [ 112.43315, -8.04026, 0.0 ], [ 112.43295, -8.040559998999981, 0.0 ], [ 112.43278, -8.04067, 0.0 ], [ 112.43217, -8.04087999799998, 0.0 ], [ 112.43217, -8.04096, 0.0 ], [ 112.4322, -8.04105, 0.0 ], [ 112.432280000000105, -8.041279998999926, 0.0 ], [ 112.43224, -8.041359998999951, 0.0 ], [ 112.432059999000103, -8.0415, 0.0 ], [ 112.43197, -8.041629998999952, 0.0 ], [ 112.43197, -8.041759998999964, 0.0 ], [ 112.43195, -8.0422, 0.0 ], [ 112.43189, -8.04272999899996, 0.0 ], [ 112.43199, -8.0431, 0.0 ], [ 112.43218, -8.043539998999961, 0.0 ], [ 112.4323, -8.04395, 0.0 ], [ 112.432509999000104, -8.04465, 0.0 ], [ 112.43281, -8.045569998999952, 0.0 ], [ 112.43278, -8.04582, 0.0 ], [ 112.43248, -8.04666, 0.0 ], [ 112.432459924000113, -8.046823113999949, 0.0 ], [ 112.432558170000107, -8.047015020999936, 0.0 ], [ 112.432662866000101, -8.047195859999931, 0.0 ], [ 112.432748527000058, -8.047367179999981, 0.0 ], [ 112.432834187000026, -8.047481394999977, 0.0 ], [ 112.432881777000034, -8.047671751999928, 0.0 ], [ 112.432938884, -8.047862108999936, 0.0 ], [ 112.432957919000046, -8.048071500999981, 0.0 ], [ 112.432891295000104, -8.048347517999957, 0.0 ], [ 112.432777080000051, -8.048661607999975, 0.0 ], [ 112.432615277000082, -8.048909069999979, 0.0 ], [ 112.432348777000016, -8.049147017999928, 0.0 ], [ 112.432123882000042, -8.049253745999977, 0.0 ], [ 112.43184, -8.04965, 0.0 ], [ 112.4318, -8.049799998999958, 0.0 ], [ 112.43186, -8.05003, 0.0 ], [ 112.431960000000117, -8.050139998999953, 0.0 ], [ 112.432139999000015, -8.05021, 0.0 ], [ 112.43248, -8.050299997999957, 0.0 ], [ 112.43258, -8.05033, 0.0 ], [ 112.43289367400007, -8.050355783999976, 0.0 ], [ 112.433107826000082, -8.050272502999974, 0.0 ], [ 112.433417155000029, -8.050201117999961, 0.0 ], [ 112.433476642000073, -8.050296296999932, 0.0 ], [ 112.433464745000038, -8.050593728999957, 0.0 ], [ 112.433571820000111, -8.051010134999956, 0.0 ], [ 112.43361, -8.051189998999973, 0.0 ], [ 112.433797869000045, -8.051248080999926, 0.0 ], [ 112.433928740000056, -8.051402745999951, 0.0 ], [ 112.433952534000014, -8.05168828199993, 0.0 ], [ 112.43398822600011, -8.051973816999975, 0.0 ], [ 112.434071507000112, -8.052318837999962, 0.0 ], [ 112.434024855000075, -8.052608261999978, 0.0 ], [ 112.43404, -8.05316, 0.0 ], [ 112.43394, -8.053379997999969, 0.0 ], [ 112.43373, -8.05369, 0.0 ], [ 112.43343, -8.05364, 0.0 ], [ 112.433209999000042, -8.05364, 0.0 ], [ 112.43289, -8.053669998999965, 0.0 ], [ 112.43244, -8.05376999899994, 0.0 ], [ 112.43181, -8.053919998999959, 0.0 ], [ 112.4314, -8.05404, 0.0 ], [ 112.43072, -8.054179998999928, 0.0 ], [ 112.43001, -8.05436, 0.0 ], [ 112.42959, -8.05445, 0.0 ], [ 112.42906, -8.05454999799997, 0.0 ], [ 112.42844, -8.054609998999979, 0.0 ], [ 112.42803, -8.05463999899996, 0.0 ], [ 112.42753, -8.05454999799997, 0.0 ], [ 112.426969999000107, -8.054429998999979, 0.0 ], [ 112.4265, -8.054339998999978, 0.0 ], [ 112.42613, -8.05429, 0.0 ], [ 112.42569, -8.05429, 0.0 ], [ 112.42523, -8.05433, 0.0 ], [ 112.42436, -8.054489997999951, 0.0 ], [ 112.423439999000038, -8.05469, 0.0 ], [ 112.42312, -8.05472999899996, 0.0 ], [ 112.42262, -8.05481, 0.0 ], [ 112.422280000000114, -8.054939997999952, 0.0 ], [ 112.421939999000074, -8.055179998999961, 0.0 ], [ 112.4213400000001, -8.055629998999962, 0.0 ], [ 112.420887008000022, -8.055946238999979, 0.0 ], [ 112.420870875000105, -8.055957500999966, 0.0 ] ] ] ] } },
{ "type": "Feature", "properties": { "OBJECTID": 116235.0, "KDPPUM": "35", "NAMOBJ": "Kalimanis", "REMARK": null, "KDPBPS": null, "FCODE": "BA03070040", "LUASWH": 10.93751397, "UUPP": "Hasil Delineasi Batas Desa 2019", "SRS_ID": "SRGI 2013", "METADATA": "TASWIL1000020200326DATA_BATAS_DESA_KELURAHAN", "KDEBPS": null, "KDEPUM": "35.05.18.2010", "KDCBPS": null, "KDCPUM": "35.05.18", "KDBBPS": null, "WADMKD": "Kalimanis", "WIADKD": null, "WADMKC": "Doko", "WIADKC": null, "WADMKK": "Blitar", "WIADKK": null, "WADMPR": "Jawa Timur", "WIADPR": null, "TIPADM": 1.0, "KDPKAB": "35.05", "SHAPE_Leng": 0.25711505872424001, "SHAPE_Area": 0.00089724379044900002 }, "geometry": { "type": "MultiPolygon", "coordinates": [ [ [ [ 112.43217, -8.06763, 0.0 ], [ 112.43211, -8.06755, 0.0 ], [ 112.4324, -8.06737, 0.0 ], [ 112.432230767000078, -8.06730932499994, 0.0 ], [ 112.432200631000114, -8.067267708999964, 0.0 ], [ 112.432080861000031, -8.067102311999975, 0.0 ], [ 112.43219324100005, -8.066954507999981, 0.0 ], [ 112.432059999000103, -8.0669, 0.0 ], [ 112.432008591000113, -8.066861442999937, 0.0 ], [ 112.43194, -8.06681, 0.0 ], [ 112.43182, -8.066619998999954, 0.0 ], [ 112.43174999900009, -8.06632, 0.0 ], [ 112.431813343000044, -8.066118789999962, 0.0 ], [ 112.43186313700005, -8.065960622999967, 0.0 ], [ 112.431920000000105, -8.06578, 0.0 ], [ 112.43195, -8.06561, 0.0 ], [ 112.43166, -8.06562, 0.0 ], [ 112.43145, -8.06573, 0.0 ], [ 112.43116, -8.06613, 0.0 ], [ 112.431157881000104, -8.06613264899994, 0.0 ], [ 112.43104, -8.06628, 0.0 ], [ 112.43096, -8.06632, 0.0 ], [ 112.430880000000116, -8.066289998999935, 0.0 ], [ 112.430840662000037, -8.06613264899994, 0.0 ], [ 112.430840000000103, -8.06613, 0.0 ], [ 112.430969999000013, -8.06556, 0.0 ], [ 112.43096, -8.06542, 0.0 ], [ 112.430876561000105, -8.065070598999966, 0.0 ], [ 112.430859099000031, -8.064997477999952, 0.0 ], [ 112.430845961000045, -8.064942461999976, 0.0 ], [ 112.4308, -8.064749998999957, 0.0 ], [ 112.430825540000114, -8.064609527999949, 0.0 ], [ 112.43086, -8.064419998999938, 0.0 ], [ 112.430929999000114, -8.06409, 0.0 ], [ 112.430969999000013, -8.06396, 0.0 ], [ 112.43109, -8.06353, 0.0 ], [ 112.431110000000103, -8.06346, 0.0 ], [ 112.43117, -8.06329, 0.0 ], [ 112.43131, -8.0631, 0.0 ], [ 112.43146, -8.0629, 0.0 ], [ 112.431667372000106, -8.062522284999943, 0.0 ], [ 112.431921959000078, -8.062083295999969, 0.0 ], [ 112.431938093000099, -8.062055474999966, 0.0 ], [ 112.431893003000027, -8.061930989999951, 0.0 ], [ 112.432000793000043, -8.06160762199994, 0.0 ], [ 112.432050641000046, -8.061446707999949, 0.0 ], [ 112.432104417, -8.06127311299997, 0.0 ], [ 112.432145106, -8.061141761999977, 0.0 ], [ 112.432166521000113, -8.060891918999971, 0.0 ], [ 112.43209, -8.06063, 0.0 ], [ 112.432173660000103, -8.060413646999962, 0.0 ], [ 112.432609101000025, -8.06039937099996, 0.0 ], [ 112.43279, -8.06025, 0.0 ], [ 112.432784375000097, -8.060243570999944, 0.0 ], [ 112.43265, -8.060089998999956, 0.0 ], [ 112.432529999000053, -8.05998, 0.0 ], [ 112.43248, -8.0599, 0.0 ], [ 112.432563795000078, -8.059825514999943, 0.0 ], [ 112.432600875000048, -8.05969431699998, 0.0 ], [ 112.432637655, -8.059564179999938, 0.0 ], [ 112.432801837000056, -8.059485657999971, 0.0 ], [ 112.432968369000037, -8.059346241999947, 0.0 ], [ 112.433044542000061, -8.059164429999953, 0.0 ], [ 112.43301886800009, -8.058884266999939, 0.0 ], [ 112.433088736000059, -8.058879758999979, 0.0 ], [ 112.433313081000051, -8.058865284999968, 0.0 ], [ 112.43355, -8.05885, 0.0 ], [ 112.433630000000107, -8.05883, 0.0 ], [ 112.433679999000105, -8.05862, 0.0 ], [ 112.433679999000105, -8.058449998999947, 0.0 ], [ 112.433608475000028, -8.058279270999947, 0.0 ], [ 112.433465707000096, -8.058243578999964, 0.0 ], [ 112.43321586400009, -8.058264993999956, 0.0 ], [ 112.43296, -8.05828, 0.0 ], [ 112.432939999000041, -8.058119998999928, 0.0 ], [ 112.432919999000092, -8.05793, 0.0 ], [ 112.432928261000029, -8.057874919999961, 0.0 ], [ 112.43295, -8.057729998999946, 0.0 ], [ 112.43304, -8.05754, 0.0 ], [ 112.433088299000019, -8.057472381999958, 0.0 ], [ 112.43321586400009, -8.057501186999957, 0.0 ], [ 112.433337216000041, -8.057408387999942, 0.0 ], [ 112.433301524000058, -8.057158544999936, 0.0 ], [ 112.43307844800006, -8.056896070999926, 0.0 ], [ 112.43307027100002, -8.056886448999933, 0.0 ], [ 112.43302, -8.05675, 0.0 ], [ 112.43296, -8.05655, 0.0 ], [ 112.43295, -8.05629, 0.0 ], [ 112.43306, -8.05592, 0.0 ], [ 112.4332, -8.055679998999949, 0.0 ], [ 112.43355, -8.05538, 0.0 ], [ 112.43377, -8.05516, 0.0 ], [ 112.43389, -8.054979998999954, 0.0 ], [ 112.43393, -8.05483, 0.0 ], [ 112.43389, -8.0547, 0.0 ], [ 112.43371, -8.05458, 0.0 ], [ 112.433630000000107, -8.05454999899996, 0.0 ], [ 112.433583401000078, -8.054496231999963, 0.0 ], [ 112.4335, -8.0544, 0.0 ], [ 112.433450000000107, -8.0543, 0.0 ], [ 112.43353, -8.05405, 0.0 ], [ 112.43373, -8.05369, 0.0 ], [ 112.43394, -8.053379997999969, 0.0 ], [ 112.43404, -8.05316, 0.0 ], [ 112.434024855000075, -8.052608261999978, 0.0 ], [ 112.434071507000112, -8.052318837999962, 0.0 ], [ 112.43398822600011, -8.051973816999975, 0.0 ], [ 112.433952534000014, -8.05168828199993, 0.0 ], [ 112.433928740000056, -8.051402745999951, 0.0 ], [ 112.433797869000045, -8.051248080999926, 0.0 ], [ 112.43361, -8.051189998999973, 0.0 ], [ 112.433571820000111, -8.051010134999956, 0.0 ], [ 112.433464745000038, -8.050593728999957, 0.0 ], [ 112.433476642000073, -8.050296296999932, 0.0 ], [ 112.433417155000029, -8.050201117999961, 0.0 ], [ 112.433107826000082, -8.050272502999974, 0.0 ], [ 112.43289367400007, -8.050355783999976, 0.0 ], [ 112.43258, -8.05033, 0.0 ], [ 112.43248, -8.050299997999957, 0.0 ], [ 112.432139999000015, -8.05021, 0.0 ], [ 112.431960000000117, -8.050139998999953, 0.0 ], [ 112.43186, -8.05003, 0.0 ], [ 112.4318, -8.049799998999958, 0.0 ], [ 112.43184, -8.04965, 0.0 ], [ 112.432123882000042, -8.049253745999977, 0.0 ], [ 112.432348777000016, -8.049147017999928, 0.0 ], [ 112.432615277000082, -8.048909069999979, 0.0 ], [ 112.432777080000051, -8.048661607999975, 0.0 ], [ 112.432891295000104, -8.048347517999957, 0.0 ], [ 112.432957919000046, -8.048071500999981, 0.0 ], [ 112.432938884, -8.047862108999936, 0.0 ], [ 112.432881777000034, -8.047671751999928, 0.0 ], [ 112.432834187000026, -8.047481394999977, 0.0 ], [ 112.432748527000058, -8.047367179999981, 0.0 ], [ 112.432662866000101, -8.047195859999931, 0.0 ], [ 112.432558170000107, -8.047015020999936, 0.0 ], [ 112.432459924000113, -8.046823113999949, 0.0 ], [ 112.43248, -8.04666, 0.0 ], [ 112.43278, -8.04582, 0.0 ], [ 112.43281, -8.045569998999952, 0.0 ], [ 112.432509999000104, -8.04465, 0.0 ], [ 112.4323, -8.04395, 0.0 ], [ 112.43218, -8.043539998999961, 0.0 ], [ 112.43199, -8.0431, 0.0 ], [ 112.43189, -8.04272999899996, 0.0 ], [ 112.43195, -8.0422, 0.0 ], [ 112.43197, -8.041759998999964, 0.0 ], [ 112.43197, -8.041629998999952, 0.0 ], [ 112.432059999000103, -8.0415, 0.0 ], [ 112.43224, -8.041359998999951, 0.0 ], [ 112.432280000000105, -8.041279998999926, 0.0 ], [ 112.4322, -8.04105, 0.0 ], [ 112.43217, -8.04096, 0.0 ], [ 112.43217, -8.04087999799998, 0.0 ], [ 112.43278, -8.04067, 0.0 ], [ 112.43295, -8.040559998999981, 0.0 ], [ 112.43315, -8.04026, 0.0 ], [ 112.43339, -8.03976999899993, 0.0 ], [ 112.43349, -8.039309998999954, 0.0 ], [ 112.433540000000107, -8.03896, 0.0 ], [ 112.43367, -8.038489998999978, 0.0 ], [ 112.433659999000042, -8.038219998999978, 0.0 ], [ 112.43361999900003, -8.03801, 0.0 ], [ 112.433679999000105, -8.037799997999969, 0.0 ], [ 112.43398, -8.037589998999977, 0.0 ], [ 112.43421, -8.03747, 0.0 ], [ 112.43437, -8.037339998999926, 0.0 ], [ 112.434399999000107, -8.03720999899997, 0.0 ], [ 112.4343, -8.036989998999957, 0.0 ], [ 112.43391, -8.036289998999962, 0.0 ], [ 112.43351, -8.03562, 0.0 ], [ 112.43341, -8.035409998999967, 0.0 ], [ 112.43337, -8.03517, 0.0 ], [ 112.43343, -8.034989997999958, 0.0 ], [ 112.43352, -8.034889998999972, 0.0 ], [ 112.433679999000105, -8.03484999899996, 0.0 ], [ 112.43492, -8.034659998999928, 0.0 ], [ 112.43523, -8.034659998999928, 0.0 ], [ 112.43566, -8.03481, 0.0 ], [ 112.43582, -8.034689998999966, 0.0 ], [ 112.436059999, -8.034349998999971, 0.0 ], [ 112.43619, -8.03405, 0.0 ], [ 112.4363, -8.033819997999956, 0.0 ], [ 112.43638, -8.033659998999951, 0.0 ], [ 112.436409999000034, -8.0336, 0.0 ], [ 112.4367, -8.033219998999925, 0.0 ], [ 112.436859999000035, -8.033039998999925, 0.0 ], [ 112.437579999000036, -8.032589998999981, 0.0 ], [ 112.43776, -8.03247, 0.0 ], [ 112.43788, -8.03233999899993, 0.0 ], [ 112.43794, -8.031719998999961, 0.0 ], [ 112.43806, -8.031289998999966, 0.0 ], [ 112.438220000000115, -8.03108, 0.0 ], [ 112.43846, -8.030759997999951, 0.0 ], [ 112.43884, -8.030279998999958, 0.0 ], [ 112.439099999000064, -8.029999998999926, 0.0 ], [ 112.439350000000104, -8.029849998999964, 0.0 ], [ 112.43974, -8.029739998999958, 0.0 ], [ 112.440329999000028, -8.029569998999932, 0.0 ], [ 112.441, -8.029129998999963, 0.0 ], [ 112.44147999900008, -8.028689998999937, 0.0 ], [ 112.44171, -8.028419998999937, 0.0 ], [ 112.44186, -8.02817, 0.0 ], [ 112.441960000000108, -8.027869998999961, 0.0 ], [ 112.44194999900003, -8.027549998999973, 0.0 ], [ 112.441909999000018, -8.027279998999973, 0.0 ], [ 112.441960000000108, -8.027039998999953, 0.0 ], [ 112.44198, -8.026919998999972, 0.0 ], [ 112.442035801000088, -8.026765615999977, 0.0 ], [ 112.442045319000044, -8.026594295999928, 0.0 ], [ 112.441946944000051, -8.026423887999954, 0.0 ], [ 112.441873998, -8.026270687999954, 0.0 ], [ 112.441655087000072, -8.025994670999978, 0.0 ], [ 112.441539999000042, -8.02583, 0.0 ], [ 112.441550391000078, -8.025652027999968, 0.0 ], [ 112.441502802000059, -8.025528296999937, 0.0 ], [ 112.441502802000059, -8.025404564999974, 0.0 ], [ 112.441531355000052, -8.025309386999936, 0.0 ], [ 112.441712194000047, -8.025223725999979, 0.0 ], [ 112.441978694000113, -8.025014333999934, 0.0 ], [ 112.441978694000113, -8.024843011999963, 0.0 ], [ 112.441956534000042, -8.024736642999926, 0.0 ], [ 112.44198, -8.024649998999962, 0.0 ], [ 112.44207, -8.024449998999955, 0.0 ], [ 112.44217, -8.02425999899998, 0.0 ], [ 112.44277000000011, -8.023009998999953, 0.0 ], [ 112.44288, -8.022639998999978, 0.0 ], [ 112.4429, -8.022549998999978, 0.0 ], [ 112.44305, -8.02227, 0.0 ], [ 112.44314, -8.02191, 0.0 ], [ 112.44319, -8.021709998999938, 0.0 ], [ 112.44332, -8.02144, 0.0 ], [ 112.44365, -8.02112, 0.0 ], [ 112.44393, -8.020959998999956, 0.0 ], [ 112.44438, -8.02061, 0.0 ], [ 112.44463, -8.020349998999961, 0.0 ], [ 112.44479, -8.020149997999965, 0.0 ], [ 112.4451, -8.01959, 0.0 ], [ 112.44524, -8.01908, 0.0 ], [ 112.44515, -8.017829997999968, 0.0 ], [ 112.445160000000101, -8.017539998999951, 0.0 ], [ 112.445250000000101, -8.017169998999975, 0.0 ], [ 112.44528, -8.017109998999956, 0.0 ], [ 112.445829999000011, -8.01644, 0.0 ], [ 112.44596, -8.016249997999978, 0.0 ], [ 112.44602, -8.01601, 0.0 ], [ 112.446, -8.015489997999964, 0.0 ], [ 112.44603, -8.01516, 0.0 ], [ 112.4461999990001, -8.014769998999952, 0.0 ], [ 112.44638, -8.014519998999958, 0.0 ], [ 112.446509999000114, -8.014419998999927, 0.0 ], [ 112.446609999000088, -8.014339997999969, 0.0 ], [ 112.44697, -8.01410999899997, 0.0 ], [ 112.4474, -8.013829998999938, 0.0 ], [ 112.44785, -8.01351, 0.0 ], [ 112.448089999000103, -8.013099998999962, 0.0 ], [ 112.44824, -8.01277, 0.0 ], [ 112.44836, -8.012179998999954, 0.0 ], [ 112.44843, -8.01162, 0.0 ], [ 112.44844, -8.011549997999964, 0.0 ], [ 112.44855, -8.01066, 0.0 ], [ 112.448539999000104, -8.010059998999964, 0.0 ], [ 112.448499999000092, -8.00971, 0.0 ], [ 112.44851, -8.009229997999967, 0.0 ], [ 112.44851, -8.008769998999981, 0.0 ], [ 112.448519999000041, -8.00831999899998, 0.0 ], [ 112.448519999000041, -8.007869998999979, 0.0 ], [ 112.44846, -8.007339998999953, 0.0 ], [ 112.44833, -8.00678, 0.0 ], [ 112.448149999000066, -8.006399998999939, 0.0 ], [ 112.447950000000105, -8.006089998999926, 0.0 ], [ 112.44769, -8.00581, 0.0 ], [ 112.44748, -8.00559999799998, 0.0 ], [ 112.44726, -8.005379998999956, 0.0 ], [ 112.44715, -8.004899998999974, 0.0 ], [ 112.4474, -8.004359998999973, 0.0 ], [ 112.447590000000105, -8.004019998999979, 0.0 ], [ 112.44779, -8.00356, 0.0 ], [ 112.44789, -8.00318, 0.0 ], [ 112.44798, -8.00275, 0.0 ], [ 112.44808, -8.00237, 0.0 ], [ 112.44818, -8.001959998999951, 0.0 ], [ 112.44838, -8.001709998999956, 0.0 ], [ 112.448559999000054, -8.001479998999969, 0.0 ], [ 112.44875, -8.00118, 0.0 ], [ 112.4489, -8.000959998999974, 0.0 ], [ 112.44913, -8.00070999899998, 0.0 ], [ 112.44941, -8.00032, 0.0 ], [ 112.44964, -7.999999998999954, 0.0 ], [ 112.44976, -7.99951, 0.0 ], [ 112.44986, -7.99902, 0.0 ], [ 112.450099999000031, -7.99807999899997, 0.0 ], [ 112.45035, -7.997309998999981, 0.0 ], [ 112.4506, -7.996599998999955, 0.0 ], [ 112.45093, -7.99607999899996, 0.0 ], [ 112.451599999000109, -7.9949, 0.0 ], [ 112.452439999000035, -7.99395999799998, 0.0 ], [ 112.453239999000061, -7.993359998999949, 0.0 ], [ 112.45321, -7.993219998999962, 0.0 ], [ 112.45327, -7.99287, 0.0 ], [ 112.45338, -7.99255999899998, 0.0 ], [ 112.45348, -7.992249998999966, 0.0 ], [ 112.45347, -7.99204, 0.0 ], [ 112.453440000000114, -7.991819998999972, 0.0 ], [ 112.45379, -7.991279998999971, 0.0 ], [ 112.45395, -7.99102, 0.0 ], [ 112.45409, -7.99075, 0.0 ], [ 112.4545, -7.990229998999951, 0.0 ], [ 112.455110000000104, -7.98983, 0.0 ], [ 112.45536, -7.989649998999937, 0.0 ], [ 112.4554, -7.9896, 0.0 ], [ 112.4557, -7.989249998999981, 0.0 ], [ 112.45594, -7.989009998999961, 0.0 ], [ 112.45618, -7.988809997999965, 0.0 ], [ 112.456419999000104, -7.98861, 0.0 ], [ 112.45678999900008, -7.98841, 0.0 ], [ 112.45699, -7.988329998999973, 0.0 ], [ 112.457270000000108, -7.98812, 0.0 ], [ 112.45758, -7.98785, 0.0 ], [ 112.45797, -7.987609998999972, 0.0 ], [ 112.45838, -7.987339998999971, 0.0 ], [ 112.458679999000083, -7.986999998999977, 0.0 ], [ 112.45908, -7.98643999899997, 0.0 ], [ 112.45923, -7.98625, 0.0 ], [ 112.459499999000059, -7.98592999899995, 0.0 ], [ 112.45992999900011, -7.98542, 0.0 ], [ 112.46018, -7.98503, 0.0 ], [ 112.46037, -7.984689998999954, 0.0 ], [ 112.46043, -7.984539998999935, 0.0 ], [ 112.460510000000113, -7.984369998999966, 0.0 ], [ 112.4609, -7.98375, 0.0 ], [ 112.46116, -7.983379998999965, 0.0 ], [ 112.46133, -7.983169998999927, 0.0 ], [ 112.461489999000037, -7.982979997999962, 0.0 ], [ 112.4616, -7.982839998999964, 0.0 ], [ 112.4617, -7.982439998999951, 0.0 ], [ 112.46169, -7.982189998999957, 0.0 ], [ 112.461680000000115, -7.981869998999969, 0.0 ], [ 112.4617, -7.981749998999931, 0.0 ], [ 112.46179999900005, -7.98127, 0.0 ], [ 112.461950000000115, -7.981039998999961, 0.0 ], [ 112.46201, -7.98098, 0.0 ], [ 112.462189999000088, -7.98078, 0.0 ], [ 112.46273, -7.980379998999979, 0.0 ], [ 112.46314, -7.980049998999959, 0.0 ], [ 112.46323, -7.979979998999966, 0.0 ], [ 112.46363, -7.979849998999953, 0.0 ], [ 112.464, -7.979759997999963, 0.0 ], [ 112.464239999000029, -7.979689998999959, 0.0 ], [ 112.464509999000029, -7.979489997999963, 0.0 ], [ 112.464589999000054, -7.979399998999952, 0.0 ], [ 112.46468, -7.979309998999952, 0.0 ], [ 112.46495, -7.97916, 0.0 ], [ 112.464999999000042, -7.979129998999952, 0.0 ], [ 112.46536, -7.978679998999951, 0.0 ], [ 112.46547, -7.978539998999963, 0.0 ], [ 112.46558, -7.978339997999967, 0.0 ], [ 112.46566, -7.978239998999925, 0.0 ], [ 112.466089999000019, -7.97776, 0.0 ], [ 112.46629, -7.977389998999968, 0.0 ], [ 112.4668, -7.97607, 0.0 ], [ 112.4685, -7.972299998999972, 0.0 ], [ 112.46946, -7.97094999899997, 0.0 ], [ 112.470330000000104, -7.969909998999981, 0.0 ], [ 112.470780000000104, -7.969399998999961, 0.0 ], [ 112.471299999000053, -7.96891, 0.0 ], [ 112.4721, -7.96833, 0.0 ], [ 112.47326, -7.967619998999965, 0.0 ], [ 112.47461, -7.966779998999925, 0.0 ], [ 112.47535, -7.96614, 0.0 ], [ 112.4758700000001, -7.96551999899998, 0.0 ], [ 112.476236778000043, -7.964518792999968, 0.0 ], [ 112.476531906000105, -7.965690478999932, 0.0 ], [ 112.476653989000056, -7.966169236999974, 0.0 ], [ 112.476997317000041, -7.967411371999958, 0.0 ], [ 112.477661073000036, -7.968649712999934, 0.0 ], [ 112.478683416000081, -7.970390167999938, 0.0 ], [ 112.478958074000047, -7.971164570999974, 0.0 ], [ 112.478881763000118, -7.972056246999955, 0.0 ], [ 112.477996761000099, -7.973609793999969, 0.0 ], [ 112.477994538000075, -7.973612852999963, 0.0 ], [ 112.477989733000072, -7.973619467999981, 0.0 ], [ 112.476867617000039, -7.975164258999939, 0.0 ], [ 112.474967914000104, -7.977070200999947, 0.0 ], [ 112.473152089000109, -7.980100498999946, 0.0 ], [ 112.472030587000063, -7.982119890999968, 0.0 ], [ 112.470207146, -7.984180801999969, 0.0 ], [ 112.469352660000027, -7.98523029699993, 0.0 ], [ 112.468429502000049, -7.987055165999948, 0.0 ], [ 112.468276928000023, -7.987870093999959, 0.0 ], [ 112.468353215000093, -7.988567219999936, 0.0 ], [ 112.468357549000075, -7.988574666999966, 0.0 ], [ 112.46763, -7.98995999899995, 0.0 ], [ 112.46668000000011, -7.99294, 0.0 ], [ 112.46665, -7.99299, 0.0 ], [ 112.46645, -7.99333, 0.0 ], [ 112.46627, -7.99375, 0.0 ], [ 112.466129999000032, -7.99406, 0.0 ], [ 112.46603, -7.994389998999964, 0.0 ], [ 112.465960000000109, -7.99459, 0.0 ], [ 112.465819999000018, -7.995009998999933, 0.0 ], [ 112.46571, -7.99525, 0.0 ], [ 112.46563, -7.9954, 0.0 ], [ 112.465429999000094, -7.99569, 0.0 ], [ 112.46521, -7.99596, 0.0 ], [ 112.46507, -7.99613, 0.0 ], [ 112.46493999900008, -7.99638, 0.0 ], [ 112.46487, -7.99649, 0.0 ], [ 112.46474, -7.99678, 0.0 ], [ 112.46468, -7.996999998999968, 0.0 ], [ 112.464589999000054, -7.99727, 0.0 ], [ 112.46445, -7.99766, 0.0 ], [ 112.46442, -7.99773, 0.0 ], [ 112.464259999000092, -7.99803, 0.0 ], [ 112.46417, -7.998249998999938, 0.0 ], [ 112.4641, -7.99836, 0.0 ], [ 112.46388, -7.99872, 0.0 ], [ 112.463800000000106, -7.99889, 0.0 ], [ 112.46369, -7.99921, 0.0 ], [ 112.46358, -7.999379998999927, 0.0 ], [ 112.46319, -7.999849998999935, 0.0 ], [ 112.463069999000027, -7.99995, 0.0 ], [ 112.463, -8.0, 0.0 ], [ 112.4628, -8.00015, 0.0 ], [ 112.46257, -8.00043, 0.0 ], [ 112.46216, -8.00099, 0.0 ], [ 112.461899999000025, -8.00132999899995, 0.0 ], [ 112.46171, -8.00162, 0.0 ], [ 112.46144, -8.00193, 0.0 ], [ 112.46115, -8.00226, 0.0 ], [ 112.46107, -8.00279, 0.0 ], [ 112.46095, -8.00312, 0.0 ], [ 112.460830000000101, -8.00348, 0.0 ], [ 112.460600000000113, -8.00391, 0.0 ], [ 112.4604700000001, -8.00424, 0.0 ], [ 112.46039, -8.0045, 0.0 ], [ 112.46023, -8.00501, 0.0 ], [ 112.46017, -8.0051, 0.0 ], [ 112.45992999900011, -8.0055, 0.0 ], [ 112.45976, -8.00574, 0.0 ], [ 112.45968, -8.00595, 0.0 ], [ 112.45963, -8.00618, 0.0 ], [ 112.45962, -8.00649, 0.0 ], [ 112.45967, -8.00674, 0.0 ], [ 112.45971, -8.00701, 0.0 ], [ 112.45971, -8.00729, 0.0 ], [ 112.45953, -8.0077, 0.0 ], [ 112.45947, -8.00782, 0.0 ], [ 112.45923, -8.0082, 0.0 ], [ 112.45904, -8.008449998999936, 0.0 ], [ 112.45877, -8.008819998999968, 0.0 ], [ 112.45854, -8.00934, 0.0 ], [ 112.458289999000044, -8.009579998999925, 0.0 ], [ 112.457859999000107, -8.00992, 0.0 ], [ 112.4576, -8.01008, 0.0 ], [ 112.457099999000093, -8.01044, 0.0 ], [ 112.45705, -8.01056, 0.0 ], [ 112.45683, -8.01143, 0.0 ], [ 112.45678999900008, -8.01173, 0.0 ], [ 112.45678999900008, -8.01197, 0.0 ], [ 112.456729999000117, -8.012289998999961, 0.0 ], [ 112.45658, -8.01251, 0.0 ], [ 112.45624, -8.013029998999968, 0.0 ], [ 112.45614, -8.01336, 0.0 ], [ 112.45594999900004, -8.013949998999976, 0.0 ], [ 112.45566, -8.014319998999952, 0.0 ], [ 112.45561, -8.01462, 0.0 ], [ 112.45563, -8.01494, 0.0 ], [ 112.45573, -8.01529, 0.0 ], [ 112.4557, -8.01542, 0.0 ], [ 112.45548, -8.01577999899996, 0.0 ], [ 112.45495, -8.0162, 0.0 ], [ 112.454819999000051, -8.01635, 0.0 ], [ 112.45472, -8.01659, 0.0 ], [ 112.45468, -8.01676, 0.0 ], [ 112.45464, -8.016949998999962, 0.0 ], [ 112.45454, -8.01735, 0.0 ], [ 112.45424, -8.01871, 0.0 ], [ 112.454160000000115, -8.01893999899994, 0.0 ], [ 112.4539, -8.01948, 0.0 ], [ 112.45383, -8.019699998999954, 0.0 ], [ 112.45382, -8.01993, 0.0 ], [ 112.45387, -8.020149998999955, 0.0 ], [ 112.45401, -8.02062, 0.0 ], [ 112.453999999000075, -8.020949998999981, 0.0 ], [ 112.45399, -8.02122, 0.0 ], [ 112.453999999000075, -8.02135, 0.0 ], [ 112.45379, -8.02164, 0.0 ], [ 112.453609999000037, -8.02188, 0.0 ], [ 112.453170000000114, -8.022469998999952, 0.0 ], [ 112.45306, -8.02275, 0.0 ], [ 112.452829999000073, -8.02336, 0.0 ], [ 112.4526800000001, -8.02379, 0.0 ], [ 112.4526, -8.02426, 0.0 ], [ 112.45257, -8.02456, 0.0 ], [ 112.45247, -8.02476, 0.0 ], [ 112.45243, -8.024829998999962, 0.0 ], [ 112.4521, -8.02513, 0.0 ], [ 112.45197, -8.025299998999969, 0.0 ], [ 112.45188, -8.02553, 0.0 ], [ 112.45185, -8.02582, 0.0 ], [ 112.45176, -8.02642, 0.0 ], [ 112.451659999000071, -8.026859998999953, 0.0 ], [ 112.45163, -8.02692, 0.0 ], [ 112.45145, -8.02712, 0.0 ], [ 112.45102, -8.02746, 0.0 ], [ 112.45097, -8.02755, 0.0 ], [ 112.45091, -8.02767, 0.0 ], [ 112.450839999000095, -8.02781, 0.0 ], [ 112.45071, -8.027969998999936, 0.0 ], [ 112.450489999000069, -8.02816, 0.0 ], [ 112.45023, -8.02839999899993, 0.0 ], [ 112.45018, -8.02846, 0.0 ], [ 112.45, -8.028749998999956, 0.0 ], [ 112.44997, -8.028809998999975, 0.0 ], [ 112.44985, -8.02904, 0.0 ], [ 112.44968, -8.02927, 0.0 ], [ 112.44953, -8.02946, 0.0 ], [ 112.44904, -8.03022, 0.0 ], [ 112.44868, -8.03079, 0.0 ], [ 112.44862, -8.031009998999934, 0.0 ], [ 112.448579999000117, -8.03128, 0.0 ], [ 112.44863, -8.031559998999967, 0.0 ], [ 112.44874, -8.0317, 0.0 ], [ 112.44902, -8.03217, 0.0 ], [ 112.44904, -8.032319998999981, 0.0 ], [ 112.44906, -8.0324, 0.0 ], [ 112.448969999000042, -8.032649998999943, 0.0 ], [ 112.44877, -8.032999998999969, 0.0 ], [ 112.44865, -8.033099998999944, 0.0 ], [ 112.44842, -8.03331, 0.0 ], [ 112.44783, -8.033899998999971, 0.0 ], [ 112.447140000000104, -8.0343, 0.0 ], [ 112.44679, -8.03453, 0.0 ], [ 112.446629999000038, -8.03472, 0.0 ], [ 112.4464, -8.0352, 0.0 ], [ 112.446370000000115, -8.035379998999929, 0.0 ], [ 112.44636, -8.03591, 0.0 ], [ 112.44627, -8.03638, 0.0 ], [ 112.446159999000088, -8.036589998999943, 0.0 ], [ 112.44602, -8.03667, 0.0 ], [ 112.44582, -8.03668, 0.0 ], [ 112.44559, -8.03673, 0.0 ], [ 112.445399999000074, -8.03687999899995, 0.0 ], [ 112.44531, -8.037039998999944, 0.0 ], [ 112.44524, -8.03727, 0.0 ], [ 112.445250000000101, -8.03786, 0.0 ], [ 112.445250000000101, -8.03799, 0.0 ], [ 112.44508, -8.038209998999946, 0.0 ], [ 112.44483, -8.03851, 0.0 ], [ 112.44441, -8.03917, 0.0 ], [ 112.44424, -8.03925, 0.0 ], [ 112.443819999000084, -8.03939, 0.0 ], [ 112.44375, -8.03941, 0.0 ], [ 112.44372, -8.03952, 0.0 ], [ 112.44368, -8.039669998999955, 0.0 ], [ 112.44371, -8.03982, 0.0 ], [ 112.44368, -8.040059998999936, 0.0 ], [ 112.44363, -8.04015, 0.0 ], [ 112.443449999000109, -8.04023, 0.0 ], [ 112.44317, -8.040429998999969, 0.0 ], [ 112.44275, -8.04083, 0.0 ], [ 112.4426, -8.04105, 0.0 ], [ 112.44239, -8.04146, 0.0 ], [ 112.44238, -8.04167, 0.0 ], [ 112.442500000000109, -8.042109998999933, 0.0 ], [ 112.44249, -8.04227, 0.0 ], [ 112.44243, -8.04254, 0.0 ], [ 112.442140000000109, -8.04292, 0.0 ], [ 112.441960000000108, -8.04305, 0.0 ], [ 112.44129, -8.04346, 0.0 ], [ 112.44036999900004, -8.04388, 0.0 ], [ 112.43987, -8.043959998999981, 0.0 ], [ 112.43956, -8.04403, 0.0 ], [ 112.439489999000102, -8.04436, 0.0 ], [ 112.43954, -8.04453, 0.0 ], [ 112.439710000000105, -8.04498, 0.0 ], [ 112.439710000000105, -8.045129998999926, 0.0 ], [ 112.43963, -8.04528, 0.0 ], [ 112.43946, -8.04541, 0.0 ], [ 112.43909, -8.045599998999933, 0.0 ], [ 112.438990000000103, -8.04575, 0.0 ], [ 112.438729999000088, -8.04633, 0.0 ], [ 112.43857, -8.0466, 0.0 ], [ 112.438419999000075, -8.046729998999979, 0.0 ], [ 112.4379, -8.04695, 0.0 ], [ 112.437770000000114, -8.04699, 0.0 ], [ 112.437320000000113, -8.04723, 0.0 ], [ 112.4365600000001, -8.04748, 0.0 ], [ 112.43649, -8.0476, 0.0 ], [ 112.436420000000112, -8.04787, 0.0 ], [ 112.43638, -8.048229998999943, 0.0 ], [ 112.4363, -8.04852, 0.0 ], [ 112.43613, -8.04871, 0.0 ], [ 112.43595, -8.04892, 0.0 ], [ 112.43589, -8.04914, 0.0 ], [ 112.43586, -8.049419998999952, 0.0 ], [ 112.4358, -8.04976, 0.0 ], [ 112.435700000000111, -8.05014, 0.0 ], [ 112.4355, -8.05066, 0.0 ], [ 112.43533, -8.05099, 0.0 ], [ 112.43525000000011, -8.05118, 0.0 ], [ 112.43497, -8.05183, 0.0 ], [ 112.43497, -8.05218999899995, 0.0 ], [ 112.43502, -8.05267, 0.0 ], [ 112.43511, -8.05311, 0.0 ], [ 112.43519, -8.05345, 0.0 ], [ 112.43525000000011, -8.05395, 0.0 ], [ 112.435279999000045, -8.05475, 0.0 ], [ 112.43529, -8.05532, 0.0 ], [ 112.43534000000011, -8.056, 0.0 ], [ 112.43538, -8.05681, 0.0 ], [ 112.4354, -8.0572, 0.0 ], [ 112.43545, -8.05766, 0.0 ], [ 112.43555, -8.0582, 0.0 ], [ 112.43572, -8.05903, 0.0 ], [ 112.43578, -8.05952, 0.0 ], [ 112.43587, -8.060129998999969, 0.0 ], [ 112.43595, -8.0609, 0.0 ], [ 112.436019999000109, -8.06166, 0.0 ], [ 112.436039999000059, -8.06211, 0.0 ], [ 112.43607, -8.06281, 0.0 ], [ 112.4361, -8.063579998999955, 0.0 ], [ 112.4361, -8.06408, 0.0 ], [ 112.435979999000097, -8.06461, 0.0 ], [ 112.435959999000033, -8.06496, 0.0 ], [ 112.43591, -8.06546, 0.0 ], [ 112.43576, -8.06597, 0.0 ], [ 112.43553, -8.06661, 0.0 ], [ 112.43541, -8.067089998999961, 0.0 ], [ 112.43508, -8.06731, 0.0 ], [ 112.43472, -8.067539998999962, 0.0 ], [ 112.434379999000043, -8.06758, 0.0 ], [ 112.43395, -8.06763, 0.0 ], [ 112.433810000000108, -8.06764, 0.0 ], [ 112.43344, -8.06767, 0.0 ], [ 112.43274, -8.06777, 0.0 ], [ 112.43235, -8.067849998999975, 0.0 ], [ 112.43217, -8.06763, 0.0 ] ] ] ] } }
]
}
