{
"type": "FeatureCollection",
"name": "Gandusari",
"crs": { "type": "name", "properties": { "name": "urn:ogc:def:crs:OGC:1.3:CRS84" } },
"features": [
{ "type": "Feature", "properties": { "OBJECTID": 116215.0, "KDPPUM": "35", "NAMOBJ": "Gandusari", "REMARK": null, "KDPBPS": null, "FCODE": "BA03070040", "LUASWH": 2.46768796, "UUPP": "Hasil Delineasi Batas Desa 2019", "SRS_ID": "SRGI 2013", "METADATA": "TASWIL1000020200326DATA_BATAS_DESA_KELURAHAN", "KDEBPS": null, "KDEPUM": "35.05.15.2007", "KDCBPS": null, "KDCPUM": "35.05.15", "KDBBPS": null, "WADMKD": "Gandusari", "WIADKD": null, "WADMKC": "Gandusari", "WIADKC": null, "WADMKK": "Blitar", "WIADKK": null, "WADMPR": "Jawa Timur", "WIADPR": null, "TIPADM": 1.0, "KDPKAB": "35.05", "SHAPE_Leng": 0.087673454202151002, "SHAPE_Area": 0.000202474911797 }, "geometry": { "type": "MultiPolygon", "coordinates": [ [ [ [ 112.312644354000099, -8.044871284999942, 0.0 ], [ 112.315363411000021, -8.044890536999958, 0.0 ], [ 112.315552869000044, -8.045286763999968, 0.0 ], [ 112.315617115, -8.045715066999946, 0.0 ], [ 112.315609976000019, -8.04594349499996, 0.0 ], [ 112.315988311000069, -8.045993463999935, 0.0 ], [ 112.316035899000099, -8.04599822299997, 0.0 ], [ 112.316035899000099, -8.046088641999972, 0.0 ], [ 112.316097765000109, -8.046121953999943, 0.0 ], [ 112.316221498, -8.046131472999946, 0.0 ], [ 112.316297641, -8.046136230999934, 0.0 ], [ 112.316364264000072, -8.046160024999949, 0.0 ], [ 112.316483238000046, -8.046207615999947, 0.0 ], [ 112.316621246000068, -8.04623616799995, 0.0 ], [ 112.31671166700005, -8.046250445999931, 0.0 ], [ 112.316816362000054, -8.046259962999954, 0.0 ], [ 112.316849674000082, -8.046207615999947, 0.0 ], [ 112.316830639000045, -8.046098158999939, 0.0 ], [ 112.316816362000054, -8.046012499999961, 0.0 ], [ 112.316830639000045, -8.045807864999972, 0.0 ], [ 112.316821121000089, -8.045336732999942, 0.0 ], [ 112.316906783000036, -8.045108303999939, 0.0 ], [ 112.318477227000017, -8.045279625999967, 0.0 ], [ 112.318559318000098, -8.045301040999959, 0.0 ], [ 112.31851172800009, -8.045455704999938, 0.0 ], [ 112.318821058000026, -8.045622267999931, 0.0 ], [ 112.318818918000034, -8.045694890999926, 0.0 ], [ 112.318672104000029, -8.045896500999959, 0.0 ], [ 112.319611991000102, -8.046509210999943, 0.0 ], [ 112.319622476000063, -8.046676976999947, 0.0 ], [ 112.320086183000058, -8.046855173999973, 0.0 ], [ 112.320144128000038, -8.046862846999943, 0.0 ], [ 112.320528321000097, -8.047002950999968, 0.0 ], [ 112.320528321000097, -8.04753535499998, 0.0 ], [ 112.320548018000068, -8.047807365999972, 0.0 ], [ 112.320453131000022, -8.047991218999925, 0.0 ], [ 112.320396024000047, -8.048038808999934, 0.0 ], [ 112.32036271100003, -8.048133987999961, 0.0 ], [ 112.32036271100003, -8.048229165999942, 0.0 ], [ 112.320381746000066, -8.048333860999946, 0.0 ], [ 112.320434588000012, -8.048494034999976, 0.0 ], [ 112.320418332000031, -8.048546052999939, 0.0 ], [ 112.320376846000045, -8.048877946999937, 0.0 ], [ 112.320432906000065, -8.049162309999929, 0.0 ], [ 112.32035884600009, -8.049483537999947, 0.0 ], [ 112.32024849700008, -8.04969768899997, 0.0 ], [ 112.320212806000086, -8.049882096999966, 0.0 ], [ 112.320194960000094, -8.049983223999959, 0.0 ], [ 112.320165215000088, -8.050137888999927, 0.0 ], [ 112.320166287, -8.050333803999933, 0.0 ], [ 112.320091156000103, -8.050509106999925, 0.0 ], [ 112.319972183, -8.050895769999954, 0.0 ], [ 112.319912697000063, -8.051103972999954, 0.0 ], [ 112.319626987000106, -8.051530222999929, 0.0 ], [ 112.318901723000067, -8.051489026999946, 0.0 ], [ 112.317331452000076, -8.051385444999937, 0.0 ], [ 112.31713521100005, -8.051695564999932, 0.0 ], [ 112.317120934000059, -8.051881161999972, 0.0 ], [ 112.317092380000076, -8.052145281999969, 0.0 ], [ 112.31694961200003, -8.052223804999926, 0.0 ], [ 112.316678353000043, -8.052273772999968, 0.0 ], [ 112.316421373000026, -8.052316602999952, 0.0 ], [ 112.316200082000023, -8.052330880999932, 0.0 ], [ 112.31597165300002, -8.052280911999958, 0.0 ], [ 112.315793195000083, -8.052166696999961, 0.0 ], [ 112.315664703000039, -8.05200251399998, 0.0 ], [ 112.315643288000047, -8.05182405499994, 0.0 ], [ 112.315593319000072, -8.051645595999958, 0.0 ], [ 112.315471968000111, -8.051509965999969, 0.0 ], [ 112.315346450000106, -8.051214912999967, 0.0 ], [ 112.315346450000106, -8.05110069899996, 0.0 ], [ 112.315360728000087, -8.050986483999964, 0.0 ], [ 112.315432111000064, -8.050836577999974, 0.0 ], [ 112.315439249000065, -8.050729502999957, 0.0 ], [ 112.315417835000062, -8.050579597999956, 0.0 ], [ 112.315410696000072, -8.050501073999953, 0.0 ], [ 112.315375004000089, -8.050408274999938, 0.0 ], [ 112.315275066000027, -8.050236953999956, 0.0 ], [ 112.315118022000092, -8.050201262999963, 0.0 ], [ 112.314953839000054, -8.050251230999947, 0.0 ], [ 112.314796795, -8.050251230999947, 0.0 ], [ 112.31454278700005, -8.050194123999972, 0.0 ], [ 112.313008036000042, -8.050072770999975, 0.0 ], [ 112.312787340000114, -8.050101325999947, 0.0 ], [ 112.312726664000024, -8.050204831999963, 0.0 ], [ 112.31267669600004, -8.05031190699998, 0.0 ], [ 112.312665987000059, -8.050393998999937, 0.0 ], [ 112.312689784000099, -8.050502083999959, 0.0 ], [ 112.312490053000033, -8.050889795999979, 0.0 ], [ 112.312276945, -8.051065007999966, 0.0 ], [ 112.312223408000023, -8.051161374999936, 0.0 ], [ 112.312169870000048, -8.051329127999963, 0.0 ], [ 112.312137747000065, -8.051425495999979, 0.0 ], [ 112.312119901000074, -8.051504016999957, 0.0 ], [ 112.312119901000074, -8.051575401999969, 0.0 ], [ 112.312119901000074, -8.051625370999943, 0.0 ], [ 112.312123471000064, -8.051707461999968, 0.0 ], [ 112.312136552000084, -8.051790277999942, 0.0 ], [ 112.31204566200006, -8.052063665999981, 0.0 ], [ 112.311895757000116, -8.052334924999968, 0.0 ], [ 112.311724434000098, -8.052549076999981, 0.0 ], [ 112.311538837000057, -8.05269184399998, 0.0 ], [ 112.31138179200002, -8.052913133999937, 0.0 ], [ 112.311317548000034, -8.053091593999966, 0.0 ], [ 112.311288993000062, -8.053227222999965, 0.0 ], [ 112.311260441000059, -8.053341436999972, 0.0 ], [ 112.311189056000103, -8.05347706699996, 0.0 ], [ 112.311124810000024, -8.053527035999934, 0.0 ], [ 112.310425249000104, -8.053555588999927, 0.0 ], [ 112.310332451000022, -8.053519896999944, 0.0 ], [ 112.310253928000066, -8.053362851999964, 0.0 ], [ 112.310253928000066, -8.053220085999953, 0.0 ], [ 112.310275343000058, -8.053127285999949, 0.0 ], [ 112.310282482000048, -8.053048763999925, 0.0 ], [ 112.310296759000039, -8.052948826999966, 0.0 ], [ 112.31030389700004, -8.052834612999959, 0.0 ], [ 112.31030389700004, -8.052663291999977, 0.0 ], [ 112.310182545000089, -8.052634737999938, 0.0 ], [ 112.30971141100008, -8.05269184399998, 0.0 ], [ 112.309443976000011, -8.053296115999956, 0.0 ], [ 112.309161537000023, -8.05353761899994, 0.0 ], [ 112.3086570910001, -8.053756528999941, 0.0 ], [ 112.308457216000079, -8.053804118999949, 0.0 ], [ 112.308466734000035, -8.053889778999974, 0.0 ], [ 112.308466734000035, -8.054032546999963, 0.0 ], [ 112.308514324000043, -8.054175314999952, 0.0 ], [ 112.308561913000062, -8.054260974999977, 0.0 ], [ 112.308638055000074, -8.054679760999932, 0.0 ], [ 112.308750937000013, -8.054862035999975, 0.0 ], [ 112.308419670000035, -8.055610535999961, 0.0 ], [ 112.307187774000113, -8.055446659999973, 0.0 ], [ 112.30666429300004, -8.055399071999943, 0.0 ], [ 112.306224092000093, -8.05536338, 0.0 ], [ 112.305986146, -8.055291995999937, 0.0 ], [ 112.305736304000106, -8.05513733, 0.0 ], [ 112.305522152000094, -8.055089740999961, 0.0 ], [ 112.305224720000069, -8.055101638999929, 0.0 ], [ 112.304725032000078, -8.054816102999951, 0.0 ], [ 112.304272934000096, -8.054387799999972, 0.0 ], [ 112.304094475000056, -8.054209341999979, 0.0 ], [ 112.303999296000029, -8.054007086999945, 0.0 ], [ 112.303999296000029, -8.053697757999942, 0.0 ], [ 112.304070680000109, -8.05334083799994, 0.0 ], [ 112.304272934000096, -8.053090993999945, 0.0 ], [ 112.3045703680001, -8.052983917999939, 0.0 ], [ 112.304713134000053, -8.05297202099996, 0.0 ], [ 112.304849498000067, -8.05269640299997, 0.0 ], [ 112.304909043000066, -8.052164986999969, 0.0 ], [ 112.304867403000117, -8.05195678399997, 0.0 ], [ 112.304790070000081, -8.051873503999957, 0.0 ], [ 112.304700841000113, -8.05167125, 0.0 ], [ 112.304665149000016, -8.051385713999935, 0.0 ], [ 112.30459376500005, -8.051242946999935, 0.0 ], [ 112.304498587000012, -8.05112397399995, 0.0 ], [ 112.304314179000016, -8.050481518999959, 0.0 ], [ 112.304207340000062, -8.050142444999949, 0.0 ], [ 112.304100265000102, -8.050135306999948, 0.0 ], [ 112.303921805000073, -8.049914017999981, 0.0 ], [ 112.303771899000026, -8.049792663999938, 0.0 ], [ 112.303583590000017, -8.049775960999966, 0.0 ], [ 112.303493789000072, -8.04961220499996, 0.0 ], [ 112.303429258000051, -8.049278700999935, 0.0 ], [ 112.303307905000111, -8.04922873199996, 0.0 ], [ 112.303143721000083, -8.049185901999977, 0.0 ], [ 112.302972400000044, -8.049171624999929, 0.0 ], [ 112.302375552000058, -8.049035598999978, 0.0 ], [ 112.302368415000046, -8.048942799999963, 0.0 ], [ 112.302368415000046, -8.048892831999979, 0.0 ], [ 112.30239696700005, -8.048714371999949, 0.0 ], [ 112.302368415000046, -8.048614434999934, 0.0 ], [ 112.302354138000055, -8.048557327999958, 0.0 ], [ 112.302268477000098, -8.048407421999968, 0.0 ], [ 112.30221850800001, -8.048300345999962, 0.0 ], [ 112.302208342000085, -8.048202074999949, 0.0 ], [ 112.302197621, -8.048080132999928, 0.0 ], [ 112.30221137, -8.047736414999974, 0.0 ], [ 112.302204232, -8.04764361499997, 0.0 ], [ 112.302204232, -8.047565092999946, 0.0 ], [ 112.30221850800001, -8.047458017999929, 0.0 ], [ 112.302275615000099, -8.047336663999943, 0.0 ], [ 112.302304485000036, -8.047225307999952, 0.0 ], [ 112.302237050000031, -8.04695983299996, 0.0 ], [ 112.299810001000083, -8.04644, 0.0 ], [ 112.29999, -8.04538, 0.0 ], [ 112.300378215000023, -8.043688754999948, 0.0 ], [ 112.300657563000073, -8.042710319999969, 0.0 ], [ 112.300795571000094, -8.04215828599996, 0.0 ], [ 112.300909785000044, -8.041706187999978, 0.0 ], [ 112.300909785000044, -8.041401615999973, 0.0 ], [ 112.300966892000019, -8.041116080999927, 0.0 ], [ 112.301033518000054, -8.040959035999947, 0.0 ], [ 112.30116, -8.040520000999948, 0.0 ], [ 112.301210001000072, -8.04024, 0.0 ], [ 112.301470001000098, -8.039190000999952, 0.0 ], [ 112.301769999000044, -8.03789, 0.0 ], [ 112.301849999000069, -8.0375, 0.0 ], [ 112.30191, -8.037030000999948, 0.0 ], [ 112.301970001000086, -8.034940000999939, 0.0 ], [ 112.30206, -8.034530000999951, 0.0 ], [ 112.302210001000049, -8.033610000999943, 0.0 ], [ 112.302295028000117, -8.033313828999951, 0.0 ], [ 112.30243, -8.032950000999961, 0.0 ], [ 112.30247, -8.032850000999929, 0.0 ], [ 112.302509999000108, -8.032729998999969, 0.0 ], [ 112.302620001000037, -8.032660000999954, 0.0 ], [ 112.30296046300009, -8.032369754999934, 0.0 ], [ 112.303242430000068, -8.032152035999957, 0.0 ], [ 112.303632185000083, -8.032019261999949, 0.0 ], [ 112.303899161000118, -8.032105634999937, 0.0 ], [ 112.304093687000091, -8.032186238999941, 0.0 ], [ 112.30416999900001, -8.032199998999943, 0.0 ], [ 112.304370001000052, -8.032259998999962, 0.0 ], [ 112.304461177, -8.032237578999968, 0.0 ], [ 112.304610818000015, -8.032443598999976, 0.0 ], [ 112.304711945, -8.032675594999944, 0.0 ], [ 112.304789277000054, -8.032943284999931, 0.0 ], [ 112.30479522600001, -8.033127692999926, 0.0 ], [ 112.304741689000025, -8.033335895999926, 0.0 ], [ 112.304569177000076, -8.033651173999942, 0.0 ], [ 112.304539435000038, -8.03377609599994, 0.0 ], [ 112.304551332000074, -8.033865325999955, 0.0 ], [ 112.304616766000095, -8.034067579999942, 0.0 ], [ 112.304700047000097, -8.034269834999975, 0.0 ], [ 112.304735740000069, -8.034424498999954, 0.0 ], [ 112.304807123000046, -8.034823058999962, 0.0 ], [ 112.304930189000061, -8.035187212999972, 0.0 ], [ 112.304955841000037, -8.035275155999955, 0.0 ], [ 112.305033172000094, -8.035382231999961, 0.0 ], [ 112.305068865000067, -8.035465512999963, 0.0 ], [ 112.305098607000104, -8.035602331999939, 0.0 ], [ 112.305092660000014, -8.035661818999927, 0.0 ], [ 112.305116453000096, -8.035804586999973, 0.0 ], [ 112.30514619600001, -8.0358759699999, 0.0 ], [ 112.30521758000009, -8.036012788999926, 0.0 ], [ 112.305336553000075, -8.036060379999981, 0.0 ], [ 112.305431732000102, -8.036102018999941, 0.0 ], [ 112.305515014000093, -8.036131761999968, 0.0 ], [ 112.305645883000011, -8.036185299999943, 0.0 ], [ 112.30571726800008, -8.036357811999949, 0.0 ], [ 112.30576485600011, -8.036637397999925, 0.0 ], [ 112.305836241000065, -8.037148981999962, 0.0 ], [ 112.305913574000101, -8.037392876999945, 0.0 ], [ 112.305973059000053, -8.037458312999945, 0.0 ], [ 112.306038495000053, -8.037559439999939, 0.0 ], [ 112.306086083000082, -8.037660566999932, 0.0 ], [ 112.306115827000099, -8.037767642999938, 0.0 ], [ 112.306157468000038, -8.037862820999976, 0.0 ], [ 112.306187211000065, -8.037958, 0.0 ], [ 112.306282389000103, -8.038082920999955, 0.0 ], [ 112.306440001000055, -8.038080000999969, 0.0 ], [ 112.307710066000027, -8.038053177999927, 0.0 ], [ 112.30768627100008, -8.038166202999946, 0.0 ], [ 112.307710066000027, -8.03860640299996, 0.0 ], [ 112.307787398000073, -8.038689682999973, 0.0 ], [ 112.307995601000016, -8.038725375999945, 0.0 ], [ 112.308066986000085, -8.038790809999966, 0.0 ], [ 112.308191906000047, -8.039016859999947, 0.0 ], [ 112.308340623000049, -8.039082293999968, 0.0 ], [ 112.308477443000015, -8.039141781999945, 0.0 ], [ 112.308525031000045, -8.039302393999947, 0.0 ], [ 112.30857857, -8.039445162999925, 0.0 ], [ 112.308596416000114, -8.039665262999961, 0.0 ], [ 112.308614261000116, -8.039998387999958, 0.0 ], [ 112.308620209000082, -8.040153051999937, 0.0 ], [ 112.308673748000047, -8.040295819999926, 0.0 ], [ 112.308649953000099, -8.040438587999972, 0.0 ], [ 112.308590467000045, -8.040545663999978, 0.0 ], [ 112.308596416000114, -8.040682481999966, 0.0 ], [ 112.308608312000047, -8.040795505999938, 0.0 ], [ 112.308608312000047, -8.040997759999925, 0.0 ], [ 112.30870944000003, -8.041289243999927, 0.0 ], [ 112.308762977000015, -8.041402268999946, 0.0 ], [ 112.308846258000017, -8.041515292999975, 0.0 ], [ 112.308876002000034, -8.041628316999947, 0.0 ], [ 112.308870053000078, -8.041753238999945, 0.0 ], [ 112.308870053000078, -8.041961441999945, 0.0 ], [ 112.308887900000059, -8.042098261999968, 0.0 ], [ 112.308917643000086, -8.042241029999957, 0.0 ], [ 112.308983078000097, -8.042467076999969, 0.0 ], [ 112.309006873000044, -8.04259794799998, 0.0 ], [ 112.308994976, -8.042710971999952, 0.0 ], [ 112.308989027000052, -8.042829944999937, 0.0 ], [ 112.308959283000036, -8.042925123999964, 0.0 ], [ 112.30895333400008, -8.043032198999981, 0.0 ], [ 112.30895333400008, -8.043145223999943, 0.0 ], [ 112.30894738500001, -8.043311785999947, 0.0 ], [ 112.308977129000027, -8.04355568099993, 0.0 ], [ 112.309030666000012, -8.04372224399998, 0.0 ], [ 112.309060410000029, -8.043870958999946, 0.0 ], [ 112.309066358000109, -8.044013727999925, 0.0 ], [ 112.309060410000029, -8.044144597999946, 0.0 ], [ 112.309030666000012, -8.044305210999937, 0.0 ], [ 112.30894738500001, -8.044394440999952, 0.0 ], [ 112.308881951000103, -8.044483671999956, 0.0 ], [ 112.308792721000032, -8.044555054999933, 0.0 ], [ 112.308751080000093, -8.044674027999974, 0.0 ], [ 112.308727285000032, -8.044810845999962, 0.0 ], [ 112.308733234000101, -8.044935767999959, 0.0 ], [ 112.308871718000091, -8.04535074599994, 0.0 ], [ 112.309395201000029, -8.04541618199994, 0.0 ], [ 112.309573660000069, -8.045475667999938, 0.0 ], [ 112.309835400000111, -8.045553000999973, 0.0 ], [ 112.309990065000079, -8.04559464099998, 0.0 ], [ 112.310073346000081, -8.045564897999952, 0.0 ], [ 112.310233961000108, -8.04554705299995, 0.0 ], [ 112.310358883000049, -8.045505410999965, 0.0 ], [ 112.310430266000026, -8.04538643799998, 0.0 ], [ 112.310614674000021, -8.045273413999951, 0.0 ], [ 112.31113756100001, -8.045007509999948, 0.0 ], [ 112.311179797000023, -8.044880803999945, 0.0 ], [ 112.311492695000084, -8.044918874999951, 0.0 ], [ 112.311759195000036, -8.044947426999954, 0.0 ], [ 112.312054249000084, -8.044937909999931, 0.0 ], [ 112.312530140000035, -8.044937909999931, 0.0 ], [ 112.312644354000099, -8.044871284999942, 0.0 ] ] ] ] } },
{ "type": "Feature", "properties": { "OBJECTID": 116216.0, "KDPPUM": "35", "NAMOBJ": "Sukosewu", "REMARK": null, "KDPBPS": null, "FCODE": "BA03070040", "LUASWH": 7.95930482, "UUPP": "Hasil Delineasi Batas Desa 2019", "SRS_ID": "SRGI 2013", "METADATA": "TASWIL1000020200326DATA_BATAS_DESA_KELURAHAN", "KDEBPS": null, "KDEPUM": "35.05.15.2004", "KDCBPS": null, "KDCPUM": "35.05.15", "KDBBPS": null, "WADMKD": "Sukosewu", "WIADKD": null, "WADMKC": "Gandusari", "WIADKC": null, "WADMKK": "Blitar", "WIADKK": null, "WADMPR": "Jawa Timur", "WIADPR": null, "TIPADM": 1.0, "KDPKAB": "35.05", "SHAPE_Leng": 0.106383509869223, "SHAPE_Area": 0.00065305663307699995 }, "geometry": { "type": "MultiPolygon", "coordinates": [ [ [ [ 112.302509999000108, -8.032729998999969, 0.0 ], [ 112.30247, -8.032850000999929, 0.0 ], [ 112.30243, -8.032950000999961, 0.0 ], [ 112.302295028000117, -8.033313828999951, 0.0 ], [ 112.302210001000049, -8.033610000999943, 0.0 ], [ 112.30206, -8.034530000999951, 0.0 ], [ 112.301970001000086, -8.034940000999939, 0.0 ], [ 112.30191, -8.037030000999948, 0.0 ], [ 112.301849999000069, -8.0375, 0.0 ], [ 112.301769999000044, -8.03789, 0.0 ], [ 112.301470001000098, -8.039190000999952, 0.0 ], [ 112.301210001000072, -8.04024, 0.0 ], [ 112.30116, -8.040520000999948, 0.0 ], [ 112.301033518000054, -8.040959035999947, 0.0 ], [ 112.300966892000019, -8.041116080999927, 0.0 ], [ 112.300909785000044, -8.041401615999973, 0.0 ], [ 112.300909785000044, -8.041706187999978, 0.0 ], [ 112.300795571000094, -8.04215828599996, 0.0 ], [ 112.300657563000073, -8.042710319999969, 0.0 ], [ 112.300378215000023, -8.043688754999948, 0.0 ], [ 112.29999, -8.04538, 0.0 ], [ 112.299810001000083, -8.04644, 0.0 ], [ 112.299613316000091, -8.047348325999963, 0.0 ], [ 112.29950723200011, -8.04781688099996, 0.0 ], [ 112.299275234000106, -8.04889477699993, 0.0 ], [ 112.299146744000041, -8.049398032999932, 0.0 ], [ 112.298950439, -8.050208239999961, 0.0 ], [ 112.298850501000061, -8.050711494999973, 0.0 ], [ 112.298548548000099, -8.051885045999938, 0.0 ], [ 112.298277290000101, -8.052941526999973, 0.0 ], [ 112.298162123000111, -8.053407900999957, 0.0 ], [ 112.298119292000024, -8.053522115999954, 0.0 ], [ 112.297911854000063, -8.05350268199993, 0.0 ], [ 112.297631077, -8.053500302999964, 0.0 ], [ 112.297259881000059, -8.05345747299998, 0.0 ], [ 112.296955311000033, -8.053419400999928, 0.0 ], [ 112.296890303000055, -8.053398184999935, 0.0 ], [ 112.296790806000104, -8.053376235999963, 0.0 ], [ 112.296536017000108, -8.053353072999926, 0.0 ], [ 112.296319672000095, -8.053333405999979, 0.0 ], [ 112.296096002000013, -8.053281057999925, 0.0 ], [ 112.295815227000048, -8.053238227999941, 0.0 ], [ 112.295691494000039, -8.053200155999946, 0.0 ], [ 112.295496378000053, -8.05316208499994, 0.0 ], [ 112.295225119000065, -8.053124012999945, 0.0 ], [ 112.295163135000053, -8.053125389999934, 0.0 ], [ 112.295010968000042, -8.053128770999933, 0.0 ], [ 112.294989869, -8.053116555999964, 0.0 ], [ 112.29492653300008, -8.053099283999927, 0.0 ], [ 112.294883702000106, -8.053085007999925, 0.0 ], [ 112.294852293000076, -8.053060736999953, 0.0 ], [ 112.294803752, -8.053040750999969, 0.0 ], [ 112.294739506000042, -8.05302790099995, 0.0 ], [ 112.294652980000023, -8.052994550999927, 0.0 ], [ 112.29457314800004, -8.052981244999955, 0.0 ], [ 112.29445893400009, -8.052995520999957, 0.0 ], [ 112.294230506000076, -8.05294317299996, 0.0 ], [ 112.294011595000029, -8.052876547999972, 0.0 ], [ 112.29381172, -8.052919378999945, 0.0 ], [ 112.293264444000101, -8.052857512999935, 0.0 ], [ 112.292188928000087, -8.052667155999927, 0.0 ], [ 112.291908152000019, -8.052591012999926, 0.0 ], [ 112.291389429000105, -8.052448244999937, 0.0 ], [ 112.290727938000032, -8.052291201999935, 0.0 ], [ 112.290028376, -8.05215795099997, 0.0 ], [ 112.288986172000023, -8.051929522999956, 0.0 ], [ 112.287580524000077, -8.051621320999971, 0.0 ], [ 112.286882729000013, -8.051467908999939, 0.0 ], [ 112.28631641700008, -8.051372729999969, 0.0 ], [ 112.285907150000071, -8.051306103999934, 0.0 ], [ 112.28558711300002, -8.051235909999946, 0.0 ], [ 112.284569893000025, -8.051027706999946, 0.0 ], [ 112.283213601000057, -8.050718377999942, 0.0 ], [ 112.282731759000058, -8.05060535299998, 0.0 ], [ 112.282154741000113, -8.050462584999934, 0.0 ], [ 112.281782950000093, -8.050403099999926, 0.0 ], [ 112.281122650000043, -8.050260330999947, 0.0 ], [ 112.280756808000092, -8.050171100999933, 0.0 ], [ 112.280429631000061, -8.050069973999939, 0.0 ], [ 112.279564943000082, -8.049862059999953, 0.0 ], [ 112.279480094000064, -8.049836045999939, 0.0 ], [ 112.279474201000085, -8.049739619999968, 0.0 ], [ 112.279485623000028, -8.049631117999979, 0.0 ], [ 112.279497854000056, -8.049564204999967, 0.0 ], [ 112.27948625800002, -8.049262720999934, 0.0 ], [ 112.279676615000085, -8.047799352999959, 0.0 ], [ 112.279843176000099, -8.046669107999946, 0.0 ], [ 112.28, -8.04611, 0.0 ], [ 112.28012, -8.04583, 0.0 ], [ 112.2802, -8.045559998999977, 0.0 ], [ 112.28021999900011, -8.045129998999926, 0.0 ], [ 112.280210001000114, -8.04494, 0.0 ], [ 112.280279999000072, -8.04413, 0.0 ], [ 112.280299999000022, -8.043930000999978, 0.0 ], [ 112.280299999000022, -8.04372000099994, 0.0 ], [ 112.280339999000034, -8.043569998999942, 0.0 ], [ 112.28042, -8.043199998999967, 0.0 ], [ 112.280419155000118, -8.043189016999975, 0.0 ], [ 112.2804681, -8.043102615999942, 0.0 ], [ 112.280482970000094, -8.042965796999965, 0.0 ], [ 112.280471074000047, -8.042831953999951, 0.0 ], [ 112.280465125000092, -8.042742723999936, 0.0 ], [ 112.280438356000104, -8.04266836499994, 0.0 ], [ 112.280459177000012, -8.042608878999943, 0.0 ], [ 112.280459177000012, -8.042549391999955, 0.0 ], [ 112.280440498000075, -8.042414238999982, 0.0 ], [ 112.280500001000064, -8.042160000999957, 0.0 ], [ 112.280609999000035, -8.042020000999969, 0.0 ], [ 112.28081, -8.041770000999975, 0.0 ], [ 112.280809680000061, -8.041768506999972, 0.0 ], [ 112.280851787000074, -8.041686837999976, 0.0 ], [ 112.28085773600003, -8.041520274999925, 0.0 ], [ 112.280810146000022, -8.041377506999936, 0.0 ], [ 112.280747686000041, -8.04130314899993, 0.0 ], [ 112.280700001000014, -8.041249998999945, 0.0 ], [ 112.280670354000108, -8.041172278999966, 0.0 ], [ 112.280717942000024, -8.041038434999962, 0.0 ], [ 112.280786353000053, -8.040937307999968, 0.0 ], [ 112.280834520000099, -8.040898754999944, 0.0 ], [ 112.280857387000083, -8.040840658999969, 0.0 ], [ 112.280979684000044, -8.040755872999966, 0.0 ], [ 112.281045118000065, -8.040663668999969, 0.0 ], [ 112.281054041000061, -8.040559566999946, 0.0 ], [ 112.281030246000114, -8.040503055999977, 0.0 ], [ 112.280949939000038, -8.040446542999973, 0.0 ], [ 112.280938042000116, -8.040384082999935, 0.0 ], [ 112.28092317100004, -8.04031269799998, 0.0 ], [ 112.280875582000021, -8.04023239199995, 0.0 ], [ 112.280845838, -8.040155059999961, 0.0 ], [ 112.280836915, -8.040104495999969, 0.0 ], [ 112.280825018000087, -8.04003906, 0.0 ], [ 112.28080839200004, -8.039917012999979, 0.0 ], [ 112.28084, -8.039740000999927, 0.0 ], [ 112.281280001000027, -8.0384, 0.0 ], [ 112.281449999000074, -8.03818999899994, 0.0 ], [ 112.28172, -8.037830000999975, 0.0 ], [ 112.281790001000104, -8.037590000999955, 0.0 ], [ 112.281859999000062, -8.037329998999951, 0.0 ], [ 112.281910001000028, -8.03709, 0.0 ], [ 112.28201, -8.03644000099996, 0.0 ], [ 112.282079145000012, -8.035965658999942, 0.0 ], [ 112.282079145000012, -8.035757455999942, 0.0 ], [ 112.282114838000098, -8.03560873899994, 0.0 ], [ 112.282126736, -8.035358896999981, 0.0 ], [ 112.282204067000066, -8.03516259, 0.0 ], [ 112.282239760000039, -8.034912747999954, 0.0 ], [ 112.28236, -8.034570000999963, 0.0 ], [ 112.282450001000029, -8.034340000999975, 0.0 ], [ 112.282579999000063, -8.03399, 0.0 ], [ 112.282559999000114, -8.03374, 0.0 ], [ 112.282596169000044, -8.033492838999962, 0.0 ], [ 112.282575560000055, -8.033366988999944, 0.0 ], [ 112.282575560000055, -8.033231360999935, 0.0 ], [ 112.282550576000062, -8.033156407999968, 0.0 ], [ 112.282539870000051, -8.033052899999973, 0.0 ], [ 112.282561284000053, -8.03299222499993, 0.0 ], [ 112.282625529000029, -8.032817333999958, 0.0 ], [ 112.282654084000114, -8.032642442999929, 0.0 ], [ 112.282696913000109, -8.032396168999981, 0.0 ], [ 112.282908257000031, -8.031522987999949, 0.0 ], [ 112.282882512000015, -8.031461041999933, 0.0 ], [ 112.282932481000103, -8.031200489999947, 0.0 ], [ 112.282964603000096, -8.031054152999957, 0.0 ], [ 112.283123399000033, -8.030417411999963, 0.0 ], [ 112.283190001000094, -8.03004, 0.0 ], [ 112.28324, -8.029790000999981, 0.0 ], [ 112.283320000000117, -8.02933, 0.0 ], [ 112.283370001000094, -8.02904, 0.0 ], [ 112.28353, -8.028270000999953, 0.0 ], [ 112.283620001000031, -8.02779, 0.0 ], [ 112.283640001000094, -8.0277, 0.0 ], [ 112.28371, -8.027300000999958, 0.0 ], [ 112.283800001000031, -8.026859998999953, 0.0 ], [ 112.283829999000091, -8.026670000999957, 0.0 ], [ 112.283860001000107, -8.02649, 0.0 ], [ 112.283910000000105, -8.02616, 0.0 ], [ 112.28395, -8.02592, 0.0 ], [ 112.284219999000015, -8.02458, 0.0 ], [ 112.28431, -8.02395, 0.0 ], [ 112.28437, -8.02339, 0.0 ], [ 112.28441, -8.02302, 0.0 ], [ 112.28443, -8.02274, 0.0 ], [ 112.28446000100007, -8.02224, 0.0 ], [ 112.284529999000029, -8.021290000999954, 0.0 ], [ 112.284629999000117, -8.02065, 0.0 ], [ 112.28475000100002, -8.01987, 0.0 ], [ 112.28486, -8.0191, 0.0 ], [ 112.28495999900008, -8.018219998999939, 0.0 ], [ 112.284979999000029, -8.018050000999949, 0.0 ], [ 112.285158379000109, -8.016463370999929, 0.0 ], [ 112.288327463000087, -8.017312467999943, 0.0 ], [ 112.288791458000105, -8.017431441999975, 0.0 ], [ 112.289362530000062, -8.017550415999949, 0.0 ], [ 112.290921076000018, -8.017943025999955, 0.0 ], [ 112.293062592000069, -8.01860927499996, 0.0 ], [ 112.294597343000078, -8.019144653999945, 0.0 ], [ 112.296084506000057, -8.019656237999925, 0.0 ], [ 112.297405107000031, -8.020013157999927, 0.0 ], [ 112.297559773000103, -8.020060745999956, 0.0 ], [ 112.298773297000025, -8.020489048999934, 0.0 ], [ 112.299844055000108, -8.020834070999967, 0.0 ], [ 112.301533472000074, -8.021238578999942, 0.0 ], [ 112.302794586, -8.021536011999956, 0.0 ], [ 112.30451176400004, -8.021983747999968, 0.0 ], [ 112.304869586000109, -8.022126831999969, 0.0 ], [ 112.30475656200008, -8.024143424999977, 0.0 ], [ 112.304088884000066, -8.025590374999979, 0.0 ], [ 112.303689136000116, -8.027117989999965, 0.0 ], [ 112.30362022700001, -8.02769663, 0.0 ], [ 112.303472605000024, -8.028851427999939, 0.0 ], [ 112.303444051000042, -8.029179792999969, 0.0 ], [ 112.303377425, -8.029929322999976, 0.0 ], [ 112.303291766000029, -8.030721683999957, 0.0 ], [ 112.303207034000025, -8.031332592999945, 0.0 ], [ 112.30312308200007, -8.031495919999941, 0.0 ], [ 112.302509999000108, -8.032729998999969, 0.0 ] ] ] ] } },
{ "type": "Feature", "properties": { "OBJECTID": 116218.0, "KDPPUM": "35", "NAMOBJ": "Slumbung", "REMARK": null, "KDPBPS": null, "FCODE": "BA03070040", "LUASWH": 2.9449326, "UUPP": "Hasil Delineasi Batas Desa 2019", "SRS_ID": "SRGI 2013", "METADATA": "TASWIL1000020200326DATA_BATAS_DESA_KELURAHAN", "KDEBPS": null, "KDEPUM": "35.05.15.2011", "KDCBPS": null, "KDCPUM": "35.05.15", "KDBBPS": null, "WADMKD": "Slumbung", "WIADKD": null, "WADMKC": "Gandusari", "WIADKC": null, "WADMKK": "Blitar", "WIADKK": null, "WADMPR": "Jawa Timur", "WIADPR": null, "TIPADM": 1.0, "KDPKAB": "35.05", "SHAPE_Leng": 0.085957327344285003, "SHAPE_Area": 0.00024160665024299999 }, "geometry": { "type": "MultiPolygon", "coordinates": [ [ [ [ 112.352350001000104, -8.013820000999942, 0.0 ], [ 112.35166244800007, -8.018282582999973, 0.0 ], [ 112.351519277000079, -8.018923586999961, 0.0 ], [ 112.351323375000106, -8.019800678999957, 0.0 ], [ 112.351604845000111, -8.019724615999962, 0.0 ], [ 112.351610528000037, -8.019729824999956, 0.0 ], [ 112.351344791000088, -8.02080719199995, 0.0 ], [ 112.351315837000016, -8.020934589999968, 0.0 ], [ 112.351040018000049, -8.02091007599995, 0.0 ], [ 112.35080683000001, -8.021842823999975, 0.0 ], [ 112.351077923000048, -8.021869266999943, 0.0 ], [ 112.351052116, -8.02192791799996, 0.0 ], [ 112.350840945000073, -8.022191881999959, 0.0 ], [ 112.350885639000012, -8.022762863999958, 0.0 ], [ 112.35090509500003, -8.023011415999974, 0.0 ], [ 112.350883136000107, -8.023062841999945, 0.0 ], [ 112.350832395000111, -8.023181672999954, 0.0 ], [ 112.350678541000093, -8.023541984999952, 0.0 ], [ 112.350676362000058, -8.023620438999956, 0.0 ], [ 112.35067110500006, -8.023809674999939, 0.0 ], [ 112.350666644000057, -8.02397028799993, 0.0 ], [ 112.350717004000103, -8.024222085999952, 0.0 ], [ 112.350749925000059, -8.02438669299994, 0.0 ], [ 112.350773719000017, -8.02466033099995, 0.0 ], [ 112.350773719000017, -8.025124325999968, 0.0 ], [ 112.350690438000015, -8.025409861999947, 0.0 ], [ 112.350476287000106, -8.025576423999951, 0.0 ], [ 112.350190752000117, -8.02586195899994, 0.0 ], [ 112.349857627, -8.026254569999935, 0.0 ], [ 112.349672052000074, -8.02654503499997, 0.0 ], [ 112.349583989000052, -8.02668287299997, 0.0 ], [ 112.349488811000015, -8.026897024999926, 0.0 ], [ 112.349353218000033, -8.027105658999972, 0.0 ], [ 112.349400001000049, -8.02727, 0.0 ], [ 112.349353626000038, -8.02733724199993, 0.0 ], [ 112.349199999, -8.027559998999948, 0.0 ], [ 112.34927, -8.02786, 0.0 ], [ 112.3493800010001, -8.02824, 0.0 ], [ 112.34939, -8.02858, 0.0 ], [ 112.34922, -8.02905, 0.0 ], [ 112.349079999000082, -8.02927, 0.0 ], [ 112.34898, -8.02937, 0.0 ], [ 112.34885, -8.02956, 0.0 ], [ 112.348820001000036, -8.02985, 0.0 ], [ 112.34883, -8.03, 0.0 ], [ 112.349, -8.0302, 0.0 ], [ 112.348689999000044, -8.03036, 0.0 ], [ 112.34863, -8.030369998999959, 0.0 ], [ 112.34854000100006, -8.030389998999965, 0.0 ], [ 112.348190001000034, -8.0308, 0.0 ], [ 112.34805, -8.03047, 0.0 ], [ 112.347390001, -8.029710000999955, 0.0 ], [ 112.347180001000083, -8.02896, 0.0 ], [ 112.347400000000107, -8.028310000999966, 0.0 ], [ 112.347670001000097, -8.02709, 0.0 ], [ 112.347683862000054, -8.026722657999926, 0.0 ], [ 112.34787958000004, -8.025891843999943, 0.0 ], [ 112.347808195000084, -8.025534923999942, 0.0 ], [ 112.347539999000105, -8.024740000999941, 0.0 ], [ 112.347237125000106, -8.024238118999961, 0.0 ], [ 112.347189535000098, -8.023964479999961, 0.0 ], [ 112.347480507000114, -8.023263979999967, 0.0 ], [ 112.347713017000046, -8.022988900999962, 0.0 ], [ 112.347713017000046, -8.02281044199998, 0.0 ], [ 112.347665428000028, -8.022513008999965, 0.0 ], [ 112.347446482, -8.022211497999933, 0.0 ], [ 112.347237125000106, -8.021858656999939, 0.0 ], [ 112.347310000000107, -8.02144, 0.0 ], [ 112.347129999000117, -8.02114, 0.0 ], [ 112.346830001000058, -8.02065, 0.0 ], [ 112.34656, -8.020510000999934, 0.0 ], [ 112.346030001000031, -8.02025, 0.0 ], [ 112.345230001, -8.020109998999942, 0.0 ], [ 112.34311, -8.019690000999958, 0.0 ], [ 112.342728046000047, -8.019690000999958, 0.0 ], [ 112.342566243000078, -8.019530591999967, 0.0 ], [ 112.342471064000051, -8.019406861999926, 0.0 ], [ 112.342261671000074, -8.019168914999966, 0.0 ], [ 112.34186046800005, -8.018685980999976, 0.0 ], [ 112.341432165000015, -8.018324303999975, 0.0 ], [ 112.341118076000043, -8.018210087999933, 0.0 ], [ 112.340680254000063, -8.017734195999935, 0.0 ], [ 112.340251951000027, -8.017258303999938, 0.0 ], [ 112.339795095000113, -8.016582536999977, 0.0 ], [ 112.339471489000061, -8.016239895999945, 0.0 ], [ 112.33927161400004, -8.01584014499997, 0.0 ], [ 112.339166917000057, -8.015497502999949, 0.0 ], [ 112.339052703000107, -8.015069199999971, 0.0 ], [ 112.338995596000018, -8.014688486999944, 0.0 ], [ 112.338995596000018, -8.014374397999973, 0.0 ], [ 112.339014631000055, -8.014174522999951, 0.0 ], [ 112.339281131, -8.013670076999972, 0.0 ], [ 112.339590797000028, -8.01306669, 0.0 ], [ 112.339568123000049, -8.012944243999925, 0.0 ], [ 112.339491980000048, -8.012715816999957, 0.0 ], [ 112.339349212000116, -8.012439798999935, 0.0 ], [ 112.339177891000077, -8.012220887999945, 0.0 ], [ 112.338569999000015, -8.01183999899996, 0.0 ], [ 112.338469981000117, -8.011776943999962, 0.0 ], [ 112.338130927000066, -8.011278622999953, 0.0 ], [ 112.337997677000089, -8.011097782999968, 0.0 ], [ 112.337940570000114, -8.011012121999954, 0.0 ], [ 112.33770262500002, -8.011012121999954, 0.0 ], [ 112.337483715000076, -8.01105019299996, 0.0 ], [ 112.337312394000037, -8.010983569999951, 0.0 ], [ 112.337122036000096, -8.01068851499997, 0.0 ], [ 112.336824378000074, -8.010394884999926, 0.0 ], [ 112.336750841000026, -8.010260211999935, 0.0 ], [ 112.336800001000029, -8.009900000999949, 0.0 ], [ 112.336989999000025, -8.008960000999934, 0.0 ], [ 112.337130000000116, -8.008329998999955, 0.0 ], [ 112.33724, -8.00778, 0.0 ], [ 112.337330001000055, -8.00762999899996, 0.0 ], [ 112.337789999000051, -8.007030000999976, 0.0 ], [ 112.338119999000014, -8.00634, 0.0 ], [ 112.338159999000027, -8.006020000999968, 0.0 ], [ 112.338132703000042, -8.005665153999928, 0.0 ], [ 112.33823562300006, -8.005272862999959, 0.0 ], [ 112.338150001000031, -8.00476, 0.0 ], [ 112.338155138000047, -8.004559645999962, 0.0 ], [ 112.337901013000078, -8.003761012999973, 0.0 ], [ 112.337769249000075, -8.003397846999974, 0.0 ], [ 112.337336384000082, -8.002825537999968, 0.0 ], [ 112.337407572000075, -8.002455579999946, 0.0 ], [ 112.337388536000049, -8.00232233, 0.0 ], [ 112.33734094600004, -8.002131973999951, 0.0 ], [ 112.337302875000091, -8.001874991999955, 0.0 ], [ 112.337245768000116, -8.001665598999978, 0.0 ], [ 112.337013077000051, -8.001331580999931, 0.0 ], [ 112.337018313000044, -8.001027920999945, 0.0 ], [ 112.336966513000107, -8.000942001999931, 0.0 ], [ 112.336964945000091, -8.000939401999972, 0.0 ], [ 112.341147819000071, -8.000373113999956, 0.0 ], [ 112.3437672230001, -7.999910628999942, 0.0 ], [ 112.344142505000036, -7.999957144999939, 0.0 ], [ 112.344285273000082, -8.000228402999937, 0.0 ], [ 112.344328103000066, -8.000499661999982, 0.0 ], [ 112.344328103000066, -8.00074236599994, 0.0 ], [ 112.344399487000032, -8.000942240999962, 0.0 ], [ 112.344513702000086, -8.001199223999947, 0.0 ], [ 112.34467074600002, -8.00137054399994, 0.0 ], [ 112.344827790000068, -8.001598971999954, 0.0 ], [ 112.344927728000016, -8.001770292999936, 0.0 ], [ 112.344970557000011, -8.001984444999948, 0.0 ], [ 112.34504194200008, -8.002912434999928, 0.0 ], [ 112.345084771000074, -8.003098031999968, 0.0 ], [ 112.345141878000049, -8.003697656999975, 0.0 ], [ 112.345227539, -8.003911807999941, 0.0 ], [ 112.345413138000026, -8.00408312899998, 0.0 ], [ 112.34552735200009, -8.004140236999945, 0.0 ], [ 112.345727226, -8.004511431999958, 0.0 ], [ 112.345798611000077, -8.004896905999942, 0.0 ], [ 112.345898548000036, -8.005239546999974, 0.0 ], [ 112.345970001000069, -8.00554, 0.0 ], [ 112.346014795000087, -8.005595994999965, 0.0 ], [ 112.346265163000112, -8.00567409599995, 0.0 ], [ 112.34647217600002, -8.005638404999956, 0.0 ], [ 112.346607805000076, -8.005588436999972, 0.0 ], [ 112.346793404000096, -8.005595574999973, 0.0 ], [ 112.346993277000024, -8.00570978899998, 0.0 ], [ 112.347107492000077, -8.00571692699998, 0.0 ], [ 112.347343059000082, -8.00568123499994, 0.0 ], [ 112.347500104, -8.005602712999973, 0.0 ], [ 112.347699977000048, -8.005559881999943, 0.0 ], [ 112.347814192000101, -8.005745480999963, 0.0 ], [ 112.347871300000065, -8.005959632999975, 0.0 ], [ 112.347885576000067, -8.006180922999931, 0.0 ], [ 112.347942683000042, -8.006380795999974, 0.0 ], [ 112.348035482000114, -8.006623501999968, 0.0 ], [ 112.348114004000081, -8.006809098999952, 0.0 ], [ 112.348206804000029, -8.00698756, 0.0 ], [ 112.348292463, -8.007223125999928, 0.0 ], [ 112.348478062000027, -8.007358755999974, 0.0 ], [ 112.34878031400001, -8.007561654999961, 0.0 ], [ 112.348962282000116, -8.007725192999942, 0.0 ], [ 112.349182383000084, -8.00775493499998, 0.0 ], [ 112.349354892000065, -8.007713294999974, 0.0 ], [ 112.349490666000065, -8.007547553999927, 0.0 ], [ 112.350326658000085, -8.0075309599999, 0.0 ], [ 112.351126587000067, -8.007866751999927, 0.0 ], [ 112.351982881000026, -8.008426923999934, 0.0 ], [ 112.35191950300009, -8.008572778999962, 0.0 ], [ 112.351443611000036, -8.009210473999929, 0.0 ], [ 112.350615559000062, -8.009943347999979, 0.0 ], [ 112.351364778000061, -8.010592979999956, 0.0 ], [ 112.351200001000052, -8.010950000999969, 0.0 ], [ 112.350630001000013, -8.01156999899996, 0.0 ], [ 112.350360001000013, -8.012320000999978, 0.0 ], [ 112.350490001000026, -8.01241, 0.0 ], [ 112.35077999900011, -8.01263999899993, 0.0 ], [ 112.351439999000036, -8.0133, 0.0 ], [ 112.351499999000112, -8.01336, 0.0 ], [ 112.35170000100004, -8.013519998999925, 0.0 ], [ 112.35212, -8.01375, 0.0 ], [ 112.352326056000038, -8.013812712999936, 0.0 ], [ 112.352350001000104, -8.013820000999942, 0.0 ] ] ] ] } },
{ "type": "Feature", "properties": { "OBJECTID": 116220.0, "KDPPUM": "35", "NAMOBJ": "Ngaringan", "REMARK": null, "KDPBPS": null, "FCODE": "BA03070040", "LUASWH": 13.07966392, "UUPP": "Hasil Delineasi Batas Desa 2019", "SRS_ID": "SRGI 2013", "METADATA": "TASWIL1000020200326DATA_BATAS_DESA_KELURAHAN", "KDEBPS": null, "KDEPUM": "35.05.15.2009", "KDCBPS": null, "KDCPUM": "35.05.15", "KDBBPS": null, "WADMKD": "Ngaringan", "WIADKD": null, "WADMKC": "Gandusari", "WIADKC": null, "WADMKK": "Blitar", "WIADKK": null, "WADMPR": "Jawa Timur", "WIADPR": null, "TIPADM": 1.0, "KDPKAB": "35.05", "SHAPE_Leng": 0.24321942873136901, "SHAPE_Area": 0.0010727230848 }, "geometry": { "type": "MultiPolygon", "coordinates": [ [ [ [ 112.331571008000083, -8.040734425999972, 0.0 ], [ 112.331397054000035, -8.040738014999931, 0.0 ], [ 112.331289978000086, -8.04086293599994, 0.0 ], [ 112.331289978000086, -8.040964062999933, 0.0 ], [ 112.331289978000086, -8.041041395999969, 0.0 ], [ 112.331289978000086, -8.041148471999975, 0.0 ], [ 112.331242388000078, -8.04129718799993, 0.0 ], [ 112.331236439, -8.041392365999968, 0.0 ], [ 112.331206697000084, -8.041499441999974, 0.0 ], [ 112.331176953000067, -8.041612466999936, 0.0 ], [ 112.331111518000057, -8.041695747999938, 0.0 ], [ 112.331028236000066, -8.041761182999949, 0.0 ], [ 112.330968751000114, -8.04181472099998, 0.0 ], [ 112.330909263000081, -8.041903949999949, 0.0 ], [ 112.330879521000043, -8.042016974999967, 0.0 ], [ 112.330831931000034, -8.042177588999948, 0.0 ], [ 112.330861675000051, -8.042314407999982, 0.0 ], [ 112.330879521000043, -8.042457174999981, 0.0 ], [ 112.330861675000051, -8.042552353999952, 0.0 ], [ 112.330831931000034, -8.042707018999977, 0.0 ], [ 112.330814085000043, -8.042814093999937, 0.0 ], [ 112.330802187000018, -8.042921169999943, 0.0 ], [ 112.330802187000018, -8.043052039999964, 0.0 ], [ 112.330831931000034, -8.043105577999938, 0.0 ], [ 112.33093000100007, -8.043169094999939, 0.0 ], [ 112.330927853000048, -8.043183456999941, 0.0 ], [ 112.330902377000029, -8.043701924999937, 0.0 ], [ 112.330867001000115, -8.043944998999962, 0.0 ], [ 112.330677059000095, -8.044188482999971, 0.0 ], [ 112.330671442000039, -8.044195682999941, 0.0 ], [ 112.330656878000013, -8.044203352999943, 0.0 ], [ 112.330423999000118, -8.044326, 0.0 ], [ 112.330413463000014, -8.044332723999958, 0.0 ], [ 112.330361841000013, -8.044365666999965, 0.0 ], [ 112.329970409000111, -8.044615467999961, 0.0 ], [ 112.329744867000045, -8.045335919999957, 0.0 ], [ 112.329659287000027, -8.045594606999941, 0.0 ], [ 112.329511154000102, -8.045810427999982, 0.0 ], [ 112.329325160000053, -8.046117396999932, 0.0 ], [ 112.328921302000026, -8.047192439999947, 0.0 ], [ 112.328900632000114, -8.047251978999952, 0.0 ], [ 112.32875544, -8.047670208999932, 0.0 ], [ 112.328700196000113, -8.047814118999952, 0.0 ], [ 112.328536375000112, -8.048240877999945, 0.0 ], [ 112.328511056000025, -8.048306830999934, 0.0 ], [ 112.328185953000116, -8.04893352199997, 0.0 ], [ 112.328169710000111, -8.048964579999961, 0.0 ], [ 112.328124261000085, -8.049051479999946, 0.0 ], [ 112.327745766000021, -8.049775175999969, 0.0 ], [ 112.327715, -8.049834, 0.0 ], [ 112.327699915000039, -8.049860172999956, 0.0 ], [ 112.327368001000082, -8.050435998999944, 0.0 ], [ 112.327329641, -8.05048792499997, 0.0 ], [ 112.327172854000082, -8.050700163999977, 0.0 ], [ 112.327043466000077, -8.050875313999938, 0.0 ], [ 112.326814978000016, -8.051082648999966, 0.0 ], [ 112.32678016400007, -8.051114237999968, 0.0 ], [ 112.326760001000025, -8.05111999899998, 0.0 ], [ 112.326178396000046, -8.051203628999929, 0.0 ], [ 112.325696748000041, -8.051144143999977, 0.0 ], [ 112.325501633000044, -8.05109179599998, 0.0 ], [ 112.325309999000069, -8.051079998999967, 0.0 ], [ 112.32535, -8.050689998999928, 0.0 ], [ 112.325530001000061, -8.049780000999931, 0.0 ], [ 112.325601737000056, -8.049520382999958, 0.0 ], [ 112.325779471000033, -8.049118146999945, 0.0 ], [ 112.325779471000033, -8.048827852999977, 0.0 ], [ 112.325712845000112, -8.048647013999926, 0.0 ], [ 112.325619139000082, -8.048508962999961, 0.0 ], [ 112.325690001000112, -8.048320000999979, 0.0 ], [ 112.32576, -8.047959998999943, 0.0 ], [ 112.325802145000011, -8.047692544999961, 0.0 ], [ 112.325774712000111, -8.047414453999977, 0.0 ], [ 112.325841336000053, -8.047057533999975, 0.0 ], [ 112.325984836000089, -8.046533157999932, 0.0 ], [ 112.326020001000074, -8.046310000999938, 0.0 ], [ 112.326064684000016, -8.04589890799997, 0.0 ], [ 112.326041211000074, -8.045591786999978, 0.0 ], [ 112.32605073000002, -8.045496606999961, 0.0 ], [ 112.326093560000118, -8.045330044999957, 0.0 ], [ 112.326141148000033, -8.045025474999932, 0.0 ], [ 112.326307712000016, -8.04485415299996, 0.0 ], [ 112.326463722000085, -8.044736879999959, 0.0 ], [ 112.3266, -8.044469998999944, 0.0 ], [ 112.326700001000063, -8.044079998999962, 0.0 ], [ 112.326754313000038, -8.043798557999935, 0.0 ], [ 112.326687236000112, -8.043592543999978, 0.0 ], [ 112.326770516000011, -8.043360544999928, 0.0 ], [ 112.326913284000057, -8.04298578099997, 0.0 ], [ 112.32694897500005, -8.042932241999949, 0.0 ], [ 112.326966821000042, -8.042878705999954, 0.0 ], [ 112.326966821000042, -8.04277757899996, 0.0 ], [ 112.326978719000067, -8.042682398999943, 0.0 ], [ 112.327008463000084, -8.042563426999948, 0.0 ], [ 112.327044154000077, -8.042486093999969, 0.0 ], [ 112.32734, -8.042370000999938, 0.0 ], [ 112.32737, -8.042029998999965, 0.0 ], [ 112.327330001000064, -8.041530000999956, 0.0 ], [ 112.327250001000039, -8.041229998999938, 0.0 ], [ 112.327206164000017, -8.04111841799994, 0.0 ], [ 112.327216666000027, -8.040814521999948, 0.0 ], [ 112.327145281000071, -8.040647960999934, 0.0 ], [ 112.32696, -8.040509998999937, 0.0 ], [ 112.326849999000046, -8.040059998999936, 0.0 ], [ 112.32658, -8.039729998999974, 0.0 ], [ 112.326499999000021, -8.039760000999934, 0.0 ], [ 112.326369182, -8.039795975999937, 0.0 ], [ 112.326079282000023, -8.039762799999949, 0.0 ], [ 112.325884167000027, -8.039767559999973, 0.0 ], [ 112.325598631000048, -8.039829425999926, 0.0 ], [ 112.325313097000048, -8.039872255999967, 0.0 ], [ 112.324989489000018, -8.039843702999974, 0.0 ], [ 112.324427936, -8.039734247999945, 0.0 ], [ 112.323871144, -8.039648586999931, 0.0 ], [ 112.32270036500006, -8.039482408999959, 0.0 ], [ 112.320910001000016, -8.039090000999977, 0.0 ], [ 112.320170001000065, -8.038909998999941, 0.0 ], [ 112.3197100000001, -8.03879, 0.0 ], [ 112.319470001000013, -8.038740000999951, 0.0 ], [ 112.319069999000021, -8.038630000999945, 0.0 ], [ 112.318989999000109, -8.038610000999938, 0.0 ], [ 112.318650001000037, -8.038519998999959, 0.0 ], [ 112.31835, -8.038430000999938, 0.0 ], [ 112.31659, -8.03791, 0.0 ], [ 112.316480001000059, -8.03789, 0.0 ], [ 112.315840001000083, -8.037759998999945, 0.0 ], [ 112.31562, -8.038470000999951, 0.0 ], [ 112.31562, -8.038550000999976, 0.0 ], [ 112.315869999000029, -8.03880000099997, 0.0 ], [ 112.31604, -8.038929998999947, 0.0 ], [ 112.316110001000084, -8.03898000099997, 0.0 ], [ 112.316110001000084, -8.03959, 0.0 ], [ 112.31602, -8.040030000999934, 0.0 ], [ 112.316, -8.04018, 0.0 ], [ 112.3161, -8.040580000999967, 0.0 ], [ 112.316250001000071, -8.040799998999944, 0.0 ], [ 112.3164, -8.040970000999948, 0.0 ], [ 112.31649, -8.04132999899997, 0.0 ], [ 112.31649, -8.04195, 0.0 ], [ 112.31646000100011, -8.042510000999926, 0.0 ], [ 112.31645, -8.04265, 0.0 ], [ 112.316378411000073, -8.042673863999937, 0.0 ], [ 112.316042504000052, -8.042615542999954, 0.0 ], [ 112.31592115, -8.042686925999931, 0.0 ], [ 112.315821214000039, -8.042922493999981, 0.0 ], [ 112.315764106000074, -8.043043845999932, 0.0 ], [ 112.315678738000088, -8.043289285999947, 0.0 ], [ 112.31536, -8.043669998999974, 0.0 ], [ 112.31526, -8.043850000999953, 0.0 ], [ 112.31521, -8.044440000999941, 0.0 ], [ 112.315326285000083, -8.044776886999955, 0.0 ], [ 112.315363411000021, -8.044890536999958, 0.0 ], [ 112.312644354000099, -8.044871284999942, 0.0 ], [ 112.312592569000117, -8.044467031999943, 0.0 ], [ 112.312480267000069, -8.04418954099998, 0.0 ], [ 112.312432677000061, -8.044022978999976, 0.0 ], [ 112.312492164000105, -8.043832620999979, 0.0 ], [ 112.31260518900001, -8.043695802999935, 0.0 ], [ 112.312688470000012, -8.043624417999979, 0.0 ], [ 112.312866929000052, -8.043493546999969, 0.0 ], [ 112.313027543000089, -8.043475701999967, 0.0 ], [ 112.313384461000055, -8.043493546999969, 0.0 ], [ 112.313813217000074, -8.043486333999965, 0.0 ], [ 112.31397000100003, -8.04335, 0.0 ], [ 112.314, -8.043210000999977, 0.0 ], [ 112.313850001000105, -8.043090000999939, 0.0 ], [ 112.31337, -8.0426, 0.0 ], [ 112.31326, -8.042270000999963, 0.0 ], [ 112.313150001000054, -8.041920000999937, 0.0 ], [ 112.3131399990001, -8.041750000999969, 0.0 ], [ 112.313270000000102, -8.041470000999936, 0.0 ], [ 112.31339, -8.04113, 0.0 ], [ 112.313520001000029, -8.040910000999929, 0.0 ], [ 112.313521280000032, -8.040679835999981, 0.0 ], [ 112.313295232000087, -8.040507324999965, 0.0 ], [ 112.312945940000077, -8.040251110999975, 0.0 ], [ 112.312872877000018, -8.040037380999934, 0.0 ], [ 112.312926416000096, -8.03987081899993, 0.0 ], [ 112.313133445000062, -8.039581012999975, 0.0 ], [ 112.313210001000016, -8.03923999899996, 0.0 ], [ 112.31329, -8.038559998999972, 0.0 ], [ 112.31333, -8.038350000999969, 0.0 ], [ 112.313449898000044, -8.038181400999974, 0.0 ], [ 112.313479640000082, -8.038098119999972, 0.0 ], [ 112.313366149000103, -8.037949388999948, 0.0 ], [ 112.31337, -8.037830000999975, 0.0 ], [ 112.313380001000041, -8.03762, 0.0 ], [ 112.31343, -8.037180000999967, 0.0 ], [ 112.31337, -8.036939998999969, 0.0 ], [ 112.313310000000115, -8.036489998999969, 0.0 ], [ 112.313210001000016, -8.035580000999971, 0.0 ], [ 112.31324, -8.0353, 0.0 ], [ 112.31339, -8.03483, 0.0 ], [ 112.313480001000016, -8.034619998999972, 0.0 ], [ 112.313500001000079, -8.03436, 0.0 ], [ 112.313520001000029, -8.034120000999962, 0.0 ], [ 112.313440001000117, -8.033819998999945, 0.0 ], [ 112.313509999000075, -8.033130000999961, 0.0 ], [ 112.313549999000088, -8.03286, 0.0 ], [ 112.313620001000118, -8.03242, 0.0 ], [ 112.31365, -8.032199998999943, 0.0 ], [ 112.313730001000067, -8.031929998999942, 0.0 ], [ 112.31378, -8.03177, 0.0 ], [ 112.313850001000105, -8.031570000999977, 0.0 ], [ 112.313919999000063, -8.031370000999971, 0.0 ], [ 112.31397000100003, -8.03124, 0.0 ], [ 112.31406, -8.030980000999932, 0.0 ], [ 112.31413, -8.0308, 0.0 ], [ 112.314160001, -8.030610000999957, 0.0 ], [ 112.31406, -8.030550000999938, 0.0 ], [ 112.313959999000076, -8.030490000999976, 0.0 ], [ 112.313859999000101, -8.03043, 0.0 ], [ 112.313730001000067, -8.030340000999956, 0.0 ], [ 112.313730001000067, -8.030260000999931, 0.0 ], [ 112.313730001000067, -8.03017, 0.0 ], [ 112.313720000000103, -8.029910000999962, 0.0 ], [ 112.3138, -8.02982, 0.0 ], [ 112.31395000100008, -8.029730000999962, 0.0 ], [ 112.31409, -8.029640000999962, 0.0 ], [ 112.31419, -8.029549998999926, 0.0 ], [ 112.314269999000089, -8.02933, 0.0 ], [ 112.314309999000102, -8.029199998999957, 0.0 ], [ 112.31443, -8.028840000999935, 0.0 ], [ 112.314550001000043, -8.02848, 0.0 ], [ 112.314679999000077, -8.028350000999978, 0.0 ], [ 112.314800000000105, -8.02826, 0.0 ], [ 112.31487, -8.0282, 0.0 ], [ 112.315040001000057, -8.02812, 0.0 ], [ 112.31523, -8.02812, 0.0 ], [ 112.315390001000083, -8.02813, 0.0 ], [ 112.315610000000106, -8.02813, 0.0 ], [ 112.31563, -8.027470000999926, 0.0 ], [ 112.31563, -8.027260000999945, 0.0 ], [ 112.31563, -8.026859998999953, 0.0 ], [ 112.315660001000083, -8.026440000999969, 0.0 ], [ 112.315680001000032, -8.02616, 0.0 ], [ 112.31569, -8.025990000999968, 0.0 ], [ 112.31569, -8.02588, 0.0 ], [ 112.315570001000083, -8.025790000999962, 0.0 ], [ 112.315499999000053, -8.025720000999968, 0.0 ], [ 112.315519999000117, -8.025589998999976, 0.0 ], [ 112.315539999000066, -8.02545, 0.0 ], [ 112.31571, -8.02540000099998, 0.0 ], [ 112.315889999000092, -8.02534, 0.0 ], [ 112.315900001000045, -8.02513000099998, 0.0 ], [ 112.315940001000058, -8.02467, 0.0 ], [ 112.315970000000107, -8.02429000099994, 0.0 ], [ 112.315980001000071, -8.023690000999977, 0.0 ], [ 112.316070001000071, -8.023710000999927, 0.0 ], [ 112.316420000000107, -8.02374, 0.0 ], [ 112.31653, -8.023320000999945, 0.0 ], [ 112.316620001000047, -8.02227, 0.0 ], [ 112.316649999000106, -8.021580000999961, 0.0 ], [ 112.316669999000055, -8.02118, 0.0 ], [ 112.316680001, -8.020880000999966, 0.0 ], [ 112.316689999, -8.02034, 0.0 ], [ 112.316709999000068, -8.01952, 0.0 ], [ 112.31677, -8.01850000099995, 0.0 ], [ 112.318599999000071, -8.017709998999976, 0.0 ], [ 112.318610001000025, -8.0175, 0.0 ], [ 112.318659999000033, -8.01691, 0.0 ], [ 112.318730001000063, -8.01639, 0.0 ], [ 112.31877, -8.015879998999935, 0.0 ], [ 112.31881, -8.01553, 0.0 ], [ 112.318840001000012, -8.015360000999976, 0.0 ], [ 112.318920001000038, -8.015090000999976, 0.0 ], [ 112.319009999000059, -8.015059998999959, 0.0 ], [ 112.31961, -8.0149, 0.0 ], [ 112.319680001000052, -8.014680000999931, 0.0 ], [ 112.3197100000001, -8.01439, 0.0 ], [ 112.319769999000073, -8.01412, 0.0 ], [ 112.319970001000115, -8.013559998999938, 0.0 ], [ 112.32019999900001, -8.01289, 0.0 ], [ 112.32035, -8.012490000999946, 0.0 ], [ 112.31956, -8.01252, 0.0 ], [ 112.319000001000063, -8.012240000999952, 0.0 ], [ 112.31861999900002, -8.011990000999958, 0.0 ], [ 112.318289999000058, -8.011790000999952, 0.0 ], [ 112.31799, -8.01163, 0.0 ], [ 112.31774, -8.011529998999947, 0.0 ], [ 112.317409999, -8.011469998999928, 0.0 ], [ 112.317070001000047, -8.01137, 0.0 ], [ 112.31682, -8.01127, 0.0 ], [ 112.31616, -8.01129, 0.0 ], [ 112.31555000100002, -8.01129, 0.0 ], [ 112.315000001000044, -8.011360000999957, 0.0 ], [ 112.31458, -8.01137, 0.0 ], [ 112.31413, -8.01139, 0.0 ], [ 112.313710001000118, -8.01137, 0.0 ], [ 112.31335, -8.01131, 0.0 ], [ 112.312910000000102, -8.011340000999951, 0.0 ], [ 112.312680001000103, -8.011340000999951, 0.0 ], [ 112.31192000100009, -8.01124, 0.0 ], [ 112.311550001000114, -8.01107000099995, 0.0 ], [ 112.3113, -8.010820000999956, 0.0 ], [ 112.310980001000075, -8.01026, 0.0 ], [ 112.310880000000111, -8.01000000099998, 0.0 ], [ 112.310880000000111, -8.00948, 0.0 ], [ 112.311020001000088, -8.008910000999947, 0.0 ], [ 112.311149999, -8.00852, 0.0 ], [ 112.3114, -8.00812, 0.0 ], [ 112.311650001000089, -8.00775, 0.0 ], [ 112.311820001000115, -8.007400000999951, 0.0 ], [ 112.312020001000064, -8.00698, 0.0 ], [ 112.31239000100004, -8.006620000999931, 0.0 ], [ 112.312590000000114, -8.006310000999974, 0.0 ], [ 112.312820001000091, -8.00579, 0.0 ], [ 112.3129, -8.005679998999938, 0.0 ], [ 112.31302, -8.005510000999948, 0.0 ], [ 112.31302, -8.004919998999981, 0.0 ], [ 112.313110001000041, -8.00466, 0.0 ], [ 112.313230001000079, -8.004480000999934, 0.0 ], [ 112.313400001000105, -8.00426, 0.0 ], [ 112.31341, -8.004159998999967, 0.0 ], [ 112.313480001000016, -8.003379998999947, 0.0 ], [ 112.313509999000075, -8.002900000999944, 0.0 ], [ 112.31339, -8.00266, 0.0 ], [ 112.313400001000105, -8.002490000999956, 0.0 ], [ 112.313119999000037, -8.00227, 0.0 ], [ 112.313050001000079, -8.002129998999976, 0.0 ], [ 112.31292, -8.001750000999948, 0.0 ], [ 112.312910000000102, -8.00147, 0.0 ], [ 112.31288, -8.000870000999953, 0.0 ], [ 112.3129, -8.000629998999955, 0.0 ], [ 112.312930001000041, -8.000239998999973, 0.0 ], [ 112.3129, -8.0, 0.0 ], [ 112.31285, -7.99961, 0.0 ], [ 112.312789999000074, -7.9993, 0.0 ], [ 112.312709999000049, -7.9984, 0.0 ], [ 112.31265, -7.998209998999926, 0.0 ], [ 112.312600001000078, -7.99798, 0.0 ], [ 112.31261, -7.997779998999931, 0.0 ], [ 112.311619999000072, -7.996199998999941, 0.0 ], [ 112.311570001000064, -7.99563, 0.0 ], [ 112.311470001000089, -7.99526, 0.0 ], [ 112.31136, -7.995049998999946, 0.0 ], [ 112.311330000000112, -7.994980000999931, 0.0 ], [ 112.31127, -7.99487, 0.0 ], [ 112.311000001000025, -7.994659998999964, 0.0 ], [ 112.310770001000037, -7.99442000099998, 0.0 ], [ 112.310779999000033, -7.994200000999967, 0.0 ], [ 112.310779999000033, -7.993839998999931, 0.0 ], [ 112.310700000000111, -7.99366, 0.0 ], [ 112.31054, -7.993509998999969, 0.0 ], [ 112.310349999000096, -7.99329, 0.0 ], [ 112.310380001000112, -7.993159998999943, 0.0 ], [ 112.31049, -7.99304, 0.0 ], [ 112.310880000000111, -7.992840000999934, 0.0 ], [ 112.311149999, -7.992669998999929, 0.0 ], [ 112.31148, -7.992339998999967, 0.0 ], [ 112.311610001000076, -7.99214, 0.0 ], [ 112.31157999900006, -7.992029998999953, 0.0 ], [ 112.311430001000076, -7.99171, 0.0 ], [ 112.311149999, -7.991109998999946, 0.0 ], [ 112.311169999000072, -7.990960000999962, 0.0 ], [ 112.311350001000051, -7.99054, 0.0 ], [ 112.31148, -7.990220000999955, 0.0 ], [ 112.3115, -7.98992, 0.0 ], [ 112.311530001000051, -7.98975, 0.0 ], [ 112.31166, -7.989609998999981, 0.0 ], [ 112.311909999000022, -7.98932, 0.0 ], [ 112.311969999000098, -7.989110000999972, 0.0 ], [ 112.312050000000113, -7.988840000999971, 0.0 ], [ 112.3122, -7.988749998999936, 0.0 ], [ 112.31237000100009, -7.98873, 0.0 ], [ 112.312590000000114, -7.988640000999965, 0.0 ], [ 112.312809999000024, -7.988430000999927, 0.0 ], [ 112.313119999000037, -7.988049998999941, 0.0 ], [ 112.313130001000104, -7.98789, 0.0 ], [ 112.313030001000016, -7.987730000999932, 0.0 ], [ 112.31288, -7.98761000099995, 0.0 ], [ 112.312820001000091, -7.987510000999976, 0.0 ], [ 112.312809999000024, -7.987309998999933, 0.0 ], [ 112.3129, -7.987100000999931, 0.0 ], [ 112.31306, -7.9867, 0.0 ], [ 112.313179999000113, -7.98596, 0.0 ], [ 112.31328, -7.985700000999941, 0.0 ], [ 112.313400001000105, -7.985600000999966, 0.0 ], [ 112.313930001000017, -7.985410000999934, 0.0 ], [ 112.314010001000042, -7.985270000999947, 0.0 ], [ 112.31409, -7.984920000999978, 0.0 ], [ 112.313890001, -7.98475, 0.0 ], [ 112.31377000100008, -7.984590000999958, 0.0 ], [ 112.31377000100008, -7.9843, 0.0 ], [ 112.313830001000042, -7.98416999899996, 0.0 ], [ 112.314030001000106, -7.98395, 0.0 ], [ 112.314320001000056, -7.98367000099995, 0.0 ], [ 112.314309999000102, -7.983550000999969, 0.0 ], [ 112.31424000100003, -7.983440000999963, 0.0 ], [ 112.314200001000017, -7.983380000999944, 0.0 ], [ 112.31404, -7.98323, 0.0 ], [ 112.313750001000017, -7.98307000099993, 0.0 ], [ 112.3133, -7.98289000099993, 0.0 ], [ 112.3129, -7.982649998999932, 0.0 ], [ 112.31285, -7.982520000999955, 0.0 ], [ 112.31294, -7.98237, 0.0 ], [ 112.313210001000016, -7.982, 0.0 ], [ 112.31328, -7.98189, 0.0 ], [ 112.31326, -7.98182000099996, 0.0 ], [ 112.313130001000104, -7.98163, 0.0 ], [ 112.312910000000102, -7.981419998999968, 0.0 ], [ 112.31285, -7.98131000099994, 0.0 ], [ 112.31288, -7.9812, 0.0 ], [ 112.31292, -7.980920000999959, 0.0 ], [ 112.312860001000104, -7.98075, 0.0 ], [ 112.312809999000024, -7.9805, 0.0 ], [ 112.312749999000062, -7.98035, 0.0 ], [ 112.312580001000015, -7.980320000999939, 0.0 ], [ 112.31211, -7.980200000999957, 0.0 ], [ 112.3121000000001, -7.98011, 0.0 ], [ 112.31219000100009, -7.979910000999951, 0.0 ], [ 112.312330001000078, -7.979759998999953, 0.0 ], [ 112.312680001000103, -7.979500000999963, 0.0 ], [ 112.312709999000049, -7.979380000999981, 0.0 ], [ 112.31266000100004, -7.979170000999943, 0.0 ], [ 112.312560001000065, -7.978850000999955, 0.0 ], [ 112.312809999000024, -7.97839, 0.0 ], [ 112.312990001000117, -7.97812, 0.0 ], [ 112.312990001000117, -7.977920000999973, 0.0 ], [ 112.31289, -7.977310000999978, 0.0 ], [ 112.312970001000053, -7.97706999899998, 0.0 ], [ 112.313070001000028, -7.97691, 0.0 ], [ 112.31326, -7.976750000999971, 0.0 ], [ 112.313460001000067, -7.976699998999948, 0.0 ], [ 112.31366, -7.976590000999977, 0.0 ], [ 112.313720000000103, -7.97647, 0.0 ], [ 112.313710001000118, -7.976260000999957, 0.0 ], [ 112.313640001000067, -7.97613, 0.0 ], [ 112.313460001000067, -7.976, 0.0 ], [ 112.313190001000066, -7.97579000099995, 0.0 ], [ 112.31315999900005, -7.975620000999982, 0.0 ], [ 112.313220000000115, -7.975460000999931, 0.0 ], [ 112.3133, -7.97519000099993, 0.0 ], [ 112.31329, -7.974950000999968, 0.0 ], [ 112.313179999000113, -7.97421000099996, 0.0 ], [ 112.313220000000115, -7.97409, 0.0 ], [ 112.313340001000029, -7.973840000999928, 0.0 ], [ 112.31339, -7.973639998999943, 0.0 ], [ 112.31343, -7.973229998999955, 0.0 ], [ 112.313469999000063, -7.97292, 0.0 ], [ 112.31337, -7.972779998999954, 0.0 ], [ 112.313230001000079, -7.972690000999933, 0.0 ], [ 112.313130001000104, -7.97256, 0.0 ], [ 112.313070001000028, -7.972329998999953, 0.0 ], [ 112.312990001000117, -7.97192, 0.0 ], [ 112.313040000000115, -7.97176, 0.0 ], [ 112.313170001000117, -7.971640000999969, 0.0 ], [ 112.31335, -7.971420000999956, 0.0 ], [ 112.313640001000067, -7.971, 0.0 ], [ 112.314, -7.970370000999935, 0.0 ], [ 112.31409, -7.969989998999949, 0.0 ], [ 112.31413, -7.969530000999953, 0.0 ], [ 112.314160001, -7.969360000999927, 0.0 ], [ 112.31409, -7.969260000999952, 0.0 ], [ 112.313790001000029, -7.968839998999954, 0.0 ], [ 112.31374, -7.96862, 0.0 ], [ 112.31369, -7.96835, 0.0 ], [ 112.313620001000118, -7.968159998999965, 0.0 ], [ 112.31365, -7.96791000099995, 0.0 ], [ 112.313750001000017, -7.967660000999956, 0.0 ], [ 112.313890001, -7.96749, 0.0 ], [ 112.314170000000104, -7.96716, 0.0 ], [ 112.314300001000106, -7.967150000999936, 0.0 ], [ 112.31442000100003, -7.967230000999962, 0.0 ], [ 112.314670001000081, -7.967370000999949, 0.0 ], [ 112.314800000000105, -7.967339998999933, 0.0 ], [ 112.31495, -7.967250000999968, 0.0 ], [ 112.315000001000044, -7.96714, 0.0 ], [ 112.31501, -7.966909998999938, 0.0 ], [ 112.315089999000065, -7.96638, 0.0 ], [ 112.315120001000082, -7.966149998999981, 0.0 ], [ 112.315169999000091, -7.96601, 0.0 ], [ 112.31562, -7.964600000999951, 0.0 ], [ 112.316050001, -7.963210000999936, 0.0 ], [ 112.31629999900008, -7.962679998999931, 0.0 ], [ 112.316649999000106, -7.96235, 0.0 ], [ 112.31722000100001, -7.96201, 0.0 ], [ 112.317899999000019, -7.961750000999928, 0.0 ], [ 112.317950001000099, -7.962240000999941, 0.0 ], [ 112.318020001000036, -7.962599998999963, 0.0 ], [ 112.318430001000024, -7.962989998999944, 0.0 ], [ 112.318550001000062, -7.96313, 0.0 ], [ 112.318570001000012, -7.96326, 0.0 ], [ 112.31842, -7.96356, 0.0 ], [ 112.318229999000096, -7.964130000999944, 0.0 ], [ 112.318209999000032, -7.964290000999938, 0.0 ], [ 112.318289999000058, -7.96469, 0.0 ], [ 112.31833, -7.965019998999935, 0.0 ], [ 112.318410001000075, -7.96519, 0.0 ], [ 112.318530001000113, -7.965289998999936, 0.0 ], [ 112.319000001000063, -7.96528000099994, 0.0 ], [ 112.319300000000112, -7.965289998999936, 0.0 ], [ 112.31954, -7.965369998999961, 0.0 ], [ 112.3197100000001, -7.96552, 0.0 ], [ 112.31987, -7.965790000999959, 0.0 ], [ 112.31995, -7.96603, 0.0 ], [ 112.31995, -7.966209998999943, 0.0 ], [ 112.319849999000098, -7.966390000999979, 0.0 ], [ 112.31974999900001, -7.966539998999963, 0.0 ], [ 112.319700001000115, -7.96675, 0.0 ], [ 112.31980000100009, -7.96713000099993, 0.0 ], [ 112.3198900000001, -7.967350000999943, 0.0 ], [ 112.32006, -7.967560000999981, 0.0 ], [ 112.32019999900001, -7.967700000999969, 0.0 ], [ 112.32019999900001, -7.96784, 0.0 ], [ 112.320219999000074, -7.968210000999932, 0.0 ], [ 112.32027000100004, -7.968300000999932, 0.0 ], [ 112.320430000000101, -7.96868, 0.0 ], [ 112.32049, -7.968950000999939, 0.0 ], [ 112.320471675000022, -7.969224895999957, 0.0 ], [ 112.320568126000012, -7.97003590099996, 0.0 ], [ 112.320568126000012, -7.97102575699995, 0.0 ], [ 112.320491983000011, -7.971825255999931, 0.0 ], [ 112.320130001000052, -7.972420000999932, 0.0 ], [ 112.3201, -7.972690000999933, 0.0 ], [ 112.320190001000014, -7.973100000999978, 0.0 ], [ 112.320259999000086, -7.973370000999978, 0.0 ], [ 112.320371820000105, -7.973681233999969, 0.0 ], [ 112.320300437000014, -7.973966770999937, 0.0 ], [ 112.320043454000029, -7.974509287999979, 0.0 ], [ 112.319379999000034, -7.975230000999943, 0.0 ], [ 112.319250001000114, -7.975509998999939, 0.0 ], [ 112.31915, -7.97630000099997, 0.0 ], [ 112.319120001000101, -7.97684, 0.0 ], [ 112.31918, -7.97775, 0.0 ], [ 112.319370001000038, -7.978230000999929, 0.0 ], [ 112.319760001000077, -7.97886, 0.0 ], [ 112.320560001000104, -7.97968, 0.0 ], [ 112.321320001000117, -7.98035, 0.0 ], [ 112.321719999000038, -7.980579998999929, 0.0 ], [ 112.32242, -7.98074, 0.0 ], [ 112.322820001000082, -7.980840000999933, 0.0 ], [ 112.32303, -7.981029998999929, 0.0 ], [ 112.323370001000058, -7.981439998999974, 0.0 ], [ 112.323490000000106, -7.98208, 0.0 ], [ 112.323620001000108, -7.982680000999949, 0.0 ], [ 112.323709999000016, -7.98306, 0.0 ], [ 112.323850000000107, -7.98325, 0.0 ], [ 112.324010001000033, -7.983530000999963, 0.0 ], [ 112.324039999000092, -7.983730000999969, 0.0 ], [ 112.324, -7.983960000999957, 0.0 ], [ 112.3239, -7.984080000999938, 0.0 ], [ 112.323640001000058, -7.984240000999932, 0.0 ], [ 112.323359999000104, -7.98432, 0.0 ], [ 112.323190001000057, -7.984410000999958, 0.0 ], [ 112.32307, -7.984559998999941, 0.0 ], [ 112.32308, -7.984720000999971, 0.0 ], [ 112.32318, -7.984860000999959, 0.0 ], [ 112.32341000100007, -7.98507, 0.0 ], [ 112.32352000100002, -7.98523999899993, 0.0 ], [ 112.323600001000045, -7.98557, 0.0 ], [ 112.323649999000054, -7.986320000999967, 0.0 ], [ 112.323740001000033, -7.98676, 0.0 ], [ 112.32396, -7.987140000999943, 0.0 ], [ 112.32424, -7.987360000999956, 0.0 ], [ 112.324830001, -7.98774, 0.0 ], [ 112.325238485000114, -7.988075540999944, 0.0 ], [ 112.326111080000032, -7.988814606999938, 0.0 ], [ 112.326339508000046, -7.989128695999966, 0.0 ], [ 112.326525107000066, -7.98935712399998, 0.0 ], [ 112.326796366000053, -7.989756872999976, 0.0 ], [ 112.326981963000094, -7.990199453999935, 0.0 ], [ 112.327274512000031, -7.991353532999938, 0.0 ], [ 112.327480001000026, -7.991969998999934, 0.0 ], [ 112.327480001000026, -7.992600000999971, 0.0 ], [ 112.327520001000039, -7.993500000999973, 0.0 ], [ 112.327667248000012, -7.993682982999928, 0.0 ], [ 112.327752909000083, -7.993897134999941, 0.0 ], [ 112.327600001000064, -7.99456, 0.0 ], [ 112.32771, -7.99532, 0.0 ], [ 112.3277700000001, -7.99612, 0.0 ], [ 112.32774, -7.996520000999965, 0.0 ], [ 112.327669999000022, -7.99686, 0.0 ], [ 112.327500001000089, -7.997090000999947, 0.0 ], [ 112.327110455000025, -7.998023119999971, 0.0 ], [ 112.327081900000053, -7.998351485999933, 0.0 ], [ 112.327096177000044, -7.998679852999942, 0.0 ], [ 112.327239999000085, -7.99954, 0.0 ], [ 112.327190001000076, -8.0, 0.0 ], [ 112.327010001000076, -8.00071, 0.0 ], [ 112.327239999000085, -8.00189, 0.0 ], [ 112.327669999000022, -8.003090000999975, 0.0 ], [ 112.327754057000107, -8.003228694999962, 0.0 ], [ 112.327760385000033, -8.00323913699998, 0.0 ], [ 112.327764220000063, -8.003245464999964, 0.0 ], [ 112.327770548000103, -8.003255905999936, 0.0 ], [ 112.327776877000019, -8.003266347999954, 0.0 ], [ 112.327803532000075, -8.00331032899993, 0.0 ], [ 112.327809860000116, -8.003320769999959, 0.0 ], [ 112.327853007000044, -8.003391961999966, 0.0 ], [ 112.327856842000074, -8.00339829, 0.0 ], [ 112.327910152000072, -8.003486251999959, 0.0 ], [ 112.327916480000113, -8.003496693999978, 0.0 ], [ 112.327946970000085, -8.003547002999937, 0.0 ], [ 112.328009101000021, -8.003649518999964, 0.0 ], [ 112.32801926500008, -8.003666288999966, 0.0 ], [ 112.328112649000104, -8.00382037299994, 0.0 ], [ 112.328176684000027, -8.003992791999963, 0.0 ], [ 112.328194124000106, -8.004039749999947, 0.0 ], [ 112.328205174, -8.004069501999936, 0.0 ], [ 112.328233664000095, -8.004146211999966, 0.0 ], [ 112.32823832400004, -8.00415875799996, 0.0 ], [ 112.328244714000107, -8.004175963999955, 0.0 ], [ 112.328255764, -8.004205715999944, 0.0 ], [ 112.32829357300011, -8.004307517999962, 0.0 ], [ 112.328302892000011, -8.004332610999938, 0.0 ], [ 112.32833724000011, -8.004425093999942, 0.0 ], [ 112.328341899000065, -8.004437639999935, 0.0 ], [ 112.328370389000042, -8.004514349999965, 0.0 ], [ 112.328375048000112, -8.004526895999959, 0.0 ], [ 112.328381438000065, -8.004544101999954, 0.0 ], [ 112.328389413000082, -8.004565573999969, 0.0 ], [ 112.328403538000089, -8.004603605999932, 0.0 ], [ 112.328405269000086, -8.004608265999934, 0.0 ], [ 112.328432028000066, -8.004680315999963, 0.0 ], [ 112.328436688000011, -8.004692861999956, 0.0 ], [ 112.32844134700008, -8.00470540799995, 0.0 ], [ 112.328443078000078, -8.004710067999952, 0.0 ], [ 112.328447737000033, -8.004722613999945, 0.0 ], [ 112.328458787000045, -8.004752365999934, 0.0 ], [ 112.328463447000104, -8.004764911999928, 0.0 ], [ 112.328469837000057, -8.00478211799998, 0.0 ], [ 112.328480887000069, -8.004811869999969, 0.0 ], [ 112.328485547000014, -8.004824415999963, 0.0 ], [ 112.328491937000081, -8.004841621999958, 0.0 ], [ 112.328496596000036, -8.004854167999952, 0.0 ], [ 112.328501256000095, -8.004866714999935, 0.0 ], [ 112.328505915000051, -8.004879260999928, 0.0 ], [ 112.328510575000109, -8.004891806999979, 0.0 ], [ 112.328512306000107, -8.00489646699998, 0.0 ], [ 112.328516965000063, -8.004909012999974, 0.0 ], [ 112.328521624000018, -8.004921558999968, 0.0 ], [ 112.328523355000016, -8.004926218999969, 0.0 ], [ 112.328528015000074, -8.004938764999963, 0.0 ], [ 112.328530894000096, -8.004946516999951, 0.0 ], [ 112.328534405000028, -8.004955970999958, 0.0 ], [ 112.328539065000086, -8.004968516999952, 0.0 ], [ 112.328543724000042, -8.004981062999946, 0.0 ], [ 112.328548383000111, -8.004993608999939, 0.0 ], [ 112.328550114000109, -8.004998268999941, 0.0 ], [ 112.328554774000054, -8.005010814999935, 0.0 ], [ 112.328556505000051, -8.005015474999936, 0.0 ], [ 112.328561164, -8.00502802099993, 0.0 ], [ 112.328562895, -8.005032680999932, 0.0 ], [ 112.328567554000074, -8.005045226999925, 0.0 ], [ 112.328572214000019, -8.005057772999976, 0.0 ], [ 112.328576873000088, -8.005070318999969, 0.0 ], [ 112.328578604000086, -8.005074978999971, 0.0 ], [ 112.328583264000031, -8.005087524999965, 0.0 ], [ 112.3285879230001, -8.005100070999958, 0.0 ], [ 112.328592583000045, -8.005112616999952, 0.0 ], [ 112.328594314000043, -8.005117276999954, 0.0 ], [ 112.328598973000112, -8.005129822999947, 0.0 ], [ 112.328603632000068, -8.005142368999941, 0.0 ], [ 112.328608292000013, -8.005154915999981, 0.0 ], [ 112.328612952000071, -8.005167461999974, 0.0 ], [ 112.328617612000016, -8.005180007999968, 0.0 ], [ 112.328622271000086, -8.005192553999962, 0.0 ], [ 112.328624002000083, -8.005197213999963, 0.0 ], [ 112.328678106000098, -8.005342891999931, 0.0 ], [ 112.328711377000104, -8.005492040999968, 0.0 ], [ 112.328714411000078, -8.005505640999957, 0.0 ], [ 112.328716768000049, -8.005516206999971, 0.0 ], [ 112.328719125000021, -8.005526772999929, 0.0 ], [ 112.328721482000105, -8.005537338999943, 0.0 ], [ 112.328724516000079, -8.005550938999932, 0.0 ], [ 112.328728227000056, -8.005567572999951, 0.0 ], [ 112.328759999000113, -8.005710000999954, 0.0 ], [ 112.328794364000032, -8.005849468999941, 0.0 ], [ 112.328795181000032, -8.005852784999945, 0.0 ], [ 112.328798497000093, -8.005866243999947, 0.0 ], [ 112.32880181400003, -8.005879703999938, 0.0 ], [ 112.328805947000092, -8.005896478999944, 0.0 ], [ 112.328810081000029, -8.005913254999939, 0.0 ], [ 112.32881339700009, -8.00592671499993, 0.0 ], [ 112.328817531000027, -8.005943490999925, 0.0 ], [ 112.328820847000088, -8.005956949999927, 0.0 ], [ 112.328824981000025, -8.005973725999979, 0.0 ], [ 112.328828298000076, -8.00598718599997, 0.0 ], [ 112.328829115000076, -8.005990501999975, 0.0 ], [ 112.328832431000023, -8.006003961999966, 0.0 ], [ 112.328835748000074, -8.006017421999957, 0.0 ], [ 112.328839064000022, -8.006030880999958, 0.0 ], [ 112.328839881000022, -8.006034197999952, 0.0 ], [ 112.328843197000083, -8.006047656999954, 0.0 ], [ 112.32884651300003, -8.006061116999945, 0.0 ], [ 112.328849829000092, -8.006074576999936, 0.0 ], [ 112.328853146000029, -8.006088036999927, 0.0 ], [ 112.328853963000029, -8.006091352999931, 0.0 ], [ 112.32885727900009, -8.006104811999933, 0.0 ], [ 112.328860596000027, -8.006118271999981, 0.0 ], [ 112.328863912000088, -8.006131731999972, 0.0 ], [ 112.328867228000036, -8.006145191999963, 0.0 ], [ 112.328870544000097, -8.006158650999964, 0.0 ], [ 112.328873860000044, -8.006172110999955, 0.0 ], [ 112.328874677000044, -8.00617542699996, 0.0 ], [ 112.328877993000106, -8.006188886999951, 0.0 ], [ 112.328881310000043, -8.006202346999942, 0.0 ], [ 112.328884626000104, -8.006215805999943, 0.0 ], [ 112.328888760000041, -8.006232581999939, 0.0 ], [ 112.328892076000102, -8.00624604199993, 0.0 ], [ 112.328895392000049, -8.006259501999978, 0.0 ], [ 112.328898708000111, -8.006272961999969, 0.0 ], [ 112.328902024000058, -8.00628642099997, 0.0 ], [ 112.32890534, -8.006299880999961, 0.0 ], [ 112.328906157, -8.006303196999966, 0.0 ], [ 112.328909473000067, -8.006316656999957, 0.0 ], [ 112.328912789000015, -8.006330116999948, 0.0 ], [ 112.328916922000076, -8.006346892999943, 0.0 ], [ 112.328920238000023, -8.006360351999945, 0.0 ], [ 112.328921055000023, -8.006363668999938, 0.0 ], [ 112.328924371000085, -8.00637712799994, 0.0 ], [ 112.328928504000032, -8.006393903999935, 0.0 ], [ 112.328931820000093, -8.006407363999926, 0.0 ], [ 112.328935136000041, -8.006420823999974, 0.0 ], [ 112.328935953000041, -8.006424139999979, 0.0 ], [ 112.328939269000102, -8.0064376, 0.0 ], [ 112.32894258500005, -8.006451058999971, 0.0 ], [ 112.328945901000111, -8.006464518999962, 0.0 ], [ 112.328946718000111, -8.006467834999967, 0.0 ], [ 112.328950034000059, -8.006481294999958, 0.0 ], [ 112.32895335, -8.006494754999949, 0.0 ], [ 112.328954167, -8.006498070999953, 0.0 ], [ 112.328957483000067, -8.006511531999934, 0.0 ], [ 112.328960799000015, -8.006524990999935, 0.0 ], [ 112.328964115000076, -8.006538450999926, 0.0 ], [ 112.328967431000024, -8.006551910999974, 0.0 ], [ 112.328970747000085, -8.006565370999965, 0.0 ], [ 112.328974063000032, -8.006578829999967, 0.0 ], [ 112.328977379000094, -8.006592289999958, 0.0 ], [ 112.328980695000041, -8.006605749999949, 0.0 ], [ 112.328984011000102, -8.00661920899995, 0.0 ], [ 112.32898732700005, -8.006632668999941, 0.0 ], [ 112.328990643000111, -8.006646128999932, 0.0 ], [ 112.328993960000048, -8.00665958899998, 0.0 ], [ 112.329000592000057, -8.006686507999973, 0.0 ], [ 112.329003908000118, -8.006699967999964, 0.0 ], [ 112.329007224000065, -8.006713427999955, 0.0 ], [ 112.329010540000013, -8.006726886999957, 0.0 ], [ 112.329013856000074, -8.006740347999937, 0.0 ], [ 112.329014673000074, -8.006743663999941, 0.0 ], [ 112.329017989000022, -8.006757123999932, 0.0 ], [ 112.329021305000083, -8.00677058399998, 0.0 ], [ 112.32902462100003, -8.006784042999925, 0.0 ], [ 112.329027937000092, -8.006797502999973, 0.0 ], [ 112.329031254000029, -8.006810962999964, 0.0 ], [ 112.32903457000009, -8.006824422999955, 0.0 ], [ 112.329037886000037, -8.006837881999957, 0.0 ], [ 112.329038703000037, -8.00684119899995, 0.0 ], [ 112.329042019000099, -8.006854657999952, 0.0 ], [ 112.329045335000046, -8.006868117999943, 0.0 ], [ 112.329046152000046, -8.006871433999947, 0.0 ], [ 112.329049468000107, -8.006884893999938, 0.0 ], [ 112.329053601000055, -8.006901669999934, 0.0 ], [ 112.329056917000116, -8.006915129999982, 0.0 ], [ 112.329060233000064, -8.006928588999926, 0.0 ], [ 112.329061050000064, -8.006931905999977, 0.0 ], [ 112.329064366000011, -8.006945364999979, 0.0 ], [ 112.329100001000029, -8.007090000999938, 0.0 ], [ 112.3294, -8.00778, 0.0 ], [ 112.329524617000061, -8.008003452999958, 0.0 ], [ 112.330022915000086, -8.008459435999953, 0.0 ], [ 112.33055115500008, -8.009644408999975, 0.0 ], [ 112.33075206400008, -8.010847937999927, 0.0 ], [ 112.330862735000096, -8.011182303999931, 0.0 ], [ 112.331283048000046, -8.01231710199994, 0.0 ], [ 112.331529999000054, -8.01283, 0.0 ], [ 112.33161, -8.013450000999967, 0.0 ], [ 112.331647985000018, -8.013889990999928, 0.0 ], [ 112.331560047000039, -8.01414634799994, 0.0 ], [ 112.331560047000039, -8.014365259999977, 0.0 ], [ 112.331730001000096, -8.01484, 0.0 ], [ 112.331950278000022, -8.0153360799999, 0.0 ], [ 112.332035938000104, -8.01586907799998, 0.0 ], [ 112.332102564000024, -8.016554362999955, 0.0 ], [ 112.332054974000016, -8.016992183999946, 0.0 ], [ 112.332159671000113, -8.017268200999979, 0.0 ], [ 112.332235813000011, -8.017506146999949, 0.0 ], [ 112.332397617000083, -8.017782164999971, 0.0 ], [ 112.332635562000064, -8.018686360999936, 0.0 ], [ 112.332635562000064, -8.019000448999975, 0.0 ], [ 112.332664116000046, -8.019190804999937, 0.0 ], [ 112.332740258000058, -8.019381162999935, 0.0 ], [ 112.332940134000069, -8.019657180999957, 0.0 ], [ 112.333035312000106, -8.019895125999938, 0.0 ], [ 112.333168561000093, -8.020666071999926, 0.0 ], [ 112.333216150000112, -8.020951606999972, 0.0 ], [ 112.333225668000068, -8.021265695999944, 0.0 ], [ 112.333244704000094, -8.021579784999972, 0.0 ], [ 112.333216150000112, -8.021874836999928, 0.0 ], [ 112.3331400080001, -8.022055676999969, 0.0 ], [ 112.333035312000106, -8.022255551999933, 0.0 ], [ 112.332923672000106, -8.022531830999981, 0.0 ], [ 112.332947485000091, -8.023161985999934, 0.0 ], [ 112.333092419000081, -8.023378656999967, 0.0 ], [ 112.33325422300004, -8.023845030999951, 0.0 ], [ 112.333273259000066, -8.024159119999979, 0.0 ], [ 112.33325422300004, -8.024378030999969, 0.0 ], [ 112.333235187000014, -8.024615977999929, 0.0 ], [ 112.333273259000066, -8.02486344099998, 0.0 ], [ 112.333349401000078, -8.025415474999932, 0.0 ], [ 112.33347789100003, -8.025843777999967, 0.0 ], [ 112.333577829000092, -8.026143590999936, 0.0 ], [ 112.333577829000092, -8.026400572999933, 0.0 ], [ 112.333577829000092, -8.026743214999954, 0.0 ], [ 112.333577829000092, -8.026957365999976, 0.0 ], [ 112.333577829000092, -8.027271455999937, 0.0 ], [ 112.333520722000117, -8.027599820999967, 0.0 ], [ 112.333449339000026, -8.027813971999933, 0.0 ], [ 112.333449339000026, -8.028170891999935, 0.0 ], [ 112.333449339000026, -8.028456426999981, 0.0 ], [ 112.333435061000046, -8.02875624, 0.0 ], [ 112.333335124000087, -8.029113157999973, 0.0 ], [ 112.33319, -8.029580000999943, 0.0 ], [ 112.332902063, -8.030137516999957, 0.0 ], [ 112.33283067800005, -8.030345719999957, 0.0 ], [ 112.332771192000109, -8.030613407999965, 0.0 ], [ 112.332759294000084, -8.03084540499998, 0.0 ], [ 112.332759294000084, -8.031362937999972, 0.0 ], [ 112.33276524300004, -8.031535449999978, 0.0 ], [ 112.332747397000048, -8.031690113999957, 0.0 ], [ 112.332705757000099, -8.031880470999965, 0.0 ], [ 112.332652218000021, -8.032029186999978, 0.0 ], [ 112.332533245000036, -8.03227308299995, 0.0 ], [ 112.332378581000057, -8.032534822999935, 0.0 ], [ 112.332283403000019, -8.032713282999964, 0.0 ], [ 112.332283403000019, -8.032915537999941, 0.0 ], [ 112.332301248000022, -8.033415223999953, 0.0 ], [ 112.332295299000066, -8.03361747799994, 0.0 ], [ 112.332313145000057, -8.033772143999954, 0.0 ], [ 112.332372633000091, -8.033920858999977, 0.0 ], [ 112.332521507000024, -8.034156530999951, 0.0 ], [ 112.332438067000112, -8.034301573999926, 0.0 ], [ 112.332378581000057, -8.034599005999951, 0.0 ], [ 112.332188223000117, -8.035068948999935, 0.0 ], [ 112.332033559000024, -8.035580533999962, 0.0 ], [ 112.331944330000056, -8.035836324999934, 0.0 ], [ 112.331878893000066, -8.036234884999942, 0.0 ], [ 112.331878893000066, -8.036419293999927, 0.0 ], [ 112.331920535000108, -8.036591803999954, 0.0 ], [ 112.331944330000056, -8.036805954999977, 0.0 ], [ 112.332045457000049, -8.03707959299993, 0.0 ], [ 112.332045457000049, -8.037222360999976, 0.0 ], [ 112.332003815, -8.037377026999934, 0.0 ], [ 112.331896739000058, -8.037567383999942, 0.0 ], [ 112.331837254000106, -8.037829123999927, 0.0 ], [ 112.331813459000045, -8.038013532999969, 0.0 ], [ 112.331777766000073, -8.038174144999971, 0.0 ], [ 112.331736127000113, -8.038352605999933, 0.0 ], [ 112.331730178000043, -8.038531065999962, 0.0 ], [ 112.331748024000035, -8.038816599999961, 0.0 ], [ 112.331777766000073, -8.038959367999951, 0.0 ], [ 112.331783715000029, -8.039119980999942, 0.0 ], [ 112.331742075000079, -8.039238953999927, 0.0 ], [ 112.331676639000079, -8.039387670999929, 0.0 ], [ 112.331664742000044, -8.039572078999981, 0.0 ], [ 112.331775331000017, -8.039604034999968, 0.0 ], [ 112.331754405000083, -8.039719797999965, 0.0 ], [ 112.331843202000073, -8.039839768999968, 0.0 ], [ 112.331843202000073, -8.039964689999977, 0.0 ], [ 112.33180751000009, -8.040101508999953, 0.0 ], [ 112.331748024000035, -8.040309711999953, 0.0 ], [ 112.331598635000091, -8.04058158, 0.0 ], [ 112.331571008000083, -8.040734425999972, 0.0 ] ] ] ] } },
{ "type": "Feature", "properties": { "OBJECTID": 116222.0, "KDPPUM": "35", "NAMOBJ": "Gadungan", "REMARK": null, "KDPBPS": null, "FCODE": "BA03070040", "LUASWH": 28.41363783, "UUPP": "Hasil Delineasi Batas Desa 2019", "SRS_ID": "SRGI 2013", "METADATA": "TASWIL1000020200326DATA_BATAS_DESA_KELURAHAN", "KDEBPS": null, "KDEPUM": "35.05.15.2002", "KDCBPS": null, "KDCPUM": "35.05.15", "KDBBPS": null, "WADMKD": "Gadungan", "WIADKD": null, "WADMKC": "Gandusari", "WIADKC": null, "WADMKK": "Blitar", "WIADKK": null, "WADMPR": "Jawa Timur", "WIADPR": null, "TIPADM": 1.0, "KDPKAB": "35.05", "SHAPE_Leng": 0.30142056187890298, "SHAPE_Area": 0.0023310623488339999 }, "geometry": { "type": "MultiPolygon", "coordinates": [ [ [ [ 112.317899999000019, -7.961750000999928, 0.0 ], [ 112.31722000100001, -7.96201, 0.0 ], [ 112.316649999000106, -7.96235, 0.0 ], [ 112.31629999900008, -7.962679998999931, 0.0 ], [ 112.316050001, -7.963210000999936, 0.0 ], [ 112.31562, -7.964600000999951, 0.0 ], [ 112.315169999000091, -7.96601, 0.0 ], [ 112.315120001000082, -7.966149998999981, 0.0 ], [ 112.315089999000065, -7.96638, 0.0 ], [ 112.31501, -7.966909998999938, 0.0 ], [ 112.315000001000044, -7.96714, 0.0 ], [ 112.31495, -7.967250000999968, 0.0 ], [ 112.314800000000105, -7.967339998999933, 0.0 ], [ 112.314670001000081, -7.967370000999949, 0.0 ], [ 112.31442000100003, -7.967230000999962, 0.0 ], [ 112.314300001000106, -7.967150000999936, 0.0 ], [ 112.314170000000104, -7.96716, 0.0 ], [ 112.313890001, -7.96749, 0.0 ], [ 112.313750001000017, -7.967660000999956, 0.0 ], [ 112.31365, -7.96791000099995, 0.0 ], [ 112.313620001000118, -7.968159998999965, 0.0 ], [ 112.31369, -7.96835, 0.0 ], [ 112.31374, -7.96862, 0.0 ], [ 112.313790001000029, -7.968839998999954, 0.0 ], [ 112.31409, -7.969260000999952, 0.0 ], [ 112.314160001, -7.969360000999927, 0.0 ], [ 112.31413, -7.969530000999953, 0.0 ], [ 112.31409, -7.969989998999949, 0.0 ], [ 112.314, -7.970370000999935, 0.0 ], [ 112.313640001000067, -7.971, 0.0 ], [ 112.31335, -7.971420000999956, 0.0 ], [ 112.313170001000117, -7.971640000999969, 0.0 ], [ 112.313040000000115, -7.97176, 0.0 ], [ 112.312990001000117, -7.97192, 0.0 ], [ 112.313070001000028, -7.972329998999953, 0.0 ], [ 112.313130001000104, -7.97256, 0.0 ], [ 112.313230001000079, -7.972690000999933, 0.0 ], [ 112.31337, -7.972779998999954, 0.0 ], [ 112.313469999000063, -7.97292, 0.0 ], [ 112.31343, -7.973229998999955, 0.0 ], [ 112.31339, -7.973639998999943, 0.0 ], [ 112.313340001000029, -7.973840000999928, 0.0 ], [ 112.313220000000115, -7.97409, 0.0 ], [ 112.313179999000113, -7.97421000099996, 0.0 ], [ 112.31329, -7.974950000999968, 0.0 ], [ 112.3133, -7.97519000099993, 0.0 ], [ 112.313220000000115, -7.975460000999931, 0.0 ], [ 112.31315999900005, -7.975620000999982, 0.0 ], [ 112.313190001000066, -7.97579000099995, 0.0 ], [ 112.313460001000067, -7.976, 0.0 ], [ 112.313640001000067, -7.97613, 0.0 ], [ 112.313710001000118, -7.976260000999957, 0.0 ], [ 112.313720000000103, -7.97647, 0.0 ], [ 112.31366, -7.976590000999977, 0.0 ], [ 112.313460001000067, -7.976699998999948, 0.0 ], [ 112.31326, -7.976750000999971, 0.0 ], [ 112.313070001000028, -7.97691, 0.0 ], [ 112.312970001000053, -7.97706999899998, 0.0 ], [ 112.31289, -7.977310000999978, 0.0 ], [ 112.312990001000117, -7.977920000999973, 0.0 ], [ 112.312990001000117, -7.97812, 0.0 ], [ 112.312809999000024, -7.97839, 0.0 ], [ 112.312560001000065, -7.978850000999955, 0.0 ], [ 112.31266000100004, -7.979170000999943, 0.0 ], [ 112.312709999000049, -7.979380000999981, 0.0 ], [ 112.312680001000103, -7.979500000999963, 0.0 ], [ 112.312330001000078, -7.979759998999953, 0.0 ], [ 112.31219000100009, -7.979910000999951, 0.0 ], [ 112.3121000000001, -7.98011, 0.0 ], [ 112.31211, -7.980200000999957, 0.0 ], [ 112.312580001000015, -7.980320000999939, 0.0 ], [ 112.312749999000062, -7.98035, 0.0 ], [ 112.312809999000024, -7.9805, 0.0 ], [ 112.312860001000104, -7.98075, 0.0 ], [ 112.31292, -7.980920000999959, 0.0 ], [ 112.31288, -7.9812, 0.0 ], [ 112.31285, -7.98131000099994, 0.0 ], [ 112.312910000000102, -7.981419998999968, 0.0 ], [ 112.313130001000104, -7.98163, 0.0 ], [ 112.31326, -7.98182000099996, 0.0 ], [ 112.31328, -7.98189, 0.0 ], [ 112.313210001000016, -7.982, 0.0 ], [ 112.31294, -7.98237, 0.0 ], [ 112.31285, -7.982520000999955, 0.0 ], [ 112.3129, -7.982649998999932, 0.0 ], [ 112.3133, -7.98289000099993, 0.0 ], [ 112.313750001000017, -7.98307000099993, 0.0 ], [ 112.31404, -7.98323, 0.0 ], [ 112.314200001000017, -7.983380000999944, 0.0 ], [ 112.31424000100003, -7.983440000999963, 0.0 ], [ 112.314309999000102, -7.983550000999969, 0.0 ], [ 112.314320001000056, -7.98367000099995, 0.0 ], [ 112.314030001000106, -7.98395, 0.0 ], [ 112.313830001000042, -7.98416999899996, 0.0 ], [ 112.31377000100008, -7.9843, 0.0 ], [ 112.31377000100008, -7.984590000999958, 0.0 ], [ 112.313890001, -7.98475, 0.0 ], [ 112.31409, -7.984920000999978, 0.0 ], [ 112.314010001000042, -7.985270000999947, 0.0 ], [ 112.313930001000017, -7.985410000999934, 0.0 ], [ 112.313400001000105, -7.985600000999966, 0.0 ], [ 112.31328, -7.985700000999941, 0.0 ], [ 112.313179999000113, -7.98596, 0.0 ], [ 112.31306, -7.9867, 0.0 ], [ 112.3129, -7.987100000999931, 0.0 ], [ 112.312809999000024, -7.987309998999933, 0.0 ], [ 112.312820001000091, -7.987510000999976, 0.0 ], [ 112.31288, -7.98761000099995, 0.0 ], [ 112.313030001000016, -7.987730000999932, 0.0 ], [ 112.313130001000104, -7.98789, 0.0 ], [ 112.313119999000037, -7.988049998999941, 0.0 ], [ 112.312809999000024, -7.988430000999927, 0.0 ], [ 112.312590000000114, -7.988640000999965, 0.0 ], [ 112.31237000100009, -7.98873, 0.0 ], [ 112.3122, -7.988749998999936, 0.0 ], [ 112.312050000000113, -7.988840000999971, 0.0 ], [ 112.311969999000098, -7.989110000999972, 0.0 ], [ 112.311909999000022, -7.98932, 0.0 ], [ 112.31166, -7.989609998999981, 0.0 ], [ 112.311530001000051, -7.98975, 0.0 ], [ 112.3115, -7.98992, 0.0 ], [ 112.31148, -7.990220000999955, 0.0 ], [ 112.311350001000051, -7.99054, 0.0 ], [ 112.311169999000072, -7.990960000999962, 0.0 ], [ 112.311149999, -7.991109998999946, 0.0 ], [ 112.311430001000076, -7.99171, 0.0 ], [ 112.31157999900006, -7.992029998999953, 0.0 ], [ 112.311610001000076, -7.99214, 0.0 ], [ 112.31148, -7.992339998999967, 0.0 ], [ 112.311149999, -7.992669998999929, 0.0 ], [ 112.310880000000111, -7.992840000999934, 0.0 ], [ 112.31049, -7.99304, 0.0 ], [ 112.310380001000112, -7.993159998999943, 0.0 ], [ 112.310349999000096, -7.99329, 0.0 ], [ 112.31054, -7.993509998999969, 0.0 ], [ 112.310700000000111, -7.99366, 0.0 ], [ 112.310779999000033, -7.993839998999931, 0.0 ], [ 112.310779999000033, -7.994200000999967, 0.0 ], [ 112.310770001000037, -7.99442000099998, 0.0 ], [ 112.311000001000025, -7.994659998999964, 0.0 ], [ 112.31127, -7.99487, 0.0 ], [ 112.311330000000112, -7.994980000999931, 0.0 ], [ 112.31136, -7.995049998999946, 0.0 ], [ 112.311470001000089, -7.99526, 0.0 ], [ 112.311570001000064, -7.99563, 0.0 ], [ 112.311619999000072, -7.996199998999941, 0.0 ], [ 112.31261, -7.997779998999931, 0.0 ], [ 112.312600001000078, -7.99798, 0.0 ], [ 112.31265, -7.998209998999926, 0.0 ], [ 112.312709999000049, -7.9984, 0.0 ], [ 112.312789999000074, -7.9993, 0.0 ], [ 112.31285, -7.99961, 0.0 ], [ 112.3129, -8.0, 0.0 ], [ 112.312930001000041, -8.000239998999973, 0.0 ], [ 112.3129, -8.000629998999955, 0.0 ], [ 112.31288, -8.000870000999953, 0.0 ], [ 112.312910000000102, -8.00147, 0.0 ], [ 112.31292, -8.001750000999948, 0.0 ], [ 112.313050001000079, -8.002129998999976, 0.0 ], [ 112.313119999000037, -8.00227, 0.0 ], [ 112.313400001000105, -8.002490000999956, 0.0 ], [ 112.31339, -8.00266, 0.0 ], [ 112.313509999000075, -8.002900000999944, 0.0 ], [ 112.313480001000016, -8.003379998999947, 0.0 ], [ 112.31341, -8.004159998999967, 0.0 ], [ 112.313400001000105, -8.00426, 0.0 ], [ 112.313230001000079, -8.004480000999934, 0.0 ], [ 112.313110001000041, -8.00466, 0.0 ], [ 112.31302, -8.004919998999981, 0.0 ], [ 112.31302, -8.005510000999948, 0.0 ], [ 112.3129, -8.005679998999938, 0.0 ], [ 112.312820001000091, -8.00579, 0.0 ], [ 112.312590000000114, -8.006310000999974, 0.0 ], [ 112.31239000100004, -8.006620000999931, 0.0 ], [ 112.312020001000064, -8.00698, 0.0 ], [ 112.311820001000115, -8.007400000999951, 0.0 ], [ 112.311650001000089, -8.00775, 0.0 ], [ 112.3114, -8.00812, 0.0 ], [ 112.311149999, -8.00852, 0.0 ], [ 112.311020001000088, -8.008910000999947, 0.0 ], [ 112.310880000000111, -8.00948, 0.0 ], [ 112.310880000000111, -8.01000000099998, 0.0 ], [ 112.310980001000075, -8.01026, 0.0 ], [ 112.3113, -8.010820000999956, 0.0 ], [ 112.311550001000114, -8.01107000099995, 0.0 ], [ 112.31192000100009, -8.01124, 0.0 ], [ 112.312680001000103, -8.011340000999951, 0.0 ], [ 112.312910000000102, -8.011340000999951, 0.0 ], [ 112.31335, -8.01131, 0.0 ], [ 112.313710001000118, -8.01137, 0.0 ], [ 112.31413, -8.01139, 0.0 ], [ 112.31458, -8.01137, 0.0 ], [ 112.315000001000044, -8.011360000999957, 0.0 ], [ 112.31555000100002, -8.01129, 0.0 ], [ 112.31616, -8.01129, 0.0 ], [ 112.31682, -8.01127, 0.0 ], [ 112.317070001000047, -8.01137, 0.0 ], [ 112.317409999, -8.011469998999928, 0.0 ], [ 112.31774, -8.011529998999947, 0.0 ], [ 112.31799, -8.01163, 0.0 ], [ 112.318289999000058, -8.011790000999952, 0.0 ], [ 112.31861999900002, -8.011990000999958, 0.0 ], [ 112.319000001000063, -8.012240000999952, 0.0 ], [ 112.31956, -8.01252, 0.0 ], [ 112.32035, -8.012490000999946, 0.0 ], [ 112.32019999900001, -8.01289, 0.0 ], [ 112.319970001000115, -8.013559998999938, 0.0 ], [ 112.319769999000073, -8.01412, 0.0 ], [ 112.3197100000001, -8.01439, 0.0 ], [ 112.319680001000052, -8.014680000999931, 0.0 ], [ 112.31961, -8.0149, 0.0 ], [ 112.319009999000059, -8.015059998999959, 0.0 ], [ 112.318920001000038, -8.015090000999976, 0.0 ], [ 112.318840001000012, -8.015360000999976, 0.0 ], [ 112.31881, -8.01553, 0.0 ], [ 112.31877, -8.015879998999935, 0.0 ], [ 112.318730001000063, -8.01639, 0.0 ], [ 112.318659999000033, -8.01691, 0.0 ], [ 112.318610001000025, -8.0175, 0.0 ], [ 112.318599999000071, -8.017709998999976, 0.0 ], [ 112.31677, -8.01850000099995, 0.0 ], [ 112.316709999000068, -8.01952, 0.0 ], [ 112.316689999, -8.02034, 0.0 ], [ 112.316680001, -8.020880000999966, 0.0 ], [ 112.316669999000055, -8.02118, 0.0 ], [ 112.316649999000106, -8.021580000999961, 0.0 ], [ 112.316620001000047, -8.02227, 0.0 ], [ 112.31653, -8.023320000999945, 0.0 ], [ 112.316420000000107, -8.02374, 0.0 ], [ 112.316070001000071, -8.023710000999927, 0.0 ], [ 112.315980001000071, -8.023690000999977, 0.0 ], [ 112.315970000000107, -8.02429000099994, 0.0 ], [ 112.315940001000058, -8.02467, 0.0 ], [ 112.315900001000045, -8.02513000099998, 0.0 ], [ 112.315889999000092, -8.02534, 0.0 ], [ 112.31571, -8.02540000099998, 0.0 ], [ 112.315539999000066, -8.02545, 0.0 ], [ 112.315519999000117, -8.025589998999976, 0.0 ], [ 112.315499999000053, -8.025720000999968, 0.0 ], [ 112.315570001000083, -8.025790000999962, 0.0 ], [ 112.31569, -8.02588, 0.0 ], [ 112.31569, -8.025990000999968, 0.0 ], [ 112.315680001000032, -8.02616, 0.0 ], [ 112.315660001000083, -8.026440000999969, 0.0 ], [ 112.31563, -8.026859998999953, 0.0 ], [ 112.31563, -8.027260000999945, 0.0 ], [ 112.31563, -8.027470000999926, 0.0 ], [ 112.315610000000106, -8.02813, 0.0 ], [ 112.315390001000083, -8.02813, 0.0 ], [ 112.31523, -8.02812, 0.0 ], [ 112.315040001000057, -8.02812, 0.0 ], [ 112.31487, -8.0282, 0.0 ], [ 112.314800000000105, -8.02826, 0.0 ], [ 112.314679999000077, -8.028350000999978, 0.0 ], [ 112.314550001000043, -8.02848, 0.0 ], [ 112.31443, -8.028840000999935, 0.0 ], [ 112.314309999000102, -8.029199998999957, 0.0 ], [ 112.314269999000089, -8.02933, 0.0 ], [ 112.31419, -8.029549998999926, 0.0 ], [ 112.31409, -8.029640000999962, 0.0 ], [ 112.31395000100008, -8.029730000999962, 0.0 ], [ 112.3138, -8.02982, 0.0 ], [ 112.313720000000103, -8.029910000999962, 0.0 ], [ 112.313730001000067, -8.03017, 0.0 ], [ 112.313730001000067, -8.030260000999931, 0.0 ], [ 112.313730001000067, -8.030340000999956, 0.0 ], [ 112.313859999000101, -8.03043, 0.0 ], [ 112.313959999000076, -8.030490000999976, 0.0 ], [ 112.31406, -8.030550000999938, 0.0 ], [ 112.314160001, -8.030610000999957, 0.0 ], [ 112.31413, -8.0308, 0.0 ], [ 112.31406, -8.030980000999932, 0.0 ], [ 112.31397000100003, -8.03124, 0.0 ], [ 112.313919999000063, -8.031370000999971, 0.0 ], [ 112.313850001000105, -8.031570000999977, 0.0 ], [ 112.31378, -8.03177, 0.0 ], [ 112.313730001000067, -8.031929998999942, 0.0 ], [ 112.31365, -8.032199998999943, 0.0 ], [ 112.313620001000118, -8.03242, 0.0 ], [ 112.313549999000088, -8.03286, 0.0 ], [ 112.313509999000075, -8.033130000999961, 0.0 ], [ 112.313440001000117, -8.033819998999945, 0.0 ], [ 112.313520001000029, -8.034120000999962, 0.0 ], [ 112.313500001000079, -8.03436, 0.0 ], [ 112.313480001000016, -8.034619998999972, 0.0 ], [ 112.31339, -8.03483, 0.0 ], [ 112.31324, -8.0353, 0.0 ], [ 112.313210001000016, -8.035580000999971, 0.0 ], [ 112.313310000000115, -8.036489998999969, 0.0 ], [ 112.31337, -8.036939998999969, 0.0 ], [ 112.31343, -8.037180000999967, 0.0 ], [ 112.313380001000041, -8.03762, 0.0 ], [ 112.31337, -8.037830000999975, 0.0 ], [ 112.313366149000103, -8.037949388999948, 0.0 ], [ 112.313479640000082, -8.038098119999972, 0.0 ], [ 112.313449898000044, -8.038181400999974, 0.0 ], [ 112.31333, -8.038350000999969, 0.0 ], [ 112.31329, -8.038559998999972, 0.0 ], [ 112.313210001000016, -8.03923999899996, 0.0 ], [ 112.313133445000062, -8.039581012999975, 0.0 ], [ 112.312926416000096, -8.03987081899993, 0.0 ], [ 112.312872877000018, -8.040037380999934, 0.0 ], [ 112.312945940000077, -8.040251110999975, 0.0 ], [ 112.313295232000087, -8.040507324999965, 0.0 ], [ 112.313521280000032, -8.040679835999981, 0.0 ], [ 112.313520001000029, -8.040910000999929, 0.0 ], [ 112.31339, -8.04113, 0.0 ], [ 112.313270000000102, -8.041470000999936, 0.0 ], [ 112.3131399990001, -8.041750000999969, 0.0 ], [ 112.313150001000054, -8.041920000999937, 0.0 ], [ 112.31326, -8.042270000999963, 0.0 ], [ 112.31337, -8.0426, 0.0 ], [ 112.313850001000105, -8.043090000999939, 0.0 ], [ 112.314, -8.043210000999977, 0.0 ], [ 112.31397000100003, -8.04335, 0.0 ], [ 112.313813217000074, -8.043486333999965, 0.0 ], [ 112.313384461000055, -8.043493546999969, 0.0 ], [ 112.313027543000089, -8.043475701999967, 0.0 ], [ 112.312866929000052, -8.043493546999969, 0.0 ], [ 112.312688470000012, -8.043624417999979, 0.0 ], [ 112.31260518900001, -8.043695802999935, 0.0 ], [ 112.312492164000105, -8.043832620999979, 0.0 ], [ 112.312432677000061, -8.044022978999976, 0.0 ], [ 112.312480267000069, -8.04418954099998, 0.0 ], [ 112.312592569000117, -8.044467031999943, 0.0 ], [ 112.312644354000099, -8.044871284999942, 0.0 ], [ 112.312530140000035, -8.044937909999931, 0.0 ], [ 112.312054249000084, -8.044937909999931, 0.0 ], [ 112.311759195000036, -8.044947426999954, 0.0 ], [ 112.311492695000084, -8.044918874999951, 0.0 ], [ 112.311179797000023, -8.044880803999945, 0.0 ], [ 112.31113756100001, -8.045007509999948, 0.0 ], [ 112.310614674000021, -8.045273413999951, 0.0 ], [ 112.310430266000026, -8.04538643799998, 0.0 ], [ 112.310358883000049, -8.045505410999965, 0.0 ], [ 112.310233961000108, -8.04554705299995, 0.0 ], [ 112.310073346000081, -8.045564897999952, 0.0 ], [ 112.309990065000079, -8.04559464099998, 0.0 ], [ 112.309835400000111, -8.045553000999973, 0.0 ], [ 112.309573660000069, -8.045475667999938, 0.0 ], [ 112.309395201000029, -8.04541618199994, 0.0 ], [ 112.308871718000091, -8.04535074599994, 0.0 ], [ 112.308733234000101, -8.044935767999959, 0.0 ], [ 112.308727285000032, -8.044810845999962, 0.0 ], [ 112.308751080000093, -8.044674027999974, 0.0 ], [ 112.308792721000032, -8.044555054999933, 0.0 ], [ 112.308881951000103, -8.044483671999956, 0.0 ], [ 112.30894738500001, -8.044394440999952, 0.0 ], [ 112.309030666000012, -8.044305210999937, 0.0 ], [ 112.309060410000029, -8.044144597999946, 0.0 ], [ 112.309066358000109, -8.044013727999925, 0.0 ], [ 112.309060410000029, -8.043870958999946, 0.0 ], [ 112.309030666000012, -8.04372224399998, 0.0 ], [ 112.308977129000027, -8.04355568099993, 0.0 ], [ 112.30894738500001, -8.043311785999947, 0.0 ], [ 112.30895333400008, -8.043145223999943, 0.0 ], [ 112.30895333400008, -8.043032198999981, 0.0 ], [ 112.308959283000036, -8.042925123999964, 0.0 ], [ 112.308989027000052, -8.042829944999937, 0.0 ], [ 112.308994976, -8.042710971999952, 0.0 ], [ 112.309006873000044, -8.04259794799998, 0.0 ], [ 112.308983078000097, -8.042467076999969, 0.0 ], [ 112.308917643000086, -8.042241029999957, 0.0 ], [ 112.308887900000059, -8.042098261999968, 0.0 ], [ 112.308870053000078, -8.041961441999945, 0.0 ], [ 112.308870053000078, -8.041753238999945, 0.0 ], [ 112.308876002000034, -8.041628316999947, 0.0 ], [ 112.308846258000017, -8.041515292999975, 0.0 ], [ 112.308762977000015, -8.041402268999946, 0.0 ], [ 112.30870944000003, -8.041289243999927, 0.0 ], [ 112.308608312000047, -8.040997759999925, 0.0 ], [ 112.308608312000047, -8.040795505999938, 0.0 ], [ 112.308596416000114, -8.040682481999966, 0.0 ], [ 112.308590467000045, -8.040545663999978, 0.0 ], [ 112.308649953000099, -8.040438587999972, 0.0 ], [ 112.308673748000047, -8.040295819999926, 0.0 ], [ 112.308620209000082, -8.040153051999937, 0.0 ], [ 112.308614261000116, -8.039998387999958, 0.0 ], [ 112.308596416000114, -8.039665262999961, 0.0 ], [ 112.30857857, -8.039445162999925, 0.0 ], [ 112.308525031000045, -8.039302393999947, 0.0 ], [ 112.308477443000015, -8.039141781999945, 0.0 ], [ 112.308340623000049, -8.039082293999968, 0.0 ], [ 112.308191906000047, -8.039016859999947, 0.0 ], [ 112.308066986000085, -8.038790809999966, 0.0 ], [ 112.307995601000016, -8.038725375999945, 0.0 ], [ 112.307787398000073, -8.038689682999973, 0.0 ], [ 112.307710066000027, -8.03860640299996, 0.0 ], [ 112.30768627100008, -8.038166202999946, 0.0 ], [ 112.307710066000027, -8.038053177999927, 0.0 ], [ 112.306440001000055, -8.038080000999969, 0.0 ], [ 112.306282389000103, -8.038082920999955, 0.0 ], [ 112.306187211000065, -8.037958, 0.0 ], [ 112.306157468000038, -8.037862820999976, 0.0 ], [ 112.306115827000099, -8.037767642999938, 0.0 ], [ 112.306086083000082, -8.037660566999932, 0.0 ], [ 112.306038495000053, -8.037559439999939, 0.0 ], [ 112.305973059000053, -8.037458312999945, 0.0 ], [ 112.305913574000101, -8.037392876999945, 0.0 ], [ 112.305836241000065, -8.037148981999962, 0.0 ], [ 112.30576485600011, -8.036637397999925, 0.0 ], [ 112.30571726800008, -8.036357811999949, 0.0 ], [ 112.305645883000011, -8.036185299999943, 0.0 ], [ 112.305515014000093, -8.036131761999968, 0.0 ], [ 112.305431732000102, -8.036102018999941, 0.0 ], [ 112.305336553000075, -8.036060379999981, 0.0 ], [ 112.30521758000009, -8.036012788999926, 0.0 ], [ 112.30514619600001, -8.0358759699999, 0.0 ], [ 112.305116453000096, -8.035804586999973, 0.0 ], [ 112.305092660000014, -8.035661818999927, 0.0 ], [ 112.305098607000104, -8.035602331999939, 0.0 ], [ 112.305068865000067, -8.035465512999963, 0.0 ], [ 112.305033172000094, -8.035382231999961, 0.0 ], [ 112.304955841000037, -8.035275155999955, 0.0 ], [ 112.304930189000061, -8.035187212999972, 0.0 ], [ 112.304807123000046, -8.034823058999962, 0.0 ], [ 112.304735740000069, -8.034424498999954, 0.0 ], [ 112.304700047000097, -8.034269834999975, 0.0 ], [ 112.304616766000095, -8.034067579999942, 0.0 ], [ 112.304551332000074, -8.033865325999955, 0.0 ], [ 112.304539435000038, -8.03377609599994, 0.0 ], [ 112.304569177000076, -8.033651173999942, 0.0 ], [ 112.304741689000025, -8.033335895999926, 0.0 ], [ 112.30479522600001, -8.033127692999926, 0.0 ], [ 112.304789277000054, -8.032943284999931, 0.0 ], [ 112.304711945, -8.032675594999944, 0.0 ], [ 112.304610818000015, -8.032443598999976, 0.0 ], [ 112.304461177, -8.032237578999968, 0.0 ], [ 112.304370001000052, -8.032259998999962, 0.0 ], [ 112.30416999900001, -8.032199998999943, 0.0 ], [ 112.304093687000091, -8.032186238999941, 0.0 ], [ 112.303899161000118, -8.032105634999937, 0.0 ], [ 112.303632185000083, -8.032019261999949, 0.0 ], [ 112.303242430000068, -8.032152035999957, 0.0 ], [ 112.30296046300009, -8.032369754999934, 0.0 ], [ 112.302620001000037, -8.032660000999954, 0.0 ], [ 112.302509999000108, -8.032729998999969, 0.0 ], [ 112.30312308200007, -8.031495919999941, 0.0 ], [ 112.303207034000025, -8.031332592999945, 0.0 ], [ 112.303291766000029, -8.030721683999957, 0.0 ], [ 112.303377425, -8.029929322999976, 0.0 ], [ 112.303444051000042, -8.029179792999969, 0.0 ], [ 112.303472605000024, -8.028851427999939, 0.0 ], [ 112.30362022700001, -8.02769663, 0.0 ], [ 112.303689136000116, -8.027117989999965, 0.0 ], [ 112.304088884000066, -8.025590374999979, 0.0 ], [ 112.30475656200008, -8.024143424999977, 0.0 ], [ 112.304869586000109, -8.022126831999969, 0.0 ], [ 112.30451176400004, -8.021983747999968, 0.0 ], [ 112.302794586, -8.021536011999956, 0.0 ], [ 112.301533472000074, -8.021238578999942, 0.0 ], [ 112.299844055000108, -8.020834070999967, 0.0 ], [ 112.298773297000025, -8.020489048999934, 0.0 ], [ 112.297559773000103, -8.020060745999956, 0.0 ], [ 112.297405107000031, -8.020013157999927, 0.0 ], [ 112.296084506000057, -8.019656237999925, 0.0 ], [ 112.294597343000078, -8.019144653999945, 0.0 ], [ 112.293062592000069, -8.01860927499996, 0.0 ], [ 112.290921076000018, -8.017943025999955, 0.0 ], [ 112.289362530000062, -8.017550415999949, 0.0 ], [ 112.288791458000105, -8.017431441999975, 0.0 ], [ 112.288327463000087, -8.017312467999943, 0.0 ], [ 112.285158379000109, -8.016463370999929, 0.0 ], [ 112.285170000000107, -8.01636, 0.0 ], [ 112.28523, -8.015409998999928, 0.0 ], [ 112.28525, -8.015019998999946, 0.0 ], [ 112.28530000100011, -8.014299998999945, 0.0 ], [ 112.284620001, -8.014190000999974, 0.0 ], [ 112.284000000000106, -8.014130000999955, 0.0 ], [ 112.282969999000102, -8.01412, 0.0 ], [ 112.28118, -8.014460000999975, 0.0 ], [ 112.28047, -8.01482, 0.0 ], [ 112.27962, -8.015469998999947, 0.0 ], [ 112.278329999000107, -8.015730000999952, 0.0 ], [ 112.277463512000054, -8.014912743999957, 0.0 ], [ 112.277489999000068, -8.01483, 0.0 ], [ 112.277500199000087, -8.014513153999928, 0.0 ], [ 112.278090813000063, -8.013797207999971, 0.0 ], [ 112.278332013000067, -8.013422241999933, 0.0 ], [ 112.27852, -8.013129998999943, 0.0 ], [ 112.278564935000077, -8.013051362999931, 0.0 ], [ 112.2788, -8.01263999899993, 0.0 ], [ 112.279519999000058, -8.01208, 0.0 ], [ 112.279774642, -8.011251514999969, 0.0 ], [ 112.27992838900002, -8.010751296999956, 0.0 ], [ 112.279938603, -8.010718065999981, 0.0 ], [ 112.279962748000116, -8.01063950799994, 0.0 ], [ 112.280116420000013, -8.01013953599994, 0.0 ], [ 112.28023, -8.00977, 0.0 ], [ 112.280029585000079, -8.009323619999975, 0.0 ], [ 112.28001, -8.00928, 0.0 ], [ 112.27957, -8.008759998999949, 0.0 ], [ 112.279423953000105, -8.008613951999962, 0.0 ], [ 112.279058574000032, -8.008248573999936, 0.0 ], [ 112.278963233000013, -8.00818493, 0.0 ], [ 112.278963230000045, -8.008184893999953, 0.0 ], [ 112.27896, -8.00815, 0.0 ], [ 112.278915966000113, -8.007746830999963, 0.0 ], [ 112.278858373000048, -8.007219526999961, 0.0 ], [ 112.278755964000084, -8.006729424999946, 0.0 ], [ 112.278691811000044, -8.006422407999935, 0.0 ], [ 112.278760325, -8.005933023999944, 0.0 ], [ 112.278752337000014, -8.005834509999943, 0.0 ], [ 112.27865336900004, -8.005508086999953, 0.0 ], [ 112.278805610000063, -8.005045018999965, 0.0 ], [ 112.27885, -8.00491, 0.0 ], [ 112.278969086000075, -8.004671827999971, 0.0 ], [ 112.27912999900002, -8.00435, 0.0 ], [ 112.27925, -8.0035, 0.0 ], [ 112.27918000000011, -8.00343, 0.0 ], [ 112.278980284000113, -8.002515523999932, 0.0 ], [ 112.27889657500009, -8.002132230999962, 0.0 ], [ 112.278991754000117, -8.00163254399996, 0.0 ], [ 112.279022720000057, -8.001517968999963, 0.0 ], [ 112.279229700000087, -8.000752142999943, 0.0 ], [ 112.279306401000099, -7.999803842999938, 0.0 ], [ 112.279323351000016, -7.999594276999971, 0.0 ], [ 112.279491440000015, -7.997516076999943, 0.0 ], [ 112.279491440000015, -7.99680223799993, 0.0 ], [ 112.279634208000061, -7.99563630199998, 0.0 ], [ 112.280086306000044, -7.994470365999973, 0.0 ], [ 112.280348046000086, -7.993494786999975, 0.0 ], [ 112.280490814000018, -7.992495413999961, 0.0 ], [ 112.28056082, -7.992245393999951, 0.0 ], [ 112.28083777900008, -7.991256254999939, 0.0 ], [ 112.280990501000019, -7.990710817999968, 0.0 ], [ 112.281204652000042, -7.989996979999944, 0.0 ], [ 112.281204652000042, -7.989425908999976, 0.0 ], [ 112.281157063000023, -7.988973811999927, 0.0 ], [ 112.281014295000091, -7.988521713999944, 0.0 ], [ 112.280847733000087, -7.987855464999939, 0.0 ], [ 112.28095887500001, -7.987388668999927, 0.0 ], [ 112.280966706000072, -7.987355777999937, 0.0 ], [ 112.281504794000057, -7.986997051999936, 0.0 ], [ 112.28153777700004, -7.986975063999978, 0.0 ], [ 112.281894696000109, -7.986618144999966, 0.0 ], [ 112.282299204000083, -7.98623743099995, 0.0 ], [ 112.282370588000049, -7.985428414999944, 0.0 ], [ 112.282370588000049, -7.984833548999973, 0.0 ], [ 112.282344888000011, -7.984460904999935, 0.0 ], [ 112.28232299900003, -7.984143505999953, 0.0 ], [ 112.282061258000113, -7.982929980999927, 0.0 ], [ 112.28177572300001, -7.981906811999977, 0.0 ], [ 112.281157063000023, -7.980479135999929, 0.0 ], [ 112.280831789000104, -7.979732917999968, 0.0 ], [ 112.280752555000049, -7.979551145999949, 0.0 ], [ 112.280419430000052, -7.978861101999939, 0.0 ], [ 112.280241059000105, -7.978459765999958, 0.0 ], [ 112.2802290730001, -7.978432798999961, 0.0 ], [ 112.279776976000107, -7.977623782999956, 0.0 ], [ 112.27962, -7.97658, 0.0 ], [ 112.27982, -7.975859998999965, 0.0 ], [ 112.28001, -7.9753, 0.0 ], [ 112.28038, -7.9747, 0.0 ], [ 112.28087, -7.9741, 0.0 ], [ 112.281300000000101, -7.97341, 0.0 ], [ 112.281520000000114, -7.9727, 0.0 ], [ 112.28163, -7.97197, 0.0 ], [ 112.28164, -7.97073, 0.0 ], [ 112.28174, -7.97008, 0.0 ], [ 112.28185, -7.96955, 0.0 ], [ 112.282110000000102, -7.96905, 0.0 ], [ 112.28236, -7.968819998999948, 0.0 ], [ 112.28286, -7.96823, 0.0 ], [ 112.283153602000084, -7.967781441999932, 0.0 ], [ 112.28322, -7.96768, 0.0 ], [ 112.28361, -7.96704, 0.0 ], [ 112.284179999000116, -7.96624, 0.0 ], [ 112.2847, -7.96536, 0.0 ], [ 112.28506, -7.9648, 0.0 ], [ 112.285389999000017, -7.96445, 0.0 ], [ 112.285779999000056, -7.96415, 0.0 ], [ 112.28633000100001, -7.96369, 0.0 ], [ 112.286630001000049, -7.96321, 0.0 ], [ 112.286748948000081, -7.962938796999936, 0.0 ], [ 112.2868800010001, -7.962639998999975, 0.0 ], [ 112.287410462000025, -7.962657680999939, 0.0 ], [ 112.287480001000063, -7.962659998999925, 0.0 ], [ 112.28781, -7.96269, 0.0 ], [ 112.2882, -7.96271, 0.0 ], [ 112.288429999000073, -7.96267, 0.0 ], [ 112.288680000000113, -7.96248, 0.0 ], [ 112.288899999000023, -7.962269998999943, 0.0 ], [ 112.28907, -7.96218, 0.0 ], [ 112.289510001000053, -7.96212, 0.0 ], [ 112.28982, -7.9621, 0.0 ], [ 112.290410001000055, -7.96207, 0.0 ], [ 112.290820001000043, -7.962, 0.0 ], [ 112.290880001, -7.96198, 0.0 ], [ 112.29099, -7.96177, 0.0 ], [ 112.291070001000094, -7.96168, 0.0 ], [ 112.291640001000019, -7.9616, 0.0 ], [ 112.291999999000041, -7.96155, 0.0 ], [ 112.29291, -7.96129, 0.0 ], [ 112.293140001000097, -7.96123, 0.0 ], [ 112.29407, -7.96111, 0.0 ], [ 112.294470001000036, -7.96107, 0.0 ], [ 112.29485000000011, -7.96091, 0.0 ], [ 112.29532000100005, -7.9606, 0.0 ], [ 112.295540001000063, -7.96047, 0.0 ], [ 112.295890001000089, -7.96042, 0.0 ], [ 112.29606, -7.96038, 0.0 ], [ 112.296380001000102, -7.960299998999972, 0.0 ], [ 112.297720001000016, -7.959809998999958, 0.0 ], [ 112.29838436700004, -7.959525270999961, 0.0 ], [ 112.29968, -7.95897, 0.0 ], [ 112.301100001, -7.9583, 0.0 ], [ 112.30258999900002, -7.95724, 0.0 ], [ 112.303550001000076, -7.956319998999959, 0.0 ], [ 112.30481, -7.95498, 0.0 ], [ 112.3059, -7.95351, 0.0 ], [ 112.30744, -7.95174, 0.0 ], [ 112.30785, -7.951209998999957, 0.0 ], [ 112.3082, -7.95059, 0.0 ], [ 112.308530001, -7.95, 0.0 ], [ 112.309110001000022, -7.94881, 0.0 ], [ 112.309560001000023, -7.94773, 0.0 ], [ 112.30979000100001, -7.947019998999963, 0.0 ], [ 112.31014, -7.94604, 0.0 ], [ 112.310500001000037, -7.94487, 0.0 ], [ 112.31092, -7.94387, 0.0 ], [ 112.311160001000076, -7.94285, 0.0 ], [ 112.311370001000114, -7.94136, 0.0 ], [ 112.311590001000013, -7.94038, 0.0 ], [ 112.31185, -7.93853, 0.0 ], [ 112.311969999000098, -7.93784, 0.0 ], [ 112.312140000000113, -7.937229998999953, 0.0 ], [ 112.312640001000091, -7.93644, 0.0 ], [ 112.313310000000115, -7.935689998999976, 0.0 ], [ 112.313220000000115, -7.936630000999969, 0.0 ], [ 112.313210001000016, -7.936730000999944, 0.0 ], [ 112.313220000000115, -7.937169998999934, 0.0 ], [ 112.313190001000066, -7.93746, 0.0 ], [ 112.313130001000104, -7.937740000999952, 0.0 ], [ 112.313040000000115, -7.93802999899998, 0.0 ], [ 112.313000000000102, -7.938339998999936, 0.0 ], [ 112.313000000000102, -7.938470000999928, 0.0 ], [ 112.313079999000024, -7.938789998999937, 0.0 ], [ 112.313110001000041, -7.939010000999929, 0.0 ], [ 112.313150001000054, -7.939230000999942, 0.0 ], [ 112.313179999000113, -7.939380000999961, 0.0 ], [ 112.3133, -7.93972, 0.0 ], [ 112.313380001000041, -7.94017, 0.0 ], [ 112.313420001000054, -7.940369998999927, 0.0 ], [ 112.313500001000079, -7.940710000999957, 0.0 ], [ 112.313529999000025, -7.94099, 0.0 ], [ 112.313540001000092, -7.941049998999972, 0.0 ], [ 112.313730001000067, -7.941479998999966, 0.0 ], [ 112.313830001000042, -7.94173, 0.0 ], [ 112.313830001000042, -7.941889998999955, 0.0 ], [ 112.3138, -7.942050000999927, 0.0 ], [ 112.313890001, -7.942190000999972, 0.0 ], [ 112.314100001000043, -7.94239, 0.0 ], [ 112.314200001000017, -7.942580000999953, 0.0 ], [ 112.314200001000017, -7.94284, 0.0 ], [ 112.31407, -7.943389998999976, 0.0 ], [ 112.31397000100003, -7.94362, 0.0 ], [ 112.313899999000114, -7.94381999899997, 0.0 ], [ 112.313879999000051, -7.94398, 0.0 ], [ 112.313870001000055, -7.944100000999981, 0.0 ], [ 112.313879999000051, -7.944280000999981, 0.0 ], [ 112.313879999000051, -7.94435, 0.0 ], [ 112.313879999000051, -7.944410000999937, 0.0 ], [ 112.313870001000055, -7.9445, 0.0 ], [ 112.313899999000114, -7.944639998999946, 0.0 ], [ 112.31402, -7.94489, 0.0 ], [ 112.314160001, -7.945310000999939, 0.0 ], [ 112.314260001000093, -7.94559, 0.0 ], [ 112.314269999000089, -7.945860000999971, 0.0 ], [ 112.314320001000056, -7.946170000999928, 0.0 ], [ 112.314369999000064, -7.946380000999966, 0.0 ], [ 112.31446, -7.946480000999941, 0.0 ], [ 112.314710001000094, -7.946569998999962, 0.0 ], [ 112.315069999000116, -7.946649998999931, 0.0 ], [ 112.31555000100002, -7.94676, 0.0 ], [ 112.31582000100002, -7.946899998999982, 0.0 ], [ 112.315900001000045, -7.946950000999948, 0.0 ], [ 112.316060000000107, -7.94715, 0.0 ], [ 112.316279999000017, -7.94752, 0.0 ], [ 112.316350001000046, -7.94762, 0.0 ], [ 112.31655, -7.9479, 0.0 ], [ 112.316629999000043, -7.948000000999969, 0.0 ], [ 112.31693000100006, -7.948450000999969, 0.0 ], [ 112.316960000000108, -7.948499998999978, 0.0 ], [ 112.317079999000043, -7.948700000999963, 0.0 ], [ 112.31717, -7.94883, 0.0 ], [ 112.317230000000109, -7.948960000999932, 0.0 ], [ 112.31727, -7.949110000999951, 0.0 ], [ 112.317320001000098, -7.949270000999945, 0.0 ], [ 112.317320001000098, -7.94945, 0.0 ], [ 112.317300001000035, -7.949649998999973, 0.0 ], [ 112.31729, -7.949729998999942, 0.0 ], [ 112.317260001000022, -7.94988, 0.0 ], [ 112.317230000000109, -7.950079998999968, 0.0 ], [ 112.31721, -7.95015000099994, 0.0 ], [ 112.31713000100001, -7.950320000999966, 0.0 ], [ 112.317070001000047, -7.950460000999954, 0.0 ], [ 112.317079999000043, -7.95059, 0.0 ], [ 112.31722000100001, -7.950859998999931, 0.0 ], [ 112.317409999, -7.951209998999957, 0.0 ], [ 112.317890001000023, -7.95174, 0.0 ], [ 112.31833, -7.952100000999963, 0.0 ], [ 112.318530001000113, -7.95233000099995, 0.0 ], [ 112.318760000000111, -7.952720000999932, 0.0 ], [ 112.318920001000038, -7.953199998999935, 0.0 ], [ 112.318989999000109, -7.953549998999961, 0.0 ], [ 112.318969999000046, -7.95384, 0.0 ], [ 112.318579999, -7.954320000999928, 0.0 ], [ 112.318450001000087, -7.954469998999969, 0.0 ], [ 112.31838, -7.9549, 0.0 ], [ 112.31839, -7.955100000999948, 0.0 ], [ 112.31879, -7.9557, 0.0 ], [ 112.31891, -7.955880000999969, 0.0 ], [ 112.318949999000097, -7.95613, 0.0 ], [ 112.31872, -7.95685, 0.0 ], [ 112.318710001000113, -7.957070000999977, 0.0 ], [ 112.3187, -7.957230000999971, 0.0 ], [ 112.318949999000097, -7.957569998999929, 0.0 ], [ 112.31916, -7.957750000999965, 0.0 ], [ 112.319350001000089, -7.957899998999949, 0.0 ], [ 112.31943999900011, -7.95813, 0.0 ], [ 112.319430001000114, -7.95836000099996, 0.0 ], [ 112.319370001000038, -7.958490000999973, 0.0 ], [ 112.3186700010001, -7.959089998999957, 0.0 ], [ 112.318320001000075, -7.95932, 0.0 ], [ 112.318060001000049, -7.959439998999926, 0.0 ], [ 112.31792, -7.95958, 0.0 ], [ 112.317730001000086, -7.96021000099995, 0.0 ], [ 112.31772, -7.9604, 0.0 ], [ 112.31787999900007, -7.960600000999932, 0.0 ], [ 112.31797, -7.96070999899996, 0.0 ], [ 112.31792, -7.96127, 0.0 ], [ 112.317899999000019, -7.961750000999928, 0.0 ] ] ] ] } },
{ "type": "Feature", "properties": { "OBJECTID": 116224.0, "KDPPUM": "35", "NAMOBJ": "Krisik", "REMARK": null, "KDPBPS": null, "FCODE": "BA03070040", "LUASWH": 23.88787542, "UUPP": "Hasil Delineasi Batas Desa 2019", "SRS_ID": "SRGI 2013", "METADATA": "TASWIL1000020200326DATA_BATAS_DESA_KELURAHAN", "KDEBPS": null, "KDEPUM": "35.05.15.2014", "KDCBPS": null, "KDCPUM": "35.05.15", "KDBBPS": null, "WADMKD": "Krisik", "WIADKD": null, "WADMKC": "Gandusari", "WIADKC": null, "WADMKK": "Blitar", "WIADKK": null, "WADMPR": "Jawa Timur", "WIADPR": null, "TIPADM": 1.0, "KDPKAB": "35.05", "SHAPE_Leng": 0.29258927585591399, "SHAPE_Area": 0.0019594376634220001 }, "geometry": { "type": "MultiPolygon", "coordinates": [ [ [ [ 112.41597, -7.959860000999981, 0.0 ], [ 112.41426, -7.959900000999937, 0.0 ], [ 112.41207, -7.960319998999978, 0.0 ], [ 112.410230001000059, -7.960970000999964, 0.0 ], [ 112.409040001000108, -7.96159, 0.0 ], [ 112.408200001000068, -7.961879998999962, 0.0 ], [ 112.407460001000118, -7.962650000999929, 0.0 ], [ 112.406660001000091, -7.963390000999937, 0.0 ], [ 112.40534, -7.964170000999957, 0.0 ], [ 112.40447, -7.964529998999978, 0.0 ], [ 112.40298, -7.96476, 0.0 ], [ 112.40127, -7.964990000999933, 0.0 ], [ 112.399170001000016, -7.965030000999946, 0.0 ], [ 112.3974, -7.964999998999929, 0.0 ], [ 112.396400001000075, -7.96523, 0.0 ], [ 112.39588, -7.96552, 0.0 ], [ 112.395110001000035, -7.96601, 0.0 ], [ 112.39434, -7.966590000999929, 0.0 ], [ 112.39321, -7.967230000999962, 0.0 ], [ 112.39228, -7.967649998999946, 0.0 ], [ 112.391530000000103, -7.967950000999963, 0.0 ], [ 112.389730001000089, -7.968400000999964, 0.0 ], [ 112.388210001000061, -7.968790000999945, 0.0 ], [ 112.38731000100006, -7.969340000999978, 0.0 ], [ 112.38647, -7.969960000999947, 0.0 ], [ 112.385770001000083, -7.97057, 0.0 ], [ 112.385090001000094, -7.97093, 0.0 ], [ 112.38435000100003, -7.97112, 0.0 ], [ 112.382440001000077, -7.97151, 0.0 ], [ 112.381350000000111, -7.971609998999952, 0.0 ], [ 112.38054000000011, -7.97171, 0.0 ], [ 112.37983, -7.97188, 0.0 ], [ 112.378990001000034, -7.9721, 0.0 ], [ 112.378150001000108, -7.972329998999953, 0.0 ], [ 112.377480001000094, -7.97262, 0.0 ], [ 112.375500000000102, -7.973189998999942, 0.0 ], [ 112.37516000100004, -7.973280000999978, 0.0 ], [ 112.374999999000011, -7.973370000999978, 0.0 ], [ 112.374690000000101, -7.973550000999978, 0.0 ], [ 112.37431, -7.973639998999943, 0.0 ], [ 112.37396, -7.97372, 0.0 ], [ 112.37369, -7.973800000999972, 0.0 ], [ 112.373410001000025, -7.97373, 0.0 ], [ 112.373190001000012, -7.973590000999934, 0.0 ], [ 112.373009999000033, -7.973450000999946, 0.0 ], [ 112.37294999900007, -7.97343000099994, 0.0 ], [ 112.37289, -7.97346, 0.0 ], [ 112.3728400010001, -7.97338, 0.0 ], [ 112.37275000000011, -7.973249998999961, 0.0 ], [ 112.372639999000057, -7.973120000999927, 0.0 ], [ 112.372599999000045, -7.973020000999952, 0.0 ], [ 112.372670001000074, -7.97279999899996, 0.0 ], [ 112.37278, -7.97262, 0.0 ], [ 112.37287, -7.97252, 0.0 ], [ 112.37287, -7.972369998999966, 0.0 ], [ 112.372599999000045, -7.97234999899996, 0.0 ], [ 112.37246, -7.972329998999953, 0.0 ], [ 112.372390000000109, -7.972260000999938, 0.0 ], [ 112.372289999000031, -7.97225, 0.0 ], [ 112.372229999000069, -7.9721, 0.0 ], [ 112.371940000000109, -7.970330000999979, 0.0 ], [ 112.371630001000085, -7.9703, 0.0 ], [ 112.371220001000097, -7.97015, 0.0 ], [ 112.370890001000021, -7.97015, 0.0 ], [ 112.370130001, -7.97027000099996, 0.0 ], [ 112.369980001000044, -7.970089998999981, 0.0 ], [ 112.369780001000095, -7.969989998999949, 0.0 ], [ 112.36965021200001, -7.969919206999975, 0.0 ], [ 112.369285512000033, -7.96907607199995, 0.0 ], [ 112.366810873000077, -7.969177198999944, 0.0 ], [ 112.366644310000083, -7.969272377999971, 0.0 ], [ 112.366465851000044, -7.969248583999956, 0.0 ], [ 112.366216007000048, -7.969373504999965, 0.0 ], [ 112.365972113000112, -7.969522220999977, 0.0 ], [ 112.365722269000116, -7.969664989999956, 0.0 ], [ 112.365174993000096, -7.969813704999979, 0.0 ], [ 112.364806733000023, -7.969835041999943, 0.0 ], [ 112.364578305, -7.969968291999976, 0.0 ], [ 112.364340358000049, -7.970111058999976, 0.0 ], [ 112.36393109100004, -7.970396594999954, 0.0 ], [ 112.363712180000107, -7.970596468999929, 0.0 ], [ 112.363531341000112, -7.970805861999963, 0.0 ], [ 112.36349326900006, -7.971034288999931, 0.0 ], [ 112.36349326900006, -7.971234164999942, 0.0 ], [ 112.363483752000093, -7.971510182999964, 0.0 ], [ 112.363340984000047, -7.971795716999964, 0.0 ], [ 112.363179180000088, -7.971976556999948, 0.0 ], [ 112.363007859000049, -7.972081251999953, 0.0 ], [ 112.362886507000098, -7.972202605999939, 0.0 ], [ 112.362729462000061, -7.972259712999971, 0.0 ], [ 112.362658080000074, -7.972373926999978, 0.0 ], [ 112.362679494000076, -7.97250241699993, 0.0 ], [ 112.362815124, -7.972623768999938, 0.0 ], [ 112.362929338000072, -7.972780813999975, 0.0 ], [ 112.362957891000065, -7.972916443999964, 0.0 ], [ 112.362972168000056, -7.973094902999946, 0.0 ], [ 112.36306, -7.973350000999972, 0.0 ], [ 112.362900001000071, -7.97336, 0.0 ], [ 112.36273, -7.97338, 0.0 ], [ 112.362660001000108, -7.973370000999978, 0.0 ], [ 112.36178, -7.973200000999952, 0.0 ], [ 112.361710001, -7.973220000999959, 0.0 ], [ 112.36146, -7.973260000999971, 0.0 ], [ 112.361269999000115, -7.973220000999959, 0.0 ], [ 112.36096, -7.973169998999936, 0.0 ], [ 112.36039, -7.973450000999946, 0.0 ], [ 112.36027, -7.973530000999972, 0.0 ], [ 112.359769999000036, -7.97297, 0.0 ], [ 112.35958000100004, -7.972710000999939, 0.0 ], [ 112.359000001000027, -7.97151, 0.0 ], [ 112.35883, -7.970829998999932, 0.0 ], [ 112.358720001000052, -7.970370000999935, 0.0 ], [ 112.35862, -7.970080000999928, 0.0 ], [ 112.358490001000064, -7.96979, 0.0 ], [ 112.35842, -7.969630000999928, 0.0 ], [ 112.3583, -7.969329998999967, 0.0 ], [ 112.35803, -7.96874, 0.0 ], [ 112.357850001000088, -7.96829, 0.0 ], [ 112.35764, -7.967299998999977, 0.0 ], [ 112.3575, -7.967170000999943, 0.0 ], [ 112.356930001000023, -7.966760000999955, 0.0 ], [ 112.35615000100006, -7.966069998999956, 0.0 ], [ 112.35586000100011, -7.965850000999978, 0.0 ], [ 112.35486000100002, -7.96512, 0.0 ], [ 112.354510001000108, -7.96466000099997, 0.0 ], [ 112.354249999000103, -7.96428, 0.0 ], [ 112.353950001000044, -7.96402, 0.0 ], [ 112.353570000000104, -7.963800000999981, 0.0 ], [ 112.353150001000017, -7.96355, 0.0 ], [ 112.35275, -7.96319000099993, 0.0 ], [ 112.352170001000104, -7.962650000999929, 0.0 ], [ 112.351849999000024, -7.962450000999979, 0.0 ], [ 112.35125, -7.96205, 0.0 ], [ 112.350590001000114, -7.96127, 0.0 ], [ 112.35043, -7.96082, 0.0 ], [ 112.350389999000072, -7.960589998999978, 0.0 ], [ 112.350260001000038, -7.95997, 0.0 ], [ 112.350180001000012, -7.95969, 0.0 ], [ 112.349890001000063, -7.959149998999976, 0.0 ], [ 112.349620001000062, -7.9588, 0.0 ], [ 112.349190001000011, -7.95845, 0.0 ], [ 112.349110001000099, -7.958280000999935, 0.0 ], [ 112.34896, -7.957899998999949, 0.0 ], [ 112.348680001000048, -7.95731, 0.0 ], [ 112.34851, -7.95687, 0.0 ], [ 112.34828, -7.956560000999957, 0.0 ], [ 112.34818, -7.956399998999927, 0.0 ], [ 112.34814, -7.956230000999938, 0.0 ], [ 112.348020001, -7.955929998999977, 0.0 ], [ 112.347949999000093, -7.95582000099995, 0.0 ], [ 112.34790999900008, -7.955760000999931, 0.0 ], [ 112.347570001, -7.95533, 0.0 ], [ 112.34734, -7.95522000099993, 0.0 ], [ 112.34699, -7.955129998999951, 0.0 ], [ 112.346460001000082, -7.954960000999961, 0.0 ], [ 112.34549, -7.954329998999981, 0.0 ], [ 112.34540000100003, -7.954200000999947, 0.0 ], [ 112.345219999000051, -7.953870000999927, 0.0 ], [ 112.345030001000055, -7.953660000999946, 0.0 ], [ 112.34473, -7.953270000999964, 0.0 ], [ 112.344660001000079, -7.95295, 0.0 ], [ 112.344519999000113, -7.95257, 0.0 ], [ 112.344350001000066, -7.952080000999956, 0.0 ], [ 112.34391, -7.95107, 0.0 ], [ 112.343719999000086, -7.95065, 0.0 ], [ 112.343480000000113, -7.94998, 0.0 ], [ 112.343269999000086, -7.949299998999948, 0.0 ], [ 112.3431700000001, -7.94922, 0.0 ], [ 112.34304, -7.94918, 0.0 ], [ 112.342760000000112, -7.949210000999926, 0.0 ], [ 112.342220000000111, -7.949290000999952, 0.0 ], [ 112.341800001000024, -7.949230000999933, 0.0 ], [ 112.34142, -7.94914, 0.0 ], [ 112.34101, -7.94903, 0.0 ], [ 112.340780001000098, -7.948860000999957, 0.0 ], [ 112.34023, -7.94838, 0.0 ], [ 112.340020001000084, -7.948129998999946, 0.0 ], [ 112.339940001000059, -7.9479, 0.0 ], [ 112.339970000000108, -7.94764, 0.0 ], [ 112.340089999000043, -7.947389998999938, 0.0 ], [ 112.340490001000035, -7.946660000999941, 0.0 ], [ 112.34067, -7.94631, 0.0 ], [ 112.34066, -7.946219998999936, 0.0 ], [ 112.340550001000111, -7.94606, 0.0 ], [ 112.340180001000022, -7.94561, 0.0 ], [ 112.339730001000021, -7.945190000999958, 0.0 ], [ 112.339389999000105, -7.944969998999966, 0.0 ], [ 112.338549999000065, -7.94452, 0.0 ], [ 112.33833, -7.94437, 0.0 ], [ 112.338130001000081, -7.944320000999937, 0.0 ], [ 112.337840001000018, -7.944220000999962, 0.0 ], [ 112.337270001000093, -7.943759998999951, 0.0 ], [ 112.336949999000012, -7.943460000999949, 0.0 ], [ 112.336880001000054, -7.94327, 0.0 ], [ 112.336770000000115, -7.94311000099998, 0.0 ], [ 112.336280001000091, -7.94249, 0.0 ], [ 112.33607, -7.94236, 0.0 ], [ 112.33565000100009, -7.942330000999959, 0.0 ], [ 112.335240001000102, -7.942250000999934, 0.0 ], [ 112.335150001000102, -7.942219998999974, 0.0 ], [ 112.33427000100005, -7.941909998999961, 0.0 ], [ 112.33379, -7.941720000999965, 0.0 ], [ 112.333680001000062, -7.941660000999946, 0.0 ], [ 112.333370001000048, -7.94134, 0.0 ], [ 112.3333, -7.94126, 0.0 ], [ 112.333089999000094, -7.94097, 0.0 ], [ 112.33301, -7.94087, 0.0 ], [ 112.33295, -7.939750000999936, 0.0 ], [ 112.332920001000048, -7.93898, 0.0 ], [ 112.3329798420001, -7.938102303999926, 0.0 ], [ 112.333473154000103, -7.93832051499993, 0.0 ], [ 112.333595237000054, -7.938311446999933, 0.0 ], [ 112.333801224000013, -7.93830477399996, 0.0 ], [ 112.334014827000033, -7.938289540999961, 0.0 ], [ 112.334075879000011, -7.938285236999945, 0.0 ], [ 112.334411568000064, -7.938292393999973, 0.0 ], [ 112.334770152000033, -7.93832576099993, 0.0 ], [ 112.33493798500001, -7.938339591999977, 0.0 ], [ 112.335113456000045, -7.93834101799996, 0.0 ], [ 112.335151637000081, -7.938338165999937, 0.0 ], [ 112.335426292000079, -7.938331950999952, 0.0 ], [ 112.335929811000028, -7.93833243499995, 0.0 ], [ 112.335975608000012, -7.938334828999928, 0.0 ], [ 112.336105308000015, -7.938458337999975, 0.0 ], [ 112.336219751000044, -7.938616159999981, 0.0 ], [ 112.336372323000091, -7.938706760999935, 0.0 ], [ 112.336700395000094, -7.93879642, 0.0 ], [ 112.336860609000041, -7.938814505999972, 0.0 ], [ 112.337249709000048, -7.93877398099994, 0.0 ], [ 112.337303123000083, -7.938775429999964, 0.0 ], [ 112.337501468000028, -7.93891608399997, 0.0 ], [ 112.337730355000076, -7.939122553999937, 0.0 ], [ 112.337799024000105, -7.939195021999979, 0.0 ], [ 112.338233897, -7.939434400999971, 0.0 ], [ 112.338439884000081, -7.939503530999957, 0.0 ], [ 112.338661128000012, -7.939465882999968, 0.0 ], [ 112.338874780000083, -7.939420593999955, 0.0 ], [ 112.339309627000034, -7.939436794999949, 0.0 ], [ 112.339652956, -7.939555057999939, 0.0 ], [ 112.339843709000093, -7.93963514099994, 0.0 ], [ 112.340248066000072, -7.939654701999928, 0.0 ], [ 112.34045405300003, -7.939623727999958, 0.0 ], [ 112.340751609000108, -7.939451567999981, 0.0 ], [ 112.340927081000018, -7.939328057999944, 0.0 ], [ 112.341079656000034, -7.939324261999957, 0.0 ], [ 112.341285643000106, -7.939399581999965, 0.0 ], [ 112.341484011000034, -7.939573625999969, 0.0 ], [ 112.341667125000072, -7.939752460999955, 0.0 ], [ 112.342269853000062, -7.940078620999941, 0.0 ], [ 112.342498738000018, -7.940313211999978, 0.0 ], [ 112.34259028300005, -7.940462448999938, 0.0 ], [ 112.342620798000098, -7.94069467099996, 0.0 ], [ 112.342872580000062, -7.941456210999945, 0.0 ], [ 112.342964126000084, -7.94170511699997, 0.0 ], [ 112.34288019600001, -7.941961155999934, 0.0 ], [ 112.342803910000043, -7.942121394999958, 0.0 ], [ 112.342544510000039, -7.942474225999945, 0.0 ], [ 112.342658952000079, -7.94271648199998, 0.0 ], [ 112.342895453000096, -7.942991137999968, 0.0 ], [ 112.343063287000064, -7.943189968999945, 0.0 ], [ 112.343177751000098, -7.943464625999979, 0.0 ], [ 112.34327693900002, -7.943641548999949, 0.0 ], [ 112.344093294000118, -7.944252860999939, 0.0 ], [ 112.344306897000024, -7.944383961999961, 0.0 ], [ 112.344818081000085, -7.9445089, 0.0 ], [ 112.345092736000083, -7.944597130999966, 0.0 ], [ 112.34531395800002, -7.944711089999942, 0.0 ], [ 112.345489453000027, -7.944928513999969, 0.0 ], [ 112.345558125000025, -7.945188880999979, 0.0 ], [ 112.345596279, -7.945292829999971, 0.0 ], [ 112.345817523000051, -7.945383914999979, 0.0 ], [ 112.345863273000077, -7.945392013999935, 0.0 ], [ 112.346275294000066, -7.945504063999977, 0.0 ], [ 112.346679628000061, -7.945704803999945, 0.0 ], [ 112.34709926700009, -7.945851669999968, 0.0 ], [ 112.347602786000039, -7.945998562999932, 0.0 ], [ 112.34795375300007, -7.94619881899996, 0.0 ], [ 112.34822079300011, -7.946392885999956, 0.0 ], [ 112.348464913000043, -7.946446780999963, 0.0 ], [ 112.348815881000064, -7.946429129999956, 0.0 ], [ 112.349037102000011, -7.946368584999959, 0.0 ], [ 112.349311783000076, -7.945909387999961, 0.0 ], [ 112.349342297000021, -7.945855974999972, 0.0 ], [ 112.34976955400009, -7.945765373999961, 0.0 ], [ 112.349960283000087, -7.945716239999967, 0.0 ], [ 112.350692710000089, -7.94596613799996, 0.0 ], [ 112.351570094000067, -7.946327091999933, 0.0 ], [ 112.352226212, -7.946428646999948, 0.0 ], [ 112.352508486000033, -7.946471104999944, 0.0 ], [ 112.352668724000068, -7.946550729999956, 0.0 ], [ 112.352775527000063, -7.94675243699993, 0.0 ], [ 112.352836557000046, -7.946890720999932, 0.0 ], [ 112.352950999000086, -7.947000859999946, 0.0 ], [ 112.353202782000039, -7.947084786999937, 0.0 ], [ 112.353393511000036, -7.947096707999947, 0.0 ], [ 112.353660528000091, -7.947001342999954, 0.0 ], [ 112.353851281000061, -7.946893573999944, 0.0 ], [ 112.354026754000074, -7.946561199999962, 0.0 ], [ 112.354095425000082, -7.946400983999979, 0.0 ], [ 112.354171712000038, -7.946325180999963, 0.0 ], [ 112.35437008100007, -7.946326607999936, 0.0 ], [ 112.354698127, -7.946442960999946, 0.0 ], [ 112.354911756000092, -7.946523551999974, 0.0 ], [ 112.355354269000031, -7.94646774499995, 0.0 ], [ 112.355438172000049, -7.946479205999935, 0.0 ], [ 112.355567897000014, -7.946567872999935, 0.0 ], [ 112.355850169000064, -7.94658409799996, 0.0 ], [ 112.356376610000098, -7.946524494999949, 0.0 ], [ 112.356559699000059, -7.946529741999939, 0.0 ], [ 112.356788584000014, -7.946692833999975, 0.0 ], [ 112.357238715000108, -7.946946962999959, 0.0 ], [ 112.357482855000057, -7.947088606999955, 0.0 ], [ 112.357688842000016, -7.947280278999926, 0.0 ], [ 112.357917753000038, -7.947834841999963, 0.0 ], [ 112.358024555000043, -7.948004123999965, 0.0 ], [ 112.358184769000104, -7.948104734999959, 0.0 ], [ 112.358344984000041, -7.948126182999943, 0.0 ], [ 112.358657774000108, -7.948021774999972, 0.0 ], [ 112.358810372000107, -7.947965967999949, 0.0 ], [ 112.359069771, -7.947953103999964, 0.0 ], [ 112.35922998500007, -7.94792829599993, 0.0 ], [ 112.35968011600005, -7.947946430999934, 0.0 ], [ 112.359962413000062, -7.947924499999942, 0.0 ], [ 112.360176042000035, -7.94791973599996, 0.0 ], [ 112.360404925000012, -7.947981707999929, 0.0 ], [ 112.360641428, -7.948133821999932, 0.0 ], [ 112.36080926000011, -7.948335046999944, 0.0 ], [ 112.360847439000054, -7.948436601999958, 0.0 ], [ 112.360794026, -7.94861446799996, 0.0 ], [ 112.360656685000095, -7.94888673, 0.0 ], [ 112.360671943000057, -7.949116099999969, 0.0 ], [ 112.360252327000012, -7.9497035699999, 0.0 ], [ 112.360183659000086, -7.94979941899993, 0.0 ], [ 112.360191299, -7.949978227999964, 0.0 ], [ 112.360259946000042, -7.950123668999936, 0.0 ], [ 112.360710099000016, -7.950414525999975, 0.0 ], [ 112.360893210000086, -7.950485589999971, 0.0 ], [ 112.361549329000013, -7.950456018999944, 0.0 ], [ 112.361907914000085, -7.950334900999962, 0.0 ], [ 112.362159673000065, -7.950396898999941, 0.0 ], [ 112.362312246000101, -7.950468905999969, 0.0 ], [ 112.362884460000032, -7.950261491999981, 0.0 ], [ 112.363098086000036, -7.950202831999945, 0.0 ], [ 112.363182015, -7.950228583999944, 0.0 ], [ 112.363342252000052, -7.950648198999943, 0.0 ], [ 112.363525343000106, -7.951066361999949, 0.0 ], [ 112.363670300000081, -7.951261878999958, 0.0 ], [ 112.363799999000094, -7.951423520999981, 0.0 ], [ 112.363853413000015, -7.951640485999974, 0.0 ], [ 112.364021267000112, -7.952036258999954, 0.0 ], [ 112.364082274000111, -7.952274694999971, 0.0 ], [ 112.36383813000009, -7.952810638999949, 0.0 ], [ 112.363754226000083, -7.953020445999925, 0.0 ], [ 112.363731330000064, -7.953248363999933, 0.0 ], [ 112.363761845000113, -7.953470599999946, 0.0 ], [ 112.363845773000094, -7.953622205999977, 0.0 ], [ 112.36432641600004, -7.953857763999963, 0.0 ], [ 112.364456117000032, -7.953930739999976, 0.0 ], [ 112.364509529000088, -7.954025135999927, 0.0 ], [ 112.364570582000056, -7.954234000999975, 0.0 ], [ 112.364768930000082, -7.955245849999926, 0.0 ], [ 112.364845241000012, -7.955442284999947, 0.0 ], [ 112.365188543000045, -7.955400333999933, 0.0 ], [ 112.365997259000096, -7.955782276999969, 0.0 ], [ 112.366477928000108, -7.956017375999977, 0.0 ], [ 112.366737303000036, -7.956076010999936, 0.0 ], [ 112.367507887000102, -7.956046922999974, 0.0 ], [ 112.367774926000038, -7.956140885999957, 0.0 ], [ 112.368499713, -7.956681615999969, 0.0 ], [ 112.368705700000078, -7.956655380999962, 0.0 ], [ 112.36917108800003, -7.956733578999945, 0.0 ], [ 112.369499158000053, -7.956824179999956, 0.0 ], [ 112.369682246000025, -7.956856119999941, 0.0 ], [ 112.37023922700007, -7.957105509999963, 0.0 ], [ 112.37049098600005, -7.957267151999929, 0.0 ], [ 112.370635919000051, -7.957214705999945, 0.0 ], [ 112.372131288000105, -7.956498961999955, 0.0 ], [ 112.372421228, -7.956339254999932, 0.0 ], [ 112.372634831000028, -7.956170432999954, 0.0 ], [ 112.372894256000109, -7.955939636999972, 0.0 ], [ 112.373611400000073, -7.955593939999972, 0.0 ], [ 112.374023400000056, -7.955386525999927, 0.0 ], [ 112.374175973000092, -7.955206264999958, 0.0 ], [ 112.374427732000072, -7.954867242999967, 0.0 ], [ 112.374191254000038, -7.954365609999968, 0.0 ], [ 112.373825030000035, -7.954102873999943, 0.0 ], [ 112.373664815000097, -7.953959342999951, 0.0 ], [ 112.373634276000075, -7.953831552999929, 0.0 ], [ 112.373672430000056, -7.953738073999943, 0.0 ], [ 112.37377923300005, -7.953680405999933, 0.0 ], [ 112.37433618700004, -7.9534477, 0.0 ], [ 112.374504043000115, -7.953224520999981, 0.0 ], [ 112.374649, -7.95286405, 0.0 ], [ 112.374793958000055, -7.95248210699998, 0.0 ], [ 112.374954174000095, -7.952371944999982, 0.0 ], [ 112.374999945000013, -7.952360989999931, 0.0 ], [ 112.375129646, -7.952327114999946, 0.0 ], [ 112.375244087000056, -7.952370033999955, 0.0 ], [ 112.375427201000093, -7.95254074199994, 0.0 ], [ 112.375602674000106, -7.952700498999945, 0.0 ], [ 112.3758163010001, -7.952817310999933, 0.0 ], [ 112.375976516000037, -7.952798715999961, 0.0 ], [ 112.376281687000073, -7.952705261999938, 0.0 ], [ 112.376319844000022, -7.952547440999979, 0.0 ], [ 112.376281687000073, -7.952439163999941, 0.0 ], [ 112.376213018000044, -7.952229839999973, 0.0 ], [ 112.376258790000065, -7.952108264999936, 0.0 ], [ 112.376373233000095, -7.951977597999928, 0.0 ], [ 112.376510573000019, -7.951921330999937, 0.0 ], [ 112.376777590000074, -7.95188984899994, 0.0 ], [ 112.377036989000089, -7.951827392999974, 0.0 ], [ 112.377288771000053, -7.951622832999931, 0.0 ], [ 112.377433729000018, -7.951462617999937, 0.0 ], [ 112.377487119000079, -7.951401586999964, 0.0 ], [ 112.377471885000091, -7.951299548999941, 0.0 ], [ 112.377418472000045, -7.950945727999965, 0.0 ], [ 112.377464243000077, -7.950788849999981, 0.0 ], [ 112.377616841000076, -7.950338236999926, 0.0 ], [ 112.377746542000068, -7.950139865999972, 0.0 ], [ 112.377944913000078, -7.95002259499995, 0.0 ], [ 112.378303475000052, -7.94992672199993, 0.0 ], [ 112.37857813100004, -7.949839457999929, 0.0 ], [ 112.37904354200009, -7.949518568999963, 0.0 ], [ 112.379196117000106, -7.949530005999975, 0.0 ], [ 112.379829360000031, -7.949746969999978, 0.0 ], [ 112.379867513000022, -7.949747935999937, 0.0 ], [ 112.379875132000052, -7.9496783, 0.0 ], [ 112.380027729000062, -7.949514747999956, 0.0 ], [ 112.380134531000067, -7.949372183999969, 0.0 ], [ 112.380416828000079, -7.949185710999927, 0.0 ], [ 112.381256059000066, -7.949004531999947, 0.0 ], [ 112.381515458000081, -7.948935401999961, 0.0 ], [ 112.382003719000068, -7.948541514999931, 0.0 ], [ 112.382278402000111, -7.948338862999947, 0.0 ], [ 112.382659861000093, -7.948083284999939, 0.0 ], [ 112.382865871000035, -7.947929718999944, 0.0 ], [ 112.383010804000037, -7.94787729799998, 0.0 ], [ 112.38318627600006, -7.947951674999956, 0.0 ], [ 112.383224433, -7.947985525999968, 0.0 ], [ 112.383422802000041, -7.94852291899997, 0.0 ], [ 112.383476216000076, -7.948630205999962, 0.0 ], [ 112.383552503000033, -7.948722715999963, 0.0 ], [ 112.383666946000062, -7.948732267999958, 0.0 ], [ 112.383796645000075, -7.948656923999977, 0.0 ], [ 112.383926345000077, -7.948418511999932, 0.0 ], [ 112.384483277000072, -7.948336953999956, 0.0 ], [ 112.384773215000109, -7.948265429999935, 0.0 ], [ 112.385307248000117, -7.947851521999951, 0.0 ], [ 112.385879462000048, -7.947342756999944, 0.0 ], [ 112.38592523300008, -7.947312217999979, 0.0 ], [ 112.386360105000108, -7.947000371999934, 0.0 ], [ 112.386634763000075, -7.94682775299998, 0.0 ], [ 112.387504531000104, -7.946259359999942, 0.0 ], [ 112.387962277000042, -7.945889337999972, 0.0 ], [ 112.388008050000053, -7.945847385999969, 0.0 ], [ 112.388427689000082, -7.945312385999955, 0.0 ], [ 112.388626059000103, -7.945112588999962, 0.0 ], [ 112.388839686000097, -7.944957596999927, 0.0 ], [ 112.389503419000107, -7.944704894999973, 0.0 ], [ 112.389945931000057, -7.944642413999929, 0.0 ], [ 112.389976446000105, -7.944640987999946, 0.0 ], [ 112.390945377000094, -7.944412585999942, 0.0 ], [ 112.391647290000037, -7.943945287999952, 0.0 ], [ 112.39234156200007, -7.943245285999978, 0.0 ], [ 112.39354701700006, -7.941341737999949, 0.0 ], [ 112.394241289000092, -7.940564021999933, 0.0 ], [ 112.395172063000018, -7.939669468999966, 0.0 ], [ 112.396804750000115, -7.939082505999977, 0.0 ], [ 112.399291948000041, -7.937911385999939, 0.0 ], [ 112.400070147000065, -7.937521317999938, 0.0 ], [ 112.401275577000092, -7.93627678699994, 0.0 ], [ 112.402473392000047, -7.935070848999942, 0.0 ], [ 112.403137174000108, -7.934642189999977, 0.0 ], [ 112.404144235000103, -7.934406631999934, 0.0 ], [ 112.406089733000044, -7.934350365999933, 0.0 ], [ 112.406470221000063, -7.934374270999967, 0.0 ], [ 112.40756220600008, -7.934442875999935, 0.0 ], [ 112.408737146000021, -7.934658390999971, 0.0 ], [ 112.409767104000025, -7.93477713599998, 0.0 ], [ 112.410301161, -7.934628842999928, 0.0 ], [ 112.41180415000008, -7.933062432999975, 0.0 ], [ 112.41254419400002, -7.932750078999959, 0.0 ], [ 112.412740564000046, -7.932722689999935, 0.0 ], [ 112.413398680000114, -7.932630896999967, 0.0 ], [ 112.414375250000035, -7.932317140999942, 0.0 ], [ 112.415580681000051, -7.931615687999965, 0.0 ], [ 112.417015021000111, -7.930912855999964, 0.0 ], [ 112.418296765000036, -7.930327270999953, 0.0 ], [ 112.41907496400006, -7.929743160999976, 0.0 ], [ 112.419075330000055, -7.929742664999935, 0.0 ], [ 112.420387222000045, -7.927955506999979, 0.0 ], [ 112.421241707000036, -7.927448627999979, 0.0 ], [ 112.421981751000089, -7.926787262999937, 0.0 ], [ 112.423026994000111, -7.925504554999975, 0.0 ], [ 112.424934313000108, -7.924955239999974, 0.0 ], [ 112.427032411000027, -7.924017791999972, 0.0 ], [ 112.430137592000051, -7.922417988999939, 0.0 ], [ 112.431617680000045, -7.921521042999927, 0.0 ], [ 112.432502683000052, -7.920432930999937, 0.0 ], [ 112.432511527000088, -7.920416939999939, 0.0 ], [ 112.432509999000104, -7.92043, 0.0 ], [ 112.43218, -7.92325, 0.0 ], [ 112.432449999000028, -7.92569, 0.0 ], [ 112.432910001000096, -7.92836, 0.0 ], [ 112.433240001000058, -7.93022, 0.0 ], [ 112.43337, -7.93176, 0.0 ], [ 112.433699999000055, -7.93311, 0.0 ], [ 112.4338, -7.934399998999936, 0.0 ], [ 112.433550001000071, -7.935199998999963, 0.0 ], [ 112.433160001000033, -7.93607, 0.0 ], [ 112.432910001000096, -7.93675, 0.0 ], [ 112.43272, -7.93784, 0.0 ], [ 112.432010001000094, -7.93907, 0.0 ], [ 112.431110001000093, -7.93987, 0.0 ], [ 112.42831, -7.94223, 0.0 ], [ 112.42615, -7.94446, 0.0 ], [ 112.425380001, -7.94526, 0.0 ], [ 112.42442, -7.94584, 0.0 ], [ 112.423060001000067, -7.94627, 0.0 ], [ 112.422030001000053, -7.946879998999975, 0.0 ], [ 112.421580001000052, -7.94762, 0.0 ], [ 112.420970001000114, -7.94878, 0.0 ], [ 112.419590001000074, -7.95113, 0.0 ], [ 112.419180001000086, -7.952029998999933, 0.0 ], [ 112.418890001000022, -7.95271, 0.0 ], [ 112.418409999, -7.95339, 0.0 ], [ 112.41792, -7.95397, 0.0 ], [ 112.417640001000109, -7.954799998999931, 0.0 ], [ 112.416869999000028, -7.95732, 0.0 ], [ 112.416230001000031, -7.95912, 0.0 ], [ 112.41597, -7.959860000999981, 0.0 ] ] ] ] } },
{ "type": "Feature", "properties": { "OBJECTID": 116280.0, "KDPPUM": "35", "NAMOBJ": "Tambakan", "REMARK": null, "KDPBPS": null, "FCODE": "BA03070040", "LUASWH": 1.81490927, "UUPP": "Hasil Delineasi Batas Desa 2019", "SRS_ID": "SRGI 2013", "METADATA": "TASWIL1000020200326DATA_BATAS_DESA_KELURAHAN", "KDEBPS": null, "KDEPUM": "35.05.15.2006", "KDCBPS": null, "KDCPUM": "35.05.15", "KDBBPS": null, "WADMKD": "Tambakan", "WIADKD": null, "WADMKC": "Gandusari", "WIADKC": null, "WADMKK": "Blitar", "WIADKK": null, "WADMPR": "Jawa Timur", "WIADPR": null, "TIPADM": 1.0, "KDPKAB": "35.05", "SHAPE_Leng": 0.060444087469762001, "SHAPE_Area": 0.00014891908964899999 }, "geometry": { "type": "MultiPolygon", "coordinates": [ [ [ [ 112.308419670000035, -8.055610535999961, 0.0 ], [ 112.308385838000049, -8.055978288999938, 0.0 ], [ 112.308290001000046, -8.057020000999955, 0.0 ], [ 112.308226140000102, -8.057666594999944, 0.0 ], [ 112.30860115400003, -8.058124947999943, 0.0 ], [ 112.308702281000024, -8.058380739999961, 0.0 ], [ 112.308642796000072, -8.058606787999963, 0.0 ], [ 112.308114350000096, -8.058922, 0.0 ], [ 112.307730001000095, -8.05935, 0.0 ], [ 112.30767000100002, -8.05936, 0.0 ], [ 112.30758, -8.0593, 0.0 ], [ 112.30752, -8.05926999899998, 0.0 ], [ 112.307289999000091, -8.05956, 0.0 ], [ 112.307288645000085, -8.059562858999925, 0.0 ], [ 112.307215324000026, -8.059717650999971, 0.0 ], [ 112.307200001000069, -8.05975, 0.0 ], [ 112.307178769000075, -8.05985616199996, 0.0 ], [ 112.307321416000036, -8.060151634999954, 0.0 ], [ 112.307328808000079, -8.060166945999981, 0.0 ], [ 112.307376396000109, -8.060279969999954, 0.0 ], [ 112.307358689000012, -8.060337229999959, 0.0 ], [ 112.307322768000063, -8.060391430999971, 0.0 ], [ 112.307132501000069, -8.060678529999961, 0.0 ], [ 112.307043271000111, -8.060862938999946, 0.0 ], [ 112.307046093000054, -8.060879521999937, 0.0 ], [ 112.30707, -8.06102, 0.0 ], [ 112.306876582000086, -8.061811256999931, 0.0 ], [ 112.306850001000043, -8.06192, 0.0 ], [ 112.3068, -8.06227, 0.0 ], [ 112.306780118, -8.062435689999973, 0.0 ], [ 112.306770001000018, -8.06252, 0.0 ], [ 112.306690001000106, -8.062759998999979, 0.0 ], [ 112.306460001, -8.06301, 0.0 ], [ 112.30609000100003, -8.06328, 0.0 ], [ 112.305981103000022, -8.063357783999948, 0.0 ], [ 112.305930245000013, -8.06339411099998, 0.0 ], [ 112.305880000000116, -8.06343, 0.0 ], [ 112.305620001000079, -8.06369, 0.0 ], [ 112.305339999000012, -8.06398, 0.0 ], [ 112.305120000000102, -8.064029998999956, 0.0 ], [ 112.304720918000044, -8.064197753999963, 0.0 ], [ 112.304633830000057, -8.064395680999951, 0.0 ], [ 112.304590048000023, -8.064495185999931, 0.0 ], [ 112.304506767000021, -8.064602260999948, 0.0 ], [ 112.304435382000065, -8.06468554199995, 0.0 ], [ 112.304245025000114, -8.064852105999933, 0.0 ], [ 112.304078464000099, -8.064935386999935, 0.0 ], [ 112.304007799000033, -8.064976953999974, 0.0 ], [ 112.303876210000112, -8.065054359999976, 0.0 ], [ 112.303697749000094, -8.065137639999932, 0.0 ], [ 112.303483598000071, -8.06523281799997, 0.0 ], [ 112.303305139000031, -8.065316098999972, 0.0 ], [ 112.303245651000111, -8.06550645599998, 0.0 ], [ 112.303209961000107, -8.065637326999934, 0.0 ], [ 112.303162370000109, -8.065791992999948, 0.0 ], [ 112.303109538000058, -8.065880045999961, 0.0 ], [ 112.303055295000036, -8.065970450999941, 0.0 ], [ 112.302841143000023, -8.066172704999929, 0.0 ], [ 112.302674582, -8.066279780999935, 0.0 ], [ 112.302424737000024, -8.066303575999939, 0.0 ], [ 112.302293867000117, -8.066398753999977, 0.0 ], [ 112.30227079000008, -8.06642842499997, 0.0 ], [ 112.302210586000115, -8.066505829999926, 0.0 ], [ 112.302186791000054, -8.06670808399997, 0.0 ], [ 112.302207716000112, -8.066917326999942, 0.0 ], [ 112.302210586000115, -8.066946030999929, 0.0 ], [ 112.302305764000039, -8.06707690199994, 0.0 ], [ 112.302353354000047, -8.067338640999935, 0.0 ], [ 112.302311852000116, -8.067369075999977, 0.0 ], [ 112.30227659600007, -8.067394930999967, 0.0 ], [ 112.302215851000028, -8.067439476999937, 0.0 ], [ 112.302174895, -8.067469511999946, 0.0 ], [ 112.301936949000037, -8.067528997999943, 0.0 ], [ 112.301627619000101, -8.067552792999948, 0.0 ], [ 112.301484850000065, -8.067552792999948, 0.0 ], [ 112.301366036000104, -8.067570394999962, 0.0 ], [ 112.301244387000111, -8.067588416999968, 0.0 ], [ 112.301196468000057, -8.067618366999966, 0.0 ], [ 112.301044794000063, -8.067713162999951, 0.0 ], [ 112.300902026000017, -8.067798822999976, 0.0 ], [ 112.300787812000067, -8.067870206999942, 0.0 ], [ 112.300616491000028, -8.067913036999926, 0.0 ], [ 112.300557041000047, -8.067868448999945, 0.0 ], [ 112.300330955000049, -8.06769888599996, 0.0 ], [ 112.300292660000082, -8.067638191999947, 0.0 ], [ 112.300337902000024, -8.066600860999927, 0.0 ], [ 112.299831269000038, -8.066613851999932, 0.0 ], [ 112.299831269000038, -8.06551454099997, 0.0 ], [ 112.29858919000003, -8.065271835999965, 0.0 ], [ 112.298046673000044, -8.063672837999945, 0.0 ], [ 112.298032396000053, -8.063344471999926, 0.0 ], [ 112.298060950000036, -8.063058936999937, 0.0 ], [ 112.298131092000062, -8.062971258999937, 0.0 ], [ 112.298175164000099, -8.062916168999948, 0.0 ], [ 112.298346485000025, -8.062801954999941, 0.0 ], [ 112.298446422000097, -8.062530695999953, 0.0 ], [ 112.298517806000064, -8.061816857999929, 0.0 ], [ 112.298460699000088, -8.061360001999958, 0.0 ], [ 112.298460699000088, -8.061341567999932, 0.0 ], [ 112.298460699000088, -8.061174403999928, 0.0 ], [ 112.297580298000071, -8.061173451999935, 0.0 ], [ 112.297580298000071, -8.061068755999941, 0.0 ], [ 112.296990192000067, -8.060954541999934, 0.0 ], [ 112.296788830000082, -8.060471014999962, 0.0 ], [ 112.296824522000065, -8.060171202999982, 0.0 ], [ 112.296860214000048, -8.059957051999959, 0.0 ], [ 112.29687449100004, -8.059714346999954, 0.0 ], [ 112.296817384000065, -8.059236074999944, 0.0 ], [ 112.29676741500009, -8.059114721999947, 0.0 ], [ 112.296660339000027, -8.058986231999938, 0.0 ], [ 112.296660339000027, -8.05889343299998, 0.0 ], [ 112.296646588000044, -8.058707795999965, 0.0 ], [ 112.296596094000051, -8.058465129999945, 0.0 ], [ 112.296546125000077, -8.058322361999956, 0.0 ], [ 112.296553264000067, -8.058129625999925, 0.0 ], [ 112.296553264000067, -8.057979719999935, 0.0 ], [ 112.296546125000077, -8.057879781999929, 0.0 ], [ 112.296510433000094, -8.057694183999956, 0.0 ], [ 112.296481880000101, -8.057515724999973, 0.0 ], [ 112.296381942000039, -8.057265880999978, 0.0 ], [ 112.296303420000072, -8.05710169799994, 0.0 ], [ 112.296289143000081, -8.056844716999933, 0.0 ], [ 112.296289143000081, -8.056453463999958, 0.0 ], [ 112.296289143000081, -8.056337890999941, 0.0 ], [ 112.296287951000068, -8.056304507999926, 0.0 ], [ 112.296434723000061, -8.056314070999974, 0.0 ], [ 112.29653, -8.05606, 0.0 ], [ 112.29673999900001, -8.05556, 0.0 ], [ 112.296699999000111, -8.05548, 0.0 ], [ 112.296669036000026, -8.055418073999931, 0.0 ], [ 112.296639999000035, -8.05536000099994, 0.0 ], [ 112.29658, -8.055240000999959, 0.0 ], [ 112.296560000000113, -8.055039998999973, 0.0 ], [ 112.296560000000113, -8.05484, 0.0 ], [ 112.296561327000063, -8.054828717999953, 0.0 ], [ 112.296570351000014, -8.054752018999977, 0.0 ], [ 112.29658, -8.05467, 0.0 ], [ 112.2966, -8.054540000999964, 0.0 ], [ 112.29661000100009, -8.05439, 0.0 ], [ 112.29663000100004, -8.054259998999953, 0.0 ], [ 112.296659999000099, -8.054139998999972, 0.0 ], [ 112.296710001000065, -8.05395, 0.0 ], [ 112.296730001000014, -8.05387, 0.0 ], [ 112.296828521000066, -8.053616262999981, 0.0 ], [ 112.296864632000052, -8.053523259999963, 0.0 ], [ 112.296890303000055, -8.053398184999935, 0.0 ], [ 112.296955311000033, -8.053419400999928, 0.0 ], [ 112.297259881000059, -8.05345747299998, 0.0 ], [ 112.297631077, -8.053500302999964, 0.0 ], [ 112.297911854000063, -8.05350268199993, 0.0 ], [ 112.298119292000024, -8.053522115999954, 0.0 ], [ 112.298162123000111, -8.053407900999957, 0.0 ], [ 112.298277290000101, -8.052941526999973, 0.0 ], [ 112.298548548000099, -8.051885045999938, 0.0 ], [ 112.298850501000061, -8.050711494999973, 0.0 ], [ 112.298950439, -8.050208239999961, 0.0 ], [ 112.299146744000041, -8.049398032999932, 0.0 ], [ 112.299275234000106, -8.04889477699993, 0.0 ], [ 112.29950723200011, -8.04781688099996, 0.0 ], [ 112.299613316000091, -8.047348325999963, 0.0 ], [ 112.299810001000083, -8.04644, 0.0 ], [ 112.302237050000031, -8.04695983299996, 0.0 ], [ 112.302304485000036, -8.047225307999952, 0.0 ], [ 112.302275615000099, -8.047336663999943, 0.0 ], [ 112.30221850800001, -8.047458017999929, 0.0 ], [ 112.302204232, -8.047565092999946, 0.0 ], [ 112.302204232, -8.04764361499997, 0.0 ], [ 112.30221137, -8.047736414999974, 0.0 ], [ 112.302197621, -8.048080132999928, 0.0 ], [ 112.302208342000085, -8.048202074999949, 0.0 ], [ 112.30221850800001, -8.048300345999962, 0.0 ], [ 112.302268477000098, -8.048407421999968, 0.0 ], [ 112.302354138000055, -8.048557327999958, 0.0 ], [ 112.302368415000046, -8.048614434999934, 0.0 ], [ 112.30239696700005, -8.048714371999949, 0.0 ], [ 112.302368415000046, -8.048892831999979, 0.0 ], [ 112.302368415000046, -8.048942799999963, 0.0 ], [ 112.302375552000058, -8.049035598999978, 0.0 ], [ 112.302972400000044, -8.049171624999929, 0.0 ], [ 112.303143721000083, -8.049185901999977, 0.0 ], [ 112.303307905000111, -8.04922873199996, 0.0 ], [ 112.303429258000051, -8.049278700999935, 0.0 ], [ 112.303493789000072, -8.04961220499996, 0.0 ], [ 112.303583590000017, -8.049775960999966, 0.0 ], [ 112.303771899000026, -8.049792663999938, 0.0 ], [ 112.303921805000073, -8.049914017999981, 0.0 ], [ 112.304100265000102, -8.050135306999948, 0.0 ], [ 112.304207340000062, -8.050142444999949, 0.0 ], [ 112.304314179000016, -8.050481518999959, 0.0 ], [ 112.304498587000012, -8.05112397399995, 0.0 ], [ 112.30459376500005, -8.051242946999935, 0.0 ], [ 112.304665149000016, -8.051385713999935, 0.0 ], [ 112.304700841000113, -8.05167125, 0.0 ], [ 112.304790070000081, -8.051873503999957, 0.0 ], [ 112.304867403000117, -8.05195678399997, 0.0 ], [ 112.304909043000066, -8.052164986999969, 0.0 ], [ 112.304849498000067, -8.05269640299997, 0.0 ], [ 112.304713134000053, -8.05297202099996, 0.0 ], [ 112.3045703680001, -8.052983917999939, 0.0 ], [ 112.304272934000096, -8.053090993999945, 0.0 ], [ 112.304070680000109, -8.05334083799994, 0.0 ], [ 112.303999296000029, -8.053697757999942, 0.0 ], [ 112.303999296000029, -8.054007086999945, 0.0 ], [ 112.304094475000056, -8.054209341999979, 0.0 ], [ 112.304272934000096, -8.054387799999972, 0.0 ], [ 112.304725032000078, -8.054816102999951, 0.0 ], [ 112.305224720000069, -8.055101638999929, 0.0 ], [ 112.305522152000094, -8.055089740999961, 0.0 ], [ 112.305736304000106, -8.05513733, 0.0 ], [ 112.305986146, -8.055291995999937, 0.0 ], [ 112.306224092000093, -8.05536338, 0.0 ], [ 112.30666429300004, -8.055399071999943, 0.0 ], [ 112.307187774000113, -8.055446659999973, 0.0 ], [ 112.308419670000035, -8.055610535999961, 0.0 ] ] ] ] } },
{ "type": "Feature", "properties": { "OBJECTID": 116221.0, "KDPPUM": "35", "NAMOBJ": "Tulungrejo", "REMARK": null, "KDPBPS": null, "FCODE": "BA03070040", "LUASWH": 21.83103922, "UUPP": "Hasil Delineasi Batas Desa 2019", "SRS_ID": "SRGI 2013", "METADATA": "TASWIL1000020200326DATA_BATAS_DESA_KELURAHAN", "KDEBPS": null, "KDEPUM": "35.05.15.2013", "KDCBPS": null, "KDCPUM": "35.05.15", "KDBBPS": null, "WADMKD": "Tulungrejo", "WIADKD": null, "WADMKC": "Gandusari", "WIADKC": null, "WADMKK": "Blitar", "WIADKK": null, "WADMPR": "Jawa Timur", "WIADPR": null, "TIPADM": 1.0, "KDPKAB": "35.05", "SHAPE_Leng": 0.29391088726918402, "SHAPE_Area": 0.001790848770026 }, "geometry": { "type": "MultiPolygon", "coordinates": [ [ [ [ 112.415280001000042, -7.96394, 0.0 ], [ 112.414509999000074, -7.965710000999934, 0.0 ], [ 112.414130001000103, -7.966459998999937, 0.0 ], [ 112.413290001000064, -7.96749, 0.0 ], [ 112.41188000000011, -7.969160000999977, 0.0 ], [ 112.411300001000086, -7.97000000099996, 0.0 ], [ 112.410270001000072, -7.971420000999956, 0.0 ], [ 112.40937000100007, -7.97255, 0.0 ], [ 112.408599999000103, -7.973510000999966, 0.0 ], [ 112.40763000100003, -7.97487, 0.0 ], [ 112.406120000000101, -7.975549998999952, 0.0 ], [ 112.403959999000108, -7.977000000999965, 0.0 ], [ 112.402419999000017, -7.9781, 0.0 ], [ 112.401000001000057, -7.97909999899997, 0.0 ], [ 112.399609999000063, -7.98007, 0.0 ], [ 112.399190001000079, -7.980730000999927, 0.0 ], [ 112.397900001000039, -7.9804, 0.0 ], [ 112.39626, -7.980180000999951, 0.0 ], [ 112.395220000000108, -7.980120000999932, 0.0 ], [ 112.394000001000109, -7.980120000999932, 0.0 ], [ 112.393220001000032, -7.98013, 0.0 ], [ 112.39232, -7.97997, 0.0 ], [ 112.39128, -7.979810000999976, 0.0 ], [ 112.390570001000015, -7.979779998999959, 0.0 ], [ 112.389409999, -7.979750000999957, 0.0 ], [ 112.38841, -7.97998, 0.0 ], [ 112.38683, -7.98005, 0.0 ], [ 112.38567, -7.97999, 0.0 ], [ 112.38451, -7.979930000999957, 0.0 ], [ 112.38389, -7.98, 0.0 ], [ 112.383149999000011, -7.98009, 0.0 ], [ 112.381990001000077, -7.98042, 0.0 ], [ 112.38092000100005, -7.98067999899996, 0.0 ], [ 112.378469999000117, -7.98124, 0.0 ], [ 112.37751, -7.981749998999931, 0.0 ], [ 112.376929999000026, -7.982070000999954, 0.0 ], [ 112.37664, -7.982159998999975, 0.0 ], [ 112.375980001000016, -7.982360000999961, 0.0 ], [ 112.375759999000024, -7.98243, 0.0 ], [ 112.375010001000078, -7.982480000999942, 0.0 ], [ 112.374580001000027, -7.982529998999951, 0.0 ], [ 112.374030001000051, -7.98262000099993, 0.0 ], [ 112.373800001000063, -7.9827, 0.0 ], [ 112.373720001000038, -7.982810000999962, 0.0 ], [ 112.37367, -7.982899998999926, 0.0 ], [ 112.37285, -7.983200000999943, 0.0 ], [ 112.372599999000045, -7.983280000999969, 0.0 ], [ 112.371890001000111, -7.983300000999975, 0.0 ], [ 112.371310000000108, -7.983420000999956, 0.0 ], [ 112.371039999000118, -7.9835, 0.0 ], [ 112.370890001000021, -7.983610000999931, 0.0 ], [ 112.370770000000107, -7.983770000999925, 0.0 ], [ 112.370709999000042, -7.98393, 0.0 ], [ 112.370560001000058, -7.984040000999926, 0.0 ], [ 112.369849999000053, -7.984129998999947, 0.0 ], [ 112.369600000000105, -7.984200000999977, 0.0 ], [ 112.36953999900004, -7.98423, 0.0 ], [ 112.369390001000056, -7.98436, 0.0 ], [ 112.369280000000117, -7.984459998999967, 0.0 ], [ 112.369049999000026, -7.98473, 0.0 ], [ 112.36845, -7.985110000999953, 0.0 ], [ 112.368180001000042, -7.985319998999955, 0.0 ], [ 112.367879999000024, -7.98561, 0.0 ], [ 112.367350000000101, -7.986210000999961, 0.0 ], [ 112.367030001000103, -7.98652999899997, 0.0 ], [ 112.36683, -7.9867, 0.0 ], [ 112.366588622000108, -7.986852809999959, 0.0 ], [ 112.366410164000058, -7.986952746999975, 0.0 ], [ 112.366267395000023, -7.987002715999949, 0.0 ], [ 112.366081798000096, -7.987016992999941, 0.0 ], [ 112.365817678000099, -7.987081237999973, 0.0 ], [ 112.365660634000051, -7.987145484999928, 0.0 ], [ 112.365432205000047, -7.987302528999976, 0.0 ], [ 112.36534654400009, -7.987516680999931, 0.0 ], [ 112.365220001000012, -7.987679998999965, 0.0 ], [ 112.364790001000074, -7.987639998999953, 0.0 ], [ 112.364469999000107, -7.987590000999944, 0.0 ], [ 112.364220001000035, -7.987530000999925, 0.0 ], [ 112.364010001000111, -7.987570000999938, 0.0 ], [ 112.363660001000085, -7.987679998999965, 0.0 ], [ 112.36345, -7.98776, 0.0 ], [ 112.363170001000071, -7.987960000999976, 0.0 ], [ 112.363, -7.988100000999964, 0.0 ], [ 112.362789999000029, -7.98822, 0.0 ], [ 112.362680001000058, -7.98824, 0.0 ], [ 112.36197, -7.98815, 0.0 ], [ 112.36191, -7.988129998999966, 0.0 ], [ 112.361770001000082, -7.988140000999977, 0.0 ], [ 112.36141, -7.98822, 0.0 ], [ 112.36066, -7.98865, 0.0 ], [ 112.360230000000115, -7.988849998999967, 0.0 ], [ 112.35884000100009, -7.988880000999927, 0.0 ], [ 112.358220001000063, -7.988829998999961, 0.0 ], [ 112.357850001000088, -7.988780000999952, 0.0 ], [ 112.357429999000033, -7.988760000999946, 0.0 ], [ 112.35721, -7.988840000999971, 0.0 ], [ 112.356999999000095, -7.98895, 0.0 ], [ 112.356750001000023, -7.989720000999966, 0.0 ], [ 112.35669, -7.99032000099993, 0.0 ], [ 112.356660001000023, -7.991929998999979, 0.0 ], [ 112.356589999000107, -7.992230000999939, 0.0 ], [ 112.356790001000036, -7.992470000999958, 0.0 ], [ 112.35684, -7.99265, 0.0 ], [ 112.356890001000011, -7.99302, 0.0 ], [ 112.35688, -7.99337, 0.0 ], [ 112.356770001000086, -7.99378, 0.0 ], [ 112.35649, -7.99413, 0.0 ], [ 112.356219999000018, -7.99458, 0.0 ], [ 112.356210001000022, -7.994790000999956, 0.0 ], [ 112.355550000000108, -7.99493, 0.0 ], [ 112.35516, -7.994920000999969, 0.0 ], [ 112.354730001, -7.99486, 0.0 ], [ 112.354430001000082, -7.994690000999981, 0.0 ], [ 112.353899999000078, -7.994200000999967, 0.0 ], [ 112.353260001000081, -7.99361, 0.0 ], [ 112.3532, -7.993569998999931, 0.0 ], [ 112.352890001000105, -7.99331, 0.0 ], [ 112.352760001000092, -7.993090000999928, 0.0 ], [ 112.352620001000105, -7.992970000999946, 0.0 ], [ 112.352516330000071, -7.992929684999979, 0.0 ], [ 112.352440001000105, -7.9929, 0.0 ], [ 112.35223738000002, -7.992916153999943, 0.0 ], [ 112.352132683000036, -7.992916153999943, 0.0 ], [ 112.352018469000086, -7.99290663499994, 0.0 ], [ 112.351870943000108, -7.992882839999936, 0.0 ], [ 112.35176148700009, -7.992854286999943, 0.0 ], [ 112.351632997000024, -7.992773384999964, 0.0 ], [ 112.351604443000042, -7.99273055499998, 0.0 ], [ 112.351630000000114, -7.992660000999933, 0.0 ], [ 112.351578858000039, -7.992600334999963, 0.0 ], [ 112.351547336000067, -7.992497842999967, 0.0 ], [ 112.351540197000077, -7.992422890999933, 0.0 ], [ 112.351536629000066, -7.992355076999957, 0.0 ], [ 112.351533059000076, -7.992333661999965, 0.0 ], [ 112.351522351000085, -7.992287260999944, 0.0 ], [ 112.351515213000084, -7.992215877999968, 0.0 ], [ 112.351504505000094, -7.992173046999937, 0.0 ], [ 112.3514723830001, -7.992123077999963, 0.0 ], [ 112.351425983000013, -7.992012432999957, 0.0 ], [ 112.35140099900002, -7.991955325999982, 0.0 ], [ 112.351368876000038, -7.991905358999929, 0.0 ], [ 112.351340323000045, -7.991869666999946, 0.0 ], [ 112.351277752000101, -7.991869666999946, 0.0 ], [ 112.351233247000096, -7.991869666999946, 0.0 ], [ 112.351201124000113, -7.99179828299998, 0.0 ], [ 112.351226403000055, -7.991727702999981, 0.0 ], [ 112.351247525000076, -7.991630530999942, 0.0 ], [ 112.351229679000085, -7.991580560999978, 0.0 ], [ 112.351201124000113, -7.991537730999937, 0.0 ], [ 112.351133310000023, -7.991441363999968, 0.0 ], [ 112.351061926000057, -7.991355701999964, 0.0 ], [ 112.351015527000072, -7.99130930299998, 0.0 ], [ 112.350922727000011, -7.991223641999966, 0.0 ], [ 112.350865620000036, -7.991159396999933, 0.0 ], [ 112.350826360000042, -7.991109427999959, 0.0 ], [ 112.350754976000076, -7.991052320999927, 0.0 ], [ 112.350680023000109, -7.991013060999933, 0.0 ], [ 112.350597932000028, -7.990959521999969, 0.0 ], [ 112.35050513300007, -7.990941676999967, 0.0 ], [ 112.350390919, -7.990927398999929, 0.0 ], [ 112.350293915000066, -7.990931146999969, 0.0 ], [ 112.350262772000065, -7.990914982999925, 0.0 ], [ 112.350244582000073, -7.990777493999929, 0.0 ], [ 112.350219597000091, -7.990745369999956, 0.0 ], [ 112.350187475000098, -7.990723954999964, 0.0 ], [ 112.35013036700002, -7.990695402999961, 0.0 ], [ 112.350051845000053, -7.990670416999933, 0.0 ], [ 112.349980462000076, -7.990634725999939, 0.0 ], [ 112.349919784, -7.990627587999938, 0.0 ], [ 112.349873386000013, -7.990631155999949, 0.0 ], [ 112.349810001000037, -7.99068, 0.0 ], [ 112.349812709000048, -7.990748939999946, 0.0 ], [ 112.349823417000039, -7.990813184999979, 0.0 ], [ 112.34983769300004, -7.990916692999974, 0.0 ], [ 112.349830556000029, -7.991005921999943, 0.0 ], [ 112.349794863000056, -7.991048752999973, 0.0 ], [ 112.349691357000097, -7.99113084399994, 0.0 ], [ 112.349591420000024, -7.99112727399995, 0.0 ], [ 112.34950944000002, -7.991088308999963, 0.0 ], [ 112.349366560000021, -7.991048752999973, 0.0 ], [ 112.349248776000081, -7.991059458999928, 0.0 ], [ 112.349173824000104, -7.991112997999949, 0.0 ], [ 112.349113799000065, -7.991224116999945, 0.0 ], [ 112.349059609000051, -7.991320010999971, 0.0 ], [ 112.348920411000108, -7.991434224999978, 0.0 ], [ 112.348881150000011, -7.991487761999963, 0.0 ], [ 112.348874011000021, -7.991591269999958, 0.0 ], [ 112.348849027000028, -7.991691206999974, 0.0 ], [ 112.348816904000046, -7.991784004999943, 0.0 ], [ 112.348706259000096, -7.992008864999946, 0.0 ], [ 112.348674136000113, -7.992080247999979, 0.0 ], [ 112.348634875000016, -7.992144492999955, 0.0 ], [ 112.348538508000047, -7.992176616999927, 0.0 ], [ 112.348409916000037, -7.992132536999975, 0.0 ], [ 112.348370001000035, -7.99215000099997, 0.0 ], [ 112.34825000100011, -7.99205, 0.0 ], [ 112.348182486000042, -7.991974982999977, 0.0 ], [ 112.348176829000067, -7.99181017899997, 0.0 ], [ 112.348172071000022, -7.991724519999934, 0.0 ], [ 112.348138758, -7.991643616999966, 0.0 ], [ 112.348095928000021, -7.991567474999954, 0.0 ], [ 112.348043579000091, -7.991496090999931, 0.0 ], [ 112.347929365000027, -7.991410429999974, 0.0 ], [ 112.34785798200005, -7.991377117999946, 0.0 ], [ 112.3477437680001, -7.991343804999929, 0.0 ], [ 112.347643831000028, -7.991334287999962, 0.0 ], [ 112.347443955000017, -7.991258144999961, 0.0 ], [ 112.347305946, -7.991158206999955, 0.0 ], [ 112.347267875000057, -7.991034474999935, 0.0 ], [ 112.34719649200008, -7.990877429999955, 0.0 ], [ 112.347144144000026, -7.99075845699997, 0.0 ], [ 112.347110831, -7.990696591999949, 0.0 ], [ 112.347058483000069, -7.990596654999933, 0.0 ], [ 112.346991858000024, -7.990515751999965, 0.0 ], [ 112.346891920000076, -7.990477680999959, 0.0 ], [ 112.346701563000011, -7.990496716999928, 0.0 ], [ 112.346568313000034, -7.99051099299993, 0.0 ], [ 112.346354162000011, -7.990525269999978, 0.0 ], [ 112.34622567200006, -7.990539547999958, 0.0 ], [ 112.346078145000092, -7.990587135999931, 0.0 ], [ 112.345948178000071, -7.990665615999944, 0.0 ], [ 112.345816405000051, -7.990530028999956, 0.0 ], [ 112.34576405700011, -7.990477680999959, 0.0 ], [ 112.3457021910001, -7.990415814999949, 0.0 ], [ 112.345607012000073, -7.990311119999944, 0.0 ], [ 112.345507075000114, -7.990196904999948, 0.0 ], [ 112.345388102000015, -7.990092208999954, 0.0 ], [ 112.345221539000022, -7.990049377999981, 0.0 ], [ 112.344880001000092, -7.990059998999925, 0.0 ], [ 112.343989999000087, -7.990079998999931, 0.0 ], [ 112.343470001000014, -7.989939998999944, 0.0 ], [ 112.34218, -7.989600000999928, 0.0 ], [ 112.340760001000035, -7.989139998999974, 0.0 ], [ 112.339779999000029, -7.988789998999948, 0.0 ], [ 112.33899000100007, -7.987880000999951, 0.0 ], [ 112.33901000100002, -7.987650000999963, 0.0 ], [ 112.338979999000117, -7.98716000099995, 0.0 ], [ 112.338750001000108, -7.986750000999962, 0.0 ], [ 112.338460001000044, -7.986480000999961, 0.0 ], [ 112.338239999000052, -7.98636000099998, 0.0 ], [ 112.33793, -7.986210000999961, 0.0 ], [ 112.337640001000068, -7.986050000999967, 0.0 ], [ 112.337399999000013, -7.986039998999956, 0.0 ], [ 112.337009999000088, -7.986, 0.0 ], [ 112.336820001000092, -7.985910000999979, 0.0 ], [ 112.336659999000062, -7.98576000099996, 0.0 ], [ 112.336370000000102, -7.985210000999928, 0.0 ], [ 112.336289999000087, -7.984929998999974, 0.0 ], [ 112.33613, -7.984209998999972, 0.0 ], [ 112.33583000100009, -7.98362, 0.0 ], [ 112.33555, -7.983200000999943, 0.0 ], [ 112.33564, -7.982919998999932, 0.0 ], [ 112.33585000100004, -7.982480000999942, 0.0 ], [ 112.335910001000116, -7.98196, 0.0 ], [ 112.335920000000101, -7.981120000999965, 0.0 ], [ 112.33585000100004, -7.980730000999927, 0.0 ], [ 112.335750001000065, -7.980490000999964, 0.0 ], [ 112.335400001000039, -7.979759998999953, 0.0 ], [ 112.33535, -7.979340000999969, 0.0 ], [ 112.33538000100009, -7.979119998999977, 0.0 ], [ 112.335440001000052, -7.97884, 0.0 ], [ 112.33538000100009, -7.978729998999938, 0.0 ], [ 112.33516, -7.97841, 0.0 ], [ 112.334990001000051, -7.97779, 0.0 ], [ 112.334880000000112, -7.97763, 0.0 ], [ 112.334700001000101, -7.977459998999961, 0.0 ], [ 112.334460001000025, -7.97736, 0.0 ], [ 112.334160000000111, -7.97725, 0.0 ], [ 112.333900001000075, -7.977149998999948, 0.0 ], [ 112.333559999000045, -7.977149998999948, 0.0 ], [ 112.333260000000109, -7.977109998999936, 0.0 ], [ 112.333149999000057, -7.977040000999978, 0.0 ], [ 112.333049999000082, -7.977029998999967, 0.0 ], [ 112.332699999000056, -7.977040000999978, 0.0 ], [ 112.332590001000085, -7.976960000999952, 0.0 ], [ 112.33223, -7.976710000999958, 0.0 ], [ 112.331859999000017, -7.976659998999935, 0.0 ], [ 112.331600001000083, -7.9766, 0.0 ], [ 112.33143, -7.976490000999945, 0.0 ], [ 112.331360001, -7.976349998999979, 0.0 ], [ 112.33129, -7.975970000999951, 0.0 ], [ 112.331210001000045, -7.975589998999965, 0.0 ], [ 112.331070001000057, -7.975079998999945, 0.0 ], [ 112.331079999000053, -7.97454000099998, 0.0 ], [ 112.331090001, -7.973880000999941, 0.0 ], [ 112.331050001000108, -7.973490000999959, 0.0 ], [ 112.330990001000032, -7.97329, 0.0 ], [ 112.33087, -7.97303, 0.0 ], [ 112.33055, -7.9727, 0.0 ], [ 112.330350001000056, -7.97255, 0.0 ], [ 112.330250001000081, -7.97236000099997, 0.0 ], [ 112.33014, -7.97219, 0.0 ], [ 112.329920001, -7.971870000999957, 0.0 ], [ 112.329929999000115, -7.971689998999977, 0.0 ], [ 112.330040001000043, -7.97135, 0.0 ], [ 112.330110000000104, -7.97125000099993, 0.0 ], [ 112.330430001000082, -7.970920000999968, 0.0 ], [ 112.330640001, -7.970880000999955, 0.0 ], [ 112.330800001000057, -7.970749998999963, 0.0 ], [ 112.331090001, -7.970390000999942, 0.0 ], [ 112.331199999000091, -7.97021, 0.0 ], [ 112.331460001000096, -7.969730000999959, 0.0 ], [ 112.331820000000107, -7.969329998999967, 0.0 ], [ 112.331979999000055, -7.96903, 0.0 ], [ 112.332140001000084, -7.968810000999952, 0.0 ], [ 112.332289999000068, -7.96863, 0.0 ], [ 112.332389999000043, -7.968380000999957, 0.0 ], [ 112.332369999000093, -7.96822, 0.0 ], [ 112.332289999000068, -7.96794, 0.0 ], [ 112.332260001, -7.967669998999952, 0.0 ], [ 112.332360001000097, -7.967170000999943, 0.0 ], [ 112.332360001000097, -7.966989998999964, 0.0 ], [ 112.332269999, -7.96677, 0.0 ], [ 112.332249999000055, -7.966559998999969, 0.0 ], [ 112.332269999, -7.96625, 0.0 ], [ 112.332249999000055, -7.965940000999979, 0.0 ], [ 112.33222000100011, -7.96566, 0.0 ], [ 112.33234999900003, -7.965220000999977, 0.0 ], [ 112.3326, -7.964970000999926, 0.0 ], [ 112.332790001000035, -7.96473, 0.0 ], [ 112.33289, -7.964500000999976, 0.0 ], [ 112.33291, -7.964250000999925, 0.0 ], [ 112.332880001000035, -7.964010000999963, 0.0 ], [ 112.3328, -7.963860000999944, 0.0 ], [ 112.332550001000072, -7.963660000999937, 0.0 ], [ 112.332369999000093, -7.963600000999975, 0.0 ], [ 112.331970001000059, -7.96361, 0.0 ], [ 112.331460001000096, -7.963680000999943, 0.0 ], [ 112.33106, -7.96370000099995, 0.0 ], [ 112.330600001000107, -7.96365, 0.0 ], [ 112.330510000000118, -7.96357, 0.0 ], [ 112.330410001000018, -7.963029998999957, 0.0 ], [ 112.33026, -7.96283, 0.0 ], [ 112.329780001000017, -7.962220000999935, 0.0 ], [ 112.32972, -7.96197, 0.0 ], [ 112.32968, -7.961799998999936, 0.0 ], [ 112.329690001000017, -7.96157, 0.0 ], [ 112.32972, -7.961079998999935, 0.0 ], [ 112.329780001000017, -7.960589998999978, 0.0 ], [ 112.329989999000077, -7.960219998999946, 0.0 ], [ 112.330040001000043, -7.960070000999963, 0.0 ], [ 112.330020001000094, -7.959860000999981, 0.0 ], [ 112.329929999000115, -7.95967, 0.0 ], [ 112.329690001000017, -7.95943000099993, 0.0 ], [ 112.329450001000055, -7.95925, 0.0 ], [ 112.329080001000079, -7.959060000999955, 0.0 ], [ 112.328850001000092, -7.958920000999967, 0.0 ], [ 112.328610001000015, -7.958650000999967, 0.0 ], [ 112.328406682000036, -7.957859087999964, 0.0 ], [ 112.328050001000065, -7.957730000999959, 0.0 ], [ 112.327870001000065, -7.957509998999967, 0.0 ], [ 112.327660001000027, -7.95739, 0.0 ], [ 112.327230001000089, -7.95727, 0.0 ], [ 112.327079923000042, -7.957106278999959, 0.0 ], [ 112.327216951000082, -7.956740741999965, 0.0 ], [ 112.327288334000059, -7.956383821999964, 0.0 ], [ 112.327288334000059, -7.956050696999966, 0.0 ], [ 112.32696, -7.95531, 0.0 ], [ 112.327288334000059, -7.954860966999945, 0.0 ], [ 112.326931415000104, -7.953790208999976, 0.0 ], [ 112.326574497000024, -7.953385700999945, 0.0 ], [ 112.325765479000097, -7.952862219999929, 0.0 ], [ 112.324287343000037, -7.952345338999976, 0.0 ], [ 112.323970001000021, -7.952140000999975, 0.0 ], [ 112.32357, -7.951940000999969, 0.0 ], [ 112.323339999000041, -7.951900000999956, 0.0 ], [ 112.32307, -7.951920000999962, 0.0 ], [ 112.322470001000056, -7.951989998999977, 0.0 ], [ 112.322100001000081, -7.95195, 0.0 ], [ 112.32186, -7.95185, 0.0 ], [ 112.321570001000055, -7.951659998999958, 0.0 ], [ 112.32158, -7.95154, 0.0 ], [ 112.321590001000118, -7.95139, 0.0 ], [ 112.32149, -7.95107, 0.0 ], [ 112.32145, -7.95101, 0.0 ], [ 112.32125, -7.950830000999929, 0.0 ], [ 112.321060000000102, -7.95062, 0.0 ], [ 112.32071, -7.950099998999974, 0.0 ], [ 112.320620001000066, -7.949910000999978, 0.0 ], [ 112.32037, -7.949270000999945, 0.0 ], [ 112.32036000100004, -7.948969998999928, 0.0 ], [ 112.32037, -7.94855999899994, 0.0 ], [ 112.32037, -7.948490000999925, 0.0 ], [ 112.32041, -7.948149998999952, 0.0 ], [ 112.320480001000078, -7.947770000999981, 0.0 ], [ 112.320529999000087, -7.947690000999955, 0.0 ], [ 112.320740000000114, -7.947349998999925, 0.0 ], [ 112.320930001000079, -7.946890000999929, 0.0 ], [ 112.320939999000075, -7.9468, 0.0 ], [ 112.3210199990001, -7.94619999899993, 0.0 ], [ 112.32113, -7.945439998999973, 0.0 ], [ 112.32130999900005, -7.94522, 0.0 ], [ 112.32147, -7.945029998999928, 0.0 ], [ 112.321630001000017, -7.94476, 0.0 ], [ 112.32166, -7.944710000999976, 0.0 ], [ 112.32185000100003, -7.94446, 0.0 ], [ 112.32189, -7.94439, 0.0 ], [ 112.322060001000068, -7.944080000999975, 0.0 ], [ 112.322180001000106, -7.94394, 0.0 ], [ 112.322390001000031, -7.943799998999964, 0.0 ], [ 112.323210001, -7.943420000999936, 0.0 ], [ 112.324440001000085, -7.9429, 0.0 ], [ 112.324919999000031, -7.94260000099996, 0.0 ], [ 112.325380001000099, -7.94202, 0.0 ], [ 112.325650001000099, -7.94125, 0.0 ], [ 112.325989999000058, -7.94017, 0.0 ], [ 112.32622, -7.9389, 0.0 ], [ 112.326379999000096, -7.937390000999926, 0.0 ], [ 112.326419999000109, -7.93588, 0.0 ], [ 112.326420123000048, -7.935875404999933, 0.0 ], [ 112.326423607000038, -7.935876260999976, 0.0 ], [ 112.327163651000092, -7.935848115999931, 0.0 ], [ 112.327842666000038, -7.935871472999963, 0.0 ], [ 112.328994708000096, -7.936008329999936, 0.0 ], [ 112.330291708, -7.936297759999945, 0.0 ], [ 112.331153811000036, -7.93666492899996, 0.0 ], [ 112.331809951000082, -7.937160371999937, 0.0 ], [ 112.33238213900006, -7.937669161999963, 0.0 ], [ 112.332977250000113, -7.938101156999949, 0.0 ], [ 112.3329798420001, -7.938102303999926, 0.0 ], [ 112.332920001000048, -7.93898, 0.0 ], [ 112.33295, -7.939750000999936, 0.0 ], [ 112.33301, -7.94087, 0.0 ], [ 112.333089999000094, -7.94097, 0.0 ], [ 112.3333, -7.94126, 0.0 ], [ 112.333370001000048, -7.94134, 0.0 ], [ 112.333680001000062, -7.941660000999946, 0.0 ], [ 112.33379, -7.941720000999965, 0.0 ], [ 112.33427000100005, -7.941909998999961, 0.0 ], [ 112.335150001000102, -7.942219998999974, 0.0 ], [ 112.335240001000102, -7.942250000999934, 0.0 ], [ 112.33565000100009, -7.942330000999959, 0.0 ], [ 112.33607, -7.94236, 0.0 ], [ 112.336280001000091, -7.94249, 0.0 ], [ 112.336770000000115, -7.94311000099998, 0.0 ], [ 112.336880001000054, -7.94327, 0.0 ], [ 112.336949999000012, -7.943460000999949, 0.0 ], [ 112.337270001000093, -7.943759998999951, 0.0 ], [ 112.337840001000018, -7.944220000999962, 0.0 ], [ 112.338130001000081, -7.944320000999937, 0.0 ], [ 112.33833, -7.94437, 0.0 ], [ 112.338549999000065, -7.94452, 0.0 ], [ 112.339389999000105, -7.944969998999966, 0.0 ], [ 112.339730001000021, -7.945190000999958, 0.0 ], [ 112.340180001000022, -7.94561, 0.0 ], [ 112.340550001000111, -7.94606, 0.0 ], [ 112.34066, -7.946219998999936, 0.0 ], [ 112.34067, -7.94631, 0.0 ], [ 112.340490001000035, -7.946660000999941, 0.0 ], [ 112.340089999000043, -7.947389998999938, 0.0 ], [ 112.339970000000108, -7.94764, 0.0 ], [ 112.339940001000059, -7.9479, 0.0 ], [ 112.340020001000084, -7.948129998999946, 0.0 ], [ 112.34023, -7.94838, 0.0 ], [ 112.340780001000098, -7.948860000999957, 0.0 ], [ 112.34101, -7.94903, 0.0 ], [ 112.34142, -7.94914, 0.0 ], [ 112.341800001000024, -7.949230000999933, 0.0 ], [ 112.342220000000111, -7.949290000999952, 0.0 ], [ 112.342760000000112, -7.949210000999926, 0.0 ], [ 112.34304, -7.94918, 0.0 ], [ 112.3431700000001, -7.94922, 0.0 ], [ 112.343269999000086, -7.949299998999948, 0.0 ], [ 112.343480000000113, -7.94998, 0.0 ], [ 112.343719999000086, -7.95065, 0.0 ], [ 112.34391, -7.95107, 0.0 ], [ 112.344350001000066, -7.952080000999956, 0.0 ], [ 112.344519999000113, -7.95257, 0.0 ], [ 112.344660001000079, -7.95295, 0.0 ], [ 112.34473, -7.953270000999964, 0.0 ], [ 112.345030001000055, -7.953660000999946, 0.0 ], [ 112.345219999000051, -7.953870000999927, 0.0 ], [ 112.34540000100003, -7.954200000999947, 0.0 ], [ 112.34549, -7.954329998999981, 0.0 ], [ 112.346460001000082, -7.954960000999961, 0.0 ], [ 112.34699, -7.955129998999951, 0.0 ], [ 112.34734, -7.95522000099993, 0.0 ], [ 112.347570001, -7.95533, 0.0 ], [ 112.34790999900008, -7.955760000999931, 0.0 ], [ 112.347949999000093, -7.95582000099995, 0.0 ], [ 112.348020001, -7.955929998999977, 0.0 ], [ 112.34814, -7.956230000999938, 0.0 ], [ 112.34818, -7.956399998999927, 0.0 ], [ 112.34828, -7.956560000999957, 0.0 ], [ 112.34851, -7.95687, 0.0 ], [ 112.348680001000048, -7.95731, 0.0 ], [ 112.34896, -7.957899998999949, 0.0 ], [ 112.349110001000099, -7.958280000999935, 0.0 ], [ 112.349190001000011, -7.95845, 0.0 ], [ 112.349620001000062, -7.9588, 0.0 ], [ 112.349890001000063, -7.959149998999976, 0.0 ], [ 112.350180001000012, -7.95969, 0.0 ], [ 112.350260001000038, -7.95997, 0.0 ], [ 112.350389999000072, -7.960589998999978, 0.0 ], [ 112.35043, -7.96082, 0.0 ], [ 112.350590001000114, -7.96127, 0.0 ], [ 112.35125, -7.96205, 0.0 ], [ 112.351849999000024, -7.962450000999979, 0.0 ], [ 112.352170001000104, -7.962650000999929, 0.0 ], [ 112.35275, -7.96319000099993, 0.0 ], [ 112.353150001000017, -7.96355, 0.0 ], [ 112.353570000000104, -7.963800000999981, 0.0 ], [ 112.353950001000044, -7.96402, 0.0 ], [ 112.354249999000103, -7.96428, 0.0 ], [ 112.354510001000108, -7.96466000099997, 0.0 ], [ 112.35486000100002, -7.96512, 0.0 ], [ 112.35586000100011, -7.965850000999978, 0.0 ], [ 112.35615000100006, -7.966069998999956, 0.0 ], [ 112.356930001000023, -7.966760000999955, 0.0 ], [ 112.3575, -7.967170000999943, 0.0 ], [ 112.35764, -7.967299998999977, 0.0 ], [ 112.357850001000088, -7.96829, 0.0 ], [ 112.35803, -7.96874, 0.0 ], [ 112.3583, -7.969329998999967, 0.0 ], [ 112.35842, -7.969630000999928, 0.0 ], [ 112.358490001000064, -7.96979, 0.0 ], [ 112.35862, -7.970080000999928, 0.0 ], [ 112.358720001000052, -7.970370000999935, 0.0 ], [ 112.35883, -7.970829998999932, 0.0 ], [ 112.359000001000027, -7.97151, 0.0 ], [ 112.35958000100004, -7.972710000999939, 0.0 ], [ 112.359769999000036, -7.97297, 0.0 ], [ 112.36027, -7.973530000999972, 0.0 ], [ 112.36039, -7.973450000999946, 0.0 ], [ 112.36096, -7.973169998999936, 0.0 ], [ 112.361269999000115, -7.973220000999959, 0.0 ], [ 112.36146, -7.973260000999971, 0.0 ], [ 112.361710001, -7.973220000999959, 0.0 ], [ 112.36178, -7.973200000999952, 0.0 ], [ 112.362660001000108, -7.973370000999978, 0.0 ], [ 112.36273, -7.97338, 0.0 ], [ 112.362900001000071, -7.97336, 0.0 ], [ 112.36306, -7.973350000999972, 0.0 ], [ 112.362972168000056, -7.973094902999946, 0.0 ], [ 112.362957891000065, -7.972916443999964, 0.0 ], [ 112.362929338000072, -7.972780813999975, 0.0 ], [ 112.362815124, -7.972623768999938, 0.0 ], [ 112.362679494000076, -7.97250241699993, 0.0 ], [ 112.362658080000074, -7.972373926999978, 0.0 ], [ 112.362729462000061, -7.972259712999971, 0.0 ], [ 112.362886507000098, -7.972202605999939, 0.0 ], [ 112.363007859000049, -7.972081251999953, 0.0 ], [ 112.363179180000088, -7.971976556999948, 0.0 ], [ 112.363340984000047, -7.971795716999964, 0.0 ], [ 112.363483752000093, -7.971510182999964, 0.0 ], [ 112.36349326900006, -7.971234164999942, 0.0 ], [ 112.36349326900006, -7.971034288999931, 0.0 ], [ 112.363531341000112, -7.970805861999963, 0.0 ], [ 112.363712180000107, -7.970596468999929, 0.0 ], [ 112.36393109100004, -7.970396594999954, 0.0 ], [ 112.364340358000049, -7.970111058999976, 0.0 ], [ 112.364578305, -7.969968291999976, 0.0 ], [ 112.364806733000023, -7.969835041999943, 0.0 ], [ 112.365174993000096, -7.969813704999979, 0.0 ], [ 112.365722269000116, -7.969664989999956, 0.0 ], [ 112.365972113000112, -7.969522220999977, 0.0 ], [ 112.366216007000048, -7.969373504999965, 0.0 ], [ 112.366465851000044, -7.969248583999956, 0.0 ], [ 112.366644310000083, -7.969272377999971, 0.0 ], [ 112.366810873000077, -7.969177198999944, 0.0 ], [ 112.369285512000033, -7.96907607199995, 0.0 ], [ 112.36965021200001, -7.969919206999975, 0.0 ], [ 112.369780001000095, -7.969989998999949, 0.0 ], [ 112.369980001000044, -7.970089998999981, 0.0 ], [ 112.370130001, -7.97027000099996, 0.0 ], [ 112.370890001000021, -7.97015, 0.0 ], [ 112.371220001000097, -7.97015, 0.0 ], [ 112.371630001000085, -7.9703, 0.0 ], [ 112.371940000000109, -7.970330000999979, 0.0 ], [ 112.372229999000069, -7.9721, 0.0 ], [ 112.372289999000031, -7.97225, 0.0 ], [ 112.372390000000109, -7.972260000999938, 0.0 ], [ 112.37246, -7.972329998999953, 0.0 ], [ 112.372599999000045, -7.97234999899996, 0.0 ], [ 112.37287, -7.972369998999966, 0.0 ], [ 112.37287, -7.97252, 0.0 ], [ 112.37278, -7.97262, 0.0 ], [ 112.372670001000074, -7.97279999899996, 0.0 ], [ 112.372599999000045, -7.973020000999952, 0.0 ], [ 112.372639999000057, -7.973120000999927, 0.0 ], [ 112.37275000000011, -7.973249998999961, 0.0 ], [ 112.3728400010001, -7.97338, 0.0 ], [ 112.37289, -7.97346, 0.0 ], [ 112.37294999900007, -7.97343000099994, 0.0 ], [ 112.373009999000033, -7.973450000999946, 0.0 ], [ 112.373190001000012, -7.973590000999934, 0.0 ], [ 112.373410001000025, -7.97373, 0.0 ], [ 112.37369, -7.973800000999972, 0.0 ], [ 112.37396, -7.97372, 0.0 ], [ 112.37431, -7.973639998999943, 0.0 ], [ 112.374690000000101, -7.973550000999978, 0.0 ], [ 112.374999999000011, -7.973370000999978, 0.0 ], [ 112.37516000100004, -7.973280000999978, 0.0 ], [ 112.375500000000102, -7.973189998999942, 0.0 ], [ 112.377480001000094, -7.97262, 0.0 ], [ 112.378150001000108, -7.972329998999953, 0.0 ], [ 112.378990001000034, -7.9721, 0.0 ], [ 112.37983, -7.97188, 0.0 ], [ 112.38054000000011, -7.97171, 0.0 ], [ 112.381350000000111, -7.971609998999952, 0.0 ], [ 112.382440001000077, -7.97151, 0.0 ], [ 112.38435000100003, -7.97112, 0.0 ], [ 112.385090001000094, -7.97093, 0.0 ], [ 112.385770001000083, -7.97057, 0.0 ], [ 112.38647, -7.969960000999947, 0.0 ], [ 112.38731000100006, -7.969340000999978, 0.0 ], [ 112.388210001000061, -7.968790000999945, 0.0 ], [ 112.389730001000089, -7.968400000999964, 0.0 ], [ 112.391530000000103, -7.967950000999963, 0.0 ], [ 112.39228, -7.967649998999946, 0.0 ], [ 112.39321, -7.967230000999962, 0.0 ], [ 112.39434, -7.966590000999929, 0.0 ], [ 112.395110001000035, -7.96601, 0.0 ], [ 112.39588, -7.96552, 0.0 ], [ 112.396400001000075, -7.96523, 0.0 ], [ 112.3974, -7.964999998999929, 0.0 ], [ 112.399170001000016, -7.965030000999946, 0.0 ], [ 112.40127, -7.964990000999933, 0.0 ], [ 112.40298, -7.96476, 0.0 ], [ 112.40447, -7.964529998999978, 0.0 ], [ 112.40534, -7.964170000999957, 0.0 ], [ 112.406660001000091, -7.963390000999937, 0.0 ], [ 112.407460001000118, -7.962650000999929, 0.0 ], [ 112.408200001000068, -7.961879998999962, 0.0 ], [ 112.409040001000108, -7.96159, 0.0 ], [ 112.410230001000059, -7.960970000999964, 0.0 ], [ 112.41207, -7.960319998999978, 0.0 ], [ 112.41426, -7.959900000999937, 0.0 ], [ 112.41597, -7.959860000999981, 0.0 ], [ 112.415470001000017, -7.96275, 0.0 ], [ 112.415280001000042, -7.96394, 0.0 ] ] ] ] } },
{ "type": "Feature", "properties": { "OBJECTID": 116217.0, "KDPPUM": "35", "NAMOBJ": "Sumberagung", "REMARK": null, "KDPBPS": null, "FCODE": "BA03070040", "LUASWH": 7.22470327, "UUPP": "Hasil Delineasi Batas Desa 2019", "SRS_ID": "SRGI 2013", "METADATA": "TASWIL1000020200326DATA_BATAS_DESA_KELURAHAN", "KDEBPS": null, "KDEPUM": "35.05.15.2001", "KDCBPS": null, "KDCPUM": "35.05.15", "KDBBPS": null, "WADMKD": "Sumberagung", "WIADKD": null, "WADMKC": "Gandusari", "WIADKC": null, "WADMKK": "Blitar", "WIADKK": null, "WADMPR": "Jawa Timur", "WIADPR": null, "TIPADM": 1.0, "KDPKAB": "35.05", "SHAPE_Leng": 0.135956048971898, "SHAPE_Area": 0.000592803626463 }, "geometry": { "type": "MultiPolygon", "coordinates": [ [ [ [ 112.260709699000017, -8.055639473999975, 0.0 ], [ 112.26058, -8.0556, 0.0 ], [ 112.26047, -8.05556, 0.0 ], [ 112.26019, -8.05549, 0.0 ], [ 112.260130000000117, -8.05549, 0.0 ], [ 112.26007, -8.05547, 0.0 ], [ 112.259469999000089, -8.055300000999978, 0.0 ], [ 112.258800001000054, -8.05511, 0.0 ], [ 112.258240000000114, -8.054959998999948, 0.0 ], [ 112.258281680000096, -8.054876452999963, 0.0 ], [ 112.258788027000037, -8.053861487999939, 0.0 ], [ 112.259089283000094, -8.053236152999943, 0.0 ], [ 112.259342556000092, -8.052744505999954, 0.0 ], [ 112.259395767000115, -8.052621280999972, 0.0 ], [ 112.259484567000072, -8.052415640999925, 0.0 ], [ 112.259573250000017, -8.052231556999971, 0.0 ], [ 112.2601621660001, -8.050845520999928, 0.0 ], [ 112.260629793000021, -8.050113267999961, 0.0 ], [ 112.261109287000068, -8.049411040999928, 0.0 ], [ 112.261455700000056, -8.048811146999981, 0.0 ], [ 112.261498348000032, -8.04873273499993, 0.0 ], [ 112.261950445000025, -8.048056967999969, 0.0 ], [ 112.262208787000077, -8.047643621999953, 0.0 ], [ 112.262940187000027, -8.046592233999945, 0.0 ], [ 112.263558923, -8.045753167999976, 0.0 ], [ 112.263972369000044, -8.045210728999962, 0.0 ], [ 112.264075193000053, -8.045053054999926, 0.0 ], [ 112.264159661, -8.044938508999962, 0.0 ], [ 112.264840878000086, -8.043994200999975, 0.0 ], [ 112.265024709000045, -8.043759660999967, 0.0 ], [ 112.265200519000018, -8.043463077999945, 0.0 ], [ 112.265571985000065, -8.042836429999966, 0.0 ], [ 112.265807429, -8.042396769999925, 0.0 ], [ 112.26590916400005, -8.042240764999974, 0.0 ], [ 112.266061623000041, -8.041959863999978, 0.0 ], [ 112.266197496000018, -8.041709524999931, 0.0 ], [ 112.266218645000095, -8.041660481999941, 0.0 ], [ 112.268206300000088, -8.04211358799995, 0.0 ], [ 112.268465272000071, -8.042172622999942, 0.0 ], [ 112.268555933000016, -8.042017743999963, 0.0 ], [ 112.268688964000035, -8.041790481999953, 0.0 ], [ 112.269345697000063, -8.04061502899998, 0.0 ], [ 112.269659786000034, -8.040110583999933, 0.0 ], [ 112.269676466000078, -8.04004966499997, 0.0 ], [ 112.269766123000068, -8.039901020999935, 0.0 ], [ 112.269776921000016, -8.039710270999933, 0.0 ], [ 112.26977738700009, -8.039702032999969, 0.0 ], [ 112.269933113000093, -8.039624168999978, 0.0 ], [ 112.269941312000014, -8.039610575999973, 0.0 ], [ 112.26998022500004, -8.039474379999945, 0.0 ], [ 112.270026973000085, -8.039310763999936, 0.0 ], [ 112.270026973000085, -8.03909661299997, 0.0 ], [ 112.270241124000108, -8.038696862999927, 0.0 ], [ 112.270594946000074, -8.038207755999963, 0.0 ], [ 112.270739689000038, -8.037769344999958, 0.0 ], [ 112.27074618100005, -8.037642751999954, 0.0 ], [ 112.270755080000072, -8.037469226999974, 0.0 ], [ 112.270768092000026, -8.037466520999942, 0.0 ], [ 112.271376935000035, -8.03734762299996, 0.0 ], [ 112.271652491000054, -8.037261516999934, 0.0 ], [ 112.27196398000001, -8.037164182999959, 0.0 ], [ 112.27207618400007, -8.037129120999964, 0.0 ], [ 112.272533041000088, -8.036707956999976, 0.0 ], [ 112.27273294400004, -8.036418607999963, 0.0 ], [ 112.272842572000059, -8.036259925999957, 0.0 ], [ 112.273656491000111, -8.035662584999955, 0.0 ], [ 112.273839365000072, -8.035244587999955, 0.0 ], [ 112.274486578000051, -8.034007268999972, 0.0 ], [ 112.275196580000056, -8.032629216999965, 0.0 ], [ 112.27546, -8.03216, 0.0 ], [ 112.275475567000058, -8.032142270999941, 0.0 ], [ 112.275594999000077, -8.032006250999927, 0.0 ], [ 112.27586034, -8.031638950999934, 0.0 ], [ 112.27602355800002, -8.03151817, 0.0 ], [ 112.276157773000023, -8.031418850999955, 0.0 ], [ 112.276210203, -8.031305601999975, 0.0 ], [ 112.276306489000035, -8.031097623999926, 0.0 ], [ 112.27658632300006, -8.030842849999942, 0.0 ], [ 112.276705049000043, -8.030734755999958, 0.0 ], [ 112.276788330000045, -8.030586039999946, 0.0 ], [ 112.27685473400004, -8.03033787399994, 0.0 ], [ 112.276951323000048, -8.029976897999973, 0.0 ], [ 112.277005158000065, -8.029738925999936, 0.0 ], [ 112.277000895000015, -8.029491685999972, 0.0 ], [ 112.27701279200005, -8.029360815999951, 0.0 ], [ 112.27707822800005, -8.0291645099999, 0.0 ], [ 112.277125817000069, -8.028878974999941, 0.0 ], [ 112.277125817000069, -8.028794085999948, 0.0 ], [ 112.277125817000069, -8.028635079999958, 0.0 ], [ 112.277155560000097, -8.028420928999935, 0.0 ], [ 112.277220995000107, -8.027980727999932, 0.0 ], [ 112.277255843000034, -8.027874045999965, 0.0 ], [ 112.27737387600007, -8.027681510999969, 0.0 ], [ 112.27748095100003, -8.027324591999957, 0.0 ], [ 112.2775594740001, -8.026660721999974, 0.0 ], [ 112.277535381, -8.026407748999929, 0.0 ], [ 112.277530920000117, -8.026360909999937, 0.0 ], [ 112.277466675000028, -8.0260967899999, 0.0 ], [ 112.277430983000045, -8.02579697799996, 0.0 ], [ 112.277430983000045, -8.02546147399994, 0.0 ], [ 112.277438121000046, -8.025111692999928, 0.0 ], [ 112.277459536000038, -8.024890402999972, 0.0 ], [ 112.277430983000045, -8.02469052899994, 0.0 ], [ 112.277331045000096, -8.024576313999944, 0.0 ], [ 112.277288215000112, -8.024412131999952, 0.0 ], [ 112.277216831000032, -8.023976689999927, 0.0 ], [ 112.277259662, -8.023776815999952, 0.0 ], [ 112.277259662, -8.023405619999949, 0.0 ], [ 112.277181139000049, -8.022927347999939, 0.0 ], [ 112.277202554000041, -8.022691780999935, 0.0 ], [ 112.277124032000074, -8.022434799999928, 0.0 ], [ 112.27708120200009, -8.022127848999958, 0.0 ], [ 112.27705706200004, -8.021898281999938, 0.0 ], [ 112.277116894000073, -8.021656715999939, 0.0 ], [ 112.277145447000066, -8.021485394999956, 0.0 ], [ 112.277082169000096, -8.021366012999977, 0.0 ], [ 112.276959849000036, -8.021206997999968, 0.0 ], [ 112.276909881000051, -8.021007122999947, 0.0 ], [ 112.276931296000043, -8.020800109999925, 0.0 ], [ 112.27700268000001, -8.020621649999953, 0.0 ], [ 112.277078761000098, -8.020469486999957, 0.0 ], [ 112.277138309000065, -8.020350391999955, 0.0 ], [ 112.277145447000066, -8.020229038999958, 0.0 ], [ 112.277116894000073, -8.020164793999982, 0.0 ], [ 112.27707138400001, -8.019989945999953, 0.0 ], [ 112.27708524500008, -8.019819092999967, 0.0 ], [ 112.277074489000029, -8.019311828999946, 0.0 ], [ 112.277077266000106, -8.018948046999981, 0.0 ], [ 112.277078552000035, -8.018779586999926, 0.0 ], [ 112.277079286000117, -8.018683469999928, 0.0 ], [ 112.277236132000098, -8.017950298999949, 0.0 ], [ 112.277294513000015, -8.01726236199994, 0.0 ], [ 112.277331889000038, -8.016821940999932, 0.0 ], [ 112.277347570000074, -8.016594073999954, 0.0 ], [ 112.277407149000055, -8.015728303999936, 0.0 ], [ 112.277423524000028, -8.015490365999938, 0.0 ], [ 112.277440752000075, -8.015240017999929, 0.0 ], [ 112.277441864000025, -8.015223857999956, 0.0 ], [ 112.277454128000045, -8.015045636999957, 0.0 ], [ 112.277456871000027, -8.015005782999935, 0.0 ], [ 112.277456978000032, -8.015004233999946, 0.0 ], [ 112.277460200000064, -8.014957404999961, 0.0 ], [ 112.277463208000086, -8.014913693999972, 0.0 ], [ 112.277463512000054, -8.014912743999957, 0.0 ], [ 112.278329999000107, -8.015730000999952, 0.0 ], [ 112.27962, -8.015469998999947, 0.0 ], [ 112.28047, -8.01482, 0.0 ], [ 112.28118, -8.014460000999975, 0.0 ], [ 112.282969999000102, -8.01412, 0.0 ], [ 112.284000000000106, -8.014130000999955, 0.0 ], [ 112.284620001, -8.014190000999974, 0.0 ], [ 112.28530000100011, -8.014299998999945, 0.0 ], [ 112.28525, -8.015019998999946, 0.0 ], [ 112.28523, -8.015409998999928, 0.0 ], [ 112.285170000000107, -8.01636, 0.0 ], [ 112.285158379000109, -8.016463370999929, 0.0 ], [ 112.284979999000029, -8.018050000999949, 0.0 ], [ 112.28495999900008, -8.018219998999939, 0.0 ], [ 112.28486, -8.0191, 0.0 ], [ 112.28475000100002, -8.01987, 0.0 ], [ 112.284629999000117, -8.02065, 0.0 ], [ 112.284529999000029, -8.021290000999954, 0.0 ], [ 112.28446000100007, -8.02224, 0.0 ], [ 112.28443, -8.02274, 0.0 ], [ 112.28441, -8.02302, 0.0 ], [ 112.28437, -8.02339, 0.0 ], [ 112.28431, -8.02395, 0.0 ], [ 112.284219999000015, -8.02458, 0.0 ], [ 112.28395, -8.02592, 0.0 ], [ 112.283910000000105, -8.02616, 0.0 ], [ 112.283860001000107, -8.02649, 0.0 ], [ 112.283829999000091, -8.026670000999957, 0.0 ], [ 112.283800001000031, -8.026859998999953, 0.0 ], [ 112.28371, -8.027300000999958, 0.0 ], [ 112.283640001000094, -8.0277, 0.0 ], [ 112.283620001000031, -8.02779, 0.0 ], [ 112.28353, -8.028270000999953, 0.0 ], [ 112.283370001000094, -8.02904, 0.0 ], [ 112.283320000000117, -8.02933, 0.0 ], [ 112.28324, -8.029790000999981, 0.0 ], [ 112.283190001000094, -8.03004, 0.0 ], [ 112.283123399000033, -8.030417411999963, 0.0 ], [ 112.282964603000096, -8.031054152999957, 0.0 ], [ 112.282932481000103, -8.031200489999947, 0.0 ], [ 112.282882512000015, -8.031461041999933, 0.0 ], [ 112.282908257000031, -8.031522987999949, 0.0 ], [ 112.282696913000109, -8.032396168999981, 0.0 ], [ 112.282654084000114, -8.032642442999929, 0.0 ], [ 112.282625529000029, -8.032817333999958, 0.0 ], [ 112.282561284000053, -8.03299222499993, 0.0 ], [ 112.282539870000051, -8.033052899999973, 0.0 ], [ 112.282550576000062, -8.033156407999968, 0.0 ], [ 112.282575560000055, -8.033231360999935, 0.0 ], [ 112.282575560000055, -8.033366988999944, 0.0 ], [ 112.282596169000044, -8.033492838999962, 0.0 ], [ 112.282559999000114, -8.03374, 0.0 ], [ 112.282579999000063, -8.03399, 0.0 ], [ 112.282450001000029, -8.034340000999975, 0.0 ], [ 112.28236, -8.034570000999963, 0.0 ], [ 112.282239760000039, -8.034912747999954, 0.0 ], [ 112.282204067000066, -8.03516259, 0.0 ], [ 112.282126736, -8.035358896999981, 0.0 ], [ 112.282114838000098, -8.03560873899994, 0.0 ], [ 112.282079145000012, -8.035757455999942, 0.0 ], [ 112.282079145000012, -8.035965658999942, 0.0 ], [ 112.28201, -8.03644000099996, 0.0 ], [ 112.281910001000028, -8.03709, 0.0 ], [ 112.281859999000062, -8.037329998999951, 0.0 ], [ 112.281790001000104, -8.037590000999955, 0.0 ], [ 112.28172, -8.037830000999975, 0.0 ], [ 112.281449999000074, -8.03818999899994, 0.0 ], [ 112.281280001000027, -8.0384, 0.0 ], [ 112.28084, -8.039740000999927, 0.0 ], [ 112.28080839200004, -8.039917012999979, 0.0 ], [ 112.280825018000087, -8.04003906, 0.0 ], [ 112.280836915, -8.040104495999969, 0.0 ], [ 112.280845838, -8.040155059999961, 0.0 ], [ 112.280875582000021, -8.04023239199995, 0.0 ], [ 112.28092317100004, -8.04031269799998, 0.0 ], [ 112.280938042000116, -8.040384082999935, 0.0 ], [ 112.280949939000038, -8.040446542999973, 0.0 ], [ 112.281030246000114, -8.040503055999977, 0.0 ], [ 112.281054041000061, -8.040559566999946, 0.0 ], [ 112.281045118000065, -8.040663668999969, 0.0 ], [ 112.280979684000044, -8.040755872999966, 0.0 ], [ 112.280857387000083, -8.040840658999969, 0.0 ], [ 112.280834520000099, -8.040898754999944, 0.0 ], [ 112.280786353000053, -8.040937307999968, 0.0 ], [ 112.280717942000024, -8.041038434999962, 0.0 ], [ 112.280670354000108, -8.041172278999966, 0.0 ], [ 112.280700001000014, -8.041249998999945, 0.0 ], [ 112.280747686000041, -8.04130314899993, 0.0 ], [ 112.280810146000022, -8.041377506999936, 0.0 ], [ 112.28085773600003, -8.041520274999925, 0.0 ], [ 112.280851787000074, -8.041686837999976, 0.0 ], [ 112.280809680000061, -8.041768506999972, 0.0 ], [ 112.28081, -8.041770000999975, 0.0 ], [ 112.280609999000035, -8.042020000999969, 0.0 ], [ 112.280500001000064, -8.042160000999957, 0.0 ], [ 112.280440498000075, -8.042414238999982, 0.0 ], [ 112.280459177000012, -8.042549391999955, 0.0 ], [ 112.280459177000012, -8.042608878999943, 0.0 ], [ 112.280438356000104, -8.04266836499994, 0.0 ], [ 112.280465125000092, -8.042742723999936, 0.0 ], [ 112.280471074000047, -8.042831953999951, 0.0 ], [ 112.280482970000094, -8.042965796999965, 0.0 ], [ 112.2804681, -8.043102615999942, 0.0 ], [ 112.280419155000118, -8.043189016999975, 0.0 ], [ 112.28042, -8.043199998999967, 0.0 ], [ 112.280339999000034, -8.043569998999942, 0.0 ], [ 112.280299999000022, -8.04372000099994, 0.0 ], [ 112.280299999000022, -8.043930000999978, 0.0 ], [ 112.280279999000072, -8.04413, 0.0 ], [ 112.280210001000114, -8.04494, 0.0 ], [ 112.28021999900011, -8.045129998999926, 0.0 ], [ 112.2802, -8.045559998999977, 0.0 ], [ 112.28012, -8.04583, 0.0 ], [ 112.28, -8.04611, 0.0 ], [ 112.279843176000099, -8.046669107999946, 0.0 ], [ 112.279676615000085, -8.047799352999959, 0.0 ], [ 112.27948625800002, -8.049262720999934, 0.0 ], [ 112.279497854000056, -8.049564204999967, 0.0 ], [ 112.279485623000028, -8.049631117999979, 0.0 ], [ 112.279474201000085, -8.049739619999968, 0.0 ], [ 112.279480094000064, -8.049836045999939, 0.0 ], [ 112.279564943000082, -8.049862059999953, 0.0 ], [ 112.2796300010001, -8.05012, 0.0 ], [ 112.27973, -8.05036, 0.0 ], [ 112.279860001000088, -8.05057, 0.0 ], [ 112.279980001000013, -8.050729998999941, 0.0 ], [ 112.28003, -8.05096, 0.0 ], [ 112.279990001000101, -8.05116, 0.0 ], [ 112.279829999000071, -8.051469998999949, 0.0 ], [ 112.27967, -8.051610000999972, 0.0 ], [ 112.27958, -8.05168, 0.0 ], [ 112.279820001000076, -8.052, 0.0 ], [ 112.279880001000038, -8.05209, 0.0 ], [ 112.279820001000076, -8.052289998999981, 0.0 ], [ 112.279680001000088, -8.052559998999925, 0.0 ], [ 112.27962, -8.05274, 0.0 ], [ 112.27964, -8.05289, 0.0 ], [ 112.27969, -8.052989998999976, 0.0 ], [ 112.2796300010001, -8.053190000999962, 0.0 ], [ 112.27958, -8.05327000099993, 0.0 ], [ 112.279439999000033, -8.05432, 0.0 ], [ 112.279410001000088, -8.05456000099997, 0.0 ], [ 112.27942, -8.055409998999949, 0.0 ], [ 112.27942, -8.0556, 0.0 ], [ 112.27923, -8.056220000999929, 0.0 ], [ 112.279029999000045, -8.056550000999948, 0.0 ], [ 112.27885, -8.056849998999951, 0.0 ], [ 112.278650001000074, -8.05707, 0.0 ], [ 112.278530001000036, -8.057170000999974, 0.0 ], [ 112.27843, -8.057370000999981, 0.0 ], [ 112.278400001000023, -8.05755, 0.0 ], [ 112.278420001000086, -8.057800000999976, 0.0 ], [ 112.278490001000023, -8.05848999899996, 0.0 ], [ 112.27848, -8.05874, 0.0 ], [ 112.27848, -8.058950000999971, 0.0 ], [ 112.27858, -8.059550000999934, 0.0 ], [ 112.2786, -8.05982, 0.0 ], [ 112.27858, -8.059940000999973, 0.0 ], [ 112.278460000000109, -8.06006999899995, 0.0 ], [ 112.278320001000111, -8.060129998999969, 0.0 ], [ 112.277970001000085, -8.06017, 0.0 ], [ 112.27782, -8.06028, 0.0 ], [ 112.277650000000108, -8.060640000999967, 0.0 ], [ 112.27735, -8.061190000999943, 0.0 ], [ 112.27722, -8.061420000999931, 0.0 ], [ 112.277139999000042, -8.06164999899994, 0.0 ], [ 112.277210001000071, -8.06242999899996, 0.0 ], [ 112.277320001000021, -8.062890000999971, 0.0 ], [ 112.27742000100011, -8.06324000099994, 0.0 ], [ 112.277494523000087, -8.063553780999939, 0.0 ], [ 112.277441092000117, -8.063541907999934, 0.0 ], [ 112.277113916000076, -8.063574625999934, 0.0 ], [ 112.276849201, -8.063574625999934, 0.0 ], [ 112.275912288000086, -8.063669803999971, 0.0 ], [ 112.275162758000079, -8.063729289999969, 0.0 ], [ 112.274909940000043, -8.063779853999961, 0.0 ], [ 112.273622057000011, -8.063842314999931, 0.0 ], [ 112.273375188000045, -8.06382446899994, 0.0 ], [ 112.2732591890001, -8.063800673999935, 0.0 ], [ 112.27318780500002, -8.063773904999948, 0.0 ], [ 112.273140216000115, -8.063738212999965, 0.0 ], [ 112.273107498000059, -8.06368467599998, 0.0 ], [ 112.273104524000019, -8.063613291999957, 0.0 ], [ 112.273110473000088, -8.063559753999925, 0.0 ], [ 112.273137242000075, -8.063473497999951, 0.0 ], [ 112.273149139000111, -8.063425908999932, 0.0 ], [ 112.273146165000071, -8.06334262799993, 0.0 ], [ 112.273104524000019, -8.063324781999938, 0.0 ], [ 112.272762477000015, -8.063292064999928, 0.0 ], [ 112.271715514000107, -8.063253397999972, 0.0 ], [ 112.27120095500004, -8.063280166999959, 0.0 ], [ 112.271067111000093, -8.063253397999972, 0.0 ], [ 112.270945163000079, -8.063193911999974, 0.0 ], [ 112.270531732000109, -8.062884581999981, 0.0 ], [ 112.270353272000079, -8.062786428999971, 0.0 ], [ 112.270139121000057, -8.062756685999943, 0.0 ], [ 112.269770304000076, -8.062718019999977, 0.0 ], [ 112.268422935000103, -8.062747762999948, 0.0 ], [ 112.267129103000116, -8.062762633999967, 0.0 ], [ 112.266751363000026, -8.062822120999954, 0.0 ], [ 112.266662133000068, -8.062825094999937, 0.0 ], [ 112.266575878000026, -8.062825094999937, 0.0 ], [ 112.266516391000096, -8.062825094999937, 0.0 ], [ 112.266442033000089, -8.062813197999958, 0.0 ], [ 112.266397418000111, -8.062801300999979, 0.0 ], [ 112.266337932000056, -8.062780479999958, 0.0 ], [ 112.266287368, -8.062747762999948, 0.0 ], [ 112.266227882000067, -8.062729916999956, 0.0 ], [ 112.266144601000065, -8.062712070999964, 0.0 ], [ 112.266082140000094, -8.062715044999948, 0.0 ], [ 112.266007782000088, -8.062718019999977, 0.0 ], [ 112.265930449000052, -8.062723967999943, 0.0 ], [ 112.265820399000063, -8.062729916999956, 0.0 ], [ 112.26565086200003, -8.062712070999964, 0.0 ], [ 112.265109535000079, -8.062640686999941, 0.0 ], [ 112.264125033000028, -8.062539559999948, 0.0 ], [ 112.262926231000051, -8.06241384499998, 0.0 ], [ 112.261543254000117, -8.062281928999937, 0.0 ], [ 112.258751640000014, -8.062015647999942, 0.0 ], [ 112.258794470000112, -8.061601621999955, 0.0 ], [ 112.258922961000053, -8.061216148999961, 0.0 ], [ 112.259108559000083, -8.060887782999941, 0.0 ], [ 112.259176106000041, -8.06077520599996, 0.0 ], [ 112.259322711000095, -8.060530864999976, 0.0 ], [ 112.259536862, -8.060159668999972, 0.0 ], [ 112.259593969000093, -8.059931239999969, 0.0 ], [ 112.259693907000042, -8.059617150999941, 0.0 ], [ 112.259751014000017, -8.059417276999966, 0.0 ], [ 112.259751014000017, -8.059331708999935, 0.0 ], [ 112.259751014000017, -8.059188848999952, 0.0 ], [ 112.259751014000017, -8.059126361999972, 0.0 ], [ 112.259751014000017, -8.058988973999931, 0.0 ], [ 112.259708183000043, -8.058889036999972, 0.0 ], [ 112.259679630000051, -8.05853211699997, 0.0 ], [ 112.259850951000089, -8.058146644999965, 0.0 ], [ 112.260007995000024, -8.05786110899993, 0.0 ], [ 112.260304345, -8.057578229999933, 0.0 ], [ 112.260322084000109, -8.05756129699995, 0.0 ], [ 112.260379960000023, -8.057460977999938, 0.0 ], [ 112.260536236, -8.057190100999946, 0.0 ], [ 112.260626314000092, -8.056773488999966, 0.0 ], [ 112.260650450000071, -8.056661860999952, 0.0 ], [ 112.260644877, -8.05662284899995, 0.0 ], [ 112.260579066000105, -8.056162173999951, 0.0 ], [ 112.260709699000017, -8.055639473999975, 0.0 ] ] ] ] } },
{ "type": "Feature", "properties": { "OBJECTID": 116213.0, "KDPPUM": "35", "NAMOBJ": "Gondang", "REMARK": null, "KDPBPS": null, "FCODE": "BA03070040", "LUASWH": 1.5625456, "UUPP": "Hasil Delineasi Batas Desa 2019", "SRS_ID": "SRGI 2013", "METADATA": "TASWIL1000020200326DATA_BATAS_DESA_KELURAHAN", "KDEBPS": null, "KDEPUM": "35.05.15.2005", "KDCBPS": null, "KDCPUM": "35.05.15", "KDBBPS": null, "WADMKD": "Gondang", "WIADKD": null, "WADMKC": "Gandusari", "WIADKC": null, "WADMKK": "Blitar", "WIADKK": null, "WADMPR": "Jawa Timur", "WIADPR": null, "TIPADM": 1.0, "KDPKAB": "35.05", "SHAPE_Leng": 0.066671971909851996, "SHAPE_Area": 0.00012821648246500001 }, "geometry": { "type": "MultiPolygon", "coordinates": [ [ [ [ 112.291946347000021, -8.067716632999975, 0.0 ], [ 112.292280001000108, -8.06771, 0.0 ], [ 112.292400001000033, -8.068090000999973, 0.0 ], [ 112.292449999000041, -8.068250000999967, 0.0 ], [ 112.292389999000079, -8.06853, 0.0 ], [ 112.292300001000058, -8.06879, 0.0 ], [ 112.292300001000058, -8.06892, 0.0 ], [ 112.29236000100002, -8.069039998999926, 0.0 ], [ 112.291326078000111, -8.06925627499993, 0.0 ], [ 112.291326078000111, -8.069302106999942, 0.0 ], [ 112.291335001000107, -8.069358618999956, 0.0 ], [ 112.291335001000107, -8.06939431099994, 0.0 ], [ 112.291329052000037, -8.069438925999975, 0.0 ], [ 112.291323103000082, -8.069474617999958, 0.0 ], [ 112.291290386000014, -8.069531129999973, 0.0 ], [ 112.291257668000071, -8.069563847999973, 0.0 ], [ 112.291260642000111, -8.069599539999956, 0.0 ], [ 112.291284437000058, -8.069632256999967, 0.0 ], [ 112.291293360000054, -8.069685794999941, 0.0 ], [ 112.291287411000098, -8.069724460999964, 0.0 ], [ 112.291248745000075, -8.069852356999945, 0.0 ], [ 112.291183310000065, -8.070060559999945, 0.0 ], [ 112.291147711, -8.070129979999933, 0.0 ], [ 112.291143720000036, -8.070149934999961, 0.0 ], [ 112.291127984000013, -8.070385970999951, 0.0 ], [ 112.291168438000113, -8.070461102999957, 0.0 ], [ 112.291192233000061, -8.070514640999932, 0.0 ], [ 112.291227925000044, -8.070591972999978, 0.0 ], [ 112.291257668000071, -8.070693099999971, 0.0 ], [ 112.291293360000054, -8.070823970999982, 0.0 ], [ 112.291317155000115, -8.070901302999971, 0.0 ], [ 112.291391840000074, -8.071165573999963, 0.0 ], [ 112.291405459000089, -8.071196897999926, 0.0 ], [ 112.291410940000105, -8.071229784999957, 0.0 ], [ 112.291500638000116, -8.07176796899995, 0.0 ], [ 112.291572023000072, -8.072243860999947, 0.0 ], [ 112.291584362000094, -8.072301442999958, 0.0 ], [ 112.291572947000077, -8.072400363999975, 0.0 ], [ 112.291572947000077, -8.072501490999969, 0.0 ], [ 112.291572947000077, -8.072564458999977, 0.0 ], [ 112.291572947000077, -8.072638309999945, 0.0 ], [ 112.291459922000058, -8.073155842999938, 0.0 ], [ 112.291257668000071, -8.073744758999965, 0.0 ], [ 112.290984030000118, -8.073697169999946, 0.0 ], [ 112.290960235000057, -8.073893474999977, 0.0 ], [ 112.290704443000095, -8.073810193999975, 0.0 ], [ 112.290692546000059, -8.073964858999943, 0.0 ], [ 112.290418908000106, -8.073875628999929, 0.0 ], [ 112.290389165000079, -8.074030293999954, 0.0 ], [ 112.290163116000031, -8.073982704999935, 0.0 ], [ 112.290135752000083, -8.074155215999951, 0.0 ], [ 112.290126234000013, -8.074214702999939, 0.0 ], [ 112.290119096000012, -8.07428370699995, 0.0 ], [ 112.290114337000091, -8.074336054999947, 0.0 ], [ 112.290069127000038, -8.074376505999965, 0.0 ], [ 112.290021538000019, -8.074405059999947, 0.0 ], [ 112.290000123000027, -8.074445509999975, 0.0 ], [ 112.289997743000072, -8.074512134999964, 0.0 ], [ 112.290007261000028, -8.074564482999961, 0.0 ], [ 112.289992985000026, -8.074640625999962, 0.0 ], [ 112.289985846000036, -8.074676317999945, 0.0 ], [ 112.289978708000035, -8.074704871999927, 0.0 ], [ 112.289959672, -8.074745321999956, 0.0 ], [ 112.289952534, -8.074792911999964, 0.0 ], [ 112.289943016000052, -8.074847638999927, 0.0 ], [ 112.289938257000017, -8.074890469999957, 0.0 ], [ 112.289933498000096, -8.074947576999932, 0.0 ], [ 112.289885909000077, -8.075037995999935, 0.0 ], [ 112.289802628000075, -8.075387776999946, 0.0 ], [ 112.289774074000093, -8.075447262999944, 0.0 ], [ 112.289740762000065, -8.075504370999965, 0.0 ], [ 112.289714588000038, -8.075566236999975, 0.0 ], [ 112.289705070000082, -8.075611445999925, 0.0 ], [ 112.289697931000092, -8.075656655999978, 0.0 ], [ 112.289686034000056, -8.075728039999944, 0.0 ], [ 112.289659860000029, -8.075794664999933, 0.0 ], [ 112.289626548000115, -8.075818458999947, 0.0 ], [ 112.289593235000098, -8.075856530999943, 0.0 ], [ 112.289576579000027, -8.07588270499997, 0.0 ], [ 112.28955278400008, -8.075930293999932, 0.0 ], [ 112.289545646000079, -8.075963606999949, 0.0 ], [ 112.289545646000079, -8.076015954999946, 0.0 ], [ 112.289548025000045, -8.076049266999973, 0.0 ], [ 112.289548025000045, -8.076087337999979, 0.0 ], [ 112.289550405000114, -8.076118270999928, 0.0 ], [ 112.289555164000035, -8.076144445999944, 0.0 ], [ 112.289567061000071, -8.076158721999946, 0.0 ], [ 112.289576555000053, -8.076219913999978, 0.0 ], [ 112.289988797000092, -8.076262347999943, 0.0 ], [ 112.289976304000106, -8.076296056999979, 0.0 ], [ 112.289795465000111, -8.077171698999962, 0.0 ], [ 112.289501499000039, -8.07717784099998, 0.0 ], [ 112.289208230000099, -8.077008899999953, 0.0 ], [ 112.288907823000045, -8.076845311999932, 0.0 ], [ 112.288949464000098, -8.076646031999928, 0.0 ], [ 112.288970284000015, -8.076530032999926, 0.0 ], [ 112.289056540000047, -8.076414034999971, 0.0 ], [ 112.289080334, -8.076318855999943, 0.0 ], [ 112.289074386000038, -8.07621772899995, 0.0 ], [ 112.289062488000013, -8.076110652999944, 0.0 ], [ 112.28902977100006, -8.075988705999976, 0.0 ], [ 112.289035719000026, -8.075914347999969, 0.0 ], [ 112.289050591000091, -8.075860809999938, 0.0 ], [ 112.289080334, -8.075795374999927, 0.0 ], [ 112.289116026000102, -8.075712093999925, 0.0 ], [ 112.289130898000053, -8.075643683999942, 0.0 ], [ 112.289133872000093, -8.075590145999968, 0.0 ], [ 112.289181461000112, -8.07553066, 0.0 ], [ 112.289226076000091, -8.075489018999974, 0.0 ], [ 112.289223102000051, -8.075435480999943, 0.0 ], [ 112.289196333000064, -8.075313533999974, 0.0 ], [ 112.289083309000034, -8.074932819999958, 0.0 ], [ 112.289030239000112, -8.074928786999976, 0.0 ], [ 112.288339727000107, -8.074876307999943, 0.0 ], [ 112.288205881000067, -8.074870110999939, 0.0 ], [ 112.287697273000049, -8.074846564999973, 0.0 ], [ 112.287352251000016, -8.074816820999956, 0.0 ], [ 112.287158079000051, -8.074803604999943, 0.0 ], [ 112.286873649000086, -8.074784245999979, 0.0 ], [ 112.286884485000087, -8.074732776999952, 0.0 ], [ 112.286332449000042, -8.074789883999927, 0.0 ], [ 112.286161128000117, -8.075008793999928, 0.0 ], [ 112.285970772000042, -8.075418061999926, 0.0 ], [ 112.284343219000107, -8.075208669999938, 0.0 ], [ 112.284390419000033, -8.074911310999937, 0.0 ], [ 112.284271122000064, -8.07486055499993, 0.0 ], [ 112.284326683000018, -8.074597340999958, 0.0 ], [ 112.284188555000014, -8.074582870999961, 0.0 ], [ 112.284167139000033, -8.074304473999973, 0.0 ], [ 112.284224246, -8.074183120999976, 0.0 ], [ 112.284302769000078, -8.073997523999935, 0.0 ], [ 112.284381291000045, -8.073654880999925, 0.0 ], [ 112.284418377000065, -8.073257523999928, 0.0 ], [ 112.284458033000078, -8.07321266799994, 0.0 ], [ 112.284461602000079, -8.073084176999942, 0.0 ], [ 112.284440187000087, -8.072966393999934, 0.0 ], [ 112.284440187000087, -8.072912855999959, 0.0 ], [ 112.284454464000078, -8.072827194999945, 0.0 ], [ 112.284468741000069, -8.072745103999978, 0.0 ], [ 112.284472310000069, -8.072684427999945, 0.0 ], [ 112.284472310000069, -8.072598766999931, 0.0 ], [ 112.284472310000069, -8.072545228999957, 0.0 ], [ 112.284471701000029, -8.07253181699997, 0.0 ], [ 112.284468741000069, -8.072466706999933, 0.0 ], [ 112.284468741000069, -8.072413168999958, 0.0 ], [ 112.284468741000069, -8.072345353999935, 0.0 ], [ 112.284475576000091, -8.072290668999926, 0.0 ], [ 112.28447944800007, -8.072259693999968, 0.0 ], [ 112.284497294000062, -8.072177601999954, 0.0 ], [ 112.284540124000046, -8.07209551099993, 0.0 ], [ 112.283700175000035, -8.072038403999954, 0.0 ], [ 112.283421778000047, -8.071978916999967, 0.0 ], [ 112.282803118000061, -8.071983675999945, 0.0 ], [ 112.282543310000051, -8.071970886999964, 0.0 ], [ 112.282527393, -8.071967475999941, 0.0 ], [ 112.28223684000011, -8.071905214999958, 0.0 ], [ 112.282126905000041, -8.071881656999949, 0.0 ], [ 112.280886412000086, -8.071744044999946, 0.0 ], [ 112.280815029000109, -8.071563205999951, 0.0 ], [ 112.280767439000101, -8.071506098999976, 0.0 ], [ 112.280715091000047, -8.071415678999927, 0.0 ], [ 112.280662743000107, -8.071301464999976, 0.0 ], [ 112.280605636000018, -8.071172973999978, 0.0 ], [ 112.280548529000043, -8.071073036999962, 0.0 ], [ 112.280514667000034, -8.070982735999962, 0.0 ], [ 112.280477145000077, -8.070882679999954, 0.0 ], [ 112.280434315000093, -8.070811295999931, 0.0 ], [ 112.280415279000067, -8.070730393999952, 0.0 ], [ 112.280443833000049, -8.070625697999958, 0.0 ], [ 112.280486663000033, -8.070554313999935, 0.0 ], [ 112.280524734000096, -8.070473412999945, 0.0 ], [ 112.280562806000034, -8.070392510999966, 0.0 ], [ 112.280586600000106, -8.07031160899993, 0.0 ], [ 112.280596118000062, -8.070202153999958, 0.0 ], [ 112.280591359000027, -8.07013552899997, 0.0 ], [ 112.280581841000071, -8.070059385999969, 0.0 ], [ 112.280572324000104, -8.069997519999959, 0.0 ], [ 112.280562806000034, -8.069911859999934, 0.0 ], [ 112.280558047000113, -8.069821439999942, 0.0 ], [ 112.280581165000058, -8.069707477999941, 0.0 ], [ 112.280585660000042, -8.069676135999941, 0.0 ], [ 112.280589064000083, -8.06965738599996, 0.0 ], [ 112.280703829000117, -8.069025272999966, 0.0 ], [ 112.280702210000072, -8.068863315999977, 0.0 ], [ 112.28070995600001, -8.068465448999973, 0.0 ], [ 112.280713763000108, -8.068406437999954, 0.0 ], [ 112.280715666000106, -8.068374077999977, 0.0 ], [ 112.28071947300009, -8.068347427999981, 0.0 ], [ 112.280721377000077, -8.068313162999971, 0.0 ], [ 112.280717570000093, -8.068282705999934, 0.0 ], [ 112.280708052000023, -8.06824844199997, 0.0 ], [ 112.280687113000113, -8.068229405999944, 0.0 ], [ 112.280656656000019, -8.068212273999961, 0.0 ], [ 112.280637620000107, -8.068197045999966, 0.0 ], [ 112.280626199000039, -8.068082831999959, 0.0 ], [ 112.280628102000037, -8.068050470999935, 0.0 ], [ 112.280649041000061, -8.068008591999956, 0.0 ], [ 112.280675691000056, -8.067968617999952, 0.0 ], [ 112.280700438000054, -8.067934352999941, 0.0 ], [ 112.280708052000023, -8.067905799999949, 0.0 ], [ 112.280715666000106, -8.067879149999953, 0.0 ], [ 112.280730895000033, -8.06784678899993, 0.0 ], [ 112.280751834000057, -8.067818235999937, 0.0 ], [ 112.280768966000096, -8.067793488999939, 0.0 ], [ 112.280780388000039, -8.067770645999929, 0.0 ], [ 112.280782291000037, -8.067747803999964, 0.0 ], [ 112.280772773000081, -8.067723056999967, 0.0 ], [ 112.280750287000046, -8.067698905999976, 0.0 ], [ 112.280711621000023, -8.067672136999931, 0.0 ], [ 112.280681878000109, -8.067615623999927, 0.0 ], [ 112.280678904000069, -8.067565060999925, 0.0 ], [ 112.280711621000023, -8.067490702999976, 0.0 ], [ 112.280725189, -8.06746272, 0.0 ], [ 112.280759210000042, -8.067392549999965, 0.0 ], [ 112.280777056000034, -8.067330088999938, 0.0 ], [ 112.280791928000099, -8.067258704999972, 0.0 ], [ 112.280824646000042, -8.067169475999947, 0.0 ], [ 112.280830594, -8.067098091999981, 0.0 ], [ 112.280824646000042, -8.067041579999966, 0.0 ], [ 112.28080680000005, -8.066973169999926, 0.0 ], [ 112.28080977400009, -8.066919631999951, 0.0 ], [ 112.280827620000082, -8.066860145999954, 0.0 ], [ 112.280857363000109, -8.066818504999958, 0.0 ], [ 112.280937670000071, -8.066756043999931, 0.0 ], [ 112.280934696000031, -8.066720351999948, 0.0 ], [ 112.280910901000084, -8.066690608999977, 0.0 ], [ 112.280857363000109, -8.066654916999937, 0.0 ], [ 112.280818697000086, -8.066643019999958, 0.0 ], [ 112.280753262000076, -8.066610301999958, 0.0 ], [ 112.280714358000068, -8.066526465999971, 0.0 ], [ 112.280628697000111, -8.066497911999932, 0.0 ], [ 112.280600143000015, -8.06648363599993, 0.0 ], [ 112.280566831000101, -8.066417010999942, 0.0 ], [ 112.280538278000108, -8.066350385999954, 0.0 ], [ 112.280504965000091, -8.066321831999971, 0.0 ], [ 112.280400269000097, -8.066269483999974, 0.0 ], [ 112.280371715000115, -8.06624568899997, 0.0 ], [ 112.280324126000096, -8.06618382299996, 0.0 ], [ 112.280276537000077, -8.066140992999976, 0.0 ], [ 112.280228948000058, -8.066112439999927, 0.0 ], [ 112.280014796000046, -8.06606009199993, 0.0 ], [ 112.279914859000087, -8.06606009199993, 0.0 ], [ 112.279843475, -8.06606009199993, 0.0 ], [ 112.279753055000015, -8.066050573999973, 0.0 ], [ 112.279729261000057, -8.066007742999943, 0.0 ], [ 112.279729261000057, -8.065722207999954, 0.0 ], [ 112.279705466000109, -8.065622270999938, 0.0 ], [ 112.279705466000109, -8.065531850999946, 0.0 ], [ 112.279710225000031, -8.06543191399993, 0.0 ], [ 112.279719743000101, -8.065312940999945, 0.0 ], [ 112.279729261000057, -8.065236797999944, 0.0 ], [ 112.279714984000066, -8.065184449999947, 0.0 ], [ 112.279377101000023, -8.065179690999969, 0.0 ], [ 112.279229574000055, -8.065155895999965, 0.0 ], [ 112.279177226000115, -8.065129721999938, 0.0 ], [ 112.279153431000054, -8.065072614999963, 0.0 ], [ 112.279105842000035, -8.064996471999962, 0.0 ], [ 112.278958315000068, -8.064953641999978, 0.0 ], [ 112.278929762000075, -8.064958400999956, 0.0 ], [ 112.278677539000114, -8.064972677999947, 0.0 ], [ 112.278639468000051, -8.064963159999934, 0.0 ], [ 112.278620432000025, -8.064934605999952, 0.0 ], [ 112.278591878000043, -8.064915570999972, 0.0 ], [ 112.278482423000014, -8.064915570999972, 0.0 ], [ 112.278425316000039, -8.064910811999937, 0.0 ], [ 112.27837772700002, -8.064872739999942, 0.0 ], [ 112.278363450000029, -8.064853704999962, 0.0 ], [ 112.278339656000071, -8.06482515099998, 0.0 ], [ 112.278277790000061, -8.064815632999967, 0.0 ], [ 112.27813978100005, -8.06482515099998, 0.0 ], [ 112.278020808000065, -8.06482515099998, 0.0 ], [ 112.27796370100009, -8.064806115999943, 0.0 ], [ 112.277887558000089, -8.064710936999973, 0.0 ], [ 112.277863763000028, -8.064691900999946, 0.0 ], [ 112.277792380000051, -8.064520579999964, 0.0 ], [ 112.277754308000112, -8.064439678999975, 0.0 ], [ 112.277725755, -8.064287392999972, 0.0 ], [ 112.27764929500006, -8.06409810699995, 0.0 ], [ 112.277637397000035, -8.064029696999967, 0.0 ], [ 112.277637397000035, -8.063985082999977, 0.0 ], [ 112.277637397000035, -8.063943441999982, 0.0 ], [ 112.277631449000069, -8.063875031999942, 0.0 ], [ 112.277619551000043, -8.063803648999965, 0.0 ], [ 112.277601705000052, -8.063747135999961, 0.0 ], [ 112.277560065000102, -8.063637085999972, 0.0 ], [ 112.277539245000071, -8.063610316999927, 0.0 ], [ 112.277494630000092, -8.06355380499997, 0.0 ], [ 112.277494523000087, -8.063553780999939, 0.0 ], [ 112.27742000100011, -8.06324000099994, 0.0 ], [ 112.277320001000021, -8.062890000999971, 0.0 ], [ 112.277210001000071, -8.06242999899996, 0.0 ], [ 112.277139999000042, -8.06164999899994, 0.0 ], [ 112.27722, -8.061420000999931, 0.0 ], [ 112.27735, -8.061190000999943, 0.0 ], [ 112.277650000000108, -8.060640000999967, 0.0 ], [ 112.27782, -8.06028, 0.0 ], [ 112.277970001000085, -8.06017, 0.0 ], [ 112.278320001000111, -8.060129998999969, 0.0 ], [ 112.278460000000109, -8.06006999899995, 0.0 ], [ 112.27858, -8.059940000999973, 0.0 ], [ 112.2786, -8.05982, 0.0 ], [ 112.27858, -8.059550000999934, 0.0 ], [ 112.27848, -8.058950000999971, 0.0 ], [ 112.27848, -8.05874, 0.0 ], [ 112.278490001000023, -8.05848999899996, 0.0 ], [ 112.278420001000086, -8.057800000999976, 0.0 ], [ 112.278400001000023, -8.05755, 0.0 ], [ 112.27843, -8.057370000999981, 0.0 ], [ 112.278530001000036, -8.057170000999974, 0.0 ], [ 112.278650001000074, -8.05707, 0.0 ], [ 112.27885, -8.056849998999951, 0.0 ], [ 112.279029999000045, -8.056550000999948, 0.0 ], [ 112.27923, -8.056220000999929, 0.0 ], [ 112.279812359000061, -8.056305158999976, 0.0 ], [ 112.28012848100002, -8.056384039999955, 0.0 ], [ 112.280073753000011, -8.056698127999937, 0.0 ], [ 112.280073753000011, -8.057019354999966, 0.0 ], [ 112.280020214000047, -8.057527369999946, 0.0 ], [ 112.280648393000092, -8.057613031999949, 0.0 ], [ 112.280648393000092, -8.057798628999933, 0.0 ], [ 112.280655532000083, -8.057948535999969, 0.0 ], [ 112.280941067000072, -8.058019918999946, 0.0 ], [ 112.28091965200008, -8.058148408999955, 0.0 ], [ 112.280833991, -8.058212655999967, 0.0 ], [ 112.280812575000027, -8.058319731999973, 0.0 ], [ 112.280879201000062, -8.058410149999929, 0.0 ], [ 112.280914892000055, -8.058564815999944, 0.0 ], [ 112.280897047000053, -8.058707582999943, 0.0 ], [ 112.281545450000067, -8.058761121999964, 0.0 ], [ 112.281557347000103, -8.058665942999937, 0.0 ], [ 112.282330671000068, -8.058713530999967, 0.0 ], [ 112.28223549300003, -8.058921733999966, 0.0 ], [ 112.282574567000097, -8.058903887999975, 0.0 ], [ 112.282604310000011, -8.05926080699993, 0.0 ], [ 112.282425851000085, -8.059266755999943, 0.0 ], [ 112.282443696000087, -8.059379780999961, 0.0 ], [ 112.282336620000024, -8.059397626999953, 0.0 ], [ 112.282253340000011, -8.059552290999932, 0.0 ], [ 112.2822414420001, -8.059671263999974, 0.0 ], [ 112.282336620000024, -8.059718854999971, 0.0 ], [ 112.282485337000026, -8.059748596999952, 0.0 ], [ 112.282711386000074, -8.059748596999952, 0.0 ], [ 112.282860102000086, -8.059748596999952, 0.0 ], [ 112.282854153000017, -8.059915159999946, 0.0 ], [ 112.284208066000019, -8.060069823999982, 0.0 ], [ 112.284265174000097, -8.060669448999931, 0.0 ], [ 112.284255656000028, -8.060993054999926, 0.0 ], [ 112.284255656000028, -8.06120244799996, 0.0 ], [ 112.284255656000028, -8.061430875999974, 0.0 ], [ 112.284255656000028, -8.06156412699994, 0.0 ], [ 112.284255656000028, -8.062001946999942, 0.0 ], [ 112.284388906000117, -8.062258928999938, 0.0 ], [ 112.284598298000105, -8.062639641999965, 0.0 ], [ 112.284712512000056, -8.06282048099996, 0.0 ], [ 112.284890001, -8.06303, 0.0 ], [ 112.284741066000038, -8.063394724999966, 0.0 ], [ 112.284760102000064, -8.063585080999928, 0.0 ], [ 112.284864797000068, -8.063794473999963, 0.0 ], [ 112.286301992000062, -8.064108562999934, 0.0 ], [ 112.286282956000036, -8.06439409799998, 0.0 ], [ 112.286197296000068, -8.064765293999926, 0.0 ], [ 112.286197296000068, -8.064936614999965, 0.0 ], [ 112.286130670000034, -8.065345881999974, 0.0 ], [ 112.286806438000099, -8.065422024999975, 0.0 ], [ 112.288024722000046, -8.065764668999975, 0.0 ], [ 112.288272186000086, -8.066145380999956, 0.0 ], [ 112.288005687, -8.066564166999967, 0.0 ], [ 112.287948580000034, -8.067401737999944, 0.0 ], [ 112.288348329000087, -8.067744378999976, 0.0 ], [ 112.289357219000067, -8.067763414999945, 0.0 ], [ 112.289414327000031, -8.067554022999957, 0.0 ], [ 112.29019479100009, -8.067687271999944, 0.0 ], [ 112.290289968000025, -8.067515951999951, 0.0 ], [ 112.291508253000075, -8.06772534299995, 0.0 ], [ 112.291946347000021, -8.067716632999975, 0.0 ] ] ] ] } },
{ "type": "Feature", "properties": { "OBJECTID": 116279.0, "KDPPUM": "35", "NAMOBJ": "Kotes", "REMARK": null, "KDPBPS": null, "FCODE": "BA03070040", "LUASWH": 2.17636857, "UUPP": "Hasil Delineasi Batas Desa 2019", "SRS_ID": "SRGI 2013", "METADATA": "TASWIL1000020200326DATA_BATAS_DESA_KELURAHAN", "KDEBPS": null, "KDEPUM": "35.05.15.2003", "KDCBPS": null, "KDCPUM": "35.05.15", "KDBBPS": null, "WADMKD": "Kotes", "WIADKD": null, "WADMKC": "Gandusari", "WIADKC": null, "WADMKK": "Blitar", "WIADKK": null, "WADMPR": "Jawa Timur", "WIADPR": null, "TIPADM": 1.0, "KDPKAB": "35.05", "SHAPE_Leng": 0.066542859482802003, "SHAPE_Area": 0.000178730456228 }, "geometry": { "type": "MultiPolygon", "coordinates": [ [ [ [ 112.296287951000068, -8.056304507999926, 0.0 ], [ 112.294385211000076, -8.056180521999977, 0.0 ], [ 112.294352649000075, -8.056177513999955, 0.0 ], [ 112.29434380500004, -8.056221733999962, 0.0 ], [ 112.294334882000044, -8.056269322999981, 0.0 ], [ 112.294281344000069, -8.056394244999979, 0.0 ], [ 112.294251601000042, -8.056471576999968, 0.0 ], [ 112.294254575000082, -8.056537012999968, 0.0 ], [ 112.294254575000082, -8.056569729999978, 0.0 ], [ 112.294227807000084, -8.056608395999945, 0.0 ], [ 112.294162371000084, -8.056644087999928, 0.0 ], [ 112.294111808000025, -8.056679779999968, 0.0 ], [ 112.293984507, -8.056805891999943, 0.0 ], [ 112.293856016000063, -8.056898690999958, 0.0 ], [ 112.293856016000063, -8.056998627999974, 0.0 ], [ 112.293881801000111, -8.057044465999979, 0.0 ], [ 112.293920261000039, -8.057112841999981, 0.0 ], [ 112.293955953000022, -8.057227055999931, 0.0 ], [ 112.293977955000059, -8.057305634999977, 0.0 ], [ 112.294105624000053, -8.057477329999926, 0.0 ], [ 112.294295981, -8.057637941999928, 0.0 ], [ 112.29455177400007, -8.057810453999934, 0.0 ], [ 112.294550384000104, -8.057929967999939, 0.0 ], [ 112.294545826000103, -8.058322037999972, 0.0 ], [ 112.294504184000061, -8.058851467999943, 0.0 ], [ 112.294515703000116, -8.058964353999954, 0.0 ], [ 112.294533928000078, -8.059142950999956, 0.0 ], [ 112.294510133000017, -8.05942848799998, 0.0 ], [ 112.294165112000087, -8.059464177999928, 0.0 ], [ 112.294105917000024, -8.060233696999944, 0.0 ], [ 112.294117756000105, -8.060272765999969, 0.0 ], [ 112.294153448000088, -8.06049881499996, 0.0 ], [ 112.2941851060001, -8.060593789999928, 0.0 ], [ 112.294438749000051, -8.060636062999947, 0.0 ], [ 112.294474442000023, -8.060868060999951, 0.0 ], [ 112.294456596000032, -8.06108816099993, 0.0 ], [ 112.294344787000114, -8.061092986999938, 0.0 ], [ 112.294391394000058, -8.061248344999967, 0.0 ], [ 112.294403292000084, -8.061533880999946, 0.0 ], [ 112.294320011000082, -8.061843210999939, 0.0 ], [ 112.294313761000012, -8.061864740999965, 0.0 ], [ 112.29432453600009, -8.06190193599997, 0.0 ], [ 112.294294792000073, -8.062169626999946, 0.0 ], [ 112.294306690000099, -8.062306444999933, 0.0 ], [ 112.294330485000046, -8.062461110999948, 0.0 ], [ 112.294306690000099, -8.062675261999971, 0.0 ], [ 112.294157974000086, -8.062800183999968, 0.0 ], [ 112.294078185000103, -8.062862239999959, 0.0 ], [ 112.294050897000034, -8.06288346499997, 0.0 ], [ 112.294020393000096, -8.062983694999957, 0.0 ], [ 112.293971936000048, -8.063100799999972, 0.0 ], [ 112.293891708000046, -8.063294681999935, 0.0 ], [ 112.293839752000054, -8.063554458999931, 0.0 ], [ 112.293832221000116, -8.063592114999949, 0.0 ], [ 112.293832221000116, -8.063841957999955, 0.0 ], [ 112.293677556000034, -8.064365438999971, 0.0 ], [ 112.293579076000015, -8.064521408999951, 0.0 ], [ 112.293495653000036, -8.064653531999966, 0.0 ], [ 112.29346, -8.064709998999945, 0.0 ], [ 112.293453613000111, -8.064713830999949, 0.0 ], [ 112.293434577000085, -8.064725252999949, 0.0 ], [ 112.293417230000045, -8.064735660999929, 0.0 ], [ 112.293312927000102, -8.064657002999979, 0.0 ], [ 112.293170160000045, -8.064661761999957, 0.0 ], [ 112.29293697300011, -8.064709350999976, 0.0 ], [ 112.292847886000118, -8.064730449999956, 0.0 ], [ 112.292756134000115, -8.06475218099996, 0.0 ], [ 112.292561018000015, -8.064804528999957, 0.0 ], [ 112.292494393000084, -8.064880671999958, 0.0 ], [ 112.292461080000066, -8.064994885999965, 0.0 ], [ 112.29249, -8.06523, 0.0 ], [ 112.29259868500003, -8.065413046999936, 0.0 ], [ 112.29268, -8.065549998999927, 0.0 ], [ 112.292780000000107, -8.06571, 0.0 ], [ 112.292780000000107, -8.06579, 0.0 ], [ 112.29263000100002, -8.06595, 0.0 ], [ 112.292480001000058, -8.06607, 0.0 ], [ 112.292404943000065, -8.066288919999977, 0.0 ], [ 112.29236000100002, -8.066420000999926, 0.0 ], [ 112.29227, -8.066940000999978, 0.0 ], [ 112.29225, -8.067370000999972, 0.0 ], [ 112.292280001000108, -8.06771, 0.0 ], [ 112.291946347000021, -8.067716632999975, 0.0 ], [ 112.291508253000075, -8.06772534299995, 0.0 ], [ 112.290289968000025, -8.067515951999951, 0.0 ], [ 112.29019479100009, -8.067687271999944, 0.0 ], [ 112.289414327000031, -8.067554022999957, 0.0 ], [ 112.289357219000067, -8.067763414999945, 0.0 ], [ 112.288348329000087, -8.067744378999976, 0.0 ], [ 112.287948580000034, -8.067401737999944, 0.0 ], [ 112.288005687, -8.066564166999967, 0.0 ], [ 112.288272186000086, -8.066145380999956, 0.0 ], [ 112.288024722000046, -8.065764668999975, 0.0 ], [ 112.286806438000099, -8.065422024999975, 0.0 ], [ 112.286130670000034, -8.065345881999974, 0.0 ], [ 112.286197296000068, -8.064936614999965, 0.0 ], [ 112.286197296000068, -8.064765293999926, 0.0 ], [ 112.286282956000036, -8.06439409799998, 0.0 ], [ 112.286301992000062, -8.064108562999934, 0.0 ], [ 112.284864797000068, -8.063794473999963, 0.0 ], [ 112.284760102000064, -8.063585080999928, 0.0 ], [ 112.284741066000038, -8.063394724999966, 0.0 ], [ 112.284890001, -8.06303, 0.0 ], [ 112.284712512000056, -8.06282048099996, 0.0 ], [ 112.284598298000105, -8.062639641999965, 0.0 ], [ 112.284388906000117, -8.062258928999938, 0.0 ], [ 112.284255656000028, -8.062001946999942, 0.0 ], [ 112.284255656000028, -8.06156412699994, 0.0 ], [ 112.284255656000028, -8.061430875999974, 0.0 ], [ 112.284255656000028, -8.06120244799996, 0.0 ], [ 112.284255656000028, -8.060993054999926, 0.0 ], [ 112.284265174000097, -8.060669448999931, 0.0 ], [ 112.284208066000019, -8.060069823999982, 0.0 ], [ 112.282854153000017, -8.059915159999946, 0.0 ], [ 112.282860102000086, -8.059748596999952, 0.0 ], [ 112.282711386000074, -8.059748596999952, 0.0 ], [ 112.282485337000026, -8.059748596999952, 0.0 ], [ 112.282336620000024, -8.059718854999971, 0.0 ], [ 112.2822414420001, -8.059671263999974, 0.0 ], [ 112.282253340000011, -8.059552290999932, 0.0 ], [ 112.282336620000024, -8.059397626999953, 0.0 ], [ 112.282443696000087, -8.059379780999961, 0.0 ], [ 112.282425851000085, -8.059266755999943, 0.0 ], [ 112.282604310000011, -8.05926080699993, 0.0 ], [ 112.282574567000097, -8.058903887999975, 0.0 ], [ 112.28223549300003, -8.058921733999966, 0.0 ], [ 112.282330671000068, -8.058713530999967, 0.0 ], [ 112.281557347000103, -8.058665942999937, 0.0 ], [ 112.281545450000067, -8.058761121999964, 0.0 ], [ 112.280897047000053, -8.058707582999943, 0.0 ], [ 112.280914892000055, -8.058564815999944, 0.0 ], [ 112.280879201000062, -8.058410149999929, 0.0 ], [ 112.280812575000027, -8.058319731999973, 0.0 ], [ 112.280833991, -8.058212655999967, 0.0 ], [ 112.28091965200008, -8.058148408999955, 0.0 ], [ 112.280941067000072, -8.058019918999946, 0.0 ], [ 112.280655532000083, -8.057948535999969, 0.0 ], [ 112.280648393000092, -8.057798628999933, 0.0 ], [ 112.280648393000092, -8.057613031999949, 0.0 ], [ 112.280020214000047, -8.057527369999946, 0.0 ], [ 112.280073753000011, -8.057019354999966, 0.0 ], [ 112.280073753000011, -8.056698127999937, 0.0 ], [ 112.28012848100002, -8.056384039999955, 0.0 ], [ 112.279812359000061, -8.056305158999976, 0.0 ], [ 112.27923, -8.056220000999929, 0.0 ], [ 112.27942, -8.0556, 0.0 ], [ 112.27942, -8.055409998999949, 0.0 ], [ 112.279410001000088, -8.05456000099997, 0.0 ], [ 112.279439999000033, -8.05432, 0.0 ], [ 112.27958, -8.05327000099993, 0.0 ], [ 112.2796300010001, -8.053190000999962, 0.0 ], [ 112.27969, -8.052989998999976, 0.0 ], [ 112.27964, -8.05289, 0.0 ], [ 112.27962, -8.05274, 0.0 ], [ 112.279680001000088, -8.052559998999925, 0.0 ], [ 112.279820001000076, -8.052289998999981, 0.0 ], [ 112.279880001000038, -8.05209, 0.0 ], [ 112.279820001000076, -8.052, 0.0 ], [ 112.27958, -8.05168, 0.0 ], [ 112.27967, -8.051610000999972, 0.0 ], [ 112.279829999000071, -8.051469998999949, 0.0 ], [ 112.279990001000101, -8.05116, 0.0 ], [ 112.28003, -8.05096, 0.0 ], [ 112.279980001000013, -8.050729998999941, 0.0 ], [ 112.279860001000088, -8.05057, 0.0 ], [ 112.27973, -8.05036, 0.0 ], [ 112.2796300010001, -8.05012, 0.0 ], [ 112.279564943000082, -8.049862059999953, 0.0 ], [ 112.280429631000061, -8.050069973999939, 0.0 ], [ 112.280756808000092, -8.050171100999933, 0.0 ], [ 112.281122650000043, -8.050260330999947, 0.0 ], [ 112.281782950000093, -8.050403099999926, 0.0 ], [ 112.282154741000113, -8.050462584999934, 0.0 ], [ 112.282731759000058, -8.05060535299998, 0.0 ], [ 112.283213601000057, -8.050718377999942, 0.0 ], [ 112.284569893000025, -8.051027706999946, 0.0 ], [ 112.28558711300002, -8.051235909999946, 0.0 ], [ 112.285907150000071, -8.051306103999934, 0.0 ], [ 112.28631641700008, -8.051372729999969, 0.0 ], [ 112.286882729000013, -8.051467908999939, 0.0 ], [ 112.287580524000077, -8.051621320999971, 0.0 ], [ 112.288986172000023, -8.051929522999956, 0.0 ], [ 112.290028376, -8.05215795099997, 0.0 ], [ 112.290727938000032, -8.052291201999935, 0.0 ], [ 112.291389429000105, -8.052448244999937, 0.0 ], [ 112.291908152000019, -8.052591012999926, 0.0 ], [ 112.292188928000087, -8.052667155999927, 0.0 ], [ 112.293264444000101, -8.052857512999935, 0.0 ], [ 112.29381172, -8.052919378999945, 0.0 ], [ 112.294011595000029, -8.052876547999972, 0.0 ], [ 112.294230506000076, -8.05294317299996, 0.0 ], [ 112.29445893400009, -8.052995520999957, 0.0 ], [ 112.29457314800004, -8.052981244999955, 0.0 ], [ 112.294652980000023, -8.052994550999927, 0.0 ], [ 112.294739506000042, -8.05302790099995, 0.0 ], [ 112.294803752, -8.053040750999969, 0.0 ], [ 112.294852293000076, -8.053060736999953, 0.0 ], [ 112.294883702000106, -8.053085007999925, 0.0 ], [ 112.29492653300008, -8.053099283999927, 0.0 ], [ 112.294989869, -8.053116555999964, 0.0 ], [ 112.295010968000042, -8.053128770999933, 0.0 ], [ 112.295163135000053, -8.053125389999934, 0.0 ], [ 112.295225119000065, -8.053124012999945, 0.0 ], [ 112.295496378000053, -8.05316208499994, 0.0 ], [ 112.295691494000039, -8.053200155999946, 0.0 ], [ 112.295815227000048, -8.053238227999941, 0.0 ], [ 112.296096002000013, -8.053281057999925, 0.0 ], [ 112.296319672000095, -8.053333405999979, 0.0 ], [ 112.296536017000108, -8.053353072999926, 0.0 ], [ 112.296790806000104, -8.053376235999963, 0.0 ], [ 112.296890303000055, -8.053398184999935, 0.0 ], [ 112.296864632000052, -8.053523259999963, 0.0 ], [ 112.296828521000066, -8.053616262999981, 0.0 ], [ 112.296730001000014, -8.05387, 0.0 ], [ 112.296710001000065, -8.05395, 0.0 ], [ 112.296659999000099, -8.054139998999972, 0.0 ], [ 112.29663000100004, -8.054259998999953, 0.0 ], [ 112.29661000100009, -8.05439, 0.0 ], [ 112.2966, -8.054540000999964, 0.0 ], [ 112.29658, -8.05467, 0.0 ], [ 112.296570351000014, -8.054752018999977, 0.0 ], [ 112.296561327000063, -8.054828717999953, 0.0 ], [ 112.296560000000113, -8.05484, 0.0 ], [ 112.296560000000113, -8.055039998999973, 0.0 ], [ 112.29658, -8.055240000999959, 0.0 ], [ 112.296639999000035, -8.05536000099994, 0.0 ], [ 112.296669036000026, -8.055418073999931, 0.0 ], [ 112.296699999000111, -8.05548, 0.0 ], [ 112.29673999900001, -8.05556, 0.0 ], [ 112.29653, -8.05606, 0.0 ], [ 112.296434723000061, -8.056314070999974, 0.0 ], [ 112.296287951000068, -8.056304507999926, 0.0 ] ] ] ] } },
{ "type": "Feature", "properties": { "OBJECTID": 116214.0, "KDPPUM": "35", "NAMOBJ": "Butun", "REMARK": null, "KDPBPS": null, "FCODE": "BA03070040", "LUASWH": 3.82431248, "UUPP": "Hasil Delineasi Batas Desa 2019", "SRS_ID": "SRGI 2013", "METADATA": "TASWIL1000020200326DATA_BATAS_DESA_KELURAHAN", "KDEBPS": null, "KDEPUM": "35.05.15.2008", "KDCBPS": null, "KDCPUM": "35.05.15", "KDBBPS": null, "WADMKD": "Butun", "WIADKD": null, "WADMKC": "Gandusari", "WIADKC": null, "WADMKK": "Blitar", "WIADKK": null, "WADMPR": "Jawa Timur", "WIADPR": null, "TIPADM": 1.0, "KDPKAB": "35.05", "SHAPE_Leng": 0.10815988442312199, "SHAPE_Area": 0.00031379009806500001 }, "geometry": { "type": "MultiPolygon", "coordinates": [ [ [ [ 112.310867970000118, -8.066220001999966, 0.0 ], [ 112.309499401000039, -8.065959321999969, 0.0 ], [ 112.309535092000033, -8.065816555999959, 0.0 ], [ 112.309654065000018, -8.065626197999961, 0.0 ], [ 112.309689758000104, -8.065388252999981, 0.0 ], [ 112.309761141000081, -8.06525738199997, 0.0 ], [ 112.30986821700003, -8.065043230999947, 0.0 ], [ 112.309887253000056, -8.064699397999959, 0.0 ], [ 112.309933819000094, -8.06453175799993, 0.0 ], [ 112.309943787000066, -8.064495873999931, 0.0 ], [ 112.309982431000094, -8.064356755999938, 0.0 ], [ 112.309982431000094, -8.064109291999955, 0.0 ], [ 112.309906288000093, -8.063823755999977, 0.0 ], [ 112.310010986000066, -8.063652434999938, 0.0 ], [ 112.310106163000114, -8.063481113999956, 0.0 ], [ 112.310245095000028, -8.063328878999926, 0.0 ], [ 112.310286430000019, -8.063303782999981, 0.0 ], [ 112.310621934000096, -8.063218122999956, 0.0 ], [ 112.310714733000054, -8.063175291999926, 0.0 ], [ 112.310718828000063, -8.063171196999974, 0.0 ], [ 112.310771840000029, -8.063118184999951, 0.0 ], [ 112.310793255000021, -8.063053939999975, 0.0 ], [ 112.310786117000021, -8.062925448999977, 0.0 ], [ 112.310785643000031, -8.062921180999979, 0.0 ], [ 112.310771840000029, -8.062796957999979, 0.0 ], [ 112.310721871000055, -8.06266846699998, 0.0 ], [ 112.31063, -8.06242999899996, 0.0 ], [ 112.310462510000093, -8.062217558999976, 0.0 ], [ 112.310425142000099, -8.062178114999938, 0.0 ], [ 112.310287003000099, -8.061882115999936, 0.0 ], [ 112.310134718000086, -8.061568026999964, 0.0 ], [ 112.310058574000095, -8.061330081999927, 0.0 ], [ 112.310048656000049, -8.061297494999963, 0.0 ], [ 112.30999195000004, -8.061111170999936, 0.0 ], [ 112.309897952000028, -8.060960436999949, 0.0 ], [ 112.30976, -8.06094, 0.0 ], [ 112.30914, -8.06095, 0.0 ], [ 112.308880001000034, -8.06092, 0.0 ], [ 112.308849999000017, -8.06071, 0.0 ], [ 112.308724040000016, -8.060486070999957, 0.0 ], [ 112.30867, -8.06039, 0.0 ], [ 112.30857, -8.06014, 0.0 ], [ 112.30849, -8.05996, 0.0 ], [ 112.308080001, -8.0594, 0.0 ], [ 112.30797, -8.05934, 0.0 ], [ 112.307730001000095, -8.05935, 0.0 ], [ 112.308114350000096, -8.058922, 0.0 ], [ 112.308642796000072, -8.058606787999963, 0.0 ], [ 112.308702281000024, -8.058380739999961, 0.0 ], [ 112.30860115400003, -8.058124947999943, 0.0 ], [ 112.308226140000102, -8.057666594999944, 0.0 ], [ 112.308290001000046, -8.057020000999955, 0.0 ], [ 112.308385838000049, -8.055978288999938, 0.0 ], [ 112.308419670000035, -8.055610535999961, 0.0 ], [ 112.308750937000013, -8.054862035999975, 0.0 ], [ 112.308638055000074, -8.054679760999932, 0.0 ], [ 112.308561913000062, -8.054260974999977, 0.0 ], [ 112.308514324000043, -8.054175314999952, 0.0 ], [ 112.308466734000035, -8.054032546999963, 0.0 ], [ 112.308466734000035, -8.053889778999974, 0.0 ], [ 112.308457216000079, -8.053804118999949, 0.0 ], [ 112.3086570910001, -8.053756528999941, 0.0 ], [ 112.309161537000023, -8.05353761899994, 0.0 ], [ 112.309443976000011, -8.053296115999956, 0.0 ], [ 112.30971141100008, -8.05269184399998, 0.0 ], [ 112.310182545000089, -8.052634737999938, 0.0 ], [ 112.31030389700004, -8.052663291999977, 0.0 ], [ 112.31030389700004, -8.052834612999959, 0.0 ], [ 112.310296759000039, -8.052948826999966, 0.0 ], [ 112.310282482000048, -8.053048763999925, 0.0 ], [ 112.310275343000058, -8.053127285999949, 0.0 ], [ 112.310253928000066, -8.053220085999953, 0.0 ], [ 112.310253928000066, -8.053362851999964, 0.0 ], [ 112.310332451000022, -8.053519896999944, 0.0 ], [ 112.310425249000104, -8.053555588999927, 0.0 ], [ 112.311124810000024, -8.053527035999934, 0.0 ], [ 112.311189056000103, -8.05347706699996, 0.0 ], [ 112.311260441000059, -8.053341436999972, 0.0 ], [ 112.311288993000062, -8.053227222999965, 0.0 ], [ 112.311317548000034, -8.053091593999966, 0.0 ], [ 112.31138179200002, -8.052913133999937, 0.0 ], [ 112.311538837000057, -8.05269184399998, 0.0 ], [ 112.311724434000098, -8.052549076999981, 0.0 ], [ 112.311895757000116, -8.052334924999968, 0.0 ], [ 112.31204566200006, -8.052063665999981, 0.0 ], [ 112.312136552000084, -8.051790277999942, 0.0 ], [ 112.312123471000064, -8.051707461999968, 0.0 ], [ 112.312119901000074, -8.051625370999943, 0.0 ], [ 112.312119901000074, -8.051575401999969, 0.0 ], [ 112.312119901000074, -8.051504016999957, 0.0 ], [ 112.312137747000065, -8.051425495999979, 0.0 ], [ 112.312169870000048, -8.051329127999963, 0.0 ], [ 112.312223408000023, -8.051161374999936, 0.0 ], [ 112.312276945, -8.051065007999966, 0.0 ], [ 112.312490053000033, -8.050889795999979, 0.0 ], [ 112.312689784000099, -8.050502083999959, 0.0 ], [ 112.312665987000059, -8.050393998999937, 0.0 ], [ 112.31267669600004, -8.05031190699998, 0.0 ], [ 112.312726664000024, -8.050204831999963, 0.0 ], [ 112.312787340000114, -8.050101325999947, 0.0 ], [ 112.313008036000042, -8.050072770999975, 0.0 ], [ 112.31454278700005, -8.050194123999972, 0.0 ], [ 112.314796795, -8.050251230999947, 0.0 ], [ 112.314953839000054, -8.050251230999947, 0.0 ], [ 112.315118022000092, -8.050201262999963, 0.0 ], [ 112.315275066000027, -8.050236953999956, 0.0 ], [ 112.315375004000089, -8.050408274999938, 0.0 ], [ 112.315410696000072, -8.050501073999953, 0.0 ], [ 112.315417835000062, -8.050579597999956, 0.0 ], [ 112.315439249000065, -8.050729502999957, 0.0 ], [ 112.315432111000064, -8.050836577999974, 0.0 ], [ 112.315360728000087, -8.050986483999964, 0.0 ], [ 112.315346450000106, -8.05110069899996, 0.0 ], [ 112.315346450000106, -8.051214912999967, 0.0 ], [ 112.315471968000111, -8.051509965999969, 0.0 ], [ 112.315593319000072, -8.051645595999958, 0.0 ], [ 112.315643288000047, -8.05182405499994, 0.0 ], [ 112.315664703000039, -8.05200251399998, 0.0 ], [ 112.315793195000083, -8.052166696999961, 0.0 ], [ 112.31597165300002, -8.052280911999958, 0.0 ], [ 112.316200082000023, -8.052330880999932, 0.0 ], [ 112.316421373000026, -8.052316602999952, 0.0 ], [ 112.316678353000043, -8.052273772999968, 0.0 ], [ 112.31694961200003, -8.052223804999926, 0.0 ], [ 112.317092380000076, -8.052145281999969, 0.0 ], [ 112.317120934000059, -8.051881161999972, 0.0 ], [ 112.31713521100005, -8.051695564999932, 0.0 ], [ 112.317331452000076, -8.051385444999937, 0.0 ], [ 112.318901723000067, -8.051489026999946, 0.0 ], [ 112.319626987000106, -8.051530222999929, 0.0 ], [ 112.319912697000063, -8.051103972999954, 0.0 ], [ 112.319972183, -8.050895769999954, 0.0 ], [ 112.320091156000103, -8.050509106999925, 0.0 ], [ 112.320166287, -8.050333803999933, 0.0 ], [ 112.320165215000088, -8.050137888999927, 0.0 ], [ 112.320194960000094, -8.049983223999959, 0.0 ], [ 112.320212806000086, -8.049882096999966, 0.0 ], [ 112.32024849700008, -8.04969768899997, 0.0 ], [ 112.32035884600009, -8.049483537999947, 0.0 ], [ 112.320432906000065, -8.049162309999929, 0.0 ], [ 112.320376846000045, -8.048877946999937, 0.0 ], [ 112.320418332000031, -8.048546052999939, 0.0 ], [ 112.320434588000012, -8.048494034999976, 0.0 ], [ 112.320381746000066, -8.048333860999946, 0.0 ], [ 112.32036271100003, -8.048229165999942, 0.0 ], [ 112.32036271100003, -8.048133987999961, 0.0 ], [ 112.320396024000047, -8.048038808999934, 0.0 ], [ 112.320453131000022, -8.047991218999925, 0.0 ], [ 112.320548018000068, -8.047807365999972, 0.0 ], [ 112.320528321000097, -8.04753535499998, 0.0 ], [ 112.320528321000097, -8.047002950999968, 0.0 ], [ 112.320144128000038, -8.046862846999943, 0.0 ], [ 112.320086183000058, -8.046855173999973, 0.0 ], [ 112.319622476000063, -8.046676976999947, 0.0 ], [ 112.319611991000102, -8.046509210999943, 0.0 ], [ 112.318672104000029, -8.045896500999959, 0.0 ], [ 112.318818918000034, -8.045694890999926, 0.0 ], [ 112.318821058000026, -8.045622267999931, 0.0 ], [ 112.31851172800009, -8.045455704999938, 0.0 ], [ 112.318559318000098, -8.045301040999959, 0.0 ], [ 112.318477227000017, -8.045279625999967, 0.0 ], [ 112.316906783000036, -8.045108303999939, 0.0 ], [ 112.316821121000089, -8.045336732999942, 0.0 ], [ 112.316830639000045, -8.045807864999972, 0.0 ], [ 112.316816362000054, -8.046012499999961, 0.0 ], [ 112.316830639000045, -8.046098158999939, 0.0 ], [ 112.316849674000082, -8.046207615999947, 0.0 ], [ 112.316816362000054, -8.046259962999954, 0.0 ], [ 112.31671166700005, -8.046250445999931, 0.0 ], [ 112.316621246000068, -8.04623616799995, 0.0 ], [ 112.316483238000046, -8.046207615999947, 0.0 ], [ 112.316364264000072, -8.046160024999949, 0.0 ], [ 112.316297641, -8.046136230999934, 0.0 ], [ 112.316221498, -8.046131472999946, 0.0 ], [ 112.316097765000109, -8.046121953999943, 0.0 ], [ 112.316035899000099, -8.046088641999972, 0.0 ], [ 112.316035899000099, -8.04599822299997, 0.0 ], [ 112.315988311000069, -8.045993463999935, 0.0 ], [ 112.315609976000019, -8.04594349499996, 0.0 ], [ 112.315617115, -8.045715066999946, 0.0 ], [ 112.315552869000044, -8.045286763999968, 0.0 ], [ 112.315363411000021, -8.044890536999958, 0.0 ], [ 112.315326285000083, -8.044776886999955, 0.0 ], [ 112.31521, -8.044440000999941, 0.0 ], [ 112.31526, -8.043850000999953, 0.0 ], [ 112.31536, -8.043669998999974, 0.0 ], [ 112.315678738000088, -8.043289285999947, 0.0 ], [ 112.315764106000074, -8.043043845999932, 0.0 ], [ 112.315821214000039, -8.042922493999981, 0.0 ], [ 112.31592115, -8.042686925999931, 0.0 ], [ 112.316042504000052, -8.042615542999954, 0.0 ], [ 112.316378411000073, -8.042673863999937, 0.0 ], [ 112.31645, -8.04265, 0.0 ], [ 112.31646000100011, -8.042510000999926, 0.0 ], [ 112.31649, -8.04195, 0.0 ], [ 112.31649, -8.04132999899997, 0.0 ], [ 112.3164, -8.040970000999948, 0.0 ], [ 112.316250001000071, -8.040799998999944, 0.0 ], [ 112.3161, -8.040580000999967, 0.0 ], [ 112.316, -8.04018, 0.0 ], [ 112.31602, -8.040030000999934, 0.0 ], [ 112.316110001000084, -8.03959, 0.0 ], [ 112.316110001000084, -8.03898000099997, 0.0 ], [ 112.31604, -8.038929998999947, 0.0 ], [ 112.315869999000029, -8.03880000099997, 0.0 ], [ 112.31562, -8.038550000999976, 0.0 ], [ 112.31562, -8.038470000999951, 0.0 ], [ 112.315840001000083, -8.037759998999945, 0.0 ], [ 112.316480001000059, -8.03789, 0.0 ], [ 112.31659, -8.03791, 0.0 ], [ 112.31835, -8.038430000999938, 0.0 ], [ 112.318650001000037, -8.038519998999959, 0.0 ], [ 112.318989999000109, -8.038610000999938, 0.0 ], [ 112.319069999000021, -8.038630000999945, 0.0 ], [ 112.319470001000013, -8.038740000999951, 0.0 ], [ 112.3197100000001, -8.03879, 0.0 ], [ 112.320170001000065, -8.038909998999941, 0.0 ], [ 112.320910001000016, -8.039090000999977, 0.0 ], [ 112.32270036500006, -8.039482408999959, 0.0 ], [ 112.323871144, -8.039648586999931, 0.0 ], [ 112.324427936, -8.039734247999945, 0.0 ], [ 112.324989489000018, -8.039843702999974, 0.0 ], [ 112.325313097000048, -8.039872255999967, 0.0 ], [ 112.325598631000048, -8.039829425999926, 0.0 ], [ 112.325884167000027, -8.039767559999973, 0.0 ], [ 112.326079282000023, -8.039762799999949, 0.0 ], [ 112.326369182, -8.039795975999937, 0.0 ], [ 112.326499999000021, -8.039760000999934, 0.0 ], [ 112.32658, -8.039729998999974, 0.0 ], [ 112.326849999000046, -8.040059998999936, 0.0 ], [ 112.32696, -8.040509998999937, 0.0 ], [ 112.327145281000071, -8.040647960999934, 0.0 ], [ 112.327216666000027, -8.040814521999948, 0.0 ], [ 112.327206164000017, -8.04111841799994, 0.0 ], [ 112.327250001000039, -8.041229998999938, 0.0 ], [ 112.327330001000064, -8.041530000999956, 0.0 ], [ 112.32737, -8.042029998999965, 0.0 ], [ 112.32734, -8.042370000999938, 0.0 ], [ 112.327044154000077, -8.042486093999969, 0.0 ], [ 112.327008463000084, -8.042563426999948, 0.0 ], [ 112.326978719000067, -8.042682398999943, 0.0 ], [ 112.326966821000042, -8.04277757899996, 0.0 ], [ 112.326966821000042, -8.042878705999954, 0.0 ], [ 112.32694897500005, -8.042932241999949, 0.0 ], [ 112.326913284000057, -8.04298578099997, 0.0 ], [ 112.326770516000011, -8.043360544999928, 0.0 ], [ 112.326687236000112, -8.043592543999978, 0.0 ], [ 112.326754313000038, -8.043798557999935, 0.0 ], [ 112.326700001000063, -8.044079998999962, 0.0 ], [ 112.3266, -8.044469998999944, 0.0 ], [ 112.326463722000085, -8.044736879999959, 0.0 ], [ 112.326307712000016, -8.04485415299996, 0.0 ], [ 112.326141148000033, -8.045025474999932, 0.0 ], [ 112.326093560000118, -8.045330044999957, 0.0 ], [ 112.32605073000002, -8.045496606999961, 0.0 ], [ 112.326041211000074, -8.045591786999978, 0.0 ], [ 112.326064684000016, -8.04589890799997, 0.0 ], [ 112.326020001000074, -8.046310000999938, 0.0 ], [ 112.325984836000089, -8.046533157999932, 0.0 ], [ 112.325841336000053, -8.047057533999975, 0.0 ], [ 112.325774712000111, -8.047414453999977, 0.0 ], [ 112.325802145000011, -8.047692544999961, 0.0 ], [ 112.32576, -8.047959998999943, 0.0 ], [ 112.325690001000112, -8.048320000999979, 0.0 ], [ 112.325619139000082, -8.048508962999961, 0.0 ], [ 112.325712845000112, -8.048647013999926, 0.0 ], [ 112.325779471000033, -8.048827852999977, 0.0 ], [ 112.325779471000033, -8.049118146999945, 0.0 ], [ 112.325601737000056, -8.049520382999958, 0.0 ], [ 112.325530001000061, -8.049780000999931, 0.0 ], [ 112.32535, -8.050689998999928, 0.0 ], [ 112.325309999000069, -8.051079998999967, 0.0 ], [ 112.325501633000044, -8.05109179599998, 0.0 ], [ 112.325696748000041, -8.051144143999977, 0.0 ], [ 112.326178396000046, -8.051203628999929, 0.0 ], [ 112.326760001000025, -8.05111999899998, 0.0 ], [ 112.32678016400007, -8.051114237999968, 0.0 ], [ 112.326765, -8.051127998999959, 0.0 ], [ 112.32652831300004, -8.051200951999931, 0.0 ], [ 112.326230099000099, -8.051409804999935, 0.0 ], [ 112.326225340000065, -8.05141313699994, 0.0 ], [ 112.326218185000016, -8.051433628999973, 0.0 ], [ 112.326144541000076, -8.051644563999957, 0.0 ], [ 112.326122597000108, -8.051707410999938, 0.0 ], [ 112.326121139000065, -8.051724126999943, 0.0 ], [ 112.3260981090001, -8.051988113999926, 0.0 ], [ 112.326155971000048, -8.052256463999981, 0.0 ], [ 112.326162816000078, -8.052288203999979, 0.0 ], [ 112.3261908610001, -8.052557083999943, 0.0 ], [ 112.326192001000095, -8.052568, 0.0 ], [ 112.326177734000112, -8.052588957999944, 0.0 ], [ 112.32612133900011, -8.052671802999953, 0.0 ], [ 112.325986022000052, -8.052803958999959, 0.0 ], [ 112.325902968000037, -8.052866450999943, 0.0 ], [ 112.325873000000115, -8.052889, 0.0 ], [ 112.325531, -8.053066, 0.0 ], [ 112.325453153000012, -8.053162463999968, 0.0 ], [ 112.325439, -8.05318, 0.0 ], [ 112.325377983000067, -8.053328160999968, 0.0 ], [ 112.325130050000098, -8.053930184999956, 0.0 ], [ 112.325083602000063, -8.054136924999966, 0.0 ], [ 112.32508000100006, -8.054166840999926, 0.0 ], [ 112.325059165000084, -8.054339899999945, 0.0 ], [ 112.325058634000015, -8.054344318999938, 0.0 ], [ 112.32504636200008, -8.054376709999929, 0.0 ], [ 112.324997001000042, -8.054507, 0.0 ], [ 112.324865, -8.054691, 0.0 ], [ 112.324645, -8.055017998999972, 0.0 ], [ 112.324407, -8.055523, 0.0 ], [ 112.324348534000023, -8.055590460999952, 0.0 ], [ 112.324004001000048, -8.055988, 0.0 ], [ 112.323891401000083, -8.056344448999937, 0.0 ], [ 112.323888627000088, -8.056353225999942, 0.0 ], [ 112.323837001000015, -8.056635, 0.0 ], [ 112.323807677000104, -8.056753131999926, 0.0 ], [ 112.323802000000114, -8.056776, 0.0 ], [ 112.323800695000045, -8.056777567999973, 0.0 ], [ 112.32374074400002, -8.056849562999957, 0.0 ], [ 112.323632672000031, -8.056979341999977, 0.0 ], [ 112.32362554000008, -8.056984800999942, 0.0 ], [ 112.323358972000051, -8.057188834999977, 0.0 ], [ 112.323336891000054, -8.057205734999968, 0.0 ], [ 112.323190001000057, -8.057301998999947, 0.0 ], [ 112.323187601000086, -8.05730839499995, 0.0 ], [ 112.323166, -8.057366, 0.0 ], [ 112.323114898000085, -8.05760554699998, 0.0 ], [ 112.323037602000113, -8.057876234999981, 0.0 ], [ 112.323036750000028, -8.05787922199994, 0.0 ], [ 112.323035437000044, -8.057881865999946, 0.0 ], [ 112.322909881000101, -8.05813474699994, 0.0 ], [ 112.322902877000047, -8.058148851999931, 0.0 ], [ 112.322858423000071, -8.05822128899996, 0.0 ], [ 112.322769000000108, -8.058367, 0.0 ], [ 112.322587154000075, -8.058541204999926, 0.0 ], [ 112.322573141000021, -8.058558655999946, 0.0 ], [ 112.322393001000023, -8.058782998999959, 0.0 ], [ 112.322313845000053, -8.059051205999936, 0.0 ], [ 112.322276043000102, -8.059296798999981, 0.0 ], [ 112.32227828900011, -8.059519738999938, 0.0 ], [ 112.322287735000032, -8.059573127999954, 0.0 ], [ 112.322307, -8.059682, 0.0 ], [ 112.32226, -8.059977000999936, 0.0 ], [ 112.322190123000041, -8.06005308899995, 0.0 ], [ 112.322169980000012, -8.060075021999978, 0.0 ], [ 112.322080001000018, -8.060173, 0.0 ], [ 112.321904001, -8.060379, 0.0 ], [ 112.321851, -8.060541, 0.0 ], [ 112.32177966800009, -8.060897473999944, 0.0 ], [ 112.321678811000083, -8.061401482999941, 0.0 ], [ 112.321648081000035, -8.061555056999964, 0.0 ], [ 112.321575754000037, -8.061916491999966, 0.0 ], [ 112.321479001000057, -8.0624, 0.0 ], [ 112.321429991000059, -8.062639996999962, 0.0 ], [ 112.321378904000085, -8.062890164999942, 0.0 ], [ 112.321368776000099, -8.062922739999976, 0.0 ], [ 112.321209169000099, -8.063436128999967, 0.0 ], [ 112.321186319000049, -8.063509630999931, 0.0 ], [ 112.320977501000016, -8.064091661999953, 0.0 ], [ 112.320755797000061, -8.064696331999926, 0.0 ], [ 112.320731954000053, -8.064748514999962, 0.0 ], [ 112.320577901000092, -8.065085672999942, 0.0 ], [ 112.320551204000026, -8.065181464999966, 0.0 ], [ 112.320536549000053, -8.065289182999948, 0.0 ], [ 112.320521855000038, -8.065384937999966, 0.0 ], [ 112.320539996000093, -8.065560021999943, 0.0 ], [ 112.320559031000016, -8.065743719999944, 0.0 ], [ 112.320544249000022, -8.065812556999958, 0.0 ], [ 112.320529429000089, -8.065869430999953, 0.0 ], [ 112.320481206000068, -8.065942164999967, 0.0 ], [ 112.320478001000083, -8.065947, 0.0 ], [ 112.320118017000027, -8.066451035999933, 0.0 ], [ 112.320113760000027, -8.066456654999968, 0.0 ], [ 112.319708607000052, -8.066991235999978, 0.0 ], [ 112.319706138000015, -8.066992810999977, 0.0 ], [ 112.31945027200004, -8.067155987999968, 0.0 ], [ 112.319381358000101, -8.067189108999969, 0.0 ], [ 112.319024785000011, -8.06735475399995, 0.0 ], [ 112.318826981000029, -8.06742917899993, 0.0 ], [ 112.318234645000075, -8.068105256999957, 0.0 ], [ 112.318181568000114, -8.068084312999929, 0.0 ], [ 112.317180302000111, -8.067689190999943, 0.0 ], [ 112.317137105000029, -8.067668630999947, 0.0 ], [ 112.317105152000067, -8.067728985999963, 0.0 ], [ 112.317052804000014, -8.067814646999977, 0.0 ], [ 112.316995697000038, -8.06790506599998, 0.0 ], [ 112.316910036000081, -8.067957413999977, 0.0 ], [ 112.316824376000113, -8.067985967999959, 0.0 ], [ 112.316724438000051, -8.067981208999981, 0.0 ], [ 112.316557876000047, -8.067957413999977, 0.0 ], [ 112.316343119000067, -8.067871510999964, 0.0 ], [ 112.316280865000067, -8.067824819999942, 0.0 ], [ 112.316059575000054, -8.067667774999961, 0.0 ], [ 112.315857744000027, -8.067557093999937, 0.0 ], [ 112.31583828600003, -8.067546422999953, 0.0 ], [ 112.315702655000109, -8.067467900999929, 0.0 ], [ 112.315478725000048, -8.067374595999979, 0.0 ], [ 112.315368146000083, -8.067395860999966, 0.0 ], [ 112.315230137000071, -8.067410137999957, 0.0 ], [ 112.315187307000087, -8.06735779, 0.0 ], [ 112.315120682000043, -8.067300682999928, 0.0 ], [ 112.314691437000079, -8.067117014999951, 0.0 ], [ 112.314625754000076, -8.067088910999928, 0.0 ], [ 112.314216486000078, -8.066831928999932, 0.0 ], [ 112.313940469000045, -8.066708196999969, 0.0 ], [ 112.313693005, -8.066670125999963, 0.0 ], [ 112.313578791000054, -8.06664157199998, 0.0 ], [ 112.312111135, -8.066456794999965, 0.0 ], [ 112.310867970000118, -8.066220001999966, 0.0 ] ] ] ] } },
{ "type": "Feature", "properties": { "OBJECTID": 116219.0, "KDPPUM": "35", "NAMOBJ": "Semen", "REMARK": null, "KDPBPS": null, "FCODE": "BA03070040", "LUASWH": 12.77545318, "UUPP": "Hasil Delineasi Batas Desa 2019", "SRS_ID": "SRGI 2013", "METADATA": "TASWIL1000020200326DATA_BATAS_DESA_KELURAHAN", "KDEBPS": null, "KDEPUM": "35.05.15.2012", "KDCBPS": null, "KDCPUM": "35.05.15", "KDBBPS": null, "WADMKD": "Semen", "WIADKD": null, "WADMKC": "Gandusari", "WIADKC": null, "WADMKK": "Blitar", "WIADKK": null, "WADMPR": "Jawa Timur", "WIADPR": null, "TIPADM": 1.0, "KDPKAB": "35.05", "SHAPE_Leng": 0.18600259939262301, "SHAPE_Area": 0.001048056926148 }, "geometry": { "type": "MultiPolygon", "coordinates": [ [ [ [ 112.377640001000032, -8.00501, 0.0 ], [ 112.377399289000095, -8.004960524999944, 0.0 ], [ 112.377161343000012, -8.004788013999928, 0.0 ], [ 112.376834167000084, -8.004579810999928, 0.0 ], [ 112.376518888000078, -8.004389453999977, 0.0 ], [ 112.376340429000038, -8.004234788999952, 0.0 ], [ 112.375886785000034, -8.003998587999945, 0.0 ], [ 112.375701187000118, -8.004050935999942, 0.0 ], [ 112.375539383000046, -8.004065212999933, 0.0 ], [ 112.375410892000104, -8.004136596999956, 0.0 ], [ 112.375268125000048, -8.004265087999954, 0.0 ], [ 112.375153911000098, -8.004360265999935, 0.0 ], [ 112.375034937, -8.00446020399994, 0.0 ], [ 112.374920723000059, -8.004579176999925, 0.0 ], [ 112.374768438000046, -8.004702908999946, 0.0 ], [ 112.37463518800007, -8.004769532999944, 0.0 ], [ 112.374530492000076, -8.004840916999967, 0.0 ], [ 112.374487661000103, -8.005002720999926, 0.0 ], [ 112.374501205000115, -8.00523643799994, 0.0 ], [ 112.374459124000055, -8.005382063999946, 0.0 ], [ 112.374328810000065, -8.005708316999971, 0.0 ], [ 112.374208424000017, -8.005841679999946, 0.0 ], [ 112.374082890000068, -8.005980746999967, 0.0 ], [ 112.373942802000101, -8.006088931999955, 0.0 ], [ 112.373792859000105, -8.006116307999946, 0.0 ], [ 112.37366436800005, -8.006178173999956, 0.0 ], [ 112.373586735000117, -8.0063263399999, 0.0 ], [ 112.3735303200001, -8.006360503999929, 0.0 ], [ 112.373402627000019, -8.006397084999946, 0.0 ], [ 112.37333969000008, -8.006523442999935, 0.0 ], [ 112.373298166000041, -8.006604425999967, 0.0 ], [ 112.373286620000044, -8.006808212999942, 0.0 ], [ 112.373234462000028, -8.006912639999939, 0.0 ], [ 112.373179319000087, -8.007023044999926, 0.0 ], [ 112.373012396000036, -8.007072851999965, 0.0 ], [ 112.372907699000052, -8.007134717999975, 0.0 ], [ 112.372864869000068, -8.007248931999925, 0.0 ], [ 112.372841074, -8.007363145999932, 0.0 ], [ 112.372722101000022, -8.007534466999971, 0.0 ], [ 112.372694608000074, -8.007679272999951, 0.0 ], [ 112.372642223000071, -8.007722555999976, 0.0 ], [ 112.37241803400002, -8.007744295999942, 0.0 ], [ 112.372245880000037, -8.007760988999962, 0.0 ], [ 112.372103442000025, -8.007681993999938, 0.0 ], [ 112.371927361000076, -8.00761536899995, 0.0 ], [ 112.371737005000114, -8.007681993999938, 0.0 ], [ 112.371494300000109, -8.007781930999954, 0.0 ], [ 112.371422916000029, -8.007886626999948, 0.0 ], [ 112.371389603000011, -8.00803891299995, 0.0 ], [ 112.371365809000054, -8.008205474999954, 0.0 ], [ 112.371421011000052, -8.008377749999966, 0.0 ], [ 112.371387701000117, -8.008506367999928, 0.0 ], [ 112.371348842000089, -8.008627001999969, 0.0 ], [ 112.371218702000078, -8.008748441999956, 0.0 ], [ 112.371061238000038, -8.008762268999931, 0.0 ], [ 112.370977227000026, -8.008840348999968, 0.0 ], [ 112.370761426000058, -8.008752750999975, 0.0 ], [ 112.370642452000084, -8.008700402999978, 0.0 ], [ 112.370485408000036, -8.008714679999969, 0.0 ], [ 112.370394989000033, -8.00880985799995, 0.0 ], [ 112.370304569000041, -8.008938348999948, 0.0 ], [ 112.369930840000052, -8.009060610999938, 0.0 ], [ 112.369780001000095, -8.00902, 0.0 ], [ 112.36887, -8.00903, 0.0 ], [ 112.368309999000076, -8.00903, 0.0 ], [ 112.367489999000099, -8.00904, 0.0 ], [ 112.36722, -8.00907, 0.0 ], [ 112.366208200000074, -8.009190451999928, 0.0 ], [ 112.365960001000076, -8.00922, 0.0 ], [ 112.365619999000046, -8.009229998999956, 0.0 ], [ 112.3653, -8.00920999899995, 0.0 ], [ 112.364330000000109, -8.00932, 0.0 ], [ 112.363880000000108, -8.00946, 0.0 ], [ 112.363562125000044, -8.009682075999933, 0.0 ], [ 112.363322873000016, -8.00984594199997, 0.0 ], [ 112.362086348000048, -8.010692848999952, 0.0 ], [ 112.360763368000107, -8.011777882999979, 0.0 ], [ 112.359973387000082, -8.012177631999975, 0.0 ], [ 112.35880269200004, -8.012701113999981, 0.0 ], [ 112.358260175000055, -8.012881952999976, 0.0 ], [ 112.357270319, -8.013386398999955, 0.0 ], [ 112.356842016000087, -8.013614826999969, 0.0 ], [ 112.35609962400008, -8.014081200999954, 0.0 ], [ 112.355319161000011, -8.014357218999976, 0.0 ], [ 112.355026437000106, -8.014424125999938, 0.0 ], [ 112.354986036000014, -8.014433360999931, 0.0 ], [ 112.354710019000095, -8.014404807999938, 0.0 ], [ 112.354020530000071, -8.014176275999944, 0.0 ], [ 112.353950001000044, -8.01416, 0.0 ], [ 112.353509999000039, -8.01405000099993, 0.0 ], [ 112.353320001000043, -8.01405000099993, 0.0 ], [ 112.353220001000068, -8.01403, 0.0 ], [ 112.353059999000038, -8.01399, 0.0 ], [ 112.35259, -8.013889998999957, 0.0 ], [ 112.352350001000104, -8.013820000999942, 0.0 ], [ 112.352326056000038, -8.013812712999936, 0.0 ], [ 112.35212, -8.01375, 0.0 ], [ 112.35170000100004, -8.013519998999925, 0.0 ], [ 112.351499999000112, -8.01336, 0.0 ], [ 112.351439999000036, -8.0133, 0.0 ], [ 112.35077999900011, -8.01263999899993, 0.0 ], [ 112.350490001000026, -8.01241, 0.0 ], [ 112.350360001000013, -8.012320000999978, 0.0 ], [ 112.350630001000013, -8.01156999899996, 0.0 ], [ 112.351200001000052, -8.010950000999969, 0.0 ], [ 112.351364778000061, -8.010592979999956, 0.0 ], [ 112.350615559000062, -8.009943347999979, 0.0 ], [ 112.351443611000036, -8.009210473999929, 0.0 ], [ 112.35191950300009, -8.008572778999962, 0.0 ], [ 112.351982881000026, -8.008426923999934, 0.0 ], [ 112.351126587000067, -8.007866751999927, 0.0 ], [ 112.350326658000085, -8.0075309599999, 0.0 ], [ 112.349490666000065, -8.007547553999927, 0.0 ], [ 112.349354892000065, -8.007713294999974, 0.0 ], [ 112.349182383000084, -8.00775493499998, 0.0 ], [ 112.348962282000116, -8.007725192999942, 0.0 ], [ 112.34878031400001, -8.007561654999961, 0.0 ], [ 112.348478062000027, -8.007358755999974, 0.0 ], [ 112.348292463, -8.007223125999928, 0.0 ], [ 112.348206804000029, -8.00698756, 0.0 ], [ 112.348114004000081, -8.006809098999952, 0.0 ], [ 112.348035482000114, -8.006623501999968, 0.0 ], [ 112.347942683000042, -8.006380795999974, 0.0 ], [ 112.347885576000067, -8.006180922999931, 0.0 ], [ 112.347871300000065, -8.005959632999975, 0.0 ], [ 112.347814192000101, -8.005745480999963, 0.0 ], [ 112.347699977000048, -8.005559881999943, 0.0 ], [ 112.347500104, -8.005602712999973, 0.0 ], [ 112.347343059000082, -8.00568123499994, 0.0 ], [ 112.347107492000077, -8.00571692699998, 0.0 ], [ 112.346993277000024, -8.00570978899998, 0.0 ], [ 112.346793404000096, -8.005595574999973, 0.0 ], [ 112.346607805000076, -8.005588436999972, 0.0 ], [ 112.34647217600002, -8.005638404999956, 0.0 ], [ 112.346265163000112, -8.00567409599995, 0.0 ], [ 112.346014795000087, -8.005595994999965, 0.0 ], [ 112.345970001000069, -8.00554, 0.0 ], [ 112.345898548000036, -8.005239546999974, 0.0 ], [ 112.345798611000077, -8.004896905999942, 0.0 ], [ 112.345727226, -8.004511431999958, 0.0 ], [ 112.34552735200009, -8.004140236999945, 0.0 ], [ 112.345413138000026, -8.00408312899998, 0.0 ], [ 112.345227539, -8.003911807999941, 0.0 ], [ 112.345141878000049, -8.003697656999975, 0.0 ], [ 112.345084771000074, -8.003098031999968, 0.0 ], [ 112.34504194200008, -8.002912434999928, 0.0 ], [ 112.344970557000011, -8.001984444999948, 0.0 ], [ 112.344927728000016, -8.001770292999936, 0.0 ], [ 112.344827790000068, -8.001598971999954, 0.0 ], [ 112.34467074600002, -8.00137054399994, 0.0 ], [ 112.344513702000086, -8.001199223999947, 0.0 ], [ 112.344399487000032, -8.000942240999962, 0.0 ], [ 112.344328103000066, -8.00074236599994, 0.0 ], [ 112.344328103000066, -8.000499661999982, 0.0 ], [ 112.344285273000082, -8.000228402999937, 0.0 ], [ 112.344142505000036, -7.999957144999939, 0.0 ], [ 112.3437672230001, -7.999910628999942, 0.0 ], [ 112.341147819000071, -8.000373113999956, 0.0 ], [ 112.336964945000091, -8.000939401999972, 0.0 ], [ 112.336817465000081, -8.000694778999957, 0.0 ], [ 112.336779393000029, -8.000418761999981, 0.0 ], [ 112.336980001000029, -8.000159998999948, 0.0 ], [ 112.337049999000101, -8.0, 0.0 ], [ 112.337152487000026, -7.999781360999975, 0.0 ], [ 112.337131554000052, -7.999505048999936, 0.0 ], [ 112.337207696000064, -7.999257584999953, 0.0 ], [ 112.337264803000039, -7.9991053, 0.0 ], [ 112.337274322000098, -7.998905423999929, 0.0 ], [ 112.337312394000037, -7.998810245999948, 0.0 ], [ 112.337514430000056, -7.99866911099997, 0.0 ], [ 112.337750213000049, -7.998410497999942, 0.0 ], [ 112.337750213000049, -7.998134479999976, 0.0 ], [ 112.337804839000114, -7.997723041999961, 0.0 ], [ 112.33793, -7.99758, 0.0 ], [ 112.33811189100004, -7.997315945999958, 0.0 ], [ 112.338026232000061, -7.997087516999954, 0.0 ], [ 112.337983401000088, -7.996873365999932, 0.0 ], [ 112.337940570000114, -7.996773427999926, 0.0 ], [ 112.337840633000042, -7.996587828999964, 0.0 ], [ 112.337655035000012, -7.996473614999957, 0.0 ], [ 112.337455160000104, -7.996402232999969, 0.0 ], [ 112.337212456000088, -7.996330848999946, 0.0 ], [ 112.336839303000033, -7.996110212999952, 0.0 ], [ 112.3367, -7.99582000099997, 0.0 ], [ 112.33642, -7.99526, 0.0 ], [ 112.33642, -7.995149998999977, 0.0 ], [ 112.336465553000039, -7.99502875, 0.0 ], [ 112.336601621000113, -7.994772575999946, 0.0 ], [ 112.336620657000026, -7.994629807999956, 0.0 ], [ 112.336525477, -7.99435379199997, 0.0 ], [ 112.336544513000035, -7.994125362999966, 0.0 ], [ 112.336687281000081, -7.994049219999965, 0.0 ], [ 112.336953780000044, -7.993925488999935, 0.0 ], [ 112.337144138000099, -7.993915969999932, 0.0 ], [ 112.337286905000042, -7.993925488999935, 0.0 ], [ 112.337562922000075, -7.993858862999957, 0.0 ], [ 112.337639065000076, -7.993668506999938, 0.0 ], [ 112.337658101000102, -7.993487666999954, 0.0 ], [ 112.337696172000051, -7.993106953999927, 0.0 ], [ 112.337629548000109, -7.992811900999925, 0.0 ], [ 112.337562922000075, -7.992564435999952, 0.0 ], [ 112.337486779000074, -7.992402633999973, 0.0 ], [ 112.337344012000017, -7.992212276999965, 0.0 ], [ 112.337305940000078, -7.991717347999952, 0.0 ], [ 112.33749629700003, -7.991355670999951, 0.0 ], [ 112.337553405000108, -7.991051098999947, 0.0 ], [ 112.337600994000013, -7.990765563999958, 0.0 ], [ 112.337639065000076, -7.990603759999942, 0.0 ], [ 112.33762002900005, -7.990299188999927, 0.0 ], [ 112.337458226000081, -7.990070761999959, 0.0 ], [ 112.337267869000016, -7.989737636999962, 0.0 ], [ 112.337134619000039, -7.98944258299997, 0.0 ], [ 112.337134619000039, -7.989233191999972, 0.0 ], [ 112.337339254000085, -7.989052351999931, 0.0 ], [ 112.337681896000049, -7.989066627999932, 0.0 ], [ 112.338095922000093, -7.989095181999971, 0.0 ], [ 112.338552778, -7.988909583999941, 0.0 ], [ 112.338866867000092, -7.988538388999928, 0.0 ], [ 112.33899000100007, -7.987880000999951, 0.0 ], [ 112.339779999000029, -7.988789998999948, 0.0 ], [ 112.340760001000035, -7.989139998999974, 0.0 ], [ 112.34218, -7.989600000999928, 0.0 ], [ 112.343470001000014, -7.989939998999944, 0.0 ], [ 112.343989999000087, -7.990079998999931, 0.0 ], [ 112.344880001000092, -7.990059998999925, 0.0 ], [ 112.345221539000022, -7.990049377999981, 0.0 ], [ 112.345388102000015, -7.990092208999954, 0.0 ], [ 112.345507075000114, -7.990196904999948, 0.0 ], [ 112.345607012000073, -7.990311119999944, 0.0 ], [ 112.3457021910001, -7.990415814999949, 0.0 ], [ 112.34576405700011, -7.990477680999959, 0.0 ], [ 112.345816405000051, -7.990530028999956, 0.0 ], [ 112.345948178000071, -7.990665615999944, 0.0 ], [ 112.346078145000092, -7.990587135999931, 0.0 ], [ 112.34622567200006, -7.990539547999958, 0.0 ], [ 112.346354162000011, -7.990525269999978, 0.0 ], [ 112.346568313000034, -7.99051099299993, 0.0 ], [ 112.346701563000011, -7.990496716999928, 0.0 ], [ 112.346891920000076, -7.990477680999959, 0.0 ], [ 112.346991858000024, -7.990515751999965, 0.0 ], [ 112.347058483000069, -7.990596654999933, 0.0 ], [ 112.347110831, -7.990696591999949, 0.0 ], [ 112.347144144000026, -7.99075845699997, 0.0 ], [ 112.34719649200008, -7.990877429999955, 0.0 ], [ 112.347267875000057, -7.991034474999935, 0.0 ], [ 112.347305946, -7.991158206999955, 0.0 ], [ 112.347443955000017, -7.991258144999961, 0.0 ], [ 112.347643831000028, -7.991334287999962, 0.0 ], [ 112.3477437680001, -7.991343804999929, 0.0 ], [ 112.34785798200005, -7.991377117999946, 0.0 ], [ 112.347929365000027, -7.991410429999974, 0.0 ], [ 112.348043579000091, -7.991496090999931, 0.0 ], [ 112.348095928000021, -7.991567474999954, 0.0 ], [ 112.348138758, -7.991643616999966, 0.0 ], [ 112.348172071000022, -7.991724519999934, 0.0 ], [ 112.348176829000067, -7.99181017899997, 0.0 ], [ 112.348182486000042, -7.991974982999977, 0.0 ], [ 112.34825000100011, -7.99205, 0.0 ], [ 112.348370001000035, -7.99215000099997, 0.0 ], [ 112.348409916000037, -7.992132536999975, 0.0 ], [ 112.348538508000047, -7.992176616999927, 0.0 ], [ 112.348634875000016, -7.992144492999955, 0.0 ], [ 112.348674136000113, -7.992080247999979, 0.0 ], [ 112.348706259000096, -7.992008864999946, 0.0 ], [ 112.348816904000046, -7.991784004999943, 0.0 ], [ 112.348849027000028, -7.991691206999974, 0.0 ], [ 112.348874011000021, -7.991591269999958, 0.0 ], [ 112.348881150000011, -7.991487761999963, 0.0 ], [ 112.348920411000108, -7.991434224999978, 0.0 ], [ 112.349059609000051, -7.991320010999971, 0.0 ], [ 112.349113799000065, -7.991224116999945, 0.0 ], [ 112.349173824000104, -7.991112997999949, 0.0 ], [ 112.349248776000081, -7.991059458999928, 0.0 ], [ 112.349366560000021, -7.991048752999973, 0.0 ], [ 112.34950944000002, -7.991088308999963, 0.0 ], [ 112.349591420000024, -7.99112727399995, 0.0 ], [ 112.349691357000097, -7.99113084399994, 0.0 ], [ 112.349794863000056, -7.991048752999973, 0.0 ], [ 112.349830556000029, -7.991005921999943, 0.0 ], [ 112.34983769300004, -7.990916692999974, 0.0 ], [ 112.349823417000039, -7.990813184999979, 0.0 ], [ 112.349812709000048, -7.990748939999946, 0.0 ], [ 112.349810001000037, -7.99068, 0.0 ], [ 112.349873386000013, -7.990631155999949, 0.0 ], [ 112.349919784, -7.990627587999938, 0.0 ], [ 112.349980462000076, -7.990634725999939, 0.0 ], [ 112.350051845000053, -7.990670416999933, 0.0 ], [ 112.35013036700002, -7.990695402999961, 0.0 ], [ 112.350187475000098, -7.990723954999964, 0.0 ], [ 112.350219597000091, -7.990745369999956, 0.0 ], [ 112.350244582000073, -7.990777493999929, 0.0 ], [ 112.350262772000065, -7.990914982999925, 0.0 ], [ 112.350293915000066, -7.990931146999969, 0.0 ], [ 112.350390919, -7.990927398999929, 0.0 ], [ 112.35050513300007, -7.990941676999967, 0.0 ], [ 112.350597932000028, -7.990959521999969, 0.0 ], [ 112.350680023000109, -7.991013060999933, 0.0 ], [ 112.350754976000076, -7.991052320999927, 0.0 ], [ 112.350826360000042, -7.991109427999959, 0.0 ], [ 112.350865620000036, -7.991159396999933, 0.0 ], [ 112.350922727000011, -7.991223641999966, 0.0 ], [ 112.351015527000072, -7.99130930299998, 0.0 ], [ 112.351061926000057, -7.991355701999964, 0.0 ], [ 112.351133310000023, -7.991441363999968, 0.0 ], [ 112.351201124000113, -7.991537730999937, 0.0 ], [ 112.351229679000085, -7.991580560999978, 0.0 ], [ 112.351247525000076, -7.991630530999942, 0.0 ], [ 112.351226403000055, -7.991727702999981, 0.0 ], [ 112.351201124000113, -7.99179828299998, 0.0 ], [ 112.351233247000096, -7.991869666999946, 0.0 ], [ 112.351277752000101, -7.991869666999946, 0.0 ], [ 112.351340323000045, -7.991869666999946, 0.0 ], [ 112.351368876000038, -7.991905358999929, 0.0 ], [ 112.35140099900002, -7.991955325999982, 0.0 ], [ 112.351425983000013, -7.992012432999957, 0.0 ], [ 112.3514723830001, -7.992123077999963, 0.0 ], [ 112.351504505000094, -7.992173046999937, 0.0 ], [ 112.351515213000084, -7.992215877999968, 0.0 ], [ 112.351522351000085, -7.992287260999944, 0.0 ], [ 112.351533059000076, -7.992333661999965, 0.0 ], [ 112.351536629000066, -7.992355076999957, 0.0 ], [ 112.351540197000077, -7.992422890999933, 0.0 ], [ 112.351547336000067, -7.992497842999967, 0.0 ], [ 112.351578858000039, -7.992600334999963, 0.0 ], [ 112.351630000000114, -7.992660000999933, 0.0 ], [ 112.351604443000042, -7.99273055499998, 0.0 ], [ 112.351632997000024, -7.992773384999964, 0.0 ], [ 112.35176148700009, -7.992854286999943, 0.0 ], [ 112.351870943000108, -7.992882839999936, 0.0 ], [ 112.352018469000086, -7.99290663499994, 0.0 ], [ 112.352132683000036, -7.992916153999943, 0.0 ], [ 112.35223738000002, -7.992916153999943, 0.0 ], [ 112.352440001000105, -7.9929, 0.0 ], [ 112.352516330000071, -7.992929684999979, 0.0 ], [ 112.352620001000105, -7.992970000999946, 0.0 ], [ 112.352760001000092, -7.993090000999928, 0.0 ], [ 112.352890001000105, -7.99331, 0.0 ], [ 112.3532, -7.993569998999931, 0.0 ], [ 112.353260001000081, -7.99361, 0.0 ], [ 112.353899999000078, -7.994200000999967, 0.0 ], [ 112.354430001000082, -7.994690000999981, 0.0 ], [ 112.354730001, -7.99486, 0.0 ], [ 112.35516, -7.994920000999969, 0.0 ], [ 112.355550000000108, -7.99493, 0.0 ], [ 112.356210001000022, -7.994790000999956, 0.0 ], [ 112.356219999000018, -7.99458, 0.0 ], [ 112.35649, -7.99413, 0.0 ], [ 112.356770001000086, -7.99378, 0.0 ], [ 112.35688, -7.99337, 0.0 ], [ 112.356890001000011, -7.99302, 0.0 ], [ 112.35684, -7.99265, 0.0 ], [ 112.356790001000036, -7.992470000999958, 0.0 ], [ 112.356589999000107, -7.992230000999939, 0.0 ], [ 112.356660001000023, -7.991929998999979, 0.0 ], [ 112.35669, -7.99032000099993, 0.0 ], [ 112.356750001000023, -7.989720000999966, 0.0 ], [ 112.356999999000095, -7.98895, 0.0 ], [ 112.35721, -7.988840000999971, 0.0 ], [ 112.357429999000033, -7.988760000999946, 0.0 ], [ 112.357850001000088, -7.988780000999952, 0.0 ], [ 112.358220001000063, -7.988829998999961, 0.0 ], [ 112.35884000100009, -7.988880000999927, 0.0 ], [ 112.360230000000115, -7.988849998999967, 0.0 ], [ 112.36066, -7.98865, 0.0 ], [ 112.36141, -7.98822, 0.0 ], [ 112.361770001000082, -7.988140000999977, 0.0 ], [ 112.36191, -7.988129998999966, 0.0 ], [ 112.36197, -7.98815, 0.0 ], [ 112.362680001000058, -7.98824, 0.0 ], [ 112.362789999000029, -7.98822, 0.0 ], [ 112.363, -7.988100000999964, 0.0 ], [ 112.363170001000071, -7.987960000999976, 0.0 ], [ 112.36345, -7.98776, 0.0 ], [ 112.363660001000085, -7.987679998999965, 0.0 ], [ 112.364010001000111, -7.987570000999938, 0.0 ], [ 112.364220001000035, -7.987530000999925, 0.0 ], [ 112.364469999000107, -7.987590000999944, 0.0 ], [ 112.364790001000074, -7.987639998999953, 0.0 ], [ 112.365220001000012, -7.987679998999965, 0.0 ], [ 112.36534654400009, -7.987516680999931, 0.0 ], [ 112.365432205000047, -7.987302528999976, 0.0 ], [ 112.365660634000051, -7.987145484999928, 0.0 ], [ 112.365817678000099, -7.987081237999973, 0.0 ], [ 112.366081798000096, -7.987016992999941, 0.0 ], [ 112.366267395000023, -7.987002715999949, 0.0 ], [ 112.366410164000058, -7.986952746999975, 0.0 ], [ 112.366588622000108, -7.986852809999959, 0.0 ], [ 112.36683, -7.9867, 0.0 ], [ 112.367030001000103, -7.98652999899997, 0.0 ], [ 112.367350000000101, -7.986210000999961, 0.0 ], [ 112.367879999000024, -7.98561, 0.0 ], [ 112.368180001000042, -7.985319998999955, 0.0 ], [ 112.36845, -7.985110000999953, 0.0 ], [ 112.369049999000026, -7.98473, 0.0 ], [ 112.369280000000117, -7.984459998999967, 0.0 ], [ 112.369390001000056, -7.98436, 0.0 ], [ 112.36953999900004, -7.98423, 0.0 ], [ 112.369600000000105, -7.984200000999977, 0.0 ], [ 112.369849999000053, -7.984129998999947, 0.0 ], [ 112.370560001000058, -7.984040000999926, 0.0 ], [ 112.370709999000042, -7.98393, 0.0 ], [ 112.370770000000107, -7.983770000999925, 0.0 ], [ 112.370890001000021, -7.983610000999931, 0.0 ], [ 112.371039999000118, -7.9835, 0.0 ], [ 112.371310000000108, -7.983420000999956, 0.0 ], [ 112.371890001000111, -7.983300000999975, 0.0 ], [ 112.372599999000045, -7.983280000999969, 0.0 ], [ 112.37285, -7.983200000999943, 0.0 ], [ 112.37367, -7.982899998999926, 0.0 ], [ 112.373720001000038, -7.982810000999962, 0.0 ], [ 112.373800001000063, -7.9827, 0.0 ], [ 112.374030001000051, -7.98262000099993, 0.0 ], [ 112.374580001000027, -7.982529998999951, 0.0 ], [ 112.375010001000078, -7.982480000999942, 0.0 ], [ 112.375759999000024, -7.98243, 0.0 ], [ 112.375980001000016, -7.982360000999961, 0.0 ], [ 112.37664, -7.982159998999975, 0.0 ], [ 112.376929999000026, -7.982070000999954, 0.0 ], [ 112.37751, -7.981749998999931, 0.0 ], [ 112.378469999000117, -7.98124, 0.0 ], [ 112.38092000100005, -7.98067999899996, 0.0 ], [ 112.381990001000077, -7.98042, 0.0 ], [ 112.383149999000011, -7.98009, 0.0 ], [ 112.38389, -7.98, 0.0 ], [ 112.38451, -7.979930000999957, 0.0 ], [ 112.38567, -7.97999, 0.0 ], [ 112.38683, -7.98005, 0.0 ], [ 112.38841, -7.97998, 0.0 ], [ 112.389409999, -7.979750000999957, 0.0 ], [ 112.390570001000015, -7.979779998999959, 0.0 ], [ 112.39128, -7.979810000999976, 0.0 ], [ 112.39232, -7.97997, 0.0 ], [ 112.393220001000032, -7.98013, 0.0 ], [ 112.394000001000109, -7.980120000999932, 0.0 ], [ 112.395220000000108, -7.980120000999932, 0.0 ], [ 112.39626, -7.980180000999951, 0.0 ], [ 112.397900001000039, -7.9804, 0.0 ], [ 112.399190001000079, -7.980730000999927, 0.0 ], [ 112.399609999000063, -7.98007, 0.0 ], [ 112.401000001000057, -7.97909999899997, 0.0 ], [ 112.402419999000017, -7.9781, 0.0 ], [ 112.403959999000108, -7.977000000999965, 0.0 ], [ 112.406120000000101, -7.975549998999952, 0.0 ], [ 112.40763000100003, -7.97487, 0.0 ], [ 112.408561973000019, -7.976460913999972, 0.0 ], [ 112.408819581000103, -7.984593570999948, 0.0 ], [ 112.408819581000103, -7.985069463999935, 0.0 ], [ 112.408391278000067, -7.985973658999967, 0.0 ], [ 112.408010564000051, -7.987544102999948, 0.0 ], [ 112.4062021740001, -7.988353119999942, 0.0 ], [ 112.404757643000039, -7.990116141999977, 0.0 ], [ 112.405138357000055, -7.990615828999978, 0.0 ], [ 112.405209740000032, -7.99121069399996, 0.0 ], [ 112.405209740000032, -7.991472434999935, 0.0 ], [ 112.404940385000032, -7.992097439999952, 0.0 ], [ 112.404666747000078, -7.992394871999977, 0.0 ], [ 112.404393109000011, -7.992311590999975, 0.0 ], [ 112.404297931000087, -7.992323487999954, 0.0 ], [ 112.403976704000115, -7.992513844999962, 0.0 ], [ 112.403691168000023, -7.992442461999929, 0.0 ], [ 112.403560298000116, -7.992466255999943, 0.0 ], [ 112.403131995000081, -7.992609023999933, 0.0 ], [ 112.402656103000027, -7.992347282999958, 0.0 ], [ 112.40245384900004, -7.992382974999941, 0.0 ], [ 112.402287286000046, -7.992692304999935, 0.0 ], [ 112.402180211000086, -7.993037326999968, 0.0 ], [ 112.402132621000078, -7.993334758999936, 0.0 ], [ 112.401751908000051, -7.993525115999944, 0.0 ], [ 112.401716216000068, -7.993953418999979, 0.0 ], [ 112.40149016700002, -7.994131878999951, 0.0 ], [ 112.401180837000084, -7.994227056999932, 0.0 ], [ 112.400383718000057, -7.994619667999928, 0.0 ], [ 112.399943517000111, -7.994821922999961, 0.0 ], [ 112.399312960000088, -7.995166943999948, 0.0 ], [ 112.398872760000017, -7.996404263999978, 0.0 ], [ 112.398706198000014, -7.99685636199996, 0.0 ], [ 112.398206511000012, -7.997558302999948, 0.0 ], [ 112.397873386000015, -7.998093680999943, 0.0 ], [ 112.397587851000026, -7.99856957399993, 0.0 ], [ 112.397302316000037, -7.998997876999965, 0.0 ], [ 112.397088164000024, -7.999497562999977, 0.0 ], [ 112.39686211500009, -7.999794995999935, 0.0 ], [ 112.396469504000038, -8.00018760699993, 0.0 ], [ 112.396172072000013, -8.000211401999934, 0.0 ], [ 112.395886536000035, -8.000342271999955, 0.0 ], [ 112.395470131000025, -8.000508833999959, 0.0 ], [ 112.395232184000065, -8.000580217999925, 0.0 ], [ 112.394815779000055, -8.000568320999946, 0.0 ], [ 112.394637319000026, -8.000841958999956, 0.0 ], [ 112.394554038000024, -8.00100852099996, 0.0 ], [ 112.394054351000023, -8.001615283999968, 0.0 ], [ 112.393590356, -8.00193651099994, 0.0 ], [ 112.39318584800003, -8.002162559999931, 0.0 ], [ 112.392817032000039, -8.002376710999954, 0.0 ], [ 112.39240062600004, -8.002745527999934, 0.0 ], [ 112.392329242000073, -8.00303106299998, 0.0 ], [ 112.392079399000067, -8.003780592999931, 0.0 ], [ 112.38945009400004, -8.001924613999961, 0.0 ], [ 112.387120562000064, -8.000459092999961, 0.0 ], [ 112.386941832000048, -8.000627581999936, 0.0 ], [ 112.385642957000073, -8.001413028999934, 0.0 ], [ 112.384563435000018, -8.002023559999941, 0.0 ], [ 112.384450410000113, -8.002088994999951, 0.0 ], [ 112.384379027000023, -8.002255556999955, 0.0 ], [ 112.384182721000116, -8.00234478699997, 0.0 ], [ 112.383950724000101, -8.002398324999945, 0.0 ], [ 112.383587856000076, -8.002737397999965, 0.0 ], [ 112.383290423000062, -8.003034829999933, 0.0 ], [ 112.383111964000022, -8.003159751999931, 0.0 ], [ 112.382945401000029, -8.003260878999981, 0.0 ], [ 112.382701507000093, -8.003385800999979, 0.0 ], [ 112.382392177000042, -8.003475030999937, 0.0 ], [ 112.382166128000108, -8.003516670999943, 0.0 ], [ 112.38200551400007, -8.003475030999937, 0.0 ], [ 112.381833003000111, -8.003427441999975, 0.0 ], [ 112.38163074900001, -8.003421492999962, 0.0 ], [ 112.381428495000023, -8.003486927999973, 0.0 ], [ 112.38115485700007, -8.003451235999933, 0.0 ], [ 112.380833630000097, -8.003605900999958, 0.0 ], [ 112.380464813000117, -8.00382005299997, 0.0 ], [ 112.380048408000107, -8.003974717999938, 0.0 ], [ 112.379846153000017, -8.00405799899994, 0.0 ], [ 112.379394056000024, -8.00433163699995, 0.0 ], [ 112.379286980000074, -8.00460527499996, 0.0 ], [ 112.379215596000108, -8.004855117999966, 0.0 ], [ 112.37898954700006, -8.005128755999976, 0.0 ], [ 112.37868021700001, -8.005283420999945, 0.0 ], [ 112.378347093000116, -8.005414290999965, 0.0 ], [ 112.378049660000102, -8.00529531799998, 0.0 ], [ 112.377640001000032, -8.00501, 0.0 ] ] ] ] } },
{ "type": "Feature", "properties": { "OBJECTID": 116223.0, "KDPPUM": "35", "NAMOBJ": "Soso", "REMARK": null, "KDPBPS": null, "FCODE": "BA03070040", "LUASWH": 14.40189421, "UUPP": "Hasil Delineasi Batas Desa 2019", "SRS_ID": "SRGI 2013", "METADATA": "TASWIL1000020200326DATA_BATAS_DESA_KELURAHAN", "KDEBPS": null, "KDEPUM": "35.05.15.2010", "KDCBPS": null, "KDCPUM": "35.05.15", "KDBBPS": null, "WADMKD": "Soso", "WIADKD": null, "WADMKC": "Gandusari", "WIADKC": null, "WADMKK": "Blitar", "WIADKK": null, "WADMPR": "Jawa Timur", "WIADPR": null, "TIPADM": 1.0, "KDPKAB": "35.05", "SHAPE_Leng": 0.28879952681225002, "SHAPE_Area": 0.0011815030569380001 }, "geometry": { "type": "MultiPolygon", "coordinates": [ [ [ [ 112.326420123000048, -7.935875404999933, 0.0 ], [ 112.326419999000109, -7.93588, 0.0 ], [ 112.326379999000096, -7.937390000999926, 0.0 ], [ 112.32622, -7.9389, 0.0 ], [ 112.325989999000058, -7.94017, 0.0 ], [ 112.325650001000099, -7.94125, 0.0 ], [ 112.325380001000099, -7.94202, 0.0 ], [ 112.324919999000031, -7.94260000099996, 0.0 ], [ 112.324440001000085, -7.9429, 0.0 ], [ 112.323210001, -7.943420000999936, 0.0 ], [ 112.322390001000031, -7.943799998999964, 0.0 ], [ 112.322180001000106, -7.94394, 0.0 ], [ 112.322060001000068, -7.944080000999975, 0.0 ], [ 112.32189, -7.94439, 0.0 ], [ 112.32185000100003, -7.94446, 0.0 ], [ 112.32166, -7.944710000999976, 0.0 ], [ 112.321630001000017, -7.94476, 0.0 ], [ 112.32147, -7.945029998999928, 0.0 ], [ 112.32130999900005, -7.94522, 0.0 ], [ 112.32113, -7.945439998999973, 0.0 ], [ 112.3210199990001, -7.94619999899993, 0.0 ], [ 112.320939999000075, -7.9468, 0.0 ], [ 112.320930001000079, -7.946890000999929, 0.0 ], [ 112.320740000000114, -7.947349998999925, 0.0 ], [ 112.320529999000087, -7.947690000999955, 0.0 ], [ 112.320480001000078, -7.947770000999981, 0.0 ], [ 112.32041, -7.948149998999952, 0.0 ], [ 112.32037, -7.948490000999925, 0.0 ], [ 112.32037, -7.94855999899994, 0.0 ], [ 112.32036000100004, -7.948969998999928, 0.0 ], [ 112.32037, -7.949270000999945, 0.0 ], [ 112.320620001000066, -7.949910000999978, 0.0 ], [ 112.32071, -7.950099998999974, 0.0 ], [ 112.321060000000102, -7.95062, 0.0 ], [ 112.32125, -7.950830000999929, 0.0 ], [ 112.32145, -7.95101, 0.0 ], [ 112.32149, -7.95107, 0.0 ], [ 112.321590001000118, -7.95139, 0.0 ], [ 112.32158, -7.95154, 0.0 ], [ 112.321570001000055, -7.951659998999958, 0.0 ], [ 112.32186, -7.95185, 0.0 ], [ 112.322100001000081, -7.95195, 0.0 ], [ 112.322470001000056, -7.951989998999977, 0.0 ], [ 112.32307, -7.951920000999962, 0.0 ], [ 112.323339999000041, -7.951900000999956, 0.0 ], [ 112.32357, -7.951940000999969, 0.0 ], [ 112.323970001000021, -7.952140000999975, 0.0 ], [ 112.324287343000037, -7.952345338999976, 0.0 ], [ 112.325765479000097, -7.952862219999929, 0.0 ], [ 112.326574497000024, -7.953385700999945, 0.0 ], [ 112.326931415000104, -7.953790208999976, 0.0 ], [ 112.327288334000059, -7.954860966999945, 0.0 ], [ 112.32696, -7.95531, 0.0 ], [ 112.327288334000059, -7.956050696999966, 0.0 ], [ 112.327288334000059, -7.956383821999964, 0.0 ], [ 112.327216951000082, -7.956740741999965, 0.0 ], [ 112.327079923000042, -7.957106278999959, 0.0 ], [ 112.327230001000089, -7.95727, 0.0 ], [ 112.327660001000027, -7.95739, 0.0 ], [ 112.327870001000065, -7.957509998999967, 0.0 ], [ 112.328050001000065, -7.957730000999959, 0.0 ], [ 112.328406682000036, -7.957859087999964, 0.0 ], [ 112.328610001000015, -7.958650000999967, 0.0 ], [ 112.328850001000092, -7.958920000999967, 0.0 ], [ 112.329080001000079, -7.959060000999955, 0.0 ], [ 112.329450001000055, -7.95925, 0.0 ], [ 112.329690001000017, -7.95943000099993, 0.0 ], [ 112.329929999000115, -7.95967, 0.0 ], [ 112.330020001000094, -7.959860000999981, 0.0 ], [ 112.330040001000043, -7.960070000999963, 0.0 ], [ 112.329989999000077, -7.960219998999946, 0.0 ], [ 112.329780001000017, -7.960589998999978, 0.0 ], [ 112.32972, -7.961079998999935, 0.0 ], [ 112.329690001000017, -7.96157, 0.0 ], [ 112.32968, -7.961799998999936, 0.0 ], [ 112.32972, -7.96197, 0.0 ], [ 112.329780001000017, -7.962220000999935, 0.0 ], [ 112.33026, -7.96283, 0.0 ], [ 112.330410001000018, -7.963029998999957, 0.0 ], [ 112.330510000000118, -7.96357, 0.0 ], [ 112.330600001000107, -7.96365, 0.0 ], [ 112.33106, -7.96370000099995, 0.0 ], [ 112.331460001000096, -7.963680000999943, 0.0 ], [ 112.331970001000059, -7.96361, 0.0 ], [ 112.332369999000093, -7.963600000999975, 0.0 ], [ 112.332550001000072, -7.963660000999937, 0.0 ], [ 112.3328, -7.963860000999944, 0.0 ], [ 112.332880001000035, -7.964010000999963, 0.0 ], [ 112.33291, -7.964250000999925, 0.0 ], [ 112.33289, -7.964500000999976, 0.0 ], [ 112.332790001000035, -7.96473, 0.0 ], [ 112.3326, -7.964970000999926, 0.0 ], [ 112.33234999900003, -7.965220000999977, 0.0 ], [ 112.33222000100011, -7.96566, 0.0 ], [ 112.332249999000055, -7.965940000999979, 0.0 ], [ 112.332269999, -7.96625, 0.0 ], [ 112.332249999000055, -7.966559998999969, 0.0 ], [ 112.332269999, -7.96677, 0.0 ], [ 112.332360001000097, -7.966989998999964, 0.0 ], [ 112.332360001000097, -7.967170000999943, 0.0 ], [ 112.332260001, -7.967669998999952, 0.0 ], [ 112.332289999000068, -7.96794, 0.0 ], [ 112.332369999000093, -7.96822, 0.0 ], [ 112.332389999000043, -7.968380000999957, 0.0 ], [ 112.332289999000068, -7.96863, 0.0 ], [ 112.332140001000084, -7.968810000999952, 0.0 ], [ 112.331979999000055, -7.96903, 0.0 ], [ 112.331820000000107, -7.969329998999967, 0.0 ], [ 112.331460001000096, -7.969730000999959, 0.0 ], [ 112.331199999000091, -7.97021, 0.0 ], [ 112.331090001, -7.970390000999942, 0.0 ], [ 112.330800001000057, -7.970749998999963, 0.0 ], [ 112.330640001, -7.970880000999955, 0.0 ], [ 112.330430001000082, -7.970920000999968, 0.0 ], [ 112.330110000000104, -7.97125000099993, 0.0 ], [ 112.330040001000043, -7.97135, 0.0 ], [ 112.329929999000115, -7.971689998999977, 0.0 ], [ 112.329920001, -7.971870000999957, 0.0 ], [ 112.33014, -7.97219, 0.0 ], [ 112.330250001000081, -7.97236000099997, 0.0 ], [ 112.330350001000056, -7.97255, 0.0 ], [ 112.33055, -7.9727, 0.0 ], [ 112.33087, -7.97303, 0.0 ], [ 112.330990001000032, -7.97329, 0.0 ], [ 112.331050001000108, -7.973490000999959, 0.0 ], [ 112.331090001, -7.973880000999941, 0.0 ], [ 112.331079999000053, -7.97454000099998, 0.0 ], [ 112.331070001000057, -7.975079998999945, 0.0 ], [ 112.331210001000045, -7.975589998999965, 0.0 ], [ 112.33129, -7.975970000999951, 0.0 ], [ 112.331360001, -7.976349998999979, 0.0 ], [ 112.33143, -7.976490000999945, 0.0 ], [ 112.331600001000083, -7.9766, 0.0 ], [ 112.331859999000017, -7.976659998999935, 0.0 ], [ 112.33223, -7.976710000999958, 0.0 ], [ 112.332590001000085, -7.976960000999952, 0.0 ], [ 112.332699999000056, -7.977040000999978, 0.0 ], [ 112.333049999000082, -7.977029998999967, 0.0 ], [ 112.333149999000057, -7.977040000999978, 0.0 ], [ 112.333260000000109, -7.977109998999936, 0.0 ], [ 112.333559999000045, -7.977149998999948, 0.0 ], [ 112.333900001000075, -7.977149998999948, 0.0 ], [ 112.334160000000111, -7.97725, 0.0 ], [ 112.334460001000025, -7.97736, 0.0 ], [ 112.334700001000101, -7.977459998999961, 0.0 ], [ 112.334880000000112, -7.97763, 0.0 ], [ 112.334990001000051, -7.97779, 0.0 ], [ 112.33516, -7.97841, 0.0 ], [ 112.33538000100009, -7.978729998999938, 0.0 ], [ 112.335440001000052, -7.97884, 0.0 ], [ 112.33538000100009, -7.979119998999977, 0.0 ], [ 112.33535, -7.979340000999969, 0.0 ], [ 112.335400001000039, -7.979759998999953, 0.0 ], [ 112.335750001000065, -7.980490000999964, 0.0 ], [ 112.33585000100004, -7.980730000999927, 0.0 ], [ 112.335920000000101, -7.981120000999965, 0.0 ], [ 112.335910001000116, -7.98196, 0.0 ], [ 112.33585000100004, -7.982480000999942, 0.0 ], [ 112.33564, -7.982919998999932, 0.0 ], [ 112.33555, -7.983200000999943, 0.0 ], [ 112.33583000100009, -7.98362, 0.0 ], [ 112.33613, -7.984209998999972, 0.0 ], [ 112.336289999000087, -7.984929998999974, 0.0 ], [ 112.336370000000102, -7.985210000999928, 0.0 ], [ 112.336659999000062, -7.98576000099996, 0.0 ], [ 112.336820001000092, -7.985910000999979, 0.0 ], [ 112.337009999000088, -7.986, 0.0 ], [ 112.337399999000013, -7.986039998999956, 0.0 ], [ 112.337640001000068, -7.986050000999967, 0.0 ], [ 112.33793, -7.986210000999961, 0.0 ], [ 112.338239999000052, -7.98636000099998, 0.0 ], [ 112.338460001000044, -7.986480000999961, 0.0 ], [ 112.338750001000108, -7.986750000999962, 0.0 ], [ 112.338979999000117, -7.98716000099995, 0.0 ], [ 112.33901000100002, -7.987650000999963, 0.0 ], [ 112.33899000100007, -7.987880000999951, 0.0 ], [ 112.338866867000092, -7.988538388999928, 0.0 ], [ 112.338552778, -7.988909583999941, 0.0 ], [ 112.338095922000093, -7.989095181999971, 0.0 ], [ 112.337681896000049, -7.989066627999932, 0.0 ], [ 112.337339254000085, -7.989052351999931, 0.0 ], [ 112.337134619000039, -7.989233191999972, 0.0 ], [ 112.337134619000039, -7.98944258299997, 0.0 ], [ 112.337267869000016, -7.989737636999962, 0.0 ], [ 112.337458226000081, -7.990070761999959, 0.0 ], [ 112.33762002900005, -7.990299188999927, 0.0 ], [ 112.337639065000076, -7.990603759999942, 0.0 ], [ 112.337600994000013, -7.990765563999958, 0.0 ], [ 112.337553405000108, -7.991051098999947, 0.0 ], [ 112.33749629700003, -7.991355670999951, 0.0 ], [ 112.337305940000078, -7.991717347999952, 0.0 ], [ 112.337344012000017, -7.992212276999965, 0.0 ], [ 112.337486779000074, -7.992402633999973, 0.0 ], [ 112.337562922000075, -7.992564435999952, 0.0 ], [ 112.337629548000109, -7.992811900999925, 0.0 ], [ 112.337696172000051, -7.993106953999927, 0.0 ], [ 112.337658101000102, -7.993487666999954, 0.0 ], [ 112.337639065000076, -7.993668506999938, 0.0 ], [ 112.337562922000075, -7.993858862999957, 0.0 ], [ 112.337286905000042, -7.993925488999935, 0.0 ], [ 112.337144138000099, -7.993915969999932, 0.0 ], [ 112.336953780000044, -7.993925488999935, 0.0 ], [ 112.336687281000081, -7.994049219999965, 0.0 ], [ 112.336544513000035, -7.994125362999966, 0.0 ], [ 112.336525477, -7.99435379199997, 0.0 ], [ 112.336620657000026, -7.994629807999956, 0.0 ], [ 112.336601621000113, -7.994772575999946, 0.0 ], [ 112.336465553000039, -7.99502875, 0.0 ], [ 112.33642, -7.995149998999977, 0.0 ], [ 112.33642, -7.99526, 0.0 ], [ 112.3367, -7.99582000099997, 0.0 ], [ 112.336839303000033, -7.996110212999952, 0.0 ], [ 112.337212456000088, -7.996330848999946, 0.0 ], [ 112.337455160000104, -7.996402232999969, 0.0 ], [ 112.337655035000012, -7.996473614999957, 0.0 ], [ 112.337840633000042, -7.996587828999964, 0.0 ], [ 112.337940570000114, -7.996773427999926, 0.0 ], [ 112.337983401000088, -7.996873365999932, 0.0 ], [ 112.338026232000061, -7.997087516999954, 0.0 ], [ 112.33811189100004, -7.997315945999958, 0.0 ], [ 112.33793, -7.99758, 0.0 ], [ 112.337804839000114, -7.997723041999961, 0.0 ], [ 112.337750213000049, -7.998134479999976, 0.0 ], [ 112.337750213000049, -7.998410497999942, 0.0 ], [ 112.337514430000056, -7.99866911099997, 0.0 ], [ 112.337312394000037, -7.998810245999948, 0.0 ], [ 112.337274322000098, -7.998905423999929, 0.0 ], [ 112.337264803000039, -7.9991053, 0.0 ], [ 112.337207696000064, -7.999257584999953, 0.0 ], [ 112.337131554000052, -7.999505048999936, 0.0 ], [ 112.337152487000026, -7.999781360999975, 0.0 ], [ 112.337049999000101, -8.0, 0.0 ], [ 112.336980001000029, -8.000159998999948, 0.0 ], [ 112.336779393000029, -8.000418761999981, 0.0 ], [ 112.336817465000081, -8.000694778999957, 0.0 ], [ 112.336964945000091, -8.000939401999972, 0.0 ], [ 112.336966513000107, -8.000942001999931, 0.0 ], [ 112.337018313000044, -8.001027920999945, 0.0 ], [ 112.337013077000051, -8.001331580999931, 0.0 ], [ 112.337245768000116, -8.001665598999978, 0.0 ], [ 112.337302875000091, -8.001874991999955, 0.0 ], [ 112.33734094600004, -8.002131973999951, 0.0 ], [ 112.337388536000049, -8.00232233, 0.0 ], [ 112.337407572000075, -8.002455579999946, 0.0 ], [ 112.337336384000082, -8.002825537999968, 0.0 ], [ 112.337769249000075, -8.003397846999974, 0.0 ], [ 112.337901013000078, -8.003761012999973, 0.0 ], [ 112.338155138000047, -8.004559645999962, 0.0 ], [ 112.338150001000031, -8.00476, 0.0 ], [ 112.33823562300006, -8.005272862999959, 0.0 ], [ 112.338132703000042, -8.005665153999928, 0.0 ], [ 112.338159999000027, -8.006020000999968, 0.0 ], [ 112.338119999000014, -8.00634, 0.0 ], [ 112.337789999000051, -8.007030000999976, 0.0 ], [ 112.337330001000055, -8.00762999899996, 0.0 ], [ 112.33724, -8.00778, 0.0 ], [ 112.337130000000116, -8.008329998999955, 0.0 ], [ 112.336989999000025, -8.008960000999934, 0.0 ], [ 112.336800001000029, -8.009900000999949, 0.0 ], [ 112.336750841000026, -8.010260211999935, 0.0 ], [ 112.336824378000074, -8.010394884999926, 0.0 ], [ 112.337122036000096, -8.01068851499997, 0.0 ], [ 112.337312394000037, -8.010983569999951, 0.0 ], [ 112.337483715000076, -8.01105019299996, 0.0 ], [ 112.33770262500002, -8.011012121999954, 0.0 ], [ 112.337940570000114, -8.011012121999954, 0.0 ], [ 112.337997677000089, -8.011097782999968, 0.0 ], [ 112.338130927000066, -8.011278622999953, 0.0 ], [ 112.338469981000117, -8.011776943999962, 0.0 ], [ 112.338569999000015, -8.01183999899996, 0.0 ], [ 112.339177891000077, -8.012220887999945, 0.0 ], [ 112.339349212000116, -8.012439798999935, 0.0 ], [ 112.339491980000048, -8.012715816999957, 0.0 ], [ 112.339568123000049, -8.012944243999925, 0.0 ], [ 112.339590797000028, -8.01306669, 0.0 ], [ 112.339281131, -8.013670076999972, 0.0 ], [ 112.339014631000055, -8.014174522999951, 0.0 ], [ 112.338995596000018, -8.014374397999973, 0.0 ], [ 112.338995596000018, -8.014688486999944, 0.0 ], [ 112.339052703000107, -8.015069199999971, 0.0 ], [ 112.339166917000057, -8.015497502999949, 0.0 ], [ 112.33927161400004, -8.01584014499997, 0.0 ], [ 112.339471489000061, -8.016239895999945, 0.0 ], [ 112.339795095000113, -8.016582536999977, 0.0 ], [ 112.340251951000027, -8.017258303999938, 0.0 ], [ 112.340680254000063, -8.017734195999935, 0.0 ], [ 112.341118076000043, -8.018210087999933, 0.0 ], [ 112.341432165000015, -8.018324303999975, 0.0 ], [ 112.34186046800005, -8.018685980999976, 0.0 ], [ 112.342261671000074, -8.019168914999966, 0.0 ], [ 112.342471064000051, -8.019406861999926, 0.0 ], [ 112.342566243000078, -8.019530591999967, 0.0 ], [ 112.342728046000047, -8.019690000999958, 0.0 ], [ 112.34311, -8.019690000999958, 0.0 ], [ 112.345230001, -8.020109998999942, 0.0 ], [ 112.346030001000031, -8.02025, 0.0 ], [ 112.34656, -8.020510000999934, 0.0 ], [ 112.346830001000058, -8.02065, 0.0 ], [ 112.347129999000117, -8.02114, 0.0 ], [ 112.347310000000107, -8.02144, 0.0 ], [ 112.347237125000106, -8.021858656999939, 0.0 ], [ 112.347446482, -8.022211497999933, 0.0 ], [ 112.347665428000028, -8.022513008999965, 0.0 ], [ 112.347713017000046, -8.02281044199998, 0.0 ], [ 112.347713017000046, -8.022988900999962, 0.0 ], [ 112.347480507000114, -8.023263979999967, 0.0 ], [ 112.347189535000098, -8.023964479999961, 0.0 ], [ 112.347237125000106, -8.024238118999961, 0.0 ], [ 112.347539999000105, -8.024740000999941, 0.0 ], [ 112.347808195000084, -8.025534923999942, 0.0 ], [ 112.34787958000004, -8.025891843999943, 0.0 ], [ 112.347683862000054, -8.026722657999926, 0.0 ], [ 112.347670001000097, -8.02709, 0.0 ], [ 112.347400000000107, -8.028310000999966, 0.0 ], [ 112.347180001000083, -8.02896, 0.0 ], [ 112.347390001, -8.029710000999955, 0.0 ], [ 112.34805, -8.03047, 0.0 ], [ 112.348190001000034, -8.0308, 0.0 ], [ 112.348190001000034, -8.0316, 0.0 ], [ 112.348060001000022, -8.03254, 0.0 ], [ 112.348210001000098, -8.03352, 0.0 ], [ 112.34809, -8.03436, 0.0 ], [ 112.348031518000084, -8.034492559999933, 0.0 ], [ 112.34779, -8.03504, 0.0 ], [ 112.347249999000041, -8.03567, 0.0 ], [ 112.346680000000106, -8.03606, 0.0 ], [ 112.345999999000014, -8.036259998999981, 0.0 ], [ 112.34585, -8.03635, 0.0 ], [ 112.34536, -8.03675, 0.0 ], [ 112.34469, -8.03744, 0.0 ], [ 112.344490001000054, -8.03771, 0.0 ], [ 112.344200569, -8.038246852999976, 0.0 ], [ 112.344058163000113, -8.038754455999936, 0.0 ], [ 112.343989999000087, -8.03886, 0.0 ], [ 112.343751544000042, -8.039128527999935, 0.0 ], [ 112.343458871000053, -8.039421200999925, 0.0 ], [ 112.343180474000064, -8.039785258999927, 0.0 ], [ 112.343123367000089, -8.039992271999949, 0.0 ], [ 112.343030568000017, -8.04014217799994, 0.0 ], [ 112.342916354000067, -8.040306360999978, 0.0 ], [ 112.342866385000093, -8.040377744999944, 0.0 ], [ 112.342994876000034, -8.040420574999928, 0.0 ], [ 112.342923492000068, -8.040641864999941, 0.0 ], [ 112.342852108000102, -8.040784631999941, 0.0 ], [ 112.342823555000109, -8.040870292999955, 0.0 ], [ 112.342795001000013, -8.041034475999936, 0.0 ], [ 112.342673649000062, -8.041241488999958, 0.0 ], [ 112.342616542000087, -8.041398532999949, 0.0 ], [ 112.342580850000104, -8.04156271599993, 0.0 ], [ 112.342545158, -8.041676929999937, 0.0 ], [ 112.341318467000065, -8.04107086099998, 0.0 ], [ 112.341350001000023, -8.04167, 0.0 ], [ 112.3411, -8.042419998999947, 0.0 ], [ 112.340740001000086, -8.04313, 0.0 ], [ 112.34068, -8.04344, 0.0 ], [ 112.340630001000022, -8.04371, 0.0 ], [ 112.340929999000082, -8.04477, 0.0 ], [ 112.340760001000035, -8.04469, 0.0 ], [ 112.340562242000033, -8.044573671999956, 0.0 ], [ 112.339969771000028, -8.044197060999977, 0.0 ], [ 112.339946810000015, -8.044182465999938, 0.0 ], [ 112.339630059000115, -8.04391353799997, 0.0 ], [ 112.339622127000098, -8.043903949999958, 0.0 ], [ 112.339449333000061, -8.043695087999936, 0.0 ], [ 112.339445853000029, -8.043690880999975, 0.0 ], [ 112.339427096, -8.04366469699994, 0.0 ], [ 112.339269, -8.043444, 0.0 ], [ 112.339092460000074, -8.04331108599996, 0.0 ], [ 112.338988269000083, -8.043232642999953, 0.0 ], [ 112.338988221000022, -8.043232626999952, 0.0 ], [ 112.338253106000025, -8.042636957999946, 0.0 ], [ 112.337358429, -8.042322868999975, 0.0 ], [ 112.333667504, -8.041339126999958, 0.0 ], [ 112.333549108000057, -8.041307570999948, 0.0 ], [ 112.333638, -8.040617, 0.0 ], [ 112.333394001000102, -8.040516, 0.0 ], [ 112.333343948000106, -8.040505920999976, 0.0 ], [ 112.333319176000032, -8.040500931999929, 0.0 ], [ 112.3328001000001, -8.040396402999932, 0.0 ], [ 112.332791780000093, -8.040394727999967, 0.0 ], [ 112.332777983000028, -8.040395517999968, 0.0 ], [ 112.332452633000116, -8.040414168999973, 0.0 ], [ 112.332452546000013, -8.040414186999953, 0.0 ], [ 112.332415714000035, -8.040422294999928, 0.0 ], [ 112.332232711000074, -8.040462575999925, 0.0 ], [ 112.332102750000104, -8.040491182999972, 0.0 ], [ 112.331933462000052, -8.04052844499995, 0.0 ], [ 112.331932151000046, -8.040528733999963, 0.0 ], [ 112.331649527000081, -8.040689704999977, 0.0 ], [ 112.331601015000047, -8.040717334999954, 0.0 ], [ 112.331571008000083, -8.040734425999972, 0.0 ], [ 112.331598635000091, -8.04058158, 0.0 ], [ 112.331748024000035, -8.040309711999953, 0.0 ], [ 112.33180751000009, -8.040101508999953, 0.0 ], [ 112.331843202000073, -8.039964689999977, 0.0 ], [ 112.331843202000073, -8.039839768999968, 0.0 ], [ 112.331754405000083, -8.039719797999965, 0.0 ], [ 112.331775331000017, -8.039604034999968, 0.0 ], [ 112.331664742000044, -8.039572078999981, 0.0 ], [ 112.331676639000079, -8.039387670999929, 0.0 ], [ 112.331742075000079, -8.039238953999927, 0.0 ], [ 112.331783715000029, -8.039119980999942, 0.0 ], [ 112.331777766000073, -8.038959367999951, 0.0 ], [ 112.331748024000035, -8.038816599999961, 0.0 ], [ 112.331730178000043, -8.038531065999962, 0.0 ], [ 112.331736127000113, -8.038352605999933, 0.0 ], [ 112.331777766000073, -8.038174144999971, 0.0 ], [ 112.331813459000045, -8.038013532999969, 0.0 ], [ 112.331837254000106, -8.037829123999927, 0.0 ], [ 112.331896739000058, -8.037567383999942, 0.0 ], [ 112.332003815, -8.037377026999934, 0.0 ], [ 112.332045457000049, -8.037222360999976, 0.0 ], [ 112.332045457000049, -8.03707959299993, 0.0 ], [ 112.331944330000056, -8.036805954999977, 0.0 ], [ 112.331920535000108, -8.036591803999954, 0.0 ], [ 112.331878893000066, -8.036419293999927, 0.0 ], [ 112.331878893000066, -8.036234884999942, 0.0 ], [ 112.331944330000056, -8.035836324999934, 0.0 ], [ 112.332033559000024, -8.035580533999962, 0.0 ], [ 112.332188223000117, -8.035068948999935, 0.0 ], [ 112.332378581000057, -8.034599005999951, 0.0 ], [ 112.332438067000112, -8.034301573999926, 0.0 ], [ 112.332521507000024, -8.034156530999951, 0.0 ], [ 112.332372633000091, -8.033920858999977, 0.0 ], [ 112.332313145000057, -8.033772143999954, 0.0 ], [ 112.332295299000066, -8.03361747799994, 0.0 ], [ 112.332301248000022, -8.033415223999953, 0.0 ], [ 112.332283403000019, -8.032915537999941, 0.0 ], [ 112.332283403000019, -8.032713282999964, 0.0 ], [ 112.332378581000057, -8.032534822999935, 0.0 ], [ 112.332533245000036, -8.03227308299995, 0.0 ], [ 112.332652218000021, -8.032029186999978, 0.0 ], [ 112.332705757000099, -8.031880470999965, 0.0 ], [ 112.332747397000048, -8.031690113999957, 0.0 ], [ 112.33276524300004, -8.031535449999978, 0.0 ], [ 112.332759294000084, -8.031362937999972, 0.0 ], [ 112.332759294000084, -8.03084540499998, 0.0 ], [ 112.332771192000109, -8.030613407999965, 0.0 ], [ 112.33283067800005, -8.030345719999957, 0.0 ], [ 112.332902063, -8.030137516999957, 0.0 ], [ 112.33319, -8.029580000999943, 0.0 ], [ 112.333335124000087, -8.029113157999973, 0.0 ], [ 112.333435061000046, -8.02875624, 0.0 ], [ 112.333449339000026, -8.028456426999981, 0.0 ], [ 112.333449339000026, -8.028170891999935, 0.0 ], [ 112.333449339000026, -8.027813971999933, 0.0 ], [ 112.333520722000117, -8.027599820999967, 0.0 ], [ 112.333577829000092, -8.027271455999937, 0.0 ], [ 112.333577829000092, -8.026957365999976, 0.0 ], [ 112.333577829000092, -8.026743214999954, 0.0 ], [ 112.333577829000092, -8.026400572999933, 0.0 ], [ 112.333577829000092, -8.026143590999936, 0.0 ], [ 112.33347789100003, -8.025843777999967, 0.0 ], [ 112.333349401000078, -8.025415474999932, 0.0 ], [ 112.333273259000066, -8.02486344099998, 0.0 ], [ 112.333235187000014, -8.024615977999929, 0.0 ], [ 112.33325422300004, -8.024378030999969, 0.0 ], [ 112.333273259000066, -8.024159119999979, 0.0 ], [ 112.33325422300004, -8.023845030999951, 0.0 ], [ 112.333092419000081, -8.023378656999967, 0.0 ], [ 112.332947485000091, -8.023161985999934, 0.0 ], [ 112.332923672000106, -8.022531830999981, 0.0 ], [ 112.333035312000106, -8.022255551999933, 0.0 ], [ 112.3331400080001, -8.022055676999969, 0.0 ], [ 112.333216150000112, -8.021874836999928, 0.0 ], [ 112.333244704000094, -8.021579784999972, 0.0 ], [ 112.333225668000068, -8.021265695999944, 0.0 ], [ 112.333216150000112, -8.020951606999972, 0.0 ], [ 112.333168561000093, -8.020666071999926, 0.0 ], [ 112.333035312000106, -8.019895125999938, 0.0 ], [ 112.332940134000069, -8.019657180999957, 0.0 ], [ 112.332740258000058, -8.019381162999935, 0.0 ], [ 112.332664116000046, -8.019190804999937, 0.0 ], [ 112.332635562000064, -8.019000448999975, 0.0 ], [ 112.332635562000064, -8.018686360999936, 0.0 ], [ 112.332397617000083, -8.017782164999971, 0.0 ], [ 112.332235813000011, -8.017506146999949, 0.0 ], [ 112.332159671000113, -8.017268200999979, 0.0 ], [ 112.332054974000016, -8.016992183999946, 0.0 ], [ 112.332102564000024, -8.016554362999955, 0.0 ], [ 112.332035938000104, -8.01586907799998, 0.0 ], [ 112.331950278000022, -8.0153360799999, 0.0 ], [ 112.331730001000096, -8.01484, 0.0 ], [ 112.331560047000039, -8.014365259999977, 0.0 ], [ 112.331560047000039, -8.01414634799994, 0.0 ], [ 112.331647985000018, -8.013889990999928, 0.0 ], [ 112.33161, -8.013450000999967, 0.0 ], [ 112.331529999000054, -8.01283, 0.0 ], [ 112.331283048000046, -8.01231710199994, 0.0 ], [ 112.330862735000096, -8.011182303999931, 0.0 ], [ 112.33075206400008, -8.010847937999927, 0.0 ], [ 112.33055115500008, -8.009644408999975, 0.0 ], [ 112.330022915000086, -8.008459435999953, 0.0 ], [ 112.329524617000061, -8.008003452999958, 0.0 ], [ 112.3294, -8.00778, 0.0 ], [ 112.329100001000029, -8.007090000999938, 0.0 ], [ 112.329064366000011, -8.006945364999979, 0.0 ], [ 112.329061050000064, -8.006931905999977, 0.0 ], [ 112.329060233000064, -8.006928588999926, 0.0 ], [ 112.329056917000116, -8.006915129999982, 0.0 ], [ 112.329053601000055, -8.006901669999934, 0.0 ], [ 112.329049468000107, -8.006884893999938, 0.0 ], [ 112.329046152000046, -8.006871433999947, 0.0 ], [ 112.329045335000046, -8.006868117999943, 0.0 ], [ 112.329042019000099, -8.006854657999952, 0.0 ], [ 112.329038703000037, -8.00684119899995, 0.0 ], [ 112.329037886000037, -8.006837881999957, 0.0 ], [ 112.32903457000009, -8.006824422999955, 0.0 ], [ 112.329031254000029, -8.006810962999964, 0.0 ], [ 112.329027937000092, -8.006797502999973, 0.0 ], [ 112.32902462100003, -8.006784042999925, 0.0 ], [ 112.329021305000083, -8.00677058399998, 0.0 ], [ 112.329017989000022, -8.006757123999932, 0.0 ], [ 112.329014673000074, -8.006743663999941, 0.0 ], [ 112.329013856000074, -8.006740347999937, 0.0 ], [ 112.329010540000013, -8.006726886999957, 0.0 ], [ 112.329007224000065, -8.006713427999955, 0.0 ], [ 112.329003908000118, -8.006699967999964, 0.0 ], [ 112.329000592000057, -8.006686507999973, 0.0 ], [ 112.328993960000048, -8.00665958899998, 0.0 ], [ 112.328990643000111, -8.006646128999932, 0.0 ], [ 112.32898732700005, -8.006632668999941, 0.0 ], [ 112.328984011000102, -8.00661920899995, 0.0 ], [ 112.328980695000041, -8.006605749999949, 0.0 ], [ 112.328977379000094, -8.006592289999958, 0.0 ], [ 112.328974063000032, -8.006578829999967, 0.0 ], [ 112.328970747000085, -8.006565370999965, 0.0 ], [ 112.328967431000024, -8.006551910999974, 0.0 ], [ 112.328964115000076, -8.006538450999926, 0.0 ], [ 112.328960799000015, -8.006524990999935, 0.0 ], [ 112.328957483000067, -8.006511531999934, 0.0 ], [ 112.328954167, -8.006498070999953, 0.0 ], [ 112.32895335, -8.006494754999949, 0.0 ], [ 112.328950034000059, -8.006481294999958, 0.0 ], [ 112.328946718000111, -8.006467834999967, 0.0 ], [ 112.328945901000111, -8.006464518999962, 0.0 ], [ 112.32894258500005, -8.006451058999971, 0.0 ], [ 112.328939269000102, -8.0064376, 0.0 ], [ 112.328935953000041, -8.006424139999979, 0.0 ], [ 112.328935136000041, -8.006420823999974, 0.0 ], [ 112.328931820000093, -8.006407363999926, 0.0 ], [ 112.328928504000032, -8.006393903999935, 0.0 ], [ 112.328924371000085, -8.00637712799994, 0.0 ], [ 112.328921055000023, -8.006363668999938, 0.0 ], [ 112.328920238000023, -8.006360351999945, 0.0 ], [ 112.328916922000076, -8.006346892999943, 0.0 ], [ 112.328912789000015, -8.006330116999948, 0.0 ], [ 112.328909473000067, -8.006316656999957, 0.0 ], [ 112.328906157, -8.006303196999966, 0.0 ], [ 112.32890534, -8.006299880999961, 0.0 ], [ 112.328902024000058, -8.00628642099997, 0.0 ], [ 112.328898708000111, -8.006272961999969, 0.0 ], [ 112.328895392000049, -8.006259501999978, 0.0 ], [ 112.328892076000102, -8.00624604199993, 0.0 ], [ 112.328888760000041, -8.006232581999939, 0.0 ], [ 112.328884626000104, -8.006215805999943, 0.0 ], [ 112.328881310000043, -8.006202346999942, 0.0 ], [ 112.328877993000106, -8.006188886999951, 0.0 ], [ 112.328874677000044, -8.00617542699996, 0.0 ], [ 112.328873860000044, -8.006172110999955, 0.0 ], [ 112.328870544000097, -8.006158650999964, 0.0 ], [ 112.328867228000036, -8.006145191999963, 0.0 ], [ 112.328863912000088, -8.006131731999972, 0.0 ], [ 112.328860596000027, -8.006118271999981, 0.0 ], [ 112.32885727900009, -8.006104811999933, 0.0 ], [ 112.328853963000029, -8.006091352999931, 0.0 ], [ 112.328853146000029, -8.006088036999927, 0.0 ], [ 112.328849829000092, -8.006074576999936, 0.0 ], [ 112.32884651300003, -8.006061116999945, 0.0 ], [ 112.328843197000083, -8.006047656999954, 0.0 ], [ 112.328839881000022, -8.006034197999952, 0.0 ], [ 112.328839064000022, -8.006030880999958, 0.0 ], [ 112.328835748000074, -8.006017421999957, 0.0 ], [ 112.328832431000023, -8.006003961999966, 0.0 ], [ 112.328829115000076, -8.005990501999975, 0.0 ], [ 112.328828298000076, -8.00598718599997, 0.0 ], [ 112.328824981000025, -8.005973725999979, 0.0 ], [ 112.328820847000088, -8.005956949999927, 0.0 ], [ 112.328817531000027, -8.005943490999925, 0.0 ], [ 112.32881339700009, -8.00592671499993, 0.0 ], [ 112.328810081000029, -8.005913254999939, 0.0 ], [ 112.328805947000092, -8.005896478999944, 0.0 ], [ 112.32880181400003, -8.005879703999938, 0.0 ], [ 112.328798497000093, -8.005866243999947, 0.0 ], [ 112.328795181000032, -8.005852784999945, 0.0 ], [ 112.328794364000032, -8.005849468999941, 0.0 ], [ 112.328759999000113, -8.005710000999954, 0.0 ], [ 112.328728227000056, -8.005567572999951, 0.0 ], [ 112.328724516000079, -8.005550938999932, 0.0 ], [ 112.328721482000105, -8.005537338999943, 0.0 ], [ 112.328719125000021, -8.005526772999929, 0.0 ], [ 112.328716768000049, -8.005516206999971, 0.0 ], [ 112.328714411000078, -8.005505640999957, 0.0 ], [ 112.328711377000104, -8.005492040999968, 0.0 ], [ 112.328678106000098, -8.005342891999931, 0.0 ], [ 112.328624002000083, -8.005197213999963, 0.0 ], [ 112.328622271000086, -8.005192553999962, 0.0 ], [ 112.328617612000016, -8.005180007999968, 0.0 ], [ 112.328612952000071, -8.005167461999974, 0.0 ], [ 112.328608292000013, -8.005154915999981, 0.0 ], [ 112.328603632000068, -8.005142368999941, 0.0 ], [ 112.328598973000112, -8.005129822999947, 0.0 ], [ 112.328594314000043, -8.005117276999954, 0.0 ], [ 112.328592583000045, -8.005112616999952, 0.0 ], [ 112.3285879230001, -8.005100070999958, 0.0 ], [ 112.328583264000031, -8.005087524999965, 0.0 ], [ 112.328578604000086, -8.005074978999971, 0.0 ], [ 112.328576873000088, -8.005070318999969, 0.0 ], [ 112.328572214000019, -8.005057772999976, 0.0 ], [ 112.328567554000074, -8.005045226999925, 0.0 ], [ 112.328562895, -8.005032680999932, 0.0 ], [ 112.328561164, -8.00502802099993, 0.0 ], [ 112.328556505000051, -8.005015474999936, 0.0 ], [ 112.328554774000054, -8.005010814999935, 0.0 ], [ 112.328550114000109, -8.004998268999941, 0.0 ], [ 112.328548383000111, -8.004993608999939, 0.0 ], [ 112.328543724000042, -8.004981062999946, 0.0 ], [ 112.328539065000086, -8.004968516999952, 0.0 ], [ 112.328534405000028, -8.004955970999958, 0.0 ], [ 112.328530894000096, -8.004946516999951, 0.0 ], [ 112.328528015000074, -8.004938764999963, 0.0 ], [ 112.328523355000016, -8.004926218999969, 0.0 ], [ 112.328521624000018, -8.004921558999968, 0.0 ], [ 112.328516965000063, -8.004909012999974, 0.0 ], [ 112.328512306000107, -8.00489646699998, 0.0 ], [ 112.328510575000109, -8.004891806999979, 0.0 ], [ 112.328505915000051, -8.004879260999928, 0.0 ], [ 112.328501256000095, -8.004866714999935, 0.0 ], [ 112.328496596000036, -8.004854167999952, 0.0 ], [ 112.328491937000081, -8.004841621999958, 0.0 ], [ 112.328485547000014, -8.004824415999963, 0.0 ], [ 112.328480887000069, -8.004811869999969, 0.0 ], [ 112.328469837000057, -8.00478211799998, 0.0 ], [ 112.328463447000104, -8.004764911999928, 0.0 ], [ 112.328458787000045, -8.004752365999934, 0.0 ], [ 112.328447737000033, -8.004722613999945, 0.0 ], [ 112.328443078000078, -8.004710067999952, 0.0 ], [ 112.32844134700008, -8.00470540799995, 0.0 ], [ 112.328436688000011, -8.004692861999956, 0.0 ], [ 112.328432028000066, -8.004680315999963, 0.0 ], [ 112.328405269000086, -8.004608265999934, 0.0 ], [ 112.328403538000089, -8.004603605999932, 0.0 ], [ 112.328389413000082, -8.004565573999969, 0.0 ], [ 112.328381438000065, -8.004544101999954, 0.0 ], [ 112.328375048000112, -8.004526895999959, 0.0 ], [ 112.328370389000042, -8.004514349999965, 0.0 ], [ 112.328341899000065, -8.004437639999935, 0.0 ], [ 112.32833724000011, -8.004425093999942, 0.0 ], [ 112.328302892000011, -8.004332610999938, 0.0 ], [ 112.32829357300011, -8.004307517999962, 0.0 ], [ 112.328255764, -8.004205715999944, 0.0 ], [ 112.328244714000107, -8.004175963999955, 0.0 ], [ 112.32823832400004, -8.00415875799996, 0.0 ], [ 112.328233664000095, -8.004146211999966, 0.0 ], [ 112.328205174, -8.004069501999936, 0.0 ], [ 112.328194124000106, -8.004039749999947, 0.0 ], [ 112.328176684000027, -8.003992791999963, 0.0 ], [ 112.328112649000104, -8.00382037299994, 0.0 ], [ 112.32801926500008, -8.003666288999966, 0.0 ], [ 112.328009101000021, -8.003649518999964, 0.0 ], [ 112.327946970000085, -8.003547002999937, 0.0 ], [ 112.327916480000113, -8.003496693999978, 0.0 ], [ 112.327910152000072, -8.003486251999959, 0.0 ], [ 112.327856842000074, -8.00339829, 0.0 ], [ 112.327853007000044, -8.003391961999966, 0.0 ], [ 112.327809860000116, -8.003320769999959, 0.0 ], [ 112.327803532000075, -8.00331032899993, 0.0 ], [ 112.327776877000019, -8.003266347999954, 0.0 ], [ 112.327770548000103, -8.003255905999936, 0.0 ], [ 112.327764220000063, -8.003245464999964, 0.0 ], [ 112.327760385000033, -8.00323913699998, 0.0 ], [ 112.327754057000107, -8.003228694999962, 0.0 ], [ 112.327669999000022, -8.003090000999975, 0.0 ], [ 112.327239999000085, -8.00189, 0.0 ], [ 112.327010001000076, -8.00071, 0.0 ], [ 112.327190001000076, -8.0, 0.0 ], [ 112.327239999000085, -7.99954, 0.0 ], [ 112.327096177000044, -7.998679852999942, 0.0 ], [ 112.327081900000053, -7.998351485999933, 0.0 ], [ 112.327110455000025, -7.998023119999971, 0.0 ], [ 112.327500001000089, -7.997090000999947, 0.0 ], [ 112.327669999000022, -7.99686, 0.0 ], [ 112.32774, -7.996520000999965, 0.0 ], [ 112.3277700000001, -7.99612, 0.0 ], [ 112.32771, -7.99532, 0.0 ], [ 112.327600001000064, -7.99456, 0.0 ], [ 112.327752909000083, -7.993897134999941, 0.0 ], [ 112.327667248000012, -7.993682982999928, 0.0 ], [ 112.327520001000039, -7.993500000999973, 0.0 ], [ 112.327480001000026, -7.992600000999971, 0.0 ], [ 112.327480001000026, -7.991969998999934, 0.0 ], [ 112.327274512000031, -7.991353532999938, 0.0 ], [ 112.326981963000094, -7.990199453999935, 0.0 ], [ 112.326796366000053, -7.989756872999976, 0.0 ], [ 112.326525107000066, -7.98935712399998, 0.0 ], [ 112.326339508000046, -7.989128695999966, 0.0 ], [ 112.326111080000032, -7.988814606999938, 0.0 ], [ 112.325238485000114, -7.988075540999944, 0.0 ], [ 112.324830001, -7.98774, 0.0 ], [ 112.32424, -7.987360000999956, 0.0 ], [ 112.32396, -7.987140000999943, 0.0 ], [ 112.323740001000033, -7.98676, 0.0 ], [ 112.323649999000054, -7.986320000999967, 0.0 ], [ 112.323600001000045, -7.98557, 0.0 ], [ 112.32352000100002, -7.98523999899993, 0.0 ], [ 112.32341000100007, -7.98507, 0.0 ], [ 112.32318, -7.984860000999959, 0.0 ], [ 112.32308, -7.984720000999971, 0.0 ], [ 112.32307, -7.984559998999941, 0.0 ], [ 112.323190001000057, -7.984410000999958, 0.0 ], [ 112.323359999000104, -7.98432, 0.0 ], [ 112.323640001000058, -7.984240000999932, 0.0 ], [ 112.3239, -7.984080000999938, 0.0 ], [ 112.324, -7.983960000999957, 0.0 ], [ 112.324039999000092, -7.983730000999969, 0.0 ], [ 112.324010001000033, -7.983530000999963, 0.0 ], [ 112.323850000000107, -7.98325, 0.0 ], [ 112.323709999000016, -7.98306, 0.0 ], [ 112.323620001000108, -7.982680000999949, 0.0 ], [ 112.323490000000106, -7.98208, 0.0 ], [ 112.323370001000058, -7.981439998999974, 0.0 ], [ 112.32303, -7.981029998999929, 0.0 ], [ 112.322820001000082, -7.980840000999933, 0.0 ], [ 112.32242, -7.98074, 0.0 ], [ 112.321719999000038, -7.980579998999929, 0.0 ], [ 112.321320001000117, -7.98035, 0.0 ], [ 112.320560001000104, -7.97968, 0.0 ], [ 112.319760001000077, -7.97886, 0.0 ], [ 112.319370001000038, -7.978230000999929, 0.0 ], [ 112.31918, -7.97775, 0.0 ], [ 112.319120001000101, -7.97684, 0.0 ], [ 112.31915, -7.97630000099997, 0.0 ], [ 112.319250001000114, -7.975509998999939, 0.0 ], [ 112.319379999000034, -7.975230000999943, 0.0 ], [ 112.320043454000029, -7.974509287999979, 0.0 ], [ 112.320300437000014, -7.973966770999937, 0.0 ], [ 112.320371820000105, -7.973681233999969, 0.0 ], [ 112.320259999000086, -7.973370000999978, 0.0 ], [ 112.320190001000014, -7.973100000999978, 0.0 ], [ 112.3201, -7.972690000999933, 0.0 ], [ 112.320130001000052, -7.972420000999932, 0.0 ], [ 112.320491983000011, -7.971825255999931, 0.0 ], [ 112.320568126000012, -7.97102575699995, 0.0 ], [ 112.320568126000012, -7.97003590099996, 0.0 ], [ 112.320471675000022, -7.969224895999957, 0.0 ], [ 112.32049, -7.968950000999939, 0.0 ], [ 112.320430000000101, -7.96868, 0.0 ], [ 112.32027000100004, -7.968300000999932, 0.0 ], [ 112.320219999000074, -7.968210000999932, 0.0 ], [ 112.32019999900001, -7.96784, 0.0 ], [ 112.32019999900001, -7.967700000999969, 0.0 ], [ 112.32006, -7.967560000999981, 0.0 ], [ 112.3198900000001, -7.967350000999943, 0.0 ], [ 112.31980000100009, -7.96713000099993, 0.0 ], [ 112.319700001000115, -7.96675, 0.0 ], [ 112.31974999900001, -7.966539998999963, 0.0 ], [ 112.319849999000098, -7.966390000999979, 0.0 ], [ 112.31995, -7.966209998999943, 0.0 ], [ 112.31995, -7.96603, 0.0 ], [ 112.31987, -7.965790000999959, 0.0 ], [ 112.3197100000001, -7.96552, 0.0 ], [ 112.31954, -7.965369998999961, 0.0 ], [ 112.319300000000112, -7.965289998999936, 0.0 ], [ 112.319000001000063, -7.96528000099994, 0.0 ], [ 112.318530001000113, -7.965289998999936, 0.0 ], [ 112.318410001000075, -7.96519, 0.0 ], [ 112.31833, -7.965019998999935, 0.0 ], [ 112.318289999000058, -7.96469, 0.0 ], [ 112.318209999000032, -7.964290000999938, 0.0 ], [ 112.318229999000096, -7.964130000999944, 0.0 ], [ 112.31842, -7.96356, 0.0 ], [ 112.318570001000012, -7.96326, 0.0 ], [ 112.318550001000062, -7.96313, 0.0 ], [ 112.318430001000024, -7.962989998999944, 0.0 ], [ 112.318020001000036, -7.962599998999963, 0.0 ], [ 112.317950001000099, -7.962240000999941, 0.0 ], [ 112.317899999000019, -7.961750000999928, 0.0 ], [ 112.31792, -7.96127, 0.0 ], [ 112.31797, -7.96070999899996, 0.0 ], [ 112.31787999900007, -7.960600000999932, 0.0 ], [ 112.31772, -7.9604, 0.0 ], [ 112.317730001000086, -7.96021000099995, 0.0 ], [ 112.31792, -7.95958, 0.0 ], [ 112.318060001000049, -7.959439998999926, 0.0 ], [ 112.318320001000075, -7.95932, 0.0 ], [ 112.3186700010001, -7.959089998999957, 0.0 ], [ 112.319370001000038, -7.958490000999973, 0.0 ], [ 112.319430001000114, -7.95836000099996, 0.0 ], [ 112.31943999900011, -7.95813, 0.0 ], [ 112.319350001000089, -7.957899998999949, 0.0 ], [ 112.31916, -7.957750000999965, 0.0 ], [ 112.318949999000097, -7.957569998999929, 0.0 ], [ 112.3187, -7.957230000999971, 0.0 ], [ 112.318710001000113, -7.957070000999977, 0.0 ], [ 112.31872, -7.95685, 0.0 ], [ 112.318949999000097, -7.95613, 0.0 ], [ 112.31891, -7.955880000999969, 0.0 ], [ 112.31879, -7.9557, 0.0 ], [ 112.31839, -7.955100000999948, 0.0 ], [ 112.31838, -7.9549, 0.0 ], [ 112.318450001000087, -7.954469998999969, 0.0 ], [ 112.318579999, -7.954320000999928, 0.0 ], [ 112.318969999000046, -7.95384, 0.0 ], [ 112.318989999000109, -7.953549998999961, 0.0 ], [ 112.318920001000038, -7.953199998999935, 0.0 ], [ 112.318760000000111, -7.952720000999932, 0.0 ], [ 112.318530001000113, -7.95233000099995, 0.0 ], [ 112.31833, -7.952100000999963, 0.0 ], [ 112.317890001000023, -7.95174, 0.0 ], [ 112.317409999, -7.951209998999957, 0.0 ], [ 112.31722000100001, -7.950859998999931, 0.0 ], [ 112.317079999000043, -7.95059, 0.0 ], [ 112.317070001000047, -7.950460000999954, 0.0 ], [ 112.31713000100001, -7.950320000999966, 0.0 ], [ 112.31721, -7.95015000099994, 0.0 ], [ 112.317230000000109, -7.950079998999968, 0.0 ], [ 112.317260001000022, -7.94988, 0.0 ], [ 112.31729, -7.949729998999942, 0.0 ], [ 112.317300001000035, -7.949649998999973, 0.0 ], [ 112.317320001000098, -7.94945, 0.0 ], [ 112.317320001000098, -7.949270000999945, 0.0 ], [ 112.31727, -7.949110000999951, 0.0 ], [ 112.317230000000109, -7.948960000999932, 0.0 ], [ 112.31717, -7.94883, 0.0 ], [ 112.317079999000043, -7.948700000999963, 0.0 ], [ 112.316960000000108, -7.948499998999978, 0.0 ], [ 112.31693000100006, -7.948450000999969, 0.0 ], [ 112.316629999000043, -7.948000000999969, 0.0 ], [ 112.31655, -7.9479, 0.0 ], [ 112.316350001000046, -7.94762, 0.0 ], [ 112.316279999000017, -7.94752, 0.0 ], [ 112.316060000000107, -7.94715, 0.0 ], [ 112.315900001000045, -7.946950000999948, 0.0 ], [ 112.31582000100002, -7.946899998999982, 0.0 ], [ 112.31555000100002, -7.94676, 0.0 ], [ 112.315069999000116, -7.946649998999931, 0.0 ], [ 112.314710001000094, -7.946569998999962, 0.0 ], [ 112.31446, -7.946480000999941, 0.0 ], [ 112.314369999000064, -7.946380000999966, 0.0 ], [ 112.314320001000056, -7.946170000999928, 0.0 ], [ 112.314269999000089, -7.945860000999971, 0.0 ], [ 112.314260001000093, -7.94559, 0.0 ], [ 112.314160001, -7.945310000999939, 0.0 ], [ 112.31402, -7.94489, 0.0 ], [ 112.313899999000114, -7.944639998999946, 0.0 ], [ 112.313870001000055, -7.9445, 0.0 ], [ 112.313879999000051, -7.944410000999937, 0.0 ], [ 112.313879999000051, -7.94435, 0.0 ], [ 112.313879999000051, -7.944280000999981, 0.0 ], [ 112.313870001000055, -7.944100000999981, 0.0 ], [ 112.313879999000051, -7.94398, 0.0 ], [ 112.313899999000114, -7.94381999899997, 0.0 ], [ 112.31397000100003, -7.94362, 0.0 ], [ 112.31407, -7.943389998999976, 0.0 ], [ 112.314200001000017, -7.94284, 0.0 ], [ 112.314200001000017, -7.942580000999953, 0.0 ], [ 112.314100001000043, -7.94239, 0.0 ], [ 112.313890001, -7.942190000999972, 0.0 ], [ 112.3138, -7.942050000999927, 0.0 ], [ 112.313830001000042, -7.941889998999955, 0.0 ], [ 112.313830001000042, -7.94173, 0.0 ], [ 112.313730001000067, -7.941479998999966, 0.0 ], [ 112.313540001000092, -7.941049998999972, 0.0 ], [ 112.313529999000025, -7.94099, 0.0 ], [ 112.313500001000079, -7.940710000999957, 0.0 ], [ 112.313420001000054, -7.940369998999927, 0.0 ], [ 112.313380001000041, -7.94017, 0.0 ], [ 112.3133, -7.93972, 0.0 ], [ 112.313179999000113, -7.939380000999961, 0.0 ], [ 112.313150001000054, -7.939230000999942, 0.0 ], [ 112.313110001000041, -7.939010000999929, 0.0 ], [ 112.313079999000024, -7.938789998999937, 0.0 ], [ 112.313000000000102, -7.938470000999928, 0.0 ], [ 112.313000000000102, -7.938339998999936, 0.0 ], [ 112.313040000000115, -7.93802999899998, 0.0 ], [ 112.313130001000104, -7.937740000999952, 0.0 ], [ 112.313190001000066, -7.93746, 0.0 ], [ 112.313220000000115, -7.937169998999934, 0.0 ], [ 112.313210001000016, -7.936730000999944, 0.0 ], [ 112.313220000000115, -7.936630000999969, 0.0 ], [ 112.313310000000115, -7.935689998999976, 0.0 ], [ 112.314030001000106, -7.934869998999943, 0.0 ], [ 112.31424000100003, -7.934439998999949, 0.0 ], [ 112.314930000000118, -7.93318, 0.0 ], [ 112.315804454000045, -7.931680934999974, 0.0 ], [ 112.315977341, -7.93138455899998, 0.0 ], [ 112.315986579000082, -7.931384445999981, 0.0 ], [ 112.31671136600005, -7.931362514999933, 0.0 ], [ 112.31710049000003, -7.931435004999969, 0.0 ], [ 112.317336992000037, -7.931524639999964, 0.0 ], [ 112.317733709000095, -7.931802173999927, 0.0 ], [ 112.31774899100003, -7.931889414999944, 0.0 ], [ 112.31784051000011, -7.931993846999944, 0.0 ], [ 112.318550065000068, -7.93243111299995, 0.0 ], [ 112.318717918000061, -7.932899835999933, 0.0 ], [ 112.318786566000085, -7.932968021999955, 0.0 ], [ 112.318962039000098, -7.933041938999963, 0.0 ], [ 112.319534250000061, -7.932959922999942, 0.0 ], [ 112.319930992000081, -7.932902229999968, 0.0 ], [ 112.320030153000062, -7.932959922999942, 0.0 ], [ 112.320632880000062, -7.933367615999941, 0.0 ], [ 112.321433978000073, -7.933939321999958, 0.0 ], [ 112.322204537000061, -7.934434787999976, 0.0 ], [ 112.322906451000108, -7.934675109999944, 0.0 ], [ 112.323806710000099, -7.934825289999935, 0.0 ], [ 112.324302636000084, -7.935027963999971, 0.0 ], [ 112.325073194000083, -7.93543374799998, 0.0 ], [ 112.325706437, -7.935699821999947, 0.0 ], [ 112.326420123000048, -7.935875404999933, 0.0 ] ] ] ] } }
]
}
