{
"type": "FeatureCollection",
"name": "Kademangan",
"crs": { "type": "name", "properties": { "name": "urn:ogc:def:crs:OGC:1.3:CRS84" } },
"features": [
{ "type": "Feature", "properties": { "OBJECTID": 116135.0, "KDPPUM": "35", "NAMOBJ": "Kebonsari", "REMARK": null, "KDPBPS": null, "FCODE": "BA03070040", "LUASWH": 11.61916938, "UUPP": "Hasil Delineasi Batas Desa 2019", "SRS_ID": "SRGI 2013", "METADATA": "TASWIL1000020200326DATA_BATAS_DESA_KELURAHAN", "KDEBPS": null, "KDEPUM": "35.05.04.2004", "KDCBPS": null, "KDCPUM": "35.05.04", "KDBBPS": null, "WADMKD": "Kebonsari", "WIADKD": null, "WADMKC": "Kademangan", "WIADKC": null, "WADMKK": "Blitar", "WIADKK": null, "WADMPR": "Jawa Timur", "WIADPR": null, "TIPADM": 1.0, "KDPKAB": "35.05", "SHAPE_Leng": 0.13870049132531201, "SHAPE_Area": 0.00094745058511300001 }, "geometry": { "type": "MultiPolygon", "coordinates": [ [ [ [ 112.081730000000107, -8.18749, 0.0 ], [ 112.0821, -8.18756, 0.0 ], [ 112.083040458000028, -8.188292566999962, 0.0 ], [ 112.08305, -8.1883, 0.0 ], [ 112.08403, -8.1889, 0.0 ], [ 112.08411, -8.1889, 0.0 ], [ 112.08418, -8.189, 0.0 ], [ 112.08423279200008, -8.189078336999955, 0.0 ], [ 112.08449, -8.18946, 0.0 ], [ 112.08492, -8.1898, 0.0 ], [ 112.084969999, -8.18983, 0.0 ], [ 112.0852000000001, -8.18988, 0.0 ], [ 112.08537, -8.18994, 0.0 ], [ 112.085690000000113, -8.19004, 0.0 ], [ 112.085960000000114, -8.19009, 0.0 ], [ 112.086950000000115, -8.19026, 0.0 ], [ 112.08762, -8.19066, 0.0 ], [ 112.088030000000117, -8.19126, 0.0 ], [ 112.08832, -8.191979998999955, 0.0 ], [ 112.08855999900004, -8.19291, 0.0 ], [ 112.088800000000106, -8.19398, 0.0 ], [ 112.08912, -8.19558, 0.0 ], [ 112.08941, -8.19735, 0.0 ], [ 112.08976, -8.19988, 0.0 ], [ 112.08989, -8.20115, 0.0 ], [ 112.089749999000105, -8.20324, 0.0 ], [ 112.0894, -8.20632, 0.0 ], [ 112.089707784000097, -8.20713245, 0.0 ], [ 112.089879106000012, -8.207379912999954, 0.0 ], [ 112.090316926000014, -8.207836769999972, 0.0 ], [ 112.090507283000079, -8.20802712699998, 0.0 ], [ 112.090735712000082, -8.208350733999964, 0.0 ], [ 112.090811854000094, -8.208636268999953, 0.0 ], [ 112.091101802000026, -8.209471917999963, 0.0 ], [ 112.091042345, -8.209849317999954, 0.0 ], [ 112.091056621, -8.209992085999943, 0.0 ], [ 112.091342157000099, -8.210063469999966, 0.0 ], [ 112.091427817000067, -8.210191959999975, 0.0 ], [ 112.091399264000074, -8.210534602999928, 0.0 ], [ 112.091413541000065, -8.210862967999958, 0.0 ], [ 112.091442094000058, -8.211119949999954, 0.0 ], [ 112.091413541000065, -8.211248440999952, 0.0 ], [ 112.091313603000117, -8.211376931999951, 0.0 ], [ 112.091128005000087, -8.211448315999974, 0.0 ], [ 112.090956684000048, -8.211491145999958, 0.0 ], [ 112.09087102400008, -8.211633913999947, 0.0 ], [ 112.090856747000089, -8.211819511999977, 0.0 ], [ 112.090913854000064, -8.212833161999981, 0.0 ], [ 112.090956684000048, -8.213104420999969, 0.0 ], [ 112.091028068000014, -8.213461339999981, 0.0 ], [ 112.091070898000112, -8.213718321999977, 0.0 ], [ 112.091185112000062, -8.214103793999925, 0.0 ], [ 112.091313603000117, -8.214246561999971, 0.0 ], [ 112.091384987000083, -8.214546373999951, 0.0 ], [ 112.091413541000065, -8.214874739999971, 0.0 ], [ 112.091384987000083, -8.215074613999946, 0.0 ], [ 112.091327880000108, -8.21516027499996, 0.0 ], [ 112.09128505000001, -8.215174551999951, 0.0 ], [ 112.090785363, -8.215545747999954, 0.0 ], [ 112.090628319000075, -8.21594549699995, 0.0 ], [ 112.090642595000077, -8.216330969999945, 0.0 ], [ 112.090813916000116, -8.216802102999964, 0.0 ], [ 112.09098523800003, -8.217016254999976, 0.0 ], [ 112.091056621, -8.217116191999935, 0.0 ], [ 112.09117083600006, -8.217301789999965, 0.0 ], [ 112.091242219000037, -8.217658708999977, 0.0 ], [ 112.091270773000019, -8.217915690999973, 0.0 ], [ 112.09128505000001, -8.218087011999955, 0.0 ], [ 112.091299327000115, -8.218729466999946, 0.0 ], [ 112.091270773000019, -8.218929340999978, 0.0 ], [ 112.091256496000028, -8.219186322999974, 0.0 ], [ 112.091227943000035, -8.219400474999929, 0.0 ], [ 112.091175119000013, -8.22048360499997, 0.0 ], [ 112.091041869000037, -8.221149853999975, 0.0 ], [ 112.090927655000087, -8.221739960999969, 0.0 ], [ 112.090775369000085, -8.222406209999974, 0.0 ], [ 112.090775369000085, -8.222920172999977, 0.0 ], [ 112.090775369000085, -8.223357993999969, 0.0 ], [ 112.090794405000111, -8.223738707999928, 0.0 ], [ 112.09072, -8.22427, 0.0 ], [ 112.09112, -8.22544, 0.0 ], [ 112.091358678, -8.225925054999948, 0.0 ], [ 112.09143, -8.22607, 0.0 ], [ 112.09102, -8.226339998999947, 0.0 ], [ 112.09003, -8.226709998999979, 0.0 ], [ 112.09001, -8.226769998999941, 0.0 ], [ 112.08962, -8.22686, 0.0 ], [ 112.08923, -8.22699, 0.0 ], [ 112.089021942000045, -8.227040679999959, 0.0 ], [ 112.08845, -8.227179998999929, 0.0 ], [ 112.087739999000064, -8.227469998999936, 0.0 ], [ 112.08725, -8.22768, 0.0 ], [ 112.086569999000062, -8.22805, 0.0 ], [ 112.08615, -8.22826, 0.0 ], [ 112.085780000000113, -8.22842, 0.0 ], [ 112.08508, -8.22844, 0.0 ], [ 112.0843, -8.22849, 0.0 ], [ 112.0834, -8.22852, 0.0 ], [ 112.08277, -8.22852, 0.0 ], [ 112.08157, -8.22856, 0.0 ], [ 112.08043, -8.22858, 0.0 ], [ 112.07937, -8.2286, 0.0 ], [ 112.078530000000114, -8.22855, 0.0 ], [ 112.078040000000101, -8.22853, 0.0 ], [ 112.076759999000046, -8.22851, 0.0 ], [ 112.0763, -8.2285, 0.0 ], [ 112.07582, -8.22849, 0.0 ], [ 112.0756, -8.22853, 0.0 ], [ 112.07509, -8.2285, 0.0 ], [ 112.074120000000107, -8.228369998999938, 0.0 ], [ 112.07337, -8.22824, 0.0 ], [ 112.072859999000116, -8.22809, 0.0 ], [ 112.072410000000104, -8.22789, 0.0 ], [ 112.072108693000018, -8.227812920999952, 0.0 ], [ 112.072112759000106, -8.227796530999967, 0.0 ], [ 112.072098284000049, -8.227772640999945, 0.0 ], [ 112.072011648000057, -8.227710656999932, 0.0 ], [ 112.072011455000052, -8.227638870999954, 0.0 ], [ 112.072006536000117, -8.227595812999937, 0.0 ], [ 112.0719536040001, -8.227562453999951, 0.0 ], [ 112.071881522000012, -8.227553073999957, 0.0 ], [ 112.071818957, -8.22751017, 0.0 ], [ 112.071785099000067, -8.227424115999952, 0.0 ], [ 112.0717753240001, -8.227361927999937, 0.0 ], [ 112.071731975000034, -8.227318970999931, 0.0 ], [ 112.071640549000108, -8.227261785999929, 0.0 ], [ 112.071616337000023, -8.227190063999956, 0.0 ], [ 112.071606485000075, -8.227099160999956, 0.0 ], [ 112.07156309700008, -8.227041847999942, 0.0 ], [ 112.071505362000039, -8.227008501999933, 0.0 ], [ 112.071385152000062, -8.226965749999977, 0.0 ], [ 112.071317809000107, -8.226932429999977, 0.0 ], [ 112.07116858400002, -8.226817968999967, 0.0 ], [ 112.071096334000117, -8.226746375999937, 0.0 ], [ 112.071019217000071, -8.226650865999943, 0.0 ], [ 112.070942190000096, -8.226588856999967, 0.0 ], [ 112.0708412460001, -8.226565196999957, 0.0 ], [ 112.070740329000046, -8.226551107999967, 0.0 ], [ 112.070663379000052, -8.22651781299993, 0.0 ], [ 112.070620029000111, -8.226474856999971, 0.0 ], [ 112.070571876000031, -8.226431912999942, 0.0 ], [ 112.070466077000106, -8.226389122999933, 0.0 ], [ 112.070350736000023, -8.226370286999952, 0.0 ], [ 112.070235394000065, -8.22635145199996, 0.0 ], [ 112.070192147000057, -8.226346780999961, 0.0 ], [ 112.070124651000015, -8.226256030999934, 0.0 ], [ 112.070033148000107, -8.226170130999947, 0.0 ], [ 112.069956172000047, -8.226127263999956, 0.0 ], [ 112.069922546000043, -8.226127353999971, 0.0 ], [ 112.069845788000066, -8.226165843999979, 0.0 ], [ 112.069773771000087, -8.226180392999936, 0.0 ], [ 112.069692107000037, -8.226180610999961, 0.0 ], [ 112.069576726000037, -8.226147416999936, 0.0 ], [ 112.069514239000114, -8.226133226999934, 0.0 ], [ 112.069403586000021, -8.226071305999938, 0.0 ], [ 112.069249647000106, -8.225990357999933, 0.0 ], [ 112.069158260000108, -8.225947528999939, 0.0 ], [ 112.069052501000101, -8.225919095999927, 0.0 ], [ 112.06897076000007, -8.225890598999968, 0.0 ], [ 112.068874543000106, -8.225838210999939, 0.0 ], [ 112.06876873200008, -8.225790634999953, 0.0 ], [ 112.06867232400009, -8.225666461999936, 0.0 ], [ 112.068614294000099, -8.225523042999953, 0.0 ], [ 112.068585228000074, -8.225432190999982, 0.0 ], [ 112.068537101000061, -8.225398818999963, 0.0 ], [ 112.068440962000068, -8.225375145999976, 0.0 ], [ 112.068349639000076, -8.225356244999944, 0.0 ], [ 112.068219797000097, -8.225303946999929, 0.0 ], [ 112.068162062000056, -8.225270599999931, 0.0 ], [ 112.067993713000078, -8.225189689999979, 0.0 ], [ 112.06785904100002, -8.225127831999941, 0.0 ], [ 112.067512928000042, -8.225037821999933, 0.0 ], [ 112.066993789000094, -8.224914770999931, 0.0 ], [ 112.06642174600006, -8.224767929999928, 0.0 ], [ 112.065671901000087, -8.224597631999927, 0.0 ], [ 112.065330592, -8.224507606999964, 0.0 ], [ 112.064955478000115, -8.224350669999978, 0.0 ], [ 112.064522719000024, -8.224193885999966, 0.0 ], [ 112.06402249100006, -8.223955921999959, 0.0 ], [ 112.063738573000023, -8.223770028999979, 0.0 ], [ 112.06358947800004, -8.223703422999961, 0.0 ], [ 112.063555852000036, -8.223703511999929, 0.0 ], [ 112.063503674000117, -8.223714795999967, 0.0 ], [ 112.06355, -8.22346, 0.0 ], [ 112.06366, -8.22304, 0.0 ], [ 112.063720000000103, -8.22288, 0.0 ], [ 112.0638, -8.222749998999973, 0.0 ], [ 112.063909999000089, -8.22265, 0.0 ], [ 112.064120000000116, -8.22256, 0.0 ], [ 112.064390000000117, -8.222459998999966, 0.0 ], [ 112.06478, -8.22239, 0.0 ], [ 112.06495, -8.222359998999934, 0.0 ], [ 112.065039999000078, -8.22232, 0.0 ], [ 112.06513, -8.22226, 0.0 ], [ 112.06518, -8.2222, 0.0 ], [ 112.06521, -8.222029998999972, 0.0 ], [ 112.06528, -8.22153, 0.0 ], [ 112.06533, -8.221309998999971, 0.0 ], [ 112.065409999000053, -8.2212, 0.0 ], [ 112.06557, -8.22103, 0.0 ], [ 112.065779999000029, -8.22083, 0.0 ], [ 112.065819999000041, -8.22076, 0.0 ], [ 112.065819999000041, -8.22063, 0.0 ], [ 112.06571, -8.22052999899995, 0.0 ], [ 112.06528, -8.22031, 0.0 ], [ 112.06468, -8.22003, 0.0 ], [ 112.064530000000104, -8.21994, 0.0 ], [ 112.06441, -8.21982, 0.0 ], [ 112.06425, -8.219649998999955, 0.0 ], [ 112.064120000000116, -8.21939, 0.0 ], [ 112.064080000000104, -8.219259998999974, 0.0 ], [ 112.06409, -8.21919, 0.0 ], [ 112.064219999000102, -8.21888, 0.0 ], [ 112.064279999000064, -8.21871, 0.0 ], [ 112.06427, -8.21857, 0.0 ], [ 112.064170000000104, -8.21849999899996, 0.0 ], [ 112.06398, -8.21842, 0.0 ], [ 112.06384, -8.21834, 0.0 ], [ 112.06378, -8.21829, 0.0 ], [ 112.06378, -8.21818, 0.0 ], [ 112.06382, -8.21808, 0.0 ], [ 112.06388, -8.21797, 0.0 ], [ 112.06402, -8.217759998999952, 0.0 ], [ 112.064219999000102, -8.21758, 0.0 ], [ 112.06446, -8.2174, 0.0 ], [ 112.064709999000115, -8.21725, 0.0 ], [ 112.06482, -8.21712, 0.0 ], [ 112.064890000000105, -8.21695, 0.0 ], [ 112.06492, -8.21686, 0.0 ], [ 112.06499, -8.21678, 0.0 ], [ 112.065079999000091, -8.2167, 0.0 ], [ 112.06529, -8.21656, 0.0 ], [ 112.0655, -8.21646, 0.0 ], [ 112.06577, -8.21636, 0.0 ], [ 112.06604, -8.2163, 0.0 ], [ 112.0662, -8.21632, 0.0 ], [ 112.06632, -8.21638, 0.0 ], [ 112.06657, -8.216529998999931, 0.0 ], [ 112.06673, -8.21662, 0.0 ], [ 112.06682, -8.21662, 0.0 ], [ 112.06693, -8.21658, 0.0 ], [ 112.06724, -8.21637, 0.0 ], [ 112.06755, -8.21609, 0.0 ], [ 112.06778, -8.2159, 0.0 ], [ 112.06791, -8.215729998999961, 0.0 ], [ 112.06796, -8.21558, 0.0 ], [ 112.06801, -8.21548, 0.0 ], [ 112.06804000000011, -8.21531, 0.0 ], [ 112.06803, -8.21518, 0.0 ], [ 112.06797, -8.214969998999948, 0.0 ], [ 112.06788, -8.21469, 0.0 ], [ 112.06782, -8.21449, 0.0 ], [ 112.06776, -8.21444, 0.0 ], [ 112.06763, -8.21434, 0.0 ], [ 112.06747, -8.21413, 0.0 ], [ 112.067359999000018, -8.21395, 0.0 ], [ 112.067320000000109, -8.21387, 0.0 ], [ 112.06731, -8.213799998999946, 0.0 ], [ 112.06735, -8.21371, 0.0 ], [ 112.06752, -8.21342, 0.0 ], [ 112.06752, -8.21335, 0.0 ], [ 112.067459999000107, -8.21328, 0.0 ], [ 112.067339999000069, -8.21323, 0.0 ], [ 112.06719, -8.21322, 0.0 ], [ 112.06702, -8.21329, 0.0 ], [ 112.06689, -8.21334, 0.0 ], [ 112.0668, -8.21335, 0.0 ], [ 112.06673, -8.21331, 0.0 ], [ 112.066690000000108, -8.2132, 0.0 ], [ 112.06667999900003, -8.21305, 0.0 ], [ 112.06672, -8.21295, 0.0 ], [ 112.06684, -8.21286, 0.0 ], [ 112.067, -8.21282, 0.0 ], [ 112.06712, -8.212729998999976, 0.0 ], [ 112.06719, -8.212609998999937, 0.0 ], [ 112.06722, -8.21246, 0.0 ], [ 112.06726, -8.21231, 0.0 ], [ 112.06726, -8.21218, 0.0 ], [ 112.06726, -8.21206, 0.0 ], [ 112.0672, -8.21192, 0.0 ], [ 112.06706, -8.21178, 0.0 ], [ 112.0668, -8.21171, 0.0 ], [ 112.06672, -8.21167, 0.0 ], [ 112.06672, -8.21093, 0.0 ], [ 112.066619999000068, -8.2104, 0.0 ], [ 112.066599999, -8.210329998999953, 0.0 ], [ 112.066599999, -8.210229998999978, 0.0 ], [ 112.06574, -8.210249998999927, 0.0 ], [ 112.065250000000106, -8.21019, 0.0 ], [ 112.064980000000105, -8.21012, 0.0 ], [ 112.064840000000117, -8.21005, 0.0 ], [ 112.06415, -8.20939, 0.0 ], [ 112.063940000000116, -8.20919, 0.0 ], [ 112.063760000000116, -8.20882, 0.0 ], [ 112.06365, -8.20858, 0.0 ], [ 112.063490000000115, -8.208379998999931, 0.0 ], [ 112.06334, -8.20823, 0.0 ], [ 112.06329, -8.20805, 0.0 ], [ 112.06306, -8.2077, 0.0 ], [ 112.06275, -8.20734, 0.0 ], [ 112.06263, -8.20722, 0.0 ], [ 112.062140000000113, -8.206759998999928, 0.0 ], [ 112.06209, -8.206719998999972, 0.0 ], [ 112.06171, -8.206329998999934, 0.0 ], [ 112.06138, -8.205959998999958, 0.0 ], [ 112.060709999000096, -8.205939998999952, 0.0 ], [ 112.0606, -8.20543, 0.0 ], [ 112.06054, -8.20505, 0.0 ], [ 112.06046, -8.20465, 0.0 ], [ 112.06033, -8.20396, 0.0 ], [ 112.06027, -8.203579998999942, 0.0 ], [ 112.06035999900007, -8.20271, 0.0 ], [ 112.06041, -8.20227, 0.0 ], [ 112.060399999000083, -8.20217, 0.0 ], [ 112.06031, -8.202099998999927, 0.0 ], [ 112.0609, -8.20123, 0.0 ], [ 112.06113, -8.20113, 0.0 ], [ 112.06122, -8.20107, 0.0 ], [ 112.061549999000022, -8.2008, 0.0 ], [ 112.06193999900006, -8.20043, 0.0 ], [ 112.06247, -8.1999, 0.0 ], [ 112.0626, -8.199739998999974, 0.0 ], [ 112.062950000000114, -8.19921, 0.0 ], [ 112.06296, -8.19891, 0.0 ], [ 112.06335, -8.19838, 0.0 ], [ 112.06429, -8.19741, 0.0 ], [ 112.065839999000104, -8.195759998999961, 0.0 ], [ 112.067029999000056, -8.19448, 0.0 ], [ 112.067459999000107, -8.19411, 0.0 ], [ 112.067641743000081, -8.193856135999965, 0.0 ], [ 112.06804239500002, -8.193771715999958, 0.0 ], [ 112.068809791000035, -8.193974560999948, 0.0 ], [ 112.069541456000024, -8.194128635999959, 0.0 ], [ 112.070017348000079, -8.194414170999949, 0.0 ], [ 112.070612213000118, -8.194533143999934, 0.0 ], [ 112.071278462, -8.194604527999957, 0.0 ], [ 112.072206452000046, -8.194604527999957, 0.0 ], [ 112.0726823440001, -8.194604527999957, 0.0 ], [ 112.074324172000047, -8.194271402999959, 0.0 ], [ 112.074514529000112, -8.193557564999935, 0.0 ], [ 112.074538324000059, -8.192677163999974, 0.0 ], [ 112.074604512000064, -8.19208429899993, 0.0 ], [ 112.074446913000088, -8.190685753999958, 0.0 ], [ 112.07458968100002, -8.19022175899994, 0.0 ], [ 112.074661064000111, -8.189817250999965, 0.0 ], [ 112.075180778000117, -8.189179356999944, 0.0 ], [ 112.075656671000047, -8.188941410999973, 0.0 ], [ 112.07610876800004, -8.188584490999972, 0.0 ], [ 112.076608455000041, -8.188275161999968, 0.0 ], [ 112.07696537400011, -8.187823063999929, 0.0 ], [ 112.077720611000018, -8.187299337999946, 0.0 ], [ 112.078582726000036, -8.187517066999931, 0.0 ], [ 112.078948929000035, -8.187159448999978, 0.0 ], [ 112.079666099000065, -8.186772257999962, 0.0 ], [ 112.079669486000057, -8.186769771999934, 0.0 ], [ 112.07967, -8.186769998999978, 0.0 ], [ 112.08003, -8.18693, 0.0 ], [ 112.0805, -8.18707, 0.0 ], [ 112.08133, -8.18737, 0.0 ], [ 112.081730000000107, -8.18749, 0.0 ] ] ], [ [ [ 112.063910264000015, -8.225104802999965, 0.0 ], [ 112.063918818000047, -8.225141844999939, 0.0 ], [ 112.063869999000076, -8.2251, 0.0 ], [ 112.063586841000074, -8.224953853999978, 0.0 ], [ 112.063645662000113, -8.224957144999962, 0.0 ], [ 112.063804262000076, -8.224985439999955, 0.0 ], [ 112.063862010000094, -8.22502357299993, 0.0 ], [ 112.063910264000015, -8.225104802999965, 0.0 ] ] ], [ [ [ 112.06305295300001, -8.225969723999981, 0.0 ], [ 112.0630499990001, -8.225969998999972, 0.0 ], [ 112.063050263000036, -8.225967619999949, 0.0 ], [ 112.06305295300001, -8.225969723999981, 0.0 ] ] ] ] } },
{ "type": "Feature", "properties": { "OBJECTID": 116136.0, "KDPPUM": "35", "NAMOBJ": "Maron", "REMARK": null, "KDPBPS": null, "FCODE": "BA03070040", "LUASWH": 11.48919426, "UUPP": "Hasil Delineasi Batas Desa 2019", "SRS_ID": "SRGI 2013", "METADATA": "TASWIL1000020200326DATA_BATAS_DESA_KELURAHAN", "KDEBPS": null, "KDEPUM": "35.05.04.2002", "KDCBPS": null, "KDCPUM": "35.05.04", "KDBBPS": null, "WADMKD": "Maron", "WIADKD": null, "WADMKC": "Kademangan", "WIADKC": null, "WADMKK": "Blitar", "WIADKK": null, "WADMPR": "Jawa Timur", "WIADPR": null, "TIPADM": 1.0, "KDPKAB": "35.05", "SHAPE_Leng": 0.18611513087877299, "SHAPE_Area": 0.00094319624400099995 }, "geometry": { "type": "MultiPolygon", "coordinates": [ [ [ [ 112.055898240000033, -8.177033743999971, 0.0 ], [ 112.056426714000054, -8.176845003999972, 0.0 ], [ 112.058750343000042, -8.176419004999957, 0.0 ], [ 112.05993667700011, -8.176380735999942, 0.0 ], [ 112.061151428000016, -8.17634155099995, 0.0 ], [ 112.0619646990001, -8.17634155099995, 0.0 ], [ 112.062894151000023, -8.17645773299995, 0.0 ], [ 112.064055966000069, -8.176651368999956, 0.0 ], [ 112.064424925000026, -8.176929894999944, 0.0 ], [ 112.064481966000017, -8.176999911999928, 0.0 ], [ 112.064559420000023, -8.177658274999942, 0.0 ], [ 112.064559420000023, -8.17823918199997, 0.0 ], [ 112.064443238000081, -8.179478451999955, 0.0 ], [ 112.064249602000018, -8.180059358999927, 0.0 ], [ 112.064249602000018, -8.181583432999957, 0.0 ], [ 112.064249602000018, -8.1822901099999, 0.0 ], [ 112.064249602000018, -8.18284771499998, 0.0 ], [ 112.064481965000027, -8.184086983999975, 0.0 ], [ 112.064640354000062, -8.184688860999927, 0.0 ], [ 112.064675602000079, -8.184822800999939, 0.0 ], [ 112.065101571000014, -8.185583029999975, 0.0 ], [ 112.065452539000034, -8.185871032999955, 0.0 ], [ 112.065635652000083, -8.1860140799999, 0.0 ], [ 112.066017111000065, -8.18635646599995, 0.0 ], [ 112.06610868000007, -8.186461356999928, 0.0 ], [ 112.066627456000106, -8.186712173999979, 0.0 ], [ 112.067169154000112, -8.186864771999979, 0.0 ], [ 112.067782392000026, -8.187056585999926, 0.0 ], [ 112.068220686000018, -8.187193678999961, 0.0 ], [ 112.068840341000055, -8.187325519999945, 0.0 ], [ 112.069368461000067, -8.187453649999952, 0.0 ], [ 112.07092229400007, -8.187590244999967, 0.0 ], [ 112.071441612000058, -8.187433139999939, 0.0 ], [ 112.072143384000015, -8.187345433999951, 0.0 ], [ 112.072143525000115, -8.187345415999971, 0.0 ], [ 112.072868312000082, -8.187250050999978, 0.0 ], [ 112.073326058000021, -8.187168032999978, 0.0 ], [ 112.07357274900005, -8.187095148999958, 0.0 ], [ 112.073661768000079, -8.187068847999967, 0.0 ], [ 112.074584926000057, -8.186870476999957, 0.0 ], [ 112.075317354000049, -8.186818974999937, 0.0 ], [ 112.075416539000116, -8.186818973999948, 0.0 ], [ 112.075904800000103, -8.186857129999964, 0.0 ], [ 112.077094998, -8.187141337999947, 0.0 ], [ 112.077720611000018, -8.187299337999946, 0.0 ], [ 112.07696537400011, -8.187823063999929, 0.0 ], [ 112.076608455000041, -8.188275161999968, 0.0 ], [ 112.07610876800004, -8.188584490999972, 0.0 ], [ 112.075656671000047, -8.188941410999973, 0.0 ], [ 112.075180778000117, -8.189179356999944, 0.0 ], [ 112.074661064000111, -8.189817250999965, 0.0 ], [ 112.07458968100002, -8.19022175899994, 0.0 ], [ 112.074446913000088, -8.190685753999958, 0.0 ], [ 112.074604512000064, -8.19208429899993, 0.0 ], [ 112.074538324000059, -8.192677163999974, 0.0 ], [ 112.074514529000112, -8.193557564999935, 0.0 ], [ 112.074324172000047, -8.194271402999959, 0.0 ], [ 112.0726823440001, -8.194604527999957, 0.0 ], [ 112.072206452000046, -8.194604527999957, 0.0 ], [ 112.071278462, -8.194604527999957, 0.0 ], [ 112.070612213000118, -8.194533143999934, 0.0 ], [ 112.070017348000079, -8.194414170999949, 0.0 ], [ 112.069541456000024, -8.194128635999959, 0.0 ], [ 112.068809791000035, -8.193974560999948, 0.0 ], [ 112.06804239500002, -8.193771715999958, 0.0 ], [ 112.067641743000081, -8.193856135999965, 0.0 ], [ 112.067459999000107, -8.19411, 0.0 ], [ 112.067029999000056, -8.19448, 0.0 ], [ 112.065839999000104, -8.195759998999961, 0.0 ], [ 112.06429, -8.19741, 0.0 ], [ 112.06335, -8.19838, 0.0 ], [ 112.06296, -8.19891, 0.0 ], [ 112.062950000000114, -8.19921, 0.0 ], [ 112.0626, -8.199739998999974, 0.0 ], [ 112.06247, -8.1999, 0.0 ], [ 112.06193999900006, -8.20043, 0.0 ], [ 112.061549999000022, -8.2008, 0.0 ], [ 112.06122, -8.20107, 0.0 ], [ 112.06113, -8.20113, 0.0 ], [ 112.0609, -8.20123, 0.0 ], [ 112.06031, -8.202099998999927, 0.0 ], [ 112.060399999000083, -8.20217, 0.0 ], [ 112.06041, -8.20227, 0.0 ], [ 112.06035999900007, -8.20271, 0.0 ], [ 112.06027, -8.203579998999942, 0.0 ], [ 112.059500527000068, -8.203506923999953, 0.0 ], [ 112.059521484000015, -8.203135114999952, 0.0 ], [ 112.059156762000043, -8.203092903999959, 0.0 ], [ 112.05867, -8.20349, 0.0 ], [ 112.057959999000104, -8.20381, 0.0 ], [ 112.05643, -8.20445, 0.0 ], [ 112.05556, -8.204889998999931, 0.0 ], [ 112.055300000000102, -8.20531, 0.0 ], [ 112.05528, -8.20577, 0.0 ], [ 112.055209999000112, -8.20632, 0.0 ], [ 112.05513, -8.20706, 0.0 ], [ 112.05504, -8.20734, 0.0 ], [ 112.05496, -8.20757, 0.0 ], [ 112.054890000000114, -8.20784, 0.0 ], [ 112.05466, -8.208399998999937, 0.0 ], [ 112.05448, -8.20870999899995, 0.0 ], [ 112.05436, -8.20889, 0.0 ], [ 112.05433, -8.20899, 0.0 ], [ 112.05432, -8.20923, 0.0 ], [ 112.05429, -8.20942, 0.0 ], [ 112.05405999900006, -8.20999, 0.0 ], [ 112.05403, -8.21005, 0.0 ], [ 112.05374, -8.21057, 0.0 ], [ 112.05342, -8.211149998999929, 0.0 ], [ 112.05333, -8.21133, 0.0 ], [ 112.05269, -8.212339998999937, 0.0 ], [ 112.05274, -8.21242, 0.0 ], [ 112.05275, -8.21254, 0.0 ], [ 112.05268, -8.212629998999944, 0.0 ], [ 112.05249, -8.21275, 0.0 ], [ 112.05234, -8.21286, 0.0 ], [ 112.05233, -8.21294, 0.0 ], [ 112.05239, -8.21301, 0.0 ], [ 112.05253, -8.213079998999945, 0.0 ], [ 112.0528, -8.21322, 0.0 ], [ 112.052909999, -8.213369998999951, 0.0 ], [ 112.05308, -8.21364, 0.0 ], [ 112.05317, -8.21396, 0.0 ], [ 112.053259999000034, -8.21455999899996, 0.0 ], [ 112.05319, -8.21496, 0.0 ], [ 112.05323, -8.21522, 0.0 ], [ 112.05333, -8.21543, 0.0 ], [ 112.05342, -8.21567, 0.0 ], [ 112.053339999000059, -8.21582, 0.0 ], [ 112.053279999000097, -8.21598, 0.0 ], [ 112.05333, -8.216159998999956, 0.0 ], [ 112.05333, -8.2163, 0.0 ], [ 112.05325, -8.21647, 0.0 ], [ 112.05292, -8.216979998999932, 0.0 ], [ 112.05277, -8.21717, 0.0 ], [ 112.05279, -8.21728, 0.0 ], [ 112.052909999, -8.21754, 0.0 ], [ 112.052929999000071, -8.21769, 0.0 ], [ 112.052889999000058, -8.21784, 0.0 ], [ 112.05277, -8.2182, 0.0 ], [ 112.052730000000111, -8.21837, 0.0 ], [ 112.05262, -8.21879, 0.0 ], [ 112.05257, -8.218929998999954, 0.0 ], [ 112.05238, -8.219339998999942, 0.0 ], [ 112.05223, -8.219629998999949, 0.0 ], [ 112.05218, -8.21976, 0.0 ], [ 112.05228000000011, -8.21982, 0.0 ], [ 112.05206, -8.21985, 0.0 ], [ 112.05186, -8.21996, 0.0 ], [ 112.05158, -8.22019, 0.0 ], [ 112.05144, -8.22039, 0.0 ], [ 112.051290000000108, -8.22046, 0.0 ], [ 112.05081, -8.22067, 0.0 ], [ 112.05069, -8.22081, 0.0 ], [ 112.05064, -8.221, 0.0 ], [ 112.05062, -8.22154, 0.0 ], [ 112.05056, -8.22157, 0.0 ], [ 112.0505, -8.22146, 0.0 ], [ 112.05038, -8.221209998999939, 0.0 ], [ 112.05034, -8.220879998999976, 0.0 ], [ 112.05031, -8.22074, 0.0 ], [ 112.05017, -8.2206, 0.0 ], [ 112.05015, -8.220489998999938, 0.0 ], [ 112.050159999000016, -8.22017, 0.0 ], [ 112.050159999000016, -8.21949, 0.0 ], [ 112.050119999000117, -8.21915, 0.0 ], [ 112.04992, -8.218599998999935, 0.0 ], [ 112.04968, -8.21762, 0.0 ], [ 112.04965, -8.21744, 0.0 ], [ 112.04969, -8.21719, 0.0 ], [ 112.04966, -8.216979998999932, 0.0 ], [ 112.04954, -8.21675, 0.0 ], [ 112.04951, -8.216609998999957, 0.0 ], [ 112.04939, -8.21642, 0.0 ], [ 112.049459999000078, -8.21554, 0.0 ], [ 112.049490000000105, -8.21519, 0.0 ], [ 112.049490000000105, -8.21513, 0.0 ], [ 112.049459999000078, -8.21508, 0.0 ], [ 112.04904999900009, -8.21477, 0.0 ], [ 112.04887, -8.21463, 0.0 ], [ 112.04879, -8.21449, 0.0 ], [ 112.048770000000104, -8.21414, 0.0 ], [ 112.04884, -8.213489998999933, 0.0 ], [ 112.04885, -8.21325, 0.0 ], [ 112.04883, -8.213099998999951, 0.0 ], [ 112.048860000000104, -8.211809998999968, 0.0 ], [ 112.048860000000104, -8.21151, 0.0 ], [ 112.04871, -8.21108, 0.0 ], [ 112.048249999000063, -8.210639998999966, 0.0 ], [ 112.048180000000116, -8.21055, 0.0 ], [ 112.048140000000103, -8.2101, 0.0 ], [ 112.04812, -8.209839998999939, 0.0 ], [ 112.04803, -8.209569998999939, 0.0 ], [ 112.048000000000116, -8.209509998999977, 0.0 ], [ 112.047779999000113, -8.20895, 0.0 ], [ 112.04759, -8.20849, 0.0 ], [ 112.04748, -8.208299998999962, 0.0 ], [ 112.04722, -8.20816, 0.0 ], [ 112.047059999000112, -8.2081, 0.0 ], [ 112.04687, -8.208009998999955, 0.0 ], [ 112.046729999000036, -8.20784, 0.0 ], [ 112.046629999000061, -8.20748, 0.0 ], [ 112.04659, -8.20732, 0.0 ], [ 112.046689999000023, -8.20615, 0.0 ], [ 112.04691, -8.20447, 0.0 ], [ 112.04501, -8.20433, 0.0 ], [ 112.045089999000083, -8.20291, 0.0 ], [ 112.0436, -8.20281, 0.0 ], [ 112.04298, -8.20293, 0.0 ], [ 112.042780000000107, -8.20304, 0.0 ], [ 112.04288, -8.20285, 0.0 ], [ 112.04307, -8.202549998999928, 0.0 ], [ 112.04311, -8.202449998999953, 0.0 ], [ 112.043139999, -8.20225, 0.0 ], [ 112.04325, -8.20186, 0.0 ], [ 112.04328, -8.20178, 0.0 ], [ 112.04334, -8.20153, 0.0 ], [ 112.04337, -8.201359998999976, 0.0 ], [ 112.04409, -8.20055, 0.0 ], [ 112.044170326000085, -8.200466369999958, 0.0 ], [ 112.043013908000034, -8.199143388999971, 0.0 ], [ 112.042238204000114, -8.198267747999978, 0.0 ], [ 112.041362562000018, -8.197463489999961, 0.0 ], [ 112.040701072000047, -8.196878141999946, 0.0 ], [ 112.040008054000054, -8.196285656999976, 0.0 ], [ 112.039880158000074, -8.196193452999978, 0.0 ], [ 112.039550007000116, -8.195949557999938, 0.0 ], [ 112.039460778000034, -8.195887096999968, 0.0 ], [ 112.039389394000068, -8.195833558999936, 0.0 ], [ 112.039318010000102, -8.195780020999962, 0.0 ], [ 112.039187140000081, -8.195720534999964, 0.0 ], [ 112.039109807000045, -8.195705662999956, 0.0 ], [ 112.038978937000024, -8.195705662999956, 0.0 ], [ 112.038848066000014, -8.19572945799996, 0.0 ], [ 112.03866, -8.195839998999929, 0.0 ], [ 112.03777, -8.19544, 0.0 ], [ 112.036509999000032, -8.19529, 0.0 ], [ 112.035890000000109, -8.19494, 0.0 ], [ 112.03554, -8.19452, 0.0 ], [ 112.03529, -8.19408, 0.0 ], [ 112.03527, -8.19341, 0.0 ], [ 112.03518, -8.19261, 0.0 ], [ 112.03514, -8.19165, 0.0 ], [ 112.03504, -8.19048, 0.0 ], [ 112.035, -8.18935, 0.0 ], [ 112.03492, -8.18829, 0.0 ], [ 112.03501, -8.18747, 0.0 ], [ 112.035080000000107, -8.186379998999939, 0.0 ], [ 112.034969999000054, -8.186009998999964, 0.0 ], [ 112.03494, -8.18557, 0.0 ], [ 112.03494, -8.18502, 0.0 ], [ 112.0348, -8.18424, 0.0 ], [ 112.03521, -8.18309, 0.0 ], [ 112.035440000000108, -8.18193, 0.0 ], [ 112.03533999900003, -8.18132, 0.0 ], [ 112.03496, -8.1804, 0.0 ], [ 112.03437, -8.17959, 0.0 ], [ 112.034282079000036, -8.179505052999957, 0.0 ], [ 112.033834740000088, -8.179704927999978, 0.0 ], [ 112.031954835000079, -8.180481080999925, 0.0 ], [ 112.031184021000058, -8.180723336999961, 0.0 ], [ 112.030893727000034, -8.180761408999956, 0.0 ], [ 112.030793789000086, -8.179281383999978, 0.0 ], [ 112.030703370000083, -8.17795840399998, 0.0 ], [ 112.030698611000048, -8.177867983999931, 0.0 ], [ 112.030679575000022, -8.177668108999967, 0.0 ], [ 112.03066053900011, -8.177363537999952, 0.0 ], [ 112.030612950000091, -8.176254709999967, 0.0 ], [ 112.030712888000039, -8.175331478999965, 0.0 ], [ 112.030812825000112, -8.17427499799993, 0.0 ], [ 112.030693852000013, -8.172980570999925, 0.0 ], [ 112.0305986730001, -8.171909813999946, 0.0 ], [ 112.030546325000046, -8.171429162999971, 0.0 ], [ 112.030451147, -8.170981823999966, 0.0 ], [ 112.030344071000059, -8.170696288999977, 0.0 ], [ 112.030315518000066, -8.170553520999931, 0.0 ], [ 112.030265549000092, -8.170403614999941, 0.0 ], [ 112.030215580000117, -8.170232293999959, 0.0 ], [ 112.030165612000019, -8.17008952599997, 0.0 ], [ 112.030101366000054, -8.169918204999931, 0.0 ], [ 112.030029982000087, -8.169732606999958, 0.0 ], [ 112.029965737000111, -8.169532731999936, 0.0 ], [ 112.029958598, -8.16931858099997, 0.0 ], [ 112.029959864000034, -8.168168419999972, 0.0 ], [ 112.030081743000096, -8.168122358999938, 0.0 ], [ 112.030227608000018, -8.168149846999938, 0.0 ], [ 112.030433619000064, -8.168563755999969, 0.0 ], [ 112.030944778000048, -8.169531741999947, 0.0 ], [ 112.031280465, -8.169838823999953, 0.0 ], [ 112.031623793000108, -8.16996758099998, 0.0 ], [ 112.031990019000091, -8.169966613999975, 0.0 ], [ 112.032371478000073, -8.169895065999981, 0.0 ], [ 112.032752937000055, -8.169728201999931, 0.0 ], [ 112.033943135000072, -8.16903105199998, 0.0 ], [ 112.034553478000021, -8.169037725999942, 0.0 ], [ 112.034995992000063, -8.169095901999981, 0.0 ], [ 112.035446122000053, -8.169283777999965, 0.0 ], [ 112.035758959000077, -8.169531741999947, 0.0 ], [ 112.035980179000035, -8.169992340999954, 0.0 ], [ 112.036094621000075, -8.170630370999959, 0.0 ], [ 112.036163292000083, -8.171091961999934, 0.0 ], [ 112.036460848000047, -8.171824364999964, 0.0 ], [ 112.036796535, -8.172277347999966, 0.0 ], [ 112.037033060000113, -8.17252054599993, 0.0 ], [ 112.037414520000084, -8.172885805999954, 0.0 ], [ 112.038108762000093, -8.17374683099996, 0.0 ], [ 112.039502940000034, -8.174637554999947, 0.0 ], [ 112.041051830000015, -8.175522634999936, 0.0 ], [ 112.041353189, -8.175738957999954, 0.0 ], [ 112.041822649000096, -8.175884990999975, 0.0 ], [ 112.042396036000014, -8.176106526999945, 0.0 ], [ 112.043104567000114, -8.176380277999954, 0.0 ], [ 112.0453869050001, -8.177148988999932, 0.0 ], [ 112.045921281, -8.177328970999952, 0.0 ], [ 112.047141992000093, -8.177904980999926, 0.0 ], [ 112.04878232100009, -8.178775716999951, 0.0 ], [ 112.049995393000017, -8.1793765099999, 0.0 ], [ 112.050675215000069, -8.179754351999975, 0.0 ], [ 112.050811274000012, -8.17940099599997, 0.0 ], [ 112.05131472700009, -8.179129906999947, 0.0 ], [ 112.052360361000069, -8.178974998999934, 0.0 ], [ 112.053683824000018, -8.178103449999981, 0.0 ], [ 112.053968330000089, -8.177896583999939, 0.0 ], [ 112.054252707000046, -8.177777098999968, 0.0 ], [ 112.055342352000025, -8.177232274999938, 0.0 ], [ 112.055898240000033, -8.177033743999971, 0.0 ] ] ] ] } },
{ "type": "Feature", "properties": { "OBJECTID": 116138.0, "KDPPUM": "35", "NAMOBJ": "Sumberjo", "REMARK": null, "KDPBPS": null, "FCODE": "BA03070040", "LUASWH": 8.94753596, "UUPP": "Hasil Delineasi Batas Desa 2019", "SRS_ID": "SRGI 2013", "METADATA": "TASWIL1000020200326DATA_BATAS_DESA_KELURAHAN", "KDEBPS": null, "KDEPUM": "35.05.04.2006", "KDCBPS": null, "KDCPUM": "35.05.04", "KDBBPS": null, "WADMKD": "Sumberjo", "WIADKD": null, "WADMKC": "Kademangan", "WIADKC": null, "WADMKK": "Blitar", "WIADKK": null, "WADMPR": "Jawa Timur", "WIADPR": null, "TIPADM": 1.0, "KDPKAB": "35.05", "SHAPE_Leng": 0.13711928165760201, "SHAPE_Area": 0.00073449017917899995 }, "geometry": { "type": "MultiPolygon", "coordinates": [ [ [ [ 112.116607075000047, -8.167908620999981, 0.0 ], [ 112.11725, -8.169139998999981, 0.0 ], [ 112.11736, -8.16934, 0.0 ], [ 112.11764, -8.16962, 0.0 ], [ 112.11777, -8.16988, 0.0 ], [ 112.11786999900005, -8.1702, 0.0 ], [ 112.11786, -8.1704, 0.0 ], [ 112.117829999000037, -8.17055, 0.0 ], [ 112.11778, -8.170799998999939, 0.0 ], [ 112.11777, -8.17172, 0.0 ], [ 112.117800000000102, -8.171909998999979, 0.0 ], [ 112.11767, -8.17304, 0.0 ], [ 112.11776, -8.17337, 0.0 ], [ 112.11778, -8.173469998999963, 0.0 ], [ 112.11774, -8.17376, 0.0 ], [ 112.117656389000103, -8.173985107999954, 0.0 ], [ 112.117573705000041, -8.174168474999931, 0.0 ], [ 112.117445835000012, -8.174247504999926, 0.0 ], [ 112.117385159000037, -8.174301042999957, 0.0 ], [ 112.117335191000052, -8.17437242699998, 0.0 ], [ 112.117274514000087, -8.17447950299993, 0.0 ], [ 112.117149999000048, -8.175109998999972, 0.0 ], [ 112.11733, -8.17524, 0.0 ], [ 112.11781, -8.17562, 0.0 ], [ 112.117909999000062, -8.17578, 0.0 ], [ 112.11809, -8.17601, 0.0 ], [ 112.118380000000116, -8.176319998999929, 0.0 ], [ 112.11854, -8.17658, 0.0 ], [ 112.11882, -8.17736999899995, 0.0 ], [ 112.11914, -8.178289998999958, 0.0 ], [ 112.11976, -8.17972, 0.0 ], [ 112.12047, -8.18103, 0.0 ], [ 112.12046, -8.18134, 0.0 ], [ 112.12053, -8.18226, 0.0 ], [ 112.12078, -8.18303, 0.0 ], [ 112.12082, -8.18315, 0.0 ], [ 112.120860000000107, -8.18335, 0.0 ], [ 112.12100999900008, -8.18361, 0.0 ], [ 112.12135, -8.18383, 0.0 ], [ 112.122210000000109, -8.18436, 0.0 ], [ 112.12283, -8.184879998999975, 0.0 ], [ 112.12327, -8.18563, 0.0 ], [ 112.123389999000096, -8.18591, 0.0 ], [ 112.1234, -8.18606, 0.0 ], [ 112.123110000000111, -8.186359998999933, 0.0 ], [ 112.12301, -8.18645, 0.0 ], [ 112.12297, -8.18654, 0.0 ], [ 112.12332, -8.18696, 0.0 ], [ 112.123389999000096, -8.18705, 0.0 ], [ 112.123329999000021, -8.18742, 0.0 ], [ 112.123290000000111, -8.187649998999973, 0.0 ], [ 112.12318, -8.18788, 0.0 ], [ 112.12268, -8.188469998999949, 0.0 ], [ 112.12241, -8.18887, 0.0 ], [ 112.12205, -8.18946, 0.0 ], [ 112.121749999000031, -8.18984, 0.0 ], [ 112.12145, -8.19018, 0.0 ], [ 112.121359999000106, -8.19035, 0.0 ], [ 112.121220000000108, -8.190709998999978, 0.0 ], [ 112.1203, -8.190749998999934, 0.0 ], [ 112.119389999000077, -8.1909, 0.0 ], [ 112.11347, -8.190359998999952, 0.0 ], [ 112.112759999000104, -8.19039, 0.0 ], [ 112.111569999000039, -8.19057, 0.0 ], [ 112.11057, -8.19086, 0.0 ], [ 112.109690000000114, -8.19093, 0.0 ], [ 112.109060000000113, -8.19091, 0.0 ], [ 112.10818, -8.191, 0.0 ], [ 112.1079, -8.191199998999934, 0.0 ], [ 112.107649999000046, -8.19137, 0.0 ], [ 112.10666, -8.1916, 0.0 ], [ 112.106209999000043, -8.19172, 0.0 ], [ 112.106129999000018, -8.19173, 0.0 ], [ 112.10598, -8.19174, 0.0 ], [ 112.10556, -8.19168, 0.0 ], [ 112.105369999000118, -8.19164, 0.0 ], [ 112.10489, -8.191589998999973, 0.0 ], [ 112.10481, -8.19158, 0.0 ], [ 112.10183, -8.19144, 0.0 ], [ 112.10047325700009, -8.19144, 0.0 ], [ 112.101008635000085, -8.190583856999979, 0.0 ], [ 112.101008635000085, -8.189037207999945, 0.0 ], [ 112.101068122000015, -8.186717232999968, 0.0 ], [ 112.100413770000046, -8.185735704999956, 0.0 ], [ 112.099461986000051, -8.18505161, 0.0 ], [ 112.098599431000025, -8.184754177999935, 0.0 ], [ 112.097974823000072, -8.184545974999935, 0.0 ], [ 112.09852051200005, -8.184009802999981, 0.0 ], [ 112.098579999000094, -8.183712369999967, 0.0 ], [ 112.098579999000094, -8.183325707999927, 0.0 ], [ 112.09826483900008, -8.182991750999975, 0.0 ], [ 112.098305885000059, -8.182704430999934, 0.0 ], [ 112.098361485000055, -8.182315229999972, 0.0 ], [ 112.098817945000064, -8.181570855999951, 0.0 ], [ 112.09890309900004, -8.181145086999948, 0.0 ], [ 112.099061840000104, -8.179768413999966, 0.0 ], [ 112.097455703000037, -8.179946872999949, 0.0 ], [ 112.096884937000027, -8.181076549999943, 0.0 ], [ 112.09670617300003, -8.18141024199997, 0.0 ], [ 112.095897157000081, -8.182647561999943, 0.0 ], [ 112.094992961000116, -8.18302827499997, 0.0 ], [ 112.094088766000027, -8.18302827499997, 0.0 ], [ 112.092899036000063, -8.18302827499997, 0.0 ], [ 112.091233413000054, -8.182599971999934, 0.0 ], [ 112.089438506000079, -8.182047540999974, 0.0 ], [ 112.088824817000045, -8.18211701499996, 0.0 ], [ 112.088187703000017, -8.181611305999979, 0.0 ], [ 112.087302069000089, -8.182541210999943, 0.0 ], [ 112.086717196000109, -8.182996152999976, 0.0 ], [ 112.086374554000031, -8.18318175099995, 0.0 ], [ 112.085332350000044, -8.183980059999953, 0.0 ], [ 112.083904673, -8.183980059999953, 0.0 ], [ 112.083619138000017, -8.183694524999964, 0.0 ], [ 112.082694971000024, -8.182353899999953, 0.0 ], [ 112.082817030000115, -8.182274710999934, 0.0 ], [ 112.083106969000028, -8.18210400199996, 0.0 ], [ 112.083457913000075, -8.18187990499996, 0.0 ], [ 112.083671541000058, -8.181740676999937, 0.0 ], [ 112.083885169000041, -8.181581405999964, 0.0 ], [ 112.08416744200008, -8.181355373999963, 0.0 ], [ 112.084480255000017, -8.18103591199997, 0.0 ], [ 112.084594698000046, -8.180838483999935, 0.0 ], [ 112.08465572800003, -8.180650631999981, 0.0 ], [ 112.084663367000076, -8.180581018999931, 0.0 ], [ 112.084716757000024, -8.180071744999964, 0.0 ], [ 112.084724374000075, -8.179747495999948, 0.0 ], [ 112.084724374000075, -8.17960723799996, 0.0 ], [ 112.084724374000075, -8.179505263999943, 0.0 ], [ 112.084724374000075, -8.179408930999955, 0.0 ], [ 112.084686242000089, -8.178527724999981, 0.0 ], [ 112.084670985000116, -8.178461932999937, 0.0 ], [ 112.08465685200008, -8.178421516999947, 0.0 ], [ 112.084609955000019, -8.178287403999946, 0.0 ], [ 112.084548902000051, -8.17808618, 0.0 ], [ 112.084556541000097, -8.178057575999958, 0.0 ], [ 112.08461757200007, -8.177901180999982, 0.0 ], [ 112.084747271000083, -8.177740941999957, 0.0 ], [ 112.084930385, -8.177600772999938, 0.0 ], [ 112.085052444000098, -8.177527337999948, 0.0 ], [ 112.085578861000045, -8.177192594999951, 0.0 ], [ 112.08570858500002, -8.177006628999948, 0.0 ], [ 112.085800128000074, -8.176742464999961, 0.0 ], [ 112.085838285000023, -8.176635638999926, 0.0 ], [ 112.085967985000025, -8.176350511999942, 0.0 ], [ 112.08618922900007, -8.176096817999962, 0.0 ], [ 112.086288414000023, -8.176023384999951, 0.0 ], [ 112.086395216000028, -8.175957591999975, 0.0 ], [ 112.086697092, -8.175781645999962, 0.0 ], [ 112.087051357000064, -8.175575164999941, 0.0 ], [ 112.087478588000067, -8.175207995999926, 0.0 ], [ 112.087638827000092, -8.17503443399994, 0.0 ], [ 112.087753245000044, -8.174887566999928, 0.0 ], [ 112.088401745000056, -8.174082647999967, 0.0 ], [ 112.088714558000106, -8.17369548299996, 0.0 ], [ 112.089019730000018, -8.17335500799993, 0.0 ], [ 112.089040496000052, -8.173342024999954, 0.0 ], [ 112.089050245000067, -8.173335929999951, 0.0 ], [ 112.089485141000068, -8.173375028999942, 0.0 ], [ 112.091133085000024, -8.173612497999954, 0.0 ], [ 112.091232271000081, -8.173615349999977, 0.0 ], [ 112.092147787000044, -8.173616317999972, 0.0 ], [ 112.093879658000105, -8.173617284999978, 0.0 ], [ 112.093971203000024, -8.173615349999977, 0.0 ], [ 112.094125229000042, -8.173416653999936, 0.0 ], [ 112.094300591000092, -8.172948494999957, 0.0 ], [ 112.094909941000083, -8.172481742999935, 0.0 ], [ 112.095390286000111, -8.171970258999977, 0.0 ], [ 112.095590216, -8.171617187999971, 0.0 ], [ 112.095870548000107, -8.171122126999933, 0.0 ], [ 112.096098076000089, -8.170720316999962, 0.0 ], [ 112.096234370000047, -8.170404129999952, 0.0 ], [ 112.09653301600008, -8.170114213999966, 0.0 ], [ 112.096685537000099, -8.169937860999937, 0.0 ], [ 112.096774942000025, -8.169834486999946, 0.0 ], [ 112.096870117000094, -8.168993766999961, 0.0 ], [ 112.09680666700001, -8.168168908999974, 0.0 ], [ 112.096969560000048, -8.16758432599994, 0.0 ], [ 112.097011891000079, -8.167452779999962, 0.0 ], [ 112.097076362000053, -8.167252434999966, 0.0 ], [ 112.097511258000054, -8.166442776999929, 0.0 ], [ 112.097785915000031, -8.166047970999955, 0.0 ], [ 112.098121602000106, -8.165696034999939, 0.0 ], [ 112.098411517000045, -8.165368931999978, 0.0 ], [ 112.098747204, -8.165083780999964, 0.0 ], [ 112.099517787000082, -8.164430516999971, 0.0 ], [ 112.099945018000085, -8.16402712699994, 0.0 ], [ 112.100496737000071, -8.163197390999926, 0.0 ], [ 112.100677446000077, -8.162925619999953, 0.0 ], [ 112.10176084200009, -8.160864734999961, 0.0 ], [ 112.102264361000039, -8.160094150999953, 0.0 ], [ 112.102508502000092, -8.159680265999953, 0.0 ], [ 112.103019662000065, -8.159016509999958, 0.0 ], [ 112.103271445000019, -8.158737088999942, 0.0 ], [ 112.103652905000104, -8.158392793999951, 0.0 ], [ 112.104141190000064, -8.158184896999956, 0.0 ], [ 112.10489649100009, -8.158088588999931, 0.0 ], [ 112.10568997300004, -8.158165842999949, 0.0 ], [ 112.105798418000063, -8.15819337399995, 0.0 ], [ 112.107170061000033, -8.158541595999964, 0.0 ], [ 112.107719376000091, -8.158555884999942, 0.0 ], [ 112.108421289000034, -8.158427128999961, 0.0 ], [ 112.109413116000042, -8.158070477999956, 0.0 ], [ 112.109420175000082, -8.158070146999933, 0.0 ], [ 112.11033, -8.15883, 0.0 ], [ 112.11063, -8.1592, 0.0 ], [ 112.110849999000038, -8.15959, 0.0 ], [ 112.111013707000097, -8.160216358999946, 0.0 ], [ 112.111281842000039, -8.160399041999938, 0.0 ], [ 112.111610207000012, -8.160641746999943, 0.0 ], [ 112.111938573000089, -8.160784514999932, 0.0 ], [ 112.112481090000074, -8.16094155899998, 0.0 ], [ 112.1129236700001, -8.161455522999972, 0.0 ], [ 112.113294866000047, -8.161955209999974, 0.0 ], [ 112.113480464000077, -8.164924776999953, 0.0 ], [ 112.114094365000028, -8.164953330999936, 0.0 ], [ 112.11418002500011, -8.165881319999926, 0.0 ], [ 112.114722542000095, -8.165881319999926, 0.0 ], [ 112.114722542000095, -8.166195408999954, 0.0 ], [ 112.115122292000024, -8.166209685999945, 0.0 ], [ 112.115206131000036, -8.166496043999928, 0.0 ], [ 112.11596880500008, -8.166520027999979, 0.0 ], [ 112.116607075000047, -8.167908620999981, 0.0 ] ] ] ] } },
{ "type": "Feature", "properties": { "OBJECTID": 116142.0, "KDPPUM": "35", "NAMOBJ": "Plumpungrejo", "REMARK": null, "KDPBPS": null, "FCODE": "BA03070040", "LUASWH": 4.26128486, "UUPP": "Hasil Delineasi Batas Desa 2019", "SRS_ID": "SRGI 2013", "METADATA": "TASWIL1000020200326DATA_BATAS_DESA_KELURAHAN", "KDEBPS": null, "KDEPUM": "35.05.04.2008", "KDCBPS": null, "KDCPUM": "35.05.04", "KDBBPS": null, "WADMKD": "Plumpungrejo", "WIADKD": null, "WADMKC": "Kademangan", "WIADKC": null, "WADMKK": "Blitar", "WIADKK": null, "WADMPR": "Jawa Timur", "WIADPR": null, "TIPADM": 1.0, "KDPKAB": "35.05", "SHAPE_Leng": 0.097652980772724995, "SHAPE_Area": 0.00034977934559700001 }, "geometry": { "type": "MultiPolygon", "coordinates": [ [ [ [ 112.130326582000066, -8.14521451, 0.0 ], [ 112.131610209000087, -8.14525802299994, 0.0 ], [ 112.135789425000098, -8.145409424999968, 0.0 ], [ 112.13594, -8.14556, 0.0 ], [ 112.13597, -8.14562, 0.0 ], [ 112.135990000000106, -8.14585, 0.0 ], [ 112.13597, -8.14614, 0.0 ], [ 112.13598, -8.146479998999951, 0.0 ], [ 112.135990000000106, -8.146579998999925, 0.0 ], [ 112.135990000000106, -8.14686, 0.0 ], [ 112.135990000000106, -8.14708, 0.0 ], [ 112.13598, -8.147259998999971, 0.0 ], [ 112.13598, -8.14735, 0.0 ], [ 112.13596, -8.14815, 0.0 ], [ 112.13604, -8.148469998999929, 0.0 ], [ 112.135990000000106, -8.148819998999954, 0.0 ], [ 112.13678, -8.14953, 0.0 ], [ 112.137019999000017, -8.14957, 0.0 ], [ 112.137250000000108, -8.149699998999949, 0.0 ], [ 112.137429999, -8.15, 0.0 ], [ 112.137469999000018, -8.15019, 0.0 ], [ 112.13748, -8.15047999899997, 0.0 ], [ 112.137489999000081, -8.15084, 0.0 ], [ 112.137429999, -8.151139998999952, 0.0 ], [ 112.13728, -8.15143, 0.0 ], [ 112.13688, -8.151939998999978, 0.0 ], [ 112.13652, -8.15238, 0.0 ], [ 112.13638, -8.15275, 0.0 ], [ 112.136279999000067, -8.15297, 0.0 ], [ 112.13619, -8.15341, 0.0 ], [ 112.13616, -8.15381, 0.0 ], [ 112.136149971, -8.153920318999951, 0.0 ], [ 112.136175060000028, -8.154350902999965, 0.0 ], [ 112.136146507000035, -8.154636437999955, 0.0 ], [ 112.135775311000089, -8.155207508999979, 0.0 ], [ 112.135718204000113, -8.155421659999945, 0.0 ], [ 112.135761561000095, -8.155755841999962, 0.0 ], [ 112.135900053000114, -8.155868863999956, 0.0 ], [ 112.136270239000055, -8.155888034999975, 0.0 ], [ 112.136435056000096, -8.155872796999972, 0.0 ], [ 112.136555774000044, -8.155959417999952, 0.0 ], [ 112.136506440000062, -8.156158331999961, 0.0 ], [ 112.136417765000033, -8.156349649999981, 0.0 ], [ 112.136341763000019, -8.156438563999927, 0.0 ], [ 112.136029159000032, -8.156804274999956, 0.0 ], [ 112.135473549000039, -8.156773742999974, 0.0 ], [ 112.131684065000059, -8.156684675999941, 0.0 ], [ 112.129321013000094, -8.156556942999941, 0.0 ], [ 112.128866783000035, -8.156532389999938, 0.0 ], [ 112.128676426000084, -8.158550172999981, 0.0 ], [ 112.128537061000088, -8.15979052299997, 0.0 ], [ 112.128486069000019, -8.160244348999981, 0.0 ], [ 112.125873196000043, -8.160165647999975, 0.0 ], [ 112.125326145000031, -8.160149170999944, 0.0 ], [ 112.125315042000011, -8.160631132999981, 0.0 ], [ 112.125300231000097, -8.161274089999949, 0.0 ], [ 112.125165715000094, -8.16269897899997, 0.0 ], [ 112.125095715000043, -8.162768978999964, 0.0 ], [ 112.124975715, -8.162868978999938, 0.0 ], [ 112.124905715000068, -8.162978978999945, 0.0 ], [ 112.124895715000093, -8.16305897899997, 0.0 ], [ 112.124868862000085, -8.163193243999956, 0.0 ], [ 112.124795715, -8.163558978999959, 0.0 ], [ 112.12467571500008, -8.163658977999944, 0.0 ], [ 112.124455715000067, -8.163738978999959, 0.0 ], [ 112.124155715000029, -8.163688978999971, 0.0 ], [ 112.124015715000041, -8.163698977999957, 0.0 ], [ 112.123685715000079, -8.163778978999972, 0.0 ], [ 112.122255714000062, -8.165448978999962, 0.0 ], [ 112.122036399000081, -8.16559518899993, 0.0 ], [ 112.12135571500005, -8.166048978999982, 0.0 ], [ 112.120475715000111, -8.166418978999957, 0.0 ], [ 112.118385715000045, -8.166948978999926, 0.0 ], [ 112.117411764000053, -8.167410980999932, 0.0 ], [ 112.116607075000047, -8.167908620999981, 0.0 ], [ 112.11596880500008, -8.166520027999979, 0.0 ], [ 112.115206131000036, -8.166496043999928, 0.0 ], [ 112.115122292000024, -8.166209685999945, 0.0 ], [ 112.114722542000095, -8.166195408999954, 0.0 ], [ 112.114722542000095, -8.165881319999926, 0.0 ], [ 112.11418002500011, -8.165881319999926, 0.0 ], [ 112.114094365000028, -8.164953330999936, 0.0 ], [ 112.113480464000077, -8.164924776999953, 0.0 ], [ 112.113294866000047, -8.161955209999974, 0.0 ], [ 112.1129236700001, -8.161455522999972, 0.0 ], [ 112.112481090000074, -8.16094155899998, 0.0 ], [ 112.111938573000089, -8.160784514999932, 0.0 ], [ 112.111610207000012, -8.160641746999943, 0.0 ], [ 112.111281842000039, -8.160399041999938, 0.0 ], [ 112.111013707000097, -8.160216358999946, 0.0 ], [ 112.110849999000038, -8.15959, 0.0 ], [ 112.11063, -8.1592, 0.0 ], [ 112.11033, -8.15883, 0.0 ], [ 112.109420175000082, -8.158070146999933, 0.0 ], [ 112.111061060000111, -8.157993223999938, 0.0 ], [ 112.112998693, -8.158601403999967, 0.0 ], [ 112.113305217000061, -8.158598176999931, 0.0 ], [ 112.113678331000074, -8.158594248999975, 0.0 ], [ 112.115003820000084, -8.158706080999934, 0.0 ], [ 112.115516632000094, -8.158512022999957, 0.0 ], [ 112.116538974000036, -8.157614616999979, 0.0 ], [ 112.116561847000071, -8.15739334899996, 0.0 ], [ 112.116523692000101, -8.157318971999928, 0.0 ], [ 112.116348220000077, -8.156984226999953, 0.0 ], [ 112.116279574000032, -8.156762040999979, 0.0 ], [ 112.116523692000101, -8.156490236999957, 0.0 ], [ 112.116744961000109, -8.15624321699994, 0.0 ], [ 112.116813626000067, -8.156116603999976, 0.0 ], [ 112.116836505000038, -8.156074417999946, 0.0 ], [ 112.117104830000017, -8.15546197599997, 0.0 ], [ 112.117297719000021, -8.15479193799996, 0.0 ], [ 112.117512551, -8.153746423999962, 0.0 ], [ 112.11755026000003, -8.153562907999969, 0.0 ], [ 112.117602282, -8.153309731999968, 0.0 ], [ 112.117630856, -8.153097469999977, 0.0 ], [ 112.11767334700005, -8.152781822999941, 0.0 ], [ 112.117663195000091, -8.151969654999959, 0.0 ], [ 112.117510913000046, -8.151076269999976, 0.0 ], [ 112.117368784000064, -8.150304710999933, 0.0 ], [ 112.117266279000091, -8.149833046999959, 0.0 ], [ 112.117214788000069, -8.149596114999952, 0.0 ], [ 112.117111163000118, -8.149119292999956, 0.0 ], [ 112.117034875000058, -8.148503217999973, 0.0 ], [ 112.116981487000089, -8.148068345999945, 0.0 ], [ 112.11696620500004, -8.147750769999959, 0.0 ], [ 112.117004361000113, -8.147359758999926, 0.0 ], [ 112.117004361000113, -8.146948728999973, 0.0 ], [ 112.117027235000023, -8.14662063399993, 0.0 ], [ 112.117134061000115, -8.146347886999934, 0.0 ], [ 112.117309533000025, -8.145829086999981, 0.0 ], [ 112.117347438000024, -8.145508652999979, 0.0 ], [ 112.117354877000025, -8.14544576399993, 0.0 ], [ 112.117368769000109, -8.145205779999969, 0.0 ], [ 112.117362945000082, -8.14485730499996, 0.0 ], [ 112.1173426040001, -8.144249867999974, 0.0 ], [ 112.117897857000116, -8.14427339599996, 0.0 ], [ 112.118680700000027, -8.144267843999955, 0.0 ], [ 112.11930841800006, -8.144324084999937, 0.0 ], [ 112.119753837000076, -8.144356676999962, 0.0 ], [ 112.119962039000029, -8.144326933999935, 0.0 ], [ 112.120104807000075, -8.144344779999926, 0.0 ], [ 112.12070441700007, -8.144351324999946, 0.0 ], [ 112.120944321000025, -8.144324573999938, 0.0 ], [ 112.121266051000021, -8.144238778999977, 0.0 ], [ 112.121589868000115, -8.144224398999938, 0.0 ], [ 112.121804020000013, -8.144195844999956, 0.0 ], [ 112.121918234000077, -8.144167291999963, 0.0 ], [ 112.1220686690001, -8.144083973999955, 0.0 ], [ 112.123165343000096, -8.143925127999978, 0.0 ], [ 112.12407926000003, -8.143735656999979, 0.0 ], [ 112.124281515, -8.143801092999979, 0.0 ], [ 112.124361500000077, -8.143821088999971, 0.0 ], [ 112.124447859000043, -8.144511956999963, 0.0 ], [ 112.124967133000041, -8.144466924999961, 0.0 ], [ 112.125907024000071, -8.144355387999951, 0.0 ], [ 112.125887988000045, -8.144555262999972, 0.0 ], [ 112.125868952000019, -8.144659958999966, 0.0 ], [ 112.125747217000026, -8.144848754999941, 0.0 ], [ 112.125528307000081, -8.145096218999981, 0.0 ], [ 112.12521421800011, -8.145334164999952, 0.0 ], [ 112.125775771, -8.145353200999978, 0.0 ], [ 112.125883345000034, -8.145368141999938, 0.0 ], [ 112.125874722000049, -8.145485988999951, 0.0 ], [ 112.126607596000099, -8.145500265999942, 0.0 ], [ 112.126954998000087, -8.145490747999929, 0.0 ], [ 112.127197703000093, -8.145505024999977, 0.0 ], [ 112.127172471000108, -8.145404097999972, 0.0 ], [ 112.127232001000039, -8.1454007899999, 0.0 ], [ 112.127707893000093, -8.145277057999976, 0.0 ], [ 112.128488356000048, -8.145200915999965, 0.0 ], [ 112.128754856000114, -8.145200915999965, 0.0 ], [ 112.129192677000106, -8.145200915999965, 0.0 ], [ 112.129925551000042, -8.145200915999965, 0.0 ], [ 112.130326582000066, -8.14521451, 0.0 ] ] ] ] } },
{ "type": "Feature", "properties": { "OBJECTID": 116144.0, "KDPPUM": "35", "NAMOBJ": "Rejowinangun", "REMARK": null, "KDPBPS": null, "FCODE": "BA03070040", "LUASWH": 1.79112118, "UUPP": "Hasil Delineasi Batas Desa 2019", "SRS_ID": "SRGI 2013", "METADATA": "TASWIL1000020200326DATA_BATAS_DESA_KELURAHAN", "KDEBPS": null, "KDEPUM": "35.05.04.2013", "KDCBPS": null, "KDCPUM": "35.05.04", "KDBBPS": null, "WADMKD": "Rejowinangun", "WIADKD": null, "WADMKC": "Kademangan", "WIADKC": null, "WADMKK": "Blitar", "WIADKK": null, "WADMPR": "Jawa Timur", "WIADPR": null, "TIPADM": 1.0, "KDPKAB": "35.05", "SHAPE_Leng": 0.055192587480569003, "SHAPE_Area": 0.00014701609113000001 }, "geometry": { "type": "MultiPolygon", "coordinates": [ [ [ [ 112.157983323000053, -8.14368157499996, 0.0 ], [ 112.15827, -8.14368, 0.0 ], [ 112.15953, -8.14355, 0.0 ], [ 112.159900000000107, -8.1436, 0.0 ], [ 112.16005270200003, -8.143618752999942, 0.0 ], [ 112.160292097000024, -8.145748468999955, 0.0 ], [ 112.160458659000028, -8.146807328999955, 0.0 ], [ 112.160494351000011, -8.147568756999931, 0.0 ], [ 112.161041627000031, -8.147663934999969, 0.0 ], [ 112.161065422000092, -8.14816362199997, 0.0 ], [ 112.160950415000116, -8.149526854999976, 0.0 ], [ 112.161396564000029, -8.149556597999947, 0.0 ], [ 112.162215034000042, -8.14971574499998, 0.0 ], [ 112.162100487000089, -8.150781028999972, 0.0 ], [ 112.160567991000107, -8.150494962999971, 0.0 ], [ 112.160387276000051, -8.151649532999954, 0.0 ], [ 112.160149329000092, -8.151637634999929, 0.0 ], [ 112.159792410000023, -8.151685224999937, 0.0 ], [ 112.159597142000052, -8.151748213999952, 0.0 ], [ 112.159503068000049, -8.15233505499998, 0.0 ], [ 112.159419787000047, -8.152358849999928, 0.0 ], [ 112.159360300000117, -8.152977509999971, 0.0 ], [ 112.158896305000098, -8.152953714999967, 0.0 ], [ 112.158824921000019, -8.153441504999932, 0.0 ], [ 112.158634565000057, -8.153441504999932, 0.0 ], [ 112.15856766200011, -8.153987872999949, 0.0 ], [ 112.157492423, -8.15395308899997, 0.0 ], [ 112.157482873000049, -8.155328340999972, 0.0 ], [ 112.156228507000037, -8.155288519999942, 0.0 ], [ 112.156225629, -8.155858519999981, 0.0 ], [ 112.15574626700004, -8.155811006999954, 0.0 ], [ 112.154921144000014, -8.155717251999931, 0.0 ], [ 112.154822936000073, -8.156600911999931, 0.0 ], [ 112.154812229000072, -8.156950692999942, 0.0 ], [ 112.154810801000053, -8.157878682999979, 0.0 ], [ 112.153333806000091, -8.157783627999947, 0.0 ], [ 112.151269156000012, -8.157595931999936, 0.0 ], [ 112.151167255000018, -8.157590780999953, 0.0 ], [ 112.15045305600006, -8.157559834999972, 0.0 ], [ 112.150424503000067, -8.156831719999957, 0.0 ], [ 112.149996200000032, -8.156845535999935, 0.0 ], [ 112.149996200000032, -8.155661024999972, 0.0 ], [ 112.149815361000037, -8.155641988999946, 0.0 ], [ 112.149846817000025, -8.155166204999944, 0.0 ], [ 112.149157917000025, -8.155156501999954, 0.0 ], [ 112.149187183000095, -8.154433222999955, 0.0 ], [ 112.148954488000072, -8.154419883999935, 0.0 ], [ 112.148501898000063, -8.154404669999963, 0.0 ], [ 112.148532641000088, -8.153796118999935, 0.0 ], [ 112.148559005000038, -8.153386259999934, 0.0 ], [ 112.148214549000045, -8.15338798199997, 0.0 ], [ 112.148250730000086, -8.152456296999958, 0.0 ], [ 112.148001884000109, -8.152433254999949, 0.0 ], [ 112.147749988000101, -8.152458270999944, 0.0 ], [ 112.14774047100002, -8.152258395999979, 0.0 ], [ 112.147778542000083, -8.152110868999955, 0.0 ], [ 112.147814677000042, -8.152055462999954, 0.0 ], [ 112.14782242800004, -8.152008957999954, 0.0 ], [ 112.14782242800004, -8.15190426199996, 0.0 ], [ 112.147808840000039, -8.151845717999947, 0.0 ], [ 112.147767885, -8.151811538999937, 0.0 ], [ 112.147698790000049, -8.151774333999981, 0.0 ], [ 112.147680944000058, -8.151732693999975, 0.0 ], [ 112.147663098000066, -8.151691052999979, 0.0 ], [ 112.147650964000036, -8.151613235999946, 0.0 ], [ 112.147650646000102, -8.151520365999943, 0.0 ], [ 112.147659569000098, -8.151446007999937, 0.0 ], [ 112.147701209000047, -8.151338931999931, 0.0 ], [ 112.147766752000052, -8.151193598999953, 0.0 ], [ 112.147903464000024, -8.150705400999925, 0.0 ], [ 112.147995668000021, -8.15021761099996, 0.0 ], [ 112.147992693000106, -8.150089714999979, 0.0 ], [ 112.147959976000038, -8.150003459999937, 0.0 ], [ 112.147954027000083, -8.14992910199993, 0.0 ], [ 112.148010539000097, -8.149795256999937, 0.0 ], [ 112.148055154000076, -8.149673309999969, 0.0 ], [ 112.148094614000115, -8.149476012999969, 0.0 ], [ 112.148098183000116, -8.14930469199993, 0.0 ], [ 112.148130306000098, -8.149169061999942, 0.0 ], [ 112.148187413000073, -8.148912080999935, 0.0 ], [ 112.148219535000067, -8.148733620999963, 0.0 ], [ 112.148215966000066, -8.148633683999947, 0.0 ], [ 112.148190934000013, -8.148574396999948, 0.0 ], [ 112.148180274000083, -8.148473069999966, 0.0 ], [ 112.148269625000012, -8.148163323999938, 0.0 ], [ 112.148269504000041, -8.148023351999939, 0.0 ], [ 112.148290919000033, -8.147909137999932, 0.0 ], [ 112.148376580000104, -8.14774138599995, 0.0 ], [ 112.148422979000088, -8.147520095999937, 0.0 ], [ 112.148540763000028, -8.147198868999965, 0.0 ], [ 112.148833436000018, -8.146517152999934, 0.0 ], [ 112.149024611000073, -8.146035391999931, 0.0 ], [ 112.149168940000095, -8.14564983899993, 0.0 ], [ 112.149286724000035, -8.145471379999947, 0.0 ], [ 112.149593674000016, -8.144985969999937, 0.0 ], [ 112.149881028000095, -8.144525716999965, 0.0 ], [ 112.149929999000051, -8.14443, 0.0 ], [ 112.150029999000026, -8.14417, 0.0 ], [ 112.150130000000104, -8.14393, 0.0 ], [ 112.15023, -8.143459998999958, 0.0 ], [ 112.15041, -8.14315, 0.0 ], [ 112.150490000000104, -8.143, 0.0 ], [ 112.15054, -8.14289, 0.0 ], [ 112.1525, -8.143379998999933, 0.0 ], [ 112.15400000000011, -8.14357, 0.0 ], [ 112.15645, -8.14369, 0.0 ], [ 112.157983323000053, -8.14368157499996, 0.0 ] ] ] ] } },
{ "type": "Feature", "properties": { "OBJECTID": 116145.0, "KDPPUM": "35", "NAMOBJ": "Kelurahan Kademangan", "REMARK": null, "KDPBPS": null, "FCODE": "BA03070040", "LUASWH": 2.77159407, "UUPP": "Hasil Delineasi Batas Desa 2019", "SRS_ID": "SRGI 2013", "METADATA": "TASWIL1000020200326DATA_BATAS_DESA_KELURAHAN", "KDEBPS": null, "KDEPUM": "35.05.04.1011", "KDCBPS": null, "KDCPUM": "35.05.04", "KDBBPS": null, "WADMKD": "Kelurahan Kademangan", "WIADKD": null, "WADMKC": "Kademangan", "WIADKC": null, "WADMKK": "Blitar", "WIADKK": null, "WADMPR": "Jawa Timur", "WIADPR": null, "TIPADM": 2.0, "KDPKAB": "35.05", "SHAPE_Leng": 0.079841616812358004, "SHAPE_Area": 0.00022749371374799999 }, "geometry": { "type": "MultiPolygon", "coordinates": [ [ [ [ 112.147589999000047, -8.14171, 0.0 ], [ 112.150040000000104, -8.14277, 0.0 ], [ 112.15054, -8.14289, 0.0 ], [ 112.150490000000104, -8.143, 0.0 ], [ 112.15041, -8.14315, 0.0 ], [ 112.15023, -8.143459998999958, 0.0 ], [ 112.150130000000104, -8.14393, 0.0 ], [ 112.150029999000026, -8.14417, 0.0 ], [ 112.149929999000051, -8.14443, 0.0 ], [ 112.149881028000095, -8.144525716999965, 0.0 ], [ 112.149593674000016, -8.144985969999937, 0.0 ], [ 112.149286724000035, -8.145471379999947, 0.0 ], [ 112.149168940000095, -8.14564983899993, 0.0 ], [ 112.149024611000073, -8.146035391999931, 0.0 ], [ 112.148833436000018, -8.146517152999934, 0.0 ], [ 112.148540763000028, -8.147198868999965, 0.0 ], [ 112.148422979000088, -8.147520095999937, 0.0 ], [ 112.148376580000104, -8.14774138599995, 0.0 ], [ 112.148290919000033, -8.147909137999932, 0.0 ], [ 112.148269504000041, -8.148023351999939, 0.0 ], [ 112.148269625000012, -8.148163323999938, 0.0 ], [ 112.148180274000083, -8.148473069999966, 0.0 ], [ 112.148190934000013, -8.148574396999948, 0.0 ], [ 112.148215966000066, -8.148633683999947, 0.0 ], [ 112.148219535000067, -8.148733620999963, 0.0 ], [ 112.148187413000073, -8.148912080999935, 0.0 ], [ 112.148130306000098, -8.149169061999942, 0.0 ], [ 112.148098183000116, -8.14930469199993, 0.0 ], [ 112.148094614000115, -8.149476012999969, 0.0 ], [ 112.148055154000076, -8.149673309999969, 0.0 ], [ 112.148010539000097, -8.149795256999937, 0.0 ], [ 112.147954027000083, -8.14992910199993, 0.0 ], [ 112.147959976000038, -8.150003459999937, 0.0 ], [ 112.147992693000106, -8.150089714999979, 0.0 ], [ 112.147995668000021, -8.15021761099996, 0.0 ], [ 112.147903464000024, -8.150705400999925, 0.0 ], [ 112.147766752000052, -8.151193598999953, 0.0 ], [ 112.147701209000047, -8.151338931999931, 0.0 ], [ 112.147659569000098, -8.151446007999937, 0.0 ], [ 112.147650646000102, -8.151520365999943, 0.0 ], [ 112.147650964000036, -8.151613235999946, 0.0 ], [ 112.14741, -8.15158, 0.0 ], [ 112.14736390500002, -8.151562630999933, 0.0 ], [ 112.14687849500001, -8.151437341999952, 0.0 ], [ 112.145962403000112, -8.151241035999931, 0.0 ], [ 112.145046310000112, -8.151128011999958, 0.0 ], [ 112.143258407000076, -8.150945462999971, 0.0 ], [ 112.14323, -8.15115, 0.0 ], [ 112.14305, -8.15244, 0.0 ], [ 112.14303, -8.15259, 0.0 ], [ 112.142869999000027, -8.1537, 0.0 ], [ 112.142830000000117, -8.15396, 0.0 ], [ 112.14277, -8.154669998999964, 0.0 ], [ 112.14269, -8.155159998999977, 0.0 ], [ 112.142616842000052, -8.155900721999956, 0.0 ], [ 112.142174301000068, -8.15586432899994, 0.0 ], [ 112.141167789000065, -8.155807221999964, 0.0 ], [ 112.141089267000098, -8.156249801999934, 0.0 ], [ 112.140846562000092, -8.15619983299996, 0.0 ], [ 112.140839423000102, -8.156492506999939, 0.0 ], [ 112.140489643000024, -8.156563890999962, 0.0 ], [ 112.140525334000017, -8.156935086999965, 0.0 ], [ 112.139376055000071, -8.157113545999948, 0.0 ], [ 112.138225660000103, -8.157278351999935, 0.0 ], [ 112.138152007000031, -8.15713453799998, 0.0 ], [ 112.137991394000096, -8.157081000999938, 0.0 ], [ 112.137806985000111, -8.157110743999965, 0.0 ], [ 112.13761660900002, -8.157216955999957, 0.0 ], [ 112.137283504000038, -8.157473611999933, 0.0 ], [ 112.136878996000064, -8.157747249999943, 0.0 ], [ 112.136629152000069, -8.157913811999947, 0.0 ], [ 112.136307925000096, -8.158026835999976, 0.0 ], [ 112.136046184000065, -8.158050630999981, 0.0 ], [ 112.13568331700003, -8.158032784999932, 0.0 ], [ 112.135576241000081, -8.157967349999979, 0.0 ], [ 112.135504857000114, -8.157735351999975, 0.0 ], [ 112.135521328000095, -8.157495451999978, 0.0 ], [ 112.135766598000032, -8.157098846999929, 0.0 ], [ 112.136029159000032, -8.156804274999956, 0.0 ], [ 112.136341763000019, -8.156438563999927, 0.0 ], [ 112.136417765000033, -8.156349649999981, 0.0 ], [ 112.136506440000062, -8.156158331999961, 0.0 ], [ 112.136555774000044, -8.155959417999952, 0.0 ], [ 112.136435056000096, -8.155872796999972, 0.0 ], [ 112.136270239000055, -8.155888034999975, 0.0 ], [ 112.135900053000114, -8.155868863999956, 0.0 ], [ 112.135761561000095, -8.155755841999962, 0.0 ], [ 112.135718204000113, -8.155421659999945, 0.0 ], [ 112.135775311000089, -8.155207508999979, 0.0 ], [ 112.136146507000035, -8.154636437999955, 0.0 ], [ 112.136175060000028, -8.154350902999965, 0.0 ], [ 112.136149971, -8.153920318999951, 0.0 ], [ 112.13616, -8.15381, 0.0 ], [ 112.13619, -8.15341, 0.0 ], [ 112.136279999000067, -8.15297, 0.0 ], [ 112.13638, -8.15275, 0.0 ], [ 112.13652, -8.15238, 0.0 ], [ 112.13688, -8.151939998999978, 0.0 ], [ 112.13728, -8.15143, 0.0 ], [ 112.137429999, -8.151139998999952, 0.0 ], [ 112.137489999000081, -8.15084, 0.0 ], [ 112.13748, -8.15047999899997, 0.0 ], [ 112.137469999000018, -8.15019, 0.0 ], [ 112.137429999, -8.15, 0.0 ], [ 112.137250000000108, -8.149699998999949, 0.0 ], [ 112.137019999000017, -8.14957, 0.0 ], [ 112.13678, -8.14953, 0.0 ], [ 112.135990000000106, -8.148819998999954, 0.0 ], [ 112.13604, -8.148469998999929, 0.0 ], [ 112.13596, -8.14815, 0.0 ], [ 112.13598, -8.14735, 0.0 ], [ 112.13598, -8.147259998999971, 0.0 ], [ 112.135990000000106, -8.14708, 0.0 ], [ 112.135990000000106, -8.14686, 0.0 ], [ 112.135990000000106, -8.146579998999925, 0.0 ], [ 112.13598, -8.146479998999951, 0.0 ], [ 112.13597, -8.14614, 0.0 ], [ 112.135990000000106, -8.14585, 0.0 ], [ 112.13597, -8.14562, 0.0 ], [ 112.13594, -8.14556, 0.0 ], [ 112.135789425000098, -8.145409424999968, 0.0 ], [ 112.131610209000087, -8.14525802299994, 0.0 ], [ 112.130326582000066, -8.14521451, 0.0 ], [ 112.130330707000098, -8.144145505999973, 0.0 ], [ 112.130373538000072, -8.143117578999977, 0.0 ], [ 112.130402091000065, -8.14251795399997, 0.0 ], [ 112.130730457000027, -8.140876125999966, 0.0 ], [ 112.130916055000057, -8.139377065999952, 0.0 ], [ 112.131558509000115, -8.139562663999925, 0.0 ], [ 112.133676230000106, -8.140224153999952, 0.0 ], [ 112.135770155000046, -8.140628661999926, 0.0 ], [ 112.135996204000094, -8.139748261999955, 0.0 ], [ 112.136700500000074, -8.136732799999947, 0.0 ], [ 112.137066961000073, -8.135964918999946, 0.0 ], [ 112.137555920000068, -8.134998811999935, 0.0 ], [ 112.13989, -8.136689998999941, 0.0 ], [ 112.14124, -8.13735, 0.0 ], [ 112.14206, -8.13797, 0.0 ], [ 112.143749999000079, -8.13897, 0.0 ], [ 112.14457, -8.13984, 0.0 ], [ 112.14555, -8.14038, 0.0 ], [ 112.14621000000011, -8.14078, 0.0 ], [ 112.147589999000047, -8.14171, 0.0 ] ] ] ] } },
{ "type": "Feature", "properties": { "OBJECTID": 116272.0, "KDPPUM": "35", "NAMOBJ": "Suruhwadang", "REMARK": null, "KDPBPS": null, "FCODE": "BA03070040", "LUASWH": 10.22099218, "UUPP": "Hasil Delineasi Batas Desa 2019", "SRS_ID": "SRGI 2013", "METADATA": "TASWIL1000020200326DATA_BATAS_DESA_KELURAHAN", "KDEBPS": null, "KDEPUM": "35.05.04.2007", "KDCBPS": null, "KDCPUM": "35.05.04", "KDBBPS": null, "WADMKD": "Suruhwadang", "WIADKD": null, "WADMKC": "Kademangan", "WIADKC": null, "WADMKK": "Blitar", "WIADKK": null, "WADMPR": "Jawa Timur", "WIADPR": null, "TIPADM": 1.0, "KDPKAB": "35.05", "SHAPE_Leng": 0.17171428181262099, "SHAPE_Area": 0.000839071470363 }, "geometry": { "type": "MultiPolygon", "coordinates": [ [ [ [ 112.09826483900008, -8.182991750999975, 0.0 ], [ 112.098579999000094, -8.183325707999927, 0.0 ], [ 112.098579999000094, -8.183712369999967, 0.0 ], [ 112.09852051200005, -8.184009802999981, 0.0 ], [ 112.097974823000072, -8.184545974999935, 0.0 ], [ 112.098599431000025, -8.184754177999935, 0.0 ], [ 112.099461986000051, -8.18505161, 0.0 ], [ 112.100413770000046, -8.185735704999956, 0.0 ], [ 112.101068122000015, -8.186717232999968, 0.0 ], [ 112.101008635000085, -8.189037207999945, 0.0 ], [ 112.101008635000085, -8.190583856999979, 0.0 ], [ 112.10047325700009, -8.19144, 0.0 ], [ 112.10183, -8.19144, 0.0 ], [ 112.10481, -8.19158, 0.0 ], [ 112.10489, -8.191589998999973, 0.0 ], [ 112.105369999000118, -8.19164, 0.0 ], [ 112.10556, -8.19168, 0.0 ], [ 112.10598, -8.19174, 0.0 ], [ 112.106129999000018, -8.19173, 0.0 ], [ 112.106209999000043, -8.19172, 0.0 ], [ 112.10666, -8.1916, 0.0 ], [ 112.107649999000046, -8.19137, 0.0 ], [ 112.1079, -8.191199998999934, 0.0 ], [ 112.10818, -8.191, 0.0 ], [ 112.109060000000113, -8.19091, 0.0 ], [ 112.109690000000114, -8.19093, 0.0 ], [ 112.11057, -8.19086, 0.0 ], [ 112.111569999000039, -8.19057, 0.0 ], [ 112.112759999000104, -8.19039, 0.0 ], [ 112.11347, -8.190359998999952, 0.0 ], [ 112.119389999000077, -8.1909, 0.0 ], [ 112.1203, -8.190749998999934, 0.0 ], [ 112.121220000000108, -8.190709998999978, 0.0 ], [ 112.121359999000106, -8.19035, 0.0 ], [ 112.12145, -8.19018, 0.0 ], [ 112.121749999000031, -8.18984, 0.0 ], [ 112.12205, -8.18946, 0.0 ], [ 112.12241, -8.18887, 0.0 ], [ 112.12268, -8.188469998999949, 0.0 ], [ 112.12318, -8.18788, 0.0 ], [ 112.123290000000111, -8.187649998999973, 0.0 ], [ 112.12359, -8.18856, 0.0 ], [ 112.12387, -8.18918999899995, 0.0 ], [ 112.124, -8.18943, 0.0 ], [ 112.12403, -8.189559998999925, 0.0 ], [ 112.123799999000084, -8.19013, 0.0 ], [ 112.12369999900011, -8.19045, 0.0 ], [ 112.12366, -8.19066, 0.0 ], [ 112.12371, -8.19091, 0.0 ], [ 112.12384, -8.191119998999966, 0.0 ], [ 112.12391, -8.19123, 0.0 ], [ 112.12393, -8.19137, 0.0 ], [ 112.12367, -8.19219, 0.0 ], [ 112.12359, -8.19243, 0.0 ], [ 112.12361, -8.19269, 0.0 ], [ 112.12364, -8.19293, 0.0 ], [ 112.12346, -8.19334, 0.0 ], [ 112.12336, -8.19364, 0.0 ], [ 112.1234, -8.19398, 0.0 ], [ 112.1235, -8.194299998999952, 0.0 ], [ 112.12369, -8.19448, 0.0 ], [ 112.12375, -8.19453, 0.0 ], [ 112.12396, -8.194629998999972, 0.0 ], [ 112.1240600000001, -8.19470999899994, 0.0 ], [ 112.12414, -8.19494, 0.0 ], [ 112.12449, -8.195759998999961, 0.0 ], [ 112.12472, -8.19608, 0.0 ], [ 112.12476, -8.196169998999949, 0.0 ], [ 112.124599999000111, -8.19643, 0.0 ], [ 112.124499999000022, -8.19657, 0.0 ], [ 112.124539999000035, -8.196969998999975, 0.0 ], [ 112.12445, -8.197049998999944, 0.0 ], [ 112.124370000000113, -8.19711, 0.0 ], [ 112.124460000000113, -8.19737, 0.0 ], [ 112.124499999000022, -8.19752, 0.0 ], [ 112.124460000000113, -8.19762, 0.0 ], [ 112.12432, -8.19778, 0.0 ], [ 112.12427, -8.19815, 0.0 ], [ 112.124280000000113, -8.19843, 0.0 ], [ 112.12436, -8.19887, 0.0 ], [ 112.124280000000113, -8.19942, 0.0 ], [ 112.12412, -8.199799998999936, 0.0 ], [ 112.124, -8.19998, 0.0 ], [ 112.12379, -8.200149998999962, 0.0 ], [ 112.12354, -8.20029, 0.0 ], [ 112.12342, -8.200539998999943, 0.0 ], [ 112.12321, -8.200889998999969, 0.0 ], [ 112.122919999000032, -8.20113, 0.0 ], [ 112.1228, -8.20125, 0.0 ], [ 112.12267, -8.20155, 0.0 ], [ 112.1225, -8.20188, 0.0 ], [ 112.12228, -8.20231, 0.0 ], [ 112.12219, -8.2025, 0.0 ], [ 112.1221, -8.20271, 0.0 ], [ 112.12204, -8.203, 0.0 ], [ 112.12207, -8.203329998999948, 0.0 ], [ 112.12225, -8.20378, 0.0 ], [ 112.12262, -8.2043, 0.0 ], [ 112.12305, -8.20499, 0.0 ], [ 112.12315, -8.20519, 0.0 ], [ 112.12323, -8.20592, 0.0 ], [ 112.12309, -8.20667, 0.0 ], [ 112.12312, -8.20691, 0.0 ], [ 112.12324, -8.20708, 0.0 ], [ 112.12336, -8.207189998999979, 0.0 ], [ 112.12349, -8.207499998999936, 0.0 ], [ 112.123369999000033, -8.20827, 0.0 ], [ 112.123309999000071, -8.20855, 0.0 ], [ 112.123374270000113, -8.209563994999939, 0.0 ], [ 112.1235, -8.21034, 0.0 ], [ 112.12369999900011, -8.210389998999972, 0.0 ], [ 112.12359, -8.21075, 0.0 ], [ 112.1236, -8.21112, 0.0 ], [ 112.12377, -8.21164, 0.0 ], [ 112.12414999900011, -8.21246, 0.0 ], [ 112.12434, -8.21293, 0.0 ], [ 112.124460000000113, -8.21335, 0.0 ], [ 112.124264366000034, -8.213338946999954, 0.0 ], [ 112.122236503000067, -8.212939622999954, 0.0 ], [ 112.121736403000114, -8.212902348999933, 0.0 ], [ 112.120927800000118, -8.212501801999963, 0.0 ], [ 112.120604193000077, -8.212368552999976, 0.0 ], [ 112.11955247100002, -8.212097293999932, 0.0 ], [ 112.117363367000053, -8.211445321999975, 0.0 ], [ 112.116415521000022, -8.211194386999978, 0.0 ], [ 112.11505000000011, -8.21018, 0.0 ], [ 112.11464, -8.20987, 0.0 ], [ 112.11404, -8.209589998999945, 0.0 ], [ 112.11338, -8.20943, 0.0 ], [ 112.11301, -8.20941, 0.0 ], [ 112.112389999000015, -8.20965, 0.0 ], [ 112.11193, -8.20985, 0.0 ], [ 112.11179, -8.20993, 0.0 ], [ 112.111589999000103, -8.21006, 0.0 ], [ 112.11076, -8.21097, 0.0 ], [ 112.11057, -8.21116, 0.0 ], [ 112.110499999000012, -8.21125, 0.0 ], [ 112.109989999000049, -8.21139, 0.0 ], [ 112.10954, -8.21134, 0.0 ], [ 112.108700000000113, -8.21112, 0.0 ], [ 112.10791, -8.21102, 0.0 ], [ 112.107, -8.21102, 0.0 ], [ 112.10593, -8.21119, 0.0 ], [ 112.10473, -8.21126, 0.0 ], [ 112.1039, -8.21126, 0.0 ], [ 112.1029, -8.21123, 0.0 ], [ 112.102, -8.211169998999935, 0.0 ], [ 112.101119999000048, -8.21108, 0.0 ], [ 112.099519999000108, -8.21083, 0.0 ], [ 112.098269999000081, -8.210659998999972, 0.0 ], [ 112.09784, -8.21048, 0.0 ], [ 112.09756, -8.20999, 0.0 ], [ 112.097489999000118, -8.209919998999965, 0.0 ], [ 112.09744, -8.209859998999946, 0.0 ], [ 112.097412380000037, -8.209782077999932, 0.0 ], [ 112.093893157000025, -8.209589341999958, 0.0 ], [ 112.092979444000093, -8.209560788999966, 0.0 ], [ 112.091101802000026, -8.209471917999963, 0.0 ], [ 112.090811854000094, -8.208636268999953, 0.0 ], [ 112.090735712000082, -8.208350733999964, 0.0 ], [ 112.090507283000079, -8.20802712699998, 0.0 ], [ 112.090316926000014, -8.207836769999972, 0.0 ], [ 112.089879106000012, -8.207379912999954, 0.0 ], [ 112.089707784000097, -8.20713245, 0.0 ], [ 112.0894, -8.20632, 0.0 ], [ 112.089749999000105, -8.20324, 0.0 ], [ 112.08989, -8.20115, 0.0 ], [ 112.08976, -8.19988, 0.0 ], [ 112.08941, -8.19735, 0.0 ], [ 112.08912, -8.19558, 0.0 ], [ 112.088800000000106, -8.19398, 0.0 ], [ 112.08855999900004, -8.19291, 0.0 ], [ 112.08832, -8.191979998999955, 0.0 ], [ 112.088030000000117, -8.19126, 0.0 ], [ 112.08762, -8.19066, 0.0 ], [ 112.086950000000115, -8.19026, 0.0 ], [ 112.085960000000114, -8.19009, 0.0 ], [ 112.085690000000113, -8.19004, 0.0 ], [ 112.08537, -8.18994, 0.0 ], [ 112.0852000000001, -8.18988, 0.0 ], [ 112.084969999, -8.18983, 0.0 ], [ 112.08492, -8.1898, 0.0 ], [ 112.08449, -8.18946, 0.0 ], [ 112.08423279200008, -8.189078336999955, 0.0 ], [ 112.08418, -8.189, 0.0 ], [ 112.08411, -8.1889, 0.0 ], [ 112.08403, -8.1889, 0.0 ], [ 112.08305, -8.1883, 0.0 ], [ 112.083040458000028, -8.188292566999962, 0.0 ], [ 112.0821, -8.18756, 0.0 ], [ 112.081730000000107, -8.18749, 0.0 ], [ 112.08133, -8.18737, 0.0 ], [ 112.0805, -8.18707, 0.0 ], [ 112.08003, -8.18693, 0.0 ], [ 112.07967, -8.186769998999978, 0.0 ], [ 112.079669486000057, -8.186769771999934, 0.0 ], [ 112.079849212000113, -8.186637793999978, 0.0 ], [ 112.080024684000023, -8.186408885999981, 0.0 ], [ 112.080169642000101, -8.186087513999951, 0.0 ], [ 112.080391023000061, -8.185521573999949, 0.0 ], [ 112.080642669000099, -8.184878261999927, 0.0 ], [ 112.080738521000058, -8.184688860999927, 0.0 ], [ 112.081039386000043, -8.184094355999946, 0.0 ], [ 112.08113857100011, -8.183816796999963, 0.0 ], [ 112.08129116900011, -8.183426752999935, 0.0 ], [ 112.08154292800009, -8.182942312999955, 0.0 ], [ 112.081672628000092, -8.182828788999927, 0.0 ], [ 112.081893873000013, -8.182730594999953, 0.0 ], [ 112.082694971000024, -8.182353899999953, 0.0 ], [ 112.083619138000017, -8.183694524999964, 0.0 ], [ 112.083904673, -8.183980059999953, 0.0 ], [ 112.085332350000044, -8.183980059999953, 0.0 ], [ 112.086374554000031, -8.18318175099995, 0.0 ], [ 112.086717196000109, -8.182996152999976, 0.0 ], [ 112.087302069000089, -8.182541210999943, 0.0 ], [ 112.088187703000017, -8.181611305999979, 0.0 ], [ 112.088824817000045, -8.18211701499996, 0.0 ], [ 112.089438506000079, -8.182047540999974, 0.0 ], [ 112.091233413000054, -8.182599971999934, 0.0 ], [ 112.092899036000063, -8.18302827499997, 0.0 ], [ 112.094088766000027, -8.18302827499997, 0.0 ], [ 112.094992961000116, -8.18302827499997, 0.0 ], [ 112.095897157000081, -8.182647561999943, 0.0 ], [ 112.09670617300003, -8.18141024199997, 0.0 ], [ 112.096884937000027, -8.181076549999943, 0.0 ], [ 112.097455703000037, -8.179946872999949, 0.0 ], [ 112.099061840000104, -8.179768413999966, 0.0 ], [ 112.09890309900004, -8.181145086999948, 0.0 ], [ 112.098817945000064, -8.181570855999951, 0.0 ], [ 112.098361485000055, -8.182315229999972, 0.0 ], [ 112.098305885000059, -8.182704430999934, 0.0 ], [ 112.09826483900008, -8.182991750999975, 0.0 ] ] ], [ [ [ 112.124780000000101, -8.21092, 0.0 ], [ 112.125944088000097, -8.211134438999977, 0.0 ], [ 112.126979153000093, -8.211134438999977, 0.0 ], [ 112.127443148000111, -8.211134438999977, 0.0 ], [ 112.128228370000102, -8.21117013099996, 0.0 ], [ 112.128549598000063, -8.211277206999966, 0.0 ], [ 112.128942209000115, -8.211562741999956, 0.0 ], [ 112.129513279000093, -8.211812584999961, 0.0 ], [ 112.130960817000073, -8.211662407999938, 0.0 ], [ 112.130948920000037, -8.21188845699993, 0.0 ], [ 112.13085374100001, -8.212221580999937, 0.0 ], [ 112.130829947000052, -8.212507116999973, 0.0 ], [ 112.130829947000052, -8.212590397999975, 0.0 ], [ 112.130840691000117, -8.213021452999953, 0.0 ], [ 112.13014, -8.21309, 0.0 ], [ 112.12894, -8.21315, 0.0 ], [ 112.12855, -8.21311, 0.0 ], [ 112.12845, -8.213039998999932, 0.0 ], [ 112.128200000000106, -8.2129, 0.0 ], [ 112.12795, -8.21282, 0.0 ], [ 112.12761, -8.21264, 0.0 ], [ 112.12730999900009, -8.21254, 0.0 ], [ 112.12679, -8.2125, 0.0 ], [ 112.12654, -8.2124, 0.0 ], [ 112.12618, -8.21221, 0.0 ], [ 112.12566, -8.21209, 0.0 ], [ 112.12551, -8.21207, 0.0 ], [ 112.12544, -8.212, 0.0 ], [ 112.12508, -8.21164, 0.0 ], [ 112.125000000000114, -8.211539998999967, 0.0 ], [ 112.12484, -8.21134, 0.0 ], [ 112.12481, -8.21112, 0.0 ], [ 112.124780000000101, -8.21092, 0.0 ] ] ] ] } },
{ "type": "Feature", "properties": { "OBJECTID": 116143.0, "KDPPUM": "35", "NAMOBJ": "Plosorejo", "REMARK": null, "KDPBPS": null, "FCODE": "BA03070040", "LUASWH": 8.70692099, "UUPP": "Hasil Delineasi Batas Desa 2019", "SRS_ID": "SRGI 2013", "METADATA": "TASWIL1000020200326DATA_BATAS_DESA_KELURAHAN", "KDEBPS": null, "KDEPUM": "35.05.04.2014", "KDCBPS": null, "KDCPUM": "35.05.04", "KDBBPS": null, "WADMKD": "Plosorejo", "WIADKD": null, "WADMKC": "Kademangan", "WIADKC": null, "WADMKK": "Blitar", "WIADKK": null, "WADMPR": "Jawa Timur", "WIADPR": null, "TIPADM": 1.0, "KDPKAB": "35.05", "SHAPE_Leng": 0.16380094108148099, "SHAPE_Area": 0.00071469110758400002 }, "geometry": { "type": "MultiPolygon", "coordinates": [ [ [ [ 112.162762556000075, -8.197889550999946, 0.0 ], [ 112.162734704000059, -8.198231386999964, 0.0 ], [ 112.162727565000068, -8.198466953999969, 0.0 ], [ 112.162649043000101, -8.19848123, 0.0 ], [ 112.162520552000046, -8.19844553799993, 0.0 ], [ 112.162256432000049, -8.198416984999938, 0.0 ], [ 112.162067309, -8.198343683999951, 0.0 ], [ 112.161903, -8.19828, 0.0 ], [ 112.161749999000108, -8.19828, 0.0 ], [ 112.16152000000011, -8.19828, 0.0 ], [ 112.161359999000069, -8.19832, 0.0 ], [ 112.16109, -8.19839, 0.0 ], [ 112.16076, -8.19844, 0.0 ], [ 112.16061, -8.19847, 0.0 ], [ 112.16042, -8.19757, 0.0 ], [ 112.16036, -8.197319998999944, 0.0 ], [ 112.16027, -8.197319998999944, 0.0 ], [ 112.16003, -8.1956, 0.0 ], [ 112.16001, -8.195509998999967, 0.0 ], [ 112.159990000000107, -8.19532, 0.0 ], [ 112.15997, -8.19513, 0.0 ], [ 112.15998, -8.19491, 0.0 ], [ 112.16006, -8.19475, 0.0 ], [ 112.16036, -8.19433, 0.0 ], [ 112.160559999000043, -8.19414, 0.0 ], [ 112.16086, -8.1938, 0.0 ], [ 112.16103, -8.19361, 0.0 ], [ 112.16127, -8.1934, 0.0 ], [ 112.16145, -8.193169998999963, 0.0 ], [ 112.161709999000095, -8.19269, 0.0 ], [ 112.16161000000011, -8.1925, 0.0 ], [ 112.16157, -8.192289998999968, 0.0 ], [ 112.16157, -8.191509998999948, 0.0 ], [ 112.16162, -8.19138, 0.0 ], [ 112.161709999000095, -8.191139998999972, 0.0 ], [ 112.16179000000011, -8.19057, 0.0 ], [ 112.16184, -8.19049, 0.0 ], [ 112.16186, -8.19043, 0.0 ], [ 112.16209999900002, -8.18969, 0.0 ], [ 112.16222, -8.18937, 0.0 ], [ 112.16232, -8.18897, 0.0 ], [ 112.16262, -8.187979998999936, 0.0 ], [ 112.16263, -8.187669998999979, 0.0 ], [ 112.16257, -8.186789998999927, 0.0 ], [ 112.16257, -8.18643, 0.0 ], [ 112.162509999, -8.186049998999977, 0.0 ], [ 112.1624, -8.1853, 0.0 ], [ 112.16228, -8.184939998999937, 0.0 ], [ 112.16217, -8.18458, 0.0 ], [ 112.162, -8.18418, 0.0 ], [ 112.16181, -8.18361, 0.0 ], [ 112.161430000000109, -8.18302, 0.0 ], [ 112.16073, -8.18208999899997, 0.0 ], [ 112.160559999000043, -8.18181, 0.0 ], [ 112.16022, -8.18105, 0.0 ], [ 112.16025, -8.18045, 0.0 ], [ 112.16025, -8.17997, 0.0 ], [ 112.160169999, -8.17972999899996, 0.0 ], [ 112.160129999000105, -8.17956, 0.0 ], [ 112.15998, -8.179, 0.0 ], [ 112.15988, -8.17878, 0.0 ], [ 112.159679851000078, -8.178451755999959, 0.0 ], [ 112.159624735000079, -8.178279557999929, 0.0 ], [ 112.159692166000013, -8.178009834999955, 0.0 ], [ 112.159529234000047, -8.177927286999932, 0.0 ], [ 112.159379691000026, -8.177606490999949, 0.0 ], [ 112.159251966000056, -8.177295996999931, 0.0 ], [ 112.159073506000027, -8.177046152999935, 0.0 ], [ 112.158835560000057, -8.176808206999965, 0.0 ], [ 112.15859032000003, -8.17672664, 0.0 ], [ 112.15847, -8.17658, 0.0 ], [ 112.158347771000081, -8.176082471999962, 0.0 ], [ 112.158325270000091, -8.175572466999938, 0.0 ], [ 112.158460000000105, -8.17541, 0.0 ], [ 112.15856, -8.17525, 0.0 ], [ 112.15872, -8.17514, 0.0 ], [ 112.158910000000105, -8.175, 0.0 ], [ 112.158999999000116, -8.1748, 0.0 ], [ 112.15905, -8.17455, 0.0 ], [ 112.15901, -8.173509998999975, 0.0 ], [ 112.15883, -8.17313, 0.0 ], [ 112.15862, -8.17309999899993, 0.0 ], [ 112.158507476000068, -8.17295545199994, 0.0 ], [ 112.158386124000117, -8.172884067999973, 0.0 ], [ 112.158250495000061, -8.172741300999974, 0.0 ], [ 112.158164834000104, -8.172584255999936, 0.0 ], [ 112.158107727000015, -8.172398657999963, 0.0 ], [ 112.158072035000032, -8.172234475999971, 0.0 ], [ 112.157943544000091, -8.172155952999958, 0.0 ], [ 112.15775080800006, -8.172056015999942, 0.0 ], [ 112.157572348000031, -8.171934663999934, 0.0 ], [ 112.157379612000113, -8.171791895999945, 0.0 ], [ 112.157236844000067, -8.17154919099994, 0.0 ], [ 112.157180054000037, -8.171468685999969, 0.0 ], [ 112.157203849000098, -8.171337814999958, 0.0 ], [ 112.157227644000045, -8.171206944999938, 0.0 ], [ 112.15728118200002, -8.171099868999931, 0.0 ], [ 112.157358514000066, -8.170980895999946, 0.0 ], [ 112.157406103000085, -8.170891665999932, 0.0 ], [ 112.157412052000041, -8.17076674499998, 0.0 ], [ 112.15741800100011, -8.170653719999962, 0.0 ], [ 112.157477487000051, -8.170528798999953, 0.0 ], [ 112.157542922000061, -8.170451465999975, 0.0 ], [ 112.157519128000104, -8.170314646999941, 0.0 ], [ 112.157406103000085, -8.170183776999977, 0.0 ], [ 112.157245490000037, -8.169886343999963, 0.0 ], [ 112.15721574600002, -8.169767370999978, 0.0 ], [ 112.157233592000011, -8.169612705999953, 0.0 ], [ 112.157251438000117, -8.16949968199998, 0.0 ], [ 112.157316873000013, -8.169380708999938, 0.0 ], [ 112.15741800100011, -8.169249837999928, 0.0 ], [ 112.157531025000026, -8.169184402999974, 0.0 ], [ 112.157661895000047, -8.169118967999964, 0.0 ], [ 112.157864150000023, -8.169047583999941, 0.0 ], [ 112.158084250000115, -8.168999994999979, 0.0 ], [ 112.158286504000102, -8.168916713999977, 0.0 ], [ 112.158345990000043, -8.168666869999981, 0.0 ], [ 112.158262709000041, -8.168524102999982, 0.0 ], [ 112.158167531000117, -8.168339694999929, 0.0 ], [ 112.158143736000056, -8.168185029999961, 0.0 ], [ 112.158119942000098, -8.16795898099997, 0.0 ], [ 112.157465590000015, -8.167976826999961, 0.0 ], [ 112.157483436, -8.167756726999926, 0.0 ], [ 112.157483436, -8.167132117999927, 0.0 ], [ 112.15752507600007, -8.166412330999947, 0.0 ], [ 112.157269284000108, -8.16644802299993, 0.0 ], [ 112.157257387000072, -8.166198179999981, 0.0 ], [ 112.157203849000098, -8.166198179999981, 0.0 ], [ 112.156959954000058, -8.166204127999947, 0.0 ], [ 112.157019441000102, -8.165531930999975, 0.0 ], [ 112.156757700000071, -8.165484340999967, 0.0 ], [ 112.15680528900009, -8.164960859999951, 0.0 ], [ 112.156406730000072, -8.164954910999938, 0.0 ], [ 112.156423386000029, -8.164470690999963, 0.0 ], [ 112.15637579700001, -8.164476639999975, 0.0 ], [ 112.155893956000114, -8.164440947999935, 0.0 ], [ 112.155860247000078, -8.163719177999951, 0.0 ], [ 112.155765068000051, -8.162910160999957, 0.0 ], [ 112.155681787000049, -8.162826879999955, 0.0 ], [ 112.155226373, -8.162786480999955, 0.0 ], [ 112.155196447000094, -8.162181973999964, 0.0 ], [ 112.155037548000109, -8.162151707999953, 0.0 ], [ 112.154928152000025, -8.16211752199996, 0.0 ], [ 112.154912284000034, -8.161872767999967, 0.0 ], [ 112.154855177000059, -8.161737138999968, 0.0 ], [ 112.154712410000116, -8.161637200999962, 0.0 ], [ 112.153299781000101, -8.161486674999935, 0.0 ], [ 112.153333806000091, -8.157783627999947, 0.0 ], [ 112.154810801000053, -8.157878682999979, 0.0 ], [ 112.154812229000072, -8.156950692999942, 0.0 ], [ 112.154822936000073, -8.156600911999931, 0.0 ], [ 112.154921144000014, -8.155717251999931, 0.0 ], [ 112.15574626700004, -8.155811006999954, 0.0 ], [ 112.156225629, -8.155858519999981, 0.0 ], [ 112.156228507000037, -8.155288519999942, 0.0 ], [ 112.157482873000049, -8.155328340999972, 0.0 ], [ 112.157492423, -8.15395308899997, 0.0 ], [ 112.15856766200011, -8.153987872999949, 0.0 ], [ 112.158634565000057, -8.153441504999932, 0.0 ], [ 112.158824921000019, -8.153441504999932, 0.0 ], [ 112.158896305000098, -8.152953714999967, 0.0 ], [ 112.159360300000117, -8.152977509999971, 0.0 ], [ 112.159419787000047, -8.152358849999928, 0.0 ], [ 112.159503068000049, -8.15233505499998, 0.0 ], [ 112.159597142000052, -8.151748213999952, 0.0 ], [ 112.159792410000023, -8.151685224999937, 0.0 ], [ 112.160149329000092, -8.151637634999929, 0.0 ], [ 112.160387276000051, -8.151649532999954, 0.0 ], [ 112.160567991000107, -8.150494962999971, 0.0 ], [ 112.162100487000089, -8.150781028999972, 0.0 ], [ 112.162215034000042, -8.14971574499998, 0.0 ], [ 112.161396564000029, -8.149556597999947, 0.0 ], [ 112.160950415000116, -8.149526854999976, 0.0 ], [ 112.161065422000092, -8.14816362199997, 0.0 ], [ 112.161041627000031, -8.147663934999969, 0.0 ], [ 112.160494351000011, -8.147568756999931, 0.0 ], [ 112.160458659000028, -8.146807328999955, 0.0 ], [ 112.160292097000024, -8.145748468999955, 0.0 ], [ 112.16005270200003, -8.143618752999942, 0.0 ], [ 112.16047, -8.14367, 0.0 ], [ 112.1616, -8.14392, 0.0 ], [ 112.16336, -8.14384999899994, 0.0 ], [ 112.164795040000058, -8.143790618999958, 0.0 ], [ 112.165772311000069, -8.143918395999947, 0.0 ], [ 112.166896001000055, -8.14407, 0.0 ], [ 112.166901997000082, -8.144070409999927, 0.0 ], [ 112.167399474000035, -8.144104466999977, 0.0 ], [ 112.16857988400011, -8.144185275999973, 0.0 ], [ 112.169451148, -8.144157925999934, 0.0 ], [ 112.169831, -8.144146000999967, 0.0 ], [ 112.170724791000112, -8.143973751999965, 0.0 ], [ 112.170827636000013, -8.143953931999931, 0.0 ], [ 112.170831920000069, -8.143952651999939, 0.0 ], [ 112.172088, -8.143576998999947, 0.0 ], [ 112.172233084000027, -8.143531049999979, 0.0 ], [ 112.172512040000015, -8.143442700999969, 0.0 ], [ 112.173574257000041, -8.143106283999941, 0.0 ], [ 112.174234231000014, -8.142972770999961, 0.0 ], [ 112.174848007000037, -8.143034641999975, 0.0 ], [ 112.175309587000015, -8.143215159999954, 0.0 ], [ 112.175732703000108, -8.143381430999966, 0.0 ], [ 112.175899722000054, -8.143494934999978, 0.0 ], [ 112.176223547000063, -8.143715, 0.0 ], [ 112.17622364500005, -8.143748499999958, 0.0 ], [ 112.17667652800003, -8.144240103999948, 0.0 ], [ 112.177226247000021, -8.144999421999955, 0.0 ], [ 112.177409963000059, -8.145415234999973, 0.0 ], [ 112.177459612, -8.14597022099997, 0.0 ], [ 112.177322811000067, -8.146817669999962, 0.0 ], [ 112.177139093000051, -8.147987029999967, 0.0 ], [ 112.177127, -8.14806399899993, 0.0 ], [ 112.177245869000103, -8.148704962999943, 0.0 ], [ 112.177297129000067, -8.148981363999951, 0.0 ], [ 112.177606098000069, -8.149564981999958, 0.0 ], [ 112.177973326000028, -8.150090256999931, 0.0 ], [ 112.177384978000077, -8.150177053999926, 0.0 ], [ 112.177443956000047, -8.151753038999971, 0.0 ], [ 112.177222666000034, -8.151731623999979, 0.0 ], [ 112.177201251000042, -8.152245587999971, 0.0 ], [ 112.176523105000115, -8.15223131099998, 0.0 ], [ 112.175859235000075, -8.152209895999931, 0.0 ], [ 112.175519539000106, -8.152164490999951, 0.0 ], [ 112.174725580000086, -8.152063875999943, 0.0 ], [ 112.17426169700002, -8.154078446999961, 0.0 ], [ 112.173819244000015, -8.156334452999943, 0.0 ], [ 112.172467265000023, -8.155983602999981, 0.0 ], [ 112.172370000000114, -8.15644, 0.0 ], [ 112.172330000000102, -8.1566, 0.0 ], [ 112.17221, -8.15704, 0.0 ], [ 112.172190000000114, -8.1572, 0.0 ], [ 112.17217, -8.15727, 0.0 ], [ 112.172156399000073, -8.157446810999943, 0.0 ], [ 112.172135855000079, -8.158590299999958, 0.0 ], [ 112.172051583000098, -8.159780057999967, 0.0 ], [ 112.17205, -8.159859998999934, 0.0 ], [ 112.171888416000115, -8.162788104999947, 0.0 ], [ 112.171878873000082, -8.162997061999931, 0.0 ], [ 112.171717070000113, -8.165595432999964, 0.0 ], [ 112.172126337, -8.166280717999939, 0.0 ], [ 112.172440426000094, -8.166623360999949, 0.0 ], [ 112.172744997000109, -8.166785163999975, 0.0 ], [ 112.172887969000044, -8.166796601999977, 0.0 ], [ 112.17289, -8.166799998999977, 0.0 ], [ 112.17258, -8.1706, 0.0 ], [ 112.172609999000088, -8.17067, 0.0 ], [ 112.172804620000079, -8.171457747999966, 0.0 ], [ 112.173378582000055, -8.172853594999935, 0.0 ], [ 112.173772924000104, -8.173381029999973, 0.0 ], [ 112.173997253000039, -8.174221908999925, 0.0 ], [ 112.174289999000052, -8.175, 0.0 ], [ 112.17454, -8.175419998999928, 0.0 ], [ 112.174758309000026, -8.175993061999975, 0.0 ], [ 112.17474, -8.1761, 0.0 ], [ 112.174579999000116, -8.17653, 0.0 ], [ 112.1745, -8.176729998999974, 0.0 ], [ 112.174289999000052, -8.177019998999981, 0.0 ], [ 112.173839999000052, -8.17731, 0.0 ], [ 112.17364, -8.17742, 0.0 ], [ 112.1728, -8.17762, 0.0 ], [ 112.17248, -8.17767, 0.0 ], [ 112.17211, -8.1777, 0.0 ], [ 112.17158, -8.177899998999976, 0.0 ], [ 112.17139, -8.17799, 0.0 ], [ 112.17132, -8.17927, 0.0 ], [ 112.17114, -8.17937, 0.0 ], [ 112.17086, -8.17963, 0.0 ], [ 112.170759999000097, -8.17992, 0.0 ], [ 112.17056, -8.18027, 0.0 ], [ 112.17114, -8.18103999899995, 0.0 ], [ 112.17108, -8.18111, 0.0 ], [ 112.170779999000047, -8.181409998999925, 0.0 ], [ 112.17062, -8.18169, 0.0 ], [ 112.17054, -8.182189998999945, 0.0 ], [ 112.1705, -8.18284, 0.0 ], [ 112.17052, -8.182909998999946, 0.0 ], [ 112.1706, -8.18311, 0.0 ], [ 112.17083, -8.183749998999929, 0.0 ], [ 112.17082, -8.18397, 0.0 ], [ 112.17061, -8.18407, 0.0 ], [ 112.17047, -8.18417, 0.0 ], [ 112.170309215000088, -8.184278918999951, 0.0 ], [ 112.17016, -8.18438, 0.0 ], [ 112.169998016000022, -8.184469990999958, 0.0 ], [ 112.169992278000109, -8.184486763999928, 0.0 ], [ 112.170003005000012, -8.184500714999956, 0.0 ], [ 112.17007071, -8.184588767999969, 0.0 ], [ 112.170080228000074, -8.184717258999967, 0.0 ], [ 112.1700992640001, -8.18484099099993, 0.0 ], [ 112.170102305000114, -8.184848594999949, 0.0 ], [ 112.17012016700005, -8.184881010999959, 0.0 ], [ 112.170150790000093, -8.184936584999946, 0.0 ], [ 112.170155129000022, -8.185006015999932, 0.0 ], [ 112.170172205000085, -8.185279226999967, 0.0 ], [ 112.170177609, -8.18533468499993, 0.0 ], [ 112.170187369000018, -8.185434856999962, 0.0 ], [ 112.170165677000114, -8.185504758999969, 0.0 ], [ 112.169813728, -8.185545311999931, 0.0 ], [ 112.169661443000109, -8.185478686999943, 0.0 ], [ 112.169394943000043, -8.185450132999961, 0.0 ], [ 112.16940000000011, -8.185679998999944, 0.0 ], [ 112.169430501000079, -8.185939257999962, 0.0 ], [ 112.16944, -8.18602, 0.0 ], [ 112.169552208000027, -8.186770933999981, 0.0 ], [ 112.169569999000032, -8.186889998999959, 0.0 ], [ 112.169569999000032, -8.18764, 0.0 ], [ 112.16950999900007, -8.18858, 0.0 ], [ 112.16945, -8.18977, 0.0 ], [ 112.16926, -8.19021, 0.0 ], [ 112.16939, -8.19096, 0.0 ], [ 112.16943, -8.19187, 0.0 ], [ 112.169145847000095, -8.192334116999973, 0.0 ], [ 112.16883, -8.19285, 0.0 ], [ 112.16851, -8.19293, 0.0 ], [ 112.16828, -8.19304, 0.0 ], [ 112.167949999000029, -8.193419998999957, 0.0 ], [ 112.16774, -8.19374, 0.0 ], [ 112.167555447000041, -8.194050048999941, 0.0 ], [ 112.167467763000104, -8.194287859999974, 0.0 ], [ 112.16737, -8.19485, 0.0 ], [ 112.167304319000095, -8.195018305999952, 0.0 ], [ 112.16718908200005, -8.195145361999948, 0.0 ], [ 112.167161294000039, -8.195176, 0.0 ], [ 112.16699949100007, -8.195261660999961, 0.0 ], [ 112.166799616000048, -8.195299731999967, 0.0 ], [ 112.166504563000103, -8.195214071999942, 0.0 ], [ 112.166416965000053, -8.195195300999956, 0.0 ], [ 112.166195163000111, -8.195149410999932, 0.0 ], [ 112.165947699000071, -8.195130374999962, 0.0 ], [ 112.165723169000103, -8.195138393999969, 0.0 ], [ 112.165642229000014, -8.195178863999956, 0.0 ], [ 112.165610290000018, -8.195210802999952, 0.0 ], [ 112.16549567200002, -8.195366356999955, 0.0 ], [ 112.165445585000043, -8.195659090999925, 0.0 ], [ 112.165381670000102, -8.196032653999964, 0.0 ], [ 112.16533, -8.19626, 0.0 ], [ 112.16531, -8.19635, 0.0 ], [ 112.165288055000019, -8.196642594999958, 0.0 ], [ 112.165289132000112, -8.1966605, 0.0 ], [ 112.16532896800004, -8.197322834999966, 0.0 ], [ 112.165362422000044, -8.197879067999963, 0.0 ], [ 112.165344207000089, -8.198082037999939, 0.0 ], [ 112.165300000000116, -8.198574630999929, 0.0 ], [ 112.165295797000113, -8.19862146, 0.0 ], [ 112.165279958000042, -8.198631138999929, 0.0 ], [ 112.165199999000038, -8.19868, 0.0 ], [ 112.164909999000088, -8.19873, 0.0 ], [ 112.16468, -8.19873, 0.0 ], [ 112.1646, -8.19872, 0.0 ], [ 112.16428, -8.198509998999953, 0.0 ], [ 112.164183795000099, -8.19818855699998, 0.0 ], [ 112.164054178000015, -8.197908583999947, 0.0 ], [ 112.163877379000041, -8.197748893999972, 0.0 ], [ 112.16363, -8.19765, 0.0 ], [ 112.16345, -8.19757, 0.0 ], [ 112.16336, -8.197459998999932, 0.0 ], [ 112.163249999000072, -8.197439998999926, 0.0 ], [ 112.16315, -8.197419998999976, 0.0 ], [ 112.163, -8.197459998999932, 0.0 ], [ 112.16295, -8.19751, 0.0 ], [ 112.162899999000047, -8.19758, 0.0 ], [ 112.16285, -8.19763, 0.0 ], [ 112.16281, -8.19769, 0.0 ], [ 112.16277, -8.197829998999964, 0.0 ], [ 112.162762556000075, -8.197889550999946, 0.0 ] ] ] ] } },
{ "type": "Feature", "properties": { "OBJECTID": 116140.0, "KDPPUM": "35", "NAMOBJ": "Sumberjati", "REMARK": null, "KDPBPS": null, "FCODE": "BA03070040", "LUASWH": 11.35450562, "UUPP": "Hasil Delineasi Batas Desa 2019", "SRS_ID": "SRGI 2013", "METADATA": "TASWIL1000020200326DATA_BATAS_DESA_KELURAHAN", "KDEBPS": null, "KDEPUM": "35.05.04.2012", "KDCBPS": null, "KDCPUM": "35.05.04", "KDBBPS": null, "WADMKD": "Sumberjati", "WIADKD": null, "WADMKC": "Kademangan", "WIADKC": null, "WADMKK": "Blitar", "WIADKK": null, "WADMPR": "Jawa Timur", "WIADPR": null, "TIPADM": 1.0, "KDPKAB": "35.05", "SHAPE_Leng": 0.19301013203145401, "SHAPE_Area": 0.00093205786677599996 }, "geometry": { "type": "MultiPolygon", "coordinates": [ [ [ [ 112.147650964000036, -8.151613235999946, 0.0 ], [ 112.147663098000066, -8.151691052999979, 0.0 ], [ 112.147680944000058, -8.151732693999975, 0.0 ], [ 112.147698790000049, -8.151774333999981, 0.0 ], [ 112.147767885, -8.151811538999937, 0.0 ], [ 112.147808840000039, -8.151845717999947, 0.0 ], [ 112.14782242800004, -8.15190426199996, 0.0 ], [ 112.14782242800004, -8.152008957999954, 0.0 ], [ 112.147814677000042, -8.152055462999954, 0.0 ], [ 112.147778542000083, -8.152110868999955, 0.0 ], [ 112.14774047100002, -8.152258395999979, 0.0 ], [ 112.147749988000101, -8.152458270999944, 0.0 ], [ 112.148001884000109, -8.152433254999949, 0.0 ], [ 112.148250730000086, -8.152456296999958, 0.0 ], [ 112.148214549000045, -8.15338798199997, 0.0 ], [ 112.148559005000038, -8.153386259999934, 0.0 ], [ 112.148532641000088, -8.153796118999935, 0.0 ], [ 112.148501898000063, -8.154404669999963, 0.0 ], [ 112.148954488000072, -8.154419883999935, 0.0 ], [ 112.149187183000095, -8.154433222999955, 0.0 ], [ 112.149157917000025, -8.155156501999954, 0.0 ], [ 112.149846817000025, -8.155166204999944, 0.0 ], [ 112.149815361000037, -8.155641988999946, 0.0 ], [ 112.149996200000032, -8.155661024999972, 0.0 ], [ 112.149996200000032, -8.156845535999935, 0.0 ], [ 112.150424503000067, -8.156831719999957, 0.0 ], [ 112.15045305600006, -8.157559834999972, 0.0 ], [ 112.151167255000018, -8.157590780999953, 0.0 ], [ 112.151269156000012, -8.157595931999936, 0.0 ], [ 112.153333806000091, -8.157783627999947, 0.0 ], [ 112.153299781000101, -8.161486674999935, 0.0 ], [ 112.154712410000116, -8.161637200999962, 0.0 ], [ 112.154855177000059, -8.161737138999968, 0.0 ], [ 112.154912284000034, -8.161872767999967, 0.0 ], [ 112.154928152000025, -8.16211752199996, 0.0 ], [ 112.155037548000109, -8.162151707999953, 0.0 ], [ 112.155196447000094, -8.162181973999964, 0.0 ], [ 112.155226373, -8.162786480999955, 0.0 ], [ 112.155681787000049, -8.162826879999955, 0.0 ], [ 112.155765068000051, -8.162910160999957, 0.0 ], [ 112.155860247000078, -8.163719177999951, 0.0 ], [ 112.155893956000114, -8.164440947999935, 0.0 ], [ 112.15637579700001, -8.164476639999975, 0.0 ], [ 112.156423386000029, -8.164470690999963, 0.0 ], [ 112.156406730000072, -8.164954910999938, 0.0 ], [ 112.15680528900009, -8.164960859999951, 0.0 ], [ 112.156757700000071, -8.165484340999967, 0.0 ], [ 112.157019441000102, -8.165531930999975, 0.0 ], [ 112.156959954000058, -8.166204127999947, 0.0 ], [ 112.157203849000098, -8.166198179999981, 0.0 ], [ 112.157257387000072, -8.166198179999981, 0.0 ], [ 112.157269284000108, -8.16644802299993, 0.0 ], [ 112.15752507600007, -8.166412330999947, 0.0 ], [ 112.157483436, -8.167132117999927, 0.0 ], [ 112.157483436, -8.167756726999926, 0.0 ], [ 112.157465590000015, -8.167976826999961, 0.0 ], [ 112.158119942000098, -8.16795898099997, 0.0 ], [ 112.158143736000056, -8.168185029999961, 0.0 ], [ 112.158167531000117, -8.168339694999929, 0.0 ], [ 112.158262709000041, -8.168524102999982, 0.0 ], [ 112.158345990000043, -8.168666869999981, 0.0 ], [ 112.158286504000102, -8.168916713999977, 0.0 ], [ 112.158084250000115, -8.168999994999979, 0.0 ], [ 112.157864150000023, -8.169047583999941, 0.0 ], [ 112.157661895000047, -8.169118967999964, 0.0 ], [ 112.157531025000026, -8.169184402999974, 0.0 ], [ 112.15741800100011, -8.169249837999928, 0.0 ], [ 112.157316873000013, -8.169380708999938, 0.0 ], [ 112.157251438000117, -8.16949968199998, 0.0 ], [ 112.157233592000011, -8.169612705999953, 0.0 ], [ 112.15721574600002, -8.169767370999978, 0.0 ], [ 112.157245490000037, -8.169886343999963, 0.0 ], [ 112.157406103000085, -8.170183776999977, 0.0 ], [ 112.157519128000104, -8.170314646999941, 0.0 ], [ 112.157542922000061, -8.170451465999975, 0.0 ], [ 112.157477487000051, -8.170528798999953, 0.0 ], [ 112.15741800100011, -8.170653719999962, 0.0 ], [ 112.157412052000041, -8.17076674499998, 0.0 ], [ 112.157406103000085, -8.170891665999932, 0.0 ], [ 112.157358514000066, -8.170980895999946, 0.0 ], [ 112.15728118200002, -8.171099868999931, 0.0 ], [ 112.157227644000045, -8.171206944999938, 0.0 ], [ 112.157203849000098, -8.171337814999958, 0.0 ], [ 112.157180054000037, -8.171468685999969, 0.0 ], [ 112.157236844000067, -8.17154919099994, 0.0 ], [ 112.157379612000113, -8.171791895999945, 0.0 ], [ 112.157572348000031, -8.171934663999934, 0.0 ], [ 112.15775080800006, -8.172056015999942, 0.0 ], [ 112.157943544000091, -8.172155952999958, 0.0 ], [ 112.158072035000032, -8.172234475999971, 0.0 ], [ 112.158107727000015, -8.172398657999963, 0.0 ], [ 112.158164834000104, -8.172584255999936, 0.0 ], [ 112.158250495000061, -8.172741300999974, 0.0 ], [ 112.158386124000117, -8.172884067999973, 0.0 ], [ 112.158507476000068, -8.17295545199994, 0.0 ], [ 112.15862, -8.17309999899993, 0.0 ], [ 112.15883, -8.17313, 0.0 ], [ 112.15901, -8.173509998999975, 0.0 ], [ 112.15905, -8.17455, 0.0 ], [ 112.158999999000116, -8.1748, 0.0 ], [ 112.158910000000105, -8.175, 0.0 ], [ 112.15872, -8.17514, 0.0 ], [ 112.15856, -8.17525, 0.0 ], [ 112.158460000000105, -8.17541, 0.0 ], [ 112.158325270000091, -8.175572466999938, 0.0 ], [ 112.158347771000081, -8.176082471999962, 0.0 ], [ 112.15847, -8.17658, 0.0 ], [ 112.15859032000003, -8.17672664, 0.0 ], [ 112.158835560000057, -8.176808206999965, 0.0 ], [ 112.159073506000027, -8.177046152999935, 0.0 ], [ 112.159251966000056, -8.177295996999931, 0.0 ], [ 112.159379691000026, -8.177606490999949, 0.0 ], [ 112.159529234000047, -8.177927286999932, 0.0 ], [ 112.159692166000013, -8.178009834999955, 0.0 ], [ 112.159624735000079, -8.178279557999929, 0.0 ], [ 112.159679851000078, -8.178451755999959, 0.0 ], [ 112.15988, -8.17878, 0.0 ], [ 112.15998, -8.179, 0.0 ], [ 112.160129999000105, -8.17956, 0.0 ], [ 112.160169999, -8.17972999899996, 0.0 ], [ 112.16025, -8.17997, 0.0 ], [ 112.16025, -8.18045, 0.0 ], [ 112.16022, -8.18105, 0.0 ], [ 112.160559999000043, -8.18181, 0.0 ], [ 112.16073, -8.18208999899997, 0.0 ], [ 112.161430000000109, -8.18302, 0.0 ], [ 112.16181, -8.18361, 0.0 ], [ 112.162, -8.18418, 0.0 ], [ 112.16217, -8.18458, 0.0 ], [ 112.16228, -8.184939998999937, 0.0 ], [ 112.1624, -8.1853, 0.0 ], [ 112.162509999, -8.186049998999977, 0.0 ], [ 112.16257, -8.18643, 0.0 ], [ 112.16257, -8.186789998999927, 0.0 ], [ 112.16263, -8.187669998999979, 0.0 ], [ 112.16262, -8.187979998999936, 0.0 ], [ 112.16232, -8.18897, 0.0 ], [ 112.16222, -8.18937, 0.0 ], [ 112.16209999900002, -8.18969, 0.0 ], [ 112.16186, -8.19043, 0.0 ], [ 112.16184, -8.19049, 0.0 ], [ 112.16179000000011, -8.19057, 0.0 ], [ 112.161709999000095, -8.191139998999972, 0.0 ], [ 112.16162, -8.19138, 0.0 ], [ 112.16157, -8.191509998999948, 0.0 ], [ 112.16157, -8.192289998999968, 0.0 ], [ 112.16161000000011, -8.1925, 0.0 ], [ 112.161709999000095, -8.19269, 0.0 ], [ 112.16145, -8.193169998999963, 0.0 ], [ 112.16127, -8.1934, 0.0 ], [ 112.16103, -8.19361, 0.0 ], [ 112.16086, -8.1938, 0.0 ], [ 112.160559999000043, -8.19414, 0.0 ], [ 112.16036, -8.19433, 0.0 ], [ 112.16006, -8.19475, 0.0 ], [ 112.15998, -8.19491, 0.0 ], [ 112.15997, -8.19513, 0.0 ], [ 112.159990000000107, -8.19532, 0.0 ], [ 112.16001, -8.195509998999967, 0.0 ], [ 112.16003, -8.1956, 0.0 ], [ 112.16027, -8.197319998999944, 0.0 ], [ 112.16036, -8.197319998999944, 0.0 ], [ 112.16042, -8.19757, 0.0 ], [ 112.16061, -8.19847, 0.0 ], [ 112.160582224000109, -8.198479257999963, 0.0 ], [ 112.16055, -8.198489998999946, 0.0 ], [ 112.16016, -8.198569998999972, 0.0 ], [ 112.16, -8.19858, 0.0 ], [ 112.159779999000079, -8.19864999899994, 0.0 ], [ 112.15949, -8.1988, 0.0 ], [ 112.159270000000106, -8.198899998999934, 0.0 ], [ 112.15919, -8.19897, 0.0 ], [ 112.15883, -8.19905, 0.0 ], [ 112.1584, -8.19912, 0.0 ], [ 112.158280000000104, -8.19915, 0.0 ], [ 112.15802, -8.199289998999973, 0.0 ], [ 112.157740000000103, -8.19938, 0.0 ], [ 112.157399999000063, -8.19952, 0.0 ], [ 112.15718, -8.19964, 0.0 ], [ 112.157020000000102, -8.19979, 0.0 ], [ 112.15692, -8.19992, 0.0 ], [ 112.156880000000115, -8.2, 0.0 ], [ 112.15669, -8.20032, 0.0 ], [ 112.156579999000087, -8.20053, 0.0 ], [ 112.15645, -8.20063, 0.0 ], [ 112.15626, -8.20086, 0.0 ], [ 112.15614, -8.200929998999925, 0.0 ], [ 112.15599, -8.200989998999944, 0.0 ], [ 112.15591, -8.20101, 0.0 ], [ 112.155839999000023, -8.20102, 0.0 ], [ 112.1558500000001, -8.20148, 0.0 ], [ 112.15557, -8.20168, 0.0 ], [ 112.155440000000112, -8.20172, 0.0 ], [ 112.15523, -8.20193, 0.0 ], [ 112.154990000000112, -8.2023, 0.0 ], [ 112.15466, -8.20264, 0.0 ], [ 112.15431, -8.202879998999947, 0.0 ], [ 112.153949999000019, -8.20332, 0.0 ], [ 112.1537, -8.20357, 0.0 ], [ 112.15335, -8.20396, 0.0 ], [ 112.15297, -8.20431, 0.0 ], [ 112.15273, -8.20457, 0.0 ], [ 112.15204, -8.20513, 0.0 ], [ 112.15169, -8.20538, 0.0 ], [ 112.15095, -8.20614, 0.0 ], [ 112.150359999000102, -8.206719998999972, 0.0 ], [ 112.15, -8.20703, 0.0 ], [ 112.14971, -8.207229998999935, 0.0 ], [ 112.14937, -8.20742, 0.0 ], [ 112.14857, -8.20790999899998, 0.0 ], [ 112.14832, -8.20798, 0.0 ], [ 112.14794, -8.20815, 0.0 ], [ 112.147, -8.20852, 0.0 ], [ 112.14668, -8.20876, 0.0 ], [ 112.146109999000032, -8.20928, 0.0 ], [ 112.145659999000031, -8.20966, 0.0 ], [ 112.14547, -8.209839998999939, 0.0 ], [ 112.144992373000036, -8.210143356999936, 0.0 ], [ 112.14473, -8.210309998999946, 0.0 ], [ 112.14421, -8.21061999899996, 0.0 ], [ 112.14374, -8.21086, 0.0 ], [ 112.142989999000065, -8.2112, 0.0 ], [ 112.14275, -8.21129, 0.0 ], [ 112.14224, -8.2114, 0.0 ], [ 112.14196, -8.21153, 0.0 ], [ 112.14147, -8.2117, 0.0 ], [ 112.14021, -8.21202, 0.0 ], [ 112.139978818000031, -8.212031276999937, 0.0 ], [ 112.139894087000016, -8.211922336999976, 0.0 ], [ 112.139787012000056, -8.211833107999951, 0.0 ], [ 112.139662090000115, -8.211708185999953, 0.0 ], [ 112.139519322000069, -8.211559469999941, 0.0 ], [ 112.139465784000095, -8.211416701999951, 0.0 ], [ 112.139447765000114, -8.211239918999979, 0.0 ], [ 112.139566911000088, -8.211012193999977, 0.0 ], [ 112.139596655000105, -8.2108515799999, 0.0 ], [ 112.139560963, -8.210625530999948, 0.0 ], [ 112.139513374000103, -8.21040543099997, 0.0 ], [ 112.139388452000048, -8.210149638999951, 0.0 ], [ 112.139257582000027, -8.21005446099997, 0.0 ], [ 112.139126711000017, -8.21005446099997, 0.0 ], [ 112.138960149000013, -8.210024716999953, 0.0 ], [ 112.138725891000036, -8.209996849999925, 0.0 ], [ 112.138692460000016, -8.209822462999966, 0.0 ], [ 112.138692460000016, -8.209739181999964, 0.0 ], [ 112.138609178000024, -8.209620208999979, 0.0 ], [ 112.1385140000001, -8.209536927999977, 0.0 ], [ 112.138424770000029, -8.209483389999946, 0.0 ], [ 112.138400976000071, -8.20941200599998, 0.0 ], [ 112.138400976000071, -8.209221648999971, 0.0 ], [ 112.138347438000096, -8.209120521999978, 0.0 ], [ 112.138229999000032, -8.20901, 0.0 ], [ 112.137970000000109, -8.20884, 0.0 ], [ 112.137899999000069, -8.20872, 0.0 ], [ 112.13794, -8.208669998999937, 0.0 ], [ 112.13807, -8.20863, 0.0 ], [ 112.13841, -8.20857, 0.0 ], [ 112.13861, -8.20848, 0.0 ], [ 112.13872, -8.20837, 0.0 ], [ 112.13874, -8.20827, 0.0 ], [ 112.1387, -8.20806, 0.0 ], [ 112.13861, -8.20788, 0.0 ], [ 112.1385, -8.2077, 0.0 ], [ 112.13857, -8.20763999899998, 0.0 ], [ 112.13881, -8.20753, 0.0 ], [ 112.13894, -8.20737, 0.0 ], [ 112.13894, -8.20724, 0.0 ], [ 112.138960000000111, -8.20692, 0.0 ], [ 112.13902, -8.206819998999947, 0.0 ], [ 112.1391, -8.20659, 0.0 ], [ 112.13915, -8.20582, 0.0 ], [ 112.13918, -8.205629998999939, 0.0 ], [ 112.13933, -8.20542, 0.0 ], [ 112.13951, -8.205259998999963, 0.0 ], [ 112.13971, -8.205179998999938, 0.0 ], [ 112.139860000000112, -8.20509, 0.0 ], [ 112.1399, -8.204889998999931, 0.0 ], [ 112.13993, -8.20478, 0.0 ], [ 112.14002, -8.20445, 0.0 ], [ 112.14021, -8.20415, 0.0 ], [ 112.14034, -8.20386, 0.0 ], [ 112.140569999000036, -8.20318999899996, 0.0 ], [ 112.14068, -8.202899998999953, 0.0 ], [ 112.140649999000061, -8.20259, 0.0 ], [ 112.140549999000086, -8.202429998999946, 0.0 ], [ 112.140239999000073, -8.20207, 0.0 ], [ 112.14017, -8.2019, 0.0 ], [ 112.140119999000035, -8.20166, 0.0 ], [ 112.1401, -8.20142, 0.0 ], [ 112.140130000000113, -8.20123, 0.0 ], [ 112.14034, -8.20047, 0.0 ], [ 112.1402700000001, -8.20034, 0.0 ], [ 112.140119999000035, -8.2002, 0.0 ], [ 112.14003, -8.200109998999949, 0.0 ], [ 112.13997, -8.19997, 0.0 ], [ 112.13997, -8.199819998999942, 0.0 ], [ 112.14003, -8.19948, 0.0 ], [ 112.14006, -8.19923, 0.0 ], [ 112.14001, -8.19915, 0.0 ], [ 112.13964, -8.19903, 0.0 ], [ 112.13956, -8.198959998999953, 0.0 ], [ 112.13951, -8.19879, 0.0 ], [ 112.13951, -8.19864, 0.0 ], [ 112.139500000000112, -8.19825, 0.0 ], [ 112.13955, -8.19811, 0.0 ], [ 112.139723034000099, -8.198048201999939, 0.0 ], [ 112.140029878000064, -8.197882292999964, 0.0 ], [ 112.140129815000023, -8.197732386999974, 0.0 ], [ 112.140115539000021, -8.197546788999944, 0.0 ], [ 112.140037016000065, -8.19736119099997, 0.0 ], [ 112.139672959000109, -8.196797257999947, 0.0 ], [ 112.139587298000038, -8.196468892999974, 0.0 ], [ 112.139772896000068, -8.196333263999975, 0.0 ], [ 112.140062873000034, -8.196246142999939, 0.0 ], [ 112.140422489000116, -8.196019174999947, 0.0 ], [ 112.140451043000098, -8.195919236999941, 0.0 ], [ 112.140343967000035, -8.195662255999935, 0.0 ], [ 112.140409297000019, -8.195511710999938, 0.0 ], [ 112.14041, -8.1955, 0.0 ], [ 112.140478750000057, -8.195140384999945, 0.0 ], [ 112.140415351000115, -8.194877032999955, 0.0 ], [ 112.140429627000117, -8.194662881999932, 0.0 ], [ 112.14058667200004, -8.194620051999948, 0.0 ], [ 112.141029252000067, -8.194762818999948, 0.0 ], [ 112.141143466000017, -8.194655743999931, 0.0 ], [ 112.141314787000056, -8.194370207999953, 0.0 ], [ 112.141478970000094, -8.193920489999925, 0.0 ], [ 112.141621737000037, -8.193849105999959, 0.0 ], [ 112.141757367000082, -8.193927627999926, 0.0 ], [ 112.142055054000025, -8.19399257799995, 0.0 ], [ 112.142290000000116, -8.19388, 0.0 ], [ 112.14246, -8.19371, 0.0 ], [ 112.142479999000102, -8.193519998999932, 0.0 ], [ 112.142539999000064, -8.19288, 0.0 ], [ 112.142830000000117, -8.1925, 0.0 ], [ 112.142920615000094, -8.192382197999962, 0.0 ], [ 112.142856678000044, -8.191943157999958, 0.0 ], [ 112.142878093000036, -8.191736144999936, 0.0 ], [ 112.142963753000117, -8.191550546999963, 0.0 ], [ 112.143085106000058, -8.191343533999941, 0.0 ], [ 112.143227874000104, -8.191222180999944, 0.0 ], [ 112.143606208000051, -8.19085098499994, 0.0 ], [ 112.143690546000016, -8.190637658999947, 0.0 ], [ 112.143689999000117, -8.19063, 0.0 ], [ 112.14359, -8.19043, 0.0 ], [ 112.14337, -8.190009998999926, 0.0 ], [ 112.143299257000081, -8.189651736999963, 0.0 ], [ 112.143363503000046, -8.189423308999949, 0.0 ], [ 112.143470579000109, -8.189259125999968, 0.0 ], [ 112.143556198000056, -8.189037913999925, 0.0 ], [ 112.143541962000086, -8.188895067999965, 0.0 ], [ 112.143384918000038, -8.188795130999949, 0.0 ], [ 112.143135075000032, -8.188709469999935, 0.0 ], [ 112.142985169000099, -8.188609532999976, 0.0 ], [ 112.142771017000086, -8.188409657999955, 0.0 ], [ 112.142613973000039, -8.188116984999965, 0.0 ], [ 112.141921549000017, -8.186710722999976, 0.0 ], [ 112.14173595200009, -8.186318111999981, 0.0 ], [ 112.1417288130001, -8.18597547, 0.0 ], [ 112.141743090000091, -8.18578273299994, 0.0 ], [ 112.141593184000044, -8.185454367999967, 0.0 ], [ 112.14165742900002, -8.185275907999937, 0.0 ], [ 112.141714536000109, -8.185147416999939, 0.0 ], [ 112.141938398000093, -8.184988848999978, 0.0 ], [ 112.142, -8.184919998999931, 0.0 ], [ 112.14218, -8.18475, 0.0 ], [ 112.142337675000022, -8.184505602999934, 0.0 ], [ 112.142371268000034, -8.184383609999941, 0.0 ], [ 112.142592557000057, -8.18407666, 0.0 ], [ 112.142842401000053, -8.183955306999962, 0.0 ], [ 112.143238744000087, -8.183781906999968, 0.0 ], [ 112.14325, -8.18372, 0.0 ], [ 112.14335999900004, -8.18339, 0.0 ], [ 112.14341, -8.18316, 0.0 ], [ 112.14348, -8.1827, 0.0 ], [ 112.143544240000097, -8.182514416999936, 0.0 ], [ 112.143734699000106, -8.18217785, 0.0 ], [ 112.143691868000019, -8.18169957799995, 0.0 ], [ 112.143748976000097, -8.181449734999944, 0.0 ], [ 112.143613346000052, -8.181114230999981, 0.0 ], [ 112.143456302000118, -8.181000016999974, 0.0 ], [ 112.14329211900008, -8.180992877999927, 0.0 ], [ 112.143098659000088, -8.181052164999926, 0.0 ], [ 112.142878093000036, -8.181092815999932, 0.0 ], [ 112.142342714000051, -8.181085676999942, 0.0 ], [ 112.141678844000012, -8.181035708999957, 0.0 ], [ 112.14152, -8.18095, 0.0 ], [ 112.141300000000115, -8.18085, 0.0 ], [ 112.141120000000114, -8.18069, 0.0 ], [ 112.140400000000113, -8.17986, 0.0 ], [ 112.14015, -8.17953, 0.0 ], [ 112.139860000000112, -8.1791, 0.0 ], [ 112.139809999000022, -8.17886, 0.0 ], [ 112.13952, -8.17804, 0.0 ], [ 112.13927, -8.177779998999938, 0.0 ], [ 112.1391, -8.17759, 0.0 ], [ 112.13863, -8.1772, 0.0 ], [ 112.1385, -8.17705, 0.0 ], [ 112.13843, -8.1768, 0.0 ], [ 112.13838, -8.176219998999954, 0.0 ], [ 112.13831, -8.175889998999935, 0.0 ], [ 112.13793, -8.17477, 0.0 ], [ 112.13787, -8.17471, 0.0 ], [ 112.13771, -8.17449, 0.0 ], [ 112.13727, -8.1737, 0.0 ], [ 112.13721, -8.17344, 0.0 ], [ 112.13696, -8.17235, 0.0 ], [ 112.13683, -8.17212, 0.0 ], [ 112.13652, -8.17174, 0.0 ], [ 112.136319999000079, -8.17159, 0.0 ], [ 112.13728, -8.1706, 0.0 ], [ 112.13773, -8.17026, 0.0 ], [ 112.13853, -8.1704, 0.0 ], [ 112.13906, -8.17012, 0.0 ], [ 112.13925, -8.17001, 0.0 ], [ 112.13962, -8.16981, 0.0 ], [ 112.13997, -8.1696, 0.0 ], [ 112.14021999900001, -8.169239998999956, 0.0 ], [ 112.140450000000101, -8.16873, 0.0 ], [ 112.1406, -8.16786, 0.0 ], [ 112.140649999000061, -8.16759, 0.0 ], [ 112.14151, -8.16769, 0.0 ], [ 112.14197, -8.16774, 0.0 ], [ 112.14218, -8.167719998999928, 0.0 ], [ 112.14226, -8.16765, 0.0 ], [ 112.14242, -8.16745, 0.0 ], [ 112.14269, -8.167249998999978, 0.0 ], [ 112.14272, -8.16712, 0.0 ], [ 112.14277, -8.166489998999964, 0.0 ], [ 112.142929999000103, -8.16595, 0.0 ], [ 112.14298, -8.16554, 0.0 ], [ 112.14305, -8.16507, 0.0 ], [ 112.14312, -8.16457, 0.0 ], [ 112.1432, -8.16424, 0.0 ], [ 112.143199807000087, -8.164035284999954, 0.0 ], [ 112.141347401000075, -8.16377766599993, 0.0 ], [ 112.14146, -8.16342, 0.0 ], [ 112.14159, -8.16308, 0.0 ], [ 112.141626061000011, -8.163000665999959, 0.0 ], [ 112.141872068000112, -8.16223641299996, 0.0 ], [ 112.141152054000031, -8.162079113999937, 0.0 ], [ 112.140505175000044, -8.161986338999952, 0.0 ], [ 112.139339239000037, -8.161736494999957, 0.0 ], [ 112.138869296000053, -8.161647265999932, 0.0 ], [ 112.13763, -8.16139, 0.0 ], [ 112.13722, -8.16191, 0.0 ], [ 112.13696, -8.162529998999958, 0.0 ], [ 112.13696, -8.162690638999948, 0.0 ], [ 112.135920073000079, -8.162655085999972, 0.0 ], [ 112.1347838800001, -8.162625342999945, 0.0 ], [ 112.133475177000037, -8.162548010999956, 0.0 ], [ 112.133106371000054, -8.162526630999935, 0.0 ], [ 112.132715580000081, -8.162503975999925, 0.0 ], [ 112.132692327000086, -8.161063433999971, 0.0 ], [ 112.132974019000017, -8.161025020999944, 0.0 ], [ 112.13453732500011, -8.160860837999962, 0.0 ], [ 112.135401069000068, -8.160646686999939, 0.0 ], [ 112.135872202000087, -8.160425396999926, 0.0 ], [ 112.136478965000038, -8.160154137999939, 0.0 ], [ 112.137164250000069, -8.159954263999964, 0.0 ], [ 112.138383200000021, -8.159476261999941, 0.0 ], [ 112.137959656000021, -8.159147895999979, 0.0 ], [ 112.137565180000024, -8.158923761999972, 0.0 ], [ 112.137288660000081, -8.158742855999947, 0.0 ], [ 112.13727081400009, -8.158560826999974, 0.0 ], [ 112.137331490000065, -8.158457320999958, 0.0 ], [ 112.137502150000046, -8.158283499999925, 0.0 ], [ 112.137806192000085, -8.158041509999975, 0.0 ], [ 112.138008014000093, -8.15774122199997, 0.0 ], [ 112.138120281000056, -8.157597144999954, 0.0 ], [ 112.138223788, -8.15740440899998, 0.0 ], [ 112.138225660000103, -8.157278351999935, 0.0 ], [ 112.139376055000071, -8.157113545999948, 0.0 ], [ 112.140525334000017, -8.156935086999965, 0.0 ], [ 112.140489643000024, -8.156563890999962, 0.0 ], [ 112.140839423000102, -8.156492506999939, 0.0 ], [ 112.140846562000092, -8.15619983299996, 0.0 ], [ 112.141089267000098, -8.156249801999934, 0.0 ], [ 112.141167789000065, -8.155807221999964, 0.0 ], [ 112.142174301000068, -8.15586432899994, 0.0 ], [ 112.142616842000052, -8.155900721999956, 0.0 ], [ 112.14269, -8.155159998999977, 0.0 ], [ 112.14277, -8.154669998999964, 0.0 ], [ 112.142830000000117, -8.15396, 0.0 ], [ 112.142869999000027, -8.1537, 0.0 ], [ 112.14303, -8.15259, 0.0 ], [ 112.14305, -8.15244, 0.0 ], [ 112.14323, -8.15115, 0.0 ], [ 112.143258407000076, -8.150945462999971, 0.0 ], [ 112.145046310000112, -8.151128011999958, 0.0 ], [ 112.145962403000112, -8.151241035999931, 0.0 ], [ 112.14687849500001, -8.151437341999952, 0.0 ], [ 112.14736390500002, -8.151562630999933, 0.0 ], [ 112.14741, -8.15158, 0.0 ], [ 112.147650964000036, -8.151613235999946, 0.0 ] ] ] ] } },
{ "type": "Feature", "properties": { "OBJECTID": 116139.0, "KDPPUM": "35", "NAMOBJ": "Dawuhan", "REMARK": null, "KDPBPS": null, "FCODE": "BA03070040", "LUASWH": 11.89881428, "UUPP": "Hasil Delineasi Batas Desa 2019", "SRS_ID": "SRGI 2013", "METADATA": "TASWIL1000020200326DATA_BATAS_DESA_KELURAHAN", "KDEBPS": null, "KDEPUM": "35.05.04.2010", "KDCBPS": null, "KDCPUM": "35.05.04", "KDBBPS": null, "WADMKD": "Dawuhan", "WIADKD": null, "WADMKC": "Kademangan", "WIADKC": null, "WADMKK": "Blitar", "WIADKK": null, "WADMPR": "Jawa Timur", "WIADPR": null, "TIPADM": 1.0, "KDPKAB": "35.05", "SHAPE_Leng": 0.183849506272379, "SHAPE_Area": 0.00097675791423600003 }, "geometry": { "type": "MultiPolygon", "coordinates": [ [ [ [ 112.136029159000032, -8.156804274999956, 0.0 ], [ 112.135766598000032, -8.157098846999929, 0.0 ], [ 112.135521328000095, -8.157495451999978, 0.0 ], [ 112.135504857000114, -8.157735351999975, 0.0 ], [ 112.135576241000081, -8.157967349999979, 0.0 ], [ 112.13568331700003, -8.158032784999932, 0.0 ], [ 112.136046184000065, -8.158050630999981, 0.0 ], [ 112.136307925000096, -8.158026835999976, 0.0 ], [ 112.136629152000069, -8.157913811999947, 0.0 ], [ 112.136878996000064, -8.157747249999943, 0.0 ], [ 112.137283504000038, -8.157473611999933, 0.0 ], [ 112.13761660900002, -8.157216955999957, 0.0 ], [ 112.137806985000111, -8.157110743999965, 0.0 ], [ 112.137991394000096, -8.157081000999938, 0.0 ], [ 112.138152007000031, -8.15713453799998, 0.0 ], [ 112.138225660000103, -8.157278351999935, 0.0 ], [ 112.138223788, -8.15740440899998, 0.0 ], [ 112.138120281000056, -8.157597144999954, 0.0 ], [ 112.138008014000093, -8.15774122199997, 0.0 ], [ 112.137806192000085, -8.158041509999975, 0.0 ], [ 112.137502150000046, -8.158283499999925, 0.0 ], [ 112.137331490000065, -8.158457320999958, 0.0 ], [ 112.13727081400009, -8.158560826999974, 0.0 ], [ 112.137288660000081, -8.158742855999947, 0.0 ], [ 112.137565180000024, -8.158923761999972, 0.0 ], [ 112.137959656000021, -8.159147895999979, 0.0 ], [ 112.138383200000021, -8.159476261999941, 0.0 ], [ 112.137164250000069, -8.159954263999964, 0.0 ], [ 112.136478965000038, -8.160154137999939, 0.0 ], [ 112.135872202000087, -8.160425396999926, 0.0 ], [ 112.135401069000068, -8.160646686999939, 0.0 ], [ 112.13453732500011, -8.160860837999962, 0.0 ], [ 112.132974019000017, -8.161025020999944, 0.0 ], [ 112.132692327000086, -8.161063433999971, 0.0 ], [ 112.132715580000081, -8.162503975999925, 0.0 ], [ 112.133106371000054, -8.162526630999935, 0.0 ], [ 112.133475177000037, -8.162548010999956, 0.0 ], [ 112.1347838800001, -8.162625342999945, 0.0 ], [ 112.135920073000079, -8.162655085999972, 0.0 ], [ 112.13696, -8.162690638999948, 0.0 ], [ 112.13696, -8.162529998999958, 0.0 ], [ 112.13722, -8.16191, 0.0 ], [ 112.13763, -8.16139, 0.0 ], [ 112.138869296000053, -8.161647265999932, 0.0 ], [ 112.139339239000037, -8.161736494999957, 0.0 ], [ 112.140505175000044, -8.161986338999952, 0.0 ], [ 112.141152054000031, -8.162079113999937, 0.0 ], [ 112.141872068000112, -8.16223641299996, 0.0 ], [ 112.141626061000011, -8.163000665999959, 0.0 ], [ 112.14159, -8.16308, 0.0 ], [ 112.14146, -8.16342, 0.0 ], [ 112.141347401000075, -8.16377766599993, 0.0 ], [ 112.143199807000087, -8.164035284999954, 0.0 ], [ 112.1432, -8.16424, 0.0 ], [ 112.14312, -8.16457, 0.0 ], [ 112.14305, -8.16507, 0.0 ], [ 112.14298, -8.16554, 0.0 ], [ 112.142929999000103, -8.16595, 0.0 ], [ 112.14277, -8.166489998999964, 0.0 ], [ 112.14272, -8.16712, 0.0 ], [ 112.14269, -8.167249998999978, 0.0 ], [ 112.14242, -8.16745, 0.0 ], [ 112.14226, -8.16765, 0.0 ], [ 112.14218, -8.167719998999928, 0.0 ], [ 112.14197, -8.16774, 0.0 ], [ 112.14151, -8.16769, 0.0 ], [ 112.140649999000061, -8.16759, 0.0 ], [ 112.1406, -8.16786, 0.0 ], [ 112.140450000000101, -8.16873, 0.0 ], [ 112.14021999900001, -8.169239998999956, 0.0 ], [ 112.13997, -8.1696, 0.0 ], [ 112.13962, -8.16981, 0.0 ], [ 112.13925, -8.17001, 0.0 ], [ 112.13906, -8.17012, 0.0 ], [ 112.13853, -8.1704, 0.0 ], [ 112.13773, -8.17026, 0.0 ], [ 112.13728, -8.1706, 0.0 ], [ 112.136319999000079, -8.17159, 0.0 ], [ 112.13652, -8.17174, 0.0 ], [ 112.13683, -8.17212, 0.0 ], [ 112.13696, -8.17235, 0.0 ], [ 112.13721, -8.17344, 0.0 ], [ 112.13727, -8.1737, 0.0 ], [ 112.13771, -8.17449, 0.0 ], [ 112.13787, -8.17471, 0.0 ], [ 112.13793, -8.17477, 0.0 ], [ 112.13831, -8.175889998999935, 0.0 ], [ 112.13838, -8.176219998999954, 0.0 ], [ 112.13843, -8.1768, 0.0 ], [ 112.1385, -8.17705, 0.0 ], [ 112.13863, -8.1772, 0.0 ], [ 112.1391, -8.17759, 0.0 ], [ 112.13927, -8.177779998999938, 0.0 ], [ 112.13952, -8.17804, 0.0 ], [ 112.139809999000022, -8.17886, 0.0 ], [ 112.139860000000112, -8.1791, 0.0 ], [ 112.14015, -8.17953, 0.0 ], [ 112.140400000000113, -8.17986, 0.0 ], [ 112.141120000000114, -8.18069, 0.0 ], [ 112.141300000000115, -8.18085, 0.0 ], [ 112.14152, -8.18095, 0.0 ], [ 112.141678844000012, -8.181035708999957, 0.0 ], [ 112.142342714000051, -8.181085676999942, 0.0 ], [ 112.142878093000036, -8.181092815999932, 0.0 ], [ 112.143098659000088, -8.181052164999926, 0.0 ], [ 112.14329211900008, -8.180992877999927, 0.0 ], [ 112.143456302000118, -8.181000016999974, 0.0 ], [ 112.143613346000052, -8.181114230999981, 0.0 ], [ 112.143748976000097, -8.181449734999944, 0.0 ], [ 112.143691868000019, -8.18169957799995, 0.0 ], [ 112.143734699000106, -8.18217785, 0.0 ], [ 112.143544240000097, -8.182514416999936, 0.0 ], [ 112.14348, -8.1827, 0.0 ], [ 112.14341, -8.18316, 0.0 ], [ 112.14335999900004, -8.18339, 0.0 ], [ 112.14325, -8.18372, 0.0 ], [ 112.143238744000087, -8.183781906999968, 0.0 ], [ 112.142842401000053, -8.183955306999962, 0.0 ], [ 112.142592557000057, -8.18407666, 0.0 ], [ 112.142371268000034, -8.184383609999941, 0.0 ], [ 112.142337675000022, -8.184505602999934, 0.0 ], [ 112.14218, -8.18475, 0.0 ], [ 112.142, -8.184919998999931, 0.0 ], [ 112.141938398000093, -8.184988848999978, 0.0 ], [ 112.141714536000109, -8.185147416999939, 0.0 ], [ 112.14165742900002, -8.185275907999937, 0.0 ], [ 112.141593184000044, -8.185454367999967, 0.0 ], [ 112.141743090000091, -8.18578273299994, 0.0 ], [ 112.1417288130001, -8.18597547, 0.0 ], [ 112.14173595200009, -8.186318111999981, 0.0 ], [ 112.141921549000017, -8.186710722999976, 0.0 ], [ 112.142613973000039, -8.188116984999965, 0.0 ], [ 112.142771017000086, -8.188409657999955, 0.0 ], [ 112.142985169000099, -8.188609532999976, 0.0 ], [ 112.143135075000032, -8.188709469999935, 0.0 ], [ 112.143384918000038, -8.188795130999949, 0.0 ], [ 112.143541962000086, -8.188895067999965, 0.0 ], [ 112.143556198000056, -8.189037913999925, 0.0 ], [ 112.143470579000109, -8.189259125999968, 0.0 ], [ 112.143363503000046, -8.189423308999949, 0.0 ], [ 112.143299257000081, -8.189651736999963, 0.0 ], [ 112.14337, -8.190009998999926, 0.0 ], [ 112.14359, -8.19043, 0.0 ], [ 112.143689999000117, -8.19063, 0.0 ], [ 112.143690546000016, -8.190637658999947, 0.0 ], [ 112.143606208000051, -8.19085098499994, 0.0 ], [ 112.143227874000104, -8.191222180999944, 0.0 ], [ 112.143085106000058, -8.191343533999941, 0.0 ], [ 112.142963753000117, -8.191550546999963, 0.0 ], [ 112.142878093000036, -8.191736144999936, 0.0 ], [ 112.142856678000044, -8.191943157999958, 0.0 ], [ 112.142920615000094, -8.192382197999962, 0.0 ], [ 112.142830000000117, -8.1925, 0.0 ], [ 112.142539999000064, -8.19288, 0.0 ], [ 112.142479999000102, -8.193519998999932, 0.0 ], [ 112.14246, -8.19371, 0.0 ], [ 112.142290000000116, -8.19388, 0.0 ], [ 112.142055054000025, -8.19399257799995, 0.0 ], [ 112.141757367000082, -8.193927627999926, 0.0 ], [ 112.141621737000037, -8.193849105999959, 0.0 ], [ 112.141478970000094, -8.193920489999925, 0.0 ], [ 112.141314787000056, -8.194370207999953, 0.0 ], [ 112.141143466000017, -8.194655743999931, 0.0 ], [ 112.141029252000067, -8.194762818999948, 0.0 ], [ 112.14058667200004, -8.194620051999948, 0.0 ], [ 112.140429627000117, -8.194662881999932, 0.0 ], [ 112.140415351000115, -8.194877032999955, 0.0 ], [ 112.140478750000057, -8.195140384999945, 0.0 ], [ 112.14041, -8.1955, 0.0 ], [ 112.140409297000019, -8.195511710999938, 0.0 ], [ 112.140343967000035, -8.195662255999935, 0.0 ], [ 112.140451043000098, -8.195919236999941, 0.0 ], [ 112.140422489000116, -8.196019174999947, 0.0 ], [ 112.140062873000034, -8.196246142999939, 0.0 ], [ 112.139772896000068, -8.196333263999975, 0.0 ], [ 112.139587298000038, -8.196468892999974, 0.0 ], [ 112.139672959000109, -8.196797257999947, 0.0 ], [ 112.140037016000065, -8.19736119099997, 0.0 ], [ 112.140115539000021, -8.197546788999944, 0.0 ], [ 112.140129815000023, -8.197732386999974, 0.0 ], [ 112.140029878000064, -8.197882292999964, 0.0 ], [ 112.139723034000099, -8.198048201999939, 0.0 ], [ 112.13955, -8.19811, 0.0 ], [ 112.139500000000112, -8.19825, 0.0 ], [ 112.13951, -8.19864, 0.0 ], [ 112.13951, -8.19879, 0.0 ], [ 112.13956, -8.198959998999953, 0.0 ], [ 112.13964, -8.19903, 0.0 ], [ 112.14001, -8.19915, 0.0 ], [ 112.14006, -8.19923, 0.0 ], [ 112.14003, -8.19948, 0.0 ], [ 112.13997, -8.199819998999942, 0.0 ], [ 112.13997, -8.19997, 0.0 ], [ 112.14003, -8.200109998999949, 0.0 ], [ 112.140119999000035, -8.2002, 0.0 ], [ 112.1402700000001, -8.20034, 0.0 ], [ 112.14034, -8.20047, 0.0 ], [ 112.140130000000113, -8.20123, 0.0 ], [ 112.1401, -8.20142, 0.0 ], [ 112.140119999000035, -8.20166, 0.0 ], [ 112.14017, -8.2019, 0.0 ], [ 112.140239999000073, -8.20207, 0.0 ], [ 112.140549999000086, -8.202429998999946, 0.0 ], [ 112.140649999000061, -8.20259, 0.0 ], [ 112.14068, -8.202899998999953, 0.0 ], [ 112.140569999000036, -8.20318999899996, 0.0 ], [ 112.14034, -8.20386, 0.0 ], [ 112.14021, -8.20415, 0.0 ], [ 112.14002, -8.20445, 0.0 ], [ 112.13993, -8.20478, 0.0 ], [ 112.1399, -8.204889998999931, 0.0 ], [ 112.139860000000112, -8.20509, 0.0 ], [ 112.13971, -8.205179998999938, 0.0 ], [ 112.13951, -8.205259998999963, 0.0 ], [ 112.13933, -8.20542, 0.0 ], [ 112.13918, -8.205629998999939, 0.0 ], [ 112.13915, -8.20582, 0.0 ], [ 112.1391, -8.20659, 0.0 ], [ 112.13902, -8.206819998999947, 0.0 ], [ 112.138960000000111, -8.20692, 0.0 ], [ 112.13894, -8.20724, 0.0 ], [ 112.13894, -8.20737, 0.0 ], [ 112.13881, -8.20753, 0.0 ], [ 112.13857, -8.20763999899998, 0.0 ], [ 112.1385, -8.2077, 0.0 ], [ 112.13861, -8.20788, 0.0 ], [ 112.1387, -8.20806, 0.0 ], [ 112.13874, -8.20827, 0.0 ], [ 112.13872, -8.20837, 0.0 ], [ 112.13861, -8.20848, 0.0 ], [ 112.13841, -8.20857, 0.0 ], [ 112.13807, -8.20863, 0.0 ], [ 112.13794, -8.208669998999937, 0.0 ], [ 112.137899999000069, -8.20872, 0.0 ], [ 112.137970000000109, -8.20884, 0.0 ], [ 112.138229999000032, -8.20901, 0.0 ], [ 112.138347438000096, -8.209120521999978, 0.0 ], [ 112.138400976000071, -8.209221648999971, 0.0 ], [ 112.138400976000071, -8.20941200599998, 0.0 ], [ 112.138424770000029, -8.209483389999946, 0.0 ], [ 112.1385140000001, -8.209536927999977, 0.0 ], [ 112.138609178000024, -8.209620208999979, 0.0 ], [ 112.138692460000016, -8.209739181999964, 0.0 ], [ 112.138692460000016, -8.209822462999966, 0.0 ], [ 112.138725891000036, -8.209996849999925, 0.0 ], [ 112.138960149000013, -8.210024716999953, 0.0 ], [ 112.139126711000017, -8.21005446099997, 0.0 ], [ 112.139257582000027, -8.21005446099997, 0.0 ], [ 112.139388452000048, -8.210149638999951, 0.0 ], [ 112.139513374000103, -8.21040543099997, 0.0 ], [ 112.139560963, -8.210625530999948, 0.0 ], [ 112.139596655000105, -8.2108515799999, 0.0 ], [ 112.139566911000088, -8.211012193999977, 0.0 ], [ 112.139447765000114, -8.211239918999979, 0.0 ], [ 112.139465784000095, -8.211416701999951, 0.0 ], [ 112.139519322000069, -8.211559469999941, 0.0 ], [ 112.139662090000115, -8.211708185999953, 0.0 ], [ 112.139787012000056, -8.211833107999951, 0.0 ], [ 112.139894087000016, -8.211922336999976, 0.0 ], [ 112.139978818000031, -8.212031276999937, 0.0 ], [ 112.1398, -8.21204, 0.0 ], [ 112.13972999900011, -8.21206, 0.0 ], [ 112.13909, -8.21207, 0.0 ], [ 112.13872, -8.21204, 0.0 ], [ 112.13839, -8.21209, 0.0 ], [ 112.13756, -8.21214, 0.0 ], [ 112.136629999000093, -8.21204, 0.0 ], [ 112.13637, -8.21206, 0.0 ], [ 112.13594, -8.21207, 0.0 ], [ 112.135788779000109, -8.212117753999962, 0.0 ], [ 112.135790825000072, -8.212226339999972, 0.0 ], [ 112.135743236000053, -8.212664160999964, 0.0 ], [ 112.13571468300006, -8.212759338999945, 0.0 ], [ 112.135648058000015, -8.212787892999927, 0.0 ], [ 112.135552879000102, -8.212787892999927, 0.0 ], [ 112.135276862000069, -8.212740303999965, 0.0 ], [ 112.135004219000052, -8.212848879999967, 0.0 ], [ 112.134934517000033, -8.213042494999968, 0.0 ], [ 112.134863133000067, -8.213232851999976, 0.0 ], [ 112.134744160000082, -8.21349459299995, 0.0 ], [ 112.134637084000019, -8.213649257999975, 0.0 ], [ 112.134518111000034, -8.213863408999941, 0.0 ], [ 112.134232576000045, -8.214125149999973, 0.0 ], [ 112.133911349000073, -8.214244122999958, 0.0 ], [ 112.133649608000042, -8.214398787999926, 0.0 ], [ 112.133138024, -8.214612939999938, 0.0 ], [ 112.132888181000112, -8.21483898799994, 0.0 ], [ 112.132757310000102, -8.214934166999967, 0.0 ], [ 112.132543159000079, -8.215053139999952, 0.0 ], [ 112.132245726000065, -8.215053139999952, 0.0 ], [ 112.132043472000078, -8.214993652999965, 0.0 ], [ 112.131912601000067, -8.214946063999946, 0.0 ], [ 112.131746039000063, -8.214862782999944, 0.0 ], [ 112.131686553, -8.21483898799994, 0.0 ], [ 112.131519990000015, -8.214755706999938, 0.0 ], [ 112.131317736000028, -8.214482068999928, 0.0 ], [ 112.131222558000104, -8.214208430999975, 0.0 ], [ 112.131186866, -8.213863408999941, 0.0 ], [ 112.131174969000085, -8.213673051999933, 0.0 ], [ 112.1310559960001, -8.213411311999948, 0.0 ], [ 112.130891800000086, -8.213016453999956, 0.0 ], [ 112.130840691000117, -8.213021452999953, 0.0 ], [ 112.130829947000052, -8.212590397999975, 0.0 ], [ 112.130829947000052, -8.212507116999973, 0.0 ], [ 112.13085374100001, -8.212221580999937, 0.0 ], [ 112.130948920000037, -8.21188845699993, 0.0 ], [ 112.130960817000073, -8.211662407999938, 0.0 ], [ 112.129513279000093, -8.211812584999961, 0.0 ], [ 112.128942209000115, -8.211562741999956, 0.0 ], [ 112.128549598000063, -8.211277206999966, 0.0 ], [ 112.128228370000102, -8.21117013099996, 0.0 ], [ 112.127443148000111, -8.211134438999977, 0.0 ], [ 112.126979153000093, -8.211134438999977, 0.0 ], [ 112.125944088000097, -8.211134438999977, 0.0 ], [ 112.124780000000101, -8.21092, 0.0 ], [ 112.124280000000113, -8.21051, 0.0 ], [ 112.12369999900011, -8.210389998999972, 0.0 ], [ 112.1235, -8.21034, 0.0 ], [ 112.123374270000113, -8.209563994999939, 0.0 ], [ 112.123309999000071, -8.20855, 0.0 ], [ 112.123369999000033, -8.20827, 0.0 ], [ 112.12349, -8.207499998999936, 0.0 ], [ 112.12336, -8.207189998999979, 0.0 ], [ 112.12324, -8.20708, 0.0 ], [ 112.12312, -8.20691, 0.0 ], [ 112.12309, -8.20667, 0.0 ], [ 112.12323, -8.20592, 0.0 ], [ 112.12315, -8.20519, 0.0 ], [ 112.12305, -8.20499, 0.0 ], [ 112.12262, -8.2043, 0.0 ], [ 112.12225, -8.20378, 0.0 ], [ 112.12207, -8.203329998999948, 0.0 ], [ 112.12204, -8.203, 0.0 ], [ 112.1221, -8.20271, 0.0 ], [ 112.12219, -8.2025, 0.0 ], [ 112.12228, -8.20231, 0.0 ], [ 112.1225, -8.20188, 0.0 ], [ 112.12267, -8.20155, 0.0 ], [ 112.1228, -8.20125, 0.0 ], [ 112.122919999000032, -8.20113, 0.0 ], [ 112.12321, -8.200889998999969, 0.0 ], [ 112.12342, -8.200539998999943, 0.0 ], [ 112.12354, -8.20029, 0.0 ], [ 112.12379, -8.200149998999962, 0.0 ], [ 112.124, -8.19998, 0.0 ], [ 112.12412, -8.199799998999936, 0.0 ], [ 112.124280000000113, -8.19942, 0.0 ], [ 112.12436, -8.19887, 0.0 ], [ 112.124280000000113, -8.19843, 0.0 ], [ 112.12427, -8.19815, 0.0 ], [ 112.12432, -8.19778, 0.0 ], [ 112.124460000000113, -8.19762, 0.0 ], [ 112.124499999000022, -8.19752, 0.0 ], [ 112.124460000000113, -8.19737, 0.0 ], [ 112.124370000000113, -8.19711, 0.0 ], [ 112.12445, -8.197049998999944, 0.0 ], [ 112.124539999000035, -8.196969998999975, 0.0 ], [ 112.124499999000022, -8.19657, 0.0 ], [ 112.124599999000111, -8.19643, 0.0 ], [ 112.12476, -8.196169998999949, 0.0 ], [ 112.12472, -8.19608, 0.0 ], [ 112.12449, -8.195759998999961, 0.0 ], [ 112.12414, -8.19494, 0.0 ], [ 112.1240600000001, -8.19470999899994, 0.0 ], [ 112.12396, -8.194629998999972, 0.0 ], [ 112.12375, -8.19453, 0.0 ], [ 112.12369, -8.19448, 0.0 ], [ 112.1235, -8.194299998999952, 0.0 ], [ 112.1234, -8.19398, 0.0 ], [ 112.12336, -8.19364, 0.0 ], [ 112.12346, -8.19334, 0.0 ], [ 112.12364, -8.19293, 0.0 ], [ 112.12361, -8.19269, 0.0 ], [ 112.12359, -8.19243, 0.0 ], [ 112.12367, -8.19219, 0.0 ], [ 112.12393, -8.19137, 0.0 ], [ 112.12391, -8.19123, 0.0 ], [ 112.12384, -8.191119998999966, 0.0 ], [ 112.12371, -8.19091, 0.0 ], [ 112.12366, -8.19066, 0.0 ], [ 112.12369999900011, -8.19045, 0.0 ], [ 112.123799999000084, -8.19013, 0.0 ], [ 112.12403, -8.189559998999925, 0.0 ], [ 112.124, -8.18943, 0.0 ], [ 112.12387, -8.18918999899995, 0.0 ], [ 112.12359, -8.18856, 0.0 ], [ 112.123290000000111, -8.187649998999973, 0.0 ], [ 112.123329999000021, -8.18742, 0.0 ], [ 112.123389999000096, -8.18705, 0.0 ], [ 112.12332, -8.18696, 0.0 ], [ 112.12297, -8.18654, 0.0 ], [ 112.12301, -8.18645, 0.0 ], [ 112.123110000000111, -8.186359998999933, 0.0 ], [ 112.1234, -8.18606, 0.0 ], [ 112.123389999000096, -8.18591, 0.0 ], [ 112.12327, -8.18563, 0.0 ], [ 112.12283, -8.184879998999975, 0.0 ], [ 112.122210000000109, -8.18436, 0.0 ], [ 112.12135, -8.18383, 0.0 ], [ 112.12100999900008, -8.18361, 0.0 ], [ 112.120860000000107, -8.18335, 0.0 ], [ 112.12082, -8.18315, 0.0 ], [ 112.12078, -8.18303, 0.0 ], [ 112.12053, -8.18226, 0.0 ], [ 112.12046, -8.18134, 0.0 ], [ 112.12047, -8.18103, 0.0 ], [ 112.11976, -8.17972, 0.0 ], [ 112.11914, -8.178289998999958, 0.0 ], [ 112.11882, -8.17736999899995, 0.0 ], [ 112.11854, -8.17658, 0.0 ], [ 112.118380000000116, -8.176319998999929, 0.0 ], [ 112.11809, -8.17601, 0.0 ], [ 112.117909999000062, -8.17578, 0.0 ], [ 112.11781, -8.17562, 0.0 ], [ 112.11733, -8.17524, 0.0 ], [ 112.117149999000048, -8.175109998999972, 0.0 ], [ 112.117274514000087, -8.17447950299993, 0.0 ], [ 112.117335191000052, -8.17437242699998, 0.0 ], [ 112.117385159000037, -8.174301042999957, 0.0 ], [ 112.117445835000012, -8.174247504999926, 0.0 ], [ 112.117573705000041, -8.174168474999931, 0.0 ], [ 112.117656389000103, -8.173985107999954, 0.0 ], [ 112.11774, -8.17376, 0.0 ], [ 112.11778, -8.173469998999963, 0.0 ], [ 112.11776, -8.17337, 0.0 ], [ 112.11767, -8.17304, 0.0 ], [ 112.117800000000102, -8.171909998999979, 0.0 ], [ 112.11777, -8.17172, 0.0 ], [ 112.11778, -8.170799998999939, 0.0 ], [ 112.117829999000037, -8.17055, 0.0 ], [ 112.11786, -8.1704, 0.0 ], [ 112.11786999900005, -8.1702, 0.0 ], [ 112.11777, -8.16988, 0.0 ], [ 112.11764, -8.16962, 0.0 ], [ 112.11736, -8.16934, 0.0 ], [ 112.11725, -8.169139998999981, 0.0 ], [ 112.116607075000047, -8.167908620999981, 0.0 ], [ 112.117411764000053, -8.167410980999932, 0.0 ], [ 112.118385715000045, -8.166948978999926, 0.0 ], [ 112.120475715000111, -8.166418978999957, 0.0 ], [ 112.12135571500005, -8.166048978999982, 0.0 ], [ 112.122036399000081, -8.16559518899993, 0.0 ], [ 112.122255714000062, -8.165448978999962, 0.0 ], [ 112.123685715000079, -8.163778978999972, 0.0 ], [ 112.124015715000041, -8.163698977999957, 0.0 ], [ 112.124155715000029, -8.163688978999971, 0.0 ], [ 112.124455715000067, -8.163738978999959, 0.0 ], [ 112.12467571500008, -8.163658977999944, 0.0 ], [ 112.124795715, -8.163558978999959, 0.0 ], [ 112.124868862000085, -8.163193243999956, 0.0 ], [ 112.124895715000093, -8.16305897899997, 0.0 ], [ 112.124905715000068, -8.162978978999945, 0.0 ], [ 112.124975715, -8.162868978999938, 0.0 ], [ 112.125095715000043, -8.162768978999964, 0.0 ], [ 112.125165715000094, -8.16269897899997, 0.0 ], [ 112.125300231000097, -8.161274089999949, 0.0 ], [ 112.125315042000011, -8.160631132999981, 0.0 ], [ 112.125326145000031, -8.160149170999944, 0.0 ], [ 112.125873196000043, -8.160165647999975, 0.0 ], [ 112.128486069000019, -8.160244348999981, 0.0 ], [ 112.128537061000088, -8.15979052299997, 0.0 ], [ 112.128676426000084, -8.158550172999981, 0.0 ], [ 112.128866783000035, -8.156532389999938, 0.0 ], [ 112.129321013000094, -8.156556942999941, 0.0 ], [ 112.131684065000059, -8.156684675999941, 0.0 ], [ 112.135473549000039, -8.156773742999974, 0.0 ], [ 112.136029159000032, -8.156804274999956, 0.0 ] ] ] ] } },
{ "type": "Feature", "properties": { "OBJECTID": 116133.0, "KDPPUM": "35", "NAMOBJ": "Bendosari", "REMARK": null, "KDPBPS": null, "FCODE": "BA03070040", "LUASWH": 5.46673365, "UUPP": "Hasil Delineasi Batas Desa 2019", "SRS_ID": "SRGI 2013", "METADATA": "TASWIL1000020200326DATA_BATAS_DESA_KELURAHAN", "KDEBPS": null, "KDEPUM": "35.05.04.2005", "KDCBPS": null, "KDCPUM": "35.05.04", "KDBBPS": null, "WADMKD": "Bendosari", "WIADKD": null, "WADMKC": "Kademangan", "WIADKC": null, "WADMKK": "Blitar", "WIADKK": null, "WADMPR": "Jawa Timur", "WIADPR": null, "TIPADM": 1.0, "KDPKAB": "35.05", "SHAPE_Leng": 0.10506100426140499, "SHAPE_Area": 0.000442950231121 }, "geometry": { "type": "MultiPolygon", "coordinates": [ [ [ [ 112.124398565000092, -8.228199454999981, 0.0 ], [ 112.124559999000098, -8.22932, 0.0 ], [ 112.124680835000049, -8.229704476999927, 0.0 ], [ 112.124164134000011, -8.230124512999964, 0.0 ], [ 112.123990656000046, -8.230358299999978, 0.0 ], [ 112.123526427000115, -8.229695586999981, 0.0 ], [ 112.123484428000097, -8.229707668999936, 0.0 ], [ 112.123034686000096, -8.229924280999967, 0.0 ], [ 112.122956726000098, -8.229960391999953, 0.0 ], [ 112.122770633000073, -8.229978857999981, 0.0 ], [ 112.122344336000083, -8.229992013999947, 0.0 ], [ 112.12193593500001, -8.229963243999975, 0.0 ], [ 112.121575639000071, -8.229958267999962, 0.0 ], [ 112.120987014000093, -8.229900089999944, 0.0 ], [ 112.120314510000071, -8.229907947999948, 0.0 ], [ 112.119515789000047, -8.229874281999969, 0.0 ], [ 112.119011347000082, -8.229857740999933, 0.0 ], [ 112.11828468300007, -8.22982387199994, 0.0 ], [ 112.117918281000016, -8.229783016999932, 0.0 ], [ 112.117491648000055, -8.229676525999935, 0.0 ], [ 112.117221154000049, -8.229575582999928, 0.0 ], [ 112.116926691000117, -8.229492651999976, 0.0 ], [ 112.116602205000049, -8.229409804999932, 0.0 ], [ 112.11643407400004, -8.229410271999939, 0.0 ], [ 112.116301754, -8.229332871999929, 0.0 ], [ 112.116199407000067, -8.229237442999931, 0.0 ], [ 112.116097060000016, -8.229142013999933, 0.0 ], [ 112.116048788000057, -8.22905839799995, 0.0 ], [ 112.115400336000107, -8.229078145999949, 0.0 ], [ 112.115004029000033, -8.229079245999969, 0.0 ], [ 112.114913942000044, -8.229073512999946, 0.0 ], [ 112.11489581100011, -8.229031688999953, 0.0 ], [ 112.114919712000074, -8.228989747999947, 0.0 ], [ 112.114985546000071, -8.228911797999956, 0.0 ], [ 112.115021306000017, -8.228815984999926, 0.0 ], [ 112.115027060000102, -8.228726236999933, 0.0 ], [ 112.11501480000004, -8.228636539999968, 0.0 ], [ 112.114972299000101, -8.228469158999928, 0.0 ], [ 112.114893603000041, -8.228242056999932, 0.0 ], [ 112.114844964000099, -8.22802683599997, 0.0 ], [ 112.114610783000103, -8.228027485999974, 0.0 ], [ 112.114598556000033, -8.227949751999972, 0.0 ], [ 112.114562295000042, -8.22786610299994, 0.0 ], [ 112.11445983100009, -8.227728798999976, 0.0 ], [ 112.11418862000005, -8.227370623999946, 0.0 ], [ 112.113833060000047, -8.22691098699994, 0.0 ], [ 112.113664179000011, -8.226642259999949, 0.0 ], [ 112.113507641000069, -8.226493140999935, 0.0 ], [ 112.11336928500009, -8.226403792999974, 0.0 ], [ 112.113237099000116, -8.226374248999946, 0.0 ], [ 112.113105014000098, -8.226380596999945, 0.0 ], [ 112.112955016000114, -8.226422886999956, 0.0 ], [ 112.112859125000114, -8.226488955999969, 0.0 ], [ 112.112715398000091, -8.226626941999939, 0.0 ], [ 112.112607532000084, -8.226705007999954, 0.0 ], [ 112.112451579000094, -8.226765260999969, 0.0 ], [ 112.112193496000032, -8.226807849999943, 0.0 ], [ 112.112121441000113, -8.226808049999931, 0.0 ], [ 112.111959099000046, -8.226730731999965, 0.0 ], [ 112.111630690000084, -8.226531836999925, 0.0 ], [ 112.111168685000052, -8.226228026999934, 0.0 ], [ 112.110797089000016, -8.226046001999975, 0.0 ], [ 112.110670862, -8.225999689999981, 0.0 ], [ 112.110487091000095, -8.22598943, 0.0 ], [ 112.109795179000116, -8.225926733999927, 0.0 ], [ 112.10952846400005, -8.225887988999943, 0.0 ], [ 112.109442038000111, -8.225902583999925, 0.0 ], [ 112.109399862000032, -8.225985744999946, 0.0 ], [ 112.109312653000075, -8.225935137999954, 0.0 ], [ 112.109213486000044, -8.225902509999969, 0.0 ], [ 112.109108380000066, -8.225893826999936, 0.0 ], [ 112.109036141000047, -8.225828222999951, 0.0 ], [ 112.108969908000063, -8.225762602999964, 0.0 ], [ 112.108849616000043, -8.225691148999942, 0.0 ], [ 112.108729324000024, -8.225619694999978, 0.0 ], [ 112.108573071000023, -8.22557226899994, 0.0 ], [ 112.10836297600008, -8.225596776999964, 0.0 ], [ 112.108272990000046, -8.225626935999969, 0.0 ], [ 112.10820693900007, -8.225627117999977, 0.0 ], [ 112.108164773000112, -8.225579376999974, 0.0 ], [ 112.108104412000102, -8.225465883999959, 0.0 ], [ 112.108044033000056, -8.22534640799995, 0.0 ], [ 112.107935485000098, -8.22517920699994, 0.0 ], [ 112.107881244000055, -8.225107570999967, 0.0 ], [ 112.107821115000093, -8.225077825999961, 0.0 ], [ 112.107815160000087, -8.225095788999965, 0.0 ], [ 112.107797429000016, -8.22519753399996, 0.0 ], [ 112.107785619000083, -8.225269351999941, 0.0 ], [ 112.107725639000023, -8.225293445999966, 0.0 ], [ 112.107629532000033, -8.22528174699994, 0.0 ], [ 112.107473279000033, -8.22523432, 0.0 ], [ 112.107437135000055, -8.22519254499997, 0.0 ], [ 112.107424943000069, -8.225126774999978, 0.0 ], [ 112.107424661000096, -8.225025079999966, 0.0 ], [ 112.107340381000085, -8.224947543999974, 0.0 ], [ 112.107262271000081, -8.22492981299996, 0.0 ], [ 112.107190133000017, -8.224900100999946, 0.0 ], [ 112.107135825000114, -8.224804536999955, 0.0 ], [ 112.107009463000054, -8.224709170999972, 0.0 ], [ 112.106907152000076, -8.224625702999958, 0.0 ], [ 112.106810996000036, -8.224596056999928, 0.0 ], [ 112.106714939000085, -8.224602303999973, 0.0 ], [ 112.10649288400009, -8.224644789999957, 0.0 ], [ 112.106396794000034, -8.224639071999945, 0.0 ], [ 112.106336682, -8.224615308999944, 0.0 ], [ 112.106222279, -8.224501963999955, 0.0 ], [ 112.106071849000045, -8.224388716999954, 0.0 ], [ 112.105969820000041, -8.224406943999952, 0.0 ], [ 112.10574750100011, -8.224353716999929, 0.0 ], [ 112.105639368000084, -8.224336067999957, 0.0 ], [ 112.105302878000089, -8.224253242999964, 0.0 ], [ 112.104743986000017, -8.224087279999935, 0.0 ], [ 112.104100947, -8.223891635999962, 0.0 ], [ 112.103037422000057, -8.223637323999981, 0.0 ], [ 112.10220812600005, -8.223400312999956, 0.0 ], [ 112.101414420000083, -8.22313552199995, 0.0 ], [ 112.101389999000048, -8.223139998999955, 0.0 ], [ 112.101207571000032, -8.223205299999961, 0.0 ], [ 112.100546745000088, -8.223566037999944, 0.0 ], [ 112.100161272000037, -8.223770671999944, 0.0 ], [ 112.099190021000027, -8.223943452999947, 0.0 ], [ 112.09859, -8.22418, 0.0 ], [ 112.09706, -8.224759998999957, 0.0 ], [ 112.09612, -8.22501, 0.0 ], [ 112.09485999900005, -8.22518, 0.0 ], [ 112.09379, -8.225229998999964, 0.0 ], [ 112.092499999000097, -8.22559, 0.0 ], [ 112.09143, -8.22607, 0.0 ], [ 112.091358678, -8.225925054999948, 0.0 ], [ 112.09112, -8.22544, 0.0 ], [ 112.09072, -8.22427, 0.0 ], [ 112.090794405000111, -8.223738707999928, 0.0 ], [ 112.090775369000085, -8.223357993999969, 0.0 ], [ 112.090775369000085, -8.222920172999977, 0.0 ], [ 112.090775369000085, -8.222406209999974, 0.0 ], [ 112.090927655000087, -8.221739960999969, 0.0 ], [ 112.091041869000037, -8.221149853999975, 0.0 ], [ 112.091175119000013, -8.22048360499997, 0.0 ], [ 112.091227943000035, -8.219400474999929, 0.0 ], [ 112.091256496000028, -8.219186322999974, 0.0 ], [ 112.091270773000019, -8.218929340999978, 0.0 ], [ 112.091299327000115, -8.218729466999946, 0.0 ], [ 112.09128505000001, -8.218087011999955, 0.0 ], [ 112.091270773000019, -8.217915690999973, 0.0 ], [ 112.091242219000037, -8.217658708999977, 0.0 ], [ 112.09117083600006, -8.217301789999965, 0.0 ], [ 112.091056621, -8.217116191999935, 0.0 ], [ 112.09098523800003, -8.217016254999976, 0.0 ], [ 112.090813916000116, -8.216802102999964, 0.0 ], [ 112.090642595000077, -8.216330969999945, 0.0 ], [ 112.090628319000075, -8.21594549699995, 0.0 ], [ 112.090785363, -8.215545747999954, 0.0 ], [ 112.09128505000001, -8.215174551999951, 0.0 ], [ 112.091327880000108, -8.21516027499996, 0.0 ], [ 112.091384987000083, -8.215074613999946, 0.0 ], [ 112.091413541000065, -8.214874739999971, 0.0 ], [ 112.091384987000083, -8.214546373999951, 0.0 ], [ 112.091313603000117, -8.214246561999971, 0.0 ], [ 112.091185112000062, -8.214103793999925, 0.0 ], [ 112.091070898000112, -8.213718321999977, 0.0 ], [ 112.091028068000014, -8.213461339999981, 0.0 ], [ 112.090956684000048, -8.213104420999969, 0.0 ], [ 112.090913854000064, -8.212833161999981, 0.0 ], [ 112.090856747000089, -8.211819511999977, 0.0 ], [ 112.09087102400008, -8.211633913999947, 0.0 ], [ 112.090956684000048, -8.211491145999958, 0.0 ], [ 112.091128005000087, -8.211448315999974, 0.0 ], [ 112.091313603000117, -8.211376931999951, 0.0 ], [ 112.091413541000065, -8.211248440999952, 0.0 ], [ 112.091442094000058, -8.211119949999954, 0.0 ], [ 112.091413541000065, -8.210862967999958, 0.0 ], [ 112.091399264000074, -8.210534602999928, 0.0 ], [ 112.091427817000067, -8.210191959999975, 0.0 ], [ 112.091342157000099, -8.210063469999966, 0.0 ], [ 112.091056621, -8.209992085999943, 0.0 ], [ 112.091042345, -8.209849317999954, 0.0 ], [ 112.091101802000026, -8.209471917999963, 0.0 ], [ 112.092979444000093, -8.209560788999966, 0.0 ], [ 112.093893157000025, -8.209589341999958, 0.0 ], [ 112.097412380000037, -8.209782077999932, 0.0 ], [ 112.09744, -8.209859998999946, 0.0 ], [ 112.097489999000118, -8.209919998999965, 0.0 ], [ 112.09756, -8.20999, 0.0 ], [ 112.09784, -8.21048, 0.0 ], [ 112.098269999000081, -8.210659998999972, 0.0 ], [ 112.099519999000108, -8.21083, 0.0 ], [ 112.101119999000048, -8.21108, 0.0 ], [ 112.102, -8.211169998999935, 0.0 ], [ 112.1029, -8.21123, 0.0 ], [ 112.1039, -8.21126, 0.0 ], [ 112.10473, -8.21126, 0.0 ], [ 112.10593, -8.21119, 0.0 ], [ 112.107, -8.21102, 0.0 ], [ 112.10791, -8.21102, 0.0 ], [ 112.108700000000113, -8.21112, 0.0 ], [ 112.10954, -8.21134, 0.0 ], [ 112.109989999000049, -8.21139, 0.0 ], [ 112.110499999000012, -8.21125, 0.0 ], [ 112.11057, -8.21116, 0.0 ], [ 112.11076, -8.21097, 0.0 ], [ 112.111589999000103, -8.21006, 0.0 ], [ 112.11179, -8.20993, 0.0 ], [ 112.11193, -8.20985, 0.0 ], [ 112.112389999000015, -8.20965, 0.0 ], [ 112.11301, -8.20941, 0.0 ], [ 112.11338, -8.20943, 0.0 ], [ 112.11404, -8.209589998999945, 0.0 ], [ 112.11464, -8.20987, 0.0 ], [ 112.11505000000011, -8.21018, 0.0 ], [ 112.116415521000022, -8.211194386999978, 0.0 ], [ 112.117363367000053, -8.211445321999975, 0.0 ], [ 112.11955247100002, -8.212097293999932, 0.0 ], [ 112.120604193000077, -8.212368552999976, 0.0 ], [ 112.120927800000118, -8.212501801999963, 0.0 ], [ 112.121736403000114, -8.212902348999933, 0.0 ], [ 112.122236503000067, -8.212939622999954, 0.0 ], [ 112.124264366000034, -8.213338946999954, 0.0 ], [ 112.124460000000113, -8.21335, 0.0 ], [ 112.124479999000073, -8.21352, 0.0 ], [ 112.12449, -8.213799998999946, 0.0 ], [ 112.12441, -8.21424, 0.0 ], [ 112.12425, -8.2149, 0.0 ], [ 112.12399, -8.215709998999955, 0.0 ], [ 112.12375, -8.21634, 0.0 ], [ 112.12358, -8.21679, 0.0 ], [ 112.123429999000109, -8.21714, 0.0 ], [ 112.12322, -8.21764, 0.0 ], [ 112.123110000000111, -8.21803, 0.0 ], [ 112.12299, -8.21849999899996, 0.0 ], [ 112.12285, -8.21909, 0.0 ], [ 112.12268, -8.21974, 0.0 ], [ 112.12258, -8.2203, 0.0 ], [ 112.122509999000044, -8.220819998999957, 0.0 ], [ 112.12249, -8.22142, 0.0 ], [ 112.12244, -8.22186, 0.0 ], [ 112.12245, -8.22245, 0.0 ], [ 112.12246, -8.222909998999967, 0.0 ], [ 112.12283, -8.22372, 0.0 ], [ 112.12309, -8.224079998999969, 0.0 ], [ 112.123380000000111, -8.22442, 0.0 ], [ 112.12369, -8.22464, 0.0 ], [ 112.12384, -8.224779998999963, 0.0 ], [ 112.12408, -8.22502, 0.0 ], [ 112.12457, -8.22548, 0.0 ], [ 112.124559999000098, -8.22571, 0.0 ], [ 112.1244, -8.226319998999941, 0.0 ], [ 112.12434, -8.22651, 0.0 ], [ 112.1242400000001, -8.22665, 0.0 ], [ 112.12416, -8.2267, 0.0 ], [ 112.124089999000034, -8.22691, 0.0 ], [ 112.124010000000112, -8.22739, 0.0 ], [ 112.12407, -8.22771, 0.0 ], [ 112.12439, -8.22814, 0.0 ], [ 112.124398565000092, -8.228199454999981, 0.0 ] ] ] ] } },
{ "type": "Feature", "properties": { "OBJECTID": 116134.0, "KDPPUM": "35", "NAMOBJ": "Pakisaji", "REMARK": null, "KDPBPS": null, "FCODE": "BA03070040", "LUASWH": 7.15813259, "UUPP": "Hasil Delineasi Batas Desa 2019", "SRS_ID": "SRGI 2013", "METADATA": "TASWIL1000020200326DATA_BATAS_DESA_KELURAHAN", "KDEBPS": null, "KDEPUM": "35.05.04.2003", "KDCBPS": null, "KDCPUM": "35.05.04", "KDBBPS": null, "WADMKD": "Pakisaji", "WIADKD": null, "WADMKC": "Kademangan", "WIADKC": null, "WADMKK": "Blitar", "WIADKK": null, "WADMPR": "Jawa Timur", "WIADPR": null, "TIPADM": 1.0, "KDPKAB": "35.05", "SHAPE_Leng": 0.165079837745433, "SHAPE_Area": 0.00057027604244499997 }, "geometry": { "type": "MultiPolygon", "coordinates": [ [ [ [ 112.059240552, -8.229978090999964, 0.0 ], [ 112.059229999000081, -8.22996, 0.0 ], [ 112.05904, -8.22978, 0.0 ], [ 112.059, -8.22969, 0.0 ], [ 112.05866, -8.2293, 0.0 ], [ 112.058369999000092, -8.22899, 0.0 ], [ 112.05819, -8.22886, 0.0 ], [ 112.05799, -8.2288, 0.0 ], [ 112.057820000000106, -8.22873999899997, 0.0 ], [ 112.05711, -8.22871, 0.0 ], [ 112.056789999000102, -8.228699998999957, 0.0 ], [ 112.05667, -8.22865, 0.0 ], [ 112.05619, -8.22816, 0.0 ], [ 112.05595, -8.22787, 0.0 ], [ 112.05577, -8.22771, 0.0 ], [ 112.05538, -8.2275, 0.0 ], [ 112.055300000000102, -8.227469998999936, 0.0 ], [ 112.05506, -8.22738, 0.0 ], [ 112.05452999900001, -8.22721, 0.0 ], [ 112.054159999000035, -8.22711, 0.0 ], [ 112.05391, -8.227, 0.0 ], [ 112.05343, -8.226809998999954, 0.0 ], [ 112.05294, -8.22666, 0.0 ], [ 112.05247999900007, -8.22656, 0.0 ], [ 112.05218, -8.2265, 0.0 ], [ 112.05191, -8.22646, 0.0 ], [ 112.05161, -8.22649, 0.0 ], [ 112.05087, -8.22657, 0.0 ], [ 112.050259999000104, -8.22666, 0.0 ], [ 112.049769999000091, -8.226749998999935, 0.0 ], [ 112.049260000000118, -8.22688, 0.0 ], [ 112.048949999000115, -8.22699, 0.0 ], [ 112.04873, -8.227059998999948, 0.0 ], [ 112.04851, -8.22717, 0.0 ], [ 112.04842, -8.22736, 0.0 ], [ 112.04847, -8.227589998999974, 0.0 ], [ 112.04857, -8.22764, 0.0 ], [ 112.04888, -8.22777, 0.0 ], [ 112.04892, -8.227879998999981, 0.0 ], [ 112.04889, -8.22802, 0.0 ], [ 112.04874, -8.22845, 0.0 ], [ 112.04878, -8.22861, 0.0 ], [ 112.04888, -8.228759998999976, 0.0 ], [ 112.04904999900009, -8.22895, 0.0 ], [ 112.048987584000088, -8.229059225999947, 0.0 ], [ 112.048969999000064, -8.229089998999939, 0.0 ], [ 112.048900000000117, -8.22925, 0.0 ], [ 112.04888, -8.22932, 0.0 ], [ 112.048712508000108, -8.229204881999976, 0.0 ], [ 112.048597313000073, -8.22912570799997, 0.0 ], [ 112.048464063000097, -8.228925833999938, 0.0 ], [ 112.04832129600004, -8.22871644099996, 0.0 ], [ 112.048169010000038, -8.22859270899994, 0.0 ], [ 112.047950100000094, -8.228488012999946, 0.0 ], [ 112.047764326000106, -8.228398327999969, 0.0 ], [ 112.047674082000071, -8.22835476299997, 0.0 ], [ 112.047531315000015, -8.228211994999981, 0.0 ], [ 112.047369511000056, -8.228088262999961, 0.0 ], [ 112.047255297000106, -8.228031155999929, 0.0 ], [ 112.047093494000023, -8.228031155999929, 0.0 ], [ 112.046960244000047, -8.228031155999929, 0.0 ], [ 112.046826994000071, -8.228059709999968, 0.0 ], [ 112.046722298000077, -8.228145370999925, 0.0 ], [ 112.046655673000032, -8.228173923999975, 0.0 ], [ 112.046470000000113, -8.2283, 0.0 ], [ 112.04635, -8.2283, 0.0 ], [ 112.046279999000035, -8.228249998999956, 0.0 ], [ 112.04618, -8.22806, 0.0 ], [ 112.0461, -8.227899998999931, 0.0 ], [ 112.0460700000001, -8.22781, 0.0 ], [ 112.0459, -8.22741, 0.0 ], [ 112.04574, -8.227199998999936, 0.0 ], [ 112.045539999000084, -8.22705, 0.0 ], [ 112.045459999000059, -8.22702, 0.0 ], [ 112.045275586000116, -8.226869978999957, 0.0 ], [ 112.045189925000045, -8.226717693999944, 0.0 ], [ 112.04513281800007, -8.226555890999975, 0.0 ], [ 112.04513281800007, -8.22639408699996, 0.0 ], [ 112.04513281800007, -8.226222765999978, 0.0 ], [ 112.045047157000113, -8.226156140999933, 0.0 ], [ 112.044990050000024, -8.22612758799994, 0.0 ], [ 112.044875836000074, -8.226013372999944, 0.0 ], [ 112.044809211000029, -8.225870605999944, 0.0 ], [ 112.044742586000098, -8.225756391999937, 0.0 ], [ 112.044675961000053, -8.22564217799993, 0.0 ], [ 112.044609336, -8.22554699899996, 0.0 ], [ 112.044504640000014, -8.225451820999979, 0.0 ], [ 112.044342837000045, -8.225347123999939, 0.0 ], [ 112.044200069000112, -8.225232909999932, 0.0 ], [ 112.04385, -8.22488, 0.0 ], [ 112.043410000000108, -8.22434, 0.0 ], [ 112.04319, -8.2241, 0.0 ], [ 112.04303, -8.22399, 0.0 ], [ 112.04246, -8.22381, 0.0 ], [ 112.04205, -8.22368, 0.0 ], [ 112.04185, -8.223649998999974, 0.0 ], [ 112.04146, -8.22371, 0.0 ], [ 112.041290000000117, -8.22372, 0.0 ], [ 112.04088, -8.22373, 0.0 ], [ 112.04025, -8.22371, 0.0 ], [ 112.03968, -8.223609998999962, 0.0 ], [ 112.039490000000114, -8.22364, 0.0 ], [ 112.03943, -8.22303, 0.0 ], [ 112.039400000000114, -8.22273, 0.0 ], [ 112.03932, -8.22243999899996, 0.0 ], [ 112.039310000000114, -8.222029998999972, 0.0 ], [ 112.039310000000114, -8.221969998999953, 0.0 ], [ 112.03929, -8.2219, 0.0 ], [ 112.039219999000011, -8.221699998999952, 0.0 ], [ 112.039105643000084, -8.221463208999978, 0.0 ], [ 112.039027121000117, -8.221348994999971, 0.0 ], [ 112.038848661000088, -8.221084874999974, 0.0 ], [ 112.038698755000041, -8.220892138999943, 0.0 ], [ 112.038527434000116, -8.220713678999971, 0.0 ], [ 112.038413220000052, -8.22055663499998, 0.0 ], [ 112.03824690700003, -8.220308809999949, 0.0 ], [ 112.038241899000013, -8.219992702999946, 0.0 ], [ 112.038234760000023, -8.21988562699994, 0.0 ], [ 112.038220484000021, -8.219785688999934, 0.0 ], [ 112.038177653000048, -8.219671474999927, 0.0 ], [ 112.038006332, -8.219578675999969, 0.0 ], [ 112.037685105000037, -8.219507292999936, 0.0 ], [ 112.037478092000015, -8.219507292999936, 0.0 ], [ 112.037228248000019, -8.219457323999961, 0.0 ], [ 112.03712117300006, -8.219385939999938, 0.0 ], [ 112.037071204000085, -8.219321694999962, 0.0 ], [ 112.037071204000085, -8.219143234999933, 0.0 ], [ 112.037064066000084, -8.219121819999941, 0.0 ], [ 112.037006959000109, -8.219007605999934, 0.0 ], [ 112.036914160000038, -8.218929083999967, 0.0 ], [ 112.036764254000104, -8.21880773099997, 0.0 ], [ 112.036578656000074, -8.218650686999979, 0.0 ], [ 112.036414473000036, -8.218579302999956, 0.0 ], [ 112.03613, -8.21831, 0.0 ], [ 112.036079999000094, -8.21814, 0.0 ], [ 112.03603, -8.21802, 0.0 ], [ 112.0359, -8.21781, 0.0 ], [ 112.035729999000068, -8.21757, 0.0 ], [ 112.03561, -8.21724, 0.0 ], [ 112.03557, -8.21711, 0.0 ], [ 112.03539, -8.21644, 0.0 ], [ 112.035359999000093, -8.21608, 0.0 ], [ 112.035359999000093, -8.21591, 0.0 ], [ 112.03533, -8.215459998999961, 0.0 ], [ 112.03531999900008, -8.21529, 0.0 ], [ 112.035357992000058, -8.214542943999959, 0.0 ], [ 112.035377028000084, -8.214414452999961, 0.0 ], [ 112.035485203, -8.213828251999928, 0.0 ], [ 112.03584, -8.21268, 0.0 ], [ 112.036139999000056, -8.211829998999974, 0.0 ], [ 112.03623, -8.21136, 0.0 ], [ 112.03672, -8.209549998999933, 0.0 ], [ 112.036839999000108, -8.20909, 0.0 ], [ 112.03693, -8.20774, 0.0 ], [ 112.03704, -8.20709, 0.0 ], [ 112.03713, -8.20622, 0.0 ], [ 112.0372, -8.20554, 0.0 ], [ 112.0372, -8.20474, 0.0 ], [ 112.03726, -8.20386, 0.0 ], [ 112.037240000000111, -8.20369999899998, 0.0 ], [ 112.03716, -8.20357, 0.0 ], [ 112.03706000000011, -8.20346, 0.0 ], [ 112.03701, -8.20326, 0.0 ], [ 112.03699, -8.20293, 0.0 ], [ 112.03696, -8.20278, 0.0 ], [ 112.03695, -8.202059998999971, 0.0 ], [ 112.036819999000045, -8.20157, 0.0 ], [ 112.03717, -8.201319998999963, 0.0 ], [ 112.037679999000034, -8.200989998999944, 0.0 ], [ 112.03776, -8.200929998999925, 0.0 ], [ 112.03791, -8.20076, 0.0 ], [ 112.038069999000072, -8.200479998999981, 0.0 ], [ 112.038320000000112, -8.20004, 0.0 ], [ 112.03839, -8.19996, 0.0 ], [ 112.038590000000113, -8.199799998999936, 0.0 ], [ 112.038914742000088, -8.199613573999954, 0.0 ], [ 112.0389938080001, -8.199457477999943, 0.0 ], [ 112.039022362000082, -8.199250464999977, 0.0 ], [ 112.039072331000057, -8.199050589999956, 0.0 ], [ 112.039072331000057, -8.198850715999981, 0.0 ], [ 112.039122299000041, -8.198608010999976, 0.0 ], [ 112.039193683, -8.198472380999931, 0.0 ], [ 112.039372143000037, -8.198358166999981, 0.0 ], [ 112.039736200000107, -8.198258229999965, 0.0 ], [ 112.039836138000055, -8.197879895999961, 0.0 ], [ 112.039907521000032, -8.197373069999969, 0.0 ], [ 112.03996462900011, -8.197194610999929, 0.0 ], [ 112.040008054000054, -8.196285656999976, 0.0 ], [ 112.040701072000047, -8.196878141999946, 0.0 ], [ 112.041362562000018, -8.197463489999961, 0.0 ], [ 112.042238204000114, -8.198267747999978, 0.0 ], [ 112.043013908000034, -8.199143388999971, 0.0 ], [ 112.044170326000085, -8.200466369999958, 0.0 ], [ 112.04409, -8.20055, 0.0 ], [ 112.04337, -8.201359998999976, 0.0 ], [ 112.04334, -8.20153, 0.0 ], [ 112.04328, -8.20178, 0.0 ], [ 112.04325, -8.20186, 0.0 ], [ 112.043139999, -8.20225, 0.0 ], [ 112.04311, -8.202449998999953, 0.0 ], [ 112.04307, -8.202549998999928, 0.0 ], [ 112.04288, -8.20285, 0.0 ], [ 112.042780000000107, -8.20304, 0.0 ], [ 112.04298, -8.20293, 0.0 ], [ 112.0436, -8.20281, 0.0 ], [ 112.045089999000083, -8.20291, 0.0 ], [ 112.04501, -8.20433, 0.0 ], [ 112.04691, -8.20447, 0.0 ], [ 112.046689999000023, -8.20615, 0.0 ], [ 112.04659, -8.20732, 0.0 ], [ 112.046629999000061, -8.20748, 0.0 ], [ 112.046729999000036, -8.20784, 0.0 ], [ 112.04687, -8.208009998999955, 0.0 ], [ 112.047059999000112, -8.2081, 0.0 ], [ 112.04722, -8.20816, 0.0 ], [ 112.04748, -8.208299998999962, 0.0 ], [ 112.04759, -8.20849, 0.0 ], [ 112.047779999000113, -8.20895, 0.0 ], [ 112.048000000000116, -8.209509998999977, 0.0 ], [ 112.04803, -8.209569998999939, 0.0 ], [ 112.04812, -8.209839998999939, 0.0 ], [ 112.048140000000103, -8.2101, 0.0 ], [ 112.048180000000116, -8.21055, 0.0 ], [ 112.048249999000063, -8.210639998999966, 0.0 ], [ 112.04871, -8.21108, 0.0 ], [ 112.048860000000104, -8.21151, 0.0 ], [ 112.048860000000104, -8.211809998999968, 0.0 ], [ 112.04883, -8.213099998999951, 0.0 ], [ 112.04885, -8.21325, 0.0 ], [ 112.04884, -8.213489998999933, 0.0 ], [ 112.048770000000104, -8.21414, 0.0 ], [ 112.04879, -8.21449, 0.0 ], [ 112.04887, -8.21463, 0.0 ], [ 112.04904999900009, -8.21477, 0.0 ], [ 112.049459999000078, -8.21508, 0.0 ], [ 112.049490000000105, -8.21513, 0.0 ], [ 112.049490000000105, -8.21519, 0.0 ], [ 112.049459999000078, -8.21554, 0.0 ], [ 112.04939, -8.21642, 0.0 ], [ 112.04951, -8.216609998999957, 0.0 ], [ 112.04954, -8.21675, 0.0 ], [ 112.04966, -8.216979998999932, 0.0 ], [ 112.04969, -8.21719, 0.0 ], [ 112.04965, -8.21744, 0.0 ], [ 112.04968, -8.21762, 0.0 ], [ 112.04992, -8.218599998999935, 0.0 ], [ 112.050119999000117, -8.21915, 0.0 ], [ 112.050159999000016, -8.21949, 0.0 ], [ 112.050159999000016, -8.22017, 0.0 ], [ 112.05015, -8.220489998999938, 0.0 ], [ 112.05017, -8.2206, 0.0 ], [ 112.05031, -8.22074, 0.0 ], [ 112.05034, -8.220879998999976, 0.0 ], [ 112.05038, -8.221209998999939, 0.0 ], [ 112.0505, -8.22146, 0.0 ], [ 112.05056, -8.22157, 0.0 ], [ 112.05062, -8.22154, 0.0 ], [ 112.05064, -8.221, 0.0 ], [ 112.05069, -8.22081, 0.0 ], [ 112.05081, -8.22067, 0.0 ], [ 112.051290000000108, -8.22046, 0.0 ], [ 112.05144, -8.22039, 0.0 ], [ 112.05158, -8.22019, 0.0 ], [ 112.05186, -8.21996, 0.0 ], [ 112.05206, -8.21985, 0.0 ], [ 112.05228000000011, -8.21982, 0.0 ], [ 112.05218, -8.21976, 0.0 ], [ 112.05223, -8.219629998999949, 0.0 ], [ 112.05238, -8.219339998999942, 0.0 ], [ 112.05257, -8.218929998999954, 0.0 ], [ 112.05262, -8.21879, 0.0 ], [ 112.052730000000111, -8.21837, 0.0 ], [ 112.05277, -8.2182, 0.0 ], [ 112.052889999000058, -8.21784, 0.0 ], [ 112.052929999000071, -8.21769, 0.0 ], [ 112.052909999, -8.21754, 0.0 ], [ 112.05279, -8.21728, 0.0 ], [ 112.05277, -8.21717, 0.0 ], [ 112.05292, -8.216979998999932, 0.0 ], [ 112.05325, -8.21647, 0.0 ], [ 112.05333, -8.2163, 0.0 ], [ 112.05333, -8.216159998999956, 0.0 ], [ 112.053279999000097, -8.21598, 0.0 ], [ 112.053339999000059, -8.21582, 0.0 ], [ 112.05342, -8.21567, 0.0 ], [ 112.05333, -8.21543, 0.0 ], [ 112.05323, -8.21522, 0.0 ], [ 112.05319, -8.21496, 0.0 ], [ 112.053259999000034, -8.21455999899996, 0.0 ], [ 112.05317, -8.21396, 0.0 ], [ 112.05308, -8.21364, 0.0 ], [ 112.052909999, -8.213369998999951, 0.0 ], [ 112.0528, -8.21322, 0.0 ], [ 112.05253, -8.213079998999945, 0.0 ], [ 112.05239, -8.21301, 0.0 ], [ 112.05233, -8.21294, 0.0 ], [ 112.05234, -8.21286, 0.0 ], [ 112.05249, -8.21275, 0.0 ], [ 112.05268, -8.212629998999944, 0.0 ], [ 112.05275, -8.21254, 0.0 ], [ 112.05274, -8.21242, 0.0 ], [ 112.05269, -8.212339998999937, 0.0 ], [ 112.05333, -8.21133, 0.0 ], [ 112.05342, -8.211149998999929, 0.0 ], [ 112.05374, -8.21057, 0.0 ], [ 112.05403, -8.21005, 0.0 ], [ 112.05405999900006, -8.20999, 0.0 ], [ 112.05429, -8.20942, 0.0 ], [ 112.05432, -8.20923, 0.0 ], [ 112.05433, -8.20899, 0.0 ], [ 112.05436, -8.20889, 0.0 ], [ 112.05448, -8.20870999899995, 0.0 ], [ 112.05466, -8.208399998999937, 0.0 ], [ 112.054890000000114, -8.20784, 0.0 ], [ 112.05496, -8.20757, 0.0 ], [ 112.05504, -8.20734, 0.0 ], [ 112.05513, -8.20706, 0.0 ], [ 112.055209999000112, -8.20632, 0.0 ], [ 112.05528, -8.20577, 0.0 ], [ 112.055300000000102, -8.20531, 0.0 ], [ 112.05556, -8.204889998999931, 0.0 ], [ 112.05643, -8.20445, 0.0 ], [ 112.057959999000104, -8.20381, 0.0 ], [ 112.05867, -8.20349, 0.0 ], [ 112.059156762000043, -8.203092903999959, 0.0 ], [ 112.059521484000015, -8.203135114999952, 0.0 ], [ 112.059500527000068, -8.203506923999953, 0.0 ], [ 112.06027, -8.203579998999942, 0.0 ], [ 112.06033, -8.20396, 0.0 ], [ 112.06046, -8.20465, 0.0 ], [ 112.06054, -8.20505, 0.0 ], [ 112.0606, -8.20543, 0.0 ], [ 112.060709999000096, -8.205939998999952, 0.0 ], [ 112.06138, -8.205959998999958, 0.0 ], [ 112.06171, -8.206329998999934, 0.0 ], [ 112.06209, -8.206719998999972, 0.0 ], [ 112.062140000000113, -8.206759998999928, 0.0 ], [ 112.06263, -8.20722, 0.0 ], [ 112.06275, -8.20734, 0.0 ], [ 112.06306, -8.2077, 0.0 ], [ 112.06329, -8.20805, 0.0 ], [ 112.06334, -8.20823, 0.0 ], [ 112.063490000000115, -8.208379998999931, 0.0 ], [ 112.06365, -8.20858, 0.0 ], [ 112.063760000000116, -8.20882, 0.0 ], [ 112.063940000000116, -8.20919, 0.0 ], [ 112.06415, -8.20939, 0.0 ], [ 112.064840000000117, -8.21005, 0.0 ], [ 112.064980000000105, -8.21012, 0.0 ], [ 112.065250000000106, -8.21019, 0.0 ], [ 112.06574, -8.210249998999927, 0.0 ], [ 112.066599999, -8.210229998999978, 0.0 ], [ 112.066599999, -8.210329998999953, 0.0 ], [ 112.066619999000068, -8.2104, 0.0 ], [ 112.06672, -8.21093, 0.0 ], [ 112.06672, -8.21167, 0.0 ], [ 112.0668, -8.21171, 0.0 ], [ 112.06706, -8.21178, 0.0 ], [ 112.0672, -8.21192, 0.0 ], [ 112.06726, -8.21206, 0.0 ], [ 112.06726, -8.21218, 0.0 ], [ 112.06726, -8.21231, 0.0 ], [ 112.06722, -8.21246, 0.0 ], [ 112.06719, -8.212609998999937, 0.0 ], [ 112.06712, -8.212729998999976, 0.0 ], [ 112.067, -8.21282, 0.0 ], [ 112.06684, -8.21286, 0.0 ], [ 112.06672, -8.21295, 0.0 ], [ 112.06667999900003, -8.21305, 0.0 ], [ 112.066690000000108, -8.2132, 0.0 ], [ 112.06673, -8.21331, 0.0 ], [ 112.0668, -8.21335, 0.0 ], [ 112.06689, -8.21334, 0.0 ], [ 112.06702, -8.21329, 0.0 ], [ 112.06719, -8.21322, 0.0 ], [ 112.067339999000069, -8.21323, 0.0 ], [ 112.067459999000107, -8.21328, 0.0 ], [ 112.06752, -8.21335, 0.0 ], [ 112.06752, -8.21342, 0.0 ], [ 112.06735, -8.21371, 0.0 ], [ 112.06731, -8.213799998999946, 0.0 ], [ 112.067320000000109, -8.21387, 0.0 ], [ 112.067359999000018, -8.21395, 0.0 ], [ 112.06747, -8.21413, 0.0 ], [ 112.06763, -8.21434, 0.0 ], [ 112.06776, -8.21444, 0.0 ], [ 112.06782, -8.21449, 0.0 ], [ 112.06788, -8.21469, 0.0 ], [ 112.06797, -8.214969998999948, 0.0 ], [ 112.06803, -8.21518, 0.0 ], [ 112.06804000000011, -8.21531, 0.0 ], [ 112.06801, -8.21548, 0.0 ], [ 112.06796, -8.21558, 0.0 ], [ 112.06791, -8.215729998999961, 0.0 ], [ 112.06778, -8.2159, 0.0 ], [ 112.06755, -8.21609, 0.0 ], [ 112.06724, -8.21637, 0.0 ], [ 112.06693, -8.21658, 0.0 ], [ 112.06682, -8.21662, 0.0 ], [ 112.06673, -8.21662, 0.0 ], [ 112.06657, -8.216529998999931, 0.0 ], [ 112.06632, -8.21638, 0.0 ], [ 112.0662, -8.21632, 0.0 ], [ 112.06604, -8.2163, 0.0 ], [ 112.06577, -8.21636, 0.0 ], [ 112.0655, -8.21646, 0.0 ], [ 112.06529, -8.21656, 0.0 ], [ 112.065079999000091, -8.2167, 0.0 ], [ 112.06499, -8.21678, 0.0 ], [ 112.06492, -8.21686, 0.0 ], [ 112.064890000000105, -8.21695, 0.0 ], [ 112.06482, -8.21712, 0.0 ], [ 112.064709999000115, -8.21725, 0.0 ], [ 112.06446, -8.2174, 0.0 ], [ 112.064219999000102, -8.21758, 0.0 ], [ 112.06402, -8.217759998999952, 0.0 ], [ 112.06388, -8.21797, 0.0 ], [ 112.06382, -8.21808, 0.0 ], [ 112.06378, -8.21818, 0.0 ], [ 112.06378, -8.21829, 0.0 ], [ 112.06384, -8.21834, 0.0 ], [ 112.06398, -8.21842, 0.0 ], [ 112.064170000000104, -8.21849999899996, 0.0 ], [ 112.06427, -8.21857, 0.0 ], [ 112.064279999000064, -8.21871, 0.0 ], [ 112.064219999000102, -8.21888, 0.0 ], [ 112.06409, -8.21919, 0.0 ], [ 112.064080000000104, -8.219259998999974, 0.0 ], [ 112.064120000000116, -8.21939, 0.0 ], [ 112.06425, -8.219649998999955, 0.0 ], [ 112.06441, -8.21982, 0.0 ], [ 112.064530000000104, -8.21994, 0.0 ], [ 112.06468, -8.22003, 0.0 ], [ 112.06528, -8.22031, 0.0 ], [ 112.06571, -8.22052999899995, 0.0 ], [ 112.065819999000041, -8.22063, 0.0 ], [ 112.065819999000041, -8.22076, 0.0 ], [ 112.065779999000029, -8.22083, 0.0 ], [ 112.06557, -8.22103, 0.0 ], [ 112.065409999000053, -8.2212, 0.0 ], [ 112.06533, -8.221309998999971, 0.0 ], [ 112.06528, -8.22153, 0.0 ], [ 112.06521, -8.222029998999972, 0.0 ], [ 112.06518, -8.2222, 0.0 ], [ 112.06513, -8.22226, 0.0 ], [ 112.065039999000078, -8.22232, 0.0 ], [ 112.06495, -8.222359998999934, 0.0 ], [ 112.06478, -8.22239, 0.0 ], [ 112.064390000000117, -8.222459998999966, 0.0 ], [ 112.064120000000116, -8.22256, 0.0 ], [ 112.063909999000089, -8.22265, 0.0 ], [ 112.0638, -8.222749998999973, 0.0 ], [ 112.063720000000103, -8.22288, 0.0 ], [ 112.06366, -8.22304, 0.0 ], [ 112.06355, -8.22346, 0.0 ], [ 112.063503674000117, -8.223714795999967, 0.0 ], [ 112.063490000000115, -8.22379, 0.0 ], [ 112.063459999000088, -8.22418, 0.0 ], [ 112.063459999000088, -8.2247, 0.0 ], [ 112.063479999000037, -8.22483, 0.0 ], [ 112.063559999000063, -8.22494, 0.0 ], [ 112.063586841000074, -8.224953853999978, 0.0 ], [ 112.063869999000076, -8.2251, 0.0 ], [ 112.063918818000047, -8.225141844999939, 0.0 ], [ 112.063940000000116, -8.22516, 0.0 ], [ 112.063990000000103, -8.225249998999971, 0.0 ], [ 112.06402, -8.22535, 0.0 ], [ 112.063990000000103, -8.22545, 0.0 ], [ 112.06392, -8.225539998999977, 0.0 ], [ 112.063400000000115, -8.2257, 0.0 ], [ 112.06316, -8.2258, 0.0 ], [ 112.06306, -8.22588, 0.0 ], [ 112.063050263000036, -8.225967619999949, 0.0 ], [ 112.0630499990001, -8.225969998999972, 0.0 ], [ 112.06305295300001, -8.225969723999981, 0.0 ], [ 112.063057503000095, -8.225973282999973, 0.0 ], [ 112.063172896000083, -8.226011263999965, 0.0 ], [ 112.063350699000011, -8.226034722999941, 0.0 ], [ 112.063523724000106, -8.226067764999925, 0.0 ], [ 112.0636054900001, -8.226105834999942, 0.0 ], [ 112.063672986000029, -8.226196585999958, 0.0 ], [ 112.063750267000046, -8.226354311999955, 0.0 ], [ 112.063793807000025, -8.226469054999939, 0.0 ], [ 112.063770120000072, -8.226593546999936, 0.0 ], [ 112.063722185000074, -8.226631959999963, 0.0 ], [ 112.063708205000012, -8.226634783999941, 0.0 ], [ 112.063602154000023, -8.226656206999962, 0.0 ], [ 112.063549376000083, -8.226680274999978, 0.0 ], [ 112.063515890000076, -8.22673300699995, 0.0 ], [ 112.063506551000046, -8.226833532999933, 0.0 ], [ 112.063607596000111, -8.226895480999929, 0.0 ], [ 112.063684635000072, -8.226962277999974, 0.0 ], [ 112.063747569000043, -8.227143969999929, 0.0 ], [ 112.06376244, -8.227316217999942, 0.0 ], [ 112.063724444000059, -8.227479034999931, 0.0 ], [ 112.06355235, -8.227795350999941, 0.0 ], [ 112.06345201900001, -8.22800140399994, 0.0 ], [ 112.063279439000098, -8.228135862999977, 0.0 ], [ 112.063183529000071, -8.22819833099993, 0.0 ], [ 112.06313573400007, -8.228289386999961, 0.0 ], [ 112.063111970000023, -8.228385165999953, 0.0 ], [ 112.063160148000065, -8.228437681999935, 0.0 ], [ 112.063256454000111, -8.228523569999936, 0.0 ], [ 112.063256607000085, -8.228580998999973, 0.0 ], [ 112.063232780000021, -8.228652848999957, 0.0 ], [ 112.063170560000117, -8.22873915699995, 0.0 ], [ 112.06313242300007, -8.228849330999935, 0.0 ], [ 112.063132550000091, -8.228897187999962, 0.0 ], [ 112.063171376000014, -8.229045443999951, 0.0 ], [ 112.063118777000113, -8.229136512999958, 0.0 ], [ 112.063051855000026, -8.229261119999933, 0.0 ], [ 112.062951320000025, -8.229390601999967, 0.0 ], [ 112.062529592000033, -8.229769792999946, 0.0 ], [ 112.0624050240001, -8.229894551999962, 0.0 ], [ 112.062299646000042, -8.230009688999928, 0.0 ], [ 112.062232380000069, -8.230005080999945, 0.0 ], [ 112.062150613000085, -8.229967010999928, 0.0 ], [ 112.062092993000078, -8.22997673499998, 0.0 ], [ 112.061632705000079, -8.230308169999944, 0.0 ], [ 112.061397751000072, -8.230471506999947, 0.0 ], [ 112.06108620200007, -8.230735546999938, 0.0 ], [ 112.061007989000018, -8.230760367999949, 0.0 ], [ 112.060906325000019, -8.230760635999957, 0.0 ], [ 112.060742956000013, -8.230746822999947, 0.0 ], [ 112.060606535000034, -8.230704708999951, 0.0 ], [ 112.060462420000022, -8.230705089999958, 0.0 ], [ 112.060361558000068, -8.230712534999952, 0.0 ], [ 112.06028956800003, -8.230737849999969, 0.0 ], [ 112.060195988000032, -8.230773989999932, 0.0 ], [ 112.060080839000079, -8.230828133999978, 0.0 ], [ 112.060039866000011, -8.230838991999974, 0.0 ], [ 112.060012433000111, -8.230846260999954, 0.0 ], [ 112.059961992000012, -8.230846394999958, 0.0 ], [ 112.059922313000015, -8.230828552999981, 0.0 ], [ 112.059901785000079, -8.230787920999944, 0.0 ], [ 112.059900581000079, -8.230785537999964, 0.0 ], [ 112.059904031000087, -8.230728099999965, 0.0 ], [ 112.059914659000015, -8.230659873999969, 0.0 ], [ 112.059914487000015, -8.230595266999956, 0.0 ], [ 112.05989274600006, -8.230548662999979, 0.0 ], [ 112.059860243000116, -8.230520033999937, 0.0 ], [ 112.059791789000087, -8.230520214999956, 0.0 ], [ 112.059694521000097, -8.230524060999926, 0.0 ], [ 112.0595863960001, -8.230509988999927, 0.0 ], [ 112.059543105000103, -8.230488566999952, 0.0 ], [ 112.059503387000063, -8.230456367999977, 0.0 ], [ 112.059402268000099, -8.230366900999968, 0.0 ], [ 112.059311844000035, -8.230234333999931, 0.0 ], [ 112.05925288200001, -8.230191417999947, 0.0 ], [ 112.059252613000012, -8.230190568999944, 0.0 ], [ 112.05922260400007, -8.230095781999978, 0.0 ], [ 112.059234328000116, -8.229988071999969, 0.0 ], [ 112.059240552, -8.229978090999964, 0.0 ] ] ] ] } },
{ "type": "Feature", "properties": { "OBJECTID": 116137.0, "KDPPUM": "35", "NAMOBJ": "Panggungduwet", "REMARK": null, "KDPBPS": null, "FCODE": "BA03070040", "LUASWH": 7.67169321, "UUPP": "Hasil Delineasi Batas Desa 2019", "SRS_ID": "SRGI 2013", "METADATA": "TASWIL1000020200326DATA_BATAS_DESA_KELURAHAN", "KDEBPS": null, "KDEPUM": "35.05.04.2001", "KDCBPS": null, "KDCPUM": "35.05.04", "KDBBPS": null, "WADMKD": "Panggungduwet", "WIADKD": null, "WADMKC": "Kademangan", "WIADKC": null, "WADMKK": "Blitar", "WIADKK": null, "WADMPR": "Jawa Timur", "WIADPR": null, "TIPADM": 1.0, "KDPKAB": "35.05", "SHAPE_Leng": 0.17835127134008599, "SHAPE_Area": 0.00061799888468600005 }, "geometry": { "type": "MultiPolygon", "coordinates": [ [ [ [ 112.02971, -8.168139647999965, 0.0 ], [ 112.029959864000034, -8.168168419999972, 0.0 ], [ 112.029958598, -8.16931858099997, 0.0 ], [ 112.029965737000111, -8.169532731999936, 0.0 ], [ 112.030029982000087, -8.169732606999958, 0.0 ], [ 112.030101366000054, -8.169918204999931, 0.0 ], [ 112.030165612000019, -8.17008952599997, 0.0 ], [ 112.030215580000117, -8.170232293999959, 0.0 ], [ 112.030265549000092, -8.170403614999941, 0.0 ], [ 112.030315518000066, -8.170553520999931, 0.0 ], [ 112.030344071000059, -8.170696288999977, 0.0 ], [ 112.030451147, -8.170981823999966, 0.0 ], [ 112.030546325000046, -8.171429162999971, 0.0 ], [ 112.0305986730001, -8.171909813999946, 0.0 ], [ 112.030693852000013, -8.172980570999925, 0.0 ], [ 112.030812825000112, -8.17427499799993, 0.0 ], [ 112.030712888000039, -8.175331478999965, 0.0 ], [ 112.030612950000091, -8.176254709999967, 0.0 ], [ 112.03066053900011, -8.177363537999952, 0.0 ], [ 112.030679575000022, -8.177668108999967, 0.0 ], [ 112.030698611000048, -8.177867983999931, 0.0 ], [ 112.030703370000083, -8.17795840399998, 0.0 ], [ 112.030793789000086, -8.179281383999978, 0.0 ], [ 112.030893727000034, -8.180761408999956, 0.0 ], [ 112.031184021000058, -8.180723336999961, 0.0 ], [ 112.031954835000079, -8.180481080999925, 0.0 ], [ 112.033834740000088, -8.179704927999978, 0.0 ], [ 112.034282079000036, -8.179505052999957, 0.0 ], [ 112.03437, -8.17959, 0.0 ], [ 112.03496, -8.1804, 0.0 ], [ 112.03533999900003, -8.18132, 0.0 ], [ 112.035440000000108, -8.18193, 0.0 ], [ 112.03521, -8.18309, 0.0 ], [ 112.0348, -8.18424, 0.0 ], [ 112.03494, -8.18502, 0.0 ], [ 112.03494, -8.18557, 0.0 ], [ 112.034969999000054, -8.186009998999964, 0.0 ], [ 112.035080000000107, -8.186379998999939, 0.0 ], [ 112.03501, -8.18747, 0.0 ], [ 112.03492, -8.18829, 0.0 ], [ 112.035, -8.18935, 0.0 ], [ 112.03504, -8.19048, 0.0 ], [ 112.03514, -8.19165, 0.0 ], [ 112.03518, -8.19261, 0.0 ], [ 112.03527, -8.19341, 0.0 ], [ 112.03529, -8.19408, 0.0 ], [ 112.03554, -8.19452, 0.0 ], [ 112.035890000000109, -8.19494, 0.0 ], [ 112.036509999000032, -8.19529, 0.0 ], [ 112.03777, -8.19544, 0.0 ], [ 112.03866, -8.195839998999929, 0.0 ], [ 112.038848066000014, -8.19572945799996, 0.0 ], [ 112.038978937000024, -8.195705662999956, 0.0 ], [ 112.039109807000045, -8.195705662999956, 0.0 ], [ 112.039187140000081, -8.195720534999964, 0.0 ], [ 112.039318010000102, -8.195780020999962, 0.0 ], [ 112.039389394000068, -8.195833558999936, 0.0 ], [ 112.039460778000034, -8.195887096999968, 0.0 ], [ 112.039550007000116, -8.195949557999938, 0.0 ], [ 112.039880158000074, -8.196193452999978, 0.0 ], [ 112.040008054000054, -8.196285656999976, 0.0 ], [ 112.03996462900011, -8.197194610999929, 0.0 ], [ 112.039907521000032, -8.197373069999969, 0.0 ], [ 112.039836138000055, -8.197879895999961, 0.0 ], [ 112.039736200000107, -8.198258229999965, 0.0 ], [ 112.039372143000037, -8.198358166999981, 0.0 ], [ 112.039193683, -8.198472380999931, 0.0 ], [ 112.039122299000041, -8.198608010999976, 0.0 ], [ 112.039072331000057, -8.198850715999981, 0.0 ], [ 112.039072331000057, -8.199050589999956, 0.0 ], [ 112.039022362000082, -8.199250464999977, 0.0 ], [ 112.0389938080001, -8.199457477999943, 0.0 ], [ 112.038914742000088, -8.199613573999954, 0.0 ], [ 112.038590000000113, -8.199799998999936, 0.0 ], [ 112.03839, -8.19996, 0.0 ], [ 112.038320000000112, -8.20004, 0.0 ], [ 112.038069999000072, -8.200479998999981, 0.0 ], [ 112.03791, -8.20076, 0.0 ], [ 112.03776, -8.200929998999925, 0.0 ], [ 112.037679999000034, -8.200989998999944, 0.0 ], [ 112.03717, -8.201319998999963, 0.0 ], [ 112.036819999000045, -8.20157, 0.0 ], [ 112.03695, -8.202059998999971, 0.0 ], [ 112.03696, -8.20278, 0.0 ], [ 112.03699, -8.20293, 0.0 ], [ 112.03701, -8.20326, 0.0 ], [ 112.03706000000011, -8.20346, 0.0 ], [ 112.03716, -8.20357, 0.0 ], [ 112.037240000000111, -8.20369999899998, 0.0 ], [ 112.03726, -8.20386, 0.0 ], [ 112.0372, -8.20474, 0.0 ], [ 112.0372, -8.20554, 0.0 ], [ 112.03713, -8.20622, 0.0 ], [ 112.03704, -8.20709, 0.0 ], [ 112.03693, -8.20774, 0.0 ], [ 112.036839999000108, -8.20909, 0.0 ], [ 112.03672, -8.209549998999933, 0.0 ], [ 112.03623, -8.21136, 0.0 ], [ 112.036139999000056, -8.211829998999974, 0.0 ], [ 112.03584, -8.21268, 0.0 ], [ 112.035485203, -8.213828251999928, 0.0 ], [ 112.035377028000084, -8.214414452999961, 0.0 ], [ 112.035357992000058, -8.214542943999959, 0.0 ], [ 112.03531999900008, -8.21529, 0.0 ], [ 112.03533, -8.215459998999961, 0.0 ], [ 112.035359999000093, -8.21591, 0.0 ], [ 112.035359999000093, -8.21608, 0.0 ], [ 112.03539, -8.21644, 0.0 ], [ 112.03557, -8.21711, 0.0 ], [ 112.03561, -8.21724, 0.0 ], [ 112.035729999000068, -8.21757, 0.0 ], [ 112.0359, -8.21781, 0.0 ], [ 112.03603, -8.21802, 0.0 ], [ 112.036079999000094, -8.21814, 0.0 ], [ 112.03613, -8.21831, 0.0 ], [ 112.036414473000036, -8.218579302999956, 0.0 ], [ 112.036578656000074, -8.218650686999979, 0.0 ], [ 112.036764254000104, -8.21880773099997, 0.0 ], [ 112.036914160000038, -8.218929083999967, 0.0 ], [ 112.037006959000109, -8.219007605999934, 0.0 ], [ 112.037064066000084, -8.219121819999941, 0.0 ], [ 112.037071204000085, -8.219143234999933, 0.0 ], [ 112.037071204000085, -8.219321694999962, 0.0 ], [ 112.03712117300006, -8.219385939999938, 0.0 ], [ 112.037228248000019, -8.219457323999961, 0.0 ], [ 112.037478092000015, -8.219507292999936, 0.0 ], [ 112.037685105000037, -8.219507292999936, 0.0 ], [ 112.038006332, -8.219578675999969, 0.0 ], [ 112.038177653000048, -8.219671474999927, 0.0 ], [ 112.038220484000021, -8.219785688999934, 0.0 ], [ 112.038234760000023, -8.21988562699994, 0.0 ], [ 112.038241899000013, -8.219992702999946, 0.0 ], [ 112.03824690700003, -8.220308809999949, 0.0 ], [ 112.038413220000052, -8.22055663499998, 0.0 ], [ 112.038527434000116, -8.220713678999971, 0.0 ], [ 112.038698755000041, -8.220892138999943, 0.0 ], [ 112.038848661000088, -8.221084874999974, 0.0 ], [ 112.039027121000117, -8.221348994999971, 0.0 ], [ 112.039105643000084, -8.221463208999978, 0.0 ], [ 112.039219999000011, -8.221699998999952, 0.0 ], [ 112.03929, -8.2219, 0.0 ], [ 112.039310000000114, -8.221969998999953, 0.0 ], [ 112.039310000000114, -8.222029998999972, 0.0 ], [ 112.03932, -8.22243999899996, 0.0 ], [ 112.039400000000114, -8.22273, 0.0 ], [ 112.03943, -8.22303, 0.0 ], [ 112.039490000000114, -8.22364, 0.0 ], [ 112.03968, -8.223609998999962, 0.0 ], [ 112.04025, -8.22371, 0.0 ], [ 112.04088, -8.22373, 0.0 ], [ 112.041290000000117, -8.22372, 0.0 ], [ 112.04146, -8.22371, 0.0 ], [ 112.04185, -8.223649998999974, 0.0 ], [ 112.04205, -8.22368, 0.0 ], [ 112.04246, -8.22381, 0.0 ], [ 112.04303, -8.22399, 0.0 ], [ 112.04319, -8.2241, 0.0 ], [ 112.043410000000108, -8.22434, 0.0 ], [ 112.04385, -8.22488, 0.0 ], [ 112.044200069000112, -8.225232909999932, 0.0 ], [ 112.044342837000045, -8.225347123999939, 0.0 ], [ 112.044504640000014, -8.225451820999979, 0.0 ], [ 112.044609336, -8.22554699899996, 0.0 ], [ 112.044675961000053, -8.22564217799993, 0.0 ], [ 112.044742586000098, -8.225756391999937, 0.0 ], [ 112.044809211000029, -8.225870605999944, 0.0 ], [ 112.044875836000074, -8.226013372999944, 0.0 ], [ 112.044990050000024, -8.22612758799994, 0.0 ], [ 112.045047157000113, -8.226156140999933, 0.0 ], [ 112.04513281800007, -8.226222765999978, 0.0 ], [ 112.04513281800007, -8.22639408699996, 0.0 ], [ 112.04513281800007, -8.226555890999975, 0.0 ], [ 112.045189925000045, -8.226717693999944, 0.0 ], [ 112.045275586000116, -8.226869978999957, 0.0 ], [ 112.045459999000059, -8.22702, 0.0 ], [ 112.045539999000084, -8.22705, 0.0 ], [ 112.04574, -8.227199998999936, 0.0 ], [ 112.0459, -8.22741, 0.0 ], [ 112.0460700000001, -8.22781, 0.0 ], [ 112.0461, -8.227899998999931, 0.0 ], [ 112.04618, -8.22806, 0.0 ], [ 112.046279999000035, -8.228249998999956, 0.0 ], [ 112.04635, -8.2283, 0.0 ], [ 112.046470000000113, -8.2283, 0.0 ], [ 112.046655673000032, -8.228173923999975, 0.0 ], [ 112.046722298000077, -8.228145370999925, 0.0 ], [ 112.046826994000071, -8.228059709999968, 0.0 ], [ 112.046960244000047, -8.228031155999929, 0.0 ], [ 112.047093494000023, -8.228031155999929, 0.0 ], [ 112.047255297000106, -8.228031155999929, 0.0 ], [ 112.047369511000056, -8.228088262999961, 0.0 ], [ 112.047531315000015, -8.228211994999981, 0.0 ], [ 112.047674082000071, -8.22835476299997, 0.0 ], [ 112.047764326000106, -8.228398327999969, 0.0 ], [ 112.047950100000094, -8.228488012999946, 0.0 ], [ 112.048169010000038, -8.22859270899994, 0.0 ], [ 112.04832129600004, -8.22871644099996, 0.0 ], [ 112.048464063000097, -8.228925833999938, 0.0 ], [ 112.048597313000073, -8.22912570799997, 0.0 ], [ 112.048712508000108, -8.229204881999976, 0.0 ], [ 112.04888, -8.22932, 0.0 ], [ 112.04876, -8.22968, 0.0 ], [ 112.04835, -8.23021, 0.0 ], [ 112.04794, -8.23072, 0.0 ], [ 112.047190000000114, -8.23131, 0.0 ], [ 112.04681, -8.2316, 0.0 ], [ 112.04641, -8.23189999899995, 0.0 ], [ 112.046110000000112, -8.23207, 0.0 ], [ 112.04573, -8.232209998999963, 0.0 ], [ 112.04525, -8.23232, 0.0 ], [ 112.045006103000105, -8.23232, 0.0 ], [ 112.044941435000055, -8.232210217999977, 0.0 ], [ 112.044861870000091, -8.232095565999941, 0.0 ], [ 112.044739126000081, -8.232002561999934, 0.0 ], [ 112.044328339000117, -8.231982094999978, 0.0 ], [ 112.044191259000058, -8.231917842999962, 0.0 ], [ 112.044155005000107, -8.231831792999969, 0.0 ], [ 112.044068309000068, -8.231745873999955, 0.0 ], [ 112.043916705000015, -8.231638587999953, 0.0 ], [ 112.043758178000076, -8.231639, 0.0 ], [ 112.043592388000093, -8.231617893999953, 0.0 ], [ 112.043404699, -8.231489164999971, 0.0 ], [ 112.043267356000115, -8.231324411999935, 0.0 ], [ 112.043094098000097, -8.231202823999979, 0.0 ], [ 112.042906465000101, -8.23109563099996, 0.0 ], [ 112.042755144000012, -8.231096023999953, 0.0 ], [ 112.042625514000065, -8.231125074999966, 0.0 ], [ 112.042380743000081, -8.23121185499997, 0.0 ], [ 112.042243983000049, -8.231269638999947, 0.0 ], [ 112.042114222, -8.231248439999945, 0.0 ], [ 112.042034827000066, -8.231198394999979, 0.0 ], [ 112.041969674000029, -8.231083704999946, 0.0 ], [ 112.041918840000108, -8.230933083999957, 0.0 ], [ 112.041874873000097, -8.230653228999927, 0.0 ], [ 112.041600997000046, -8.230632402999959, 0.0 ], [ 112.041284036000093, -8.23066911899997, 0.0 ], [ 112.040930877000051, -8.230641318999972, 0.0 ], [ 112.04057758700003, -8.230563268999958, 0.0 ], [ 112.040418947000035, -8.230520607999949, 0.0 ], [ 112.040361413000028, -8.230563828999948, 0.0 ], [ 112.04036197500011, -8.230779187999929, 0.0 ], [ 112.040355051, -8.23088688699994, 0.0 ], [ 112.040290348000099, -8.230944483999963, 0.0 ], [ 112.040189542, -8.230973459999973, 0.0 ], [ 112.040109511000082, -8.231087990999981, 0.0 ], [ 112.03956, -8.2309, 0.0 ], [ 112.039090000000101, -8.23058999899996, 0.0 ], [ 112.038860000000113, -8.23044, 0.0 ], [ 112.03856, -8.23037, 0.0 ], [ 112.037989999000047, -8.230259998999941, 0.0 ], [ 112.03758, -8.230219998999928, 0.0 ], [ 112.036901125000099, -8.230086761999928, 0.0 ], [ 112.036799702000053, -8.23006685699994, 0.0 ], [ 112.035440000000108, -8.2298, 0.0 ], [ 112.03449, -8.229559998999946, 0.0 ], [ 112.03398, -8.229459998999971, 0.0 ], [ 112.033259844000099, -8.229384193999977, 0.0 ], [ 112.033296399000051, -8.22929707399993, 0.0 ], [ 112.033259924000049, -8.229124878999926, 0.0 ], [ 112.033173120000015, -8.228995884999961, 0.0 ], [ 112.033115194000061, -8.228888353999935, 0.0 ], [ 112.033107710000081, -8.22878069199993, 0.0 ], [ 112.0331073750001, -8.228651475999925, 0.0 ], [ 112.033092628000077, -8.228522296999927, 0.0 ], [ 112.033092350000061, -8.228414616999942, 0.0 ], [ 112.033048762000021, -8.228278333999981, 0.0 ], [ 112.033005192000019, -8.228149228999939, 0.0 ], [ 112.032961623, -8.228020123999954, 0.0 ], [ 112.032730741000023, -8.227905857999929, 0.0 ], [ 112.032564804000117, -8.227827317999981, 0.0 ], [ 112.032405999000048, -8.227720045999945, 0.0 ], [ 112.032347944000094, -8.227562262999982, 0.0 ], [ 112.032203643000116, -8.227490846999956, 0.0 ], [ 112.031958591000034, -8.227469939999935, 0.0 ], [ 112.031331765, -8.227500263999957, 0.0 ], [ 112.031202006000058, -8.22747906099994, 0.0 ], [ 112.03109378900001, -8.227429086999962, 0.0 ], [ 112.030776346000039, -8.227279148999969, 0.0 ], [ 112.030350762000012, -8.227107950999937, 0.0 ], [ 112.030062346000022, -8.227036902999942, 0.0 ], [ 112.029615293, -8.226923188999933, 0.0 ], [ 112.029399121000097, -8.226923742999929, 0.0 ], [ 112.02908212300008, -8.226946090999945, 0.0 ], [ 112.028858819000106, -8.226975376999974, 0.0 ], [ 112.028664282000022, -8.226983053999959, 0.0 ], [ 112.028671117000044, -8.22683946199993, 0.0 ], [ 112.028483583000025, -8.226768154999945, 0.0 ], [ 112.028317665000031, -8.226696791999927, 0.0 ], [ 112.027870576000055, -8.226568718999943, 0.0 ], [ 112.027524441000082, -8.226469101999953, 0.0 ], [ 112.026983585000039, -8.226305372999946, 0.0 ], [ 112.026803257000097, -8.226234046999934, 0.0 ], [ 112.02639247400009, -8.226213559999962, 0.0 ], [ 112.026236080000103, -8.226208258999975, 0.0 ], [ 112.025801547000015, -8.226193531999968, 0.0 ], [ 112.02531857800011, -8.226122976999932, 0.0 ], [ 112.024979778000102, -8.226073590999931, 0.0 ], [ 112.024835608000103, -8.226052421999952, 0.0 ], [ 112.024662541000112, -8.226002611999945, 0.0 ], [ 112.024554326000043, -8.225952636999978, 0.0 ], [ 112.024229588000026, -8.225766816999965, 0.0 ], [ 112.023998599000038, -8.225609473999953, 0.0 ], [ 112.023760478000099, -8.225480862999973, 0.0 ], [ 112.02367395400006, -8.225459546999957, 0.0 ], [ 112.023477448000108, -8.225494609999942, 0.0 ], [ 112.023536647000014, -8.225474262999967, 0.0 ], [ 112.023712143000012, -8.225438040999961, 0.0 ], [ 112.023864718000027, -8.225356966999925, 0.0 ], [ 112.023918130000084, -8.225267332999977, 0.0 ], [ 112.023925621000103, -8.225188540999966, 0.0 ], [ 112.023925746000032, -8.225187225999946, 0.0 ], [ 112.023963902000105, -8.224618832999965, 0.0 ], [ 112.024047246, -8.224210374999927, 0.0 ], [ 112.024078321000047, -8.224058079999963, 0.0 ], [ 112.024108860000069, -8.223442948999946, 0.0 ], [ 112.024238559000082, -8.223168291999968, 0.0 ], [ 112.024177505000011, -8.222755326999959, 0.0 ], [ 112.024169889000063, -8.22257700199998, 0.0 ], [ 112.024047806000112, -8.2223910599999, 0.0 ], [ 112.023796047000019, -8.222193631999971, 0.0 ], [ 112.023406946000023, -8.221945692999952, 0.0 ], [ 112.023300121000034, -8.221832169999971, 0.0 ], [ 112.023261990000037, -8.221628091999946, 0.0 ], [ 112.023498491000055, -8.220905215999949, 0.0 ], [ 112.023559544000022, -8.220772637999971, 0.0 ], [ 112.023704478000013, -8.220217617999936, 0.0 ], [ 112.023887615000035, -8.2189482799999, 0.0 ], [ 112.023979136000094, -8.21847239899995, 0.0 ], [ 112.023986801000092, -8.21843806399994, 0.0 ], [ 112.024383492000084, -8.217726623999965, 0.0 ], [ 112.024536115000046, -8.217513962999931, 0.0 ], [ 112.024627636000105, -8.217330825999966, 0.0 ], [ 112.024642917000051, -8.21727552699997, 0.0 ], [ 112.024642917000051, -8.217234541999971, 0.0 ], [ 112.024940473000015, -8.216984643999979, 0.0 ], [ 112.025077789000079, -8.216807285999948, 0.0 ], [ 112.025268519000065, -8.216366682999933, 0.0 ], [ 112.025291416000073, -8.21629801399996, 0.0 ], [ 112.025390602000016, -8.215824985999973, 0.0 ], [ 112.02541347600004, -8.215717215999973, 0.0 ], [ 112.025421117000064, -8.215667647999965, 0.0 ], [ 112.02552791800008, -8.21523657299997, 0.0 ], [ 112.025558434000118, -8.215149791999977, 0.0 ], [ 112.025619463000112, -8.214677729999948, 0.0 ], [ 112.025657619000071, -8.214509875999966, 0.0 ], [ 112.025634744000058, -8.214266699999939, 0.0 ], [ 112.025505021000072, -8.213743112999964, 0.0 ], [ 112.025474506000023, -8.213624872999958, 0.0 ], [ 112.025337188000094, -8.213267231999964, 0.0 ], [ 112.025253261000103, -8.213063130999956, 0.0 ], [ 112.025222747000043, -8.212907703999974, 0.0 ], [ 112.025184615000057, -8.212599678999936, 0.0 ], [ 112.025192232000109, -8.212472831999946, 0.0 ], [ 112.025207465000108, -8.212394634999953, 0.0 ], [ 112.025314291000086, -8.212183882999966, 0.0 ], [ 112.025398219000067, -8.212071327999979, 0.0 ], [ 112.025604206000025, -8.211890123999979, 0.0 ], [ 112.025787319000074, -8.211710854999978, 0.0 ], [ 112.025894120000089, -8.21151724799995, 0.0 ], [ 112.025924635000024, -8.211362764999933, 0.0 ], [ 112.025939917000073, -8.210902117999979, 0.0 ], [ 112.025962791000097, -8.21061984399995, 0.0 ], [ 112.025886504000027, -8.210625549999975, 0.0 ], [ 112.025741546000063, -8.210572135999939, 0.0 ], [ 112.025665258000117, -8.210468186999947, 0.0 ], [ 112.025337188000094, -8.209937975999935, 0.0 ], [ 112.025230362000116, -8.209750074999931, 0.0 ], [ 112.0251235610001, -8.209571749999952, 0.0 ], [ 112.02504727400003, -8.209458274999974, 0.0 ], [ 112.025024375000044, -8.209427759999926, 0.0 ], [ 112.024902292000093, -8.209215074999975, 0.0 ], [ 112.025192232000109, -8.207479406999937, 0.0 ], [ 112.025238004000016, -8.207243823999931, 0.0 ], [ 112.025314291000086, -8.206861420999928, 0.0 ], [ 112.025390602000016, -8.206301588999963, 0.0 ], [ 112.025443991000088, -8.205932509999968, 0.0 ], [ 112.025443991000088, -8.20588294099997, 0.0 ], [ 112.025459272000035, -8.205846695999981, 0.0 ], [ 112.025566074000039, -8.20553199699998, 0.0 ], [ 112.02577365500008, -8.204901782999968, 0.0 ], [ 112.025779678000049, -8.204883495999979, 0.0 ], [ 112.025810216000082, -8.204782401999978, 0.0 ], [ 112.025894120000089, -8.204523000999927, 0.0 ], [ 112.026107748000072, -8.203792483999962, 0.0 ], [ 112.02622980700005, -8.203366194999944, 0.0 ], [ 112.026283219000106, -8.203151623999929, 0.0 ], [ 112.026740991000111, -8.203143983999951, 0.0 ], [ 112.027198761000022, -8.202931323999962, 0.0 ], [ 112.027374233000046, -8.202788250999959, 0.0 ], [ 112.027847261000034, -8.201980504999938, 0.0 ], [ 112.027793848000101, -8.201941405999946, 0.0 ], [ 112.027770950000104, -8.201843187999941, 0.0 ], [ 112.027816746000099, -8.201549451999938, 0.0 ], [ 112.028068505000078, -8.200694941999927, 0.0 ], [ 112.028182948000108, -8.200269620999961, 0.0 ], [ 112.028205822000018, -8.199930112999937, 0.0 ], [ 112.028076122000016, -8.199676419999946, 0.0 ], [ 112.027839619000019, -8.199507621999942, 0.0 ], [ 112.027435287000117, -8.199317858999962, 0.0 ], [ 112.026924104000045, -8.199234873999956, 0.0 ], [ 112.026374788000112, -8.199019336999982, 0.0 ], [ 112.026351891000104, -8.198430946999963, 0.0 ], [ 112.026283219000106, -8.197815814999956, 0.0 ], [ 112.02617641900008, -8.196947013999932, 0.0 ], [ 112.026199293000104, -8.196163083999977, 0.0 ], [ 112.02610013200001, -8.195659540999941, 0.0 ], [ 112.025428733000012, -8.195383940999932, 0.0 ], [ 112.025390602000016, -8.195380120999971, 0.0 ], [ 112.02455898900007, -8.195393490999948, 0.0 ], [ 112.023559544000022, -8.194797413999936, 0.0 ], [ 112.023307762000059, -8.194477951999943, 0.0 ], [ 112.023162804000094, -8.194065010999964, 0.0 ], [ 112.023086517000024, -8.19377127499996, 0.0 ], [ 112.023048362000054, -8.193647280999926, 0.0 ], [ 112.022972763000098, -8.19328061899995, 0.0 ], [ 112.022972075000098, -8.193277283999976, 0.0 ], [ 112.022987332000071, -8.19281951399995, 0.0 ], [ 112.023055978000116, -8.192652600999963, 0.0 ], [ 112.023200959000064, -8.192508610999937, 0.0 ], [ 112.023307762000059, -8.192335991999926, 0.0 ], [ 112.023414588000037, -8.192051807999974, 0.0 ], [ 112.023529006000103, -8.191640776999975, 0.0 ], [ 112.023666347000017, -8.191131503999941, 0.0 ], [ 112.023765531000095, -8.190791052999941, 0.0 ], [ 112.023933363000083, -8.190221693999945, 0.0 ], [ 112.024047806000112, -8.189892679999957, 0.0 ], [ 112.024314847000028, -8.18890085299995, 0.0 ], [ 112.024403545000041, -8.188810572999955, 0.0 ], [ 112.0244750600001, -8.188737783999954, 0.0 ], [ 112.024719204, -8.188488853999957, 0.0 ], [ 112.025291416000073, -8.187818447999973, 0.0 ], [ 112.02541347600004, -8.187633424999945, 0.0 ], [ 112.025398219000067, -8.187536149999971, 0.0 ], [ 112.025306650000061, -8.187134669999978, 0.0 ], [ 112.025100663000103, -8.186764622999931, 0.0 ], [ 112.025085429000114, -8.186742690999949, 0.0 ], [ 112.024795491000077, -8.186330716999976, 0.0 ], [ 112.024665790000086, -8.186309705999975, 0.0 ], [ 112.024436930000093, -8.186262989999932, 0.0 ], [ 112.024314847000028, -8.186149515999944, 0.0 ], [ 112.024200404000112, -8.185948290999931, 0.0 ], [ 112.024177505000011, -8.185798546999933, 0.0 ], [ 112.02419278800005, -8.185715586999947, 0.0 ], [ 112.024345362000076, -8.185641209999972, 0.0 ], [ 112.024513217000049, -8.185588739999957, 0.0 ], [ 112.024970963000101, -8.185476206999965, 0.0 ], [ 112.025581307000039, -8.185248288999958, 0.0 ], [ 112.026641805000054, -8.184779081999977, 0.0 ], [ 112.026702835000037, -8.184745713999973, 0.0 ], [ 112.026740991000111, -8.184746656999948, 0.0 ], [ 112.026931720000107, -8.184716141999957, 0.0 ], [ 112.027099575000079, -8.18459596799994, 0.0 ], [ 112.027831979000098, -8.183779611999967, 0.0 ], [ 112.02815243200007, -8.183344764999958, 0.0 ], [ 112.028198205000081, -8.183275151999965, 0.0 ], [ 112.028427090000037, -8.182952786999977, 0.0 ], [ 112.028861962000065, -8.182101153999952, 0.0 ], [ 112.029098463000082, -8.181438363999973, 0.0 ], [ 112.029197649000025, -8.180846105999933, 0.0 ], [ 112.029319733000079, -8.180065052999964, 0.0 ], [ 112.029411301000096, -8.179272562999927, 0.0 ], [ 112.029495205000103, -8.178448589999959, 0.0 ], [ 112.029441792000057, -8.178176786999927, 0.0 ], [ 112.029373121000049, -8.177479661999939, 0.0 ], [ 112.029342127000064, -8.177202148999982, 0.0 ], [ 112.029334990000052, -8.177138243999934, 0.0 ], [ 112.029334990000052, -8.177106786999957, 0.0 ], [ 112.029373121000049, -8.176124485999935, 0.0 ], [ 112.029373121000049, -8.175204181999959, 0.0 ], [ 112.029312115000039, -8.174470834999966, 0.0 ], [ 112.029174774000012, -8.172921084999928, 0.0 ], [ 112.029144260000066, -8.172784710999963, 0.0 ], [ 112.028915375000111, -8.171460049999951, 0.0 ], [ 112.028686489000052, -8.169596590999959, 0.0 ], [ 112.028625460000058, -8.169017705999977, 0.0 ], [ 112.02864071700003, -8.168686780999963, 0.0 ], [ 112.028800356000033, -8.168305333999967, 0.0 ], [ 112.028839088000041, -8.168212786999959, 0.0 ], [ 112.028840770000102, -8.168210728999952, 0.0 ], [ 112.028909257, -8.16812693299994, 0.0 ], [ 112.029083488000083, -8.168108242999949, 0.0 ], [ 112.029247487000021, -8.168108242999949, 0.0 ], [ 112.029425747, -8.168101184999955, 0.0 ], [ 112.029682441000091, -8.168136474999926, 0.0 ], [ 112.02971, -8.168139647999965, 0.0 ] ] ] ] } },
{ "type": "Feature", "properties": { "OBJECTID": 116141.0, "KDPPUM": "35", "NAMOBJ": "Darungan", "REMARK": null, "KDPBPS": null, "FCODE": "BA03070040", "LUASWH": 5.21836885, "UUPP": "Hasil Delineasi Batas Desa 2019", "SRS_ID": "SRGI 2013", "METADATA": "TASWIL1000020200326DATA_BATAS_DESA_KELURAHAN", "KDEBPS": null, "KDEPUM": "35.05.04.2015", "KDCBPS": null, "KDCPUM": "35.05.04", "KDBBPS": null, "WADMKD": "Darungan", "WIADKD": null, "WADMKC": "Kademangan", "WIADKC": null, "WADMKK": "Blitar", "WIADKK": null, "WADMPR": "Jawa Timur", "WIADPR": null, "TIPADM": 1.0, "KDPKAB": "35.05", "SHAPE_Leng": 0.109782204599514, "SHAPE_Area": 0.00042833087919099999 }, "geometry": { "type": "MultiPolygon", "coordinates": [ [ [ [ 112.194080774000099, -8.171216184999935, 0.0 ], [ 112.194130991000065, -8.171356297999978, 0.0 ], [ 112.195039880000081, -8.173892211999942, 0.0 ], [ 112.195039255000097, -8.174382416999947, 0.0 ], [ 112.194939832000045, -8.175396058999979, 0.0 ], [ 112.194914610000069, -8.175538825999979, 0.0 ], [ 112.19480413000008, -8.176217952999934, 0.0 ], [ 112.194671905000064, -8.177030747999936, 0.0 ], [ 112.194665803000021, -8.177030292999973, 0.0 ], [ 112.194193633000054, -8.176995056999942, 0.0 ], [ 112.194022312000016, -8.176973640999961, 0.0 ], [ 112.193751054000018, -8.176945087999968, 0.0 ], [ 112.193651116000069, -8.176930810999977, 0.0 ], [ 112.193508349000012, -8.176909395999928, 0.0 ], [ 112.193315612000106, -8.176838011999962, 0.0 ], [ 112.192908724000063, -8.176773766999929, 0.0 ], [ 112.192429014000027, -8.176834170999939, 0.0 ], [ 112.192131103000065, -8.176871683999934, 0.0 ], [ 112.191575036000017, -8.177277022999931, 0.0 ], [ 112.188733960000036, -8.178078900999935, 0.0 ], [ 112.188365144000045, -8.177983722999954, 0.0 ], [ 112.18722300200011, -8.178269257999943, 0.0 ], [ 112.18673521300002, -8.178328743999941, 0.0 ], [ 112.186152245000017, -8.178459614999952, 0.0 ], [ 112.185914299000046, -8.17864997199996, 0.0 ], [ 112.185795326000061, -8.17892361, 0.0 ], [ 112.185557380000091, -8.180113339999934, 0.0 ], [ 112.185319433000018, -8.181207891999975, 0.0 ], [ 112.1854740980001, -8.181612400999938, 0.0 ], [ 112.185593071000085, -8.181778962999942, 0.0 ], [ 112.185676353000076, -8.18229054699998, 0.0 ], [ 112.185376541000096, -8.183135255999957, 0.0 ], [ 112.183263579000027, -8.184734252999931, 0.0 ], [ 112.182311795000032, -8.185457609999958, 0.0 ], [ 112.180294012000104, -8.185971572999961, 0.0 ], [ 112.179684870000074, -8.185933501999955, 0.0 ], [ 112.179132835000019, -8.185819287999948, 0.0 ], [ 112.17836284100008, -8.185414302999959, 0.0 ], [ 112.178216196000108, -8.185278938999943, 0.0 ], [ 112.17817724300005, -8.185242981999977, 0.0 ], [ 112.177638986000034, -8.184740608999959, 0.0 ], [ 112.177534789000106, -8.18464335799996, 0.0 ], [ 112.177387262000025, -8.184174603999963, 0.0 ], [ 112.177048830000103, -8.184212207999963, 0.0 ], [ 112.177044620000061, -8.184212675999959, 0.0 ], [ 112.176663906000044, -8.184231710999939, 0.0 ], [ 112.176454514000056, -8.18430785399994, 0.0 ], [ 112.175883443000089, -8.184479174999979, 0.0 ], [ 112.175750193000113, -8.184498210999948, 0.0 ], [ 112.175483693000047, -8.184593388999929, 0.0 ], [ 112.175179122000031, -8.184745674999931, 0.0 ], [ 112.174950694000017, -8.184764710999957, 0.0 ], [ 112.174455766000051, -8.184707602999936, 0.0 ], [ 112.174208302000011, -8.184536281999954, 0.0 ], [ 112.173922767000022, -8.184184121999976, 0.0 ], [ 112.1734944640001, -8.18366064099996, 0.0 ], [ 112.17337073200008, -8.183394140999951, 0.0 ], [ 112.173266036000086, -8.18329896299997, 0.0 ], [ 112.17313278600011, -8.183260890999975, 0.0 ], [ 112.172467727000026, -8.183411193999973, 0.0 ], [ 112.172443059000102, -8.18342447699996, 0.0 ], [ 112.17228832100011, -8.183507796999947, 0.0 ], [ 112.172220263000099, -8.183544443999949, 0.0 ], [ 112.17212332400004, -8.183596144999967, 0.0 ], [ 112.171934727, -8.183696728999962, 0.0 ], [ 112.171649192000018, -8.183753835999937, 0.0 ], [ 112.171325585000091, -8.183772871999963, 0.0 ], [ 112.17082, -8.18397, 0.0 ], [ 112.17083, -8.183749998999929, 0.0 ], [ 112.1706, -8.18311, 0.0 ], [ 112.17052, -8.182909998999946, 0.0 ], [ 112.1705, -8.18284, 0.0 ], [ 112.17054, -8.182189998999945, 0.0 ], [ 112.17062, -8.18169, 0.0 ], [ 112.170779999000047, -8.181409998999925, 0.0 ], [ 112.17108, -8.18111, 0.0 ], [ 112.17114, -8.18103999899995, 0.0 ], [ 112.17056, -8.18027, 0.0 ], [ 112.170759999000097, -8.17992, 0.0 ], [ 112.17086, -8.17963, 0.0 ], [ 112.17114, -8.17937, 0.0 ], [ 112.17132, -8.17927, 0.0 ], [ 112.17139, -8.17799, 0.0 ], [ 112.17158, -8.177899998999976, 0.0 ], [ 112.17211, -8.1777, 0.0 ], [ 112.17248, -8.17767, 0.0 ], [ 112.1728, -8.17762, 0.0 ], [ 112.17364, -8.17742, 0.0 ], [ 112.173839999000052, -8.17731, 0.0 ], [ 112.174289999000052, -8.177019998999981, 0.0 ], [ 112.1745, -8.176729998999974, 0.0 ], [ 112.174579999000116, -8.17653, 0.0 ], [ 112.17474, -8.1761, 0.0 ], [ 112.174758309000026, -8.175993061999975, 0.0 ], [ 112.17454, -8.175419998999928, 0.0 ], [ 112.174289999000052, -8.175, 0.0 ], [ 112.173997253000039, -8.174221908999925, 0.0 ], [ 112.173772924000104, -8.173381029999973, 0.0 ], [ 112.173378582000055, -8.172853594999935, 0.0 ], [ 112.172804620000079, -8.171457747999966, 0.0 ], [ 112.172609999000088, -8.17067, 0.0 ], [ 112.17258, -8.1706, 0.0 ], [ 112.17289, -8.166799998999977, 0.0 ], [ 112.172887969000044, -8.166796601999977, 0.0 ], [ 112.172744997000109, -8.166785163999975, 0.0 ], [ 112.172440426000094, -8.166623360999949, 0.0 ], [ 112.172126337, -8.166280717999939, 0.0 ], [ 112.171717070000113, -8.165595432999964, 0.0 ], [ 112.171878873000082, -8.162997061999931, 0.0 ], [ 112.171888416000115, -8.162788104999947, 0.0 ], [ 112.17205, -8.159859998999934, 0.0 ], [ 112.172051583000098, -8.159780057999967, 0.0 ], [ 112.172135855000079, -8.158590299999958, 0.0 ], [ 112.172156399000073, -8.157446810999943, 0.0 ], [ 112.17217, -8.15727, 0.0 ], [ 112.172190000000114, -8.1572, 0.0 ], [ 112.17221, -8.15704, 0.0 ], [ 112.172330000000102, -8.1566, 0.0 ], [ 112.172370000000114, -8.15644, 0.0 ], [ 112.172467265000023, -8.155983602999981, 0.0 ], [ 112.173819244000015, -8.156334452999943, 0.0 ], [ 112.17426169700002, -8.154078446999961, 0.0 ], [ 112.174725580000086, -8.152063875999943, 0.0 ], [ 112.175519539000106, -8.152164490999951, 0.0 ], [ 112.175859235000075, -8.152209895999931, 0.0 ], [ 112.176523105000115, -8.15223131099998, 0.0 ], [ 112.177201251000042, -8.152245587999971, 0.0 ], [ 112.177222666000034, -8.151731623999979, 0.0 ], [ 112.177443956000047, -8.151753038999971, 0.0 ], [ 112.177384978000077, -8.150177053999926, 0.0 ], [ 112.177973326000028, -8.150090256999931, 0.0 ], [ 112.178126969, -8.150310023999964, 0.0 ], [ 112.1785528260001, -8.150588743999947, 0.0 ], [ 112.178967318000105, -8.150677267999981, 0.0 ], [ 112.179316693000033, -8.15066907399995, 0.0 ], [ 112.179791821000094, -8.150552836999964, 0.0 ], [ 112.180277450000062, -8.150332482999943, 0.0 ], [ 112.180834624000113, -8.149943228999973, 0.0 ], [ 112.181803786000046, -8.149198637999973, 0.0 ], [ 112.182292814000107, -8.148910077999972, 0.0 ], [ 112.183012762000089, -8.148754838999935, 0.0 ], [ 112.18388673000004, -8.148714003999942, 0.0 ], [ 112.184780332000059, -8.148816678999935, 0.0 ], [ 112.187157836000097, -8.149486886999966, 0.0 ], [ 112.190478133000056, -8.150161264999952, 0.0 ], [ 112.190485670000044, -8.15016279699995, 0.0 ], [ 112.19102809900005, -8.150261305999948, 0.0 ], [ 112.192091461000018, -8.15045442, 0.0 ], [ 112.192816857000025, -8.150669652999966, 0.0 ], [ 112.193514408000055, -8.150876623999977, 0.0 ], [ 112.193204443000013, -8.15192074, 0.0 ], [ 112.193029133000095, -8.15309087299994, 0.0 ], [ 112.192795574000115, -8.154649801999938, 0.0 ], [ 112.191462986000033, -8.154629845999978, 0.0 ], [ 112.191124177, -8.155754082999977, 0.0 ], [ 112.190556367000113, -8.156953275999967, 0.0 ], [ 112.190208408000103, -8.158812817999944, 0.0 ], [ 112.190108367000107, -8.16291446799994, 0.0 ], [ 112.19199160900007, -8.166760586999942, 0.0 ], [ 112.193357766000076, -8.169445779999933, 0.0 ], [ 112.193788719000054, -8.17038643099994, 0.0 ], [ 112.193937579000021, -8.170711350999966, 0.0 ], [ 112.19417369700011, -8.171226728999955, 0.0 ], [ 112.194080774000099, -8.171216184999935, 0.0 ] ] ] ] } },
{ "type": "Feature", "properties": { "OBJECTID": 116146.0, "KDPPUM": "35", "NAMOBJ": "Jimbe", "REMARK": null, "KDPBPS": null, "FCODE": "BA03070040", "LUASWH": 2.78678439, "UUPP": "Hasil Delineasi Batas Desa 2019", "SRS_ID": "SRGI 2013", "METADATA": "TASWIL1000020200326DATA_BATAS_DESA_KELURAHAN", "KDEBPS": null, "KDEPUM": "35.05.04.2009", "KDCBPS": null, "KDCPUM": "35.05.04", "KDBBPS": null, "WADMKD": "Jimbe", "WIADKD": null, "WADMKC": "Kademangan", "WIADKC": null, "WADMKK": "Blitar", "WIADKK": null, "WADMPR": "Jawa Timur", "WIADPR": null, "TIPADM": 1.0, "KDPKAB": "35.05", "SHAPE_Leng": 0.073435756949937994, "SHAPE_Area": 0.000228737708656 }, "geometry": { "type": "MultiPolygon", "coordinates": [ [ [ [ 112.130155658000035, -8.131612294999968, 0.0 ], [ 112.130214127000045, -8.131699998999977, 0.0 ], [ 112.13026, -8.131699998999977, 0.0 ], [ 112.13157, -8.13186, 0.0 ], [ 112.1331599990001, -8.13212, 0.0 ], [ 112.13361197800009, -8.132194297999945, 0.0 ], [ 112.13389, -8.13224, 0.0 ], [ 112.134513111000047, -8.132419054999957, 0.0 ], [ 112.134578167000086, -8.132437748999962, 0.0 ], [ 112.134759999000039, -8.13249, 0.0 ], [ 112.134859521000067, -8.13254890099995, 0.0 ], [ 112.13499144900004, -8.132626979999941, 0.0 ], [ 112.135030436000079, -8.132650053999953, 0.0 ], [ 112.13516305600001, -8.132728542999928, 0.0 ], [ 112.13525, -8.13278, 0.0 ], [ 112.135791157000085, -8.133217700999978, 0.0 ], [ 112.135842446000083, -8.133259184999929, 0.0 ], [ 112.135929999000041, -8.13333, 0.0 ], [ 112.136954976000084, -8.13425994499994, 0.0 ], [ 112.13736058500001, -8.134627947999945, 0.0 ], [ 112.137439681000046, -8.134778119999964, 0.0 ], [ 112.137555920000068, -8.134998811999935, 0.0 ], [ 112.137066961000073, -8.135964918999946, 0.0 ], [ 112.136700500000074, -8.136732799999947, 0.0 ], [ 112.135996204000094, -8.139748261999955, 0.0 ], [ 112.135770155000046, -8.140628661999926, 0.0 ], [ 112.133676230000106, -8.140224153999952, 0.0 ], [ 112.131558509000115, -8.139562663999925, 0.0 ], [ 112.130916055000057, -8.139377065999952, 0.0 ], [ 112.130730457000027, -8.140876125999966, 0.0 ], [ 112.130402091000065, -8.14251795399997, 0.0 ], [ 112.130373538000072, -8.143117578999977, 0.0 ], [ 112.130330707000098, -8.144145505999973, 0.0 ], [ 112.130326582000066, -8.14521451, 0.0 ], [ 112.129925551000042, -8.145200915999965, 0.0 ], [ 112.129192677000106, -8.145200915999965, 0.0 ], [ 112.128754856000114, -8.145200915999965, 0.0 ], [ 112.128488356000048, -8.145200915999965, 0.0 ], [ 112.127707893000093, -8.145277057999976, 0.0 ], [ 112.127232001000039, -8.1454007899999, 0.0 ], [ 112.127172471000108, -8.145404097999972, 0.0 ], [ 112.127197703000093, -8.145505024999977, 0.0 ], [ 112.126954998000087, -8.145490747999929, 0.0 ], [ 112.126607596000099, -8.145500265999942, 0.0 ], [ 112.125874722000049, -8.145485988999951, 0.0 ], [ 112.125883345000034, -8.145368141999938, 0.0 ], [ 112.125775771, -8.145353200999978, 0.0 ], [ 112.12521421800011, -8.145334164999952, 0.0 ], [ 112.125528307000081, -8.145096218999981, 0.0 ], [ 112.125747217000026, -8.144848754999941, 0.0 ], [ 112.125868952000019, -8.144659958999966, 0.0 ], [ 112.125887988000045, -8.144555262999972, 0.0 ], [ 112.125907024000071, -8.144355387999951, 0.0 ], [ 112.124967133000041, -8.144466924999961, 0.0 ], [ 112.124447859000043, -8.144511956999963, 0.0 ], [ 112.124361500000077, -8.143821088999971, 0.0 ], [ 112.124281515, -8.143801092999979, 0.0 ], [ 112.12407926000003, -8.143735656999979, 0.0 ], [ 112.123165343000096, -8.143925127999978, 0.0 ], [ 112.1220686690001, -8.144083973999955, 0.0 ], [ 112.121918234000077, -8.144167291999963, 0.0 ], [ 112.121804020000013, -8.144195844999956, 0.0 ], [ 112.121589868000115, -8.144224398999938, 0.0 ], [ 112.121266051000021, -8.144238778999977, 0.0 ], [ 112.120944321000025, -8.144324573999938, 0.0 ], [ 112.12070441700007, -8.144351324999946, 0.0 ], [ 112.120104807000075, -8.144344779999926, 0.0 ], [ 112.119962039000029, -8.144326933999935, 0.0 ], [ 112.119753837000076, -8.144356676999962, 0.0 ], [ 112.11930841800006, -8.144324084999937, 0.0 ], [ 112.118680700000027, -8.144267843999955, 0.0 ], [ 112.117897857000116, -8.14427339599996, 0.0 ], [ 112.1173426040001, -8.144249867999974, 0.0 ], [ 112.117340048000074, -8.144173525999975, 0.0 ], [ 112.117324870000061, -8.143619503999957, 0.0 ], [ 112.117324860000053, -8.14361913099998, 0.0 ], [ 112.117324790000112, -8.143616570999939, 0.0 ], [ 112.117462131000025, -8.143106354999929, 0.0 ], [ 112.117584189000013, -8.142825023999933, 0.0 ], [ 112.117765098000064, -8.142564114999971, 0.0 ], [ 112.117782561000013, -8.142538928999954, 0.0 ], [ 112.117912260000026, -8.142249957999979, 0.0 ], [ 112.117988548000085, -8.141936201999954, 0.0 ], [ 112.118011446000082, -8.141547101999947, 0.0 ], [ 112.117996163000043, -8.141055963999975, 0.0 ], [ 112.118087732000049, -8.140759374999959, 0.0 ], [ 112.118135944000073, -8.140547411999933, 0.0 ], [ 112.118191104000061, -8.140304897999954, 0.0 ], [ 112.118247181000015, -8.140151959999969, 0.0 ], [ 112.118516748000047, -8.139197215999957, 0.0 ], [ 112.118605432000095, -8.137315260999969, 0.0 ], [ 112.118606322, -8.137296375999938, 0.0 ], [ 112.118758568000089, -8.136250035999979, 0.0 ], [ 112.118758573000036, -8.13625, 0.0 ], [ 112.118774847000054, -8.136138152999933, 0.0 ], [ 112.119170845000099, -8.135656442999959, 0.0 ], [ 112.119189296000059, -8.135635108999963, 0.0 ], [ 112.119356204000042, -8.135442116999968, 0.0 ], [ 112.119517772000108, -8.135200844999929, 0.0 ], [ 112.119924256000104, -8.134745132999967, 0.0 ], [ 112.119956499000068, -8.134697193999955, 0.0 ], [ 112.120099241000048, -8.134484965999945, 0.0 ], [ 112.120066060000113, -8.134442314999944, 0.0 ], [ 112.119989653000061, -8.134344100999954, 0.0 ], [ 112.119862672000068, -8.134015433999934, 0.0 ], [ 112.119813940000085, -8.133832251999934, 0.0 ], [ 112.11969887500004, -8.133399726999926, 0.0 ], [ 112.11961351900004, -8.132927373999962, 0.0 ], [ 112.119766036000101, -8.132462210999961, 0.0 ], [ 112.119798058000015, -8.132364544999973, 0.0 ], [ 112.119797195000046, -8.132053476999943, 0.0 ], [ 112.119787255, -8.13187981699997, 0.0 ], [ 112.119772047000083, -8.131614117999959, 0.0 ], [ 112.119753032000062, -8.13128190499998, 0.0 ], [ 112.119741844000032, -8.130859202999943, 0.0 ], [ 112.119774098000107, -8.130804488999956, 0.0 ], [ 112.119880658000056, -8.130623722999928, 0.0 ], [ 112.119870030000016, -8.130477059999976, 0.0 ], [ 112.119854084000053, -8.130257012999948, 0.0 ], [ 112.11981559000003, -8.130046308999965, 0.0 ], [ 112.119484767000017, -8.128690309999968, 0.0 ], [ 112.119472222000013, -8.128638888999944, 0.0 ], [ 112.119802659000015, -8.128158477999932, 0.0 ], [ 112.120355489000076, -8.127354738999941, 0.0 ], [ 112.120583571000111, -8.126845663999973, 0.0 ], [ 112.120974931000092, -8.125964016999944, 0.0 ], [ 112.121503816000086, -8.126182700999948, 0.0 ], [ 112.121693034000032, -8.125877786999979, 0.0 ], [ 112.121771558000091, -8.125751249999951, 0.0 ], [ 112.122008650000112, -8.125288488999956, 0.0 ], [ 112.122008668000035, -8.125288452999939, 0.0 ], [ 112.122737371000085, -8.125733116999982, 0.0 ], [ 112.122998107000058, -8.125849, 0.0 ], [ 112.123379826000019, -8.12601865299996, 0.0 ], [ 112.123553421000111, -8.126164097999947, 0.0 ], [ 112.123908066000013, -8.12646123299993, 0.0 ], [ 112.123951565000084, -8.126511128999937, 0.0 ], [ 112.124393476000023, -8.127018025999973, 0.0 ], [ 112.12503593100007, -8.127746141999978, 0.0 ], [ 112.125364296000043, -8.128202997999949, 0.0 ], [ 112.125678385000015, -8.128631300999928, 0.0 ], [ 112.126049581000075, -8.129002496999931, 0.0 ], [ 112.126236704, -8.129113383999936, 0.0 ], [ 112.127215266, -8.129580961999977, 0.0 ], [ 112.128305310000087, -8.130101807999949, 0.0 ], [ 112.130441193000024, -8.131098330999976, 0.0 ], [ 112.130155658000035, -8.131612294999968, 0.0 ] ] ] ] } }
]
}
