{
"type": "FeatureCollection",
"name": "Kanigoro",
"crs": { "type": "name", "properties": { "name": "urn:ogc:def:crs:OGC:1.3:CRS84" } },
"features": [
{ "type": "Feature", "properties": { "OBJECTID": 113775.0, "KDPPUM": "35", "NAMOBJ": "Banggle", "REMARK": null, "KDPBPS": null, "FCODE": "BA03070040", "LUASWH": null, "UUPP": "Ajudikasi 2015", "SRS_ID": "SRGI 2013", "METADATA": "TASWIL1000020200326DATA_BATAS_DESA_KELURAHAN", "KDEBPS": null, "KDEPUM": "35.05.10.2009", "KDCBPS": null, "KDCPUM": "35.05.10", "KDBBPS": null, "WADMKD": "Banggle", "WIADKD": null, "WADMKC": "Kanigoro", "WIADKC": null, "WADMKK": "Blitar", "WIADKK": null, "WADMPR": "Jawa Timur", "WIADPR": null, "TIPADM": 1.0, "KDPKAB": "35.05", "SHAPE_Leng": 0.11563555884453799, "SHAPE_Area": 0.00046682670032800001 }, "geometry": { "type": "MultiPolygon", "coordinates": [ [ [ [ 112.211761547000037, -8.09631292499995, 0.0 ], [ 112.211862710000105, -8.096340439999949, 0.0 ], [ 112.214154011, -8.096897728999977, 0.0 ], [ 112.214215888000012, -8.096728972999927, 0.0 ], [ 112.21476, -8.09688, 0.0 ], [ 112.214790742000105, -8.096882940999933, 0.0 ], [ 112.215046309000058, -8.097190402999956, 0.0 ], [ 112.21516766100001, -8.097126156999934, 0.0 ], [ 112.215267599000072, -8.096983388999945, 0.0 ], [ 112.215280985000049, -8.096929844999977, 0.0 ], [ 112.21640099900003, -8.097037, 0.0 ], [ 112.21656267000003, -8.096990294999955, 0.0 ], [ 112.216761, -8.096933, 0.0 ], [ 112.216785860000073, -8.09693, 0.0 ], [ 112.2168190000001, -8.096926, 0.0 ], [ 112.217592057000047, -8.096506056999942, 0.0 ], [ 112.217675, -8.096461000999966, 0.0 ], [ 112.218082, -8.096192000999963, 0.0 ], [ 112.218214851000084, -8.096009983999977, 0.0 ], [ 112.218463, -8.095669998999938, 0.0 ], [ 112.219119503000115, -8.094896508999966, 0.0 ], [ 112.219268862000035, -8.094720533999975, 0.0 ], [ 112.219373319000056, -8.094586460999949, 0.0 ], [ 112.21938719100001, -8.094592775999956, 0.0 ], [ 112.219957142000112, -8.094852238999977, 0.0 ], [ 112.220146475000092, -8.094909775999952, 0.0 ], [ 112.220324285000061, -8.094963811999946, 0.0 ], [ 112.221050879000018, -8.095078374999957, 0.0 ], [ 112.221632070000055, -8.095142008999971, 0.0 ], [ 112.222213330000045, -8.095228987999974, 0.0 ], [ 112.222840723000104, -8.095323349999944, 0.0 ], [ 112.223607414000071, -8.095459395999967, 0.0 ], [ 112.223723318000111, -8.095057545999964, 0.0 ], [ 112.225111675000107, -8.095268934999979, 0.0 ], [ 112.225890948000028, -8.095322472999953, 0.0 ], [ 112.227193703000012, -8.095500931999936, 0.0 ], [ 112.228050309000082, -8.095596110999963, 0.0 ], [ 112.228544047000014, -8.095608007999942, 0.0 ], [ 112.228611218000083, -8.095374644999936, 0.0 ], [ 112.2288420000001, -8.095336, 0.0 ], [ 112.232120943000041, -8.095432238999933, 0.0 ], [ 112.232290424000098, -8.095427395999934, 0.0 ], [ 112.232560087000024, -8.095495880999977, 0.0 ], [ 112.232534219000058, -8.095538843999975, 0.0 ], [ 112.232434685000044, -8.095704155999954, 0.0 ], [ 112.232265848000111, -8.095921223999937, 0.0 ], [ 112.232053920000112, -8.096259694999958, 0.0 ], [ 112.231794619000084, -8.096741237999936, 0.0 ], [ 112.231513706000101, -8.097261826999954, 0.0 ], [ 112.231041606000076, -8.098283587999958, 0.0 ], [ 112.231038759000057, -8.098289748999946, 0.0 ], [ 112.230356383000071, -8.099708100999976, 0.0 ], [ 112.229860149000046, -8.100883343999953, 0.0 ], [ 112.229769001000022, -8.101048998999943, 0.0 ], [ 112.229682529000115, -8.101093735999939, 0.0 ], [ 112.229452, -8.101213, 0.0 ], [ 112.229364685000064, -8.101238437999939, 0.0 ], [ 112.229325237000012, -8.101249930999927, 0.0 ], [ 112.229325001, -8.10125, 0.0 ], [ 112.229302045000054, -8.101249594999956, 0.0 ], [ 112.228645, -8.101238000999956, 0.0 ], [ 112.228645209000092, -8.101240074999964, 0.0 ], [ 112.228651691000096, -8.101304300999971, 0.0 ], [ 112.228656000000115, -8.101347, 0.0 ], [ 112.228634854, -8.101538595999955, 0.0 ], [ 112.228623, -8.101646, 0.0 ], [ 112.228463001000023, -8.102097, 0.0 ], [ 112.228399979000073, -8.10222304399997, 0.0 ], [ 112.228259, -8.10250500099994, 0.0 ], [ 112.22805, -8.102716, 0.0 ], [ 112.227950097000075, -8.102836553999964, 0.0 ], [ 112.227871, -8.102932, 0.0 ], [ 112.227838210000073, -8.102986886999929, 0.0 ], [ 112.227089, -8.104241, 0.0 ], [ 112.226919, -8.104685, 0.0 ], [ 112.226809000000117, -8.105129, 0.0 ], [ 112.226655568000069, -8.105579198999976, 0.0 ], [ 112.226559903000066, -8.105880156999945, 0.0 ], [ 112.226558999000076, -8.105883000999938, 0.0 ], [ 112.226536423000084, -8.105918312999961, 0.0 ], [ 112.226481, -8.106005, 0.0 ], [ 112.22647173200005, -8.10602791499997, 0.0 ], [ 112.226255689000027, -8.106562068999949, 0.0 ], [ 112.226224650000063, -8.10663881399995, 0.0 ], [ 112.225534439000057, -8.106568981999942, 0.0 ], [ 112.225015545000019, -8.106480655999974, 0.0 ], [ 112.224907243000075, -8.106458510999971, 0.0 ], [ 112.224194348000083, -8.106343802999959, 0.0 ], [ 112.223337141000115, -8.106229525999936, 0.0 ], [ 112.222493395000015, -8.106092735999937, 0.0 ], [ 112.222303932000045, -8.106075326999928, 0.0 ], [ 112.222263466000072, -8.106115896999938, 0.0 ], [ 112.222227754000073, -8.106237347999979, 0.0 ], [ 112.222164834000068, -8.106309444999965, 0.0 ], [ 112.221970928000019, -8.106314520999945, 0.0 ], [ 112.221790469000098, -8.106292589999953, 0.0 ], [ 112.221713872, -8.106315289999941, 0.0 ], [ 112.221669100000099, -8.106423285999938, 0.0 ], [ 112.221495022000113, -8.107021540999938, 0.0 ], [ 112.221374899000011, -8.107565702999977, 0.0 ], [ 112.221147287, -8.108357369999965, 0.0 ], [ 112.221115895000025, -8.108415888999957, 0.0 ], [ 112.221052771000018, -8.108420570999954, 0.0 ], [ 112.220899302000021, -8.108376089999979, 0.0 ], [ 112.220736829000089, -8.108336127999962, 0.0 ], [ 112.220651197000052, -8.108354361999943, 0.0 ], [ 112.220615349000013, -8.108430870999939, 0.0 ], [ 112.220530747000112, -8.108790662999979, 0.0 ], [ 112.220245535000117, -8.109924063999927, 0.0 ], [ 112.220084687000053, -8.110423405999938, 0.0 ], [ 112.220017554000037, -8.110594387999981, 0.0 ], [ 112.219968055000095, -8.110630489999949, 0.0 ], [ 112.21986886500008, -8.110639774999981, 0.0 ], [ 112.219580076000057, -8.110586708999961, 0.0 ], [ 112.219151562000093, -8.110561024999981, 0.0 ], [ 112.218741155000089, -8.110557759999949, 0.0 ], [ 112.218623927000067, -8.110567097999933, 0.0 ], [ 112.218538336000051, -8.110598813999957, 0.0 ], [ 112.218493413000033, -8.11065737399997, 0.0 ], [ 112.218403230000035, -8.110662138999942, 0.0 ], [ 112.218326484000045, -8.110635401999957, 0.0 ], [ 112.218267977000096, -8.110676024999975, 0.0 ], [ 112.218205340000054, -8.110842498999943, 0.0 ], [ 112.218115739000041, -8.111040512999978, 0.0 ], [ 112.218039383000018, -8.111144108999952, 0.0 ], [ 112.217985658000089, -8.11127460199998, 0.0 ], [ 112.21795897700008, -8.11140052099995, 0.0 ], [ 112.217955130000064, -8.11162074899994, 0.0 ], [ 112.217964164000023, -8.111625216999926, 0.0 ], [ 112.218036862000076, -8.111804768999946, 0.0 ], [ 112.218073238000102, -8.111903534999954, 0.0 ], [ 112.218051176000017, -8.112065391999977, 0.0 ], [ 112.21796172300003, -8.112312842999927, 0.0 ], [ 112.217840351000063, -8.11244353799998, 0.0 ], [ 112.217678375000105, -8.11256986099994, 0.0 ], [ 112.217575096000019, -8.112718479999955, 0.0 ], [ 112.217575123000074, -8.112727467999946, 0.0 ], [ 112.217431863000115, -8.113078447999953, 0.0 ], [ 112.217234647000055, -8.113483517999953, 0.0 ], [ 112.216867219000051, -8.114275602999953, 0.0 ], [ 112.21669695300011, -8.114644637999959, 0.0 ], [ 112.21667023200007, -8.114757073999954, 0.0 ], [ 112.216675188000067, -8.114905368999928, 0.0 ], [ 112.216648534000115, -8.115040275999945, 0.0 ], [ 112.216599561000066, -8.115251650999937, 0.0 ], [ 112.216564063000078, -8.115445009999974, 0.0 ], [ 112.216515131000051, -8.115669867999941, 0.0 ], [ 112.216515239000046, -8.115705820999949, 0.0 ], [ 112.216448050000054, -8.115858825999965, 0.0 ], [ 112.216304490000084, -8.11611093199997, 0.0 ], [ 112.216237249000073, -8.116245960999947, 0.0 ], [ 112.216165726000099, -8.11645740199998, 0.0 ], [ 112.216121222000083, -8.116655282999943, 0.0 ], [ 112.215930270000058, -8.117644585999926, 0.0 ], [ 112.215891911000085, -8.117914950999932, 0.0 ], [ 112.215872858000012, -8.118049238999959, 0.0 ], [ 112.21571739, -8.118840688999967, 0.0 ], [ 112.215615325000044, -8.119393785999932, 0.0 ], [ 112.215544910000062, -8.119973752999954, 0.0 ], [ 112.215471214000104, -8.120548744999951, 0.0 ], [ 112.215469998000117, -8.120558227999936, 0.0 ], [ 112.214595767000105, -8.12043317499996, 0.0 ], [ 112.214221199, -8.120385892999934, 0.0 ], [ 112.213672, -8.120333, 0.0 ], [ 112.213658615000099, -8.120367949999945, 0.0 ], [ 112.213636, -8.120427000999939, 0.0 ], [ 112.213537, -8.120566998999948, 0.0 ], [ 112.213456, -8.121068, 0.0 ], [ 112.213426, -8.121593, 0.0 ], [ 112.213439041000015, -8.121623902999943, 0.0 ], [ 112.213585590000093, -8.121971179999946, 0.0 ], [ 112.213590521000015, -8.12198286499995, 0.0 ], [ 112.213591, -8.121984, 0.0 ], [ 112.213620877000039, -8.122143094999956, 0.0 ], [ 112.213620600000013, -8.122148300999982, 0.0 ], [ 112.213601941000093, -8.122499291999929, 0.0 ], [ 112.213601, -8.122517, 0.0 ], [ 112.213583, -8.123133, 0.0 ], [ 112.213569, -8.123218002999977, 0.0 ], [ 112.213499525000088, -8.123639815999979, 0.0 ], [ 112.213499, -8.123643000999948, 0.0 ], [ 112.212990510000054, -8.123449554999979, 0.0 ], [ 112.212627253000051, -8.123342569999977, 0.0 ], [ 112.211969999000075, -8.123149, 0.0 ], [ 112.211483986000076, -8.122914451999975, 0.0 ], [ 112.21148009, -8.122924310999963, 0.0 ], [ 112.211349111000118, -8.123255747999963, 0.0 ], [ 112.211209589000077, -8.123611069999981, 0.0 ], [ 112.211060893000081, -8.124031794999951, 0.0 ], [ 112.21097649100011, -8.124215722999963, 0.0 ], [ 112.210942188000104, -8.124371749999966, 0.0 ], [ 112.210886101000028, -8.12451051499994, 0.0 ], [ 112.210769398000025, -8.124727420999932, 0.0 ], [ 112.210665890000087, -8.124996264999936, 0.0 ], [ 112.210497394000072, -8.125334599999974, 0.0 ], [ 112.210393808000049, -8.125577455999974, 0.0 ], [ 112.209763323000061, -8.125492705999932, 0.0 ], [ 112.209496935000061, -8.125073371999974, 0.0 ], [ 112.209405597000114, -8.125051987999939, 0.0 ], [ 112.208540669000058, -8.125054558999977, 0.0 ], [ 112.207526306000091, -8.124503177999941, 0.0 ], [ 112.207397577000052, -8.124442422999948, 0.0 ], [ 112.207334793000086, -8.124412790999941, 0.0 ], [ 112.207256559000029, -8.124413022999931, 0.0 ], [ 112.207195917000035, -8.124482501999978, 0.0 ], [ 112.207183279000105, -8.124616806999938, 0.0 ], [ 112.20716651500004, -8.124824754999963, 0.0 ], [ 112.207161013000018, -8.124887119999926, 0.0 ], [ 112.207158106000065, -8.124920066999948, 0.0 ], [ 112.207132119000107, -8.124950460999969, 0.0 ], [ 112.207045140000105, -8.124933394999971, 0.0 ], [ 112.207042604000094, -8.124931523999976, 0.0 ], [ 112.206913376000102, -8.124836193999954, 0.0 ], [ 112.206577959000015, -8.124636998999961, 0.0 ], [ 112.205996877000075, -8.124394044999974, 0.0 ], [ 112.205520272000058, -8.124254582999981, 0.0 ], [ 112.204574742000091, -8.124057193999931, 0.0 ], [ 112.204120524000018, -8.123939907999954, 0.0 ], [ 112.204172143000051, -8.123784051999962, 0.0 ], [ 112.204347794000114, -8.122804823999957, 0.0 ], [ 112.204487659000051, -8.122300227999972, 0.0 ], [ 112.204724203000069, -8.121780515999944, 0.0 ], [ 112.204872436000073, -8.121587301999966, 0.0 ], [ 112.2051175470001, -8.121445700999971, 0.0 ], [ 112.205333207000081, -8.121407989999966, 0.0 ], [ 112.205563637000068, -8.121333162999974, 0.0 ], [ 112.205764128000055, -8.121199107999928, 0.0 ], [ 112.205867607000073, -8.120968954999967, 0.0 ], [ 112.205970466000053, -8.120531197999981, 0.0 ], [ 112.206021885000041, -8.120308611999974, 0.0 ], [ 112.206006385000023, -8.120101052999928, 0.0 ], [ 112.205976137000107, -8.119938024999954, 0.0 ], [ 112.205997816000036, -8.119722941999953, 0.0 ], [ 112.206167195000035, -8.119136698999966, 0.0 ], [ 112.206425969000065, -8.118587261999949, 0.0 ], [ 112.206603119000079, -8.118112212999961, 0.0 ], [ 112.206676748000064, -8.117852490999951, 0.0 ], [ 112.206631286000061, -8.117578289999926, 0.0 ], [ 112.206459209000059, -8.117259978999925, 0.0 ], [ 112.206279758000051, -8.116963932999965, 0.0 ], [ 112.206196853000051, -8.116608284999927, 0.0 ], [ 112.206180646, -8.116163464999943, 0.0 ], [ 112.206238641000027, -8.115651696999976, 0.0 ], [ 112.206319311000016, -8.115258492999942, 0.0 ], [ 112.206466768000041, -8.114805775999969, 0.0 ], [ 112.206351, -8.114721, 0.0 ], [ 112.205521938000061, -8.11432789, 0.0 ], [ 112.205308453000043, -8.114241765999964, 0.0 ], [ 112.205275465000113, -8.114228457999957, 0.0 ], [ 112.204572754000083, -8.113958398999955, 0.0 ], [ 112.204426, -8.113902, 0.0 ], [ 112.204348259000085, -8.113857351999968, 0.0 ], [ 112.204216750000114, -8.113781824999933, 0.0 ], [ 112.204199443000107, -8.113777771999935, 0.0 ], [ 112.204060394000066, -8.113745214999938, 0.0 ], [ 112.203926582, -8.113782683999943, 0.0 ], [ 112.203773246000083, -8.113854862999972, 0.0 ], [ 112.203688826000075, -8.113894601999959, 0.0 ], [ 112.203588522000018, -8.113957487999926, 0.0 ], [ 112.203391769000064, -8.114080841999964, 0.0 ], [ 112.203357077000078, -8.114086067999949, 0.0 ], [ 112.203190971000026, -8.114111092999963, 0.0 ], [ 112.202818805000106, -8.114060291999976, 0.0 ], [ 112.203017155000111, -8.113207041999942, 0.0 ], [ 112.203274828000076, -8.112286888999961, 0.0 ], [ 112.203414580000072, -8.111745220999978, 0.0 ], [ 112.203612886000087, -8.110877143999971, 0.0 ], [ 112.203899765000074, -8.109771541999976, 0.0 ], [ 112.20417172000009, -8.108651155999951, 0.0 ], [ 112.20455421500003, -8.107174548999978, 0.0 ], [ 112.205053278000037, -8.105184900999973, 0.0 ], [ 112.205353199000115, -8.10394187299994, 0.0 ], [ 112.205661511000017, -8.102834180999935, 0.0 ], [ 112.205898624000042, -8.101965572999973, 0.0 ], [ 112.206222510000089, -8.100722472999962, 0.0 ], [ 112.206364621000034, -8.100148756999943, 0.0 ], [ 112.206720488000087, -8.098913524999944, 0.0 ], [ 112.206870564000042, -8.098331822999967, 0.0 ], [ 112.207131405000041, -8.097383520999927, 0.0 ], [ 112.207376361000115, -8.09646711399995, 0.0 ], [ 112.207676864000064, -8.095423143999938, 0.0 ], [ 112.20785830300008, -8.094642287999932, 0.0 ], [ 112.20792067900004, -8.094124543999953, 0.0 ], [ 112.208696371000087, -8.094353158999979, 0.0 ], [ 112.209695987000032, -8.094652771999961, 0.0 ], [ 112.210311672000103, -8.09481019499998, 0.0 ], [ 112.210930605000044, -8.094950604999951, 0.0 ], [ 112.210935297000105, -8.094951669999944, 0.0 ], [ 112.210939, -8.094956000999957, 0.0 ], [ 112.210947725000096, -8.094968570999981, 0.0 ], [ 112.210962748000043, -8.094990217999964, 0.0 ], [ 112.210971478000033, -8.09500279599996, 0.0 ], [ 112.210990003, -8.095029486999977, 0.0 ], [ 112.211018748000015, -8.095070904999943, 0.0 ], [ 112.211034537000046, -8.095313007999948, 0.0 ], [ 112.211063091000028, -8.095534297999961, 0.0 ], [ 112.211113060000116, -8.095655649999969, 0.0 ], [ 112.211198720000084, -8.095862662999934, 0.0 ], [ 112.21124346900001, -8.095984839999971, 0.0 ], [ 112.211262, -8.096266, 0.0 ], [ 112.211550138, -8.096292749999975, 0.0 ], [ 112.211556277000113, -8.096293389999971, 0.0 ], [ 112.211667288000058, -8.09630496099993, 0.0 ], [ 112.211754, -8.096314, 0.0 ], [ 112.211761547000037, -8.09631292499995, 0.0 ] ] ] ] } },
{ "type": "Feature", "properties": { "OBJECTID": 113795.0, "KDPPUM": "35", "NAMOBJ": "Gaprang", "REMARK": null, "KDPBPS": null, "FCODE": "BA03070040", "LUASWH": null, "UUPP": "Ajudikasi 2015", "SRS_ID": "SRGI 2013", "METADATA": "TASWIL1000020200326DATA_BATAS_DESA_KELURAHAN", "KDEBPS": null, "KDEPUM": "35.05.10.2004", "KDCBPS": null, "KDCPUM": "35.05.10", "KDBBPS": null, "WADMKD": "Gaprang", "WIADKD": null, "WADMKC": "Kanigoro", "WIADKC": null, "WADMKK": "Blitar", "WIADKK": null, "WADMPR": "Jawa Timur", "WIADPR": null, "TIPADM": 1.0, "KDPKAB": "35.05", "SHAPE_Leng": 0.069131973239934003, "SHAPE_Area": 0.00017004261093 }, "geometry": { "type": "MultiPolygon", "coordinates": [ [ [ [ 112.194201984000074, -8.114308771999958, 0.0 ], [ 112.194201534000058, -8.114312050999956, 0.0 ], [ 112.194143154000017, -8.114737890999947, 0.0 ], [ 112.194107631000065, -8.114905489999956, 0.0 ], [ 112.194105434000107, -8.114974887999949, 0.0 ], [ 112.19412481300003, -8.115032257999928, 0.0 ], [ 112.194055972000115, -8.115300452999975, 0.0 ], [ 112.194005520000019, -8.115291028999934, 0.0 ], [ 112.193875861000038, -8.115291408999951, 0.0 ], [ 112.193820684000116, -8.115308320999929, 0.0 ], [ 112.193801581000116, -8.115344268999934, 0.0 ], [ 112.193794419000028, -8.115358645999947, 0.0 ], [ 112.193763516000104, -8.115464018999944, 0.0 ], [ 112.193426745000011, -8.115405480999925, 0.0 ], [ 112.193426343000056, -8.115405410999927, 0.0 ], [ 112.193421089000026, -8.115442811999969, 0.0 ], [ 112.193374, -8.115778, 0.0 ], [ 112.19317, -8.116712, 0.0 ], [ 112.193109540000023, -8.117750585999943, 0.0 ], [ 112.193097, -8.117966, 0.0 ], [ 112.193035594000094, -8.118312027999934, 0.0 ], [ 112.192779532000031, -8.119754980999971, 0.0 ], [ 112.192757344000029, -8.119881000999953, 0.0 ], [ 112.192696187000024, -8.120228347999955, 0.0 ], [ 112.192693813, -8.12024183099993, 0.0 ], [ 112.192692375000092, -8.120245691999969, 0.0 ], [ 112.192576887000087, -8.120555770999943, 0.0 ], [ 112.192301231000101, -8.121735029999968, 0.0 ], [ 112.192143822000048, -8.122300787999961, 0.0 ], [ 112.192010680000067, -8.12295321299996, 0.0 ], [ 112.191922702000056, -8.123653363999949, 0.0 ], [ 112.191893189000098, -8.123823935999951, 0.0 ], [ 112.191878315000054, -8.123868843999958, 0.0 ], [ 112.191845458000103, -8.123922777999951, 0.0 ], [ 112.191663092000113, -8.124168573999953, 0.0 ], [ 112.191525616000035, -8.124369371999933, 0.0 ], [ 112.191448011000034, -8.124516159999928, 0.0 ], [ 112.191394469000102, -8.12468082, 0.0 ], [ 112.191361930000085, -8.124842427999965, 0.0 ], [ 112.191352987000073, -8.124863391999952, 0.0 ], [ 112.191338098000074, -8.125006087999964, 0.0 ], [ 112.191294607000032, -8.125422878999927, 0.0 ], [ 112.191265359000113, -8.125683179999953, 0.0 ], [ 112.191198782000015, -8.1260587, 0.0 ], [ 112.191193337000072, -8.126089411999942, 0.0 ], [ 112.191193386, -8.126089423999929, 0.0 ], [ 112.19112438500008, -8.126664941999934, 0.0 ], [ 112.191047316000095, -8.126973211999939, 0.0 ], [ 112.191000821000102, -8.127084612999965, 0.0 ], [ 112.190993639000112, -8.127091812999936, 0.0 ], [ 112.190972536000118, -8.127264153999931, 0.0 ], [ 112.190994771000078, -8.127475851999975, 0.0 ], [ 112.19102731800001, -8.127568527999927, 0.0 ], [ 112.191089212000065, -8.127744764999932, 0.0 ], [ 112.191186884000103, -8.127888045999953, 0.0 ], [ 112.191259301000059, -8.128017044999979, 0.0 ], [ 112.191277468000067, -8.128070829999956, 0.0 ], [ 112.191299566000112, -8.128235867999933, 0.0 ], [ 112.191253294000035, -8.128422640999929, 0.0 ], [ 112.191189445000077, -8.128557024999964, 0.0 ], [ 112.191067155000042, -8.128814406999936, 0.0 ], [ 112.190938305000032, -8.129091152999933, 0.0 ], [ 112.190870686000039, -8.129367718999958, 0.0 ], [ 112.190867688000026, -8.129572311999937, 0.0 ], [ 112.190885102000038, -8.129728068999952, 0.0 ], [ 112.190900984000109, -8.129870117999928, 0.0 ], [ 112.190894012000058, -8.12994909899993, 0.0 ], [ 112.190813330000083, -8.130126079999968, 0.0 ], [ 112.190758022000068, -8.130247399999973, 0.0 ], [ 112.190711981000049, -8.130513135999934, 0.0 ], [ 112.190705879, -8.130886428999929, 0.0 ], [ 112.190685434000102, -8.131281298999966, 0.0 ], [ 112.190683783000054, -8.131535338999981, 0.0 ], [ 112.190719063000074, -8.13159225499993, 0.0 ], [ 112.190765211000098, -8.13166670399994, 0.0 ], [ 112.190780281000116, -8.131687596999939, 0.0 ], [ 112.190927567000017, -8.131758948999959, 0.0 ], [ 112.191083716000094, -8.131782418999933, 0.0 ], [ 112.191428953000013, -8.131802344999926, 0.0 ], [ 112.191885281000054, -8.13183390699993, 0.0 ], [ 112.192221584000094, -8.131877786999951, 0.0 ], [ 112.192353854000089, -8.13194619099994, 0.0 ], [ 112.192408128000011, -8.132029778999936, 0.0 ], [ 112.192496074000019, -8.132334600999968, 0.0 ], [ 112.192577601000039, -8.132498866999981, 0.0 ], [ 112.192670887000077, -8.132579349999958, 0.0 ], [ 112.192866190000018, -8.13264757099995, 0.0 ], [ 112.19299244900003, -8.132713000999956, 0.0 ], [ 112.193016611000075, -8.13276377699998, 0.0 ], [ 112.193004781000013, -8.132823631999941, 0.0 ], [ 112.1929520650001, -8.13288807899994, 0.0 ], [ 112.192882161000057, -8.132973540999956, 0.0 ], [ 112.192817618000049, -8.133071834999953, 0.0 ], [ 112.192789100000027, -8.133172414999933, 0.0 ], [ 112.192796686000065, -8.13330160299995, 0.0 ], [ 112.192804362000061, -8.133401607999929, 0.0 ], [ 112.192809173000114, -8.133464276999973, 0.0 ], [ 112.192775789000052, -8.133543336999935, 0.0 ], [ 112.192703617, -8.133639149999965, 0.0 ], [ 112.192654761000085, -8.133704008999928, 0.0 ], [ 112.192608861000053, -8.133773055999939, 0.0 ], [ 112.192589895000083, -8.133855424999979, 0.0 ], [ 112.192574901000057, -8.133981806999941, 0.0 ], [ 112.192546708, -8.134192455999937, 0.0 ], [ 112.192443755000113, -8.13445692199997, 0.0 ], [ 112.192338554000116, -8.134610368999972, 0.0 ], [ 112.192137337000077, -8.134775583999954, 0.0 ], [ 112.192064470000105, -8.134819824999965, 0.0 ], [ 112.192006823000042, -8.134814251999956, 0.0 ], [ 112.19192410200003, -8.134774294999943, 0.0 ], [ 112.191835635000075, -8.134740098999941, 0.0 ], [ 112.19162261800011, -8.134715167999957, 0.0 ], [ 112.1913142410001, -8.134695972999964, 0.0 ], [ 112.191214885000022, -8.134714927999937, 0.0 ], [ 112.191094045000114, -8.134777017999966, 0.0 ], [ 112.191007651000064, -8.134794497999962, 0.0 ], [ 112.19098492, -8.134791701999973, 0.0 ], [ 112.190900396000075, -8.134781302999954, 0.0 ], [ 112.190822348000097, -8.134778540999946, 0.0 ], [ 112.190723680000019, -8.13480614599996, 0.0 ], [ 112.190657103000035, -8.134862132999956, 0.0 ], [ 112.19061887600003, -8.134731468999973, 0.0 ], [ 112.190561451, -8.134597042999928, 0.0 ], [ 112.190474149000011, -8.134510558999978, 0.0 ], [ 112.190332812000065, -8.134421243999952, 0.0 ], [ 112.190469047000079, -8.13379871799998, 0.0 ], [ 112.190521973000045, -8.133514056999957, 0.0 ], [ 112.190554733000113, -8.133337854999979, 0.0 ], [ 112.190173274000017, -8.133249241999977, 0.0 ], [ 112.189473361000069, -8.133062858999949, 0.0 ], [ 112.189229883000053, -8.132943931999932, 0.0 ], [ 112.188646637000033, -8.132622610999931, 0.0 ], [ 112.188228587000026, -8.132339688999934, 0.0 ], [ 112.188189461000093, -8.132303911999941, 0.0 ], [ 112.188177332, -8.132262072999936, 0.0 ], [ 112.188189065000074, -8.132169317999967, 0.0 ], [ 112.188197840000043, -8.132091526999943, 0.0 ], [ 112.188176733000091, -8.132058687999972, 0.0 ], [ 112.188122600000042, -8.132022953999979, 0.0 ], [ 112.188029456000095, -8.131990324999947, 0.0 ], [ 112.187985188000084, -8.131961979999971, 0.0 ], [ 112.187946619000058, -8.131910409999932, 0.0 ], [ 112.187890623000044, -8.131812946999958, 0.0 ], [ 112.187815372000045, -8.131700225999964, 0.0 ], [ 112.187661215000048, -8.131537966999929, 0.0 ], [ 112.187437841000019, -8.131354852999948, 0.0 ], [ 112.187316573000089, -8.131270979999954, 0.0 ], [ 112.186999771000046, -8.131181200999947, 0.0 ], [ 112.186664549000056, -8.131096038999942, 0.0 ], [ 112.186444700000038, -8.131050019999975, 0.0 ], [ 112.186264460000075, -8.131000298999936, 0.0 ], [ 112.186152498000069, -8.130896538999934, 0.0 ], [ 112.185969446000058, -8.130720607999933, 0.0 ], [ 112.185910492000062, -8.13066394699996, 0.0 ], [ 112.185972267000011, -8.130220032999944, 0.0 ], [ 112.18597330800003, -8.130212546999928, 0.0 ], [ 112.186009191000039, -8.129931462999934, 0.0 ], [ 112.186012519000087, -8.129838133999954, 0.0 ], [ 112.185997751000059, -8.129778774999977, 0.0 ], [ 112.185951916000022, -8.129707124999925, 0.0 ], [ 112.18595188900008, -8.129697552999971, 0.0 ], [ 112.185922856000047, -8.129623460999937, 0.0 ], [ 112.185901063000074, -8.129561311999964, 0.0 ], [ 112.185869706000062, -8.129513547999977, 0.0 ], [ 112.185814254000093, -8.129437139999936, 0.0 ], [ 112.18578280600002, -8.129358268999965, 0.0 ], [ 112.185755922000112, -8.129198028999951, 0.0 ], [ 112.185704035000072, -8.128700479999964, 0.0 ], [ 112.185691593000115, -8.128552162999938, 0.0 ], [ 112.185667378000062, -8.128482841999926, 0.0 ], [ 112.185616727000024, -8.128406420999966, 0.0 ], [ 112.185505865000096, -8.128267960999949, 0.0 ], [ 112.18536627900005, -8.128160691999938, 0.0 ], [ 112.185274857000081, -8.128101138999966, 0.0 ], [ 112.185166432000074, -8.127974636999966, 0.0 ], [ 112.184992745000045, -8.127702363999958, 0.0 ], [ 112.184994460000098, -8.127468700999941, 0.0 ], [ 112.184994448000111, -8.127464394999947, 0.0 ], [ 112.185020744000099, -8.127096784999935, 0.0 ], [ 112.185017097000014, -8.127000126999974, 0.0 ], [ 112.184988126, -8.126946611999927, 0.0 ], [ 112.184920775000023, -8.126906608999946, 0.0 ], [ 112.184863119000056, -8.126897205999967, 0.0 ], [ 112.184857355000076, -8.126897222999958, 0.0 ], [ 112.184719091000034, -8.126912939999954, 0.0 ], [ 112.184548368000037, -8.126981995999927, 0.0 ], [ 112.184402, -8.126914, 0.0 ], [ 112.184046, -8.126837, 0.0 ], [ 112.183353001000114, -8.126456, 0.0 ], [ 112.183266413000069, -8.126432137999927, 0.0 ], [ 112.183145113000023, -8.126398708999943, 0.0 ], [ 112.18299, -8.126373, 0.0 ], [ 112.182812231000071, -8.12637740699995, 0.0 ], [ 112.182748, -8.12637899899994, 0.0 ], [ 112.182424, -8.126416, 0.0 ], [ 112.182326854000053, -8.126449806999972, 0.0 ], [ 112.182174, -8.126503, 0.0 ], [ 112.181911001000117, -8.126523, 0.0 ], [ 112.181682881000029, -8.12648451299998, 0.0 ], [ 112.181447897000112, -8.126444866999975, 0.0 ], [ 112.181026015000043, -8.126378224999939, 0.0 ], [ 112.179997665000087, -8.126209847999974, 0.0 ], [ 112.179569969000113, -8.126139651999949, 0.0 ], [ 112.179566, -8.126139000999956, 0.0 ], [ 112.179505480000103, -8.125411850999967, 0.0 ], [ 112.17950024400011, -8.125348927999937, 0.0 ], [ 112.1795, -8.125346001999958, 0.0 ], [ 112.179548, -8.125124, 0.0 ], [ 112.179697333000036, -8.12501733299996, 0.0 ], [ 112.179722568000102, -8.124999308999975, 0.0 ], [ 112.179723, -8.124999, 0.0 ], [ 112.179738495000038, -8.124995020999961, 0.0 ], [ 112.179980000000114, -8.124933000999931, 0.0 ], [ 112.180145, -8.124864, 0.0 ], [ 112.180299999000113, -8.12471, 0.0 ], [ 112.18042898300007, -8.124491779999971, 0.0 ], [ 112.180472001000112, -8.124419, 0.0 ], [ 112.180593, -8.123927, 0.0 ], [ 112.18067, -8.123713, 0.0 ], [ 112.180734289000043, -8.123651554999981, 0.0 ], [ 112.180783, -8.123605, 0.0 ], [ 112.180877365000015, -8.123566843999981, 0.0 ], [ 112.181013, -8.123512, 0.0 ], [ 112.181273, -8.123443, 0.0 ], [ 112.181394, -8.123362, 0.0 ], [ 112.181444001000045, -8.123253, 0.0 ], [ 112.181493999000054, -8.122947000999943, 0.0 ], [ 112.181696837000118, -8.122643080999978, 0.0 ], [ 112.181797001000064, -8.122493000999953, 0.0 ], [ 112.181830033000097, -8.122455224999953, 0.0 ], [ 112.181992, -8.12227, 0.0 ], [ 112.182083049000084, -8.122202327999958, 0.0 ], [ 112.182806, -8.121665, 0.0 ], [ 112.182934999000054, -8.121466000999931, 0.0 ], [ 112.183034795000026, -8.12112727799996, 0.0 ], [ 112.183072, -8.121000998999932, 0.0 ], [ 112.183082272000092, -8.120931624999969, 0.0 ], [ 112.18314, -8.120541755999966, 0.0 ], [ 112.183141, -8.120535, 0.0 ], [ 112.183162352000068, -8.120347213999935, 0.0 ], [ 112.183219, -8.119849, 0.0 ], [ 112.183204145000104, -8.119640712999967, 0.0 ], [ 112.183172, -8.11919, 0.0 ], [ 112.183131423000077, -8.11905283599998, 0.0 ], [ 112.182888, -8.11823, 0.0 ], [ 112.182841308000093, -8.11813172199993, 0.0 ], [ 112.182720499000084, -8.117877437999937, 0.0 ], [ 112.182640000000106, -8.117708, 0.0 ], [ 112.182631834000063, -8.11768725099995, 0.0 ], [ 112.182481001000042, -8.11730400099998, 0.0 ], [ 112.18259, -8.11717, 0.0 ], [ 112.182869048000043, -8.117038108999964, 0.0 ], [ 112.183047000000101, -8.116954, 0.0 ], [ 112.18322205000004, -8.116827685999965, 0.0 ], [ 112.183223001000101, -8.116827, 0.0 ], [ 112.183233765000068, -8.116814458999954, 0.0 ], [ 112.183526, -8.116473998999936, 0.0 ], [ 112.183821, -8.115903, 0.0 ], [ 112.183826796000062, -8.115896300999964, 0.0 ], [ 112.183898081000052, -8.115813908999939, 0.0 ], [ 112.184170416000029, -8.115499142999965, 0.0 ], [ 112.184174001000088, -8.115495, 0.0 ], [ 112.184377182000048, -8.115079766999941, 0.0 ], [ 112.184426, -8.11498, 0.0 ], [ 112.184651, -8.114716000999977, 0.0 ], [ 112.185005625000031, -8.114520583999933, 0.0 ], [ 112.185918380000089, -8.114017610999952, 0.0 ], [ 112.186031999000079, -8.113955, 0.0 ], [ 112.186218, -8.113772, 0.0 ], [ 112.18646668100007, -8.11381111299994, 0.0 ], [ 112.186822, -8.113867, 0.0 ], [ 112.1876535990001, -8.113956154999926, 0.0 ], [ 112.187903999000014, -8.113983, 0.0 ], [ 112.188439328000072, -8.113898810999956, 0.0 ], [ 112.18875704900006, -8.113848843999961, 0.0 ], [ 112.189197616000115, -8.11370870899998, 0.0 ], [ 112.189247001000012, -8.113693, 0.0 ], [ 112.189517029000058, -8.113567165999939, 0.0 ], [ 112.189747, -8.11346, 0.0 ], [ 112.190159000000108, -8.113169, 0.0 ], [ 112.190591660000109, -8.112668511999971, 0.0 ], [ 112.190879053000117, -8.112336064999965, 0.0 ], [ 112.191001, -8.112195, 0.0 ], [ 112.191299881000077, -8.111921802999973, 0.0 ], [ 112.191611407000096, -8.11171152199995, 0.0 ], [ 112.191857308000067, -8.111639018999938, 0.0 ], [ 112.192067351000105, -8.111620458999937, 0.0 ], [ 112.192097382000043, -8.111626352999963, 0.0 ], [ 112.192301616, -8.111673610999958, 0.0 ], [ 112.192319642000029, -8.111679540999944, 0.0 ], [ 112.192731899000023, -8.111837453999954, 0.0 ], [ 112.193016693000118, -8.111926349999976, 0.0 ], [ 112.193240213000081, -8.111999633999972, 0.0 ], [ 112.19327, -8.112329750999947, 0.0 ], [ 112.193256398000017, -8.112602569999979, 0.0 ], [ 112.193185614000072, -8.113026300999934, 0.0 ], [ 112.193118529000117, -8.113671910999926, 0.0 ], [ 112.193118, -8.113677, 0.0 ], [ 112.193101581000064, -8.113842488999978, 0.0 ], [ 112.193101624000064, -8.113856845999976, 0.0 ], [ 112.193118600000048, -8.113914222999938, 0.0 ], [ 112.193162633000043, -8.113945141999977, 0.0 ], [ 112.193302001, -8.114043, 0.0 ], [ 112.193447000000106, -8.114132, 0.0 ], [ 112.193496094000011, -8.114151273999937, 0.0 ], [ 112.193582000000106, -8.114185, 0.0 ], [ 112.194201984000074, -8.114308771999958, 0.0 ] ] ] ] } },
{ "type": "Feature", "properties": { "OBJECTID": 113803.0, "KDPPUM": "35", "NAMOBJ": "Gogodeso", "REMARK": null, "KDPBPS": null, "FCODE": "BA03070040", "LUASWH": null, "UUPP": "Ajudikasi 2015", "SRS_ID": "SRGI 2013", "METADATA": "TASWIL1000020200326DATA_BATAS_DESA_KELURAHAN", "KDEBPS": null, "KDEPUM": "35.05.10.2003", "KDCBPS": null, "KDCPUM": "35.05.10", "KDBBPS": null, "WADMKD": "Gogodeso", "WIADKD": null, "WADMKC": "Kanigoro", "WIADKC": null, "WADMKK": "Blitar", "WIADKK": null, "WADMPR": "Jawa Timur", "WIADPR": null, "TIPADM": 1.0, "KDPKAB": "35.05", "SHAPE_Leng": 0.085083174258319003, "SHAPE_Area": 0.00028557111353600003 }, "geometry": { "type": "MultiPolygon", "coordinates": [ [ [ [ 112.190657103000035, -8.134862132999956, 0.0 ], [ 112.190615891000107, -8.134896788999981, 0.0 ], [ 112.190541155, -8.134971902999951, 0.0 ], [ 112.190495309000084, -8.135045979999973, 0.0 ], [ 112.190484013000059, -8.135063676999948, 0.0 ], [ 112.19045737700003, -8.135192366999945, 0.0 ], [ 112.190374323000015, -8.135527601999968, 0.0 ], [ 112.190234493000048, -8.13594974199998, 0.0 ], [ 112.190082403000019, -8.13628517799998, 0.0 ], [ 112.190031748000024, -8.136410947999934, 0.0 ], [ 112.189975186000083, -8.136569635999933, 0.0 ], [ 112.189963330000069, -8.136620517999972, 0.0 ], [ 112.189984415000026, -8.136643452999976, 0.0 ], [ 112.19007896200003, -8.136746298999981, 0.0 ], [ 112.190271443000029, -8.136874945999978, 0.0 ], [ 112.190535777000036, -8.136941168999954, 0.0 ], [ 112.190843263000033, -8.136983337999936, 0.0 ], [ 112.191165088000048, -8.137001536999946, 0.0 ], [ 112.191434155000024, -8.137043817999938, 0.0 ], [ 112.191636028000062, -8.137100653999937, 0.0 ], [ 112.191881140000078, -8.13716214599998, 0.0 ], [ 112.192092690000095, -8.137242879999974, 0.0 ], [ 112.192294734000029, -8.137357140999939, 0.0 ], [ 112.192525680000017, -8.137500030999945, 0.0 ], [ 112.192679726000051, -8.137624002999928, 0.0 ], [ 112.192838421000033, -8.137695320999967, 0.0 ], [ 112.193338405000077, -8.137870918999965, 0.0 ], [ 112.193761047000066, -8.137997266999946, 0.0 ], [ 112.194083458000023, -8.138093650999963, 0.0 ], [ 112.194487081000034, -8.138164247999953, 0.0 ], [ 112.19527980700002, -8.138267197999937, 0.0 ], [ 112.195928640000034, -8.138432782999928, 0.0 ], [ 112.19584928200004, -8.139283280999962, 0.0 ], [ 112.195840202000113, -8.139380587999938, 0.0 ], [ 112.195704222000018, -8.14049124099995, 0.0 ], [ 112.195663171000092, -8.141223554999954, 0.0 ], [ 112.195625986000096, -8.141640009999946, 0.0 ], [ 112.195579579000082, -8.142185702999939, 0.0 ], [ 112.195462255000052, -8.143109663999951, 0.0 ], [ 112.195316058000117, -8.144014567999932, 0.0 ], [ 112.195326315000102, -8.144234673999961, 0.0 ], [ 112.195351224000092, -8.144536091999953, 0.0 ], [ 112.195273358, -8.145000521999975, 0.0 ], [ 112.19515237600001, -8.145476519999931, 0.0 ], [ 112.195059733000107, -8.145841019999978, 0.0 ], [ 112.19490656500011, -8.146419328999968, 0.0 ], [ 112.195328289000031, -8.146518583999978, 0.0 ], [ 112.195290031000013, -8.146978111999942, 0.0 ], [ 112.195535103000111, -8.147024048999981, 0.0 ], [ 112.195419008000044, -8.147957577999932, 0.0 ], [ 112.195316596000112, -8.148647001999962, 0.0 ], [ 112.195151859000021, -8.149672772999963, 0.0 ], [ 112.195043910000095, -8.150248576999957, 0.0 ], [ 112.194728087000044, -8.151228027999935, 0.0 ], [ 112.194703203000017, -8.15122082299996, 0.0 ], [ 112.193514408000055, -8.150876623999977, 0.0 ], [ 112.192816857000025, -8.150669652999966, 0.0 ], [ 112.192091461000018, -8.15045442, 0.0 ], [ 112.19102809900005, -8.150261305999948, 0.0 ], [ 112.190485670000044, -8.15016279699995, 0.0 ], [ 112.190478133000056, -8.150161264999952, 0.0 ], [ 112.187157836000097, -8.149486886999966, 0.0 ], [ 112.184780332000059, -8.148816678999935, 0.0 ], [ 112.18388673000004, -8.148714003999942, 0.0 ], [ 112.183012762000089, -8.148754838999935, 0.0 ], [ 112.182292814000107, -8.148910077999972, 0.0 ], [ 112.181803786000046, -8.149198637999973, 0.0 ], [ 112.180834624000113, -8.149943228999973, 0.0 ], [ 112.180277450000062, -8.150332482999943, 0.0 ], [ 112.179791821000094, -8.150552836999964, 0.0 ], [ 112.179316693000033, -8.15066907399995, 0.0 ], [ 112.178967318000105, -8.150677267999981, 0.0 ], [ 112.1785528260001, -8.150588743999947, 0.0 ], [ 112.178126969, -8.150310023999964, 0.0 ], [ 112.177973326000028, -8.150090256999931, 0.0 ], [ 112.177606098000069, -8.149564981999958, 0.0 ], [ 112.177297129000067, -8.148981363999951, 0.0 ], [ 112.177245869000103, -8.148704962999943, 0.0 ], [ 112.177127, -8.14806399899993, 0.0 ], [ 112.177139093000051, -8.147987029999967, 0.0 ], [ 112.177322811000067, -8.146817669999962, 0.0 ], [ 112.177459612, -8.14597022099997, 0.0 ], [ 112.177409963000059, -8.145415234999973, 0.0 ], [ 112.177226247000021, -8.144999421999955, 0.0 ], [ 112.17667652800003, -8.144240103999948, 0.0 ], [ 112.17622364500005, -8.143748499999958, 0.0 ], [ 112.176223547000063, -8.143715, 0.0 ], [ 112.175899722000054, -8.143494934999978, 0.0 ], [ 112.175732703000108, -8.143381430999966, 0.0 ], [ 112.175309587000015, -8.143215159999954, 0.0 ], [ 112.174848007000037, -8.143034641999975, 0.0 ], [ 112.17492758800006, -8.142326142999934, 0.0 ], [ 112.174950428000102, -8.141924084999971, 0.0 ], [ 112.174950372000012, -8.141904942999929, 0.0 ], [ 112.175016129000028, -8.141397477999931, 0.0 ], [ 112.175044123000021, -8.141115045999982, 0.0 ], [ 112.175783941000077, -8.14118947399993, 0.0 ], [ 112.17690665900011, -8.141304399999967, 0.0 ], [ 112.176908842000103, -8.141304630999969, 0.0 ], [ 112.178109111000026, -8.141431584999964, 0.0 ], [ 112.17817668400005, -8.141181914999947, 0.0 ], [ 112.178387660000112, -8.141196211999954, 0.0 ], [ 112.178387746000112, -8.141195753999966, 0.0 ], [ 112.178623437000056, -8.139941768999961, 0.0 ], [ 112.179094522000014, -8.139986184999941, 0.0 ], [ 112.179214319000039, -8.139997479999977, 0.0 ], [ 112.179291076000027, -8.139968544999931, 0.0 ], [ 112.179310131000079, -8.139915845999951, 0.0 ], [ 112.179392166000071, -8.139529409999966, 0.0 ], [ 112.179449334000083, -8.139371319999952, 0.0 ], [ 112.179540373, -8.139299269999981, 0.0 ], [ 112.179790007000065, -8.139265046999981, 0.0 ], [ 112.180289472000027, -8.139263593999942, 0.0 ], [ 112.18069772900003, -8.139276764999977, 0.0 ], [ 112.180798582000079, -8.139276471999949, 0.0 ], [ 112.180832074000023, -8.139233302999969, 0.0 ], [ 112.180898593000052, -8.13898904499996, 0.0 ], [ 112.181049247000033, -8.138364086999957, 0.0 ], [ 112.18122079200009, -8.137904167999977, 0.0 ], [ 112.181342498000049, -8.137645392999957, 0.0 ], [ 112.181460444000095, -8.137468980999927, 0.0 ], [ 112.181565158000012, -8.137352026999963, 0.0 ], [ 112.181577128000072, -8.137340026999937, 0.0 ], [ 112.181831386000113, -8.137040187999958, 0.0 ], [ 112.181939022000051, -8.136896304999937, 0.0 ], [ 112.181938943000091, -8.13686938799998, 0.0 ], [ 112.181977454000048, -8.136695797999948, 0.0 ], [ 112.181970829000079, -8.136483455999951, 0.0 ], [ 112.181891991000043, -8.136211504999949, 0.0 ], [ 112.181663793000098, -8.136185247999947, 0.0 ], [ 112.181732111000088, -8.135939789999952, 0.0 ], [ 112.181545795000034, -8.135865554999953, 0.0 ], [ 112.181920863000073, -8.134796678999976, 0.0 ], [ 112.181676381000102, -8.134697376999952, 0.0 ], [ 112.181691205000106, -8.134634522999932, 0.0 ], [ 112.180708577000019, -8.134254531999943, 0.0 ], [ 112.180812861000049, -8.13399101899995, 0.0 ], [ 112.181006342000046, -8.133437122999965, 0.0 ], [ 112.181006325000112, -8.133431141999949, 0.0 ], [ 112.181077696000102, -8.133203618999971, 0.0 ], [ 112.181087368000021, -8.133155398999975, 0.0 ], [ 112.181119114000012, -8.132997117999935, 0.0 ], [ 112.18121089300007, -8.132563155999947, 0.0 ], [ 112.181219774000056, -8.132521255999961, 0.0 ], [ 112.181308848000072, -8.132188995999968, 0.0 ], [ 112.181368459000055, -8.13204525499998, 0.0 ], [ 112.181458049000071, -8.131889463999926, 0.0 ], [ 112.181535757, -8.131775578999964, 0.0 ], [ 112.181637467000087, -8.131658633999962, 0.0 ], [ 112.181816919000084, -8.13143976899994, 0.0 ], [ 112.181891651000115, -8.131334865999975, 0.0 ], [ 112.181957378000106, -8.131229990999941, 0.0 ], [ 112.181993073000058, -8.13111922, 0.0 ], [ 112.182028277000086, -8.13084095499994, 0.0 ], [ 112.182069421000051, -8.130541733999962, 0.0 ], [ 112.182140348000075, -8.129701515999955, 0.0 ], [ 112.182210871000052, -8.12918446599997, 0.0 ], [ 112.182242400000064, -8.12847132, 0.0 ], [ 112.182248834, -8.128164416999937, 0.0 ], [ 112.182250828000065, -8.12806930499994, 0.0 ], [ 112.182288897000035, -8.12794955399994, 0.0 ], [ 112.18237977900003, -8.12782486499998, 0.0 ], [ 112.182470868000109, -8.127771957999926, 0.0 ], [ 112.18264358700003, -8.127714028999947, 0.0 ], [ 112.182955518000085, -8.127636552999945, 0.0 ], [ 112.182979531000115, -8.127636481999957, 0.0 ], [ 112.183190738, -8.127602367999941, 0.0 ], [ 112.183392297000069, -8.127553925999962, 0.0 ], [ 112.183593690000066, -8.127448055999935, 0.0 ], [ 112.18383347300005, -8.12733250399998, 0.0 ], [ 112.184053976000087, -8.127193080999973, 0.0 ], [ 112.184414020000077, -8.127036339999961, 0.0 ], [ 112.184538663000012, -8.12698592199996, 0.0 ], [ 112.184548368000037, -8.126981995999927, 0.0 ], [ 112.184719091000034, -8.126912939999954, 0.0 ], [ 112.184857355000076, -8.126897222999958, 0.0 ], [ 112.184863119000056, -8.126897205999967, 0.0 ], [ 112.184920775000023, -8.126906608999946, 0.0 ], [ 112.184988126, -8.126946611999927, 0.0 ], [ 112.185017097000014, -8.127000126999974, 0.0 ], [ 112.185020744000099, -8.127096784999935, 0.0 ], [ 112.184994448000111, -8.127464394999947, 0.0 ], [ 112.184994460000098, -8.127468700999941, 0.0 ], [ 112.184992745000045, -8.127702363999958, 0.0 ], [ 112.185166432000074, -8.127974636999966, 0.0 ], [ 112.185274857000081, -8.128101138999966, 0.0 ], [ 112.18536627900005, -8.128160691999938, 0.0 ], [ 112.185505865000096, -8.128267960999949, 0.0 ], [ 112.185616727000024, -8.128406420999966, 0.0 ], [ 112.185667378000062, -8.128482841999926, 0.0 ], [ 112.185691593000115, -8.128552162999938, 0.0 ], [ 112.185704035000072, -8.128700479999964, 0.0 ], [ 112.185755922000112, -8.129198028999951, 0.0 ], [ 112.18578280600002, -8.129358268999965, 0.0 ], [ 112.185814254000093, -8.129437139999936, 0.0 ], [ 112.185869706000062, -8.129513547999977, 0.0 ], [ 112.185901063000074, -8.129561311999964, 0.0 ], [ 112.185922856000047, -8.129623460999937, 0.0 ], [ 112.18595188900008, -8.129697552999971, 0.0 ], [ 112.185951916000022, -8.129707124999925, 0.0 ], [ 112.185997751000059, -8.129778774999977, 0.0 ], [ 112.186012519000087, -8.129838133999954, 0.0 ], [ 112.186009191000039, -8.129931462999934, 0.0 ], [ 112.18597330800003, -8.130212546999928, 0.0 ], [ 112.185972267000011, -8.130220032999944, 0.0 ], [ 112.185910492000062, -8.13066394699996, 0.0 ], [ 112.185969446000058, -8.130720607999933, 0.0 ], [ 112.186152498000069, -8.130896538999934, 0.0 ], [ 112.186264460000075, -8.131000298999936, 0.0 ], [ 112.186444700000038, -8.131050019999975, 0.0 ], [ 112.186664549000056, -8.131096038999942, 0.0 ], [ 112.186999771000046, -8.131181200999947, 0.0 ], [ 112.187316573000089, -8.131270979999954, 0.0 ], [ 112.187437841000019, -8.131354852999948, 0.0 ], [ 112.187661215000048, -8.131537966999929, 0.0 ], [ 112.187815372000045, -8.131700225999964, 0.0 ], [ 112.187890623000044, -8.131812946999958, 0.0 ], [ 112.187946619000058, -8.131910409999932, 0.0 ], [ 112.187985188000084, -8.131961979999971, 0.0 ], [ 112.188029456000095, -8.131990324999947, 0.0 ], [ 112.188122600000042, -8.132022953999979, 0.0 ], [ 112.188176733000091, -8.132058687999972, 0.0 ], [ 112.188197840000043, -8.132091526999943, 0.0 ], [ 112.188189065000074, -8.132169317999967, 0.0 ], [ 112.188177332, -8.132262072999936, 0.0 ], [ 112.188189461000093, -8.132303911999941, 0.0 ], [ 112.188228587000026, -8.132339688999934, 0.0 ], [ 112.188646637000033, -8.132622610999931, 0.0 ], [ 112.189229883000053, -8.132943931999932, 0.0 ], [ 112.189473361000069, -8.133062858999949, 0.0 ], [ 112.190173274000017, -8.133249241999977, 0.0 ], [ 112.190554733000113, -8.133337854999979, 0.0 ], [ 112.190521973000045, -8.133514056999957, 0.0 ], [ 112.190469047000079, -8.13379871799998, 0.0 ], [ 112.190332812000065, -8.134421243999952, 0.0 ], [ 112.190474149000011, -8.134510558999978, 0.0 ], [ 112.190561451, -8.134597042999928, 0.0 ], [ 112.19061887600003, -8.134731468999973, 0.0 ], [ 112.190657103000035, -8.134862132999956, 0.0 ] ] ] ] } },
{ "type": "Feature", "properties": { "OBJECTID": 113808.0, "KDPPUM": "35", "NAMOBJ": "Jatinom", "REMARK": null, "KDPBPS": null, "FCODE": "BA03070040", "LUASWH": null, "UUPP": "Ajudikasi 2015", "SRS_ID": "SRGI 2013", "METADATA": "TASWIL1000020200326DATA_BATAS_DESA_KELURAHAN", "KDEBPS": null, "KDEPUM": "35.05.10.2002", "KDCBPS": null, "KDCPUM": "35.05.10", "KDBBPS": null, "WADMKD": "Jatinom", "WIADKD": null, "WADMKC": "Kanigoro", "WIADKC": null, "WADMKK": "Blitar", "WIADKK": null, "WADMPR": "Jawa Timur", "WIADPR": null, "TIPADM": 1.0, "KDPKAB": "35.05", "SHAPE_Leng": 0.072607704236552995, "SHAPE_Area": 0.00016686218557899999 }, "geometry": { "type": "MultiPolygon", "coordinates": [ [ [ [ 112.17642206000005, -8.119420893999973, 0.0 ], [ 112.17624709800009, -8.11993545699994, 0.0 ], [ 112.176099316000091, -8.120378589999973, 0.0 ], [ 112.175885787000084, -8.121264545999964, 0.0 ], [ 112.176696171000117, -8.12167137299997, 0.0 ], [ 112.176725014000112, -8.121680860999959, 0.0 ], [ 112.176850069000011, -8.121747497999934, 0.0 ], [ 112.176862110000116, -8.121759426999972, 0.0 ], [ 112.176874214, -8.121792890999927, 0.0 ], [ 112.17686470700005, -8.121826417999955, 0.0 ], [ 112.176778829000114, -8.122020483999961, 0.0 ], [ 112.176759807000053, -8.122085144999971, 0.0 ], [ 112.176767220000102, -8.122156906999976, 0.0 ], [ 112.176796203000094, -8.122214250999946, 0.0 ], [ 112.177051499000072, -8.12247911399993, 0.0 ], [ 112.177171997000073, -8.122629511999946, 0.0 ], [ 112.177208154000027, -8.122677262999957, 0.0 ], [ 112.17721068100002, -8.122720326999968, 0.0 ], [ 112.177160633000085, -8.12284968299997, 0.0 ], [ 112.177143915000102, -8.122880837999958, 0.0 ], [ 112.176993443000015, -8.123156445999939, 0.0 ], [ 112.176936155000021, -8.123273858999937, 0.0 ], [ 112.176754372, -8.12351605899994, 0.0 ], [ 112.176682795000033, -8.123674188999928, 0.0 ], [ 112.176644670000087, -8.123774796999953, 0.0 ], [ 112.176587375000054, -8.123889818999942, 0.0 ], [ 112.17650616700007, -8.124038406999944, 0.0 ], [ 112.176460427000052, -8.124162965999972, 0.0 ], [ 112.176454892000038, -8.124241464999955, 0.0 ], [ 112.176454915000022, -8.12424912299997, 0.0 ], [ 112.176466725000068, -8.124346715999934, 0.0 ], [ 112.17649382400009, -8.124417463999976, 0.0 ], [ 112.176505495000015, -8.1244672, 0.0 ], [ 112.176503707000052, -8.124513147999949, 0.0 ], [ 112.176499894000017, -8.124522728999978, 0.0 ], [ 112.176482856, -8.124608919999957, 0.0 ], [ 112.176436865000028, -8.125021380999954, 0.0 ], [ 112.176408497000011, -8.125174602999948, 0.0 ], [ 112.177254496000046, -8.125440147999939, 0.0 ], [ 112.178134086000114, -8.125696024999968, 0.0 ], [ 112.178840679000018, -8.125914115999933, 0.0 ], [ 112.179566, -8.126139000999956, 0.0 ], [ 112.179569969000113, -8.126139651999949, 0.0 ], [ 112.179997665000087, -8.126209847999974, 0.0 ], [ 112.181026015000043, -8.126378224999939, 0.0 ], [ 112.181447897000112, -8.126444866999975, 0.0 ], [ 112.181682881000029, -8.12648451299998, 0.0 ], [ 112.181911001000117, -8.126523, 0.0 ], [ 112.182174, -8.126503, 0.0 ], [ 112.182326854000053, -8.126449806999972, 0.0 ], [ 112.182424, -8.126416, 0.0 ], [ 112.182748, -8.12637899899994, 0.0 ], [ 112.182812231000071, -8.12637740699995, 0.0 ], [ 112.18299, -8.126373, 0.0 ], [ 112.183145113000023, -8.126398708999943, 0.0 ], [ 112.183266413000069, -8.126432137999927, 0.0 ], [ 112.183353001000114, -8.126456, 0.0 ], [ 112.184046, -8.126837, 0.0 ], [ 112.184402, -8.126914, 0.0 ], [ 112.184548368000037, -8.126981995999927, 0.0 ], [ 112.184538663000012, -8.12698592199996, 0.0 ], [ 112.184414020000077, -8.127036339999961, 0.0 ], [ 112.184053976000087, -8.127193080999973, 0.0 ], [ 112.18383347300005, -8.12733250399998, 0.0 ], [ 112.183593690000066, -8.127448055999935, 0.0 ], [ 112.183392297000069, -8.127553925999962, 0.0 ], [ 112.183190738, -8.127602367999941, 0.0 ], [ 112.182979531000115, -8.127636481999957, 0.0 ], [ 112.182955518000085, -8.127636552999945, 0.0 ], [ 112.18264358700003, -8.127714028999947, 0.0 ], [ 112.182470868000109, -8.127771957999926, 0.0 ], [ 112.18237977900003, -8.12782486499998, 0.0 ], [ 112.182288897000035, -8.12794955399994, 0.0 ], [ 112.182250828000065, -8.12806930499994, 0.0 ], [ 112.182248834, -8.128164416999937, 0.0 ], [ 112.182242400000064, -8.12847132, 0.0 ], [ 112.182210871000052, -8.12918446599997, 0.0 ], [ 112.182140348000075, -8.129701515999955, 0.0 ], [ 112.182069421000051, -8.130541733999962, 0.0 ], [ 112.182028277000086, -8.13084095499994, 0.0 ], [ 112.181993073000058, -8.13111922, 0.0 ], [ 112.181957378000106, -8.131229990999941, 0.0 ], [ 112.181891651000115, -8.131334865999975, 0.0 ], [ 112.181816919000084, -8.13143976899994, 0.0 ], [ 112.181637467000087, -8.131658633999962, 0.0 ], [ 112.181535757, -8.131775578999964, 0.0 ], [ 112.181458049000071, -8.131889463999926, 0.0 ], [ 112.181368459000055, -8.13204525499998, 0.0 ], [ 112.181308848000072, -8.132188995999968, 0.0 ], [ 112.181219774000056, -8.132521255999961, 0.0 ], [ 112.18121089300007, -8.132563155999947, 0.0 ], [ 112.181119114000012, -8.132997117999935, 0.0 ], [ 112.181087368000021, -8.133155398999975, 0.0 ], [ 112.181077696000102, -8.133203618999971, 0.0 ], [ 112.181006325000112, -8.133431141999949, 0.0 ], [ 112.181006342000046, -8.133437122999965, 0.0 ], [ 112.180812861000049, -8.13399101899995, 0.0 ], [ 112.180708577000019, -8.134254531999943, 0.0 ], [ 112.181691205000106, -8.134634522999932, 0.0 ], [ 112.181676381000102, -8.134697376999952, 0.0 ], [ 112.181920863000073, -8.134796678999976, 0.0 ], [ 112.181545795000034, -8.135865554999953, 0.0 ], [ 112.181732111000088, -8.135939789999952, 0.0 ], [ 112.181663793000098, -8.136185247999947, 0.0 ], [ 112.181891991000043, -8.136211504999949, 0.0 ], [ 112.181970829000079, -8.136483455999951, 0.0 ], [ 112.181977454000048, -8.136695797999948, 0.0 ], [ 112.181938943000091, -8.13686938799998, 0.0 ], [ 112.181939022000051, -8.136896304999937, 0.0 ], [ 112.181831386000113, -8.137040187999958, 0.0 ], [ 112.181577128000072, -8.137340026999937, 0.0 ], [ 112.181565158000012, -8.137352026999963, 0.0 ], [ 112.181460444000095, -8.137468980999927, 0.0 ], [ 112.181342498000049, -8.137645392999957, 0.0 ], [ 112.18122079200009, -8.137904167999977, 0.0 ], [ 112.181049247000033, -8.138364086999957, 0.0 ], [ 112.180898593000052, -8.13898904499996, 0.0 ], [ 112.180832074000023, -8.139233302999969, 0.0 ], [ 112.180798582000079, -8.139276471999949, 0.0 ], [ 112.18069772900003, -8.139276764999977, 0.0 ], [ 112.180289472000027, -8.139263593999942, 0.0 ], [ 112.179790007000065, -8.139265046999981, 0.0 ], [ 112.179540373, -8.139299269999981, 0.0 ], [ 112.179449334000083, -8.139371319999952, 0.0 ], [ 112.179392166000071, -8.139529409999966, 0.0 ], [ 112.179310131000079, -8.139915845999951, 0.0 ], [ 112.179291076000027, -8.139968544999931, 0.0 ], [ 112.179214319000039, -8.139997479999977, 0.0 ], [ 112.179094522000014, -8.139986184999941, 0.0 ], [ 112.178623437000056, -8.139941768999961, 0.0 ], [ 112.178387746000112, -8.141195753999966, 0.0 ], [ 112.178387660000112, -8.141196211999954, 0.0 ], [ 112.17817668400005, -8.141181914999947, 0.0 ], [ 112.178109111000026, -8.141431584999964, 0.0 ], [ 112.176908842000103, -8.141304630999969, 0.0 ], [ 112.17690665900011, -8.141304399999967, 0.0 ], [ 112.175783941000077, -8.14118947399993, 0.0 ], [ 112.175044123000021, -8.141115045999982, 0.0 ], [ 112.175086162000071, -8.140246575999981, 0.0 ], [ 112.17511395300005, -8.139894752999965, 0.0 ], [ 112.175113806000013, -8.139844503999939, 0.0 ], [ 112.175170538000089, -8.13953566899994, 0.0 ], [ 112.175306511000031, -8.13922660299994, 0.0 ], [ 112.175449875000027, -8.138982121999959, 0.0 ], [ 112.175535651000018, -8.138752163999925, 0.0 ], [ 112.175542206000046, -8.138529614999925, 0.0 ], [ 112.175512721000018, -8.13829999099994, 0.0 ], [ 112.175454526000067, -8.138106341999958, 0.0 ], [ 112.175425501000063, -8.13803464199998, 0.0 ], [ 112.175374740000052, -8.137919933999967, 0.0 ], [ 112.175388792000035, -8.137797859999978, 0.0 ], [ 112.175467783000045, -8.137711489999958, 0.0 ], [ 112.1756693210001, -8.137653479999926, 0.0 ], [ 112.17595008100011, -8.137588062999953, 0.0 ], [ 112.176317181000059, -8.137486500999955, 0.0 ], [ 112.176518447000035, -8.137335170999961, 0.0 ], [ 112.176669182000069, -8.137148095999976, 0.0 ], [ 112.176783646000104, -8.136874983999974, 0.0 ], [ 112.176754372, -8.136717143999931, 0.0 ], [ 112.176660261000052, -8.136559492999936, 0.0 ], [ 112.176450808000027, -8.136373458999969, 0.0 ], [ 112.17613321400006, -8.136159026999962, 0.0 ], [ 112.175822678000031, -8.135894324999981, 0.0 ], [ 112.175533419000089, -8.135514705999981, 0.0 ], [ 112.175373953000076, -8.135177781999971, 0.0 ], [ 112.175264957000081, -8.134855066999933, 0.0 ], [ 112.175250485000106, -8.13483357399997, 0.0 ], [ 112.175213484000096, -8.134496295999952, 0.0 ], [ 112.175227306000011, -8.134295260999977, 0.0 ], [ 112.17468177100011, -8.134141305999947, 0.0 ], [ 112.174282844000118, -8.134032389999959, 0.0 ], [ 112.173907874000065, -8.13390426199993, 0.0 ], [ 112.173333026000023, -8.133744047999926, 0.0 ], [ 112.173011607000035, -8.133658237999953, 0.0 ], [ 112.172777234000023, -8.133572174999927, 0.0 ], [ 112.172723110000106, -8.133539429999928, 0.0 ], [ 112.172626834000084, -8.13346194199994, 0.0 ], [ 112.17255763300011, -8.133405311999979, 0.0 ], [ 112.172434414, -8.133351828999935, 0.0 ], [ 112.172121931000106, -8.133242062999955, 0.0 ], [ 112.172088871000028, -8.133227203999979, 0.0 ], [ 112.172073819000047, -8.133212291999939, 0.0 ], [ 112.171563174000084, -8.133082159999958, 0.0 ], [ 112.171539066000037, -8.133049328999959, 0.0 ], [ 112.171520804000011, -8.132962641999939, 0.0 ], [ 112.171475660000056, -8.132920897999952, 0.0 ], [ 112.171277384000064, -8.132861648999949, 0.0 ], [ 112.170778780000092, -8.132743445999949, 0.0 ], [ 112.17044236400011, -8.132660665999936, 0.0 ], [ 112.170057879000069, -8.132563069999946, 0.0 ], [ 112.169928613000025, -8.132494648999966, 0.0 ], [ 112.169164346000116, -8.132375532999959, 0.0 ], [ 112.169119739000053, -8.132477355999981, 0.0 ], [ 112.16904705200011, -8.132474454999965, 0.0 ], [ 112.169014646000051, -8.132478136999964, 0.0 ], [ 112.169003861000078, -8.132485345999953, 0.0 ], [ 112.168982333000031, -8.132514122999964, 0.0 ], [ 112.168957557000113, -8.132664938999937, 0.0 ], [ 112.168788238000047, -8.132654658999968, 0.0 ], [ 112.16866578500003, -8.132658600999946, 0.0 ], [ 112.168619056000011, -8.132691037999962, 0.0 ], [ 112.168424514000094, -8.132677240999953, 0.0 ], [ 112.168078630000082, -8.132642342999929, 0.0 ], [ 112.167620799000019, -8.132507267999927, 0.0 ], [ 112.167087225000046, -8.132336517999931, 0.0 ], [ 112.167100970000092, -8.132106768999961, 0.0 ], [ 112.166993843000114, -8.132095723999953, 0.0 ], [ 112.167007399000113, -8.131750008999973, 0.0 ], [ 112.167045555000072, -8.13164797099995, 0.0 ], [ 112.167121842000029, -8.13162889299997, 0.0 ], [ 112.167488068000011, -8.131541168999945, 0.0 ], [ 112.167571971000029, -8.131403827999975, 0.0 ], [ 112.167663540000035, -8.131229298999926, 0.0 ], [ 112.16780849700001, -8.13101758199997, 0.0 ], [ 112.168014484000082, -8.130303263999963, 0.0 ], [ 112.16808315500009, -8.130050561999951, 0.0 ], [ 112.168228112000065, -8.12950124799994, 0.0 ], [ 112.168243369000038, -8.129443070999969, 0.0 ], [ 112.168327297000019, -8.129254251999953, 0.0 ], [ 112.168426482000086, -8.12901487299996, 0.0 ], [ 112.1687236140001, -8.128178655999932, 0.0 ], [ 112.168724014000077, -8.12817752899997, 0.0 ], [ 112.168746888000101, -8.128117442999951, 0.0 ], [ 112.168914743000073, -8.127776048999976, 0.0 ], [ 112.169151269000054, -8.127512852999928, 0.0 ], [ 112.169853182000111, -8.126617332999956, 0.0 ], [ 112.169975217000115, -8.126441860999932, 0.0 ], [ 112.170120199000053, -8.126229175999981, 0.0 ], [ 112.170425395000052, -8.125915443999929, 0.0 ], [ 112.170761058000039, -8.125243078999972, 0.0 ], [ 112.170768699000064, -8.125219237999943, 0.0 ], [ 112.170867884000018, -8.124999903999935, 0.0 ], [ 112.170913656000039, -8.124894044999962, 0.0 ], [ 112.171211211000013, -8.124483956999939, 0.0 ], [ 112.171470587000044, -8.124297990999935, 0.0 ], [ 112.171623185000044, -8.124198805999981, 0.0 ], [ 112.171720788000016, -8.124011118999931, 0.0 ], [ 112.171721306000109, -8.124010122999948, 0.0 ], [ 112.171722371000101, -8.124008075999939, 0.0 ], [ 112.171737628000074, -8.123967066999967, 0.0 ], [ 112.171844430000078, -8.123624706999976, 0.0 ], [ 112.171935998000095, -8.123274680999941, 0.0 ], [ 112.17224117, -8.122666270999957, 0.0 ], [ 112.172347972000011, -8.122521289999952, 0.0 ], [ 112.172714198000108, -8.122309571999949, 0.0 ], [ 112.172927826000091, -8.122172254999953, 0.0 ], [ 112.173995916000081, -8.120977293999943, 0.0 ], [ 112.174278239000046, -8.120696929999951, 0.0 ], [ 112.174491842000066, -8.120550062999939, 0.0 ], [ 112.174629183000093, -8.12052240099996, 0.0 ], [ 112.175048773000071, -8.120170488999975, 0.0 ], [ 112.176193199000068, -8.119399929999929, 0.0 ], [ 112.17642206000005, -8.119420893999973, 0.0 ] ] ] ] } },
{ "type": "Feature", "properties": { "OBJECTID": 113819.0, "KDPPUM": "35", "NAMOBJ": "Kelurahan Kanigoro", "REMARK": null, "KDPBPS": null, "FCODE": "BA03070040", "LUASWH": null, "UUPP": "Ajudikasi 2015", "SRS_ID": "SRGI 2013", "METADATA": "TASWIL1000020200326DATA_BATAS_DESA_KELURAHAN", "KDEBPS": null, "KDEPUM": "35.05.10.1008", "KDCBPS": null, "KDCPUM": "35.05.10", "KDBBPS": null, "WADMKD": "Kelurahan Kanigoro", "WIADKD": null, "WADMKC": "Kanigoro", "WIADKC": null, "WADMKK": "Blitar", "WIADKK": null, "WADMPR": "Jawa Timur", "WIADPR": null, "TIPADM": 2.0, "KDPKAB": "35.05", "SHAPE_Leng": 0.090346322257035996, "SHAPE_Area": 0.00024772118953100001 }, "geometry": { "type": "MultiPolygon", "coordinates": [ [ [ [ 112.215469998000117, -8.120558227999936, 0.0 ], [ 112.215789740000105, -8.120593675999942, 0.0 ], [ 112.215863403000071, -8.120602206999934, 0.0 ], [ 112.216108318000011, -8.120630570999936, 0.0 ], [ 112.216613700000039, -8.120689100999925, 0.0 ], [ 112.217176739000024, -8.120754305999981, 0.0 ], [ 112.21766789600008, -8.120851801999947, 0.0 ], [ 112.218384282000102, -8.120994006999979, 0.0 ], [ 112.218784, -8.121073998999975, 0.0 ], [ 112.219240296000066, -8.121013347999963, 0.0 ], [ 112.2194310000001, -8.120988, 0.0 ], [ 112.220962069000052, -8.121171755999967, 0.0 ], [ 112.221175829000117, -8.121188742999948, 0.0 ], [ 112.222167894000108, -8.121267576999969, 0.0 ], [ 112.222664, -8.121307, 0.0 ], [ 112.223059999000043, -8.12132, 0.0 ], [ 112.223455999000066, -8.121333, 0.0 ], [ 112.224231239, -8.121281186999965, 0.0 ], [ 112.2242490000001, -8.12128, 0.0 ], [ 112.224248973000044, -8.121280064999951, 0.0 ], [ 112.224109000000112, -8.121607, 0.0 ], [ 112.224018000000115, -8.121929000999955, 0.0 ], [ 112.224015, -8.122221, 0.0 ], [ 112.224086618000115, -8.122311598999943, 0.0 ], [ 112.224098001000016, -8.122326, 0.0 ], [ 112.224175163000041, -8.122367580999935, 0.0 ], [ 112.224278, -8.12242299899998, 0.0 ], [ 112.224394155000027, -8.122507294999934, 0.0 ], [ 112.224453, -8.12255, 0.0 ], [ 112.22445, -8.122612146999927, 0.0 ], [ 112.224446, -8.122695, 0.0 ], [ 112.22445, -8.122695048999958, 0.0 ], [ 112.224709482000094, -8.12269822899998, 0.0 ], [ 112.224708923000094, -8.122703172999934, 0.0 ], [ 112.224650456000063, -8.123220778999951, 0.0 ], [ 112.224617051000109, -8.124082274999978, 0.0 ], [ 112.224576734000038, -8.124644695999962, 0.0 ], [ 112.224536818000047, -8.125338717999966, 0.0 ], [ 112.224473942000031, -8.126379760999953, 0.0 ], [ 112.224439557000096, -8.126918235999938, 0.0 ], [ 112.225346774000059, -8.12717272499998, 0.0 ], [ 112.225809324000011, -8.127279005999981, 0.0 ], [ 112.225856348000093, -8.126949857999932, 0.0 ], [ 112.225897861000021, -8.126782239999955, 0.0 ], [ 112.225957453000092, -8.126638494999952, 0.0 ], [ 112.226047169000026, -8.126530549999927, 0.0 ], [ 112.226119004000111, -8.126464532999933, 0.0 ], [ 112.226169811000091, -8.12639259599996, 0.0 ], [ 112.226208494000048, -8.12628181499997, 0.0 ], [ 112.226256126000067, -8.126153059999979, 0.0 ], [ 112.226327616000049, -8.125973387999977, 0.0 ], [ 112.226375257000086, -8.125847621999981, 0.0 ], [ 112.22644098, -8.125745732999974, 0.0 ], [ 112.226467666000076, -8.125637977999929, 0.0 ], [ 112.226502875000051, -8.125371676999976, 0.0 ], [ 112.226573384000062, -8.125066865999941, 0.0 ], [ 112.226729022000086, -8.125080751999974, 0.0 ], [ 112.226800696000055, -8.12448761, 0.0 ], [ 112.227381195000021, -8.124454273999959, 0.0 ], [ 112.22783683800003, -8.124421792999954, 0.0 ], [ 112.227565972000093, -8.125365358999943, 0.0 ], [ 112.228622854000037, -8.125486591999959, 0.0 ], [ 112.228509506000023, -8.126113836999934, 0.0 ], [ 112.228405559000066, -8.126674057999935, 0.0 ], [ 112.229145216, -8.126705320999974, 0.0 ], [ 112.229760174000035, -8.126789601999974, 0.0 ], [ 112.230514425000024, -8.126883029999931, 0.0 ], [ 112.231499102000043, -8.126947046999931, 0.0 ], [ 112.231547212, -8.126975614999935, 0.0 ], [ 112.231576231000076, -8.127042523999933, 0.0 ], [ 112.23158598100008, -8.127090348999957, 0.0 ], [ 112.232123854000065, -8.127093504999948, 0.0 ], [ 112.232484114000044, -8.127121126999953, 0.0 ], [ 112.232978926000101, -8.127177051999979, 0.0 ], [ 112.233323222000081, -8.127219078999929, 0.0 ], [ 112.233177555000111, -8.127765453999928, 0.0 ], [ 112.233122859000105, -8.127970611999956, 0.0 ], [ 112.233108825000045, -8.127973914999927, 0.0 ], [ 112.23211100900005, -8.128208768999968, 0.0 ], [ 112.23222553700009, -8.12954358099995, 0.0 ], [ 112.232231433000038, -8.130342169999949, 0.0 ], [ 112.232223924000095, -8.130399619999935, 0.0 ], [ 112.232223948000069, -8.130407275999971, 0.0 ], [ 112.232191549000049, -8.130491598999981, 0.0 ], [ 112.232014070000105, -8.130874977999952, 0.0 ], [ 112.231930057000113, -8.131041767999932, 0.0 ], [ 112.231863005000037, -8.131101311999942, 0.0 ], [ 112.231855358000075, -8.131112820999931, 0.0 ], [ 112.231807486000093, -8.131162734999975, 0.0 ], [ 112.231755922000048, -8.131262429999936, 0.0 ], [ 112.231723636000083, -8.131383122999978, 0.0 ], [ 112.231630777000078, -8.13179878699998, 0.0 ], [ 112.23138282900004, -8.132748385999946, 0.0 ], [ 112.231244626000034, -8.133491757999934, 0.0 ], [ 112.230610220000017, -8.133332166999935, 0.0 ], [ 112.230217045000018, -8.133143133999965, 0.0 ], [ 112.229520798000067, -8.132782737999946, 0.0 ], [ 112.228932985000029, -8.132547631999955, 0.0 ], [ 112.228922168000054, -8.132544075999931, 0.0 ], [ 112.2285149490001, -8.132473523999977, 0.0 ], [ 112.227578421000089, -8.132454819999964, 0.0 ], [ 112.227111190000073, -8.132433929999934, 0.0 ], [ 112.226976836000063, -8.132427922999966, 0.0 ], [ 112.226569846000075, -8.132432740999946, 0.0 ], [ 112.226040253000065, -8.132391268999982, 0.0 ], [ 112.226053984000032, -8.132168700999955, 0.0 ], [ 112.225873862000071, -8.132158477999951, 0.0 ], [ 112.225823394000031, -8.132144270999959, 0.0 ], [ 112.225736864000055, -8.132115819999967, 0.0 ], [ 112.225679159000038, -8.132090869999956, 0.0 ], [ 112.225622427000076, -8.132089785999938, 0.0 ], [ 112.225569169000096, -8.13210573799995, 0.0 ], [ 112.225510269000097, -8.132161905999965, 0.0 ], [ 112.22543419100009, -8.132254017999969, 0.0 ], [ 112.225370908000059, -8.132290099999977, 0.0 ], [ 112.225218324000025, -8.132333629999948, 0.0 ], [ 112.22405867100008, -8.132281850999959, 0.0 ], [ 112.223042803000112, -8.132231072999957, 0.0 ], [ 112.222740221000095, -8.132221215999948, 0.0 ], [ 112.222542134000037, -8.132225400999971, 0.0 ], [ 112.222311642000022, -8.132233271999951, 0.0 ], [ 112.222225285000036, -8.132262244999936, 0.0 ], [ 112.222167733000106, -8.132287541999972, 0.0 ], [ 112.222099331000095, -8.132298515999935, 0.0 ], [ 112.221886815000062, -8.132295563999946, 0.0 ], [ 112.2217859430001, -8.132288690999928, 0.0 ], [ 112.221681524000019, -8.132299771999953, 0.0 ], [ 112.221580859000028, -8.132361089999961, 0.0 ], [ 112.22148745100003, -8.132440331999931, 0.0 ], [ 112.221336437000105, -8.132526924999979, 0.0 ], [ 112.221102451000093, -8.132570697999938, 0.0 ], [ 112.220436261000032, -8.132619359999978, 0.0 ], [ 112.219773673000077, -8.13266800699995, 0.0 ], [ 112.219017545000042, -8.132752825999944, 0.0 ], [ 112.217994949000058, -8.132859977999942, 0.0 ], [ 112.217990870000108, -8.132702067999958, 0.0 ], [ 112.217803577000041, -8.132702628999937, 0.0 ], [ 112.217813570000089, -8.132433411999955, 0.0 ], [ 112.216880543000116, -8.132382369999959, 0.0 ], [ 112.215666630000101, -8.132350110999937, 0.0 ], [ 112.213937789000056, -8.132362456999942, 0.0 ], [ 112.213813302000062, -8.132886844999973, 0.0 ], [ 112.213692071000082, -8.133695247999981, 0.0 ], [ 112.213662000000113, -8.13413, 0.0 ], [ 112.213518825000051, -8.135058782999977, 0.0 ], [ 112.213498538000067, -8.135190382999951, 0.0 ], [ 112.213454456000022, -8.135479443999941, 0.0 ], [ 112.21289054500005, -8.135453936999966, 0.0 ], [ 112.212251578000064, -8.135374489999947, 0.0 ], [ 112.211757853000108, -8.13528503799995, 0.0 ], [ 112.211892771000066, -8.134634996999978, 0.0 ], [ 112.210977391000029, -8.134465445999979, 0.0 ], [ 112.21119176600007, -8.133886951999955, 0.0 ], [ 112.211011363000011, -8.133783403999928, 0.0 ], [ 112.211079377000033, -8.133643223999968, 0.0 ], [ 112.210697499000048, -8.133615648999978, 0.0 ], [ 112.21061463500007, -8.133608716999959, 0.0 ], [ 112.210387635000075, -8.133580678999976, 0.0 ], [ 112.210120972000027, -8.133538404999967, 0.0 ], [ 112.209663305000049, -8.13346080599996, 0.0 ], [ 112.209374923000041, -8.133382701999949, 0.0 ], [ 112.209241537000025, -8.133343618999959, 0.0 ], [ 112.209086616000036, -8.133329722999974, 0.0 ], [ 112.208949726000014, -8.133322951999958, 0.0 ], [ 112.20888501200011, -8.133362624999961, 0.0 ], [ 112.208816792000107, -8.133434610999927, 0.0 ], [ 112.208712458000036, -8.13347440299998, 0.0 ], [ 112.208485597000049, -8.133493022999971, 0.0 ], [ 112.207667781000055, -8.133427259999962, 0.0 ], [ 112.206980244000079, -8.133407842999929, 0.0 ], [ 112.206967667000072, -8.133369978999951, 0.0 ], [ 112.206844592000039, -8.132999422999944, 0.0 ], [ 112.206784999000092, -8.13282, 0.0 ], [ 112.206583, -8.132445000999951, 0.0 ], [ 112.206479684000101, -8.132153284999958, 0.0 ], [ 112.206349354000054, -8.131931142999974, 0.0 ], [ 112.206096434000074, -8.131666294999945, 0.0 ], [ 112.205930107000086, -8.131451438999932, 0.0 ], [ 112.20586422000008, -8.131221009999933, 0.0 ], [ 112.205862004000096, -8.131213259999981, 0.0 ], [ 112.205907, -8.130903, 0.0 ], [ 112.20589449900001, -8.130844885999977, 0.0 ], [ 112.205785358000071, -8.130337504999943, 0.0 ], [ 112.205776, -8.130294000999982, 0.0 ], [ 112.205775181000035, -8.130273494999926, 0.0 ], [ 112.205759750000084, -8.129887065999981, 0.0 ], [ 112.205737474000102, -8.12966460399997, 0.0 ], [ 112.205650260000084, -8.129406441999947, 0.0 ], [ 112.205372001000114, -8.129041, 0.0 ], [ 112.205273318000081, -8.128881792999948, 0.0 ], [ 112.205146999000021, -8.128678000999969, 0.0 ], [ 112.205117142000063, -8.128475551999941, 0.0 ], [ 112.205065001000094, -8.128122, 0.0 ], [ 112.205104, -8.127862001999972, 0.0 ], [ 112.205619671000022, -8.126835901999925, 0.0 ], [ 112.205694000000108, -8.126688000999934, 0.0 ], [ 112.205820959000107, -8.126511894999965, 0.0 ], [ 112.205942, -8.126344, 0.0 ], [ 112.20626, -8.125516, 0.0 ], [ 112.206460000000106, -8.125164000999973, 0.0 ], [ 112.206465198000046, -8.125158460999955, 0.0 ], [ 112.206520804000093, -8.125099195999951, 0.0 ], [ 112.206536, -8.125083, 0.0 ], [ 112.206537286000071, -8.125082713999973, 0.0 ], [ 112.207132119000107, -8.124950460999969, 0.0 ], [ 112.207158106000065, -8.124920066999948, 0.0 ], [ 112.207161013000018, -8.124887119999926, 0.0 ], [ 112.20716651500004, -8.124824754999963, 0.0 ], [ 112.207183279000105, -8.124616806999938, 0.0 ], [ 112.207195917000035, -8.124482501999978, 0.0 ], [ 112.207256559000029, -8.124413022999931, 0.0 ], [ 112.207334793000086, -8.124412790999941, 0.0 ], [ 112.207397577000052, -8.124442422999948, 0.0 ], [ 112.207526306000091, -8.124503177999941, 0.0 ], [ 112.208540669000058, -8.125054558999977, 0.0 ], [ 112.209405597000114, -8.125051987999939, 0.0 ], [ 112.209496935000061, -8.125073371999974, 0.0 ], [ 112.209763323000061, -8.125492705999932, 0.0 ], [ 112.210393808000049, -8.125577455999974, 0.0 ], [ 112.210497394000072, -8.125334599999974, 0.0 ], [ 112.210665890000087, -8.124996264999936, 0.0 ], [ 112.210769398000025, -8.124727420999932, 0.0 ], [ 112.210886101000028, -8.12451051499994, 0.0 ], [ 112.210942188000104, -8.124371749999966, 0.0 ], [ 112.21097649100011, -8.124215722999963, 0.0 ], [ 112.211060893000081, -8.124031794999951, 0.0 ], [ 112.211209589000077, -8.123611069999981, 0.0 ], [ 112.211349111000118, -8.123255747999963, 0.0 ], [ 112.21148009, -8.122924310999963, 0.0 ], [ 112.211483986000076, -8.122914451999975, 0.0 ], [ 112.211969999000075, -8.123149, 0.0 ], [ 112.212627253000051, -8.123342569999977, 0.0 ], [ 112.212990510000054, -8.123449554999979, 0.0 ], [ 112.213499, -8.123643000999948, 0.0 ], [ 112.213499525000088, -8.123639815999979, 0.0 ], [ 112.213569, -8.123218002999977, 0.0 ], [ 112.213583, -8.123133, 0.0 ], [ 112.213601, -8.122517, 0.0 ], [ 112.213601941000093, -8.122499291999929, 0.0 ], [ 112.213620600000013, -8.122148300999982, 0.0 ], [ 112.213620877000039, -8.122143094999956, 0.0 ], [ 112.213591, -8.121984, 0.0 ], [ 112.213590521000015, -8.12198286499995, 0.0 ], [ 112.213585590000093, -8.121971179999946, 0.0 ], [ 112.213439041000015, -8.121623902999943, 0.0 ], [ 112.213426, -8.121593, 0.0 ], [ 112.213456, -8.121068, 0.0 ], [ 112.213537, -8.120566998999948, 0.0 ], [ 112.213636, -8.120427000999939, 0.0 ], [ 112.213658615000099, -8.120367949999945, 0.0 ], [ 112.213672, -8.120333, 0.0 ], [ 112.214221199, -8.120385892999934, 0.0 ], [ 112.214595767000105, -8.12043317499996, 0.0 ], [ 112.215469998000117, -8.120558227999936, 0.0 ] ] ] ] } },
{ "type": "Feature", "properties": { "OBJECTID": 113823.0, "KDPPUM": "35", "NAMOBJ": "Karangsono", "REMARK": null, "KDPBPS": null, "FCODE": "BA03070040", "LUASWH": null, "UUPP": "Ajudikasi 2015", "SRS_ID": "SRGI 2013", "METADATA": "TASWIL1000020200326DATA_BATAS_DESA_KELURAHAN", "KDEBPS": null, "KDEPUM": "35.05.10.2007", "KDCBPS": null, "KDCPUM": "35.05.10", "KDBBPS": null, "WADMKD": "Karangsono", "WIADKD": null, "WADMKC": "Kanigoro", "WIADKC": null, "WADMKK": "Blitar", "WIADKK": null, "WADMPR": "Jawa Timur", "WIADPR": null, "TIPADM": 1.0, "KDPKAB": "35.05", "SHAPE_Leng": 0.12615032402040099, "SHAPE_Area": 0.00031032091065599999 }, "geometry": { "type": "MultiPolygon", "coordinates": [ [ [ [ 112.206980244000079, -8.133407842999929, 0.0 ], [ 112.207667781000055, -8.133427259999962, 0.0 ], [ 112.208485597000049, -8.133493022999971, 0.0 ], [ 112.208712458000036, -8.13347440299998, 0.0 ], [ 112.208816792000107, -8.133434610999927, 0.0 ], [ 112.20888501200011, -8.133362624999961, 0.0 ], [ 112.208949726000014, -8.133322951999958, 0.0 ], [ 112.209086616000036, -8.133329722999974, 0.0 ], [ 112.209241537000025, -8.133343618999959, 0.0 ], [ 112.209374923000041, -8.133382701999949, 0.0 ], [ 112.209663305000049, -8.13346080599996, 0.0 ], [ 112.210120972000027, -8.133538404999967, 0.0 ], [ 112.210387635000075, -8.133580678999976, 0.0 ], [ 112.21061463500007, -8.133608716999959, 0.0 ], [ 112.210697499000048, -8.133615648999978, 0.0 ], [ 112.211079377000033, -8.133643223999968, 0.0 ], [ 112.211011363000011, -8.133783403999928, 0.0 ], [ 112.21119176600007, -8.133886951999955, 0.0 ], [ 112.210977391000029, -8.134465445999979, 0.0 ], [ 112.211892771000066, -8.134634996999978, 0.0 ], [ 112.211757853000108, -8.13528503799995, 0.0 ], [ 112.212251578000064, -8.135374489999947, 0.0 ], [ 112.21289054500005, -8.135453936999966, 0.0 ], [ 112.213454456000022, -8.135479443999941, 0.0 ], [ 112.213335999000037, -8.135998617999974, 0.0 ], [ 112.21333499900004, -8.136003, 0.0 ], [ 112.213246845000072, -8.136383848999969, 0.0 ], [ 112.213182098000061, -8.136663575999933, 0.0 ], [ 112.213148616000012, -8.136981664999951, 0.0 ], [ 112.213110433000111, -8.137259938999932, 0.0 ], [ 112.213066022000021, -8.137463457999957, 0.0 ], [ 112.213030282000091, -8.13755628399997, 0.0 ], [ 112.212979572000108, -8.137661118999972, 0.0 ], [ 112.212952381000036, -8.137802374999978, 0.0 ], [ 112.212917098000048, -8.138046542999973, 0.0 ], [ 112.212859814000012, -8.138161566999941, 0.0 ], [ 112.212759262000077, -8.138262363999957, 0.0 ], [ 112.212654951000104, -8.138309333999928, 0.0 ], [ 112.212586752000107, -8.138388498999973, 0.0 ], [ 112.212536725000064, -8.138521447999949, 0.0 ], [ 112.212436467000089, -8.138719151999965, 0.0 ], [ 112.212343175000115, -8.138837871999954, 0.0 ], [ 112.212224616000071, -8.138938721999978, 0.0 ], [ 112.212091617000056, -8.139028847999953, 0.0 ], [ 112.211969556000099, -8.139146242999971, 0.0 ], [ 112.211957153000071, -8.139158170999963, 0.0 ], [ 112.211658133000014, -8.139678173999926, 0.0 ], [ 112.211633796000115, -8.139720495999939, 0.0 ], [ 112.212249118000045, -8.139900543999943, 0.0 ], [ 112.211962180000114, -8.140803176999952, 0.0 ], [ 112.211717688000022, -8.141348262999941, 0.0 ], [ 112.21116939, -8.14267788899997, 0.0 ], [ 112.210995173000015, -8.142636534999951, 0.0 ], [ 112.210643574000073, -8.143498982999972, 0.0 ], [ 112.210559943000021, -8.143636816999958, 0.0 ], [ 112.210469986000021, -8.143666993999943, 0.0 ], [ 112.210304214000075, -8.143627250999941, 0.0 ], [ 112.210246786000084, -8.143815304999976, 0.0 ], [ 112.210099491000051, -8.144297635999976, 0.0 ], [ 112.210100714000077, -8.144298960999947, 0.0 ], [ 112.210406843000101, -8.144630273999951, 0.0 ], [ 112.210545600000046, -8.14485717499997, 0.0 ], [ 112.21057617200006, -8.145042523999962, 0.0 ], [ 112.210558648000074, -8.145204087999957, 0.0 ], [ 112.210589365000033, -8.14543729199994, 0.0 ], [ 112.210619903000065, -8.145610675999933, 0.0 ], [ 112.211316795000016, -8.145782072999964, 0.0 ], [ 112.211009143000069, -8.147284458999934, 0.0 ], [ 112.210862568000039, -8.148451371999954, 0.0 ], [ 112.210708894000049, -8.149253408999925, 0.0 ], [ 112.210448672000098, -8.150558248999971, 0.0 ], [ 112.210364589000051, -8.150546535999979, 0.0 ], [ 112.210068489000037, -8.151899336999975, 0.0 ], [ 112.210416949000091, -8.15198802599997, 0.0 ], [ 112.210207889000117, -8.152738785999929, 0.0 ], [ 112.210986522000098, -8.152937452999936, 0.0 ], [ 112.210757607, -8.153474117999963, 0.0 ], [ 112.21030109000003, -8.154499643999941, 0.0 ], [ 112.210232856000061, -8.154652926999972, 0.0 ], [ 112.209995073000073, -8.1545738799999, 0.0 ], [ 112.208039224000117, -8.153923688999953, 0.0 ], [ 112.207217205, -8.15359979599998, 0.0 ], [ 112.205435484000077, -8.152897760999963, 0.0 ], [ 112.204012050000074, -8.15228465399997, 0.0 ], [ 112.203185479000012, -8.152114826999934, 0.0 ], [ 112.202205966000065, -8.152194301999941, 0.0 ], [ 112.201054243000044, -8.152503990999946, 0.0 ], [ 112.199575707, -8.152738075999935, 0.0 ], [ 112.19867286300007, -8.152759888999981, 0.0 ], [ 112.197755752000035, -8.152650838999932, 0.0 ], [ 112.197512022000069, -8.152621857999975, 0.0 ], [ 112.196999812000058, -8.152379305999943, 0.0 ], [ 112.196333223000011, -8.151883022999925, 0.0 ], [ 112.195786910000038, -8.151593576999971, 0.0 ], [ 112.195203419000109, -8.151409445999946, 0.0 ], [ 112.194759544000021, -8.151240033999954, 0.0 ], [ 112.194730371000105, -8.151228898999932, 0.0 ], [ 112.194728087000044, -8.151228027999935, 0.0 ], [ 112.195043910000095, -8.150248576999957, 0.0 ], [ 112.195151859000021, -8.149672772999963, 0.0 ], [ 112.195316596000112, -8.148647001999962, 0.0 ], [ 112.195419008000044, -8.147957577999932, 0.0 ], [ 112.195535103000111, -8.147024048999981, 0.0 ], [ 112.195290031000013, -8.146978111999942, 0.0 ], [ 112.195328289000031, -8.146518583999978, 0.0 ], [ 112.19490656500011, -8.146419328999968, 0.0 ], [ 112.195059733000107, -8.145841019999978, 0.0 ], [ 112.19515237600001, -8.145476519999931, 0.0 ], [ 112.195273358, -8.145000521999975, 0.0 ], [ 112.195351224000092, -8.144536091999953, 0.0 ], [ 112.195326315000102, -8.144234673999961, 0.0 ], [ 112.195316058000117, -8.144014567999932, 0.0 ], [ 112.195462255000052, -8.143109663999951, 0.0 ], [ 112.195579579000082, -8.142185702999939, 0.0 ], [ 112.195625986000096, -8.141640009999946, 0.0 ], [ 112.195663171000092, -8.141223554999954, 0.0 ], [ 112.195704222000018, -8.14049124099995, 0.0 ], [ 112.195840202000113, -8.139380587999938, 0.0 ], [ 112.19584928200004, -8.139283280999962, 0.0 ], [ 112.195928640000034, -8.138432782999928, 0.0 ], [ 112.19527980700002, -8.138267197999937, 0.0 ], [ 112.194487081000034, -8.138164247999953, 0.0 ], [ 112.194083458000023, -8.138093650999963, 0.0 ], [ 112.193761047000066, -8.137997266999946, 0.0 ], [ 112.193338405000077, -8.137870918999965, 0.0 ], [ 112.192838421000033, -8.137695320999967, 0.0 ], [ 112.192679726000051, -8.137624002999928, 0.0 ], [ 112.192525680000017, -8.137500030999945, 0.0 ], [ 112.192294734000029, -8.137357140999939, 0.0 ], [ 112.192092690000095, -8.137242879999974, 0.0 ], [ 112.191881140000078, -8.13716214599998, 0.0 ], [ 112.191636028000062, -8.137100653999937, 0.0 ], [ 112.191434155000024, -8.137043817999938, 0.0 ], [ 112.191165088000048, -8.137001536999946, 0.0 ], [ 112.190843263000033, -8.136983337999936, 0.0 ], [ 112.190535777000036, -8.136941168999954, 0.0 ], [ 112.190271443000029, -8.136874945999978, 0.0 ], [ 112.19007896200003, -8.136746298999981, 0.0 ], [ 112.189984415000026, -8.136643452999976, 0.0 ], [ 112.189963330000069, -8.136620517999972, 0.0 ], [ 112.189975186000083, -8.136569635999933, 0.0 ], [ 112.190031748000024, -8.136410947999934, 0.0 ], [ 112.190082403000019, -8.13628517799998, 0.0 ], [ 112.190234493000048, -8.13594974199998, 0.0 ], [ 112.190374323000015, -8.135527601999968, 0.0 ], [ 112.19045737700003, -8.135192366999945, 0.0 ], [ 112.190484013000059, -8.135063676999948, 0.0 ], [ 112.190495309000084, -8.135045979999973, 0.0 ], [ 112.190541155, -8.134971902999951, 0.0 ], [ 112.190615891000107, -8.134896788999981, 0.0 ], [ 112.190657103000035, -8.134862132999956, 0.0 ], [ 112.190723680000019, -8.13480614599996, 0.0 ], [ 112.190822348000097, -8.134778540999946, 0.0 ], [ 112.190900396000075, -8.134781302999954, 0.0 ], [ 112.19098492, -8.134791701999973, 0.0 ], [ 112.191007651000064, -8.134794497999962, 0.0 ], [ 112.191094045000114, -8.134777017999966, 0.0 ], [ 112.191214885000022, -8.134714927999937, 0.0 ], [ 112.1913142410001, -8.134695972999964, 0.0 ], [ 112.19162261800011, -8.134715167999957, 0.0 ], [ 112.191835635000075, -8.134740098999941, 0.0 ], [ 112.19192410200003, -8.134774294999943, 0.0 ], [ 112.192006823000042, -8.134814251999956, 0.0 ], [ 112.192064470000105, -8.134819824999965, 0.0 ], [ 112.192137337000077, -8.134775583999954, 0.0 ], [ 112.192338554000116, -8.134610368999972, 0.0 ], [ 112.192443755000113, -8.13445692199997, 0.0 ], [ 112.192546708, -8.134192455999937, 0.0 ], [ 112.192574901000057, -8.133981806999941, 0.0 ], [ 112.192589895000083, -8.133855424999979, 0.0 ], [ 112.192608861000053, -8.133773055999939, 0.0 ], [ 112.192654761000085, -8.133704008999928, 0.0 ], [ 112.192703617, -8.133639149999965, 0.0 ], [ 112.192775789000052, -8.133543336999935, 0.0 ], [ 112.192809173000114, -8.133464276999973, 0.0 ], [ 112.192804362000061, -8.133401607999929, 0.0 ], [ 112.192796686000065, -8.13330160299995, 0.0 ], [ 112.192789100000027, -8.133172414999933, 0.0 ], [ 112.192817618000049, -8.133071834999953, 0.0 ], [ 112.192882161000057, -8.132973540999956, 0.0 ], [ 112.1929520650001, -8.13288807899994, 0.0 ], [ 112.193004781000013, -8.132823631999941, 0.0 ], [ 112.193016611000075, -8.13276377699998, 0.0 ], [ 112.19299244900003, -8.132713000999956, 0.0 ], [ 112.192866190000018, -8.13264757099995, 0.0 ], [ 112.192670887000077, -8.132579349999958, 0.0 ], [ 112.192577601000039, -8.132498866999981, 0.0 ], [ 112.192496074000019, -8.132334600999968, 0.0 ], [ 112.192408128000011, -8.132029778999936, 0.0 ], [ 112.192353854000089, -8.13194619099994, 0.0 ], [ 112.192221584000094, -8.131877786999951, 0.0 ], [ 112.191885281000054, -8.13183390699993, 0.0 ], [ 112.191428953000013, -8.131802344999926, 0.0 ], [ 112.191083716000094, -8.131782418999933, 0.0 ], [ 112.190927567000017, -8.131758948999959, 0.0 ], [ 112.190780281000116, -8.131687596999939, 0.0 ], [ 112.190765211000098, -8.13166670399994, 0.0 ], [ 112.190719063000074, -8.13159225499993, 0.0 ], [ 112.190683783000054, -8.131535338999981, 0.0 ], [ 112.190685434000102, -8.131281298999966, 0.0 ], [ 112.190705879, -8.130886428999929, 0.0 ], [ 112.190711981000049, -8.130513135999934, 0.0 ], [ 112.190758022000068, -8.130247399999973, 0.0 ], [ 112.190813330000083, -8.130126079999968, 0.0 ], [ 112.190894012000058, -8.12994909899993, 0.0 ], [ 112.190900984000109, -8.129870117999928, 0.0 ], [ 112.190885102000038, -8.129728068999952, 0.0 ], [ 112.190867688000026, -8.129572311999937, 0.0 ], [ 112.190870686000039, -8.129367718999958, 0.0 ], [ 112.190938305000032, -8.129091152999933, 0.0 ], [ 112.191067155000042, -8.128814406999936, 0.0 ], [ 112.191189445000077, -8.128557024999964, 0.0 ], [ 112.191253294000035, -8.128422640999929, 0.0 ], [ 112.191299566000112, -8.128235867999933, 0.0 ], [ 112.191277468000067, -8.128070829999956, 0.0 ], [ 112.191259301000059, -8.128017044999979, 0.0 ], [ 112.191186884000103, -8.127888045999953, 0.0 ], [ 112.191089212000065, -8.127744764999932, 0.0 ], [ 112.19102731800001, -8.127568527999927, 0.0 ], [ 112.190994771000078, -8.127475851999975, 0.0 ], [ 112.190972536000118, -8.127264153999931, 0.0 ], [ 112.190993639000112, -8.127091812999936, 0.0 ], [ 112.191000821000102, -8.127084612999965, 0.0 ], [ 112.191047316000095, -8.126973211999939, 0.0 ], [ 112.19112438500008, -8.126664941999934, 0.0 ], [ 112.191193386, -8.126089423999929, 0.0 ], [ 112.191195995000044, -8.126090059999967, 0.0 ], [ 112.191645072000028, -8.126199509999935, 0.0 ], [ 112.192558437000116, -8.126493538999966, 0.0 ], [ 112.193283334000057, -8.126728777999972, 0.0 ], [ 112.193612146000078, -8.126838837999969, 0.0 ], [ 112.193727583000054, -8.126899753999965, 0.0 ], [ 112.19376029600005, -8.126918799999942, 0.0 ], [ 112.193808461000117, -8.126966514999935, 0.0 ], [ 112.193812416000014, -8.127004787999965, 0.0 ], [ 112.193761127000016, -8.1272001899999, 0.0 ], [ 112.193717444000072, -8.127368770999965, 0.0 ], [ 112.193683325000052, -8.127523923999945, 0.0 ], [ 112.193696902000056, -8.12756791299995, 0.0 ], [ 112.193716185000085, -8.127592739999955, 0.0 ], [ 112.193735457000116, -8.127613739999958, 0.0 ], [ 112.193735525000079, -8.12763671099998, 0.0 ], [ 112.19369253900004, -8.127838279999935, 0.0 ], [ 112.193502583000054, -8.128562656999975, 0.0 ], [ 112.193457932000115, -8.128688408999949, 0.0 ], [ 112.193428015000109, -8.128721397999925, 0.0 ], [ 112.19338, -8.128724529999943, 0.0 ], [ 112.193200701000023, -8.128688564999948, 0.0 ], [ 112.193167114000062, -8.128698235999934, 0.0 ], [ 112.193145594000043, -8.128729404999945, 0.0 ], [ 112.193112339000095, -8.128851534999967, 0.0 ], [ 112.193057953000107, -8.129136436999943, 0.0 ], [ 112.193029259000014, -8.129177198999969, 0.0 ], [ 112.193019781000089, -8.129220296999961, 0.0 ], [ 112.193024909000087, -8.129330348999929, 0.0 ], [ 112.1930424520001, -8.12942660799996, 0.0 ], [ 112.193028950000098, -8.129732924999928, 0.0 ], [ 112.193006281000066, -8.130187621999937, 0.0 ], [ 112.193443414000058, -8.130224623999936, 0.0 ], [ 112.193630637000069, -8.130200146999925, 0.0 ], [ 112.193803354000011, -8.130142211999953, 0.0 ], [ 112.194067062000045, -8.129997869999954, 0.0 ], [ 112.194177885000045, -8.130121968999958, 0.0 ], [ 112.194274174000043, -8.130203040999959, 0.0 ], [ 112.194394404000036, -8.130260114999942, 0.0 ], [ 112.195990051000081, -8.130676553999933, 0.0 ], [ 112.195971351000026, -8.130848889999982, 0.0 ], [ 112.19663429700006, -8.130918722999979, 0.0 ], [ 112.197599865000029, -8.131011589999957, 0.0 ], [ 112.197402651000061, -8.132524412999942, 0.0 ], [ 112.197233654000115, -8.133836157999951, 0.0 ], [ 112.198036159000026, -8.134001287999979, 0.0 ], [ 112.197894445000088, -8.134796109999968, 0.0 ], [ 112.198668166000061, -8.134970893999935, 0.0 ], [ 112.198269938000067, -8.136715212999945, 0.0 ], [ 112.197967713000025, -8.138040512999964, 0.0 ], [ 112.199063441000021, -8.138292110999942, 0.0 ], [ 112.199020869000037, -8.138450249999948, 0.0 ], [ 112.198860374000105, -8.13904643799998, 0.0 ], [ 112.199213613000097, -8.139131533999944, 0.0 ], [ 112.199174634000087, -8.139347000999976, 0.0 ], [ 112.199913425000091, -8.13948120699996, 0.0 ], [ 112.199792867000042, -8.140041235999945, 0.0 ], [ 112.199470150000025, -8.141337881999959, 0.0 ], [ 112.199358450000091, -8.141323854999939, 0.0 ], [ 112.199275517000046, -8.141778250999948, 0.0 ], [ 112.199236047000113, -8.142071243999965, 0.0 ], [ 112.199185864000015, -8.142411550999952, 0.0 ], [ 112.199143948000028, -8.142850989999943, 0.0 ], [ 112.19942504200003, -8.142898971999955, 0.0 ], [ 112.19954463900001, -8.142419105999977, 0.0 ], [ 112.199611650000065, -8.14218202, 0.0 ], [ 112.199635981000029, -8.142127392999953, 0.0 ], [ 112.19966472200008, -8.142102901999976, 0.0 ], [ 112.199706602000106, -8.142094880999935, 0.0 ], [ 112.199826657000017, -8.142091535999953, 0.0 ], [ 112.199991717000103, -8.142082075999951, 0.0 ], [ 112.200645500000064, -8.141891711999961, 0.0 ], [ 112.200858284000105, -8.141780414999971, 0.0 ], [ 112.2009270530001, -8.141690480999955, 0.0 ], [ 112.200956095000038, -8.141504575999932, 0.0 ], [ 112.201006250000091, -8.141211311999939, 0.0 ], [ 112.201083728000071, -8.141022651999947, 0.0 ], [ 112.20116452100001, -8.140938664999965, 0.0 ], [ 112.201185488000078, -8.140923647999955, 0.0 ], [ 112.201302335000037, -8.140851518999966, 0.0 ], [ 112.201413322, -8.140827262999949, 0.0 ], [ 112.201509400000077, -8.140835950999929, 0.0 ], [ 112.201629525000044, -8.140856533999965, 0.0 ], [ 112.201743540000052, -8.140841239999929, 0.0 ], [ 112.201878549000071, -8.140819902999965, 0.0 ], [ 112.201965487000052, -8.140783754999973, 0.0 ], [ 112.202064325000038, -8.140711679999981, 0.0 ], [ 112.202100184000074, -8.140657734999934, 0.0 ], [ 112.202139904000092, -8.140550210999947, 0.0 ], [ 112.202150624000069, -8.140521465999939, 0.0 ], [ 112.202243802000112, -8.140363265999952, 0.0 ], [ 112.202250942000092, -8.140341709999973, 0.0 ], [ 112.202290306, -8.140255453999941, 0.0 ], [ 112.202308016000075, -8.140154903999928, 0.0 ], [ 112.202315198000065, -8.140147703999958, 0.0 ], [ 112.202343252000105, -8.139892789999976, 0.0 ], [ 112.20242401400003, -8.139368374999947, 0.0 ], [ 112.202461105000111, -8.139233719999936, 0.0 ], [ 112.202527864000103, -8.138991360999967, 0.0 ], [ 112.202708229000109, -8.138763119999965, 0.0 ], [ 112.20271183300008, -8.138758559999928, 0.0 ], [ 112.202746443000024, -8.13861026099994, 0.0 ], [ 112.202760369000089, -8.138448707999942, 0.0 ], [ 112.202752694000083, -8.138290806999976, 0.0 ], [ 112.20267285500006, -8.138090047999981, 0.0 ], [ 112.202591213, -8.137941638999962, 0.0 ], [ 112.202517128000068, -8.13780696699996, 0.0 ], [ 112.202534891000028, -8.137724361999972, 0.0 ], [ 112.202617520000103, -8.137652334999927, 0.0 ], [ 112.202621090000093, -8.137641555999949, 0.0 ], [ 112.202779455000041, -8.137601605999976, 0.0 ], [ 112.202984803000049, -8.13761535499998, 0.0 ], [ 112.203194032000056, -8.137722409999981, 0.0 ], [ 112.203381553000099, -8.137797226999965, 0.0 ], [ 112.203406842000049, -8.137822275999952, 0.0 ], [ 112.203752824000048, -8.137889444999928, 0.0 ], [ 112.204066293000096, -8.137924407999947, 0.0 ], [ 112.204332756000099, -8.137898492999966, 0.0 ], [ 112.204818449000072, -8.137710415999948, 0.0 ], [ 112.205090195000025, -8.137554006999949, 0.0 ], [ 112.205282295000075, -8.13744344, 0.0 ], [ 112.205623463000052, -8.137105046999977, 0.0 ], [ 112.20584601500002, -8.136849554999969, 0.0 ], [ 112.205928461000099, -8.136716510999975, 0.0 ], [ 112.205953319000059, -8.136597994999931, 0.0 ], [ 112.205953180000051, -8.136551335999968, 0.0 ], [ 112.205913216000113, -8.136436600999957, 0.0 ], [ 112.20585549000009, -8.136404469999945, 0.0 ], [ 112.205808592000039, -8.136379484999964, 0.0 ], [ 112.205617683000014, -8.13637646199993, 0.0 ], [ 112.205235877000064, -8.136374005999926, 0.0 ], [ 112.205073718000108, -8.136349362999965, 0.0 ], [ 112.205052053000031, -8.136331481999946, 0.0 ], [ 112.204969017000053, -8.136267121999936, 0.0 ], [ 112.204927393000048, -8.136176976999934, 0.0 ], [ 112.204892886000039, -8.13610224699994, 0.0 ], [ 112.20491418600011, -8.135998097999959, 0.0 ], [ 112.205003952000084, -8.135904511999968, 0.0 ], [ 112.205194485000106, -8.135781915999928, 0.0 ], [ 112.205320326000106, -8.135706169999935, 0.0 ], [ 112.205384912000113, -8.135623427999974, 0.0 ], [ 112.205395427000099, -8.135526487999925, 0.0 ], [ 112.205394978000072, -8.135375744999976, 0.0 ], [ 112.205365316000098, -8.135092288999942, 0.0 ], [ 112.205382864000057, -8.134937901999933, 0.0 ], [ 112.205475963000026, -8.134754577999956, 0.0 ], [ 112.205535121000025, -8.13470211799995, 0.0 ], [ 112.205662767000035, -8.134588922999967, 0.0 ], [ 112.205720149000058, -8.134506200999965, 0.0 ], [ 112.205727010000032, -8.134391325999957, 0.0 ], [ 112.205703180000114, -8.134306819999949, 0.0 ], [ 112.205690605000086, -8.134262224999929, 0.0 ], [ 112.205675918000111, -8.134168949999946, 0.0 ], [ 112.205697304000068, -8.134093512999925, 0.0 ], [ 112.205790759000024, -8.134028631999968, 0.0 ], [ 112.205931154000041, -8.134003090999954, 0.0 ], [ 112.206046467000078, -8.134020694999947, 0.0 ], [ 112.20612944800007, -8.134067106999964, 0.0 ], [ 112.206194485000083, -8.134135108999942, 0.0 ], [ 112.206291959000055, -8.134210191999955, 0.0 ], [ 112.206356867000068, -8.134235122999939, 0.0 ], [ 112.206443299000057, -8.134231276999969, 0.0 ], [ 112.206562064000082, -8.134198621999928, 0.0 ], [ 112.206648529000063, -8.13420554399994, 0.0 ], [ 112.206708828000046, -8.134217827999976, 0.0 ], [ 112.206839544000104, -8.134244456999966, 0.0 ], [ 112.20704471900001, -8.134200777999979, 0.0 ], [ 112.207087855000054, -8.134171935999973, 0.0 ], [ 112.207116, -8.134081998999932, 0.0 ], [ 112.207106595000027, -8.133977884999979, 0.0 ], [ 112.207096088000071, -8.133861568999976, 0.0 ], [ 112.207093739000015, -8.133835566999949, 0.0 ], [ 112.207056329000011, -8.133694580999929, 0.0 ], [ 112.206981337000116, -8.133411963999947, 0.0 ], [ 112.206980244000079, -8.133407842999929, 0.0 ] ] ] ] } },
{ "type": "Feature", "properties": { "OBJECTID": 113846.0, "KDPPUM": "35", "NAMOBJ": "Kuningan", "REMARK": null, "KDPBPS": null, "FCODE": "BA03070040", "LUASWH": null, "UUPP": "Ajudikasi 2015", "SRS_ID": "SRGI 2013", "METADATA": "TASWIL1000020200326DATA_BATAS_DESA_KELURAHAN", "KDEBPS": null, "KDEPUM": "35.05.10.2012", "KDCBPS": null, "KDCPUM": "35.05.10", "KDBBPS": null, "WADMKD": "Kuningan", "WIADKD": null, "WADMKC": "Kanigoro", "WIADKC": null, "WADMKK": "Blitar", "WIADKK": null, "WADMPR": "Jawa Timur", "WIADPR": null, "TIPADM": 1.0, "KDPKAB": "35.05", "SHAPE_Leng": 0.077601273158092995, "SHAPE_Area": 0.000144731535514 }, "geometry": { "type": "MultiPolygon", "coordinates": [ [ [ [ 112.192497192000019, -8.100087059999964, 0.0 ], [ 112.192493776000106, -8.100097590999951, 0.0 ], [ 112.192369899000028, -8.100479414999938, 0.0 ], [ 112.192305271, -8.100614495999935, 0.0 ], [ 112.192205342000079, -8.100695917999928, 0.0 ], [ 112.192088486000102, -8.100762061999944, 0.0 ], [ 112.192025487000024, -8.100771218999967, 0.0 ], [ 112.19193317600002, -8.100781248999965, 0.0 ], [ 112.191827462000106, -8.100792733999981, 0.0 ], [ 112.191707586, -8.100852904999954, 0.0 ], [ 112.191632863000109, -8.10095780599994, 0.0 ], [ 112.191588433000106, -8.101158333999933, 0.0 ], [ 112.191517138000108, -8.101438393999956, 0.0 ], [ 112.191484938000031, -8.10156488399997, 0.0 ], [ 112.191320999000027, -8.101885, 0.0 ], [ 112.191275855000072, -8.102029625999933, 0.0 ], [ 112.191258209000011, -8.102152307999972, 0.0 ], [ 112.191293457000029, -8.102261596999938, 0.0 ], [ 112.191321818, -8.102349527999934, 0.0 ], [ 112.191442749000089, -8.102648274999979, 0.0 ], [ 112.191458143000091, -8.102779832999943, 0.0 ], [ 112.191455168000061, -8.10278881399995, 0.0 ], [ 112.191452193000032, -8.102797796999937, 0.0 ], [ 112.19143745000008, -8.10288757, 0.0 ], [ 112.191365771000051, -8.103007418999937, 0.0 ], [ 112.19127121300005, -8.10306148799998, 0.0 ], [ 112.191087115000073, -8.103166754999961, 0.0 ], [ 112.190619721000076, -8.103443291999952, 0.0 ], [ 112.190382846000034, -8.103521748999981, 0.0 ], [ 112.190013878000059, -8.103588627999954, 0.0 ], [ 112.189816011000062, -8.103663979999965, 0.0 ], [ 112.189732264000099, -8.103762926999934, 0.0 ], [ 112.189711413000055, -8.103816825999957, 0.0 ], [ 112.189710371000047, -8.10386256399994, 0.0 ], [ 112.189706096, -8.10405013899998, 0.0 ], [ 112.189812828000072, -8.104624098999977, 0.0 ], [ 112.189885776000096, -8.104934948999926, 0.0 ], [ 112.189895297000021, -8.10511139099998, 0.0 ], [ 112.189892375000113, -8.105138317999945, 0.0 ], [ 112.189865476000023, -8.105177279999964, 0.0 ], [ 112.189764276, -8.105198124999959, 0.0 ], [ 112.18976323000004, -8.10519768599994, 0.0 ], [ 112.189574173000096, -8.105118308999977, 0.0 ], [ 112.189402808000068, -8.105020106999973, 0.0 ], [ 112.189231513000095, -8.104945831999942, 0.0 ], [ 112.189099392000116, -8.104925279999975, 0.0 ], [ 112.188934321000033, -8.104925760999947, 0.0 ], [ 112.188742368000021, -8.104971185999943, 0.0 ], [ 112.188508642000102, -8.105100479999976, 0.0 ], [ 112.188340998000058, -8.10524752799995, 0.0 ], [ 112.188263394000046, -8.105394313999966, 0.0 ], [ 112.188149828000064, -8.105648672999962, 0.0 ], [ 112.187838046000024, -8.106346987999927, 0.0 ], [ 112.187636535000024, -8.107226929999968, 0.0 ], [ 112.187649417000102, -8.107525989999942, 0.0 ], [ 112.187710392000099, -8.107848840999964, 0.0 ], [ 112.187807243000066, -8.108123729999932, 0.0 ], [ 112.187783600000103, -8.108249421999972, 0.0 ], [ 112.187717869000039, -8.108351306999964, 0.0 ], [ 112.187583, -8.108444, 0.0 ], [ 112.187344, -8.10861, 0.0 ], [ 112.186903001000019, -8.108964, 0.0 ], [ 112.186688003000086, -8.109216176999951, 0.0 ], [ 112.186485472000072, -8.10949679099997, 0.0 ], [ 112.186385, -8.109636, 0.0 ], [ 112.186302907000027, -8.10968838499997, 0.0 ], [ 112.185985036000034, -8.109891222999977, 0.0 ], [ 112.185918, -8.109934, 0.0 ], [ 112.185716, -8.110190000999978, 0.0 ], [ 112.18556, -8.110484, 0.0 ], [ 112.185557227000118, -8.110503862999963, 0.0 ], [ 112.185473993000073, -8.111100071999942, 0.0 ], [ 112.185468, -8.111143000999959, 0.0 ], [ 112.185500159000071, -8.111260637999976, 0.0 ], [ 112.18554399900006, -8.111421, 0.0 ], [ 112.185594559000037, -8.111499738999953, 0.0 ], [ 112.185666, -8.111611, 0.0 ], [ 112.185825471000044, -8.111779604999981, 0.0 ], [ 112.185892813, -8.111850803999971, 0.0 ], [ 112.185893, -8.11185100199998, 0.0 ], [ 112.185904111000013, -8.11185403199994, 0.0 ], [ 112.186025, -8.111887, 0.0 ], [ 112.186164, -8.111868998999967, 0.0 ], [ 112.186235857000042, -8.111874461999946, 0.0 ], [ 112.186333820000073, -8.111881909999966, 0.0 ], [ 112.186335, -8.111882, 0.0 ], [ 112.18641303000004, -8.111921514999949, 0.0 ], [ 112.186491006000097, -8.111961005999945, 0.0 ], [ 112.186658, -8.112131, 0.0 ], [ 112.186682750000045, -8.11218004899996, 0.0 ], [ 112.186713, -8.11224, 0.0 ], [ 112.186714997000081, -8.112294970999926, 0.0 ], [ 112.18673, -8.112707935999936, 0.0 ], [ 112.186732, -8.112763000999962, 0.0 ], [ 112.186719535000066, -8.112787470999933, 0.0 ], [ 112.186218, -8.113772, 0.0 ], [ 112.186031999000079, -8.113955, 0.0 ], [ 112.185918380000089, -8.114017610999952, 0.0 ], [ 112.185005625000031, -8.114520583999933, 0.0 ], [ 112.184651, -8.114716000999977, 0.0 ], [ 112.184426, -8.11498, 0.0 ], [ 112.184377182000048, -8.115079766999941, 0.0 ], [ 112.184174001000088, -8.115495, 0.0 ], [ 112.184170416000029, -8.115499142999965, 0.0 ], [ 112.183898081000052, -8.115813908999939, 0.0 ], [ 112.183826796000062, -8.115896300999964, 0.0 ], [ 112.183821, -8.115903, 0.0 ], [ 112.183526, -8.116473998999936, 0.0 ], [ 112.183233765000068, -8.116814458999954, 0.0 ], [ 112.183223001000101, -8.116827, 0.0 ], [ 112.18322205000004, -8.116827685999965, 0.0 ], [ 112.183047000000101, -8.116954, 0.0 ], [ 112.182869048000043, -8.117038108999964, 0.0 ], [ 112.18259, -8.11717, 0.0 ], [ 112.182481001000042, -8.11730400099998, 0.0 ], [ 112.182631834000063, -8.11768725099995, 0.0 ], [ 112.182640000000106, -8.117708, 0.0 ], [ 112.182720499000084, -8.117877437999937, 0.0 ], [ 112.182841308000093, -8.11813172199993, 0.0 ], [ 112.182888, -8.11823, 0.0 ], [ 112.183131423000077, -8.11905283599998, 0.0 ], [ 112.183172, -8.11919, 0.0 ], [ 112.183204145000104, -8.119640712999967, 0.0 ], [ 112.183219, -8.119849, 0.0 ], [ 112.183162352000068, -8.120347213999935, 0.0 ], [ 112.183141, -8.120535, 0.0 ], [ 112.18314, -8.120541755999966, 0.0 ], [ 112.183082272000092, -8.120931624999969, 0.0 ], [ 112.183072, -8.121000998999932, 0.0 ], [ 112.183034795000026, -8.12112727799996, 0.0 ], [ 112.182934999000054, -8.121466000999931, 0.0 ], [ 112.182806, -8.121665, 0.0 ], [ 112.182083049000084, -8.122202327999958, 0.0 ], [ 112.181992, -8.12227, 0.0 ], [ 112.181830033000097, -8.122455224999953, 0.0 ], [ 112.181797001000064, -8.122493000999953, 0.0 ], [ 112.181696837000118, -8.122643080999978, 0.0 ], [ 112.181493999000054, -8.122947000999943, 0.0 ], [ 112.181444001000045, -8.123253, 0.0 ], [ 112.181394, -8.123362, 0.0 ], [ 112.181273, -8.123443, 0.0 ], [ 112.181013, -8.123512, 0.0 ], [ 112.180877365000015, -8.123566843999981, 0.0 ], [ 112.180783, -8.123605, 0.0 ], [ 112.180734289000043, -8.123651554999981, 0.0 ], [ 112.18067, -8.123713, 0.0 ], [ 112.180593, -8.123927, 0.0 ], [ 112.180472001000112, -8.124419, 0.0 ], [ 112.18042898300007, -8.124491779999971, 0.0 ], [ 112.180299999000113, -8.12471, 0.0 ], [ 112.180145, -8.124864, 0.0 ], [ 112.179980000000114, -8.124933000999931, 0.0 ], [ 112.179738495000038, -8.124995020999961, 0.0 ], [ 112.179723, -8.124999, 0.0 ], [ 112.179722568000102, -8.124999308999975, 0.0 ], [ 112.179697333000036, -8.12501733299996, 0.0 ], [ 112.179548, -8.125124, 0.0 ], [ 112.1795, -8.125346001999958, 0.0 ], [ 112.17950024400011, -8.125348927999937, 0.0 ], [ 112.179505480000103, -8.125411850999967, 0.0 ], [ 112.179566, -8.126139000999956, 0.0 ], [ 112.178840679000018, -8.125914115999933, 0.0 ], [ 112.178134086000114, -8.125696024999968, 0.0 ], [ 112.177254496000046, -8.125440147999939, 0.0 ], [ 112.176408497000011, -8.125174602999948, 0.0 ], [ 112.176436865000028, -8.125021380999954, 0.0 ], [ 112.176482856, -8.124608919999957, 0.0 ], [ 112.176499894000017, -8.124522728999978, 0.0 ], [ 112.176503707000052, -8.124513147999949, 0.0 ], [ 112.176505495000015, -8.1244672, 0.0 ], [ 112.17649382400009, -8.124417463999976, 0.0 ], [ 112.176466725000068, -8.124346715999934, 0.0 ], [ 112.176454915000022, -8.12424912299997, 0.0 ], [ 112.176454892000038, -8.124241464999955, 0.0 ], [ 112.176460427000052, -8.124162965999972, 0.0 ], [ 112.17650616700007, -8.124038406999944, 0.0 ], [ 112.176587375000054, -8.123889818999942, 0.0 ], [ 112.176644670000087, -8.123774796999953, 0.0 ], [ 112.176682795000033, -8.123674188999928, 0.0 ], [ 112.176754372, -8.12351605899994, 0.0 ], [ 112.176936155000021, -8.123273858999937, 0.0 ], [ 112.176993443000015, -8.123156445999939, 0.0 ], [ 112.177143915000102, -8.122880837999958, 0.0 ], [ 112.177160633000085, -8.12284968299997, 0.0 ], [ 112.17721068100002, -8.122720326999968, 0.0 ], [ 112.177208154000027, -8.122677262999957, 0.0 ], [ 112.177171997000073, -8.122629511999946, 0.0 ], [ 112.177051499000072, -8.12247911399993, 0.0 ], [ 112.176796203000094, -8.122214250999946, 0.0 ], [ 112.176767220000102, -8.122156906999976, 0.0 ], [ 112.176759807000053, -8.122085144999971, 0.0 ], [ 112.176778829000114, -8.122020483999961, 0.0 ], [ 112.17686470700005, -8.121826417999955, 0.0 ], [ 112.176874214, -8.121792890999927, 0.0 ], [ 112.176862110000116, -8.121759426999972, 0.0 ], [ 112.176850069000011, -8.121747497999934, 0.0 ], [ 112.176725014000112, -8.121680860999959, 0.0 ], [ 112.176696171000117, -8.12167137299997, 0.0 ], [ 112.175885787000084, -8.121264545999964, 0.0 ], [ 112.176099316000091, -8.120378589999973, 0.0 ], [ 112.17624709800009, -8.11993545699994, 0.0 ], [ 112.17642206000005, -8.119420893999973, 0.0 ], [ 112.176658276000012, -8.118508486999929, 0.0 ], [ 112.17665858600003, -8.118507287999932, 0.0 ], [ 112.176681484000028, -8.118397608999942, 0.0 ], [ 112.176780669000095, -8.118029496999952, 0.0 ], [ 112.176872214000014, -8.1176394299999, 0.0 ], [ 112.176933243, -8.117383849999953, 0.0 ], [ 112.177322343000014, -8.11720837799993, 0.0 ], [ 112.177452067000104, -8.117054836999955, 0.0 ], [ 112.177505456000063, -8.116859318999957, 0.0 ], [ 112.177589384000044, -8.116583718999948, 0.0 ], [ 112.177665671000113, -8.116317644999981, 0.0 ], [ 112.17772672500007, -8.116086873999961, 0.0 ], [ 112.177734341000019, -8.115830302999939, 0.0 ], [ 112.177696186000048, -8.115565196999967, 0.0 ], [ 112.177795371000116, -8.115411655999935, 0.0 ], [ 112.177925071000118, -8.115276224999945, 0.0 ], [ 112.178123417000052, -8.115061653999931, 0.0 ], [ 112.17838284100003, -8.114785110999946, 0.0 ], [ 112.178703271000018, -8.114726909999945, 0.0 ], [ 112.178977928000108, -8.113758947999941, 0.0 ], [ 112.179168658000094, -8.113059888999942, 0.0 ], [ 112.179252585000086, -8.112523920999934, 0.0 ], [ 112.179687458000103, -8.110425846999931, 0.0 ], [ 112.179923959, -8.110498337999957, 0.0 ], [ 112.180290185000104, -8.110613723999961, 0.0 ], [ 112.180824218000112, -8.110669022999957, 0.0 ], [ 112.181098876000078, -8.110665225999981, 0.0 ], [ 112.181335402000059, -8.110618486999954, 0.0 ], [ 112.181884716000013, -8.110630890999971, 0.0 ], [ 112.182304355000042, -8.110685246999935, 0.0 ], [ 112.182579012000019, -8.110688123999978, 0.0 ], [ 112.183570816000042, -8.108199983999953, 0.0 ], [ 112.18429560300001, -8.10642519299995, 0.0 ], [ 112.184341375000031, -8.106092358999945, 0.0 ], [ 112.184394788000077, -8.105692764999958, 0.0 ], [ 112.184719459, -8.1051127, 0.0 ], [ 112.184837301000016, -8.104902160999927, 0.0 ], [ 112.184836449000045, -8.10489905299994, 0.0 ], [ 112.184791529000108, -8.104735271999971, 0.0 ], [ 112.184783888000084, -8.104612245999931, 0.0 ], [ 112.184776271000032, -8.104472994999981, 0.0 ], [ 112.184829684000078, -8.104238427999974, 0.0 ], [ 112.184852558000102, -8.103951341999959, 0.0 ], [ 112.18489833000001, -8.103354368999931, 0.0 ], [ 112.185035671000037, -8.102213763999941, 0.0 ], [ 112.185226401000023, -8.101649191999968, 0.0 ], [ 112.185615501000029, -8.100165257999947, 0.0 ], [ 112.185707045000072, -8.099853412999948, 0.0 ], [ 112.185920673000055, -8.099271672999976, 0.0 ], [ 112.185981702000049, -8.098913087999961, 0.0 ], [ 112.185996960000011, -8.098798644999931, 0.0 ], [ 112.186027499000033, -8.098601217999942, 0.0 ], [ 112.186035115000095, -8.098536367999941, 0.0 ], [ 112.186138609000068, -8.098399602999962, 0.0 ], [ 112.1861419170001, -8.098395230999927, 0.0 ], [ 112.186271617000102, -8.098428622999961, 0.0 ], [ 112.187042200000064, -8.098630789999959, 0.0 ], [ 112.187393145000101, -8.098688022999966, 0.0 ], [ 112.187965357000053, -8.098806261999925, 0.0 ], [ 112.188323918000037, -8.098945512999933, 0.0 ], [ 112.188499415000024, -8.098996071999977, 0.0 ], [ 112.188659630000075, -8.099041819999968, 0.0 ], [ 112.18880458700005, -8.09909143699997, 0.0 ], [ 112.188880874, -8.099116220999974, 0.0 ], [ 112.18891902900009, -8.099134331999949, 0.0 ], [ 112.189071603000116, -8.099152466999954, 0.0 ], [ 112.189300513000035, -8.099204911999948, 0.0 ], [ 112.189750642000035, -8.09931744499994, 0.0 ], [ 112.189865061000091, -8.099335579999945, 0.0 ], [ 112.190147359000093, -8.099378473999934, 0.0 ], [ 112.190986588000101, -8.099546329999953, 0.0 ], [ 112.191894488000116, -8.099797145999958, 0.0 ], [ 112.192039445000091, -8.099852468999927, 0.0 ], [ 112.192153888, -8.099863905999939, 0.0 ], [ 112.19224543200005, -8.099873456999944, 0.0 ], [ 112.192359875000079, -8.099968797999963, 0.0 ], [ 112.192497192000019, -8.100087059999964, 0.0 ] ] ] ] } },
{ "type": "Feature", "properties": { "OBJECTID": 113871.0, "KDPPUM": "35", "NAMOBJ": "Papungan", "REMARK": null, "KDPBPS": null, "FCODE": "BA03070040", "LUASWH": null, "UUPP": "Ajudikasi 2015", "SRS_ID": "SRGI 2013", "METADATA": "TASWIL1000020200326DATA_BATAS_DESA_KELURAHAN", "KDEBPS": null, "KDEPUM": "35.05.10.2005", "KDCBPS": null, "KDCPUM": "35.05.10", "KDBBPS": null, "WADMKD": "Papungan", "WIADKD": null, "WADMKC": "Kanigoro", "WIADKC": null, "WADMKK": "Blitar", "WIADKK": null, "WADMPR": "Jawa Timur", "WIADPR": null, "TIPADM": 1.0, "KDPKAB": "35.05", "SHAPE_Leng": 0.088981976165931995, "SHAPE_Area": 0.00031792477405199999 }, "geometry": { "type": "MultiPolygon", "coordinates": [ [ [ [ 112.204029999000113, -8.088359543999957, 0.0 ], [ 112.204307988000096, -8.088618508999957, 0.0 ], [ 112.205023830000073, -8.089186838999979, 0.0 ], [ 112.205149418000019, -8.089359059999936, 0.0 ], [ 112.205262192000077, -8.089501506999966, 0.0 ], [ 112.205279999000027, -8.089524, 0.0 ], [ 112.20533300000011, -8.089606, 0.0 ], [ 112.206048583000097, -8.09039768699995, 0.0 ], [ 112.206057000000101, -8.090407, 0.0 ], [ 112.206077036000011, -8.090489500999979, 0.0 ], [ 112.206091, -8.090547, 0.0 ], [ 112.20614, -8.091055998999934, 0.0 ], [ 112.20634821100009, -8.091591295999933, 0.0 ], [ 112.206429, -8.091798998999934, 0.0 ], [ 112.20643584000004, -8.092359375999933, 0.0 ], [ 112.206426001000068, -8.092776, 0.0 ], [ 112.206467445000044, -8.092966153999953, 0.0 ], [ 112.206479241000011, -8.093020276999937, 0.0 ], [ 112.206484559000046, -8.093034706999958, 0.0 ], [ 112.206529160000059, -8.093155728999932, 0.0 ], [ 112.206768927000098, -8.093815623999944, 0.0 ], [ 112.207525769000085, -8.093992844999946, 0.0 ], [ 112.207817722000073, -8.094070943999952, 0.0 ], [ 112.20792067900004, -8.094124543999953, 0.0 ], [ 112.20785830300008, -8.094642287999932, 0.0 ], [ 112.207676864000064, -8.095423143999938, 0.0 ], [ 112.207376361000115, -8.09646711399995, 0.0 ], [ 112.207131405000041, -8.097383520999927, 0.0 ], [ 112.206870564000042, -8.098331822999967, 0.0 ], [ 112.206720488000087, -8.098913524999944, 0.0 ], [ 112.206364621000034, -8.100148756999943, 0.0 ], [ 112.206222510000089, -8.100722472999962, 0.0 ], [ 112.205898624000042, -8.101965572999973, 0.0 ], [ 112.205661511000017, -8.102834180999935, 0.0 ], [ 112.205353199000115, -8.10394187299994, 0.0 ], [ 112.205053278000037, -8.105184900999973, 0.0 ], [ 112.20455421500003, -8.107174548999978, 0.0 ], [ 112.20417172000009, -8.108651155999951, 0.0 ], [ 112.203899765000074, -8.109771541999976, 0.0 ], [ 112.203612886000087, -8.110877143999971, 0.0 ], [ 112.203414580000072, -8.111745220999978, 0.0 ], [ 112.203274828000076, -8.112286888999961, 0.0 ], [ 112.203017155000111, -8.113207041999942, 0.0 ], [ 112.202818805000106, -8.114060291999976, 0.0 ], [ 112.202546203000111, -8.114031221999937, 0.0 ], [ 112.202337391000015, -8.114060550999966, 0.0 ], [ 112.202193444000045, -8.11410045599996, 0.0 ], [ 112.20202804500002, -8.114194263999934, 0.0 ], [ 112.201905760000045, -8.114252051999927, 0.0 ], [ 112.201747435000016, -8.11430276699997, 0.0 ], [ 112.201502566000045, -8.114317846999938, 0.0 ], [ 112.201214605000018, -8.114376122999943, 0.0 ], [ 112.200933920000011, -8.114459501999931, 0.0 ], [ 112.200613768000039, -8.114593243999934, 0.0 ], [ 112.200315224000065, -8.114726925999946, 0.0 ], [ 112.200045334000038, -8.114806681999937, 0.0 ], [ 112.199847370000043, -8.114850335999961, 0.0 ], [ 112.199544863000028, -8.114861992999977, 0.0 ], [ 112.199271115000101, -8.114855621999936, 0.0 ], [ 112.19796822, -8.114760155999932, 0.0 ], [ 112.196891574, -8.114668697999946, 0.0 ], [ 112.196650571000077, -8.114648708999937, 0.0 ], [ 112.196208, -8.114612, 0.0 ], [ 112.195820615000116, -8.114521483999965, 0.0 ], [ 112.195489, -8.114444, 0.0 ], [ 112.195201821000069, -8.114414695999926, 0.0 ], [ 112.194768435000015, -8.114368978999948, 0.0 ], [ 112.194616941000049, -8.114352997999958, 0.0 ], [ 112.19449488500004, -8.114339988999973, 0.0 ], [ 112.194201984000074, -8.114308771999958, 0.0 ], [ 112.193582000000106, -8.114185, 0.0 ], [ 112.193496094000011, -8.114151273999937, 0.0 ], [ 112.193447000000106, -8.114132, 0.0 ], [ 112.193302001, -8.114043, 0.0 ], [ 112.193162633000043, -8.113945141999977, 0.0 ], [ 112.193118600000048, -8.113914222999938, 0.0 ], [ 112.193101624000064, -8.113856845999976, 0.0 ], [ 112.193101581000064, -8.113842488999978, 0.0 ], [ 112.193118, -8.113677, 0.0 ], [ 112.193118529000117, -8.113671910999926, 0.0 ], [ 112.193185614000072, -8.113026300999934, 0.0 ], [ 112.193256398000017, -8.112602569999979, 0.0 ], [ 112.19327, -8.112329750999947, 0.0 ], [ 112.193240213000081, -8.111999633999972, 0.0 ], [ 112.193016693000118, -8.111926349999976, 0.0 ], [ 112.192731899000023, -8.111837453999954, 0.0 ], [ 112.192319642000029, -8.111679540999944, 0.0 ], [ 112.192301616, -8.111673610999958, 0.0 ], [ 112.192097382000043, -8.111626352999963, 0.0 ], [ 112.192067351000105, -8.111620458999937, 0.0 ], [ 112.191857308000067, -8.111639018999938, 0.0 ], [ 112.191611407000096, -8.11171152199995, 0.0 ], [ 112.191299881000077, -8.111921802999973, 0.0 ], [ 112.191001, -8.112195, 0.0 ], [ 112.190879053000117, -8.112336064999965, 0.0 ], [ 112.190591660000109, -8.112668511999971, 0.0 ], [ 112.190159000000108, -8.113169, 0.0 ], [ 112.189747, -8.11346, 0.0 ], [ 112.189517029000058, -8.113567165999939, 0.0 ], [ 112.189247001000012, -8.113693, 0.0 ], [ 112.189197616000115, -8.11370870899998, 0.0 ], [ 112.18875704900006, -8.113848843999961, 0.0 ], [ 112.188439328000072, -8.113898810999956, 0.0 ], [ 112.187903999000014, -8.113983, 0.0 ], [ 112.1876535990001, -8.113956154999926, 0.0 ], [ 112.186822, -8.113867, 0.0 ], [ 112.18646668100007, -8.11381111299994, 0.0 ], [ 112.186218, -8.113772, 0.0 ], [ 112.186719535000066, -8.112787470999933, 0.0 ], [ 112.186732, -8.112763000999962, 0.0 ], [ 112.18673, -8.112707935999936, 0.0 ], [ 112.186714997000081, -8.112294970999926, 0.0 ], [ 112.186713, -8.11224, 0.0 ], [ 112.186682750000045, -8.11218004899996, 0.0 ], [ 112.186658, -8.112131, 0.0 ], [ 112.186491006000097, -8.111961005999945, 0.0 ], [ 112.18641303000004, -8.111921514999949, 0.0 ], [ 112.186335, -8.111882, 0.0 ], [ 112.186333820000073, -8.111881909999966, 0.0 ], [ 112.186235857000042, -8.111874461999946, 0.0 ], [ 112.186164, -8.111868998999967, 0.0 ], [ 112.186025, -8.111887, 0.0 ], [ 112.185904111000013, -8.11185403199994, 0.0 ], [ 112.185893, -8.11185100199998, 0.0 ], [ 112.185892813, -8.111850803999971, 0.0 ], [ 112.185825471000044, -8.111779604999981, 0.0 ], [ 112.185666, -8.111611, 0.0 ], [ 112.185594559000037, -8.111499738999953, 0.0 ], [ 112.18554399900006, -8.111421, 0.0 ], [ 112.185500159000071, -8.111260637999976, 0.0 ], [ 112.185468, -8.111143000999959, 0.0 ], [ 112.185473993000073, -8.111100071999942, 0.0 ], [ 112.185557227000118, -8.110503862999963, 0.0 ], [ 112.18556, -8.110484, 0.0 ], [ 112.185716, -8.110190000999978, 0.0 ], [ 112.185918, -8.109934, 0.0 ], [ 112.185985036000034, -8.109891222999977, 0.0 ], [ 112.186302907000027, -8.10968838499997, 0.0 ], [ 112.186385, -8.109636, 0.0 ], [ 112.186485472000072, -8.10949679099997, 0.0 ], [ 112.186688003000086, -8.109216176999951, 0.0 ], [ 112.186903001000019, -8.108964, 0.0 ], [ 112.187344, -8.10861, 0.0 ], [ 112.187583, -8.108444, 0.0 ], [ 112.187717869000039, -8.108351306999964, 0.0 ], [ 112.187783600000103, -8.108249421999972, 0.0 ], [ 112.187807243000066, -8.108123729999932, 0.0 ], [ 112.187710392000099, -8.107848840999964, 0.0 ], [ 112.187649417000102, -8.107525989999942, 0.0 ], [ 112.187636535000024, -8.107226929999968, 0.0 ], [ 112.187838046000024, -8.106346987999927, 0.0 ], [ 112.188149828000064, -8.105648672999962, 0.0 ], [ 112.188263394000046, -8.105394313999966, 0.0 ], [ 112.188340998000058, -8.10524752799995, 0.0 ], [ 112.188508642000102, -8.105100479999976, 0.0 ], [ 112.188742368000021, -8.104971185999943, 0.0 ], [ 112.188934321000033, -8.104925760999947, 0.0 ], [ 112.189099392000116, -8.104925279999975, 0.0 ], [ 112.189231513000095, -8.104945831999942, 0.0 ], [ 112.189402808000068, -8.105020106999973, 0.0 ], [ 112.189574173000096, -8.105118308999977, 0.0 ], [ 112.18976323000004, -8.10519768599994, 0.0 ], [ 112.189764276, -8.105198124999959, 0.0 ], [ 112.189865476000023, -8.105177279999964, 0.0 ], [ 112.189892375000113, -8.105138317999945, 0.0 ], [ 112.189895297000021, -8.10511139099998, 0.0 ], [ 112.189885776000096, -8.104934948999926, 0.0 ], [ 112.189812828000072, -8.104624098999977, 0.0 ], [ 112.189706096, -8.10405013899998, 0.0 ], [ 112.189710371000047, -8.10386256399994, 0.0 ], [ 112.189711413000055, -8.103816825999957, 0.0 ], [ 112.189732264000099, -8.103762926999934, 0.0 ], [ 112.189816011000062, -8.103663979999965, 0.0 ], [ 112.190013878000059, -8.103588627999954, 0.0 ], [ 112.190382846000034, -8.103521748999981, 0.0 ], [ 112.190619721000076, -8.103443291999952, 0.0 ], [ 112.191087115000073, -8.103166754999961, 0.0 ], [ 112.19127121300005, -8.10306148799998, 0.0 ], [ 112.191365771000051, -8.103007418999937, 0.0 ], [ 112.19143745000008, -8.10288757, 0.0 ], [ 112.191452193000032, -8.102797796999937, 0.0 ], [ 112.191455168000061, -8.10278881399995, 0.0 ], [ 112.191458143000091, -8.102779832999943, 0.0 ], [ 112.191442749000089, -8.102648274999979, 0.0 ], [ 112.191321818, -8.102349527999934, 0.0 ], [ 112.191293457000029, -8.102261596999938, 0.0 ], [ 112.191258209000011, -8.102152307999972, 0.0 ], [ 112.191275855000072, -8.102029625999933, 0.0 ], [ 112.191320999000027, -8.101885, 0.0 ], [ 112.191484938000031, -8.10156488399997, 0.0 ], [ 112.191517138000108, -8.101438393999956, 0.0 ], [ 112.191588433000106, -8.101158333999933, 0.0 ], [ 112.191632863000109, -8.10095780599994, 0.0 ], [ 112.191707586, -8.100852904999954, 0.0 ], [ 112.191827462000106, -8.100792733999981, 0.0 ], [ 112.19193317600002, -8.100781248999965, 0.0 ], [ 112.192025487000024, -8.100771218999967, 0.0 ], [ 112.192088486000102, -8.100762061999944, 0.0 ], [ 112.192205342000079, -8.100695917999928, 0.0 ], [ 112.192305271, -8.100614495999935, 0.0 ], [ 112.192369899000028, -8.100479414999938, 0.0 ], [ 112.192493776000106, -8.100097590999951, 0.0 ], [ 112.192497192000019, -8.100087059999964, 0.0 ], [ 112.192545839000104, -8.10003409899997, 0.0 ], [ 112.192550629000038, -8.100028883999926, 0.0 ], [ 112.192744718000085, -8.099934846999929, 0.0 ], [ 112.192789420000054, -8.099913188999949, 0.0 ], [ 112.192921106000085, -8.099787180999954, 0.0 ], [ 112.193041071000039, -8.099756920999937, 0.0 ], [ 112.193148089000033, -8.099801457999945, 0.0 ], [ 112.193155260000026, -8.099804441999936, 0.0 ], [ 112.193221570000105, -8.099899959999959, 0.0 ], [ 112.193226722000077, -8.099921244999962, 0.0 ], [ 112.193312719, -8.100276558999951, 0.0 ], [ 112.193415502000107, -8.100527500999931, 0.0 ], [ 112.193559880000066, -8.10063475499993, 0.0 ], [ 112.19370996300006, -8.100640298999963, 0.0 ], [ 112.19374662000007, -8.100624287999949, 0.0 ], [ 112.19384784500005, -8.100580073999936, 0.0 ], [ 112.19390566800007, -8.100539929999968, 0.0 ], [ 112.194003595000027, -8.100471943999935, 0.0 ], [ 112.194135157, -8.100304061999964, 0.0 ], [ 112.194206500000064, -8.100070555999935, 0.0 ], [ 112.19420836200004, -8.100063526999975, 0.0 ], [ 112.194386972000075, -8.099389278999979, 0.0 ], [ 112.194391619000044, -8.099336622999942, 0.0 ], [ 112.194443722000074, -8.099092404999965, 0.0 ], [ 112.194520216000114, -8.098977326999943, 0.0 ], [ 112.194523988000014, -8.098974300999942, 0.0 ], [ 112.19461603100001, -8.098900476999972, 0.0 ], [ 112.194721449000099, -8.098823598999957, 0.0 ], [ 112.194812478000017, -8.098751548999928, 0.0 ], [ 112.194893731000093, -8.098622099999943, 0.0 ], [ 112.195026988000109, -8.098214933999941, 0.0 ], [ 112.195093680000014, -8.098032886999931, 0.0 ], [ 112.195189410000012, -8.097927323999954, 0.0 ], [ 112.19544836700004, -8.097806925999976, 0.0 ], [ 112.195620900000108, -8.09769156699997, 0.0 ], [ 112.195697436000046, -8.097590843999967, 0.0 ], [ 112.195706062000113, -8.097536529999957, 0.0 ], [ 112.195721008000078, -8.097442422999961, 0.0 ], [ 112.195677182000054, -8.097236769999938, 0.0 ], [ 112.195633358, -8.0970311199999, 0.0 ], [ 112.195666506000066, -8.096873097999946, 0.0 ], [ 112.195706290000089, -8.096812376999935, 0.0 ], [ 112.195776458000068, -8.096705281999959, 0.0 ], [ 112.195996885000113, -8.096546709999927, 0.0 ], [ 112.19627485, -8.09635925799995, 0.0 ], [ 112.19662190400004, -8.096058349999964, 0.0 ], [ 112.196629294000104, -8.096051941999974, 0.0 ], [ 112.196715405000077, -8.095941621999941, 0.0 ], [ 112.196758284000111, -8.095826640999974, 0.0 ], [ 112.196777153000085, -8.095711731999927, 0.0 ], [ 112.196781375000114, -8.095515509999927, 0.0 ], [ 112.196814354000026, -8.095300061999978, 0.0 ], [ 112.196830501000022, -8.095263195999962, 0.0 ], [ 112.197024228000032, -8.094820888999948, 0.0 ], [ 112.197282010000094, -8.094303289999971, 0.0 ], [ 112.1975016990001, -8.093895870999972, 0.0 ], [ 112.197712292, -8.093660759999977, 0.0 ], [ 112.197894554000072, -8.093588440999952, 0.0 ], [ 112.19811551600003, -8.093611720999945, 0.0 ], [ 112.198221103000037, -8.093592268999942, 0.0 ], [ 112.198267610000016, -8.093548100999953, 0.0 ], [ 112.198312086000101, -8.093505860999926, 0.0 ], [ 112.198393210000063, -8.093333341999937, 0.0 ], [ 112.198469491000083, -8.093146479999973, 0.0 ], [ 112.198584468000035, -8.093055217999961, 0.0 ], [ 112.198738060000096, -8.093030836999958, 0.0 ], [ 112.198930152000116, -8.093035059999977, 0.0 ], [ 112.198981813000046, -8.093048245999967, 0.0 ], [ 112.199171875000047, -8.093096757999945, 0.0 ], [ 112.199189656000044, -8.093101295999929, 0.0 ], [ 112.199300313000094, -8.093172754999955, 0.0 ], [ 112.199353348000045, -8.093244382999956, 0.0 ], [ 112.199363588000097, -8.09345970399994, 0.0 ], [ 112.199384507000104, -8.09353914899998, 0.0 ], [ 112.199397584000053, -8.093588813999929, 0.0 ], [ 112.19947451500002, -8.093622086999972, 0.0 ], [ 112.199589803000094, -8.093636104999973, 0.0 ], [ 112.199675232000118, -8.093591366999931, 0.0 ], [ 112.199810356000057, -8.093520602999945, 0.0 ], [ 112.199973968000108, -8.09342163499997, 0.0 ], [ 112.200136308000083, -8.093323436999981, 0.0 ], [ 112.200222618000112, -8.09323210499997, 0.0 ], [ 112.200308640000117, -8.093141077999974, 0.0 ], [ 112.200404211000091, -8.092982872999926, 0.0 ], [ 112.200492009000072, -8.092811006999966, 0.0 ], [ 112.200492086000054, -8.092810855999971, 0.0 ], [ 112.200555399000109, -8.092686918999959, 0.0 ], [ 112.200697790000049, -8.092528973999947, 0.0 ], [ 112.200883653, -8.09245664499997, 0.0 ], [ 112.200997735000101, -8.092468272999952, 0.0 ], [ 112.201100060000044, -8.09256368399997, 0.0 ], [ 112.201130568000053, -8.092731089999972, 0.0 ], [ 112.201130905000014, -8.092844744999979, 0.0 ], [ 112.201155198000038, -8.092940385999952, 0.0 ], [ 112.201209274, -8.092958172999943, 0.0 ], [ 112.201281178000045, -8.092916085999946, 0.0 ], [ 112.201358801000083, -8.092778273999954, 0.0 ], [ 112.201537883000015, -8.092442756999958, 0.0 ], [ 112.20174686900009, -8.092071259999955, 0.0 ], [ 112.201950117000024, -8.091789508999966, 0.0 ], [ 112.202111350000109, -8.091507881999974, 0.0 ], [ 112.20227869100006, -8.091262127999926, 0.0 ], [ 112.202379971000028, -8.091004605999956, 0.0 ], [ 112.202445269, -8.090759152999965, 0.0 ], [ 112.202492491000044, -8.090489823999974, 0.0 ], [ 112.202539978, -8.090310224999939, 0.0 ], [ 112.202609128000063, -8.09020097299998, 0.0 ], [ 112.202778956000088, -8.089932657999952, 0.0 ], [ 112.202917673000115, -8.089750397999978, 0.0 ], [ 112.202964183000063, -8.089646174999928, 0.0 ], [ 112.202971088000027, -8.089545657999963, 0.0 ], [ 112.202923747000114, -8.08936992699995, 0.0 ], [ 112.202825764000067, -8.089118971999937, 0.0 ], [ 112.202691266000102, -8.088699433999977, 0.0 ], [ 112.202665354000032, -8.088462623999931, 0.0 ], [ 112.202704630000085, -8.08834765499995, 0.0 ], [ 112.202783701000044, -8.088293584999974, 0.0 ], [ 112.202924114000098, -8.088278813999978, 0.0 ], [ 112.203115042000036, -8.088296198999956, 0.0 ], [ 112.203417673000104, -8.088332634999972, 0.0 ], [ 112.203691487000015, -8.088367719999951, 0.0 ], [ 112.204029999000113, -8.088359543999957, 0.0 ] ] ] ] } },
{ "type": "Feature", "properties": { "OBJECTID": 113886.0, "KDPPUM": "35", "NAMOBJ": "Kelurahan Satreyan", "REMARK": null, "KDPBPS": null, "FCODE": "BA03070040", "LUASWH": null, "UUPP": "Ajudikasi 2015", "SRS_ID": "SRGI 2013", "METADATA": "TASWIL1000020200326DATA_BATAS_DESA_KELURAHAN", "KDEBPS": null, "KDEPUM": "35.05.10.1010", "KDCBPS": null, "KDCPUM": "35.05.10", "KDBBPS": null, "WADMKD": "Kelurahan Satreyan", "WIADKD": null, "WADMKC": "Kanigoro", "WIADKC": null, "WADMKK": "Blitar", "WIADKK": null, "WADMPR": "Jawa Timur", "WIADPR": null, "TIPADM": 2.0, "KDPKAB": "35.05", "SHAPE_Leng": 0.105768326484607, "SHAPE_Area": 0.00047259701783100002 }, "geometry": { "type": "MultiPolygon", "coordinates": [ [ [ [ 112.231244626000034, -8.133491757999934, 0.0 ], [ 112.232387095000036, -8.133584715999973, 0.0 ], [ 112.232641329000103, -8.133581031999938, 0.0 ], [ 112.233431575000054, -8.133569582999939, 0.0 ], [ 112.234092122000106, -8.133639359999961, 0.0 ], [ 112.235016871000084, -8.133732261999967, 0.0 ], [ 112.236469480000096, -8.133691951999936, 0.0 ], [ 112.237561323000023, -8.133461316999956, 0.0 ], [ 112.238808616000028, -8.13302682099993, 0.0 ], [ 112.239971791000016, -8.132568649999939, 0.0 ], [ 112.240823583000065, -8.132362665999949, 0.0 ], [ 112.241815403000032, -8.132273497999961, 0.0 ], [ 112.242132343000094, -8.132267744999979, 0.0 ], [ 112.242262124000035, -8.132305630999952, 0.0 ], [ 112.242368234000082, -8.132391389999952, 0.0 ], [ 112.242370792000088, -8.132393456999978, 0.0 ], [ 112.242416478000109, -8.132525291999968, 0.0 ], [ 112.242412058000014, -8.132649728999979, 0.0 ], [ 112.242282983000109, -8.133485965999967, 0.0 ], [ 112.242247261000102, -8.133717398999977, 0.0 ], [ 112.242121611000016, -8.134394172999976, 0.0 ], [ 112.242120537, -8.134399954999935, 0.0 ], [ 112.242021256000044, -8.134733726999968, 0.0 ], [ 112.24189, -8.135175000999936, 0.0 ], [ 112.241832381000108, -8.135449221999977, 0.0 ], [ 112.24182078900003, -8.135583849999932, 0.0 ], [ 112.241842968000014, -8.135697659999948, 0.0 ], [ 112.24187263400006, -8.135849884999971, 0.0 ], [ 112.24190933400007, -8.13607110199996, 0.0 ], [ 112.241900836000013, -8.136235628999941, 0.0 ], [ 112.241823323000062, -8.13640634799998, 0.0 ], [ 112.241732012000057, -8.136521218999974, 0.0 ], [ 112.241658875000098, -8.136613226999941, 0.0 ], [ 112.241626071000042, -8.136682117999953, 0.0 ], [ 112.241602400000033, -8.136792854999953, 0.0 ], [ 112.241601518000039, -8.136938695999959, 0.0 ], [ 112.241600410000046, -8.137121863999937, 0.0 ], [ 112.241573783000035, -8.137247563999949, 0.0 ], [ 112.241526209000085, -8.137394265999944, 0.0 ], [ 112.241502622000098, -8.137531921999937, 0.0 ], [ 112.241506156000014, -8.137705384999947, 0.0 ], [ 112.241572881000025, -8.137929499999927, 0.0 ], [ 112.241657597000085, -8.138147580999942, 0.0 ], [ 112.241700123000101, -8.138311951999981, 0.0 ], [ 112.24170067700004, -8.138491405999957, 0.0 ], [ 112.241677115000016, -8.138638033999939, 0.0 ], [ 112.241561270000034, -8.139388396999948, 0.0 ], [ 112.241494640000042, -8.139584803999981, 0.0 ], [ 112.241418228000043, -8.139723817999936, 0.0 ], [ 112.241217367000104, -8.139997204999929, 0.0 ], [ 112.241112440000052, -8.140120477999972, 0.0 ], [ 112.240743633000079, -8.140553770999929, 0.0 ], [ 112.24056192, -8.140807955999946, 0.0 ], [ 112.240404074000026, -8.141014215999974, 0.0 ], [ 112.239939531, -8.141436757999941, 0.0 ], [ 112.23954251400005, -8.141954805999944, 0.0 ], [ 112.239403700000025, -8.142103579999969, 0.0 ], [ 112.239279012000111, -8.142161386999931, 0.0 ], [ 112.239255015000026, -8.142166244999942, 0.0 ], [ 112.239062946000104, -8.142176402999951, 0.0 ], [ 112.239034161000063, -8.142186061999951, 0.0 ], [ 112.238770113000101, -8.142215580999959, 0.0 ], [ 112.2385686, -8.142278405999946, 0.0 ], [ 112.238420002000112, -8.142369784999971, 0.0 ], [ 112.238175694, -8.142571520999979, 0.0 ], [ 112.237921898000081, -8.142811570999982, 0.0 ], [ 112.237761136000017, -8.142961437999929, 0.0 ], [ 112.237648935000038, -8.143066033999958, 0.0 ], [ 112.237485783000011, -8.143109601999981, 0.0 ], [ 112.237365648000036, -8.143086039999957, 0.0 ], [ 112.237235628, -8.142971584999941, 0.0 ], [ 112.237076779000063, -8.142852430999937, 0.0 ], [ 112.236951694000027, -8.142781028999934, 0.0 ], [ 112.23680738500002, -8.142704901999934, 0.0 ], [ 112.236677278000116, -8.142561731999933, 0.0 ], [ 112.236628812000049, -8.142418314999929, 0.0 ], [ 112.236575442000117, -8.142241413999955, 0.0 ], [ 112.236512864000019, -8.142193749999933, 0.0 ], [ 112.23641821800004, -8.142170421999936, 0.0 ], [ 112.236412673000018, -8.142173704999948, 0.0 ], [ 112.236296899000081, -8.142242261999968, 0.0 ], [ 112.236234950000039, -8.14240037199994, 0.0 ], [ 112.236229062, -8.142568392999976, 0.0 ], [ 112.23622170100009, -8.14277846799996, 0.0 ], [ 112.236169697000037, -8.143046613999957, 0.0 ], [ 112.236064542, -8.143209641999931, 0.0 ], [ 112.23591108200003, -8.143281890999958, 0.0 ], [ 112.235795793000079, -8.143272671999966, 0.0 ], [ 112.235699465000039, -8.143182040999932, 0.0 ], [ 112.235261045000016, -8.142728752999972, 0.0 ], [ 112.235092767000083, -8.142667052999968, 0.0 ], [ 112.234862247000024, -8.142667752999955, 0.0 ], [ 112.234679974000073, -8.14274009199994, 0.0 ], [ 112.234225, -8.142969998999945, 0.0 ], [ 112.234066382000037, -8.143226030999926, 0.0 ], [ 112.234041, -8.143267, 0.0 ], [ 112.234040683000103, -8.143268860999967, 0.0 ], [ 112.234039366000047, -8.143276592999939, 0.0 ], [ 112.233955050000077, -8.143771566999931, 0.0 ], [ 112.233944737000115, -8.14382249199997, 0.0 ], [ 112.233410347000017, -8.143734551999955, 0.0 ], [ 112.232656076000012, -8.143645918999937, 0.0 ], [ 112.232113438000056, -8.143661922999968, 0.0 ], [ 112.231681725000044, -8.143830726999965, 0.0 ], [ 112.231432946000041, -8.144142539999962, 0.0 ], [ 112.2312616050001, -8.14465032399994, 0.0 ], [ 112.231141676000107, -8.145937800999945, 0.0 ], [ 112.231139901, -8.145956852999973, 0.0 ], [ 112.231134784, -8.145968610999944, 0.0 ], [ 112.230725039000049, -8.146910116999948, 0.0 ], [ 112.23042157000009, -8.147513038999932, 0.0 ], [ 112.230419310000116, -8.147521623999978, 0.0 ], [ 112.230297424000014, -8.147984674999975, 0.0 ], [ 112.230206, -8.148332, 0.0 ], [ 112.230188098000099, -8.148674957999958, 0.0 ], [ 112.230155796000076, -8.149293797999974, 0.0 ], [ 112.230149, -8.149424000999943, 0.0 ], [ 112.230066, -8.149869, 0.0 ], [ 112.230006000000117, -8.150061, 0.0 ], [ 112.229806740000072, -8.150317983999969, 0.0 ], [ 112.229754, -8.150386001999948, 0.0 ], [ 112.229752743000063, -8.150386518999937, 0.0 ], [ 112.229526466000038, -8.150479557999972, 0.0 ], [ 112.22897940900009, -8.150624781999966, 0.0 ], [ 112.228377453, -8.150786774999972, 0.0 ], [ 112.228371879000065, -8.150788274999968, 0.0 ], [ 112.228266136000116, -8.15079759799994, 0.0 ], [ 112.227785176000111, -8.15084, 0.0 ], [ 112.227609154000106, -8.150855517999958, 0.0 ], [ 112.227600119000044, -8.150855452999963, 0.0 ], [ 112.227598950000015, -8.15085544599998, 0.0 ], [ 112.226789913000061, -8.150850282999954, 0.0 ], [ 112.226489, -8.150731, 0.0 ], [ 112.226084465000099, -8.150479775999941, 0.0 ], [ 112.225547, -8.150146, 0.0 ], [ 112.225003, -8.14956, 0.0 ], [ 112.224703563000048, -8.149342037999929, 0.0 ], [ 112.224415004000093, -8.149210110999945, 0.0 ], [ 112.224097925000024, -8.149175175999972, 0.0 ], [ 112.223579366000081, -8.14921622199995, 0.0 ], [ 112.223046596000017, -8.149321912999937, 0.0 ], [ 112.222445715000049, -8.149535484999944, 0.0 ], [ 112.221452984000052, -8.150001475999943, 0.0 ], [ 112.220005141000115, -8.151240501999951, 0.0 ], [ 112.218454004000023, -8.152867461999961, 0.0 ], [ 112.218022897000083, -8.153242027999966, 0.0 ], [ 112.217695757000115, -8.153454769999939, 0.0 ], [ 112.217159616000117, -8.153639428999952, 0.0 ], [ 112.215907657000116, -8.154041933999963, 0.0 ], [ 112.214583550000043, -8.154467634999946, 0.0 ], [ 112.212423853000018, -8.154971797999963, 0.0 ], [ 112.211184417000027, -8.154860650999979, 0.0 ], [ 112.210232890000043, -8.15465293699998, 0.0 ], [ 112.210232856000061, -8.154652926999972, 0.0 ], [ 112.21030109000003, -8.154499643999941, 0.0 ], [ 112.210757607, -8.153474117999963, 0.0 ], [ 112.210986522000098, -8.152937452999936, 0.0 ], [ 112.210207889000117, -8.152738785999929, 0.0 ], [ 112.210416949000091, -8.15198802599997, 0.0 ], [ 112.210068489000037, -8.151899336999975, 0.0 ], [ 112.210364589000051, -8.150546535999979, 0.0 ], [ 112.210448672000098, -8.150558248999971, 0.0 ], [ 112.210708894000049, -8.149253408999925, 0.0 ], [ 112.210862568000039, -8.148451371999954, 0.0 ], [ 112.211009143000069, -8.147284458999934, 0.0 ], [ 112.211316795000016, -8.145782072999964, 0.0 ], [ 112.210619903000065, -8.145610675999933, 0.0 ], [ 112.210589365000033, -8.14543729199994, 0.0 ], [ 112.210558648000074, -8.145204087999957, 0.0 ], [ 112.21057617200006, -8.145042523999962, 0.0 ], [ 112.210545600000046, -8.14485717499997, 0.0 ], [ 112.210406843000101, -8.144630273999951, 0.0 ], [ 112.210100714000077, -8.144298960999947, 0.0 ], [ 112.210099491000051, -8.144297635999976, 0.0 ], [ 112.210246786000084, -8.143815304999976, 0.0 ], [ 112.210304214000075, -8.143627250999941, 0.0 ], [ 112.210469986000021, -8.143666993999943, 0.0 ], [ 112.210559943000021, -8.143636816999958, 0.0 ], [ 112.210643574000073, -8.143498982999972, 0.0 ], [ 112.210995173000015, -8.142636534999951, 0.0 ], [ 112.21116939, -8.14267788899997, 0.0 ], [ 112.211717688000022, -8.141348262999941, 0.0 ], [ 112.211962180000114, -8.140803176999952, 0.0 ], [ 112.212249118000045, -8.139900543999943, 0.0 ], [ 112.211633796000115, -8.139720495999939, 0.0 ], [ 112.211658133000014, -8.139678173999926, 0.0 ], [ 112.211957153000071, -8.139158170999963, 0.0 ], [ 112.211969556000099, -8.139146242999971, 0.0 ], [ 112.212091617000056, -8.139028847999953, 0.0 ], [ 112.212224616000071, -8.138938721999978, 0.0 ], [ 112.212343175000115, -8.138837871999954, 0.0 ], [ 112.212436467000089, -8.138719151999965, 0.0 ], [ 112.212536725000064, -8.138521447999949, 0.0 ], [ 112.212586752000107, -8.138388498999973, 0.0 ], [ 112.212654951000104, -8.138309333999928, 0.0 ], [ 112.212759262000077, -8.138262363999957, 0.0 ], [ 112.212859814000012, -8.138161566999941, 0.0 ], [ 112.212917098000048, -8.138046542999973, 0.0 ], [ 112.212952381000036, -8.137802374999978, 0.0 ], [ 112.212979572000108, -8.137661118999972, 0.0 ], [ 112.213030282000091, -8.13755628399997, 0.0 ], [ 112.213066022000021, -8.137463457999957, 0.0 ], [ 112.213110433000111, -8.137259938999932, 0.0 ], [ 112.213148616000012, -8.136981664999951, 0.0 ], [ 112.213182098000061, -8.136663575999933, 0.0 ], [ 112.213246845000072, -8.136383848999969, 0.0 ], [ 112.21333499900004, -8.136003, 0.0 ], [ 112.213335999000037, -8.135998617999974, 0.0 ], [ 112.213454456000022, -8.135479443999941, 0.0 ], [ 112.213498538000067, -8.135190382999951, 0.0 ], [ 112.213518825000051, -8.135058782999977, 0.0 ], [ 112.213662000000113, -8.13413, 0.0 ], [ 112.213692071000082, -8.133695247999981, 0.0 ], [ 112.213813302000062, -8.132886844999973, 0.0 ], [ 112.213937789000056, -8.132362456999942, 0.0 ], [ 112.215666630000101, -8.132350110999937, 0.0 ], [ 112.216880543000116, -8.132382369999959, 0.0 ], [ 112.217813570000089, -8.132433411999955, 0.0 ], [ 112.217803577000041, -8.132702628999937, 0.0 ], [ 112.217990870000108, -8.132702067999958, 0.0 ], [ 112.217994949000058, -8.132859977999942, 0.0 ], [ 112.219017545000042, -8.132752825999944, 0.0 ], [ 112.219773673000077, -8.13266800699995, 0.0 ], [ 112.220436261000032, -8.132619359999978, 0.0 ], [ 112.221102451000093, -8.132570697999938, 0.0 ], [ 112.221336437000105, -8.132526924999979, 0.0 ], [ 112.22148745100003, -8.132440331999931, 0.0 ], [ 112.221580859000028, -8.132361089999961, 0.0 ], [ 112.221681524000019, -8.132299771999953, 0.0 ], [ 112.2217859430001, -8.132288690999928, 0.0 ], [ 112.221886815000062, -8.132295563999946, 0.0 ], [ 112.222099331000095, -8.132298515999935, 0.0 ], [ 112.222167733000106, -8.132287541999972, 0.0 ], [ 112.222225285000036, -8.132262244999936, 0.0 ], [ 112.222311642000022, -8.132233271999951, 0.0 ], [ 112.222542134000037, -8.132225400999971, 0.0 ], [ 112.222740221000095, -8.132221215999948, 0.0 ], [ 112.223042803000112, -8.132231072999957, 0.0 ], [ 112.22405867100008, -8.132281850999959, 0.0 ], [ 112.225218324000025, -8.132333629999948, 0.0 ], [ 112.225370908000059, -8.132290099999977, 0.0 ], [ 112.22543419100009, -8.132254017999969, 0.0 ], [ 112.225510269000097, -8.132161905999965, 0.0 ], [ 112.225569169000096, -8.13210573799995, 0.0 ], [ 112.225622427000076, -8.132089785999938, 0.0 ], [ 112.225679159000038, -8.132090869999956, 0.0 ], [ 112.225736864000055, -8.132115819999967, 0.0 ], [ 112.225823394000031, -8.132144270999959, 0.0 ], [ 112.225873862000071, -8.132158477999951, 0.0 ], [ 112.226053984000032, -8.132168700999955, 0.0 ], [ 112.226040253000065, -8.132391268999982, 0.0 ], [ 112.226569846000075, -8.132432740999946, 0.0 ], [ 112.226976836000063, -8.132427922999966, 0.0 ], [ 112.227111190000073, -8.132433929999934, 0.0 ], [ 112.227578421000089, -8.132454819999964, 0.0 ], [ 112.2285149490001, -8.132473523999977, 0.0 ], [ 112.228922168000054, -8.132544075999931, 0.0 ], [ 112.228932985000029, -8.132547631999955, 0.0 ], [ 112.229520798000067, -8.132782737999946, 0.0 ], [ 112.230217045000018, -8.133143133999965, 0.0 ], [ 112.230610220000017, -8.133332166999935, 0.0 ], [ 112.231244626000034, -8.133491757999934, 0.0 ] ] ] ] } },
{ "type": "Feature", "properties": { "OBJECTID": 113935.0, "KDPPUM": "35", "NAMOBJ": "Tlogo", "REMARK": null, "KDPBPS": null, "FCODE": "BA03070040", "LUASWH": null, "UUPP": "Ajudikasi 2015", "SRS_ID": "SRGI 2013", "METADATA": "TASWIL1000020200326DATA_BATAS_DESA_KELURAHAN", "KDEBPS": null, "KDEPUM": "35.05.10.2006", "KDCBPS": null, "KDCPUM": "35.05.10", "KDBBPS": null, "WADMKD": "Tlogo", "WIADKD": null, "WADMKC": "Kanigoro", "WIADKC": null, "WADMKK": "Blitar", "WIADKK": null, "WADMPR": "Jawa Timur", "WIADPR": null, "TIPADM": 1.0, "KDPKAB": "35.05", "SHAPE_Leng": 0.092836056582325993, "SHAPE_Area": 0.00027967791767499999 }, "geometry": { "type": "MultiPolygon", "coordinates": [ [ [ [ 112.207132119000107, -8.124950460999969, 0.0 ], [ 112.206537286000071, -8.125082713999973, 0.0 ], [ 112.206536, -8.125083, 0.0 ], [ 112.206520804000093, -8.125099195999951, 0.0 ], [ 112.206465198000046, -8.125158460999955, 0.0 ], [ 112.206460000000106, -8.125164000999973, 0.0 ], [ 112.20626, -8.125516, 0.0 ], [ 112.205942, -8.126344, 0.0 ], [ 112.205820959000107, -8.126511894999965, 0.0 ], [ 112.205694000000108, -8.126688000999934, 0.0 ], [ 112.205619671000022, -8.126835901999925, 0.0 ], [ 112.205104, -8.127862001999972, 0.0 ], [ 112.205065001000094, -8.128122, 0.0 ], [ 112.205117142000063, -8.128475551999941, 0.0 ], [ 112.205146999000021, -8.128678000999969, 0.0 ], [ 112.205273318000081, -8.128881792999948, 0.0 ], [ 112.205372001000114, -8.129041, 0.0 ], [ 112.205650260000084, -8.129406441999947, 0.0 ], [ 112.205737474000102, -8.12966460399997, 0.0 ], [ 112.205759750000084, -8.129887065999981, 0.0 ], [ 112.205775181000035, -8.130273494999926, 0.0 ], [ 112.205776, -8.130294000999982, 0.0 ], [ 112.205785358000071, -8.130337504999943, 0.0 ], [ 112.20589449900001, -8.130844885999977, 0.0 ], [ 112.205907, -8.130903, 0.0 ], [ 112.205862004000096, -8.131213259999981, 0.0 ], [ 112.20586422000008, -8.131221009999933, 0.0 ], [ 112.205930107000086, -8.131451438999932, 0.0 ], [ 112.206096434000074, -8.131666294999945, 0.0 ], [ 112.206349354000054, -8.131931142999974, 0.0 ], [ 112.206479684000101, -8.132153284999958, 0.0 ], [ 112.206583, -8.132445000999951, 0.0 ], [ 112.206784999000092, -8.13282, 0.0 ], [ 112.206844592000039, -8.132999422999944, 0.0 ], [ 112.206967667000072, -8.133369978999951, 0.0 ], [ 112.206980244000079, -8.133407842999929, 0.0 ], [ 112.206981337000116, -8.133411963999947, 0.0 ], [ 112.207056329000011, -8.133694580999929, 0.0 ], [ 112.207093739000015, -8.133835566999949, 0.0 ], [ 112.207096088000071, -8.133861568999976, 0.0 ], [ 112.207106595000027, -8.133977884999979, 0.0 ], [ 112.207116, -8.134081998999932, 0.0 ], [ 112.207087855000054, -8.134171935999973, 0.0 ], [ 112.20704471900001, -8.134200777999979, 0.0 ], [ 112.206839544000104, -8.134244456999966, 0.0 ], [ 112.206708828000046, -8.134217827999976, 0.0 ], [ 112.206648529000063, -8.13420554399994, 0.0 ], [ 112.206562064000082, -8.134198621999928, 0.0 ], [ 112.206443299000057, -8.134231276999969, 0.0 ], [ 112.206356867000068, -8.134235122999939, 0.0 ], [ 112.206291959000055, -8.134210191999955, 0.0 ], [ 112.206194485000083, -8.134135108999942, 0.0 ], [ 112.20612944800007, -8.134067106999964, 0.0 ], [ 112.206046467000078, -8.134020694999947, 0.0 ], [ 112.205931154000041, -8.134003090999954, 0.0 ], [ 112.205790759000024, -8.134028631999968, 0.0 ], [ 112.205697304000068, -8.134093512999925, 0.0 ], [ 112.205675918000111, -8.134168949999946, 0.0 ], [ 112.205690605000086, -8.134262224999929, 0.0 ], [ 112.205703180000114, -8.134306819999949, 0.0 ], [ 112.205727010000032, -8.134391325999957, 0.0 ], [ 112.205720149000058, -8.134506200999965, 0.0 ], [ 112.205662767000035, -8.134588922999967, 0.0 ], [ 112.205535121000025, -8.13470211799995, 0.0 ], [ 112.205475963000026, -8.134754577999956, 0.0 ], [ 112.205382864000057, -8.134937901999933, 0.0 ], [ 112.205365316000098, -8.135092288999942, 0.0 ], [ 112.205394978000072, -8.135375744999976, 0.0 ], [ 112.205395427000099, -8.135526487999925, 0.0 ], [ 112.205384912000113, -8.135623427999974, 0.0 ], [ 112.205320326000106, -8.135706169999935, 0.0 ], [ 112.205194485000106, -8.135781915999928, 0.0 ], [ 112.205003952000084, -8.135904511999968, 0.0 ], [ 112.20491418600011, -8.135998097999959, 0.0 ], [ 112.204892886000039, -8.13610224699994, 0.0 ], [ 112.204927393000048, -8.136176976999934, 0.0 ], [ 112.204969017000053, -8.136267121999936, 0.0 ], [ 112.205052053000031, -8.136331481999946, 0.0 ], [ 112.205073718000108, -8.136349362999965, 0.0 ], [ 112.205235877000064, -8.136374005999926, 0.0 ], [ 112.205617683000014, -8.13637646199993, 0.0 ], [ 112.205808592000039, -8.136379484999964, 0.0 ], [ 112.20585549000009, -8.136404469999945, 0.0 ], [ 112.205913216000113, -8.136436600999957, 0.0 ], [ 112.205953180000051, -8.136551335999968, 0.0 ], [ 112.205953319000059, -8.136597994999931, 0.0 ], [ 112.205928461000099, -8.136716510999975, 0.0 ], [ 112.20584601500002, -8.136849554999969, 0.0 ], [ 112.205623463000052, -8.137105046999977, 0.0 ], [ 112.205282295000075, -8.13744344, 0.0 ], [ 112.205090195000025, -8.137554006999949, 0.0 ], [ 112.204818449000072, -8.137710415999948, 0.0 ], [ 112.204332756000099, -8.137898492999966, 0.0 ], [ 112.204066293000096, -8.137924407999947, 0.0 ], [ 112.203752824000048, -8.137889444999928, 0.0 ], [ 112.203406842000049, -8.137822275999952, 0.0 ], [ 112.203381553000099, -8.137797226999965, 0.0 ], [ 112.203194032000056, -8.137722409999981, 0.0 ], [ 112.202984803000049, -8.13761535499998, 0.0 ], [ 112.202779455000041, -8.137601605999976, 0.0 ], [ 112.202621090000093, -8.137641555999949, 0.0 ], [ 112.202617520000103, -8.137652334999927, 0.0 ], [ 112.202534891000028, -8.137724361999972, 0.0 ], [ 112.202517128000068, -8.13780696699996, 0.0 ], [ 112.202591213, -8.137941638999962, 0.0 ], [ 112.20267285500006, -8.138090047999981, 0.0 ], [ 112.202752694000083, -8.138290806999976, 0.0 ], [ 112.202760369000089, -8.138448707999942, 0.0 ], [ 112.202746443000024, -8.13861026099994, 0.0 ], [ 112.20271183300008, -8.138758559999928, 0.0 ], [ 112.202708229000109, -8.138763119999965, 0.0 ], [ 112.202527864000103, -8.138991360999967, 0.0 ], [ 112.202461105000111, -8.139233719999936, 0.0 ], [ 112.20242401400003, -8.139368374999947, 0.0 ], [ 112.202343252000105, -8.139892789999976, 0.0 ], [ 112.202315198000065, -8.140147703999958, 0.0 ], [ 112.202308016000075, -8.140154903999928, 0.0 ], [ 112.202290306, -8.140255453999941, 0.0 ], [ 112.202250942000092, -8.140341709999973, 0.0 ], [ 112.202243802000112, -8.140363265999952, 0.0 ], [ 112.202150624000069, -8.140521465999939, 0.0 ], [ 112.202139904000092, -8.140550210999947, 0.0 ], [ 112.202100184000074, -8.140657734999934, 0.0 ], [ 112.202064325000038, -8.140711679999981, 0.0 ], [ 112.201965487000052, -8.140783754999973, 0.0 ], [ 112.201878549000071, -8.140819902999965, 0.0 ], [ 112.201743540000052, -8.140841239999929, 0.0 ], [ 112.201629525000044, -8.140856533999965, 0.0 ], [ 112.201509400000077, -8.140835950999929, 0.0 ], [ 112.201413322, -8.140827262999949, 0.0 ], [ 112.201302335000037, -8.140851518999966, 0.0 ], [ 112.201185488000078, -8.140923647999955, 0.0 ], [ 112.20116452100001, -8.140938664999965, 0.0 ], [ 112.201083728000071, -8.141022651999947, 0.0 ], [ 112.201006250000091, -8.141211311999939, 0.0 ], [ 112.200956095000038, -8.141504575999932, 0.0 ], [ 112.2009270530001, -8.141690480999955, 0.0 ], [ 112.200858284000105, -8.141780414999971, 0.0 ], [ 112.200645500000064, -8.141891711999961, 0.0 ], [ 112.199991717000103, -8.142082075999951, 0.0 ], [ 112.199826657000017, -8.142091535999953, 0.0 ], [ 112.199706602000106, -8.142094880999935, 0.0 ], [ 112.19966472200008, -8.142102901999976, 0.0 ], [ 112.199635981000029, -8.142127392999953, 0.0 ], [ 112.199611650000065, -8.14218202, 0.0 ], [ 112.19954463900001, -8.142419105999977, 0.0 ], [ 112.19942504200003, -8.142898971999955, 0.0 ], [ 112.199143948000028, -8.142850989999943, 0.0 ], [ 112.199185864000015, -8.142411550999952, 0.0 ], [ 112.199236047000113, -8.142071243999965, 0.0 ], [ 112.199275517000046, -8.141778250999948, 0.0 ], [ 112.199358450000091, -8.141323854999939, 0.0 ], [ 112.199470150000025, -8.141337881999959, 0.0 ], [ 112.199792867000042, -8.140041235999945, 0.0 ], [ 112.199913425000091, -8.13948120699996, 0.0 ], [ 112.199174634000087, -8.139347000999976, 0.0 ], [ 112.199213613000097, -8.139131533999944, 0.0 ], [ 112.198860374000105, -8.13904643799998, 0.0 ], [ 112.199020869000037, -8.138450249999948, 0.0 ], [ 112.199063441000021, -8.138292110999942, 0.0 ], [ 112.197967713000025, -8.138040512999964, 0.0 ], [ 112.198269938000067, -8.136715212999945, 0.0 ], [ 112.198668166000061, -8.134970893999935, 0.0 ], [ 112.197894445000088, -8.134796109999968, 0.0 ], [ 112.198036159000026, -8.134001287999979, 0.0 ], [ 112.197233654000115, -8.133836157999951, 0.0 ], [ 112.197402651000061, -8.132524412999942, 0.0 ], [ 112.197599865000029, -8.131011589999957, 0.0 ], [ 112.19663429700006, -8.130918722999979, 0.0 ], [ 112.195971351000026, -8.130848889999982, 0.0 ], [ 112.195990051000081, -8.130676553999933, 0.0 ], [ 112.194394404000036, -8.130260114999942, 0.0 ], [ 112.194274174000043, -8.130203040999959, 0.0 ], [ 112.194177885000045, -8.130121968999958, 0.0 ], [ 112.194067062000045, -8.129997869999954, 0.0 ], [ 112.193803354000011, -8.130142211999953, 0.0 ], [ 112.193630637000069, -8.130200146999925, 0.0 ], [ 112.193443414000058, -8.130224623999936, 0.0 ], [ 112.193006281000066, -8.130187621999937, 0.0 ], [ 112.193028950000098, -8.129732924999928, 0.0 ], [ 112.1930424520001, -8.12942660799996, 0.0 ], [ 112.193024909000087, -8.129330348999929, 0.0 ], [ 112.193019781000089, -8.129220296999961, 0.0 ], [ 112.193029259000014, -8.129177198999969, 0.0 ], [ 112.193057953000107, -8.129136436999943, 0.0 ], [ 112.193112339000095, -8.128851534999967, 0.0 ], [ 112.193145594000043, -8.128729404999945, 0.0 ], [ 112.193167114000062, -8.128698235999934, 0.0 ], [ 112.193200701000023, -8.128688564999948, 0.0 ], [ 112.19338, -8.128724529999943, 0.0 ], [ 112.193428015000109, -8.128721397999925, 0.0 ], [ 112.193457932000115, -8.128688408999949, 0.0 ], [ 112.193502583000054, -8.128562656999975, 0.0 ], [ 112.19369253900004, -8.127838279999935, 0.0 ], [ 112.193735525000079, -8.12763671099998, 0.0 ], [ 112.193735457000116, -8.127613739999958, 0.0 ], [ 112.193716185000085, -8.127592739999955, 0.0 ], [ 112.193696902000056, -8.12756791299995, 0.0 ], [ 112.193683325000052, -8.127523923999945, 0.0 ], [ 112.193717444000072, -8.127368770999965, 0.0 ], [ 112.193761127000016, -8.1272001899999, 0.0 ], [ 112.193812416000014, -8.127004787999965, 0.0 ], [ 112.193808461000117, -8.126966514999935, 0.0 ], [ 112.19376029600005, -8.126918799999942, 0.0 ], [ 112.193727583000054, -8.126899753999965, 0.0 ], [ 112.193612146000078, -8.126838837999969, 0.0 ], [ 112.193283334000057, -8.126728777999972, 0.0 ], [ 112.192558437000116, -8.126493538999966, 0.0 ], [ 112.191645072000028, -8.126199509999935, 0.0 ], [ 112.191195995000044, -8.126090059999967, 0.0 ], [ 112.191193386, -8.126089423999929, 0.0 ], [ 112.191193337000072, -8.126089411999942, 0.0 ], [ 112.191198782000015, -8.1260587, 0.0 ], [ 112.191265359000113, -8.125683179999953, 0.0 ], [ 112.191294607000032, -8.125422878999927, 0.0 ], [ 112.191338098000074, -8.125006087999964, 0.0 ], [ 112.191352987000073, -8.124863391999952, 0.0 ], [ 112.191361930000085, -8.124842427999965, 0.0 ], [ 112.191394469000102, -8.12468082, 0.0 ], [ 112.191448011000034, -8.124516159999928, 0.0 ], [ 112.191525616000035, -8.124369371999933, 0.0 ], [ 112.191663092000113, -8.124168573999953, 0.0 ], [ 112.191845458000103, -8.123922777999951, 0.0 ], [ 112.191878315000054, -8.123868843999958, 0.0 ], [ 112.191893189000098, -8.123823935999951, 0.0 ], [ 112.191922702000056, -8.123653363999949, 0.0 ], [ 112.192010680000067, -8.12295321299996, 0.0 ], [ 112.192143822000048, -8.122300787999961, 0.0 ], [ 112.192301231000101, -8.121735029999968, 0.0 ], [ 112.192576887000087, -8.120555770999943, 0.0 ], [ 112.192692375000092, -8.120245691999969, 0.0 ], [ 112.192693813, -8.12024183099993, 0.0 ], [ 112.192696187000024, -8.120228347999955, 0.0 ], [ 112.192757344000029, -8.119881000999953, 0.0 ], [ 112.192779532000031, -8.119754980999971, 0.0 ], [ 112.193035594000094, -8.118312027999934, 0.0 ], [ 112.193097, -8.117966, 0.0 ], [ 112.193109540000023, -8.117750585999943, 0.0 ], [ 112.19317, -8.116712, 0.0 ], [ 112.193374, -8.115778, 0.0 ], [ 112.193421089000026, -8.115442811999969, 0.0 ], [ 112.193426343000056, -8.115405410999927, 0.0 ], [ 112.193426745000011, -8.115405480999925, 0.0 ], [ 112.193763516000104, -8.115464018999944, 0.0 ], [ 112.193794419000028, -8.115358645999947, 0.0 ], [ 112.193801581000116, -8.115344268999934, 0.0 ], [ 112.193820684000116, -8.115308320999929, 0.0 ], [ 112.193875861000038, -8.115291408999951, 0.0 ], [ 112.194005520000019, -8.115291028999934, 0.0 ], [ 112.194055972000115, -8.115300452999975, 0.0 ], [ 112.19412481300003, -8.115032257999928, 0.0 ], [ 112.194105434000107, -8.114974887999949, 0.0 ], [ 112.194107631000065, -8.114905489999956, 0.0 ], [ 112.194143154000017, -8.114737890999947, 0.0 ], [ 112.194201534000058, -8.114312050999956, 0.0 ], [ 112.194201984000074, -8.114308771999958, 0.0 ], [ 112.19449488500004, -8.114339988999973, 0.0 ], [ 112.194616941000049, -8.114352997999958, 0.0 ], [ 112.194768435000015, -8.114368978999948, 0.0 ], [ 112.195201821000069, -8.114414695999926, 0.0 ], [ 112.195489, -8.114444, 0.0 ], [ 112.195820615000116, -8.114521483999965, 0.0 ], [ 112.196208, -8.114612, 0.0 ], [ 112.196650571000077, -8.114648708999937, 0.0 ], [ 112.196891574, -8.114668697999946, 0.0 ], [ 112.19796822, -8.114760155999932, 0.0 ], [ 112.199271115000101, -8.114855621999936, 0.0 ], [ 112.199544863000028, -8.114861992999977, 0.0 ], [ 112.199847370000043, -8.114850335999961, 0.0 ], [ 112.200045334000038, -8.114806681999937, 0.0 ], [ 112.200315224000065, -8.114726925999946, 0.0 ], [ 112.200613768000039, -8.114593243999934, 0.0 ], [ 112.200933920000011, -8.114459501999931, 0.0 ], [ 112.201214605000018, -8.114376122999943, 0.0 ], [ 112.201502566000045, -8.114317846999938, 0.0 ], [ 112.201747435000016, -8.11430276699997, 0.0 ], [ 112.201905760000045, -8.114252051999927, 0.0 ], [ 112.20202804500002, -8.114194263999934, 0.0 ], [ 112.202193444000045, -8.11410045599996, 0.0 ], [ 112.202337391000015, -8.114060550999966, 0.0 ], [ 112.202546203000111, -8.114031221999937, 0.0 ], [ 112.202818805000106, -8.114060291999976, 0.0 ], [ 112.203190971000026, -8.114111092999963, 0.0 ], [ 112.203357077000078, -8.114086067999949, 0.0 ], [ 112.203391769000064, -8.114080841999964, 0.0 ], [ 112.203588522000018, -8.113957487999926, 0.0 ], [ 112.203688826000075, -8.113894601999959, 0.0 ], [ 112.203773246000083, -8.113854862999972, 0.0 ], [ 112.203926582, -8.113782683999943, 0.0 ], [ 112.204060394000066, -8.113745214999938, 0.0 ], [ 112.204199443000107, -8.113777771999935, 0.0 ], [ 112.204216750000114, -8.113781824999933, 0.0 ], [ 112.204348259000085, -8.113857351999968, 0.0 ], [ 112.204426, -8.113902, 0.0 ], [ 112.204572754000083, -8.113958398999955, 0.0 ], [ 112.205275465000113, -8.114228457999957, 0.0 ], [ 112.205308453000043, -8.114241765999964, 0.0 ], [ 112.205521938000061, -8.11432789, 0.0 ], [ 112.206351, -8.114721, 0.0 ], [ 112.206466768000041, -8.114805775999969, 0.0 ], [ 112.206319311000016, -8.115258492999942, 0.0 ], [ 112.206238641000027, -8.115651696999976, 0.0 ], [ 112.206180646, -8.116163464999943, 0.0 ], [ 112.206196853000051, -8.116608284999927, 0.0 ], [ 112.206279758000051, -8.116963932999965, 0.0 ], [ 112.206459209000059, -8.117259978999925, 0.0 ], [ 112.206631286000061, -8.117578289999926, 0.0 ], [ 112.206676748000064, -8.117852490999951, 0.0 ], [ 112.206603119000079, -8.118112212999961, 0.0 ], [ 112.206425969000065, -8.118587261999949, 0.0 ], [ 112.206167195000035, -8.119136698999966, 0.0 ], [ 112.205997816000036, -8.119722941999953, 0.0 ], [ 112.205976137000107, -8.119938024999954, 0.0 ], [ 112.206006385000023, -8.120101052999928, 0.0 ], [ 112.206021885000041, -8.120308611999974, 0.0 ], [ 112.205970466000053, -8.120531197999981, 0.0 ], [ 112.205867607000073, -8.120968954999967, 0.0 ], [ 112.205764128000055, -8.121199107999928, 0.0 ], [ 112.205563637000068, -8.121333162999974, 0.0 ], [ 112.205333207000081, -8.121407989999966, 0.0 ], [ 112.2051175470001, -8.121445700999971, 0.0 ], [ 112.204872436000073, -8.121587301999966, 0.0 ], [ 112.204724203000069, -8.121780515999944, 0.0 ], [ 112.204487659000051, -8.122300227999972, 0.0 ], [ 112.204347794000114, -8.122804823999957, 0.0 ], [ 112.204172143000051, -8.123784051999962, 0.0 ], [ 112.204120524000018, -8.123939907999954, 0.0 ], [ 112.204574742000091, -8.124057193999931, 0.0 ], [ 112.205520272000058, -8.124254582999981, 0.0 ], [ 112.205996877000075, -8.124394044999974, 0.0 ], [ 112.206577959000015, -8.124636998999961, 0.0 ], [ 112.206913376000102, -8.124836193999954, 0.0 ], [ 112.207042604000094, -8.124931523999976, 0.0 ], [ 112.207045140000105, -8.124933394999971, 0.0 ], [ 112.207132119000107, -8.124950460999969, 0.0 ] ] ] ] } },
{ "type": "Feature", "properties": { "OBJECTID": 113853.0, "KDPPUM": "35", "NAMOBJ": "Minggirsari", "REMARK": null, "KDPBPS": null, "FCODE": "BA03070040", "LUASWH": null, "UUPP": "Ajudikasi 2015", "SRS_ID": "SRGI 2013", "METADATA": "TASWIL1000020200326DATA_BATAS_DESA_KELURAHAN", "KDEBPS": null, "KDEPUM": "35.05.10.2001", "KDCBPS": null, "KDCPUM": "35.05.10", "KDBBPS": null, "WADMKD": "Minggirsari", "WIADKD": null, "WADMKC": "Kanigoro", "WIADKC": null, "WADMKK": "Blitar", "WIADKK": null, "WADMPR": "Jawa Timur", "WIADPR": null, "TIPADM": 1.0, "KDPKAB": "35.05", "SHAPE_Leng": 0.04536736354149, "SHAPE_Area": 0.00011937689117099999 }, "geometry": { "type": "MultiPolygon", "coordinates": [ [ [ [ 112.164795040000058, -8.143790618999958, 0.0 ], [ 112.16336, -8.14384999899994, 0.0 ], [ 112.1616, -8.14392, 0.0 ], [ 112.16047, -8.14367, 0.0 ], [ 112.16005270200003, -8.143618752999942, 0.0 ], [ 112.159900000000107, -8.1436, 0.0 ], [ 112.15953, -8.14355, 0.0 ], [ 112.15827, -8.14368, 0.0 ], [ 112.157983323000053, -8.14368157499996, 0.0 ], [ 112.158034172000043, -8.143063941999969, 0.0 ], [ 112.158286197000052, -8.14207460199998, 0.0 ], [ 112.158605243000011, -8.140874837999945, 0.0 ], [ 112.158690903000092, -8.140446534999967, 0.0 ], [ 112.158805118000032, -8.140141963999952, 0.0 ], [ 112.159242938000034, -8.139371018999952, 0.0 ], [ 112.159300045, -8.139133072999925, 0.0 ], [ 112.159404742000106, -8.138885608999942, 0.0 ], [ 112.15963317, -8.138657179999939, 0.0 ], [ 112.159804491000045, -8.13849537699997, 0.0 ], [ 112.159928223000065, -8.138276466999969, 0.0 ], [ 112.159928223000065, -8.138009966999959, 0.0 ], [ 112.159880634000046, -8.137762502999976, 0.0 ], [ 112.159775938000053, -8.137410342999942, 0.0 ], [ 112.159699795000051, -8.137200949999965, 0.0 ], [ 112.159595099000057, -8.136867825999957, 0.0 ], [ 112.159595099000057, -8.136696503999929, 0.0 ], [ 112.15967373400008, -8.136617868999963, 0.0 ], [ 112.15971371, -8.136627105999935, 0.0 ], [ 112.159726272000057, -8.136565330999929, 0.0 ], [ 112.159728348000044, -8.136563254999942, 0.0 ], [ 112.159956777000048, -8.136344343999951, 0.0 ], [ 112.160032919000059, -8.136230129999944, 0.0 ], [ 112.160118580000017, -8.136039772999936, 0.0 ], [ 112.160163823000062, -8.135723453999958, 0.0 ], [ 112.160064745000113, -8.135701233999953, 0.0 ], [ 112.160133325000061, -8.135471243999973, 0.0 ], [ 112.160194355000044, -8.135173687999952, 0.0 ], [ 112.160194355000044, -8.135084053999947, 0.0 ], [ 112.160221670000055, -8.135083067999972, 0.0 ], [ 112.160591071000113, -8.13506973899996, 0.0 ], [ 112.16081234, -8.135030640999958, 0.0 ], [ 112.16094204, -8.13504589799993, 0.0 ], [ 112.161125128000094, -8.134874245999981, 0.0 ], [ 112.161422684000058, -8.1346863699999, 0.0 ], [ 112.161598156000082, -8.134623429999976, 0.0 ], [ 112.161842299000114, -8.134622486999945, 0.0 ], [ 112.162239039000042, -8.134653001999936, 0.0 ], [ 112.162719684000081, -8.134776003999946, 0.0 ], [ 112.162940928000012, -8.134853281999938, 0.0 ], [ 112.163169813000081, -8.134903793999968, 0.0 ], [ 112.163342053000065, -8.134216787999947, 0.0 ], [ 112.163533707000056, -8.133452346999945, 0.0 ], [ 112.163589428000023, -8.133230097999956, 0.0 ], [ 112.163902241000073, -8.133236771999975, 0.0 ], [ 112.163939477000099, -8.133241559999931, 0.0 ], [ 112.164703339000084, -8.133339776999946, 0.0 ], [ 112.16600031400003, -8.133507632999965, 0.0 ], [ 112.16642757000011, -8.133552461999955, 0.0 ], [ 112.166870059000075, -8.133632568999928, 0.0 ], [ 112.166969972000061, -8.133649503999948, 0.0 ], [ 112.166976909000027, -8.13365068, 0.0 ], [ 112.16695401100003, -8.133233917999974, 0.0 ], [ 112.16695401100003, -8.132957350999959, 0.0 ], [ 112.166992142000026, -8.132139108999979, 0.0 ], [ 112.166993843000114, -8.132095723999953, 0.0 ], [ 112.167100970000092, -8.132106768999961, 0.0 ], [ 112.167087225000046, -8.132336517999931, 0.0 ], [ 112.167620799000019, -8.132507267999927, 0.0 ], [ 112.168078630000082, -8.132642342999929, 0.0 ], [ 112.168424514000094, -8.132677240999953, 0.0 ], [ 112.168619056000011, -8.132691037999962, 0.0 ], [ 112.16866578500003, -8.132658600999946, 0.0 ], [ 112.168788238000047, -8.132654658999968, 0.0 ], [ 112.168957557000113, -8.132664938999937, 0.0 ], [ 112.168982333000031, -8.132514122999964, 0.0 ], [ 112.169003861000078, -8.132485345999953, 0.0 ], [ 112.169014646000051, -8.132478136999964, 0.0 ], [ 112.16904705200011, -8.132474454999965, 0.0 ], [ 112.169119739000053, -8.132477355999981, 0.0 ], [ 112.169164346000116, -8.132375532999959, 0.0 ], [ 112.169928613000025, -8.132494648999966, 0.0 ], [ 112.170057879000069, -8.132563069999946, 0.0 ], [ 112.17044236400011, -8.132660665999936, 0.0 ], [ 112.170778780000092, -8.132743445999949, 0.0 ], [ 112.171277384000064, -8.132861648999949, 0.0 ], [ 112.171475660000056, -8.132920897999952, 0.0 ], [ 112.171520804000011, -8.132962641999939, 0.0 ], [ 112.171539066000037, -8.133049328999959, 0.0 ], [ 112.171563174000084, -8.133082159999958, 0.0 ], [ 112.172073819000047, -8.133212291999939, 0.0 ], [ 112.172088871000028, -8.133227203999979, 0.0 ], [ 112.172121931000106, -8.133242062999955, 0.0 ], [ 112.172434414, -8.133351828999935, 0.0 ], [ 112.17255763300011, -8.133405311999979, 0.0 ], [ 112.172626834000084, -8.13346194199994, 0.0 ], [ 112.172723110000106, -8.133539429999928, 0.0 ], [ 112.172777234000023, -8.133572174999927, 0.0 ], [ 112.173011607000035, -8.133658237999953, 0.0 ], [ 112.173333026000023, -8.133744047999926, 0.0 ], [ 112.173907874000065, -8.13390426199993, 0.0 ], [ 112.174282844000118, -8.134032389999959, 0.0 ], [ 112.17468177100011, -8.134141305999947, 0.0 ], [ 112.175227306000011, -8.134295260999977, 0.0 ], [ 112.175213484000096, -8.134496295999952, 0.0 ], [ 112.175250485000106, -8.13483357399997, 0.0 ], [ 112.175264957000081, -8.134855066999933, 0.0 ], [ 112.175373953000076, -8.135177781999971, 0.0 ], [ 112.175533419000089, -8.135514705999981, 0.0 ], [ 112.175822678000031, -8.135894324999981, 0.0 ], [ 112.17613321400006, -8.136159026999962, 0.0 ], [ 112.176450808000027, -8.136373458999969, 0.0 ], [ 112.176660261000052, -8.136559492999936, 0.0 ], [ 112.176754372, -8.136717143999931, 0.0 ], [ 112.176783646000104, -8.136874983999974, 0.0 ], [ 112.176669182000069, -8.137148095999976, 0.0 ], [ 112.176518447000035, -8.137335170999961, 0.0 ], [ 112.176317181000059, -8.137486500999955, 0.0 ], [ 112.17595008100011, -8.137588062999953, 0.0 ], [ 112.1756693210001, -8.137653479999926, 0.0 ], [ 112.175467783000045, -8.137711489999958, 0.0 ], [ 112.175388792000035, -8.137797859999978, 0.0 ], [ 112.175374740000052, -8.137919933999967, 0.0 ], [ 112.175425501000063, -8.13803464199998, 0.0 ], [ 112.175454526000067, -8.138106341999958, 0.0 ], [ 112.175512721000018, -8.13829999099994, 0.0 ], [ 112.175542206000046, -8.138529614999925, 0.0 ], [ 112.175535651000018, -8.138752163999925, 0.0 ], [ 112.175449875000027, -8.138982121999959, 0.0 ], [ 112.175306511000031, -8.13922660299994, 0.0 ], [ 112.175170538000089, -8.13953566899994, 0.0 ], [ 112.175113806000013, -8.139844503999939, 0.0 ], [ 112.17511395300005, -8.139894752999965, 0.0 ], [ 112.175086162000071, -8.140246575999981, 0.0 ], [ 112.175044123000021, -8.141115045999982, 0.0 ], [ 112.175016129000028, -8.141397477999931, 0.0 ], [ 112.174950372000012, -8.141904942999929, 0.0 ], [ 112.174950428000102, -8.141924084999971, 0.0 ], [ 112.17492758800006, -8.142326142999934, 0.0 ], [ 112.174848007000037, -8.143034641999975, 0.0 ], [ 112.174234231000014, -8.142972770999961, 0.0 ], [ 112.173574257000041, -8.143106283999941, 0.0 ], [ 112.172512040000015, -8.143442700999969, 0.0 ], [ 112.172233084000027, -8.143531049999979, 0.0 ], [ 112.172088, -8.143576998999947, 0.0 ], [ 112.170831920000069, -8.143952651999939, 0.0 ], [ 112.170827636000013, -8.143953931999931, 0.0 ], [ 112.170724791000112, -8.143973751999965, 0.0 ], [ 112.169831, -8.144146000999967, 0.0 ], [ 112.169451148, -8.144157925999934, 0.0 ], [ 112.16857988400011, -8.144185275999973, 0.0 ], [ 112.167399474000035, -8.144104466999977, 0.0 ], [ 112.166901997000082, -8.144070409999927, 0.0 ], [ 112.166896001000055, -8.14407, 0.0 ], [ 112.165772311000069, -8.143918395999947, 0.0 ], [ 112.164795040000058, -8.143790618999958, 0.0 ] ] ] ] } },
{ "type": "Feature", "properties": { "OBJECTID": 113887.0, "KDPPUM": "35", "NAMOBJ": "Sawentar", "REMARK": null, "KDPBPS": null, "FCODE": "BA03070040", "LUASWH": null, "UUPP": "Ajudikasi 2015", "SRS_ID": "SRGI 2013", "METADATA": "TASWIL1000020200326DATA_BATAS_DESA_KELURAHAN", "KDEBPS": null, "KDEPUM": "35.05.10.2011", "KDCBPS": null, "KDCPUM": "35.05.10", "KDBBPS": null, "WADMKD": "Sawentar", "WIADKD": null, "WADMKC": "Kanigoro", "WIADKC": null, "WADMKK": "Blitar", "WIADKK": null, "WADMPR": "Jawa Timur", "WIADPR": null, "TIPADM": 1.0, "KDPKAB": "35.05", "SHAPE_Leng": 0.13592683237821901, "SHAPE_Area": 0.00074865668845200005 }, "geometry": { "type": "MultiPolygon", "coordinates": [ [ [ [ 112.241008, -8.095744, 0.0 ], [ 112.243721836000077, -8.095486655999935, 0.0 ], [ 112.243971679000083, -8.09549855299997, 0.0 ], [ 112.244117858000095, -8.095441189999974, 0.0 ], [ 112.244157858000108, -8.095511188999978, 0.0 ], [ 112.244387858000096, -8.095881188999954, 0.0 ], [ 112.244357858000058, -8.095941189999962, 0.0 ], [ 112.24432785800002, -8.0959911899999, 0.0 ], [ 112.244137858000045, -8.096161189999975, 0.0 ], [ 112.243787858000019, -8.096501189999969, 0.0 ], [ 112.243767858000069, -8.096611189999976, 0.0 ], [ 112.243767858000069, -8.096678061999967, 0.0 ], [ 112.24377, -8.09667762, 0.0 ], [ 112.243773, -8.096677, 0.0 ], [ 112.243824579000034, -8.097098438999978, 0.0 ], [ 112.243855, -8.097347, 0.0 ], [ 112.243858294, -8.097356917999946, 0.0 ], [ 112.243894086000068, -8.097464682999941, 0.0 ], [ 112.243924714000059, -8.097556899999972, 0.0 ], [ 112.243947, -8.097624, 0.0 ], [ 112.244418874000075, -8.098285017999956, 0.0 ], [ 112.244426, -8.098295, 0.0 ], [ 112.244425668000076, -8.098297247999938, 0.0 ], [ 112.244413026000075, -8.098382767999965, 0.0 ], [ 112.244409, -8.098409998999955, 0.0 ], [ 112.244305162000046, -8.098755522999966, 0.0 ], [ 112.24421579400007, -8.099052897999968, 0.0 ], [ 112.244141345000116, -8.09930062899997, 0.0 ], [ 112.244122, -8.099364998999931, 0.0 ], [ 112.244051, -8.099837, 0.0 ], [ 112.244056601000011, -8.09988180299996, 0.0 ], [ 112.244065454000065, -8.099952629999962, 0.0 ], [ 112.244075, -8.10002899899996, 0.0 ], [ 112.244111768000039, -8.100092226999948, 0.0 ], [ 112.244174539000028, -8.100200169999937, 0.0 ], [ 112.244182, -8.100213, 0.0 ], [ 112.244190257000014, -8.10022870399996, 0.0 ], [ 112.244255320000093, -8.100352441999974, 0.0 ], [ 112.244345, -8.100523, 0.0 ], [ 112.244445284000108, -8.100908282999967, 0.0 ], [ 112.244596852000086, -8.101490596999952, 0.0 ], [ 112.244617, -8.10156799899994, 0.0 ], [ 112.244613021000077, -8.101701805999937, 0.0 ], [ 112.244604472000105, -8.101989247999938, 0.0 ], [ 112.244601000000102, -8.102105998999946, 0.0 ], [ 112.244574882000052, -8.102263221999976, 0.0 ], [ 112.244499, -8.10271999899993, 0.0 ], [ 112.244434630000114, -8.102916108999977, 0.0 ], [ 112.244263001000036, -8.103439, 0.0 ], [ 112.244060026000056, -8.104190203999963, 0.0 ], [ 112.244059000000107, -8.104194, 0.0 ], [ 112.244063938000068, -8.104221507999966, 0.0 ], [ 112.244250936000071, -8.105263082999954, 0.0 ], [ 112.244259001000046, -8.105308, 0.0 ], [ 112.24426, -8.105614, 0.0 ], [ 112.244251456000029, -8.105686927999955, 0.0 ], [ 112.244210821000024, -8.106033778999972, 0.0 ], [ 112.244190742000114, -8.106139656999972, 0.0 ], [ 112.24402, -8.107039998999937, 0.0 ], [ 112.243960851000111, -8.107425040999942, 0.0 ], [ 112.243865, -8.108049, 0.0 ], [ 112.243885978000094, -8.108241452999948, 0.0 ], [ 112.243888, -8.108259998999927, 0.0 ], [ 112.243905373000075, -8.108301222999955, 0.0 ], [ 112.243946999000059, -8.10840000099995, 0.0 ], [ 112.243952562000118, -8.108409084999948, 0.0 ], [ 112.244127843000115, -8.108695358999967, 0.0 ], [ 112.244265999000049, -8.108920998999963, 0.0 ], [ 112.244404236000037, -8.109014500999933, 0.0 ], [ 112.244586842000103, -8.109138012999949, 0.0 ], [ 112.244952, -8.109385, 0.0 ], [ 112.245072, -8.109575, 0.0 ], [ 112.24519900100006, -8.109947, 0.0 ], [ 112.245199, -8.109947152999951, 0.0 ], [ 112.245198884000047, -8.109967602999973, 0.0 ], [ 112.245194759000015, -8.110694131999935, 0.0 ], [ 112.245194044000073, -8.110820034999961, 0.0 ], [ 112.245193, -8.111004, 0.0 ], [ 112.245258328000091, -8.111145766999925, 0.0 ], [ 112.24534, -8.111323, 0.0 ], [ 112.245348001000025, -8.111352002999979, 0.0 ], [ 112.245404, -8.111554998999964, 0.0 ], [ 112.245390986000075, -8.11164262799997, 0.0 ], [ 112.245383405000098, -8.11169367499997, 0.0 ], [ 112.24531451200005, -8.112157570999955, 0.0 ], [ 112.245205, -8.11237099899995, 0.0 ], [ 112.245147, -8.112537, 0.0 ], [ 112.24509829100009, -8.112926287999926, 0.0 ], [ 112.245028962000106, -8.113480374999938, 0.0 ], [ 112.245021001000055, -8.113543998999944, 0.0 ], [ 112.245020746000023, -8.113544204999926, 0.0 ], [ 112.24501852700007, -8.113545994999981, 0.0 ], [ 112.244978594000031, -8.113578183999948, 0.0 ], [ 112.24497621, -8.113580104999926, 0.0 ], [ 112.244780751, -8.113737663999927, 0.0 ], [ 112.244674687000042, -8.113837591999982, 0.0 ], [ 112.2446213610001, -8.113887833999968, 0.0 ], [ 112.244618, -8.113891, 0.0 ], [ 112.244617919, -8.113891130999946, 0.0 ], [ 112.244617868000091, -8.113891200999944, 0.0 ], [ 112.244462999, -8.114144, 0.0 ], [ 112.244462101000067, -8.114146585999947, 0.0 ], [ 112.244364, -8.114429, 0.0 ], [ 112.244301495000059, -8.114566510999964, 0.0 ], [ 112.244299, -8.114572, 0.0 ], [ 112.244267, -8.114729, 0.0 ], [ 112.244256, -8.115184, 0.0 ], [ 112.244315, -8.115803, 0.0 ], [ 112.244257, -8.117305998999939, 0.0 ], [ 112.244186999000021, -8.117663000999926, 0.0 ], [ 112.244167454000035, -8.11773468399997, 0.0 ], [ 112.243781274000071, -8.119150993999938, 0.0 ], [ 112.243781, -8.119152, 0.0 ], [ 112.244332984000039, -8.119581385999936, 0.0 ], [ 112.245689999000092, -8.120637, 0.0 ], [ 112.24568845500005, -8.120638794999934, 0.0 ], [ 112.245402328000068, -8.12097138799993, 0.0 ], [ 112.245339, -8.121045, 0.0 ], [ 112.245196742000076, -8.121340329999953, 0.0 ], [ 112.245168, -8.1214, 0.0 ], [ 112.2451, -8.121614, 0.0 ], [ 112.245091864000074, -8.121721701999945, 0.0 ], [ 112.245062, -8.122117, 0.0 ], [ 112.245121999000048, -8.122372, 0.0 ], [ 112.245129114000065, -8.122384176999958, 0.0 ], [ 112.245322654, -8.122715427999935, 0.0 ], [ 112.245382, -8.122817, 0.0 ], [ 112.245401282000103, -8.122947688999943, 0.0 ], [ 112.245418, -8.123060998999961, 0.0 ], [ 112.245462002000068, -8.123193005999951, 0.0 ], [ 112.245481, -8.12325, 0.0 ], [ 112.245781, -8.123771, 0.0 ], [ 112.245956357000068, -8.124265704999971, 0.0 ], [ 112.246128709000118, -8.124751936999928, 0.0 ], [ 112.246131797000089, -8.124758833999977, 0.0 ], [ 112.246383, -8.125319998999942, 0.0 ], [ 112.246396095000023, -8.125382770999977, 0.0 ], [ 112.246688, -8.126782, 0.0 ], [ 112.246748, -8.127528, 0.0 ], [ 112.246536000000106, -8.128427000999977, 0.0 ], [ 112.246427680000011, -8.128542805999928, 0.0 ], [ 112.245924, -8.129015, 0.0 ], [ 112.24536101700005, -8.129447410999944, 0.0 ], [ 112.24496238100005, -8.129760972999975, 0.0 ], [ 112.244944712, -8.129774871999928, 0.0 ], [ 112.244814204000022, -8.129866343999936, 0.0 ], [ 112.244575001000044, -8.130034, 0.0 ], [ 112.244527631000096, -8.130077660999973, 0.0 ], [ 112.244247658000063, -8.130335718999959, 0.0 ], [ 112.244217108000043, -8.130363876999979, 0.0 ], [ 112.24399, -8.130607998999949, 0.0 ], [ 112.243816, -8.131002000999956, 0.0 ], [ 112.243461958000012, -8.131416372999979, 0.0 ], [ 112.243301943, -8.131565201999933, 0.0 ], [ 112.242710704000046, -8.132115108999926, 0.0 ], [ 112.242370792000088, -8.132393456999978, 0.0 ], [ 112.242368234000082, -8.132391389999952, 0.0 ], [ 112.242262124000035, -8.132305630999952, 0.0 ], [ 112.242132343000094, -8.132267744999979, 0.0 ], [ 112.241815403000032, -8.132273497999961, 0.0 ], [ 112.240823583000065, -8.132362665999949, 0.0 ], [ 112.239971791000016, -8.132568649999939, 0.0 ], [ 112.238808616000028, -8.13302682099993, 0.0 ], [ 112.237561323000023, -8.133461316999956, 0.0 ], [ 112.236469480000096, -8.133691951999936, 0.0 ], [ 112.235016871000084, -8.133732261999967, 0.0 ], [ 112.234092122000106, -8.133639359999961, 0.0 ], [ 112.233431575000054, -8.133569582999939, 0.0 ], [ 112.232641329000103, -8.133581031999938, 0.0 ], [ 112.232387095000036, -8.133584715999973, 0.0 ], [ 112.231244626000034, -8.133491757999934, 0.0 ], [ 112.23138282900004, -8.132748385999946, 0.0 ], [ 112.231630777000078, -8.13179878699998, 0.0 ], [ 112.231723636000083, -8.131383122999978, 0.0 ], [ 112.231755922000048, -8.131262429999936, 0.0 ], [ 112.231807486000093, -8.131162734999975, 0.0 ], [ 112.231855358000075, -8.131112820999931, 0.0 ], [ 112.231863005000037, -8.131101311999942, 0.0 ], [ 112.231930057000113, -8.131041767999932, 0.0 ], [ 112.232014070000105, -8.130874977999952, 0.0 ], [ 112.232191549000049, -8.130491598999981, 0.0 ], [ 112.232223948000069, -8.130407275999971, 0.0 ], [ 112.232223924000095, -8.130399619999935, 0.0 ], [ 112.232231433000038, -8.130342169999949, 0.0 ], [ 112.23222553700009, -8.12954358099995, 0.0 ], [ 112.23211100900005, -8.128208768999968, 0.0 ], [ 112.233108825000045, -8.127973914999927, 0.0 ], [ 112.233122859000105, -8.127970611999956, 0.0 ], [ 112.233177555000111, -8.127765453999928, 0.0 ], [ 112.233323222000081, -8.127219078999929, 0.0 ], [ 112.232978926000101, -8.127177051999979, 0.0 ], [ 112.232484114000044, -8.127121126999953, 0.0 ], [ 112.232123854000065, -8.127093504999948, 0.0 ], [ 112.23158598100008, -8.127090348999957, 0.0 ], [ 112.231576231000076, -8.127042523999933, 0.0 ], [ 112.231547212, -8.126975614999935, 0.0 ], [ 112.231499102000043, -8.126947046999931, 0.0 ], [ 112.230514425000024, -8.126883029999931, 0.0 ], [ 112.229760174000035, -8.126789601999974, 0.0 ], [ 112.229145216, -8.126705320999974, 0.0 ], [ 112.228405559000066, -8.126674057999935, 0.0 ], [ 112.228509506000023, -8.126113836999934, 0.0 ], [ 112.228622854000037, -8.125486591999959, 0.0 ], [ 112.227565972000093, -8.125365358999943, 0.0 ], [ 112.22783683800003, -8.124421792999954, 0.0 ], [ 112.227381195000021, -8.124454273999959, 0.0 ], [ 112.226800696000055, -8.12448761, 0.0 ], [ 112.226729022000086, -8.125080751999974, 0.0 ], [ 112.226573384000062, -8.125066865999941, 0.0 ], [ 112.226502875000051, -8.125371676999976, 0.0 ], [ 112.226467666000076, -8.125637977999929, 0.0 ], [ 112.22644098, -8.125745732999974, 0.0 ], [ 112.226375257000086, -8.125847621999981, 0.0 ], [ 112.226327616000049, -8.125973387999977, 0.0 ], [ 112.226256126000067, -8.126153059999979, 0.0 ], [ 112.226208494000048, -8.12628181499997, 0.0 ], [ 112.226169811000091, -8.12639259599996, 0.0 ], [ 112.226119004000111, -8.126464532999933, 0.0 ], [ 112.226047169000026, -8.126530549999927, 0.0 ], [ 112.225957453000092, -8.126638494999952, 0.0 ], [ 112.225897861000021, -8.126782239999955, 0.0 ], [ 112.225856348000093, -8.126949857999932, 0.0 ], [ 112.225809324000011, -8.127279005999981, 0.0 ], [ 112.225346774000059, -8.12717272499998, 0.0 ], [ 112.224439557000096, -8.126918235999938, 0.0 ], [ 112.224473942000031, -8.126379760999953, 0.0 ], [ 112.224536818000047, -8.125338717999966, 0.0 ], [ 112.224576734000038, -8.124644695999962, 0.0 ], [ 112.224617051000109, -8.124082274999978, 0.0 ], [ 112.224650456000063, -8.123220778999951, 0.0 ], [ 112.224708923000094, -8.122703172999934, 0.0 ], [ 112.224709482000094, -8.12269822899998, 0.0 ], [ 112.22445, -8.122695048999958, 0.0 ], [ 112.224446, -8.122695, 0.0 ], [ 112.22445, -8.122612146999927, 0.0 ], [ 112.224453, -8.12255, 0.0 ], [ 112.224394155000027, -8.122507294999934, 0.0 ], [ 112.224278, -8.12242299899998, 0.0 ], [ 112.224175163000041, -8.122367580999935, 0.0 ], [ 112.224098001000016, -8.122326, 0.0 ], [ 112.224086618000115, -8.122311598999943, 0.0 ], [ 112.224015, -8.122221, 0.0 ], [ 112.224018000000115, -8.121929000999955, 0.0 ], [ 112.224109000000112, -8.121607, 0.0 ], [ 112.224248973000044, -8.121280064999951, 0.0 ], [ 112.2242490000001, -8.12128, 0.0 ], [ 112.224231239, -8.121281186999965, 0.0 ], [ 112.223455999000066, -8.121333, 0.0 ], [ 112.223059999000043, -8.12132, 0.0 ], [ 112.222664, -8.121307, 0.0 ], [ 112.222167894000108, -8.121267576999969, 0.0 ], [ 112.221175829000117, -8.121188742999948, 0.0 ], [ 112.220962069000052, -8.121171755999967, 0.0 ], [ 112.2194310000001, -8.120988, 0.0 ], [ 112.219240296000066, -8.121013347999963, 0.0 ], [ 112.218784, -8.121073998999975, 0.0 ], [ 112.218384282000102, -8.120994006999979, 0.0 ], [ 112.21766789600008, -8.120851801999947, 0.0 ], [ 112.217176739000024, -8.120754305999981, 0.0 ], [ 112.216613700000039, -8.120689100999925, 0.0 ], [ 112.216108318000011, -8.120630570999936, 0.0 ], [ 112.215863403000071, -8.120602206999934, 0.0 ], [ 112.215789740000105, -8.120593675999942, 0.0 ], [ 112.215469998000117, -8.120558227999936, 0.0 ], [ 112.215471214000104, -8.120548744999951, 0.0 ], [ 112.215544910000062, -8.119973752999954, 0.0 ], [ 112.215615325000044, -8.119393785999932, 0.0 ], [ 112.21571739, -8.118840688999967, 0.0 ], [ 112.215872858000012, -8.118049238999959, 0.0 ], [ 112.215891911000085, -8.117914950999932, 0.0 ], [ 112.215930270000058, -8.117644585999926, 0.0 ], [ 112.216121222000083, -8.116655282999943, 0.0 ], [ 112.216165726000099, -8.11645740199998, 0.0 ], [ 112.216237249000073, -8.116245960999947, 0.0 ], [ 112.216304490000084, -8.11611093199997, 0.0 ], [ 112.216448050000054, -8.115858825999965, 0.0 ], [ 112.216515239000046, -8.115705820999949, 0.0 ], [ 112.216515131000051, -8.115669867999941, 0.0 ], [ 112.216564063000078, -8.115445009999974, 0.0 ], [ 112.216599561000066, -8.115251650999937, 0.0 ], [ 112.216648534000115, -8.115040275999945, 0.0 ], [ 112.216675188000067, -8.114905368999928, 0.0 ], [ 112.21667023200007, -8.114757073999954, 0.0 ], [ 112.21669695300011, -8.114644637999959, 0.0 ], [ 112.216867219000051, -8.114275602999953, 0.0 ], [ 112.217234647000055, -8.113483517999953, 0.0 ], [ 112.217431863000115, -8.113078447999953, 0.0 ], [ 112.217575123000074, -8.112727467999946, 0.0 ], [ 112.217575096000019, -8.112718479999955, 0.0 ], [ 112.217678375000105, -8.11256986099994, 0.0 ], [ 112.217840351000063, -8.11244353799998, 0.0 ], [ 112.21796172300003, -8.112312842999927, 0.0 ], [ 112.218051176000017, -8.112065391999977, 0.0 ], [ 112.218073238000102, -8.111903534999954, 0.0 ], [ 112.218036862000076, -8.111804768999946, 0.0 ], [ 112.217964164000023, -8.111625216999926, 0.0 ], [ 112.217955130000064, -8.11162074899994, 0.0 ], [ 112.21795897700008, -8.11140052099995, 0.0 ], [ 112.217985658000089, -8.11127460199998, 0.0 ], [ 112.218039383000018, -8.111144108999952, 0.0 ], [ 112.218115739000041, -8.111040512999978, 0.0 ], [ 112.218205340000054, -8.110842498999943, 0.0 ], [ 112.218267977000096, -8.110676024999975, 0.0 ], [ 112.218326484000045, -8.110635401999957, 0.0 ], [ 112.218403230000035, -8.110662138999942, 0.0 ], [ 112.218493413000033, -8.11065737399997, 0.0 ], [ 112.218538336000051, -8.110598813999957, 0.0 ], [ 112.218623927000067, -8.110567097999933, 0.0 ], [ 112.218741155000089, -8.110557759999949, 0.0 ], [ 112.219151562000093, -8.110561024999981, 0.0 ], [ 112.219580076000057, -8.110586708999961, 0.0 ], [ 112.21986886500008, -8.110639774999981, 0.0 ], [ 112.219968055000095, -8.110630489999949, 0.0 ], [ 112.220017554000037, -8.110594387999981, 0.0 ], [ 112.220084687000053, -8.110423405999938, 0.0 ], [ 112.220245535000117, -8.109924063999927, 0.0 ], [ 112.220530747000112, -8.108790662999979, 0.0 ], [ 112.220615349000013, -8.108430870999939, 0.0 ], [ 112.220651197000052, -8.108354361999943, 0.0 ], [ 112.220736829000089, -8.108336127999962, 0.0 ], [ 112.220899302000021, -8.108376089999979, 0.0 ], [ 112.221052771000018, -8.108420570999954, 0.0 ], [ 112.221115895000025, -8.108415888999957, 0.0 ], [ 112.221147287, -8.108357369999965, 0.0 ], [ 112.221374899000011, -8.107565702999977, 0.0 ], [ 112.221495022000113, -8.107021540999938, 0.0 ], [ 112.221669100000099, -8.106423285999938, 0.0 ], [ 112.221713872, -8.106315289999941, 0.0 ], [ 112.221790469000098, -8.106292589999953, 0.0 ], [ 112.221970928000019, -8.106314520999945, 0.0 ], [ 112.222164834000068, -8.106309444999965, 0.0 ], [ 112.222227754000073, -8.106237347999979, 0.0 ], [ 112.222263466000072, -8.106115896999938, 0.0 ], [ 112.222303932000045, -8.106075326999928, 0.0 ], [ 112.222493395000015, -8.106092735999937, 0.0 ], [ 112.223337141000115, -8.106229525999936, 0.0 ], [ 112.224194348000083, -8.106343802999959, 0.0 ], [ 112.224907243000075, -8.106458510999971, 0.0 ], [ 112.225015545000019, -8.106480655999974, 0.0 ], [ 112.225534439000057, -8.106568981999942, 0.0 ], [ 112.226224650000063, -8.10663881399995, 0.0 ], [ 112.226255689000027, -8.106562068999949, 0.0 ], [ 112.22647173200005, -8.10602791499997, 0.0 ], [ 112.226481, -8.106005, 0.0 ], [ 112.226536423000084, -8.105918312999961, 0.0 ], [ 112.226558999000076, -8.105883000999938, 0.0 ], [ 112.226559903000066, -8.105880156999945, 0.0 ], [ 112.226655568000069, -8.105579198999976, 0.0 ], [ 112.226809000000117, -8.105129, 0.0 ], [ 112.226919, -8.104685, 0.0 ], [ 112.227089, -8.104241, 0.0 ], [ 112.227838210000073, -8.102986886999929, 0.0 ], [ 112.227871, -8.102932, 0.0 ], [ 112.227950097000075, -8.102836553999964, 0.0 ], [ 112.22805, -8.102716, 0.0 ], [ 112.228259, -8.10250500099994, 0.0 ], [ 112.228399979000073, -8.10222304399997, 0.0 ], [ 112.228463001000023, -8.102097, 0.0 ], [ 112.228623, -8.101646, 0.0 ], [ 112.228634854, -8.101538595999955, 0.0 ], [ 112.228656000000115, -8.101347, 0.0 ], [ 112.228651691000096, -8.101304300999971, 0.0 ], [ 112.228645209000092, -8.101240074999964, 0.0 ], [ 112.228645, -8.101238000999956, 0.0 ], [ 112.229302045000054, -8.101249594999956, 0.0 ], [ 112.229325001, -8.10125, 0.0 ], [ 112.229325237000012, -8.101249930999927, 0.0 ], [ 112.229364685000064, -8.101238437999939, 0.0 ], [ 112.229452, -8.101213, 0.0 ], [ 112.229682529000115, -8.101093735999939, 0.0 ], [ 112.229769001000022, -8.101048998999943, 0.0 ], [ 112.229860149000046, -8.100883343999953, 0.0 ], [ 112.230356383000071, -8.099708100999976, 0.0 ], [ 112.231038759000057, -8.098289748999946, 0.0 ], [ 112.231041606000076, -8.098283587999958, 0.0 ], [ 112.231513706000101, -8.097261826999954, 0.0 ], [ 112.231794619000084, -8.096741237999936, 0.0 ], [ 112.232053920000112, -8.096259694999958, 0.0 ], [ 112.232265848000111, -8.095921223999937, 0.0 ], [ 112.232434685000044, -8.095704155999954, 0.0 ], [ 112.232534219000058, -8.095538843999975, 0.0 ], [ 112.232560087000024, -8.095495880999977, 0.0 ], [ 112.233619690000069, -8.095604193999975, 0.0 ], [ 112.233621233, -8.095604351999953, 0.0 ], [ 112.233638055000029, -8.09560516099998, 0.0 ], [ 112.235693112000035, -8.095703970999978, 0.0 ], [ 112.235701664000089, -8.095704382999941, 0.0 ], [ 112.237066401000106, -8.095765320999931, 0.0 ], [ 112.237108292000016, -8.095767190999936, 0.0 ], [ 112.23870329500005, -8.095959793999953, 0.0 ], [ 112.238705, -8.09596, 0.0 ], [ 112.238728652000077, -8.095958208999946, 0.0 ], [ 112.239022, -8.095936, 0.0 ], [ 112.239461, -8.095779, 0.0 ], [ 112.240947315000085, -8.095745372999943, 0.0 ], [ 112.241008, -8.095744, 0.0 ] ] ] ] } }
]
}
