{
"type": "FeatureCollection",
"name": "Kesamben",
"crs": { "type": "name", "properties": { "name": "urn:ogc:def:crs:OGC:1.3:CRS84" } },
"features": [
{ "type": "Feature", "properties": { "OBJECTID": 116238.0, "KDPPUM": "35", "NAMOBJ": "Jugo", "REMARK": null, "KDPBPS": null, "FCODE": "BA03070040", "LUASWH": 9.9461602, "UUPP": "Hasil Delineasi Batas Desa 2019", "SRS_ID": "SRGI 2013", "METADATA": "TASWIL1000020200326DATA_BATAS_DESA_KELURAHAN", "KDEBPS": null, "KDEPUM": "35.05.19.2003", "KDCBPS": null, "KDCPUM": "35.05.19", "KDBBPS": null, "WADMKD": "Jugo", "WIADKD": null, "WADMKC": "Kesamben", "WIADKC": null, "WADMKK": "Blitar", "WIADKK": null, "WADMPR": "Jawa Timur", "WIADPR": null, "TIPADM": 1.0, "KDPKAB": "35.05", "SHAPE_Leng": 0.22523900447838499, "SHAPE_Area": 0.00081641540516799998 }, "geometry": { "type": "MultiPolygon", "coordinates": [ [ [ [ 112.360377869000104, -8.1568874, 0.0 ], [ 112.361976866000077, -8.157553648999965, 0.0 ], [ 112.365060072, -8.15815724, 0.0 ], [ 112.36501, -8.15818, 0.0 ], [ 112.36485, -8.158339998999963, 0.0 ], [ 112.36473, -8.158609998999964, 0.0 ], [ 112.36477, -8.158729998999945, 0.0 ], [ 112.36487000000011, -8.15877, 0.0 ], [ 112.36534, -8.15892, 0.0 ], [ 112.36553, -8.15914, 0.0 ], [ 112.36571, -8.15917, 0.0 ], [ 112.367035739000016, -8.159351529999981, 0.0 ], [ 112.367245132000107, -8.159941636999974, 0.0 ], [ 112.368463416000054, -8.160189099999968, 0.0 ], [ 112.368414527000027, -8.160501991999979, 0.0 ], [ 112.368449, -8.160953898999935, 0.0 ], [ 112.368484692000038, -8.161239433999981, 0.0 ], [ 112.368718838000063, -8.161677377999979, 0.0 ], [ 112.368691844000068, -8.162149775999978, 0.0 ], [ 112.36911524900006, -8.162096039999938, 0.0 ], [ 112.369317504000037, -8.162167423999961, 0.0 ], [ 112.369186633000027, -8.162488650999933, 0.0 ], [ 112.36942457900011, -8.162619521999943, 0.0 ], [ 112.369258017000107, -8.163428537999948, 0.0 ], [ 112.371459019000099, -8.163844943999948, 0.0 ], [ 112.372030089000077, -8.163404743999934, 0.0 ], [ 112.372099232000096, -8.163177702999974, 0.0 ], [ 112.372190636000028, -8.162861306999957, 0.0 ], [ 112.37278453700003, -8.162338673999955, 0.0 ], [ 112.373736302000111, -8.16258759699997, 0.0 ], [ 112.37395618100004, -8.161726924999925, 0.0 ], [ 112.37406842900009, -8.160841262999952, 0.0 ], [ 112.374125536000065, -8.160748463999937, 0.0 ], [ 112.37436110200008, -8.160491481999941, 0.0 ], [ 112.374903619000065, -8.160113147999937, 0.0 ], [ 112.376260000000116, -8.16013, 0.0 ], [ 112.37742, -8.16032, 0.0 ], [ 112.37976, -8.161029998999936, 0.0 ], [ 112.381239999000059, -8.16152, 0.0 ], [ 112.38219, -8.16172, 0.0 ], [ 112.382859999000061, -8.16166, 0.0 ], [ 112.383619999000075, -8.16131, 0.0 ], [ 112.38425, -8.16077, 0.0 ], [ 112.38463, -8.16013, 0.0 ], [ 112.38498, -8.1595, 0.0 ], [ 112.385199999000065, -8.15918, 0.0 ], [ 112.385489999000015, -8.15899, 0.0 ], [ 112.38593, -8.15905, 0.0 ], [ 112.38657, -8.15942999899994, 0.0 ], [ 112.387049999000055, -8.160149998999941, 0.0 ], [ 112.38737, -8.16053, 0.0 ], [ 112.38798, -8.16098, 0.0 ], [ 112.38864, -8.16143, 0.0 ], [ 112.38937, -8.16194, 0.0 ], [ 112.389959230000045, -8.162249595999981, 0.0 ], [ 112.389457648000075, -8.162534598999969, 0.0 ], [ 112.389068547000079, -8.162862645999951, 0.0 ], [ 112.388572646000057, -8.163363334999929, 0.0 ], [ 112.388275091000082, -8.163665654999932, 0.0 ], [ 112.38783257800003, -8.164287435999938, 0.0 ], [ 112.387290903, -8.164719454999954, 0.0 ], [ 112.38672633200008, -8.165057051999952, 0.0 ], [ 112.386245687000041, -8.16535173099993, 0.0 ], [ 112.385993904000088, -8.165584435999961, 0.0 ], [ 112.385902360000046, -8.165757054999972, 0.0 ], [ 112.385780275000116, -8.166128019999974, 0.0 ], [ 112.38567347500009, -8.166300638999928, 0.0 ], [ 112.385467488000018, -8.166533344999948, 0.0 ], [ 112.385055490000013, -8.166913860999955, 0.0 ], [ 112.384765575000074, -8.167095039999936, 0.0 ], [ 112.38453669, -8.16735446399997, 0.0 ], [ 112.384254392000116, -8.167699676999973, 0.0 ], [ 112.383918729000015, -8.168191782999941, 0.0 ], [ 112.38356776, -8.168709639999975, 0.0 ], [ 112.383209175000047, -8.169063436999977, 0.0 ], [ 112.382987906000039, -8.169193137999969, 0.0 ], [ 112.382659860000103, -8.169280861999937, 0.0 ], [ 112.381950331000098, -8.169402944999945, 0.0 ], [ 112.381744344000026, -8.169472558999928, 0.0 ], [ 112.381545974, -8.169585090999931, 0.0 ], [ 112.38127893300009, -8.169801594999967, 0.0 ], [ 112.380859318000034, -8.170199255999933, 0.0 ], [ 112.380447344000117, -8.170415759999969, 0.0 ], [ 112.380447158000038, -8.170415817999981, 0.0 ], [ 112.380020089000027, -8.170546403999936, 0.0 ], [ 112.379402104000064, -8.17066846299997, 0.0 ], [ 112.378807017000099, -8.170679898999936, 0.0 ], [ 112.378135619000091, -8.170613162999928, 0.0 ], [ 112.376892056000088, -8.170169708999936, 0.0 ], [ 112.376144371, -8.16987979299995, 0.0 ], [ 112.375556901000095, -8.169717644999935, 0.0 ], [ 112.374999945000013, -8.169705264999948, 0.0 ], [ 112.374763420000022, -8.169698590999928, 0.0 ], [ 112.374267542000098, -8.169721464999952, 0.0 ], [ 112.37371822700004, -8.169789168999955, 0.0 ], [ 112.37313073200005, -8.169898871999976, 0.0 ], [ 112.372459359000118, -8.170140136999976, 0.0 ], [ 112.3720244860001, -8.170357585999966, 0.0 ], [ 112.371635387000083, -8.17064080199998, 0.0 ], [ 112.371223413000052, -8.17103183699993, 0.0 ], [ 112.37070458900007, -8.171554432999926, 0.0 ], [ 112.37037654300002, -8.171858661999977, 0.0 ], [ 112.370117143000016, -8.172033191999958, 0.0 ], [ 112.369918773000109, -8.172184822999952, 0.0 ], [ 112.369750917000033, -8.172424201999945, 0.0 ], [ 112.369483901000081, -8.172793256999967, 0.0 ], [ 112.369224501000076, -8.173097485999961, 0.0 ], [ 112.369033747000117, -8.173292978999939, 0.0 ], [ 112.368728574000102, -8.17351042699994, 0.0 ], [ 112.368225057000018, -8.173794634999979, 0.0 ], [ 112.367729131000033, -8.17405592199998, 0.0 ], [ 112.367553659, -8.174208519999979, 0.0 ], [ 112.367233229000021, -8.17442594399995, 0.0 ], [ 112.366966212000079, -8.174708241999951, 0.0 ], [ 112.366752585000086, -8.174904701999935, 0.0 ], [ 112.366726665000101, -8.174926429999971, 0.0 ], [ 112.366493185000081, -8.175122149999936, 0.0 ], [ 112.366294814000071, -8.175273756999957, 0.0 ], [ 112.366183608000028, -8.175330188999965, 0.0 ], [ 112.366165114000069, -8.175339573999963, 0.0 ], [ 112.366163259000018, -8.175344859999939, 0.0 ], [ 112.36574, -8.17565, 0.0 ], [ 112.36547, -8.17576, 0.0 ], [ 112.36497, -8.175869998999929, 0.0 ], [ 112.364469999000107, -8.17598, 0.0 ], [ 112.363999999000043, -8.17598, 0.0 ], [ 112.363629999000068, -8.175849998999979, 0.0 ], [ 112.36323, -8.17564, 0.0 ], [ 112.362909999000067, -8.175439998999934, 0.0 ], [ 112.36247, -8.17516, 0.0 ], [ 112.362009999000065, -8.17499, 0.0 ], [ 112.36156, -8.17492, 0.0 ], [ 112.3615, -8.17489, 0.0 ], [ 112.361229999000102, -8.17482, 0.0 ], [ 112.36066, -8.17456, 0.0 ], [ 112.3602, -8.17417, 0.0 ], [ 112.35998, -8.17376, 0.0 ], [ 112.359965131000081, -8.173663351999949, 0.0 ], [ 112.359920000000102, -8.17337, 0.0 ], [ 112.35994, -8.17294, 0.0 ], [ 112.36, -8.17235999899998, 0.0 ], [ 112.359960000000115, -8.17177, 0.0 ], [ 112.359955142000103, -8.17175178399998, 0.0 ], [ 112.35984, -8.17132, 0.0 ], [ 112.359690679000096, -8.171100997999929, 0.0 ], [ 112.359689999000011, -8.1711, 0.0 ], [ 112.35949, -8.170839998999952, 0.0 ], [ 112.3591, -8.17028, 0.0 ], [ 112.3586600000001, -8.16972, 0.0 ], [ 112.35827, -8.16911, 0.0 ], [ 112.35788, -8.168479998999942, 0.0 ], [ 112.35755, -8.168069998999954, 0.0 ], [ 112.35718, -8.1679, 0.0 ], [ 112.3565, -8.16786, 0.0 ], [ 112.35596, -8.16788, 0.0 ], [ 112.35548, -8.16782, 0.0 ], [ 112.35491, -8.16769, 0.0 ], [ 112.35435, -8.16765, 0.0 ], [ 112.354110000000105, -8.16765, 0.0 ], [ 112.35391, -8.167719998999928, 0.0 ], [ 112.353520000000117, -8.16785, 0.0 ], [ 112.353019999000026, -8.16796, 0.0 ], [ 112.35254, -8.168, 0.0 ], [ 112.352130000000102, -8.1679, 0.0 ], [ 112.35174, -8.167699998999979, 0.0 ], [ 112.35147, -8.16747, 0.0 ], [ 112.35128, -8.16714, 0.0 ], [ 112.35097, -8.16671, 0.0 ], [ 112.3506900000001, -8.16621, 0.0 ], [ 112.350269999000034, -8.16554, 0.0 ], [ 112.34979, -8.165, 0.0 ], [ 112.34946, -8.1647, 0.0 ], [ 112.34938000000011, -8.1644, 0.0 ], [ 112.3494, -8.16394, 0.0 ], [ 112.34948, -8.16353, 0.0 ], [ 112.349650000000111, -8.16305, 0.0 ], [ 112.34985, -8.1627, 0.0 ], [ 112.349959999000021, -8.16236, 0.0 ], [ 112.35002, -8.16205, 0.0 ], [ 112.35, -8.16188, 0.0 ], [ 112.34989, -8.161729998999931, 0.0 ], [ 112.34961, -8.1616, 0.0 ], [ 112.34928, -8.16145, 0.0 ], [ 112.34889, -8.161339998999949, 0.0 ], [ 112.34858, -8.161319998999943, 0.0 ], [ 112.34826, -8.16139, 0.0 ], [ 112.347949999000093, -8.16156, 0.0 ], [ 112.34765, -8.16178, 0.0 ], [ 112.34745, -8.16213, 0.0 ], [ 112.34735, -8.16258, 0.0 ], [ 112.34724, -8.16317, 0.0 ], [ 112.347129999000117, -8.16386, 0.0 ], [ 112.34711, -8.16453, 0.0 ], [ 112.34706376500003, -8.165084818999958, 0.0 ], [ 112.347079484, -8.1655032099999, 0.0 ], [ 112.34690979700008, -8.165698647999932, 0.0 ], [ 112.3469, -8.16572999899995, 0.0 ], [ 112.346855875000074, -8.165760752999972, 0.0 ], [ 112.346821141000078, -8.165800757999932, 0.0 ], [ 112.346666287000062, -8.165892890999942, 0.0 ], [ 112.34657, -8.16596, 0.0 ], [ 112.34631, -8.16605, 0.0 ], [ 112.345959999000115, -8.16603, 0.0 ], [ 112.345550000000117, -8.16597, 0.0 ], [ 112.344920000000116, -8.16588, 0.0 ], [ 112.34418, -8.16582, 0.0 ], [ 112.34346, -8.1658, 0.0 ], [ 112.34296, -8.16591, 0.0 ], [ 112.3425, -8.16607, 0.0 ], [ 112.34192, -8.16628, 0.0 ], [ 112.34150000000011, -8.16659, 0.0 ], [ 112.34122, -8.16689, 0.0 ], [ 112.34109, -8.16722, 0.0 ], [ 112.341104641000015, -8.167429854999966, 0.0 ], [ 112.341131161000021, -8.167571074999955, 0.0 ], [ 112.341193593000071, -8.168114465999963, 0.0 ], [ 112.341210303000025, -8.168259896999928, 0.0 ], [ 112.341195446000029, -8.168474057999958, 0.0 ], [ 112.341164481000078, -8.168920420999939, 0.0 ], [ 112.341011447000028, -8.169336940999926, 0.0 ], [ 112.340934510000011, -8.169546343999968, 0.0 ], [ 112.34086, -8.16984, 0.0 ], [ 112.340539999000043, -8.17049, 0.0 ], [ 112.34027, -8.17109, 0.0 ], [ 112.340209999000081, -8.171209998999927, 0.0 ], [ 112.33989, -8.17173, 0.0 ], [ 112.339874481000038, -8.171751208999979, 0.0 ], [ 112.33959, -8.17214, 0.0 ], [ 112.33924, -8.17245, 0.0 ], [ 112.33891, -8.172689998999942, 0.0 ], [ 112.33852, -8.17284, 0.0 ], [ 112.33804, -8.17282, 0.0 ], [ 112.337720000000104, -8.172729998999955, 0.0 ], [ 112.33732, -8.17252, 0.0 ], [ 112.33676, -8.17219, 0.0 ], [ 112.336410000000114, -8.172, 0.0 ], [ 112.33591, -8.17179, 0.0 ], [ 112.335449999000048, -8.17153, 0.0 ], [ 112.335059999, -8.17124999899994, 0.0 ], [ 112.3346, -8.17092, 0.0 ], [ 112.33414, -8.17066, 0.0 ], [ 112.33375, -8.17044999899997, 0.0 ], [ 112.33342, -8.17028, 0.0 ], [ 112.33259, -8.17017, 0.0 ], [ 112.3314, -8.17013, 0.0 ], [ 112.33055, -8.17007, 0.0 ], [ 112.32972, -8.169959998999957, 0.0 ], [ 112.329129999000088, -8.16984, 0.0 ], [ 112.32883, -8.16973, 0.0 ], [ 112.32859, -8.16949, 0.0 ], [ 112.328389999000024, -8.1691, 0.0 ], [ 112.328160523000065, -8.16868517599994, 0.0 ], [ 112.328120149000029, -8.168622075999963, 0.0 ], [ 112.327669999000022, -8.16826, 0.0 ], [ 112.32712, -8.168109998999967, 0.0 ], [ 112.326640000000111, -8.168049998999948, 0.0 ], [ 112.325989999000058, -8.16818, 0.0 ], [ 112.325619999000082, -8.168439998999929, 0.0 ], [ 112.32512, -8.16903, 0.0 ], [ 112.32473, -8.16966, 0.0 ], [ 112.32437, -8.170349998999939, 0.0 ], [ 112.32409, -8.171149998999965, 0.0 ], [ 112.32374, -8.17167, 0.0 ], [ 112.32347898, -8.171890862999931, 0.0 ], [ 112.323402981000072, -8.171955169999933, 0.0 ], [ 112.32335, -8.172, 0.0 ], [ 112.323288742000045, -8.172021204999965, 0.0 ], [ 112.322997416000021, -8.172122047999949, 0.0 ], [ 112.32283, -8.17218, 0.0 ], [ 112.32226, -8.17218, 0.0 ], [ 112.32185, -8.17188, 0.0 ], [ 112.32154, -8.17124999899994, 0.0 ], [ 112.3213, -8.17049, 0.0 ], [ 112.321060000000102, -8.1698, 0.0 ], [ 112.320908191000058, -8.169429967999974, 0.0 ], [ 112.320894562000035, -8.169407501999956, 0.0 ], [ 112.320529999000087, -8.169239998999956, 0.0 ], [ 112.32003, -8.16915, 0.0 ], [ 112.31949, -8.16913, 0.0 ], [ 112.319009999000059, -8.16915, 0.0 ], [ 112.318490000000111, -8.169219998999949, 0.0 ], [ 112.31794199400008, -8.169365253999956, 0.0 ], [ 112.31766, -8.16944, 0.0 ], [ 112.31694, -8.16962, 0.0 ], [ 112.31625, -8.16981, 0.0 ], [ 112.315700000000106, -8.16988, 0.0 ], [ 112.31492, -8.16986, 0.0 ], [ 112.31454, -8.16975, 0.0 ], [ 112.31442, -8.16971, 0.0 ], [ 112.31407, -8.16945, 0.0 ], [ 112.314030000000116, -8.16908, 0.0 ], [ 112.314100470000085, -8.168839226999978, 0.0 ], [ 112.31415, -8.16867, 0.0 ], [ 112.314389999000014, -8.16808999899996, 0.0 ], [ 112.314506558000062, -8.167760893999969, 0.0 ], [ 112.314518678000013, -8.167726671999958, 0.0 ], [ 112.31456, -8.16761, 0.0 ], [ 112.31465, -8.16711, 0.0 ], [ 112.314800000000105, -8.1672, 0.0 ], [ 112.31504, -8.16730999899994, 0.0 ], [ 112.31573, -8.16802, 0.0 ], [ 112.31598, -8.16828, 0.0 ], [ 112.31621, -8.16859, 0.0 ], [ 112.31641, -8.168769998999949, 0.0 ], [ 112.31662, -8.16888999899993, 0.0 ], [ 112.316689999, -8.16888999899993, 0.0 ], [ 112.317019999000081, -8.16861, 0.0 ], [ 112.31718, -8.16841, 0.0 ], [ 112.317509999000094, -8.168, 0.0 ], [ 112.317779999000095, -8.16775, 0.0 ], [ 112.31837, -8.16706, 0.0 ], [ 112.31839, -8.166919998999958, 0.0 ], [ 112.31846, -8.16646, 0.0 ], [ 112.318670000000111, -8.16631, 0.0 ], [ 112.31877, -8.16635, 0.0 ], [ 112.31954, -8.16675, 0.0 ], [ 112.3199, -8.166839998999933, 0.0 ], [ 112.32, -8.166799998999977, 0.0 ], [ 112.32008, -8.16669, 0.0 ], [ 112.32017, -8.166429998999945, 0.0 ], [ 112.32031, -8.16613, 0.0 ], [ 112.32049, -8.16596, 0.0 ], [ 112.32086, -8.1657, 0.0 ], [ 112.32105, -8.165649998999982, 0.0 ], [ 112.32132, -8.16568, 0.0 ], [ 112.32166, -8.165769998999963, 0.0 ], [ 112.32198, -8.16589, 0.0 ], [ 112.32229, -8.16601, 0.0 ], [ 112.322499999000115, -8.166, 0.0 ], [ 112.32264, -8.1659, 0.0 ], [ 112.322869999000091, -8.165629998999975, 0.0 ], [ 112.32314, -8.16521, 0.0 ], [ 112.323259999000015, -8.164909998999974, 0.0 ], [ 112.323259999000015, -8.16469, 0.0 ], [ 112.32318, -8.16442, 0.0 ], [ 112.32288999900004, -8.16357, 0.0 ], [ 112.32285, -8.16309, 0.0 ], [ 112.322909999000103, -8.162879998999927, 0.0 ], [ 112.323040000000105, -8.16267, 0.0 ], [ 112.32316, -8.16242, 0.0 ], [ 112.323259999000015, -8.16207, 0.0 ], [ 112.32355, -8.16118, 0.0 ], [ 112.32372, -8.161049998999943, 0.0 ], [ 112.32398, -8.16122, 0.0 ], [ 112.32417, -8.16143, 0.0 ], [ 112.32433, -8.16156, 0.0 ], [ 112.32452, -8.16161, 0.0 ], [ 112.32461, -8.16154, 0.0 ], [ 112.32467, -8.161399998999968, 0.0 ], [ 112.324660000000108, -8.16121, 0.0 ], [ 112.32459, -8.160969998999974, 0.0 ], [ 112.3244, -8.1603, 0.0 ], [ 112.32452, -8.15994, 0.0 ], [ 112.32463, -8.15977, 0.0 ], [ 112.3248, -8.15963, 0.0 ], [ 112.324879999000018, -8.15964, 0.0 ], [ 112.32507, -8.159759998999959, 0.0 ], [ 112.325200000000109, -8.15992, 0.0 ], [ 112.325289999, -8.16018, 0.0 ], [ 112.32541, -8.16046, 0.0 ], [ 112.32551, -8.16051, 0.0 ], [ 112.325619999000082, -8.16044, 0.0 ], [ 112.325719999000057, -8.1603, 0.0 ], [ 112.32575, -8.16013, 0.0 ], [ 112.325719999000057, -8.159879998999941, 0.0 ], [ 112.325639999000032, -8.15929, 0.0 ], [ 112.325719999000057, -8.159099998999977, 0.0 ], [ 112.32585, -8.15895, 0.0 ], [ 112.326089999000033, -8.15881, 0.0 ], [ 112.326519999000084, -8.159019998999952, 0.0 ], [ 112.326820000000112, -8.15903, 0.0 ], [ 112.32688, -8.15895, 0.0 ], [ 112.3269, -8.15877, 0.0 ], [ 112.32686, -8.1586, 0.0 ], [ 112.326820000000112, -8.158319998999957, 0.0 ], [ 112.32692, -8.15816, 0.0 ], [ 112.327199999000072, -8.15776, 0.0 ], [ 112.327259999000034, -8.15753, 0.0 ], [ 112.32725, -8.15727, 0.0 ], [ 112.32714, -8.15696, 0.0 ], [ 112.32693, -8.1565, 0.0 ], [ 112.32667, -8.15618, 0.0 ], [ 112.32656, -8.15604, 0.0 ], [ 112.32656, -8.155939998999941, 0.0 ], [ 112.32661, -8.155899998999928, 0.0 ], [ 112.326849999000046, -8.15587, 0.0 ], [ 112.32708, -8.155919998999934, 0.0 ], [ 112.32738, -8.15599, 0.0 ], [ 112.32760999900006, -8.15597, 0.0 ], [ 112.32778, -8.15585, 0.0 ], [ 112.32785, -8.15573, 0.0 ], [ 112.32803, -8.15534, 0.0 ], [ 112.32815, -8.15528, 0.0 ], [ 112.32838, -8.15533, 0.0 ], [ 112.328710000000115, -8.15541, 0.0 ], [ 112.3289, -8.15548, 0.0 ], [ 112.32924, -8.15563, 0.0 ], [ 112.329519999000013, -8.15572, 0.0 ], [ 112.32998, -8.15609, 0.0 ], [ 112.33009, -8.15626, 0.0 ], [ 112.33018, -8.15653, 0.0 ], [ 112.33035, -8.157149998999955, 0.0 ], [ 112.33045, -8.15741, 0.0 ], [ 112.330689999000015, -8.15772, 0.0 ], [ 112.331159999000079, -8.15825, 0.0 ], [ 112.33141, -8.15845, 0.0 ], [ 112.33181, -8.158609998999964, 0.0 ], [ 112.33247, -8.158729998999945, 0.0 ], [ 112.33287, -8.158609998999964, 0.0 ], [ 112.33324, -8.15842, 0.0 ], [ 112.33436, -8.15764, 0.0 ], [ 112.33477, -8.15718, 0.0 ], [ 112.33573, -8.15612, 0.0 ], [ 112.335879999000099, -8.15602, 0.0 ], [ 112.33616, -8.15593, 0.0 ], [ 112.33694, -8.15575, 0.0 ], [ 112.3372, -8.155839998999966, 0.0 ], [ 112.33728, -8.15602, 0.0 ], [ 112.337490000000116, -8.15655, 0.0 ], [ 112.33761, -8.15714, 0.0 ], [ 112.33765, -8.15747, 0.0 ], [ 112.337749999000039, -8.15779, 0.0 ], [ 112.33792, -8.15813, 0.0 ], [ 112.33806, -8.158299998999951, 0.0 ], [ 112.33833, -8.15849, 0.0 ], [ 112.3387, -8.1586, 0.0 ], [ 112.33893, -8.1586, 0.0 ], [ 112.34014, -8.15852, 0.0 ], [ 112.340209999000081, -8.15864, 0.0 ], [ 112.34025, -8.15886, 0.0 ], [ 112.340240000000108, -8.15926, 0.0 ], [ 112.34025, -8.15971, 0.0 ], [ 112.34034, -8.159819998999978, 0.0 ], [ 112.340499999000031, -8.15993, 0.0 ], [ 112.34066, -8.15995, 0.0 ], [ 112.34092, -8.15992, 0.0 ], [ 112.34109, -8.15983, 0.0 ], [ 112.341289807000067, -8.159653247999927, 0.0 ], [ 112.34148545100004, -8.15929299499993, 0.0 ], [ 112.341699602000062, -8.158983664999937, 0.0 ], [ 112.341699602000062, -8.158246031999965, 0.0 ], [ 112.34148545100004, -8.15781772899993, 0.0 ], [ 112.341390272000012, -8.157222863999948, 0.0 ], [ 112.341509245000111, -8.156961122999974, 0.0 ], [ 112.341818575000048, -8.156865944999936, 0.0 ], [ 112.342127905000098, -8.156889738999951, 0.0 ], [ 112.342389646000015, -8.156818355999974, 0.0 ], [ 112.342651387000046, -8.156556614999943, 0.0 ], [ 112.342746565000084, -8.156271079999954, 0.0 ], [ 112.342770360000031, -8.156009338999979, 0.0 ], [ 112.342698976000065, -8.155700008999929, 0.0 ], [ 112.342770360000031, -8.155366883999932, 0.0 ], [ 112.34305589500002, -8.155152732999966, 0.0 ], [ 112.343436609000037, -8.154914786999939, 0.0 ], [ 112.343698350000068, -8.15477201899995, 0.0 ], [ 112.344221831000027, -8.154272331999948, 0.0 ], [ 112.344293215000107, -8.15370126199997, 0.0 ], [ 112.344388393000031, -8.15329675299995, 0.0 ], [ 112.344293215000107, -8.152868449999971, 0.0 ], [ 112.34419803600008, -8.152582914999925, 0.0 ], [ 112.344293215000107, -8.15222599599997, 0.0 ], [ 112.344483572000058, -8.151940460999981, 0.0 ], [ 112.344554956000025, -8.151631130999931, 0.0 ], [ 112.35799, -8.1525, 0.0 ], [ 112.358129999000084, -8.15262, 0.0 ], [ 112.358610000000112, -8.15271, 0.0 ], [ 112.3587500000001, -8.15298, 0.0 ], [ 112.358929999000111, -8.153209998999955, 0.0 ], [ 112.35912, -8.1534, 0.0 ], [ 112.359138289000043, -8.153454866999937, 0.0 ], [ 112.359289890000014, -8.153568566999979, 0.0 ], [ 112.359451693000096, -8.153692298999943, 0.0 ], [ 112.359575425000116, -8.153749406999964, 0.0 ], [ 112.359718193000049, -8.153892173999964, 0.0 ], [ 112.359879996000018, -8.154063494999946, 0.0 ], [ 112.359965657000089, -8.154225298999961, 0.0 ], [ 112.360089389000109, -8.154444208999962, 0.0 ], [ 112.360720511000068, -8.154507938999927, 0.0 ], [ 112.360720511000068, -8.15635440099993, 0.0 ], [ 112.360454011000115, -8.156487650999964, 0.0 ], [ 112.360377869000104, -8.1568874, 0.0 ] ] ] ] } },
{ "type": "Feature", "properties": { "OBJECTID": 116239.0, "KDPPUM": "35", "NAMOBJ": "Sukoanyar", "REMARK": null, "KDPBPS": null, "FCODE": "BA03070040", "LUASWH": 6.96520469, "UUPP": "Hasil Delineasi Batas Desa 2019", "SRS_ID": "SRGI 2013", "METADATA": "TASWIL1000020200326DATA_BATAS_DESA_KELURAHAN", "KDEBPS": null, "KDEPUM": "35.05.19.2010", "KDCBPS": null, "KDCPUM": "35.05.19", "KDBBPS": null, "WADMKD": "Sukoanyar", "WIADKD": null, "WADMKC": "Kesamben", "WIADKC": null, "WADMKK": "Blitar", "WIADKK": null, "WADMPR": "Jawa Timur", "WIADPR": null, "TIPADM": 1.0, "KDPKAB": "35.05", "SHAPE_Leng": 0.16093691820216099, "SHAPE_Area": 0.00057160401251699999 }, "geometry": { "type": "MultiPolygon", "coordinates": [ [ [ [ 112.406030000000101, -8.13778, 0.0 ], [ 112.406259999000099, -8.13824, 0.0 ], [ 112.406259999000099, -8.138779998999951, 0.0 ], [ 112.406160000000114, -8.13933, 0.0 ], [ 112.40601, -8.13962, 0.0 ], [ 112.40588, -8.139829998999971, 0.0 ], [ 112.40568, -8.13997, 0.0 ], [ 112.40492, -8.14036, 0.0 ], [ 112.40452, -8.140589998999928, 0.0 ], [ 112.40434, -8.14083, 0.0 ], [ 112.4043, -8.141119998999955, 0.0 ], [ 112.404329999000083, -8.1415, 0.0 ], [ 112.40438, -8.14174, 0.0 ], [ 112.40447, -8.14193, 0.0 ], [ 112.40448, -8.14207, 0.0 ], [ 112.4044, -8.142209998999931, 0.0 ], [ 112.40423, -8.1424, 0.0 ], [ 112.40419, -8.14255, 0.0 ], [ 112.40423, -8.14308, 0.0 ], [ 112.40434, -8.14378, 0.0 ], [ 112.4044, -8.144199998999966, 0.0 ], [ 112.404349999000033, -8.14462, 0.0 ], [ 112.404269999, -8.14497, 0.0 ], [ 112.40424, -8.145039998999948, 0.0 ], [ 112.40382000000011, -8.14536, 0.0 ], [ 112.403589999000019, -8.14548, 0.0 ], [ 112.40299, -8.14584, 0.0 ], [ 112.40252, -8.1461, 0.0 ], [ 112.40227, -8.1464, 0.0 ], [ 112.40268, -8.14659, 0.0 ], [ 112.40295, -8.14676, 0.0 ], [ 112.40304, -8.14681, 0.0 ], [ 112.40311, -8.14686, 0.0 ], [ 112.403370000000109, -8.14704, 0.0 ], [ 112.40356, -8.14717, 0.0 ], [ 112.40381, -8.14735, 0.0 ], [ 112.403959999000108, -8.14742, 0.0 ], [ 112.40405, -8.14748, 0.0 ], [ 112.4042, -8.14759, 0.0 ], [ 112.40446, -8.14788, 0.0 ], [ 112.404699999000059, -8.14811, 0.0 ], [ 112.40495, -8.14831, 0.0 ], [ 112.40527, -8.14852, 0.0 ], [ 112.405949999000086, -8.14903, 0.0 ], [ 112.40655, -8.1491, 0.0 ], [ 112.40806, -8.14912, 0.0 ], [ 112.40851, -8.14915, 0.0 ], [ 112.40876, -8.14947, 0.0 ], [ 112.40888, -8.14984, 0.0 ], [ 112.408460000000105, -8.15, 0.0 ], [ 112.40838, -8.15017, 0.0 ], [ 112.40834, -8.150379998999938, 0.0 ], [ 112.40843, -8.15067, 0.0 ], [ 112.40869, -8.15109, 0.0 ], [ 112.40884, -8.15133, 0.0 ], [ 112.40924, -8.15197, 0.0 ], [ 112.409450000000106, -8.15216, 0.0 ], [ 112.41034, -8.15292, 0.0 ], [ 112.4106, -8.15326, 0.0 ], [ 112.410800000000108, -8.15336, 0.0 ], [ 112.410649999000043, -8.153499998999962, 0.0 ], [ 112.41086, -8.154, 0.0 ], [ 112.41095, -8.15433, 0.0 ], [ 112.41113, -8.154789998999945, 0.0 ], [ 112.4112, -8.15498, 0.0 ], [ 112.41106, -8.155589998999972, 0.0 ], [ 112.41097, -8.15593, 0.0 ], [ 112.410979999, -8.156329998999979, 0.0 ], [ 112.41101, -8.156619998999929, 0.0 ], [ 112.41108, -8.15682, 0.0 ], [ 112.41122, -8.15698, 0.0 ], [ 112.41127, -8.157029998999974, 0.0 ], [ 112.41171999900007, -8.15728, 0.0 ], [ 112.4119, -8.157499998999981, 0.0 ], [ 112.41194, -8.15766, 0.0 ], [ 112.4119, -8.157809998999937, 0.0 ], [ 112.4119, -8.157909998999969, 0.0 ], [ 112.41202, -8.1581, 0.0 ], [ 112.41218999900002, -8.15843, 0.0 ], [ 112.41227, -8.15858, 0.0 ], [ 112.41246, -8.15877, 0.0 ], [ 112.41298, -8.15892, 0.0 ], [ 112.413319999, -8.158979998999939, 0.0 ], [ 112.41399, -8.158999998999946, 0.0 ], [ 112.41419, -8.15899, 0.0 ], [ 112.41433, -8.158979998999939, 0.0 ], [ 112.415229999000076, -8.15875, 0.0 ], [ 112.41532, -8.158729998999945, 0.0 ], [ 112.415480000000116, -8.15886, 0.0 ], [ 112.41554, -8.15892, 0.0 ], [ 112.415619999000114, -8.15889, 0.0 ], [ 112.41582, -8.15879, 0.0 ], [ 112.416020000000117, -8.1587, 0.0 ], [ 112.41618, -8.15933, 0.0 ], [ 112.41636, -8.159779998999966, 0.0 ], [ 112.416479999000103, -8.15997, 0.0 ], [ 112.41673, -8.16024, 0.0 ], [ 112.41678, -8.16028, 0.0 ], [ 112.417039187000114, -8.160439499999939, 0.0 ], [ 112.417037921000087, -8.160441261999949, 0.0 ], [ 112.416618306000032, -8.161166072999947, 0.0 ], [ 112.416343649000055, -8.161658152999962, 0.0 ], [ 112.416252080000049, -8.16193375499995, 0.0 ], [ 112.416229182000052, -8.162278025999967, 0.0 ], [ 112.416213949000053, -8.163250799999958, 0.0 ], [ 112.416191051000055, -8.164275051999937, 0.0 ], [ 112.416084225000077, -8.165446146999955, 0.0 ], [ 112.415924010000026, -8.165971621999972, 0.0 ], [ 112.415740920000076, -8.166213877999951, 0.0 ], [ 112.415580682000041, -8.166308251999965, 0.0 ], [ 112.415382336000107, -8.166352137999979, 0.0 ], [ 112.415379826000049, -8.166351653999925, 0.0 ], [ 112.415031368000086, -8.166284434999966, 0.0 ], [ 112.414871177, -8.166061255999978, 0.0 ], [ 112.414489694000054, -8.165391790999934, 0.0 ], [ 112.414009025000041, -8.164368506999949, 0.0 ], [ 112.413673338000081, -8.163543567999966, 0.0 ], [ 112.413139305000072, -8.162134035999941, 0.0 ], [ 112.412780696000027, -8.161213731999965, 0.0 ], [ 112.412612863000049, -8.160818925999934, 0.0 ], [ 112.412345847000097, -8.160570019999966, 0.0 ], [ 112.412048291000019, -8.16041553499997, 0.0 ], [ 112.411628678000056, -8.16028868899997, 0.0 ], [ 112.411231936000036, -8.160332550999954, 0.0 ], [ 112.410507149000068, -8.160386906999975, 0.0 ], [ 112.409980709000024, -8.160551908999935, 0.0 ], [ 112.409233024000059, -8.160890449999954, 0.0 ], [ 112.408485339000094, -8.161314826999956, 0.0 ], [ 112.408004695000045, -8.161592336999945, 0.0 ], [ 112.40752405, -8.16180023499993, 0.0 ], [ 112.407165490000011, -8.161862232999965, 0.0 ], [ 112.406470221000063, -8.161826997999981, 0.0 ], [ 112.406356751000089, -8.161821247999967, 0.0 ], [ 112.406059196000115, -8.161831717999974, 0.0 ], [ 112.405860849000078, -8.161901330999967, 0.0 ], [ 112.405258121000088, -8.162341933999926, 0.0 ], [ 112.404716448000045, -8.16268811499998, 0.0 ], [ 112.404075565000085, -8.162974233999932, 0.0 ], [ 112.403526250000027, -8.163148762999981, 0.0 ], [ 112.402931162000073, -8.163253654999949, 0.0 ], [ 112.402145347000101, -8.16329942699997, 0.0 ], [ 112.40103143500005, -8.163157321999961, 0.0 ], [ 112.400009092, -8.162997107999956, 0.0 ], [ 112.399436880000053, -8.162999018999926, 0.0 ], [ 112.399116475000028, -8.163103909999961, 0.0 ], [ 112.398620549000043, -8.163501617999941, 0.0 ], [ 112.39792627700001, -8.164157733999957, 0.0 ], [ 112.39759059000005, -8.164314152999964, 0.0 ], [ 112.396789516000013, -8.164583079999943, 0.0 ], [ 112.396186765000039, -8.164766168999961, 0.0 ], [ 112.395866359000024, -8.16481099799995, 0.0 ], [ 112.395576420000111, -8.164776661999952, 0.0 ], [ 112.395263632000024, -8.16464889699995, 0.0 ], [ 112.394477791000099, -8.163834451999946, 0.0 ], [ 112.394012404000023, -8.163285137999935, 0.0 ], [ 112.393653819000065, -8.162777774999938, 0.0 ], [ 112.393325749000041, -8.162228458999948, 0.0 ], [ 112.39308160600001, -8.161996721999969, 0.0 ], [ 112.392890877000013, -8.161850796999943, 0.0 ], [ 112.392501777, -8.1617745099999, 0.0 ], [ 112.392234736000091, -8.161766869999951, 0.0 ], [ 112.391761708000104, -8.161837448999961, 0.0 ], [ 112.390869090000024, -8.162004337999974, 0.0 ], [ 112.390411320000112, -8.162100670999962, 0.0 ], [ 112.389961189000019, -8.162248481999939, 0.0 ], [ 112.389959629000032, -8.162249368999937, 0.0 ], [ 112.389959230000045, -8.162249595999981, 0.0 ], [ 112.38937, -8.16194, 0.0 ], [ 112.38864, -8.16143, 0.0 ], [ 112.38798, -8.16098, 0.0 ], [ 112.38737, -8.16053, 0.0 ], [ 112.387049999000055, -8.160149998999941, 0.0 ], [ 112.38657, -8.15942999899994, 0.0 ], [ 112.38593, -8.15905, 0.0 ], [ 112.385489999000015, -8.15899, 0.0 ], [ 112.385199999000065, -8.15918, 0.0 ], [ 112.38498, -8.1595, 0.0 ], [ 112.38463, -8.16013, 0.0 ], [ 112.38425, -8.16077, 0.0 ], [ 112.383619999000075, -8.16131, 0.0 ], [ 112.382859999000061, -8.16166, 0.0 ], [ 112.38219, -8.16172, 0.0 ], [ 112.381239999000059, -8.16152, 0.0 ], [ 112.37976, -8.161029998999936, 0.0 ], [ 112.37742, -8.16032, 0.0 ], [ 112.376260000000116, -8.16013, 0.0 ], [ 112.374903619000065, -8.160113147999937, 0.0 ], [ 112.375303369000108, -8.159741951999933, 0.0 ], [ 112.375803056000109, -8.159313648999955, 0.0 ], [ 112.376252774000022, -8.158906760999969, 0.0 ], [ 112.377987401000041, -8.159020974999976, 0.0 ], [ 112.380057532000023, -8.159056666999959, 0.0 ], [ 112.381128289000117, -8.15892103799996, 0.0 ], [ 112.382184770000094, -8.158892484999967, 0.0 ], [ 112.382591658000024, -8.158906760999969, 0.0 ], [ 112.382670180000105, -8.158778269999971, 0.0 ], [ 112.38272728700008, -8.158507011999973, 0.0 ], [ 112.382677319000095, -8.158271444999968, 0.0 ], [ 112.382472108000115, -8.158097209999937, 0.0 ], [ 112.382384314000092, -8.157984331999955, 0.0 ], [ 112.382289135000065, -8.157746384999939, 0.0 ], [ 112.38240810800005, -8.157008752999957, 0.0 ], [ 112.381837038000072, -8.156889779999972, 0.0 ], [ 112.381551502000093, -8.15691357399993, 0.0 ], [ 112.381289762000051, -8.156461476999937, 0.0 ], [ 112.380932843000096, -8.156318708999947, 0.0 ], [ 112.380766280000103, -8.156152146999943, 0.0 ], [ 112.380742486000031, -8.155890405999969, 0.0 ], [ 112.381004226000073, -8.155700048999961, 0.0 ], [ 112.381265967000104, -8.155462102999934, 0.0 ], [ 112.381289762000051, -8.154462728999931, 0.0 ], [ 112.381384940000089, -8.153011257999935, 0.0 ], [ 112.381527708000021, -8.152321213999926, 0.0 ], [ 112.381426317000091, -8.152100907999966, 0.0 ], [ 112.3801414080001, -8.151986693999959, 0.0 ], [ 112.379970087000061, -8.152100907999966, 0.0 ], [ 112.379655998000089, -8.15220560399996, 0.0 ], [ 112.379552755000077, -8.152191652999932, 0.0 ], [ 112.379552755000077, -8.152059473999941, 0.0 ], [ 112.379532266000069, -8.151891514999932, 0.0 ], [ 112.37973214100009, -8.151444176999973, 0.0 ], [ 112.379817801000058, -8.151225265999926, 0.0 ], [ 112.380480745000114, -8.150584207999941, 0.0 ], [ 112.381093192000094, -8.150311552999938, 0.0 ], [ 112.38133735100007, -8.150227288999929, 0.0 ], [ 112.38151231400002, -8.150262280999925, 0.0 ], [ 112.381531013000085, -8.151529836999941, 0.0 ], [ 112.381673781000018, -8.151548872999967, 0.0 ], [ 112.381702334000011, -8.152262710999935, 0.0 ], [ 112.381979805000014, -8.15234500899993, 0.0 ], [ 112.382378811000081, -8.152463760999979, 0.0 ], [ 112.382530387000088, -8.1524435499999, 0.0 ], [ 112.38332988600007, -8.152605353999945, 0.0 ], [ 112.38405324200005, -8.152805227999977, 0.0 ], [ 112.384462509000059, -8.152748120999945, 0.0 ], [ 112.385138276000021, -8.152519692999931, 0.0 ], [ 112.385412452000082, -8.1524972199999, 0.0 ], [ 112.386347042000011, -8.152253193999968, 0.0 ], [ 112.386746792000054, -8.152215121999973, 0.0 ], [ 112.387377044, -8.152321944999926, 0.0 ], [ 112.387785690000101, -8.152249830999949, 0.0 ], [ 112.387952253000094, -8.152059473999941, 0.0 ], [ 112.387970156000051, -8.151701412999955, 0.0 ], [ 112.388003147000063, -8.151206230999946, 0.0 ], [ 112.388060254000038, -8.150901659999931, 0.0 ], [ 112.388095020000037, -8.150489028999971, 0.0 ], [ 112.388166404000117, -8.150013136999974, 0.0 ], [ 112.388279165000085, -8.14961675099994, 0.0 ], [ 112.388412414000072, -8.149340732999974, 0.0 ], [ 112.388517111000056, -8.149274107999929, 0.0 ], [ 112.388669396000068, -8.149283625999942, 0.0 ], [ 112.388793128000088, -8.149283625999942, 0.0 ], [ 112.388888307000116, -8.149188447999961, 0.0 ], [ 112.389021557000092, -8.149017126999979, 0.0 ], [ 112.389211913000054, -8.148864840999977, 0.0 ], [ 112.389361184000109, -8.148781912999937, 0.0 ], [ 112.389689259000079, -8.148276130999932, 0.0 ], [ 112.389665464000018, -8.148109567999938, 0.0 ], [ 112.389118188000111, -8.148085773999981, 0.0 ], [ 112.389046805000021, -8.147800237999945, 0.0 ], [ 112.389213367000025, -8.147514702999956, 0.0 ], [ 112.389308545000063, -8.147252961999925, 0.0 ], [ 112.389213367000025, -8.146943631999932, 0.0 ], [ 112.388880242000027, -8.14675327599997, 0.0 ], [ 112.388785064000103, -8.146515329999943, 0.0 ], [ 112.389070599000092, -8.145396982999955, 0.0 ], [ 112.389427518000048, -8.14542077699997, 0.0 ], [ 112.38987961600003, -8.14542077699997, 0.0 ], [ 112.390141357000061, -8.145206625999947, 0.0 ], [ 112.390093767000053, -8.144944884999973, 0.0 ], [ 112.389356135000071, -8.144254841999953, 0.0 ], [ 112.38885644800007, -8.143850332999932, 0.0 ], [ 112.388761269000042, -8.143731359999947, 0.0 ], [ 112.38909439400004, -8.143493413999977, 0.0 ], [ 112.389141983000059, -8.143160288999979, 0.0 ], [ 112.388832653, -8.142827164999972, 0.0 ], [ 112.388570912000091, -8.14256542399994, 0.0 ], [ 112.388523323000072, -8.142208504999928, 0.0 ], [ 112.388594707000038, -8.141875380999977, 0.0 ], [ 112.388761269000042, -8.141708817999927, 0.0 ], [ 112.389023010000074, -8.141566050999927, 0.0 ], [ 112.38933234000001, -8.141423282999938, 0.0 ], [ 112.389665464000018, -8.14123292599993, 0.0 ], [ 112.38987961600003, -8.14109015799994, 0.0 ], [ 112.390331714000013, -8.141304309999953, 0.0 ], [ 112.390760016000058, -8.141637433999961, 0.0 ], [ 112.391212114000041, -8.141708817999927, 0.0 ], [ 112.391759390000061, -8.141637433999961, 0.0 ], [ 112.391902158000107, -8.139662481999949, 0.0 ], [ 112.392092515000058, -8.13961489299993, 0.0 ], [ 112.391899009000099, -8.138026486999934, 0.0 ], [ 112.391930000000116, -8.137979998999981, 0.0 ], [ 112.391930000000116, -8.13783, 0.0 ], [ 112.39187, -8.13752, 0.0 ], [ 112.3917, -8.13721, 0.0 ], [ 112.39156, -8.13686, 0.0 ], [ 112.39156, -8.13666, 0.0 ], [ 112.39172, -8.1366, 0.0 ], [ 112.39186, -8.1366, 0.0 ], [ 112.39201, -8.1367, 0.0 ], [ 112.39236, -8.1369, 0.0 ], [ 112.39264, -8.13693, 0.0 ], [ 112.39276471200003, -8.136747641999932, 0.0 ], [ 112.392979065000077, -8.136862666999946, 0.0 ], [ 112.39303, -8.13689, 0.0 ], [ 112.39322, -8.13697, 0.0 ], [ 112.39334, -8.13689, 0.0 ], [ 112.39394, -8.136379998999928, 0.0 ], [ 112.39401, -8.136319998999966, 0.0 ], [ 112.394230000000107, -8.13621, 0.0 ], [ 112.39435, -8.1361, 0.0 ], [ 112.394499999000118, -8.136299998999959, 0.0 ], [ 112.39469, -8.13639, 0.0 ], [ 112.395040000000108, -8.13639, 0.0 ], [ 112.39595, -8.136319998999966, 0.0 ], [ 112.39617, -8.13625, 0.0 ], [ 112.396570000000111, -8.13602, 0.0 ], [ 112.397380000000112, -8.13553, 0.0 ], [ 112.39758, -8.135539998999946, 0.0 ], [ 112.397659999000098, -8.13561, 0.0 ], [ 112.39791, -8.135929998999927, 0.0 ], [ 112.398109999000098, -8.13613, 0.0 ], [ 112.39825, -8.13617, 0.0 ], [ 112.398550000000114, -8.13618, 0.0 ], [ 112.398869999000112, -8.13613, 0.0 ], [ 112.39919, -8.13602, 0.0 ], [ 112.39933, -8.136029998999959, 0.0 ], [ 112.39952, -8.13618, 0.0 ], [ 112.40007, -8.13659, 0.0 ], [ 112.400710000000117, -8.13693, 0.0 ], [ 112.40104, -8.13711, 0.0 ], [ 112.40161, -8.13744, 0.0 ], [ 112.40196, -8.13754, 0.0 ], [ 112.40237, -8.13763, 0.0 ], [ 112.403099999, -8.13772, 0.0 ], [ 112.40326, -8.13768, 0.0 ], [ 112.40374, -8.13741, 0.0 ], [ 112.403919999000095, -8.13729, 0.0 ], [ 112.40458, -8.13692, 0.0 ], [ 112.40484, -8.1369, 0.0 ], [ 112.405080000000112, -8.13694, 0.0 ], [ 112.40529, -8.13707, 0.0 ], [ 112.405800000000113, -8.1375, 0.0 ], [ 112.406030000000101, -8.13778, 0.0 ] ] ] ] } },
{ "type": "Feature", "properties": { "OBJECTID": 116241.0, "KDPPUM": "35", "NAMOBJ": "Kesamben", "REMARK": null, "KDPBPS": null, "FCODE": "BA03070040", "LUASWH": 4.59901784, "UUPP": "Hasil Delineasi Batas Desa 2019", "SRS_ID": "SRGI 2013", "METADATA": "TASWIL1000020200326DATA_BATAS_DESA_KELURAHAN", "KDEBPS": null, "KDEPUM": "35.05.19.2002", "KDCBPS": null, "KDCPUM": "35.05.19", "KDBBPS": null, "WADMKD": "Kesamben", "WIADKD": null, "WADMKC": "Kesamben", "WIADKC": null, "WADMKK": "Blitar", "WIADKK": null, "WADMPR": "Jawa Timur", "WIADPR": null, "TIPADM": 1.0, "KDPKAB": "35.05", "SHAPE_Leng": 0.112680728346519, "SHAPE_Area": 0.000377422521921 }, "geometry": { "type": "MultiPolygon", "coordinates": [ [ [ [ 112.36582, -8.12603, 0.0 ], [ 112.366009999000084, -8.12652, 0.0 ], [ 112.36625, -8.12716, 0.0 ], [ 112.366212704000077, -8.128042780999976, 0.0 ], [ 112.366129422000085, -8.128613850999955, 0.0 ], [ 112.365486968000027, -8.128756618999944, 0.0 ], [ 112.365499089000082, -8.1286504, 0.0 ], [ 112.364547081000069, -8.128899386999933, 0.0 ], [ 112.364555355000107, -8.12903950599997, 0.0 ], [ 112.364594670000088, -8.130101013999933, 0.0 ], [ 112.364468531000057, -8.131135090999976, 0.0 ], [ 112.364444764000041, -8.131307400999958, 0.0 ], [ 112.364463800000067, -8.13147872199994, 0.0 ], [ 112.365891476000115, -8.131783292999955, 0.0 ], [ 112.365962860000081, -8.13181422599996, 0.0 ], [ 112.365629736000074, -8.132599447999951, 0.0 ], [ 112.36543099700009, -8.132818466999936, 0.0 ], [ 112.365244263000022, -8.133191933999967, 0.0 ], [ 112.364920656000095, -8.13343939799995, 0.0 ], [ 112.364882585000032, -8.133591683999953, 0.0 ], [ 112.364939692, -8.133763004999935, 0.0 ], [ 112.365244263000022, -8.133839147999936, 0.0 ], [ 112.365529798000011, -8.13397239699998, 0.0 ], [ 112.365544075000116, -8.134276967999938, 0.0 ], [ 112.367471438000052, -8.134862315999953, 0.0 ], [ 112.369027606000031, -8.135676090999937, 0.0 ], [ 112.369284588000028, -8.1359045199999, 0.0 ], [ 112.369141820000095, -8.13668974199993, 0.0 ], [ 112.36889911500009, -8.136846785999978, 0.0 ], [ 112.368884838000099, -8.136975276999976, 0.0 ], [ 112.368756347000044, -8.137403579999955, 0.0 ], [ 112.368742071000042, -8.137789052999949, 0.0 ], [ 112.368784901000026, -8.137903266999956, 0.0 ], [ 112.369298865000019, -8.137974650999979, 0.0 ], [ 112.370069810000018, -8.138203078999936, 0.0 ], [ 112.370669434000092, -8.138445783999941, 0.0 ], [ 112.37112629100011, -8.138545720999957, 0.0 ], [ 112.371154844000102, -8.138702765999938, 0.0 ], [ 112.370855032, -8.139716415999942, 0.0 ], [ 112.370226854000066, -8.139673585999958, 0.0 ], [ 112.370184024000082, -8.139930567999954, 0.0 ], [ 112.370055533000027, -8.140173272999959, 0.0 ], [ 112.369793589000096, -8.140895877999981, 0.0 ], [ 112.3698, -8.1409, 0.0 ], [ 112.370050000000106, -8.14107, 0.0 ], [ 112.370177013000102, -8.141171609999958, 0.0 ], [ 112.370650398000066, -8.141156088999935, 0.0 ], [ 112.371019215000047, -8.141489213999932, 0.0 ], [ 112.370864550000078, -8.141953208999951, 0.0 ], [ 112.371280956000078, -8.142024592999974, 0.0 ], [ 112.372054280000043, -8.142262538999944, 0.0 ], [ 112.372273134000011, -8.142335489999937, 0.0 ], [ 112.372197048000089, -8.14357124199995, 0.0 ], [ 112.372280329000091, -8.143702112999961, 0.0 ], [ 112.372423097000024, -8.143702112999961, 0.0 ], [ 112.372815708000076, -8.14344037199993, 0.0 ], [ 112.373437833000025, -8.143074872999932, 0.0 ], [ 112.37355, -8.143419998999946, 0.0 ], [ 112.37364, -8.14392, 0.0 ], [ 112.37369, -8.14433, 0.0 ], [ 112.37323, -8.14474, 0.0 ], [ 112.3731, -8.14487, 0.0 ], [ 112.37302000000011, -8.14506, 0.0 ], [ 112.37277, -8.14549, 0.0 ], [ 112.372619999000108, -8.145759998999949, 0.0 ], [ 112.3725, -8.14595, 0.0 ], [ 112.372249999000019, -8.146169998999937, 0.0 ], [ 112.372030000000109, -8.14647, 0.0 ], [ 112.371899999000107, -8.14663, 0.0 ], [ 112.37169, -8.14674, 0.0 ], [ 112.37155, -8.14679, 0.0 ], [ 112.371449999000106, -8.14692, 0.0 ], [ 112.37138, -8.147299998999927, 0.0 ], [ 112.37136, -8.14753, 0.0 ], [ 112.371220000000108, -8.14784, 0.0 ], [ 112.371130000000107, -8.148019998999928, 0.0 ], [ 112.37109999900008, -8.14836, 0.0 ], [ 112.37087, -8.14874, 0.0 ], [ 112.37074, -8.14889999899998, 0.0 ], [ 112.37042, -8.14893, 0.0 ], [ 112.37025, -8.148939998999936, 0.0 ], [ 112.37016, -8.1494, 0.0 ], [ 112.37003, -8.149679998999943, 0.0 ], [ 112.36992, -8.14986, 0.0 ], [ 112.369849999000053, -8.15012, 0.0 ], [ 112.36988, -8.15026, 0.0 ], [ 112.37009, -8.15053, 0.0 ], [ 112.37031, -8.15072, 0.0 ], [ 112.37053, -8.150909998999964, 0.0 ], [ 112.3706, -8.15101, 0.0 ], [ 112.37056, -8.15121, 0.0 ], [ 112.370339999000066, -8.151569998999946, 0.0 ], [ 112.37015, -8.15186, 0.0 ], [ 112.3699, -8.15256, 0.0 ], [ 112.36988, -8.15262, 0.0 ], [ 112.36981, -8.15285, 0.0 ], [ 112.36963, -8.15314, 0.0 ], [ 112.369479999000077, -8.1533, 0.0 ], [ 112.36927, -8.15348, 0.0 ], [ 112.36923, -8.15353, 0.0 ], [ 112.369069999000089, -8.15355, 0.0 ], [ 112.36898, -8.15345, 0.0 ], [ 112.36886, -8.15342, 0.0 ], [ 112.36871, -8.15345, 0.0 ], [ 112.368560000000116, -8.153559998999981, 0.0 ], [ 112.36849, -8.15367, 0.0 ], [ 112.368430000000103, -8.15390999899995, 0.0 ], [ 112.368430000000103, -8.1542, 0.0 ], [ 112.368389999000101, -8.15452, 0.0 ], [ 112.36832, -8.1546, 0.0 ], [ 112.36817, -8.15466, 0.0 ], [ 112.36801, -8.15463, 0.0 ], [ 112.36787, -8.15452, 0.0 ], [ 112.36777, -8.154359998999951, 0.0 ], [ 112.36758, -8.15394, 0.0 ], [ 112.36738, -8.15351, 0.0 ], [ 112.36729, -8.15346, 0.0 ], [ 112.36713, -8.15345, 0.0 ], [ 112.36686, -8.15351, 0.0 ], [ 112.36626, -8.15368, 0.0 ], [ 112.365969999000072, -8.15377, 0.0 ], [ 112.36535, -8.153949998999963, 0.0 ], [ 112.36492, -8.154029998999931, 0.0 ], [ 112.364779999, -8.15408, 0.0 ], [ 112.36468, -8.15415, 0.0 ], [ 112.36452, -8.15433, 0.0 ], [ 112.364469999000107, -8.1545, 0.0 ], [ 112.36453, -8.15461, 0.0 ], [ 112.36469000000011, -8.15474, 0.0 ], [ 112.364827591000108, -8.154803502999926, 0.0 ], [ 112.364737041000012, -8.155193223999959, 0.0 ], [ 112.364489577000086, -8.155212258999939, 0.0 ], [ 112.363937542000031, -8.154983830999981, 0.0 ], [ 112.360720511000068, -8.154507938999927, 0.0 ], [ 112.360089389000109, -8.154444208999962, 0.0 ], [ 112.359965657000089, -8.154225298999961, 0.0 ], [ 112.359879996000018, -8.154063494999946, 0.0 ], [ 112.359718193000049, -8.153892173999964, 0.0 ], [ 112.359575425000116, -8.153749406999964, 0.0 ], [ 112.359451693000096, -8.153692298999943, 0.0 ], [ 112.359289890000014, -8.153568566999979, 0.0 ], [ 112.359138289000043, -8.153454866999937, 0.0 ], [ 112.35912, -8.1534, 0.0 ], [ 112.358929999000111, -8.153209998999955, 0.0 ], [ 112.3587500000001, -8.15298, 0.0 ], [ 112.358610000000112, -8.15271, 0.0 ], [ 112.358129999000084, -8.15262, 0.0 ], [ 112.35799, -8.1525, 0.0 ], [ 112.35792, -8.15232999899996, 0.0 ], [ 112.35793, -8.15216, 0.0 ], [ 112.35792, -8.151939998999978, 0.0 ], [ 112.357799999, -8.15183, 0.0 ], [ 112.35765, -8.15177, 0.0 ], [ 112.357409999000083, -8.15177, 0.0 ], [ 112.35711, -8.15186, 0.0 ], [ 112.35688, -8.1519, 0.0 ], [ 112.35675, -8.15186, 0.0 ], [ 112.356649999000069, -8.15176, 0.0 ], [ 112.356509999000082, -8.151669998999978, 0.0 ], [ 112.35586, -8.15134, 0.0 ], [ 112.35574, -8.151139998999952, 0.0 ], [ 112.35561, -8.150769998999976, 0.0 ], [ 112.35545, -8.15021, 0.0 ], [ 112.35549, -8.15008, 0.0 ], [ 112.35562, -8.14992, 0.0 ], [ 112.35593, -8.14963999899993, 0.0 ], [ 112.35606, -8.14951, 0.0 ], [ 112.356090000000108, -8.14936, 0.0 ], [ 112.356159999000056, -8.14918999899993, 0.0 ], [ 112.356199999000069, -8.149, 0.0 ], [ 112.35615, -8.148859998999967, 0.0 ], [ 112.35607, -8.148819998999954, 0.0 ], [ 112.3559, -8.148859998999967, 0.0 ], [ 112.35551, -8.14901, 0.0 ], [ 112.35522, -8.14911, 0.0 ], [ 112.355049999000016, -8.14904, 0.0 ], [ 112.35496, -8.14896, 0.0 ], [ 112.354969999000105, -8.148879998999973, 0.0 ], [ 112.35514, -8.14856, 0.0 ], [ 112.35535, -8.14837, 0.0 ], [ 112.35569, -8.14803, 0.0 ], [ 112.35576, -8.147749998999927, 0.0 ], [ 112.35576, -8.14751, 0.0 ], [ 112.3558, -8.14737, 0.0 ], [ 112.35606, -8.14666, 0.0 ], [ 112.355910000000108, -8.14664, 0.0 ], [ 112.35576, -8.1467, 0.0 ], [ 112.35548, -8.14682, 0.0 ], [ 112.35518, -8.14686, 0.0 ], [ 112.35498, -8.14681, 0.0 ], [ 112.35482, -8.14671, 0.0 ], [ 112.35475, -8.146579998999925, 0.0 ], [ 112.35472, -8.14639, 0.0 ], [ 112.35473, -8.1462, 0.0 ], [ 112.35479, -8.14605, 0.0 ], [ 112.3549, -8.14595, 0.0 ], [ 112.354969999000105, -8.14589, 0.0 ], [ 112.35527, -8.14569, 0.0 ], [ 112.35539, -8.14555, 0.0 ], [ 112.35548, -8.14544, 0.0 ], [ 112.35549, -8.145329998999955, 0.0 ], [ 112.35543, -8.14517, 0.0 ], [ 112.3553, -8.14503, 0.0 ], [ 112.35518, -8.14499, 0.0 ], [ 112.35498, -8.145039998999948, 0.0 ], [ 112.3545, -8.14515, 0.0 ], [ 112.35444, -8.1451, 0.0 ], [ 112.354470000000106, -8.145019998999942, 0.0 ], [ 112.35459, -8.14487, 0.0 ], [ 112.35485, -8.144649998999967, 0.0 ], [ 112.355100000000107, -8.14439, 0.0 ], [ 112.35514, -8.14423, 0.0 ], [ 112.355069999000079, -8.14411999899994, 0.0 ], [ 112.35488, -8.14397, 0.0 ], [ 112.354659999000091, -8.14391, 0.0 ], [ 112.35422999900004, -8.1439, 0.0 ], [ 112.35387, -8.14387, 0.0 ], [ 112.35362, -8.143789998999978, 0.0 ], [ 112.3535, -8.14369, 0.0 ], [ 112.353429999000014, -8.14348, 0.0 ], [ 112.35344, -8.14331, 0.0 ], [ 112.35354, -8.14311, 0.0 ], [ 112.35368, -8.143009998999958, 0.0 ], [ 112.353799999000103, -8.143009998999958, 0.0 ], [ 112.354060000000118, -8.14302, 0.0 ], [ 112.35416, -8.14296, 0.0 ], [ 112.354189999000027, -8.14288, 0.0 ], [ 112.35413, -8.14277, 0.0 ], [ 112.353930000000105, -8.14257, 0.0 ], [ 112.35383, -8.14245, 0.0 ], [ 112.35399, -8.14206, 0.0 ], [ 112.35441, -8.14078, 0.0 ], [ 112.35445, -8.14041, 0.0 ], [ 112.35442, -8.14023, 0.0 ], [ 112.35435, -8.14013, 0.0 ], [ 112.35428, -8.14012, 0.0 ], [ 112.35383, -8.140199998999947, 0.0 ], [ 112.35367, -8.14014, 0.0 ], [ 112.35342, -8.14, 0.0 ], [ 112.35336, -8.13990999899994, 0.0 ], [ 112.35335, -8.13972, 0.0 ], [ 112.35331, -8.13943, 0.0 ], [ 112.35322, -8.1393, 0.0 ], [ 112.353099999000051, -8.13922, 0.0 ], [ 112.35293, -8.1392, 0.0 ], [ 112.35247, -8.139169998999932, 0.0 ], [ 112.35242, -8.1391, 0.0 ], [ 112.35245, -8.13897, 0.0 ], [ 112.352530000000115, -8.13879, 0.0 ], [ 112.352620000000115, -8.13857, 0.0 ], [ 112.352609999000038, -8.138349998999956, 0.0 ], [ 112.35254, -8.13809, 0.0 ], [ 112.35243, -8.137859998999943, 0.0 ], [ 112.35227, -8.137469998999961, 0.0 ], [ 112.35233, -8.13739, 0.0 ], [ 112.35243, -8.13736, 0.0 ], [ 112.352689999000063, -8.1374, 0.0 ], [ 112.35278, -8.13739, 0.0 ], [ 112.35301, -8.13728, 0.0 ], [ 112.35313, -8.137119998999935, 0.0 ], [ 112.353520000000117, -8.13653, 0.0 ], [ 112.35359, -8.13651, 0.0 ], [ 112.353779999000039, -8.13658, 0.0 ], [ 112.35403, -8.13678, 0.0 ], [ 112.35422999900004, -8.1369, 0.0 ], [ 112.35435, -8.13686, 0.0 ], [ 112.35442, -8.13676, 0.0 ], [ 112.35442, -8.13659, 0.0 ], [ 112.354380000000106, -8.136359998999978, 0.0 ], [ 112.354269999000053, -8.13624, 0.0 ], [ 112.35416, -8.13618, 0.0 ], [ 112.35364, -8.135949998999934, 0.0 ], [ 112.35359, -8.13583, 0.0 ], [ 112.3536, -8.13571, 0.0 ], [ 112.35368, -8.13568, 0.0 ], [ 112.3548, -8.13535, 0.0 ], [ 112.355029999000067, -8.135209998999926, 0.0 ], [ 112.355190000000107, -8.13508, 0.0 ], [ 112.355280000000107, -8.13492, 0.0 ], [ 112.355359999000029, -8.13446, 0.0 ], [ 112.35535, -8.13422, 0.0 ], [ 112.35524, -8.133689998999955, 0.0 ], [ 112.35515, -8.133549998999968, 0.0 ], [ 112.355049999000016, -8.13353, 0.0 ], [ 112.354659999000091, -8.13351, 0.0 ], [ 112.354639999000028, -8.13345, 0.0 ], [ 112.35469, -8.133239998999954, 0.0 ], [ 112.354920000000106, -8.13286, 0.0 ], [ 112.35487, -8.13273, 0.0 ], [ 112.35476, -8.13261, 0.0 ], [ 112.35428, -8.13218, 0.0 ], [ 112.35426, -8.132069998999953, 0.0 ], [ 112.35433, -8.132, 0.0 ], [ 112.35454, -8.13185, 0.0 ], [ 112.354679999000041, -8.13171, 0.0 ], [ 112.35471, -8.13157, 0.0 ], [ 112.354679999000041, -8.13152, 0.0 ], [ 112.35467, -8.13137, 0.0 ], [ 112.35484, -8.13126, 0.0 ], [ 112.35506, -8.13107, 0.0 ], [ 112.35509, -8.13096, 0.0 ], [ 112.35511, -8.1307, 0.0 ], [ 112.355, -8.13054, 0.0 ], [ 112.35488, -8.13028, 0.0 ], [ 112.355009999000117, -8.13023, 0.0 ], [ 112.35518, -8.13022, 0.0 ], [ 112.35539, -8.13027, 0.0 ], [ 112.35592, -8.130429998999944, 0.0 ], [ 112.35603, -8.1304, 0.0 ], [ 112.35611, -8.13029, 0.0 ], [ 112.356090000000108, -8.13018, 0.0 ], [ 112.35605, -8.12996, 0.0 ], [ 112.356159999000056, -8.12991, 0.0 ], [ 112.35637, -8.12988, 0.0 ], [ 112.35667, -8.1299, 0.0 ], [ 112.35756, -8.13003, 0.0 ], [ 112.358169999000097, -8.130099998999981, 0.0 ], [ 112.35867, -8.130059998999968, 0.0 ], [ 112.3588400000001, -8.12996, 0.0 ], [ 112.35962, -8.12911, 0.0 ], [ 112.359729999000024, -8.12884, 0.0 ], [ 112.359769999000036, -8.12859999899996, 0.0 ], [ 112.359740000000102, -8.12822, 0.0 ], [ 112.35964, -8.127719998999964, 0.0 ], [ 112.35955, -8.12766, 0.0 ], [ 112.3594, -8.127679998999952, 0.0 ], [ 112.35896999900001, -8.12773, 0.0 ], [ 112.35885, -8.12769, 0.0 ], [ 112.3588, -8.12758, 0.0 ], [ 112.3589, -8.12732, 0.0 ], [ 112.35907, -8.12712, 0.0 ], [ 112.35916, -8.127039998999976, 0.0 ], [ 112.359740000000102, -8.12652, 0.0 ], [ 112.359920000000102, -8.12644, 0.0 ], [ 112.36009, -8.12643, 0.0 ], [ 112.3606, -8.12650999899995, 0.0 ], [ 112.36062, -8.1266, 0.0 ], [ 112.36058, -8.12676, 0.0 ], [ 112.360549999000114, -8.12693, 0.0 ], [ 112.36065, -8.12699, 0.0 ], [ 112.36078, -8.126959998999951, 0.0 ], [ 112.36089, -8.126879998999925, 0.0 ], [ 112.36115, -8.12673, 0.0 ], [ 112.36128, -8.12674, 0.0 ], [ 112.36147, -8.12686, 0.0 ], [ 112.3618, -8.126999998999963, 0.0 ], [ 112.36196, -8.12689, 0.0 ], [ 112.362129999000103, -8.12668, 0.0 ], [ 112.362439999000117, -8.126139998999975, 0.0 ], [ 112.362710000000106, -8.12578, 0.0 ], [ 112.36284, -8.12569, 0.0 ], [ 112.36293, -8.12562, 0.0 ], [ 112.36332, -8.125809998999955, 0.0 ], [ 112.36368, -8.12588, 0.0 ], [ 112.36399, -8.12586, 0.0 ], [ 112.364059999, -8.125809998999955, 0.0 ], [ 112.36417, -8.12584, 0.0 ], [ 112.36431, -8.12589, 0.0 ], [ 112.36466, -8.12601, 0.0 ], [ 112.36493, -8.12605, 0.0 ], [ 112.36531, -8.126139998999975, 0.0 ], [ 112.365348634000043, -8.126134479999962, 0.0 ], [ 112.365590000000111, -8.126099998999962, 0.0 ], [ 112.36582, -8.12603, 0.0 ] ] ] ] } },
{ "type": "Feature", "properties": { "OBJECTID": 116242.0, "KDPPUM": "35", "NAMOBJ": "Pagergunung", "REMARK": null, "KDPBPS": null, "FCODE": "BA03070040", "LUASWH": 5.52127791, "UUPP": "Hasil Delineasi Batas Desa 2019", "SRS_ID": "SRGI 2013", "METADATA": "TASWIL1000020200326DATA_BATAS_DESA_KELURAHAN", "KDEBPS": null, "KDEPUM": "35.05.19.2005", "KDCBPS": null, "KDCPUM": "35.05.19", "KDBBPS": null, "WADMKD": "Pagergunung", "WIADKD": null, "WADMKC": "Kesamben", "WIADKC": null, "WADMKK": "Blitar", "WIADKK": null, "WADMPR": "Jawa Timur", "WIADPR": null, "TIPADM": 1.0, "KDPKAB": "35.05", "SHAPE_Leng": 0.16026488337386499, "SHAPE_Area": 0.00045310728327700001 }, "geometry": { "type": "MultiPolygon", "coordinates": [ [ [ [ 112.39599, -8.12601, 0.0 ], [ 112.39523, -8.12664, 0.0 ], [ 112.39517, -8.12684, 0.0 ], [ 112.39516, -8.12719, 0.0 ], [ 112.39523, -8.127699998999958, 0.0 ], [ 112.39523, -8.1279, 0.0 ], [ 112.395074121000107, -8.12794796299994, 0.0 ], [ 112.394846741000038, -8.12784845799996, 0.0 ], [ 112.394632589000025, -8.127753278999933, 0.0 ], [ 112.394466027000021, -8.127741381999954, 0.0 ], [ 112.394228081000051, -8.12784845799996, 0.0 ], [ 112.3940377240001, -8.127979327999981, 0.0 ], [ 112.393871162000096, -8.128193479999936, 0.0 ], [ 112.393799778000016, -8.128348144999961, 0.0 ], [ 112.393779999000117, -8.12859, 0.0 ], [ 112.393918751000115, -8.128681268999969, 0.0 ], [ 112.394073416000083, -8.128705063999973, 0.0 ], [ 112.39427567000007, -8.128705063999973, 0.0 ], [ 112.394525514000065, -8.128645576999929, 0.0 ], [ 112.394715870000027, -8.128550398999948, 0.0 ], [ 112.395025200000077, -8.128490911999961, 0.0 ], [ 112.395156071000088, -8.128526603999944, 0.0 ], [ 112.39523, -8.12872, 0.0 ], [ 112.395250996000073, -8.129103013999952, 0.0 ], [ 112.39523, -8.12918, 0.0 ], [ 112.39503, -8.12974, 0.0 ], [ 112.394969999000068, -8.12987, 0.0 ], [ 112.39471, -8.130429998999944, 0.0 ], [ 112.39457, -8.13076, 0.0 ], [ 112.394519999000067, -8.130839998999932, 0.0 ], [ 112.394169999000042, -8.13074, 0.0 ], [ 112.393960000000106, -8.13066, 0.0 ], [ 112.39386, -8.13065, 0.0 ], [ 112.39373, -8.13072, 0.0 ], [ 112.393699999000091, -8.13083, 0.0 ], [ 112.39416, -8.13173, 0.0 ], [ 112.39428, -8.132, 0.0 ], [ 112.39453, -8.13255, 0.0 ], [ 112.39469, -8.132869998999979, 0.0 ], [ 112.394765067000094, -8.133138989999964, 0.0 ], [ 112.394644487000051, -8.133356909999975, 0.0 ], [ 112.394561205000059, -8.133404498999937, 0.0 ], [ 112.394299465000017, -8.133404498999937, 0.0 ], [ 112.393787881000094, -8.133392601999958, 0.0 ], [ 112.393403177000096, -8.13341787, 0.0 ], [ 112.393180234000056, -8.13342993599997, 0.0 ], [ 112.39318, -8.13343, 0.0 ], [ 112.39289, -8.13373, 0.0 ], [ 112.392777939000098, -8.133888751999962, 0.0 ], [ 112.392796892000092, -8.134088245999976, 0.0 ], [ 112.392899999000065, -8.134329998999931, 0.0 ], [ 112.3932367970001, -8.134398732999955, 0.0 ], [ 112.393395270000042, -8.134332488999974, 0.0 ], [ 112.393686955000021, -8.13427214099994, 0.0 ], [ 112.393762500000093, -8.134308694999959, 0.0 ], [ 112.393823573000077, -8.13443956499998, 0.0 ], [ 112.393870000000106, -8.134719998999969, 0.0 ], [ 112.393787881000094, -8.134891662999962, 0.0 ], [ 112.393690000000106, -8.1352, 0.0 ], [ 112.393504620000044, -8.135404025999946, 0.0 ], [ 112.39346686600004, -8.135514142999966, 0.0 ], [ 112.39334258100007, -8.135848545999977, 0.0 ], [ 112.39276471200003, -8.136747641999932, 0.0 ], [ 112.39264, -8.13693, 0.0 ], [ 112.39236, -8.1369, 0.0 ], [ 112.39201, -8.1367, 0.0 ], [ 112.39186, -8.1366, 0.0 ], [ 112.39172, -8.1366, 0.0 ], [ 112.39156, -8.13666, 0.0 ], [ 112.39156, -8.13686, 0.0 ], [ 112.3917, -8.13721, 0.0 ], [ 112.39187, -8.13752, 0.0 ], [ 112.391930000000116, -8.13783, 0.0 ], [ 112.391930000000116, -8.137979998999981, 0.0 ], [ 112.391899009000099, -8.138026486999934, 0.0 ], [ 112.392092515000058, -8.13961489299993, 0.0 ], [ 112.391902158000107, -8.139662481999949, 0.0 ], [ 112.391759390000061, -8.141637433999961, 0.0 ], [ 112.391212114000041, -8.141708817999927, 0.0 ], [ 112.390760016000058, -8.141637433999961, 0.0 ], [ 112.390331714000013, -8.141304309999953, 0.0 ], [ 112.38987961600003, -8.14109015799994, 0.0 ], [ 112.389665464000018, -8.14123292599993, 0.0 ], [ 112.38933234000001, -8.141423282999938, 0.0 ], [ 112.389023010000074, -8.141566050999927, 0.0 ], [ 112.388761269000042, -8.141708817999927, 0.0 ], [ 112.388594707000038, -8.141875380999977, 0.0 ], [ 112.388523323000072, -8.142208504999928, 0.0 ], [ 112.388570912000091, -8.14256542399994, 0.0 ], [ 112.388832653, -8.142827164999972, 0.0 ], [ 112.389141983000059, -8.143160288999979, 0.0 ], [ 112.38909439400004, -8.143493413999977, 0.0 ], [ 112.388761269000042, -8.143731359999947, 0.0 ], [ 112.38885644800007, -8.143850332999932, 0.0 ], [ 112.389356135000071, -8.144254841999953, 0.0 ], [ 112.390093767000053, -8.144944884999973, 0.0 ], [ 112.390141357000061, -8.145206625999947, 0.0 ], [ 112.38987961600003, -8.14542077699997, 0.0 ], [ 112.389427518000048, -8.14542077699997, 0.0 ], [ 112.389070599000092, -8.145396982999955, 0.0 ], [ 112.388785064000103, -8.146515329999943, 0.0 ], [ 112.388880242000027, -8.14675327599997, 0.0 ], [ 112.389213367000025, -8.146943631999932, 0.0 ], [ 112.389308545000063, -8.147252961999925, 0.0 ], [ 112.389213367000025, -8.147514702999956, 0.0 ], [ 112.389046805000021, -8.147800237999945, 0.0 ], [ 112.389118188000111, -8.148085773999981, 0.0 ], [ 112.389665464000018, -8.148109567999938, 0.0 ], [ 112.389689259000079, -8.148276130999932, 0.0 ], [ 112.389361184000109, -8.148781912999937, 0.0 ], [ 112.389211913000054, -8.148864840999977, 0.0 ], [ 112.389021557000092, -8.149017126999979, 0.0 ], [ 112.388888307000116, -8.149188447999961, 0.0 ], [ 112.388793128000088, -8.149283625999942, 0.0 ], [ 112.388669396000068, -8.149283625999942, 0.0 ], [ 112.388517111000056, -8.149274107999929, 0.0 ], [ 112.388412414000072, -8.149340732999974, 0.0 ], [ 112.388279165000085, -8.14961675099994, 0.0 ], [ 112.388166404000117, -8.150013136999974, 0.0 ], [ 112.388095020000037, -8.150489028999971, 0.0 ], [ 112.388060254000038, -8.150901659999931, 0.0 ], [ 112.388003147000063, -8.151206230999946, 0.0 ], [ 112.387970156000051, -8.151701412999955, 0.0 ], [ 112.387952253000094, -8.152059473999941, 0.0 ], [ 112.387785690000101, -8.152249830999949, 0.0 ], [ 112.387377044, -8.152321944999926, 0.0 ], [ 112.386746792000054, -8.152215121999973, 0.0 ], [ 112.386347042000011, -8.152253193999968, 0.0 ], [ 112.385412452000082, -8.1524972199999, 0.0 ], [ 112.385138276000021, -8.152519692999931, 0.0 ], [ 112.384462509000059, -8.152748120999945, 0.0 ], [ 112.38405324200005, -8.152805227999977, 0.0 ], [ 112.38332988600007, -8.152605353999945, 0.0 ], [ 112.382530387000088, -8.1524435499999, 0.0 ], [ 112.382378811000081, -8.152463760999979, 0.0 ], [ 112.381979805000014, -8.15234500899993, 0.0 ], [ 112.381702334000011, -8.152262710999935, 0.0 ], [ 112.381673781000018, -8.151548872999967, 0.0 ], [ 112.381531013000085, -8.151529836999941, 0.0 ], [ 112.38151231400002, -8.150262280999925, 0.0 ], [ 112.38133735100007, -8.150227288999929, 0.0 ], [ 112.381093192000094, -8.150311552999938, 0.0 ], [ 112.380480745000114, -8.150584207999941, 0.0 ], [ 112.379817801000058, -8.151225265999926, 0.0 ], [ 112.37973214100009, -8.151444176999973, 0.0 ], [ 112.379532266000069, -8.151891514999932, 0.0 ], [ 112.379552755000077, -8.152059473999941, 0.0 ], [ 112.379552755000077, -8.152191652999932, 0.0 ], [ 112.379655998000089, -8.15220560399996, 0.0 ], [ 112.379970087000061, -8.152100907999966, 0.0 ], [ 112.3801414080001, -8.151986693999959, 0.0 ], [ 112.381426317000091, -8.152100907999966, 0.0 ], [ 112.381527708000021, -8.152321213999926, 0.0 ], [ 112.381384940000089, -8.153011257999935, 0.0 ], [ 112.381289762000051, -8.154462728999931, 0.0 ], [ 112.381265967000104, -8.155462102999934, 0.0 ], [ 112.381004226000073, -8.155700048999961, 0.0 ], [ 112.380742486000031, -8.155890405999969, 0.0 ], [ 112.380766280000103, -8.156152146999943, 0.0 ], [ 112.380932843000096, -8.156318708999947, 0.0 ], [ 112.381289762000051, -8.156461476999937, 0.0 ], [ 112.381551502000093, -8.15691357399993, 0.0 ], [ 112.381837038000072, -8.156889779999972, 0.0 ], [ 112.38240810800005, -8.157008752999957, 0.0 ], [ 112.382289135000065, -8.157746384999939, 0.0 ], [ 112.382384314000092, -8.157984331999955, 0.0 ], [ 112.382472108000115, -8.158097209999937, 0.0 ], [ 112.382677319000095, -8.158271444999968, 0.0 ], [ 112.38272728700008, -8.158507011999973, 0.0 ], [ 112.382670180000105, -8.158778269999971, 0.0 ], [ 112.382591658000024, -8.158906760999969, 0.0 ], [ 112.382184770000094, -8.158892484999967, 0.0 ], [ 112.381128289000117, -8.15892103799996, 0.0 ], [ 112.380057532000023, -8.159056666999959, 0.0 ], [ 112.377987401000041, -8.159020974999976, 0.0 ], [ 112.376252774000022, -8.158906760999969, 0.0 ], [ 112.375803056000109, -8.159313648999955, 0.0 ], [ 112.375303369000108, -8.159741951999933, 0.0 ], [ 112.374903619000065, -8.160113147999937, 0.0 ], [ 112.37436110200008, -8.160491481999941, 0.0 ], [ 112.374125536000065, -8.160748463999937, 0.0 ], [ 112.37406842900009, -8.160841262999952, 0.0 ], [ 112.37395618100004, -8.161726924999925, 0.0 ], [ 112.373736302000111, -8.16258759699997, 0.0 ], [ 112.37278453700003, -8.162338673999955, 0.0 ], [ 112.372190636000028, -8.162861306999957, 0.0 ], [ 112.372099232000096, -8.163177702999974, 0.0 ], [ 112.372030089000077, -8.163404743999934, 0.0 ], [ 112.371459019000099, -8.163844943999948, 0.0 ], [ 112.369258017000107, -8.163428537999948, 0.0 ], [ 112.36942457900011, -8.162619521999943, 0.0 ], [ 112.369186633000027, -8.162488650999933, 0.0 ], [ 112.369317504000037, -8.162167423999961, 0.0 ], [ 112.36911524900006, -8.162096039999938, 0.0 ], [ 112.368691844000068, -8.162149775999978, 0.0 ], [ 112.368718838000063, -8.161677377999979, 0.0 ], [ 112.368484692000038, -8.161239433999981, 0.0 ], [ 112.368449, -8.160953898999935, 0.0 ], [ 112.368414527000027, -8.160501991999979, 0.0 ], [ 112.368463416000054, -8.160189099999968, 0.0 ], [ 112.367245132000107, -8.159941636999974, 0.0 ], [ 112.367035739000016, -8.159351529999981, 0.0 ], [ 112.36571, -8.15917, 0.0 ], [ 112.36553, -8.15914, 0.0 ], [ 112.36534, -8.15892, 0.0 ], [ 112.36487000000011, -8.15877, 0.0 ], [ 112.36477, -8.158729998999945, 0.0 ], [ 112.36473, -8.158609998999964, 0.0 ], [ 112.36485, -8.158339998999963, 0.0 ], [ 112.36501, -8.15818, 0.0 ], [ 112.365060072, -8.15815724, 0.0 ], [ 112.361976866000077, -8.157553648999965, 0.0 ], [ 112.360377869000104, -8.1568874, 0.0 ], [ 112.360454011000115, -8.156487650999964, 0.0 ], [ 112.360720511000068, -8.15635440099993, 0.0 ], [ 112.360720511000068, -8.154507938999927, 0.0 ], [ 112.363937542000031, -8.154983830999981, 0.0 ], [ 112.364489577000086, -8.155212258999939, 0.0 ], [ 112.364737041000012, -8.155193223999959, 0.0 ], [ 112.364827591000108, -8.154803502999926, 0.0 ], [ 112.36469000000011, -8.15474, 0.0 ], [ 112.36453, -8.15461, 0.0 ], [ 112.364469999000107, -8.1545, 0.0 ], [ 112.36452, -8.15433, 0.0 ], [ 112.36468, -8.15415, 0.0 ], [ 112.364779999, -8.15408, 0.0 ], [ 112.36492, -8.154029998999931, 0.0 ], [ 112.36535, -8.153949998999963, 0.0 ], [ 112.365969999000072, -8.15377, 0.0 ], [ 112.36626, -8.15368, 0.0 ], [ 112.36686, -8.15351, 0.0 ], [ 112.36713, -8.15345, 0.0 ], [ 112.36729, -8.15346, 0.0 ], [ 112.36738, -8.15351, 0.0 ], [ 112.36758, -8.15394, 0.0 ], [ 112.36777, -8.154359998999951, 0.0 ], [ 112.36787, -8.15452, 0.0 ], [ 112.36801, -8.15463, 0.0 ], [ 112.36817, -8.15466, 0.0 ], [ 112.36832, -8.1546, 0.0 ], [ 112.368389999000101, -8.15452, 0.0 ], [ 112.368430000000103, -8.1542, 0.0 ], [ 112.368430000000103, -8.15390999899995, 0.0 ], [ 112.36849, -8.15367, 0.0 ], [ 112.368560000000116, -8.153559998999981, 0.0 ], [ 112.36871, -8.15345, 0.0 ], [ 112.36886, -8.15342, 0.0 ], [ 112.36898, -8.15345, 0.0 ], [ 112.369069999000089, -8.15355, 0.0 ], [ 112.36923, -8.15353, 0.0 ], [ 112.36927, -8.15348, 0.0 ], [ 112.369479999000077, -8.1533, 0.0 ], [ 112.36963, -8.15314, 0.0 ], [ 112.36981, -8.15285, 0.0 ], [ 112.36988, -8.15262, 0.0 ], [ 112.3699, -8.15256, 0.0 ], [ 112.37015, -8.15186, 0.0 ], [ 112.370339999000066, -8.151569998999946, 0.0 ], [ 112.37056, -8.15121, 0.0 ], [ 112.3706, -8.15101, 0.0 ], [ 112.37053, -8.150909998999964, 0.0 ], [ 112.37031, -8.15072, 0.0 ], [ 112.37009, -8.15053, 0.0 ], [ 112.36988, -8.15026, 0.0 ], [ 112.369849999000053, -8.15012, 0.0 ], [ 112.36992, -8.14986, 0.0 ], [ 112.37003, -8.149679998999943, 0.0 ], [ 112.37016, -8.1494, 0.0 ], [ 112.37025, -8.148939998999936, 0.0 ], [ 112.37042, -8.14893, 0.0 ], [ 112.37074, -8.14889999899998, 0.0 ], [ 112.37087, -8.14874, 0.0 ], [ 112.37109999900008, -8.14836, 0.0 ], [ 112.371130000000107, -8.148019998999928, 0.0 ], [ 112.371220000000108, -8.14784, 0.0 ], [ 112.37136, -8.14753, 0.0 ], [ 112.37138, -8.147299998999927, 0.0 ], [ 112.371449999000106, -8.14692, 0.0 ], [ 112.37155, -8.14679, 0.0 ], [ 112.37169, -8.14674, 0.0 ], [ 112.371899999000107, -8.14663, 0.0 ], [ 112.372030000000109, -8.14647, 0.0 ], [ 112.372249999000019, -8.146169998999937, 0.0 ], [ 112.3725, -8.14595, 0.0 ], [ 112.372619999000108, -8.145759998999949, 0.0 ], [ 112.37277, -8.14549, 0.0 ], [ 112.37302000000011, -8.14506, 0.0 ], [ 112.3731, -8.14487, 0.0 ], [ 112.37323, -8.14474, 0.0 ], [ 112.37369, -8.14433, 0.0 ], [ 112.374159999000085, -8.14417, 0.0 ], [ 112.37452, -8.14406, 0.0 ], [ 112.37481, -8.144, 0.0 ], [ 112.374999999000011, -8.14395, 0.0 ], [ 112.37624, -8.143789998999978, 0.0 ], [ 112.377210000000105, -8.1431, 0.0 ], [ 112.37669, -8.141879998999968, 0.0 ], [ 112.37717, -8.14167, 0.0 ], [ 112.37776, -8.14144, 0.0 ], [ 112.37858, -8.14114, 0.0 ], [ 112.37881, -8.140999998999973, 0.0 ], [ 112.37902, -8.1409, 0.0 ], [ 112.37891, -8.14072, 0.0 ], [ 112.3788, -8.14053, 0.0 ], [ 112.37876, -8.14012, 0.0 ], [ 112.37889, -8.139419998999927, 0.0 ], [ 112.379, -8.13912, 0.0 ], [ 112.37979, -8.138619998999957, 0.0 ], [ 112.38002, -8.1385, 0.0 ], [ 112.38022, -8.13848, 0.0 ], [ 112.380399999000019, -8.13852, 0.0 ], [ 112.38047, -8.13855, 0.0 ], [ 112.38093, -8.138779998999951, 0.0 ], [ 112.38105, -8.138759998999944, 0.0 ], [ 112.38114, -8.13817, 0.0 ], [ 112.38127, -8.13809, 0.0 ], [ 112.381530000000112, -8.13805, 0.0 ], [ 112.38182, -8.13813, 0.0 ], [ 112.3820300000001, -8.13821, 0.0 ], [ 112.382160000000113, -8.13821, 0.0 ], [ 112.38233, -8.137939998999968, 0.0 ], [ 112.38240999900006, -8.13782, 0.0 ], [ 112.38255, -8.13777, 0.0 ], [ 112.38314, -8.13781, 0.0 ], [ 112.38331, -8.13781, 0.0 ], [ 112.38377, -8.13748, 0.0 ], [ 112.38389, -8.13739, 0.0 ], [ 112.384, -8.13741, 0.0 ], [ 112.38415, -8.137569998999936, 0.0 ], [ 112.38425, -8.13776, 0.0 ], [ 112.38435, -8.13785, 0.0 ], [ 112.38444, -8.13787, 0.0 ], [ 112.38451, -8.13775, 0.0 ], [ 112.38462, -8.13746, 0.0 ], [ 112.384689999000102, -8.13691, 0.0 ], [ 112.38472, -8.13674999899996, 0.0 ], [ 112.384860000000117, -8.13658, 0.0 ], [ 112.384950000000117, -8.13647, 0.0 ], [ 112.38499, -8.13622, 0.0 ], [ 112.385040000000117, -8.135889998999971, 0.0 ], [ 112.38507, -8.13574, 0.0 ], [ 112.38517, -8.13563, 0.0 ], [ 112.38534, -8.13551, 0.0 ], [ 112.38543, -8.13522, 0.0 ], [ 112.38552, -8.13503, 0.0 ], [ 112.38595, -8.13458, 0.0 ], [ 112.38605, -8.134449998999969, 0.0 ], [ 112.38607, -8.13429, 0.0 ], [ 112.386, -8.13416, 0.0 ], [ 112.38568, -8.13393, 0.0 ], [ 112.385509999000078, -8.13383, 0.0 ], [ 112.38538, -8.1337, 0.0 ], [ 112.38532, -8.133569998999974, 0.0 ], [ 112.38537, -8.1334, 0.0 ], [ 112.38552, -8.1331, 0.0 ], [ 112.38566, -8.1327, 0.0 ], [ 112.38571, -8.13229, 0.0 ], [ 112.38564, -8.13177, 0.0 ], [ 112.385630000000106, -8.131699998999977, 0.0 ], [ 112.38561, -8.13143, 0.0 ], [ 112.38565, -8.131269998999926, 0.0 ], [ 112.386, -8.13106, 0.0 ], [ 112.38623, -8.130879998999944, 0.0 ], [ 112.3864, -8.13071, 0.0 ], [ 112.386639999000067, -8.13057, 0.0 ], [ 112.386779999000055, -8.130549998999982, 0.0 ], [ 112.38701, -8.13071, 0.0 ], [ 112.38724, -8.13093, 0.0 ], [ 112.38742, -8.13101, 0.0 ], [ 112.387559999000018, -8.13103, 0.0 ], [ 112.38768, -8.130939998999963, 0.0 ], [ 112.38774, -8.13089, 0.0 ], [ 112.38772, -8.13076, 0.0 ], [ 112.387610000000109, -8.13052, 0.0 ], [ 112.38749, -8.13037, 0.0 ], [ 112.38766, -8.13018, 0.0 ], [ 112.38771, -8.13011, 0.0 ], [ 112.387700000000109, -8.13005, 0.0 ], [ 112.387610000000109, -8.12996, 0.0 ], [ 112.387499999000056, -8.12978, 0.0 ], [ 112.38742, -8.1292, 0.0 ], [ 112.38739, -8.12853, 0.0 ], [ 112.3874, -8.12835, 0.0 ], [ 112.387340000000108, -8.12822, 0.0 ], [ 112.3872, -8.12801, 0.0 ], [ 112.387160000000108, -8.12789, 0.0 ], [ 112.38723, -8.12781, 0.0 ], [ 112.387459999000043, -8.12775, 0.0 ], [ 112.3882, -8.12781, 0.0 ], [ 112.38841, -8.127819998999939, 0.0 ], [ 112.38852, -8.127779998999927, 0.0 ], [ 112.38858, -8.12765, 0.0 ], [ 112.38864, -8.127389998999945, 0.0 ], [ 112.3892, -8.12686, 0.0 ], [ 112.3893, -8.12675, 0.0 ], [ 112.38938, -8.126629998999931, 0.0 ], [ 112.389409999, -8.12652, 0.0 ], [ 112.389449999000021, -8.12632, 0.0 ], [ 112.389449999000021, -8.126159998999981, 0.0 ], [ 112.38985, -8.12599, 0.0 ], [ 112.3899100000001, -8.12594, 0.0 ], [ 112.389917781, -8.125597624999955, 0.0 ], [ 112.390463774000068, -8.125673630999927, 0.0 ], [ 112.392652878000035, -8.12582591599994, 0.0 ], [ 112.394061519000047, -8.125844951999966, 0.0 ], [ 112.39599, -8.12601, 0.0 ] ] ] ] } },
{ "type": "Feature", "properties": { "OBJECTID": 116243.0, "KDPPUM": "35", "NAMOBJ": "Pagerwojo", "REMARK": null, "KDPBPS": null, "FCODE": "BA03070040", "LUASWH": 8.18668206, "UUPP": "Hasil Delineasi Batas Desa 2019", "SRS_ID": "SRGI 2013", "METADATA": "TASWIL1000020200326DATA_BATAS_DESA_KELURAHAN", "KDEBPS": null, "KDEPUM": "35.05.19.2004", "KDCBPS": null, "KDCPUM": "35.05.19", "KDBBPS": null, "WADMKD": "Pagerwojo", "WIADKD": null, "WADMKC": "Kesamben", "WIADKC": null, "WADMKK": "Blitar", "WIADKK": null, "WADMPR": "Jawa Timur", "WIADPR": null, "TIPADM": 1.0, "KDPKAB": "35.05", "SHAPE_Leng": 0.139757771458766, "SHAPE_Area": 0.00067181005804 }, "geometry": { "type": "MultiPolygon", "coordinates": [ [ [ [ 112.36582, -8.12603, 0.0 ], [ 112.365758283000105, -8.125523304999945, 0.0 ], [ 112.365770180000027, -8.125237769999956, 0.0 ], [ 112.36625673900005, -8.124809540999934, 0.0 ], [ 112.366721865000045, -8.124386031999961, 0.0 ], [ 112.36686, -8.124269998999978, 0.0 ], [ 112.36696, -8.12409, 0.0 ], [ 112.36704, -8.12381, 0.0 ], [ 112.36713, -8.12357, 0.0 ], [ 112.36732, -8.12328, 0.0 ], [ 112.36763, -8.12297, 0.0 ], [ 112.367899999000088, -8.1228, 0.0 ], [ 112.36812, -8.12272, 0.0 ], [ 112.3694, -8.122319998999956, 0.0 ], [ 112.36982, -8.12213, 0.0 ], [ 112.36997, -8.12196, 0.0 ], [ 112.37006, -8.12171, 0.0 ], [ 112.37045, -8.12051, 0.0 ], [ 112.37062, -8.12014, 0.0 ], [ 112.37072, -8.11979, 0.0 ], [ 112.3707, -8.11958999899997, 0.0 ], [ 112.370709999000042, -8.11929, 0.0 ], [ 112.37081, -8.11911, 0.0 ], [ 112.37099, -8.11889, 0.0 ], [ 112.3715, -8.11839, 0.0 ], [ 112.37172, -8.11825, 0.0 ], [ 112.37187, -8.11823, 0.0 ], [ 112.37241, -8.11817, 0.0 ], [ 112.37269, -8.11802, 0.0 ], [ 112.37316, -8.11765, 0.0 ], [ 112.37335, -8.11744, 0.0 ], [ 112.373470000000111, -8.11722, 0.0 ], [ 112.37349, -8.11705, 0.0 ], [ 112.373439999000084, -8.11679, 0.0 ], [ 112.37335, -8.11661, 0.0 ], [ 112.37294999900007, -8.11591, 0.0 ], [ 112.37287, -8.11556, 0.0 ], [ 112.37279, -8.115179998999963, 0.0 ], [ 112.3728, -8.1149, 0.0 ], [ 112.372812732000057, -8.114833153999939, 0.0 ], [ 112.373485890000097, -8.114769740999975, 0.0 ], [ 112.374371049000047, -8.11482684799995, 0.0 ], [ 112.375106303000052, -8.114805432999958, 0.0 ], [ 112.376355520000061, -8.114298607999956, 0.0 ], [ 112.377147880000052, -8.11404162599996, 0.0 ], [ 112.377219264000018, -8.113927411999953, 0.0 ], [ 112.377533353000103, -8.113970241999937, 0.0 ], [ 112.377726089000021, -8.113955965999935, 0.0 ], [ 112.377875995000068, -8.113656153999955, 0.0 ], [ 112.378140116000054, -8.11371326099993, 0.0 ], [ 112.378418512000053, -8.113434863999942, 0.0 ], [ 112.378761155, -8.113570492999941, 0.0 ], [ 112.379332226000088, -8.113456278999934, 0.0 ], [ 112.380110309000088, -8.113256403999969, 0.0 ], [ 112.380238800000029, -8.113334925999936, 0.0 ], [ 112.380488644000025, -8.113392032999968, 0.0 ], [ 112.380688518000056, -8.113491970999974, 0.0 ], [ 112.381038299000011, -8.113534800999957, 0.0 ], [ 112.381245312000033, -8.113463416999934, 0.0 ], [ 112.381530847000022, -8.113384894999967, 0.0 ], [ 112.381744999000034, -8.113349202999927, 0.0 ], [ 112.381973427000048, -8.112706748999926, 0.0 ], [ 112.382808618000013, -8.112571118999938, 0.0 ], [ 112.382830033, -8.112271306999958, 0.0 ], [ 112.383479626000053, -8.11214281599996, 0.0 ], [ 112.3836295320001, -8.11200004899996, 0.0 ], [ 112.38375088500004, -8.112007186999961, 0.0 ], [ 112.384107804000109, -8.111928664999937, 0.0 ], [ 112.384764535000045, -8.111600298999974, 0.0 ], [ 112.384957271000076, -8.111407562999943, 0.0 ], [ 112.384964410000066, -8.111300486999937, 0.0 ], [ 112.384643182000104, -8.111143442999946, 0.0 ], [ 112.38493551800002, -8.110612228999969, 0.0 ], [ 112.385078624000016, -8.110386773999949, 0.0 ], [ 112.385385574000111, -8.110458157999972, 0.0 ], [ 112.385585449000018, -8.11040105099994, 0.0 ], [ 112.385835292000024, -8.11057951, 0.0 ], [ 112.386434917000088, -8.110786523999934, 0.0 ], [ 112.386727590000078, -8.110872183999959, 0.0 ], [ 112.386813251000035, -8.110729416999959, 0.0 ], [ 112.387519951000058, -8.110943567999925, 0.0 ], [ 112.388376557000015, -8.110950705999926, 0.0 ], [ 112.388626400000021, -8.110943567999925, 0.0 ], [ 112.388640677000012, -8.111136303999956, 0.0 ], [ 112.388819137000041, -8.111414700999944, 0.0 ], [ 112.38899045800008, -8.111571745999981, 0.0 ], [ 112.388961904000098, -8.111964356999977, 0.0 ], [ 112.388869105000026, -8.112464043999978, 0.0 ], [ 112.389054703000056, -8.112685332999945, 0.0 ], [ 112.389340239000035, -8.112756716999968, 0.0 ], [ 112.389554390000058, -8.112813823999943, 0.0 ], [ 112.38976140300008, -8.112835239999981, 0.0 ], [ 112.390054077000059, -8.11293517699994, 0.0 ], [ 112.389979835000076, -8.112561211999946, 0.0 ], [ 112.390655922000064, -8.11268088099996, 0.0 ], [ 112.391662434000068, -8.112852201999942, 0.0 ], [ 112.393596936000108, -8.113416134999966, 0.0 ], [ 112.394967505000068, -8.113658839999971, 0.0 ], [ 112.395165249000115, -8.113843087999953, 0.0 ], [ 112.395938325000088, -8.114129973999979, 0.0 ], [ 112.396487981000064, -8.114351262999946, 0.0 ], [ 112.396730686000069, -8.114336985999955, 0.0 ], [ 112.397080467000023, -8.11438695399994, 0.0 ], [ 112.398322545000042, -8.114965162999965, 0.0 ], [ 112.399978650000094, -8.11550054199995, 0.0 ], [ 112.400949470000114, -8.115707555999961, 0.0 ], [ 112.401070823000055, -8.115564788999961, 0.0 ], [ 112.401470572000107, -8.115664725999977, 0.0 ], [ 112.402120165000042, -8.115957398999967, 0.0 ], [ 112.402455669, -8.116000228999951, 0.0 ], [ 112.402655544000027, -8.11602878399998, 0.0 ], [ 112.402905387000033, -8.116071613999964, 0.0 ], [ 112.403333690000068, -8.116200104999962, 0.0 ], [ 112.403640000000109, -8.116329998999959, 0.0 ], [ 112.40365, -8.11667, 0.0 ], [ 112.40376, -8.11685, 0.0 ], [ 112.403991413000085, -8.116898848999938, 0.0 ], [ 112.404058038000016, -8.116994027999965, 0.0 ], [ 112.403914411000073, -8.117507968999973, 0.0 ], [ 112.40391000000011, -8.11768, 0.0 ], [ 112.40391000000011, -8.1179, 0.0 ], [ 112.403916814000013, -8.118193018999932, 0.0 ], [ 112.40404852000006, -8.11866916799994, 0.0 ], [ 112.403981895000015, -8.119459148999965, 0.0 ], [ 112.403772502000038, -8.119744684999944, 0.0 ], [ 112.403629735000095, -8.119725648999975, 0.0 ], [ 112.403589999000019, -8.119529998999951, 0.0 ], [ 112.40311, -8.1195, 0.0 ], [ 112.40303, -8.11966, 0.0 ], [ 112.40297, -8.119979998999952, 0.0 ], [ 112.40282, -8.12058, 0.0 ], [ 112.402751160000093, -8.120653756999957, 0.0 ], [ 112.40268, -8.12073, 0.0 ], [ 112.40244, -8.12089, 0.0 ], [ 112.402200000000107, -8.12095, 0.0 ], [ 112.40178, -8.12098, 0.0 ], [ 112.40137, -8.12106, 0.0 ], [ 112.40109, -8.12119, 0.0 ], [ 112.400403494000102, -8.12166345299994, 0.0 ], [ 112.400220000000104, -8.12179, 0.0 ], [ 112.400039999000114, -8.12199, 0.0 ], [ 112.399543350000044, -8.12261291599998, 0.0 ], [ 112.399450000000115, -8.122729998999944, 0.0 ], [ 112.3992799990001, -8.12285, 0.0 ], [ 112.399053950000052, -8.122972711999978, 0.0 ], [ 112.39893, -8.123039998999957, 0.0 ], [ 112.39895, -8.12314, 0.0 ], [ 112.39903, -8.12326, 0.0 ], [ 112.399219999000024, -8.12338, 0.0 ], [ 112.39933, -8.123489998999958, 0.0 ], [ 112.399360000000115, -8.12363, 0.0 ], [ 112.39929999900005, -8.12383, 0.0 ], [ 112.399199999000075, -8.12396, 0.0 ], [ 112.399050000000102, -8.12404, 0.0 ], [ 112.398579513000072, -8.124249104999933, 0.0 ], [ 112.398240000000101, -8.1244, 0.0 ], [ 112.39817, -8.12475, 0.0 ], [ 112.3982, -8.12494, 0.0 ], [ 112.39823, -8.125, 0.0 ], [ 112.39832, -8.12516, 0.0 ], [ 112.39834884600009, -8.125246537999942, 0.0 ], [ 112.398180928000102, -8.125188296999966, 0.0 ], [ 112.397771660000103, -8.124988421999944, 0.0 ], [ 112.397352875000024, -8.124617225999941, 0.0 ], [ 112.397105411000098, -8.124636261999967, 0.0 ], [ 112.396924775000116, -8.124952373999974, 0.0 ], [ 112.396819999000058, -8.125, 0.0 ], [ 112.39667, -8.12515, 0.0 ], [ 112.396349341000018, -8.125555538999947, 0.0 ], [ 112.39599, -8.12601, 0.0 ], [ 112.394061519000047, -8.125844951999966, 0.0 ], [ 112.392652878000035, -8.12582591599994, 0.0 ], [ 112.390463774000068, -8.125673630999927, 0.0 ], [ 112.389917781, -8.125597624999955, 0.0 ], [ 112.3899100000001, -8.12594, 0.0 ], [ 112.38985, -8.12599, 0.0 ], [ 112.389449999000021, -8.126159998999981, 0.0 ], [ 112.389449999000021, -8.12632, 0.0 ], [ 112.389409999, -8.12652, 0.0 ], [ 112.38938, -8.126629998999931, 0.0 ], [ 112.3893, -8.12675, 0.0 ], [ 112.3892, -8.12686, 0.0 ], [ 112.38864, -8.127389998999945, 0.0 ], [ 112.38858, -8.12765, 0.0 ], [ 112.38852, -8.127779998999927, 0.0 ], [ 112.38841, -8.127819998999939, 0.0 ], [ 112.3882, -8.12781, 0.0 ], [ 112.387459999000043, -8.12775, 0.0 ], [ 112.38723, -8.12781, 0.0 ], [ 112.387160000000108, -8.12789, 0.0 ], [ 112.3872, -8.12801, 0.0 ], [ 112.387340000000108, -8.12822, 0.0 ], [ 112.3874, -8.12835, 0.0 ], [ 112.38739, -8.12853, 0.0 ], [ 112.38742, -8.1292, 0.0 ], [ 112.387499999000056, -8.12978, 0.0 ], [ 112.387610000000109, -8.12996, 0.0 ], [ 112.387700000000109, -8.13005, 0.0 ], [ 112.38771, -8.13011, 0.0 ], [ 112.38766, -8.13018, 0.0 ], [ 112.38749, -8.13037, 0.0 ], [ 112.387610000000109, -8.13052, 0.0 ], [ 112.38772, -8.13076, 0.0 ], [ 112.38774, -8.13089, 0.0 ], [ 112.38768, -8.130939998999963, 0.0 ], [ 112.387559999000018, -8.13103, 0.0 ], [ 112.38742, -8.13101, 0.0 ], [ 112.38724, -8.13093, 0.0 ], [ 112.38701, -8.13071, 0.0 ], [ 112.386779999000055, -8.130549998999982, 0.0 ], [ 112.386639999000067, -8.13057, 0.0 ], [ 112.3864, -8.13071, 0.0 ], [ 112.38623, -8.130879998999944, 0.0 ], [ 112.386, -8.13106, 0.0 ], [ 112.38565, -8.131269998999926, 0.0 ], [ 112.38561, -8.13143, 0.0 ], [ 112.385630000000106, -8.131699998999977, 0.0 ], [ 112.38564, -8.13177, 0.0 ], [ 112.38571, -8.13229, 0.0 ], [ 112.38566, -8.1327, 0.0 ], [ 112.38552, -8.1331, 0.0 ], [ 112.38537, -8.1334, 0.0 ], [ 112.38532, -8.133569998999974, 0.0 ], [ 112.38538, -8.1337, 0.0 ], [ 112.385509999000078, -8.13383, 0.0 ], [ 112.38568, -8.13393, 0.0 ], [ 112.386, -8.13416, 0.0 ], [ 112.38607, -8.13429, 0.0 ], [ 112.38605, -8.134449998999969, 0.0 ], [ 112.38595, -8.13458, 0.0 ], [ 112.38552, -8.13503, 0.0 ], [ 112.38543, -8.13522, 0.0 ], [ 112.38534, -8.13551, 0.0 ], [ 112.38517, -8.13563, 0.0 ], [ 112.38507, -8.13574, 0.0 ], [ 112.385040000000117, -8.135889998999971, 0.0 ], [ 112.38499, -8.13622, 0.0 ], [ 112.384950000000117, -8.13647, 0.0 ], [ 112.384860000000117, -8.13658, 0.0 ], [ 112.38472, -8.13674999899996, 0.0 ], [ 112.384689999000102, -8.13691, 0.0 ], [ 112.38462, -8.13746, 0.0 ], [ 112.38451, -8.13775, 0.0 ], [ 112.38444, -8.13787, 0.0 ], [ 112.38435, -8.13785, 0.0 ], [ 112.38425, -8.13776, 0.0 ], [ 112.38415, -8.137569998999936, 0.0 ], [ 112.384, -8.13741, 0.0 ], [ 112.38389, -8.13739, 0.0 ], [ 112.38377, -8.13748, 0.0 ], [ 112.38331, -8.13781, 0.0 ], [ 112.38314, -8.13781, 0.0 ], [ 112.38255, -8.13777, 0.0 ], [ 112.38240999900006, -8.13782, 0.0 ], [ 112.38233, -8.137939998999968, 0.0 ], [ 112.382160000000113, -8.13821, 0.0 ], [ 112.3820300000001, -8.13821, 0.0 ], [ 112.38182, -8.13813, 0.0 ], [ 112.381530000000112, -8.13805, 0.0 ], [ 112.38127, -8.13809, 0.0 ], [ 112.38114, -8.13817, 0.0 ], [ 112.38105, -8.138759998999944, 0.0 ], [ 112.38093, -8.138779998999951, 0.0 ], [ 112.38047, -8.13855, 0.0 ], [ 112.380399999000019, -8.13852, 0.0 ], [ 112.38022, -8.13848, 0.0 ], [ 112.38002, -8.1385, 0.0 ], [ 112.37979, -8.138619998999957, 0.0 ], [ 112.379, -8.13912, 0.0 ], [ 112.37889, -8.139419998999927, 0.0 ], [ 112.37876, -8.14012, 0.0 ], [ 112.3788, -8.14053, 0.0 ], [ 112.37891, -8.14072, 0.0 ], [ 112.37902, -8.1409, 0.0 ], [ 112.37881, -8.140999998999973, 0.0 ], [ 112.37858, -8.14114, 0.0 ], [ 112.37776, -8.14144, 0.0 ], [ 112.37717, -8.14167, 0.0 ], [ 112.37669, -8.141879998999968, 0.0 ], [ 112.377210000000105, -8.1431, 0.0 ], [ 112.37624, -8.143789998999978, 0.0 ], [ 112.374999999000011, -8.14395, 0.0 ], [ 112.37481, -8.144, 0.0 ], [ 112.37452, -8.14406, 0.0 ], [ 112.374159999000085, -8.14417, 0.0 ], [ 112.37369, -8.14433, 0.0 ], [ 112.37364, -8.14392, 0.0 ], [ 112.37355, -8.143419998999946, 0.0 ], [ 112.373437833000025, -8.143074872999932, 0.0 ], [ 112.372815708000076, -8.14344037199993, 0.0 ], [ 112.372423097000024, -8.143702112999961, 0.0 ], [ 112.372280329000091, -8.143702112999961, 0.0 ], [ 112.372197048000089, -8.14357124199995, 0.0 ], [ 112.372273134000011, -8.142335489999937, 0.0 ], [ 112.372054280000043, -8.142262538999944, 0.0 ], [ 112.371280956000078, -8.142024592999974, 0.0 ], [ 112.370864550000078, -8.141953208999951, 0.0 ], [ 112.371019215000047, -8.141489213999932, 0.0 ], [ 112.370650398000066, -8.141156088999935, 0.0 ], [ 112.370177013000102, -8.141171609999958, 0.0 ], [ 112.370050000000106, -8.14107, 0.0 ], [ 112.3698, -8.1409, 0.0 ], [ 112.369793589000096, -8.140895877999981, 0.0 ], [ 112.370055533000027, -8.140173272999959, 0.0 ], [ 112.370184024000082, -8.139930567999954, 0.0 ], [ 112.370226854000066, -8.139673585999958, 0.0 ], [ 112.370855032, -8.139716415999942, 0.0 ], [ 112.371154844000102, -8.138702765999938, 0.0 ], [ 112.37112629100011, -8.138545720999957, 0.0 ], [ 112.370669434000092, -8.138445783999941, 0.0 ], [ 112.370069810000018, -8.138203078999936, 0.0 ], [ 112.369298865000019, -8.137974650999979, 0.0 ], [ 112.368784901000026, -8.137903266999956, 0.0 ], [ 112.368742071000042, -8.137789052999949, 0.0 ], [ 112.368756347000044, -8.137403579999955, 0.0 ], [ 112.368884838000099, -8.136975276999976, 0.0 ], [ 112.36889911500009, -8.136846785999978, 0.0 ], [ 112.369141820000095, -8.13668974199993, 0.0 ], [ 112.369284588000028, -8.1359045199999, 0.0 ], [ 112.369027606000031, -8.135676090999937, 0.0 ], [ 112.367471438000052, -8.134862315999953, 0.0 ], [ 112.365544075000116, -8.134276967999938, 0.0 ], [ 112.365529798000011, -8.13397239699998, 0.0 ], [ 112.365244263000022, -8.133839147999936, 0.0 ], [ 112.364939692, -8.133763004999935, 0.0 ], [ 112.364882585000032, -8.133591683999953, 0.0 ], [ 112.364920656000095, -8.13343939799995, 0.0 ], [ 112.365244263000022, -8.133191933999967, 0.0 ], [ 112.36543099700009, -8.132818466999936, 0.0 ], [ 112.365629736000074, -8.132599447999951, 0.0 ], [ 112.365962860000081, -8.13181422599996, 0.0 ], [ 112.365891476000115, -8.131783292999955, 0.0 ], [ 112.364463800000067, -8.13147872199994, 0.0 ], [ 112.364444764000041, -8.131307400999958, 0.0 ], [ 112.364468531000057, -8.131135090999976, 0.0 ], [ 112.364594670000088, -8.130101013999933, 0.0 ], [ 112.364555355000107, -8.12903950599997, 0.0 ], [ 112.364547081000069, -8.128899386999933, 0.0 ], [ 112.365499089000082, -8.1286504, 0.0 ], [ 112.365486968000027, -8.128756618999944, 0.0 ], [ 112.366129422000085, -8.128613850999955, 0.0 ], [ 112.366212704000077, -8.128042780999976, 0.0 ], [ 112.36625, -8.12716, 0.0 ], [ 112.366009999000084, -8.12652, 0.0 ], [ 112.36582, -8.12603, 0.0 ] ] ] ] } },
{ "type": "Feature", "properties": { "OBJECTID": 116245.0, "KDPPUM": "35", "NAMOBJ": "Tapakrejo", "REMARK": null, "KDPBPS": null, "FCODE": "BA03070040", "LUASWH": 4.34805433, "UUPP": "Hasil Delineasi Batas Desa 2019", "SRS_ID": "SRGI 2013", "METADATA": "TASWIL1000020200326DATA_BATAS_DESA_KELURAHAN", "KDEBPS": null, "KDEPUM": "35.05.19.2008", "KDCBPS": null, "KDCPUM": "35.05.19", "KDBBPS": null, "WADMKD": "Tapakrejo", "WIADKD": null, "WADMKC": "Kesamben", "WIADKC": null, "WADMKK": "Blitar", "WIADKK": null, "WADMPR": "Jawa Timur", "WIADPR": null, "TIPADM": 1.0, "KDPKAB": "35.05", "SHAPE_Leng": 0.138243321195091, "SHAPE_Area": 0.00035677672987299998 }, "geometry": { "type": "MultiPolygon", "coordinates": [ [ [ [ 112.410239999000055, -8.09686, 0.0 ], [ 112.41039295600001, -8.097076019999975, 0.0 ], [ 112.410478617000081, -8.097333000999981, 0.0 ], [ 112.410431027000072, -8.097428179999952, 0.0 ], [ 112.410364402000027, -8.097628054999973, 0.0 ], [ 112.41027, -8.097669998999947, 0.0 ], [ 112.410300048000067, -8.097744108999962, 0.0 ], [ 112.410469099000011, -8.098161053999945, 0.0 ], [ 112.410488134000047, -8.098322856999971, 0.0 ], [ 112.410421510000106, -8.098513213999979, 0.0 ], [ 112.410423878000074, -8.098526827999933, 0.0 ], [ 112.410438039000041, -8.098608256999967, 0.0 ], [ 112.410459581000055, -8.09873212499997, 0.0 ], [ 112.410545241000023, -8.098874891999969, 0.0 ], [ 112.410688009000069, -8.099036695999928, 0.0 ], [ 112.410821259000045, -8.099179462999928, 0.0 ], [ 112.410783188000096, -8.099445962999937, 0.0 ], [ 112.410735598000088, -8.099617283999976, 0.0 ], [ 112.410572733000095, -8.09975979099994, 0.0 ], [ 112.41029581600003, -8.100002093999933, 0.0 ], [ 112.41027874200006, -8.100017032999972, 0.0 ], [ 112.410059831000012, -8.100159800999961, 0.0 ], [ 112.409964653000088, -8.100216907999936, 0.0 ], [ 112.409954356000071, -8.100467468999966, 0.0 ], [ 112.40991331400005, -8.101466157999937, 0.0 ], [ 112.409897756000078, -8.101844738999944, 0.0 ], [ 112.409890461000032, -8.102022248999958, 0.0 ], [ 112.409886964000066, -8.102107341999954, 0.0 ], [ 112.409878992000017, -8.102301315999966, 0.0 ], [ 112.409698561000027, -8.10271163799996, 0.0 ], [ 112.40966, -8.10297, 0.0 ], [ 112.4096, -8.10331999899995, 0.0 ], [ 112.40949, -8.10382999899997, 0.0 ], [ 112.409339999000053, -8.103839998999945, 0.0 ], [ 112.40902, -8.103879998999957, 0.0 ], [ 112.4089, -8.103999998999939, 0.0 ], [ 112.40885, -8.104169998999964, 0.0 ], [ 112.40888, -8.10437, 0.0 ], [ 112.40896, -8.104489998999952, 0.0 ], [ 112.4093, -8.10484, 0.0 ], [ 112.40948, -8.10505, 0.0 ], [ 112.40948, -8.10519, 0.0 ], [ 112.40943, -8.10536, 0.0 ], [ 112.40933, -8.105429998999966, 0.0 ], [ 112.409069999000053, -8.10553, 0.0 ], [ 112.408820000000105, -8.10561, 0.0 ], [ 112.40872, -8.10567, 0.0 ], [ 112.408269999000026, -8.10594, 0.0 ], [ 112.408169999000052, -8.10616, 0.0 ], [ 112.40808, -8.1065, 0.0 ], [ 112.40808, -8.10688, 0.0 ], [ 112.408108052000102, -8.107216621999953, 0.0 ], [ 112.408111984000016, -8.107263802999967, 0.0 ], [ 112.40812, -8.107359997999936, 0.0 ], [ 112.40806, -8.107459997999968, 0.0 ], [ 112.407960000000116, -8.1075, 0.0 ], [ 112.407779999000013, -8.10747, 0.0 ], [ 112.407420492000028, -8.107406086999958, 0.0 ], [ 112.407398620000095, -8.107453343999964, 0.0 ], [ 112.40734, -8.107579998999938, 0.0 ], [ 112.407378174000087, -8.108007560999965, 0.0 ], [ 112.407147371000065, -8.108164307999971, 0.0 ], [ 112.406985568000096, -8.10846887799994, 0.0 ], [ 112.407156889000021, -8.108802002999937, 0.0 ], [ 112.40763, -8.10901, 0.0 ], [ 112.407842174000052, -8.109268377999967, 0.0 ], [ 112.407880245000115, -8.109582465999949, 0.0 ], [ 112.40781362000007, -8.109887036999964, 0.0 ], [ 112.407506371000068, -8.110110815999974, 0.0 ], [ 112.40744999900005, -8.110179998999968, 0.0 ], [ 112.407095348000098, -8.110582574999967, 0.0 ], [ 112.407099999000025, -8.11074, 0.0 ], [ 112.407330000000115, -8.1111, 0.0 ], [ 112.40735, -8.11119, 0.0 ], [ 112.40722, -8.11148, 0.0 ], [ 112.40709, -8.111669997999968, 0.0 ], [ 112.40692, -8.1118, 0.0 ], [ 112.40677, -8.111829998999951, 0.0 ], [ 112.406705751000118, -8.111827528999981, 0.0 ], [ 112.40651, -8.11182, 0.0 ], [ 112.406291506000116, -8.111812333999978, 0.0 ], [ 112.406218375000094, -8.111809766999954, 0.0 ], [ 112.405940000000101, -8.1118, 0.0 ], [ 112.405867008000087, -8.111820436999949, 0.0 ], [ 112.405719695000016, -8.111990480999964, 0.0 ], [ 112.405429400000116, -8.112138006999942, 0.0 ], [ 112.4051105530001, -8.112114211999938, 0.0 ], [ 112.404948749000027, -8.112033310999948, 0.0 ], [ 112.404918236000071, -8.111975086999962, 0.0 ], [ 112.40462, -8.111989998999945, 0.0 ], [ 112.4046, -8.112449998999978, 0.0 ], [ 112.40462, -8.1127, 0.0 ], [ 112.404666503000044, -8.11309528299995, 0.0 ], [ 112.404652258000056, -8.113288599999976, 0.0 ], [ 112.404620384000054, -8.113494299999957, 0.0 ], [ 112.404491893000113, -8.113613272999942, 0.0 ], [ 112.404215875000091, -8.113656103999972, 0.0 ], [ 112.404069603000039, -8.113623597999947, 0.0 ], [ 112.4037, -8.11373, 0.0 ], [ 112.403573698000059, -8.113951781999958, 0.0 ], [ 112.40356, -8.114009998999961, 0.0 ], [ 112.403589999000019, -8.114279998999962, 0.0 ], [ 112.403640000000109, -8.114439997999966, 0.0 ], [ 112.40372, -8.114759998999943, 0.0 ], [ 112.403892269000039, -8.114869627999951, 0.0 ], [ 112.403925581000067, -8.115074261999951, 0.0 ], [ 112.403907232000051, -8.115338718999965, 0.0 ], [ 112.403939999000045, -8.11544, 0.0 ], [ 112.403918528000077, -8.11556345799994, 0.0 ], [ 112.403899999000032, -8.115669998999977, 0.0 ], [ 112.40383, -8.11591, 0.0 ], [ 112.40377, -8.116129998999952, 0.0 ], [ 112.403640000000109, -8.116329998999959, 0.0 ], [ 112.403333690000068, -8.116200104999962, 0.0 ], [ 112.402905387000033, -8.116071613999964, 0.0 ], [ 112.402655544000027, -8.11602878399998, 0.0 ], [ 112.402455669, -8.116000228999951, 0.0 ], [ 112.402120165000042, -8.115957398999967, 0.0 ], [ 112.401470572000107, -8.115664725999977, 0.0 ], [ 112.401070823000055, -8.115564788999961, 0.0 ], [ 112.400949470000114, -8.115707555999961, 0.0 ], [ 112.399978650000094, -8.11550054199995, 0.0 ], [ 112.398322545000042, -8.114965162999965, 0.0 ], [ 112.397080467000023, -8.11438695399994, 0.0 ], [ 112.396730686000069, -8.114336985999955, 0.0 ], [ 112.396487981000064, -8.114351262999946, 0.0 ], [ 112.395938325000088, -8.114129973999979, 0.0 ], [ 112.395165249000115, -8.113843087999953, 0.0 ], [ 112.394967505000068, -8.113658839999971, 0.0 ], [ 112.393596936000108, -8.113416134999966, 0.0 ], [ 112.391662434000068, -8.112852201999942, 0.0 ], [ 112.390655922000064, -8.11268088099996, 0.0 ], [ 112.389979835000076, -8.112561211999946, 0.0 ], [ 112.390001778000055, -8.112311855999963, 0.0 ], [ 112.38999701900002, -8.112145293999959, 0.0 ], [ 112.39012075100004, -8.111931141999946, 0.0 ], [ 112.390206412000111, -8.111559947999979, 0.0 ], [ 112.390177858000015, -8.111407661999976, 0.0 ], [ 112.39012075100004, -8.111155438999958, 0.0 ], [ 112.3901, -8.11103, 0.0 ], [ 112.390144546000101, -8.110888938999949, 0.0 ], [ 112.390203110000016, -8.110726341999964, 0.0 ], [ 112.390334992000021, -8.11065580099995, 0.0 ], [ 112.390504677000081, -8.110548636999965, 0.0 ], [ 112.390564164000011, -8.11053673899994, 0.0 ], [ 112.390776556000105, -8.110563025999966, 0.0 ], [ 112.390873494000061, -8.110667608999961, 0.0 ], [ 112.390948002000073, -8.110763665999968, 0.0 ], [ 112.391075748000048, -8.110792530999959, 0.0 ], [ 112.391135234000103, -8.110697352999978, 0.0 ], [ 112.391168496000091, -8.110445991999939, 0.0 ], [ 112.3912, -8.110319998999955, 0.0 ], [ 112.391349701000081, -8.110304592999967, 0.0 ], [ 112.391498102000014, -8.110245254999938, 0.0 ], [ 112.391670613000088, -8.11009059099996, 0.0 ], [ 112.391658716000052, -8.109906181999975, 0.0 ], [ 112.39153352400001, -8.109660554999948, 0.0 ], [ 112.391569486000094, -8.109549262999963, 0.0 ], [ 112.391718202000106, -8.109483826999963, 0.0 ], [ 112.391932354, -8.109483826999963, 0.0 ], [ 112.39227, -8.109429997999939, 0.0 ], [ 112.39237657000001, -8.109449414999972, 0.0 ], [ 112.39260455200008, -8.109239932999969, 0.0 ], [ 112.392681884000012, -8.109126907999951, 0.0 ], [ 112.392664038000021, -8.10895439799998, 0.0 ], [ 112.392634295000107, -8.108769988999939, 0.0 ], [ 112.39266998700009, -8.108645066999941, 0.0 ], [ 112.392661183000087, -8.108546319999959, 0.0 ], [ 112.392600269000013, -8.108493020999958, 0.0 ], [ 112.39252602900001, -8.108472079999956, 0.0 ], [ 112.392484306000028, -8.108433587999968, 0.0 ], [ 112.39249, -8.108409998999946, 0.0 ], [ 112.39250361400002, -8.108349491999945, 0.0 ], [ 112.392552679, -8.108350252999969, 0.0 ], [ 112.392684026000097, -8.108340733999967, 0.0 ], [ 112.39284064900005, -8.108290441999941, 0.0 ], [ 112.393040469000084, -8.108178073999966, 0.0 ], [ 112.39329388200008, -8.107913954999958, 0.0 ], [ 112.393368835000047, -8.107739064999976, 0.0 ], [ 112.393433050000112, -8.107472081999958, 0.0 ], [ 112.393632955000044, -8.107350022999981, 0.0 ], [ 112.393900644000041, -8.107342882999944, 0.0 ], [ 112.394294947000049, -8.107344396999963, 0.0 ], [ 112.394418177000034, -8.107325036999953, 0.0 ], [ 112.394589443000086, -8.107101513999964, 0.0 ], [ 112.394882142000029, -8.106965256999956, 0.0 ], [ 112.395042785000101, -8.106839626999943, 0.0 ], [ 112.395278352000105, -8.106796796999959, 0.0 ], [ 112.395546041000102, -8.106889596999963, 0.0 ], [ 112.395685240000034, -8.106918149999956, 0.0 ], [ 112.395795885000098, -8.106921718999956, 0.0 ], [ 112.395949360000031, -8.106975257999977, 0.0 ], [ 112.396013605, -8.10701095, 0.0 ], [ 112.396167081000044, -8.10701095, 0.0 ], [ 112.396292002000109, -8.106978826999978, 0.0 ], [ 112.396431201000041, -8.107021656999962, 0.0 ], [ 112.396596268000053, -8.107051487999968, 0.0 ], [ 112.396966550000116, -8.106965256999956, 0.0 ], [ 112.397459098000013, -8.106665445999965, 0.0 ], [ 112.397687556000051, -8.106536245999962, 0.0 ], [ 112.397787494000113, -8.106400616999963, 0.0 ], [ 112.397801770000115, -8.106165049999959, 0.0 ], [ 112.397880293000071, -8.105965174999938, 0.0 ], [ 112.397987368000031, -8.105754593999961, 0.0 ], [ 112.397915985000054, -8.105615395999962, 0.0 ], [ 112.397901708000063, -8.105572563999942, 0.0 ], [ 112.397908846000064, -8.10539767399996, 0.0 ], [ 112.397973092000029, -8.105169245999946, 0.0 ], [ 112.398065891000101, -8.105012200999965, 0.0 ], [ 112.398065891000101, -8.104530359999956, 0.0 ], [ 112.398005214000023, -8.104159164999942, 0.0 ], [ 112.398058752000111, -8.103945013999976, 0.0 ], [ 112.398155120000069, -8.103852214999961, 0.0 ], [ 112.398233643000026, -8.103791537999939, 0.0 ], [ 112.398544162, -8.10384150699997, 0.0 ], [ 112.398986742000034, -8.103748706999966, 0.0 ], [ 112.399332954000101, -8.103684462999979, 0.0 ], [ 112.399440029000061, -8.103538124999943, 0.0 ], [ 112.399547105000011, -8.103366803999961, 0.0 ], [ 112.3996113500001, -8.103234743999963, 0.0 ], [ 112.399921870000071, -8.103038437999942, 0.0 ], [ 112.400360920000026, -8.102553106999949, 0.0 ], [ 112.400626161000105, -8.102420486999961, 0.0 ], [ 112.400946228000066, -8.102046203999976, 0.0 ], [ 112.401271025000028, -8.101889158999938, 0.0 ], [ 112.401602959000115, -8.101699991999965, 0.0 ], [ 112.401724312000056, -8.101617899999951, 0.0 ], [ 112.401726833000112, -8.101433143999941, 0.0 ], [ 112.401787338000076, -8.101354488999959, 0.0 ], [ 112.402170461000082, -8.101171751999971, 0.0 ], [ 112.402395320000096, -8.101086090999956, 0.0 ], [ 112.402570210000022, -8.10097544599995, 0.0 ], [ 112.40273796200006, -8.100711325999953, 0.0 ], [ 112.402827192000018, -8.100650649999977, 0.0 ], [ 112.403151988000104, -8.100625664999939, 0.0 ], [ 112.403329229000065, -8.100402703999976, 0.0 ], [ 112.40399547800007, -8.099508025999967, 0.0 ], [ 112.403945539, -8.099010606999968, 0.0 ], [ 112.40393959000005, -8.098826198999973, 0.0 ], [ 112.403826566000021, -8.098736968999958, 0.0 ], [ 112.403142471000024, -8.098564456999952, 0.0 ], [ 112.402839089000054, -8.098546610999961, 0.0 ], [ 112.402958062000039, -8.098171845999957, 0.0 ], [ 112.403234050000037, -8.09741410099997, 0.0 ], [ 112.403782511000031, -8.096073417999946, 0.0 ], [ 112.403749233000099, -8.095917306999979, 0.0 ], [ 112.403475595000032, -8.095905408999954, 0.0 ], [ 112.40291047300002, -8.095721000999959, 0.0 ], [ 112.402845038, -8.095631770999944, 0.0 ], [ 112.40297, -8.095289997999942, 0.0 ], [ 112.40335, -8.094539998999949, 0.0 ], [ 112.403593128000011, -8.094224358999952, 0.0 ], [ 112.40410255300003, -8.093442780999965, 0.0 ], [ 112.404242971000031, -8.093267258999958, 0.0 ], [ 112.404242971000031, -8.093115491999981, 0.0 ], [ 112.404399449000039, -8.092993108999963, 0.0 ], [ 112.404416642000115, -8.092900263999979, 0.0 ], [ 112.404545133000056, -8.09271466499996, 0.0 ], [ 112.404873528000053, -8.09251467699994, 0.0 ], [ 112.405224499000042, -8.0923719099999, 0.0 ], [ 112.405266110000071, -8.092022242999974, 0.0 ], [ 112.405230448000111, -8.09124761399994, 0.0 ], [ 112.405412018000106, -8.091128511999955, 0.0 ], [ 112.405551675000083, -8.091021564999949, 0.0 ], [ 112.40562305900005, -8.090849055999968, 0.0 ], [ 112.405599161000055, -8.090726549999943, 0.0 ], [ 112.405747008000048, -8.090611558999967, 0.0 ], [ 112.405747980000115, -8.090444545999958, 0.0 ], [ 112.40585145700004, -8.090287614999966, 0.0 ], [ 112.406027567000024, -8.090408854999964, 0.0 ], [ 112.406217924000089, -8.090188753999939, 0.0 ], [ 112.406967454000096, -8.089468966999959, 0.0 ], [ 112.407163760000117, -8.089445172999945, 0.0 ], [ 112.40741476300002, -8.088981291999971, 0.0 ], [ 112.407564669000067, -8.088809968999954, 0.0 ], [ 112.407706866000012, -8.088640518999966, 0.0 ], [ 112.408032263000109, -8.088386311999955, 0.0 ], [ 112.408133390000103, -8.088291134999963, 0.0 ], [ 112.408267035000108, -8.087972984999965, 0.0 ], [ 112.408698512000115, -8.087107352999965, 0.0 ], [ 112.40778836800007, -8.086274540999966, 0.0 ], [ 112.407145914000012, -8.085727264999946, 0.0 ], [ 112.406902019000086, -8.085465524999961, 0.0 ], [ 112.406765200000109, -8.08520378399993, 0.0 ], [ 112.406878224000025, -8.085182367999948, 0.0 ], [ 112.407181606000108, -8.085134779999976, 0.0 ], [ 112.407245664000015, -8.084778402999973, 0.0 ], [ 112.407434314000056, -8.084763546999966, 0.0 ], [ 112.407619912000087, -8.08472547599996, 0.0 ], [ 112.407992163000017, -8.084571081999968, 0.0 ], [ 112.408081631000073, -8.08461581499995, 0.0 ], [ 112.408165388000043, -8.08465769299994, 0.0 ], [ 112.408267126000055, -8.084754028999953, 0.0 ], [ 112.408414652000033, -8.084863485999961, 0.0 ], [ 112.408462241000052, -8.084820653999941, 0.0 ], [ 112.4084684930001, -8.084617637999941, 0.0 ], [ 112.408393763000049, -8.084208468999975, 0.0 ], [ 112.408402178000074, -8.083793268999955, 0.0 ], [ 112.408537344000024, -8.083658809999974, 0.0 ], [ 112.40844, -8.083219998999937, 0.0 ], [ 112.408233813000038, -8.083226414999956, 0.0 ], [ 112.408157670000037, -8.083140755999978, 0.0 ], [ 112.408110081000018, -8.08296467599996, 0.0 ], [ 112.408143394000035, -8.082326978999959, 0.0 ], [ 112.408328992000065, -8.082112827999936, 0.0 ], [ 112.408452724000085, -8.082055720999961, 0.0 ], [ 112.408557420000079, -8.082098550999945, 0.0 ], [ 112.40872910500002, -8.082236499999965, 0.0 ], [ 112.409009333000085, -8.08229257399995, 0.0 ], [ 112.40929815800007, -8.082424096999944, 0.0 ], [ 112.409461615000055, -8.082479264999961, 0.0 ], [ 112.409490169000037, -8.082626790999939, 0.0 ], [ 112.409523481000065, -8.082741004999946, 0.0 ], [ 112.409793713000113, -8.082675660999939, 0.0 ], [ 112.409989855000049, -8.082531612999958, 0.0 ], [ 112.410013647000028, -8.082384694999973, 0.0 ], [ 112.409956543000021, -8.082193729999972, 0.0 ], [ 112.40996, -8.08196, 0.0 ], [ 112.41013999900008, -8.081799998999941, 0.0 ], [ 112.410278498000025, -8.081737044999954, 0.0 ], [ 112.410496581000075, -8.081652530999975, 0.0 ], [ 112.410770319000108, -8.081479890999958, 0.0 ], [ 112.411017783000034, -8.081108694999955, 0.0 ], [ 112.411127238000063, -8.080904061999945, 0.0 ], [ 112.411142374000065, -8.080583986999955, 0.0 ], [ 112.411170924000089, -8.080519995999964, 0.0 ], [ 112.411312856000109, -8.08040316499995, 0.0 ], [ 112.411469880000027, -8.080256848999966, 0.0 ], [ 112.411491113000011, -8.080032186999972, 0.0 ], [ 112.411441758000024, -8.079864394999959, 0.0 ], [ 112.411132667000061, -8.07938939, 0.0 ], [ 112.411066929000071, -8.079219568999974, 0.0 ], [ 112.411010129000033, -8.078859657999942, 0.0 ], [ 112.41087, -8.078619998999955, 0.0 ], [ 112.410875923000049, -8.078547194999942, 0.0 ], [ 112.410813149000091, -8.078434181999967, 0.0 ], [ 112.410891156000048, -8.078359972999976, 0.0 ], [ 112.411079649000044, -8.078205752999963, 0.0 ], [ 112.411369943000068, -8.078153404999966, 0.0 ], [ 112.4116, -8.07829, 0.0 ], [ 112.41181, -8.07832, 0.0 ], [ 112.41191, -8.07829, 0.0 ], [ 112.413117925000051, -8.078640912999958, 0.0 ], [ 112.415171670000063, -8.079065557999968, 0.0 ], [ 112.415874342000052, -8.079248699999937, 0.0 ], [ 112.416254252000044, -8.079325940999979, 0.0 ], [ 112.416326403000085, -8.079348851999953, 0.0 ], [ 112.417704336000043, -8.079598645999965, 0.0 ], [ 112.418894066, -8.079884180999954, 0.0 ], [ 112.419816107000088, -8.080086434999942, 0.0 ], [ 112.419859939000048, -8.080260368999973, 0.0 ], [ 112.419836520000104, -8.080320441999959, 0.0 ], [ 112.419453240000053, -8.080901400999949, 0.0 ], [ 112.418775093000022, -8.08154385499995, 0.0 ], [ 112.418566890000079, -8.081960260999949, 0.0 ], [ 112.418611338, -8.082450040999959, 0.0 ], [ 112.418546477000064, -8.08271597199996, 0.0 ], [ 112.418527441000037, -8.083144274999938, 0.0 ], [ 112.41854, -8.083449998999981, 0.0 ], [ 112.41844, -8.08361999899995, 0.0 ], [ 112.41827, -8.08365, 0.0 ], [ 112.41791, -8.08369, 0.0 ], [ 112.417849544000092, -8.083744091999961, 0.0 ], [ 112.41772, -8.083859998999969, 0.0 ], [ 112.417649999000105, -8.08403, 0.0 ], [ 112.41743, -8.084369998999932, 0.0 ], [ 112.417299999000079, -8.08461, 0.0 ], [ 112.41729, -8.08488, 0.0 ], [ 112.41734, -8.08541, 0.0 ], [ 112.417279999000016, -8.08557, 0.0 ], [ 112.41716, -8.08565, 0.0 ], [ 112.416029999000102, -8.08645, 0.0 ], [ 112.41604, -8.08651, 0.0 ], [ 112.416029999000102, -8.08681, 0.0 ], [ 112.4159, -8.08694, 0.0 ], [ 112.415803629000038, -8.08699741199996, 0.0 ], [ 112.415654447000065, -8.087086286999977, 0.0 ], [ 112.415478537000013, -8.087191083999926, 0.0 ], [ 112.41543, -8.08722, 0.0 ], [ 112.41537, -8.0873, 0.0 ], [ 112.41541, -8.087429998999937, 0.0 ], [ 112.415570000000116, -8.088, 0.0 ], [ 112.4154, -8.088289998999926, 0.0 ], [ 112.415056700000036, -8.088506389999964, 0.0 ], [ 112.414955572000054, -8.08864320899994, 0.0 ], [ 112.414896086000113, -8.08874433699998, 0.0 ], [ 112.414816860000087, -8.088929702999963, 0.0 ], [ 112.414731199000016, -8.089129576999937, 0.0 ], [ 112.414909659000045, -8.089272343999937, 0.0 ], [ 112.415209471000026, -8.089407974999972, 0.0 ], [ 112.41544503800003, -8.08952932699998, 0.0 ], [ 112.415493603000073, -8.089980474999948, 0.0 ], [ 112.415440000000103, -8.090129998999942, 0.0 ], [ 112.415396370000053, -8.090187053999955, 0.0 ], [ 112.415156029000059, -8.090391498999963, 0.0 ], [ 112.4150381500001, -8.090457316999959, 0.0 ], [ 112.41495962700003, -8.090778542999942, 0.0 ], [ 112.414878437000084, -8.091284426999948, 0.0 ], [ 112.414836808000018, -8.09156128799998, 0.0 ], [ 112.414736862000041, -8.091683220999926, 0.0 ], [ 112.41466588500009, -8.091769811999939, 0.0 ], [ 112.414658348000103, -8.091779006999957, 0.0 ], [ 112.414540565000038, -8.091803991999939, 0.0 ], [ 112.414467676000072, -8.091794767999943, 0.0 ], [ 112.414429999000049, -8.09179, 0.0 ], [ 112.414294291000033, -8.091839684999968, 0.0 ], [ 112.414180076000093, -8.091868237999961, 0.0 ], [ 112.414116090000107, -8.091978311999981, 0.0 ], [ 112.414116069000102, -8.091978347999941, 0.0 ], [ 112.414037309000037, -8.092071681999926, 0.0 ], [ 112.414015894000045, -8.09219303499998, 0.0 ], [ 112.414079234000042, -8.092372854999951, 0.0 ], [ 112.413924076000058, -8.092383722999955, 0.0 ], [ 112.413761062000049, -8.092709089999971, 0.0 ], [ 112.413679018000039, -8.09277941299996, 0.0 ], [ 112.413592998000013, -8.092853143999946, 0.0 ], [ 112.413548299000013, -8.092891456999951, 0.0 ], [ 112.413526221000097, -8.092910380999967, 0.0 ], [ 112.413503930000047, -8.092929487999982, 0.0 ], [ 112.413454588000036, -8.09297178199995, 0.0 ], [ 112.413454565000052, -8.092971801999965, 0.0 ], [ 112.413153655000087, -8.093226045999927, 0.0 ], [ 112.4129913270001, -8.093516345999944, 0.0 ], [ 112.412800971000024, -8.093706702999953, 0.0 ], [ 112.412476684000012, -8.093789983999955, 0.0 ], [ 112.41185981600006, -8.094318727999962, 0.0 ], [ 112.411730580000039, -8.094341970999949, 0.0 ], [ 112.41161124000007, -8.094363433999945, 0.0 ], [ 112.411476046000075, -8.094446051999967, 0.0 ], [ 112.411439919000031, -8.094468129999939, 0.0 ], [ 112.411422796000011, -8.094689335999931, 0.0 ], [ 112.41129, -8.09483, 0.0 ], [ 112.41123561500001, -8.094906778999928, 0.0 ], [ 112.41087836600002, -8.095020164999937, 0.0 ], [ 112.410821259000045, -8.095143896999957, 0.0 ], [ 112.410813393000012, -8.095226491999938, 0.0 ], [ 112.410802223000019, -8.095343771999978, 0.0 ], [ 112.41085, -8.09546, 0.0 ], [ 112.410859330000108, -8.095886288999964, 0.0 ], [ 112.410811741000089, -8.096038574999966, 0.0 ], [ 112.410707045000095, -8.096200377999935, 0.0 ], [ 112.410489525000116, -8.096303869999929, 0.0 ], [ 112.410424502000069, -8.09646859399993, 0.0 ], [ 112.41042, -8.096479998999939, 0.0 ], [ 112.410250188000077, -8.096523984999976, 0.0 ], [ 112.410174046000066, -8.096666751999976, 0.0 ], [ 112.410204963000069, -8.096757341999933, 0.0 ], [ 112.410239999000055, -8.09686, 0.0 ] ] ], [ [ [ 112.421352362000107, -8.07384527499994, 0.0 ], [ 112.421532264, -8.073913810999954, 0.0 ], [ 112.421608407, -8.073904292999941, 0.0 ], [ 112.42174641500003, -8.07380911499996, 0.0 ], [ 112.421841594000057, -8.073780560999978, 0.0 ], [ 112.421822558000031, -8.073899533999963, 0.0 ], [ 112.421675032000053, -8.074056578999944, 0.0 ], [ 112.421575094000104, -8.074085131999936, 0.0 ], [ 112.4214085320001, -8.074123202999942, 0.0 ], [ 112.421280041000045, -8.074213622999935, 0.0 ], [ 112.421146895000106, -8.074376953999945, 0.0 ], [ 112.421156309000025, -8.074522952999928, 0.0 ], [ 112.421142032000034, -8.074917942999946, 0.0 ], [ 112.421184863, -8.075146371999949, 0.0 ], [ 112.421313353000073, -8.075408111999934, 0.0 ], [ 112.420870774000036, -8.075441424999951, 0.0 ], [ 112.420708970000078, -8.075255826999978, 0.0 ], [ 112.420566203000021, -8.075060710999935, 0.0 ], [ 112.420485301000099, -8.074898907999966, 0.0 ], [ 112.420399999000097, -8.07431, 0.0 ], [ 112.420399640000028, -8.074232658999961, 0.0 ], [ 112.420247355000015, -8.074113685999976, 0.0 ], [ 112.420133141000065, -8.074089890999971, 0.0 ], [ 112.42007603400009, -8.074118444999954, 0.0 ], [ 112.420029999, -8.074169998999935, 0.0 ], [ 112.41989043600006, -8.074223140999948, 0.0 ], [ 112.419761945, -8.074185068999952, 0.0 ], [ 112.419829596000113, -8.074072660999946, 0.0 ], [ 112.419809534000024, -8.074008988999935, 0.0 ], [ 112.419634938000058, -8.073977468999942, 0.0 ], [ 112.419438870000022, -8.073879434999981, 0.0 ], [ 112.419614418000037, -8.073752007999929, 0.0 ], [ 112.419752427000049, -8.073575926999979, 0.0 ], [ 112.419809534000024, -8.073399846999962, 0.0 ], [ 112.41976670400004, -8.07322852599998, 0.0 ], [ 112.419623936000107, -8.07310479399996, 0.0 ], [ 112.419638213000098, -8.072966784999949, 0.0 ], [ 112.419662008000046, -8.072586071999979, 0.0 ], [ 112.419761945, -8.072362401999953, 0.0 ], [ 112.41989043600006, -8.072310053999956, 0.0 ], [ 112.420147418000056, -8.072238669999933, 0.0 ], [ 112.420394882000096, -8.072333848999961, 0.0 ], [ 112.420566203000021, -8.072371919999966, 0.0 ], [ 112.42049006000002, -8.072490892999951, 0.0 ], [ 112.420566203000021, -8.072595588999945, 0.0 ], [ 112.420899327000029, -8.072781186999975, 0.0 ], [ 112.420956434, -8.072933472999978, 0.0 ], [ 112.421023059000049, -8.073147623999944, 0.0 ], [ 112.4209849880001, -8.073366534999934, 0.0 ], [ 112.421027818000084, -8.07352833799996, 0.0 ], [ 112.421189621000053, -8.073680623999962, 0.0 ], [ 112.421352362000107, -8.07384527499994, 0.0 ] ] ] ] } },
{ "type": "Feature", "properties": { "OBJECTID": 116244.0, "KDPPUM": "35", "NAMOBJ": "Tepas", "REMARK": null, "KDPBPS": null, "FCODE": "BA03070040", "LUASWH": 6.60279241, "UUPP": "Hasil Delineasi Batas Desa 2019", "SRS_ID": "SRGI 2013", "METADATA": "TASWIL1000020200326DATA_BATAS_DESA_KELURAHAN", "KDEBPS": null, "KDEPUM": "35.05.19.2006", "KDCBPS": null, "KDCPUM": "35.05.19", "KDBBPS": null, "WADMKD": "Tepas", "WIADKD": null, "WADMKC": "Kesamben", "WIADKC": null, "WADMKK": "Blitar", "WIADKK": null, "WADMPR": "Jawa Timur", "WIADPR": null, "TIPADM": 1.0, "KDPKAB": "35.05", "SHAPE_Leng": 0.13003884970427701, "SHAPE_Area": 0.00054179606413200005 }, "geometry": { "type": "MultiPolygon", "coordinates": [ [ [ [ 112.381080132000079, -8.09314504699995, 0.0 ], [ 112.381094908000023, -8.093138206999981, 0.0 ], [ 112.381592842000032, -8.092907681999975, 0.0 ], [ 112.381945002000066, -8.09294575399997, 0.0 ], [ 112.382601733000115, -8.09294575399997, 0.0 ], [ 112.383905678000019, -8.092926717999944, 0.0 ], [ 112.384930299000075, -8.092934404999937, 0.0 ], [ 112.385374598000112, -8.092970539999953, 0.0 ], [ 112.385767209000051, -8.092940796999926, 0.0 ], [ 112.386713045000079, -8.092922950999935, 0.0 ], [ 112.387361448000092, -8.092922950999935, 0.0 ], [ 112.388235900000041, -8.092863463999947, 0.0 ], [ 112.389003276000039, -8.092714747999935, 0.0 ], [ 112.389961009000103, -8.092619568999964, 0.0 ], [ 112.390783323000051, -8.092215021999948, 0.0 ], [ 112.39087, -8.09202, 0.0 ], [ 112.391009999000062, -8.09184, 0.0 ], [ 112.392346482000107, -8.091230376999931, 0.0 ], [ 112.392486596000026, -8.09126243299994, 0.0 ], [ 112.39261886700001, -8.091383438999969, 0.0 ], [ 112.392672405000098, -8.091526206999959, 0.0 ], [ 112.392856814000083, -8.091704666999931, 0.0 ], [ 112.393076914000062, -8.091829587999939, 0.0 ], [ 112.393279168000049, -8.091948560999981, 0.0 ], [ 112.393505217000097, -8.092115123999974, 0.0 ], [ 112.393755060000103, -8.092305479999936, 0.0 ], [ 112.393868084000019, -8.0922638399999, 0.0 ], [ 112.393939468000099, -8.092121071999941, 0.0 ], [ 112.393981109000038, -8.092037790999939, 0.0 ], [ 112.394052493000117, -8.091883125999971, 0.0 ], [ 112.394296387000054, -8.091627333999952, 0.0 ], [ 112.394516488000022, -8.091454822999935, 0.0 ], [ 112.394807972000081, -8.091187133999938, 0.0 ], [ 112.395251106000046, -8.09075201, 0.0 ], [ 112.3957888650001, -8.090556893999974, 0.0 ], [ 112.396269516000075, -8.090214250999963, 0.0 ], [ 112.396621676000109, -8.089957269999957, 0.0 ], [ 112.397254613000086, -8.089462341999933, 0.0 ], [ 112.39754490700011, -8.089172047999966, 0.0 ], [ 112.397806648000028, -8.088953136999976, 0.0 ], [ 112.398033421000036, -8.088673004999976, 0.0 ], [ 112.397948671000108, -8.08857669799994, 0.0 ], [ 112.397849224000083, -8.088463689999969, 0.0 ], [ 112.397350152000058, -8.087896561999969, 0.0 ], [ 112.397127352000098, -8.087643379999975, 0.0 ], [ 112.396938802000022, -8.087387718999935, 0.0 ], [ 112.396827844000086, -8.087237267999967, 0.0 ], [ 112.396530799000061, -8.086834493999959, 0.0 ], [ 112.396285023000019, -8.086501238999972, 0.0 ], [ 112.395976960000098, -8.085995136999941, 0.0 ], [ 112.39588527300009, -8.08584450799998, 0.0 ], [ 112.396285023000019, -8.08551614199996, 0.0 ], [ 112.396475443000099, -8.085317258999964, 0.0 ], [ 112.396499174000041, -8.085292472999981, 0.0 ], [ 112.396547109000039, -8.085213521999947, 0.0 ], [ 112.396580076000077, -8.085159222999948, 0.0 ], [ 112.396634583000036, -8.085109387999978, 0.0 ], [ 112.396746638000081, -8.085006936999946, 0.0 ], [ 112.396865611000067, -8.084992660999944, 0.0 ], [ 112.397008379000113, -8.085068802999956, 0.0 ], [ 112.397027012000081, -8.085077902999956, 0.0 ], [ 112.397213012000066, -8.085168740999961, 0.0 ], [ 112.397312950000014, -8.085144945999957, 0.0 ], [ 112.397427164000078, -8.085059285999932, 0.0 ], [ 112.397480784000095, -8.084928642999955, 0.0 ], [ 112.39755, -8.084759998999971, 0.0 ], [ 112.39769999900011, -8.08453, 0.0 ], [ 112.397770714000103, -8.084441606999974, 0.0 ], [ 112.397823767000091, -8.084375290999958, 0.0 ], [ 112.3979, -8.08428, 0.0 ], [ 112.39822, -8.084, 0.0 ], [ 112.398338761000105, -8.083893113999977, 0.0 ], [ 112.398419999000112, -8.08382, 0.0 ], [ 112.39847, -8.08334, 0.0 ], [ 112.39856, -8.08303, 0.0 ], [ 112.39875, -8.082769998999936, 0.0 ], [ 112.39893, -8.08262, 0.0 ], [ 112.399179999000012, -8.08247, 0.0 ], [ 112.399687413000038, -8.081745273999957, 0.0 ], [ 112.399818284000048, -8.081602505999967, 0.0 ], [ 112.400020538000035, -8.081471635999947, 0.0 ], [ 112.400389354000026, -8.081281278999938, 0.0 ], [ 112.40055591700002, -8.081138510999949, 0.0 ], [ 112.400633119000076, -8.081085063999979, 0.0 ], [ 112.400631346000068, -8.081052272999955, 0.0 ], [ 112.40074297700005, -8.080727340999942, 0.0 ], [ 112.400874051000073, -8.08068583599993, 0.0 ], [ 112.400995404000014, -8.080614451999963, 0.0 ], [ 112.401205589000028, -8.080552433999969, 0.0 ], [ 112.40130552700009, -8.080466772999955, 0.0 ], [ 112.401369772000066, -8.08037397399994, 0.0 ], [ 112.401562509000087, -8.08038111299993, 0.0 ], [ 112.40159820000008, -8.080509602999939, 0.0 ], [ 112.401655307000055, -8.080673785999977, 0.0 ], [ 112.401818157000093, -8.080832563999934, 0.0 ], [ 112.401940843000034, -8.080952182999965, 0.0 ], [ 112.402097887000082, -8.080916490999925, 0.0 ], [ 112.402519052000116, -8.081166334999978, 0.0 ], [ 112.40311, -8.08172, 0.0 ], [ 112.403504149000014, -8.082022940999934, 0.0 ], [ 112.403746854000019, -8.082643979999943, 0.0 ], [ 112.403789684000117, -8.082815300999926, 0.0 ], [ 112.403968144000032, -8.083186496999929, 0.0 ], [ 112.404267956000012, -8.083436339999935, 0.0 ], [ 112.404432138000061, -8.083600522999973, 0.0 ], [ 112.404632013000082, -8.08372187599997, 0.0 ], [ 112.405167392000067, -8.084000272999958, 0.0 ], [ 112.405890748000047, -8.084498273999941, 0.0 ], [ 112.406765200000109, -8.08520378399993, 0.0 ], [ 112.406902019000086, -8.085465524999961, 0.0 ], [ 112.407145914000012, -8.085727264999946, 0.0 ], [ 112.40778836800007, -8.086274540999966, 0.0 ], [ 112.408698512000115, -8.087107352999965, 0.0 ], [ 112.408267035000108, -8.087972984999965, 0.0 ], [ 112.408133390000103, -8.088291134999963, 0.0 ], [ 112.408032263000109, -8.088386311999955, 0.0 ], [ 112.407706866000012, -8.088640518999966, 0.0 ], [ 112.407564669000067, -8.088809968999954, 0.0 ], [ 112.40741476300002, -8.088981291999971, 0.0 ], [ 112.407163760000117, -8.089445172999945, 0.0 ], [ 112.406967454000096, -8.089468966999959, 0.0 ], [ 112.406217924000089, -8.090188753999939, 0.0 ], [ 112.406027567000024, -8.090408854999964, 0.0 ], [ 112.40585145700004, -8.090287614999966, 0.0 ], [ 112.405747980000115, -8.090444545999958, 0.0 ], [ 112.405747008000048, -8.090611558999967, 0.0 ], [ 112.405599161000055, -8.090726549999943, 0.0 ], [ 112.40562305900005, -8.090849055999968, 0.0 ], [ 112.405551675000083, -8.091021564999949, 0.0 ], [ 112.405412018000106, -8.091128511999955, 0.0 ], [ 112.405230448000111, -8.09124761399994, 0.0 ], [ 112.405266110000071, -8.092022242999974, 0.0 ], [ 112.405224499000042, -8.0923719099999, 0.0 ], [ 112.404873528000053, -8.09251467699994, 0.0 ], [ 112.404545133000056, -8.09271466499996, 0.0 ], [ 112.404416642000115, -8.092900263999979, 0.0 ], [ 112.404399449000039, -8.092993108999963, 0.0 ], [ 112.404242971000031, -8.093115491999981, 0.0 ], [ 112.404242971000031, -8.093267258999958, 0.0 ], [ 112.40410255300003, -8.093442780999965, 0.0 ], [ 112.403593128000011, -8.094224358999952, 0.0 ], [ 112.40335, -8.094539998999949, 0.0 ], [ 112.40297, -8.095289997999942, 0.0 ], [ 112.402845038, -8.095631770999944, 0.0 ], [ 112.40291047300002, -8.095721000999959, 0.0 ], [ 112.403475595000032, -8.095905408999954, 0.0 ], [ 112.403749233000099, -8.095917306999979, 0.0 ], [ 112.403782511000031, -8.096073417999946, 0.0 ], [ 112.403234050000037, -8.09741410099997, 0.0 ], [ 112.402958062000039, -8.098171845999957, 0.0 ], [ 112.402839089000054, -8.098546610999961, 0.0 ], [ 112.403142471000024, -8.098564456999952, 0.0 ], [ 112.403826566000021, -8.098736968999958, 0.0 ], [ 112.40393959000005, -8.098826198999973, 0.0 ], [ 112.403945539, -8.099010606999968, 0.0 ], [ 112.40399547800007, -8.099508025999967, 0.0 ], [ 112.403329229000065, -8.100402703999976, 0.0 ], [ 112.403151988000104, -8.100625664999939, 0.0 ], [ 112.402827192000018, -8.100650649999977, 0.0 ], [ 112.40273796200006, -8.100711325999953, 0.0 ], [ 112.402570210000022, -8.10097544599995, 0.0 ], [ 112.402395320000096, -8.101086090999956, 0.0 ], [ 112.402170461000082, -8.101171751999971, 0.0 ], [ 112.401787338000076, -8.101354488999959, 0.0 ], [ 112.401726833000112, -8.101433143999941, 0.0 ], [ 112.401724312000056, -8.101617899999951, 0.0 ], [ 112.401602959000115, -8.101699991999965, 0.0 ], [ 112.401271025000028, -8.101889158999938, 0.0 ], [ 112.400946228000066, -8.102046203999976, 0.0 ], [ 112.400626161000105, -8.102420486999961, 0.0 ], [ 112.400360920000026, -8.102553106999949, 0.0 ], [ 112.399921870000071, -8.103038437999942, 0.0 ], [ 112.3996113500001, -8.103234743999963, 0.0 ], [ 112.399547105000011, -8.103366803999961, 0.0 ], [ 112.399440029000061, -8.103538124999943, 0.0 ], [ 112.399332954000101, -8.103684462999979, 0.0 ], [ 112.398986742000034, -8.103748706999966, 0.0 ], [ 112.398544162, -8.10384150699997, 0.0 ], [ 112.398233643000026, -8.103791537999939, 0.0 ], [ 112.398155120000069, -8.103852214999961, 0.0 ], [ 112.398058752000111, -8.103945013999976, 0.0 ], [ 112.398005214000023, -8.104159164999942, 0.0 ], [ 112.398065891000101, -8.104530359999956, 0.0 ], [ 112.398065891000101, -8.105012200999965, 0.0 ], [ 112.397973092000029, -8.105169245999946, 0.0 ], [ 112.397908846000064, -8.10539767399996, 0.0 ], [ 112.397901708000063, -8.105572563999942, 0.0 ], [ 112.397915985000054, -8.105615395999962, 0.0 ], [ 112.397987368000031, -8.105754593999961, 0.0 ], [ 112.397880293000071, -8.105965174999938, 0.0 ], [ 112.397801770000115, -8.106165049999959, 0.0 ], [ 112.397787494000113, -8.106400616999963, 0.0 ], [ 112.397687556000051, -8.106536245999962, 0.0 ], [ 112.397459098000013, -8.106665445999965, 0.0 ], [ 112.396966550000116, -8.106965256999956, 0.0 ], [ 112.396596268000053, -8.107051487999968, 0.0 ], [ 112.396431201000041, -8.107021656999962, 0.0 ], [ 112.396292002000109, -8.106978826999978, 0.0 ], [ 112.396167081000044, -8.10701095, 0.0 ], [ 112.396013605, -8.10701095, 0.0 ], [ 112.395949360000031, -8.106975257999977, 0.0 ], [ 112.395795885000098, -8.106921718999956, 0.0 ], [ 112.395685240000034, -8.106918149999956, 0.0 ], [ 112.395546041000102, -8.106889596999963, 0.0 ], [ 112.395278352000105, -8.106796796999959, 0.0 ], [ 112.395042785000101, -8.106839626999943, 0.0 ], [ 112.394882142000029, -8.106965256999956, 0.0 ], [ 112.394589443000086, -8.107101513999964, 0.0 ], [ 112.394418177000034, -8.107325036999953, 0.0 ], [ 112.394294947000049, -8.107344396999963, 0.0 ], [ 112.393900644000041, -8.107342882999944, 0.0 ], [ 112.393632955000044, -8.107350022999981, 0.0 ], [ 112.393433050000112, -8.107472081999958, 0.0 ], [ 112.393368835000047, -8.107739064999976, 0.0 ], [ 112.39329388200008, -8.107913954999958, 0.0 ], [ 112.393040469000084, -8.108178073999966, 0.0 ], [ 112.39284064900005, -8.108290441999941, 0.0 ], [ 112.392684026000097, -8.108340733999967, 0.0 ], [ 112.392552679, -8.108350252999969, 0.0 ], [ 112.39250361400002, -8.108349491999945, 0.0 ], [ 112.39249, -8.108409998999946, 0.0 ], [ 112.392484306000028, -8.108433587999968, 0.0 ], [ 112.39252602900001, -8.108472079999956, 0.0 ], [ 112.392600269000013, -8.108493020999958, 0.0 ], [ 112.392661183000087, -8.108546319999959, 0.0 ], [ 112.39266998700009, -8.108645066999941, 0.0 ], [ 112.392634295000107, -8.108769988999939, 0.0 ], [ 112.392664038000021, -8.10895439799998, 0.0 ], [ 112.392681884000012, -8.109126907999951, 0.0 ], [ 112.39260455200008, -8.109239932999969, 0.0 ], [ 112.39237657000001, -8.109449414999972, 0.0 ], [ 112.39227, -8.109429997999939, 0.0 ], [ 112.391932354, -8.109483826999963, 0.0 ], [ 112.391718202000106, -8.109483826999963, 0.0 ], [ 112.391569486000094, -8.109549262999963, 0.0 ], [ 112.39153352400001, -8.109660554999948, 0.0 ], [ 112.391658716000052, -8.109906181999975, 0.0 ], [ 112.391670613000088, -8.11009059099996, 0.0 ], [ 112.391498102000014, -8.110245254999938, 0.0 ], [ 112.391349701000081, -8.110304592999967, 0.0 ], [ 112.3912, -8.110319998999955, 0.0 ], [ 112.391168496000091, -8.110445991999939, 0.0 ], [ 112.391135234000103, -8.110697352999978, 0.0 ], [ 112.391075748000048, -8.110792530999959, 0.0 ], [ 112.390948002000073, -8.110763665999968, 0.0 ], [ 112.390873494000061, -8.110667608999961, 0.0 ], [ 112.390776556000105, -8.110563025999966, 0.0 ], [ 112.390564164000011, -8.11053673899994, 0.0 ], [ 112.390504677000081, -8.110548636999965, 0.0 ], [ 112.390334992000021, -8.11065580099995, 0.0 ], [ 112.390203110000016, -8.110726341999964, 0.0 ], [ 112.390144546000101, -8.110888938999949, 0.0 ], [ 112.3901, -8.11103, 0.0 ], [ 112.39012075100004, -8.111155438999958, 0.0 ], [ 112.390177858000015, -8.111407661999976, 0.0 ], [ 112.390206412000111, -8.111559947999979, 0.0 ], [ 112.39012075100004, -8.111931141999946, 0.0 ], [ 112.38999701900002, -8.112145293999959, 0.0 ], [ 112.390001778000055, -8.112311855999963, 0.0 ], [ 112.389979835000076, -8.112561211999946, 0.0 ], [ 112.390054077000059, -8.11293517699994, 0.0 ], [ 112.38976140300008, -8.112835239999981, 0.0 ], [ 112.389554390000058, -8.112813823999943, 0.0 ], [ 112.389340239000035, -8.112756716999968, 0.0 ], [ 112.389054703000056, -8.112685332999945, 0.0 ], [ 112.388869105000026, -8.112464043999978, 0.0 ], [ 112.388961904000098, -8.111964356999977, 0.0 ], [ 112.38899045800008, -8.111571745999981, 0.0 ], [ 112.388819137000041, -8.111414700999944, 0.0 ], [ 112.388640677000012, -8.111136303999956, 0.0 ], [ 112.388626400000021, -8.110943567999925, 0.0 ], [ 112.388376557000015, -8.110950705999926, 0.0 ], [ 112.387519951000058, -8.110943567999925, 0.0 ], [ 112.386813251000035, -8.110729416999959, 0.0 ], [ 112.386727590000078, -8.110872183999959, 0.0 ], [ 112.386434917000088, -8.110786523999934, 0.0 ], [ 112.385835292000024, -8.11057951, 0.0 ], [ 112.385585449000018, -8.11040105099994, 0.0 ], [ 112.385385574000111, -8.110458157999972, 0.0 ], [ 112.385078624000016, -8.110386773999949, 0.0 ], [ 112.38493551800002, -8.110612228999969, 0.0 ], [ 112.384643182000104, -8.111143442999946, 0.0 ], [ 112.384964410000066, -8.111300486999937, 0.0 ], [ 112.384957271000076, -8.111407562999943, 0.0 ], [ 112.384764535000045, -8.111600298999974, 0.0 ], [ 112.384107804000109, -8.111928664999937, 0.0 ], [ 112.38375088500004, -8.112007186999961, 0.0 ], [ 112.3836295320001, -8.11200004899996, 0.0 ], [ 112.383479626000053, -8.11214281599996, 0.0 ], [ 112.382830033, -8.112271306999958, 0.0 ], [ 112.382808618000013, -8.112571118999938, 0.0 ], [ 112.381973427000048, -8.112706748999926, 0.0 ], [ 112.381744999000034, -8.113349202999927, 0.0 ], [ 112.381530847000022, -8.113384894999967, 0.0 ], [ 112.381245312000033, -8.113463416999934, 0.0 ], [ 112.381038299000011, -8.113534800999957, 0.0 ], [ 112.380688518000056, -8.113491970999974, 0.0 ], [ 112.380488644000025, -8.113392032999968, 0.0 ], [ 112.380238800000029, -8.113334925999936, 0.0 ], [ 112.380110309000088, -8.113256403999969, 0.0 ], [ 112.379332226000088, -8.113456278999934, 0.0 ], [ 112.378761155, -8.113570492999941, 0.0 ], [ 112.378418512000053, -8.113434863999942, 0.0 ], [ 112.378140116000054, -8.11371326099993, 0.0 ], [ 112.377875995000068, -8.113656153999955, 0.0 ], [ 112.377726089000021, -8.113955965999935, 0.0 ], [ 112.377533353000103, -8.113970241999937, 0.0 ], [ 112.377219264000018, -8.113927411999953, 0.0 ], [ 112.377147880000052, -8.11404162599996, 0.0 ], [ 112.376355520000061, -8.114298607999956, 0.0 ], [ 112.375106303000052, -8.114805432999958, 0.0 ], [ 112.374371049000047, -8.11482684799995, 0.0 ], [ 112.373485890000097, -8.114769740999975, 0.0 ], [ 112.372812732000057, -8.114833153999939, 0.0 ], [ 112.372500793000086, -8.114862539999933, 0.0 ], [ 112.371751263000078, -8.114784017999966, 0.0 ], [ 112.371194469000102, -8.114741187999925, 0.0 ], [ 112.370791071000099, -8.114665044999981, 0.0 ], [ 112.370714928000098, -8.114246259999959, 0.0 ], [ 112.370714928000098, -8.114144713999963, 0.0 ], [ 112.37101, -8.114109998999936, 0.0 ], [ 112.371509999000068, -8.114, 0.0 ], [ 112.372189999000057, -8.11379, 0.0 ], [ 112.3733, -8.11316, 0.0 ], [ 112.373439999000084, -8.11291, 0.0 ], [ 112.37368, -8.11263, 0.0 ], [ 112.373849999000072, -8.112529998999946, 0.0 ], [ 112.374179999000035, -8.11229, 0.0 ], [ 112.374649999000098, -8.11176, 0.0 ], [ 112.374780000000101, -8.11154, 0.0 ], [ 112.37483, -8.111299998999925, 0.0 ], [ 112.37499, -8.110479998999949, 0.0 ], [ 112.375270000000114, -8.11012999899998, 0.0 ], [ 112.37534, -8.10989, 0.0 ], [ 112.375450000000114, -8.1096, 0.0 ], [ 112.37555, -8.10932, 0.0 ], [ 112.37555, -8.10906, 0.0 ], [ 112.37551, -8.10815, 0.0 ], [ 112.375590000000102, -8.107749998999964, 0.0 ], [ 112.37566, -8.10733, 0.0 ], [ 112.375759999000024, -8.10676, 0.0 ], [ 112.37594, -8.106539998999949, 0.0 ], [ 112.37607, -8.1063, 0.0 ], [ 112.376620000000116, -8.10511, 0.0 ], [ 112.376869999000064, -8.10429, 0.0 ], [ 112.376889999000014, -8.10423, 0.0 ], [ 112.37692, -8.10358, 0.0 ], [ 112.37663, -8.10351, 0.0 ], [ 112.37641, -8.10345, 0.0 ], [ 112.3762, -8.10339, 0.0 ], [ 112.375719999000012, -8.10327, 0.0 ], [ 112.37627, -8.1016, 0.0 ], [ 112.37629, -8.10113, 0.0 ], [ 112.376220000000103, -8.1005, 0.0 ], [ 112.376080000000115, -8.09982, 0.0 ], [ 112.37603, -8.09945, 0.0 ], [ 112.376, -8.09922, 0.0 ], [ 112.37603, -8.09896, 0.0 ], [ 112.37612, -8.09864, 0.0 ], [ 112.3763, -8.09851, 0.0 ], [ 112.376350000000116, -8.098389998999949, 0.0 ], [ 112.37634, -8.09829, 0.0 ], [ 112.37632, -8.097979998999961, 0.0 ], [ 112.37637, -8.09778, 0.0 ], [ 112.376499999000089, -8.09764, 0.0 ], [ 112.37669, -8.09756, 0.0 ], [ 112.376889999000014, -8.09743, 0.0 ], [ 112.37733, -8.09699, 0.0 ], [ 112.37768999900004, -8.09667, 0.0 ], [ 112.37792, -8.09643, 0.0 ], [ 112.378020000000106, -8.09633, 0.0 ], [ 112.378509999000016, -8.09552, 0.0 ], [ 112.37872, -8.09539, 0.0 ], [ 112.379309999000043, -8.09495, 0.0 ], [ 112.37949, -8.09466, 0.0 ], [ 112.37956, -8.094469998999955, 0.0 ], [ 112.379639999, -8.09383, 0.0 ], [ 112.37967, -8.093359998999972, 0.0 ], [ 112.380222272000083, -8.093297913999947, 0.0 ], [ 112.380612504000055, -8.093364538999936, 0.0 ], [ 112.381048468000017, -8.093159901999968, 0.0 ], [ 112.381078878000039, -8.093145627999945, 0.0 ], [ 112.381080132000079, -8.09314504699995, 0.0 ] ] ] ] } },
{ "type": "Feature", "properties": { "OBJECTID": 116287.0, "KDPPUM": "35", "NAMOBJ": "Bumirejo", "REMARK": null, "KDPBPS": null, "FCODE": "BA03070040", "LUASWH": 5.03575641, "UUPP": "Hasil Delineasi Batas Desa 2019", "SRS_ID": "SRGI 2013", "METADATA": "TASWIL1000020200326DATA_BATAS_DESA_KELURAHAN", "KDEBPS": null, "KDEPUM": "35.05.19.2009", "KDCBPS": null, "KDCPUM": "35.05.19", "KDBBPS": null, "WADMKD": "Bumirejo", "WIADKD": null, "WADMKC": "Kesamben", "WIADKC": null, "WADMKK": "Blitar", "WIADKK": null, "WADMPR": "Jawa Timur", "WIADPR": null, "TIPADM": 1.0, "KDPKAB": "35.05", "SHAPE_Leng": 0.12253723455471, "SHAPE_Area": 0.00041316929622299997 }, "geometry": { "type": "MultiPolygon", "coordinates": [ [ [ [ 112.43046, -8.07522, 0.0 ], [ 112.430149999000037, -8.07553, 0.0 ], [ 112.42995, -8.075749998999981, 0.0 ], [ 112.42977, -8.07611, 0.0 ], [ 112.42966, -8.076489998999932, 0.0 ], [ 112.429369999000073, -8.07755, 0.0 ], [ 112.42919, -8.07793, 0.0 ], [ 112.428990000000113, -8.07851999899998, 0.0 ], [ 112.42889, -8.07899, 0.0 ], [ 112.42862, -8.07854, 0.0 ], [ 112.42848, -8.07837, 0.0 ], [ 112.42808, -8.07814, 0.0 ], [ 112.4275, -8.0779, 0.0 ], [ 112.427009999, -8.07776, 0.0 ], [ 112.42663, -8.07771, 0.0 ], [ 112.4263, -8.077719998999953, 0.0 ], [ 112.426232577000064, -8.077731623999966, 0.0 ], [ 112.426204497000072, -8.077736465999976, 0.0 ], [ 112.426187828000025, -8.077739339999937, 0.0 ], [ 112.426183197000114, -8.077740137999967, 0.0 ], [ 112.426125791000118, -8.077750035999941, 0.0 ], [ 112.42610826300006, -8.077741964999973, 0.0 ], [ 112.426090282000018, -8.077733686999977, 0.0 ], [ 112.425962156000082, -8.077674693999938, 0.0 ], [ 112.425948593000044, -8.077683070999967, 0.0 ], [ 112.4258408070001, -8.077749644999926, 0.0 ], [ 112.425652588000048, -8.077865896999981, 0.0 ], [ 112.425638549000041, -8.07787456799997, 0.0 ], [ 112.425632204000067, -8.077882675999945, 0.0 ], [ 112.425467228000116, -8.078093478999961, 0.0 ], [ 112.425457710000046, -8.078150585999936, 0.0 ], [ 112.42553711100004, -8.078234656999939, 0.0 ], [ 112.425389999000117, -8.07837, 0.0 ], [ 112.42538, -8.07849, 0.0 ], [ 112.425509999000042, -8.07872, 0.0 ], [ 112.42569, -8.078889998999955, 0.0 ], [ 112.425859999000068, -8.07904, 0.0 ], [ 112.425868087000026, -8.079059411999935, 0.0 ], [ 112.425723972000014, -8.079030986999953, 0.0 ], [ 112.425491975000114, -8.078877510999973, 0.0 ], [ 112.425177886000029, -8.078766865999967, 0.0 ], [ 112.42507437900008, -8.078834680999933, 0.0 ], [ 112.425095794000072, -8.078913202999956, 0.0 ], [ 112.425183476000029, -8.079054843999927, 0.0 ], [ 112.42507, -8.07899, 0.0 ], [ 112.42487, -8.07897, 0.0 ], [ 112.42492, -8.07909, 0.0 ], [ 112.425099999000054, -8.07936, 0.0 ], [ 112.425125672000036, -8.07953970799997, 0.0 ], [ 112.425038478000033, -8.07950391299994, 0.0 ], [ 112.424860228000057, -8.079430735999949, 0.0 ], [ 112.424435494000022, -8.079320090999943, 0.0 ], [ 112.424410412000043, -8.079342892999932, 0.0 ], [ 112.424239188000115, -8.079498550999972, 0.0 ], [ 112.42425946000003, -8.079536754999936, 0.0 ], [ 112.424295146000077, -8.079604008999979, 0.0 ], [ 112.424331987000073, -8.079673440999954, 0.0 ], [ 112.424364110000056, -8.07973054799993, 0.0 ], [ 112.424258933000033, -8.079996257999937, 0.0 ], [ 112.424228481000114, -8.080073189999951, 0.0 ], [ 112.424157867000076, -8.080199438999955, 0.0 ], [ 112.42411069700006, -8.080283772999962, 0.0 ], [ 112.424013645000059, -8.080318316999978, 0.0 ], [ 112.423989242000061, -8.080327002999979, 0.0 ], [ 112.423900115000038, -8.080358725999929, 0.0 ], [ 112.42381445500007, -8.080476508999936, 0.0 ], [ 112.423819478000041, -8.080499635999956, 0.0 ], [ 112.423840221000091, -8.080595144999961, 0.0 ], [ 112.423842319000073, -8.08060480499995, 0.0 ], [ 112.423842782000065, -8.08060693799996, 0.0 ], [ 112.423720000000117, -8.08081, 0.0 ], [ 112.42375, -8.08089, 0.0 ], [ 112.42386999900009, -8.08096, 0.0 ], [ 112.423878948000038, -8.080967954999949, 0.0 ], [ 112.423863595000057, -8.080991139999981, 0.0 ], [ 112.423807316000079, -8.081076132999954, 0.0 ], [ 112.423659900000075, -8.081199856999945, 0.0 ], [ 112.423656074000064, -8.081203067999979, 0.0 ], [ 112.423607441000058, -8.081243884999935, 0.0 ], [ 112.423268368000095, -8.081415205999974, 0.0 ], [ 112.423198069000023, -8.081589306999945, 0.0 ], [ 112.423096894000082, -8.081839875999947, 0.0 ], [ 112.423085753, -8.082006582999952, 0.0 ], [ 112.423089999000013, -8.0821, 0.0 ], [ 112.423111101000018, -8.082133160999945, 0.0 ], [ 112.423142846000019, -8.082183044999965, 0.0 ], [ 112.423230000000103, -8.082319998999935, 0.0 ], [ 112.4234045500001, -8.082477094999945, 0.0 ], [ 112.42343, -8.0825, 0.0 ], [ 112.423949999000115, -8.08291, 0.0 ], [ 112.423978117000047, -8.083031838999943, 0.0 ], [ 112.42398, -8.08304, 0.0 ], [ 112.423909999000102, -8.08315, 0.0 ], [ 112.423855087000106, -8.083200204999969, 0.0 ], [ 112.423707379, -8.083210509999958, 0.0 ], [ 112.423652769000114, -8.083262934999937, 0.0 ], [ 112.423538417000032, -8.08337271299996, 0.0 ], [ 112.42343968900002, -8.083467491999954, 0.0 ], [ 112.423294792000092, -8.083541167999954, 0.0 ], [ 112.423229107000111, -8.083574566999971, 0.0 ], [ 112.42303280200008, -8.083778010999936, 0.0 ], [ 112.423047239000084, -8.083845384999961, 0.0 ], [ 112.423000000000116, -8.08389, 0.0 ], [ 112.42299, -8.084, 0.0 ], [ 112.42308, -8.08449, 0.0 ], [ 112.4228, -8.08455, 0.0 ], [ 112.422550000000115, -8.0846, 0.0 ], [ 112.42226, -8.084619998999926, 0.0 ], [ 112.421859999000048, -8.0846, 0.0 ], [ 112.42142, -8.08453, 0.0 ], [ 112.42087, -8.08438, 0.0 ], [ 112.42017, -8.08414, 0.0 ], [ 112.41945, -8.08385, 0.0 ], [ 112.41889, -8.08369, 0.0 ], [ 112.41854, -8.083449998999981, 0.0 ], [ 112.418527441000037, -8.083144274999938, 0.0 ], [ 112.418546477000064, -8.08271597199996, 0.0 ], [ 112.418611338, -8.082450040999959, 0.0 ], [ 112.418566890000079, -8.081960260999949, 0.0 ], [ 112.418775093000022, -8.08154385499995, 0.0 ], [ 112.419453240000053, -8.080901400999949, 0.0 ], [ 112.419836520000104, -8.080320441999959, 0.0 ], [ 112.419859939000048, -8.080260368999973, 0.0 ], [ 112.419816107000088, -8.080086434999942, 0.0 ], [ 112.418894066, -8.079884180999954, 0.0 ], [ 112.417704336000043, -8.079598645999965, 0.0 ], [ 112.416326403000085, -8.079348851999953, 0.0 ], [ 112.416254252000044, -8.079325940999979, 0.0 ], [ 112.415874342000052, -8.079248699999937, 0.0 ], [ 112.415171670000063, -8.079065557999968, 0.0 ], [ 112.413117925000051, -8.078640912999958, 0.0 ], [ 112.41191, -8.07829, 0.0 ], [ 112.412067204000095, -8.07818389199997, 0.0 ], [ 112.412195616000076, -8.078039587999967, 0.0 ], [ 112.41223844600006, -8.077975342999935, 0.0 ], [ 112.412316750000059, -8.077917967999952, 0.0 ], [ 112.412434752000081, -8.077868266999928, 0.0 ], [ 112.412509705000048, -8.077846851999936, 0.0 ], [ 112.412588227000015, -8.077789744999961, 0.0 ], [ 112.412645334000104, -8.077671960999965, 0.0 ], [ 112.412638196000103, -8.077493501999982, 0.0 ], [ 112.412570381000023, -8.077350733999936, 0.0 ], [ 112.412474013000065, -8.077215104999937, 0.0 ], [ 112.412388352000107, -8.077118736999978, 0.0 ], [ 112.412311823000096, -8.077068078999957, 0.0 ], [ 112.412263430000053, -8.076983106999933, 0.0 ], [ 112.412277707000044, -8.076811785999951, 0.0 ], [ 112.412428392000038, -8.076677477999965, 0.0 ], [ 112.412631057000112, -8.076551234999954, 0.0 ], [ 112.412880901000108, -8.076301391999948, 0.0 ], [ 112.413048653000033, -8.076076532999934, 0.0 ], [ 112.413087914000016, -8.075944472999936, 0.0 ], [ 112.41307839600006, -8.075848103999931, 0.0 ], [ 112.413096242000051, -8.07572675199998, 0.0 ], [ 112.413046273000077, -8.075559, 0.0 ], [ 112.412953474, -8.075134265999964, 0.0 ], [ 112.412971320000111, -8.074948667999934, 0.0 ], [ 112.413049842000078, -8.074813038999935, 0.0 ], [ 112.413180521000072, -8.074639087999969, 0.0 ], [ 112.413365438000028, -8.074497680999968, 0.0 ], [ 112.413543898000057, -8.074304944999938, 0.0 ], [ 112.413295515000073, -8.07411299599994, 0.0 ], [ 112.412066252000045, -8.073291293999944, 0.0 ], [ 112.411302445000047, -8.072670254999935, 0.0 ], [ 112.410795620000044, -8.072334750999971, 0.0 ], [ 112.410610022000014, -8.072234813999955, 0.0 ], [ 112.41056005400003, -8.07213487599995, 0.0 ], [ 112.41063857600011, -8.071913585999937, 0.0 ], [ 112.410788482000044, -8.071892170999945, 0.0 ], [ 112.410952665000082, -8.071863617999952, 0.0 ], [ 112.410974080000074, -8.071678019999979, 0.0 ], [ 112.411009772000057, -8.071578081999974, 0.0 ], [ 112.411066879000032, -8.071520974999942, 0.0 ], [ 112.411195370000087, -8.071306823999976, 0.0 ], [ 112.411309584000037, -8.071185470999978, 0.0 ], [ 112.411466628000085, -8.071042703999979, 0.0 ], [ 112.411645088000114, -8.070992734999948, 0.0 ], [ 112.411816409000039, -8.070935627999972, 0.0 ], [ 112.411894931, -8.070864243999949, 0.0 ], [ 112.412002007000069, -8.07072147599996, 0.0 ], [ 112.412151913000116, -8.070607261999953, 0.0 ], [ 112.412358926000024, -8.070485909999945, 0.0 ], [ 112.412495100000115, -8.070387148999941, 0.0 ], [ 112.412772952000068, -8.070157543999926, 0.0 ], [ 112.412880028000018, -8.069929115999969, 0.0 ], [ 112.412880028000018, -8.069650718999981, 0.0 ], [ 112.412908582000114, -8.069565057999966, 0.0 ], [ 112.412922858000115, -8.069493674999933, 0.0 ], [ 112.412323234000041, -8.069029679999971, 0.0 ], [ 112.410952665000082, -8.068215903999942, 0.0 ], [ 112.41133813700003, -8.067380712999977, 0.0 ], [ 112.411388106000118, -8.067130869999971, 0.0 ], [ 112.411580842000035, -8.066873887999975, 0.0 ], [ 112.411959177000085, -8.066574075999938, 0.0 ], [ 112.412344649000033, -8.065953036999929, 0.0 ], [ 112.41260163100003, -8.065410518999954, 0.0 ], [ 112.413829433000046, -8.065531871999951, 0.0 ], [ 112.414236321000089, -8.065574701999935, 0.0 ], [ 112.414300566000065, -8.065503317999969, 0.0 ], [ 112.414179214000114, -8.065117845999964, 0.0 ], [ 112.41417207500001, -8.064903693999952, 0.0 ], [ 112.414400504000014, -8.064653850999946, 0.0 ], [ 112.414250598000081, -8.064425422999932, 0.0 ], [ 112.414005886000041, -8.063913272999969, 0.0 ], [ 112.414050723000059, -8.063725860999966, 0.0 ], [ 112.414119999000036, -8.06363, 0.0 ], [ 112.414205073000062, -8.063513583999963, 0.0 ], [ 112.414245839000046, -8.063349905999928, 0.0 ], [ 112.414298187000099, -8.063278521999962, 0.0 ], [ 112.414407642000015, -8.063192861999937, 0.0 ], [ 112.414426678000041, -8.06310720099998, 0.0 ], [ 112.414388606000102, -8.062997745999951, 0.0 ], [ 112.414326740000092, -8.062935879999941, 0.0 ], [ 112.414421919, -8.062831183999947, 0.0 ], [ 112.414552838000077, -8.062763213999972, 0.0 ], [ 112.414683660000037, -8.06268365699998, 0.0 ], [ 112.414759802000049, -8.062612272999957, 0.0 ], [ 112.4147217310001, -8.062445710999953, 0.0 ], [ 112.4147, -8.06232, 0.0 ], [ 112.41493296100009, -8.062179138999966, 0.0 ], [ 112.415111963000072, -8.062169693999977, 0.0 ], [ 112.41532135500006, -8.062107827999967, 0.0 ], [ 112.415468882000027, -8.061960300999942, 0.0 ], [ 112.41558, -8.0617, 0.0 ], [ 112.415890618000049, -8.061157733999949, 0.0 ], [ 112.415906703000019, -8.060946650999938, 0.0 ], [ 112.41598284500003, -8.060732498999926, 0.0 ], [ 112.416325488000098, -8.060071008999955, 0.0 ], [ 112.416487291000067, -8.059666500999981, 0.0 ], [ 112.416430184000092, -8.059485661999929, 0.0 ], [ 112.416396871000074, -8.059333375999927, 0.0 ], [ 112.416534880000086, -8.059195366999973, 0.0 ], [ 112.416653853000071, -8.059143018999976, 0.0 ], [ 112.416915594000102, -8.059000251999976, 0.0 ], [ 112.417010772000026, -8.058924108999975, 0.0 ], [ 112.417058362000034, -8.058795617999976, 0.0 ], [ 112.417305826000074, -8.058243582999978, 0.0 ], [ 112.417429558000094, -8.058100814999932, 0.0 ], [ 112.41753901300001, -8.057786725999961, 0.0 ], [ 112.417519977000097, -8.057548779999934, 0.0 ], [ 112.417443834000096, -8.057386976999965, 0.0 ], [ 112.417396245000077, -8.057210896999948, 0.0 ], [ 112.417405763000033, -8.057096682999941, 0.0 ], [ 112.417258236000066, -8.056915843999946, 0.0 ], [ 112.417186853000089, -8.056782593999969, 0.0 ], [ 112.417248719000099, -8.056601754999974, 0.0 ], [ 112.417288218000067, -8.056425674999957, 0.0 ], [ 112.417678171000034, -8.056325252999955, 0.0 ], [ 112.41795, -8.056499998999925, 0.0 ], [ 112.41838, -8.05668, 0.0 ], [ 112.41875, -8.05679, 0.0 ], [ 112.419129999, -8.05682, 0.0 ], [ 112.419519999000045, -8.0567, 0.0 ], [ 112.41976000000011, -8.056599998999957, 0.0 ], [ 112.42027, -8.05634, 0.0 ], [ 112.420809999000085, -8.056, 0.0 ], [ 112.420861737000109, -8.055963880999968, 0.0 ], [ 112.420870875000105, -8.055957500999966, 0.0 ], [ 112.420887008000022, -8.055946238999979, 0.0 ], [ 112.4213400000001, -8.055629998999962, 0.0 ], [ 112.421939999000074, -8.055179998999961, 0.0 ], [ 112.422280000000114, -8.054939997999952, 0.0 ], [ 112.42262, -8.05481, 0.0 ], [ 112.42312, -8.05472999899996, 0.0 ], [ 112.423439999000038, -8.05469, 0.0 ], [ 112.42436, -8.054489997999951, 0.0 ], [ 112.42523, -8.05433, 0.0 ], [ 112.42569, -8.05429, 0.0 ], [ 112.42613, -8.05429, 0.0 ], [ 112.4265, -8.054339998999978, 0.0 ], [ 112.426969999000107, -8.054429998999979, 0.0 ], [ 112.42753, -8.05454999799997, 0.0 ], [ 112.42803, -8.05463999899996, 0.0 ], [ 112.42844, -8.054609998999979, 0.0 ], [ 112.42906, -8.05454999799997, 0.0 ], [ 112.42959, -8.05445, 0.0 ], [ 112.43001, -8.05436, 0.0 ], [ 112.43072, -8.054179998999928, 0.0 ], [ 112.4314, -8.05404, 0.0 ], [ 112.43181, -8.053919998999959, 0.0 ], [ 112.43244, -8.05376999899994, 0.0 ], [ 112.43289, -8.053669998999965, 0.0 ], [ 112.433209999000042, -8.05364, 0.0 ], [ 112.43343, -8.05364, 0.0 ], [ 112.43373, -8.05369, 0.0 ], [ 112.43353, -8.05405, 0.0 ], [ 112.433450000000107, -8.0543, 0.0 ], [ 112.4335, -8.0544, 0.0 ], [ 112.433583401000078, -8.054496231999963, 0.0 ], [ 112.433630000000107, -8.05454999899996, 0.0 ], [ 112.43371, -8.05458, 0.0 ], [ 112.43389, -8.0547, 0.0 ], [ 112.43393, -8.05483, 0.0 ], [ 112.43389, -8.054979998999954, 0.0 ], [ 112.43377, -8.05516, 0.0 ], [ 112.43355, -8.05538, 0.0 ], [ 112.4332, -8.055679998999949, 0.0 ], [ 112.43306, -8.05592, 0.0 ], [ 112.43295, -8.05629, 0.0 ], [ 112.43296, -8.05655, 0.0 ], [ 112.43302, -8.05675, 0.0 ], [ 112.43307027100002, -8.056886448999933, 0.0 ], [ 112.43307844800006, -8.056896070999926, 0.0 ], [ 112.433301524000058, -8.057158544999936, 0.0 ], [ 112.433337216000041, -8.057408387999942, 0.0 ], [ 112.43321586400009, -8.057501186999957, 0.0 ], [ 112.433088299000019, -8.057472381999958, 0.0 ], [ 112.43304, -8.05754, 0.0 ], [ 112.43295, -8.057729998999946, 0.0 ], [ 112.432928261000029, -8.057874919999961, 0.0 ], [ 112.432919999000092, -8.05793, 0.0 ], [ 112.432939999000041, -8.058119998999928, 0.0 ], [ 112.43296, -8.05828, 0.0 ], [ 112.43321586400009, -8.058264993999956, 0.0 ], [ 112.433465707000096, -8.058243578999964, 0.0 ], [ 112.433608475000028, -8.058279270999947, 0.0 ], [ 112.433679999000105, -8.058449998999947, 0.0 ], [ 112.433679999000105, -8.05862, 0.0 ], [ 112.433630000000107, -8.05883, 0.0 ], [ 112.43355, -8.05885, 0.0 ], [ 112.433313081000051, -8.058865284999968, 0.0 ], [ 112.433088736000059, -8.058879758999979, 0.0 ], [ 112.43301886800009, -8.058884266999939, 0.0 ], [ 112.433044542000061, -8.059164429999953, 0.0 ], [ 112.432968369000037, -8.059346241999947, 0.0 ], [ 112.432801837000056, -8.059485657999971, 0.0 ], [ 112.432637655, -8.059564179999938, 0.0 ], [ 112.432600875000048, -8.05969431699998, 0.0 ], [ 112.432563795000078, -8.059825514999943, 0.0 ], [ 112.43248, -8.0599, 0.0 ], [ 112.432529999000053, -8.05998, 0.0 ], [ 112.43265, -8.060089998999956, 0.0 ], [ 112.432784375000097, -8.060243570999944, 0.0 ], [ 112.43279, -8.06025, 0.0 ], [ 112.432609101000025, -8.06039937099996, 0.0 ], [ 112.432173660000103, -8.060413646999962, 0.0 ], [ 112.43209, -8.06063, 0.0 ], [ 112.432166521000113, -8.060891918999971, 0.0 ], [ 112.432145106, -8.061141761999977, 0.0 ], [ 112.432104417, -8.06127311299997, 0.0 ], [ 112.432050641000046, -8.061446707999949, 0.0 ], [ 112.432000793000043, -8.06160762199994, 0.0 ], [ 112.431893003000027, -8.061930989999951, 0.0 ], [ 112.431938093000099, -8.062055474999966, 0.0 ], [ 112.431921959000078, -8.062083295999969, 0.0 ], [ 112.431667372000106, -8.062522284999943, 0.0 ], [ 112.43146, -8.0629, 0.0 ], [ 112.43131, -8.0631, 0.0 ], [ 112.43117, -8.06329, 0.0 ], [ 112.431110000000103, -8.06346, 0.0 ], [ 112.43109, -8.06353, 0.0 ], [ 112.430969999000013, -8.06396, 0.0 ], [ 112.430929999000114, -8.06409, 0.0 ], [ 112.43086, -8.064419998999938, 0.0 ], [ 112.430825540000114, -8.064609527999949, 0.0 ], [ 112.4308, -8.064749998999957, 0.0 ], [ 112.430845961000045, -8.064942461999976, 0.0 ], [ 112.430859099000031, -8.064997477999952, 0.0 ], [ 112.430876561000105, -8.065070598999966, 0.0 ], [ 112.43096, -8.06542, 0.0 ], [ 112.430969999000013, -8.06556, 0.0 ], [ 112.430840000000103, -8.06613, 0.0 ], [ 112.430840662000037, -8.06613264899994, 0.0 ], [ 112.430880000000116, -8.066289998999935, 0.0 ], [ 112.43096, -8.06632, 0.0 ], [ 112.43104, -8.06628, 0.0 ], [ 112.431157881000104, -8.06613264899994, 0.0 ], [ 112.43116, -8.06613, 0.0 ], [ 112.43145, -8.06573, 0.0 ], [ 112.43166, -8.06562, 0.0 ], [ 112.43195, -8.06561, 0.0 ], [ 112.431920000000105, -8.06578, 0.0 ], [ 112.43186313700005, -8.065960622999967, 0.0 ], [ 112.431813343000044, -8.066118789999962, 0.0 ], [ 112.43174999900009, -8.06632, 0.0 ], [ 112.43182, -8.066619998999954, 0.0 ], [ 112.43194, -8.06681, 0.0 ], [ 112.432008591000113, -8.066861442999937, 0.0 ], [ 112.432059999000103, -8.0669, 0.0 ], [ 112.43219324100005, -8.066954507999981, 0.0 ], [ 112.432080861000031, -8.067102311999975, 0.0 ], [ 112.432200631000114, -8.067267708999964, 0.0 ], [ 112.432230767000078, -8.06730932499994, 0.0 ], [ 112.4324, -8.06737, 0.0 ], [ 112.43211, -8.06755, 0.0 ], [ 112.43217, -8.06763, 0.0 ], [ 112.43235, -8.067849998999975, 0.0 ], [ 112.43274, -8.06777, 0.0 ], [ 112.43344, -8.06767, 0.0 ], [ 112.433810000000108, -8.06764, 0.0 ], [ 112.43395, -8.06763, 0.0 ], [ 112.434379999000043, -8.06758, 0.0 ], [ 112.43472, -8.067539998999962, 0.0 ], [ 112.43508, -8.06731, 0.0 ], [ 112.43541, -8.067089998999961, 0.0 ], [ 112.435259999000095, -8.06743999899993, 0.0 ], [ 112.43511, -8.06779, 0.0 ], [ 112.43493, -8.068259998999963, 0.0 ], [ 112.43473, -8.06876, 0.0 ], [ 112.434479999000018, -8.06915, 0.0 ], [ 112.434170000000108, -8.06962, 0.0 ], [ 112.43382, -8.07013, 0.0 ], [ 112.4335, -8.0705, 0.0 ], [ 112.43311, -8.07084, 0.0 ], [ 112.43275, -8.07117, 0.0 ], [ 112.432529999000053, -8.07192, 0.0 ], [ 112.43262, -8.07221, 0.0 ], [ 112.432370000000105, -8.07247, 0.0 ], [ 112.43226, -8.072649998999964, 0.0 ], [ 112.43191, -8.07358, 0.0 ], [ 112.43144, -8.07423, 0.0 ], [ 112.43046, -8.07522, 0.0 ] ], [ [ 112.421352362000107, -8.07384527499994, 0.0 ], [ 112.421189621000053, -8.073680623999962, 0.0 ], [ 112.421027818000084, -8.07352833799996, 0.0 ], [ 112.4209849880001, -8.073366534999934, 0.0 ], [ 112.421023059000049, -8.073147623999944, 0.0 ], [ 112.420956434, -8.072933472999978, 0.0 ], [ 112.420899327000029, -8.072781186999975, 0.0 ], [ 112.420566203000021, -8.072595588999945, 0.0 ], [ 112.42049006000002, -8.072490892999951, 0.0 ], [ 112.420566203000021, -8.072371919999966, 0.0 ], [ 112.420394882000096, -8.072333848999961, 0.0 ], [ 112.420147418000056, -8.072238669999933, 0.0 ], [ 112.41989043600006, -8.072310053999956, 0.0 ], [ 112.419761945, -8.072362401999953, 0.0 ], [ 112.419662008000046, -8.072586071999979, 0.0 ], [ 112.419638213000098, -8.072966784999949, 0.0 ], [ 112.419623936000107, -8.07310479399996, 0.0 ], [ 112.41976670400004, -8.07322852599998, 0.0 ], [ 112.419809534000024, -8.073399846999962, 0.0 ], [ 112.419752427000049, -8.073575926999979, 0.0 ], [ 112.419614418000037, -8.073752007999929, 0.0 ], [ 112.419438870000022, -8.073879434999981, 0.0 ], [ 112.419634938000058, -8.073977468999942, 0.0 ], [ 112.419809534000024, -8.074008988999935, 0.0 ], [ 112.419829596000113, -8.074072660999946, 0.0 ], [ 112.419761945, -8.074185068999952, 0.0 ], [ 112.41989043600006, -8.074223140999948, 0.0 ], [ 112.420029999, -8.074169998999935, 0.0 ], [ 112.42007603400009, -8.074118444999954, 0.0 ], [ 112.420133141000065, -8.074089890999971, 0.0 ], [ 112.420247355000015, -8.074113685999976, 0.0 ], [ 112.420399640000028, -8.074232658999961, 0.0 ], [ 112.420399999000097, -8.07431, 0.0 ], [ 112.420485301000099, -8.074898907999966, 0.0 ], [ 112.420566203000021, -8.075060710999935, 0.0 ], [ 112.420708970000078, -8.075255826999978, 0.0 ], [ 112.420870774000036, -8.075441424999951, 0.0 ], [ 112.421313353000073, -8.075408111999934, 0.0 ], [ 112.421184863, -8.075146371999949, 0.0 ], [ 112.421142032000034, -8.074917942999946, 0.0 ], [ 112.421156309000025, -8.074522952999928, 0.0 ], [ 112.421146895000106, -8.074376953999945, 0.0 ], [ 112.421280041000045, -8.074213622999935, 0.0 ], [ 112.4214085320001, -8.074123202999942, 0.0 ], [ 112.421575094000104, -8.074085131999936, 0.0 ], [ 112.421675032000053, -8.074056578999944, 0.0 ], [ 112.421822558000031, -8.073899533999963, 0.0 ], [ 112.421841594000057, -8.073780560999978, 0.0 ], [ 112.42174641500003, -8.07380911499996, 0.0 ], [ 112.421608407, -8.073904292999941, 0.0 ], [ 112.421532264, -8.073913810999954, 0.0 ], [ 112.421352362000107, -8.07384527499994, 0.0 ] ] ] ] } },
{ "type": "Feature", "properties": { "OBJECTID": 116246.0, "KDPPUM": "35", "NAMOBJ": "Kemirigede", "REMARK": null, "KDPBPS": null, "FCODE": "BA03070040", "LUASWH": 3.18077585, "UUPP": "Hasil Delineasi Batas Desa 2019", "SRS_ID": "SRGI 2013", "METADATA": "TASWIL1000020200326DATA_BATAS_DESA_KELURAHAN", "KDEBPS": null, "KDEPUM": "35.05.19.2007", "KDCBPS": null, "KDCPUM": "35.05.19", "KDBBPS": null, "WADMKD": "Kemirigede", "WIADKD": null, "WADMKC": "Kesamben", "WIADKC": null, "WADMKK": "Blitar", "WIADKK": null, "WADMPR": "Jawa Timur", "WIADPR": null, "TIPADM": 1.0, "KDPKAB": "35.05", "SHAPE_Leng": 0.089244682986730994, "SHAPE_Area": 0.00026097794705199999 }, "geometry": { "type": "MultiPolygon", "coordinates": [ [ [ [ 112.400727390000043, -8.077969142999962, 0.0 ], [ 112.400639198000022, -8.077926238999964, 0.0 ], [ 112.400190105000092, -8.077940945999956, 0.0 ], [ 112.400389999000026, -8.07763, 0.0 ], [ 112.400429999000039, -8.07755, 0.0 ], [ 112.400490000000104, -8.076839998999958, 0.0 ], [ 112.40061, -8.07646, 0.0 ], [ 112.40072, -8.07615999899997, 0.0 ], [ 112.400795505000019, -8.07594721199996, 0.0 ], [ 112.400778754000044, -8.074275260999968, 0.0 ], [ 112.400820394000107, -8.073668497999961, 0.0 ], [ 112.40083427400009, -8.073267013999953, 0.0 ], [ 112.400893136000036, -8.07237723399993, 0.0 ], [ 112.401121565000039, -8.070721128999935, 0.0 ], [ 112.401235779000103, -8.069902594999974, 0.0 ], [ 112.401311922000104, -8.067104348999976, 0.0 ], [ 112.401426136000055, -8.062916496999947, 0.0 ], [ 112.401553336, -8.059700124999949, 0.0 ], [ 112.401559385000041, -8.059547180999971, 0.0 ], [ 112.401521314000092, -8.058576359999961, 0.0 ], [ 112.401728327000114, -8.058538288999955, 0.0 ], [ 112.401821126000073, -8.058267030999957, 0.0 ], [ 112.401891459000012, -8.058033652999939, 0.0 ], [ 112.401927751000017, -8.05791323099993, 0.0 ], [ 112.401957904000028, -8.057813178999936, 0.0 ], [ 112.40197817100011, -8.057745928999964, 0.0 ], [ 112.402142353000045, -8.057681682999942, 0.0 ], [ 112.402549241000088, -8.058031463999953, 0.0 ], [ 112.402899022000042, -8.058045740999944, 0.0 ], [ 112.402956129000017, -8.0579600799999, 0.0 ], [ 112.403051672000061, -8.057498982999959, 0.0 ], [ 112.403074744000037, -8.057387633999952, 0.0 ], [ 112.403088799000102, -8.057319804999963, 0.0 ], [ 112.403120312000055, -8.057167719999939, 0.0 ], [ 112.403570030000083, -8.056896460999951, 0.0 ], [ 112.404647926000052, -8.056468157999973, 0.0 ], [ 112.40473820200009, -8.056461574999958, 0.0 ], [ 112.404739999000071, -8.056479998999976, 0.0 ], [ 112.404719999, -8.056589998999925, 0.0 ], [ 112.40489, -8.056559997999955, 0.0 ], [ 112.405361319, -8.056411161999961, 0.0 ], [ 112.405823879000081, -8.056295521999971, 0.0 ], [ 112.405932835000044, -8.056268282999952, 0.0 ], [ 112.406075602000101, -8.056132653999953, 0.0 ], [ 112.406156131000103, -8.056111179999959, 0.0 ], [ 112.406205543000056, -8.056098002999931, 0.0 ], [ 112.406289754000113, -8.056075546999978, 0.0 ], [ 112.406539597, -8.056125515999952, 0.0 ], [ 112.407039284, -8.056039854999938, 0.0 ], [ 112.407129680000025, -8.055968633999953, 0.0 ], [ 112.407158033000087, -8.055946294999956, 0.0 ], [ 112.407164439000098, -8.055941247999954, 0.0 ], [ 112.407274851000011, -8.055854256999964, 0.0 ], [ 112.407576712000036, -8.055783608999945, 0.0 ], [ 112.407610355000088, -8.055775734999941, 0.0 ], [ 112.407877682000048, -8.055824940999969, 0.0 ], [ 112.407931273000031, -8.055834804999961, 0.0 ], [ 112.40812824000011, -8.055871059999959, 0.0 ], [ 112.40825458900008, -8.055894316999968, 0.0 ], [ 112.408275070000059, -8.055898086999946, 0.0 ], [ 112.408480637000025, -8.055935924999972, 0.0 ], [ 112.408597236000105, -8.055957386999978, 0.0 ], [ 112.40871, -8.05586, 0.0 ], [ 112.40904, -8.05584, 0.0 ], [ 112.409450000000106, -8.055899998999962, 0.0 ], [ 112.40967, -8.05591, 0.0 ], [ 112.41001, -8.05584, 0.0 ], [ 112.410350000000108, -8.055719997999972, 0.0 ], [ 112.41164, -8.05562, 0.0 ], [ 112.41194, -8.055559998999968, 0.0 ], [ 112.41218, -8.055519998999955, 0.0 ], [ 112.41277, -8.05532, 0.0 ], [ 112.412929999000085, -8.05519, 0.0 ], [ 112.41317, -8.054839998999967, 0.0 ], [ 112.41343, -8.054409998999972, 0.0 ], [ 112.41376999900001, -8.054299998999966, 0.0 ], [ 112.41421, -8.05429, 0.0 ], [ 112.41459, -8.05433, 0.0 ], [ 112.41509, -8.05447, 0.0 ], [ 112.415570000000116, -8.05472999899996, 0.0 ], [ 112.416069999000115, -8.055089998999961, 0.0 ], [ 112.41653, -8.05550999899998, 0.0 ], [ 112.416880000000106, -8.055809998999962, 0.0 ], [ 112.417219999000054, -8.056049998999981, 0.0 ], [ 112.41753, -8.056229998999981, 0.0 ], [ 112.417678171000034, -8.056325252999955, 0.0 ], [ 112.417288218000067, -8.056425674999957, 0.0 ], [ 112.417248719000099, -8.056601754999974, 0.0 ], [ 112.417186853000089, -8.056782593999969, 0.0 ], [ 112.417258236000066, -8.056915843999946, 0.0 ], [ 112.417405763000033, -8.057096682999941, 0.0 ], [ 112.417396245000077, -8.057210896999948, 0.0 ], [ 112.417443834000096, -8.057386976999965, 0.0 ], [ 112.417519977000097, -8.057548779999934, 0.0 ], [ 112.41753901300001, -8.057786725999961, 0.0 ], [ 112.417429558000094, -8.058100814999932, 0.0 ], [ 112.417305826000074, -8.058243582999978, 0.0 ], [ 112.417058362000034, -8.058795617999976, 0.0 ], [ 112.417010772000026, -8.058924108999975, 0.0 ], [ 112.416915594000102, -8.059000251999976, 0.0 ], [ 112.416653853000071, -8.059143018999976, 0.0 ], [ 112.416534880000086, -8.059195366999973, 0.0 ], [ 112.416396871000074, -8.059333375999927, 0.0 ], [ 112.416430184000092, -8.059485661999929, 0.0 ], [ 112.416487291000067, -8.059666500999981, 0.0 ], [ 112.416325488000098, -8.060071008999955, 0.0 ], [ 112.41598284500003, -8.060732498999926, 0.0 ], [ 112.415906703000019, -8.060946650999938, 0.0 ], [ 112.415890618000049, -8.061157733999949, 0.0 ], [ 112.41558, -8.0617, 0.0 ], [ 112.415468882000027, -8.061960300999942, 0.0 ], [ 112.41532135500006, -8.062107827999967, 0.0 ], [ 112.415111963000072, -8.062169693999977, 0.0 ], [ 112.41493296100009, -8.062179138999966, 0.0 ], [ 112.4147, -8.06232, 0.0 ], [ 112.4147217310001, -8.062445710999953, 0.0 ], [ 112.414759802000049, -8.062612272999957, 0.0 ], [ 112.414683660000037, -8.06268365699998, 0.0 ], [ 112.414552838000077, -8.062763213999972, 0.0 ], [ 112.414421919, -8.062831183999947, 0.0 ], [ 112.414326740000092, -8.062935879999941, 0.0 ], [ 112.414388606000102, -8.062997745999951, 0.0 ], [ 112.414426678000041, -8.06310720099998, 0.0 ], [ 112.414407642000015, -8.063192861999937, 0.0 ], [ 112.414298187000099, -8.063278521999962, 0.0 ], [ 112.414245839000046, -8.063349905999928, 0.0 ], [ 112.414205073000062, -8.063513583999963, 0.0 ], [ 112.414119999000036, -8.06363, 0.0 ], [ 112.414050723000059, -8.063725860999966, 0.0 ], [ 112.414005886000041, -8.063913272999969, 0.0 ], [ 112.414250598000081, -8.064425422999932, 0.0 ], [ 112.414400504000014, -8.064653850999946, 0.0 ], [ 112.41417207500001, -8.064903693999952, 0.0 ], [ 112.414179214000114, -8.065117845999964, 0.0 ], [ 112.414300566000065, -8.065503317999969, 0.0 ], [ 112.414236321000089, -8.065574701999935, 0.0 ], [ 112.413829433000046, -8.065531871999951, 0.0 ], [ 112.41260163100003, -8.065410518999954, 0.0 ], [ 112.412344649000033, -8.065953036999929, 0.0 ], [ 112.411959177000085, -8.066574075999938, 0.0 ], [ 112.411580842000035, -8.066873887999975, 0.0 ], [ 112.411388106000118, -8.067130869999971, 0.0 ], [ 112.41133813700003, -8.067380712999977, 0.0 ], [ 112.410952665000082, -8.068215903999942, 0.0 ], [ 112.412323234000041, -8.069029679999971, 0.0 ], [ 112.412922858000115, -8.069493674999933, 0.0 ], [ 112.412908582000114, -8.069565057999966, 0.0 ], [ 112.412880028000018, -8.069650718999981, 0.0 ], [ 112.412880028000018, -8.069929115999969, 0.0 ], [ 112.412772952000068, -8.070157543999926, 0.0 ], [ 112.412495100000115, -8.070387148999941, 0.0 ], [ 112.412358926000024, -8.070485909999945, 0.0 ], [ 112.412151913000116, -8.070607261999953, 0.0 ], [ 112.412002007000069, -8.07072147599996, 0.0 ], [ 112.411894931, -8.070864243999949, 0.0 ], [ 112.411816409000039, -8.070935627999972, 0.0 ], [ 112.411645088000114, -8.070992734999948, 0.0 ], [ 112.411466628000085, -8.071042703999979, 0.0 ], [ 112.411309584000037, -8.071185470999978, 0.0 ], [ 112.411195370000087, -8.071306823999976, 0.0 ], [ 112.411066879000032, -8.071520974999942, 0.0 ], [ 112.411009772000057, -8.071578081999974, 0.0 ], [ 112.410974080000074, -8.071678019999979, 0.0 ], [ 112.410952665000082, -8.071863617999952, 0.0 ], [ 112.410788482000044, -8.071892170999945, 0.0 ], [ 112.41063857600011, -8.071913585999937, 0.0 ], [ 112.41056005400003, -8.07213487599995, 0.0 ], [ 112.410610022000014, -8.072234813999955, 0.0 ], [ 112.410795620000044, -8.072334750999971, 0.0 ], [ 112.411302445000047, -8.072670254999935, 0.0 ], [ 112.412066252000045, -8.073291293999944, 0.0 ], [ 112.413295515000073, -8.07411299599994, 0.0 ], [ 112.413543898000057, -8.074304944999938, 0.0 ], [ 112.413365438000028, -8.074497680999968, 0.0 ], [ 112.413180521000072, -8.074639087999969, 0.0 ], [ 112.413049842000078, -8.074813038999935, 0.0 ], [ 112.412971320000111, -8.074948667999934, 0.0 ], [ 112.412953474, -8.075134265999964, 0.0 ], [ 112.413046273000077, -8.075559, 0.0 ], [ 112.413096242000051, -8.07572675199998, 0.0 ], [ 112.41307839600006, -8.075848103999931, 0.0 ], [ 112.413087914000016, -8.075944472999936, 0.0 ], [ 112.413048653000033, -8.076076532999934, 0.0 ], [ 112.412880901000108, -8.076301391999948, 0.0 ], [ 112.412631057000112, -8.076551234999954, 0.0 ], [ 112.412428392000038, -8.076677477999965, 0.0 ], [ 112.412277707000044, -8.076811785999951, 0.0 ], [ 112.412263430000053, -8.076983106999933, 0.0 ], [ 112.412311823000096, -8.077068078999957, 0.0 ], [ 112.412388352000107, -8.077118736999978, 0.0 ], [ 112.412474013000065, -8.077215104999937, 0.0 ], [ 112.412570381000023, -8.077350733999936, 0.0 ], [ 112.412638196000103, -8.077493501999982, 0.0 ], [ 112.412645334000104, -8.077671960999965, 0.0 ], [ 112.412588227000015, -8.077789744999961, 0.0 ], [ 112.412509705000048, -8.077846851999936, 0.0 ], [ 112.412434752000081, -8.077868266999928, 0.0 ], [ 112.412316750000059, -8.077917967999952, 0.0 ], [ 112.41223844600006, -8.077975342999935, 0.0 ], [ 112.412195616000076, -8.078039587999967, 0.0 ], [ 112.412067204000095, -8.07818389199997, 0.0 ], [ 112.41191, -8.07829, 0.0 ], [ 112.41181, -8.07832, 0.0 ], [ 112.4116, -8.07829, 0.0 ], [ 112.411369943000068, -8.078153404999966, 0.0 ], [ 112.411079649000044, -8.078205752999963, 0.0 ], [ 112.410891156000048, -8.078359972999976, 0.0 ], [ 112.410813149000091, -8.078434181999967, 0.0 ], [ 112.410875923000049, -8.078547194999942, 0.0 ], [ 112.41087, -8.078619998999955, 0.0 ], [ 112.411010129000033, -8.078859657999942, 0.0 ], [ 112.411066929000071, -8.079219568999974, 0.0 ], [ 112.411132667000061, -8.07938939, 0.0 ], [ 112.411441758000024, -8.079864394999959, 0.0 ], [ 112.411491113000011, -8.080032186999972, 0.0 ], [ 112.411469880000027, -8.080256848999966, 0.0 ], [ 112.411312856000109, -8.08040316499995, 0.0 ], [ 112.411170924000089, -8.080519995999964, 0.0 ], [ 112.411142374000065, -8.080583986999955, 0.0 ], [ 112.411127238000063, -8.080904061999945, 0.0 ], [ 112.411017783000034, -8.081108694999955, 0.0 ], [ 112.410770319000108, -8.081479890999958, 0.0 ], [ 112.410496581000075, -8.081652530999975, 0.0 ], [ 112.410278498000025, -8.081737044999954, 0.0 ], [ 112.41013999900008, -8.081799998999941, 0.0 ], [ 112.40996, -8.08196, 0.0 ], [ 112.409956543000021, -8.082193729999972, 0.0 ], [ 112.410013647000028, -8.082384694999973, 0.0 ], [ 112.409989855000049, -8.082531612999958, 0.0 ], [ 112.409793713000113, -8.082675660999939, 0.0 ], [ 112.409523481000065, -8.082741004999946, 0.0 ], [ 112.409490169000037, -8.082626790999939, 0.0 ], [ 112.409461615000055, -8.082479264999961, 0.0 ], [ 112.40929815800007, -8.082424096999944, 0.0 ], [ 112.409009333000085, -8.08229257399995, 0.0 ], [ 112.40872910500002, -8.082236499999965, 0.0 ], [ 112.408557420000079, -8.082098550999945, 0.0 ], [ 112.408452724000085, -8.082055720999961, 0.0 ], [ 112.408328992000065, -8.082112827999936, 0.0 ], [ 112.408143394000035, -8.082326978999959, 0.0 ], [ 112.408110081000018, -8.08296467599996, 0.0 ], [ 112.408157670000037, -8.083140755999978, 0.0 ], [ 112.408233813000038, -8.083226414999956, 0.0 ], [ 112.40844, -8.083219998999937, 0.0 ], [ 112.408537344000024, -8.083658809999974, 0.0 ], [ 112.408402178000074, -8.083793268999955, 0.0 ], [ 112.408393763000049, -8.084208468999975, 0.0 ], [ 112.4084684930001, -8.084617637999941, 0.0 ], [ 112.408462241000052, -8.084820653999941, 0.0 ], [ 112.408414652000033, -8.084863485999961, 0.0 ], [ 112.408267126000055, -8.084754028999953, 0.0 ], [ 112.408165388000043, -8.08465769299994, 0.0 ], [ 112.408081631000073, -8.08461581499995, 0.0 ], [ 112.407992163000017, -8.084571081999968, 0.0 ], [ 112.407619912000087, -8.08472547599996, 0.0 ], [ 112.407434314000056, -8.084763546999966, 0.0 ], [ 112.407245664000015, -8.084778402999973, 0.0 ], [ 112.407181606000108, -8.085134779999976, 0.0 ], [ 112.406878224000025, -8.085182367999948, 0.0 ], [ 112.406765200000109, -8.08520378399993, 0.0 ], [ 112.405890748000047, -8.084498273999941, 0.0 ], [ 112.405167392000067, -8.084000272999958, 0.0 ], [ 112.404632013000082, -8.08372187599997, 0.0 ], [ 112.404432138000061, -8.083600522999973, 0.0 ], [ 112.404267956000012, -8.083436339999935, 0.0 ], [ 112.403968144000032, -8.083186496999929, 0.0 ], [ 112.403789684000117, -8.082815300999926, 0.0 ], [ 112.403746854000019, -8.082643979999943, 0.0 ], [ 112.403504149000014, -8.082022940999934, 0.0 ], [ 112.40311, -8.08172, 0.0 ], [ 112.402519052000116, -8.081166334999978, 0.0 ], [ 112.402097887000082, -8.080916490999925, 0.0 ], [ 112.401940843000034, -8.080952182999965, 0.0 ], [ 112.401818157000093, -8.080832563999934, 0.0 ], [ 112.402031182000087, -8.080507953999927, 0.0 ], [ 112.402043080000112, -8.080210521999959, 0.0 ], [ 112.401983593000068, -8.078568692999966, 0.0 ], [ 112.401876517, -8.078473514999928, 0.0 ], [ 112.401567187000069, -8.078378336999947, 0.0 ], [ 112.401079398000093, -8.0781403899999, 0.0 ], [ 112.400727390000043, -8.077969142999962, 0.0 ] ] ] ] } },
{ "type": "Feature", "properties": { "OBJECTID": 116240.0, "KDPPUM": "35", "NAMOBJ": "Siraman", "REMARK": null, "KDPBPS": null, "FCODE": "BA03070040", "LUASWH": 6.55129487, "UUPP": "Hasil Delineasi Batas Desa 2019", "SRS_ID": "SRGI 2013", "METADATA": "TASWIL1000020200326DATA_BATAS_DESA_KELURAHAN", "KDEBPS": null, "KDEPUM": "35.05.19.2001", "KDCBPS": null, "KDCPUM": "35.05.19", "KDBBPS": null, "WADMKD": "Siraman", "WIADKD": null, "WADMKC": "Kesamben", "WIADKC": null, "WADMKK": "Blitar", "WIADKK": null, "WADMPR": "Jawa Timur", "WIADPR": null, "TIPADM": 1.0, "KDPKAB": "35.05", "SHAPE_Leng": 0.134510569847098, "SHAPE_Area": 0.00053764934481100003 }, "geometry": { "type": "MultiPolygon", "coordinates": [ [ [ [ 112.33072, -8.15032, 0.0 ], [ 112.330709999000078, -8.14979, 0.0 ], [ 112.33076999900004, -8.14955, 0.0 ], [ 112.33099, -8.14917, 0.0 ], [ 112.331179999000028, -8.14895, 0.0 ], [ 112.3314, -8.14874, 0.0 ], [ 112.33162, -8.148409998999966, 0.0 ], [ 112.33167, -8.14826, 0.0 ], [ 112.33175, -8.14805, 0.0 ], [ 112.33183, -8.147689998999965, 0.0 ], [ 112.33189, -8.14714, 0.0 ], [ 112.331897585000092, -8.147078053999962, 0.0 ], [ 112.33201, -8.14616, 0.0 ], [ 112.3323, -8.1453, 0.0 ], [ 112.33253, -8.14466, 0.0 ], [ 112.3326, -8.14433, 0.0 ], [ 112.33262, -8.14389, 0.0 ], [ 112.332679999000106, -8.14274, 0.0 ], [ 112.332613386000048, -8.142651180999962, 0.0 ], [ 112.330241704000059, -8.142314152999973, 0.0 ], [ 112.330355919000112, -8.141267189999951, 0.0 ], [ 112.329366063000066, -8.141019725999968, 0.0 ], [ 112.32942, -8.1404, 0.0 ], [ 112.329249999000012, -8.14037, 0.0 ], [ 112.32902, -8.140279998999972, 0.0 ], [ 112.328890000000115, -8.14023, 0.0 ], [ 112.32873, -8.14019, 0.0 ], [ 112.32846, -8.14007, 0.0 ], [ 112.32832, -8.14004, 0.0 ], [ 112.32816, -8.13992, 0.0 ], [ 112.328019999000048, -8.13979, 0.0 ], [ 112.32792, -8.13962, 0.0 ], [ 112.32784, -8.139439998999933, 0.0 ], [ 112.32773, -8.13923, 0.0 ], [ 112.3276800000001, -8.13898, 0.0 ], [ 112.3276800000001, -8.13881, 0.0 ], [ 112.327669999000022, -8.13861, 0.0 ], [ 112.327669999000022, -8.13772, 0.0 ], [ 112.327669999000022, -8.13715, 0.0 ], [ 112.3277, -8.13689, 0.0 ], [ 112.32773, -8.13668, 0.0 ], [ 112.3277700000001, -8.136419998999941, 0.0 ], [ 112.32779, -8.13619, 0.0 ], [ 112.327810000000113, -8.136009998999953, 0.0 ], [ 112.32787, -8.135909998999978, 0.0 ], [ 112.32805, -8.13569, 0.0 ], [ 112.32818, -8.135519998999939, 0.0 ], [ 112.32832, -8.135499998999933, 0.0 ], [ 112.328530000000114, -8.13544, 0.0 ], [ 112.32877, -8.13544, 0.0 ], [ 112.32904, -8.13542, 0.0 ], [ 112.329249999000012, -8.13544, 0.0 ], [ 112.32947, -8.13546, 0.0 ], [ 112.329700000000116, -8.13551, 0.0 ], [ 112.329769523000095, -8.13551, 0.0 ], [ 112.329782468000076, -8.134849783999925, 0.0 ], [ 112.333869693000111, -8.134999063999942, 0.0 ], [ 112.33423, -8.13491, 0.0 ], [ 112.33458, -8.13481, 0.0 ], [ 112.33486, -8.134759998999925, 0.0 ], [ 112.33561, -8.13461, 0.0 ], [ 112.335797746000026, -8.133117535999929, 0.0 ], [ 112.336730495000097, -8.132622607999963, 0.0 ], [ 112.337149280000062, -8.132584536999957, 0.0 ], [ 112.337187351000011, -8.132413215999975, 0.0 ], [ 112.337967814000081, -8.132451286999981, 0.0 ], [ 112.338043957000082, -8.132279965999942, 0.0 ], [ 112.339395491, -8.132394179999949, 0.0 ], [ 112.339538699000059, -8.132798683999965, 0.0 ], [ 112.33987, -8.13266, 0.0 ], [ 112.34028, -8.132499998999947, 0.0 ], [ 112.34063, -8.13235, 0.0 ], [ 112.34104, -8.13224, 0.0 ], [ 112.34123000000011, -8.13219, 0.0 ], [ 112.34168000000011, -8.132089998999959, 0.0 ], [ 112.34209, -8.132, 0.0 ], [ 112.342580000000112, -8.13193, 0.0 ], [ 112.343, -8.13183, 0.0 ], [ 112.34349, -8.1318, 0.0 ], [ 112.34412, -8.1318, 0.0 ], [ 112.34467, -8.13178, 0.0 ], [ 112.34527, -8.13178, 0.0 ], [ 112.345689999000115, -8.13174, 0.0 ], [ 112.346019999000077, -8.13169, 0.0 ], [ 112.34783, -8.13083, 0.0 ], [ 112.34787, -8.13076, 0.0 ], [ 112.34802, -8.13067, 0.0 ], [ 112.34826, -8.130839998999932, 0.0 ], [ 112.34863, -8.13099, 0.0 ], [ 112.34891, -8.13107, 0.0 ], [ 112.34954, -8.13122, 0.0 ], [ 112.34985, -8.131269998999926, 0.0 ], [ 112.35021, -8.13115, 0.0 ], [ 112.35041, -8.13108, 0.0 ], [ 112.35054, -8.1311, 0.0 ], [ 112.35077999900011, -8.1313, 0.0 ], [ 112.35101, -8.13159, 0.0 ], [ 112.351109999000073, -8.131719998999927, 0.0 ], [ 112.351360000000113, -8.13176, 0.0 ], [ 112.35169, -8.13176, 0.0 ], [ 112.352259999000012, -8.13153, 0.0 ], [ 112.352940000000103, -8.131289998999932, 0.0 ], [ 112.353079999000101, -8.13126, 0.0 ], [ 112.353210000000104, -8.13124, 0.0 ], [ 112.353469999000026, -8.13124, 0.0 ], [ 112.353970000000118, -8.13087, 0.0 ], [ 112.35409, -8.13078, 0.0 ], [ 112.354209999000091, -8.13079, 0.0 ], [ 112.35428, -8.13101, 0.0 ], [ 112.354289999000116, -8.13115, 0.0 ], [ 112.35461, -8.13134, 0.0 ], [ 112.35467, -8.13137, 0.0 ], [ 112.354679999000041, -8.13152, 0.0 ], [ 112.35471, -8.13157, 0.0 ], [ 112.354679999000041, -8.13171, 0.0 ], [ 112.35454, -8.13185, 0.0 ], [ 112.35433, -8.132, 0.0 ], [ 112.35426, -8.132069998999953, 0.0 ], [ 112.35428, -8.13218, 0.0 ], [ 112.35476, -8.13261, 0.0 ], [ 112.35487, -8.13273, 0.0 ], [ 112.354920000000106, -8.13286, 0.0 ], [ 112.35469, -8.133239998999954, 0.0 ], [ 112.354639999000028, -8.13345, 0.0 ], [ 112.354659999000091, -8.13351, 0.0 ], [ 112.355049999000016, -8.13353, 0.0 ], [ 112.35515, -8.133549998999968, 0.0 ], [ 112.35524, -8.133689998999955, 0.0 ], [ 112.35535, -8.13422, 0.0 ], [ 112.355359999000029, -8.13446, 0.0 ], [ 112.355280000000107, -8.13492, 0.0 ], [ 112.355190000000107, -8.13508, 0.0 ], [ 112.355029999000067, -8.135209998999926, 0.0 ], [ 112.3548, -8.13535, 0.0 ], [ 112.35368, -8.13568, 0.0 ], [ 112.3536, -8.13571, 0.0 ], [ 112.35359, -8.13583, 0.0 ], [ 112.35364, -8.135949998999934, 0.0 ], [ 112.35416, -8.13618, 0.0 ], [ 112.354269999000053, -8.13624, 0.0 ], [ 112.354380000000106, -8.136359998999978, 0.0 ], [ 112.35442, -8.13659, 0.0 ], [ 112.35442, -8.13676, 0.0 ], [ 112.35435, -8.13686, 0.0 ], [ 112.35422999900004, -8.1369, 0.0 ], [ 112.35403, -8.13678, 0.0 ], [ 112.353779999000039, -8.13658, 0.0 ], [ 112.35359, -8.13651, 0.0 ], [ 112.353520000000117, -8.13653, 0.0 ], [ 112.35313, -8.137119998999935, 0.0 ], [ 112.35301, -8.13728, 0.0 ], [ 112.35278, -8.13739, 0.0 ], [ 112.352689999000063, -8.1374, 0.0 ], [ 112.35243, -8.13736, 0.0 ], [ 112.35233, -8.13739, 0.0 ], [ 112.35227, -8.137469998999961, 0.0 ], [ 112.35243, -8.137859998999943, 0.0 ], [ 112.35254, -8.13809, 0.0 ], [ 112.352609999000038, -8.138349998999956, 0.0 ], [ 112.352620000000115, -8.13857, 0.0 ], [ 112.352530000000115, -8.13879, 0.0 ], [ 112.35245, -8.13897, 0.0 ], [ 112.35242, -8.1391, 0.0 ], [ 112.35247, -8.139169998999932, 0.0 ], [ 112.35293, -8.1392, 0.0 ], [ 112.353099999000051, -8.13922, 0.0 ], [ 112.35322, -8.1393, 0.0 ], [ 112.35331, -8.13943, 0.0 ], [ 112.35335, -8.13972, 0.0 ], [ 112.35336, -8.13990999899994, 0.0 ], [ 112.35342, -8.14, 0.0 ], [ 112.35367, -8.14014, 0.0 ], [ 112.35383, -8.140199998999947, 0.0 ], [ 112.35428, -8.14012, 0.0 ], [ 112.35435, -8.14013, 0.0 ], [ 112.35442, -8.14023, 0.0 ], [ 112.35445, -8.14041, 0.0 ], [ 112.35441, -8.14078, 0.0 ], [ 112.35399, -8.14206, 0.0 ], [ 112.35383, -8.14245, 0.0 ], [ 112.353930000000105, -8.14257, 0.0 ], [ 112.35413, -8.14277, 0.0 ], [ 112.354189999000027, -8.14288, 0.0 ], [ 112.35416, -8.14296, 0.0 ], [ 112.354060000000118, -8.14302, 0.0 ], [ 112.353799999000103, -8.143009998999958, 0.0 ], [ 112.35368, -8.143009998999958, 0.0 ], [ 112.35354, -8.14311, 0.0 ], [ 112.35344, -8.14331, 0.0 ], [ 112.353429999000014, -8.14348, 0.0 ], [ 112.3535, -8.14369, 0.0 ], [ 112.35362, -8.143789998999978, 0.0 ], [ 112.35387, -8.14387, 0.0 ], [ 112.35422999900004, -8.1439, 0.0 ], [ 112.354659999000091, -8.14391, 0.0 ], [ 112.35488, -8.14397, 0.0 ], [ 112.355069999000079, -8.14411999899994, 0.0 ], [ 112.35514, -8.14423, 0.0 ], [ 112.355100000000107, -8.14439, 0.0 ], [ 112.35485, -8.144649998999967, 0.0 ], [ 112.35459, -8.14487, 0.0 ], [ 112.354470000000106, -8.145019998999942, 0.0 ], [ 112.35444, -8.1451, 0.0 ], [ 112.3545, -8.14515, 0.0 ], [ 112.35498, -8.145039998999948, 0.0 ], [ 112.35518, -8.14499, 0.0 ], [ 112.3553, -8.14503, 0.0 ], [ 112.35543, -8.14517, 0.0 ], [ 112.35549, -8.145329998999955, 0.0 ], [ 112.35548, -8.14544, 0.0 ], [ 112.35539, -8.14555, 0.0 ], [ 112.35527, -8.14569, 0.0 ], [ 112.354969999000105, -8.14589, 0.0 ], [ 112.3549, -8.14595, 0.0 ], [ 112.35479, -8.14605, 0.0 ], [ 112.35473, -8.1462, 0.0 ], [ 112.35472, -8.14639, 0.0 ], [ 112.35475, -8.146579998999925, 0.0 ], [ 112.35482, -8.14671, 0.0 ], [ 112.35498, -8.14681, 0.0 ], [ 112.35518, -8.14686, 0.0 ], [ 112.35548, -8.14682, 0.0 ], [ 112.35576, -8.1467, 0.0 ], [ 112.355910000000108, -8.14664, 0.0 ], [ 112.35606, -8.14666, 0.0 ], [ 112.3558, -8.14737, 0.0 ], [ 112.35576, -8.14751, 0.0 ], [ 112.35576, -8.147749998999927, 0.0 ], [ 112.35569, -8.14803, 0.0 ], [ 112.35535, -8.14837, 0.0 ], [ 112.35514, -8.14856, 0.0 ], [ 112.354969999000105, -8.148879998999973, 0.0 ], [ 112.35496, -8.14896, 0.0 ], [ 112.355049999000016, -8.14904, 0.0 ], [ 112.35522, -8.14911, 0.0 ], [ 112.35551, -8.14901, 0.0 ], [ 112.3559, -8.148859998999967, 0.0 ], [ 112.35607, -8.148819998999954, 0.0 ], [ 112.35615, -8.148859998999967, 0.0 ], [ 112.356199999000069, -8.149, 0.0 ], [ 112.356159999000056, -8.14918999899993, 0.0 ], [ 112.356090000000108, -8.14936, 0.0 ], [ 112.35606, -8.14951, 0.0 ], [ 112.35593, -8.14963999899993, 0.0 ], [ 112.35562, -8.14992, 0.0 ], [ 112.35549, -8.15008, 0.0 ], [ 112.35545, -8.15021, 0.0 ], [ 112.35561, -8.150769998999976, 0.0 ], [ 112.35574, -8.151139998999952, 0.0 ], [ 112.35586, -8.15134, 0.0 ], [ 112.356509999000082, -8.151669998999978, 0.0 ], [ 112.356649999000069, -8.15176, 0.0 ], [ 112.35675, -8.15186, 0.0 ], [ 112.35688, -8.1519, 0.0 ], [ 112.35711, -8.15186, 0.0 ], [ 112.357409999000083, -8.15177, 0.0 ], [ 112.35765, -8.15177, 0.0 ], [ 112.357799999, -8.15183, 0.0 ], [ 112.35792, -8.151939998999978, 0.0 ], [ 112.35793, -8.15216, 0.0 ], [ 112.35792, -8.15232999899996, 0.0 ], [ 112.35799, -8.1525, 0.0 ], [ 112.344554956000025, -8.151631130999931, 0.0 ], [ 112.344483572000058, -8.151940460999981, 0.0 ], [ 112.344293215000107, -8.15222599599997, 0.0 ], [ 112.34419803600008, -8.152582914999925, 0.0 ], [ 112.344293215000107, -8.152868449999971, 0.0 ], [ 112.344388393000031, -8.15329675299995, 0.0 ], [ 112.344293215000107, -8.15370126199997, 0.0 ], [ 112.344221831000027, -8.154272331999948, 0.0 ], [ 112.343698350000068, -8.15477201899995, 0.0 ], [ 112.343436609000037, -8.154914786999939, 0.0 ], [ 112.34305589500002, -8.155152732999966, 0.0 ], [ 112.342770360000031, -8.155366883999932, 0.0 ], [ 112.342698976000065, -8.155700008999929, 0.0 ], [ 112.342770360000031, -8.156009338999979, 0.0 ], [ 112.342746565000084, -8.156271079999954, 0.0 ], [ 112.342651387000046, -8.156556614999943, 0.0 ], [ 112.342389646000015, -8.156818355999974, 0.0 ], [ 112.342127905000098, -8.156889738999951, 0.0 ], [ 112.341818575000048, -8.156865944999936, 0.0 ], [ 112.341509245000111, -8.156961122999974, 0.0 ], [ 112.341390272000012, -8.157222863999948, 0.0 ], [ 112.34148545100004, -8.15781772899993, 0.0 ], [ 112.341699602000062, -8.158246031999965, 0.0 ], [ 112.341699602000062, -8.158983664999937, 0.0 ], [ 112.34148545100004, -8.15929299499993, 0.0 ], [ 112.341289807000067, -8.159653247999927, 0.0 ], [ 112.34109, -8.15983, 0.0 ], [ 112.34092, -8.15992, 0.0 ], [ 112.34066, -8.15995, 0.0 ], [ 112.340499999000031, -8.15993, 0.0 ], [ 112.34034, -8.159819998999978, 0.0 ], [ 112.34025, -8.15971, 0.0 ], [ 112.340240000000108, -8.15926, 0.0 ], [ 112.34025, -8.15886, 0.0 ], [ 112.340209999000081, -8.15864, 0.0 ], [ 112.34014, -8.15852, 0.0 ], [ 112.33893, -8.1586, 0.0 ], [ 112.3387, -8.1586, 0.0 ], [ 112.33833, -8.15849, 0.0 ], [ 112.33806, -8.158299998999951, 0.0 ], [ 112.33792, -8.15813, 0.0 ], [ 112.337749999000039, -8.15779, 0.0 ], [ 112.33765, -8.15747, 0.0 ], [ 112.33761, -8.15714, 0.0 ], [ 112.337490000000116, -8.15655, 0.0 ], [ 112.33728, -8.15602, 0.0 ], [ 112.3372, -8.155839998999966, 0.0 ], [ 112.33694, -8.15575, 0.0 ], [ 112.33616, -8.15593, 0.0 ], [ 112.335879999000099, -8.15602, 0.0 ], [ 112.33573, -8.15612, 0.0 ], [ 112.33477, -8.15718, 0.0 ], [ 112.33436, -8.15764, 0.0 ], [ 112.33324, -8.15842, 0.0 ], [ 112.33287, -8.158609998999964, 0.0 ], [ 112.33247, -8.158729998999945, 0.0 ], [ 112.33181, -8.158609998999964, 0.0 ], [ 112.33141, -8.15845, 0.0 ], [ 112.331159999000079, -8.15825, 0.0 ], [ 112.330689999000015, -8.15772, 0.0 ], [ 112.33045, -8.15741, 0.0 ], [ 112.33035, -8.157149998999955, 0.0 ], [ 112.33018, -8.15653, 0.0 ], [ 112.33009, -8.15626, 0.0 ], [ 112.32998, -8.15609, 0.0 ], [ 112.329519999000013, -8.15572, 0.0 ], [ 112.32924, -8.15563, 0.0 ], [ 112.329579999000089, -8.154379998999957, 0.0 ], [ 112.3299, -8.15365, 0.0 ], [ 112.33014, -8.152799998999967, 0.0 ], [ 112.330290000000105, -8.15231, 0.0 ], [ 112.33057, -8.15172, 0.0 ], [ 112.33076, -8.15129, 0.0 ], [ 112.33082, -8.15102, 0.0 ], [ 112.33072, -8.15032, 0.0 ] ] ] ] } }
]
}
