{
"type": "FeatureCollection",
"name": "Nglegok",
"crs": { "type": "name", "properties": { "name": "urn:ogc:def:crs:OGC:1.3:CRS84" } },
"features": [
{ "type": "Feature", "properties": { "OBJECTID": 116181.0, "KDPPUM": "35", "NAMOBJ": "Krenceng", "REMARK": null, "KDPBPS": null, "FCODE": "BA03070040", "LUASWH": 2.00534445, "UUPP": "Hasil Delineasi Batas Desa 2019", "SRS_ID": "SRGI 2013", "METADATA": "TASWIL1000020200326DATA_BATAS_DESA_KELURAHAN", "KDEBPS": null, "KDEPUM": "35.05.09.2008", "KDCBPS": null, "KDCPUM": "35.05.09", "KDBBPS": null, "WADMKD": "Krenceng", "WIADKD": null, "WADMKC": "Nglegok", "WIADKC": null, "WADMKK": "Blitar", "WIADKK": null, "WADMPR": "Jawa Timur", "WIADPR": null, "TIPADM": 1.0, "KDPKAB": "35.05", "SHAPE_Leng": 0.061883763274225997, "SHAPE_Area": 0.000164553554411 }, "geometry": { "type": "MultiPolygon", "coordinates": [ [ [ [ 112.201940658000012, -8.045813929999952, 0.0 ], [ 112.201689999000109, -8.04625, 0.0 ], [ 112.20151, -8.04655, 0.0 ], [ 112.20125, -8.046789998999941, 0.0 ], [ 112.201, -8.04689, 0.0 ], [ 112.20016, -8.047179998999979, 0.0 ], [ 112.19985, -8.04732, 0.0 ], [ 112.19974, -8.04746, 0.0 ], [ 112.19955, -8.047879998999974, 0.0 ], [ 112.19956, -8.04808, 0.0 ], [ 112.19953, -8.04838, 0.0 ], [ 112.19945, -8.04925, 0.0 ], [ 112.19946, -8.04962, 0.0 ], [ 112.19937, -8.05041, 0.0 ], [ 112.199030000000107, -8.05097, 0.0 ], [ 112.198899999000105, -8.05118, 0.0 ], [ 112.198670000000106, -8.051449998999942, 0.0 ], [ 112.19842, -8.05205, 0.0 ], [ 112.19829, -8.05347, 0.0 ], [ 112.19817, -8.05388, 0.0 ], [ 112.198059999000066, -8.05433, 0.0 ], [ 112.19803, -8.054489998999941, 0.0 ], [ 112.19802, -8.054589998999973, 0.0 ], [ 112.19797, -8.05482, 0.0 ], [ 112.19793, -8.054919998999935, 0.0 ], [ 112.19785, -8.05509, 0.0 ], [ 112.1977, -8.055289998999967, 0.0 ], [ 112.19752, -8.055389998999942, 0.0 ], [ 112.197410000000104, -8.05538, 0.0 ], [ 112.197000000000116, -8.05523, 0.0 ], [ 112.19679, -8.05521, 0.0 ], [ 112.19666, -8.05528, 0.0 ], [ 112.195790000000102, -8.05521, 0.0 ], [ 112.19282, -8.054159998999978, 0.0 ], [ 112.18938, -8.05316, 0.0 ], [ 112.187500000000114, -8.052929998999957, 0.0 ], [ 112.18785, -8.05231, 0.0 ], [ 112.18808, -8.05203, 0.0 ], [ 112.18815, -8.05194, 0.0 ], [ 112.18824, -8.05158, 0.0 ], [ 112.188289999000062, -8.05131, 0.0 ], [ 112.188289999000062, -8.05105999899996, 0.0 ], [ 112.188329999000075, -8.05088, 0.0 ], [ 112.18851, -8.05066, 0.0 ], [ 112.18883, -8.0505, 0.0 ], [ 112.189, -8.05041, 0.0 ], [ 112.189149999000051, -8.05027, 0.0 ], [ 112.189260000000104, -8.05006, 0.0 ], [ 112.18932, -8.049849998999946, 0.0 ], [ 112.18932, -8.04979, 0.0 ], [ 112.189129999000102, -8.04971, 0.0 ], [ 112.18889, -8.04966, 0.0 ], [ 112.188810000000103, -8.04962, 0.0 ], [ 112.1888, -8.04951, 0.0 ], [ 112.18902, -8.04902, 0.0 ], [ 112.1892, -8.04842, 0.0 ], [ 112.189210000000116, -8.04808, 0.0 ], [ 112.18918, -8.04775, 0.0 ], [ 112.189149999000051, -8.04756, 0.0 ], [ 112.18945, -8.046279998999978, 0.0 ], [ 112.189519999000026, -8.04614, 0.0 ], [ 112.189909999000065, -8.04605, 0.0 ], [ 112.19013, -8.045989998999971, 0.0 ], [ 112.190629999000066, -8.04572, 0.0 ], [ 112.19074, -8.04563, 0.0 ], [ 112.19095, -8.04531, 0.0 ], [ 112.19111, -8.045109998999976, 0.0 ], [ 112.1914, -8.04467, 0.0 ], [ 112.19157, -8.04422, 0.0 ], [ 112.191600000000108, -8.043999998999936, 0.0 ], [ 112.19154, -8.0434, 0.0 ], [ 112.1915, -8.04297, 0.0 ], [ 112.19154, -8.04272, 0.0 ], [ 112.19185, -8.04237, 0.0 ], [ 112.19202, -8.04224, 0.0 ], [ 112.192140000000109, -8.042109998999933, 0.0 ], [ 112.192249999000069, -8.04175, 0.0 ], [ 112.19233, -8.04144, 0.0 ], [ 112.19239, -8.04124, 0.0 ], [ 112.19242, -8.04069, 0.0 ], [ 112.19244, -8.04028, 0.0 ], [ 112.192500000000109, -8.040099998999949, 0.0 ], [ 112.19271, -8.03981, 0.0 ], [ 112.19298, -8.03955, 0.0 ], [ 112.19311, -8.0396, 0.0 ], [ 112.1932, -8.03964, 0.0 ], [ 112.193379999000058, -8.039709998999967, 0.0 ], [ 112.193789999000046, -8.03987, 0.0 ], [ 112.19389, -8.03991, 0.0 ], [ 112.19399, -8.03996, 0.0 ], [ 112.19427, -8.04009, 0.0 ], [ 112.19452, -8.04022, 0.0 ], [ 112.194660000000113, -8.04031, 0.0 ], [ 112.1948000000001, -8.04001, 0.0 ], [ 112.194939999000098, -8.03955, 0.0 ], [ 112.195070000000101, -8.039359998999942, 0.0 ], [ 112.19558, -8.03868, 0.0 ], [ 112.195790000000102, -8.03833, 0.0 ], [ 112.19589, -8.038069998999958, 0.0 ], [ 112.19594, -8.03794, 0.0 ], [ 112.196209999000075, -8.03769, 0.0 ], [ 112.19666, -8.03762, 0.0 ], [ 112.19827, -8.03714, 0.0 ], [ 112.198549999000079, -8.0371, 0.0 ], [ 112.19873, -8.03712, 0.0 ], [ 112.198879999000042, -8.03717, 0.0 ], [ 112.19985, -8.03621, 0.0 ], [ 112.2, -8.03678, 0.0 ], [ 112.20133450600008, -8.037943233999954, 0.0 ], [ 112.201563529000055, -8.038115743999981, 0.0 ], [ 112.20192527100005, -8.038301942999965, 0.0 ], [ 112.202240128000085, -8.037891182999942, 0.0 ], [ 112.203130047000059, -8.038571708999939, 0.0 ], [ 112.202950852000072, -8.038836616999959, 0.0 ], [ 112.202794543000095, -8.038990493999961, 0.0 ], [ 112.202623221000067, -8.039118984999959, 0.0 ], [ 112.202466177000019, -8.039223680999953, 0.0 ], [ 112.202328168, -8.039309341999967, 0.0 ], [ 112.202223472000014, -8.039385483999979, 0.0 ], [ 112.202123535000055, -8.039499697999929, 0.0 ], [ 112.202037874000098, -8.039613911999936, 0.0 ], [ 112.201995044000114, -8.039728126999933, 0.0 ], [ 112.201942695000071, -8.039809027999979, 0.0 ], [ 112.201876071000015, -8.039870893999932, 0.0 ], [ 112.201790411000047, -8.039970831999938, 0.0 ], [ 112.201714268000046, -8.040099321999946, 0.0 ], [ 112.201676196000108, -8.040151670999933, 0.0 ], [ 112.201576259000035, -8.040237330999958, 0.0 ], [ 112.201500116000034, -8.040299196999968, 0.0 ], [ 112.201443009000059, -8.040356303999943, 0.0 ], [ 112.201299052000081, -8.040450292999935, 0.0 ], [ 112.201221719000046, -8.040533573999937, 0.0 ], [ 112.201102746000061, -8.040628752999964, 0.0 ], [ 112.20103731100005, -8.040712033999966, 0.0 ], [ 112.200965927000084, -8.040848852999943, 0.0 ], [ 112.200876698000116, -8.040973773999951, 0.0 ], [ 112.20079936500008, -8.041039209999951, 0.0 ], [ 112.200704186000053, -8.041116541999941, 0.0 ], [ 112.200614956000095, -8.041181976999951, 0.0 ], [ 112.200852902000065, -8.041330693999953, 0.0 ], [ 112.201049208000086, -8.041497255999957, 0.0 ], [ 112.201215771000079, -8.041622177999955, 0.0 ], [ 112.201423974000022, -8.04177684299998, 0.0 ], [ 112.201560792, -8.041866072999937, 0.0 ], [ 112.201798738000093, -8.041990993999946, 0.0 ], [ 112.201882019000095, -8.042044531999977, 0.0 ], [ 112.201923660000034, -8.042086172999973, 0.0 ], [ 112.201947455000095, -8.042127812999979, 0.0 ], [ 112.201876071000015, -8.042264632999945, 0.0 ], [ 112.201792790000013, -8.04246093699993, 0.0 ], [ 112.201745201000108, -8.042556115999957, 0.0 ], [ 112.201715458000081, -8.042645345999972, 0.0 ], [ 112.2016976110001, -8.042686986999968, 0.0 ], [ 112.20189257800007, -8.04277491199997, 0.0 ], [ 112.201553951000051, -8.043509486999938, 0.0 ], [ 112.201375492000011, -8.043860456999937, 0.0 ], [ 112.201672924000036, -8.043991326999958, 0.0 ], [ 112.201393337000013, -8.044556449999959, 0.0 ], [ 112.201048316000083, -8.045496335999928, 0.0 ], [ 112.201940658000012, -8.045813929999952, 0.0 ] ] ] ] } },
{ "type": "Feature", "properties": { "OBJECTID": 116183.0, "KDPPUM": "35", "NAMOBJ": "Kelurahan Nglegok", "REMARK": null, "KDPBPS": null, "FCODE": "BA03070040", "LUASWH": 5.03007112, "UUPP": "Hasil Delineasi Batas Desa 2019", "SRS_ID": "SRGI 2013", "METADATA": "TASWIL1000020200326DATA_BATAS_DESA_KELURAHAN", "KDEBPS": null, "KDEPUM": "35.05.09.1009", "KDCBPS": null, "KDCPUM": "35.05.09", "KDBBPS": null, "WADMKD": "Kelurahan Nglegok", "WIADKD": null, "WADMKC": "Nglegok", "WIADKC": null, "WADMKK": "Blitar", "WIADKK": null, "WADMPR": "Jawa Timur", "WIADPR": null, "TIPADM": 2.0, "KDPKAB": "35.05", "SHAPE_Leng": 0.120556065514045, "SHAPE_Area": 0.00041274078980400001 }, "geometry": { "type": "MultiPolygon", "coordinates": [ [ [ [ 112.216819888000032, -8.025594486999978, 0.0 ], [ 112.216725899000039, -8.026467683999954, 0.0 ], [ 112.217786495000041, -8.026458483999932, 0.0 ], [ 112.217851169000028, -8.026456567999958, 0.0 ], [ 112.219196326000088, -8.026500123999938, 0.0 ], [ 112.21938802000011, -8.026411061999966, 0.0 ], [ 112.219585487000018, -8.026425764999942, 0.0 ], [ 112.2197472900001, -8.026425764999942, 0.0 ], [ 112.219837710000093, -8.026425764999942, 0.0 ], [ 112.219928129000095, -8.026430524999967, 0.0 ], [ 112.22004710200008, -8.026449560999936, 0.0 ], [ 112.220118486000047, -8.026497148999965, 0.0 ], [ 112.220242218000067, -8.026578050999944, 0.0 ], [ 112.220294566, -8.026611363999962, 0.0 ], [ 112.220408780000071, -8.026654193999946, 0.0 ], [ 112.22052299500001, -8.026701783999954, 0.0 ], [ 112.220599137000022, -8.02673985499996, 0.0 ], [ 112.220703833000016, -8.026782684999944, 0.0 ], [ 112.220822806000115, -8.026830273999963, 0.0 ], [ 112.220975092000117, -8.02688262199996, 0.0 ], [ 112.22114165500011, -8.026958764999961, 0.0 ], [ 112.221153479, -8.027055140999948, 0.0 ], [ 112.221036958000013, -8.027580993999948, 0.0 ], [ 112.220995318000064, -8.027694017999977, 0.0 ], [ 112.2210072150001, -8.027818939999975, 0.0 ], [ 112.221054804, -8.027884374999928, 0.0 ], [ 112.221179726000059, -8.027926014999935, 0.0 ], [ 112.221322493000116, -8.027973604999943, 0.0 ], [ 112.221530696000059, -8.028021193999962, 0.0 ], [ 112.221554491, -8.028193704999978, 0.0 ], [ 112.221536645000015, -8.028348369999946, 0.0 ], [ 112.221530696000059, -8.028556572999946, 0.0 ], [ 112.221495004000076, -8.028889696999954, 0.0 ], [ 112.221453364000013, -8.029020567999964, 0.0 ], [ 112.221411723000074, -8.02913954099995, 0.0 ], [ 112.221316545000036, -8.029210923999926, 0.0 ], [ 112.221215418000043, -8.029193078999981, 0.0 ], [ 112.221144033000087, -8.029240667999943, 0.0 ], [ 112.220989369000108, -8.029770097999972, 0.0 ], [ 112.221590556000024, -8.029996853999933, 0.0 ], [ 112.22140666700011, -8.030094001999942, 0.0 ], [ 112.221278176000055, -8.030165385999965, 0.0 ], [ 112.221144926000079, -8.030251046999979, 0.0 ], [ 112.221054507000076, -8.030365260999929, 0.0 ], [ 112.220997400000101, -8.030479474999936, 0.0 ], [ 112.2209212570001, -8.030574653999963, 0.0 ], [ 112.220911738000041, -8.030669831999944, 0.0 ], [ 112.220911738000041, -8.030779286999973, 0.0 ], [ 112.220902221000074, -8.030879223999932, 0.0 ], [ 112.22084987300002, -8.031145723999941, 0.0 ], [ 112.22085939100009, -8.031283732999952, 0.0 ], [ 112.220878427000116, -8.031388428999946, 0.0 ], [ 112.220868908000057, -8.031507401999932, 0.0 ], [ 112.22084987300002, -8.031621616999928, 0.0 ], [ 112.220840355000064, -8.03169775899994, 0.0 ], [ 112.220807043000036, -8.031826249999938, 0.0 ], [ 112.220768971000098, -8.031959499999971, 0.0 ], [ 112.220764212000063, -8.032097507999936, 0.0 ], [ 112.22078800700001, -8.032192686999963, 0.0 ], [ 112.2209212570001, -8.032311659999948, 0.0 ], [ 112.220997400000101, -8.032325936999939, 0.0 ], [ 112.22109733700006, -8.032349730999954, 0.0 ], [ 112.221135408, -8.032387802999949, 0.0 ], [ 112.221187757000052, -8.032502016999956, 0.0 ], [ 112.221249623000062, -8.032706649999966, 0.0 ], [ 112.221387631000084, -8.032868453999981, 0.0 ], [ 112.221439979000024, -8.033015979999959, 0.0 ], [ 112.221487568000043, -8.033120676999943, 0.0 ], [ 112.221535157000062, -8.033301515999938, 0.0 ], [ 112.221554193000088, -8.033430006999936, 0.0 ], [ 112.221535157000062, -8.033568015999947, 0.0 ], [ 112.221573229000114, -8.033644157999959, 0.0 ], [ 112.221616060000088, -8.033729818999973, 0.0 ], [ 112.221601783000096, -8.033839273999945, 0.0 ], [ 112.221568470000079, -8.033948728999974, 0.0 ], [ 112.221558953000113, -8.03402011299994, 0.0 ], [ 112.221525640000095, -8.03408197899995, 0.0 ], [ 112.221430461000068, -8.034219986999972, 0.0 ], [ 112.221587506000105, -8.034315165999942, 0.0 ], [ 112.221720756000082, -8.034353236999948, 0.0 ], [ 112.221811175000084, -8.034377031999952, 0.0 ], [ 112.222015809000027, -8.03438179099993, 0.0 ], [ 112.22210622800003, -8.034377031999952, 0.0 ], [ 112.222253754, -8.034377031999952, 0.0 ], [ 112.222401281000089, -8.034338959999957, 0.0 ], [ 112.222563084000058, -8.034315165999942, 0.0 ], [ 112.22265350400005, -8.034086736999939, 0.0 ], [ 112.223067530000094, -8.032235516999947, 0.0 ], [ 112.22380040500002, -8.032335453999963, 0.0 ], [ 112.223771851000038, -8.032440150999946, 0.0 ], [ 112.22373853900001, -8.03251153399998, 0.0 ], [ 112.223705226000106, -8.032582917999946, 0.0 ], [ 112.223657637000088, -8.032659060999947, 0.0 ], [ 112.223581494000086, -8.032754239999974, 0.0 ], [ 112.223529146000033, -8.032854176999933, 0.0 ], [ 112.223505352000075, -8.032925560999956, 0.0 ], [ 112.223495833000015, -8.033039774999963, 0.0 ], [ 112.223491075000084, -8.03317302399995, 0.0 ], [ 112.22343872600004, -8.03329675699996, 0.0 ], [ 112.223362583000039, -8.033377658999939, 0.0 ], [ 112.223305476000064, -8.033463318999964, 0.0 ], [ 112.223143673000095, -8.03392493399997, 0.0 ], [ 112.223602909000078, -8.034003456999926, 0.0 ], [ 112.22373853900001, -8.034046286999967, 0.0 ], [ 112.223952690000033, -8.034046286999967, 0.0 ], [ 112.224181118000047, -8.034039148999966, 0.0 ], [ 112.224380993000068, -8.033982041999934, 0.0 ], [ 112.22458800600009, -8.033860688999937, 0.0 ], [ 112.224680805000048, -8.033725059999938, 0.0 ], [ 112.224816435000093, -8.033489492999934, 0.0 ], [ 112.224873542000068, -8.033225372999937, 0.0 ], [ 112.225009171000011, -8.03300408299998, 0.0 ], [ 112.225194769000041, -8.032832760999952, 0.0 ], [ 112.225401782000063, -8.032754239999974, 0.0 ], [ 112.225680179000051, -8.032632886999977, 0.0 ], [ 112.226008745000058, -8.032416531999957, 0.0 ], [ 112.226201281000044, -8.03218316899995, 0.0 ], [ 112.226558200000113, -8.031704896999941, 0.0 ], [ 112.226957949000052, -8.03110527299998, 0.0 ], [ 112.227186378000056, -8.03077690799995, 0.0 ], [ 112.228619999000102, -8.03123, 0.0 ], [ 112.22836, -8.03149, 0.0 ], [ 112.22822, -8.0317, 0.0 ], [ 112.22822, -8.031829998999967, 0.0 ], [ 112.2282, -8.032219998999949, 0.0 ], [ 112.228030000000103, -8.03246, 0.0 ], [ 112.227950834000012, -8.032544625999947, 0.0 ], [ 112.22774, -8.03277, 0.0 ], [ 112.227620000000115, -8.03283, 0.0 ], [ 112.22742, -8.032979998999963, 0.0 ], [ 112.22729, -8.03319, 0.0 ], [ 112.22694, -8.03405, 0.0 ], [ 112.22689, -8.03533, 0.0 ], [ 112.22705, -8.036159998999949, 0.0 ], [ 112.22684, -8.03631, 0.0 ], [ 112.22675, -8.03631, 0.0 ], [ 112.22655, -8.036219998999968, 0.0 ], [ 112.226279999000099, -8.036139998999943, 0.0 ], [ 112.226090000000113, -8.036199998999962, 0.0 ], [ 112.22549, -8.03636, 0.0 ], [ 112.22532, -8.03645, 0.0 ], [ 112.22524, -8.03658, 0.0 ], [ 112.22526, -8.03667, 0.0 ], [ 112.225459999, -8.03684, 0.0 ], [ 112.22588999900006, -8.03716, 0.0 ], [ 112.225849999000047, -8.03725, 0.0 ], [ 112.2256900000001, -8.03734, 0.0 ], [ 112.22545, -8.03738999899997, 0.0 ], [ 112.224904305000109, -8.03746870599997, 0.0 ], [ 112.224510888000054, -8.037421783999946, 0.0 ], [ 112.224301495000077, -8.037412265999933, 0.0 ], [ 112.224111138000012, -8.037526480999929, 0.0 ], [ 112.224006442000018, -8.037764426999956, 0.0 ], [ 112.22411000000011, -8.03794, 0.0 ], [ 112.22428, -8.03833, 0.0 ], [ 112.224369999000032, -8.038519998999959, 0.0 ], [ 112.224289999, -8.038599998999928, 0.0 ], [ 112.22420000000011, -8.03861, 0.0 ], [ 112.223885083000027, -8.038578507999944, 0.0 ], [ 112.223749460000022, -8.038478264999981, 0.0 ], [ 112.223465371000088, -8.038550315999942, 0.0 ], [ 112.223459910000088, -8.03855170099996, 0.0 ], [ 112.22345, -8.03874, 0.0 ], [ 112.223569999, -8.0389, 0.0 ], [ 112.22378, -8.03905, 0.0 ], [ 112.223840000000109, -8.03909, 0.0 ], [ 112.22397, -8.03923, 0.0 ], [ 112.22399775800011, -8.039291066999965, 0.0 ], [ 112.22407, -8.03945, 0.0 ], [ 112.22402000000011, -8.03954, 0.0 ], [ 112.223859999000069, -8.039649998999948, 0.0 ], [ 112.22371, -8.0398, 0.0 ], [ 112.223660000000109, -8.03995, 0.0 ], [ 112.223717749000116, -8.040161745999967, 0.0 ], [ 112.223892228000068, -8.040305690999958, 0.0 ], [ 112.224054031000037, -8.040496047999966, 0.0 ], [ 112.22404, -8.04073, 0.0 ], [ 112.224, -8.04083, 0.0 ], [ 112.223879999000019, -8.04093, 0.0 ], [ 112.22363, -8.04109, 0.0 ], [ 112.22342, -8.04115, 0.0 ], [ 112.223159999000018, -8.041189998999926, 0.0 ], [ 112.22291, -8.04126, 0.0 ], [ 112.22288, -8.04136, 0.0 ], [ 112.2226, -8.04147, 0.0 ], [ 112.22248, -8.0419, 0.0 ], [ 112.222436242000072, -8.042031274999943, 0.0 ], [ 112.222345249000114, -8.042191294999952, 0.0 ], [ 112.222169498000085, -8.042228294999973, 0.0 ], [ 112.221455660000061, -8.042332991999956, 0.0 ], [ 112.22107, -8.042519998999978, 0.0 ], [ 112.22095, -8.04264, 0.0 ], [ 112.220759999000052, -8.04294, 0.0 ], [ 112.22056, -8.043219998999973, 0.0 ], [ 112.22036, -8.04353, 0.0 ], [ 112.22036, -8.04368, 0.0 ], [ 112.220429999000089, -8.0439, 0.0 ], [ 112.220475322000084, -8.043989096999951, 0.0 ], [ 112.220510000000104, -8.04415, 0.0 ], [ 112.220560982000052, -8.044360292999954, 0.0 ], [ 112.220467602000099, -8.044483717999981, 0.0 ], [ 112.220313518000012, -8.044579202999955, 0.0 ], [ 112.220208822000018, -8.044693416999962, 0.0 ], [ 112.22018, -8.04485, 0.0 ], [ 112.22018, -8.04496, 0.0 ], [ 112.220280000000116, -8.0452, 0.0 ], [ 112.22029, -8.0453, 0.0 ], [ 112.22017, -8.04541, 0.0 ], [ 112.22003, -8.045539998999971, 0.0 ], [ 112.219999999000038, -8.04566, 0.0 ], [ 112.22007, -8.04588999899994, 0.0 ], [ 112.220150000000103, -8.04608, 0.0 ], [ 112.22013, -8.04622, 0.0 ], [ 112.22009, -8.04662, 0.0 ], [ 112.2198, -8.04656, 0.0 ], [ 112.21948, -8.04646, 0.0 ], [ 112.21933, -8.046419998999966, 0.0 ], [ 112.21915, -8.046359998999947, 0.0 ], [ 112.218809999000086, -8.04621, 0.0 ], [ 112.218660000000114, -8.04612, 0.0 ], [ 112.218570000000113, -8.04608, 0.0 ], [ 112.21837, -8.045989998999971, 0.0 ], [ 112.2182600000001, -8.04594, 0.0 ], [ 112.21793, -8.04581, 0.0 ], [ 112.2178, -8.04576, 0.0 ], [ 112.217659999000034, -8.04573, 0.0 ], [ 112.2173, -8.04568, 0.0 ], [ 112.21698, -8.045639998999945, 0.0 ], [ 112.2166, -8.04557, 0.0 ], [ 112.21631, -8.04548, 0.0 ], [ 112.21619, -8.04542, 0.0 ], [ 112.214559999000016, -8.04531, 0.0 ], [ 112.21403, -8.04529, 0.0 ], [ 112.21381, -8.04568, 0.0 ], [ 112.21364, -8.04584, 0.0 ], [ 112.21346, -8.04609, 0.0 ], [ 112.212939999000014, -8.04683, 0.0 ], [ 112.21244, -8.047469998999929, 0.0 ], [ 112.21208, -8.04791999899993, 0.0 ], [ 112.21153, -8.04865, 0.0 ], [ 112.211439999000049, -8.048759998999969, 0.0 ], [ 112.21091, -8.04941, 0.0 ], [ 112.21073, -8.04962, 0.0 ], [ 112.21048, -8.04992, 0.0 ], [ 112.210387522000019, -8.050033028999962, 0.0 ], [ 112.209835682000062, -8.049719098999958, 0.0 ], [ 112.209112326000081, -8.0494050099999, 0.0 ], [ 112.209093291000045, -8.049490670999944, 0.0 ], [ 112.208919444000117, -8.049875572999952, 0.0 ], [ 112.20862000000011, -8.04975, 0.0 ], [ 112.20852, -8.0497, 0.0 ], [ 112.208453235000093, -8.049673868999946, 0.0 ], [ 112.208619624000107, -8.04903242599994, 0.0 ], [ 112.206993674000046, -8.048474620999968, 0.0 ], [ 112.206969879000098, -8.048403237999935, 0.0 ], [ 112.206965120000064, -8.048293781999973, 0.0 ], [ 112.206965120000064, -8.048179567999966, 0.0 ], [ 112.206979397000055, -8.047960657999965, 0.0 ], [ 112.206998432000091, -8.04781788899993, 0.0 ], [ 112.2070460220001, -8.047660844999939, 0.0 ], [ 112.207103129000075, -8.047489524999946, 0.0 ], [ 112.207206041000063, -8.047122491999971, 0.0 ], [ 112.207251943000074, -8.046915931999933, 0.0 ], [ 112.206119208000018, -8.04657713499995, 0.0 ], [ 112.206474456000024, -8.045387686999959, 0.0 ], [ 112.205689233000044, -8.045114048999949, 0.0 ], [ 112.205406946000039, -8.045920265999939, 0.0 ], [ 112.203625249000083, -8.045463234999943, 0.0 ], [ 112.202506902000096, -8.045147955999937, 0.0 ], [ 112.202215419000026, -8.045082520999927, 0.0 ], [ 112.202025308000088, -8.045653753999943, 0.0 ], [ 112.201940658000012, -8.045813929999952, 0.0 ], [ 112.201048316000083, -8.045496335999928, 0.0 ], [ 112.201393337000013, -8.044556449999959, 0.0 ], [ 112.201672924000036, -8.043991326999958, 0.0 ], [ 112.201375492000011, -8.043860456999937, 0.0 ], [ 112.201553951000051, -8.043509486999938, 0.0 ], [ 112.20189257800007, -8.04277491199997, 0.0 ], [ 112.2016976110001, -8.042686986999968, 0.0 ], [ 112.201715458000081, -8.042645345999972, 0.0 ], [ 112.201745201000108, -8.042556115999957, 0.0 ], [ 112.201792790000013, -8.04246093699993, 0.0 ], [ 112.201876071000015, -8.042264632999945, 0.0 ], [ 112.201947455000095, -8.042127812999979, 0.0 ], [ 112.201923660000034, -8.042086172999973, 0.0 ], [ 112.201882019000095, -8.042044531999977, 0.0 ], [ 112.201798738000093, -8.041990993999946, 0.0 ], [ 112.201560792, -8.041866072999937, 0.0 ], [ 112.201423974000022, -8.04177684299998, 0.0 ], [ 112.201215771000079, -8.041622177999955, 0.0 ], [ 112.201049208000086, -8.041497255999957, 0.0 ], [ 112.200852902000065, -8.041330693999953, 0.0 ], [ 112.200614956000095, -8.041181976999951, 0.0 ], [ 112.200704186000053, -8.041116541999941, 0.0 ], [ 112.20079936500008, -8.041039209999951, 0.0 ], [ 112.200876698000116, -8.040973773999951, 0.0 ], [ 112.200965927000084, -8.040848852999943, 0.0 ], [ 112.20103731100005, -8.040712033999966, 0.0 ], [ 112.201102746000061, -8.040628752999964, 0.0 ], [ 112.201221719000046, -8.040533573999937, 0.0 ], [ 112.201299052000081, -8.040450292999935, 0.0 ], [ 112.201443009000059, -8.040356303999943, 0.0 ], [ 112.201500116000034, -8.040299196999968, 0.0 ], [ 112.201576259000035, -8.040237330999958, 0.0 ], [ 112.201676196000108, -8.040151670999933, 0.0 ], [ 112.201714268000046, -8.040099321999946, 0.0 ], [ 112.201790411000047, -8.039970831999938, 0.0 ], [ 112.201876071000015, -8.039870893999932, 0.0 ], [ 112.201942695000071, -8.039809027999979, 0.0 ], [ 112.201995044000114, -8.039728126999933, 0.0 ], [ 112.202037874000098, -8.039613911999936, 0.0 ], [ 112.202123535000055, -8.039499697999929, 0.0 ], [ 112.202223472000014, -8.039385483999979, 0.0 ], [ 112.202328168, -8.039309341999967, 0.0 ], [ 112.202466177000019, -8.039223680999953, 0.0 ], [ 112.202623221000067, -8.039118984999959, 0.0 ], [ 112.202794543000095, -8.038990493999961, 0.0 ], [ 112.202950852000072, -8.038836616999959, 0.0 ], [ 112.203130047000059, -8.038571708999939, 0.0 ], [ 112.202240128000085, -8.037891182999942, 0.0 ], [ 112.20192527100005, -8.038301942999965, 0.0 ], [ 112.201563529000055, -8.038115743999981, 0.0 ], [ 112.20133450600008, -8.037943233999954, 0.0 ], [ 112.2, -8.03678, 0.0 ], [ 112.19985, -8.03621, 0.0 ], [ 112.1999, -8.036159998999949, 0.0 ], [ 112.20027, -8.03551, 0.0 ], [ 112.20057, -8.035049998999966, 0.0 ], [ 112.20068, -8.03478, 0.0 ], [ 112.20075, -8.03445, 0.0 ], [ 112.200809999000057, -8.034229998999933, 0.0 ], [ 112.20098, -8.034, 0.0 ], [ 112.20116, -8.03369, 0.0 ], [ 112.201370000000111, -8.03323, 0.0 ], [ 112.20147, -8.03244, 0.0 ], [ 112.201609999000084, -8.032199998999943, 0.0 ], [ 112.201820000000112, -8.03198, 0.0 ], [ 112.20201, -8.031849998999974, 0.0 ], [ 112.2021, -8.03174, 0.0 ], [ 112.20212, -8.03151, 0.0 ], [ 112.20224, -8.03135, 0.0 ], [ 112.20256, -8.031129998999972, 0.0 ], [ 112.20275, -8.031, 0.0 ], [ 112.202859999000111, -8.03081, 0.0 ], [ 112.20306, -8.03041, 0.0 ], [ 112.20324, -8.03011, 0.0 ], [ 112.20337, -8.03002, 0.0 ], [ 112.204160000000115, -8.03004, 0.0 ], [ 112.20431, -8.03002, 0.0 ], [ 112.20454, -8.02991, 0.0 ], [ 112.20463, -8.02982, 0.0 ], [ 112.20455, -8.02952, 0.0 ], [ 112.204610000000116, -8.02923, 0.0 ], [ 112.204789999000013, -8.02895, 0.0 ], [ 112.20487, -8.02884, 0.0 ], [ 112.20493599800011, -8.028827915999955, 0.0 ], [ 112.20558, -8.028709998999943, 0.0 ], [ 112.206010000000106, -8.02864, 0.0 ], [ 112.20634, -8.028359998999974, 0.0 ], [ 112.20693, -8.02746, 0.0 ], [ 112.207180000000108, -8.027249998999935, 0.0 ], [ 112.207539999, -8.02714, 0.0 ], [ 112.20766, -8.02709, 0.0 ], [ 112.207810000000109, -8.02689, 0.0 ], [ 112.20803, -8.02649, 0.0 ], [ 112.20811, -8.02649, 0.0 ], [ 112.21008, -8.02706, 0.0 ], [ 112.210510000000113, -8.02631, 0.0 ], [ 112.21059, -8.02603, 0.0 ], [ 112.210780000000113, -8.026059998999926, 0.0 ], [ 112.21089, -8.02614, 0.0 ], [ 112.21131, -8.02648, 0.0 ], [ 112.211370000000102, -8.02667, 0.0 ], [ 112.21129, -8.02691, 0.0 ], [ 112.21112, -8.02724, 0.0 ], [ 112.21082, -8.02778, 0.0 ], [ 112.21129, -8.02798, 0.0 ], [ 112.212179999000114, -8.028339998999968, 0.0 ], [ 112.21239, -8.02839, 0.0 ], [ 112.21246, -8.02831, 0.0 ], [ 112.21264, -8.02813, 0.0 ], [ 112.21282, -8.02805, 0.0 ], [ 112.21301, -8.02804, 0.0 ], [ 112.21323, -8.02798, 0.0 ], [ 112.21325, -8.02792, 0.0 ], [ 112.213329999000052, -8.0277, 0.0 ], [ 112.21345, -8.027559998999948, 0.0 ], [ 112.21356, -8.02751, 0.0 ], [ 112.21383, -8.02739, 0.0 ], [ 112.21395, -8.02726, 0.0 ], [ 112.21404, -8.02709, 0.0 ], [ 112.214189999000041, -8.02697, 0.0 ], [ 112.21435, -8.02697, 0.0 ], [ 112.21469, -8.02701, 0.0 ], [ 112.21477, -8.0269, 0.0 ], [ 112.21484, -8.026759998999978, 0.0 ], [ 112.21494, -8.02657, 0.0 ], [ 112.21505, -8.0264, 0.0 ], [ 112.21511, -8.02622, 0.0 ], [ 112.21508, -8.02612, 0.0 ], [ 112.21492, -8.02564, 0.0 ], [ 112.214989999000068, -8.025629998999932, 0.0 ], [ 112.215729999000018, -8.02562, 0.0 ], [ 112.2162, -8.025589998999976, 0.0 ], [ 112.2166, -8.025589998999976, 0.0 ], [ 112.216819888000032, -8.025594486999978, 0.0 ] ] ] ] } },
{ "type": "Feature", "properties": { "OBJECTID": 116184.0, "KDPPUM": "35", "NAMOBJ": "Dayu", "REMARK": null, "KDPBPS": null, "FCODE": "BA03070040", "LUASWH": 2.68899212, "UUPP": "Hasil Delineasi Batas Desa 2019", "SRS_ID": "SRGI 2013", "METADATA": "TASWIL1000020200326DATA_BATAS_DESA_KELURAHAN", "KDEBPS": null, "KDEPUM": "35.05.09.2004", "KDCBPS": null, "KDCPUM": "35.05.09", "KDBBPS": null, "WADMKD": "Dayu", "WIADKD": null, "WADMKC": "Nglegok", "WIADKC": null, "WADMKK": "Blitar", "WIADKK": null, "WADMPR": "Jawa Timur", "WIADPR": null, "TIPADM": 1.0, "KDPKAB": "35.05", "SHAPE_Leng": 0.107081970523263, "SHAPE_Area": 0.00022064888992199999 }, "geometry": { "type": "MultiPolygon", "coordinates": [ [ [ [ 112.189765975000114, -8.02499505399993, 0.0 ], [ 112.189653817000021, -8.025407997999935, 0.0 ], [ 112.189478230000077, -8.025790377999954, 0.0 ], [ 112.189671247000092, -8.026146145999974, 0.0 ], [ 112.189652211000066, -8.026412644999937, 0.0 ], [ 112.189699801000074, -8.026745768999945, 0.0 ], [ 112.189665802000036, -8.027069033999965, 0.0 ], [ 112.18981, -8.02736, 0.0 ], [ 112.189849999000103, -8.02741, 0.0 ], [ 112.18979, -8.02749, 0.0 ], [ 112.18958, -8.02768, 0.0 ], [ 112.188900000000103, -8.02829, 0.0 ], [ 112.188639999000088, -8.02862, 0.0 ], [ 112.1886, -8.028789998999969, 0.0 ], [ 112.18861, -8.02919, 0.0 ], [ 112.188670000000116, -8.02948, 0.0 ], [ 112.18873, -8.029939998999964, 0.0 ], [ 112.18871, -8.03011, 0.0 ], [ 112.188580000000115, -8.03065, 0.0 ], [ 112.18844, -8.03106, 0.0 ], [ 112.188389999000037, -8.03136, 0.0 ], [ 112.188349999000025, -8.03203, 0.0 ], [ 112.1882, -8.032299998999974, 0.0 ], [ 112.18812, -8.03252, 0.0 ], [ 112.18814, -8.03266999899995, 0.0 ], [ 112.18815, -8.03295, 0.0 ], [ 112.18814, -8.03301, 0.0 ], [ 112.188097089000053, -8.033186412999953, 0.0 ], [ 112.187462930000038, -8.033190433999948, 0.0 ], [ 112.186570632000098, -8.033204710999939, 0.0 ], [ 112.185899624000058, -8.033197572999939, 0.0 ], [ 112.184329180000077, -8.033218987999931, 0.0 ], [ 112.18313, -8.03323, 0.0 ], [ 112.182829999000091, -8.03324, 0.0 ], [ 112.18204, -8.03327, 0.0 ], [ 112.181699999000102, -8.03328, 0.0 ], [ 112.18139, -8.03334, 0.0 ], [ 112.18104, -8.0334, 0.0 ], [ 112.181, -8.03362, 0.0 ], [ 112.180938034000064, -8.03389264499998, 0.0 ], [ 112.180966288000036, -8.034306996999931, 0.0 ], [ 112.18059, -8.03434, 0.0 ], [ 112.18038, -8.03441, 0.0 ], [ 112.18, -8.03447, 0.0 ], [ 112.179904046000047, -8.034488813999928, 0.0 ], [ 112.18001150900011, -8.035819243999981, 0.0 ], [ 112.180161415000043, -8.037375410999971, 0.0 ], [ 112.180254214000115, -8.038260569999977, 0.0 ], [ 112.180439812000031, -8.039181421999956, 0.0 ], [ 112.178205498000011, -8.039452679999954, 0.0 ], [ 112.177121099000033, -8.039601, 0.0 ], [ 112.176987849000056, -8.042870379999954, 0.0 ], [ 112.176359671000114, -8.043755537999971, 0.0 ], [ 112.176036065000062, -8.044202876999975, 0.0 ], [ 112.175436440000112, -8.045088036999971, 0.0 ], [ 112.17486537000002, -8.04623969599993, 0.0 ], [ 112.174732120000044, -8.046458605999931, 0.0 ], [ 112.174741637000011, -8.046801248999941, 0.0 ], [ 112.174598870000068, -8.047657854999954, 0.0 ], [ 112.174533831000076, -8.049191020999956, 0.0 ], [ 112.17439106300003, -8.050023831999965, 0.0 ], [ 112.174343474000011, -8.050273674999971, 0.0 ], [ 112.174335324000026, -8.050619985999958, 0.0 ], [ 112.174210403000075, -8.050578345999952, 0.0 ], [ 112.174061687000062, -8.050459372999967, 0.0 ], [ 112.173895124000069, -8.050423680999927, 0.0 ], [ 112.173758305000092, -8.050423680999927, 0.0 ], [ 112.173550103000025, -8.050542653999969, 0.0 ], [ 112.173347848000049, -8.050608088999979, 0.0 ], [ 112.173252670000011, -8.050661626999954, 0.0 ], [ 112.173133697000026, -8.050792496999975, 0.0 ], [ 112.173032570000032, -8.05091147, 0.0 ], [ 112.17288385400002, -8.051089929999932, 0.0 ], [ 112.172735137000018, -8.051179159999947, 0.0 ], [ 112.172598318000041, -8.051256491999936, 0.0 ], [ 112.172574524000083, -8.051684794999971, 0.0 ], [ 112.172598318000041, -8.051892997999971, 0.0 ], [ 112.172544781000056, -8.052023868999981, 0.0 ], [ 112.172390115000098, -8.052214224999943, 0.0 ], [ 112.172213857000088, -8.052379498999926, 0.0 ], [ 112.171940218000032, -8.05281969899994, 0.0 ], [ 112.171726067, -8.052902979999942, 0.0 ], [ 112.171571402000041, -8.052914876999978, 0.0 ], [ 112.171416737000072, -8.053319385999941, 0.0 ], [ 112.171309662000112, -8.053795277999939, 0.0 ], [ 112.171238278000033, -8.054140299999972, 0.0 ], [ 112.171036024000045, -8.054033223999966, 0.0 ], [ 112.171047921000081, -8.05378338, 0.0 ], [ 112.171047921000081, -8.053735791999941, 0.0 ], [ 112.17067910500009, -8.053664406999928, 0.0 ], [ 112.170464953000078, -8.05364061299997, 0.0 ], [ 112.169941472, -8.05350974299995, 0.0 ], [ 112.16974, -8.053439998999977, 0.0 ], [ 112.16981, -8.05316, 0.0 ], [ 112.16997999900002, -8.05263, 0.0 ], [ 112.17008, -8.05235, 0.0 ], [ 112.17016, -8.05209, 0.0 ], [ 112.170249999000021, -8.05173, 0.0 ], [ 112.17032, -8.05146, 0.0 ], [ 112.17038, -8.05124, 0.0 ], [ 112.17044, -8.05099, 0.0 ], [ 112.17051, -8.05076, 0.0 ], [ 112.17055, -8.05062, 0.0 ], [ 112.17061, -8.05039, 0.0 ], [ 112.17092, -8.05037, 0.0 ], [ 112.1713, -8.05039, 0.0 ], [ 112.17131, -8.05033, 0.0 ], [ 112.17135, -8.05017, 0.0 ], [ 112.171610000000101, -8.04898, 0.0 ], [ 112.17172, -8.04852, 0.0 ], [ 112.17184, -8.04778, 0.0 ], [ 112.17127, -8.04766, 0.0 ], [ 112.1711, -8.04763, 0.0 ], [ 112.170719999000084, -8.04754, 0.0 ], [ 112.17069, -8.04744, 0.0 ], [ 112.170639999000059, -8.0473, 0.0 ], [ 112.17055, -8.047059998999941, 0.0 ], [ 112.170480000000111, -8.04692, 0.0 ], [ 112.170249999000021, -8.046809998999947, 0.0 ], [ 112.17011, -8.04674, 0.0 ], [ 112.17006, -8.04664, 0.0 ], [ 112.17004, -8.04653, 0.0 ], [ 112.17001, -8.04635, 0.0 ], [ 112.16997999900002, -8.04618, 0.0 ], [ 112.17001, -8.046, 0.0 ], [ 112.17007, -8.04559, 0.0 ], [ 112.170249999000021, -8.04527, 0.0 ], [ 112.17038, -8.045109998999976, 0.0 ], [ 112.17055, -8.04492, 0.0 ], [ 112.17071, -8.04475, 0.0 ], [ 112.170908031000067, -8.044501177999962, 0.0 ], [ 112.170865201000083, -8.044244195999966, 0.0 ], [ 112.170779540000012, -8.043901553999945, 0.0 ], [ 112.170693879000055, -8.043787339999938, 0.0 ], [ 112.17063677200008, -8.043544634999932, 0.0 ], [ 112.170258854000053, -8.04327611399998, 0.0 ], [ 112.17034, -8.04317, 0.0 ], [ 112.17052, -8.04296, 0.0 ], [ 112.17071, -8.04272, 0.0 ], [ 112.170930000000112, -8.04247, 0.0 ], [ 112.171169999000085, -8.04229, 0.0 ], [ 112.1713, -8.04217, 0.0 ], [ 112.1714300000001, -8.042049998999971, 0.0 ], [ 112.17158, -8.04191, 0.0 ], [ 112.17171, -8.04179, 0.0 ], [ 112.17186, -8.041639998999926, 0.0 ], [ 112.172, -8.04152, 0.0 ], [ 112.1722, -8.04136, 0.0 ], [ 112.17247, -8.04114, 0.0 ], [ 112.17214, -8.04093, 0.0 ], [ 112.17203, -8.040859998999963, 0.0 ], [ 112.17211, -8.04072, 0.0 ], [ 112.1722, -8.040469998999981, 0.0 ], [ 112.17249, -8.040119998999955, 0.0 ], [ 112.1726499990001, -8.03996, 0.0 ], [ 112.173389999000051, -8.039689998999961, 0.0 ], [ 112.173360000000116, -8.03957, 0.0 ], [ 112.1729, -8.03939, 0.0 ], [ 112.172299999000074, -8.039279998999973, 0.0 ], [ 112.172150000000101, -8.03921, 0.0 ], [ 112.171970000000101, -8.03913, 0.0 ], [ 112.17202, -8.03904, 0.0 ], [ 112.17214, -8.03881, 0.0 ], [ 112.171909999000036, -8.03867, 0.0 ], [ 112.17169, -8.038519998999959, 0.0 ], [ 112.17169, -8.03828, 0.0 ], [ 112.17171, -8.03795, 0.0 ], [ 112.1718, -8.03761, 0.0 ], [ 112.17184, -8.037329998999951, 0.0 ], [ 112.171610000000101, -8.03712, 0.0 ], [ 112.17171, -8.03693, 0.0 ], [ 112.17184, -8.0366, 0.0 ], [ 112.17196, -8.03615, 0.0 ], [ 112.17205, -8.03586, 0.0 ], [ 112.17208, -8.035769998999967, 0.0 ], [ 112.17248, -8.03443, 0.0 ], [ 112.17277, -8.03366, 0.0 ], [ 112.173389999000051, -8.03216, 0.0 ], [ 112.173449999000013, -8.032, 0.0 ], [ 112.17392, -8.03058, 0.0 ], [ 112.174040000000105, -8.03024, 0.0 ], [ 112.17366, -8.03009, 0.0 ], [ 112.17331, -8.030289998999933, 0.0 ], [ 112.17281, -8.03030999899994, 0.0 ], [ 112.172370000000114, -8.030269998999927, 0.0 ], [ 112.17221, -8.030269998999927, 0.0 ], [ 112.1718, -8.03009, 0.0 ], [ 112.17142, -8.02993, 0.0 ], [ 112.171499999000048, -8.0297, 0.0 ], [ 112.17163, -8.02944, 0.0 ], [ 112.17194, -8.0285, 0.0 ], [ 112.17204, -8.02782, 0.0 ], [ 112.17208, -8.02757, 0.0 ], [ 112.17209, -8.027499998999929, 0.0 ], [ 112.17221, -8.027189998999972, 0.0 ], [ 112.17248, -8.02694, 0.0 ], [ 112.17257, -8.026839998999947, 0.0 ], [ 112.17294, -8.02613, 0.0 ], [ 112.173019999000076, -8.025999998999964, 0.0 ], [ 112.173839999000052, -8.025629998999932, 0.0 ], [ 112.174040000000105, -8.0255, 0.0 ], [ 112.17451, -8.024909998999931, 0.0 ], [ 112.174639999000078, -8.02468, 0.0 ], [ 112.17506, -8.02423, 0.0 ], [ 112.1757, -8.02369, 0.0 ], [ 112.17589, -8.02352, 0.0 ], [ 112.17598, -8.02344, 0.0 ], [ 112.17646, -8.02307, 0.0 ], [ 112.17693, -8.022859998999934, 0.0 ], [ 112.17742, -8.02281, 0.0 ], [ 112.177910000000111, -8.02276, 0.0 ], [ 112.178089999, -8.02273, 0.0 ], [ 112.17883, -8.02307, 0.0 ], [ 112.1788, -8.023189998999953, 0.0 ], [ 112.178539999, -8.024009998999929, 0.0 ], [ 112.17835, -8.02463, 0.0 ], [ 112.178189999000097, -8.02517, 0.0 ], [ 112.177910000000111, -8.02609, 0.0 ], [ 112.177779999000109, -8.0263, 0.0 ], [ 112.17798, -8.02638, 0.0 ], [ 112.17849, -8.02658, 0.0 ], [ 112.17894999900011, -8.02679, 0.0 ], [ 112.18056, -8.027519998999935, 0.0 ], [ 112.18076, -8.027619998999967, 0.0 ], [ 112.182280000000105, -8.02843, 0.0 ], [ 112.18269, -8.02862, 0.0 ], [ 112.18313, -8.028809998999975, 0.0 ], [ 112.183299999000042, -8.02853, 0.0 ], [ 112.183421895000038, -8.028332751999926, 0.0 ], [ 112.184021028000075, -8.028659758999936, 0.0 ], [ 112.184258974000045, -8.028754936999974, 0.0 ], [ 112.184386871000015, -8.028781705999961, 0.0 ], [ 112.184523690000105, -8.028680578999968, 0.0 ], [ 112.184624817000099, -8.028516990999947, 0.0 ], [ 112.184666457000048, -8.028368274999934, 0.0 ], [ 112.184681329000114, -8.028243352999937, 0.0 ], [ 112.184818025000027, -8.027958357999978, 0.0 ], [ 112.184883583000101, -8.027797203999967, 0.0 ], [ 112.185044197000025, -8.027648486999965, 0.0 ], [ 112.185160196000083, -8.027583052999944, 0.0 ], [ 112.185332707000043, -8.027550334999944, 0.0 ], [ 112.185561257000018, -8.027488270999982, 0.0 ], [ 112.185838342000011, -8.027365926999948, 0.0 ], [ 112.185927572000082, -8.0272856199999, 0.0 ], [ 112.185949999000059, -8.0271, 0.0 ], [ 112.186330000000112, -8.02687, 0.0 ], [ 112.18743, -8.02638, 0.0 ], [ 112.187820000000102, -8.02618, 0.0 ], [ 112.18808, -8.02597, 0.0 ], [ 112.18828, -8.02578, 0.0 ], [ 112.18882, -8.02548, 0.0 ], [ 112.188914569000076, -8.025034758999936, 0.0 ], [ 112.189765975000114, -8.02499505399993, 0.0 ] ] ] ] } },
{ "type": "Feature", "properties": { "OBJECTID": 116185.0, "KDPPUM": "35", "NAMOBJ": "Kemloko", "REMARK": null, "KDPBPS": null, "FCODE": "BA03070040", "LUASWH": 3.826691, "UUPP": "Hasil Delineasi Batas Desa 2019", "SRS_ID": "SRGI 2013", "METADATA": "TASWIL1000020200326DATA_BATAS_DESA_KELURAHAN", "KDEBPS": null, "KDEPUM": "35.05.09.2006", "KDCBPS": null, "KDCPUM": "35.05.09", "KDBBPS": null, "WADMKD": "Kemloko", "WIADKD": null, "WADMKC": "Nglegok", "WIADKC": null, "WADMKK": "Blitar", "WIADKK": null, "WADMPR": "Jawa Timur", "WIADPR": null, "TIPADM": 1.0, "KDPKAB": "35.05", "SHAPE_Leng": 0.098621823258233002, "SHAPE_Area": 0.000314000343588 }, "geometry": { "type": "MultiPolygon", "coordinates": [ [ [ [ 112.20487, -8.02884, 0.0 ], [ 112.204789999000013, -8.02895, 0.0 ], [ 112.204610000000116, -8.02923, 0.0 ], [ 112.20455, -8.02952, 0.0 ], [ 112.20463, -8.02982, 0.0 ], [ 112.20454, -8.02991, 0.0 ], [ 112.20431, -8.03002, 0.0 ], [ 112.204160000000115, -8.03004, 0.0 ], [ 112.20337, -8.03002, 0.0 ], [ 112.20324, -8.03011, 0.0 ], [ 112.20306, -8.03041, 0.0 ], [ 112.202859999000111, -8.03081, 0.0 ], [ 112.20275, -8.031, 0.0 ], [ 112.20256, -8.031129998999972, 0.0 ], [ 112.20224, -8.03135, 0.0 ], [ 112.20212, -8.03151, 0.0 ], [ 112.2021, -8.03174, 0.0 ], [ 112.20201, -8.031849998999974, 0.0 ], [ 112.201820000000112, -8.03198, 0.0 ], [ 112.201609999000084, -8.032199998999943, 0.0 ], [ 112.20147, -8.03244, 0.0 ], [ 112.201370000000111, -8.03323, 0.0 ], [ 112.20116, -8.03369, 0.0 ], [ 112.20098, -8.034, 0.0 ], [ 112.200809999000057, -8.034229998999933, 0.0 ], [ 112.20075, -8.03445, 0.0 ], [ 112.20068, -8.03478, 0.0 ], [ 112.20057, -8.035049998999966, 0.0 ], [ 112.20027, -8.03551, 0.0 ], [ 112.1999, -8.036159998999949, 0.0 ], [ 112.19985, -8.03621, 0.0 ], [ 112.198879999000042, -8.03717, 0.0 ], [ 112.19873, -8.03712, 0.0 ], [ 112.198549999000079, -8.0371, 0.0 ], [ 112.19827, -8.03714, 0.0 ], [ 112.19666, -8.03762, 0.0 ], [ 112.196209999000075, -8.03769, 0.0 ], [ 112.19594, -8.03794, 0.0 ], [ 112.19589, -8.038069998999958, 0.0 ], [ 112.195790000000102, -8.03833, 0.0 ], [ 112.19558, -8.03868, 0.0 ], [ 112.195070000000101, -8.039359998999942, 0.0 ], [ 112.194939999000098, -8.03955, 0.0 ], [ 112.1948000000001, -8.04001, 0.0 ], [ 112.194660000000113, -8.04031, 0.0 ], [ 112.19452, -8.04022, 0.0 ], [ 112.19427, -8.04009, 0.0 ], [ 112.19399, -8.03996, 0.0 ], [ 112.19389, -8.03991, 0.0 ], [ 112.193789999000046, -8.03987, 0.0 ], [ 112.193379999000058, -8.039709998999967, 0.0 ], [ 112.1932, -8.03964, 0.0 ], [ 112.19311, -8.0396, 0.0 ], [ 112.19298, -8.03955, 0.0 ], [ 112.19271, -8.03981, 0.0 ], [ 112.192500000000109, -8.040099998999949, 0.0 ], [ 112.19244, -8.04028, 0.0 ], [ 112.19242, -8.04069, 0.0 ], [ 112.19239, -8.04124, 0.0 ], [ 112.19233, -8.04144, 0.0 ], [ 112.192249999000069, -8.04175, 0.0 ], [ 112.192140000000109, -8.042109998999933, 0.0 ], [ 112.19202, -8.04224, 0.0 ], [ 112.19185, -8.04237, 0.0 ], [ 112.19154, -8.04272, 0.0 ], [ 112.1915, -8.04297, 0.0 ], [ 112.19154, -8.0434, 0.0 ], [ 112.191600000000108, -8.043999998999936, 0.0 ], [ 112.19157, -8.04422, 0.0 ], [ 112.1914, -8.04467, 0.0 ], [ 112.19111, -8.045109998999976, 0.0 ], [ 112.19095, -8.04531, 0.0 ], [ 112.19074, -8.04563, 0.0 ], [ 112.190629999000066, -8.04572, 0.0 ], [ 112.19013, -8.045989998999971, 0.0 ], [ 112.189909999000065, -8.04605, 0.0 ], [ 112.189519999000026, -8.04614, 0.0 ], [ 112.18945, -8.046279998999978, 0.0 ], [ 112.189149999000051, -8.04756, 0.0 ], [ 112.18918, -8.04775, 0.0 ], [ 112.189210000000116, -8.04808, 0.0 ], [ 112.1892, -8.04842, 0.0 ], [ 112.18902, -8.04902, 0.0 ], [ 112.1888, -8.04951, 0.0 ], [ 112.188810000000103, -8.04962, 0.0 ], [ 112.18889, -8.04966, 0.0 ], [ 112.189129999000102, -8.04971, 0.0 ], [ 112.18932, -8.04979, 0.0 ], [ 112.18932, -8.049849998999946, 0.0 ], [ 112.189260000000104, -8.05006, 0.0 ], [ 112.189149999000051, -8.05027, 0.0 ], [ 112.189, -8.05041, 0.0 ], [ 112.18883, -8.0505, 0.0 ], [ 112.18851, -8.05066, 0.0 ], [ 112.188329999000075, -8.05088, 0.0 ], [ 112.188289999000062, -8.05105999899996, 0.0 ], [ 112.188289999000062, -8.05131, 0.0 ], [ 112.18824, -8.05158, 0.0 ], [ 112.18815, -8.05194, 0.0 ], [ 112.18808, -8.05203, 0.0 ], [ 112.18785, -8.05231, 0.0 ], [ 112.187500000000114, -8.052929998999957, 0.0 ], [ 112.185415968000029, -8.052404310999975, 0.0 ], [ 112.183517158000086, -8.051918900999965, 0.0 ], [ 112.183003194000094, -8.051690472999951, 0.0 ], [ 112.182731936000096, -8.051590535999935, 0.0 ], [ 112.182560091000028, -8.051430626999945, 0.0 ], [ 112.182789042000081, -8.050890973999969, 0.0 ], [ 112.182903257000021, -8.050476946999936, 0.0 ], [ 112.182910395000022, -8.049884460999976, 0.0 ], [ 112.182996056000093, -8.049677447999954, 0.0 ], [ 112.183138824000025, -8.049420466999948, 0.0 ], [ 112.183103132000042, -8.049020716999962, 0.0 ], [ 112.183153101000016, -8.048778011999957, 0.0 ], [ 112.183274452000092, -8.04866379799995, 0.0 ], [ 112.183541965000018, -8.048547356999961, 0.0 ], [ 112.183631802000036, -8.048417852999933, 0.0 ], [ 112.183595680000053, -8.048142695999957, 0.0 ], [ 112.183745587000089, -8.047921405999944, 0.0 ], [ 112.183816970000066, -8.047800053999936, 0.0 ], [ 112.183988291000105, -8.04758590199998, 0.0 ], [ 112.184202443000117, -8.047307504999935, 0.0 ], [ 112.184330934000059, -8.047050522999939, 0.0 ], [ 112.184459424000011, -8.046822094999925, 0.0 ], [ 112.184673576000023, -8.046593666999968, 0.0 ], [ 112.184866313000043, -8.046343822999972, 0.0 ], [ 112.184902004000037, -8.046165363999933, 0.0 ], [ 112.184744960000103, -8.045872689999953, 0.0 ], [ 112.183767001000092, -8.04550863299994, 0.0 ], [ 112.18407, -8.0441, 0.0 ], [ 112.18405, -8.04368999899998, 0.0 ], [ 112.18397999900003, -8.04336, 0.0 ], [ 112.18391, -8.0431, 0.0 ], [ 112.183900000000108, -8.04288, 0.0 ], [ 112.18397999900003, -8.04239, 0.0 ], [ 112.1842, -8.04155, 0.0 ], [ 112.18459, -8.04058, 0.0 ], [ 112.18532, -8.03912, 0.0 ], [ 112.18557, -8.0389, 0.0 ], [ 112.18566, -8.03882, 0.0 ], [ 112.18575, -8.038559998999972, 0.0 ], [ 112.185929999000109, -8.038089998999965, 0.0 ], [ 112.186060000000111, -8.03787, 0.0 ], [ 112.186359999000047, -8.03767, 0.0 ], [ 112.18654, -8.03755, 0.0 ], [ 112.186960000000113, -8.03707, 0.0 ], [ 112.187050000000113, -8.036899998999957, 0.0 ], [ 112.18704, -8.03638, 0.0 ], [ 112.18704, -8.03594, 0.0 ], [ 112.18711, -8.0353, 0.0 ], [ 112.18717, -8.034949998999934, 0.0 ], [ 112.187910000000102, -8.03366, 0.0 ], [ 112.18805, -8.03338, 0.0 ], [ 112.188097089000053, -8.033186412999953, 0.0 ], [ 112.18814, -8.03301, 0.0 ], [ 112.18815, -8.03295, 0.0 ], [ 112.18814, -8.03266999899995, 0.0 ], [ 112.18812, -8.03252, 0.0 ], [ 112.1882, -8.032299998999974, 0.0 ], [ 112.188349999000025, -8.03203, 0.0 ], [ 112.188389999000037, -8.03136, 0.0 ], [ 112.18844, -8.03106, 0.0 ], [ 112.188580000000115, -8.03065, 0.0 ], [ 112.18871, -8.03011, 0.0 ], [ 112.18873, -8.029939998999964, 0.0 ], [ 112.188670000000116, -8.02948, 0.0 ], [ 112.18861, -8.02919, 0.0 ], [ 112.1886, -8.028789998999969, 0.0 ], [ 112.188639999000088, -8.02862, 0.0 ], [ 112.188900000000103, -8.02829, 0.0 ], [ 112.18958, -8.02768, 0.0 ], [ 112.18979, -8.02749, 0.0 ], [ 112.189849999000103, -8.02741, 0.0 ], [ 112.18981, -8.02736, 0.0 ], [ 112.189665802000036, -8.027069033999965, 0.0 ], [ 112.189699801000074, -8.026745768999945, 0.0 ], [ 112.189652211000066, -8.026412644999937, 0.0 ], [ 112.189671247000092, -8.026146145999974, 0.0 ], [ 112.189478230000077, -8.025790377999954, 0.0 ], [ 112.189653817000021, -8.025407997999935, 0.0 ], [ 112.189765975000114, -8.02499505399993, 0.0 ], [ 112.190074378000077, -8.02494851299997, 0.0 ], [ 112.191066388000081, -8.02321961399997, 0.0 ], [ 112.191280071000051, -8.022811097999977, 0.0 ], [ 112.192427913000074, -8.023077487999956, 0.0 ], [ 112.193284519000031, -8.023422508999943, 0.0 ], [ 112.193879385000059, -8.023648557999934, 0.0 ], [ 112.194509942000082, -8.024088757999948, 0.0 ], [ 112.194843066000089, -8.023993579999967, 0.0 ], [ 112.195333235000021, -8.02360572799995, 0.0 ], [ 112.195504557000049, -8.023082245999944, 0.0 ], [ 112.195771056000012, -8.022701532999974, 0.0 ], [ 112.196418270000095, -8.022349371999951, 0.0 ], [ 112.196484894000037, -8.021816372999979, 0.0 ], [ 112.196694287000014, -8.021388069999944, 0.0 ], [ 112.197196215000076, -8.021021825999981, 0.0 ], [ 112.199210274000052, -8.02128741699994, 0.0 ], [ 112.202890265000065, -8.021293084999968, 0.0 ], [ 112.204360772000086, -8.021478682999941, 0.0 ], [ 112.205306893000056, -8.021697053999958, 0.0 ], [ 112.204971389000093, -8.022075387999962, 0.0 ], [ 112.204478841000082, -8.022532244999979, 0.0 ], [ 112.204093368000031, -8.022946270999967, 0.0 ], [ 112.203722172000084, -8.023524479999935, 0.0 ], [ 112.203350976000024, -8.024388223999949, 0.0 ], [ 112.203336700000023, -8.024673758999938, 0.0 ], [ 112.203079718000026, -8.025144892999947, 0.0 ], [ 112.202550116000111, -8.026315077999925, 0.0 ], [ 112.20226, -8.02709, 0.0 ], [ 112.2025900000001, -8.02731, 0.0 ], [ 112.202630000000113, -8.02738, 0.0 ], [ 112.20303, -8.027499998999929, 0.0 ], [ 112.20346, -8.027579998999954, 0.0 ], [ 112.20386, -8.02768, 0.0 ], [ 112.204, -8.02778, 0.0 ], [ 112.20408, -8.027969998999936, 0.0 ], [ 112.20414, -8.02811, 0.0 ], [ 112.20418, -8.02826, 0.0 ], [ 112.20423, -8.02848, 0.0 ], [ 112.204319999000063, -8.02862, 0.0 ], [ 112.204430000000116, -8.028669998999931, 0.0 ], [ 112.204570000000103, -8.02872999899995, 0.0 ], [ 112.204689999000038, -8.028789998999969, 0.0 ], [ 112.20487, -8.02884, 0.0 ] ] ] ] } },
{ "type": "Feature", "properties": { "OBJECTID": 116186.0, "KDPPUM": "35", "NAMOBJ": "Ngoran", "REMARK": null, "KDPBPS": null, "FCODE": "BA03070040", "LUASWH": 3.30445412, "UUPP": "Hasil Delineasi Batas Desa 2019", "SRS_ID": "SRGI 2013", "METADATA": "TASWIL1000020200326DATA_BATAS_DESA_KELURAHAN", "KDEBPS": null, "KDEPUM": "35.05.09.2003", "KDCBPS": null, "KDCPUM": "35.05.09", "KDBBPS": null, "WADMKD": "Ngoran", "WIADKD": null, "WADMKC": "Nglegok", "WIADKC": null, "WADMKK": "Blitar", "WIADKK": null, "WADMPR": "Jawa Timur", "WIADPR": null, "TIPADM": 1.0, "KDPKAB": "35.05", "SHAPE_Leng": 0.083963731608324002, "SHAPE_Area": 0.00027113913387200001 }, "geometry": { "type": "MultiPolygon", "coordinates": [ [ [ [ 112.202439034, -8.012189659999933, 0.0 ], [ 112.201114930000017, -8.014004934999946, 0.0 ], [ 112.200001342000064, -8.01627494, 0.0 ], [ 112.199987983000028, -8.016457457999934, 0.0 ], [ 112.198533127000019, -8.019182113999932, 0.0 ], [ 112.197888876000093, -8.02003776, 0.0 ], [ 112.197763954000038, -8.020192425999937, 0.0 ], [ 112.197453197000073, -8.020629214999929, 0.0 ], [ 112.197196215000076, -8.021021825999981, 0.0 ], [ 112.196694287000014, -8.021388069999944, 0.0 ], [ 112.196484894000037, -8.021816372999979, 0.0 ], [ 112.196418270000095, -8.022349371999951, 0.0 ], [ 112.195771056000012, -8.022701532999974, 0.0 ], [ 112.195504557000049, -8.023082245999944, 0.0 ], [ 112.195333235000021, -8.02360572799995, 0.0 ], [ 112.194843066000089, -8.023993579999967, 0.0 ], [ 112.194509942000082, -8.024088757999948, 0.0 ], [ 112.193879385000059, -8.023648557999934, 0.0 ], [ 112.193284519000031, -8.023422508999943, 0.0 ], [ 112.192427913000074, -8.023077487999956, 0.0 ], [ 112.191280071000051, -8.022811097999977, 0.0 ], [ 112.191066388000081, -8.02321961399997, 0.0 ], [ 112.190074378000077, -8.02494851299997, 0.0 ], [ 112.189765975000114, -8.02499505399993, 0.0 ], [ 112.188914569000076, -8.025034758999936, 0.0 ], [ 112.18882, -8.02548, 0.0 ], [ 112.18828, -8.02578, 0.0 ], [ 112.18808, -8.02597, 0.0 ], [ 112.187820000000102, -8.02618, 0.0 ], [ 112.18743, -8.02638, 0.0 ], [ 112.186330000000112, -8.02687, 0.0 ], [ 112.185949999000059, -8.0271, 0.0 ], [ 112.185927572000082, -8.0272856199999, 0.0 ], [ 112.185838342000011, -8.027365926999948, 0.0 ], [ 112.185561257000018, -8.027488270999982, 0.0 ], [ 112.185332707000043, -8.027550334999944, 0.0 ], [ 112.185160196000083, -8.027583052999944, 0.0 ], [ 112.185044197000025, -8.027648486999965, 0.0 ], [ 112.184883583000101, -8.027797203999967, 0.0 ], [ 112.184818025000027, -8.027958357999978, 0.0 ], [ 112.184681329000114, -8.028243352999937, 0.0 ], [ 112.184666457000048, -8.028368274999934, 0.0 ], [ 112.184624817000099, -8.028516990999947, 0.0 ], [ 112.184523690000105, -8.028680578999968, 0.0 ], [ 112.184386871000015, -8.028781705999961, 0.0 ], [ 112.184258974000045, -8.028754936999974, 0.0 ], [ 112.184021028000075, -8.028659758999936, 0.0 ], [ 112.183421895000038, -8.028332751999926, 0.0 ], [ 112.183299999000042, -8.02853, 0.0 ], [ 112.18313, -8.028809998999975, 0.0 ], [ 112.18269, -8.02862, 0.0 ], [ 112.182280000000105, -8.02843, 0.0 ], [ 112.18076, -8.027619998999967, 0.0 ], [ 112.18056, -8.027519998999935, 0.0 ], [ 112.17894999900011, -8.02679, 0.0 ], [ 112.17849, -8.02658, 0.0 ], [ 112.17798, -8.02638, 0.0 ], [ 112.177779999000109, -8.0263, 0.0 ], [ 112.177910000000111, -8.02609, 0.0 ], [ 112.178189999000097, -8.02517, 0.0 ], [ 112.17835, -8.02463, 0.0 ], [ 112.178539999, -8.024009998999929, 0.0 ], [ 112.1788, -8.023189998999953, 0.0 ], [ 112.17883, -8.02307, 0.0 ], [ 112.178089999, -8.02273, 0.0 ], [ 112.177910000000111, -8.02276, 0.0 ], [ 112.17742, -8.02281, 0.0 ], [ 112.17693, -8.022859998999934, 0.0 ], [ 112.17646, -8.02307, 0.0 ], [ 112.17598, -8.02344, 0.0 ], [ 112.17589, -8.02352, 0.0 ], [ 112.1763, -8.02248, 0.0 ], [ 112.17635, -8.02144, 0.0 ], [ 112.17641, -8.02073, 0.0 ], [ 112.17644, -8.02045, 0.0 ], [ 112.176219999000068, -8.01877, 0.0 ], [ 112.17617, -8.01843, 0.0 ], [ 112.17613, -8.0183, 0.0 ], [ 112.176179999000055, -8.018239998999945, 0.0 ], [ 112.17619, -8.018159998999977, 0.0 ], [ 112.17608, -8.01611, 0.0 ], [ 112.17604, -8.01593, 0.0 ], [ 112.176549999000031, -8.015839998999979, 0.0 ], [ 112.176899999000057, -8.01574, 0.0 ], [ 112.17723, -8.01567, 0.0 ], [ 112.17763, -8.01550999899996, 0.0 ], [ 112.17777, -8.015429998999934, 0.0 ], [ 112.177910000000111, -8.015369998999972, 0.0 ], [ 112.17867, -8.015369998999972, 0.0 ], [ 112.17912, -8.01542, 0.0 ], [ 112.18062, -8.015409998999928, 0.0 ], [ 112.18096, -8.01544, 0.0 ], [ 112.18119, -8.01546, 0.0 ], [ 112.18165999900009, -8.01535, 0.0 ], [ 112.18191, -8.01519, 0.0 ], [ 112.18229, -8.01482, 0.0 ], [ 112.18342, -8.01376, 0.0 ], [ 112.183629999, -8.0136, 0.0 ], [ 112.1842, -8.01324, 0.0 ], [ 112.18465, -8.01297, 0.0 ], [ 112.18502, -8.012779998999974, 0.0 ], [ 112.185149999000032, -8.012719998999955, 0.0 ], [ 112.18548, -8.01257, 0.0 ], [ 112.18629, -8.01217, 0.0 ], [ 112.1865600000001, -8.01211, 0.0 ], [ 112.187077446000103, -8.013082527999927, 0.0 ], [ 112.187249957000063, -8.013415652999981, 0.0 ], [ 112.187565236000069, -8.013326422999967, 0.0 ], [ 112.187761542000089, -8.013130116999946, 0.0 ], [ 112.187868617000049, -8.013011143999961, 0.0 ], [ 112.187951898000051, -8.012999246999925, 0.0 ], [ 112.188004064000097, -8.012897204999945, 0.0 ], [ 112.188683582000067, -8.012761300999955, 0.0 ], [ 112.19015884800001, -8.012428175999958, 0.0 ], [ 112.190930838000099, -8.012157190999972, 0.0 ], [ 112.19138999900008, -8.01207, 0.0 ], [ 112.19109, -8.01236999899993, 0.0 ], [ 112.191037763000054, -8.012424609999925, 0.0 ], [ 112.191029909, -8.012544967999929, 0.0 ], [ 112.190972802000033, -8.012652043999935, 0.0 ], [ 112.19094068000004, -8.012755550999941, 0.0 ], [ 112.190972802000033, -8.012855487999957, 0.0 ], [ 112.190887142000065, -8.012973270999964, 0.0 ], [ 112.190787204000117, -8.013091053999972, 0.0 ], [ 112.190715821000026, -8.013201699999968, 0.0 ], [ 112.190733667000018, -8.013337327999977, 0.0 ], [ 112.1908264650001, -8.013451542999974, 0.0 ], [ 112.190876434000074, -8.013572894999982, 0.0 ], [ 112.190880004000064, -8.013690677999932, 0.0 ], [ 112.190837173000091, -8.013790615999937, 0.0 ], [ 112.190808620000098, -8.013908399999934, 0.0 ], [ 112.190765789000011, -8.014029750999953, 0.0 ], [ 112.19059, -8.014279998999939, 0.0 ], [ 112.19114, -8.01408, 0.0 ], [ 112.19155, -8.0138, 0.0 ], [ 112.191960000000108, -8.013499998999976, 0.0 ], [ 112.19218, -8.01336, 0.0 ], [ 112.192390198000112, -8.013095304999979, 0.0 ], [ 112.193029668, -8.013560481999946, 0.0 ], [ 112.192970181000078, -8.013800807999928, 0.0 ], [ 112.19310581000002, -8.013743699999964, 0.0 ], [ 112.193255717000056, -8.013636624999947, 0.0 ], [ 112.193412761000104, -8.013472441999966, 0.0 ], [ 112.195625660000019, -8.012456412999938, 0.0 ], [ 112.19775289800009, -8.01182823399995, 0.0 ], [ 112.19816692400002, -8.011671189999959, 0.0 ], [ 112.198438183, -8.0115427, 0.0 ], [ 112.198730857000101, -8.011378516999969, 0.0 ], [ 112.198949434000042, -8.011119311999948, 0.0 ], [ 112.199416141000029, -8.011407069999962, 0.0 ], [ 112.199580324000067, -8.011114396999972, 0.0 ], [ 112.201017221000029, -8.01157541699996, 0.0 ], [ 112.202439034, -8.012189659999933, 0.0 ] ] ] ] } },
{ "type": "Feature", "properties": { "OBJECTID": 116189.0, "KDPPUM": "35", "NAMOBJ": "Penataran", "REMARK": null, "KDPBPS": null, "FCODE": "BA03070040", "LUASWH": 14.12099098, "UUPP": "Hasil Delineasi Batas Desa 2019", "SRS_ID": "SRGI 2013", "METADATA": "TASWIL1000020200326DATA_BATAS_DESA_KELURAHAN", "KDEBPS": null, "KDEPUM": "35.05.09.2007", "KDCBPS": null, "KDCPUM": "35.05.09", "KDBBPS": null, "WADMKD": "Penataran", "WIADKD": null, "WADMKC": "Nglegok", "WIADKC": null, "WADMKK": "Blitar", "WIADKK": null, "WADMPR": "Jawa Timur", "WIADPR": null, "TIPADM": 1.0, "KDPKAB": "35.05", "SHAPE_Leng": 0.21238172566379801, "SHAPE_Area": 0.0011585706778369999 }, "geometry": { "type": "MultiPolygon", "coordinates": [ [ [ [ 112.216819888000032, -8.025594486999978, 0.0 ], [ 112.2166, -8.025589998999976, 0.0 ], [ 112.2162, -8.025589998999976, 0.0 ], [ 112.215729999000018, -8.02562, 0.0 ], [ 112.214989999000068, -8.025629998999932, 0.0 ], [ 112.21492, -8.02564, 0.0 ], [ 112.21508, -8.02612, 0.0 ], [ 112.21511, -8.02622, 0.0 ], [ 112.21505, -8.0264, 0.0 ], [ 112.21494, -8.02657, 0.0 ], [ 112.21484, -8.026759998999978, 0.0 ], [ 112.21477, -8.0269, 0.0 ], [ 112.21469, -8.02701, 0.0 ], [ 112.21435, -8.02697, 0.0 ], [ 112.214189999000041, -8.02697, 0.0 ], [ 112.21404, -8.02709, 0.0 ], [ 112.21395, -8.02726, 0.0 ], [ 112.21383, -8.02739, 0.0 ], [ 112.21356, -8.02751, 0.0 ], [ 112.21345, -8.027559998999948, 0.0 ], [ 112.213329999000052, -8.0277, 0.0 ], [ 112.21325, -8.02792, 0.0 ], [ 112.21323, -8.02798, 0.0 ], [ 112.21301, -8.02804, 0.0 ], [ 112.21282, -8.02805, 0.0 ], [ 112.21264, -8.02813, 0.0 ], [ 112.21246, -8.02831, 0.0 ], [ 112.21239, -8.02839, 0.0 ], [ 112.212179999000114, -8.028339998999968, 0.0 ], [ 112.21129, -8.02798, 0.0 ], [ 112.21082, -8.02778, 0.0 ], [ 112.21112, -8.02724, 0.0 ], [ 112.21129, -8.02691, 0.0 ], [ 112.211370000000102, -8.02667, 0.0 ], [ 112.21131, -8.02648, 0.0 ], [ 112.21089, -8.02614, 0.0 ], [ 112.210780000000113, -8.026059998999926, 0.0 ], [ 112.21059, -8.02603, 0.0 ], [ 112.210510000000113, -8.02631, 0.0 ], [ 112.21008, -8.02706, 0.0 ], [ 112.20811, -8.02649, 0.0 ], [ 112.20803, -8.02649, 0.0 ], [ 112.207810000000109, -8.02689, 0.0 ], [ 112.20766, -8.02709, 0.0 ], [ 112.207539999, -8.02714, 0.0 ], [ 112.207180000000108, -8.027249998999935, 0.0 ], [ 112.20693, -8.02746, 0.0 ], [ 112.20634, -8.028359998999974, 0.0 ], [ 112.206010000000106, -8.02864, 0.0 ], [ 112.20558, -8.028709998999943, 0.0 ], [ 112.20493599800011, -8.028827915999955, 0.0 ], [ 112.20487, -8.02884, 0.0 ], [ 112.204689999000038, -8.028789998999969, 0.0 ], [ 112.204570000000103, -8.02872999899995, 0.0 ], [ 112.204430000000116, -8.028669998999931, 0.0 ], [ 112.204319999000063, -8.02862, 0.0 ], [ 112.20423, -8.02848, 0.0 ], [ 112.20418, -8.02826, 0.0 ], [ 112.20414, -8.02811, 0.0 ], [ 112.20408, -8.027969998999936, 0.0 ], [ 112.204, -8.02778, 0.0 ], [ 112.20386, -8.02768, 0.0 ], [ 112.20346, -8.027579998999954, 0.0 ], [ 112.20303, -8.027499998999929, 0.0 ], [ 112.202630000000113, -8.02738, 0.0 ], [ 112.2025900000001, -8.02731, 0.0 ], [ 112.20226, -8.02709, 0.0 ], [ 112.202550116000111, -8.026315077999925, 0.0 ], [ 112.203079718000026, -8.025144892999947, 0.0 ], [ 112.203336700000023, -8.024673758999938, 0.0 ], [ 112.203350976000024, -8.024388223999949, 0.0 ], [ 112.203722172000084, -8.023524479999935, 0.0 ], [ 112.204093368000031, -8.022946270999967, 0.0 ], [ 112.204478841000082, -8.022532244999979, 0.0 ], [ 112.204971389000093, -8.022075387999962, 0.0 ], [ 112.205306893000056, -8.021697053999958, 0.0 ], [ 112.204360772000086, -8.021478682999941, 0.0 ], [ 112.202890265000065, -8.021293084999968, 0.0 ], [ 112.199210274000052, -8.02128741699994, 0.0 ], [ 112.197196215000076, -8.021021825999981, 0.0 ], [ 112.197453197000073, -8.020629214999929, 0.0 ], [ 112.197763954000038, -8.020192425999937, 0.0 ], [ 112.197888876000093, -8.02003776, 0.0 ], [ 112.198533127000019, -8.019182113999932, 0.0 ], [ 112.199987983000028, -8.016457457999934, 0.0 ], [ 112.200001342000064, -8.01627494, 0.0 ], [ 112.201114930000017, -8.014004934999946, 0.0 ], [ 112.202439034, -8.012189659999933, 0.0 ], [ 112.202860909000037, -8.011611291999941, 0.0 ], [ 112.202882324000029, -8.011506595999947, 0.0 ], [ 112.204095849000055, -8.009593508999956, 0.0 ], [ 112.205066669000075, -8.008137278999925, 0.0 ], [ 112.205929904000072, -8.006871200999967, 0.0 ], [ 112.205936549000057, -8.006861454999978, 0.0 ], [ 112.205941080000116, -8.006854809999936, 0.0 ], [ 112.205947725000101, -8.006845063999947, 0.0 ], [ 112.205952256000046, -8.006838418999962, 0.0 ], [ 112.205958901000031, -8.006828672999973, 0.0 ], [ 112.205970076000085, -8.006812281999942, 0.0 ], [ 112.20597672100007, -8.006802535999952, 0.0 ], [ 112.205981252000015, -8.006795890999967, 0.0 ], [ 112.205992428000059, -8.006779499999936, 0.0 ], [ 112.205999073000044, -8.006769753999947, 0.0 ], [ 112.206005718000029, -8.006760006999968, 0.0 ], [ 112.206010249000087, -8.006753361999927, 0.0 ], [ 112.206028069000013, -8.006727224999963, 0.0 ], [ 112.206032600000071, -8.006720579999978, 0.0 ], [ 112.206039245000056, -8.006710833999932, 0.0 ], [ 112.206045890000041, -8.006701087999943, 0.0 ], [ 112.2060504210001, -8.006694442999958, 0.0 ], [ 112.20606159700003, -8.006678051999927, 0.0 ], [ 112.206068242000015, -8.006668305999938, 0.0 ], [ 112.206079417000069, -8.006651914999964, 0.0 ], [ 112.206086062000054, -8.006642168999974, 0.0 ], [ 112.206097238000098, -8.006625777999943, 0.0 ], [ 112.206108414000028, -8.006609386999969, 0.0 ], [ 112.206119590000071, -8.006592994999949, 0.0 ], [ 112.206126235000056, -8.006583248999959, 0.0 ], [ 112.206130765000012, -8.006576603999974, 0.0 ], [ 112.20613741000011, -8.006566857999928, 0.0 ], [ 112.206141941000055, -8.006560212999943, 0.0 ], [ 112.20614858600004, -8.006550466999954, 0.0 ], [ 112.206155231000025, -8.006540720999965, 0.0 ], [ 112.206159762000084, -8.00653407599998, 0.0 ], [ 112.206170938000014, -8.006517684999949, 0.0 ], [ 112.206182113000068, -8.006501293999975, 0.0 ], [ 112.206188759000042, -8.006491547999929, 0.0 ], [ 112.206193289000112, -8.006484902999944, 0.0 ], [ 112.206199934000097, -8.006475156999954, 0.0 ], [ 112.206206579000082, -8.006465410999965, 0.0 ], [ 112.206213224000066, -8.006455664999976, 0.0 ], [ 112.206219869000051, -8.00644591899993, 0.0 ], [ 112.206226514000036, -8.00643617299994, 0.0 ], [ 112.206233159000021, -8.006426426999951, 0.0 ], [ 112.206239805000109, -8.006416679999973, 0.0 ], [ 112.206351578000067, -8.006252745999973, 0.0 ], [ 112.207493719000013, -8.004710854999928, 0.0 ], [ 112.208207557000037, -8.004054123999936, 0.0 ], [ 112.208778628, -8.003882802999954, 0.0 ], [ 112.209363975000088, -8.003554436999934, 0.0 ], [ 112.21008, -8.002989998999965, 0.0 ], [ 112.210169999000072, -8.00271, 0.0 ], [ 112.21035, -8.00238, 0.0 ], [ 112.2107, -8.00154, 0.0 ], [ 112.210960000000114, -8.000939998999968, 0.0 ], [ 112.211100000000101, -8.00064, 0.0 ], [ 112.21111, -8.00054, 0.0 ], [ 112.21085, -8.0004, 0.0 ], [ 112.210559999000111, -8.000179998999954, 0.0 ], [ 112.21057, -8.0, 0.0 ], [ 112.210659999000086, -7.9998, 0.0 ], [ 112.210780000000113, -7.99954, 0.0 ], [ 112.21082, -7.99943, 0.0 ], [ 112.211190000000101, -7.99881, 0.0 ], [ 112.21147, -7.9983, 0.0 ], [ 112.2117, -7.99789, 0.0 ], [ 112.21196, -7.997409998999956, 0.0 ], [ 112.21225, -7.99686, 0.0 ], [ 112.212509999000076, -7.99637, 0.0 ], [ 112.21273, -7.99625, 0.0 ], [ 112.2131, -7.99621, 0.0 ], [ 112.21322, -7.996199998999941, 0.0 ], [ 112.213440000000105, -7.99588, 0.0 ], [ 112.21391, -7.99526, 0.0 ], [ 112.21412, -7.99493, 0.0 ], [ 112.21429, -7.99453, 0.0 ], [ 112.21426, -7.99413, 0.0 ], [ 112.214250000000106, -7.993939998999963, 0.0 ], [ 112.214340000000107, -7.99377, 0.0 ], [ 112.21449, -7.99363, 0.0 ], [ 112.21455, -7.99358, 0.0 ], [ 112.21459, -7.99341, 0.0 ], [ 112.21464, -7.993159998999943, 0.0 ], [ 112.21475, -7.99298, 0.0 ], [ 112.21543, -7.99202, 0.0 ], [ 112.215510000000108, -7.99175, 0.0 ], [ 112.21545, -7.991149998999958, 0.0 ], [ 112.21545, -7.99099, 0.0 ], [ 112.21555, -7.990779998999926, 0.0 ], [ 112.216039999000031, -7.99038, 0.0 ], [ 112.216093282000088, -7.990299854999932, 0.0 ], [ 112.216111556000101, -7.990056669999944, 0.0 ], [ 112.216130591000024, -7.989966250999942, 0.0 ], [ 112.216259082000079, -7.989804446999926, 0.0 ], [ 112.216516064000075, -7.989514152999959, 0.0 ], [ 112.216606484000067, -7.98937138499997, 0.0 ], [ 112.21681111700002, -7.98900970699998, 0.0 ], [ 112.216939608000075, -7.98875788099997, 0.0 ], [ 112.217046684000024, -7.988640097999962, 0.0 ], [ 112.217200159000072, -7.988450930999932, 0.0 ], [ 112.217375050000101, -7.988293885999951, 0.0 ], [ 112.217471418000059, -7.988176102999944, 0.0 ], [ 112.217580000000112, -7.98806, 0.0 ], [ 112.21679, -7.98668, 0.0 ], [ 112.216696875000025, -7.986536494999939, 0.0 ], [ 112.216601408000088, -7.986191711999936, 0.0 ], [ 112.2159066050001, -7.985040052999977, 0.0 ], [ 112.215221320000069, -7.983964535999974, 0.0 ], [ 112.214726392000102, -7.982822394999971, 0.0 ], [ 112.214612178000039, -7.982584448999944, 0.0 ], [ 112.214545553000107, -7.982270359999973, 0.0 ], [ 112.214491844, -7.98186752099997, 0.0 ], [ 112.214532642000108, -7.981786113999931, 0.0 ], [ 112.21504, -7.98158, 0.0 ], [ 112.21598, -7.98119, 0.0 ], [ 112.217, -7.98074, 0.0 ], [ 112.21774, -7.98026, 0.0 ], [ 112.21825, -7.97979, 0.0 ], [ 112.218800000000101, -7.97933, 0.0 ], [ 112.21939, -7.979039998999951, 0.0 ], [ 112.22027, -7.97882, 0.0 ], [ 112.22099, -7.97868, 0.0 ], [ 112.22185, -7.97849, 0.0 ], [ 112.22237, -7.97827, 0.0 ], [ 112.22376, -7.97753, 0.0 ], [ 112.22486, -7.97681, 0.0 ], [ 112.22606, -7.97593, 0.0 ], [ 112.22691, -7.97541, 0.0 ], [ 112.228249999000013, -7.97457, 0.0 ], [ 112.229470000000106, -7.97371, 0.0 ], [ 112.23077, -7.97294, 0.0 ], [ 112.232109999000045, -7.972369998999966, 0.0 ], [ 112.241653370000108, -7.968505440999934, 0.0 ], [ 112.246972213000049, -7.965757801999928, 0.0 ], [ 112.247439999000107, -7.96521, 0.0 ], [ 112.24813, -7.96469, 0.0 ], [ 112.24879, -7.96432, 0.0 ], [ 112.24886, -7.96491, 0.0 ], [ 112.248919999, -7.96569999899998, 0.0 ], [ 112.24897, -7.96696, 0.0 ], [ 112.24899, -7.9679, 0.0 ], [ 112.249010000000112, -7.9692, 0.0 ], [ 112.248999999000034, -7.97055, 0.0 ], [ 112.249019999000097, -7.971629998999958, 0.0 ], [ 112.2490600000001, -7.97287, 0.0 ], [ 112.24909, -7.973969998999962, 0.0 ], [ 112.24909, -7.97499, 0.0 ], [ 112.24913, -7.97579, 0.0 ], [ 112.2491500000001, -7.976659998999935, 0.0 ], [ 112.24916, -7.97735, 0.0 ], [ 112.2492, -7.97817, 0.0 ], [ 112.24916, -7.97837, 0.0 ], [ 112.24918, -7.97892, 0.0 ], [ 112.24914, -7.979819998999972, 0.0 ], [ 112.24911, -7.98073, 0.0 ], [ 112.24895, -7.981769998999937, 0.0 ], [ 112.24882, -7.9823, 0.0 ], [ 112.24866, -7.982649998999932, 0.0 ], [ 112.24835, -7.982959998999945, 0.0 ], [ 112.24828, -7.98313, 0.0 ], [ 112.248119999000096, -7.98328, 0.0 ], [ 112.2478, -7.98351, 0.0 ], [ 112.24765, -7.98358, 0.0 ], [ 112.24711, -7.98385, 0.0 ], [ 112.24674, -7.98384, 0.0 ], [ 112.24644, -7.98387, 0.0 ], [ 112.246310000000108, -7.98395, 0.0 ], [ 112.246269999000106, -7.98405, 0.0 ], [ 112.24620999900003, -7.98442, 0.0 ], [ 112.24618, -7.98466, 0.0 ], [ 112.246220000000108, -7.98486, 0.0 ], [ 112.24618999900008, -7.984929998999974, 0.0 ], [ 112.24594, -7.98506, 0.0 ], [ 112.24573, -7.98512, 0.0 ], [ 112.245409999000117, -7.98512, 0.0 ], [ 112.24507, -7.9851, 0.0 ], [ 112.244319999000027, -7.98505, 0.0 ], [ 112.243169999000088, -7.98494999899998, 0.0 ], [ 112.243, -7.985, 0.0 ], [ 112.24288, -7.98515, 0.0 ], [ 112.24282, -7.98523999899993, 0.0 ], [ 112.24263, -7.98578, 0.0 ], [ 112.24234, -7.98617, 0.0 ], [ 112.24175, -7.98654, 0.0 ], [ 112.241580000000113, -7.98667, 0.0 ], [ 112.24126, -7.98756, 0.0 ], [ 112.241159999000047, -7.98776, 0.0 ], [ 112.24102, -7.9879, 0.0 ], [ 112.24094, -7.98796, 0.0 ], [ 112.2406, -7.988129998999966, 0.0 ], [ 112.24, -7.98837, 0.0 ], [ 112.23938, -7.98874, 0.0 ], [ 112.23904, -7.988909998999929, 0.0 ], [ 112.238839999000106, -7.989, 0.0 ], [ 112.23866, -7.98921, 0.0 ], [ 112.23863, -7.989279998999962, 0.0 ], [ 112.238349999000093, -7.989279998999962, 0.0 ], [ 112.23775, -7.98975, 0.0 ], [ 112.23705, -7.99026, 0.0 ], [ 112.23632, -7.9906, 0.0 ], [ 112.235500000000116, -7.99094, 0.0 ], [ 112.23448, -7.991129998999952, 0.0 ], [ 112.23342, -7.991209998999977, 0.0 ], [ 112.232519999000033, -7.99129, 0.0 ], [ 112.231699999000057, -7.99129, 0.0 ], [ 112.23044, -7.991189998999971, 0.0 ], [ 112.22966, -7.991149998999958, 0.0 ], [ 112.228930000000105, -7.991129998999952, 0.0 ], [ 112.228300000000104, -7.99118, 0.0 ], [ 112.22764, -7.99143, 0.0 ], [ 112.22709, -7.99184, 0.0 ], [ 112.226590000000101, -7.99233, 0.0 ], [ 112.2261, -7.99305, 0.0 ], [ 112.2258, -7.99375, 0.0 ], [ 112.22571, -7.99404, 0.0 ], [ 112.22558, -7.994349998999951, 0.0 ], [ 112.22558, -7.994739998999933, 0.0 ], [ 112.22557, -7.99627, 0.0 ], [ 112.22557, -7.996999998999968, 0.0 ], [ 112.225559999000097, -7.99719, 0.0 ], [ 112.225550000000112, -7.99812, 0.0 ], [ 112.225550000000112, -7.99857, 0.0 ], [ 112.22553, -7.99909, 0.0 ], [ 112.22551, -8.00002, 0.0 ], [ 112.22535, -8.00091, 0.0 ], [ 112.22535, -8.000979998999981, 0.0 ], [ 112.22534, -8.00214, 0.0 ], [ 112.22531, -8.00306, 0.0 ], [ 112.22531, -8.00313, 0.0 ], [ 112.2253, -8.00359, 0.0 ], [ 112.22529, -8.00407, 0.0 ], [ 112.22529, -8.00415, 0.0 ], [ 112.225370000000112, -8.00442, 0.0 ], [ 112.22534, -8.00485, 0.0 ], [ 112.22533, -8.00496, 0.0 ], [ 112.22524, -8.005659998999931, 0.0 ], [ 112.2252, -8.00579, 0.0 ], [ 112.225149999000109, -8.00592, 0.0 ], [ 112.22516, -8.00625, 0.0 ], [ 112.225169999000059, -8.00676, 0.0 ], [ 112.22518, -8.00737, 0.0 ], [ 112.2252, -8.0077, 0.0 ], [ 112.22523, -8.00863, 0.0 ], [ 112.22526, -8.00957, 0.0 ], [ 112.2257800000001, -8.009619998999938, 0.0 ], [ 112.2261, -8.00963, 0.0 ], [ 112.22625, -8.009639998999944, 0.0 ], [ 112.22652, -8.00965, 0.0 ], [ 112.22687, -8.00966, 0.0 ], [ 112.226810000000114, -8.00984, 0.0 ], [ 112.226689999000087, -8.01022, 0.0 ], [ 112.22656, -8.01059, 0.0 ], [ 112.22655, -8.01065, 0.0 ], [ 112.2262, -8.01174, 0.0 ], [ 112.22616, -8.01187, 0.0 ], [ 112.22571, -8.01171, 0.0 ], [ 112.22547, -8.01161, 0.0 ], [ 112.22524, -8.011529998999947, 0.0 ], [ 112.22516, -8.011489998999934, 0.0 ], [ 112.22438000000011, -8.01136, 0.0 ], [ 112.224269999000057, -8.01133, 0.0 ], [ 112.22372, -8.01119, 0.0 ], [ 112.22352, -8.0118, 0.0 ], [ 112.22341, -8.01209, 0.0 ], [ 112.22336, -8.012269998999955, 0.0 ], [ 112.22326, -8.0125, 0.0 ], [ 112.22319, -8.01269, 0.0 ], [ 112.223139999000068, -8.01291, 0.0 ], [ 112.22311, -8.01304, 0.0 ], [ 112.22307, -8.01319, 0.0 ], [ 112.22305, -8.01327, 0.0 ], [ 112.22307, -8.01335, 0.0 ], [ 112.22322, -8.013539998999931, 0.0 ], [ 112.223300000000108, -8.01364, 0.0 ], [ 112.22346, -8.013829998999938, 0.0 ], [ 112.22354, -8.01397, 0.0 ], [ 112.22361, -8.01409, 0.0 ], [ 112.22364, -8.01421, 0.0 ], [ 112.22342, -8.01472, 0.0 ], [ 112.22331, -8.01497, 0.0 ], [ 112.22319999900003, -8.01525, 0.0 ], [ 112.223079999000106, -8.01556, 0.0 ], [ 112.22295, -8.015899998999942, 0.0 ], [ 112.222850000000108, -8.016209998999955, 0.0 ], [ 112.222760000000108, -8.01648, 0.0 ], [ 112.22223, -8.01747, 0.0 ], [ 112.222214482000027, -8.017749331999937, 0.0 ], [ 112.221855541000082, -8.01762370299997, 0.0 ], [ 112.218834730000026, -8.016629117999969, 0.0 ], [ 112.218040551000058, -8.016349025999943, 0.0 ], [ 112.217916819000038, -8.016691667999964, 0.0 ], [ 112.218031033000102, -8.016786846999935, 0.0 ], [ 112.218050069000014, -8.016882024999973, 0.0 ], [ 112.218002479, -8.017081899999937, 0.0 ], [ 112.217945372000031, -8.017281774999958, 0.0 ], [ 112.21811669300007, -8.017348398999957, 0.0 ], [ 112.217888265000056, -8.018043201999944, 0.0 ], [ 112.218249943000046, -8.018157415999951, 0.0 ], [ 112.217531346000101, -8.021343513999966, 0.0 ], [ 112.216912686000114, -8.024258353999926, 0.0 ], [ 112.216865097000095, -8.024936500999956, 0.0 ], [ 112.216836543000113, -8.025439756999958, 0.0 ], [ 112.216819888000032, -8.025594486999978, 0.0 ] ] ] ] } },
{ "type": "Feature", "properties": { "OBJECTID": 116276.0, "KDPPUM": "35", "NAMOBJ": "Sumberasri", "REMARK": null, "KDPBPS": null, "FCODE": "BA03070040", "LUASWH": 30.16420626, "UUPP": "Hasil Delineasi Batas Desa 2019", "SRS_ID": "SRGI 2013", "METADATA": "TASWIL1000020200326DATA_BATAS_DESA_KELURAHAN", "KDEBPS": null, "KDEPUM": "35.05.09.2001", "KDCBPS": null, "KDCPUM": "35.05.09", "KDBBPS": null, "WADMKD": "Sumberasri", "WIADKD": null, "WADMKC": "Nglegok", "WIADKC": null, "WADMKK": "Blitar", "WIADKK": null, "WADMPR": "Jawa Timur", "WIADPR": null, "TIPADM": 1.0, "KDPKAB": "35.05", "SHAPE_Leng": 0.332484712513544, "SHAPE_Area": 0.0023309324591839998 }, "geometry": { "type": "MultiPolygon", "coordinates": [ [ [ [ 112.265051185000061, -7.944344788999956, 0.0 ], [ 112.265158212000074, -7.944256692999943, 0.0 ], [ 112.265334418000066, -7.943995945999973, 0.0 ], [ 112.265681298000118, -7.943627004999939, 0.0 ], [ 112.266056777000017, -7.943345549999947, 0.0 ], [ 112.26624614800005, -7.943109797999966, 0.0 ], [ 112.266547180000089, -7.942928476999953, 0.0 ], [ 112.266773294000018, -7.942875468999944, 0.0 ], [ 112.267032535000112, -7.942844448999949, 0.0 ], [ 112.267243556000039, -7.942849787999933, 0.0 ], [ 112.267495876000112, -7.942951906999951, 0.0 ], [ 112.267667937000056, -7.943103186999963, 0.0 ], [ 112.267828123000072, -7.94329066399996, 0.0 ], [ 112.268200342000114, -7.943358917999944, 0.0 ], [ 112.268637244000047, -7.943388690999939, 0.0 ], [ 112.269143277000012, -7.943265116999953, 0.0 ], [ 112.269452287000036, -7.943070360999968, 0.0 ], [ 112.269866721000085, -7.943084688999932, 0.0 ], [ 112.270204618000093, -7.942918556999928, 0.0 ], [ 112.271235724, -7.942229884999961, 0.0 ], [ 112.271857836000095, -7.942001868999967, 0.0 ], [ 112.272415930000079, -7.942028873999959, 0.0 ], [ 112.273278968000113, -7.942178410999929, 0.0 ], [ 112.274208343000055, -7.942358608999939, 0.0 ], [ 112.27507814, -7.942330542999969, 0.0 ], [ 112.275365453000063, -7.942363230999945, 0.0 ], [ 112.27547370100001, -7.942375546999926, 0.0 ], [ 112.276380481000047, -7.942113438999968, 0.0 ], [ 112.278204704000018, -7.941645681999944, 0.0 ], [ 112.278295652000111, -7.941381351999951, 0.0 ], [ 112.278295665000087, -7.941381312999965, 0.0 ], [ 112.278358403000084, -7.941196816999934, 0.0 ], [ 112.278778042000113, -7.940536879999968, 0.0 ], [ 112.27881938500002, -7.940489974999934, 0.0 ], [ 112.278830288000108, -7.940476527999976, 0.0 ], [ 112.279247161000058, -7.940109248999931, 0.0 ], [ 112.279294120000031, -7.940067876999933, 0.0 ], [ 112.279562302000045, -7.939912174999961, 0.0 ], [ 112.279600333000076, -7.939896331999932, 0.0 ], [ 112.279600990000063, -7.939896430999966, 0.0 ], [ 112.279602014000034, -7.939895996999951, 0.0 ], [ 112.280059760000086, -7.939965609999945, 0.0 ], [ 112.280295609000063, -7.940021738999974, 0.0 ], [ 112.280567229000098, -7.940011131999938, 0.0 ], [ 112.28069232100006, -7.940006160999928, 0.0 ], [ 112.280758007000031, -7.939992404999941, 0.0 ], [ 112.28107448500009, -7.939925568999968, 0.0 ], [ 112.281257574000051, -7.939847830999952, 0.0 ], [ 112.281646698000031, -7.93944395699998, 0.0 ], [ 112.281662725000047, -7.939424733999942, 0.0 ], [ 112.281662948000076, -7.939424465999934, 0.0 ], [ 112.281843799000058, -7.939206078999973, 0.0 ], [ 112.281870360000084, -7.939182482999968, 0.0 ], [ 112.281913715000087, -7.939142121999964, 0.0 ], [ 112.28217913800006, -7.939066969999942, 0.0 ], [ 112.282179466000116, -7.939066876999959, 0.0 ], [ 112.282430063000106, -7.9389953699999, 0.0 ], [ 112.282698739000011, -7.938960858999963, 0.0 ], [ 112.282699230000048, -7.938960795999947, 0.0 ], [ 112.282699500000035, -7.938960760999976, 0.0 ], [ 112.282890261000034, -7.938936134999949, 0.0 ], [ 112.282890904000055, -7.938936174999981, 0.0 ], [ 112.282891371, -7.938936114999933, 0.0 ], [ 112.283037141000023, -7.938945312999977, 0.0 ], [ 112.283038214000044, -7.93894538099994, 0.0 ], [ 112.283325157000036, -7.938963311999942, 0.0 ], [ 112.283326257000112, -7.938963555999976, 0.0 ], [ 112.283326589000012, -7.938963575999935, 0.0 ], [ 112.28335408800001, -7.9389697299999, 0.0 ], [ 112.28335434600001, -7.938969787999952, 0.0 ], [ 112.283630329000061, -7.939031015999944, 0.0 ], [ 112.284021966000068, -7.939285698999981, 0.0 ], [ 112.284195664000094, -7.939398132999941, 0.0 ], [ 112.284239558000081, -7.939423373999944, 0.0 ], [ 112.284423787000037, -7.939527400999964, 0.0 ], [ 112.28455907700004, -7.939552196999955, 0.0 ], [ 112.284654230000115, -7.939569162999931, 0.0 ], [ 112.284980718000043, -7.939529310999944, 0.0 ], [ 112.285139524000101, -7.939501435999944, 0.0 ], [ 112.285140180000099, -7.939501319999977, 0.0 ], [ 112.28517862700005, -7.939494492999927, 0.0 ], [ 112.285178787000063, -7.939494544999945, 0.0 ], [ 112.285179088000064, -7.939494491999938, 0.0 ], [ 112.285758918000056, -7.939679514999966, 0.0 ], [ 112.286025102000053, -7.93972039199997, 0.0 ], [ 112.286320010000054, -7.939706341999965, 0.0 ], [ 112.286320131000025, -7.939706372999979, 0.0 ], [ 112.286700214, -7.939801242999977, 0.0 ], [ 112.286865296000087, -7.93987124399996, 0.0 ], [ 112.287098889000049, -7.939853075999963, 0.0 ], [ 112.287547114000063, -7.939647389999948, 0.0 ], [ 112.28768853300005, -7.939598732999968, 0.0 ], [ 112.287991289000047, -7.939728327999944, 0.0 ], [ 112.288556431000075, -7.939846537999927, 0.0 ], [ 112.288798981000014, -7.939829643999929, 0.0 ], [ 112.289006464000067, -7.939737753999964, 0.0 ], [ 112.289167281, -7.939644298999951, 0.0 ], [ 112.290037593000079, -7.939685786999974, 0.0 ], [ 112.290128901000116, -7.939691580999977, 0.0 ], [ 112.290464439000061, -7.939666854999928, 0.0 ], [ 112.290689763000046, -7.939702365999949, 0.0 ], [ 112.290736797000022, -7.939708757999938, 0.0 ], [ 112.291109943000038, -7.939759472999981, 0.0 ], [ 112.291541796000047, -7.939790045999928, 0.0 ], [ 112.291576883000062, -7.939799170999947, 0.0 ], [ 112.291634320000071, -7.939854282999931, 0.0 ], [ 112.291943413000013, -7.940197332999958, 0.0 ], [ 112.292205885000044, -7.940312081999934, 0.0 ], [ 112.292406687000039, -7.94033196, 0.0 ], [ 112.292472255, -7.940337391999947, 0.0 ], [ 112.292929789000027, -7.940375297999935, 0.0 ], [ 112.293006390000073, -7.940281442999947, 0.0 ], [ 112.293220851000115, -7.940118230999929, 0.0 ], [ 112.293308259000014, -7.94005453799997, 0.0 ], [ 112.293597046000059, -7.939801285999977, 0.0 ], [ 112.29375911000011, -7.939717998999981, 0.0 ], [ 112.293993158000035, -7.939654617999963, 0.0 ], [ 112.294309020000014, -7.93953997899996, 0.0 ], [ 112.294541959000071, -7.939449453999941, 0.0 ], [ 112.294835098000021, -7.939369701999965, 0.0 ], [ 112.295074709, -7.93934459299993, 0.0 ], [ 112.295107159000054, -7.939342718999967, 0.0 ], [ 112.295150143000114, -7.939338895999981, 0.0 ], [ 112.296478935000096, -7.93914661599996, 0.0 ], [ 112.297251614000061, -7.938864440999964, 0.0 ], [ 112.298996709000107, -7.938594325999929, 0.0 ], [ 112.298999999000102, -7.938669998999956, 0.0 ], [ 112.2993, -7.939529998999944, 0.0 ], [ 112.30006, -7.94022, 0.0 ], [ 112.300557326000103, -7.940798479999955, 0.0 ], [ 112.300764818000061, -7.941039829999966, 0.0 ], [ 112.302256208000017, -7.942774583999949, 0.0 ], [ 112.30245, -7.942999998999937, 0.0 ], [ 112.302219999000044, -7.94336999899997, 0.0 ], [ 112.3018, -7.94408, 0.0 ], [ 112.301148459000046, -7.944979746999934, 0.0 ], [ 112.30054, -7.94582, 0.0 ], [ 112.29927, -7.948209998999971, 0.0 ], [ 112.29883, -7.948949998999979, 0.0 ], [ 112.29864, -7.94923, 0.0 ], [ 112.298540000000116, -7.94949, 0.0 ], [ 112.29843, -7.94985, 0.0 ], [ 112.2982, -7.95048, 0.0 ], [ 112.29812, -7.95099, 0.0 ], [ 112.2981, -7.951329998999938, 0.0 ], [ 112.29802, -7.95153, 0.0 ], [ 112.2979, -7.95175, 0.0 ], [ 112.297869999000113, -7.95193, 0.0 ], [ 112.297829999000101, -7.95223, 0.0 ], [ 112.29776, -7.952519998999946, 0.0 ], [ 112.29776, -7.95263, 0.0 ], [ 112.29768, -7.95306, 0.0 ], [ 112.29767, -7.953139998999973, 0.0 ], [ 112.297459999000012, -7.95375, 0.0 ], [ 112.297280000000114, -7.95415, 0.0 ], [ 112.29721, -7.95426, 0.0 ], [ 112.297129999000049, -7.954449998999962, 0.0 ], [ 112.297089999000036, -7.9546, 0.0 ], [ 112.297, -7.95473, 0.0 ], [ 112.296467823000057, -7.956486783999935, 0.0 ], [ 112.297609965000106, -7.95768603199997, 0.0 ], [ 112.298238142000059, -7.958028673999934, 0.0 ], [ 112.298322504000112, -7.958830103999958, 0.0 ], [ 112.298352357000113, -7.959113708999951, 0.0 ], [ 112.296810466000011, -7.960027421999939, 0.0 ], [ 112.295325682000112, -7.960484277999967, 0.0 ], [ 112.294012220000013, -7.960826920999978, 0.0 ], [ 112.289900511000042, -7.961626419999959, 0.0 ], [ 112.288872584000046, -7.96208327599993, 0.0 ], [ 112.287410462000025, -7.962657680999939, 0.0 ], [ 112.2868800010001, -7.962639998999975, 0.0 ], [ 112.286748948000081, -7.962938796999936, 0.0 ], [ 112.285560374000056, -7.963453845999936, 0.0 ], [ 112.284989304000078, -7.963967808999939, 0.0 ], [ 112.283464069000047, -7.965664364999952, 0.0 ], [ 112.28343432600002, -7.966794608999976, 0.0 ], [ 112.282898947000035, -7.967657162999956, 0.0 ], [ 112.282293612000103, -7.967801289999954, 0.0 ], [ 112.281025122000074, -7.968103311999926, 0.0 ], [ 112.280043594000063, -7.968549460999952, 0.0 ], [ 112.279329756000038, -7.968965866999952, 0.0 ], [ 112.278972836000094, -7.969233555999949, 0.0 ], [ 112.276712348000046, -7.970244826999931, 0.0 ], [ 112.275939024000081, -7.970572002999972, 0.0 ], [ 112.274243449000096, -7.968937767999932, 0.0 ], [ 112.273901911000053, -7.968608585999959, 0.0 ], [ 112.27389, -7.96858, 0.0 ], [ 112.27381, -7.96852, 0.0 ], [ 112.27353, -7.96844, 0.0 ], [ 112.27331, -7.96844, 0.0 ], [ 112.27222, -7.96764, 0.0 ], [ 112.27063, -7.96601, 0.0 ], [ 112.26949, -7.96447, 0.0 ], [ 112.26903, -7.963729998999952, 0.0 ], [ 112.268780000000106, -7.96286, 0.0 ], [ 112.26866, -7.96265, 0.0 ], [ 112.268420000000106, -7.96228, 0.0 ], [ 112.2682, -7.96211, 0.0 ], [ 112.26793, -7.96206, 0.0 ], [ 112.2676, -7.96208, 0.0 ], [ 112.26721, -7.962209998999981, 0.0 ], [ 112.26649, -7.96246, 0.0 ], [ 112.265670000000114, -7.96277, 0.0 ], [ 112.26539, -7.96294, 0.0 ], [ 112.264860000000112, -7.963399998999932, 0.0 ], [ 112.2644, -7.96367, 0.0 ], [ 112.26391, -7.963729998999952, 0.0 ], [ 112.26354, -7.96367, 0.0 ], [ 112.262700000000109, -7.96349, 0.0 ], [ 112.262279999000043, -7.96348, 0.0 ], [ 112.26194999900008, -7.96359, 0.0 ], [ 112.261559999000042, -7.963849998999933, 0.0 ], [ 112.26083, -7.96443, 0.0 ], [ 112.2603, -7.964879998999947, 0.0 ], [ 112.25974, -7.96511, 0.0 ], [ 112.25917, -7.96522, 0.0 ], [ 112.25858, -7.96519, 0.0 ], [ 112.25767, -7.96515, 0.0 ], [ 112.25652, -7.96516, 0.0 ], [ 112.2556, -7.9651, 0.0 ], [ 112.25486, -7.96501, 0.0 ], [ 112.254439999000056, -7.964939998999967, 0.0 ], [ 112.253830000000107, -7.96479, 0.0 ], [ 112.25315, -7.96454, 0.0 ], [ 112.2526, -7.96442, 0.0 ], [ 112.251800000000117, -7.96423, 0.0 ], [ 112.25084, -7.96411, 0.0 ], [ 112.250000000000114, -7.96403, 0.0 ], [ 112.24879, -7.96432, 0.0 ], [ 112.24813, -7.96469, 0.0 ], [ 112.247439999000107, -7.96521, 0.0 ], [ 112.246972213000049, -7.965757801999928, 0.0 ], [ 112.241653370000108, -7.968505440999934, 0.0 ], [ 112.232109999000045, -7.972369998999966, 0.0 ], [ 112.23077, -7.97294, 0.0 ], [ 112.229470000000106, -7.97371, 0.0 ], [ 112.228249999000013, -7.97457, 0.0 ], [ 112.22691, -7.97541, 0.0 ], [ 112.22606, -7.97593, 0.0 ], [ 112.22486, -7.97681, 0.0 ], [ 112.22376, -7.97753, 0.0 ], [ 112.22237, -7.97827, 0.0 ], [ 112.22185, -7.97849, 0.0 ], [ 112.22099, -7.97868, 0.0 ], [ 112.22027, -7.97882, 0.0 ], [ 112.21939, -7.979039998999951, 0.0 ], [ 112.218800000000101, -7.97933, 0.0 ], [ 112.21825, -7.97979, 0.0 ], [ 112.21774, -7.98026, 0.0 ], [ 112.217, -7.98074, 0.0 ], [ 112.21598, -7.98119, 0.0 ], [ 112.21504, -7.98158, 0.0 ], [ 112.214532642000108, -7.981786113999931, 0.0 ], [ 112.2144, -7.98184, 0.0 ], [ 112.21395, -7.98207, 0.0 ], [ 112.213389999000015, -7.98247, 0.0 ], [ 112.213322653000091, -7.982522138999968, 0.0 ], [ 112.212693521, -7.982708586999934, 0.0 ], [ 112.212065343000063, -7.98296556899993, 0.0 ], [ 112.211879745000033, -7.98315116699996, 0.0 ], [ 112.211701286000107, -7.983329625999943, 0.0 ], [ 112.211408612000014, -7.98348667099998, 0.0 ], [ 112.211330090000047, -7.983500946999925, 0.0 ], [ 112.21106597000005, -7.983550915999956, 0.0 ], [ 112.210851818000037, -7.983579469999938, 0.0 ], [ 112.210680497000112, -7.98363657699997, 0.0 ], [ 112.21047348400009, -7.98374365199993, 0.0 ], [ 112.21026, -7.98391, 0.0 ], [ 112.209809614000051, -7.984286168999972, 0.0 ], [ 112.209309928000039, -7.984607396999934, 0.0 ], [ 112.208988700000077, -7.984750163999934, 0.0 ], [ 112.208667473000105, -7.984771579999972, 0.0 ], [ 112.208210617000077, -7.984971453999947, 0.0 ], [ 112.208103541000014, -7.985114221999936, 0.0 ], [ 112.208003603000066, -7.985256989999925, 0.0 ], [ 112.20786797400001, -7.985442587999955, 0.0 ], [ 112.207660961000101, -7.985542524999971, 0.0 ], [ 112.207425394000097, -7.985635323999929, 0.0 ], [ 112.207268350000049, -7.98568529299996, 0.0 ], [ 112.20709702900001, -7.985763814999927, 0.0 ], [ 112.206875739000111, -7.985885166999935, 0.0 ], [ 112.206361775, -7.986242085999947, 0.0 ], [ 112.206090517, -7.986370576999946, 0.0 ], [ 112.205812120000019, -7.986563313999966, 0.0 ], [ 112.20560510700011, -7.98679174199998, 0.0 ], [ 112.205476616000055, -7.986913093999931, 0.0 ], [ 112.20523391100005, -7.987041584999929, 0.0 ], [ 112.205055451000021, -7.987155798999936, 0.0 ], [ 112.204584318000116, -7.987434195999981, 0.0 ], [ 112.204311069000028, -7.987555918999931, 0.0 ], [ 112.203753886000072, -7.987845842999945, 0.0 ], [ 112.203506422000032, -7.988026681999941, 0.0 ], [ 112.203297030000044, -7.988217038999949, 0.0 ], [ 112.203220887000043, -7.988350288999925, 0.0 ], [ 112.203021012000022, -7.988407395999957, 0.0 ], [ 112.202725959000077, -7.98841691399997, 0.0 ], [ 112.202535602000012, -7.988378841999975, 0.0 ], [ 112.202145370000039, -7.988454984999976, 0.0 ], [ 112.201955014000077, -7.988464502999932, 0.0 ], [ 112.201774175000082, -7.988359806999938, 0.0 ], [ 112.201574300000061, -7.988283663999937, 0.0 ], [ 112.201003229000094, -7.988407395999957, 0.0 ], [ 112.200755765000054, -7.988502573999938, 0.0 ], [ 112.200308427000095, -7.988626305999958, 0.0 ], [ 112.20011807000003, -7.9886548599999, 0.0 ], [ 112.199661213000013, -7.988597752999965, 0.0 ], [ 112.19939471400005, -7.988474020999945, 0.0 ], [ 112.198747500000081, -7.98841691399997, 0.0 ], [ 112.198442929000066, -7.988578716999939, 0.0 ], [ 112.198243054000045, -7.988807144999953, 0.0 ], [ 112.198024144000101, -7.988873769999941, 0.0 ], [ 112.197624395000048, -7.989054608999936, 0.0 ], [ 112.197348377000026, -7.989235447999931, 0.0 ], [ 112.19705332400008, -7.989454358999978, 0.0 ], [ 112.19680586000004, -7.989720857999941, 0.0 ], [ 112.196524049000118, -7.990090145999943, 0.0 ], [ 112.195901665000065, -7.990244339999947, 0.0 ], [ 112.195644683000069, -7.99033, 0.0 ], [ 112.195321076000027, -7.990444214999968, 0.0 ], [ 112.195006987000056, -7.990482285999974, 0.0 ], [ 112.19478141500008, -7.990557476999982, 0.0 ], [ 112.194188453000038, -7.990444214999968, 0.0 ], [ 112.193731596000021, -7.990510838999967, 0.0 ], [ 112.193388954000056, -7.99061553599995, 0.0 ], [ 112.192998722000084, -7.990710713999931, 0.0 ], [ 112.192684634000102, -7.990815409999925, 0.0 ], [ 112.19239909800001, -7.990863, 0.0 ], [ 112.192208741000059, -7.99088203499997, 0.0 ], [ 112.191913688000113, -7.990939141999945, 0.0 ], [ 112.191523457000017, -7.991053356999942, 0.0 ], [ 112.191352135000102, -7.991091427999947, 0.0 ], [ 112.191085636000025, -7.991129498999953, 0.0 ], [ 112.190866725000092, -7.991186605999928, 0.0 ], [ 112.190657333000104, -7.99122467799998, 0.0 ], [ 112.190438422000057, -7.991272266999943, 0.0 ], [ 112.190035540000054, -7.991326585999957, 0.0 ], [ 112.185830870000018, -7.991531016999943, 0.0 ], [ 112.183974890000059, -7.991745168999955, 0.0 ], [ 112.182285473000093, -7.993077666999966, 0.0 ], [ 112.181515934000117, -7.994353975999957, 0.0 ], [ 112.181309894000037, -7.994695700999955, 0.0 ], [ 112.180905385000074, -7.995100208999929, 0.0 ], [ 112.179953601000079, -7.995457127999941, 0.0 ], [ 112.179215968000108, -7.995457127999941, 0.0 ], [ 112.178355519000092, -7.99606846699993, 0.0 ], [ 112.178209999000046, -7.99606, 0.0 ], [ 112.17844, -7.99488, 0.0 ], [ 112.178622101000087, -7.991503332999969, 0.0 ], [ 112.17886210100005, -7.990563332999955, 0.0 ], [ 112.179030298000043, -7.988830638999957, 0.0 ], [ 112.17868, -7.98808, 0.0 ], [ 112.17841, -7.987619998999946, 0.0 ], [ 112.17835, -7.9875, 0.0 ], [ 112.178209999000046, -7.98718, 0.0 ], [ 112.17812, -7.98693, 0.0 ], [ 112.1779, -7.98646, 0.0 ], [ 112.177730000000111, -7.98609, 0.0 ], [ 112.177694975, -7.985948169999972, 0.0 ], [ 112.176838234000115, -7.986313038999981, 0.0 ], [ 112.1764, -7.98624, 0.0 ], [ 112.17601, -7.98615, 0.0 ], [ 112.17553, -7.98593, 0.0 ], [ 112.17488, -7.98557, 0.0 ], [ 112.174209999000027, -7.98516, 0.0 ], [ 112.171343623000098, -7.985947768999949, 0.0 ], [ 112.171158025000068, -7.985549922999951, 0.0 ], [ 112.171086641000102, -7.985364324999978, 0.0 ], [ 112.171072364000111, -7.985178726999948, 0.0 ], [ 112.170986704000029, -7.984950298999934, 0.0 ], [ 112.170882008000035, -7.984526754999933, 0.0 ], [ 112.170581374000108, -7.982727060999935, 0.0 ], [ 112.167870324000091, -7.977708352999969, 0.0 ], [ 112.167856866000079, -7.977708437999979, 0.0 ], [ 112.167604474000086, -7.976971950999939, 0.0 ], [ 112.167523206000055, -7.97521306699997, 0.0 ], [ 112.167521193000084, -7.975169508999954, 0.0 ], [ 112.169575464000104, -7.974965665999946, 0.0 ], [ 112.16959590600004, -7.974961580999945, 0.0 ], [ 112.169701492000058, -7.97495171199995, 0.0 ], [ 112.169759003000081, -7.97494745399996, 0.0 ], [ 112.169759039000041, -7.974947450999935, 0.0 ], [ 112.170104663000075, -7.974921858999949, 0.0 ], [ 112.170330156000091, -7.97487336599994, 0.0 ], [ 112.170474120000108, -7.97485381599995, 0.0 ], [ 112.170536487000049, -7.974839282999937, 0.0 ], [ 112.170603696000057, -7.974839092999957, 0.0 ], [ 112.17073812700005, -7.974843498999974, 0.0 ], [ 112.170954236000057, -7.974871601999951, 0.0 ], [ 112.171271131000026, -7.974889848999965, 0.0 ], [ 112.171453582000026, -7.974898903999929, 0.0 ], [ 112.171433876000037, -7.974721889999955, 0.0 ], [ 112.171952178000083, -7.97466299599995, 0.0 ], [ 112.17213941600005, -7.974667251999961, 0.0 ], [ 112.172307451000052, -7.974671561999969, 0.0 ], [ 112.172513809000066, -7.9746470499999, 0.0 ], [ 112.172676989000024, -7.97463223099993, 0.0 ], [ 112.172868986000026, -7.974622115999978, 0.0 ], [ 112.173017805000086, -7.974621694999939, 0.0 ], [ 112.173281839000083, -7.974620946999949, 0.0 ], [ 112.173459502000014, -7.974634800999979, 0.0 ], [ 112.17372814600003, -7.974567040999943, 0.0 ], [ 112.173987106000027, -7.974470593999968, 0.0 ], [ 112.174178884000071, -7.974383908999926, 0.0 ], [ 112.174524378000115, -7.97433028699993, 0.0 ], [ 112.174764285000037, -7.974286535999966, 0.0 ], [ 112.175095458000101, -7.97426166799994, 0.0 ], [ 112.17535460900001, -7.97423221899993, 0.0 ], [ 112.175594612000054, -7.974221966999949, 0.0 ], [ 112.175786636000112, -7.974221421999971, 0.0 ], [ 112.176070049000032, -7.974282830999925, 0.0 ], [ 112.17625732700003, -7.974301441999955, 0.0 ], [ 112.176502171000038, -7.97430553199996, 0.0 ], [ 112.176732477000087, -7.974261806999948, 0.0 ], [ 112.177332005000039, -7.974068677999981, 0.0 ], [ 112.177427921000117, -7.974034905999929, 0.0 ], [ 112.177562269000077, -7.974010594999982, 0.0 ], [ 112.17771588800008, -7.974010158999931, 0.0 ], [ 112.177879191000102, -7.974038407999956, 0.0 ], [ 112.178052108000088, -7.974071415999958, 0.0 ], [ 112.178282673000012, -7.974118616999931, 0.0 ], [ 112.178431437000086, -7.974099050999939, 0.0 ], [ 112.178632843000059, -7.974021907999941, 0.0 ], [ 112.178791002000025, -7.973930530999951, 0.0 ], [ 112.17905939700006, -7.97377662599996, 0.0 ], [ 112.17932315500002, -7.973680162999926, 0.0 ], [ 112.179649664000067, -7.973703160999946, 0.0 ], [ 112.179736239000022, -7.973760341999935, 0.0 ], [ 112.179768445000036, -7.973768398999937, 0.0 ], [ 112.181548338000084, -7.973486317999971, 0.0 ], [ 112.18266604400003, -7.973113425999941, 0.0 ], [ 112.183092830000078, -7.972982607999938, 0.0 ], [ 112.183090630000038, -7.972977238999931, 0.0 ], [ 112.183072479000089, -7.97293293499996, 0.0 ], [ 112.183361850000097, -7.972854920999964, 0.0 ], [ 112.183397575000072, -7.972889195999926, 0.0 ], [ 112.183548580000092, -7.9728429099999, 0.0 ], [ 112.1840792160001, -7.972404727999958, 0.0 ], [ 112.184199916000011, -7.972305057999961, 0.0 ], [ 112.184577223000019, -7.972153352999953, 0.0 ], [ 112.18505092800001, -7.971908472999928, 0.0 ], [ 112.185684171000048, -7.971569424999927, 0.0 ], [ 112.186386059000029, -7.971273320999956, 0.0 ], [ 112.187019302000067, -7.971101184999952, 0.0 ], [ 112.187683059000051, -7.971000089999961, 0.0 ], [ 112.18824001400003, -7.970904240999971, 0.0 ], [ 112.189109759000075, -7.970647234999944, 0.0 ], [ 112.189681972000017, -7.97049035699996, 0.0 ], [ 112.190376244000049, -7.970353015999933, 0.0 ], [ 112.191078156000117, -7.970165622999957, 0.0 ], [ 112.191535903000045, -7.970144175999962, 0.0 ], [ 112.191688501000044, -7.97011697399995, 0.0 ], [ 112.19184107500007, -7.970090302999949, 0.0 ], [ 112.192422196000052, -7.969920936999927, 0.0 ], [ 112.19254584600003, -7.96985002699995, 0.0 ], [ 112.192932365000047, -7.969555427999978, 0.0 ], [ 112.193024845000082, -7.969484941999951, 0.0 ], [ 112.19384986700004, -7.969252856999958, 0.0 ], [ 112.194252445000075, -7.969021986999962, 0.0 ], [ 112.194287737000082, -7.969032335999941, 0.0 ], [ 112.194526643000017, -7.968909631999963, 0.0 ], [ 112.19486994600004, -7.968729879999955, 0.0 ], [ 112.195016755000097, -7.968652520999967, 0.0 ], [ 112.195400649000021, -7.968450231999952, 0.0 ], [ 112.195419261000097, -7.968440424999926, 0.0 ], [ 112.195898542, -7.968227235999962, 0.0 ], [ 112.196263566000084, -7.968063852999933, 0.0 ], [ 112.197163537000051, -7.96766258599996, 0.0 ], [ 112.197164239000017, -7.967662271999927, 0.0 ], [ 112.1975707470001, -7.967480561999935, 0.0 ], [ 112.198036158000036, -7.967118180999933, 0.0 ], [ 112.198074164000104, -7.967064178999976, 0.0 ], [ 112.198150601000066, -7.966955571999961, 0.0 ], [ 112.198265019000019, -7.966628444999969, 0.0 ], [ 112.198325150000073, -7.966455617999941, 0.0 ], [ 112.198341331000051, -7.966409110999962, 0.0 ], [ 112.198449317000041, -7.966118106999943, 0.0 ], [ 112.198449352000011, -7.966118011999981, 0.0 ], [ 112.198449381000046, -7.966117933999953, 0.0 ], [ 112.198738047, -7.965340028999947, 0.0 ], [ 112.198959316000014, -7.965134041999931, 0.0 ], [ 112.199131099000056, -7.965026673999944, 0.0 ], [ 112.199249230000078, -7.964952838999977, 0.0 ], [ 112.199569660000066, -7.964853653999967, 0.0 ], [ 112.200202902000115, -7.964664374999927, 0.0 ], [ 112.200881917000061, -7.964362515999937, 0.0 ], [ 112.20096597700001, -7.964296416999957, 0.0 ], [ 112.200966009000012, -7.964296390999948, 0.0 ], [ 112.201026874000036, -7.964248530999953, 0.0 ], [ 112.201091980000115, -7.964193610999928, 0.0 ], [ 112.20113367600004, -7.964158438999959, 0.0 ], [ 112.20121450900001, -7.96411024799994, 0.0 ], [ 112.20133196200004, -7.964040226999941, 0.0 ], [ 112.201332047000051, -7.964040175999969, 0.0 ], [ 112.201376527000093, -7.964041734999967, 0.0 ], [ 112.201456322000013, -7.964044436999927, 0.0 ], [ 112.201646592000088, -7.964108619999934, 0.0 ], [ 112.201646839000091, -7.964108702999965, 0.0 ], [ 112.201728787000093, -7.96413602399997, 0.0 ], [ 112.202079732000016, -7.964225681999949, 0.0 ], [ 112.202461191000111, -7.96424043199994, 0.0 ], [ 112.202758746000086, -7.964199446999942, 0.0 ], [ 112.203132589, -7.964059736999957, 0.0 ], [ 112.203483533000053, -7.963959584999941, 0.0 ], [ 112.20411957500005, -7.963810418999969, 0.0 ], [ 112.20422360200007, -7.963786021999965, 0.0 ], [ 112.204362107000065, -7.963747702999967, 0.0 ], [ 112.204849203000094, -7.963612943999976, 0.0 ], [ 112.204998662000094, -7.963432988999955, 0.0 ], [ 112.204998703000115, -7.963432938999972, 0.0 ], [ 112.205108603000099, -7.963300613999934, 0.0 ], [ 112.205215405000104, -7.963127995999969, 0.0 ], [ 112.20532236300005, -7.963052348999952, 0.0 ], [ 112.205360362000079, -7.963025473999949, 0.0 ], [ 112.205376029000035, -7.963024232999942, 0.0 ], [ 112.205589247000034, -7.963007338999944, 0.0 ], [ 112.205947440000045, -7.963033543999927, 0.0 ], [ 112.20598712200001, -7.96302043299994, 0.0 ], [ 112.206045450000033, -7.963001159999976, 0.0 ], [ 112.206581075000031, -7.962823306999951, 0.0 ], [ 112.206850204000034, -7.962766157999965, 0.0 ], [ 112.206922085000087, -7.962750893999953, 0.0 ], [ 112.206946869000035, -7.962745631999951, 0.0 ], [ 112.20694727700004, -7.962745544999962, 0.0 ], [ 112.207899874000077, -7.962718418999941, 0.0 ], [ 112.207900973000051, -7.962718388999974, 0.0 ], [ 112.207903153000075, -7.962718325999958, 0.0 ], [ 112.208556776000023, -7.962699348999934, 0.0 ], [ 112.208656275000067, -7.962696459999961, 0.0 ], [ 112.208658519000096, -7.962696741999935, 0.0 ], [ 112.208900417000109, -7.962726974999953, 0.0 ], [ 112.20912166100004, -7.96283854, 0.0 ], [ 112.209271698000066, -7.962960449999969, 0.0 ], [ 112.209426834000055, -7.963086502999943, 0.0 ], [ 112.20969385, -7.96323433799995, 0.0 ], [ 112.20980173800001, -7.963239377999969, 0.0 ], [ 112.210307305000015, -7.963262992999944, 0.0 ], [ 112.210313056000018, -7.963263261999941, 0.0 ], [ 112.210313300000053, -7.963263272999939, 0.0 ], [ 112.210571235000089, -7.963275321999959, 0.0 ], [ 112.210571783000091, -7.963275413999952, 0.0 ], [ 112.210784863000072, -7.963311082999951, 0.0 ], [ 112.210936844000116, -7.963416755999958, 0.0 ], [ 112.211151089000055, -7.963565719999963, 0.0 ], [ 112.21134943900006, -7.963734960999943, 0.0 ], [ 112.211349459000076, -7.963734977999934, 0.0 ], [ 112.212364161000096, -7.963659174999975, 0.0 ], [ 112.212848091000069, -7.963592995999932, 0.0 ], [ 112.213134926000066, -7.963553884999953, 0.0 ], [ 112.213135359000034, -7.963553699999977, 0.0 ], [ 112.213622912, -7.963477309999973, 0.0 ], [ 112.213716396000109, -7.963462171999936, 0.0 ], [ 112.21452991700005, -7.963330438999947, 0.0 ], [ 112.216852014000096, -7.962883359999978, 0.0 ], [ 112.217843458000061, -7.962375566999981, 0.0 ], [ 112.219132162000051, -7.96203025899996, 0.0 ], [ 112.220129926000027, -7.961915020999982, 0.0 ], [ 112.220885596000016, -7.961781194999958, 0.0 ], [ 112.221377067000049, -7.961588325999969, 0.0 ], [ 112.221640344000093, -7.961336307999943, 0.0 ], [ 112.221795150000048, -7.960929078999925, 0.0 ], [ 112.221913848000099, -7.960486063999952, 0.0 ], [ 112.222471882000036, -7.960293093999951, 0.0 ], [ 112.222981326000081, -7.959961464999935, 0.0 ], [ 112.223553284000104, -7.95958914199997, 0.0 ], [ 112.224708508000049, -7.959343819999958, 0.0 ], [ 112.225013680000075, -7.959253194999974, 0.0 ], [ 112.225018121000062, -7.959250521999934, 0.0 ], [ 112.225219667000033, -7.95912922499997, 0.0 ], [ 112.225288337000052, -7.959059127999979, 0.0 ], [ 112.225326493000011, -7.959059127999979, 0.0 ], [ 112.22552478700004, -7.959010521999971, 0.0 ], [ 112.225524863000032, -7.959010502999945, 0.0 ], [ 112.225524887, -7.959010473999967, 0.0 ], [ 112.225692695000021, -7.958807827999976, 0.0 ], [ 112.22584529300002, -7.958695319999947, 0.0 ], [ 112.22595147100003, -7.958639600999959, 0.0 ], [ 112.226135207000084, -7.958543180999925, 0.0 ], [ 112.226318296000045, -7.95832005099993, 0.0 ], [ 112.226516667000055, -7.958121680999966, 0.0 ], [ 112.226974461000054, -7.957693940999945, 0.0 ], [ 112.227139323000074, -7.957446639999944, 0.0 ], [ 112.227281776000041, -7.957251962999976, 0.0 ], [ 112.227407490000019, -7.957080161999954, 0.0 ], [ 112.228130841000052, -7.956609273999959, 0.0 ], [ 112.228401079000037, -7.956493529999932, 0.0 ], [ 112.228830157000061, -7.956420930999968, 0.0 ], [ 112.229264706000095, -7.956347406999953, 0.0 ], [ 112.229465891000018, -7.956203243999937, 0.0 ], [ 112.229490434000013, -7.955724197999928, 0.0 ], [ 112.22958519000008, -7.955539773999931, 0.0 ], [ 112.229983927000035, -7.955402938999953, 0.0 ], [ 112.230658239000036, -7.955155358999946, 0.0 ], [ 112.2307518880001, -7.955122575999951, 0.0 ], [ 112.23078922500008, -7.955129983999939, 0.0 ], [ 112.230789286000117, -7.955129997999961, 0.0 ], [ 112.230964621000112, -7.955164791999948, 0.0 ], [ 112.231274022000093, -7.955236834999937, 0.0 ], [ 112.231353721, -7.955255392999959, 0.0 ], [ 112.231849647000104, -7.95536507199995, 0.0 ], [ 112.232475249000117, -7.955539600999941, 0.0 ], [ 112.232749906000095, -7.955506208999964, 0.0 ], [ 112.233077976000118, -7.955389879999927, 0.0 ], [ 112.233505208000111, -7.955279257999962, 0.0 ], [ 112.233840895000071, -7.955141457999957, 0.0 ], [ 112.233844110000064, -7.955138502999944, 0.0 ], [ 112.233915772000046, -7.955112392999979, 0.0 ], [ 112.234588651000081, -7.954867229999934, 0.0 ], [ 112.235077118000049, -7.954478147999964, 0.0 ], [ 112.235568485000044, -7.954191539999954, 0.0 ], [ 112.235806527000022, -7.954052692999937, 0.0 ], [ 112.236002989000099, -7.95393809899997, 0.0 ], [ 112.236463345000061, -7.953729345999932, 0.0 ], [ 112.23692521800001, -7.953445127999942, 0.0 ], [ 112.237247851, -7.953208300999961, 0.0 ], [ 112.237779215000046, -7.95271859199994, 0.0 ], [ 112.238064435000069, -7.952367905999949, 0.0 ], [ 112.238224001000049, -7.952171714999963, 0.0 ], [ 112.23871328000007, -7.952055402999974, 0.0 ], [ 112.239349499000014, -7.951953308999975, 0.0 ], [ 112.240198742000075, -7.951430708999965, 0.0 ], [ 112.240409111000076, -7.950901811999927, 0.0 ], [ 112.240694406000102, -7.949996492999958, 0.0 ], [ 112.240952107000112, -7.94949324199996, 0.0 ], [ 112.241410854000037, -7.948802753999928, 0.0 ], [ 112.241644605000033, -7.948525106999966, 0.0 ], [ 112.241956133000031, -7.948155076999967, 0.0 ], [ 112.242434136000043, -7.947483671999976, 0.0 ], [ 112.24255711, -7.947468438999977, 0.0 ], [ 112.243067528000097, -7.947405209999943, 0.0 ], [ 112.243400004000023, -7.947476224999946, 0.0 ], [ 112.24395133500002, -7.947593986999948, 0.0 ], [ 112.244525972000019, -7.94713285499995, 0.0 ], [ 112.245485023000015, -7.946804565999969, 0.0 ], [ 112.24611841300009, -7.946726098999932, 0.0 ], [ 112.246656550000012, -7.946896763999973, 0.0 ], [ 112.247500511000112, -7.946607099999937, 0.0 ], [ 112.248341655000104, -7.946419644999935, 0.0 ], [ 112.24845335200007, -7.946394751999946, 0.0 ], [ 112.248526008000113, -7.946336311999971, 0.0 ], [ 112.248927973000036, -7.946012996999968, 0.0 ], [ 112.249588612000025, -7.945422391999955, 0.0 ], [ 112.250365365000107, -7.945132924999939, 0.0 ], [ 112.251386662000073, -7.944756580999979, 0.0 ], [ 112.252696442000115, -7.944537287999935, 0.0 ], [ 112.253192013000103, -7.944477648999964, 0.0 ], [ 112.253430599000012, -7.944448935999958, 0.0 ], [ 112.25413573700007, -7.944288886999971, 0.0 ], [ 112.254926840000053, -7.943985012999974, 0.0 ], [ 112.25573036600008, -7.944039614999951, 0.0 ], [ 112.256220643, -7.944182828999942, 0.0 ], [ 112.256655140000021, -7.944065931999944, 0.0 ], [ 112.257187908000105, -7.944049964999977, 0.0 ], [ 112.257823445000099, -7.944679729999962, 0.0 ], [ 112.257983422000052, -7.945196080999949, 0.0 ], [ 112.258143094000047, -7.945611936999967, 0.0 ], [ 112.258029945000089, -7.946287036999934, 0.0 ], [ 112.258089208000115, -7.946832405999942, 0.0 ], [ 112.258637517000011, -7.947189658999946, 0.0 ], [ 112.259176060000073, -7.947312989999944, 0.0 ], [ 112.259460541000067, -7.947378137999976, 0.0 ], [ 112.259890752000047, -7.947112705999928, 0.0 ], [ 112.2599, -7.947107, 0.0 ], [ 112.260370277000106, -7.946614417999967, 0.0 ], [ 112.26065531100005, -7.946315863999928, 0.0 ], [ 112.260912, -7.946047, 0.0 ], [ 112.261537106000105, -7.94547105099997, 0.0 ], [ 112.261800042, -7.945241178999936, 0.0 ], [ 112.262665722000065, -7.944665077999957, 0.0 ], [ 112.263119069000027, -7.94443817299998, 0.0 ], [ 112.263122525000085, -7.944436442999972, 0.0 ], [ 112.263123140000062, -7.944436349999933, 0.0 ], [ 112.263123, -7.944436, 0.0 ], [ 112.263097775, -7.944377549999956, 0.0 ], [ 112.26315372900001, -7.94434031399993, 0.0 ], [ 112.263483632000089, -7.944382003999976, 0.0 ], [ 112.264160100000026, -7.94428002199993, 0.0 ], [ 112.265051185000061, -7.944344788999956, 0.0 ] ] ] ] } },
{ "type": "Feature", "properties": { "OBJECTID": 116188.0, "KDPPUM": "35", "NAMOBJ": "Kedawung", "REMARK": null, "KDPBPS": null, "FCODE": "BA03070040", "LUASWH": 9.9964928, "UUPP": "Hasil Delineasi Batas Desa 2019", "SRS_ID": "SRGI 2013", "METADATA": "TASWIL1000020200326DATA_BATAS_DESA_KELURAHAN", "KDEBPS": null, "KDEPUM": "35.05.09.2002", "KDCBPS": null, "KDCPUM": "35.05.09", "KDBBPS": null, "WADMKD": "Kedawung", "WIADKD": null, "WADMKC": "Nglegok", "WIADKC": null, "WADMKK": "Blitar", "WIADKK": null, "WADMPR": "Jawa Timur", "WIADPR": null, "TIPADM": 1.0, "KDPKAB": "35.05", "SHAPE_Leng": 0.14186052205904101, "SHAPE_Area": 0.00082019777263600004 }, "geometry": { "type": "MultiPolygon", "coordinates": [ [ [ [ 112.17205, -8.01653, 0.0 ], [ 112.17145, -8.01671, 0.0 ], [ 112.17141, -8.01676, 0.0 ], [ 112.17085, -8.01483, 0.0 ], [ 112.16997, -8.01444, 0.0 ], [ 112.16973, -8.01406, 0.0 ], [ 112.16968, -8.01369, 0.0 ], [ 112.170030000000111, -8.0134, 0.0 ], [ 112.170210000000111, -8.0132, 0.0 ], [ 112.170300000000111, -8.0131, 0.0 ], [ 112.17046, -8.01293, 0.0 ], [ 112.17063, -8.01283, 0.0 ], [ 112.17082, -8.01275, 0.0 ], [ 112.1709800000001, -8.01258, 0.0 ], [ 112.171055243000069, -8.012500329999966, 0.0 ], [ 112.171149999000022, -8.0124, 0.0 ], [ 112.171700000000101, -8.01156999899996, 0.0 ], [ 112.172, -8.01097, 0.0 ], [ 112.17208, -8.01084, 0.0 ], [ 112.17239, -8.0106, 0.0 ], [ 112.17266, -8.01029, 0.0 ], [ 112.17284, -8.00998, 0.0 ], [ 112.17299, -8.00961, 0.0 ], [ 112.174, -8.00787, 0.0 ], [ 112.17411, -8.00762999899996, 0.0 ], [ 112.174440000000118, -8.00733, 0.0 ], [ 112.17504, -8.00706, 0.0 ], [ 112.17554, -8.00684999899994, 0.0 ], [ 112.17598, -8.00653, 0.0 ], [ 112.176179999000055, -8.00637, 0.0 ], [ 112.17673, -8.00595, 0.0 ], [ 112.176959999000019, -8.00573, 0.0 ], [ 112.17751, -8.00518, 0.0 ], [ 112.177730000000111, -8.00499, 0.0 ], [ 112.17808, -8.004799998999943, 0.0 ], [ 112.17826, -8.00471, 0.0 ], [ 112.179359999000098, -8.004159998999967, 0.0 ], [ 112.1795, -8.00409, 0.0 ], [ 112.178989999, -8.00311, 0.0 ], [ 112.178929999000047, -8.002499998999951, 0.0 ], [ 112.17884, -8.00239, 0.0 ], [ 112.178630000000112, -8.00177999899995, 0.0 ], [ 112.17861, -8.001719998999931, 0.0 ], [ 112.178579999000021, -8.00164, 0.0 ], [ 112.17839, -8.00105, 0.0 ], [ 112.17835, -8.000939998999968, 0.0 ], [ 112.17825, -8.00068, 0.0 ], [ 112.178109999000071, -8.00029, 0.0 ], [ 112.17822, -8.0, 0.0 ], [ 112.17816, -7.99959, 0.0 ], [ 112.178089999, -7.99919, 0.0 ], [ 112.17808, -7.99913, 0.0 ], [ 112.17804, -7.998989998999946, 0.0 ], [ 112.17803, -7.99833, 0.0 ], [ 112.17807, -7.99775, 0.0 ], [ 112.178129999000021, -7.99694, 0.0 ], [ 112.178209999000046, -7.99606, 0.0 ], [ 112.178355519000092, -7.99606846699993, 0.0 ], [ 112.179215968000108, -7.995457127999941, 0.0 ], [ 112.179953601000079, -7.995457127999941, 0.0 ], [ 112.180905385000074, -7.995100208999929, 0.0 ], [ 112.181309894000037, -7.994695700999955, 0.0 ], [ 112.181515934000117, -7.994353975999957, 0.0 ], [ 112.182285473000093, -7.993077666999966, 0.0 ], [ 112.183974890000059, -7.991745168999955, 0.0 ], [ 112.185830870000018, -7.991531016999943, 0.0 ], [ 112.190035540000054, -7.991326585999957, 0.0 ], [ 112.190438422000057, -7.991272266999943, 0.0 ], [ 112.190657333000104, -7.99122467799998, 0.0 ], [ 112.190866725000092, -7.991186605999928, 0.0 ], [ 112.191085636000025, -7.991129498999953, 0.0 ], [ 112.191352135000102, -7.991091427999947, 0.0 ], [ 112.191523457000017, -7.991053356999942, 0.0 ], [ 112.191913688000113, -7.990939141999945, 0.0 ], [ 112.192208741000059, -7.99088203499997, 0.0 ], [ 112.19239909800001, -7.990863, 0.0 ], [ 112.192684634000102, -7.990815409999925, 0.0 ], [ 112.192998722000084, -7.990710713999931, 0.0 ], [ 112.193388954000056, -7.99061553599995, 0.0 ], [ 112.193731596000021, -7.990510838999967, 0.0 ], [ 112.194188453000038, -7.990444214999968, 0.0 ], [ 112.19478141500008, -7.990557476999982, 0.0 ], [ 112.195006987000056, -7.990482285999974, 0.0 ], [ 112.195321076000027, -7.990444214999968, 0.0 ], [ 112.195644683000069, -7.99033, 0.0 ], [ 112.195901665000065, -7.990244339999947, 0.0 ], [ 112.196524049000118, -7.990090145999943, 0.0 ], [ 112.19680586000004, -7.989720857999941, 0.0 ], [ 112.19705332400008, -7.989454358999978, 0.0 ], [ 112.197348377000026, -7.989235447999931, 0.0 ], [ 112.197624395000048, -7.989054608999936, 0.0 ], [ 112.198024144000101, -7.988873769999941, 0.0 ], [ 112.198243054000045, -7.988807144999953, 0.0 ], [ 112.198442929000066, -7.988578716999939, 0.0 ], [ 112.198747500000081, -7.98841691399997, 0.0 ], [ 112.19939471400005, -7.988474020999945, 0.0 ], [ 112.199661213000013, -7.988597752999965, 0.0 ], [ 112.20011807000003, -7.9886548599999, 0.0 ], [ 112.200308427000095, -7.988626305999958, 0.0 ], [ 112.200755765000054, -7.988502573999938, 0.0 ], [ 112.201003229000094, -7.988407395999957, 0.0 ], [ 112.201574300000061, -7.988283663999937, 0.0 ], [ 112.201774175000082, -7.988359806999938, 0.0 ], [ 112.201955014000077, -7.988464502999932, 0.0 ], [ 112.202145370000039, -7.988454984999976, 0.0 ], [ 112.202535602000012, -7.988378841999975, 0.0 ], [ 112.202725959000077, -7.98841691399997, 0.0 ], [ 112.203021012000022, -7.988407395999957, 0.0 ], [ 112.203220887000043, -7.988350288999925, 0.0 ], [ 112.203297030000044, -7.988217038999949, 0.0 ], [ 112.203506422000032, -7.988026681999941, 0.0 ], [ 112.203753886000072, -7.987845842999945, 0.0 ], [ 112.204311069000028, -7.987555918999931, 0.0 ], [ 112.204584318000116, -7.987434195999981, 0.0 ], [ 112.205055451000021, -7.987155798999936, 0.0 ], [ 112.20523391100005, -7.987041584999929, 0.0 ], [ 112.205476616000055, -7.986913093999931, 0.0 ], [ 112.20560510700011, -7.98679174199998, 0.0 ], [ 112.205812120000019, -7.986563313999966, 0.0 ], [ 112.206090517, -7.986370576999946, 0.0 ], [ 112.206361775, -7.986242085999947, 0.0 ], [ 112.206875739000111, -7.985885166999935, 0.0 ], [ 112.20709702900001, -7.985763814999927, 0.0 ], [ 112.207268350000049, -7.98568529299996, 0.0 ], [ 112.207425394000097, -7.985635323999929, 0.0 ], [ 112.207660961000101, -7.985542524999971, 0.0 ], [ 112.20786797400001, -7.985442587999955, 0.0 ], [ 112.208003603000066, -7.985256989999925, 0.0 ], [ 112.208103541000014, -7.985114221999936, 0.0 ], [ 112.208210617000077, -7.984971453999947, 0.0 ], [ 112.208667473000105, -7.984771579999972, 0.0 ], [ 112.208988700000077, -7.984750163999934, 0.0 ], [ 112.209309928000039, -7.984607396999934, 0.0 ], [ 112.209809614000051, -7.984286168999972, 0.0 ], [ 112.21026, -7.98391, 0.0 ], [ 112.21047348400009, -7.98374365199993, 0.0 ], [ 112.210680497000112, -7.98363657699997, 0.0 ], [ 112.210851818000037, -7.983579469999938, 0.0 ], [ 112.21106597000005, -7.983550915999956, 0.0 ], [ 112.211330090000047, -7.983500946999925, 0.0 ], [ 112.211408612000014, -7.98348667099998, 0.0 ], [ 112.211701286000107, -7.983329625999943, 0.0 ], [ 112.211879745000033, -7.98315116699996, 0.0 ], [ 112.212065343000063, -7.98296556899993, 0.0 ], [ 112.212693521, -7.982708586999934, 0.0 ], [ 112.213322653000091, -7.982522138999968, 0.0 ], [ 112.213389999000015, -7.98247, 0.0 ], [ 112.21395, -7.98207, 0.0 ], [ 112.2144, -7.98184, 0.0 ], [ 112.214532642000108, -7.981786113999931, 0.0 ], [ 112.214491844, -7.98186752099997, 0.0 ], [ 112.214545553000107, -7.982270359999973, 0.0 ], [ 112.214612178000039, -7.982584448999944, 0.0 ], [ 112.214726392000102, -7.982822394999971, 0.0 ], [ 112.215221320000069, -7.983964535999974, 0.0 ], [ 112.2159066050001, -7.985040052999977, 0.0 ], [ 112.216601408000088, -7.986191711999936, 0.0 ], [ 112.216696875000025, -7.986536494999939, 0.0 ], [ 112.21679, -7.98668, 0.0 ], [ 112.217580000000112, -7.98806, 0.0 ], [ 112.217471418000059, -7.988176102999944, 0.0 ], [ 112.217375050000101, -7.988293885999951, 0.0 ], [ 112.217200159000072, -7.988450930999932, 0.0 ], [ 112.217046684000024, -7.988640097999962, 0.0 ], [ 112.216939608000075, -7.98875788099997, 0.0 ], [ 112.21681111700002, -7.98900970699998, 0.0 ], [ 112.216606484000067, -7.98937138499997, 0.0 ], [ 112.216516064000075, -7.989514152999959, 0.0 ], [ 112.216259082000079, -7.989804446999926, 0.0 ], [ 112.216130591000024, -7.989966250999942, 0.0 ], [ 112.216111556000101, -7.990056669999944, 0.0 ], [ 112.216093282000088, -7.990299854999932, 0.0 ], [ 112.216039999000031, -7.99038, 0.0 ], [ 112.21555, -7.990779998999926, 0.0 ], [ 112.21545, -7.99099, 0.0 ], [ 112.21545, -7.991149998999958, 0.0 ], [ 112.215510000000108, -7.99175, 0.0 ], [ 112.21543, -7.99202, 0.0 ], [ 112.21475, -7.99298, 0.0 ], [ 112.21464, -7.993159998999943, 0.0 ], [ 112.21459, -7.99341, 0.0 ], [ 112.21455, -7.99358, 0.0 ], [ 112.21449, -7.99363, 0.0 ], [ 112.214340000000107, -7.99377, 0.0 ], [ 112.214250000000106, -7.993939998999963, 0.0 ], [ 112.21426, -7.99413, 0.0 ], [ 112.21429, -7.99453, 0.0 ], [ 112.21412, -7.99493, 0.0 ], [ 112.21391, -7.99526, 0.0 ], [ 112.213440000000105, -7.99588, 0.0 ], [ 112.21322, -7.996199998999941, 0.0 ], [ 112.2131, -7.99621, 0.0 ], [ 112.21273, -7.99625, 0.0 ], [ 112.212509999000076, -7.99637, 0.0 ], [ 112.21225, -7.99686, 0.0 ], [ 112.21196, -7.997409998999956, 0.0 ], [ 112.2117, -7.99789, 0.0 ], [ 112.21147, -7.9983, 0.0 ], [ 112.211190000000101, -7.99881, 0.0 ], [ 112.21082, -7.99943, 0.0 ], [ 112.210780000000113, -7.99954, 0.0 ], [ 112.210659999000086, -7.9998, 0.0 ], [ 112.21057, -8.0, 0.0 ], [ 112.210559999000111, -8.000179998999954, 0.0 ], [ 112.21085, -8.0004, 0.0 ], [ 112.21111, -8.00054, 0.0 ], [ 112.211100000000101, -8.00064, 0.0 ], [ 112.210960000000114, -8.000939998999968, 0.0 ], [ 112.2107, -8.00154, 0.0 ], [ 112.21035, -8.00238, 0.0 ], [ 112.210169999000072, -8.00271, 0.0 ], [ 112.21008, -8.002989998999965, 0.0 ], [ 112.209363975000088, -8.003554436999934, 0.0 ], [ 112.208778628, -8.003882802999954, 0.0 ], [ 112.208207557000037, -8.004054123999936, 0.0 ], [ 112.207493719000013, -8.004710854999928, 0.0 ], [ 112.206351578000067, -8.006252745999973, 0.0 ], [ 112.206239805000109, -8.006416679999973, 0.0 ], [ 112.206233159000021, -8.006426426999951, 0.0 ], [ 112.206226514000036, -8.00643617299994, 0.0 ], [ 112.206219869000051, -8.00644591899993, 0.0 ], [ 112.206213224000066, -8.006455664999976, 0.0 ], [ 112.206206579000082, -8.006465410999965, 0.0 ], [ 112.206199934000097, -8.006475156999954, 0.0 ], [ 112.206193289000112, -8.006484902999944, 0.0 ], [ 112.206188759000042, -8.006491547999929, 0.0 ], [ 112.206182113000068, -8.006501293999975, 0.0 ], [ 112.206170938000014, -8.006517684999949, 0.0 ], [ 112.206159762000084, -8.00653407599998, 0.0 ], [ 112.206155231000025, -8.006540720999965, 0.0 ], [ 112.20614858600004, -8.006550466999954, 0.0 ], [ 112.206141941000055, -8.006560212999943, 0.0 ], [ 112.20613741000011, -8.006566857999928, 0.0 ], [ 112.206130765000012, -8.006576603999974, 0.0 ], [ 112.206126235000056, -8.006583248999959, 0.0 ], [ 112.206119590000071, -8.006592994999949, 0.0 ], [ 112.206108414000028, -8.006609386999969, 0.0 ], [ 112.206097238000098, -8.006625777999943, 0.0 ], [ 112.206086062000054, -8.006642168999974, 0.0 ], [ 112.206079417000069, -8.006651914999964, 0.0 ], [ 112.206068242000015, -8.006668305999938, 0.0 ], [ 112.20606159700003, -8.006678051999927, 0.0 ], [ 112.2060504210001, -8.006694442999958, 0.0 ], [ 112.206045890000041, -8.006701087999943, 0.0 ], [ 112.206039245000056, -8.006710833999932, 0.0 ], [ 112.206032600000071, -8.006720579999978, 0.0 ], [ 112.206028069000013, -8.006727224999963, 0.0 ], [ 112.206010249000087, -8.006753361999927, 0.0 ], [ 112.206005718000029, -8.006760006999968, 0.0 ], [ 112.205999073000044, -8.006769753999947, 0.0 ], [ 112.205992428000059, -8.006779499999936, 0.0 ], [ 112.205981252000015, -8.006795890999967, 0.0 ], [ 112.20597672100007, -8.006802535999952, 0.0 ], [ 112.205970076000085, -8.006812281999942, 0.0 ], [ 112.205958901000031, -8.006828672999973, 0.0 ], [ 112.205952256000046, -8.006838418999962, 0.0 ], [ 112.205947725000101, -8.006845063999947, 0.0 ], [ 112.205941080000116, -8.006854809999936, 0.0 ], [ 112.205936549000057, -8.006861454999978, 0.0 ], [ 112.205929904000072, -8.006871200999967, 0.0 ], [ 112.205066669000075, -8.008137278999925, 0.0 ], [ 112.204095849000055, -8.009593508999956, 0.0 ], [ 112.202882324000029, -8.011506595999947, 0.0 ], [ 112.202860909000037, -8.011611291999941, 0.0 ], [ 112.202439034, -8.012189659999933, 0.0 ], [ 112.201017221000029, -8.01157541699996, 0.0 ], [ 112.199580324000067, -8.011114396999972, 0.0 ], [ 112.199416141000029, -8.011407069999962, 0.0 ], [ 112.198949434000042, -8.011119311999948, 0.0 ], [ 112.198730857000101, -8.011378516999969, 0.0 ], [ 112.198438183, -8.0115427, 0.0 ], [ 112.19816692400002, -8.011671189999959, 0.0 ], [ 112.19775289800009, -8.01182823399995, 0.0 ], [ 112.195625660000019, -8.012456412999938, 0.0 ], [ 112.193412761000104, -8.013472441999966, 0.0 ], [ 112.193255717000056, -8.013636624999947, 0.0 ], [ 112.19310581000002, -8.013743699999964, 0.0 ], [ 112.192970181000078, -8.013800807999928, 0.0 ], [ 112.193029668, -8.013560481999946, 0.0 ], [ 112.192390198000112, -8.013095304999979, 0.0 ], [ 112.19218, -8.01336, 0.0 ], [ 112.191960000000108, -8.013499998999976, 0.0 ], [ 112.19155, -8.0138, 0.0 ], [ 112.19114, -8.01408, 0.0 ], [ 112.19059, -8.014279998999939, 0.0 ], [ 112.190765789000011, -8.014029750999953, 0.0 ], [ 112.190808620000098, -8.013908399999934, 0.0 ], [ 112.190837173000091, -8.013790615999937, 0.0 ], [ 112.190880004000064, -8.013690677999932, 0.0 ], [ 112.190876434000074, -8.013572894999982, 0.0 ], [ 112.1908264650001, -8.013451542999974, 0.0 ], [ 112.190733667000018, -8.013337327999977, 0.0 ], [ 112.190715821000026, -8.013201699999968, 0.0 ], [ 112.190787204000117, -8.013091053999972, 0.0 ], [ 112.190887142000065, -8.012973270999964, 0.0 ], [ 112.190972802000033, -8.012855487999957, 0.0 ], [ 112.19094068000004, -8.012755550999941, 0.0 ], [ 112.190972802000033, -8.012652043999935, 0.0 ], [ 112.191029909, -8.012544967999929, 0.0 ], [ 112.191037763000054, -8.012424609999925, 0.0 ], [ 112.19109, -8.01236999899993, 0.0 ], [ 112.19138999900008, -8.01207, 0.0 ], [ 112.190930838000099, -8.012157190999972, 0.0 ], [ 112.19015884800001, -8.012428175999958, 0.0 ], [ 112.188683582000067, -8.012761300999955, 0.0 ], [ 112.188004064000097, -8.012897204999945, 0.0 ], [ 112.187951898000051, -8.012999246999925, 0.0 ], [ 112.187868617000049, -8.013011143999961, 0.0 ], [ 112.187761542000089, -8.013130116999946, 0.0 ], [ 112.187565236000069, -8.013326422999967, 0.0 ], [ 112.187249957000063, -8.013415652999981, 0.0 ], [ 112.187077446000103, -8.013082527999927, 0.0 ], [ 112.1865600000001, -8.01211, 0.0 ], [ 112.18629, -8.01217, 0.0 ], [ 112.18548, -8.01257, 0.0 ], [ 112.185149999000032, -8.012719998999955, 0.0 ], [ 112.18502, -8.012779998999974, 0.0 ], [ 112.18465, -8.01297, 0.0 ], [ 112.1842, -8.01324, 0.0 ], [ 112.183629999, -8.0136, 0.0 ], [ 112.18342, -8.01376, 0.0 ], [ 112.18229, -8.01482, 0.0 ], [ 112.18191, -8.01519, 0.0 ], [ 112.18165999900009, -8.01535, 0.0 ], [ 112.18119, -8.01546, 0.0 ], [ 112.18096, -8.01544, 0.0 ], [ 112.18062, -8.015409998999928, 0.0 ], [ 112.17912, -8.01542, 0.0 ], [ 112.17867, -8.015369998999972, 0.0 ], [ 112.177910000000111, -8.015369998999972, 0.0 ], [ 112.17777, -8.015429998999934, 0.0 ], [ 112.17763, -8.01550999899996, 0.0 ], [ 112.17723, -8.01567, 0.0 ], [ 112.176899999000057, -8.01574, 0.0 ], [ 112.176549999000031, -8.015839998999979, 0.0 ], [ 112.17604, -8.01593, 0.0 ], [ 112.17600019300005, -8.015937237999935, 0.0 ], [ 112.175746373000038, -8.016063489999965, 0.0 ], [ 112.175528653000015, -8.016174134999972, 0.0 ], [ 112.175396593000073, -8.016202687999964, 0.0 ], [ 112.17516816400007, -8.016241948999948, 0.0 ], [ 112.175036104000014, -8.016249087999938, 0.0 ], [ 112.17486835200009, -8.016259794999939, 0.0 ], [ 112.17453, -8.01626, 0.0 ], [ 112.17392, -8.01628999899998, 0.0 ], [ 112.17358, -8.01632, 0.0 ], [ 112.17205, -8.01653, 0.0 ] ] ] ] } },
{ "type": "Feature", "properties": { "OBJECTID": 116190.0, "KDPPUM": "35", "NAMOBJ": "Modangan", "REMARK": null, "KDPBPS": null, "FCODE": "BA03070040", "LUASWH": 13.42154908, "UUPP": "Hasil Delineasi Batas Desa 2019", "SRS_ID": "SRGI 2013", "METADATA": "TASWIL1000020200326DATA_BATAS_DESA_KELURAHAN", "KDEBPS": null, "KDEPUM": "35.05.09.2011", "KDCBPS": null, "KDCPUM": "35.05.09", "KDBBPS": null, "WADMKD": "Modangan", "WIADKD": null, "WADMKC": "Nglegok", "WIADKC": null, "WADMKK": "Blitar", "WIADKK": null, "WADMPR": "Jawa Timur", "WIADPR": null, "TIPADM": 1.0, "KDPKAB": "35.05", "SHAPE_Leng": 0.25098012847703099, "SHAPE_Area": 0.0011011696965650001 }, "geometry": { "type": "MultiPolygon", "coordinates": [ [ [ [ 112.254488934000051, -7.989516069999979, 0.0 ], [ 112.25441, -7.98953, 0.0 ], [ 112.25422, -7.989649998999937, 0.0 ], [ 112.25300044100004, -7.990420247999964, 0.0 ], [ 112.252917547000038, -7.990472601999954, 0.0 ], [ 112.2527, -7.99061, 0.0 ], [ 112.25116, -7.99136, 0.0 ], [ 112.251032501000054, -7.991594997999925, 0.0 ], [ 112.25065, -7.992299998999954, 0.0 ], [ 112.250410000000102, -7.99258, 0.0 ], [ 112.25029, -7.9928, 0.0 ], [ 112.250000000000114, -7.99332, 0.0 ], [ 112.24989, -7.99415, 0.0 ], [ 112.24965, -7.99432, 0.0 ], [ 112.24929, -7.99448, 0.0 ], [ 112.2490600000001, -7.99451, 0.0 ], [ 112.248939999000072, -7.99453, 0.0 ], [ 112.24875, -7.99455, 0.0 ], [ 112.24844, -7.99477, 0.0 ], [ 112.24819, -7.99506, 0.0 ], [ 112.24806, -7.99524, 0.0 ], [ 112.247849999000096, -7.99538, 0.0 ], [ 112.247713406000116, -7.995429669999965, 0.0 ], [ 112.24763, -7.995459998999934, 0.0 ], [ 112.2475, -7.99557, 0.0 ], [ 112.24745, -7.99598, 0.0 ], [ 112.24747, -7.99625, 0.0 ], [ 112.2475, -7.99639, 0.0 ], [ 112.247390000000109, -7.99655, 0.0 ], [ 112.24672, -7.99689, 0.0 ], [ 112.24644, -7.99699, 0.0 ], [ 112.246169999000017, -7.99705, 0.0 ], [ 112.245763600000032, -7.997066255999925, 0.0 ], [ 112.24567, -7.99707, 0.0 ], [ 112.245429999000066, -7.99709, 0.0 ], [ 112.24517, -7.9972, 0.0 ], [ 112.245039999000028, -7.99731, 0.0 ], [ 112.244999999000015, -7.99742, 0.0 ], [ 112.24495, -7.99746, 0.0 ], [ 112.24488, -7.99762, 0.0 ], [ 112.244870000000105, -7.99787, 0.0 ], [ 112.2449, -7.99808, 0.0 ], [ 112.24493, -7.998209998999926, 0.0 ], [ 112.24494, -7.9983, 0.0 ], [ 112.24497, -7.998659998999926, 0.0 ], [ 112.24491, -7.999049998999965, 0.0 ], [ 112.2448, -7.99919, 0.0 ], [ 112.24466, -7.99926, 0.0 ], [ 112.24453, -7.99925, 0.0 ], [ 112.244420000000105, -7.99917, 0.0 ], [ 112.24425, -7.99894, 0.0 ], [ 112.24409, -7.99879, 0.0 ], [ 112.243949999000051, -7.99876, 0.0 ], [ 112.24382, -7.99882, 0.0 ], [ 112.24364, -7.999, 0.0 ], [ 112.243519999000114, -7.99922, 0.0 ], [ 112.243335084000023, -7.99955767199998, 0.0 ], [ 112.243300316000045, -7.999621161999926, 0.0 ], [ 112.243195635, -7.99962863899998, 0.0 ], [ 112.243092406000073, -7.999636012999929, 0.0 ], [ 112.242968674000053, -7.999650289999977, 0.0 ], [ 112.242821147000086, -7.999697878999939, 0.0 ], [ 112.242664103000038, -7.999754985999971, 0.0 ], [ 112.242445192000105, -7.999845404999974, 0.0 ], [ 112.242407121000042, -7.999921547999975, 0.0 ], [ 112.24242153900002, -8.000011258999962, 0.0 ], [ 112.242449951000026, -8.000188047999927, 0.0 ], [ 112.242445192000105, -8.000326056999938, 0.0 ], [ 112.2424248640001, -8.000350196999932, 0.0 ], [ 112.24237210900003, -8.000412843999925, 0.0 ], [ 112.242369050000093, -8.000416475999941, 0.0 ], [ 112.242183452000063, -8.000449788999958, 0.0 ], [ 112.242008069, -8.000424510999949, 0.0 ], [ 112.241843095000036, -8.000407676999941, 0.0 ], [ 112.241836050000074, -8.000406957999928, 0.0 ], [ 112.241828692000013, -8.000412108999967, 0.0 ], [ 112.241740872000037, -8.000473582999973, 0.0 ], [ 112.241636176000043, -8.000564002999965, 0.0 ], [ 112.241602863000026, -8.000663939999981, 0.0 ], [ 112.241567079000106, -8.000763035999967, 0.0 ], [ 112.241589999000098, -8.00087, 0.0 ], [ 112.24164, -8.001039998999943, 0.0 ], [ 112.24165, -8.00122, 0.0 ], [ 112.241582464000089, -8.001557681999941, 0.0 ], [ 112.241626658000087, -8.001687107999942, 0.0 ], [ 112.241621899000052, -8.00187746499995, 0.0 ], [ 112.241540997000016, -8.002053544999967, 0.0 ], [ 112.241461284000025, -8.002143836999949, 0.0 ], [ 112.241383953000081, -8.00217727699993, 0.0 ], [ 112.241345882000019, -8.002196312999956, 0.0 ], [ 112.241313089000073, -8.002224420999937, 0.0 ], [ 112.241279257000087, -8.002253419999931, 0.0 ], [ 112.241225900000018, -8.002268664999974, 0.0 ], [ 112.241212632000043, -8.002272455999957, 0.0 ], [ 112.241210608000074, -8.002292694999937, 0.0 ], [ 112.241203114000086, -8.002367633999938, 0.0 ], [ 112.241236426000114, -8.002534195999942, 0.0 ], [ 112.241174827, -8.002644194999959, 0.0 ], [ 112.241170792000048, -8.002651399999934, 0.0 ], [ 112.241169801000069, -8.002653168999927, 0.0 ], [ 112.241169007000053, -8.00265511799995, 0.0 ], [ 112.241144566000116, -8.002715108999951, 0.0 ], [ 112.24113574, -8.00273677399997, 0.0 ], [ 112.24113512100007, -8.002748842999949, 0.0 ], [ 112.241134774000102, -8.002755602999969, 0.0 ], [ 112.24113220400011, -8.002805727999942, 0.0 ], [ 112.241162022000026, -8.002854377999938, 0.0 ], [ 112.241207873, -8.00292918699995, 0.0 ], [ 112.241216052000027, -8.002945544999932, 0.0 ], [ 112.24123320800004, -8.002979857999946, 0.0 ], [ 112.241255462000026, -8.003024364999931, 0.0 ], [ 112.241247145000102, -8.003126938999969, 0.0 ], [ 112.241241185000035, -8.003200444999948, 0.0 ], [ 112.241203114000086, -8.003286105999962, 0.0 ], [ 112.241097158000116, -8.003337651999971, 0.0 ], [ 112.241080387000011, -8.003382803999955, 0.0 ], [ 112.241053023000063, -8.003456476999929, 0.0 ], [ 112.24106986400011, -8.003543087999958, 0.0 ], [ 112.241067206000025, -8.003549162999946, 0.0 ], [ 112.241036552000082, -8.003619230999959, 0.0 ], [ 112.241041607000057, -8.003674843999931, 0.0 ], [ 112.241046069000049, -8.003723926999953, 0.0 ], [ 112.24106986400011, -8.003766756999937, 0.0 ], [ 112.241057701000045, -8.00381054199994, 0.0 ], [ 112.241054023000061, -8.003823782999973, 0.0 ], [ 112.241046069000049, -8.003852417999951, 0.0 ], [ 112.240988962000074, -8.003871452999931, 0.0 ], [ 112.240817641000035, -8.003914283999961, 0.0 ], [ 112.240779570000086, -8.003952354999967, 0.0 ], [ 112.240770052000016, -8.004052291999926, 0.0 ], [ 112.240784329, -8.004242648999934, 0.0 ], [ 112.240789961000019, -8.004408888999933, 0.0 ], [ 112.240789999000071, -8.004409998999961, 0.0 ], [ 112.240796764000038, -8.004441116999942, 0.0 ], [ 112.240830467000023, -8.004596146999972, 0.0 ], [ 112.240808123000079, -8.004689987999939, 0.0 ], [ 112.240798605, -8.004794683999933, 0.0 ], [ 112.240794403000109, -8.004861931999926, 0.0 ], [ 112.240799048000099, -8.004873687999975, 0.0 ], [ 112.240831572000047, -8.004891575999977, 0.0 ], [ 112.240889025000115, -8.004923174999931, 0.0 ], [ 112.240984203000039, -8.005089736999935, 0.0 ], [ 112.240981251000107, -8.005118515999925, 0.0 ], [ 112.240966541000034, -8.005261945999962, 0.0 ], [ 112.240965168000116, -8.005275334999965, 0.0 ], [ 112.240931855000099, -8.005341959999953, 0.0 ], [ 112.240751016000104, -8.005541834999974, 0.0 ], [ 112.240690736000033, -8.005573560999949, 0.0 ], [ 112.240660597000101, -8.005589423999936, 0.0 ], [ 112.240650669000047, -8.005620862999933, 0.0 ], [ 112.240632043, -8.005679843999928, 0.0 ], [ 112.240579695000065, -8.005732191999925, 0.0 ], [ 112.240489276000062, -8.005784539999979, 0.0 ], [ 112.240322713000069, -8.005855923999945, 0.0 ], [ 112.240290645000073, -8.005855923999945, 0.0 ], [ 112.240246571000057, -8.005855923999945, 0.0 ], [ 112.240208499, -8.005903512999964, 0.0 ], [ 112.240201190000107, -8.005935183999952, 0.0 ], [ 112.240194222000014, -8.005965378999974, 0.0 ], [ 112.240146563000053, -8.005982059999951, 0.0 ], [ 112.24009904400009, -8.005998691999935, 0.0 ], [ 112.240084046000106, -8.006010475999972, 0.0 ], [ 112.240033324000024, -8.006050328999947, 0.0 ], [ 112.240032419000045, -8.006051039999932, 0.0 ], [ 112.239794473000075, -8.006165253999939, 0.0 ], [ 112.239732047000075, -8.006194182999934, 0.0 ], [ 112.239599357000088, -8.006255672999941, 0.0 ], [ 112.239485143000024, -8.006255672999941, 0.0 ], [ 112.239251956000089, -8.006165253999939, 0.0 ], [ 112.239056840000103, -8.006146217999969, 0.0 ], [ 112.239055945000018, -8.006145961999948, 0.0 ], [ 112.23895690300003, -8.006117664999977, 0.0 ], [ 112.238937948000057, -8.006160988999966, 0.0 ], [ 112.238923590000013, -8.006193806999931, 0.0 ], [ 112.23890455500009, -8.00624139699994, 0.0 ], [ 112.23883317100001, -8.006260431999976, 0.0 ], [ 112.238761787000044, -8.006249962999959, 0.0 ], [ 112.238724802000092, -8.006299276999925, 0.0 ], [ 112.23871895700006, -8.006307069999934, 0.0 ], [ 112.23871181800007, -8.006428421999942, 0.0 ], [ 112.238730081000085, -8.006446685999947, 0.0 ], [ 112.238754648000054, -8.006471252999972, 0.0 ], [ 112.238815339000098, -8.006515971999931, 0.0 ], [ 112.238783172000012, -8.00666072599995, 0.0 ], [ 112.238774722000016, -8.006698749999941, 0.0 ], [ 112.238759808000054, -8.006765865999967, 0.0 ], [ 112.238760408000076, -8.006767651999951, 0.0 ], [ 112.238790340000037, -8.006856724999977, 0.0 ], [ 112.238745320000021, -8.006890490999979, 0.0 ], [ 112.238729472000045, -8.00690237699996, 0.0 ], [ 112.238684443000011, -8.00710500799994, 0.0 ], [ 112.23867, -8.00717, 0.0 ], [ 112.23863708500005, -8.007288493999965, 0.0 ], [ 112.238603083000044, -8.007410901999947, 0.0 ], [ 112.238593828000035, -8.007781093999938, 0.0 ], [ 112.238738176000084, -8.007920094999974, 0.0 ], [ 112.241121022000016, -8.007998866999969, 0.0 ], [ 112.241097228000058, -8.008665115999975, 0.0 ], [ 112.241059074000077, -8.009743269999944, 0.0 ], [ 112.241023465000012, -8.010749522999959, 0.0 ], [ 112.24091, -8.01113, 0.0 ], [ 112.2408, -8.01163, 0.0 ], [ 112.240709999000046, -8.01206, 0.0 ], [ 112.24065, -8.01261, 0.0 ], [ 112.240620212000067, -8.01280858299998, 0.0 ], [ 112.240439069000104, -8.01284820799998, 0.0 ], [ 112.240353408000033, -8.012943385999961, 0.0 ], [ 112.24032485500004, -8.013114707999932, 0.0 ], [ 112.24035999900002, -8.01325, 0.0 ], [ 112.24043, -8.01341999899995, 0.0 ], [ 112.2405152, -8.013660107999954, 0.0 ], [ 112.24054, -8.01373, 0.0 ], [ 112.240477140000053, -8.013876134999975, 0.0 ], [ 112.240400998000041, -8.013904688999958, 0.0 ], [ 112.240181237000115, -8.01388820699998, 0.0 ], [ 112.23988, -8.013949998999976, 0.0 ], [ 112.23949, -8.01413, 0.0 ], [ 112.23941, -8.01421, 0.0 ], [ 112.23932, -8.014629998999965, 0.0 ], [ 112.23929, -8.01495, 0.0 ], [ 112.23908, -8.015409998999928, 0.0 ], [ 112.238970000000108, -8.01552, 0.0 ], [ 112.23868, -8.01569, 0.0 ], [ 112.23867236600006, -8.015694211999971, 0.0 ], [ 112.238389999000105, -8.01585, 0.0 ], [ 112.2381, -8.01598, 0.0 ], [ 112.237965040000063, -8.016075698999941, 0.0 ], [ 112.237783590000049, -8.016103310999938, 0.0 ], [ 112.237650341000062, -8.016112828999951, 0.0 ], [ 112.237526609000042, -8.016217524999945, 0.0 ], [ 112.237486900000022, -8.01633665199995, 0.0 ], [ 112.237459984000111, -8.016417399999966, 0.0 ], [ 112.237489409000091, -8.016517446999956, 0.0 ], [ 112.237555162000035, -8.016741005999961, 0.0 ], [ 112.237545644000079, -8.01688377399995, 0.0 ], [ 112.237459984000111, -8.016997987999957, 0.0 ], [ 112.237332669000011, -8.01705749599995, 0.0 ], [ 112.237330988000053, -8.017058281999937, 0.0 ], [ 112.237040884000066, -8.017193877999944, 0.0 ], [ 112.236822288000099, -8.017140755999947, 0.0 ], [ 112.23671, -8.01722, 0.0 ], [ 112.23628, -8.01758, 0.0 ], [ 112.23616, -8.01776, 0.0 ], [ 112.23615, -8.01788, 0.0 ], [ 112.2362, -8.01821, 0.0 ], [ 112.23617, -8.01842, 0.0 ], [ 112.236089999000114, -8.01847, 0.0 ], [ 112.23585, -8.018569998999965, 0.0 ], [ 112.23569, -8.01858, 0.0 ], [ 112.23549, -8.01852, 0.0 ], [ 112.235010000000102, -8.01836, 0.0 ], [ 112.23489, -8.0184, 0.0 ], [ 112.2348, -8.018529998999952, 0.0 ], [ 112.23471, -8.0188, 0.0 ], [ 112.23462, -8.01906, 0.0 ], [ 112.23452, -8.01932, 0.0 ], [ 112.234465375000013, -8.019456562999949, 0.0 ], [ 112.234480899, -8.01983430599995, 0.0 ], [ 112.2343, -8.02032, 0.0 ], [ 112.234366562000105, -8.020483379999973, 0.0 ], [ 112.234442827000066, -8.020510071999979, 0.0 ], [ 112.23454752300006, -8.020519589999935, 0.0 ], [ 112.234592945000031, -8.020516095999938, 0.0 ], [ 112.23467125500008, -8.020510071999979, 0.0 ], [ 112.234720724000113, -8.02052656199993, 0.0 ], [ 112.23472850600001, -8.020529155999952, 0.0 ], [ 112.234814023000013, -8.020557661999931, 0.0 ], [ 112.234840293000047, -8.020610201999943, 0.0 ], [ 112.234880648000058, -8.020690911999964, 0.0 ], [ 112.234926273000042, -8.020873410999968, 0.0 ], [ 112.234928237000076, -8.020881267999926, 0.0 ], [ 112.234919999000113, -8.02105, 0.0 ], [ 112.234928237000076, -8.021404749999931, 0.0 ], [ 112.234871130000101, -8.021928230999947, 0.0 ], [ 112.2347949870001, -8.022147141999938, 0.0 ], [ 112.234600000000114, -8.02222, 0.0 ], [ 112.2345, -8.02222, 0.0 ], [ 112.233610018000036, -8.022173646999931, 0.0 ], [ 112.23354, -8.02217, 0.0 ], [ 112.23327, -8.0222, 0.0 ], [ 112.23294, -8.02225, 0.0 ], [ 112.23264, -8.02239, 0.0 ], [ 112.23257, -8.02252, 0.0 ], [ 112.232539999000096, -8.02267, 0.0 ], [ 112.232499999000083, -8.02287999899994, 0.0 ], [ 112.232499999000083, -8.02308, 0.0 ], [ 112.232582360000038, -8.023360026999967, 0.0 ], [ 112.23281527600011, -8.023641442999974, 0.0 ], [ 112.232891419000111, -8.023746138999968, 0.0 ], [ 112.232933128000013, -8.023814716999937, 0.0 ], [ 112.23290888400004, -8.023874225999975, 0.0 ], [ 112.232790337000097, -8.024035641999944, 0.0 ], [ 112.232710000000111, -8.02417, 0.0 ], [ 112.232579999000109, -8.02428, 0.0 ], [ 112.2324, -8.02435, 0.0 ], [ 112.23225, -8.02434, 0.0 ], [ 112.23207, -8.02423, 0.0 ], [ 112.231819999000095, -8.024109998999961, 0.0 ], [ 112.231630000000109, -8.02408, 0.0 ], [ 112.231450000000109, -8.024129998999967, 0.0 ], [ 112.23128, -8.02431, 0.0 ], [ 112.23124, -8.02443, 0.0 ], [ 112.231200247000061, -8.024681771999951, 0.0 ], [ 112.23118489, -8.024779031999969, 0.0 ], [ 112.231259039000065, -8.025137419999965, 0.0 ], [ 112.23131614600004, -8.025489579999942, 0.0 ], [ 112.231266923000021, -8.02583461699993, 0.0 ], [ 112.231270000000109, -8.02585, 0.0 ], [ 112.231257697000046, -8.026188326999943, 0.0 ], [ 112.231255950000104, -8.026236379999943, 0.0 ], [ 112.231373253000015, -8.026546060999976, 0.0 ], [ 112.231416625000065, -8.026711664999937, 0.0 ], [ 112.231477949, -8.026945810999962, 0.0 ], [ 112.231488809000098, -8.026980200999958, 0.0 ], [ 112.231592163000073, -8.027307488999952, 0.0 ], [ 112.231544574000054, -8.027469291999978, 0.0 ], [ 112.231450000000109, -8.02757, 0.0 ], [ 112.231389999000044, -8.027559998999948, 0.0 ], [ 112.23115, -8.02743, 0.0 ], [ 112.23038, -8.02705, 0.0 ], [ 112.23025, -8.02705, 0.0 ], [ 112.23015, -8.02714999899996, 0.0 ], [ 112.23007, -8.02739, 0.0 ], [ 112.23006, -8.02765, 0.0 ], [ 112.230102465000073, -8.027841094999928, 0.0 ], [ 112.230119999000067, -8.02792, 0.0 ], [ 112.230219999000042, -8.02815, 0.0 ], [ 112.230309600000055, -8.028398888999959, 0.0 ], [ 112.23031, -8.02839999899993, 0.0 ], [ 112.230373879000012, -8.028639986999963, 0.0 ], [ 112.230364223000038, -8.028666539999961, 0.0 ], [ 112.230337964000114, -8.028738752999971, 0.0 ], [ 112.230335808000063, -8.028744682999957, 0.0 ], [ 112.230153334000079, -8.028800760999957, 0.0 ], [ 112.229850398000053, -8.028830343999971, 0.0 ], [ 112.229555345000108, -8.028925521999952, 0.0 ], [ 112.229441131000044, -8.029049253999972, 0.0 ], [ 112.22938479100003, -8.029174452999939, 0.0 ], [ 112.229366251000101, -8.029215653999927, 0.0 ], [ 112.229355470000087, -8.02923961099998, 0.0 ], [ 112.229353448000097, -8.029288139999949, 0.0 ], [ 112.229347240000038, -8.029437126999937, 0.0 ], [ 112.229345952000017, -8.029468038999937, 0.0 ], [ 112.2293548130001, -8.029494620999969, 0.0 ], [ 112.229450649000114, -8.029782127999965, 0.0 ], [ 112.229545827000038, -8.030296091999958, 0.0 ], [ 112.229517273000056, -8.030543555999941, 0.0 ], [ 112.229406185000016, -8.030687627999953, 0.0 ], [ 112.229291139000111, -8.030836834999945, 0.0 ], [ 112.22928, -8.03085, 0.0 ], [ 112.22908, -8.03098, 0.0 ], [ 112.228786458000059, -8.03113953299993, 0.0 ], [ 112.228619999000102, -8.03123, 0.0 ], [ 112.227186378000056, -8.03077690799995, 0.0 ], [ 112.226957949000052, -8.03110527299998, 0.0 ], [ 112.226558200000113, -8.031704896999941, 0.0 ], [ 112.226201281000044, -8.03218316899995, 0.0 ], [ 112.226008745000058, -8.032416531999957, 0.0 ], [ 112.225680179000051, -8.032632886999977, 0.0 ], [ 112.225401782000063, -8.032754239999974, 0.0 ], [ 112.225194769000041, -8.032832760999952, 0.0 ], [ 112.225009171000011, -8.03300408299998, 0.0 ], [ 112.224873542000068, -8.033225372999937, 0.0 ], [ 112.224816435000093, -8.033489492999934, 0.0 ], [ 112.224680805000048, -8.033725059999938, 0.0 ], [ 112.22458800600009, -8.033860688999937, 0.0 ], [ 112.224380993000068, -8.033982041999934, 0.0 ], [ 112.224181118000047, -8.034039148999966, 0.0 ], [ 112.223952690000033, -8.034046286999967, 0.0 ], [ 112.22373853900001, -8.034046286999967, 0.0 ], [ 112.223602909000078, -8.034003456999926, 0.0 ], [ 112.223143673000095, -8.03392493399997, 0.0 ], [ 112.223305476000064, -8.033463318999964, 0.0 ], [ 112.223362583000039, -8.033377658999939, 0.0 ], [ 112.22343872600004, -8.03329675699996, 0.0 ], [ 112.223491075000084, -8.03317302399995, 0.0 ], [ 112.223495833000015, -8.033039774999963, 0.0 ], [ 112.223505352000075, -8.032925560999956, 0.0 ], [ 112.223529146000033, -8.032854176999933, 0.0 ], [ 112.223581494000086, -8.032754239999974, 0.0 ], [ 112.223657637000088, -8.032659060999947, 0.0 ], [ 112.223705226000106, -8.032582917999946, 0.0 ], [ 112.22373853900001, -8.03251153399998, 0.0 ], [ 112.223771851000038, -8.032440150999946, 0.0 ], [ 112.22380040500002, -8.032335453999963, 0.0 ], [ 112.223067530000094, -8.032235516999947, 0.0 ], [ 112.22265350400005, -8.034086736999939, 0.0 ], [ 112.222563084000058, -8.034315165999942, 0.0 ], [ 112.222401281000089, -8.034338959999957, 0.0 ], [ 112.222253754, -8.034377031999952, 0.0 ], [ 112.22210622800003, -8.034377031999952, 0.0 ], [ 112.222015809000027, -8.03438179099993, 0.0 ], [ 112.221811175000084, -8.034377031999952, 0.0 ], [ 112.221720756000082, -8.034353236999948, 0.0 ], [ 112.221587506000105, -8.034315165999942, 0.0 ], [ 112.221430461000068, -8.034219986999972, 0.0 ], [ 112.221525640000095, -8.03408197899995, 0.0 ], [ 112.221558953000113, -8.03402011299994, 0.0 ], [ 112.221568470000079, -8.033948728999974, 0.0 ], [ 112.221601783000096, -8.033839273999945, 0.0 ], [ 112.221616060000088, -8.033729818999973, 0.0 ], [ 112.221573229000114, -8.033644157999959, 0.0 ], [ 112.221535157000062, -8.033568015999947, 0.0 ], [ 112.221554193000088, -8.033430006999936, 0.0 ], [ 112.221535157000062, -8.033301515999938, 0.0 ], [ 112.221487568000043, -8.033120676999943, 0.0 ], [ 112.221439979000024, -8.033015979999959, 0.0 ], [ 112.221387631000084, -8.032868453999981, 0.0 ], [ 112.221249623000062, -8.032706649999966, 0.0 ], [ 112.221187757000052, -8.032502016999956, 0.0 ], [ 112.221135408, -8.032387802999949, 0.0 ], [ 112.22109733700006, -8.032349730999954, 0.0 ], [ 112.220997400000101, -8.032325936999939, 0.0 ], [ 112.2209212570001, -8.032311659999948, 0.0 ], [ 112.22078800700001, -8.032192686999963, 0.0 ], [ 112.220764212000063, -8.032097507999936, 0.0 ], [ 112.220768971000098, -8.031959499999971, 0.0 ], [ 112.220807043000036, -8.031826249999938, 0.0 ], [ 112.220840355000064, -8.03169775899994, 0.0 ], [ 112.22084987300002, -8.031621616999928, 0.0 ], [ 112.220868908000057, -8.031507401999932, 0.0 ], [ 112.220878427000116, -8.031388428999946, 0.0 ], [ 112.22085939100009, -8.031283732999952, 0.0 ], [ 112.22084987300002, -8.031145723999941, 0.0 ], [ 112.220902221000074, -8.030879223999932, 0.0 ], [ 112.220911738000041, -8.030779286999973, 0.0 ], [ 112.220911738000041, -8.030669831999944, 0.0 ], [ 112.2209212570001, -8.030574653999963, 0.0 ], [ 112.220997400000101, -8.030479474999936, 0.0 ], [ 112.221054507000076, -8.030365260999929, 0.0 ], [ 112.221144926000079, -8.030251046999979, 0.0 ], [ 112.221278176000055, -8.030165385999965, 0.0 ], [ 112.22140666700011, -8.030094001999942, 0.0 ], [ 112.221590556000024, -8.029996853999933, 0.0 ], [ 112.220989369000108, -8.029770097999972, 0.0 ], [ 112.221144033000087, -8.029240667999943, 0.0 ], [ 112.221215418000043, -8.029193078999981, 0.0 ], [ 112.221316545000036, -8.029210923999926, 0.0 ], [ 112.221411723000074, -8.02913954099995, 0.0 ], [ 112.221453364000013, -8.029020567999964, 0.0 ], [ 112.221495004000076, -8.028889696999954, 0.0 ], [ 112.221530696000059, -8.028556572999946, 0.0 ], [ 112.221536645000015, -8.028348369999946, 0.0 ], [ 112.221554491, -8.028193704999978, 0.0 ], [ 112.221530696000059, -8.028021193999962, 0.0 ], [ 112.221322493000116, -8.027973604999943, 0.0 ], [ 112.221179726000059, -8.027926014999935, 0.0 ], [ 112.221054804, -8.027884374999928, 0.0 ], [ 112.2210072150001, -8.027818939999975, 0.0 ], [ 112.220995318000064, -8.027694017999977, 0.0 ], [ 112.221036958000013, -8.027580993999948, 0.0 ], [ 112.221153479, -8.027055140999948, 0.0 ], [ 112.22114165500011, -8.026958764999961, 0.0 ], [ 112.220975092000117, -8.02688262199996, 0.0 ], [ 112.220822806000115, -8.026830273999963, 0.0 ], [ 112.220703833000016, -8.026782684999944, 0.0 ], [ 112.220599137000022, -8.02673985499996, 0.0 ], [ 112.22052299500001, -8.026701783999954, 0.0 ], [ 112.220408780000071, -8.026654193999946, 0.0 ], [ 112.220294566, -8.026611363999962, 0.0 ], [ 112.220242218000067, -8.026578050999944, 0.0 ], [ 112.220118486000047, -8.026497148999965, 0.0 ], [ 112.22004710200008, -8.026449560999936, 0.0 ], [ 112.219928129000095, -8.026430524999967, 0.0 ], [ 112.219837710000093, -8.026425764999942, 0.0 ], [ 112.2197472900001, -8.026425764999942, 0.0 ], [ 112.219585487000018, -8.026425764999942, 0.0 ], [ 112.21938802000011, -8.026411061999966, 0.0 ], [ 112.219196326000088, -8.026500123999938, 0.0 ], [ 112.217851169000028, -8.026456567999958, 0.0 ], [ 112.217786495000041, -8.026458483999932, 0.0 ], [ 112.216725899000039, -8.026467683999954, 0.0 ], [ 112.216819888000032, -8.025594486999978, 0.0 ], [ 112.216836543000113, -8.025439756999958, 0.0 ], [ 112.216865097000095, -8.024936500999956, 0.0 ], [ 112.216912686000114, -8.024258353999926, 0.0 ], [ 112.217531346000101, -8.021343513999966, 0.0 ], [ 112.218249943000046, -8.018157415999951, 0.0 ], [ 112.217888265000056, -8.018043201999944, 0.0 ], [ 112.21811669300007, -8.017348398999957, 0.0 ], [ 112.217945372000031, -8.017281774999958, 0.0 ], [ 112.218002479, -8.017081899999937, 0.0 ], [ 112.218050069000014, -8.016882024999973, 0.0 ], [ 112.218031033000102, -8.016786846999935, 0.0 ], [ 112.217916819000038, -8.016691667999964, 0.0 ], [ 112.218040551000058, -8.016349025999943, 0.0 ], [ 112.218834730000026, -8.016629117999969, 0.0 ], [ 112.221855541000082, -8.01762370299997, 0.0 ], [ 112.222214482000027, -8.017749331999937, 0.0 ], [ 112.22223, -8.01747, 0.0 ], [ 112.222760000000108, -8.01648, 0.0 ], [ 112.222850000000108, -8.016209998999955, 0.0 ], [ 112.22295, -8.015899998999942, 0.0 ], [ 112.223079999000106, -8.01556, 0.0 ], [ 112.22319999900003, -8.01525, 0.0 ], [ 112.22331, -8.01497, 0.0 ], [ 112.22342, -8.01472, 0.0 ], [ 112.22364, -8.01421, 0.0 ], [ 112.22361, -8.01409, 0.0 ], [ 112.22354, -8.01397, 0.0 ], [ 112.22346, -8.013829998999938, 0.0 ], [ 112.223300000000108, -8.01364, 0.0 ], [ 112.22322, -8.013539998999931, 0.0 ], [ 112.22307, -8.01335, 0.0 ], [ 112.22305, -8.01327, 0.0 ], [ 112.22307, -8.01319, 0.0 ], [ 112.22311, -8.01304, 0.0 ], [ 112.223139999000068, -8.01291, 0.0 ], [ 112.22319, -8.01269, 0.0 ], [ 112.22326, -8.0125, 0.0 ], [ 112.22336, -8.012269998999955, 0.0 ], [ 112.22341, -8.01209, 0.0 ], [ 112.22352, -8.0118, 0.0 ], [ 112.22372, -8.01119, 0.0 ], [ 112.224269999000057, -8.01133, 0.0 ], [ 112.22438000000011, -8.01136, 0.0 ], [ 112.22516, -8.011489998999934, 0.0 ], [ 112.22524, -8.011529998999947, 0.0 ], [ 112.22547, -8.01161, 0.0 ], [ 112.22571, -8.01171, 0.0 ], [ 112.22616, -8.01187, 0.0 ], [ 112.2262, -8.01174, 0.0 ], [ 112.22655, -8.01065, 0.0 ], [ 112.22656, -8.01059, 0.0 ], [ 112.226689999000087, -8.01022, 0.0 ], [ 112.226810000000114, -8.00984, 0.0 ], [ 112.22687, -8.00966, 0.0 ], [ 112.22652, -8.00965, 0.0 ], [ 112.22625, -8.009639998999944, 0.0 ], [ 112.2261, -8.00963, 0.0 ], [ 112.2257800000001, -8.009619998999938, 0.0 ], [ 112.22526, -8.00957, 0.0 ], [ 112.22523, -8.00863, 0.0 ], [ 112.2252, -8.0077, 0.0 ], [ 112.22518, -8.00737, 0.0 ], [ 112.225169999000059, -8.00676, 0.0 ], [ 112.22516, -8.00625, 0.0 ], [ 112.225149999000109, -8.00592, 0.0 ], [ 112.2252, -8.00579, 0.0 ], [ 112.22524, -8.005659998999931, 0.0 ], [ 112.22533, -8.00496, 0.0 ], [ 112.22534, -8.00485, 0.0 ], [ 112.225370000000112, -8.00442, 0.0 ], [ 112.22529, -8.00415, 0.0 ], [ 112.22529, -8.00407, 0.0 ], [ 112.2253, -8.00359, 0.0 ], [ 112.22531, -8.00313, 0.0 ], [ 112.22531, -8.00306, 0.0 ], [ 112.22534, -8.00214, 0.0 ], [ 112.22535, -8.000979998999981, 0.0 ], [ 112.22535, -8.00091, 0.0 ], [ 112.22551, -8.00002, 0.0 ], [ 112.22553, -7.99909, 0.0 ], [ 112.225550000000112, -7.99857, 0.0 ], [ 112.225550000000112, -7.99812, 0.0 ], [ 112.225559999000097, -7.99719, 0.0 ], [ 112.22557, -7.996999998999968, 0.0 ], [ 112.22557, -7.99627, 0.0 ], [ 112.22558, -7.994739998999933, 0.0 ], [ 112.22558, -7.994349998999951, 0.0 ], [ 112.22571, -7.99404, 0.0 ], [ 112.2258, -7.99375, 0.0 ], [ 112.2261, -7.99305, 0.0 ], [ 112.226590000000101, -7.99233, 0.0 ], [ 112.22709, -7.99184, 0.0 ], [ 112.22764, -7.99143, 0.0 ], [ 112.228300000000104, -7.99118, 0.0 ], [ 112.228930000000105, -7.991129998999952, 0.0 ], [ 112.22966, -7.991149998999958, 0.0 ], [ 112.23044, -7.991189998999971, 0.0 ], [ 112.231699999000057, -7.99129, 0.0 ], [ 112.232519999000033, -7.99129, 0.0 ], [ 112.23342, -7.991209998999977, 0.0 ], [ 112.23448, -7.991129998999952, 0.0 ], [ 112.235500000000116, -7.99094, 0.0 ], [ 112.23632, -7.9906, 0.0 ], [ 112.23705, -7.99026, 0.0 ], [ 112.23775, -7.98975, 0.0 ], [ 112.238349999000093, -7.989279998999962, 0.0 ], [ 112.23863, -7.989279998999962, 0.0 ], [ 112.23866, -7.98921, 0.0 ], [ 112.238839999000106, -7.989, 0.0 ], [ 112.23904, -7.988909998999929, 0.0 ], [ 112.23938, -7.98874, 0.0 ], [ 112.24, -7.98837, 0.0 ], [ 112.2406, -7.988129998999966, 0.0 ], [ 112.24094, -7.98796, 0.0 ], [ 112.24102, -7.9879, 0.0 ], [ 112.241159999000047, -7.98776, 0.0 ], [ 112.24126, -7.98756, 0.0 ], [ 112.241580000000113, -7.98667, 0.0 ], [ 112.24175, -7.98654, 0.0 ], [ 112.24234, -7.98617, 0.0 ], [ 112.24263, -7.98578, 0.0 ], [ 112.24282, -7.98523999899993, 0.0 ], [ 112.24288, -7.98515, 0.0 ], [ 112.243, -7.985, 0.0 ], [ 112.243169999000088, -7.98494999899998, 0.0 ], [ 112.244319999000027, -7.98505, 0.0 ], [ 112.24507, -7.9851, 0.0 ], [ 112.245409999000117, -7.98512, 0.0 ], [ 112.24573, -7.98512, 0.0 ], [ 112.24594, -7.98506, 0.0 ], [ 112.24618999900008, -7.984929998999974, 0.0 ], [ 112.246220000000108, -7.98486, 0.0 ], [ 112.24618, -7.98466, 0.0 ], [ 112.24620999900003, -7.98442, 0.0 ], [ 112.246269999000106, -7.98405, 0.0 ], [ 112.246310000000108, -7.98395, 0.0 ], [ 112.24644, -7.98387, 0.0 ], [ 112.24674, -7.98384, 0.0 ], [ 112.24711, -7.98385, 0.0 ], [ 112.24765, -7.98358, 0.0 ], [ 112.2478, -7.98351, 0.0 ], [ 112.248119999000096, -7.98328, 0.0 ], [ 112.24828, -7.98313, 0.0 ], [ 112.24835, -7.982959998999945, 0.0 ], [ 112.24866, -7.982649998999932, 0.0 ], [ 112.24882, -7.9823, 0.0 ], [ 112.24895, -7.981769998999937, 0.0 ], [ 112.24911, -7.98073, 0.0 ], [ 112.24914, -7.979819998999972, 0.0 ], [ 112.24918, -7.97892, 0.0 ], [ 112.24916, -7.97837, 0.0 ], [ 112.2492, -7.97817, 0.0 ], [ 112.24916, -7.97735, 0.0 ], [ 112.2491500000001, -7.976659998999935, 0.0 ], [ 112.24913, -7.97579, 0.0 ], [ 112.24909, -7.97499, 0.0 ], [ 112.24909, -7.973969998999962, 0.0 ], [ 112.2490600000001, -7.97287, 0.0 ], [ 112.249019999000097, -7.971629998999958, 0.0 ], [ 112.248999999000034, -7.97055, 0.0 ], [ 112.249010000000112, -7.9692, 0.0 ], [ 112.24899, -7.9679, 0.0 ], [ 112.24897, -7.96696, 0.0 ], [ 112.248919999, -7.96569999899998, 0.0 ], [ 112.24886, -7.96491, 0.0 ], [ 112.24879, -7.96432, 0.0 ], [ 112.250000000000114, -7.96403, 0.0 ], [ 112.25084, -7.96411, 0.0 ], [ 112.251800000000117, -7.96423, 0.0 ], [ 112.2526, -7.96442, 0.0 ], [ 112.25315, -7.96454, 0.0 ], [ 112.253830000000107, -7.96479, 0.0 ], [ 112.254439999000056, -7.964939998999967, 0.0 ], [ 112.25486, -7.96501, 0.0 ], [ 112.2556, -7.9651, 0.0 ], [ 112.25652, -7.96516, 0.0 ], [ 112.25767, -7.96515, 0.0 ], [ 112.25858, -7.96519, 0.0 ], [ 112.25917, -7.96522, 0.0 ], [ 112.25974, -7.96511, 0.0 ], [ 112.2603, -7.964879998999947, 0.0 ], [ 112.26083, -7.96443, 0.0 ], [ 112.261559999000042, -7.963849998999933, 0.0 ], [ 112.26194999900008, -7.96359, 0.0 ], [ 112.262279999000043, -7.96348, 0.0 ], [ 112.262700000000109, -7.96349, 0.0 ], [ 112.26354, -7.96367, 0.0 ], [ 112.26391, -7.963729998999952, 0.0 ], [ 112.2644, -7.96367, 0.0 ], [ 112.264860000000112, -7.963399998999932, 0.0 ], [ 112.26539, -7.96294, 0.0 ], [ 112.265670000000114, -7.96277, 0.0 ], [ 112.26649, -7.96246, 0.0 ], [ 112.26721, -7.962209998999981, 0.0 ], [ 112.2676, -7.96208, 0.0 ], [ 112.26793, -7.96206, 0.0 ], [ 112.2682, -7.96211, 0.0 ], [ 112.268420000000106, -7.96228, 0.0 ], [ 112.26866, -7.96265, 0.0 ], [ 112.268780000000106, -7.96286, 0.0 ], [ 112.26903, -7.963729998999952, 0.0 ], [ 112.26949, -7.96447, 0.0 ], [ 112.27063, -7.96601, 0.0 ], [ 112.27222, -7.96764, 0.0 ], [ 112.27331, -7.96844, 0.0 ], [ 112.273150000000101, -7.96858, 0.0 ], [ 112.27299, -7.96881, 0.0 ], [ 112.27295, -7.968939998999929, 0.0 ], [ 112.272850967000068, -7.968999418999942, 0.0 ], [ 112.27275, -7.96906, 0.0 ], [ 112.272769999000047, -7.96934, 0.0 ], [ 112.27276, -7.96943, 0.0 ], [ 112.272650000000112, -7.96961, 0.0 ], [ 112.272399999000072, -7.96996, 0.0 ], [ 112.27228, -7.97016, 0.0 ], [ 112.272129999000072, -7.97025, 0.0 ], [ 112.27195, -7.97024, 0.0 ], [ 112.271619999000109, -7.97024, 0.0 ], [ 112.27147, -7.97033, 0.0 ], [ 112.27136, -7.97047, 0.0 ], [ 112.27134, -7.97061, 0.0 ], [ 112.271269999000083, -7.97101, 0.0 ], [ 112.27114, -7.97106, 0.0 ], [ 112.27093, -7.97104, 0.0 ], [ 112.27061, -7.97093, 0.0 ], [ 112.270429999000044, -7.970789998999976, 0.0 ], [ 112.2703, -7.97061, 0.0 ], [ 112.27011, -7.970419998999944, 0.0 ], [ 112.26993, -7.97033, 0.0 ], [ 112.26983, -7.97039, 0.0 ], [ 112.26979, -7.970479998999963, 0.0 ], [ 112.26978, -7.97069, 0.0 ], [ 112.269749999000055, -7.970849998999938, 0.0 ], [ 112.26962, -7.971, 0.0 ], [ 112.26937, -7.97125, 0.0 ], [ 112.26871, -7.97125, 0.0 ], [ 112.26865, -7.97127, 0.0 ], [ 112.268643544000042, -7.971273380999946, 0.0 ], [ 112.26844, -7.97138, 0.0 ], [ 112.26834, -7.97149, 0.0 ], [ 112.26805, -7.97199, 0.0 ], [ 112.26775, -7.9721, 0.0 ], [ 112.267560000000117, -7.97221, 0.0 ], [ 112.26713, -7.97242, 0.0 ], [ 112.26679, -7.97242, 0.0 ], [ 112.2667, -7.97258, 0.0 ], [ 112.26672, -7.972719998999935, 0.0 ], [ 112.266769674000102, -7.973179482999967, 0.0 ], [ 112.266800000000103, -7.97346, 0.0 ], [ 112.266710000000103, -7.973559998999974, 0.0 ], [ 112.26646, -7.97374, 0.0 ], [ 112.26633, -7.97396, 0.0 ], [ 112.266239999000049, -7.97429, 0.0 ], [ 112.26627, -7.97449, 0.0 ], [ 112.26627, -7.974769998999932, 0.0 ], [ 112.26619, -7.97493, 0.0 ], [ 112.266080000000102, -7.97498, 0.0 ], [ 112.26574, -7.975059998999939, 0.0 ], [ 112.26494, -7.975549998999952, 0.0 ], [ 112.26474, -7.97562, 0.0 ], [ 112.26449, -7.97571, 0.0 ], [ 112.26438, -7.97585, 0.0 ], [ 112.264209999000059, -7.97602, 0.0 ], [ 112.26404, -7.97608, 0.0 ], [ 112.263870000000111, -7.97609, 0.0 ], [ 112.263469999000108, -7.97611, 0.0 ], [ 112.26333000000011, -7.97622, 0.0 ], [ 112.26326, -7.976389998999935, 0.0 ], [ 112.26318, -7.97646, 0.0 ], [ 112.26295, -7.97647, 0.0 ], [ 112.26255, -7.9765, 0.0 ], [ 112.2624, -7.97661, 0.0 ], [ 112.26212, -7.97681, 0.0 ], [ 112.261929999000017, -7.97682, 0.0 ], [ 112.26127, -7.97687, 0.0 ], [ 112.261080000000106, -7.97697, 0.0 ], [ 112.260970549000035, -7.977117337999971, 0.0 ], [ 112.26082, -7.97732, 0.0 ], [ 112.26096, -7.977519998999981, 0.0 ], [ 112.26112, -7.977849998999943, 0.0 ], [ 112.26096, -7.97811, 0.0 ], [ 112.26085, -7.97842, 0.0 ], [ 112.260699999000053, -7.978629998999963, 0.0 ], [ 112.2604700710001, -7.978798338999979, 0.0 ], [ 112.26014, -7.979039998999951, 0.0 ], [ 112.26011, -7.97914, 0.0 ], [ 112.2602, -7.97926, 0.0 ], [ 112.26028, -7.97944, 0.0 ], [ 112.26016, -7.97953, 0.0 ], [ 112.25989, -7.97968, 0.0 ], [ 112.25958, -7.97985, 0.0 ], [ 112.258600000000115, -7.98086, 0.0 ], [ 112.258560000000102, -7.981029998999929, 0.0 ], [ 112.25862, -7.98116, 0.0 ], [ 112.25872, -7.98122, 0.0 ], [ 112.259, -7.98129, 0.0 ], [ 112.259549999000114, -7.981439998999974, 0.0 ], [ 112.259770000000117, -7.9816, 0.0 ], [ 112.25971, -7.9819, 0.0 ], [ 112.25938, -7.982199998999931, 0.0 ], [ 112.25902, -7.98242, 0.0 ], [ 112.25882, -7.982549998999957, 0.0 ], [ 112.25866, -7.98275, 0.0 ], [ 112.25854, -7.983039998999971, 0.0 ], [ 112.25831, -7.983739998999965, 0.0 ], [ 112.25816, -7.984069998999928, 0.0 ], [ 112.258009999000024, -7.98425, 0.0 ], [ 112.257840000000101, -7.98438, 0.0 ], [ 112.257689415000073, -7.984465112999942, 0.0 ], [ 112.25738, -7.98464, 0.0 ], [ 112.25687, -7.9849, 0.0 ], [ 112.25675999900011, -7.98501, 0.0 ], [ 112.25675999900011, -7.98518, 0.0 ], [ 112.25685, -7.985359998999968, 0.0 ], [ 112.257005069000115, -7.985440405999952, 0.0 ], [ 112.257079218000058, -7.98547885399995, 0.0 ], [ 112.2571200000001, -7.9855, 0.0 ], [ 112.25737, -7.985669998999981, 0.0 ], [ 112.25745, -7.98583, 0.0 ], [ 112.25745, -7.98599, 0.0 ], [ 112.257340000000113, -7.98623, 0.0 ], [ 112.25708, -7.986509998999963, 0.0 ], [ 112.256859999000085, -7.98662, 0.0 ], [ 112.256530000000112, -7.98668, 0.0 ], [ 112.256039999000109, -7.98662, 0.0 ], [ 112.25571, -7.98657, 0.0 ], [ 112.255569999000045, -7.98663, 0.0 ], [ 112.25549, -7.98671, 0.0 ], [ 112.255373315000043, -7.986977689999947, 0.0 ], [ 112.255195762000085, -7.987141699999938, 0.0 ], [ 112.255111698000064, -7.987219350999965, 0.0 ], [ 112.254885649000016, -7.987374015999933, 0.0 ], [ 112.254754779000109, -7.987552474999973, 0.0 ], [ 112.254802368000014, -7.987921291999953, 0.0 ], [ 112.254885649000016, -7.988135442999976, 0.0 ], [ 112.254968930000018, -7.988456670999938, 0.0 ], [ 112.254968930000018, -7.98873881399993, 0.0 ], [ 112.254968930000018, -7.988789794999946, 0.0 ], [ 112.255048983000052, -7.988904156999979, 0.0 ], [ 112.25505221100002, -7.988908767999931, 0.0 ], [ 112.255159287000083, -7.989027740999973, 0.0 ], [ 112.255171184, -7.989218097999981, 0.0 ], [ 112.255147750000106, -7.989315184999953, 0.0 ], [ 112.25497, -7.98947, 0.0 ], [ 112.254831789000036, -7.989480631999982, 0.0 ], [ 112.254650682000033, -7.989494562999937, 0.0 ], [ 112.25458, -7.9895, 0.0 ], [ 112.254488934000051, -7.989516069999979, 0.0 ] ] ] ] } },
{ "type": "Feature", "properties": { "OBJECTID": 116182.0, "KDPPUM": "35", "NAMOBJ": "Bangsri", "REMARK": null, "KDPBPS": null, "FCODE": "BA03070040", "LUASWH": 3.8075302, "UUPP": "Hasil Delineasi Batas Desa 2019", "SRS_ID": "SRGI 2013", "METADATA": "TASWIL1000020200326DATA_BATAS_DESA_KELURAHAN", "KDEBPS": null, "KDEPUM": "35.05.09.2005", "KDCBPS": null, "KDCPUM": "35.05.09", "KDBBPS": null, "WADMKD": "Bangsri", "WIADKD": null, "WADMKC": "Nglegok", "WIADKC": null, "WADMKK": "Blitar", "WIADKK": null, "WADMPR": "Jawa Timur", "WIADPR": null, "TIPADM": 1.0, "KDPKAB": "35.05", "SHAPE_Leng": 0.127268525371483, "SHAPE_Area": 0.00031208427109400002 }, "geometry": { "type": "MultiPolygon", "coordinates": [ [ [ [ 112.188097089000053, -8.033186412999953, 0.0 ], [ 112.18805, -8.03338, 0.0 ], [ 112.187910000000102, -8.03366, 0.0 ], [ 112.18717, -8.034949998999934, 0.0 ], [ 112.18711, -8.0353, 0.0 ], [ 112.18704, -8.03594, 0.0 ], [ 112.18704, -8.03638, 0.0 ], [ 112.187050000000113, -8.036899998999957, 0.0 ], [ 112.186960000000113, -8.03707, 0.0 ], [ 112.18654, -8.03755, 0.0 ], [ 112.186359999000047, -8.03767, 0.0 ], [ 112.186060000000111, -8.03787, 0.0 ], [ 112.185929999000109, -8.038089998999965, 0.0 ], [ 112.18575, -8.038559998999972, 0.0 ], [ 112.18566, -8.03882, 0.0 ], [ 112.18557, -8.0389, 0.0 ], [ 112.18532, -8.03912, 0.0 ], [ 112.18459, -8.04058, 0.0 ], [ 112.1842, -8.04155, 0.0 ], [ 112.18397999900003, -8.04239, 0.0 ], [ 112.183900000000108, -8.04288, 0.0 ], [ 112.18391, -8.0431, 0.0 ], [ 112.18397999900003, -8.04336, 0.0 ], [ 112.18405, -8.04368999899998, 0.0 ], [ 112.18407, -8.0441, 0.0 ], [ 112.183767001000092, -8.04550863299994, 0.0 ], [ 112.184744960000103, -8.045872689999953, 0.0 ], [ 112.184902004000037, -8.046165363999933, 0.0 ], [ 112.184866313000043, -8.046343822999972, 0.0 ], [ 112.184673576000023, -8.046593666999968, 0.0 ], [ 112.184459424000011, -8.046822094999925, 0.0 ], [ 112.184330934000059, -8.047050522999939, 0.0 ], [ 112.184202443000117, -8.047307504999935, 0.0 ], [ 112.183988291000105, -8.04758590199998, 0.0 ], [ 112.183816970000066, -8.047800053999936, 0.0 ], [ 112.183745587000089, -8.047921405999944, 0.0 ], [ 112.183595680000053, -8.048142695999957, 0.0 ], [ 112.183631802000036, -8.048417852999933, 0.0 ], [ 112.183541965000018, -8.048547356999961, 0.0 ], [ 112.183274452000092, -8.04866379799995, 0.0 ], [ 112.183153101000016, -8.048778011999957, 0.0 ], [ 112.183103132000042, -8.049020716999962, 0.0 ], [ 112.183138824000025, -8.049420466999948, 0.0 ], [ 112.182996056000093, -8.049677447999954, 0.0 ], [ 112.182910395000022, -8.049884460999976, 0.0 ], [ 112.182903257000021, -8.050476946999936, 0.0 ], [ 112.182789042000081, -8.050890973999969, 0.0 ], [ 112.182560091000028, -8.051430626999945, 0.0 ], [ 112.182731936000096, -8.051590535999935, 0.0 ], [ 112.183003194000094, -8.051690472999951, 0.0 ], [ 112.183517158000086, -8.051918900999965, 0.0 ], [ 112.185415968000029, -8.052404310999975, 0.0 ], [ 112.187500000000114, -8.052929998999957, 0.0 ], [ 112.18938, -8.05316, 0.0 ], [ 112.19282, -8.054159998999978, 0.0 ], [ 112.195790000000102, -8.05521, 0.0 ], [ 112.19569, -8.05546, 0.0 ], [ 112.19527, -8.05624, 0.0 ], [ 112.19519, -8.05649, 0.0 ], [ 112.19501999900001, -8.05682, 0.0 ], [ 112.1956, -8.056989998999939, 0.0 ], [ 112.1953, -8.05723, 0.0 ], [ 112.19513, -8.0574, 0.0 ], [ 112.19474, -8.05787, 0.0 ], [ 112.19447, -8.05819, 0.0 ], [ 112.194480000000112, -8.05838, 0.0 ], [ 112.194480000000112, -8.05865, 0.0 ], [ 112.1944400000001, -8.05898, 0.0 ], [ 112.19437, -8.05911, 0.0 ], [ 112.194239999000047, -8.059189998999955, 0.0 ], [ 112.19399, -8.05926, 0.0 ], [ 112.193580000000111, -8.05935, 0.0 ], [ 112.19352, -8.05944, 0.0 ], [ 112.19325, -8.059969998999975, 0.0 ], [ 112.193009999000083, -8.06093, 0.0 ], [ 112.193009999000083, -8.061179998999933, 0.0 ], [ 112.193009999000083, -8.0614, 0.0 ], [ 112.192949999, -8.061549998999965, 0.0 ], [ 112.19289, -8.0618, 0.0 ], [ 112.19273, -8.06256, 0.0 ], [ 112.19261, -8.06262, 0.0 ], [ 112.192050000000108, -8.062819998999942, 0.0 ], [ 112.191870000000108, -8.06306, 0.0 ], [ 112.19164, -8.06327, 0.0 ], [ 112.19132, -8.06347, 0.0 ], [ 112.191018748000033, -8.063588136999954, 0.0 ], [ 112.190951556000073, -8.063537306999933, 0.0 ], [ 112.190798595000047, -8.063568976999932, 0.0 ], [ 112.190669225000079, -8.063662672999953, 0.0 ], [ 112.190416887000083, -8.063577264999935, 0.0 ], [ 112.190265510000017, -8.06353463399995, 0.0 ], [ 112.189970273000085, -8.063557026999945, 0.0 ], [ 112.189912864, -8.063628976999951, 0.0 ], [ 112.189906227000051, -8.063822813999934, 0.0 ], [ 112.189901184000064, -8.06384060299996, 0.0 ], [ 112.189877712000111, -8.063923393999971, 0.0 ], [ 112.189791555000056, -8.064016963999961, 0.0 ], [ 112.189763165000045, -8.064160612999956, 0.0 ], [ 112.189756404000036, -8.064311378999946, 0.0 ], [ 112.189691791000087, -8.064383351999936, 0.0 ], [ 112.189690645000042, -8.064392414999929, 0.0 ], [ 112.189698542000087, -8.064787659999979, 0.0 ], [ 112.189794283000083, -8.06495014799998, 0.0 ], [ 112.189809213000103, -8.06512956499995, 0.0 ], [ 112.189708672000052, -8.065230354999926, 0.0 ], [ 112.189704870000014, -8.065230565999968, 0.0 ], [ 112.189704870000014, -8.065249342999948, 0.0 ], [ 112.189643816000057, -8.065267477999953, 0.0 ], [ 112.189506500000107, -8.065227387999926, 0.0 ], [ 112.189361542000029, -8.065224533999981, 0.0 ], [ 112.18914027400001, -8.065282710999952, 0.0 ], [ 112.189120138000021, -8.065328956999963, 0.0 ], [ 112.189147237000043, -8.065354016999947, 0.0 ], [ 112.189205402000084, -8.065540485999975, 0.0 ], [ 112.189169787000083, -8.065676979999978, 0.0 ], [ 112.18909811900005, -8.065799219999974, 0.0 ], [ 112.189038894000078, -8.065838060999965, 0.0 ], [ 112.188911212000107, -8.06592179699993, 0.0 ], [ 112.188594533000014, -8.066001677999964, 0.0 ], [ 112.188393345, -8.066167364999956, 0.0 ], [ 112.188299043000029, -8.065937929999961, 0.0 ], [ 112.187502380000069, -8.065555126999925, 0.0 ], [ 112.187289271000054, -8.065452725999933, 0.0 ], [ 112.187417994000043, -8.065136502999962, 0.0 ], [ 112.18748792800011, -8.064999286999978, 0.0 ], [ 112.187538102000076, -8.06479348299996, 0.0 ], [ 112.187774628000057, -8.06430234499993, 0.0 ], [ 112.187911944, -8.063990474999969, 0.0 ], [ 112.188026387000036, -8.063172232999932, 0.0 ], [ 112.188079800000082, -8.062812704999942, 0.0 ], [ 112.188178985000036, -8.062125106999929, 0.0 ], [ 112.188246291000041, -8.061957965999966, 0.0 ], [ 112.188279825000109, -8.061822603999929, 0.0 ], [ 112.18840169300006, -8.061572053999953, 0.0 ], [ 112.188407870000106, -8.061556713999948, 0.0 ], [ 112.188444445000073, -8.061465953999971, 0.0 ], [ 112.188522905000013, -8.06120455699994, 0.0 ], [ 112.188575143000094, -8.060988850999934, 0.0 ], [ 112.188575702000094, -8.060981647999938, 0.0 ], [ 112.18859718300007, -8.060668801999952, 0.0 ], [ 112.188499370000045, -8.060544210999979, 0.0 ], [ 112.188477344000034, -8.060400706999928, 0.0 ], [ 112.188527027000077, -8.060149318999947, 0.0 ], [ 112.188576753, -8.059912286999975, 0.0 ], [ 112.188655204000042, -8.059646457999975, 0.0 ], [ 112.188704991, -8.059430961999965, 0.0 ], [ 112.188776265000115, -8.059173766999947, 0.0 ], [ 112.188811586000043, -8.058936777999975, 0.0 ], [ 112.188961096000071, -8.058340536999935, 0.0 ], [ 112.188962247000063, -8.058327905999931, 0.0 ], [ 112.188941903000114, -8.058141619999958, 0.0 ], [ 112.188743533000093, -8.057809728999928, 0.0 ], [ 112.188742116000071, -8.057775316999937, 0.0 ], [ 112.18871441400006, -8.057723907999957, 0.0 ], [ 112.188072778000105, -8.057510415999957, 0.0 ], [ 112.18812485300009, -8.057337983999957, 0.0 ], [ 112.187598853000054, -8.057260542999927, 0.0 ], [ 112.186950182000032, -8.057104497999944, 0.0 ], [ 112.186870479000049, -8.056941060999975, 0.0 ], [ 112.186704471000098, -8.056819507999933, 0.0 ], [ 112.186559922000015, -8.056647643999952, 0.0 ], [ 112.186407983000095, -8.056411195999942, 0.0 ], [ 112.186327529000096, -8.056208014999982, 0.0 ], [ 112.186111402000051, -8.056168458999935, 0.0 ], [ 112.185485801000027, -8.05605307299993, 0.0 ], [ 112.185424771000044, -8.056041611999945, 0.0 ], [ 112.185180628000012, -8.056008219999967, 0.0 ], [ 112.184967001000018, -8.055969120999976, 0.0 ], [ 112.184810341000116, -8.055928100999949, 0.0 ], [ 112.18481784800008, -8.055967858999963, 0.0 ], [ 112.184912042000065, -8.056161403999965, 0.0 ], [ 112.184970162000013, -8.056333518999963, 0.0 ], [ 112.184912857000086, -8.056441359999951, 0.0 ], [ 112.184704323, -8.056556817999933, 0.0 ], [ 112.184622838000109, -8.056552541999963, 0.0 ], [ 112.184616032, -8.056574726999941, 0.0 ], [ 112.184539745000052, -8.056643396999959, 0.0 ], [ 112.184417686000074, -8.056646249999972, 0.0 ], [ 112.183937042000025, -8.056673911999951, 0.0 ], [ 112.183890531000088, -8.056694873999959, 0.0 ], [ 112.183862110000064, -8.05671717499996, 0.0 ], [ 112.183624788000088, -8.05683989299996, 0.0 ], [ 112.183495375, -8.056919229999949, 0.0 ], [ 112.183391509000103, -8.057114780999939, 0.0 ], [ 112.183189843000036, -8.057115363999969, 0.0 ], [ 112.183053102000031, -8.05715165099997, 0.0 ], [ 112.182779643000117, -8.057231401999957, 0.0 ], [ 112.182419484000093, -8.057218083999942, 0.0 ], [ 112.182174916, -8.05732646499996, 0.0 ], [ 112.182103289000111, -8.057463061999954, 0.0 ], [ 112.182067819000054, -8.057649801999958, 0.0 ], [ 112.182039676000045, -8.057879593999928, 0.0 ], [ 112.182040447000077, -8.058145193999962, 0.0 ], [ 112.182026876, -8.058432368999945, 0.0 ], [ 112.18199891900008, -8.05872676499996, 0.0 ], [ 112.181920548000107, -8.059021306999966, 0.0 ], [ 112.181849316000012, -8.059294291999947, 0.0 ], [ 112.18172795800001, -8.059667919999981, 0.0 ], [ 112.181727752000029, -8.059668302999967, 0.0 ], [ 112.18142707200002, -8.06022511499998, 0.0 ], [ 112.181309419000058, -8.06047452599995, 0.0 ], [ 112.181289629000048, -8.060533428999975, 0.0 ], [ 112.181263078000029, -8.060583013999974, 0.0 ], [ 112.181190933000039, -8.060757, 0.0 ], [ 112.181133628000111, -8.060824769999954, 0.0 ], [ 112.181071064000093, -8.0608987599999, 0.0 ], [ 112.180767917000026, -8.060677101999943, 0.0 ], [ 112.180486648000056, -8.0605487, 0.0 ], [ 112.178835925000044, -8.060079672999962, 0.0 ], [ 112.178850099000101, -8.059999952999931, 0.0 ], [ 112.178071388000035, -8.059707875999948, 0.0 ], [ 112.177739620000011, -8.059550903999934, 0.0 ], [ 112.177451276000056, -8.059465588999956, 0.0 ], [ 112.177072691000035, -8.059308033999969, 0.0 ], [ 112.176676103000091, -8.059151246999932, 0.0 ], [ 112.176221917000021, -8.059001802999944, 0.0 ], [ 112.175702702000081, -8.058780759999934, 0.0 ], [ 112.175399746000039, -8.058623702999967, 0.0 ], [ 112.175089463000063, -8.058423595999955, 0.0 ], [ 112.174851267, -8.058244815999956, 0.0 ], [ 112.174584510000045, -8.058152261999965, 0.0 ], [ 112.174313473000097, -8.058074075999968, 0.0 ], [ 112.174082665000014, -8.057959880999931, 0.0 ], [ 112.173938721000013, -8.057996183999933, 0.0 ], [ 112.173503514000117, -8.057879224999965, 0.0 ], [ 112.173462992000054, -8.057868334999966, 0.0 ], [ 112.173427442000047, -8.057858780999936, 0.0 ], [ 112.173214428000051, -8.057801534999953, 0.0 ], [ 112.173145839000085, -8.057783101999973, 0.0 ], [ 112.173051400000077, -8.057723930999941, 0.0 ], [ 112.172830192000106, -8.057585333999953, 0.0 ], [ 112.172792282000046, -8.057561580999959, 0.0 ], [ 112.171505610000054, -8.057360701999926, 0.0 ], [ 112.171534164000036, -8.057303594999951, 0.0 ], [ 112.171391396000104, -8.057246487999976, 0.0 ], [ 112.170641865000107, -8.057010920999971, 0.0 ], [ 112.170049380000023, -8.056882430999963, 0.0 ], [ 112.16959966200011, -8.056703970999934, 0.0 ], [ 112.16921, -8.05644, 0.0 ], [ 112.169130000000109, -8.05605, 0.0 ], [ 112.169130000000109, -8.05584, 0.0 ], [ 112.16919, -8.05566, 0.0 ], [ 112.16925, -8.0555, 0.0 ], [ 112.1693, -8.05536, 0.0 ], [ 112.16935, -8.0552, 0.0 ], [ 112.16943, -8.05499, 0.0 ], [ 112.169549999000083, -8.0547, 0.0 ], [ 112.169589999000095, -8.05458, 0.0 ], [ 112.16966, -8.05442, 0.0 ], [ 112.16972, -8.05428, 0.0 ], [ 112.16977, -8.054119998999965, 0.0 ], [ 112.169859999000096, -8.05387, 0.0 ], [ 112.16968, -8.0538, 0.0 ], [ 112.16974, -8.053439998999977, 0.0 ], [ 112.169941472, -8.05350974299995, 0.0 ], [ 112.170464953000078, -8.05364061299997, 0.0 ], [ 112.17067910500009, -8.053664406999928, 0.0 ], [ 112.171047921000081, -8.053735791999941, 0.0 ], [ 112.171047921000081, -8.05378338, 0.0 ], [ 112.171036024000045, -8.054033223999966, 0.0 ], [ 112.171238278000033, -8.054140299999972, 0.0 ], [ 112.171309662000112, -8.053795277999939, 0.0 ], [ 112.171416737000072, -8.053319385999941, 0.0 ], [ 112.171571402000041, -8.052914876999978, 0.0 ], [ 112.171726067, -8.052902979999942, 0.0 ], [ 112.171940218000032, -8.05281969899994, 0.0 ], [ 112.172213857000088, -8.052379498999926, 0.0 ], [ 112.172390115000098, -8.052214224999943, 0.0 ], [ 112.172544781000056, -8.052023868999981, 0.0 ], [ 112.172598318000041, -8.051892997999971, 0.0 ], [ 112.172574524000083, -8.051684794999971, 0.0 ], [ 112.172598318000041, -8.051256491999936, 0.0 ], [ 112.172735137000018, -8.051179159999947, 0.0 ], [ 112.17288385400002, -8.051089929999932, 0.0 ], [ 112.173032570000032, -8.05091147, 0.0 ], [ 112.173133697000026, -8.050792496999975, 0.0 ], [ 112.173252670000011, -8.050661626999954, 0.0 ], [ 112.173347848000049, -8.050608088999979, 0.0 ], [ 112.173550103000025, -8.050542653999969, 0.0 ], [ 112.173758305000092, -8.050423680999927, 0.0 ], [ 112.173895124000069, -8.050423680999927, 0.0 ], [ 112.174061687000062, -8.050459372999967, 0.0 ], [ 112.174210403000075, -8.050578345999952, 0.0 ], [ 112.174335324000026, -8.050619985999958, 0.0 ], [ 112.174343474000011, -8.050273674999971, 0.0 ], [ 112.17439106300003, -8.050023831999965, 0.0 ], [ 112.174533831000076, -8.049191020999956, 0.0 ], [ 112.174598870000068, -8.047657854999954, 0.0 ], [ 112.174741637000011, -8.046801248999941, 0.0 ], [ 112.174732120000044, -8.046458605999931, 0.0 ], [ 112.17486537000002, -8.04623969599993, 0.0 ], [ 112.175436440000112, -8.045088036999971, 0.0 ], [ 112.176036065000062, -8.044202876999975, 0.0 ], [ 112.176359671000114, -8.043755537999971, 0.0 ], [ 112.176987849000056, -8.042870379999954, 0.0 ], [ 112.177121099000033, -8.039601, 0.0 ], [ 112.178205498000011, -8.039452679999954, 0.0 ], [ 112.180439812000031, -8.039181421999956, 0.0 ], [ 112.180254214000115, -8.038260569999977, 0.0 ], [ 112.180161415000043, -8.037375410999971, 0.0 ], [ 112.18001150900011, -8.035819243999981, 0.0 ], [ 112.179904046000047, -8.034488813999928, 0.0 ], [ 112.18, -8.03447, 0.0 ], [ 112.18038, -8.03441, 0.0 ], [ 112.18059, -8.03434, 0.0 ], [ 112.180966288000036, -8.034306996999931, 0.0 ], [ 112.180938034000064, -8.03389264499998, 0.0 ], [ 112.181, -8.03362, 0.0 ], [ 112.18104, -8.0334, 0.0 ], [ 112.18139, -8.03334, 0.0 ], [ 112.181699999000102, -8.03328, 0.0 ], [ 112.18204, -8.03327, 0.0 ], [ 112.182829999000091, -8.03324, 0.0 ], [ 112.18313, -8.03323, 0.0 ], [ 112.184329180000077, -8.033218987999931, 0.0 ], [ 112.185899624000058, -8.033197572999939, 0.0 ], [ 112.186570632000098, -8.033204710999939, 0.0 ], [ 112.187462930000038, -8.033190433999948, 0.0 ], [ 112.188097089000053, -8.033186412999953, 0.0 ] ] ] ] } },
{ "type": "Feature", "properties": { "OBJECTID": 116180.0, "KDPPUM": "35", "NAMOBJ": "Jiwut", "REMARK": null, "KDPBPS": null, "FCODE": "BA03070040", "LUASWH": 4.57524523, "UUPP": "Hasil Delineasi Batas Desa 2019", "SRS_ID": "SRGI 2013", "METADATA": "TASWIL1000020200326DATA_BATAS_DESA_KELURAHAN", "KDEBPS": null, "KDEPUM": "35.05.09.2010", "KDCBPS": null, "KDCPUM": "35.05.09", "KDBBPS": null, "WADMKD": "Jiwut", "WIADKD": null, "WADMKC": "Nglegok", "WIADKC": null, "WADMKK": "Blitar", "WIADKK": null, "WADMPR": "Jawa Timur", "WIADPR": null, "TIPADM": 1.0, "KDPKAB": "35.05", "SHAPE_Leng": 0.107185676500819, "SHAPE_Area": 0.00035805197837500001 }, "geometry": { "type": "MultiPolygon", "coordinates": [ [ [ [ 112.22009, -8.04662, 0.0 ], [ 112.22017, -8.046729998999979, 0.0 ], [ 112.22027, -8.04691, 0.0 ], [ 112.22034, -8.04713, 0.0 ], [ 112.2203, -8.04744999899998, 0.0 ], [ 112.22026, -8.047859998999968, 0.0 ], [ 112.22032, -8.04802, 0.0 ], [ 112.220409999000026, -8.048229998999943, 0.0 ], [ 112.220469999000102, -8.04838, 0.0 ], [ 112.220389999000076, -8.04853, 0.0 ], [ 112.22029, -8.04859, 0.0 ], [ 112.220205695000118, -8.048628639999947, 0.0 ], [ 112.220130610000069, -8.048733588999937, 0.0 ], [ 112.220142507000105, -8.048852561999979, 0.0 ], [ 112.220207943000105, -8.049054816999956, 0.0 ], [ 112.220190097000113, -8.049197583999955, 0.0 ], [ 112.220117026000025, -8.049281615999973, 0.0 ], [ 112.220071124000015, -8.049334402999932, 0.0 ], [ 112.21995809900011, -8.049465273999942, 0.0 ], [ 112.219791537000106, -8.049602092999976, 0.0 ], [ 112.219720153000026, -8.049738911999953, 0.0 ], [ 112.219637670000111, -8.049929972999962, 0.0 ], [ 112.21962, -8.049949998999978, 0.0 ], [ 112.21958999900005, -8.05011, 0.0 ], [ 112.2196, -8.05043, 0.0 ], [ 112.219609999000113, -8.05088, 0.0 ], [ 112.219627891000073, -8.051372027999946, 0.0 ], [ 112.21953574500003, -8.051559198999939, 0.0 ], [ 112.219446515000072, -8.051701966999929, 0.0 ], [ 112.219345388000079, -8.051850682999941, 0.0 ], [ 112.219321593000018, -8.05220165399993, 0.0 ], [ 112.219295572000078, -8.052377296999964, 0.0 ], [ 112.219274830000018, -8.05242085499998, 0.0 ], [ 112.21919587900004, -8.052484015999937, 0.0 ], [ 112.2190816640001, -8.052541122999969, 0.0 ], [ 112.219024557000012, -8.052541122999969, 0.0 ], [ 112.218853236000086, -8.052293659999975, 0.0 ], [ 112.218748540000092, -8.052217516999974, 0.0 ], [ 112.218529629000045, -8.052217516999974, 0.0 ], [ 112.218396380000058, -8.052236551999954, 0.0 ], [ 112.218291683000075, -8.052293659999975, 0.0 ], [ 112.2182600000001, -8.05253, 0.0 ], [ 112.218282084000066, -8.052772293999965, 0.0 ], [ 112.218206023000107, -8.052940872999955, 0.0 ], [ 112.218148916000018, -8.053074122999931, 0.0 ], [ 112.21811084400008, -8.05324544399997, 0.0 ], [ 112.218132750000109, -8.053530222999939, 0.0 ], [ 112.218139398000062, -8.053616639999973, 0.0 ], [ 112.218082291000087, -8.053826031999961, 0.0 ], [ 112.217996630000016, -8.053902174999962, 0.0 ], [ 112.217891934000022, -8.053883138999936, 0.0 ], [ 112.217748991, -8.053760214999954, 0.0 ], [ 112.217650204000051, -8.053738738999925, 0.0 ], [ 112.217609652000078, -8.053730075999965, 0.0 ], [ 112.217435077, -8.053692782999974, 0.0 ], [ 112.217349417000037, -8.053711817999954, 0.0 ], [ 112.21737, -8.05391, 0.0 ], [ 112.217473149000057, -8.054178192999927, 0.0 ], [ 112.217577845000051, -8.054349513999966, 0.0 ], [ 112.217568327000095, -8.054520834999948, 0.0 ], [ 112.21751122, -8.054616012999929, 0.0 ], [ 112.217249999000046, -8.05471, 0.0 ], [ 112.217145796000068, -8.054821150999942, 0.0 ], [ 112.2171, -8.05487, 0.0 ], [ 112.21701, -8.05508, 0.0 ], [ 112.216962878000118, -8.055191603999958, 0.0 ], [ 112.216721239000094, -8.055482136999956, 0.0 ], [ 112.216454739000028, -8.055624904999945, 0.0 ], [ 112.21579, -8.05592, 0.0 ], [ 112.21548, -8.056089998999937, 0.0 ], [ 112.215299999000081, -8.05624, 0.0 ], [ 112.21518, -8.05634, 0.0 ], [ 112.21501, -8.05653, 0.0 ], [ 112.214967979000107, -8.056602276999968, 0.0 ], [ 112.214826324000114, -8.05684592199998, 0.0 ], [ 112.21476, -8.05696, 0.0 ], [ 112.214129999000079, -8.057339998999964, 0.0 ], [ 112.213459897, -8.05737622099997, 0.0 ], [ 112.213311904000079, -8.057463671999926, 0.0 ], [ 112.21328513900005, -8.057479486999966, 0.0 ], [ 112.213136313000064, -8.057489930999964, 0.0 ], [ 112.212946066000086, -8.057503280999981, 0.0 ], [ 112.212773555000012, -8.057562767999968, 0.0 ], [ 112.212672428000019, -8.057681740999953, 0.0 ], [ 112.212654582000027, -8.057848302999957, 0.0 ], [ 112.212682794000102, -8.05795926899998, 0.0 ], [ 112.212743811000109, -8.058199273999946, 0.0 ], [ 112.212580477000074, -8.058548430999963, 0.0 ], [ 112.212580000000116, -8.058549998999979, 0.0 ], [ 112.21243, -8.05887, 0.0 ], [ 112.212306047000084, -8.059251391999965, 0.0 ], [ 112.212113254000087, -8.059383054999955, 0.0 ], [ 112.211869359000048, -8.059442541999942, 0.0 ], [ 112.211714695000069, -8.05950202799994, 0.0 ], [ 112.211452954000038, -8.059626949999938, 0.0 ], [ 112.211232854000059, -8.059751871999936, 0.0 ], [ 112.211048445000074, -8.059900587999948, 0.0 ], [ 112.210935421000045, -8.060221814999977, 0.0 ], [ 112.21082264000006, -8.060495734999961, 0.0 ], [ 112.210530913000071, -8.060822628999972, 0.0 ], [ 112.210195279000118, -8.06119001199994, 0.0 ], [ 112.210001483000042, -8.061167650999948, 0.0 ], [ 112.209941996000111, -8.061149804999957, 0.0 ], [ 112.209881533000043, -8.06112320099993, 0.0 ], [ 112.209793280000099, -8.061084369999946, 0.0 ], [ 112.209686204000036, -8.061042728999951, 0.0 ], [ 112.209644563000097, -8.060953499999925, 0.0 ], [ 112.209626717000106, -8.060876166999947, 0.0 ], [ 112.209567231000051, -8.060876166999947, 0.0 ], [ 112.209388771000022, -8.060953499999925, 0.0 ], [ 112.209246004000079, -8.060923755999966, 0.0 ], [ 112.209162723000077, -8.061001088999944, 0.0 ], [ 112.208870127000068, -8.061329490999981, 0.0 ], [ 112.208800821000068, -8.061407277999933, 0.0 ], [ 112.208639241000014, -8.061340161999965, 0.0 ], [ 112.208567857000048, -8.061387750999927, 0.0 ], [ 112.208395346000088, -8.061328264999929, 0.0 ], [ 112.208329911000078, -8.061334212999952, 0.0 ], [ 112.208145503000082, -8.061411545999931, 0.0 ], [ 112.208062222000081, -8.061465083999963, 0.0 ], [ 112.207663662000073, -8.061691132999954, 0.0 ], [ 112.206917572000066, -8.062166880999939, 0.0 ], [ 112.206739999000092, -8.06224, 0.0 ], [ 112.206651334000071, -8.062285762999977, 0.0 ], [ 112.20643, -8.0624, 0.0 ], [ 112.206329999000104, -8.06252, 0.0 ], [ 112.2062, -8.06281, 0.0 ], [ 112.20621, -8.06296, 0.0 ], [ 112.20621, -8.06308, 0.0 ], [ 112.206, -8.06327, 0.0 ], [ 112.20564, -8.06349999899993, 0.0 ], [ 112.205380000000105, -8.06369, 0.0 ], [ 112.20523, -8.063889998999969, 0.0 ], [ 112.204865027000096, -8.064521304999971, 0.0 ], [ 112.205048238000018, -8.064699563999966, 0.0 ], [ 112.20502444300007, -8.064866126999959, 0.0 ], [ 112.204760072000113, -8.065197471999966, 0.0 ], [ 112.204590413, -8.065460737999956, 0.0 ], [ 112.204072659000076, -8.065919037999947, 0.0 ], [ 112.204029999000113, -8.06604, 0.0 ], [ 112.20400392900001, -8.066095036999968, 0.0 ], [ 112.203940000000102, -8.066229998999972, 0.0 ], [ 112.20375, -8.06659, 0.0 ], [ 112.20357, -8.06679, 0.0 ], [ 112.203493904000084, -8.066838424999958, 0.0 ], [ 112.20338261500001, -8.066858924999963, 0.0 ], [ 112.203061388000037, -8.066948154999977, 0.0 ], [ 112.202942415000052, -8.067013589999931, 0.0 ], [ 112.202799647, -8.067132562999973, 0.0 ], [ 112.202722315000074, -8.067209895999952, 0.0 ], [ 112.20266, -8.06728, 0.0 ], [ 112.20251, -8.067459998999936, 0.0 ], [ 112.20245430600005, -8.067525818999968, 0.0 ], [ 112.201847863000012, -8.068048655999974, 0.0 ], [ 112.20143, -8.06842, 0.0 ], [ 112.20113, -8.06884, 0.0 ], [ 112.201118591000068, -8.06885521199996, 0.0 ], [ 112.20092000000011, -8.069119998999952, 0.0 ], [ 112.200819643000045, -8.069254960999956, 0.0 ], [ 112.20063, -8.069509998999933, 0.0 ], [ 112.200439999000082, -8.069779998999934, 0.0 ], [ 112.20016, -8.07006, 0.0 ], [ 112.199658926000097, -8.070589981999944, 0.0 ], [ 112.199639999000055, -8.07061, 0.0 ], [ 112.19943, -8.07092, 0.0 ], [ 112.19936, -8.071009998999955, 0.0 ], [ 112.199089015000027, -8.07136905699997, 0.0 ], [ 112.199012705000086, -8.071473948999937, 0.0 ], [ 112.198905903000082, -8.071678049999946, 0.0 ], [ 112.198823256000082, -8.071763671999975, 0.0 ], [ 112.198348972000076, -8.072255024999947, 0.0 ], [ 112.198077411000099, -8.072609287999967, 0.0 ], [ 112.19765604600002, -8.072857149999948, 0.0 ], [ 112.197412151000094, -8.073047506999956, 0.0 ], [ 112.197049283000069, -8.07330924799993, 0.0 ], [ 112.196835132000047, -8.073499603999949, 0.0 ], [ 112.196644775000095, -8.073743498999931, 0.0 ], [ 112.196549596000068, -8.073939804999952, 0.0 ], [ 112.196448469000075, -8.07413016199996, 0.0 ], [ 112.196353291000037, -8.074266980999937, 0.0 ], [ 112.196180780000077, -8.074451388999933, 0.0 ], [ 112.196026115000109, -8.074564412999962, 0.0 ], [ 112.195877399000096, -8.074701231999938, 0.0 ], [ 112.195800066000061, -8.074790461999953, 0.0 ], [ 112.195739236, -8.074869540999941, 0.0 ], [ 112.195681093000076, -8.074945126999978, 0.0 ], [ 112.195484788000044, -8.075189021999961, 0.0 ], [ 112.195413458000075, -8.075233361999949, 0.0 ], [ 112.195360489000109, -8.075233361999949, 0.0 ], [ 112.195350615000052, -8.075233361999949, 0.0 ], [ 112.195205658000077, -8.075233361999949, 0.0 ], [ 112.195071622000114, -8.075248916999954, 0.0 ], [ 112.195007607000093, -8.075256345999946, 0.0 ], [ 112.195017201000041, -8.075249930999973, 0.0 ], [ 112.195045758000106, -8.075163707999934, 0.0 ], [ 112.194922976000043, -8.075049212999943, 0.0 ], [ 112.194793139000012, -8.074984985999947, 0.0 ], [ 112.194655782000041, -8.074813105999965, 0.0 ], [ 112.194539908000024, -8.074598092999963, 0.0 ], [ 112.194503663000091, -8.074519236999947, 0.0 ], [ 112.194546162000051, -8.074275046999958, 0.0 ], [ 112.194444444000055, -8.073611109999945, 0.0 ], [ 112.194499299000086, -8.073034040999971, 0.0 ], [ 112.194474401000093, -8.072746452999979, 0.0 ], [ 112.194449503000101, -8.07245886499993, 0.0 ], [ 112.194447109000066, -8.072431208999944, 0.0 ], [ 112.19452633800006, -8.072430976999954, 0.0 ], [ 112.194605566000064, -8.072430745999952, 0.0 ], [ 112.194659518000094, -8.072430588999964, 0.0 ], [ 112.194792833000065, -8.072430199999928, 0.0 ], [ 112.195022872000095, -8.072278781999955, 0.0 ], [ 112.195087141000045, -8.072140008999952, 0.0 ], [ 112.19516601700002, -8.071969692999971, 0.0 ], [ 112.195330810000087, -8.071674897999969, 0.0 ], [ 112.195371975000057, -8.071597427999961, 0.0 ], [ 112.195400967000069, -8.071542867999938, 0.0 ], [ 112.195445419000066, -8.071459211999979, 0.0 ], [ 112.195456365000041, -8.071407474999944, 0.0 ], [ 112.195481438000115, -8.071288969999955, 0.0 ], [ 112.195506512000065, -8.07117046299993, 0.0 ], [ 112.195523141000081, -8.071093624999946, 0.0 ], [ 112.195554861, -8.070947049999972, 0.0 ], [ 112.195556255000042, -8.070940607999944, 0.0 ], [ 112.195570826000107, -8.070889210999951, 0.0 ], [ 112.19559205500002, -8.070814328999973, 0.0 ], [ 112.195613284000046, -8.070739446999937, 0.0 ], [ 112.195780933000037, -8.07061770699994, 0.0 ], [ 112.196015249000084, -8.070583012999975, 0.0 ], [ 112.196062378000079, -8.070281381999962, 0.0 ], [ 112.196124434000012, -8.070156775999976, 0.0 ], [ 112.196210338000014, -8.06999043299993, 0.0 ], [ 112.196406316000093, -8.069918778999977, 0.0 ], [ 112.196556328000042, -8.069741033999946, 0.0 ], [ 112.196562749, -8.06959780699998, 0.0 ], [ 112.196644376000108, -8.069433900999968, 0.0 ], [ 112.196719141000017, -8.069263195999952, 0.0 ], [ 112.196753032000061, -8.069153985999947, 0.0 ], [ 112.196752390000029, -8.068935762999956, 0.0 ], [ 112.196731000000113, -8.068642589999968, 0.0 ], [ 112.196764670000107, -8.068458365999959, 0.0 ], [ 112.196791518000055, -8.06828098099993, 0.0 ], [ 112.196886870000071, -8.068130674999964, 0.0 ], [ 112.196988298000065, -8.068059326999958, 0.0 ], [ 112.197527873000013, -8.067849577999937, 0.0 ], [ 112.197736259000067, -8.067683865999982, 0.0 ], [ 112.197983555000064, -8.067396506999955, 0.0 ], [ 112.198044497000069, -8.06732569199994, 0.0 ], [ 112.198245329000088, -8.067079427999943, 0.0 ], [ 112.198281741000073, -8.067034779999972, 0.0 ], [ 112.198467969000035, -8.066682494999952, 0.0 ], [ 112.198654536000049, -8.066445060999968, 0.0 ], [ 112.19865333000007, -8.066035897999939, 0.0 ], [ 112.198587408000094, -8.065662814999939, 0.0 ], [ 112.198500112000033, -8.065368754999952, 0.0 ], [ 112.198377311000058, -8.065247082999974, 0.0 ], [ 112.19826923200003, -8.065233041999932, 0.0 ], [ 112.198168208000084, -8.06516873299995, 0.0 ], [ 112.197944932000041, -8.06516938599998, 0.0 ], [ 112.1974841870001, -8.065242516999945, 0.0 ], [ 112.196785950000049, -8.065380945999948, 0.0 ], [ 112.196247934000098, -8.065384670999947, 0.0 ], [ 112.195952634000037, -8.065385531999937, 0.0 ], [ 112.195722155000112, -8.065386205999971, 0.0 ], [ 112.195484368000052, -8.065351006999947, 0.0 ], [ 112.195246603000101, -8.065322988999981, 0.0 ], [ 112.195116854000048, -8.065287474999934, 0.0 ], [ 112.194900801000017, -8.065295282999955, 0.0 ], [ 112.194742389000112, -8.065310102999945, 0.0 ], [ 112.194684538000047, -8.065231307999966, 0.0 ], [ 112.194259171000112, -8.065088980999974, 0.0 ], [ 112.193421928000021, -8.064776676999941, 0.0 ], [ 112.193151654000076, -8.064675860999955, 0.0 ], [ 112.192820572000073, -8.064755786999967, 0.0 ], [ 112.192192823000028, -8.06436998099997, 0.0 ], [ 112.192099455000061, -8.06445998199996, 0.0 ], [ 112.191348572000038, -8.063837643999932, 0.0 ], [ 112.191018748000033, -8.063588136999954, 0.0 ], [ 112.19132, -8.06347, 0.0 ], [ 112.19164, -8.06327, 0.0 ], [ 112.191870000000108, -8.06306, 0.0 ], [ 112.192050000000108, -8.062819998999942, 0.0 ], [ 112.19261, -8.06262, 0.0 ], [ 112.19273, -8.06256, 0.0 ], [ 112.19289, -8.0618, 0.0 ], [ 112.192949999, -8.061549998999965, 0.0 ], [ 112.193009999000083, -8.0614, 0.0 ], [ 112.193009999000083, -8.061179998999933, 0.0 ], [ 112.193009999000083, -8.06093, 0.0 ], [ 112.19325, -8.059969998999975, 0.0 ], [ 112.19352, -8.05944, 0.0 ], [ 112.193580000000111, -8.05935, 0.0 ], [ 112.19399, -8.05926, 0.0 ], [ 112.194239999000047, -8.059189998999955, 0.0 ], [ 112.19437, -8.05911, 0.0 ], [ 112.1944400000001, -8.05898, 0.0 ], [ 112.194480000000112, -8.05865, 0.0 ], [ 112.194480000000112, -8.05838, 0.0 ], [ 112.19447, -8.05819, 0.0 ], [ 112.19474, -8.05787, 0.0 ], [ 112.19513, -8.0574, 0.0 ], [ 112.1953, -8.05723, 0.0 ], [ 112.1956, -8.056989998999939, 0.0 ], [ 112.19501999900001, -8.05682, 0.0 ], [ 112.19519, -8.05649, 0.0 ], [ 112.19527, -8.05624, 0.0 ], [ 112.19569, -8.05546, 0.0 ], [ 112.195790000000102, -8.05521, 0.0 ], [ 112.19666, -8.05528, 0.0 ], [ 112.19679, -8.05521, 0.0 ], [ 112.197000000000116, -8.05523, 0.0 ], [ 112.197410000000104, -8.05538, 0.0 ], [ 112.19752, -8.055389998999942, 0.0 ], [ 112.1977, -8.055289998999967, 0.0 ], [ 112.19785, -8.05509, 0.0 ], [ 112.19793, -8.054919998999935, 0.0 ], [ 112.19797, -8.05482, 0.0 ], [ 112.19802, -8.054589998999973, 0.0 ], [ 112.19803, -8.054489998999941, 0.0 ], [ 112.198059999000066, -8.05433, 0.0 ], [ 112.19817, -8.05388, 0.0 ], [ 112.19829, -8.05347, 0.0 ], [ 112.19842, -8.05205, 0.0 ], [ 112.198670000000106, -8.051449998999942, 0.0 ], [ 112.198899999000105, -8.05118, 0.0 ], [ 112.199030000000107, -8.05097, 0.0 ], [ 112.19937, -8.05041, 0.0 ], [ 112.19946, -8.04962, 0.0 ], [ 112.19945, -8.04925, 0.0 ], [ 112.19953, -8.04838, 0.0 ], [ 112.19956, -8.04808, 0.0 ], [ 112.19955, -8.047879998999974, 0.0 ], [ 112.19974, -8.04746, 0.0 ], [ 112.19985, -8.04732, 0.0 ], [ 112.20016, -8.047179998999979, 0.0 ], [ 112.201, -8.04689, 0.0 ], [ 112.20125, -8.046789998999941, 0.0 ], [ 112.20151, -8.04655, 0.0 ], [ 112.201689999000109, -8.04625, 0.0 ], [ 112.201940658000012, -8.045813929999952, 0.0 ], [ 112.202025308000088, -8.045653753999943, 0.0 ], [ 112.202215419000026, -8.045082520999927, 0.0 ], [ 112.202506902000096, -8.045147955999937, 0.0 ], [ 112.203625249000083, -8.045463234999943, 0.0 ], [ 112.205406946000039, -8.045920265999939, 0.0 ], [ 112.205689233000044, -8.045114048999949, 0.0 ], [ 112.206474456000024, -8.045387686999959, 0.0 ], [ 112.206119208000018, -8.04657713499995, 0.0 ], [ 112.207251943000074, -8.046915931999933, 0.0 ], [ 112.207206041000063, -8.047122491999971, 0.0 ], [ 112.207103129000075, -8.047489524999946, 0.0 ], [ 112.2070460220001, -8.047660844999939, 0.0 ], [ 112.206998432000091, -8.04781788899993, 0.0 ], [ 112.206979397000055, -8.047960657999965, 0.0 ], [ 112.206965120000064, -8.048179567999966, 0.0 ], [ 112.206965120000064, -8.048293781999973, 0.0 ], [ 112.206969879000098, -8.048403237999935, 0.0 ], [ 112.206993674000046, -8.048474620999968, 0.0 ], [ 112.208619624000107, -8.04903242599994, 0.0 ], [ 112.208453235000093, -8.049673868999946, 0.0 ], [ 112.20852, -8.0497, 0.0 ], [ 112.20862000000011, -8.04975, 0.0 ], [ 112.208919444000117, -8.049875572999952, 0.0 ], [ 112.209093291000045, -8.049490670999944, 0.0 ], [ 112.209112326000081, -8.0494050099999, 0.0 ], [ 112.209835682000062, -8.049719098999958, 0.0 ], [ 112.210387522000019, -8.050033028999962, 0.0 ], [ 112.21048, -8.04992, 0.0 ], [ 112.21073, -8.04962, 0.0 ], [ 112.21091, -8.04941, 0.0 ], [ 112.211439999000049, -8.048759998999969, 0.0 ], [ 112.21153, -8.04865, 0.0 ], [ 112.21208, -8.04791999899993, 0.0 ], [ 112.21244, -8.047469998999929, 0.0 ], [ 112.212939999000014, -8.04683, 0.0 ], [ 112.21346, -8.04609, 0.0 ], [ 112.21364, -8.04584, 0.0 ], [ 112.21381, -8.04568, 0.0 ], [ 112.21403, -8.04529, 0.0 ], [ 112.214559999000016, -8.04531, 0.0 ], [ 112.21619, -8.04542, 0.0 ], [ 112.21631, -8.04548, 0.0 ], [ 112.2166, -8.04557, 0.0 ], [ 112.21698, -8.045639998999945, 0.0 ], [ 112.2173, -8.04568, 0.0 ], [ 112.217659999000034, -8.04573, 0.0 ], [ 112.2178, -8.04576, 0.0 ], [ 112.21793, -8.04581, 0.0 ], [ 112.2182600000001, -8.04594, 0.0 ], [ 112.21837, -8.045989998999971, 0.0 ], [ 112.218570000000113, -8.04608, 0.0 ], [ 112.218660000000114, -8.04612, 0.0 ], [ 112.218809999000086, -8.04621, 0.0 ], [ 112.21915, -8.046359998999947, 0.0 ], [ 112.21933, -8.046419998999966, 0.0 ], [ 112.21948, -8.04646, 0.0 ], [ 112.2198, -8.04656, 0.0 ], [ 112.22009, -8.04662, 0.0 ] ] ] ] } }
]
}
