{
"type": "FeatureCollection",
"name": "Ponggok",
"crs": { "type": "name", "properties": { "name": "urn:ogc:def:crs:OGC:1.3:CRS84" } },
"features": [
{ "type": "Feature", "properties": { "OBJECTID": 116148.0, "KDPPUM": "35", "NAMOBJ": "Jatilengger", "REMARK": null, "KDPBPS": null, "FCODE": "BA03070040", "LUASWH": 3.72278216, "UUPP": "Hasil Delineasi Batas Desa 2019", "SRS_ID": "SRGI 2013", "METADATA": "TASWIL1000020200326DATA_BATAS_DESA_KELURAHAN", "KDEBPS": null, "KDEPUM": "35.05.06.2010", "KDCBPS": null, "KDCPUM": "35.05.06", "KDBBPS": null, "WADMKD": "Jatilengger", "WIADKD": null, "WADMKC": "Ponggok", "WIADKC": null, "WADMKK": "Blitar", "WIADKK": null, "WADMPR": "Jawa Timur", "WIADPR": null, "TIPADM": 1.0, "KDPKAB": "35.05", "SHAPE_Leng": 0.089774728560973002, "SHAPE_Area": 0.00030551709639300002 }, "geometry": { "type": "MultiPolygon", "coordinates": [ [ [ [ 112.11139, -8.06098, 0.0 ], [ 112.12129, -8.06361, 0.0 ], [ 112.12121, -8.06381, 0.0 ], [ 112.12085, -8.0649, 0.0 ], [ 112.120775002000073, -8.065321863999941, 0.0 ], [ 112.126117136000062, -8.066734060999977, 0.0 ], [ 112.12588, -8.06691, 0.0 ], [ 112.12578, -8.067049998999948, 0.0 ], [ 112.12556, -8.06732, 0.0 ], [ 112.125410000000102, -8.06739, 0.0 ], [ 112.12516, -8.0674, 0.0 ], [ 112.125000000000114, -8.067479998999943, 0.0 ], [ 112.12494, -8.067559998999968, 0.0 ], [ 112.124869999000111, -8.06776, 0.0 ], [ 112.124730000000113, -8.06804, 0.0 ], [ 112.124730000000113, -8.06819, 0.0 ], [ 112.1247, -8.0684, 0.0 ], [ 112.124690000000101, -8.06855, 0.0 ], [ 112.12471, -8.06888, 0.0 ], [ 112.124559999000098, -8.06907, 0.0 ], [ 112.1243300000001, -8.069409998999959, 0.0 ], [ 112.12434, -8.06952, 0.0 ], [ 112.1244200000001, -8.06968, 0.0 ], [ 112.1247, -8.07007, 0.0 ], [ 112.124780000000101, -8.07033, 0.0 ], [ 112.12494, -8.07081, 0.0 ], [ 112.12488, -8.070949998999936, 0.0 ], [ 112.12475, -8.07126, 0.0 ], [ 112.12474, -8.07149, 0.0 ], [ 112.12474, -8.07182, 0.0 ], [ 112.1247, -8.07227, 0.0 ], [ 112.12467, -8.0725, 0.0 ], [ 112.1243300000001, -8.0733, 0.0 ], [ 112.124100000000112, -8.07366, 0.0 ], [ 112.12402, -8.07418, 0.0 ], [ 112.12393, -8.074559998999973, 0.0 ], [ 112.12391, -8.07465, 0.0 ], [ 112.12377, -8.074559998999973, 0.0 ], [ 112.122326298000075, -8.073794265999936, 0.0 ], [ 112.119004570000016, -8.072004910999965, 0.0 ], [ 112.118277822000096, -8.073116406999929, 0.0 ], [ 112.117799076000097, -8.073308557999951, 0.0 ], [ 112.117310929000041, -8.073609321999982, 0.0 ], [ 112.116892144000076, -8.073742571999958, 0.0 ], [ 112.116654198000106, -8.073837749999939, 0.0 ], [ 112.116501912000103, -8.073923410999953, 0.0 ], [ 112.116254448000063, -8.074018588999934, 0.0 ], [ 112.1159879490001, -8.07403762499996, 0.0 ], [ 112.115711931000078, -8.074085213999979, 0.0 ], [ 112.115283628000043, -8.074094731999935, 0.0 ], [ 112.115026647000036, -8.074094731999935, 0.0 ], [ 112.114831019, -8.07410148799994, 0.0 ], [ 112.114634868000053, -8.074501143999953, 0.0 ], [ 112.114330000000109, -8.07544, 0.0 ], [ 112.114112105000117, -8.075342104999947, 0.0 ], [ 112.114064953000025, -8.07533574699994, 0.0 ], [ 112.113411643000063, -8.075243602999933, 0.0 ], [ 112.113492426000107, -8.074851806999959, 0.0 ], [ 112.113284881000027, -8.07482284699995, 0.0 ], [ 112.11109577700006, -8.074365990999979, 0.0 ], [ 112.111043784000117, -8.074724505999939, 0.0 ], [ 112.10941587700006, -8.074137561999976, 0.0 ], [ 112.109130342000071, -8.074066178999942, 0.0 ], [ 112.108987575000015, -8.073994794999976, 0.0 ], [ 112.108716316000027, -8.073966240999937, 0.0 ], [ 112.10801, -8.073799998999959, 0.0 ], [ 112.10782, -8.073779998999953, 0.0 ], [ 112.107825343000059, -8.073802372999978, 0.0 ], [ 112.107824281000035, -8.073801668999977, 0.0 ], [ 112.105851445000098, -8.073352339999929, 0.0 ], [ 112.105722954000044, -8.074922783999966, 0.0 ], [ 112.105551633, -8.075179765999962, 0.0 ], [ 112.105380312000079, -8.075422470999968, 0.0 ], [ 112.105109053000092, -8.076764486999934, 0.0 ], [ 112.105037669000012, -8.077435494999975, 0.0 ], [ 112.105051946000117, -8.078120779999949, 0.0 ], [ 112.105137607000074, -8.078577636999967, 0.0 ], [ 112.105085747000089, -8.078958002999968, 0.0 ], [ 112.104561831000069, -8.078999479999936, 0.0 ], [ 112.10405, -8.07904, 0.0 ], [ 112.10331, -8.07905, 0.0 ], [ 112.10291, -8.07906, 0.0 ], [ 112.102310000000102, -8.0791, 0.0 ], [ 112.10153, -8.07912, 0.0 ], [ 112.1007800000001, -8.079139998999949, 0.0 ], [ 112.10066, -8.07915, 0.0 ], [ 112.099949999000046, -8.07919, 0.0 ], [ 112.099485867000112, -8.079209891999938, 0.0 ], [ 112.099480611000104, -8.079115221999928, 0.0 ], [ 112.099464468000065, -8.078958604999968, 0.0 ], [ 112.099390618000029, -8.078960191999954, 0.0 ], [ 112.099256200000013, -8.078963079999937, 0.0 ], [ 112.099243601000012, -8.078797665999957, 0.0 ], [ 112.09922420800001, -8.078543063999973, 0.0 ], [ 112.099269129000049, -8.078420533999974, 0.0 ], [ 112.09927785900004, -8.078396720999933, 0.0 ], [ 112.0993370220001, -8.078095466999969, 0.0 ], [ 112.099415804000046, -8.077694318999932, 0.0 ], [ 112.099483488000033, -8.07734968099993, 0.0 ], [ 112.099551668000117, -8.077012089999926, 0.0 ], [ 112.099559677000116, -8.07697243299998, 0.0 ], [ 112.09958605700001, -8.076808821999975, 0.0 ], [ 112.09968876500011, -8.076171829999964, 0.0 ], [ 112.099698683000042, -8.076055546999953, 0.0 ], [ 112.09972618200004, -8.075733127999968, 0.0 ], [ 112.099738406000029, -8.075413044999948, 0.0 ], [ 112.099740317000055, -8.075363012999958, 0.0 ], [ 112.099731612000028, -8.075362089999942, 0.0 ], [ 112.098910705000094, -8.075275070999965, 0.0 ], [ 112.098865438000075, -8.075265170999955, 0.0 ], [ 112.098968841000101, -8.074721394999926, 0.0 ], [ 112.099038900000096, -8.074352966999982, 0.0 ], [ 112.099095267000052, -8.074104587999955, 0.0 ], [ 112.0990985520001, -8.074090111999965, 0.0 ], [ 112.099191675000043, -8.073679768999966, 0.0 ], [ 112.099252990000082, -8.073409585999968, 0.0 ], [ 112.099336939000068, -8.073039664999953, 0.0 ], [ 112.099597353000036, -8.072683286999961, 0.0 ], [ 112.099803338000015, -8.072300756999937, 0.0 ], [ 112.099961509000082, -8.07200702199998, 0.0 ], [ 112.09996745300009, -8.071995983999955, 0.0 ], [ 112.100438298000086, -8.071388562999971, 0.0 ], [ 112.100445665000052, -8.071296973999949, 0.0 ], [ 112.100453529000106, -8.071199208999928, 0.0 ], [ 112.100564939000037, -8.069814177999945, 0.0 ], [ 112.100661989000059, -8.06860766099993, 0.0 ], [ 112.100700845, -8.068106600999954, 0.0 ], [ 112.100167708000072, -8.068056954999975, 0.0 ], [ 112.099916525000026, -8.068033563999961, 0.0 ], [ 112.099705846, -8.066427697999927, 0.0 ], [ 112.09959110200009, -8.065553080999962, 0.0 ], [ 112.099590870000043, -8.065551316999972, 0.0 ], [ 112.099573797000062, -8.065421177999951, 0.0 ], [ 112.099562408000111, -8.065334366999934, 0.0 ], [ 112.09999, -8.0653, 0.0 ], [ 112.10052, -8.06527, 0.0 ], [ 112.10070999900006, -8.06524, 0.0 ], [ 112.10171, -8.065179998999952, 0.0 ], [ 112.10185, -8.065179998999952, 0.0 ], [ 112.101899999000011, -8.065119998999933, 0.0 ], [ 112.10232, -8.06466, 0.0 ], [ 112.10246, -8.0645, 0.0 ], [ 112.102530000000115, -8.06443, 0.0 ], [ 112.102850000000103, -8.06409, 0.0 ], [ 112.102949999000089, -8.063969998999937, 0.0 ], [ 112.102969999000038, -8.06386, 0.0 ], [ 112.103009999000051, -8.06381, 0.0 ], [ 112.10326, -8.063559998999949, 0.0 ], [ 112.10386, -8.06299, 0.0 ], [ 112.103880000000117, -8.06293, 0.0 ], [ 112.104020000000105, -8.062839998999948, 0.0 ], [ 112.10446, -8.06238, 0.0 ], [ 112.10471, -8.06203, 0.0 ], [ 112.1048, -8.06186, 0.0 ], [ 112.10514, -8.06127, 0.0 ], [ 112.105640000000108, -8.06058, 0.0 ], [ 112.10594, -8.06057, 0.0 ], [ 112.1063, -8.06055, 0.0 ], [ 112.10682, -8.06053, 0.0 ], [ 112.10756, -8.06053, 0.0 ], [ 112.10805, -8.06051, 0.0 ], [ 112.10856, -8.06051, 0.0 ], [ 112.10934, -8.06068, 0.0 ], [ 112.11016, -8.060889998999926, 0.0 ], [ 112.11139, -8.06098, 0.0 ] ] ] ] } },
{ "type": "Feature", "properties": { "OBJECTID": 116151.0, "KDPPUM": "35", "NAMOBJ": "Pojok", "REMARK": null, "KDPBPS": null, "FCODE": "BA03070040", "LUASWH": 3.54561042, "UUPP": "Hasil Delineasi Batas Desa 2019", "SRS_ID": "SRGI 2013", "METADATA": "TASWIL1000020200326DATA_BATAS_DESA_KELURAHAN", "KDEBPS": null, "KDEPUM": "35.05.06.2008", "KDCBPS": null, "KDCPUM": "35.05.06", "KDBBPS": null, "WADMKD": "Pojok", "WIADKD": null, "WADMKC": "Ponggok", "WIADKC": null, "WADMKK": "Blitar", "WIADKK": null, "WADMPR": "Jawa Timur", "WIADPR": null, "TIPADM": 1.0, "KDPKAB": "35.05", "SHAPE_Leng": 0.090382008450288001, "SHAPE_Area": 0.00029095898660599998 }, "geometry": { "type": "MultiPolygon", "coordinates": [ [ [ [ 112.123429999000109, -8.04763, 0.0 ], [ 112.12323, -8.04782, 0.0 ], [ 112.12306, -8.04782, 0.0 ], [ 112.122390000000109, -8.04783, 0.0 ], [ 112.12217, -8.047839998999962, 0.0 ], [ 112.121940000000109, -8.047859998999968, 0.0 ], [ 112.12164, -8.04785, 0.0 ], [ 112.12141, -8.04782, 0.0 ], [ 112.1212, -8.047859998999968, 0.0 ], [ 112.120949999000118, -8.04797, 0.0 ], [ 112.120500000000106, -8.048229998999943, 0.0 ], [ 112.12026, -8.04836, 0.0 ], [ 112.119779999000116, -8.048639998999931, 0.0 ], [ 112.11956, -8.04875, 0.0 ], [ 112.11854, -8.04924, 0.0 ], [ 112.11788, -8.04962, 0.0 ], [ 112.117829999000037, -8.04966, 0.0 ], [ 112.11691, -8.05029, 0.0 ], [ 112.11673, -8.05041, 0.0 ], [ 112.116490000000113, -8.0506, 0.0 ], [ 112.11623, -8.05083, 0.0 ], [ 112.11608, -8.05096, 0.0 ], [ 112.11572, -8.05125, 0.0 ], [ 112.11558, -8.05135, 0.0 ], [ 112.114789999000095, -8.05201, 0.0 ], [ 112.11461, -8.05214, 0.0 ], [ 112.11452, -8.0522, 0.0 ], [ 112.11385, -8.05272, 0.0 ], [ 112.11349, -8.05312, 0.0 ], [ 112.113340000000107, -8.05309, 0.0 ], [ 112.11326, -8.05308, 0.0 ], [ 112.112819999000067, -8.052989998999976, 0.0 ], [ 112.11232, -8.05291, 0.0 ], [ 112.11211, -8.05289, 0.0 ], [ 112.11211, -8.05259, 0.0 ], [ 112.11213, -8.05245, 0.0 ], [ 112.10786, -8.05161, 0.0 ], [ 112.10787, -8.05089, 0.0 ], [ 112.10794, -8.0505, 0.0 ], [ 112.107669999000109, -8.05047, 0.0 ], [ 112.10761, -8.05046, 0.0 ], [ 112.107339999000033, -8.05042, 0.0 ], [ 112.10671, -8.050339998999959, 0.0 ], [ 112.105745852000041, -8.050288852999927, 0.0 ], [ 112.103697136000051, -8.050153223999928, 0.0 ], [ 112.103383048000069, -8.050103254999954, 0.0 ], [ 112.103275972, -8.050053286999969, 0.0 ], [ 112.10321172600004, -8.04991765699998, 0.0 ], [ 112.103147481000065, -8.049782027999981, 0.0 ], [ 112.102811977000101, -8.049610706999943, 0.0 ], [ 112.102554995000105, -8.049510769999927, 0.0 ], [ 112.10213383100006, -8.049517907999928, 0.0 ], [ 112.10077, -8.04961, 0.0 ], [ 112.10066, -8.0496, 0.0 ], [ 112.10054, -8.04959, 0.0 ], [ 112.10027, -8.04957, 0.0 ], [ 112.10011, -8.04955, 0.0 ], [ 112.09981, -8.04949, 0.0 ], [ 112.09964, -8.04945, 0.0 ], [ 112.09947000000011, -8.04936, 0.0 ], [ 112.09941, -8.04929, 0.0 ], [ 112.09928, -8.049169998999957, 0.0 ], [ 112.09912999900007, -8.049089998999932, 0.0 ], [ 112.0989, -8.04908, 0.0 ], [ 112.09846, -8.049129998999945, 0.0 ], [ 112.098329999000043, -8.049129998999945, 0.0 ], [ 112.09778, -8.049129998999945, 0.0 ], [ 112.09746, -8.04908, 0.0 ], [ 112.09739, -8.04906, 0.0 ], [ 112.09698, -8.04898, 0.0 ], [ 112.09678, -8.049009998999963, 0.0 ], [ 112.0962, -8.04916, 0.0 ], [ 112.09543, -8.04929, 0.0 ], [ 112.09493, -8.04936, 0.0 ], [ 112.09455, -8.04935, 0.0 ], [ 112.0943899990001, -8.04929, 0.0 ], [ 112.0941, -8.0491, 0.0 ], [ 112.09394, -8.04857, 0.0 ], [ 112.09382, -8.04815, 0.0 ], [ 112.09379, -8.04763, 0.0 ], [ 112.09382, -8.04729, 0.0 ], [ 112.09421, -8.04731, 0.0 ], [ 112.094739999000012, -8.04731, 0.0 ], [ 112.096500000000106, -8.04733, 0.0 ], [ 112.09703, -8.04734, 0.0 ], [ 112.09775, -8.04737, 0.0 ], [ 112.09793, -8.04737, 0.0 ], [ 112.10007, -8.04744, 0.0 ], [ 112.10101, -8.04748, 0.0 ], [ 112.1012, -8.0466, 0.0 ], [ 112.10125, -8.046419998999966, 0.0 ], [ 112.10146, -8.04534, 0.0 ], [ 112.10152, -8.04503, 0.0 ], [ 112.1021, -8.04518, 0.0 ], [ 112.102949999000089, -8.04527, 0.0 ], [ 112.102980000000116, -8.04479, 0.0 ], [ 112.10313, -8.044819998999969, 0.0 ], [ 112.1035, -8.04487, 0.0 ], [ 112.10368, -8.04491, 0.0 ], [ 112.10369, -8.044819998999969, 0.0 ], [ 112.10372, -8.04466, 0.0 ], [ 112.103789999000014, -8.04444, 0.0 ], [ 112.10401, -8.043999998999936, 0.0 ], [ 112.104110000000105, -8.04382, 0.0 ], [ 112.104199999000116, -8.04366, 0.0 ], [ 112.104560000000106, -8.04313, 0.0 ], [ 112.10485, -8.04303, 0.0 ], [ 112.10514, -8.04296, 0.0 ], [ 112.10536, -8.042829998999935, 0.0 ], [ 112.10552, -8.04266, 0.0 ], [ 112.10562, -8.042479998999966, 0.0 ], [ 112.10562, -8.042089998999927, 0.0 ], [ 112.10562, -8.04189, 0.0 ], [ 112.10566, -8.04179, 0.0 ], [ 112.10575, -8.04157, 0.0 ], [ 112.105759999000043, -8.04137, 0.0 ], [ 112.105730000000108, -8.041189998999926, 0.0 ], [ 112.10563, -8.04093, 0.0 ], [ 112.10558, -8.04077, 0.0 ], [ 112.10557, -8.0407, 0.0 ], [ 112.1056, -8.04044, 0.0 ], [ 112.10567, -8.04024, 0.0 ], [ 112.105799999000055, -8.04, 0.0 ], [ 112.10592, -8.03997, 0.0 ], [ 112.10635, -8.03996, 0.0 ], [ 112.1068, -8.03995, 0.0 ], [ 112.10686, -8.03982, 0.0 ], [ 112.106869999000082, -8.03974, 0.0 ], [ 112.10694, -8.03964, 0.0 ], [ 112.10698, -8.03959, 0.0 ], [ 112.10708000000011, -8.03941, 0.0 ], [ 112.107359999000096, -8.038909998999941, 0.0 ], [ 112.10751, -8.03869, 0.0 ], [ 112.107669999000109, -8.038579998999978, 0.0 ], [ 112.107749999000021, -8.03855, 0.0 ], [ 112.10784, -8.038539998999966, 0.0 ], [ 112.108340000000112, -8.03862, 0.0 ], [ 112.108700000000113, -8.03868, 0.0 ], [ 112.10878, -8.03869, 0.0 ], [ 112.10909, -8.03868, 0.0 ], [ 112.10957, -8.03868, 0.0 ], [ 112.11026, -8.0388, 0.0 ], [ 112.110479999000063, -8.0388, 0.0 ], [ 112.110869999000101, -8.03868, 0.0 ], [ 112.11112, -8.03865, 0.0 ], [ 112.11121, -8.03866, 0.0 ], [ 112.111629999000115, -8.038849998999979, 0.0 ], [ 112.11174, -8.038889998999935, 0.0 ], [ 112.111810000000105, -8.038909998999941, 0.0 ], [ 112.11207, -8.03888, 0.0 ], [ 112.11222, -8.03882, 0.0 ], [ 112.11229, -8.03878, 0.0 ], [ 112.112409999000079, -8.03868, 0.0 ], [ 112.11248, -8.038539998999966, 0.0 ], [ 112.11266, -8.03816, 0.0 ], [ 112.11294, -8.03752, 0.0 ], [ 112.11299, -8.03742, 0.0 ], [ 112.11312, -8.03715, 0.0 ], [ 112.11318, -8.03706, 0.0 ], [ 112.11342, -8.03675, 0.0 ], [ 112.113619999000093, -8.03652, 0.0 ], [ 112.11386, -8.03635, 0.0 ], [ 112.114339999000094, -8.03602, 0.0 ], [ 112.11470999900007, -8.035789998999974, 0.0 ], [ 112.11486, -8.03564, 0.0 ], [ 112.11506, -8.03518, 0.0 ], [ 112.115099999000108, -8.03509, 0.0 ], [ 112.11515, -8.03498, 0.0 ], [ 112.11524, -8.03489, 0.0 ], [ 112.1154, -8.03486, 0.0 ], [ 112.11546, -8.03486, 0.0 ], [ 112.11567, -8.0349, 0.0 ], [ 112.115979999000047, -8.03506, 0.0 ], [ 112.11692, -8.035749998999961, 0.0 ], [ 112.11759, -8.03578, 0.0 ], [ 112.117620000000102, -8.03519, 0.0 ], [ 112.11773, -8.03358, 0.0 ], [ 112.12223, -8.03451, 0.0 ], [ 112.123200000000111, -8.03488, 0.0 ], [ 112.12385, -8.03498, 0.0 ], [ 112.12377, -8.036649998999962, 0.0 ], [ 112.123779999000021, -8.03749, 0.0 ], [ 112.12369, -8.03838, 0.0 ], [ 112.123759999000072, -8.03951, 0.0 ], [ 112.12366, -8.04064, 0.0 ], [ 112.12362, -8.04142, 0.0 ], [ 112.123560000000111, -8.041969998999946, 0.0 ], [ 112.12386, -8.04194, 0.0 ], [ 112.12386, -8.04245, 0.0 ], [ 112.123830000000112, -8.042829998999935, 0.0 ], [ 112.123779999000021, -8.04317999899996, 0.0 ], [ 112.12346, -8.04313, 0.0 ], [ 112.12355, -8.04415, 0.0 ], [ 112.12357, -8.04502, 0.0 ], [ 112.1236, -8.0459, 0.0 ], [ 112.123429999000109, -8.04763, 0.0 ] ] ] ] } },
{ "type": "Feature", "properties": { "OBJECTID": 116153.0, "KDPPUM": "35", "NAMOBJ": "Maliran", "REMARK": null, "KDPBPS": null, "FCODE": "BA03070040", "LUASWH": 9.11169782, "UUPP": "Hasil Delineasi Batas Desa 2019", "SRS_ID": "SRGI 2013", "METADATA": "TASWIL1000020200326DATA_BATAS_DESA_KELURAHAN", "KDEBPS": null, "KDEPUM": "35.05.06.2013", "KDCBPS": null, "KDCPUM": "35.05.06", "KDBBPS": null, "WADMKD": "Maliran", "WIADKD": null, "WADMKC": "Ponggok", "WIADKC": null, "WADMKK": "Blitar", "WIADKK": null, "WADMPR": "Jawa Timur", "WIADPR": null, "TIPADM": 1.0, "KDPKAB": "35.05", "SHAPE_Leng": 0.163186306458974, "SHAPE_Area": 0.00074771658385700001 }, "geometry": { "type": "MultiPolygon", "coordinates": [ [ [ [ 112.14996, -8.0462, 0.0 ], [ 112.148839999000074, -8.04725, 0.0 ], [ 112.14744, -8.047839998999962, 0.0 ], [ 112.14565, -8.04852, 0.0 ], [ 112.145249999000043, -8.048639998999931, 0.0 ], [ 112.144050000000107, -8.049009998999963, 0.0 ], [ 112.14361, -8.04924, 0.0 ], [ 112.14348, -8.04941, 0.0 ], [ 112.14335, -8.04979, 0.0 ], [ 112.14317, -8.05045, 0.0 ], [ 112.14282, -8.05103, 0.0 ], [ 112.14253, -8.0512, 0.0 ], [ 112.142169999000089, -8.05146, 0.0 ], [ 112.14158, -8.05196, 0.0 ], [ 112.14068, -8.05243, 0.0 ], [ 112.140609999000048, -8.0525, 0.0 ], [ 112.1405, -8.05261, 0.0 ], [ 112.1403, -8.05294, 0.0 ], [ 112.14019, -8.05341, 0.0 ], [ 112.140159999000048, -8.053729998999927, 0.0 ], [ 112.14007, -8.05389, 0.0 ], [ 112.13966, -8.05452, 0.0 ], [ 112.13935, -8.05506, 0.0 ], [ 112.13885, -8.05577, 0.0 ], [ 112.13853, -8.05603, 0.0 ], [ 112.13815000000011, -8.05626, 0.0 ], [ 112.137819999000044, -8.05651, 0.0 ], [ 112.13753, -8.05665, 0.0 ], [ 112.13728, -8.05671, 0.0 ], [ 112.13687, -8.056849998999951, 0.0 ], [ 112.13627, -8.05705, 0.0 ], [ 112.13588, -8.05715, 0.0 ], [ 112.13559, -8.05733, 0.0 ], [ 112.13534, -8.05749, 0.0 ], [ 112.13493, -8.057769998999959, 0.0 ], [ 112.13485, -8.05794, 0.0 ], [ 112.13467, -8.05846, 0.0 ], [ 112.133939999000063, -8.05963, 0.0 ], [ 112.13358, -8.05994, 0.0 ], [ 112.133290000000102, -8.06004, 0.0 ], [ 112.13292, -8.06019, 0.0 ], [ 112.13265, -8.06037, 0.0 ], [ 112.13237, -8.06051, 0.0 ], [ 112.13169, -8.06078, 0.0 ], [ 112.13026, -8.06135, 0.0 ], [ 112.129910000000109, -8.06148, 0.0 ], [ 112.12974, -8.061549998999965, 0.0 ], [ 112.12956, -8.0616, 0.0 ], [ 112.12933, -8.061689998999952, 0.0 ], [ 112.129259999000055, -8.06173, 0.0 ], [ 112.128419999000016, -8.061979998999959, 0.0 ], [ 112.12796, -8.06209, 0.0 ], [ 112.1278, -8.06219, 0.0 ], [ 112.127750000000106, -8.062329998999928, 0.0 ], [ 112.12776, -8.06266, 0.0 ], [ 112.12777, -8.06273, 0.0 ], [ 112.12783, -8.06299, 0.0 ], [ 112.12797, -8.063249998999936, 0.0 ], [ 112.12798, -8.06341, 0.0 ], [ 112.12792, -8.063639998999975, 0.0 ], [ 112.12769, -8.064419998999938, 0.0 ], [ 112.12759999900004, -8.06496, 0.0 ], [ 112.12745, -8.06517, 0.0 ], [ 112.127120000000104, -8.065489998999965, 0.0 ], [ 112.126899999000102, -8.0657, 0.0 ], [ 112.12679, -8.06591, 0.0 ], [ 112.1267, -8.0662, 0.0 ], [ 112.12663, -8.06634, 0.0 ], [ 112.1265, -8.06645, 0.0 ], [ 112.126225514000112, -8.066653650999967, 0.0 ], [ 112.126117136000062, -8.066734060999977, 0.0 ], [ 112.120775002000073, -8.065321863999941, 0.0 ], [ 112.12085, -8.0649, 0.0 ], [ 112.12121, -8.06381, 0.0 ], [ 112.12129, -8.06361, 0.0 ], [ 112.11139, -8.06098, 0.0 ], [ 112.11144, -8.06056, 0.0 ], [ 112.11153, -8.05989, 0.0 ], [ 112.111589999000103, -8.05944, 0.0 ], [ 112.111609999000052, -8.05912, 0.0 ], [ 112.111689999000077, -8.05868, 0.0 ], [ 112.1118, -8.05825, 0.0 ], [ 112.111810000000105, -8.05818, 0.0 ], [ 112.11193, -8.0577, 0.0 ], [ 112.11209, -8.05696, 0.0 ], [ 112.11218, -8.056539998999938, 0.0 ], [ 112.11234, -8.05588, 0.0 ], [ 112.112440000000106, -8.05552, 0.0 ], [ 112.11268, -8.054629998999928, 0.0 ], [ 112.11288, -8.05466, 0.0 ], [ 112.11296, -8.05467, 0.0 ], [ 112.11348, -8.05476, 0.0 ], [ 112.113619999000093, -8.05479, 0.0 ], [ 112.11381, -8.05481, 0.0 ], [ 112.114150000000109, -8.05486, 0.0 ], [ 112.1142, -8.05436, 0.0 ], [ 112.11423, -8.05413, 0.0 ], [ 112.114319999000031, -8.0533, 0.0 ], [ 112.11405, -8.05325, 0.0 ], [ 112.11374, -8.0532, 0.0 ], [ 112.11367, -8.05318, 0.0 ], [ 112.11349, -8.05312, 0.0 ], [ 112.11385, -8.05272, 0.0 ], [ 112.11452, -8.0522, 0.0 ], [ 112.11461, -8.05214, 0.0 ], [ 112.114789999000095, -8.05201, 0.0 ], [ 112.11558, -8.05135, 0.0 ], [ 112.11572, -8.05125, 0.0 ], [ 112.11608, -8.05096, 0.0 ], [ 112.11623, -8.05083, 0.0 ], [ 112.116490000000113, -8.0506, 0.0 ], [ 112.11673, -8.05041, 0.0 ], [ 112.11691, -8.05029, 0.0 ], [ 112.117829999000037, -8.04966, 0.0 ], [ 112.11788, -8.04962, 0.0 ], [ 112.11854, -8.04924, 0.0 ], [ 112.11956, -8.04875, 0.0 ], [ 112.119779999000116, -8.048639998999931, 0.0 ], [ 112.12026, -8.04836, 0.0 ], [ 112.120500000000106, -8.048229998999943, 0.0 ], [ 112.120949999000118, -8.04797, 0.0 ], [ 112.1212, -8.047859998999968, 0.0 ], [ 112.12141, -8.04782, 0.0 ], [ 112.12164, -8.04785, 0.0 ], [ 112.121940000000109, -8.047859998999968, 0.0 ], [ 112.12217, -8.047839998999962, 0.0 ], [ 112.122390000000109, -8.04783, 0.0 ], [ 112.12306, -8.04782, 0.0 ], [ 112.12323, -8.04782, 0.0 ], [ 112.123429999000109, -8.04763, 0.0 ], [ 112.12355, -8.047509998999942, 0.0 ], [ 112.123819999000034, -8.04713, 0.0 ], [ 112.1240600000001, -8.0467, 0.0 ], [ 112.124109999000098, -8.04661, 0.0 ], [ 112.12466, -8.045909998999946, 0.0 ], [ 112.125000000000114, -8.04547, 0.0 ], [ 112.125090000000114, -8.0454, 0.0 ], [ 112.12537, -8.04524, 0.0 ], [ 112.125900000000115, -8.04507, 0.0 ], [ 112.126980000000117, -8.04419, 0.0 ], [ 112.12755, -8.043569998999942, 0.0 ], [ 112.128109999000117, -8.04296, 0.0 ], [ 112.12833, -8.042769998999972, 0.0 ], [ 112.12863, -8.04259, 0.0 ], [ 112.12871, -8.04257, 0.0 ], [ 112.12895, -8.04247, 0.0 ], [ 112.129649999000094, -8.04221, 0.0 ], [ 112.13022, -8.04194, 0.0 ], [ 112.13061, -8.041659998999933, 0.0 ], [ 112.131260000000111, -8.04096, 0.0 ], [ 112.13161, -8.040449998999975, 0.0 ], [ 112.13172, -8.04027, 0.0 ], [ 112.1319, -8.03985, 0.0 ], [ 112.13227, -8.039299998999979, 0.0 ], [ 112.132769999000061, -8.03876, 0.0 ], [ 112.132880000000114, -8.03863, 0.0 ], [ 112.133, -8.03839, 0.0 ], [ 112.13323, -8.03803, 0.0 ], [ 112.13448, -8.0364, 0.0 ], [ 112.134770000000117, -8.03609999899993, 0.0 ], [ 112.13497, -8.03586, 0.0 ], [ 112.1351, -8.03568, 0.0 ], [ 112.13498, -8.03563, 0.0 ], [ 112.134770000000117, -8.03551, 0.0 ], [ 112.13417, -8.03537, 0.0 ], [ 112.133859999000038, -8.03529, 0.0 ], [ 112.13372, -8.03526, 0.0 ], [ 112.13341, -8.03519, 0.0 ], [ 112.13283, -8.03502, 0.0 ], [ 112.13208, -8.03482, 0.0 ], [ 112.1313, -8.03461, 0.0 ], [ 112.13068, -8.0345, 0.0 ], [ 112.13023, -8.03448, 0.0 ], [ 112.13001, -8.03446, 0.0 ], [ 112.13007, -8.03401, 0.0 ], [ 112.13013, -8.03363, 0.0 ], [ 112.1302, -8.03311999899995, 0.0 ], [ 112.1304, -8.032299998999974, 0.0 ], [ 112.13046999900007, -8.03201, 0.0 ], [ 112.13053, -8.03177, 0.0 ], [ 112.13073, -8.03093, 0.0 ], [ 112.130819999000096, -8.0306, 0.0 ], [ 112.13092, -8.0302, 0.0 ], [ 112.13101, -8.02989, 0.0 ], [ 112.13107, -8.02962, 0.0 ], [ 112.131129999000109, -8.02932, 0.0 ], [ 112.13129, -8.02862, 0.0 ], [ 112.13131, -8.02853, 0.0 ], [ 112.13137, -8.02823, 0.0 ], [ 112.13147, -8.02778, 0.0 ], [ 112.131519999000034, -8.02761, 0.0 ], [ 112.13159, -8.02733, 0.0 ], [ 112.131619999, -8.027169998999966, 0.0 ], [ 112.1317, -8.02681, 0.0 ], [ 112.13185, -8.02612, 0.0 ], [ 112.1321, -8.02523, 0.0 ], [ 112.1321200000001, -8.02505, 0.0 ], [ 112.13219, -8.02468, 0.0 ], [ 112.13222, -8.024479998999936, 0.0 ], [ 112.13244, -8.02392, 0.0 ], [ 112.13254, -8.02355, 0.0 ], [ 112.13258, -8.02342, 0.0 ], [ 112.13274, -8.02283, 0.0 ], [ 112.132840000000101, -8.022409998999933, 0.0 ], [ 112.13294, -8.02203, 0.0 ], [ 112.133, -8.02184, 0.0 ], [ 112.133099999000024, -8.02154, 0.0 ], [ 112.133119999000087, -8.02146, 0.0 ], [ 112.1334, -8.019349998999928, 0.0 ], [ 112.13458, -8.01951, 0.0 ], [ 112.1353, -8.01956, 0.0 ], [ 112.13649, -8.019329998999979, 0.0 ], [ 112.13705999900003, -8.0192, 0.0 ], [ 112.137520000000109, -8.018999998999959, 0.0 ], [ 112.13795, -8.01885, 0.0 ], [ 112.137970000000109, -8.018999998999959, 0.0 ], [ 112.13791, -8.01928, 0.0 ], [ 112.137839999000107, -8.01998, 0.0 ], [ 112.13754, -8.020909998999969, 0.0 ], [ 112.13732, -8.02155, 0.0 ], [ 112.13715, -8.02209, 0.0 ], [ 112.13679, -8.02313, 0.0 ], [ 112.136669999000105, -8.02349, 0.0 ], [ 112.13651, -8.02398, 0.0 ], [ 112.136319999000079, -8.024419998999974, 0.0 ], [ 112.13619, -8.02482, 0.0 ], [ 112.13616, -8.02492, 0.0 ], [ 112.136080000000106, -8.02517, 0.0 ], [ 112.13578, -8.02597, 0.0 ], [ 112.1357, -8.0262, 0.0 ], [ 112.13555, -8.02668, 0.0 ], [ 112.13688, -8.02716, 0.0 ], [ 112.1388, -8.027949998999929, 0.0 ], [ 112.138969999000096, -8.02802, 0.0 ], [ 112.13955, -8.02824, 0.0 ], [ 112.13961, -8.02827, 0.0 ], [ 112.1399, -8.02841, 0.0 ], [ 112.13996, -8.02844, 0.0 ], [ 112.14037, -8.02868, 0.0 ], [ 112.142189999000038, -8.0295, 0.0 ], [ 112.14307, -8.02987, 0.0 ], [ 112.143299999000078, -8.02978, 0.0 ], [ 112.14354, -8.02964, 0.0 ], [ 112.14374, -8.0295, 0.0 ], [ 112.14428, -8.02939, 0.0 ], [ 112.14452, -8.02933, 0.0 ], [ 112.144819999000106, -8.029159998999944, 0.0 ], [ 112.14502, -8.02901, 0.0 ], [ 112.14528, -8.02884, 0.0 ], [ 112.145639999000082, -8.0286, 0.0 ], [ 112.14589, -8.02845, 0.0 ], [ 112.146379999000033, -8.028359998999974, 0.0 ], [ 112.14669, -8.02831, 0.0 ], [ 112.146789999000021, -8.02827, 0.0 ], [ 112.14701, -8.02813, 0.0 ], [ 112.14749, -8.02788, 0.0 ], [ 112.14827, -8.02734, 0.0 ], [ 112.1484, -8.02741, 0.0 ], [ 112.148600000000101, -8.027519998999935, 0.0 ], [ 112.148799999000062, -8.0277, 0.0 ], [ 112.14937, -8.028319998999962, 0.0 ], [ 112.142954753000026, -8.034573186999978, 0.0 ], [ 112.149379298000099, -8.041473623999934, 0.0 ], [ 112.149664833000088, -8.045471118999956, 0.0 ], [ 112.14996, -8.0462, 0.0 ] ] ] ] } },
{ "type": "Feature", "properties": { "OBJECTID": 116154.0, "KDPPUM": "35", "NAMOBJ": "Ponggok", "REMARK": null, "KDPBPS": null, "FCODE": "BA03070040", "LUASWH": 11.72192254, "UUPP": "Hasil Delineasi Batas Desa 2019", "SRS_ID": "SRGI 2013", "METADATA": "TASWIL1000020200326DATA_BATAS_DESA_KELURAHAN", "KDEBPS": null, "KDEPUM": "35.05.06.2007", "KDCBPS": null, "KDCPUM": "35.05.06", "KDBBPS": null, "WADMKD": "Ponggok", "WIADKD": null, "WADMKC": "Ponggok", "WIADKC": null, "WADMKK": "Blitar", "WIADKK": null, "WADMPR": "Jawa Timur", "WIADPR": null, "TIPADM": 1.0, "KDPKAB": "35.05", "SHAPE_Leng": 0.17973504618196101, "SHAPE_Area": 0.00096188355934199998 }, "geometry": { "type": "MultiPolygon", "coordinates": [ [ [ [ 112.13149, -8.01175, 0.0 ], [ 112.13211, -8.01425, 0.0 ], [ 112.13211, -8.014709998999933, 0.0 ], [ 112.13219, -8.015119998999978, 0.0 ], [ 112.132250000000113, -8.01536, 0.0 ], [ 112.13237, -8.01589, 0.0 ], [ 112.132399999000086, -8.01603, 0.0 ], [ 112.13245, -8.016269998999974, 0.0 ], [ 112.132520000000113, -8.016539998999974, 0.0 ], [ 112.13264, -8.017379998999957, 0.0 ], [ 112.13169, -8.017709998999976, 0.0 ], [ 112.13083, -8.01792, 0.0 ], [ 112.1306, -8.018, 0.0 ], [ 112.1304, -8.01813999899997, 0.0 ], [ 112.13034, -8.01825, 0.0 ], [ 112.13032, -8.01844, 0.0 ], [ 112.13032, -8.018509998999946, 0.0 ], [ 112.13052, -8.018629998999927, 0.0 ], [ 112.1306, -8.01869, 0.0 ], [ 112.13071, -8.01875, 0.0 ], [ 112.13107, -8.01889, 0.0 ], [ 112.13157999900011, -8.018999998999959, 0.0 ], [ 112.131980000000112, -8.01909, 0.0 ], [ 112.13235, -8.01911, 0.0 ], [ 112.1334, -8.019349998999928, 0.0 ], [ 112.133119999000087, -8.02146, 0.0 ], [ 112.133099999000024, -8.02154, 0.0 ], [ 112.133, -8.02184, 0.0 ], [ 112.13294, -8.02203, 0.0 ], [ 112.132840000000101, -8.022409998999933, 0.0 ], [ 112.13274, -8.02283, 0.0 ], [ 112.13258, -8.02342, 0.0 ], [ 112.13254, -8.02355, 0.0 ], [ 112.13244, -8.02392, 0.0 ], [ 112.13222, -8.024479998999936, 0.0 ], [ 112.13219, -8.02468, 0.0 ], [ 112.1321200000001, -8.02505, 0.0 ], [ 112.1321, -8.02523, 0.0 ], [ 112.13185, -8.02612, 0.0 ], [ 112.1317, -8.02681, 0.0 ], [ 112.131619999, -8.027169998999966, 0.0 ], [ 112.13159, -8.02733, 0.0 ], [ 112.131519999000034, -8.02761, 0.0 ], [ 112.13147, -8.02778, 0.0 ], [ 112.13137, -8.02823, 0.0 ], [ 112.13131, -8.02853, 0.0 ], [ 112.13129, -8.02862, 0.0 ], [ 112.131129999000109, -8.02932, 0.0 ], [ 112.13107, -8.02962, 0.0 ], [ 112.13101, -8.02989, 0.0 ], [ 112.13092, -8.0302, 0.0 ], [ 112.130819999000096, -8.0306, 0.0 ], [ 112.13073, -8.03093, 0.0 ], [ 112.13053, -8.03177, 0.0 ], [ 112.13046999900007, -8.03201, 0.0 ], [ 112.1304, -8.032299998999974, 0.0 ], [ 112.1302, -8.03311999899995, 0.0 ], [ 112.13013, -8.03363, 0.0 ], [ 112.13007, -8.03401, 0.0 ], [ 112.13001, -8.03446, 0.0 ], [ 112.13023, -8.03448, 0.0 ], [ 112.13068, -8.0345, 0.0 ], [ 112.1313, -8.03461, 0.0 ], [ 112.13208, -8.03482, 0.0 ], [ 112.13283, -8.03502, 0.0 ], [ 112.13341, -8.03519, 0.0 ], [ 112.13372, -8.03526, 0.0 ], [ 112.133859999000038, -8.03529, 0.0 ], [ 112.13417, -8.03537, 0.0 ], [ 112.134770000000117, -8.03551, 0.0 ], [ 112.13498, -8.03563, 0.0 ], [ 112.1351, -8.03568, 0.0 ], [ 112.13497, -8.03586, 0.0 ], [ 112.134770000000117, -8.03609999899993, 0.0 ], [ 112.13448, -8.0364, 0.0 ], [ 112.13323, -8.03803, 0.0 ], [ 112.133, -8.03839, 0.0 ], [ 112.132880000000114, -8.03863, 0.0 ], [ 112.132769999000061, -8.03876, 0.0 ], [ 112.13227, -8.039299998999979, 0.0 ], [ 112.1319, -8.03985, 0.0 ], [ 112.13172, -8.04027, 0.0 ], [ 112.13161, -8.040449998999975, 0.0 ], [ 112.131260000000111, -8.04096, 0.0 ], [ 112.13061, -8.041659998999933, 0.0 ], [ 112.13022, -8.04194, 0.0 ], [ 112.129649999000094, -8.04221, 0.0 ], [ 112.12895, -8.04247, 0.0 ], [ 112.12871, -8.04257, 0.0 ], [ 112.12863, -8.04259, 0.0 ], [ 112.12833, -8.042769998999972, 0.0 ], [ 112.128109999000117, -8.04296, 0.0 ], [ 112.12755, -8.043569998999942, 0.0 ], [ 112.126980000000117, -8.04419, 0.0 ], [ 112.125900000000115, -8.04507, 0.0 ], [ 112.12537, -8.04524, 0.0 ], [ 112.125090000000114, -8.0454, 0.0 ], [ 112.125000000000114, -8.04547, 0.0 ], [ 112.12466, -8.045909998999946, 0.0 ], [ 112.124109999000098, -8.04661, 0.0 ], [ 112.1240600000001, -8.0467, 0.0 ], [ 112.123819999000034, -8.04713, 0.0 ], [ 112.12355, -8.047509998999942, 0.0 ], [ 112.123429999000109, -8.04763, 0.0 ], [ 112.1236, -8.0459, 0.0 ], [ 112.12357, -8.04502, 0.0 ], [ 112.12355, -8.04415, 0.0 ], [ 112.12346, -8.04313, 0.0 ], [ 112.123779999000021, -8.04317999899996, 0.0 ], [ 112.123830000000112, -8.042829998999935, 0.0 ], [ 112.12386, -8.04245, 0.0 ], [ 112.12386, -8.04194, 0.0 ], [ 112.123560000000111, -8.041969998999946, 0.0 ], [ 112.12362, -8.04142, 0.0 ], [ 112.12366, -8.04064, 0.0 ], [ 112.123759999000072, -8.03951, 0.0 ], [ 112.12369, -8.03838, 0.0 ], [ 112.123779999000021, -8.03749, 0.0 ], [ 112.12377, -8.036649998999962, 0.0 ], [ 112.12385, -8.03498, 0.0 ], [ 112.123200000000111, -8.03488, 0.0 ], [ 112.12223, -8.03451, 0.0 ], [ 112.11773, -8.03358, 0.0 ], [ 112.117620000000102, -8.03519, 0.0 ], [ 112.11759, -8.03578, 0.0 ], [ 112.11692, -8.035749998999961, 0.0 ], [ 112.115979999000047, -8.03506, 0.0 ], [ 112.11567, -8.0349, 0.0 ], [ 112.11546, -8.03486, 0.0 ], [ 112.1154, -8.03486, 0.0 ], [ 112.11524, -8.03489, 0.0 ], [ 112.11515, -8.03498, 0.0 ], [ 112.115099999000108, -8.03509, 0.0 ], [ 112.11506, -8.03518, 0.0 ], [ 112.11486, -8.03564, 0.0 ], [ 112.11470999900007, -8.035789998999974, 0.0 ], [ 112.114339999000094, -8.03602, 0.0 ], [ 112.11386, -8.03635, 0.0 ], [ 112.113619999000093, -8.03652, 0.0 ], [ 112.11342, -8.03675, 0.0 ], [ 112.11318, -8.03706, 0.0 ], [ 112.11312, -8.03715, 0.0 ], [ 112.11299, -8.03742, 0.0 ], [ 112.11294, -8.03752, 0.0 ], [ 112.11266, -8.03816, 0.0 ], [ 112.11248, -8.038539998999966, 0.0 ], [ 112.112409999000079, -8.03868, 0.0 ], [ 112.11229, -8.03878, 0.0 ], [ 112.11222, -8.03882, 0.0 ], [ 112.11207, -8.03888, 0.0 ], [ 112.111810000000105, -8.038909998999941, 0.0 ], [ 112.11174, -8.038889998999935, 0.0 ], [ 112.111629999000115, -8.038849998999979, 0.0 ], [ 112.11121, -8.03866, 0.0 ], [ 112.11112, -8.03865, 0.0 ], [ 112.110869999000101, -8.03868, 0.0 ], [ 112.110479999000063, -8.0388, 0.0 ], [ 112.11026, -8.0388, 0.0 ], [ 112.10957, -8.03868, 0.0 ], [ 112.10909, -8.03868, 0.0 ], [ 112.10878, -8.03869, 0.0 ], [ 112.108700000000113, -8.03868, 0.0 ], [ 112.108340000000112, -8.03862, 0.0 ], [ 112.10784, -8.038539998999966, 0.0 ], [ 112.107749999000021, -8.03855, 0.0 ], [ 112.107669999000109, -8.038579998999978, 0.0 ], [ 112.10751, -8.03869, 0.0 ], [ 112.107359999000096, -8.038909998999941, 0.0 ], [ 112.10708000000011, -8.03941, 0.0 ], [ 112.10698, -8.03959, 0.0 ], [ 112.10694, -8.03964, 0.0 ], [ 112.106869999000082, -8.03974, 0.0 ], [ 112.10686, -8.03982, 0.0 ], [ 112.1068, -8.03995, 0.0 ], [ 112.10635, -8.03996, 0.0 ], [ 112.10592, -8.03997, 0.0 ], [ 112.105799999000055, -8.04, 0.0 ], [ 112.10567, -8.04024, 0.0 ], [ 112.1056, -8.04044, 0.0 ], [ 112.10557, -8.0407, 0.0 ], [ 112.10558, -8.04077, 0.0 ], [ 112.10563, -8.04093, 0.0 ], [ 112.105730000000108, -8.041189998999926, 0.0 ], [ 112.105759999000043, -8.04137, 0.0 ], [ 112.10575, -8.04157, 0.0 ], [ 112.10566, -8.04179, 0.0 ], [ 112.10562, -8.04189, 0.0 ], [ 112.10562, -8.042089998999927, 0.0 ], [ 112.10562, -8.042479998999966, 0.0 ], [ 112.10552, -8.04266, 0.0 ], [ 112.10536, -8.042829998999935, 0.0 ], [ 112.10514, -8.04296, 0.0 ], [ 112.10485, -8.04303, 0.0 ], [ 112.104560000000106, -8.04313, 0.0 ], [ 112.104199999000116, -8.04366, 0.0 ], [ 112.104110000000105, -8.04382, 0.0 ], [ 112.10401, -8.043999998999936, 0.0 ], [ 112.103789999000014, -8.04444, 0.0 ], [ 112.10372, -8.04466, 0.0 ], [ 112.10369, -8.044819998999969, 0.0 ], [ 112.10368, -8.04491, 0.0 ], [ 112.1035, -8.04487, 0.0 ], [ 112.10313, -8.044819998999969, 0.0 ], [ 112.102980000000116, -8.04479, 0.0 ], [ 112.102949999000089, -8.04527, 0.0 ], [ 112.1021, -8.04518, 0.0 ], [ 112.10152, -8.04503, 0.0 ], [ 112.10146, -8.04534, 0.0 ], [ 112.10125, -8.046419998999966, 0.0 ], [ 112.1012, -8.0466, 0.0 ], [ 112.10101, -8.04748, 0.0 ], [ 112.10007, -8.04744, 0.0 ], [ 112.09793, -8.04737, 0.0 ], [ 112.09775, -8.04737, 0.0 ], [ 112.09703, -8.04734, 0.0 ], [ 112.096500000000106, -8.04733, 0.0 ], [ 112.094739999000012, -8.04731, 0.0 ], [ 112.09421, -8.04731, 0.0 ], [ 112.09382, -8.04729, 0.0 ], [ 112.09382, -8.04722, 0.0 ], [ 112.09397, -8.04678, 0.0 ], [ 112.09409, -8.04658, 0.0 ], [ 112.09415, -8.04652, 0.0 ], [ 112.09442, -8.04621, 0.0 ], [ 112.09401, -8.04559, 0.0 ], [ 112.093890000000101, -8.045149998999932, 0.0 ], [ 112.09395, -8.044739998999944, 0.0 ], [ 112.095370000000116, -8.04064, 0.0 ], [ 112.09499, -8.0407, 0.0 ], [ 112.095100000000116, -8.04023, 0.0 ], [ 112.09499, -8.03824, 0.0 ], [ 112.09493, -8.03752, 0.0 ], [ 112.09498, -8.03644, 0.0 ], [ 112.095010000000116, -8.03516, 0.0 ], [ 112.09503, -8.03418, 0.0 ], [ 112.095, -8.03336, 0.0 ], [ 112.09496, -8.03236, 0.0 ], [ 112.09493, -8.03168, 0.0 ], [ 112.094920000000116, -8.031, 0.0 ], [ 112.09491, -8.030229998999971, 0.0 ], [ 112.09487, -8.02919, 0.0 ], [ 112.09489, -8.0286, 0.0 ], [ 112.0954, -8.02845, 0.0 ], [ 112.09635, -8.02818, 0.0 ], [ 112.09655, -8.02812, 0.0 ], [ 112.09685, -8.02807, 0.0 ], [ 112.097, -8.02805, 0.0 ], [ 112.097179999000105, -8.028009998999948, 0.0 ], [ 112.09746, -8.0279, 0.0 ], [ 112.09763, -8.02768, 0.0 ], [ 112.09777, -8.027539998999941, 0.0 ], [ 112.0982, -8.02732, 0.0 ], [ 112.09895, -8.0271, 0.0 ], [ 112.09959, -8.02692, 0.0 ], [ 112.09971, -8.02688, 0.0 ], [ 112.10013, -8.0267, 0.0 ], [ 112.10068, -8.02636, 0.0 ], [ 112.10093, -8.02616, 0.0 ], [ 112.101180000000113, -8.02582, 0.0 ], [ 112.10133, -8.02562, 0.0 ], [ 112.101770000000101, -8.02533, 0.0 ], [ 112.10176, -8.02519, 0.0 ], [ 112.10176, -8.02508, 0.0 ], [ 112.101770000000101, -8.02468, 0.0 ], [ 112.10176, -8.02437, 0.0 ], [ 112.10175, -8.02356, 0.0 ], [ 112.10176, -8.023289998999928, 0.0 ], [ 112.10176, -8.02295, 0.0 ], [ 112.10174, -8.022139998999933, 0.0 ], [ 112.10167, -8.02159, 0.0 ], [ 112.10164, -8.02137, 0.0 ], [ 112.10158, -8.02123, 0.0 ], [ 112.10039318500003, -8.019590674999961, 0.0 ], [ 112.099698382000042, -8.018629372999953, 0.0 ], [ 112.0994726670001, -8.018264755999951, 0.0 ], [ 112.099439999000083, -8.01813, 0.0 ], [ 112.09942, -8.01806, 0.0 ], [ 112.09936, -8.017829998999957, 0.0 ], [ 112.09928, -8.0175, 0.0 ], [ 112.09923, -8.01725, 0.0 ], [ 112.09906, -8.01649, 0.0 ], [ 112.09908727800007, -8.016329743999961, 0.0 ], [ 112.099585754000032, -8.016309397999976, 0.0 ], [ 112.099628585, -8.01601672399994, 0.0 ], [ 112.09974993700007, -8.016009585999939, 0.0 ], [ 112.099785629000053, -8.015224363999948, 0.0 ], [ 112.100121133000016, -8.015167256999973, 0.0 ], [ 112.100142548, -8.014603324999939, 0.0 ], [ 112.10054229800005, -8.014560493999966, 0.0 ], [ 112.100613682000017, -8.013118540999926, 0.0 ], [ 112.100692204000097, -8.013075710999942, 0.0 ], [ 112.100889699000049, -8.012963875999958, 0.0 ], [ 112.100969350000014, -8.011806449999938, 0.0 ], [ 112.10161, -8.01202, 0.0 ], [ 112.10192, -8.01211, 0.0 ], [ 112.10224, -8.01216, 0.0 ], [ 112.102670000000103, -8.01209, 0.0 ], [ 112.10365, -8.011919998999929, 0.0 ], [ 112.104569999000091, -8.01177, 0.0 ], [ 112.105309999000042, -8.01169, 0.0 ], [ 112.10575, -8.01171, 0.0 ], [ 112.10647, -8.01185, 0.0 ], [ 112.10723, -8.0121, 0.0 ], [ 112.10774, -8.01217, 0.0 ], [ 112.10818, -8.01226, 0.0 ], [ 112.10858, -8.01246, 0.0 ], [ 112.10904, -8.012759998999968, 0.0 ], [ 112.109830000000102, -8.013169998999956, 0.0 ], [ 112.11043, -8.01343, 0.0 ], [ 112.11129, -8.01361, 0.0 ], [ 112.111940000000118, -8.01365, 0.0 ], [ 112.11261, -8.01358, 0.0 ], [ 112.113189999000042, -8.013439998999957, 0.0 ], [ 112.113700000000108, -8.01341999899995, 0.0 ], [ 112.114419999, -8.01349, 0.0 ], [ 112.11574, -8.0136, 0.0 ], [ 112.117109999000036, -8.01369, 0.0 ], [ 112.11799, -8.01361, 0.0 ], [ 112.118709999000089, -8.01362, 0.0 ], [ 112.1195, -8.01375, 0.0 ], [ 112.11994, -8.01396, 0.0 ], [ 112.12049, -8.014239998999926, 0.0 ], [ 112.12072, -8.014319998999952, 0.0 ], [ 112.12100999900008, -8.014299998999945, 0.0 ], [ 112.12129, -8.01416, 0.0 ], [ 112.12169, -8.01378, 0.0 ], [ 112.12244, -8.013439998999957, 0.0 ], [ 112.123349999000084, -8.013109998999937, 0.0 ], [ 112.12402, -8.01271, 0.0 ], [ 112.1245100000001, -8.01236999899993, 0.0 ], [ 112.124869999000111, -8.01228, 0.0 ], [ 112.125000000000114, -8.012249998999948, 0.0 ], [ 112.12579, -8.01211, 0.0 ], [ 112.127070000000117, -8.011879998999973, 0.0 ], [ 112.12843, -8.01193, 0.0 ], [ 112.129730000000109, -8.01187, 0.0 ], [ 112.13098, -8.01176, 0.0 ], [ 112.13149, -8.01175, 0.0 ] ] ] ] } },
{ "type": "Feature", "properties": { "OBJECTID": 116155.0, "KDPPUM": "35", "NAMOBJ": "Karangbendo", "REMARK": null, "KDPBPS": null, "FCODE": "BA03070040", "LUASWH": 9.77342881, "UUPP": "Hasil Delineasi Batas Desa 2019", "SRS_ID": "SRGI 2013", "METADATA": "TASWIL1000020200326DATA_BATAS_DESA_KELURAHAN", "KDEBPS": null, "KDEPUM": "35.05.06.2015", "KDCBPS": null, "KDCPUM": "35.05.06", "KDBBPS": null, "WADMKD": "Karangbendo", "WIADKD": null, "WADMKC": "Ponggok", "WIADKC": null, "WADMKK": "Blitar", "WIADKK": null, "WADMPR": "Jawa Timur", "WIADPR": null, "TIPADM": 1.0, "KDPKAB": "35.05", "SHAPE_Leng": 0.15667248253657601, "SHAPE_Area": 0.00080196662801599997 }, "geometry": { "type": "MultiPolygon", "coordinates": [ [ [ [ 112.170210000000111, -8.0132, 0.0 ], [ 112.170030000000111, -8.0134, 0.0 ], [ 112.16968, -8.01369, 0.0 ], [ 112.16973, -8.01406, 0.0 ], [ 112.16997, -8.01444, 0.0 ], [ 112.17085, -8.01483, 0.0 ], [ 112.17141, -8.01676, 0.0 ], [ 112.17145, -8.01671, 0.0 ], [ 112.17205, -8.01653, 0.0 ], [ 112.17358, -8.01632, 0.0 ], [ 112.17392, -8.01628999899998, 0.0 ], [ 112.17453, -8.01626, 0.0 ], [ 112.17486835200009, -8.016259794999939, 0.0 ], [ 112.175036104000014, -8.016249087999938, 0.0 ], [ 112.17516816400007, -8.016241948999948, 0.0 ], [ 112.175396593000073, -8.016202687999964, 0.0 ], [ 112.175528653000015, -8.016174134999972, 0.0 ], [ 112.175746373000038, -8.016063489999965, 0.0 ], [ 112.17600019300005, -8.015937237999935, 0.0 ], [ 112.17604, -8.01593, 0.0 ], [ 112.17608, -8.01611, 0.0 ], [ 112.17619, -8.018159998999977, 0.0 ], [ 112.176179999000055, -8.018239998999945, 0.0 ], [ 112.17613, -8.0183, 0.0 ], [ 112.17617, -8.01843, 0.0 ], [ 112.176219999000068, -8.01877, 0.0 ], [ 112.17644, -8.02045, 0.0 ], [ 112.17641, -8.02073, 0.0 ], [ 112.17635, -8.02144, 0.0 ], [ 112.1763, -8.02248, 0.0 ], [ 112.17589, -8.02352, 0.0 ], [ 112.1757, -8.02369, 0.0 ], [ 112.17506, -8.02423, 0.0 ], [ 112.174639999000078, -8.02468, 0.0 ], [ 112.17451, -8.024909998999931, 0.0 ], [ 112.174040000000105, -8.0255, 0.0 ], [ 112.173839999000052, -8.025629998999932, 0.0 ], [ 112.173019999000076, -8.025999998999964, 0.0 ], [ 112.17294, -8.02613, 0.0 ], [ 112.17257, -8.026839998999947, 0.0 ], [ 112.17248, -8.02694, 0.0 ], [ 112.17221, -8.027189998999972, 0.0 ], [ 112.17209, -8.027499998999929, 0.0 ], [ 112.17208, -8.02757, 0.0 ], [ 112.17204, -8.02782, 0.0 ], [ 112.17194, -8.0285, 0.0 ], [ 112.17163, -8.02944, 0.0 ], [ 112.171499999000048, -8.0297, 0.0 ], [ 112.17142, -8.02993, 0.0 ], [ 112.1718, -8.03009, 0.0 ], [ 112.17221, -8.030269998999927, 0.0 ], [ 112.172370000000114, -8.030269998999927, 0.0 ], [ 112.17281, -8.03030999899994, 0.0 ], [ 112.17331, -8.030289998999933, 0.0 ], [ 112.17366, -8.03009, 0.0 ], [ 112.174040000000105, -8.03024, 0.0 ], [ 112.17392, -8.03058, 0.0 ], [ 112.173449999000013, -8.032, 0.0 ], [ 112.173389999000051, -8.03216, 0.0 ], [ 112.17277, -8.03366, 0.0 ], [ 112.17248, -8.03443, 0.0 ], [ 112.17208, -8.035769998999967, 0.0 ], [ 112.17205, -8.03586, 0.0 ], [ 112.17196, -8.03615, 0.0 ], [ 112.17184, -8.0366, 0.0 ], [ 112.17171, -8.03693, 0.0 ], [ 112.171610000000101, -8.03712, 0.0 ], [ 112.17184, -8.037329998999951, 0.0 ], [ 112.1718, -8.03761, 0.0 ], [ 112.17171, -8.03795, 0.0 ], [ 112.17169, -8.03828, 0.0 ], [ 112.17169, -8.038519998999959, 0.0 ], [ 112.171909999000036, -8.03867, 0.0 ], [ 112.17214, -8.03881, 0.0 ], [ 112.17202, -8.03904, 0.0 ], [ 112.171970000000101, -8.03913, 0.0 ], [ 112.172150000000101, -8.03921, 0.0 ], [ 112.172299999000074, -8.039279998999973, 0.0 ], [ 112.1729, -8.03939, 0.0 ], [ 112.173360000000116, -8.03957, 0.0 ], [ 112.173389999000051, -8.039689998999961, 0.0 ], [ 112.1726499990001, -8.03996, 0.0 ], [ 112.17249, -8.040119998999955, 0.0 ], [ 112.1722, -8.040469998999981, 0.0 ], [ 112.17211, -8.04072, 0.0 ], [ 112.17203, -8.040859998999963, 0.0 ], [ 112.171889999000086, -8.04078, 0.0 ], [ 112.17123, -8.04037, 0.0 ], [ 112.1711, -8.04054999899995, 0.0 ], [ 112.17089, -8.040839998999957, 0.0 ], [ 112.17011, -8.04027, 0.0 ], [ 112.16999, -8.04019, 0.0 ], [ 112.16987, -8.04011, 0.0 ], [ 112.16917, -8.039629998999942, 0.0 ], [ 112.16897, -8.03951, 0.0 ], [ 112.168590000000108, -8.03929, 0.0 ], [ 112.16849, -8.03923, 0.0 ], [ 112.168299999000055, -8.03914, 0.0 ], [ 112.16817, -8.03907, 0.0 ], [ 112.167960000000107, -8.03904, 0.0 ], [ 112.167539999000041, -8.03898, 0.0 ], [ 112.167240000000106, -8.03898, 0.0 ], [ 112.164845799000091, -8.038952036999945, 0.0 ], [ 112.160705537000013, -8.038880652999978, 0.0 ], [ 112.159307471000034, -8.038845650999974, 0.0 ], [ 112.159090000000106, -8.03881, 0.0 ], [ 112.158680000000118, -8.03865, 0.0 ], [ 112.158159999000077, -8.03907, 0.0 ], [ 112.15795, -8.03908, 0.0 ], [ 112.1575, -8.03904, 0.0 ], [ 112.15677, -8.038949998999954, 0.0 ], [ 112.15628, -8.03882, 0.0 ], [ 112.156169999000099, -8.03877, 0.0 ], [ 112.15569, -8.03933, 0.0 ], [ 112.155409999000085, -8.039649998999948, 0.0 ], [ 112.1554000000001, -8.03979, 0.0 ], [ 112.15542, -8.04022, 0.0 ], [ 112.15536, -8.04042, 0.0 ], [ 112.15525, -8.0406, 0.0 ], [ 112.15479, -8.041249998999945, 0.0 ], [ 112.154689999000084, -8.04136, 0.0 ], [ 112.154319999000109, -8.04171, 0.0 ], [ 112.15401, -8.04219, 0.0 ], [ 112.15372, -8.04276, 0.0 ], [ 112.1536, -8.04301, 0.0 ], [ 112.153479999000069, -8.043159998999954, 0.0 ], [ 112.15197, -8.04462, 0.0 ], [ 112.15152, -8.04504, 0.0 ], [ 112.15113, -8.04535, 0.0 ], [ 112.150490000000104, -8.04576, 0.0 ], [ 112.15023, -8.045929998999952, 0.0 ], [ 112.14996, -8.0462, 0.0 ], [ 112.149664833000088, -8.045471118999956, 0.0 ], [ 112.149379298000099, -8.041473623999934, 0.0 ], [ 112.142954753000026, -8.034573186999978, 0.0 ], [ 112.14937, -8.028319998999962, 0.0 ], [ 112.148799999000062, -8.0277, 0.0 ], [ 112.148600000000101, -8.027519998999935, 0.0 ], [ 112.1484, -8.02741, 0.0 ], [ 112.14827, -8.02734, 0.0 ], [ 112.14749, -8.02788, 0.0 ], [ 112.14701, -8.02813, 0.0 ], [ 112.146789999000021, -8.02827, 0.0 ], [ 112.14669, -8.02831, 0.0 ], [ 112.146379999000033, -8.028359998999974, 0.0 ], [ 112.14589, -8.02845, 0.0 ], [ 112.145639999000082, -8.0286, 0.0 ], [ 112.14528, -8.02884, 0.0 ], [ 112.14502, -8.02901, 0.0 ], [ 112.144819999000106, -8.029159998999944, 0.0 ], [ 112.14452, -8.02933, 0.0 ], [ 112.14428, -8.02939, 0.0 ], [ 112.14374, -8.0295, 0.0 ], [ 112.14354, -8.02964, 0.0 ], [ 112.143299999000078, -8.02978, 0.0 ], [ 112.14307, -8.02987, 0.0 ], [ 112.142189999000038, -8.0295, 0.0 ], [ 112.14037, -8.02868, 0.0 ], [ 112.13996, -8.02844, 0.0 ], [ 112.1399, -8.02841, 0.0 ], [ 112.13961, -8.02827, 0.0 ], [ 112.13955, -8.02824, 0.0 ], [ 112.138969999000096, -8.02802, 0.0 ], [ 112.1388, -8.027949998999929, 0.0 ], [ 112.13688, -8.02716, 0.0 ], [ 112.13555, -8.02668, 0.0 ], [ 112.1357, -8.0262, 0.0 ], [ 112.13578, -8.02597, 0.0 ], [ 112.136080000000106, -8.02517, 0.0 ], [ 112.13616, -8.02492, 0.0 ], [ 112.13619, -8.02482, 0.0 ], [ 112.136319999000079, -8.024419998999974, 0.0 ], [ 112.13651, -8.02398, 0.0 ], [ 112.136669999000105, -8.02349, 0.0 ], [ 112.13679, -8.02313, 0.0 ], [ 112.13715, -8.02209, 0.0 ], [ 112.13732, -8.02155, 0.0 ], [ 112.13754, -8.020909998999969, 0.0 ], [ 112.137839999000107, -8.01998, 0.0 ], [ 112.13791, -8.01928, 0.0 ], [ 112.137970000000109, -8.018999998999959, 0.0 ], [ 112.13795, -8.01885, 0.0 ], [ 112.138608754000074, -8.018779886999937, 0.0 ], [ 112.139769931000046, -8.018798922999963, 0.0 ], [ 112.140207752000038, -8.018894100999944, 0.0 ], [ 112.140996543000028, -8.019198671999959, 0.0 ], [ 112.142514639000069, -8.019684081999969, 0.0 ], [ 112.146226598000112, -8.019969616999958, 0.0 ], [ 112.147730418000037, -8.019132046999971, 0.0 ], [ 112.14813016700009, -8.018865546999962, 0.0 ], [ 112.148491845000081, -8.018656154999974, 0.0 ], [ 112.149100987000111, -8.018503868999971, 0.0 ], [ 112.149424594000038, -8.018465797999966, 0.0 ], [ 112.150052772000095, -8.018180262999977, 0.0 ], [ 112.150414450000085, -8.017951833999973, 0.0 ], [ 112.151594662000093, -8.017247513999962, 0.0 ], [ 112.152679697000053, -8.016676442999938, 0.0 ], [ 112.153650517000074, -8.016314764999947, 0.0 ], [ 112.153974123000012, -8.016314764999947, 0.0 ], [ 112.154259659000104, -8.016543193999951, 0.0 ], [ 112.154430980000029, -8.016657407999958, 0.0 ], [ 112.154906872000083, -8.016885835999972, 0.0 ], [ 112.155668300000116, -8.01682872899994, 0.0 ], [ 112.156315513000095, -8.016733549999969, 0.0 ], [ 112.156905619000099, -8.016562228999931, 0.0 ], [ 112.15738151100004, -8.016333800999973, 0.0 ], [ 112.157914511000058, -8.01620055099994, 0.0 ], [ 112.158333296000023, -8.016067300999964, 0.0 ], [ 112.158618831000013, -8.015876943999956, 0.0 ], [ 112.158904367000105, -8.015705622999974, 0.0 ], [ 112.159266045000095, -8.015515265999966, 0.0 ], [ 112.159475437000083, -8.015420087999928, 0.0 ], [ 112.160217829000089, -8.014963230999967, 0.0 ], [ 112.160750828, -8.014601552999977, 0.0 ], [ 112.161017328000071, -8.014373124999963, 0.0 ], [ 112.161283828000023, -8.014087589999974, 0.0 ], [ 112.16141707700001, -8.01387819699994, 0.0 ], [ 112.161569363000012, -8.013554589999956, 0.0 ], [ 112.161797791000026, -8.013211947999935, 0.0 ], [ 112.16191200500009, -8.012964483999951, 0.0 ], [ 112.162070074000098, -8.012648345999935, 0.0 ], [ 112.162406933000057, -8.011708128999942, 0.0 ], [ 112.162806683000099, -8.011137057999974, 0.0 ], [ 112.163301610000076, -8.010337558999936, 0.0 ], [ 112.163967860000071, -8.009728416999963, 0.0 ], [ 112.164519894000023, -8.009423845999947, 0.0 ], [ 112.165281322000055, -8.009271560999935, 0.0 ], [ 112.165662036000072, -8.009271560999935, 0.0 ], [ 112.166137928000012, -8.009271560999935, 0.0 ], [ 112.166632856000092, -8.009271560999935, 0.0 ], [ 112.167070677000083, -8.009271560999935, 0.0 ], [ 112.167508498000075, -8.009100238999963, 0.0 ], [ 112.168231854000055, -8.008795667999948, 0.0 ], [ 112.168821960000059, -8.008643382999935, 0.0 ], [ 112.16943110200009, -8.008624346999966, 0.0 ], [ 112.170059280000032, -8.008567239999934, 0.0 ], [ 112.169759468000052, -8.012537370999951, 0.0 ], [ 112.169818954000107, -8.012864546999936, 0.0 ], [ 112.170210000000111, -8.0132, 0.0 ] ] ] ] } },
{ "type": "Feature", "properties": { "OBJECTID": 116157.0, "KDPPUM": "35", "NAMOBJ": "Bacem", "REMARK": null, "KDPBPS": null, "FCODE": "BA03070040", "LUASWH": 6.50111848, "UUPP": "Hasil Delineasi Batas Desa 2019", "SRS_ID": "SRGI 2013", "METADATA": "TASWIL1000020200326DATA_BATAS_DESA_KELURAHAN", "KDEBPS": null, "KDEPUM": "35.05.06.2006", "KDCBPS": null, "KDCPUM": "35.05.06", "KDBBPS": null, "WADMKD": "Bacem", "WIADKD": null, "WADMKC": "Ponggok", "WIADKC": null, "WADMKK": "Blitar", "WIADKK": null, "WADMPR": "Jawa Timur", "WIADPR": null, "TIPADM": 1.0, "KDPKAB": "35.05", "SHAPE_Leng": 0.113554026967504, "SHAPE_Area": 0.00053344222487700002 }, "geometry": { "type": "MultiPolygon", "coordinates": [ [ [ [ 112.13582, -7.9958, 0.0 ], [ 112.13586, -7.99596, 0.0 ], [ 112.13588, -7.9961, 0.0 ], [ 112.13592, -7.99635, 0.0 ], [ 112.13592, -7.99679, 0.0 ], [ 112.135929999000041, -7.99775, 0.0 ], [ 112.135949999000104, -7.99798, 0.0 ], [ 112.135949999000104, -7.9982, 0.0 ], [ 112.13597, -7.99872, 0.0 ], [ 112.13597, -7.99896, 0.0 ], [ 112.135949999000104, -8.0, 0.0 ], [ 112.135929999000041, -8.00042, 0.0 ], [ 112.135900000000106, -8.00081, 0.0 ], [ 112.135889999000028, -8.00099999899993, 0.0 ], [ 112.135869999000079, -8.00118, 0.0 ], [ 112.13574, -8.00179, 0.0 ], [ 112.13571, -8.00197, 0.0 ], [ 112.135630000000106, -8.0024, 0.0 ], [ 112.13561, -8.002479998999945, 0.0 ], [ 112.135519999000053, -8.00281, 0.0 ], [ 112.135459999000091, -8.00303, 0.0 ], [ 112.13532, -8.00357, 0.0 ], [ 112.135270000000105, -8.00381, 0.0 ], [ 112.13526, -8.00389, 0.0 ], [ 112.13501, -8.00469, 0.0 ], [ 112.13494, -8.00468, 0.0 ], [ 112.134820000000104, -8.00466, 0.0 ], [ 112.13463, -8.00462, 0.0 ], [ 112.13451, -8.00461, 0.0 ], [ 112.13397, -8.00457, 0.0 ], [ 112.133549999000024, -8.004489998999929, 0.0 ], [ 112.13348, -8.004509998999936, 0.0 ], [ 112.13348, -8.0047, 0.0 ], [ 112.133489999000062, -8.005, 0.0 ], [ 112.133509999000012, -8.00539, 0.0 ], [ 112.133549999000024, -8.006, 0.0 ], [ 112.133569999000088, -8.00608, 0.0 ], [ 112.133600000000115, -8.00623, 0.0 ], [ 112.13362, -8.00635, 0.0 ], [ 112.133650000000102, -8.00651, 0.0 ], [ 112.13367, -8.00665, 0.0 ], [ 112.13373, -8.00739, 0.0 ], [ 112.13379, -8.00809, 0.0 ], [ 112.1338, -8.00836, 0.0 ], [ 112.13381, -8.00875, 0.0 ], [ 112.13382, -8.00889, 0.0 ], [ 112.13384, -8.00932, 0.0 ], [ 112.133870000000115, -8.00998999899997, 0.0 ], [ 112.13389, -8.010299998999926, 0.0 ], [ 112.13391, -8.010669998999958, 0.0 ], [ 112.133939999000063, -8.01107, 0.0 ], [ 112.133939999000063, -8.01113, 0.0 ], [ 112.13395, -8.01124, 0.0 ], [ 112.13399, -8.01163, 0.0 ], [ 112.134010000000103, -8.01182, 0.0 ], [ 112.133830000000103, -8.01179, 0.0 ], [ 112.133650000000102, -8.01174, 0.0 ], [ 112.13344, -8.01175, 0.0 ], [ 112.1331599990001, -8.012, 0.0 ], [ 112.13174, -8.01175, 0.0 ], [ 112.13149, -8.01175, 0.0 ], [ 112.13098, -8.01176, 0.0 ], [ 112.129730000000109, -8.01187, 0.0 ], [ 112.12843, -8.01193, 0.0 ], [ 112.127070000000117, -8.011879998999973, 0.0 ], [ 112.12579, -8.01211, 0.0 ], [ 112.125000000000114, -8.012249998999948, 0.0 ], [ 112.124869999000111, -8.01228, 0.0 ], [ 112.1245100000001, -8.01236999899993, 0.0 ], [ 112.12402, -8.01271, 0.0 ], [ 112.123349999000084, -8.013109998999937, 0.0 ], [ 112.12244, -8.013439998999957, 0.0 ], [ 112.12169, -8.01378, 0.0 ], [ 112.12129, -8.01416, 0.0 ], [ 112.12100999900008, -8.014299998999945, 0.0 ], [ 112.12072, -8.014319998999952, 0.0 ], [ 112.12049, -8.014239998999926, 0.0 ], [ 112.11994, -8.01396, 0.0 ], [ 112.1195, -8.01375, 0.0 ], [ 112.118709999000089, -8.01362, 0.0 ], [ 112.11799, -8.01361, 0.0 ], [ 112.117109999000036, -8.01369, 0.0 ], [ 112.11574, -8.0136, 0.0 ], [ 112.114419999, -8.01349, 0.0 ], [ 112.113700000000108, -8.01341999899995, 0.0 ], [ 112.113189999000042, -8.013439998999957, 0.0 ], [ 112.11261, -8.01358, 0.0 ], [ 112.111940000000118, -8.01365, 0.0 ], [ 112.11129, -8.01361, 0.0 ], [ 112.11043, -8.01343, 0.0 ], [ 112.109830000000102, -8.013169998999956, 0.0 ], [ 112.10904, -8.012759998999968, 0.0 ], [ 112.10858, -8.01246, 0.0 ], [ 112.10818, -8.01226, 0.0 ], [ 112.10774, -8.01217, 0.0 ], [ 112.10723, -8.0121, 0.0 ], [ 112.10647, -8.01185, 0.0 ], [ 112.10575, -8.01171, 0.0 ], [ 112.105309999000042, -8.01169, 0.0 ], [ 112.104569999000091, -8.01177, 0.0 ], [ 112.10365, -8.011919998999929, 0.0 ], [ 112.102670000000103, -8.01209, 0.0 ], [ 112.10224, -8.01216, 0.0 ], [ 112.10192, -8.01211, 0.0 ], [ 112.10161, -8.01202, 0.0 ], [ 112.100969350000014, -8.011806449999938, 0.0 ], [ 112.10089, -8.01178, 0.0 ], [ 112.100467466000055, -8.011756877999971, 0.0 ], [ 112.09916, -8.011549998999953, 0.0 ], [ 112.098369607000109, -8.011579272999938, 0.0 ], [ 112.097568767000098, -8.011622974999966, 0.0 ], [ 112.096998212000017, -8.01174260099998, 0.0 ], [ 112.096284374000106, -8.011785430999964, 0.0 ], [ 112.095813241000087, -8.011785430999964, 0.0 ], [ 112.095659528000056, -8.011812556999928, 0.0 ], [ 112.095611938000047, -8.010491955999953, 0.0 ], [ 112.094755332000091, -8.010622826999963, 0.0 ], [ 112.094100981000111, -8.010753696999927, 0.0 ], [ 112.094041494000066, -8.010420572999976, 0.0 ], [ 112.09366078000005, -8.010515750999957, 0.0 ], [ 112.093648883000014, -8.010146934999966, 0.0 ], [ 112.093303861000095, -8.010230215999968, 0.0 ], [ 112.093256583000084, -8.01013631099994, 0.0 ], [ 112.092958839000062, -8.010146934999966, 0.0 ], [ 112.09282, -8.00889, 0.0 ], [ 112.09306, -8.00871, 0.0 ], [ 112.09325, -8.0086, 0.0 ], [ 112.09409, -8.0081, 0.0 ], [ 112.09467, -8.00784, 0.0 ], [ 112.094970000000103, -8.00771, 0.0 ], [ 112.095129999000051, -8.007589998999947, 0.0 ], [ 112.095209999000076, -8.0075, 0.0 ], [ 112.09534, -8.00731, 0.0 ], [ 112.095519999000089, -8.00699, 0.0 ], [ 112.09568, -8.006809998999927, 0.0 ], [ 112.095730000000117, -8.006769998999971, 0.0 ], [ 112.09622, -8.00655, 0.0 ], [ 112.096339999000065, -8.00649, 0.0 ], [ 112.09699, -8.006109998999932, 0.0 ], [ 112.09707, -8.006069998999976, 0.0 ], [ 112.097569999000029, -8.00571999899995, 0.0 ], [ 112.097618435000072, -8.005675966999945, 0.0 ], [ 112.097885136000059, -8.005301039999949, 0.0 ], [ 112.098182568000084, -8.004956017999973, 0.0 ], [ 112.098717947000068, -8.004557457999965, 0.0 ], [ 112.099080379000043, -8.004325832999939, 0.0 ], [ 112.099120124000024, -8.004292202999977, 0.0 ], [ 112.099358289000065, -8.004059705999964, 0.0 ], [ 112.099950774000035, -8.003402974999972, 0.0 ], [ 112.101021532, -8.00286045799993, 0.0 ], [ 112.101422533, -8.002650506999942, 0.0 ], [ 112.101653906000024, -8.002472036999961, 0.0 ], [ 112.10193021900011, -8.00227317599996, 0.0 ], [ 112.101909071000023, -8.001761146999968, 0.0 ], [ 112.102473487000111, -8.001758560999974, 0.0 ], [ 112.103672735000032, -8.002139274999934, 0.0 ], [ 112.10395827100001, -8.002177345999939, 0.0 ], [ 112.104290303000084, -8.002148301999966, 0.0 ], [ 112.104586448000077, -8.00203457899994, 0.0 ], [ 112.105805227000019, -8.001673537999977, 0.0 ], [ 112.105842804000076, -8.001644346999967, 0.0 ], [ 112.106375803000105, -8.001349293999965, 0.0 ], [ 112.106642303000058, -8.001120865999951, 0.0 ], [ 112.107546498000033, -8.000759187999961, 0.0 ], [ 112.107830962000094, -8.000851152999928, 0.0 ], [ 112.108376775000011, -8.001094494999961, 0.0 ], [ 112.108767965000084, -8.001008780999939, 0.0 ], [ 112.109088388000032, -8.000816294999936, 0.0 ], [ 112.109231156000078, -8.000311848999957, 0.0 ], [ 112.109089012000027, -7.999993100999973, 0.0 ], [ 112.109719999000049, -7.99951, 0.0 ], [ 112.110129999000037, -7.99924, 0.0 ], [ 112.110789999000076, -7.99887, 0.0 ], [ 112.11129, -7.99863, 0.0 ], [ 112.111850000000118, -7.9984, 0.0 ], [ 112.11232, -7.99826, 0.0 ], [ 112.113229999000055, -7.99801, 0.0 ], [ 112.113430000000108, -7.997899998999969, 0.0 ], [ 112.11396, -7.99758, 0.0 ], [ 112.114769999000032, -7.997429998999962, 0.0 ], [ 112.11573, -7.99716, 0.0 ], [ 112.115847906000113, -7.997110353999972, 0.0 ], [ 112.115919999000084, -7.997079998999936, 0.0 ], [ 112.11608, -7.99701, 0.0 ], [ 112.11675, -7.99674, 0.0 ], [ 112.11714, -7.99646, 0.0 ], [ 112.117210000000114, -7.99641, 0.0 ], [ 112.118070000000102, -7.99816999899997, 0.0 ], [ 112.11841, -7.99816, 0.0 ], [ 112.118920000000116, -7.99813, 0.0 ], [ 112.119330000000105, -7.99803, 0.0 ], [ 112.119859999000028, -7.997819998999944, 0.0 ], [ 112.12051, -7.9976, 0.0 ], [ 112.12082, -7.99757, 0.0 ], [ 112.12100999900008, -7.99756, 0.0 ], [ 112.12116, -7.99754, 0.0 ], [ 112.121459999000081, -7.997489998999981, 0.0 ], [ 112.121789999000043, -7.997429998999962, 0.0 ], [ 112.122300000000109, -7.99735, 0.0 ], [ 112.12269, -7.99719, 0.0 ], [ 112.1236, -7.99675, 0.0 ], [ 112.124100000000112, -7.99652, 0.0 ], [ 112.12501, -7.99611, 0.0 ], [ 112.12551, -7.99598, 0.0 ], [ 112.125990000000115, -7.99592, 0.0 ], [ 112.12713, -7.99586, 0.0 ], [ 112.12726, -7.99586, 0.0 ], [ 112.12751, -7.995889998999928, 0.0 ], [ 112.1279, -7.99601, 0.0 ], [ 112.128200000000106, -7.99609, 0.0 ], [ 112.129299999000068, -7.99614, 0.0 ], [ 112.12977, -7.99616, 0.0 ], [ 112.130180000000109, -7.99623, 0.0 ], [ 112.13088, -7.99633, 0.0 ], [ 112.13114, -7.996339998999929, 0.0 ], [ 112.131559999000046, -7.99635, 0.0 ], [ 112.1333, -7.996339998999929, 0.0 ], [ 112.133560000000102, -7.996279998999967, 0.0 ], [ 112.13402, -7.99599, 0.0 ], [ 112.13463, -7.99564, 0.0 ], [ 112.134770000000117, -7.99566, 0.0 ], [ 112.134950000000117, -7.99574, 0.0 ], [ 112.13537, -7.99597, 0.0 ], [ 112.13555, -7.995929998999941, 0.0 ], [ 112.13569, -7.99586, 0.0 ], [ 112.13582, -7.9958, 0.0 ] ] ] ] } },
{ "type": "Feature", "properties": { "OBJECTID": 116158.0, "KDPPUM": "35", "NAMOBJ": "Candirejo", "REMARK": null, "KDPBPS": null, "FCODE": "BA03070040", "LUASWH": 12.69889282, "UUPP": "Hasil Delineasi Batas Desa 2019", "SRS_ID": "SRGI 2013", "METADATA": "TASWIL1000020200326DATA_BATAS_DESA_KELURAHAN", "KDEBPS": null, "KDEPUM": "35.05.06.2014", "KDCBPS": null, "KDCPUM": "35.05.06", "KDBBPS": null, "WADMKD": "Candirejo", "WIADKD": null, "WADMKC": "Ponggok", "WIADKC": null, "WADMKK": "Blitar", "WIADKK": null, "WADMPR": "Jawa Timur", "WIADPR": null, "TIPADM": 1.0, "KDPKAB": "35.05", "SHAPE_Leng": 0.158071309827093, "SHAPE_Area": 0.001041962308983 }, "geometry": { "type": "MultiPolygon", "coordinates": [ [ [ [ 112.179030298000043, -7.988830638999957, 0.0 ], [ 112.17886210100005, -7.990563332999955, 0.0 ], [ 112.178622101000087, -7.991503332999969, 0.0 ], [ 112.17844, -7.99488, 0.0 ], [ 112.178209999000046, -7.99606, 0.0 ], [ 112.178129999000021, -7.99694, 0.0 ], [ 112.17807, -7.99775, 0.0 ], [ 112.17803, -7.99833, 0.0 ], [ 112.17804, -7.998989998999946, 0.0 ], [ 112.17808, -7.99913, 0.0 ], [ 112.178089999, -7.99919, 0.0 ], [ 112.17816, -7.99959, 0.0 ], [ 112.17822, -8.0, 0.0 ], [ 112.178109999000071, -8.00029, 0.0 ], [ 112.17825, -8.00068, 0.0 ], [ 112.17835, -8.000939998999968, 0.0 ], [ 112.17839, -8.00105, 0.0 ], [ 112.178579999000021, -8.00164, 0.0 ], [ 112.17861, -8.001719998999931, 0.0 ], [ 112.178630000000112, -8.00177999899995, 0.0 ], [ 112.17884, -8.00239, 0.0 ], [ 112.178929999000047, -8.002499998999951, 0.0 ], [ 112.178989999, -8.00311, 0.0 ], [ 112.1795, -8.00409, 0.0 ], [ 112.179359999000098, -8.004159998999967, 0.0 ], [ 112.17826, -8.00471, 0.0 ], [ 112.17808, -8.004799998999943, 0.0 ], [ 112.177730000000111, -8.00499, 0.0 ], [ 112.17751, -8.00518, 0.0 ], [ 112.176959999000019, -8.00573, 0.0 ], [ 112.17673, -8.00595, 0.0 ], [ 112.176179999000055, -8.00637, 0.0 ], [ 112.17598, -8.00653, 0.0 ], [ 112.17554, -8.00684999899994, 0.0 ], [ 112.17504, -8.00706, 0.0 ], [ 112.174440000000118, -8.00733, 0.0 ], [ 112.17411, -8.00762999899996, 0.0 ], [ 112.174, -8.00787, 0.0 ], [ 112.17299, -8.00961, 0.0 ], [ 112.17284, -8.00998, 0.0 ], [ 112.17266, -8.01029, 0.0 ], [ 112.17239, -8.0106, 0.0 ], [ 112.17208, -8.01084, 0.0 ], [ 112.172, -8.01097, 0.0 ], [ 112.171700000000101, -8.01156999899996, 0.0 ], [ 112.171149999000022, -8.0124, 0.0 ], [ 112.171055243000069, -8.012500329999966, 0.0 ], [ 112.1709800000001, -8.01258, 0.0 ], [ 112.17082, -8.01275, 0.0 ], [ 112.17063, -8.01283, 0.0 ], [ 112.17046, -8.01293, 0.0 ], [ 112.170300000000111, -8.0131, 0.0 ], [ 112.170210000000111, -8.0132, 0.0 ], [ 112.169818954000107, -8.012864546999936, 0.0 ], [ 112.169759468000052, -8.012537370999951, 0.0 ], [ 112.170059280000032, -8.008567239999934, 0.0 ], [ 112.16943110200009, -8.008624346999966, 0.0 ], [ 112.168821960000059, -8.008643382999935, 0.0 ], [ 112.168231854000055, -8.008795667999948, 0.0 ], [ 112.167508498000075, -8.009100238999963, 0.0 ], [ 112.167070677000083, -8.009271560999935, 0.0 ], [ 112.166632856000092, -8.009271560999935, 0.0 ], [ 112.166137928000012, -8.009271560999935, 0.0 ], [ 112.165662036000072, -8.009271560999935, 0.0 ], [ 112.165281322000055, -8.009271560999935, 0.0 ], [ 112.164519894000023, -8.009423845999947, 0.0 ], [ 112.163967860000071, -8.009728416999963, 0.0 ], [ 112.163301610000076, -8.010337558999936, 0.0 ], [ 112.162806683000099, -8.011137057999974, 0.0 ], [ 112.162406933000057, -8.011708128999942, 0.0 ], [ 112.162070074000098, -8.012648345999935, 0.0 ], [ 112.16191200500009, -8.012964483999951, 0.0 ], [ 112.161797791000026, -8.013211947999935, 0.0 ], [ 112.161569363000012, -8.013554589999956, 0.0 ], [ 112.16141707700001, -8.01387819699994, 0.0 ], [ 112.161283828000023, -8.014087589999974, 0.0 ], [ 112.161017328000071, -8.014373124999963, 0.0 ], [ 112.160750828, -8.014601552999977, 0.0 ], [ 112.160217829000089, -8.014963230999967, 0.0 ], [ 112.159475437000083, -8.015420087999928, 0.0 ], [ 112.159266045000095, -8.015515265999966, 0.0 ], [ 112.158904367000105, -8.015705622999974, 0.0 ], [ 112.158618831000013, -8.015876943999956, 0.0 ], [ 112.158333296000023, -8.016067300999964, 0.0 ], [ 112.157914511000058, -8.01620055099994, 0.0 ], [ 112.15738151100004, -8.016333800999973, 0.0 ], [ 112.156905619000099, -8.016562228999931, 0.0 ], [ 112.156315513000095, -8.016733549999969, 0.0 ], [ 112.155668300000116, -8.01682872899994, 0.0 ], [ 112.154906872000083, -8.016885835999972, 0.0 ], [ 112.154430980000029, -8.016657407999958, 0.0 ], [ 112.154259659000104, -8.016543193999951, 0.0 ], [ 112.153974123000012, -8.016314764999947, 0.0 ], [ 112.153650517000074, -8.016314764999947, 0.0 ], [ 112.152679697000053, -8.016676442999938, 0.0 ], [ 112.151594662000093, -8.017247513999962, 0.0 ], [ 112.150414450000085, -8.017951833999973, 0.0 ], [ 112.150052772000095, -8.018180262999977, 0.0 ], [ 112.149424594000038, -8.018465797999966, 0.0 ], [ 112.149100987000111, -8.018503868999971, 0.0 ], [ 112.148491845000081, -8.018656154999974, 0.0 ], [ 112.14813016700009, -8.018865546999962, 0.0 ], [ 112.147730418000037, -8.019132046999971, 0.0 ], [ 112.146226598000112, -8.019969616999958, 0.0 ], [ 112.142514639000069, -8.019684081999969, 0.0 ], [ 112.140996543000028, -8.019198671999959, 0.0 ], [ 112.140207752000038, -8.018894100999944, 0.0 ], [ 112.139769931000046, -8.018798922999963, 0.0 ], [ 112.138608754000074, -8.018779886999937, 0.0 ], [ 112.13795, -8.01885, 0.0 ], [ 112.137520000000109, -8.018999998999959, 0.0 ], [ 112.13705999900003, -8.0192, 0.0 ], [ 112.13649, -8.019329998999979, 0.0 ], [ 112.1353, -8.01956, 0.0 ], [ 112.13458, -8.01951, 0.0 ], [ 112.1334, -8.019349998999928, 0.0 ], [ 112.13235, -8.01911, 0.0 ], [ 112.131980000000112, -8.01909, 0.0 ], [ 112.13157999900011, -8.018999998999959, 0.0 ], [ 112.13107, -8.01889, 0.0 ], [ 112.13071, -8.01875, 0.0 ], [ 112.1306, -8.01869, 0.0 ], [ 112.13052, -8.018629998999927, 0.0 ], [ 112.13032, -8.018509998999946, 0.0 ], [ 112.13032, -8.01844, 0.0 ], [ 112.13034, -8.01825, 0.0 ], [ 112.1304, -8.01813999899997, 0.0 ], [ 112.1306, -8.018, 0.0 ], [ 112.13083, -8.01792, 0.0 ], [ 112.13169, -8.017709998999976, 0.0 ], [ 112.13264, -8.017379998999957, 0.0 ], [ 112.132520000000113, -8.016539998999974, 0.0 ], [ 112.13245, -8.016269998999974, 0.0 ], [ 112.132399999000086, -8.01603, 0.0 ], [ 112.13237, -8.01589, 0.0 ], [ 112.132250000000113, -8.01536, 0.0 ], [ 112.13219, -8.015119998999978, 0.0 ], [ 112.13211, -8.014709998999933, 0.0 ], [ 112.13211, -8.01425, 0.0 ], [ 112.13149, -8.01175, 0.0 ], [ 112.13174, -8.01175, 0.0 ], [ 112.1331599990001, -8.012, 0.0 ], [ 112.13344, -8.01175, 0.0 ], [ 112.133650000000102, -8.01174, 0.0 ], [ 112.133830000000103, -8.01179, 0.0 ], [ 112.134010000000103, -8.01182, 0.0 ], [ 112.13399, -8.01163, 0.0 ], [ 112.13395, -8.01124, 0.0 ], [ 112.133939999000063, -8.01113, 0.0 ], [ 112.133939999000063, -8.01107, 0.0 ], [ 112.13391, -8.010669998999958, 0.0 ], [ 112.13389, -8.010299998999926, 0.0 ], [ 112.133870000000115, -8.00998999899997, 0.0 ], [ 112.13384, -8.00932, 0.0 ], [ 112.13382, -8.00889, 0.0 ], [ 112.13381, -8.00875, 0.0 ], [ 112.1338, -8.00836, 0.0 ], [ 112.13379, -8.00809, 0.0 ], [ 112.13373, -8.00739, 0.0 ], [ 112.13367, -8.00665, 0.0 ], [ 112.133650000000102, -8.00651, 0.0 ], [ 112.13362, -8.00635, 0.0 ], [ 112.133600000000115, -8.00623, 0.0 ], [ 112.133569999000088, -8.00608, 0.0 ], [ 112.133549999000024, -8.006, 0.0 ], [ 112.133509999000012, -8.00539, 0.0 ], [ 112.133489999000062, -8.005, 0.0 ], [ 112.13348, -8.0047, 0.0 ], [ 112.13348, -8.004509998999936, 0.0 ], [ 112.133549999000024, -8.004489998999929, 0.0 ], [ 112.13397, -8.00457, 0.0 ], [ 112.13451, -8.00461, 0.0 ], [ 112.13463, -8.00462, 0.0 ], [ 112.134820000000104, -8.00466, 0.0 ], [ 112.13494, -8.00468, 0.0 ], [ 112.13501, -8.00469, 0.0 ], [ 112.13526, -8.00389, 0.0 ], [ 112.135270000000105, -8.00381, 0.0 ], [ 112.13532, -8.00357, 0.0 ], [ 112.135459999000091, -8.00303, 0.0 ], [ 112.135519999000053, -8.00281, 0.0 ], [ 112.13561, -8.002479998999945, 0.0 ], [ 112.135630000000106, -8.0024, 0.0 ], [ 112.13571, -8.00197, 0.0 ], [ 112.13574, -8.00179, 0.0 ], [ 112.135869999000079, -8.00118, 0.0 ], [ 112.135889999000028, -8.00099999899993, 0.0 ], [ 112.135900000000106, -8.00081, 0.0 ], [ 112.135929999000041, -8.00042, 0.0 ], [ 112.135949999000104, -8.0, 0.0 ], [ 112.13597, -7.99896, 0.0 ], [ 112.13597, -7.99872, 0.0 ], [ 112.135949999000104, -7.9982, 0.0 ], [ 112.135949999000104, -7.99798, 0.0 ], [ 112.135929999000041, -7.99775, 0.0 ], [ 112.13592, -7.99679, 0.0 ], [ 112.13592, -7.99635, 0.0 ], [ 112.13588, -7.9961, 0.0 ], [ 112.13586, -7.99596, 0.0 ], [ 112.13582, -7.9958, 0.0 ], [ 112.136299999000016, -7.99549, 0.0 ], [ 112.136620000000107, -7.99519, 0.0 ], [ 112.13686, -7.99495, 0.0 ], [ 112.13699, -7.99492, 0.0 ], [ 112.137429999, -7.99489, 0.0 ], [ 112.137700000000109, -7.99486, 0.0 ], [ 112.138229999000032, -7.99483, 0.0 ], [ 112.13836, -7.994719998999926, 0.0 ], [ 112.13882, -7.99436, 0.0 ], [ 112.139359999000021, -7.99409, 0.0 ], [ 112.13961, -7.99404, 0.0 ], [ 112.14011, -7.99402, 0.0 ], [ 112.140179999000111, -7.99401, 0.0 ], [ 112.140810000000101, -7.993939998999963, 0.0 ], [ 112.141210000000115, -7.99381, 0.0 ], [ 112.141620000000103, -7.99369, 0.0 ], [ 112.14204, -7.99361, 0.0 ], [ 112.14268, -7.99354, 0.0 ], [ 112.14341, -7.993489998999962, 0.0 ], [ 112.14437, -7.99336, 0.0 ], [ 112.14507, -7.993179998999949, 0.0 ], [ 112.14616, -7.9929, 0.0 ], [ 112.14695, -7.9927, 0.0 ], [ 112.14805, -7.99231999899996, 0.0 ], [ 112.14893, -7.99202, 0.0 ], [ 112.149229999000113, -7.991929998999979, 0.0 ], [ 112.15056, -7.99167, 0.0 ], [ 112.151099999000053, -7.991619998999965, 0.0 ], [ 112.1515, -7.99148, 0.0 ], [ 112.1523, -7.99118, 0.0 ], [ 112.152719999000055, -7.99103, 0.0 ], [ 112.152779999000018, -7.9912, 0.0 ], [ 112.15294, -7.99135, 0.0 ], [ 112.15371, -7.99159, 0.0 ], [ 112.15514, -7.99166, 0.0 ], [ 112.1556700000001, -7.99171, 0.0 ], [ 112.15691, -7.99176, 0.0 ], [ 112.15713, -7.9918, 0.0 ], [ 112.15749, -7.99198, 0.0 ], [ 112.157780000000116, -7.99217, 0.0 ], [ 112.15797, -7.99223, 0.0 ], [ 112.15827, -7.99217, 0.0 ], [ 112.158589999000014, -7.99206, 0.0 ], [ 112.15897, -7.99186, 0.0 ], [ 112.15928, -7.99177, 0.0 ], [ 112.16003, -7.99186, 0.0 ], [ 112.16066, -7.991969998999934, 0.0 ], [ 112.16118, -7.99214, 0.0 ], [ 112.16162, -7.99227, 0.0 ], [ 112.16168, -7.992279998999948, 0.0 ], [ 112.162, -7.99231999899996, 0.0 ], [ 112.16267, -7.99221, 0.0 ], [ 112.1632800000001, -7.99205, 0.0 ], [ 112.16469, -7.99131, 0.0 ], [ 112.16507, -7.991129998999952, 0.0 ], [ 112.165569999000013, -7.99096, 0.0 ], [ 112.165840000000117, -7.99092, 0.0 ], [ 112.16591, -7.99095, 0.0 ], [ 112.16636999900004, -7.99106, 0.0 ], [ 112.16668, -7.99103, 0.0 ], [ 112.16675, -7.99096, 0.0 ], [ 112.16677, -7.990799998999933, 0.0 ], [ 112.16672, -7.99064, 0.0 ], [ 112.16659, -7.99054, 0.0 ], [ 112.1664, -7.99036, 0.0 ], [ 112.16634999900009, -7.99021, 0.0 ], [ 112.16636999900004, -7.99001, 0.0 ], [ 112.16646, -7.989939998999944, 0.0 ], [ 112.16659, -7.989939998999944, 0.0 ], [ 112.16704, -7.990039998999976, 0.0 ], [ 112.16728, -7.990039998999976, 0.0 ], [ 112.16736, -7.989979998999956, 0.0 ], [ 112.167690000000107, -7.98966, 0.0 ], [ 112.16845, -7.989199998999936, 0.0 ], [ 112.16923, -7.988769998999942, 0.0 ], [ 112.16942, -7.98868, 0.0 ], [ 112.16962, -7.98858, 0.0 ], [ 112.17, -7.98851, 0.0 ], [ 112.17059, -7.988399998999967, 0.0 ], [ 112.1708, -7.9883, 0.0 ], [ 112.17108, -7.988069998999947, 0.0 ], [ 112.171539999000061, -7.98759999899994, 0.0 ], [ 112.172, -7.98734, 0.0 ], [ 112.172279999000011, -7.98709, 0.0 ], [ 112.17387, -7.98549, 0.0 ], [ 112.174209999000027, -7.98516, 0.0 ], [ 112.17488, -7.98557, 0.0 ], [ 112.17553, -7.98593, 0.0 ], [ 112.17601, -7.98615, 0.0 ], [ 112.1764, -7.98624, 0.0 ], [ 112.176838234000115, -7.986313038999981, 0.0 ], [ 112.177694975, -7.985948169999972, 0.0 ], [ 112.177730000000111, -7.98609, 0.0 ], [ 112.1779, -7.98646, 0.0 ], [ 112.17812, -7.98693, 0.0 ], [ 112.178209999000046, -7.98718, 0.0 ], [ 112.17835, -7.9875, 0.0 ], [ 112.17841, -7.987619998999946, 0.0 ], [ 112.17868, -7.98808, 0.0 ], [ 112.179030298000043, -7.988830638999957, 0.0 ] ] ] ] } },
{ "type": "Feature", "properties": { "OBJECTID": 116273.0, "KDPPUM": "35", "NAMOBJ": "Kebonduren", "REMARK": null, "KDPBPS": null, "FCODE": "BA03070040", "LUASWH": 7.37950903, "UUPP": "Hasil Delineasi Batas Desa 2019", "SRS_ID": "SRGI 2013", "METADATA": "TASWIL1000020200326DATA_BATAS_DESA_KELURAHAN", "KDEBPS": null, "KDEPUM": "35.05.06.2005", "KDCBPS": null, "KDCPUM": "35.05.06", "KDBBPS": null, "WADMKD": "Kebonduren", "WIADKD": null, "WADMKC": "Ponggok", "WIADKC": null, "WADMKK": "Blitar", "WIADKK": null, "WADMPR": "Jawa Timur", "WIADPR": null, "TIPADM": 1.0, "KDPKAB": "35.05", "SHAPE_Leng": 0.133907188524825, "SHAPE_Area": 0.00060556142691799999 }, "geometry": { "type": "MultiPolygon", "coordinates": [ [ [ [ 112.100969350000014, -8.011806449999938, 0.0 ], [ 112.100889699000049, -8.012963875999958, 0.0 ], [ 112.100692204000097, -8.013075710999942, 0.0 ], [ 112.100613682000017, -8.013118540999926, 0.0 ], [ 112.10054229800005, -8.014560493999966, 0.0 ], [ 112.100142548, -8.014603324999939, 0.0 ], [ 112.100121133000016, -8.015167256999973, 0.0 ], [ 112.099785629000053, -8.015224363999948, 0.0 ], [ 112.09974993700007, -8.016009585999939, 0.0 ], [ 112.099628585, -8.01601672399994, 0.0 ], [ 112.099585754000032, -8.016309397999976, 0.0 ], [ 112.09908727800007, -8.016329743999961, 0.0 ], [ 112.09906, -8.01649, 0.0 ], [ 112.09923, -8.01725, 0.0 ], [ 112.09928, -8.0175, 0.0 ], [ 112.09936, -8.017829998999957, 0.0 ], [ 112.09942, -8.01806, 0.0 ], [ 112.099439999000083, -8.01813, 0.0 ], [ 112.0994726670001, -8.018264755999951, 0.0 ], [ 112.099698382000042, -8.018629372999953, 0.0 ], [ 112.10039318500003, -8.019590674999961, 0.0 ], [ 112.10158, -8.02123, 0.0 ], [ 112.10164, -8.02137, 0.0 ], [ 112.10167, -8.02159, 0.0 ], [ 112.10174, -8.022139998999933, 0.0 ], [ 112.10176, -8.02295, 0.0 ], [ 112.10176, -8.023289998999928, 0.0 ], [ 112.10175, -8.02356, 0.0 ], [ 112.10176, -8.02437, 0.0 ], [ 112.101770000000101, -8.02468, 0.0 ], [ 112.10176, -8.02508, 0.0 ], [ 112.10176, -8.02519, 0.0 ], [ 112.101770000000101, -8.02533, 0.0 ], [ 112.10133, -8.02562, 0.0 ], [ 112.101180000000113, -8.02582, 0.0 ], [ 112.10093, -8.02616, 0.0 ], [ 112.10068, -8.02636, 0.0 ], [ 112.10013, -8.0267, 0.0 ], [ 112.09971, -8.02688, 0.0 ], [ 112.09959, -8.02692, 0.0 ], [ 112.09895, -8.0271, 0.0 ], [ 112.0982, -8.02732, 0.0 ], [ 112.09777, -8.027539998999941, 0.0 ], [ 112.09763, -8.02768, 0.0 ], [ 112.09746, -8.0279, 0.0 ], [ 112.097179999000105, -8.028009998999948, 0.0 ], [ 112.097, -8.02805, 0.0 ], [ 112.09685, -8.02807, 0.0 ], [ 112.09655, -8.02812, 0.0 ], [ 112.09635, -8.02818, 0.0 ], [ 112.0954, -8.02845, 0.0 ], [ 112.09489, -8.0286, 0.0 ], [ 112.09487, -8.02919, 0.0 ], [ 112.09491, -8.030229998999971, 0.0 ], [ 112.094920000000116, -8.031, 0.0 ], [ 112.09493, -8.03168, 0.0 ], [ 112.09496, -8.03236, 0.0 ], [ 112.095, -8.03336, 0.0 ], [ 112.09503, -8.03418, 0.0 ], [ 112.095010000000116, -8.03516, 0.0 ], [ 112.09498, -8.03644, 0.0 ], [ 112.09493, -8.03752, 0.0 ], [ 112.09499, -8.03824, 0.0 ], [ 112.095100000000116, -8.04023, 0.0 ], [ 112.09499, -8.0407, 0.0 ], [ 112.094900690000031, -8.040839546999962, 0.0 ], [ 112.0937201160001, -8.041570476999937, 0.0 ], [ 112.093348920000039, -8.041698967999935, 0.0 ], [ 112.092977724000093, -8.041770350999968, 0.0 ], [ 112.092535144000067, -8.041955948999941, 0.0 ], [ 112.092149672, -8.042241484999977, 0.0 ], [ 112.091664262000108, -8.042398528999968, 0.0 ], [ 112.091264512000066, -8.042512742999975, 0.0 ], [ 112.090850486000022, -8.042741171999978, 0.0 ], [ 112.090736272000072, -8.043069536999951, 0.0 ], [ 112.090807656000038, -8.043512116999977, 0.0 ], [ 112.090721995000081, -8.043854758999942, 0.0 ], [ 112.090550674000042, -8.044054633999963, 0.0 ], [ 112.090193755000087, -8.044283061999977, 0.0 ], [ 112.089808282000035, -8.044554320999964, 0.0 ], [ 112.089494193000064, -8.044782748999978, 0.0 ], [ 112.088851739, -8.045182497999974, 0.0 ], [ 112.088537650000035, -8.0453966499999, 0.0 ], [ 112.088137900000106, -8.045739291999951, 0.0 ], [ 112.087852365000117, -8.046396023999932, 0.0 ], [ 112.087638214000094, -8.046867156999951, 0.0 ], [ 112.087509723000039, -8.047452503999978, 0.0 ], [ 112.087452616000064, -8.047909360999938, 0.0 ], [ 112.08761177100007, -8.048107799999968, 0.0 ], [ 112.08728, -8.04852, 0.0 ], [ 112.086680000000115, -8.04834, 0.0 ], [ 112.08656864000011, -8.048301719999927, 0.0 ], [ 112.085147849, -8.048129717999927, 0.0 ], [ 112.08358161000001, -8.048082558999965, 0.0 ], [ 112.07997672700003, -8.047611425999946, 0.0 ], [ 112.080161418000102, -8.046282122999969, 0.0 ], [ 112.078776969000046, -8.046124799999973, 0.0 ], [ 112.079038241000035, -8.044464152999979, 0.0 ], [ 112.079221947000065, -8.043179463999934, 0.0 ], [ 112.078707982000083, -8.043097129999978, 0.0 ], [ 112.07889629500005, -8.041399676999959, 0.0 ], [ 112.079085213000099, -8.040051534999975, 0.0 ], [ 112.079542070000116, -8.036453789999939, 0.0 ], [ 112.079432615000087, -8.0360992499999, 0.0 ], [ 112.079765739000095, -8.035040389999949, 0.0 ], [ 112.079860918, -8.034814340999958, 0.0 ], [ 112.080315077000023, -8.034737364999955, 0.0 ], [ 112.0804, -8.03369, 0.0 ], [ 112.08043, -8.033469998999976, 0.0 ], [ 112.08044, -8.03333, 0.0 ], [ 112.08044, -8.03318, 0.0 ], [ 112.08055, -8.03275, 0.0 ], [ 112.080699999000103, -8.03199, 0.0 ], [ 112.08079, -8.03143, 0.0 ], [ 112.08094, -8.030779998999947, 0.0 ], [ 112.08106, -8.03032, 0.0 ], [ 112.081129999000041, -8.03002, 0.0 ], [ 112.0812, -8.02971, 0.0 ], [ 112.08131, -8.029199998999957, 0.0 ], [ 112.08134, -8.02907, 0.0 ], [ 112.081519999000079, -8.02837, 0.0 ], [ 112.081730000000107, -8.027519998999935, 0.0 ], [ 112.08201061200009, -8.026889396999934, 0.0 ], [ 112.08248650400003, -8.026235045999954, 0.0 ], [ 112.082891013000108, -8.025533104999965, 0.0 ], [ 112.083485878000033, -8.024605114999929, 0.0 ], [ 112.083735721000039, -8.024093530999949, 0.0 ], [ 112.084199716000057, -8.023094156999946, 0.0 ], [ 112.084354381000026, -8.022677750999947, 0.0 ], [ 112.084366278000061, -8.022439804999976, 0.0 ], [ 112.084021257000018, -8.02218996199997, 0.0 ], [ 112.083366905000048, -8.022475496999959, 0.0 ], [ 112.081796461000067, -8.022998978999965, 0.0 ], [ 112.081677487000093, -8.022975183999961, 0.0 ], [ 112.080214119000061, -8.02326071899995, 0.0 ], [ 112.078120193000018, -8.023736610999947, 0.0 ], [ 112.078023848000043, -8.023211090999951, 0.0 ], [ 112.075537288000078, -8.023464162999971, 0.0 ], [ 112.075058722000108, -8.023755628999936, 0.0 ], [ 112.07462, -8.02395, 0.0 ], [ 112.07455784800004, -8.023957579999944, 0.0 ], [ 112.074119130000099, -8.023921019999932, 0.0 ], [ 112.073370387000068, -8.024017375999961, 0.0 ], [ 112.073391478000076, -8.024001247999934, 0.0 ], [ 112.073819781000111, -8.023216025999943, 0.0 ], [ 112.074148146000084, -8.023158917999979, 0.0 ], [ 112.074847708000107, -8.021459982999943, 0.0 ], [ 112.074933368000075, -8.021074510999938, 0.0 ], [ 112.075133243000096, -8.020603376999929, 0.0 ], [ 112.075347395000108, -8.020260734999965, 0.0 ], [ 112.075561546000017, -8.02001803, 0.0 ], [ 112.07547588500006, -8.019646833999957, 0.0 ], [ 112.075480644000095, -8.019451420999928, 0.0 ], [ 112.075780456000075, -8.018980287999966, 0.0 ], [ 112.075997691000111, -8.018654435999963, 0.0 ], [ 112.0763746, -8.018208405999928, 0.0 ], [ 112.076600963000033, -8.017928810999933, 0.0 ], [ 112.076993437000056, -8.017580596999949, 0.0 ], [ 112.077431258000047, -8.017371203999971, 0.0 ], [ 112.078325935000066, -8.017066632999956, 0.0 ], [ 112.079348864000053, -8.016952974999981, 0.0 ], [ 112.07962038300002, -8.016933906999952, 0.0 ], [ 112.080153361000043, -8.015581849999933, 0.0 ], [ 112.081428752000079, -8.015600884999969, 0.0 ], [ 112.082724072000019, -8.015417170999967, 0.0 ], [ 112.083166651000056, -8.015360063999935, 0.0 ], [ 112.083480740000027, -8.01544572499995, 0.0 ], [ 112.083652061000066, -8.015517107999926, 0.0 ], [ 112.083923320000054, -8.015488554999934, 0.0 ], [ 112.084137471000076, -8.015360063999935, 0.0 ], [ 112.084423007000055, -8.014931760999957, 0.0 ], [ 112.084679989000051, -8.014346413999931, 0.0 ], [ 112.085705014000041, -8.013677008999935, 0.0 ], [ 112.085987821000117, -8.013436099999979, 0.0 ], [ 112.086154678000071, -8.013371302999929, 0.0 ], [ 112.086380432000055, -8.013229086999957, 0.0 ], [ 112.086487507000015, -8.013100595999958, 0.0 ], [ 112.086644552000052, -8.012957827999969, 0.0 ], [ 112.086708797000028, -8.012929274999976, 0.0 ], [ 112.086780181000108, -8.012872167999944, 0.0 ], [ 112.086987194000017, -8.012650877999931, 0.0 ], [ 112.087211573000104, -8.012598598999944, 0.0 ], [ 112.087264083000036, -8.012576094999929, 0.0 ], [ 112.087935091000077, -8.012347665999926, 0.0 ], [ 112.088201501000071, -8.01219847699997, 0.0 ], [ 112.088243550000016, -8.012079806999964, 0.0 ], [ 112.088222134000034, -8.011951315999966, 0.0 ], [ 112.088222134000034, -8.011772856999926, 0.0 ], [ 112.088322072000096, -8.011630088999937, 0.0 ], [ 112.088457701000038, -8.011544427999979, 0.0 ], [ 112.08867112400003, -8.011435651999932, 0.0 ], [ 112.089978177000035, -8.010630714999934, 0.0 ], [ 112.090140847000043, -8.010232452999958, 0.0 ], [ 112.090576293000026, -8.010049106999929, 0.0 ], [ 112.090918935000104, -8.009892062999938, 0.0 ], [ 112.091418622000106, -8.009749294999949, 0.0 ], [ 112.092018246000066, -8.009520866999935, 0.0 ], [ 112.09241, -8.00929, 0.0 ], [ 112.09282, -8.00889, 0.0 ], [ 112.092958839000062, -8.010146934999966, 0.0 ], [ 112.093256583000084, -8.01013631099994, 0.0 ], [ 112.093303861000095, -8.010230215999968, 0.0 ], [ 112.093648883000014, -8.010146934999966, 0.0 ], [ 112.09366078000005, -8.010515750999957, 0.0 ], [ 112.094041494000066, -8.010420572999976, 0.0 ], [ 112.094100981000111, -8.010753696999927, 0.0 ], [ 112.094755332000091, -8.010622826999963, 0.0 ], [ 112.095611938000047, -8.010491955999953, 0.0 ], [ 112.095659528000056, -8.011812556999928, 0.0 ], [ 112.095813241000087, -8.011785430999964, 0.0 ], [ 112.096284374000106, -8.011785430999964, 0.0 ], [ 112.096998212000017, -8.01174260099998, 0.0 ], [ 112.097568767000098, -8.011622974999966, 0.0 ], [ 112.098369607000109, -8.011579272999938, 0.0 ], [ 112.09916, -8.011549998999953, 0.0 ], [ 112.100467466000055, -8.011756877999971, 0.0 ], [ 112.10089, -8.01178, 0.0 ], [ 112.100969350000014, -8.011806449999938, 0.0 ] ] ] ] } },
{ "type": "Feature", "properties": { "OBJECTID": 116156.0, "KDPPUM": "35", "NAMOBJ": "Ringinanyar", "REMARK": null, "KDPBPS": null, "FCODE": "BA03070040", "LUASWH": 2.28686203, "UUPP": "Hasil Delineasi Batas Desa 2019", "SRS_ID": "SRGI 2013", "METADATA": "TASWIL1000020200326DATA_BATAS_DESA_KELURAHAN", "KDEBPS": null, "KDEPUM": "35.05.06.2004", "KDCBPS": null, "KDCPUM": "35.05.06", "KDBBPS": null, "WADMKD": "Ringinanyar", "WIADKD": null, "WADMKC": "Ponggok", "WIADKC": null, "WADMKK": "Blitar", "WIADKK": null, "WADMPR": "Jawa Timur", "WIADPR": null, "TIPADM": 1.0, "KDPKAB": "35.05", "SHAPE_Leng": 0.103645746289979, "SHAPE_Area": 0.00018764974028500001 }, "geometry": { "type": "MultiPolygon", "coordinates": [ [ [ [ 112.101909071000023, -8.001761146999968, 0.0 ], [ 112.10193021900011, -8.00227317599996, 0.0 ], [ 112.101653906000024, -8.002472036999961, 0.0 ], [ 112.101422533, -8.002650506999942, 0.0 ], [ 112.101021532, -8.00286045799993, 0.0 ], [ 112.099950774000035, -8.003402974999972, 0.0 ], [ 112.099358289000065, -8.004059705999964, 0.0 ], [ 112.099120124000024, -8.004292202999977, 0.0 ], [ 112.099080379000043, -8.004325832999939, 0.0 ], [ 112.098717947000068, -8.004557457999965, 0.0 ], [ 112.098182568000084, -8.004956017999973, 0.0 ], [ 112.097885136000059, -8.005301039999949, 0.0 ], [ 112.097618435000072, -8.005675966999945, 0.0 ], [ 112.097569999000029, -8.00571999899995, 0.0 ], [ 112.09707, -8.006069998999976, 0.0 ], [ 112.09699, -8.006109998999932, 0.0 ], [ 112.096339999000065, -8.00649, 0.0 ], [ 112.09622, -8.00655, 0.0 ], [ 112.095730000000117, -8.006769998999971, 0.0 ], [ 112.09568, -8.006809998999927, 0.0 ], [ 112.095519999000089, -8.00699, 0.0 ], [ 112.09534, -8.00731, 0.0 ], [ 112.095209999000076, -8.0075, 0.0 ], [ 112.095129999000051, -8.007589998999947, 0.0 ], [ 112.094970000000103, -8.00771, 0.0 ], [ 112.09467, -8.00784, 0.0 ], [ 112.09409, -8.0081, 0.0 ], [ 112.09325, -8.0086, 0.0 ], [ 112.09306, -8.00871, 0.0 ], [ 112.09282, -8.00889, 0.0 ], [ 112.09241, -8.00929, 0.0 ], [ 112.092018246000066, -8.009520866999935, 0.0 ], [ 112.091418622000106, -8.009749294999949, 0.0 ], [ 112.090918935000104, -8.009892062999938, 0.0 ], [ 112.090576293000026, -8.010049106999929, 0.0 ], [ 112.090140847000043, -8.010232452999958, 0.0 ], [ 112.089978177000035, -8.010630714999934, 0.0 ], [ 112.08867112400003, -8.011435651999932, 0.0 ], [ 112.088457701000038, -8.011544427999979, 0.0 ], [ 112.088322072000096, -8.011630088999937, 0.0 ], [ 112.088222134000034, -8.011772856999926, 0.0 ], [ 112.088222134000034, -8.011951315999966, 0.0 ], [ 112.088243550000016, -8.012079806999964, 0.0 ], [ 112.088201501000071, -8.01219847699997, 0.0 ], [ 112.087935091000077, -8.012347665999926, 0.0 ], [ 112.087264083000036, -8.012576094999929, 0.0 ], [ 112.087211573000104, -8.012598598999944, 0.0 ], [ 112.086987194000017, -8.012650877999931, 0.0 ], [ 112.086780181000108, -8.012872167999944, 0.0 ], [ 112.086708797000028, -8.012929274999976, 0.0 ], [ 112.086644552000052, -8.012957827999969, 0.0 ], [ 112.086487507000015, -8.013100595999958, 0.0 ], [ 112.086380432000055, -8.013229086999957, 0.0 ], [ 112.086154678000071, -8.013371302999929, 0.0 ], [ 112.085987821000117, -8.013436099999979, 0.0 ], [ 112.085705014000041, -8.013677008999935, 0.0 ], [ 112.084679989000051, -8.014346413999931, 0.0 ], [ 112.084423007000055, -8.014931760999957, 0.0 ], [ 112.084137471000076, -8.015360063999935, 0.0 ], [ 112.083923320000054, -8.015488554999934, 0.0 ], [ 112.083652061000066, -8.015517107999926, 0.0 ], [ 112.083480740000027, -8.01544572499995, 0.0 ], [ 112.083166651000056, -8.015360063999935, 0.0 ], [ 112.082724072000019, -8.015417170999967, 0.0 ], [ 112.081428752000079, -8.015600884999969, 0.0 ], [ 112.080153361000043, -8.015581849999933, 0.0 ], [ 112.07962038300002, -8.016933906999952, 0.0 ], [ 112.079348864000053, -8.016952974999981, 0.0 ], [ 112.078325935000066, -8.017066632999956, 0.0 ], [ 112.077431258000047, -8.017371203999971, 0.0 ], [ 112.076993437000056, -8.017580596999949, 0.0 ], [ 112.076600963000033, -8.017928810999933, 0.0 ], [ 112.076601143000062, -8.017814983999926, 0.0 ], [ 112.076694169, -8.017695378999974, 0.0 ], [ 112.076708446000112, -8.017167137999934, 0.0 ], [ 112.076908321000019, -8.016810218999979, 0.0 ], [ 112.077763153000092, -8.015303790999951, 0.0 ], [ 112.077980854000089, -8.015285945999949, 0.0 ], [ 112.078431729000044, -8.015202889999955, 0.0 ], [ 112.079093838000063, -8.015139708999925, 0.0 ], [ 112.079275280000047, -8.015133660999936, 0.0 ], [ 112.07996943, -8.015068583999948, 0.0 ], [ 112.079962944000044, -8.01430322899995, 0.0 ], [ 112.080391248000069, -8.014260398999966, 0.0 ], [ 112.080647464000094, -8.014251997999963, 0.0 ], [ 112.080629254000087, -8.014625305999971, 0.0 ], [ 112.081240894000075, -8.014559436999946, 0.0 ], [ 112.081247914000073, -8.014558680999926, 0.0 ], [ 112.081266950000099, -8.014872769999954, 0.0 ], [ 112.081889275000094, -8.014768323999931, 0.0 ], [ 112.08215103100008, -8.014724392999938, 0.0 ], [ 112.082197259000054, -8.014724392999938, 0.0 ], [ 112.082482794000043, -8.014676803999976, 0.0 ], [ 112.082504931000017, -8.014664996999954, 0.0 ], [ 112.082625562000089, -8.014600660999974, 0.0 ], [ 112.082626083000036, -8.014574025999934, 0.0 ], [ 112.082599447, -8.013597378999975, 0.0 ], [ 112.082412294000051, -8.012703046999945, 0.0 ], [ 112.082409434000056, -8.012689878999936, 0.0 ], [ 112.08222825200005, -8.011855613999955, 0.0 ], [ 112.082506530000046, -8.01178095299997, 0.0 ], [ 112.082618483000033, -8.011750916999972, 0.0 ], [ 112.083167766000088, -8.011531204999926, 0.0 ], [ 112.083284732000038, -8.011484417999952, 0.0 ], [ 112.083751026000073, -8.011240831999942, 0.0 ], [ 112.083995891000086, -8.011144490999925, 0.0 ], [ 112.084119863000069, -8.011095714999954, 0.0 ], [ 112.083934265000039, -8.010346184999946, 0.0 ], [ 112.0835131, -8.009275427999967, 0.0 ], [ 112.083634453000059, -8.009246873999928, 0.0 ], [ 112.08414127900005, -8.009054137999954, 0.0 ], [ 112.084640965000062, -8.008889954999972, 0.0 ], [ 112.084658852000075, -8.008881862999942, 0.0 ], [ 112.08487832000003, -8.008782579999945, 0.0 ], [ 112.085040715000105, -8.008709115999977, 0.0 ], [ 112.085592750000046, -8.008442615999968, 0.0 ], [ 112.085651883000082, -8.008397962999936, 0.0 ], [ 112.085630881000043, -8.008345908999956, 0.0 ], [ 112.085321552000096, -8.007584480999981, 0.0 ], [ 112.085036015000014, -8.006858745999978, 0.0 ], [ 112.08366782500002, -8.007120485999963, 0.0 ], [ 112.083275214000082, -8.007287048999956, 0.0 ], [ 112.083045746000039, -8.007316341999967, 0.0 ], [ 112.082716041000026, -8.007358431999933, 0.0 ], [ 112.08222825100006, -8.007382226999937, 0.0 ], [ 112.081645283000057, -8.007298945999935, 0.0 ], [ 112.081181289000028, -8.007203766999965, 0.0 ], [ 112.080855018000079, -8.007240018999937, 0.0 ], [ 112.079081397000095, -8.00743708899995, 0.0 ], [ 112.077659626000013, -8.007738295999957, 0.0 ], [ 112.077581702000089, -8.007748591999928, 0.0 ], [ 112.076741262000041, -8.007859633999942, 0.0 ], [ 112.076741154000047, -8.007859647999965, 0.0 ], [ 112.076695532000031, -8.007655869999951, 0.0 ], [ 112.075494377000041, -8.007667761999926, 0.0 ], [ 112.075485412000035, -8.007481284999926, 0.0 ], [ 112.075484798000048, -8.007481313999961, 0.0 ], [ 112.075478475000068, -8.007338570999934, 0.0 ], [ 112.075434830000063, -8.006353449999949, 0.0 ], [ 112.075720923000063, -8.006329466999944, 0.0 ], [ 112.075719606, -8.006319986999927, 0.0 ], [ 112.075684734000106, -8.006049728999926, 0.0 ], [ 112.075606540000081, -8.005985132999967, 0.0 ], [ 112.075606540000081, -8.005825610999977, 0.0 ], [ 112.075441509000029, -8.005848803999982, 0.0 ], [ 112.075428080000052, -8.00528428399997, 0.0 ], [ 112.075666026000022, -8.005248592999976, 0.0 ], [ 112.075695769000049, -8.005070131999958, 0.0 ], [ 112.075803495000059, -8.005053958999952, 0.0 ], [ 112.075827501000049, -8.00505035499998, 0.0 ], [ 112.075899007000089, -8.004933345999973, 0.0 ], [ 112.075974938000059, -8.004905496999982, 0.0 ], [ 112.076039040000069, -8.004894184999955, 0.0 ], [ 112.076250966000089, -8.004812008999977, 0.0 ], [ 112.076672210000083, -8.004717229999926, 0.0 ], [ 112.077064821000022, -8.004610153999977, 0.0 ], [ 112.077576405000059, -8.004538769999954, 0.0 ], [ 112.078378612000051, -8.00443362599998, 0.0 ], [ 112.078509952000104, -8.004422447999957, 0.0 ], [ 112.078675584000052, -8.004408352999974, 0.0 ], [ 112.078865491000101, -8.004398296999966, 0.0 ], [ 112.078872350000097, -8.004397934999929, 0.0 ], [ 112.078859367000064, -8.00428018599996, 0.0 ], [ 112.078803260000086, -8.003685450999967, 0.0 ], [ 112.079976156000043, -8.003544138999928, 0.0 ], [ 112.081392092000101, -8.003354879999961, 0.0 ], [ 112.081431132000034, -8.003598883999928, 0.0 ], [ 112.081450232000066, -8.003595532999952, 0.0 ], [ 112.082014325000046, -8.003496568999935, 0.0 ], [ 112.082453239000074, -8.003419565999934, 0.0 ], [ 112.082787425000106, -8.003360936999968, 0.0 ], [ 112.082963483000071, -8.003291770999965, 0.0 ], [ 112.083453674000111, -8.003099196999926, 0.0 ], [ 112.083584544000018, -8.002920736999954, 0.0 ], [ 112.084434215000101, -8.002822353999932, 0.0 ], [ 112.085845032000066, -8.00265899599998, 0.0 ], [ 112.08592279800007, -8.002314604999981, 0.0 ], [ 112.08649772900003, -8.002139825999961, 0.0 ], [ 112.086545318000049, -8.002050596999936, 0.0 ], [ 112.086493141, -8.001226198999973, 0.0 ], [ 112.086642152000081, -8.001124243999925, 0.0 ], [ 112.086887752000052, -8.0011093599999, 0.0 ], [ 112.08703476300002, -8.001100448999978, 0.0 ], [ 112.087301520000096, -8.001001649999978, 0.0 ], [ 112.087641590000089, -8.000993355999981, 0.0 ], [ 112.088236455000015, -8.000886279999975, 0.0 ], [ 112.088154341000063, -8.000432238999963, 0.0 ], [ 112.087784590000069, -7.99801111599993, 0.0 ], [ 112.088222411000061, -7.997973044999981, 0.0 ], [ 112.08863167800007, -7.997963526999968, 0.0 ], [ 112.08895239800006, -7.997963526999968, 0.0 ], [ 112.089080889000115, -7.997960544999955, 0.0 ], [ 112.089066612000011, -7.99805334399997, 0.0 ], [ 112.089173688000074, -7.998717213999953, 0.0 ], [ 112.089497096000059, -7.998650984999927, 0.0 ], [ 112.09016929400002, -7.998650984999927, 0.0 ], [ 112.090687025000079, -7.998574445999964, 0.0 ], [ 112.090692810000064, -7.999118519999968, 0.0 ], [ 112.090782005000051, -7.999109030999932, 0.0 ], [ 112.091406614000107, -7.999156620999941, 0.0 ], [ 112.091543433000083, -7.999132825999936, 0.0 ], [ 112.091686200000026, -7.999079287999962, 0.0 ], [ 112.091751636000026, -7.999085236999974, 0.0 ], [ 112.091805173000012, -7.999109030999932, 0.0 ], [ 112.091912249000075, -7.999109030999932, 0.0 ], [ 112.092025274000093, -7.999103082999966, 0.0 ], [ 112.092245374000072, -7.999049544999934, 0.0 ], [ 112.092346501000065, -7.999055493999947, 0.0 ], [ 112.092429782000067, -7.999079287999962, 0.0 ], [ 112.092572550000114, -7.999120928999957, 0.0 ], [ 112.092792650000092, -7.999174466999932, 0.0 ], [ 112.09294731500006, -7.999174466999932, 0.0 ], [ 112.093084134000037, -7.999138774999949, 0.0 ], [ 112.093220953000014, -7.999055493999947, 0.0 ], [ 112.09332208, -7.998960314999977, 0.0 ], [ 112.09342915600007, -7.998871084999962, 0.0 ], [ 112.093518385000039, -7.998841341999935, 0.0 ], [ 112.093714691000059, -7.998877033999975, 0.0 ], [ 112.09401807200004, -7.998930571999949, 0.0 ], [ 112.094297659000063, -7.998978160999968, 0.0 ], [ 112.094283617000087, -7.998693814999967, 0.0 ], [ 112.0943928370001, -7.998693814999967, 0.0 ], [ 112.094488016000014, -7.998731886999963, 0.0 ], [ 112.094621266000104, -7.998769957999968, 0.0 ], [ 112.094840176000048, -7.998798511999951, 0.0 ], [ 112.095116193000081, -7.998865136999939, 0.0 ], [ 112.095277997000039, -7.998884171999975, 0.0 ], [ 112.0954398, -7.998893689999932, 0.0 ], [ 112.095658711000056, -7.998903207999945, 0.0 ], [ 112.095944246000045, -7.998912725999958, 0.0 ], [ 112.095949045000111, -7.998816739999938, 0.0 ], [ 112.096264989000019, -7.998877239999956, 0.0 ], [ 112.096371685, -7.999640211999974, 0.0 ], [ 112.096419999000091, -7.999709998999947, 0.0 ], [ 112.09654, -7.99988, 0.0 ], [ 112.096564700000044, -7.999899759999948, 0.0 ], [ 112.098923170000035, -8.000940864999961, 0.0 ], [ 112.099396360000014, -8.001056825999967, 0.0 ], [ 112.09958245700011, -8.001537214999928, 0.0 ], [ 112.100338627000042, -8.001351879999959, 0.0 ], [ 112.100614644000075, -8.001685003999967, 0.0 ], [ 112.101909071000023, -8.001761146999968, 0.0 ] ] ] ] } },
{ "type": "Feature", "properties": { "OBJECTID": 116274.0, "KDPPUM": "35", "NAMOBJ": "Sidorejo", "REMARK": null, "KDPBPS": null, "FCODE": "BA03070040", "LUASWH": 13.10503833, "UUPP": "Hasil Delineasi Batas Desa 2019", "SRS_ID": "SRGI 2013", "METADATA": "TASWIL1000020200326DATA_BATAS_DESA_KELURAHAN", "KDEBPS": null, "KDEPUM": "35.05.06.2012", "KDCBPS": null, "KDCPUM": "35.05.06", "KDBBPS": null, "WADMKD": "Sidorejo", "WIADKD": null, "WADMKC": "Ponggok", "WIADKC": null, "WADMKK": "Blitar", "WIADKK": null, "WADMPR": "Jawa Timur", "WIADPR": null, "TIPADM": 1.0, "KDPKAB": "35.05", "SHAPE_Leng": 0.17332533493771499, "SHAPE_Area": 0.00098270236179900006 }, "geometry": { "type": "MultiPolygon", "coordinates": [ [ [ [ 112.16731651900011, -7.975288650999971, 0.0 ], [ 112.167523206000055, -7.97521306699997, 0.0 ], [ 112.167604474000086, -7.976971950999939, 0.0 ], [ 112.167856866000079, -7.977708437999979, 0.0 ], [ 112.167870324000091, -7.977708352999969, 0.0 ], [ 112.170581374000108, -7.982727060999935, 0.0 ], [ 112.170882008000035, -7.984526754999933, 0.0 ], [ 112.170986704000029, -7.984950298999934, 0.0 ], [ 112.171072364000111, -7.985178726999948, 0.0 ], [ 112.171086641000102, -7.985364324999978, 0.0 ], [ 112.171158025000068, -7.985549922999951, 0.0 ], [ 112.171343623000098, -7.985947768999949, 0.0 ], [ 112.174209999000027, -7.98516, 0.0 ], [ 112.17387, -7.98549, 0.0 ], [ 112.172279999000011, -7.98709, 0.0 ], [ 112.172, -7.98734, 0.0 ], [ 112.171539999000061, -7.98759999899994, 0.0 ], [ 112.17108, -7.988069998999947, 0.0 ], [ 112.1708, -7.9883, 0.0 ], [ 112.17059, -7.988399998999967, 0.0 ], [ 112.17, -7.98851, 0.0 ], [ 112.16962, -7.98858, 0.0 ], [ 112.16942, -7.98868, 0.0 ], [ 112.16923, -7.988769998999942, 0.0 ], [ 112.16845, -7.989199998999936, 0.0 ], [ 112.167690000000107, -7.98966, 0.0 ], [ 112.16736, -7.989979998999956, 0.0 ], [ 112.16728, -7.990039998999976, 0.0 ], [ 112.16704, -7.990039998999976, 0.0 ], [ 112.16659, -7.989939998999944, 0.0 ], [ 112.16646, -7.989939998999944, 0.0 ], [ 112.16636999900004, -7.99001, 0.0 ], [ 112.16634999900009, -7.99021, 0.0 ], [ 112.1664, -7.99036, 0.0 ], [ 112.16659, -7.99054, 0.0 ], [ 112.16672, -7.99064, 0.0 ], [ 112.16677, -7.990799998999933, 0.0 ], [ 112.16675, -7.99096, 0.0 ], [ 112.16668, -7.99103, 0.0 ], [ 112.16636999900004, -7.99106, 0.0 ], [ 112.16591, -7.99095, 0.0 ], [ 112.165840000000117, -7.99092, 0.0 ], [ 112.165569999000013, -7.99096, 0.0 ], [ 112.16507, -7.991129998999952, 0.0 ], [ 112.16469, -7.99131, 0.0 ], [ 112.1632800000001, -7.99205, 0.0 ], [ 112.16267, -7.99221, 0.0 ], [ 112.162, -7.99231999899996, 0.0 ], [ 112.16168, -7.992279998999948, 0.0 ], [ 112.16162, -7.99227, 0.0 ], [ 112.16118, -7.99214, 0.0 ], [ 112.16066, -7.991969998999934, 0.0 ], [ 112.16003, -7.99186, 0.0 ], [ 112.15928, -7.99177, 0.0 ], [ 112.15897, -7.99186, 0.0 ], [ 112.158589999000014, -7.99206, 0.0 ], [ 112.15827, -7.99217, 0.0 ], [ 112.15797, -7.99223, 0.0 ], [ 112.157780000000116, -7.99217, 0.0 ], [ 112.15749, -7.99198, 0.0 ], [ 112.15713, -7.9918, 0.0 ], [ 112.15691, -7.99176, 0.0 ], [ 112.1556700000001, -7.99171, 0.0 ], [ 112.15514, -7.99166, 0.0 ], [ 112.15371, -7.99159, 0.0 ], [ 112.15294, -7.99135, 0.0 ], [ 112.152779999000018, -7.9912, 0.0 ], [ 112.152719999000055, -7.99103, 0.0 ], [ 112.1523, -7.99118, 0.0 ], [ 112.1515, -7.99148, 0.0 ], [ 112.151099999000053, -7.991619998999965, 0.0 ], [ 112.15056, -7.99167, 0.0 ], [ 112.149229999000113, -7.991929998999979, 0.0 ], [ 112.14893, -7.99202, 0.0 ], [ 112.14805, -7.99231999899996, 0.0 ], [ 112.14695, -7.9927, 0.0 ], [ 112.14616, -7.9929, 0.0 ], [ 112.14507, -7.993179998999949, 0.0 ], [ 112.14437, -7.99336, 0.0 ], [ 112.14341, -7.993489998999962, 0.0 ], [ 112.14268, -7.99354, 0.0 ], [ 112.14204, -7.99361, 0.0 ], [ 112.141620000000103, -7.99369, 0.0 ], [ 112.141210000000115, -7.99381, 0.0 ], [ 112.140810000000101, -7.993939998999963, 0.0 ], [ 112.140179999000111, -7.99401, 0.0 ], [ 112.14011, -7.99402, 0.0 ], [ 112.13961, -7.99404, 0.0 ], [ 112.139359999000021, -7.99409, 0.0 ], [ 112.13882, -7.99436, 0.0 ], [ 112.13836, -7.994719998999926, 0.0 ], [ 112.138229999000032, -7.99483, 0.0 ], [ 112.137700000000109, -7.99486, 0.0 ], [ 112.137429999, -7.99489, 0.0 ], [ 112.13699, -7.99492, 0.0 ], [ 112.13686, -7.99495, 0.0 ], [ 112.136620000000107, -7.99519, 0.0 ], [ 112.136299999000016, -7.99549, 0.0 ], [ 112.13582, -7.9958, 0.0 ], [ 112.13569, -7.99586, 0.0 ], [ 112.13555, -7.995929998999941, 0.0 ], [ 112.13537, -7.99597, 0.0 ], [ 112.134950000000117, -7.99574, 0.0 ], [ 112.134770000000117, -7.99566, 0.0 ], [ 112.13463, -7.99564, 0.0 ], [ 112.13402, -7.99599, 0.0 ], [ 112.133560000000102, -7.996279998999967, 0.0 ], [ 112.1333, -7.996339998999929, 0.0 ], [ 112.131559999000046, -7.99635, 0.0 ], [ 112.13114, -7.996339998999929, 0.0 ], [ 112.13088, -7.99633, 0.0 ], [ 112.130180000000109, -7.99623, 0.0 ], [ 112.12977, -7.99616, 0.0 ], [ 112.129299999000068, -7.99614, 0.0 ], [ 112.128200000000106, -7.99609, 0.0 ], [ 112.1279, -7.99601, 0.0 ], [ 112.12751, -7.995889998999928, 0.0 ], [ 112.12726, -7.99586, 0.0 ], [ 112.12713, -7.99586, 0.0 ], [ 112.125990000000115, -7.99592, 0.0 ], [ 112.12551, -7.99598, 0.0 ], [ 112.12501, -7.99611, 0.0 ], [ 112.124100000000112, -7.99652, 0.0 ], [ 112.1236, -7.99675, 0.0 ], [ 112.12269, -7.99719, 0.0 ], [ 112.122300000000109, -7.99735, 0.0 ], [ 112.121789999000043, -7.997429998999962, 0.0 ], [ 112.121459999000081, -7.997489998999981, 0.0 ], [ 112.12116, -7.99754, 0.0 ], [ 112.12100999900008, -7.99756, 0.0 ], [ 112.12082, -7.99757, 0.0 ], [ 112.12051, -7.9976, 0.0 ], [ 112.119859999000028, -7.997819998999944, 0.0 ], [ 112.119330000000105, -7.99803, 0.0 ], [ 112.118920000000116, -7.99813, 0.0 ], [ 112.11841, -7.99816, 0.0 ], [ 112.118070000000102, -7.99816999899997, 0.0 ], [ 112.117210000000114, -7.99641, 0.0 ], [ 112.11714, -7.99646, 0.0 ], [ 112.11675, -7.99674, 0.0 ], [ 112.11608, -7.99701, 0.0 ], [ 112.115919999000084, -7.997079998999936, 0.0 ], [ 112.115847906000113, -7.997110353999972, 0.0 ], [ 112.115454973000055, -7.995876186999965, 0.0 ], [ 112.115038568000045, -7.996007056999929, 0.0 ], [ 112.114800622000075, -7.995388396999942, 0.0 ], [ 112.114408011000023, -7.99411538499993, 0.0 ], [ 112.114193859000011, -7.99397261799993, 0.0 ], [ 112.113369909000085, -7.993681220999974, 0.0 ], [ 112.113184219, -7.993613666999977, 0.0 ], [ 112.113437632000114, -7.993206778999934, 0.0 ], [ 112.113684819000014, -7.993102997999927, 0.0 ], [ 112.114485785000056, -7.992815951999944, 0.0 ], [ 112.113634686000069, -7.99102208599993, 0.0 ], [ 112.113468124000065, -7.990796036999939, 0.0 ], [ 112.113111204, -7.990332041999977, 0.0 ], [ 112.112302188000058, -7.98995132899995, 0.0 ], [ 112.110826922000115, -7.989059030999954, 0.0 ], [ 112.111279019000108, -7.986941310999953, 0.0 ], [ 112.111031555000068, -7.986270302999969, 0.0 ], [ 112.110838819000037, -7.985618329999966, 0.0 ], [ 112.110957792000022, -7.985475562999966, 0.0 ], [ 112.11118384100007, -7.985178129999952, 0.0 ], [ 112.111374198000021, -7.984904491999941, 0.0 ], [ 112.111493171, -7.984547572999929, 0.0 ], [ 112.111612144000105, -7.983786144999954, 0.0 ], [ 112.111552657000061, -7.983536301999948, 0.0 ], [ 112.111374198000021, -7.983274560999973, 0.0 ], [ 112.111171944000034, -7.982989025999927, 0.0 ], [ 112.111064868000085, -7.982715387999974, 0.0 ], [ 112.1109458950001, -7.98227518799996, 0.0 ], [ 112.111064868000085, -7.982049138999969, 0.0 ], [ 112.111112457000104, -7.981656527999974, 0.0 ], [ 112.111064868000085, -7.981359094999959, 0.0 ], [ 112.110933998000064, -7.981121148999932, 0.0 ], [ 112.110815025000079, -7.980906996999977, 0.0 ], [ 112.110660360000111, -7.980609564999952, 0.0 ], [ 112.110458105000021, -7.980181261999974, 0.0 ], [ 112.110279646000095, -7.979860034999945, 0.0 ], [ 112.110291543000017, -7.979550704999951, 0.0 ], [ 112.113536618000012, -7.979715472999942, 0.0 ], [ 112.113584717000094, -7.979286584999954, 0.0 ], [ 112.113784592000115, -7.97910574499997, 0.0 ], [ 112.11387008600002, -7.978789417999963, 0.0 ], [ 112.113689776000115, -7.978471728999978, 0.0 ], [ 112.113713570000073, -7.977680557999975, 0.0 ], [ 112.11397850100002, -7.977591143999973, 0.0 ], [ 112.114116461000094, -7.977424277999944, 0.0 ], [ 112.114123420000055, -7.977422762999936, 0.0 ], [ 112.114123431000053, -7.97742264599998, 0.0 ], [ 112.114205722000065, -7.976515811999946, 0.0 ], [ 112.11384880300011, -7.976444427999979, 0.0 ], [ 112.113827388, -7.97626596799995, 0.0 ], [ 112.113834526, -7.97593046399993, 0.0 ], [ 112.113512225000022, -7.975682204999941, 0.0 ], [ 112.113365142000021, -7.975270645999956, 0.0 ], [ 112.113204929000062, -7.974696086999927, 0.0 ], [ 112.112970782000048, -7.972761021999929, 0.0 ], [ 112.112899398000081, -7.972496901999932, 0.0 ], [ 112.112899398000081, -7.972289888999967, 0.0 ], [ 112.112949367000056, -7.972075737999944, 0.0 ], [ 112.112977920000048, -7.971911554999963, 0.0 ], [ 112.112942228000065, -7.971504666999977, 0.0 ], [ 112.11299219700004, -7.971261961999971, 0.0 ], [ 112.113170657000069, -7.970997841999974, 0.0 ], [ 112.113327701000117, -7.970976426999925, 0.0 ], [ 112.113377670000091, -7.970862211999929, 0.0 ], [ 112.113466364000033, -7.970649548999972, 0.0 ], [ 112.11352092300001, -7.97051873099997, 0.0 ], [ 112.113585659000023, -7.970556202999944, 0.0 ], [ 112.113644341000054, -7.970590171999959, 0.0 ], [ 112.114010796000116, -7.97073874199998, 0.0 ], [ 112.114119622000089, -7.970765578999931, 0.0 ], [ 112.114266754000028, -7.970801862999963, 0.0 ], [ 112.11440527000002, -7.97098514399994, 0.0 ], [ 112.114583076000031, -7.971051665999937, 0.0 ], [ 112.114689254000041, -7.971057918999975, 0.0 ], [ 112.114982037, -7.971237236999968, 0.0 ], [ 112.115073444000018, -7.971308776999933, 0.0 ], [ 112.115314165000086, -7.971561773999952, 0.0 ], [ 112.115540263000071, -7.971733451999967, 0.0 ], [ 112.115708533000088, -7.971823927999935, 0.0 ], [ 112.115823879000118, -7.971871474999944, 0.0 ], [ 112.115988844000071, -7.971895503999974, 0.0 ], [ 112.116096312000082, -7.971913929999971, 0.0 ], [ 112.116215711000109, -7.972083384999962, 0.0 ], [ 112.116261668000107, -7.972212475999982, 0.0 ], [ 112.11634403000005, -7.972401005999927, 0.0 ], [ 112.11636261600006, -7.972563746999981, 0.0 ], [ 112.116656323000029, -7.972579914999926, 0.0 ], [ 112.116990165000061, -7.972650800999929, 0.0 ], [ 112.118202922000023, -7.972862887999952, 0.0 ], [ 112.118378231000065, -7.972893522999925, 0.0 ], [ 112.119209270000056, -7.973082707999936, 0.0 ], [ 112.119240036000065, -7.973089640999945, 0.0 ], [ 112.119807326000114, -7.973217484999964, 0.0 ], [ 112.120196396000097, -7.973295397999948, 0.0 ], [ 112.120993759000044, -7.973458348999941, 0.0 ], [ 112.122153790000084, -7.973699280999938, 0.0 ], [ 112.122751984000047, -7.973884303999967, 0.0 ], [ 112.123068960000069, -7.973931301999926, 0.0 ], [ 112.12354923800001, -7.974006571999951, 0.0 ], [ 112.124192948000086, -7.974157968999975, 0.0 ], [ 112.124942378000014, -7.974347362999936, 0.0 ], [ 112.125413108000089, -7.974441798999976, 0.0 ], [ 112.12580686900003, -7.974479014999929, 0.0 ], [ 112.12607515500008, -7.974499984999966, 0.0 ], [ 112.126545965000105, -7.974400433999961, 0.0 ], [ 112.127150642000061, -7.974322217999941, 0.0 ], [ 112.127697684000054, -7.974234585999966, 0.0 ], [ 112.128178951000109, -7.974150592999933, 0.0 ], [ 112.128590742000029, -7.974280010999962, 0.0 ], [ 112.129215540000018, -7.974536736999937, 0.0 ], [ 112.130013399000063, -7.974879132999945, 0.0 ], [ 112.130824577000112, -7.975263365999979, 0.0 ], [ 112.131413089000034, -7.975417294999943, 0.0 ], [ 112.131983632000015, -7.975583235999977, 0.0 ], [ 112.133136786000023, -7.97593901099998, 0.0 ], [ 112.133427870000105, -7.976035473999957, 0.0 ], [ 112.133815147000064, -7.976032868999937, 0.0 ], [ 112.13456545300005, -7.976102599999933, 0.0 ], [ 112.13535192400002, -7.976096094999946, 0.0 ], [ 112.136142551000034, -7.976089551999962, 0.0 ], [ 112.138026699000079, -7.97607396099994, 0.0 ], [ 112.13922191100005, -7.97601324599998, 0.0 ], [ 112.140489291000108, -7.976009757999975, 0.0 ], [ 112.142001386000061, -7.975962519999939, 0.0 ], [ 112.143945541000107, -7.975914083999953, 0.0 ], [ 112.145054377000065, -7.975867947999973, 0.0 ], [ 112.146494379000046, -7.975792178999939, 0.0 ], [ 112.147862449000058, -7.975745317999952, 0.0 ], [ 112.148934141000041, -7.975722007999934, 0.0 ], [ 112.149528173000022, -7.975702412999965, 0.0 ], [ 112.150338156000089, -7.975711780999973, 0.0 ], [ 112.150362322000092, -7.975712060999967, 0.0 ], [ 112.150390464000111, -7.975904606999961, 0.0 ], [ 112.150385099, -7.976131941999938, 0.0 ], [ 112.150340655000036, -7.976385767999943, 0.0 ], [ 112.150320126000111, -7.976503012999956, 0.0 ], [ 112.15029043800007, -7.976756326999975, 0.0 ], [ 112.150238071000103, -7.977203147999944, 0.0 ], [ 112.150376007000091, -7.977172853999946, 0.0 ], [ 112.150534979000099, -7.977154465999945, 0.0 ], [ 112.150716925000097, -7.977125245999957, 0.0 ], [ 112.150915019000081, -7.977148623999938, 0.0 ], [ 112.151160987000026, -7.977124011999933, 0.0 ], [ 112.151299074, -7.977147556999967, 0.0 ], [ 112.151449195000055, -7.977183031999971, 0.0 ], [ 112.15166514200007, -7.977152520999937, 0.0 ], [ 112.151965101000087, -7.977121775999933, 0.0 ], [ 112.152097102000084, -7.977115426999944, 0.0 ], [ 112.152199100000075, -7.97710916099993, 0.0 ], [ 112.152301299000101, -7.977174679999962, 0.0 ], [ 112.152403330000084, -7.977180377999957, 0.0 ], [ 112.152547400000117, -7.977197922999949, 0.0 ], [ 112.152691437000044, -7.977203503999931, 0.0 ], [ 112.152913536000028, -7.977226813999948, 0.0 ], [ 112.153005526000015, -7.977194160999943, 0.0 ], [ 112.153117363000092, -7.97715446199993, 0.0 ], [ 112.154004985000029, -7.97697252599994, 0.0 ], [ 112.154138440000111, -7.976922801999933, 0.0 ], [ 112.154203259000042, -7.976926209999931, 0.0 ], [ 112.154368963000024, -7.97695446299997, 0.0 ], [ 112.154538337000076, -7.977007828999945, 0.0 ], [ 112.154740107000066, -7.977057515999945, 0.0 ], [ 112.154851732000111, -7.977060793999954, 0.0 ], [ 112.15504977, -7.977063830999953, 0.0 ], [ 112.155179398000087, -7.977067058999978, 0.0 ], [ 112.155298275000064, -7.977088262999928, 0.0 ], [ 112.155406381000034, -7.97712026499994, 0.0 ], [ 112.155633666000085, -7.977281146999928, 0.0 ], [ 112.15564130100006, -7.977435463999939, 0.0 ], [ 112.156120007000027, -7.977376698999933, 0.0 ], [ 112.15643316, -7.977343521999956, 0.0 ], [ 112.15646545300001, -7.977303949999964, 0.0 ], [ 112.156724619000101, -7.977278100999968, 0.0 ], [ 112.156980073000113, -7.977212780999935, 0.0 ], [ 112.157199713000068, -7.977215755999964, 0.0 ], [ 112.157379850000098, -7.977254734999974, 0.0 ], [ 112.157718085000056, -7.977178414999969, 0.0 ], [ 112.158102944, -7.977037357999961, 0.0 ], [ 112.158329685000012, -7.977004419999957, 0.0 ], [ 112.158564887000011, -7.976992993999943, 0.0 ], [ 112.158795265000094, -7.976973206999958, 0.0 ], [ 112.159054069000035, -7.976819340999953, 0.0 ], [ 112.159389549000025, -7.976617403999967, 0.0 ], [ 112.159758687000021, -7.976434514999937, 0.0 ], [ 112.160084997000013, -7.97638574399997, 0.0 ], [ 112.160185743000056, -7.976361533999977, 0.0 ], [ 112.160598991000029, -7.976499159999946, 0.0 ], [ 112.160810247000086, -7.976508138999975, 0.0 ], [ 112.161117597000043, -7.976545562999945, 0.0 ], [ 112.16120874100011, -7.976521378999962, 0.0 ], [ 112.161299900000017, -7.976501980999956, 0.0 ], [ 112.161419727000066, -7.976434644999927, 0.0 ], [ 112.161491561000048, -7.976372229999981, 0.0 ], [ 112.161596892000034, -7.976271435999934, 0.0 ], [ 112.16189896800006, -7.976141374999941, 0.0 ], [ 112.162081177, -7.976064292999979, 0.0 ], [ 112.162292310000112, -7.976030200999958, 0.0 ], [ 112.162310391, -7.975632939999969, 0.0 ], [ 112.162838097000076, -7.975502245999962, 0.0 ], [ 112.163260431000026, -7.975457988999949, 0.0 ], [ 112.163558030000104, -7.975442795999982, 0.0 ], [ 112.163721225000018, -7.975432765999926, 0.0 ], [ 112.163870017000022, -7.975422776999949, 0.0 ], [ 112.163961175000054, -7.975403377999953, 0.0 ], [ 112.16409559300007, -7.975403, 0.0 ], [ 112.164201221000098, -7.975407488999963, 0.0 ], [ 112.164393314000108, -7.975430876999951, 0.0 ], [ 112.164513248000048, -7.975401825999938, 0.0 ], [ 112.164633183000092, -7.975372774999926, 0.0 ], [ 112.164964345000044, -7.975343129999942, 0.0 ], [ 112.165132354000093, -7.975337870999965, 0.0 ], [ 112.165234216000044, -7.975356915999953, 0.0 ], [ 112.165334089000112, -7.975375588999952, 0.0 ], [ 112.165545412000029, -7.975408493999964, 0.0 ], [ 112.165684644000066, -7.975412887999937, 0.0 ], [ 112.165847919000043, -7.975431570999945, 0.0 ], [ 112.166054292000013, -7.975411847999965, 0.0 ], [ 112.166203017000043, -7.975377928999933, 0.0 ], [ 112.166534315000035, -7.97539613899994, 0.0 ], [ 112.166577561000054, -7.975410373999978, 0.0 ], [ 112.16677921500002, -7.97541937699998, 0.0 ], [ 112.166999962000091, -7.975390040999969, 0.0 ], [ 112.16731651900011, -7.975288650999971, 0.0 ] ] ] ] } },
{ "type": "Feature", "properties": { "OBJECTID": 116159.0, "KDPPUM": "35", "NAMOBJ": "Gembongan", "REMARK": null, "KDPBPS": null, "FCODE": "BA03070040", "LUASWH": 8.82490587, "UUPP": "Hasil Delineasi Batas Desa 2019", "SRS_ID": "SRGI 2013", "METADATA": "TASWIL1000020200326DATA_BATAS_DESA_KELURAHAN", "KDEBPS": null, "KDEPUM": "35.05.06.2003", "KDCBPS": null, "KDCPUM": "35.05.06", "KDBBPS": null, "WADMKD": "Gembongan", "WIADKD": null, "WADMKC": "Ponggok", "WIADKC": null, "WADMKK": "Blitar", "WIADKK": null, "WADMPR": "Jawa Timur", "WIADPR": null, "TIPADM": 1.0, "KDPKAB": "35.05", "SHAPE_Leng": 0.17442729849017499, "SHAPE_Area": 0.00072376494234799998 }, "geometry": { "type": "MultiPolygon", "coordinates": [ [ [ [ 112.078348111000082, -7.99965188799996, 0.0 ], [ 112.078348605000087, -7.999678703999962, 0.0 ], [ 112.078305774000114, -8.001177763999976, 0.0 ], [ 112.075504267000042, -8.000692707999974, 0.0 ], [ 112.075306319000106, -8.000220311999954, 0.0 ], [ 112.075294887000041, -8.000219743999935, 0.0 ], [ 112.074919134000083, -7.999866053999938, 0.0 ], [ 112.073772032000079, -7.999543976999973, 0.0 ], [ 112.073258068000086, -7.999572529999966, 0.0 ], [ 112.073162375000038, -7.999565278999967, 0.0 ], [ 112.073161881000033, -7.99949832599998, 0.0 ], [ 112.072774932000016, -7.999535922999939, 0.0 ], [ 112.072395193000034, -7.99957281899998, 0.0 ], [ 112.072350776, -7.998882902999981, 0.0 ], [ 112.07214426500002, -7.99893769199997, 0.0 ], [ 112.071966021000094, -7.998992536999936, 0.0 ], [ 112.071192696000026, -7.999206686999969, 0.0 ], [ 112.071138910000059, -7.999216693999927, 0.0 ], [ 112.071022566000011, -7.99924927, 0.0 ], [ 112.070065101000068, -7.999513713999931, 0.0 ], [ 112.070099155000094, -7.999789933999978, 0.0 ], [ 112.069909610000082, -7.999792944999967, 0.0 ], [ 112.069213649000062, -7.999830821999979, 0.0 ], [ 112.068874576000098, -7.999777282999958, 0.0 ], [ 112.068297556000061, -7.999777282999958, 0.0 ], [ 112.068299111000101, -7.999735055999963, 0.0 ], [ 112.068316066000079, -7.999274673999935, 0.0 ], [ 112.068338890000064, -7.999190984999927, 0.0 ], [ 112.068334194000045, -7.998782422999966, 0.0 ], [ 112.068329505000065, -7.998374397999953, 0.0 ], [ 112.067925703000014, -7.998385050999957, 0.0 ], [ 112.067634570000109, -7.998401002999969, 0.0 ], [ 112.067017007000118, -7.998466922999967, 0.0 ], [ 112.067016742000078, -7.998457157999951, 0.0 ], [ 112.066992947000017, -7.998159725999926, 0.0 ], [ 112.066981050000095, -7.997969368999975, 0.0 ], [ 112.067516429000079, -7.997933676999935, 0.0 ], [ 112.067516429000079, -7.997338335999927, 0.0 ], [ 112.067446899000061, -7.99734428499994, 0.0 ], [ 112.067417156000033, -7.996808905999956, 0.0 ], [ 112.067076228000019, -7.996815935999962, 0.0 ], [ 112.067030493000061, -7.996202143999938, 0.0 ], [ 112.067290380000031, -7.996160977999978, 0.0 ], [ 112.067398289000039, -7.996152345999974, 0.0 ], [ 112.067587812000056, -7.996010202999969, 0.0 ], [ 112.067587812000056, -7.99570354399998, 0.0 ], [ 112.067857684000046, -7.995650742999942, 0.0 ], [ 112.067842852000012, -7.995267728999977, 0.0 ], [ 112.067790504000072, -7.993997096999976, 0.0 ], [ 112.06763821800007, -7.994001855999954, 0.0 ], [ 112.067586335000101, -7.992270422999979, 0.0 ], [ 112.067769294000072, -7.992262188999973, 0.0 ], [ 112.06789398300009, -7.992209222999975, 0.0 ], [ 112.06815498900005, -7.992051296999932, 0.0 ], [ 112.068172005000065, -7.992041000999961, 0.0 ], [ 112.068502874000046, -7.991887, 0.0 ], [ 112.068574852000097, -7.991872455999953, 0.0 ], [ 112.068805224000016, -7.991843145999951, 0.0 ], [ 112.068910784000082, -7.991818943999931, 0.0 ], [ 112.068987525000011, -7.991790030999937, 0.0 ], [ 112.069112350000069, -7.991789707999942, 0.0 ], [ 112.069198768000092, -7.99178948399998, 0.0 ], [ 112.069285186000116, -7.991789260999951, 0.0 ], [ 112.069434029000035, -7.991793661999964, 0.0 ], [ 112.069501155000012, -7.991759986999966, 0.0 ], [ 112.069531669000071, -7.991748768999969, 0.0 ], [ 112.069697808000114, -7.991687690999981, 0.0 ], [ 112.069947422000041, -7.991672687999937, 0.0 ], [ 112.070072135000032, -7.99162929299996, 0.0 ], [ 112.070158491000029, -7.991605139999933, 0.0 ], [ 112.070292831000074, -7.991571291999946, 0.0 ], [ 112.07038875, -7.991532756999959, 0.0 ], [ 112.070775666000031, -7.991447990999973, 0.0 ], [ 112.071007727000051, -7.991397150999944, 0.0 ], [ 112.071170860000052, -7.991358441999978, 0.0 ], [ 112.071290835000013, -7.991338987999939, 0.0 ], [ 112.071314840000014, -7.99133892499998, 0.0 ], [ 112.071454043000017, -7.991328992999968, 0.0 ], [ 112.071569129000068, -7.991276050999943, 0.0 ], [ 112.071617089000028, -7.991256782999926, 0.0 ], [ 112.071717884, -7.991246949999947, 0.0 ], [ 112.071857038000076, -7.991217874999961, 0.0 ], [ 112.072138388000099, -7.991148449999969, 0.0 ], [ 112.072260048000089, -7.991112977999933, 0.0 ], [ 112.072305326000105, -7.991099039999938, 0.0 ], [ 112.072341409000046, -7.991014657999926, 0.0 ], [ 112.072329075000084, -7.99088786599998, 0.0 ], [ 112.072315634, -7.990758372999949, 0.0 ], [ 112.072350105000055, -7.990667663999943, 0.0 ], [ 112.072422547000087, -7.990597770999955, 0.0 ], [ 112.072423696000101, -7.990596661999973, 0.0 ], [ 112.072757554000077, -7.990503863999947, 0.0 ], [ 112.073081448000039, -7.990344739999955, 0.0 ], [ 112.073127711000097, -7.990322012999968, 0.0 ], [ 112.073371854000015, -7.990221908999956, 0.0 ], [ 112.073883037000087, -7.990102194999963, 0.0 ], [ 112.073957776000043, -7.990104088999942, 0.0 ], [ 112.074165311000115, -7.990109350999944, 0.0 ], [ 112.074531537000098, -7.990182300999948, 0.0 ], [ 112.075485209000021, -7.99043026399994, 0.0 ], [ 112.075675914000044, -7.990433140999926, 0.0 ], [ 112.075775099000111, -7.990483192999932, 0.0 ], [ 112.075941750000084, -7.990671617999965, 0.0 ], [ 112.075945, -7.990672, 0.0 ], [ 112.076087162000022, -7.990653526999949, 0.0 ], [ 112.076281126000026, -7.990654936999931, 0.0 ], [ 112.076436752000063, -7.990683245999946, 0.0 ], [ 112.076503945000013, -7.990675413999952, 0.0 ], [ 112.076550014000077, -7.990667636999945, 0.0 ], [ 112.076609586000018, -7.99068279599993, 0.0 ], [ 112.076655746000029, -7.99070947599995, 0.0 ], [ 112.076823035000075, -7.990791355999932, 0.0 ], [ 112.076890359000117, -7.990833295999948, 0.0 ], [ 112.076919210000028, -7.990850449999925, 0.0 ], [ 112.076996050000048, -7.990859820999958, 0.0 ], [ 112.077021040000091, -7.990869327999974, 0.0 ], [ 112.077080642000055, -7.990895972999965, 0.0 ], [ 112.077122876000089, -7.99089012, 0.0 ], [ 112.077172801000074, -7.990888075999976, 0.0 ], [ 112.077232363, -7.990899405999926, 0.0 ], [ 112.077476292000028, -7.990914084999929, 0.0 ], [ 112.077635608000037, -7.990884954999956, 0.0 ], [ 112.077760433000094, -7.990884629999925, 0.0 ], [ 112.078044342000112, -7.990997430999926, 0.0 ], [ 112.078582904000086, -7.99109066699998, 0.0 ], [ 112.078745115000061, -7.991158440999925, 0.0 ], [ 112.078881999000032, -7.991179619999969, 0.0 ], [ 112.078993640000022, -7.991186506999952, 0.0 ], [ 112.07929234900007, -7.991128297999978, 0.0 ], [ 112.079601738000065, -7.991023398999971, 0.0 ], [ 112.079958171000044, -7.991008110999928, 0.0 ], [ 112.080174233000093, -7.991014724999957, 0.0 ], [ 112.080390304000048, -7.991024927999945, 0.0 ], [ 112.080530742000064, -7.991028150999966, 0.0 ], [ 112.080620712000041, -7.991009968999947, 0.0 ], [ 112.080721419000042, -7.990966632999971, 0.0 ], [ 112.080771744000117, -7.990934197999934, 0.0 ], [ 112.080919336000079, -7.990919454999926, 0.0 ], [ 112.081005772000026, -7.990926406999961, 0.0 ], [ 112.081506970000078, -7.991190707999976, 0.0 ], [ 112.081993757000077, -7.991451455999936, 0.0 ], [ 112.082127031000027, -7.991469053999936, 0.0 ], [ 112.082191835000117, -7.991465294999955, 0.0 ], [ 112.08226744000001, -7.991461507999929, 0.0 ], [ 112.082335835000094, -7.991454149999981, 0.0 ], [ 112.08248702700007, -7.991439396999965, 0.0 ], [ 112.082656242000098, -7.991431774999967, 0.0 ], [ 112.082847080000079, -7.991431274999968, 0.0 ], [ 112.082958703000031, -7.99143098299993, 0.0 ], [ 112.083030736000069, -7.991437972999961, 0.0 ], [ 112.083117077000111, -7.991409031999979, 0.0 ], [ 112.083206464000114, -7.991383990999964, 0.0 ], [ 112.083210001000111, -7.991383, 0.0 ], [ 112.08321369600003, -7.991374026999949, 0.0 ], [ 112.083273595000037, -7.991228564999972, 0.0 ], [ 112.08327900300003, -7.991216720999944, 0.0 ], [ 112.083344414000067, -7.991073428999925, 0.0 ], [ 112.083415986000091, -7.990939010999966, 0.0 ], [ 112.083461274000115, -7.990889831999937, 0.0 ], [ 112.083461548000059, -7.990889533999962, 0.0 ], [ 112.083489914000097, -7.990787097999942, 0.0 ], [ 112.083547431000056, -7.990751053999929, 0.0 ], [ 112.083619388000102, -7.990729329999965, 0.0 ], [ 112.083680591000075, -7.990725579999946, 0.0 ], [ 112.083788603000016, -7.990721706999977, 0.0 ], [ 112.08388586, -7.990735809999933, 0.0 ], [ 112.084029955, -7.99076055699993, 0.0 ], [ 112.084159599000031, -7.990767395999967, 0.0 ], [ 112.08449466400009, -7.990841892999981, 0.0 ], [ 112.084685578000062, -7.990870106999978, 0.0 ], [ 112.084966452000117, -7.99087654899995, 0.0 ], [ 112.085229294000101, -7.990872269999954, 0.0 ], [ 112.085351718000084, -7.990871947999949, 0.0 ], [ 112.085412931000064, -7.990871787999936, 0.0 ], [ 112.08544895700004, -7.990878871999939, 0.0 ], [ 112.085492213000066, -7.990896704999955, 0.0 ], [ 112.085604081000042, -7.990989733999982, 0.0 ], [ 112.08576288200004, -7.991129300999944, 0.0 ], [ 112.085849508000024, -7.991208038999957, 0.0 ], [ 112.086091363000037, -7.991437120999933, 0.0 ], [ 112.086174237000023, -7.991458439999974, 0.0 ], [ 112.08632547600007, -7.991461631999925, 0.0 ], [ 112.086505493, -7.99145398, 0.0 ], [ 112.086595473000102, -7.991439385999968, 0.0 ], [ 112.086699893000059, -7.991439110999977, 0.0 ], [ 112.086789997000096, -7.991471178999973, 0.0 ], [ 112.086858486000096, -7.991499712999939, 0.0 ], [ 112.087136571000087, -7.991516259999969, 0.0 ], [ 112.087401681000074, -7.991576531999954, 0.0 ], [ 112.087669756000082, -7.991613794999978, 0.0 ], [ 112.087893001000111, -7.991602998999952, 0.0 ], [ 112.088226379000048, -7.991548235999971, 0.0 ], [ 112.088619393000045, -7.991482781999935, 0.0 ], [ 112.088620464000087, -7.99148306099994, 0.0 ], [ 112.08867147, -7.991496336999944, 0.0 ], [ 112.089183055000035, -7.991629497999952, 0.0 ], [ 112.08922209800005, -7.991639659999976, 0.0 ], [ 112.089225285000111, -7.991639412999973, 0.0 ], [ 112.089388166000049, -7.99162677399994, 0.0 ], [ 112.089962165000088, -7.991525701999933, 0.0 ], [ 112.089963823000062, -7.991525932999934, 0.0 ], [ 112.090587767000102, -7.99161296699998, 0.0 ], [ 112.090589926, -7.991612614999951, 0.0 ], [ 112.090801419000059, -7.991578146999927, 0.0 ], [ 112.091219082000066, -7.991345555999942, 0.0 ], [ 112.091219145000082, -7.991345520999971, 0.0 ], [ 112.09122694000007, -7.991341179999949, 0.0 ], [ 112.09139648200005, -7.991246763999925, 0.0 ], [ 112.091833038, -7.991213758999947, 0.0 ], [ 112.091838382000105, -7.991213354999957, 0.0 ], [ 112.091933080000103, -7.991202575999978, 0.0 ], [ 112.091933186, -7.991202563999934, 0.0 ], [ 112.092060240000023, -7.991188103999946, 0.0 ], [ 112.092396059000066, -7.991095606999977, 0.0 ], [ 112.092739253000104, -7.991000227999962, 0.0 ], [ 112.093073950000075, -7.990870310999981, 0.0 ], [ 112.093372496000029, -7.990752747999977, 0.0 ], [ 112.093700566000052, -7.990626385999974, 0.0 ], [ 112.09390722, -7.990464881999969, 0.0 ], [ 112.093912298000077, -7.990460913999925, 0.0 ], [ 112.094153616000085, -7.990278420999971, 0.0 ], [ 112.094295654, -7.990171007999948, 0.0 ], [ 112.094931601000098, -7.989820771999973, 0.0 ], [ 112.095157782000115, -7.989696069999979, 0.0 ], [ 112.095415159000027, -7.989582480999957, 0.0 ], [ 112.09541519600009, -7.989582464999955, 0.0 ], [ 112.095590333000018, -7.989505170999962, 0.0 ], [ 112.095605376000094, -7.989497445999973, 0.0 ], [ 112.095786617000044, -7.989404368999942, 0.0 ], [ 112.095803253000099, -7.989395825999964, 0.0 ], [ 112.095885156, -7.989344670999969, 0.0 ], [ 112.096104464000064, -7.989207694999948, 0.0 ], [ 112.096117899000092, -7.989199303999953, 0.0 ], [ 112.096209135000095, -7.989138237999953, 0.0 ], [ 112.096237301000087, -7.989119384999981, 0.0 ], [ 112.096290753000062, -7.989084161999926, 0.0 ], [ 112.096291, -7.989083998999945, 0.0 ], [ 112.096323223000013, -7.988897063999957, 0.0 ], [ 112.096362337000073, -7.988733528999944, 0.0 ], [ 112.096271398000113, -7.988661342999933, 0.0 ], [ 112.096271515000012, -7.988649362999979, 0.0 ], [ 112.09627166700011, -7.988633686999947, 0.0 ], [ 112.096454780000045, -7.987773951999941, 0.0 ], [ 112.096538709000015, -7.98732191299996, 0.0 ], [ 112.09660016600003, -7.986990449999951, 0.0 ], [ 112.096622612000033, -7.986869388999935, 0.0 ], [ 112.096685703000048, -7.986506859999963, 0.0 ], [ 112.096717137000041, -7.986326233999932, 0.0 ], [ 112.096818580000104, -7.985734663999949, 0.0 ], [ 112.09688522600004, -7.985348083999952, 0.0 ], [ 112.096885253000096, -7.985347928999943, 0.0 ], [ 112.096885258000043, -7.98534789699994, 0.0 ], [ 112.09688527600008, -7.98534779199997, 0.0 ], [ 112.097122158000047, -7.983947656999931, 0.0 ], [ 112.097278247000077, -7.983369589999938, 0.0 ], [ 112.09736268000006, -7.983044206999978, 0.0 ], [ 112.097379738000086, -7.982889475999968, 0.0 ], [ 112.097386270000015, -7.982814332999965, 0.0 ], [ 112.097386280000023, -7.982814211999937, 0.0 ], [ 112.097442388000104, -7.982114366999951, 0.0 ], [ 112.097466963000102, -7.981809820999956, 0.0 ], [ 112.097467855000104, -7.981803824999929, 0.0 ], [ 112.097473102000095, -7.981735623999953, 0.0 ], [ 112.097479241000087, -7.981695728999966, 0.0 ], [ 112.097511257000065, -7.98148766199995, 0.0 ], [ 112.097511257000065, -7.981457630999955, 0.0 ], [ 112.097541772000113, -7.981332694999935, 0.0 ], [ 112.097580491000031, -7.981174687999953, 0.0 ], [ 112.09758049800007, -7.981174659999965, 0.0 ], [ 112.097610212000063, -7.981048656999974, 0.0 ], [ 112.097662943000046, -7.98080756, 0.0 ], [ 112.097680270000069, -7.980712281999956, 0.0 ], [ 112.097743967000042, -7.980349401999945, 0.0 ], [ 112.097743972000103, -7.980349371999978, 0.0 ], [ 112.097775455000033, -7.980150138999932, 0.0 ], [ 112.097876319000079, -7.979668690999972, 0.0 ], [ 112.097876332000055, -7.979668629999935, 0.0 ], [ 112.097881548000032, -7.979642814999977, 0.0 ], [ 112.097881576000077, -7.97964267499998, 0.0 ], [ 112.097952783000096, -7.979278953999938, 0.0 ], [ 112.098012745, -7.978898293999976, 0.0 ], [ 112.098001914000065, -7.978428041999962, 0.0 ], [ 112.098112705000062, -7.977990429999977, 0.0 ], [ 112.09811271500007, -7.977990391999981, 0.0 ], [ 112.098136859000078, -7.977891824999972, 0.0 ], [ 112.098156926000115, -7.977808798999945, 0.0 ], [ 112.098156936, -7.977808753999966, 0.0 ], [ 112.098247683000068, -7.977418457999931, 0.0 ], [ 112.098262939000051, -7.976844383999946, 0.0 ], [ 112.098246540000105, -7.976722443999961, 0.0 ], [ 112.098243685000057, -7.976712628999962, 0.0 ], [ 112.098237348000112, -7.97668942699994, 0.0 ], [ 112.098137933000089, -7.976409158999957, 0.0 ], [ 112.098135706000107, -7.97640376399994, 0.0 ], [ 112.098135694, -7.976403733999973, 0.0 ], [ 112.097973283000101, -7.976019761999964, 0.0 ], [ 112.097969004000106, -7.976013084999977, 0.0 ], [ 112.097915615000034, -7.975864331999958, 0.0 ], [ 112.097851942000034, -7.975677650999955, 0.0 ], [ 112.097744140000032, -7.975372346999961, 0.0 ], [ 112.09760110000002, -7.974887630999945, 0.0 ], [ 112.097601084000075, -7.974887576999947, 0.0 ], [ 112.097601046000023, -7.974887452999951, 0.0 ], [ 112.097601025000017, -7.974887384999931, 0.0 ], [ 112.097129798000083, -7.973330418999979, 0.0 ], [ 112.096931428000062, -7.97266093099995, 0.0 ], [ 112.09688565600004, -7.972514062999949, 0.0 ], [ 112.096847500000081, -7.972379599999954, 0.0 ], [ 112.09668728500003, -7.971850765999932, 0.0 ], [ 112.096557585000028, -7.971410186999947, 0.0 ], [ 112.096436840000024, -7.970973455999967, 0.0 ], [ 112.096428336000031, -7.970943888999955, 0.0 ], [ 112.096332722000056, -7.970618301999934, 0.0 ], [ 112.09633491000011, -7.970511151999972, 0.0 ], [ 112.096333854000022, -7.970432208999966, 0.0 ], [ 112.096251755000026, -7.970012782999959, 0.0 ], [ 112.097055407000084, -7.96988664, 0.0 ], [ 112.09736801300005, -7.969861700999957, 0.0 ], [ 112.097505479, -7.969888438999931, 0.0 ], [ 112.097667550000097, -7.96990595699998, 0.0 ], [ 112.098327628000106, -7.969898225999941, 0.0 ], [ 112.098732621000067, -7.969873223999969, 0.0 ], [ 112.099629560000039, -7.969830694999928, 0.0 ], [ 112.1002026540001, -7.969803519999971, 0.0 ], [ 112.100607631000116, -7.969772533999958, 0.0 ], [ 112.100853585000095, -7.969741968999926, 0.0 ], [ 112.100922595000043, -7.969741785999929, 0.0 ], [ 112.101633607000053, -7.969706994999967, 0.0 ], [ 112.102230579000093, -7.96966353199997, 0.0 ], [ 112.102827558000058, -7.969623059999947, 0.0 ], [ 112.103735484000026, -7.969615592999958, 0.0 ], [ 112.104527391000033, -7.969542559999979, 0.0 ], [ 112.10519699800011, -7.969508470999926, 0.0 ], [ 112.105301896000014, -7.969503264999958, 0.0 ], [ 112.106190610000112, -7.969459158999939, 0.0 ], [ 112.106457047000049, -7.969458447999955, 0.0 ], [ 112.106755772000042, -7.969414578999931, 0.0 ], [ 112.107072567000046, -7.96939578599995, 0.0 ], [ 112.107410937000054, -7.969366167999965, 0.0 ], [ 112.107828594000011, -7.969365051999944, 0.0 ], [ 112.108328244000063, -7.969373367999935, 0.0 ], [ 112.10875757000008, -7.969380513999965, 0.0 ], [ 112.109010294000086, -7.969397829999934, 0.0 ], [ 112.109060069000066, -7.969401240999957, 0.0 ], [ 112.10955350100005, -7.96946093899993, 0.0 ], [ 112.109814052000047, -7.969503264999958, 0.0 ], [ 112.110183868000036, -7.969563340999969, 0.0 ], [ 112.110565724000026, -7.969637693999971, 0.0 ], [ 112.111828364000075, -7.969889894999937, 0.0 ], [ 112.111888366000017, -7.969900129999928, 0.0 ], [ 112.111823050000112, -7.969973010999979, 0.0 ], [ 112.111822132000043, -7.969974045999948, 0.0 ], [ 112.111823977000086, -7.969974418999925, 0.0 ], [ 112.112144431000047, -7.970040235999932, 0.0 ], [ 112.113466364000033, -7.970649548999972, 0.0 ], [ 112.113377670000091, -7.970862211999929, 0.0 ], [ 112.113327701000117, -7.970976426999925, 0.0 ], [ 112.113170657000069, -7.970997841999974, 0.0 ], [ 112.11299219700004, -7.971261961999971, 0.0 ], [ 112.112942228000065, -7.971504666999977, 0.0 ], [ 112.112977920000048, -7.971911554999963, 0.0 ], [ 112.112949367000056, -7.972075737999944, 0.0 ], [ 112.112899398000081, -7.972289888999967, 0.0 ], [ 112.112899398000081, -7.972496901999932, 0.0 ], [ 112.112970782000048, -7.972761021999929, 0.0 ], [ 112.113204929000062, -7.974696086999927, 0.0 ], [ 112.113365142000021, -7.975270645999956, 0.0 ], [ 112.113512225000022, -7.975682204999941, 0.0 ], [ 112.113834526, -7.97593046399993, 0.0 ], [ 112.113827388, -7.97626596799995, 0.0 ], [ 112.11384880300011, -7.976444427999979, 0.0 ], [ 112.114205722000065, -7.976515811999946, 0.0 ], [ 112.114123431000053, -7.97742264599998, 0.0 ], [ 112.114123420000055, -7.977422762999936, 0.0 ], [ 112.114116461000094, -7.977424277999944, 0.0 ], [ 112.11397850100002, -7.977591143999973, 0.0 ], [ 112.113713570000073, -7.977680557999975, 0.0 ], [ 112.113689776000115, -7.978471728999978, 0.0 ], [ 112.11387008600002, -7.978789417999963, 0.0 ], [ 112.113784592000115, -7.97910574499997, 0.0 ], [ 112.113584717000094, -7.979286584999954, 0.0 ], [ 112.113536618000012, -7.979715472999942, 0.0 ], [ 112.110291543000017, -7.979550704999951, 0.0 ], [ 112.110279646000095, -7.979860034999945, 0.0 ], [ 112.110458105000021, -7.980181261999974, 0.0 ], [ 112.110660360000111, -7.980609564999952, 0.0 ], [ 112.110815025000079, -7.980906996999977, 0.0 ], [ 112.110933998000064, -7.981121148999932, 0.0 ], [ 112.111064868000085, -7.981359094999959, 0.0 ], [ 112.111112457000104, -7.981656527999974, 0.0 ], [ 112.111064868000085, -7.982049138999969, 0.0 ], [ 112.1109458950001, -7.98227518799996, 0.0 ], [ 112.111064868000085, -7.982715387999974, 0.0 ], [ 112.111171944000034, -7.982989025999927, 0.0 ], [ 112.111374198000021, -7.983274560999973, 0.0 ], [ 112.111552657000061, -7.983536301999948, 0.0 ], [ 112.111612144000105, -7.983786144999954, 0.0 ], [ 112.111493171, -7.984547572999929, 0.0 ], [ 112.111374198000021, -7.984904491999941, 0.0 ], [ 112.11118384100007, -7.985178129999952, 0.0 ], [ 112.110957792000022, -7.985475562999966, 0.0 ], [ 112.110838819000037, -7.985618329999966, 0.0 ], [ 112.111031555000068, -7.986270302999969, 0.0 ], [ 112.111279019000108, -7.986941310999953, 0.0 ], [ 112.110826922000115, -7.989059030999954, 0.0 ], [ 112.112302188000058, -7.98995132899995, 0.0 ], [ 112.113111204, -7.990332041999977, 0.0 ], [ 112.113468124000065, -7.990796036999939, 0.0 ], [ 112.113634686000069, -7.99102208599993, 0.0 ], [ 112.114485785000056, -7.992815951999944, 0.0 ], [ 112.113684819000014, -7.993102997999927, 0.0 ], [ 112.113437632000114, -7.993206778999934, 0.0 ], [ 112.113184219, -7.993613666999977, 0.0 ], [ 112.113369909000085, -7.993681220999974, 0.0 ], [ 112.114193859000011, -7.99397261799993, 0.0 ], [ 112.114408011000023, -7.99411538499993, 0.0 ], [ 112.114800622000075, -7.995388396999942, 0.0 ], [ 112.115038568000045, -7.996007056999929, 0.0 ], [ 112.115454973000055, -7.995876186999965, 0.0 ], [ 112.115847906000113, -7.997110353999972, 0.0 ], [ 112.11573, -7.99716, 0.0 ], [ 112.114769999000032, -7.997429998999962, 0.0 ], [ 112.11396, -7.99758, 0.0 ], [ 112.113430000000108, -7.997899998999969, 0.0 ], [ 112.113229999000055, -7.99801, 0.0 ], [ 112.11232, -7.99826, 0.0 ], [ 112.111850000000118, -7.9984, 0.0 ], [ 112.11129, -7.99863, 0.0 ], [ 112.110789999000076, -7.99887, 0.0 ], [ 112.110129999000037, -7.99924, 0.0 ], [ 112.109719999000049, -7.99951, 0.0 ], [ 112.109089012000027, -7.999993100999973, 0.0 ], [ 112.109231156000078, -8.000311848999957, 0.0 ], [ 112.109088388000032, -8.000816294999936, 0.0 ], [ 112.108767965000084, -8.001008780999939, 0.0 ], [ 112.108376775000011, -8.001094494999961, 0.0 ], [ 112.107830962000094, -8.000851152999928, 0.0 ], [ 112.107546498000033, -8.000759187999961, 0.0 ], [ 112.106642303000058, -8.001120865999951, 0.0 ], [ 112.106375803000105, -8.001349293999965, 0.0 ], [ 112.105842804000076, -8.001644346999967, 0.0 ], [ 112.105805227000019, -8.001673537999977, 0.0 ], [ 112.104586448000077, -8.00203457899994, 0.0 ], [ 112.104290303000084, -8.002148301999966, 0.0 ], [ 112.10395827100001, -8.002177345999939, 0.0 ], [ 112.103672735000032, -8.002139274999934, 0.0 ], [ 112.102473487000111, -8.001758560999974, 0.0 ], [ 112.101909071000023, -8.001761146999968, 0.0 ], [ 112.100614644000075, -8.001685003999967, 0.0 ], [ 112.100338627000042, -8.001351879999959, 0.0 ], [ 112.09958245700011, -8.001537214999928, 0.0 ], [ 112.099396360000014, -8.001056825999967, 0.0 ], [ 112.098923170000035, -8.000940864999961, 0.0 ], [ 112.096564700000044, -7.999899759999948, 0.0 ], [ 112.09654, -7.99988, 0.0 ], [ 112.096419999000091, -7.999709998999947, 0.0 ], [ 112.096371685, -7.999640211999974, 0.0 ], [ 112.096264989000019, -7.998877239999956, 0.0 ], [ 112.095949045000111, -7.998816739999938, 0.0 ], [ 112.095944246000045, -7.998912725999958, 0.0 ], [ 112.095658711000056, -7.998903207999945, 0.0 ], [ 112.0954398, -7.998893689999932, 0.0 ], [ 112.095277997000039, -7.998884171999975, 0.0 ], [ 112.095116193000081, -7.998865136999939, 0.0 ], [ 112.094840176000048, -7.998798511999951, 0.0 ], [ 112.094621266000104, -7.998769957999968, 0.0 ], [ 112.094488016000014, -7.998731886999963, 0.0 ], [ 112.0943928370001, -7.998693814999967, 0.0 ], [ 112.094283617000087, -7.998693814999967, 0.0 ], [ 112.094297659000063, -7.998978160999968, 0.0 ], [ 112.09401807200004, -7.998930571999949, 0.0 ], [ 112.093714691000059, -7.998877033999975, 0.0 ], [ 112.093518385000039, -7.998841341999935, 0.0 ], [ 112.09342915600007, -7.998871084999962, 0.0 ], [ 112.09332208, -7.998960314999977, 0.0 ], [ 112.093220953000014, -7.999055493999947, 0.0 ], [ 112.093084134000037, -7.999138774999949, 0.0 ], [ 112.09294731500006, -7.999174466999932, 0.0 ], [ 112.092792650000092, -7.999174466999932, 0.0 ], [ 112.092572550000114, -7.999120928999957, 0.0 ], [ 112.092429782000067, -7.999079287999962, 0.0 ], [ 112.092346501000065, -7.999055493999947, 0.0 ], [ 112.092245374000072, -7.999049544999934, 0.0 ], [ 112.092025274000093, -7.999103082999966, 0.0 ], [ 112.091912249000075, -7.999109030999932, 0.0 ], [ 112.091805173000012, -7.999109030999932, 0.0 ], [ 112.091751636000026, -7.999085236999974, 0.0 ], [ 112.091686200000026, -7.999079287999962, 0.0 ], [ 112.091543433000083, -7.999132825999936, 0.0 ], [ 112.091406614000107, -7.999156620999941, 0.0 ], [ 112.090782005000051, -7.999109030999932, 0.0 ], [ 112.090692810000064, -7.999118519999968, 0.0 ], [ 112.090687025000079, -7.998574445999964, 0.0 ], [ 112.09016929400002, -7.998650984999927, 0.0 ], [ 112.089497096000059, -7.998650984999927, 0.0 ], [ 112.089173688000074, -7.998717213999953, 0.0 ], [ 112.089066612000011, -7.99805334399997, 0.0 ], [ 112.089080889000115, -7.997960544999955, 0.0 ], [ 112.08895239800006, -7.997963526999968, 0.0 ], [ 112.08863167800007, -7.997963526999968, 0.0 ], [ 112.088222411000061, -7.997973044999981, 0.0 ], [ 112.087784590000069, -7.99801111599993, 0.0 ], [ 112.088154341000063, -8.000432238999963, 0.0 ], [ 112.087872397000069, -7.998873256999957, 0.0 ], [ 112.086159185000042, -7.99894464099998, 0.0 ], [ 112.086135391000084, -7.998706693999964, 0.0 ], [ 112.084541152000043, -7.998754282999926, 0.0 ], [ 112.084541152000043, -7.999372942999969, 0.0 ], [ 112.083001628000034, -7.999323281999978, 0.0 ], [ 112.08223174200009, -7.999398070999973, 0.0 ], [ 112.08216169100001, -7.99946812099995, 0.0 ], [ 112.080591247000029, -7.999539504999973, 0.0 ], [ 112.080529392000017, -7.999524041999962, 0.0 ], [ 112.080354551000028, -7.999527503999957, 0.0 ], [ 112.080011509000087, -7.999556091999978, 0.0 ], [ 112.079960217, -7.999651348999976, 0.0 ], [ 112.079956747000097, -7.999657793999972, 0.0 ], [ 112.079588711000042, -7.999681428999963, 0.0 ], [ 112.07856300900005, -7.999679175999972, 0.0 ], [ 112.078348111000082, -7.99965188799996, 0.0 ] ] ] ] } },
{ "type": "Feature", "properties": { "OBJECTID": 116150.0, "KDPPUM": "35", "NAMOBJ": "Langon", "REMARK": null, "KDPBPS": null, "FCODE": "BA03070040", "LUASWH": 3.04737223, "UUPP": "Hasil Delineasi Batas Desa 2019", "SRS_ID": "SRGI 2013", "METADATA": "TASWIL1000020200326DATA_BATAS_DESA_KELURAHAN", "KDEBPS": null, "KDEPUM": "35.05.06.2002", "KDCBPS": null, "KDCPUM": "35.05.06", "KDBBPS": null, "WADMKD": "Langon", "WIADKD": null, "WADMKC": "Ponggok", "WIADKC": null, "WADMKK": "Blitar", "WIADKK": null, "WADMPR": "Jawa Timur", "WIADPR": null, "TIPADM": 1.0, "KDPKAB": "35.05", "SHAPE_Leng": 0.097260845380887001, "SHAPE_Area": 0.00024634652714200002 }, "geometry": { "type": "MultiPolygon", "coordinates": [ [ [ [ 112.072970798000028, -8.054890795999938, 0.0 ], [ 112.072470778000024, -8.054862558999957, 0.0 ], [ 112.072156689000053, -8.054876835999949, 0.0 ], [ 112.071257253000113, -8.05493394299998, 0.0 ], [ 112.070814673000086, -8.054976772999964, 0.0 ], [ 112.070200772000021, -8.055090986999971, 0.0 ], [ 112.069529764000094, -8.055176647999929, 0.0 ], [ 112.068983089000085, -8.055325146999962, 0.0 ], [ 112.068972766000115, -8.055339268999944, 0.0 ], [ 112.068613752000033, -8.055459583999948, 0.0 ], [ 112.068549910000115, -8.055456983999932, 0.0 ], [ 112.0685089750001, -8.055455316999939, 0.0 ], [ 112.068246398000042, -8.055444621999925, 0.0 ], [ 112.068069514000058, -8.0553976899999, 0.0 ], [ 112.067679085, -8.055302845999961, 0.0 ], [ 112.067602279000084, -8.055269979999935, 0.0 ], [ 112.067383304000032, -8.055176278999966, 0.0 ], [ 112.067237472000102, -8.05509340499998, 0.0 ], [ 112.067113724000023, -8.055023080999945, 0.0 ], [ 112.066712567000081, -8.05479510899994, 0.0 ], [ 112.066351692000012, -8.054590028999939, 0.0 ], [ 112.065638527000033, -8.054087358999936, 0.0 ], [ 112.065624703000026, -8.054080005999936, 0.0 ], [ 112.065599725000084, -8.054066717999945, 0.0 ], [ 112.065208043000098, -8.053908564999972, 0.0 ], [ 112.064816381000014, -8.053758367999933, 0.0 ], [ 112.06453165500011, -8.05370607499998, 0.0 ], [ 112.064232176000019, -8.05365107199998, 0.0 ], [ 112.064056570000048, -8.0536188199999, 0.0 ], [ 112.064017484000033, -8.053609226999981, 0.0 ], [ 112.064043378000065, -8.05348804099998, 0.0 ], [ 112.064081156000043, -8.05331124199995, 0.0 ], [ 112.064104260000022, -8.053203116999953, 0.0 ], [ 112.064177931000017, -8.052996724999957, 0.0 ], [ 112.064365853000027, -8.052470249999942, 0.0 ], [ 112.064684155, -8.051816641999949, 0.0 ], [ 112.063666672000068, -8.051661666999962, 0.0 ], [ 112.063349516000017, -8.051613360999966, 0.0 ], [ 112.062998755000081, -8.05153975099995, 0.0 ], [ 112.062597745000062, -8.051455595999926, 0.0 ], [ 112.06203279600004, -8.051384976999941, 0.0 ], [ 112.060243442000115, -8.051147030999971, 0.0 ], [ 112.06037871400008, -8.05012654899997, 0.0 ], [ 112.060378717000049, -8.050126521999971, 0.0 ], [ 112.060421981000104, -8.049776034999979, 0.0 ], [ 112.060434201000021, -8.049692615999959, 0.0 ], [ 112.061010149000026, -8.045760540999936, 0.0 ], [ 112.06102, -8.045579998999926, 0.0 ], [ 112.060982299000102, -8.045316089999972, 0.0 ], [ 112.060978755000065, -8.045259528999964, 0.0 ], [ 112.06096, -8.04465, 0.0 ], [ 112.060916662000068, -8.044268627999941, 0.0 ], [ 112.06086, -8.04377, 0.0 ], [ 112.060789999, -8.04306, 0.0 ], [ 112.06078, -8.042789998999979, 0.0 ], [ 112.06048, -8.0428, 0.0 ], [ 112.06027, -8.042749998999966, 0.0 ], [ 112.05983, -8.04264, 0.0 ], [ 112.05966, -8.04259, 0.0 ], [ 112.05901, -8.04245, 0.0 ], [ 112.05888, -8.04243, 0.0 ], [ 112.05869, -8.04239, 0.0 ], [ 112.05781, -8.04219, 0.0 ], [ 112.05733, -8.04208, 0.0 ], [ 112.05727, -8.042069998999978, 0.0 ], [ 112.0568, -8.04194, 0.0 ], [ 112.056150000000116, -8.04179, 0.0 ], [ 112.056069999000101, -8.04176, 0.0 ], [ 112.05559, -8.041639998999926, 0.0 ], [ 112.05466, -8.04143, 0.0 ], [ 112.054139999000085, -8.04132, 0.0 ], [ 112.05405999900006, -8.0413, 0.0 ], [ 112.053720000000112, -8.041189998999926, 0.0 ], [ 112.053543505000107, -8.041143553999973, 0.0 ], [ 112.053548678000084, -8.041090089999955, 0.0 ], [ 112.053596268000092, -8.039719520999938, 0.0 ], [ 112.053700964000086, -8.039148449999971, 0.0 ], [ 112.053758071000061, -8.038406057999964, 0.0 ], [ 112.053739035000035, -8.038168111999937, 0.0 ], [ 112.053938910000056, -8.038120522999975, 0.0 ], [ 112.053996017000031, -8.03803486299995, 0.0 ], [ 112.054605159000062, -8.037996790999955, 0.0 ], [ 112.055176230000029, -8.038072933999956, 0.0 ], [ 112.055271408000067, -8.038044379999974, 0.0 ], [ 112.054919248000033, -8.036968863999959, 0.0 ], [ 112.054728891000082, -8.036968863999959, 0.0 ], [ 112.054272035000054, -8.035702990999937, 0.0 ], [ 112.0543719530001, -8.035588269999948, 0.0 ], [ 112.054439946000116, -8.035556791999966, 0.0 ], [ 112.054684277000092, -8.0352892399999, 0.0 ], [ 112.054941090000057, -8.035046308999938, 0.0 ], [ 112.05494813700011, -8.035042952999959, 0.0 ], [ 112.055340840000099, -8.03485595199993, 0.0 ], [ 112.056413977000034, -8.034465719999957, 0.0 ], [ 112.062094940000065, -8.033751881999933, 0.0 ], [ 112.063480778000098, -8.033658685999967, 0.0 ], [ 112.063724396000111, -8.036533582999937, 0.0 ], [ 112.064305942000033, -8.036468967999951, 0.0 ], [ 112.06438356000001, -8.038286515999971, 0.0 ], [ 112.065216318000012, -8.038282486999947, 0.0 ], [ 112.065223456000012, -8.038646544999949, 0.0 ], [ 112.066072090000034, -8.03871694399993, 0.0 ], [ 112.066044447000081, -8.039029792999941, 0.0 ], [ 112.066772485000115, -8.039153369999951, 0.0 ], [ 112.066443547000063, -8.040209765999975, 0.0 ], [ 112.066984207000019, -8.040306483999927, 0.0 ], [ 112.06752, -8.040449998999975, 0.0 ], [ 112.06794, -8.04059, 0.0 ], [ 112.06825999900002, -8.04066, 0.0 ], [ 112.068521811000096, -8.04079963199996, 0.0 ], [ 112.067393049000088, -8.04402745799996, 0.0 ], [ 112.067356676000031, -8.044354538999926, 0.0 ], [ 112.066942141000027, -8.045721165999964, 0.0 ], [ 112.066910970000094, -8.045774750999954, 0.0 ], [ 112.06740732500009, -8.045862021999937, 0.0 ], [ 112.067471571000056, -8.045812053999953, 0.0 ], [ 112.068733078000037, -8.04607099499998, 0.0 ], [ 112.068871344000058, -8.045512401999929, 0.0 ], [ 112.068942078000077, -8.045105353999929, 0.0 ], [ 112.06916336800009, -8.044134533999966, 0.0 ], [ 112.069648778000101, -8.042628334999961, 0.0 ], [ 112.070483928000044, -8.042875131999949, 0.0 ], [ 112.070789164000075, -8.04295837799998, 0.0 ], [ 112.071333436000032, -8.043085190999932, 0.0 ], [ 112.07109284, -8.0440589899999, 0.0 ], [ 112.07087961000002, -8.045452429999955, 0.0 ], [ 112.072197140000071, -8.045706689999975, 0.0 ], [ 112.072259907000102, -8.045217104999949, 0.0 ], [ 112.07497920600008, -8.045641968999973, 0.0 ], [ 112.075017277000029, -8.045299326999952, 0.0 ], [ 112.076178454000114, -8.045451611999965, 0.0 ], [ 112.076102311000113, -8.045737147999944, 0.0 ], [ 112.075701511000034, -8.050118200999975, 0.0 ], [ 112.076349736000111, -8.05018827899994, 0.0 ], [ 112.076349736000111, -8.050959223999939, 0.0 ], [ 112.077297734000012, -8.051330001999929, 0.0 ], [ 112.07714, -8.053399998999964, 0.0 ], [ 112.076740768000036, -8.053807216999928, 0.0 ], [ 112.076640000000111, -8.05391, 0.0 ], [ 112.076393724000013, -8.054146223999965, 0.0 ], [ 112.076152249000074, -8.054377842999941, 0.0 ], [ 112.075448200000096, -8.054755446999934, 0.0 ], [ 112.07529563300011, -8.054837272999976, 0.0 ], [ 112.075153024000087, -8.054876989999968, 0.0 ], [ 112.074920611000039, -8.054941716999963, 0.0 ], [ 112.074155873000109, -8.05496378, 0.0 ], [ 112.074010381000107, -8.054967975999944, 0.0 ], [ 112.073428825000065, -8.05492480099997, 0.0 ], [ 112.072970798000028, -8.054890795999938, 0.0 ] ] ] ] } },
{ "type": "Feature", "properties": { "OBJECTID": 116152.0, "KDPPUM": "35", "NAMOBJ": "Dadaplangu", "REMARK": null, "KDPBPS": null, "FCODE": "BA03070040", "LUASWH": 4.64641254, "UUPP": "Hasil Delineasi Batas Desa 2019", "SRS_ID": "SRGI 2013", "METADATA": "TASWIL1000020200326DATA_BATAS_DESA_KELURAHAN", "KDEBPS": null, "KDEPUM": "35.05.06.2001", "KDCBPS": null, "KDCPUM": "35.05.06", "KDBBPS": null, "WADMKD": "Dadaplangu", "WIADKD": null, "WADMKC": "Ponggok", "WIADKC": null, "WADMKK": "Blitar", "WIADKK": null, "WADMPR": "Jawa Timur", "WIADPR": null, "TIPADM": 1.0, "KDPKAB": "35.05", "SHAPE_Leng": 0.136103200486483, "SHAPE_Area": 0.00038129485228 }, "geometry": { "type": "MultiPolygon", "coordinates": [ [ [ [ 112.05494813700011, -8.035042952999959, 0.0 ], [ 112.054941090000057, -8.035046308999938, 0.0 ], [ 112.054684277000092, -8.0352892399999, 0.0 ], [ 112.05468, -8.03528, 0.0 ], [ 112.054672859000107, -8.035264094999945, 0.0 ], [ 112.05446, -8.03479, 0.0 ], [ 112.054969631000063, -8.034488473999943, 0.0 ], [ 112.055180592000056, -8.034363657999961, 0.0 ], [ 112.055142521000107, -8.033978184999967, 0.0 ], [ 112.055105080000089, -8.033804597999961, 0.0 ], [ 112.05503782400001, -8.033492774999957, 0.0 ], [ 112.055179077000048, -8.033434611999951, 0.0 ], [ 112.055280529000015, -8.033392837999941, 0.0 ], [ 112.055173077000063, -8.033063094999932, 0.0 ], [ 112.05517, -8.0329, 0.0 ], [ 112.05528, -8.032279998999968, 0.0 ], [ 112.05538, -8.031459998999935, 0.0 ], [ 112.05532, -8.03085, 0.0 ], [ 112.055249999000011, -8.030289998999933, 0.0 ], [ 112.055160000000114, -8.02976, 0.0 ], [ 112.055120000000102, -8.029469998999957, 0.0 ], [ 112.055249999000011, -8.02948, 0.0 ], [ 112.05554, -8.02950999899997, 0.0 ], [ 112.05591, -8.029549998999926, 0.0 ], [ 112.056459999000026, -8.029549998999926, 0.0 ], [ 112.057569999000066, -8.02965, 0.0 ], [ 112.058133130000101, -8.029776416999937, 0.0 ], [ 112.058121903000028, -8.029657063999935, 0.0 ], [ 112.058455028000026, -8.029746293999949, 0.0 ], [ 112.059043944000109, -8.029954496999949, 0.0 ], [ 112.059400863000064, -8.030067520999978, 0.0 ], [ 112.059739937000018, -8.030097263999949, 0.0 ], [ 112.05996003700011, -8.030103212999961, 0.0 ], [ 112.060127523, -8.030060267999943, 0.0 ], [ 112.060319999000058, -8.02989, 0.0 ], [ 112.06089, -8.02943, 0.0 ], [ 112.061179999000046, -8.02924, 0.0 ], [ 112.0615, -8.029059998999969, 0.0 ], [ 112.0618, -8.02884, 0.0 ], [ 112.06199, -8.02876, 0.0 ], [ 112.06221, -8.02876, 0.0 ], [ 112.062329999000099, -8.02878, 0.0 ], [ 112.062389999000061, -8.028809998999975, 0.0 ], [ 112.062699999000074, -8.02898, 0.0 ], [ 112.06312, -8.02915, 0.0 ], [ 112.06325, -8.029159998999944, 0.0 ], [ 112.06342, -8.029079998999975, 0.0 ], [ 112.063720000000103, -8.02891, 0.0 ], [ 112.064080000000104, -8.028769998999962, 0.0 ], [ 112.064609999000027, -8.0287, 0.0 ], [ 112.06569, -8.028749998999956, 0.0 ], [ 112.06592, -8.028749998999956, 0.0 ], [ 112.066, -8.028709998999943, 0.0 ], [ 112.066000586000087, -8.028708483999935, 0.0 ], [ 112.06612, -8.02839999899993, 0.0 ], [ 112.0662, -8.02817, 0.0 ], [ 112.066244423000057, -8.028106537999975, 0.0 ], [ 112.066269999000042, -8.02807, 0.0 ], [ 112.06635, -8.027969998999936, 0.0 ], [ 112.06686, -8.027639998999973, 0.0 ], [ 112.06725, -8.02738, 0.0 ], [ 112.06795000000011, -8.02683, 0.0 ], [ 112.068139113000029, -8.026666235999926, 0.0 ], [ 112.068589999000096, -8.02648, 0.0 ], [ 112.069570000000112, -8.02605, 0.0 ], [ 112.06991, -8.02586, 0.0 ], [ 112.070036764000065, -8.025759643999947, 0.0 ], [ 112.070149999000023, -8.025669998999945, 0.0 ], [ 112.07041, -8.02533, 0.0 ], [ 112.07063, -8.02504, 0.0 ], [ 112.0708, -8.024909998999931, 0.0 ], [ 112.070961948000104, -8.02482138299996, 0.0 ], [ 112.071111491000011, -8.02473955399995, 0.0 ], [ 112.072215561, -8.024444500999948, 0.0 ], [ 112.072845739000059, -8.024249234999957, 0.0 ], [ 112.072891328000082, -8.02423510899996, 0.0 ], [ 112.072949934, -8.024227782999958, 0.0 ], [ 112.073148773000071, -8.024186845999964, 0.0 ], [ 112.073339503000057, -8.024040993999961, 0.0 ], [ 112.07335, -8.02402, 0.0 ], [ 112.073370387000068, -8.024017375999961, 0.0 ], [ 112.074119130000099, -8.023921019999932, 0.0 ], [ 112.07455784800004, -8.023957579999944, 0.0 ], [ 112.07462, -8.02395, 0.0 ], [ 112.075058722000108, -8.023755628999936, 0.0 ], [ 112.075537288000078, -8.023464162999971, 0.0 ], [ 112.078023848000043, -8.023211090999951, 0.0 ], [ 112.078120193000018, -8.023736610999947, 0.0 ], [ 112.080214119000061, -8.02326071899995, 0.0 ], [ 112.081677487000093, -8.022975183999961, 0.0 ], [ 112.081796461000067, -8.022998978999965, 0.0 ], [ 112.083366905000048, -8.022475496999959, 0.0 ], [ 112.084021257000018, -8.02218996199997, 0.0 ], [ 112.084366278000061, -8.022439804999976, 0.0 ], [ 112.084354381000026, -8.022677750999947, 0.0 ], [ 112.084199716000057, -8.023094156999946, 0.0 ], [ 112.083735721000039, -8.024093530999949, 0.0 ], [ 112.083485878000033, -8.024605114999929, 0.0 ], [ 112.082891013000108, -8.025533104999965, 0.0 ], [ 112.08248650400003, -8.026235045999954, 0.0 ], [ 112.08201061200009, -8.026889396999934, 0.0 ], [ 112.081730000000107, -8.027519998999935, 0.0 ], [ 112.081519999000079, -8.02837, 0.0 ], [ 112.08134, -8.02907, 0.0 ], [ 112.08131, -8.029199998999957, 0.0 ], [ 112.0812, -8.02971, 0.0 ], [ 112.081129999000041, -8.03002, 0.0 ], [ 112.08106, -8.03032, 0.0 ], [ 112.08094, -8.030779998999947, 0.0 ], [ 112.08079, -8.03143, 0.0 ], [ 112.080699999000103, -8.03199, 0.0 ], [ 112.08055, -8.03275, 0.0 ], [ 112.08044, -8.03318, 0.0 ], [ 112.08044, -8.03333, 0.0 ], [ 112.08043, -8.033469998999976, 0.0 ], [ 112.0804, -8.03369, 0.0 ], [ 112.080315077000023, -8.034737364999955, 0.0 ], [ 112.079860918, -8.034814340999958, 0.0 ], [ 112.079765739000095, -8.035040389999949, 0.0 ], [ 112.079432615000087, -8.0360992499999, 0.0 ], [ 112.079542070000116, -8.036453789999939, 0.0 ], [ 112.079085213000099, -8.040051534999975, 0.0 ], [ 112.07889629500005, -8.041399676999959, 0.0 ], [ 112.078707982000083, -8.043097129999978, 0.0 ], [ 112.079221947000065, -8.043179463999934, 0.0 ], [ 112.079038241000035, -8.044464152999979, 0.0 ], [ 112.078776969000046, -8.046124799999973, 0.0 ], [ 112.080161418000102, -8.046282122999969, 0.0 ], [ 112.07997672700003, -8.047611425999946, 0.0 ], [ 112.08358161000001, -8.048082558999965, 0.0 ], [ 112.085147849, -8.048129717999927, 0.0 ], [ 112.08656864000011, -8.048301719999927, 0.0 ], [ 112.086680000000115, -8.04834, 0.0 ], [ 112.08728, -8.04852, 0.0 ], [ 112.086999999000113, -8.04873, 0.0 ], [ 112.086050000000114, -8.04924, 0.0 ], [ 112.08518, -8.04958, 0.0 ], [ 112.08478, -8.04976, 0.0 ], [ 112.08436, -8.049869998999952, 0.0 ], [ 112.08368, -8.05009, 0.0 ], [ 112.08316, -8.05035, 0.0 ], [ 112.08223999900008, -8.05064, 0.0 ], [ 112.08138, -8.05094, 0.0 ], [ 112.080916780000052, -8.051101119999942, 0.0 ], [ 112.080690000000118, -8.05118, 0.0 ], [ 112.079879999000013, -8.05163, 0.0 ], [ 112.079430000000116, -8.05203, 0.0 ], [ 112.079138682, -8.05223657099998, 0.0 ], [ 112.07888, -8.05242, 0.0 ], [ 112.078438771000037, -8.052672129999962, 0.0 ], [ 112.078304628000069, -8.052748783999959, 0.0 ], [ 112.078304544000048, -8.052748831999963, 0.0 ], [ 112.077900000000113, -8.05298, 0.0 ], [ 112.077623932000051, -8.053132563999952, 0.0 ], [ 112.07714, -8.053399998999964, 0.0 ], [ 112.077297734000012, -8.051330001999929, 0.0 ], [ 112.076349736000111, -8.050959223999939, 0.0 ], [ 112.076349736000111, -8.05018827899994, 0.0 ], [ 112.075701511000034, -8.050118200999975, 0.0 ], [ 112.076102311000113, -8.045737147999944, 0.0 ], [ 112.076178454000114, -8.045451611999965, 0.0 ], [ 112.075017277000029, -8.045299326999952, 0.0 ], [ 112.07497920600008, -8.045641968999973, 0.0 ], [ 112.072259907000102, -8.045217104999949, 0.0 ], [ 112.072197140000071, -8.045706689999975, 0.0 ], [ 112.07087961000002, -8.045452429999955, 0.0 ], [ 112.07109284, -8.0440589899999, 0.0 ], [ 112.071333436000032, -8.043085190999932, 0.0 ], [ 112.070789164000075, -8.04295837799998, 0.0 ], [ 112.070483928000044, -8.042875131999949, 0.0 ], [ 112.069648778000101, -8.042628334999961, 0.0 ], [ 112.06916336800009, -8.044134533999966, 0.0 ], [ 112.068942078000077, -8.045105353999929, 0.0 ], [ 112.068871344000058, -8.045512401999929, 0.0 ], [ 112.068733078000037, -8.04607099499998, 0.0 ], [ 112.067471571000056, -8.045812053999953, 0.0 ], [ 112.06740732500009, -8.045862021999937, 0.0 ], [ 112.066910970000094, -8.045774750999954, 0.0 ], [ 112.066942141000027, -8.045721165999964, 0.0 ], [ 112.067356676000031, -8.044354538999926, 0.0 ], [ 112.067393049000088, -8.04402745799996, 0.0 ], [ 112.068521811000096, -8.04079963199996, 0.0 ], [ 112.06825999900002, -8.04066, 0.0 ], [ 112.06794, -8.04059, 0.0 ], [ 112.06752, -8.040449998999975, 0.0 ], [ 112.066984207000019, -8.040306483999927, 0.0 ], [ 112.066443547000063, -8.040209765999975, 0.0 ], [ 112.066772485000115, -8.039153369999951, 0.0 ], [ 112.066044447000081, -8.039029792999941, 0.0 ], [ 112.066072090000034, -8.03871694399993, 0.0 ], [ 112.065223456000012, -8.038646544999949, 0.0 ], [ 112.065216318000012, -8.038282486999947, 0.0 ], [ 112.06438356000001, -8.038286515999971, 0.0 ], [ 112.064305942000033, -8.036468967999951, 0.0 ], [ 112.063724396000111, -8.036533582999937, 0.0 ], [ 112.063480778000098, -8.033658685999967, 0.0 ], [ 112.062094940000065, -8.033751881999933, 0.0 ], [ 112.056413977000034, -8.034465719999957, 0.0 ], [ 112.055340840000099, -8.03485595199993, 0.0 ], [ 112.05494813700011, -8.035042952999959, 0.0 ] ] ] ] } },
{ "type": "Feature", "properties": { "OBJECTID": 116147.0, "KDPPUM": "35", "NAMOBJ": "Bendo", "REMARK": null, "KDPBPS": null, "FCODE": "BA03070040", "LUASWH": 2.981342, "UUPP": "Hasil Delineasi Batas Desa 2019", "SRS_ID": "SRGI 2013", "METADATA": "TASWIL1000020200326DATA_BATAS_DESA_KELURAHAN", "KDEBPS": null, "KDEPUM": "35.05.06.2011", "KDCBPS": null, "KDCPUM": "35.05.06", "KDBBPS": null, "WADMKD": "Bendo", "WIADKD": null, "WADMKC": "Ponggok", "WIADKC": null, "WADMKK": "Blitar", "WIADKK": null, "WADMPR": "Jawa Timur", "WIADPR": null, "TIPADM": 1.0, "KDPKAB": "35.05", "SHAPE_Leng": 0.080797925532746007, "SHAPE_Area": 0.00024467576179499999 }, "geometry": { "type": "MultiPolygon", "coordinates": [ [ [ [ 112.11169928400011, -8.090337868999939, 0.0 ], [ 112.111372076000066, -8.092008108999948, 0.0 ], [ 112.106420418000084, -8.090318690999936, 0.0 ], [ 112.102872971000011, -8.089084796999941, 0.0 ], [ 112.102473306000093, -8.088945782999929, 0.0 ], [ 112.102784764000035, -8.088565418999963, 0.0 ], [ 112.10331, -8.08798, 0.0 ], [ 112.103840000000105, -8.08733, 0.0 ], [ 112.10399, -8.0872, 0.0 ], [ 112.104560000000106, -8.08646, 0.0 ], [ 112.10464, -8.08635, 0.0 ], [ 112.10477271100001, -8.086137662999931, 0.0 ], [ 112.10491, -8.08597, 0.0 ], [ 112.10513, -8.08571, 0.0 ], [ 112.10518, -8.08566, 0.0 ], [ 112.105739999000093, -8.085009998999965, 0.0 ], [ 112.10588, -8.08491, 0.0 ], [ 112.10605, -8.08485, 0.0 ], [ 112.10649, -8.08473, 0.0 ], [ 112.10668, -8.084659998999939, 0.0 ], [ 112.10677, -8.0846, 0.0 ], [ 112.10688, -8.08448, 0.0 ], [ 112.10701, -8.084369998999932, 0.0 ], [ 112.107053575, -8.08433038499993, 0.0 ], [ 112.10723, -8.08417, 0.0 ], [ 112.107339999000033, -8.0841, 0.0 ], [ 112.10716, -8.07986, 0.0 ], [ 112.10716, -8.07978, 0.0 ], [ 112.10717000000011, -8.07909, 0.0 ], [ 112.10718, -8.078909998999961, 0.0 ], [ 112.105085747000089, -8.078958002999968, 0.0 ], [ 112.105137607000074, -8.078577636999967, 0.0 ], [ 112.105051946000117, -8.078120779999949, 0.0 ], [ 112.105037669000012, -8.077435494999975, 0.0 ], [ 112.105109053000092, -8.076764486999934, 0.0 ], [ 112.105380312000079, -8.075422470999968, 0.0 ], [ 112.105551633, -8.075179765999962, 0.0 ], [ 112.105722954000044, -8.074922783999966, 0.0 ], [ 112.105851445000098, -8.073352339999929, 0.0 ], [ 112.107824281000035, -8.073801668999977, 0.0 ], [ 112.107825343000059, -8.073802372999978, 0.0 ], [ 112.10782, -8.073779998999953, 0.0 ], [ 112.10801, -8.073799998999959, 0.0 ], [ 112.108716316000027, -8.073966240999937, 0.0 ], [ 112.108987575000015, -8.073994794999976, 0.0 ], [ 112.109130342000071, -8.074066178999942, 0.0 ], [ 112.10941587700006, -8.074137561999976, 0.0 ], [ 112.111043784000117, -8.074724505999939, 0.0 ], [ 112.11109577700006, -8.074365990999979, 0.0 ], [ 112.113284881000027, -8.07482284699995, 0.0 ], [ 112.113492426000107, -8.074851806999959, 0.0 ], [ 112.113411643000063, -8.075243602999933, 0.0 ], [ 112.114064953000025, -8.07533574699994, 0.0 ], [ 112.114112105000117, -8.075342104999947, 0.0 ], [ 112.114330000000109, -8.07544, 0.0 ], [ 112.114634868000053, -8.074501143999953, 0.0 ], [ 112.114831019, -8.07410148799994, 0.0 ], [ 112.115026647000036, -8.074094731999935, 0.0 ], [ 112.115283628000043, -8.074094731999935, 0.0 ], [ 112.115711931000078, -8.074085213999979, 0.0 ], [ 112.1159879490001, -8.07403762499996, 0.0 ], [ 112.116254448000063, -8.074018588999934, 0.0 ], [ 112.116501912000103, -8.073923410999953, 0.0 ], [ 112.116654198000106, -8.073837749999939, 0.0 ], [ 112.116892144000076, -8.073742571999958, 0.0 ], [ 112.117310929000041, -8.073609321999982, 0.0 ], [ 112.117799076000097, -8.073308557999951, 0.0 ], [ 112.118277822000096, -8.073116406999929, 0.0 ], [ 112.119004570000016, -8.072004910999965, 0.0 ], [ 112.122326298000075, -8.073794265999936, 0.0 ], [ 112.12377, -8.074559998999973, 0.0 ], [ 112.12391, -8.07465, 0.0 ], [ 112.12386, -8.07479, 0.0 ], [ 112.12381, -8.07505, 0.0 ], [ 112.12381, -8.07531, 0.0 ], [ 112.12389, -8.075709998999969, 0.0 ], [ 112.12395, -8.07585, 0.0 ], [ 112.12404, -8.07609, 0.0 ], [ 112.12426, -8.07657, 0.0 ], [ 112.1243, -8.07679, 0.0 ], [ 112.124280000000113, -8.07706, 0.0 ], [ 112.12418, -8.07734, 0.0 ], [ 112.12403, -8.07776, 0.0 ], [ 112.12384, -8.07831, 0.0 ], [ 112.12377, -8.078479998999967, 0.0 ], [ 112.12349, -8.079199998999968, 0.0 ], [ 112.12312, -8.079939998999976, 0.0 ], [ 112.122529999000108, -8.08107, 0.0 ], [ 112.12242, -8.08145, 0.0 ], [ 112.12236, -8.08187, 0.0 ], [ 112.122219999000095, -8.08266, 0.0 ], [ 112.12161, -8.08395, 0.0 ], [ 112.12157, -8.08407, 0.0 ], [ 112.12153, -8.084229998999945, 0.0 ], [ 112.121490000000108, -8.08430999899997, 0.0 ], [ 112.121379999000055, -8.08456, 0.0 ], [ 112.1213, -8.084719998999958, 0.0 ], [ 112.12121, -8.085, 0.0 ], [ 112.12116, -8.08514, 0.0 ], [ 112.12091, -8.08608, 0.0 ], [ 112.12076, -8.08651, 0.0 ], [ 112.120559999000079, -8.087039998999956, 0.0 ], [ 112.12036, -8.08735, 0.0 ], [ 112.11979, -8.08809, 0.0 ], [ 112.11934, -8.08849, 0.0 ], [ 112.11927, -8.088639998999952, 0.0 ], [ 112.11925, -8.08882, 0.0 ], [ 112.11921, -8.08906, 0.0 ], [ 112.119099999000014, -8.08916, 0.0 ], [ 112.11896, -8.08918, 0.0 ], [ 112.118470000000116, -8.08921, 0.0 ], [ 112.11837, -8.08933, 0.0 ], [ 112.118290000000115, -8.08953, 0.0 ], [ 112.11803, -8.089419998999972, 0.0 ], [ 112.1176, -8.0893, 0.0 ], [ 112.117350000000101, -8.08925, 0.0 ], [ 112.117069999000023, -8.0892, 0.0 ], [ 112.11687, -8.08917, 0.0 ], [ 112.1165, -8.08913, 0.0 ], [ 112.11583, -8.08906, 0.0 ], [ 112.1156, -8.089029998999933, 0.0 ], [ 112.114749999000082, -8.088989998999978, 0.0 ], [ 112.11465, -8.088969998999971, 0.0 ], [ 112.11461, -8.08927, 0.0 ], [ 112.11454, -8.089419998999972, 0.0 ], [ 112.11452, -8.08963, 0.0 ], [ 112.11443, -8.08995, 0.0 ], [ 112.11435, -8.09033, 0.0 ], [ 112.114299999000082, -8.090549998999961, 0.0 ], [ 112.11423, -8.09089999899993, 0.0 ], [ 112.11409, -8.090879998999981, 0.0 ], [ 112.111900000000105, -8.09039, 0.0 ], [ 112.11171, -8.09034, 0.0 ], [ 112.11169928400011, -8.090337868999939, 0.0 ] ] ] ] } },
{ "type": "Feature", "properties": { "OBJECTID": 116149.0, "KDPPUM": "35", "NAMOBJ": "Kawedusan", "REMARK": null, "KDPBPS": null, "FCODE": "BA03070040", "LUASWH": 4.03164405, "UUPP": "Hasil Delineasi Batas Desa 2019", "SRS_ID": "SRGI 2013", "METADATA": "TASWIL1000020200326DATA_BATAS_DESA_KELURAHAN", "KDEBPS": null, "KDEPUM": "35.05.06.2009", "KDCBPS": null, "KDCPUM": "35.05.06", "KDBBPS": null, "WADMKD": "Kawedusan", "WIADKD": null, "WADMKC": "Ponggok", "WIADKC": null, "WADMKK": "Blitar", "WIADKK": null, "WADMPR": "Jawa Timur", "WIADPR": null, "TIPADM": 1.0, "KDPKAB": "35.05", "SHAPE_Leng": 0.10078378316827299, "SHAPE_Area": 0.00033085546028500002 }, "geometry": { "type": "MultiPolygon", "coordinates": [ [ [ [ 112.09382, -8.04729, 0.0 ], [ 112.09379, -8.04763, 0.0 ], [ 112.09382, -8.04815, 0.0 ], [ 112.09394, -8.04857, 0.0 ], [ 112.0941, -8.0491, 0.0 ], [ 112.0943899990001, -8.04929, 0.0 ], [ 112.09455, -8.04935, 0.0 ], [ 112.09493, -8.04936, 0.0 ], [ 112.09543, -8.04929, 0.0 ], [ 112.0962, -8.04916, 0.0 ], [ 112.09678, -8.049009998999963, 0.0 ], [ 112.09698, -8.04898, 0.0 ], [ 112.09739, -8.04906, 0.0 ], [ 112.09746, -8.04908, 0.0 ], [ 112.09778, -8.049129998999945, 0.0 ], [ 112.098329999000043, -8.049129998999945, 0.0 ], [ 112.09846, -8.049129998999945, 0.0 ], [ 112.0989, -8.04908, 0.0 ], [ 112.09912999900007, -8.049089998999932, 0.0 ], [ 112.09928, -8.049169998999957, 0.0 ], [ 112.09941, -8.04929, 0.0 ], [ 112.09947000000011, -8.04936, 0.0 ], [ 112.09964, -8.04945, 0.0 ], [ 112.09981, -8.04949, 0.0 ], [ 112.10011, -8.04955, 0.0 ], [ 112.10027, -8.04957, 0.0 ], [ 112.10054, -8.04959, 0.0 ], [ 112.10066, -8.0496, 0.0 ], [ 112.10077, -8.04961, 0.0 ], [ 112.10213383100006, -8.049517907999928, 0.0 ], [ 112.102554995000105, -8.049510769999927, 0.0 ], [ 112.102811977000101, -8.049610706999943, 0.0 ], [ 112.103147481000065, -8.049782027999981, 0.0 ], [ 112.10321172600004, -8.04991765699998, 0.0 ], [ 112.103275972, -8.050053286999969, 0.0 ], [ 112.103383048000069, -8.050103254999954, 0.0 ], [ 112.103697136000051, -8.050153223999928, 0.0 ], [ 112.105745852000041, -8.050288852999927, 0.0 ], [ 112.10671, -8.050339998999959, 0.0 ], [ 112.107339999000033, -8.05042, 0.0 ], [ 112.10761, -8.05046, 0.0 ], [ 112.107669999000109, -8.05047, 0.0 ], [ 112.10794, -8.0505, 0.0 ], [ 112.10787, -8.05089, 0.0 ], [ 112.10786, -8.05161, 0.0 ], [ 112.11213, -8.05245, 0.0 ], [ 112.11211, -8.05259, 0.0 ], [ 112.11211, -8.05289, 0.0 ], [ 112.11232, -8.05291, 0.0 ], [ 112.112819999000067, -8.052989998999976, 0.0 ], [ 112.11326, -8.05308, 0.0 ], [ 112.113340000000107, -8.05309, 0.0 ], [ 112.11349, -8.05312, 0.0 ], [ 112.11367, -8.05318, 0.0 ], [ 112.11374, -8.0532, 0.0 ], [ 112.11405, -8.05325, 0.0 ], [ 112.114319999000031, -8.0533, 0.0 ], [ 112.11423, -8.05413, 0.0 ], [ 112.1142, -8.05436, 0.0 ], [ 112.114150000000109, -8.05486, 0.0 ], [ 112.11381, -8.05481, 0.0 ], [ 112.113619999000093, -8.05479, 0.0 ], [ 112.11348, -8.05476, 0.0 ], [ 112.11296, -8.05467, 0.0 ], [ 112.11288, -8.05466, 0.0 ], [ 112.11268, -8.054629998999928, 0.0 ], [ 112.112440000000106, -8.05552, 0.0 ], [ 112.11234, -8.05588, 0.0 ], [ 112.11218, -8.056539998999938, 0.0 ], [ 112.11209, -8.05696, 0.0 ], [ 112.11193, -8.0577, 0.0 ], [ 112.111810000000105, -8.05818, 0.0 ], [ 112.1118, -8.05825, 0.0 ], [ 112.111689999000077, -8.05868, 0.0 ], [ 112.111609999000052, -8.05912, 0.0 ], [ 112.111589999000103, -8.05944, 0.0 ], [ 112.11153, -8.05989, 0.0 ], [ 112.11144, -8.06056, 0.0 ], [ 112.11139, -8.06098, 0.0 ], [ 112.11016, -8.060889998999926, 0.0 ], [ 112.10934, -8.06068, 0.0 ], [ 112.10856, -8.06051, 0.0 ], [ 112.10805, -8.06051, 0.0 ], [ 112.10756, -8.06053, 0.0 ], [ 112.10682, -8.06053, 0.0 ], [ 112.1063, -8.06055, 0.0 ], [ 112.10594, -8.06057, 0.0 ], [ 112.105640000000108, -8.06058, 0.0 ], [ 112.10514, -8.06127, 0.0 ], [ 112.1048, -8.06186, 0.0 ], [ 112.10471, -8.06203, 0.0 ], [ 112.10446, -8.06238, 0.0 ], [ 112.104020000000105, -8.062839998999948, 0.0 ], [ 112.103880000000117, -8.06293, 0.0 ], [ 112.10386, -8.06299, 0.0 ], [ 112.10326, -8.063559998999949, 0.0 ], [ 112.103009999000051, -8.06381, 0.0 ], [ 112.102969999000038, -8.06386, 0.0 ], [ 112.102949999000089, -8.063969998999937, 0.0 ], [ 112.102850000000103, -8.06409, 0.0 ], [ 112.102530000000115, -8.06443, 0.0 ], [ 112.10246, -8.0645, 0.0 ], [ 112.10232, -8.06466, 0.0 ], [ 112.101899999000011, -8.065119998999933, 0.0 ], [ 112.10185, -8.065179998999952, 0.0 ], [ 112.10171, -8.065179998999952, 0.0 ], [ 112.10070999900006, -8.06524, 0.0 ], [ 112.10052, -8.06527, 0.0 ], [ 112.09999, -8.0653, 0.0 ], [ 112.099562408000111, -8.065334366999934, 0.0 ], [ 112.09947636000004, -8.065340826999943, 0.0 ], [ 112.0988700260001, -8.065386348999937, 0.0 ], [ 112.098372607000101, -8.065373912999974, 0.0 ], [ 112.09823476300005, -8.06537046699998, 0.0 ], [ 112.098167344000103, -8.065371496999944, 0.0 ], [ 112.097917725000116, -8.065375315999972, 0.0 ], [ 112.097886288000041, -8.065375796999945, 0.0 ], [ 112.097869801000115, -8.065377399999932, 0.0 ], [ 112.097859516000085, -8.065377846999979, 0.0 ], [ 112.09781, -8.06538, 0.0 ], [ 112.0975604570001, -8.065407472999937, 0.0 ], [ 112.097374717000093, -8.065425528999981, 0.0 ], [ 112.097154215000046, -8.065448101999948, 0.0 ], [ 112.096878439000079, -8.065477563999934, 0.0 ], [ 112.096563276000097, -8.065511234999974, 0.0 ], [ 112.096386743000039, -8.065562015999944, 0.0 ], [ 112.096378147000109, -8.06556448799995, 0.0 ], [ 112.095566119000068, -8.065609561999963, 0.0 ], [ 112.095226640000078, -8.065628406999963, 0.0 ], [ 112.095182072000057, -8.065630880999947, 0.0 ], [ 112.095129947000032, -8.065633773999934, 0.0 ], [ 112.094618347000051, -8.065670311999952, 0.0 ], [ 112.094618335000064, -8.065670416999978, 0.0 ], [ 112.094349999000087, -8.06568, 0.0 ], [ 112.093660000000114, -8.06569, 0.0 ], [ 112.09355, -8.06443, 0.0 ], [ 112.0935, -8.064, 0.0 ], [ 112.09342, -8.06326, 0.0 ], [ 112.09331, -8.06236, 0.0 ], [ 112.09329999900001, -8.06219, 0.0 ], [ 112.09325, -8.06182, 0.0 ], [ 112.09313, -8.06043, 0.0 ], [ 112.09311, -8.059719998999981, 0.0 ], [ 112.0931, -8.05896, 0.0 ], [ 112.0929900000001, -8.05805, 0.0 ], [ 112.09269, -8.057239998999933, 0.0 ], [ 112.092220000000111, -8.05657, 0.0 ], [ 112.09206, -8.05657, 0.0 ], [ 112.09144, -8.05647, 0.0 ], [ 112.0905, -8.05623, 0.0 ], [ 112.08842, -8.05589, 0.0 ], [ 112.08827, -8.05586, 0.0 ], [ 112.08779, -8.055819998999937, 0.0 ], [ 112.08768, -8.05579999899993, 0.0 ], [ 112.085769999000036, -8.0553, 0.0 ], [ 112.08611, -8.05476, 0.0 ], [ 112.08669, -8.054099998999959, 0.0 ], [ 112.086820000000102, -8.053809998999952, 0.0 ], [ 112.086730000000102, -8.05343, 0.0 ], [ 112.0866, -8.05318, 0.0 ], [ 112.08652, -8.05316, 0.0 ], [ 112.08648, -8.052949998999964, 0.0 ], [ 112.086259999000049, -8.05214, 0.0 ], [ 112.085740000000101, -8.05111999899998, 0.0 ], [ 112.0852900000001, -8.05027, 0.0 ], [ 112.08478, -8.04976, 0.0 ], [ 112.08518, -8.04958, 0.0 ], [ 112.086050000000114, -8.04924, 0.0 ], [ 112.086999999000113, -8.04873, 0.0 ], [ 112.08728, -8.04852, 0.0 ], [ 112.08761177100007, -8.048107799999968, 0.0 ], [ 112.087452616000064, -8.047909360999938, 0.0 ], [ 112.087509723000039, -8.047452503999978, 0.0 ], [ 112.087638214000094, -8.046867156999951, 0.0 ], [ 112.087852365000117, -8.046396023999932, 0.0 ], [ 112.088137900000106, -8.045739291999951, 0.0 ], [ 112.088537650000035, -8.0453966499999, 0.0 ], [ 112.088851739, -8.045182497999974, 0.0 ], [ 112.089494193000064, -8.044782748999978, 0.0 ], [ 112.089808282000035, -8.044554320999964, 0.0 ], [ 112.090193755000087, -8.044283061999977, 0.0 ], [ 112.090550674000042, -8.044054633999963, 0.0 ], [ 112.090721995000081, -8.043854758999942, 0.0 ], [ 112.090807656000038, -8.043512116999977, 0.0 ], [ 112.090736272000072, -8.043069536999951, 0.0 ], [ 112.090850486000022, -8.042741171999978, 0.0 ], [ 112.091264512000066, -8.042512742999975, 0.0 ], [ 112.091664262000108, -8.042398528999968, 0.0 ], [ 112.092149672, -8.042241484999977, 0.0 ], [ 112.092535144000067, -8.041955948999941, 0.0 ], [ 112.092977724000093, -8.041770350999968, 0.0 ], [ 112.093348920000039, -8.041698967999935, 0.0 ], [ 112.0937201160001, -8.041570476999937, 0.0 ], [ 112.094900690000031, -8.040839546999962, 0.0 ], [ 112.09499, -8.0407, 0.0 ], [ 112.095370000000116, -8.04064, 0.0 ], [ 112.09395, -8.044739998999944, 0.0 ], [ 112.093890000000101, -8.045149998999932, 0.0 ], [ 112.09401, -8.04559, 0.0 ], [ 112.09442, -8.04621, 0.0 ], [ 112.09415, -8.04652, 0.0 ], [ 112.09409, -8.04658, 0.0 ], [ 112.09397, -8.04678, 0.0 ], [ 112.09382, -8.04722, 0.0 ], [ 112.09382, -8.04729, 0.0 ] ] ] ] } }
]
}
