{
"type": "FeatureCollection",
"name": "Selopuro",
"crs": { "type": "name", "properties": { "name": "urn:ogc:def:crs:OGC:1.3:CRS84" } },
"features": [
{ "type": "Feature", "properties": { "OBJECTID": 116271.0, "KDPPUM": "35", "NAMOBJ": "Tegalrejo", "REMARK": null, "KDPBPS": null, "FCODE": "BA03070040", "LUASWH": 2.60390096, "UUPP": "Hasil Delineasi Batas Desa 2019", "SRS_ID": "SRGI 2013", "METADATA": "TASWIL1000020200326DATA_BATAS_DESA_KELURAHAN", "KDEBPS": null, "KDEPUM": "35.05.22.2005", "KDCBPS": null, "KDCPUM": "35.05.22", "KDBBPS": null, "WADMKD": "Tegalrejo", "WIADKD": null, "WADMKC": "Selopuro", "WIADKC": null, "WADMKK": "Blitar", "WIADKK": null, "WADMPR": "Jawa Timur", "WIADPR": null, "TIPADM": 1.0, "KDPKAB": "35.05", "SHAPE_Leng": 0.079264100068477006, "SHAPE_Area": 0.00021368702115700001 }, "geometry": { "type": "MultiPolygon", "coordinates": [ [ [ [ 112.326074965000089, -8.106641470999932, 0.0 ], [ 112.326076730000068, -8.106801293999979, 0.0 ], [ 112.326088991, -8.106879014999947, 0.0 ], [ 112.326143344000116, -8.106980527999951, 0.0 ], [ 112.32620350500008, -8.107022203999975, 0.0 ], [ 112.32627571, -8.107075804999965, 0.0 ], [ 112.326545151, -8.107153169999947, 0.0 ], [ 112.326564097000073, -8.107158609999942, 0.0 ], [ 112.327020552000022, -8.107240867999963, 0.0 ], [ 112.327279790000034, -8.107586959999935, 0.0 ], [ 112.327352544000064, -8.107808046999935, 0.0 ], [ 112.327359390000083, -8.108065236999948, 0.0 ], [ 112.3272999940001, -8.108256843999925, 0.0 ], [ 112.327120413000102, -8.108406971999955, 0.0 ], [ 112.326808526000036, -8.108479766999949, 0.0 ], [ 112.326598481000019, -8.108492413999954, 0.0 ], [ 112.326418527000101, -8.108528888999956, 0.0 ], [ 112.326304619000098, -8.108571132999941, 0.0 ], [ 112.326195245, -8.108647960999974, 0.0 ], [ 112.326184846000046, -8.108655265999971, 0.0 ], [ 112.326119073000086, -8.108733241999971, 0.0 ], [ 112.326083570000037, -8.108888880999928, 0.0 ], [ 112.326101148000021, -8.109248387999969, 0.0 ], [ 112.326109304000056, -8.109415185999978, 0.0 ], [ 112.326110088000064, -8.109654449999937, 0.0 ], [ 112.326092708000033, -8.109845921999977, 0.0 ], [ 112.32601550000004, -8.110097402999941, 0.0 ], [ 112.325920069000063, -8.110283145999972, 0.0 ], [ 112.32591375100003, -8.110295205999932, 0.0 ], [ 112.325860418000048, -8.110396992999938, 0.0 ], [ 112.325806749000094, -8.11050483799994, 0.0 ], [ 112.325711357000046, -8.110702543999935, 0.0 ], [ 112.32563381500006, -8.110852337999972, 0.0 ], [ 112.325586187000113, -8.110972125999979, 0.0 ], [ 112.32555078900009, -8.111128815999962, 0.0 ], [ 112.325538856000094, -8.111181639999927, 0.0 ], [ 112.325422642000035, -8.111325429999965, 0.0 ], [ 112.32535950700003, -8.111403545999963, 0.0 ], [ 112.325233907000097, -8.111541533999969, 0.0 ], [ 112.325150147000045, -8.111625548999939, 0.0 ], [ 112.325012600000036, -8.111781520999955, 0.0 ], [ 112.324989002000052, -8.111907213999928, 0.0 ], [ 112.324962465000112, -8.112032619999979, 0.0 ], [ 112.324953536000066, -8.112074814999971, 0.0 ], [ 112.324959950000107, -8.112200410999947, 0.0 ], [ 112.324978135000038, -8.112254185999973, 0.0 ], [ 112.325044631000083, -8.112397530999942, 0.0 ], [ 112.325020797000093, -8.11245144399993, 0.0 ], [ 112.324733777, -8.112787351999941, 0.0 ], [ 112.324607922000041, -8.112847577999958, 0.0 ], [ 112.324529909000034, -8.112853813999948, 0.0 ], [ 112.324463843000103, -8.112842064999938, 0.0 ], [ 112.324379809000106, -8.112842336999961, 0.0 ], [ 112.324121939000065, -8.11291495699993, 0.0 ], [ 112.324011865000102, -8.112952697999958, 0.0 ], [ 112.323840136000058, -8.113011579999977, 0.0 ], [ 112.323748847000047, -8.113055264999957, 0.0 ], [ 112.323714281000093, -8.113071805999937, 0.0 ], [ 112.323600528000043, -8.113161900999955, 0.0 ], [ 112.323492953000027, -8.113305809999929, 0.0 ], [ 112.323427455000115, -8.11346753, 0.0 ], [ 112.323254243000065, -8.11373128699995, 0.0 ], [ 112.322950466000066, -8.114450076999958, 0.0 ], [ 112.322908919000042, -8.114593771999978, 0.0 ], [ 112.322873256000094, -8.114701558999968, 0.0 ], [ 112.322807718000035, -8.114851312999974, 0.0 ], [ 112.322786067000038, -8.114883906999978, 0.0 ], [ 112.322712148000051, -8.114995184999941, 0.0 ], [ 112.322634546000018, -8.115127033999954, 0.0 ], [ 112.322569086000044, -8.115300716999968, 0.0 ], [ 112.322499110000081, -8.115929021999932, 0.0 ], [ 112.322422662, -8.116413786999942, 0.0 ], [ 112.322399275000066, -8.116472607999981, 0.0 ], [ 112.322339312000054, -8.116623416999971, 0.0 ], [ 112.322315006000053, -8.11667072299997, 0.0 ], [ 112.322208163000028, -8.116878669999949, 0.0 ], [ 112.322148444000049, -8.116994902999977, 0.0 ], [ 112.322064898, -8.117144715999927, 0.0 ], [ 112.322005381000054, -8.117300431999979, 0.0 ], [ 112.321999470000037, -8.117380423999975, 0.0 ], [ 112.321993885000097, -8.117455993999954, 0.0 ], [ 112.321988352000062, -8.117599573999939, 0.0 ], [ 112.321940801000096, -8.117743287999929, 0.0 ], [ 112.321815569000023, -8.117994925999938, 0.0 ], [ 112.321750030000089, -8.118144681999979, 0.0 ], [ 112.32174176500007, -8.118178089999958, 0.0 ], [ 112.321720409000022, -8.118264412999963, 0.0 ], [ 112.321726861000116, -8.118401969999979, 0.0 ], [ 112.321781295000051, -8.118527408999967, 0.0 ], [ 112.321833359000038, -8.118630333999931, 0.0 ], [ 112.321877961000041, -8.118718508999962, 0.0 ], [ 112.321904973000073, -8.118803669999977, 0.0 ], [ 112.321938613000043, -8.11890972599997, 0.0 ], [ 112.32192701800011, -8.119035378999968, 0.0 ], [ 112.321945319000065, -8.119125044999976, 0.0 ], [ 112.321975606000024, -8.119208690999926, 0.0 ], [ 112.322005932000025, -8.119304299999953, 0.0 ], [ 112.322018270000058, -8.119405947999951, 0.0 ], [ 112.322017244000108, -8.119426654999927, 0.0 ], [ 112.322012639000036, -8.119519618999959, 0.0 ], [ 112.321987117000049, -8.119605407999927, 0.0 ], [ 112.321977015000016, -8.11963936799998, 0.0 ], [ 112.321960387000104, -8.11969808799995, 0.0 ], [ 112.321941410000022, -8.119765100999928, 0.0 ], [ 112.321893664000072, -8.119848997999952, 0.0 ], [ 112.321839855, -8.119914971999947, 0.0 ], [ 112.321684396000023, -8.120100908999973, 0.0 ], [ 112.321642944000018, -8.12027451299997, 0.0 ], [ 112.321583448000069, -8.120436211999959, 0.0 ], [ 112.321590017000062, -8.120609659999957, 0.0 ], [ 112.321650493000107, -8.120747041999948, 0.0 ], [ 112.32172911300006, -8.120926236999935, 0.0 ], [ 112.321761244000072, -8.121014977999948, 0.0 ], [ 112.321789687000091, -8.12109352799996, 0.0 ], [ 112.321832194000081, -8.121242932999962, 0.0 ], [ 112.321832682000036, -8.121391913999958, 0.0 ], [ 112.321832801000028, -8.121428363999939, 0.0 ], [ 112.321822615000087, -8.121527906999972, 0.0 ], [ 112.321797900000092, -8.12176943299994, 0.0 ], [ 112.321655815000099, -8.122374045999948, 0.0 ], [ 112.321476695000115, -8.122667729999932, 0.0 ], [ 112.321399248000034, -8.122847432999947, 0.0 ], [ 112.321358032000035, -8.123092815999939, 0.0 ], [ 112.321352793000074, -8.123326118999955, 0.0 ], [ 112.321353282000018, -8.123475660999929, 0.0 ], [ 112.321383608000019, -8.123571267999978, 0.0 ], [ 112.321425841000064, -8.123636930999965, 0.0 ], [ 112.321492714000101, -8.123676968999973, 0.0 ], [ 112.321654391000038, -8.123773766999932, 0.0 ], [ 112.321723147000057, -8.123820542999965, 0.0 ], [ 112.321846905000029, -8.123904738999954, 0.0 ], [ 112.322051484000099, -8.124053616999959, 0.0 ], [ 112.322111941000117, -8.124185016999945, 0.0 ], [ 112.322178537000013, -8.124358269999959, 0.0 ], [ 112.322161274000109, -8.124585630999945, 0.0 ], [ 112.322125846000063, -8.124765196999931, 0.0 ], [ 112.321994591000021, -8.125010872999951, 0.0 ], [ 112.32191694800008, -8.125130758999944, 0.0 ], [ 112.321791265000115, -8.125244817999942, 0.0 ], [ 112.321138991000112, -8.125863053999979, 0.0 ], [ 112.320439498000042, -8.126726689999941, 0.0 ], [ 112.320293697000011, -8.126877803999946, 0.0 ], [ 112.320260024000049, -8.126912704999938, 0.0 ], [ 112.320074469000019, -8.127074812999979, 0.0 ], [ 112.319990764000067, -8.127176772999974, 0.0 ], [ 112.317452224000021, -8.126820803999976, 0.0 ], [ 112.313276270000074, -8.126214040999969, 0.0 ], [ 112.313026427000068, -8.127356181999971, 0.0 ], [ 112.311146653000037, -8.127011159999938, 0.0 ], [ 112.310550775000024, -8.126828324999963, 0.0 ], [ 112.310550579000051, -8.126828263999926, 0.0 ], [ 112.310610000000111, -8.126649998999937, 0.0 ], [ 112.30950710500008, -8.126465430999929, 0.0 ], [ 112.308928896000111, -8.126493984999968, 0.0 ], [ 112.307643987, -8.126344078999978, 0.0 ], [ 112.306905561, -8.126355975999957, 0.0 ], [ 112.307065778000037, -8.124973508999972, 0.0 ], [ 112.307137162000117, -8.124016965999942, 0.0 ], [ 112.307217508, -8.123191292999934, 0.0 ], [ 112.307217508, -8.121616089999975, 0.0 ], [ 112.307236544000034, -8.120835625999973, 0.0 ], [ 112.307631535000041, -8.120892732999948, 0.0 ], [ 112.307650570000078, -8.120626233999928, 0.0 ], [ 112.307726713000079, -8.120007573999942, 0.0 ], [ 112.307155642000112, -8.119955225999945, 0.0 ], [ 112.307155642000112, -8.119655413999965, 0.0 ], [ 112.307293651, -8.118965369999955, 0.0 ], [ 112.308017007000103, -8.119041512999956, 0.0 ], [ 112.309025899000062, -8.119131931999959, 0.0 ], [ 112.309568416000047, -8.119193797999969, 0.0 ], [ 112.311024646000078, -8.119465056999957, 0.0 ], [ 112.311072235000097, -8.119122413999946, 0.0 ], [ 112.311800350000112, -8.119279458999927, 0.0 ], [ 112.312901261000093, -8.119557344999976, 0.0 ], [ 112.312904962000061, -8.119558278999932, 0.0 ], [ 112.312905297000043, -8.119558406999943, 0.0 ], [ 112.312907575000054, -8.11955242099998, 0.0 ], [ 112.312911919000044, -8.119541005999963, 0.0 ], [ 112.312924906000035, -8.119506876999935, 0.0 ], [ 112.312945364000029, -8.119453113999953, 0.0 ], [ 112.312947972000075, -8.119446259999961, 0.0 ], [ 112.313000757000054, -8.119307545999959, 0.0 ], [ 112.31300379400011, -8.119299565999938, 0.0 ], [ 112.313148689000059, -8.118918794999956, 0.0 ], [ 112.313185678000082, -8.118821591999961, 0.0 ], [ 112.313270000000102, -8.1186, 0.0 ], [ 112.313414004000037, -8.118277324999951, 0.0 ], [ 112.313559766000026, -8.117950708999956, 0.0 ], [ 112.31360577800001, -8.117847608999966, 0.0 ], [ 112.313810000000103, -8.11739, 0.0 ], [ 112.313853075000111, -8.117296357999976, 0.0 ], [ 112.314017159000059, -8.116939654999953, 0.0 ], [ 112.31404, -8.11689, 0.0 ], [ 112.3141, -8.116759998999953, 0.0 ], [ 112.314389999000014, -8.11609, 0.0 ], [ 112.314639999000065, -8.11539, 0.0 ], [ 112.31477, -8.114909998999963, 0.0 ], [ 112.31481, -8.11468, 0.0 ], [ 112.31488, -8.11432, 0.0 ], [ 112.314930000000118, -8.11406999899998, 0.0 ], [ 112.314930000000118, -8.11377, 0.0 ], [ 112.31477, -8.11308, 0.0 ], [ 112.31458, -8.1126, 0.0 ], [ 112.31441, -8.11211, 0.0 ], [ 112.31424, -8.11157, 0.0 ], [ 112.31414, -8.11127, 0.0 ], [ 112.314127941000038, -8.111251240999934, 0.0 ], [ 112.314199154000107, -8.111261924999951, 0.0 ], [ 112.314301176000072, -8.111255614999948, 0.0 ], [ 112.31474520200004, -8.111206326999934, 0.0 ], [ 112.315099249000014, -8.111175275999926, 0.0 ], [ 112.315639138000051, -8.11107184399998, 0.0 ], [ 112.316203348000045, -8.111064039999974, 0.0 ], [ 112.31632328, -8.111027761999935, 0.0 ], [ 112.31639515400002, -8.110979675999943, 0.0 ], [ 112.316526916000043, -8.110889524999948, 0.0 ], [ 112.316622293000023, -8.110685838999927, 0.0 ], [ 112.317793158000086, -8.110801687999981, 0.0 ], [ 112.317832229000032, -8.110477790999937, 0.0 ], [ 112.317953119000094, -8.110155144999965, 0.0 ], [ 112.318030546000045, -8.109969461999981, 0.0 ], [ 112.318523018000064, -8.110051612999939, 0.0 ], [ 112.318612041000051, -8.109740274999979, 0.0 ], [ 112.318738228000029, -8.10978174, 0.0 ], [ 112.31901722200007, -8.108823763999965, 0.0 ], [ 112.319284503000063, -8.107955551999964, 0.0 ], [ 112.319398548000095, -8.107955181999955, 0.0 ], [ 112.319718173000069, -8.106572373999938, 0.0 ], [ 112.32087729300008, -8.106771996999953, 0.0 ], [ 112.320859579000057, -8.106861779999974, 0.0 ], [ 112.32187448600007, -8.107014014999947, 0.0 ], [ 112.321962276000022, -8.106325833999961, 0.0 ], [ 112.322558626000045, -8.106442682999955, 0.0 ], [ 112.322983341000054, -8.106525898999962, 0.0 ], [ 112.323299044, -8.106537701999969, 0.0 ], [ 112.326074965000089, -8.106641470999932, 0.0 ] ] ] ] } },
{ "type": "Feature", "properties": { "OBJECTID": 116269.0, "KDPPUM": "35", "NAMOBJ": "Popoh", "REMARK": null, "KDPBPS": null, "FCODE": "BA03070040", "LUASWH": 6.03620614, "UUPP": "Hasil Delineasi Batas Desa 2019", "SRS_ID": "SRGI 2013", "METADATA": "TASWIL1000020200326DATA_BATAS_DESA_KELURAHAN", "KDEBPS": null, "KDEPUM": "35.05.22.2007", "KDCBPS": null, "KDCPUM": "35.05.22", "KDBBPS": null, "WADMKD": "Popoh", "WIADKD": null, "WADMKC": "Selopuro", "WIADKC": null, "WADMKK": "Blitar", "WIADKK": null, "WADMPR": "Jawa Timur", "WIADPR": null, "TIPADM": 1.0, "KDPKAB": "35.05", "SHAPE_Leng": 0.149318205145166, "SHAPE_Area": 0.00049535303121299998 }, "geometry": { "type": "MultiPolygon", "coordinates": [ [ [ [ 112.366721865000045, -8.124386031999961, 0.0 ], [ 112.36625673900005, -8.124809540999934, 0.0 ], [ 112.365770180000027, -8.125237769999956, 0.0 ], [ 112.365758283000105, -8.125523304999945, 0.0 ], [ 112.36582, -8.12603, 0.0 ], [ 112.365590000000111, -8.126099998999962, 0.0 ], [ 112.365348634000043, -8.126134479999962, 0.0 ], [ 112.36531, -8.126139998999975, 0.0 ], [ 112.36493, -8.12605, 0.0 ], [ 112.36466, -8.12601, 0.0 ], [ 112.36431, -8.12589, 0.0 ], [ 112.36417, -8.12584, 0.0 ], [ 112.364059999, -8.125809998999955, 0.0 ], [ 112.36399, -8.12586, 0.0 ], [ 112.36368, -8.12588, 0.0 ], [ 112.36332, -8.125809998999955, 0.0 ], [ 112.36293, -8.12562, 0.0 ], [ 112.36284, -8.12569, 0.0 ], [ 112.362710000000106, -8.12578, 0.0 ], [ 112.362439999000117, -8.126139998999975, 0.0 ], [ 112.362129999000103, -8.12668, 0.0 ], [ 112.36196, -8.12689, 0.0 ], [ 112.3618, -8.126999998999963, 0.0 ], [ 112.36147, -8.12686, 0.0 ], [ 112.36128, -8.12674, 0.0 ], [ 112.36115, -8.12673, 0.0 ], [ 112.36089, -8.126879998999925, 0.0 ], [ 112.36078, -8.126959998999951, 0.0 ], [ 112.36065, -8.12699, 0.0 ], [ 112.360549999000114, -8.12693, 0.0 ], [ 112.36058, -8.12676, 0.0 ], [ 112.36062, -8.1266, 0.0 ], [ 112.3606, -8.12650999899995, 0.0 ], [ 112.36009, -8.12643, 0.0 ], [ 112.359920000000102, -8.12644, 0.0 ], [ 112.359740000000102, -8.12652, 0.0 ], [ 112.35916, -8.127039998999976, 0.0 ], [ 112.35907, -8.12712, 0.0 ], [ 112.3589, -8.12732, 0.0 ], [ 112.3588, -8.12758, 0.0 ], [ 112.35885, -8.12769, 0.0 ], [ 112.35896999900001, -8.12773, 0.0 ], [ 112.3594, -8.127679998999952, 0.0 ], [ 112.35955, -8.12766, 0.0 ], [ 112.35964, -8.127719998999964, 0.0 ], [ 112.359740000000102, -8.12822, 0.0 ], [ 112.359769999000036, -8.12859999899996, 0.0 ], [ 112.359729999000024, -8.12884, 0.0 ], [ 112.35962, -8.12911, 0.0 ], [ 112.3588400000001, -8.12996, 0.0 ], [ 112.35867, -8.130059998999968, 0.0 ], [ 112.358169999000097, -8.130099998999981, 0.0 ], [ 112.35756, -8.13003, 0.0 ], [ 112.35667, -8.1299, 0.0 ], [ 112.35637, -8.12988, 0.0 ], [ 112.356159999000056, -8.12991, 0.0 ], [ 112.35605, -8.12996, 0.0 ], [ 112.356090000000108, -8.13018, 0.0 ], [ 112.35611, -8.13029, 0.0 ], [ 112.35603, -8.1304, 0.0 ], [ 112.35592, -8.130429998999944, 0.0 ], [ 112.35539, -8.13027, 0.0 ], [ 112.35518, -8.13022, 0.0 ], [ 112.355009999000117, -8.13023, 0.0 ], [ 112.35488, -8.13028, 0.0 ], [ 112.355, -8.13054, 0.0 ], [ 112.35511, -8.1307, 0.0 ], [ 112.35509, -8.13096, 0.0 ], [ 112.35506, -8.13107, 0.0 ], [ 112.35484, -8.13126, 0.0 ], [ 112.35467, -8.13137, 0.0 ], [ 112.35461, -8.13134, 0.0 ], [ 112.354289999000116, -8.13115, 0.0 ], [ 112.35428, -8.13101, 0.0 ], [ 112.354209999000091, -8.13079, 0.0 ], [ 112.35409, -8.13078, 0.0 ], [ 112.353970000000118, -8.13087, 0.0 ], [ 112.353469999000026, -8.13124, 0.0 ], [ 112.353210000000104, -8.13124, 0.0 ], [ 112.353079999000101, -8.13126, 0.0 ], [ 112.352940000000103, -8.131289998999932, 0.0 ], [ 112.352259999000012, -8.13153, 0.0 ], [ 112.35169, -8.13176, 0.0 ], [ 112.351360000000113, -8.13176, 0.0 ], [ 112.351109999000073, -8.131719998999927, 0.0 ], [ 112.35101, -8.13159, 0.0 ], [ 112.35077999900011, -8.1313, 0.0 ], [ 112.35054, -8.1311, 0.0 ], [ 112.35041, -8.13108, 0.0 ], [ 112.35021, -8.13115, 0.0 ], [ 112.34985, -8.131269998999926, 0.0 ], [ 112.34954, -8.13122, 0.0 ], [ 112.34891, -8.13107, 0.0 ], [ 112.34863, -8.13099, 0.0 ], [ 112.34826, -8.130839998999932, 0.0 ], [ 112.34802, -8.13067, 0.0 ], [ 112.34787, -8.13076, 0.0 ], [ 112.34783, -8.13083, 0.0 ], [ 112.346019999000077, -8.13169, 0.0 ], [ 112.345689999000115, -8.13174, 0.0 ], [ 112.34527, -8.13178, 0.0 ], [ 112.34467, -8.13178, 0.0 ], [ 112.34412, -8.1318, 0.0 ], [ 112.34349, -8.1318, 0.0 ], [ 112.343, -8.13183, 0.0 ], [ 112.342580000000112, -8.13193, 0.0 ], [ 112.34209, -8.132, 0.0 ], [ 112.34168000000011, -8.132089998999959, 0.0 ], [ 112.34123000000011, -8.13219, 0.0 ], [ 112.34104, -8.13224, 0.0 ], [ 112.34063, -8.13235, 0.0 ], [ 112.34028, -8.132499998999947, 0.0 ], [ 112.33987, -8.13266, 0.0 ], [ 112.339538699000059, -8.132798683999965, 0.0 ], [ 112.339395491, -8.132394179999949, 0.0 ], [ 112.338043957000082, -8.132279965999942, 0.0 ], [ 112.337967814000081, -8.132451286999981, 0.0 ], [ 112.337187351000011, -8.132413215999975, 0.0 ], [ 112.337149280000062, -8.132584536999957, 0.0 ], [ 112.336730495000097, -8.132622607999963, 0.0 ], [ 112.335797746000026, -8.133117535999929, 0.0 ], [ 112.33561, -8.13461, 0.0 ], [ 112.33486, -8.134759998999925, 0.0 ], [ 112.33458, -8.13481, 0.0 ], [ 112.33423, -8.13491, 0.0 ], [ 112.333869693000111, -8.134999063999942, 0.0 ], [ 112.329782468000076, -8.134849783999925, 0.0 ], [ 112.329769523000095, -8.13551, 0.0 ], [ 112.329700000000116, -8.13551, 0.0 ], [ 112.32947, -8.13546, 0.0 ], [ 112.329249999000012, -8.13544, 0.0 ], [ 112.32904, -8.13542, 0.0 ], [ 112.32877, -8.13544, 0.0 ], [ 112.328530000000114, -8.13544, 0.0 ], [ 112.32832, -8.135499998999933, 0.0 ], [ 112.32818, -8.135519998999939, 0.0 ], [ 112.32805, -8.13569, 0.0 ], [ 112.327720000000113, -8.13551, 0.0 ], [ 112.32743, -8.13534, 0.0 ], [ 112.32698, -8.13509, 0.0 ], [ 112.32647, -8.13489, 0.0 ], [ 112.32610000000011, -8.134719998999969, 0.0 ], [ 112.325639999000032, -8.13455, 0.0 ], [ 112.32522, -8.134409998999956, 0.0 ], [ 112.32468, -8.13419, 0.0 ], [ 112.32438, -8.134039998999981, 0.0 ], [ 112.324509999000043, -8.13276, 0.0 ], [ 112.32461, -8.13256, 0.0 ], [ 112.32477, -8.132439998999928, 0.0 ], [ 112.32504, -8.13235, 0.0 ], [ 112.32555, -8.13216, 0.0 ], [ 112.32563, -8.13202, 0.0 ], [ 112.325659999000095, -8.131719998999927, 0.0 ], [ 112.32573, -8.13143, 0.0 ], [ 112.32583000000011, -8.131269998999926, 0.0 ], [ 112.326190000000111, -8.130919998999957, 0.0 ], [ 112.326299912000081, -8.130760127999963, 0.0 ], [ 112.32630400100004, -8.130762000999937, 0.0 ], [ 112.326435104000097, -8.130678484999976, 0.0 ], [ 112.326503482000021, -8.130634925999971, 0.0 ], [ 112.326584866000076, -8.130558092999934, 0.0 ], [ 112.326695033000078, -8.130471597999929, 0.0 ], [ 112.326740745000052, -8.13044754799995, 0.0 ], [ 112.326997051000035, -8.13031269499993, 0.0 ], [ 112.327049828000099, -8.130298167999968, 0.0 ], [ 112.327088199000059, -8.130283685999927, 0.0 ], [ 112.327126521000082, -8.130254848999925, 0.0 ], [ 112.327159851000033, -8.130168603999948, 0.0 ], [ 112.32730782100009, -8.129895356999953, 0.0 ], [ 112.327398670000093, -8.129775425999981, 0.0 ], [ 112.327446409000117, -8.129689132999943, 0.0 ], [ 112.327494130000105, -8.129598056999953, 0.0 ], [ 112.327570540000011, -8.129468601999974, 0.0 ], [ 112.327818962000038, -8.129075393999926, 0.0 ], [ 112.32791464200011, -8.128965017999974, 0.0 ], [ 112.328024572000118, -8.128806742999927, 0.0 ], [ 112.3280961480001, -8.128667733999976, 0.0 ], [ 112.328172401000074, -8.128490426999974, 0.0 ], [ 112.32823432400005, -8.12833709399996, 0.0 ], [ 112.328310764000094, -8.128217210999935, 0.0 ], [ 112.328430361000073, -8.128078044999938, 0.0 ], [ 112.328630696, -8.127665850999961, 0.0 ], [ 112.32872159100009, -8.12756027699993, 0.0 ], [ 112.328836510000087, -8.127459409999972, 0.0 ], [ 112.328951509000035, -8.127382466999961, 0.0 ], [ 112.329052212000079, -8.127339069999948, 0.0 ], [ 112.329162535000023, -8.127300426999966, 0.0 ], [ 112.329556088000118, -8.127232145999926, 0.0 ], [ 112.329676031000076, -8.127198255999929, 0.0 ], [ 112.32974790500009, -8.127150166999968, 0.0 ], [ 112.329800491000015, -8.127078215999973, 0.0 ], [ 112.329833618000066, -8.126929760999928, 0.0 ], [ 112.32981850300007, -8.126714470999957, 0.0 ], [ 112.32984504500007, -8.126082098999973, 0.0 ], [ 112.329845220000038, -8.12607793199993, 0.0 ], [ 112.329814313000043, -8.12544158399993, 0.0 ], [ 112.32982327000002, -8.125245355999937, 0.0 ], [ 112.329870834000076, -8.125106425999945, 0.0 ], [ 112.32994263, -8.125034409999955, 0.0 ], [ 112.330024075000097, -8.1249767199999, 0.0 ], [ 112.330124746000024, -8.124923751999972, 0.0 ], [ 112.330239886000072, -8.124889877999976, 0.0 ], [ 112.330274858000053, -8.124873898999965, 0.0 ], [ 112.330345373000114, -8.124841679999975, 0.0 ], [ 112.330436456000029, -8.12479352899993, 0.0 ], [ 112.33054651000009, -8.124673535999932, 0.0 ], [ 112.330594309000048, -8.124606383999947, 0.0 ], [ 112.330636568000045, -8.124535676999926, 0.0 ], [ 112.330637293000109, -8.124534463999964, 0.0 ], [ 112.330675552000116, -8.124486484999977, 0.0 ], [ 112.330712014000028, -8.12446512899993, 0.0 ], [ 112.330790581000088, -8.124419112999931, 0.0 ], [ 112.331020718000104, -8.12430829799996, 0.0 ], [ 112.331274645, -8.124130408999974, 0.0 ], [ 112.331360720000021, -8.124020065999957, 0.0 ], [ 112.331413227000098, -8.123924186999943, 0.0 ], [ 112.331484676000059, -8.123746893999964, 0.0 ], [ 112.331499699, -8.12365521299995, 0.0 ], [ 112.331512920000023, -8.123574529999928, 0.0 ], [ 112.331531607000102, -8.12341655299997, 0.0 ], [ 112.33156473300005, -8.123268099999962, 0.0 ], [ 112.331602771, -8.123153126999966, 0.0 ], [ 112.331621759000086, -8.123086069999943, 0.0 ], [ 112.331688577000023, -8.122961432999944, 0.0 ], [ 112.331755507000025, -8.122870291999959, 0.0 ], [ 112.331806836000055, -8.122818804999952, 0.0 ], [ 112.331860805000019, -8.122764669999981, 0.0 ], [ 112.331946926000114, -8.122668681999926, 0.0 ], [ 112.332066552000015, -8.122539085999961, 0.0 ], [ 112.332425870000066, -8.122284285999967, 0.0 ], [ 112.33253603300011, -8.122197788999927, 0.0 ], [ 112.332626956000013, -8.122101783999938, 0.0 ], [ 112.332684155000038, -8.121972393999954, 0.0 ], [ 112.332741448000093, -8.121871713999951, 0.0 ], [ 112.332745998000064, -8.121795133999967, 0.0 ], [ 112.33274584000003, -8.121747279999965, 0.0 ], [ 112.332716885000082, -8.121704306999959, 0.0 ], [ 112.332687963000012, -8.121670903999927, 0.0 ], [ 112.332635092000032, -8.121656721999955, 0.0 ], [ 112.332453997000016, -8.1216310099999, 0.0 ], [ 112.332404484000108, -8.121623979999981, 0.0 ], [ 112.332332374000089, -8.121600289999947, 0.0 ], [ 112.332269885000073, -8.121581352999954, 0.0 ], [ 112.332236065000075, -8.121519253999963, 0.0 ], [ 112.33223590700004, -8.121471400999951, 0.0 ], [ 112.332283549000067, -8.121356395999953, 0.0 ], [ 112.332307402000083, -8.12130846499997, 0.0 ], [ 112.332345676000045, -8.12126527199996, 0.0 ], [ 112.332422351000105, -8.12121716799993, 0.0 ], [ 112.332470245000081, -8.121178727999961, 0.0 ], [ 112.332537411000089, -8.121159366999962, 0.0 ], [ 112.332647794000081, -8.121139863999929, 0.0 ], [ 112.332791651000093, -8.121077183999944, 0.0 ], [ 112.332927906, -8.12097952299996, 0.0 ], [ 112.332959327000026, -8.120957, 0.0 ], [ 112.333080968000104, -8.120803900999931, 0.0 ], [ 112.333200279000039, -8.120653730999948, 0.0 ], [ 112.333222350000028, -8.120625951999955, 0.0 ], [ 112.333370061000096, -8.120276137999952, 0.0 ], [ 112.333431809000103, -8.120070165999948, 0.0 ], [ 112.333474268000032, -8.119840330999978, 0.0 ], [ 112.333483336000086, -8.119677598999942, 0.0 ], [ 112.333477806000019, -8.119457491999981, 0.0 ], [ 112.333411785000067, -8.119280709999941, 0.0 ], [ 112.333376064000049, -8.119185061999929, 0.0 ], [ 112.333284101000118, -8.11896523799993, 0.0 ], [ 112.33322118500007, -8.118817098999955, 0.0 ], [ 112.333249587000068, -8.118692586999941, 0.0 ], [ 112.333326135000107, -8.118606199999931, 0.0 ], [ 112.333393190000038, -8.118553341999927, 0.0 ], [ 112.333628141000077, -8.118447294999953, 0.0 ], [ 112.334035522000022, -8.118206692999934, 0.0 ], [ 112.334179298000095, -8.11812008499993, 0.0 ], [ 112.33430381800008, -8.11801918599997, 0.0 ], [ 112.334370730000046, -8.117923259999941, 0.0 ], [ 112.334418276000065, -8.117779542999926, 0.0 ], [ 112.334465822000084, -8.117635827999948, 0.0 ], [ 112.334461265000073, -8.117371383999966, 0.0 ], [ 112.334461051000062, -8.117358983999964, 0.0 ], [ 112.334461, -8.117355998999926, 0.0 ], [ 112.334634236000056, -8.117191570999978, 0.0 ], [ 112.334756, -8.117075998999951, 0.0 ], [ 112.3351556, -8.1167948, 0.0 ], [ 112.335215, -8.116753, 0.0 ], [ 112.335216546000083, -8.116752402999964, 0.0 ], [ 112.335240174000091, -8.116743274999976, 0.0 ], [ 112.335922052000114, -8.116479861999949, 0.0 ], [ 112.335961504000011, -8.11646634899995, 0.0 ], [ 112.336277366000104, -8.116358157999969, 0.0 ], [ 112.33633346900001, -8.11633894199997, 0.0 ], [ 112.336438841000017, -8.116317789999925, 0.0 ], [ 112.337136872000087, -8.116177668999967, 0.0 ], [ 112.337157525000066, -8.116173522999929, 0.0 ], [ 112.337182451000103, -8.116172407999954, 0.0 ], [ 112.337928059000092, -8.116139106999981, 0.0 ], [ 112.338327839000044, -8.116166276999934, 0.0 ], [ 112.338539340000011, -8.116193756999962, 0.0 ], [ 112.33918, -8.116276998999979, 0.0 ], [ 112.33986, -8.116715, 0.0 ], [ 112.33986, -8.11671999899994, 0.0 ], [ 112.339864251000108, -8.116733815999964, 0.0 ], [ 112.339879813000039, -8.116784395999957, 0.0 ], [ 112.3399, -8.11685, 0.0 ], [ 112.34, -8.11697, 0.0 ], [ 112.340189999000017, -8.11704, 0.0 ], [ 112.34047, -8.11707, 0.0 ], [ 112.34076, -8.11697, 0.0 ], [ 112.340876153000067, -8.116914503999965, 0.0 ], [ 112.34166, -8.11654, 0.0 ], [ 112.341950000000111, -8.11644999899994, 0.0 ], [ 112.3422, -8.11644999899994, 0.0 ], [ 112.34235, -8.11651, 0.0 ], [ 112.342400000000112, -8.11657, 0.0 ], [ 112.342310000000111, -8.11687, 0.0 ], [ 112.342119999000033, -8.117189998999947, 0.0 ], [ 112.34178, -8.11772, 0.0 ], [ 112.341729999000108, -8.11786, 0.0 ], [ 112.34191, -8.11819, 0.0 ], [ 112.342059999000071, -8.11841, 0.0 ], [ 112.342119999000033, -8.1186, 0.0 ], [ 112.342139999000096, -8.1188, 0.0 ], [ 112.34211, -8.11891, 0.0 ], [ 112.342, -8.11898, 0.0 ], [ 112.34149, -8.11878, 0.0 ], [ 112.34129, -8.1187, 0.0 ], [ 112.34117, -8.11872, 0.0 ], [ 112.34108, -8.118789998999944, 0.0 ], [ 112.34094, -8.11907999899995, 0.0 ], [ 112.340969999000095, -8.119569998999964, 0.0 ], [ 112.34117, -8.120229998999946, 0.0 ], [ 112.34123000000011, -8.120309998999971, 0.0 ], [ 112.34141000000011, -8.12038999899994, 0.0 ], [ 112.341649999000083, -8.12041, 0.0 ], [ 112.342039999, -8.12032, 0.0 ], [ 112.34236, -8.12022, 0.0 ], [ 112.342549999000084, -8.12021, 0.0 ], [ 112.34272, -8.12026, 0.0 ], [ 112.343, -8.12044, 0.0 ], [ 112.34314, -8.12058, 0.0 ], [ 112.34319, -8.12084, 0.0 ], [ 112.34318, -8.12094, 0.0 ], [ 112.34309, -8.12104, 0.0 ], [ 112.34291, -8.1211, 0.0 ], [ 112.342429999000046, -8.121049998999979, 0.0 ], [ 112.34217, -8.121009998999966, 0.0 ], [ 112.34194, -8.12104, 0.0 ], [ 112.34183, -8.12112, 0.0 ], [ 112.341769999, -8.12126, 0.0 ], [ 112.341749999000058, -8.12149, 0.0 ], [ 112.3418, -8.12172, 0.0 ], [ 112.34191, -8.12188, 0.0 ], [ 112.342130000000111, -8.12211, 0.0 ], [ 112.34241, -8.122339998999962, 0.0 ], [ 112.34262, -8.12262, 0.0 ], [ 112.34275, -8.12287, 0.0 ], [ 112.34278, -8.122999998999944, 0.0 ], [ 112.34291999900006, -8.122999998999944, 0.0 ], [ 112.3430800000001, -8.12299, 0.0 ], [ 112.34309, -8.12245, 0.0 ], [ 112.34311, -8.12223, 0.0 ], [ 112.34314, -8.12214, 0.0 ], [ 112.34365999900001, -8.12198, 0.0 ], [ 112.34383, -8.121889998999961, 0.0 ], [ 112.343890000000101, -8.12169, 0.0 ], [ 112.343890000000101, -8.12153, 0.0 ], [ 112.343980000000101, -8.12138, 0.0 ], [ 112.34427, -8.12127, 0.0 ], [ 112.34439, -8.121519998999929, 0.0 ], [ 112.34445, -8.12241, 0.0 ], [ 112.344430000000102, -8.12251, 0.0 ], [ 112.344970000000103, -8.12243, 0.0 ], [ 112.34541, -8.12243, 0.0 ], [ 112.34634999900004, -8.12257, 0.0 ], [ 112.346799999000041, -8.12276, 0.0 ], [ 112.34705, -8.12293, 0.0 ], [ 112.34718, -8.12303, 0.0 ], [ 112.34726, -8.12296, 0.0 ], [ 112.34737, -8.12278, 0.0 ], [ 112.34746, -8.122669998999982, 0.0 ], [ 112.34759, -8.1227, 0.0 ], [ 112.347619999000017, -8.122649998999975, 0.0 ], [ 112.34768, -8.12254, 0.0 ], [ 112.34774, -8.12243, 0.0 ], [ 112.34782, -8.12229, 0.0 ], [ 112.3479, -8.12216, 0.0 ], [ 112.34802, -8.12206, 0.0 ], [ 112.34815, -8.12202, 0.0 ], [ 112.348299999, -8.12197, 0.0 ], [ 112.3485, -8.121909998999968, 0.0 ], [ 112.34865, -8.12186, 0.0 ], [ 112.34886, -8.12179, 0.0 ], [ 112.34888, -8.12164, 0.0 ], [ 112.34889, -8.121519998999929, 0.0 ], [ 112.34889, -8.12134, 0.0 ], [ 112.3489, -8.12116999899996, 0.0 ], [ 112.34894, -8.121089998999935, 0.0 ], [ 112.349, -8.121029998999973, 0.0 ], [ 112.349139999000045, -8.12102, 0.0 ], [ 112.34948999900007, -8.121, 0.0 ], [ 112.349650000000111, -8.12092, 0.0 ], [ 112.34973, -8.12091, 0.0 ], [ 112.34982, -8.1208, 0.0 ], [ 112.349959999000021, -8.12069, 0.0 ], [ 112.35018, -8.12047, 0.0 ], [ 112.350349999000059, -8.12028, 0.0 ], [ 112.35038, -8.12019, 0.0 ], [ 112.350389999000072, -8.12002, 0.0 ], [ 112.350369999, -8.11978, 0.0 ], [ 112.3503, -8.119509998999945, 0.0 ], [ 112.35026, -8.11937, 0.0 ], [ 112.35015, -8.11901, 0.0 ], [ 112.35012, -8.11888, 0.0 ], [ 112.35012, -8.118709998999975, 0.0 ], [ 112.35018, -8.11855, 0.0 ], [ 112.35023, -8.118419998999968, 0.0 ], [ 112.35032, -8.11827, 0.0 ], [ 112.35047, -8.11823, 0.0 ], [ 112.3506, -8.1182, 0.0 ], [ 112.3508700000001, -8.11811, 0.0 ], [ 112.35106, -8.11802, 0.0 ], [ 112.35108, -8.117929998999955, 0.0 ], [ 112.3511400000001, -8.11767, 0.0 ], [ 112.351519999000061, -8.11745, 0.0 ], [ 112.3521, -8.11712, 0.0 ], [ 112.35274, -8.11708, 0.0 ], [ 112.353070000000116, -8.117109998999979, 0.0 ], [ 112.353389999000115, -8.117149998999935, 0.0 ], [ 112.35372, -8.11718, 0.0 ], [ 112.354060000000118, -8.11722999899996, 0.0 ], [ 112.35454, -8.11722999899996, 0.0 ], [ 112.35527, -8.11716, 0.0 ], [ 112.35584, -8.11716, 0.0 ], [ 112.3563, -8.117109998999979, 0.0 ], [ 112.356959999000082, -8.11697, 0.0 ], [ 112.357719999000096, -8.11692, 0.0 ], [ 112.35864, -8.11671, 0.0 ], [ 112.35948, -8.11653, 0.0 ], [ 112.36002, -8.1164, 0.0 ], [ 112.3607, -8.11617, 0.0 ], [ 112.36134, -8.11592, 0.0 ], [ 112.36193, -8.11564999899997, 0.0 ], [ 112.362530000000106, -8.11533, 0.0 ], [ 112.363279999000042, -8.115219998999976, 0.0 ], [ 112.363790000000108, -8.11519, 0.0 ], [ 112.36438, -8.11507, 0.0 ], [ 112.36498, -8.11496, 0.0 ], [ 112.36543, -8.11486, 0.0 ], [ 112.36616, -8.11469, 0.0 ], [ 112.366850000000113, -8.11456, 0.0 ], [ 112.36738, -8.114459998999962, 0.0 ], [ 112.368200000000115, -8.11439, 0.0 ], [ 112.368739999000013, -8.11433, 0.0 ], [ 112.36931, -8.11426, 0.0 ], [ 112.36988, -8.11422, 0.0 ], [ 112.370500000000106, -8.11417, 0.0 ], [ 112.370714928000098, -8.114144713999963, 0.0 ], [ 112.370714928000098, -8.114246259999959, 0.0 ], [ 112.370791071000099, -8.114665044999981, 0.0 ], [ 112.371194469000102, -8.114741187999925, 0.0 ], [ 112.371751263000078, -8.114784017999966, 0.0 ], [ 112.372500793000086, -8.114862539999933, 0.0 ], [ 112.372812732000057, -8.114833153999939, 0.0 ], [ 112.3728, -8.1149, 0.0 ], [ 112.37279, -8.115179998999963, 0.0 ], [ 112.37287, -8.11556, 0.0 ], [ 112.37294999900007, -8.11591, 0.0 ], [ 112.37335, -8.11661, 0.0 ], [ 112.373439999000084, -8.11679, 0.0 ], [ 112.37349, -8.11705, 0.0 ], [ 112.373470000000111, -8.11722, 0.0 ], [ 112.37335, -8.11744, 0.0 ], [ 112.37316, -8.11765, 0.0 ], [ 112.37269, -8.11802, 0.0 ], [ 112.37241, -8.11817, 0.0 ], [ 112.37187, -8.11823, 0.0 ], [ 112.37172, -8.11825, 0.0 ], [ 112.3715, -8.11839, 0.0 ], [ 112.37099, -8.11889, 0.0 ], [ 112.37081, -8.11911, 0.0 ], [ 112.370709999000042, -8.11929, 0.0 ], [ 112.3707, -8.11958999899997, 0.0 ], [ 112.37072, -8.11979, 0.0 ], [ 112.37062, -8.12014, 0.0 ], [ 112.37045, -8.12051, 0.0 ], [ 112.37006, -8.12171, 0.0 ], [ 112.36997, -8.12196, 0.0 ], [ 112.36982, -8.12213, 0.0 ], [ 112.3694, -8.122319998999956, 0.0 ], [ 112.36812, -8.12272, 0.0 ], [ 112.367899999000088, -8.1228, 0.0 ], [ 112.36763, -8.12297, 0.0 ], [ 112.36732, -8.12328, 0.0 ], [ 112.36713, -8.12357, 0.0 ], [ 112.36704, -8.12381, 0.0 ], [ 112.36696, -8.12409, 0.0 ], [ 112.36686, -8.124269998999978, 0.0 ], [ 112.366721865000045, -8.124386031999961, 0.0 ] ] ] ] } },
{ "type": "Feature", "properties": { "OBJECTID": 116270.0, "KDPPUM": "35", "NAMOBJ": "Jambewangi", "REMARK": null, "KDPBPS": null, "FCODE": "BA03070040", "LUASWH": 3.17214898, "UUPP": "Hasil Delineasi Batas Desa 2019", "SRS_ID": "SRGI 2013", "METADATA": "TASWIL1000020200326DATA_BATAS_DESA_KELURAHAN", "KDEBPS": null, "KDEPUM": "35.05.22.2003", "KDCBPS": null, "KDCPUM": "35.05.22", "KDBBPS": null, "WADMKD": "Jambewangi", "WIADKD": null, "WADMKC": "Selopuro", "WIADKC": null, "WADMKK": "Blitar", "WIADKK": null, "WADMPR": "Jawa Timur", "WIADPR": null, "TIPADM": 1.0, "KDPKAB": "35.05", "SHAPE_Leng": 0.094530240469473004, "SHAPE_Area": 0.00026032409267400002 }, "geometry": { "type": "MultiPolygon", "coordinates": [ [ [ [ 112.314127941000038, -8.111251240999934, 0.0 ], [ 112.31414, -8.11127, 0.0 ], [ 112.31424, -8.11157, 0.0 ], [ 112.31441, -8.11211, 0.0 ], [ 112.31458, -8.1126, 0.0 ], [ 112.31477, -8.11308, 0.0 ], [ 112.314930000000118, -8.11377, 0.0 ], [ 112.314930000000118, -8.11406999899998, 0.0 ], [ 112.31488, -8.11432, 0.0 ], [ 112.31481, -8.11468, 0.0 ], [ 112.31477, -8.114909998999963, 0.0 ], [ 112.314639999000065, -8.11539, 0.0 ], [ 112.314389999000014, -8.11609, 0.0 ], [ 112.3141, -8.116759998999953, 0.0 ], [ 112.31404, -8.11689, 0.0 ], [ 112.314017159000059, -8.116939654999953, 0.0 ], [ 112.313853075000111, -8.117296357999976, 0.0 ], [ 112.313810000000103, -8.11739, 0.0 ], [ 112.31360577800001, -8.117847608999966, 0.0 ], [ 112.313559766000026, -8.117950708999956, 0.0 ], [ 112.313414004000037, -8.118277324999951, 0.0 ], [ 112.313270000000102, -8.1186, 0.0 ], [ 112.313185678000082, -8.118821591999961, 0.0 ], [ 112.313148689000059, -8.118918794999956, 0.0 ], [ 112.31300379400011, -8.119299565999938, 0.0 ], [ 112.313000757000054, -8.119307545999959, 0.0 ], [ 112.312947972000075, -8.119446259999961, 0.0 ], [ 112.312945364000029, -8.119453113999953, 0.0 ], [ 112.312924906000035, -8.119506876999935, 0.0 ], [ 112.312911919000044, -8.119541005999963, 0.0 ], [ 112.312907575000054, -8.11955242099998, 0.0 ], [ 112.312905297000043, -8.119558406999943, 0.0 ], [ 112.312904962000061, -8.119558278999932, 0.0 ], [ 112.312901261000093, -8.119557344999976, 0.0 ], [ 112.311800350000112, -8.119279458999927, 0.0 ], [ 112.311072235000097, -8.119122413999946, 0.0 ], [ 112.311024646000078, -8.119465056999957, 0.0 ], [ 112.309568416000047, -8.119193797999969, 0.0 ], [ 112.309025899000062, -8.119131931999959, 0.0 ], [ 112.308017007000103, -8.119041512999956, 0.0 ], [ 112.307293651, -8.118965369999955, 0.0 ], [ 112.307155642000112, -8.119655413999965, 0.0 ], [ 112.307155642000112, -8.119955225999945, 0.0 ], [ 112.307726713000079, -8.120007573999942, 0.0 ], [ 112.307650570000078, -8.120626233999928, 0.0 ], [ 112.307631535000041, -8.120892732999948, 0.0 ], [ 112.307236544000034, -8.120835625999973, 0.0 ], [ 112.307217508, -8.121616089999975, 0.0 ], [ 112.307217508, -8.123191292999934, 0.0 ], [ 112.307137162000117, -8.124016965999942, 0.0 ], [ 112.307065778000037, -8.124973508999972, 0.0 ], [ 112.306905561, -8.126355975999957, 0.0 ], [ 112.307643987, -8.126344078999978, 0.0 ], [ 112.308928896000111, -8.126493984999968, 0.0 ], [ 112.30950710500008, -8.126465430999929, 0.0 ], [ 112.310610000000111, -8.126649998999937, 0.0 ], [ 112.310550579000051, -8.126828263999926, 0.0 ], [ 112.31033, -8.12749, 0.0 ], [ 112.31009, -8.12822, 0.0 ], [ 112.30994, -8.12869, 0.0 ], [ 112.309890000000109, -8.12914, 0.0 ], [ 112.309890000000109, -8.12966999899993, 0.0 ], [ 112.30991, -8.13026, 0.0 ], [ 112.30986, -8.13081, 0.0 ], [ 112.30984, -8.13116, 0.0 ], [ 112.30983, -8.13157, 0.0 ], [ 112.309769421000055, -8.132884383999965, 0.0 ], [ 112.309669483000107, -8.133641052999963, 0.0 ], [ 112.309605238000017, -8.133833788999937, 0.0 ], [ 112.310099211000079, -8.133954990999939, 0.0 ], [ 112.310058593, -8.134212239999954, 0.0 ], [ 112.309933604000094, -8.134276368999963, 0.0 ], [ 112.309869358000014, -8.134376305999979, 0.0 ], [ 112.309855081000023, -8.134533350999959, 0.0 ], [ 112.309861107000074, -8.134947255999975, 0.0 ], [ 112.30985, -8.13505, 0.0 ], [ 112.3094, -8.13495, 0.0 ], [ 112.308990000000108, -8.13483, 0.0 ], [ 112.308630000000107, -8.134739998999976, 0.0 ], [ 112.307989999000029, -8.13446, 0.0 ], [ 112.3075, -8.13434, 0.0 ], [ 112.306529999000077, -8.1341, 0.0 ], [ 112.306200000000104, -8.13403, 0.0 ], [ 112.3055, -8.13389, 0.0 ], [ 112.303450000000112, -8.13358, 0.0 ], [ 112.303457526000102, -8.133470126999953, 0.0 ], [ 112.302240310000116, -8.133248143999936, 0.0 ], [ 112.302326760000028, -8.130888919999961, 0.0 ], [ 112.302179999000032, -8.130839998999932, 0.0 ], [ 112.301829999, -8.13075, 0.0 ], [ 112.301110000000108, -8.13059, 0.0 ], [ 112.30035, -8.13038, 0.0 ], [ 112.29968, -8.13022, 0.0 ], [ 112.29903, -8.130059998999968, 0.0 ], [ 112.29876, -8.12999, 0.0 ], [ 112.29837, -8.1299, 0.0 ], [ 112.29802, -8.12981, 0.0 ], [ 112.297730000000115, -8.129729998999949, 0.0 ], [ 112.29747, -8.1296, 0.0 ], [ 112.297129999000049, -8.12947, 0.0 ], [ 112.29682, -8.12937, 0.0 ], [ 112.29657, -8.12931, 0.0 ], [ 112.29636, -8.129259998999942, 0.0 ], [ 112.29618, -8.12918, 0.0 ], [ 112.29605, -8.12913, 0.0 ], [ 112.29591, -8.12911, 0.0 ], [ 112.29577, -8.12909, 0.0 ], [ 112.29564, -8.12908, 0.0 ], [ 112.29565, -8.12871, 0.0 ], [ 112.29573, -8.12829, 0.0 ], [ 112.295930000000112, -8.127739998999971, 0.0 ], [ 112.29617, -8.127389998999945, 0.0 ], [ 112.2965, -8.12706, 0.0 ], [ 112.297479999000075, -8.12611, 0.0 ], [ 112.2975599990001, -8.12588, 0.0 ], [ 112.29758042800006, -8.125807476999967, 0.0 ], [ 112.29776, -8.12517, 0.0 ], [ 112.29784, -8.125, 0.0 ], [ 112.29813, -8.12445, 0.0 ], [ 112.298360000000116, -8.124229998999965, 0.0 ], [ 112.29878, -8.12381, 0.0 ], [ 112.29896, -8.12354, 0.0 ], [ 112.29896, -8.12338, 0.0 ], [ 112.298950000000104, -8.12182, 0.0 ], [ 112.299019999000052, -8.12158, 0.0 ], [ 112.29919, -8.12132, 0.0 ], [ 112.29940999900009, -8.12106, 0.0 ], [ 112.3, -8.1205, 0.0 ], [ 112.30055, -8.12002, 0.0 ], [ 112.30059, -8.11997, 0.0 ], [ 112.30074, -8.11969, 0.0 ], [ 112.30122, -8.11904, 0.0 ], [ 112.301339999000106, -8.11868, 0.0 ], [ 112.30109, -8.117909998999949, 0.0 ], [ 112.30098, -8.11729, 0.0 ], [ 112.30143, -8.11667, 0.0 ], [ 112.30186, -8.11613, 0.0 ], [ 112.302219999000044, -8.11546, 0.0 ], [ 112.30272, -8.11504, 0.0 ], [ 112.30297, -8.11466, 0.0 ], [ 112.30299999900001, -8.11441, 0.0 ], [ 112.30278, -8.11393, 0.0 ], [ 112.30262, -8.11314, 0.0 ], [ 112.302682780000055, -8.112413540999967, 0.0 ], [ 112.30269, -8.11233, 0.0 ], [ 112.3028, -8.11192, 0.0 ], [ 112.30311, -8.111319998999932, 0.0 ], [ 112.30355, -8.11063, 0.0 ], [ 112.30401, -8.109799998999961, 0.0 ], [ 112.30451, -8.108589998999946, 0.0 ], [ 112.304109999000048, -8.10835, 0.0 ], [ 112.30367, -8.10803, 0.0 ], [ 112.303669210000066, -8.10802525899993, 0.0 ], [ 112.303674000000115, -8.108031998999934, 0.0 ], [ 112.303850479000062, -8.108160271999964, 0.0 ], [ 112.304228747000025, -8.108356809999975, 0.0 ], [ 112.304264487000069, -8.108375379999927, 0.0 ], [ 112.30429571600007, -8.108380065999938, 0.0 ], [ 112.304317317000027, -8.108377603999941, 0.0 ], [ 112.304343674000052, -8.108360771999969, 0.0 ], [ 112.304365190000112, -8.108331988999964, 0.0 ], [ 112.304405806000091, -8.108269649999954, 0.0 ], [ 112.304644284, -8.107766419999962, 0.0 ], [ 112.304746994000084, -8.107600995999974, 0.0 ], [ 112.304809263000038, -8.107552941999927, 0.0 ], [ 112.304937186000075, -8.107502194999938, 0.0 ], [ 112.304979517000106, -8.107485401999952, 0.0 ], [ 112.305341977000012, -8.107348206999973, 0.0 ], [ 112.30538849800007, -8.107330598999965, 0.0 ], [ 112.30550229500011, -8.107287525999936, 0.0 ], [ 112.305588623000062, -8.107253752999952, 0.0 ], [ 112.30565092300003, -8.107215269999926, 0.0 ], [ 112.305734741000038, -8.107148005999932, 0.0 ], [ 112.305811309000092, -8.10706640899997, 0.0 ], [ 112.305992890000084, -8.106668230999958, 0.0 ], [ 112.306068385000117, -8.106502682999974, 0.0 ], [ 112.306139237000025, -8.106534609999926, 0.0 ], [ 112.306272692000107, -8.106594746999974, 0.0 ], [ 112.307505064000111, -8.107150085999933, 0.0 ], [ 112.307677993000084, -8.106796608999957, 0.0 ], [ 112.308188894000068, -8.107010311999943, 0.0 ], [ 112.308039973000064, -8.107363711999938, 0.0 ], [ 112.309194041000069, -8.107856489999961, 0.0 ], [ 112.310095893000039, -8.108314184999927, 0.0 ], [ 112.309983087000091, -8.108697377999931, 0.0 ], [ 112.30963289400006, -8.109918776999962, 0.0 ], [ 112.309342625000113, -8.111110071999974, 0.0 ], [ 112.310099593000018, -8.111311017999981, 0.0 ], [ 112.310381767000081, -8.111328055999934, 0.0 ], [ 112.310525806000101, -8.111321610999937, 0.0 ], [ 112.310627712000041, -8.111279409999952, 0.0 ], [ 112.310753590000104, -8.111225171999934, 0.0 ], [ 112.310927604000085, -8.11120666599993, 0.0 ], [ 112.311413860000016, -8.111223045999964, 0.0 ], [ 112.31151590200011, -8.111222716999976, 0.0 ], [ 112.311551975000043, -8.111240545999976, 0.0 ], [ 112.311582084000065, -8.111270357999956, 0.0 ], [ 112.311624256000073, -8.111318075999975, 0.0 ], [ 112.311672431000034, -8.111365774999967, 0.0 ], [ 112.311720528000023, -8.111389545999941, 0.0 ], [ 112.311786595000058, -8.111401297999976, 0.0 ], [ 112.31182861100001, -8.111401160999947, 0.0 ], [ 112.311900602000037, -8.111388965999936, 0.0 ], [ 112.311954508000099, -8.111352902999954, 0.0 ], [ 112.312002411000094, -8.111316857999952, 0.0 ], [ 112.312062319, -8.111280774999955, 0.0 ], [ 112.31212215000005, -8.111220764999928, 0.0 ], [ 112.31220006500007, -8.111184623999975, 0.0 ], [ 112.312302088000024, -8.111178313999972, 0.0 ], [ 112.312722221000058, -8.111164995999957, 0.0 ], [ 112.313124268000024, -8.11112781099996, 0.0 ], [ 112.313538127000015, -8.111030767999978, 0.0 ], [ 112.313568138000051, -8.111030672999959, 0.0 ], [ 112.313604231000113, -8.111054481999929, 0.0 ], [ 112.313646366000057, -8.111090237999974, 0.0 ], [ 112.31379671600007, -8.111179478999929, 0.0 ], [ 112.313880752000046, -8.111179207999953, 0.0 ], [ 112.314024888000063, -8.111202668999965, 0.0 ], [ 112.314121083000032, -8.111250212999948, 0.0 ], [ 112.314127941000038, -8.111251240999934, 0.0 ] ] ] ] } },
{ "type": "Feature", "properties": { "OBJECTID": 116267.0, "KDPPUM": "35", "NAMOBJ": "Ploso", "REMARK": null, "KDPBPS": null, "FCODE": "BA03070040", "LUASWH": 4.69852308, "UUPP": "Hasil Delineasi Batas Desa 2019", "SRS_ID": "SRGI 2013", "METADATA": "TASWIL1000020200326DATA_BATAS_DESA_KELURAHAN", "KDEBPS": null, "KDEPUM": "35.05.22.2006", "KDCBPS": null, "KDCPUM": "35.05.22", "KDBBPS": null, "WADMKD": "Ploso", "WIADKD": null, "WADMKC": "Selopuro", "WIADKC": null, "WADMKK": "Blitar", "WIADKK": null, "WADMPR": "Jawa Timur", "WIADPR": null, "TIPADM": 1.0, "KDPKAB": "35.05", "SHAPE_Leng": 0.13569716638627499, "SHAPE_Area": 0.00038560309106300001 }, "geometry": { "type": "MultiPolygon", "coordinates": [ [ [ [ 112.319990764000067, -8.127176772999974, 0.0 ], [ 112.319943094000109, -8.12728459899995, 0.0 ], [ 112.319992016000015, -8.127559597999948, 0.0 ], [ 112.32010704400011, -8.127858308999976, 0.0 ], [ 112.320198063000021, -8.128157098999964, 0.0 ], [ 112.320157822000056, -8.128578739999966, 0.0 ], [ 112.320240518000105, -8.128593525999975, 0.0 ], [ 112.320362082000088, -8.128615259999947, 0.0 ], [ 112.320637579000049, -8.128664515999958, 0.0 ], [ 112.321216531, -8.128820362999932, 0.0 ], [ 112.321223771000064, -8.128822311999954, 0.0 ], [ 112.321227393000072, -8.128823806999947, 0.0 ], [ 112.321945472000039, -8.129120219999947, 0.0 ], [ 112.322031294000112, -8.129155646999948, 0.0 ], [ 112.322070583000027, -8.129171864999932, 0.0 ], [ 112.322407868000028, -8.129329885999937, 0.0 ], [ 112.322766154000078, -8.12949774599997, 0.0 ], [ 112.322849760000054, -8.129522620999978, 0.0 ], [ 112.322938860000022, -8.1295491299999, 0.0 ], [ 112.323047985000017, -8.129581596999969, 0.0 ], [ 112.323202396000056, -8.129589991999978, 0.0 ], [ 112.323272855000027, -8.129593820999958, 0.0 ], [ 112.323275759000012, -8.129594014999952, 0.0 ], [ 112.323341610000057, -8.129598381999926, 0.0 ], [ 112.323346355000012, -8.129598696999949, 0.0 ], [ 112.323346885000092, -8.129598731999977, 0.0 ], [ 112.323562, -8.12961299899996, 0.0 ], [ 112.323932017000061, -8.129718882999953, 0.0 ], [ 112.324022703000082, -8.129744832999961, 0.0 ], [ 112.324286, -8.129823, 0.0 ], [ 112.324460909000095, -8.129905453999982, 0.0 ], [ 112.325107100000082, -8.130210075999969, 0.0 ], [ 112.325198134000061, -8.130252990999963, 0.0 ], [ 112.325374063000027, -8.13033592599993, 0.0 ], [ 112.325764653000078, -8.130514884999968, 0.0 ], [ 112.326298227000052, -8.130759353999963, 0.0 ], [ 112.326299912000081, -8.130760127999963, 0.0 ], [ 112.326190000000111, -8.130919998999957, 0.0 ], [ 112.32583000000011, -8.131269998999926, 0.0 ], [ 112.32573, -8.13143, 0.0 ], [ 112.325659999000095, -8.131719998999927, 0.0 ], [ 112.32563, -8.13202, 0.0 ], [ 112.32555, -8.13216, 0.0 ], [ 112.32504, -8.13235, 0.0 ], [ 112.32477, -8.132439998999928, 0.0 ], [ 112.32461, -8.13256, 0.0 ], [ 112.324509999000043, -8.13276, 0.0 ], [ 112.32438, -8.134039998999981, 0.0 ], [ 112.32468, -8.13419, 0.0 ], [ 112.32522, -8.134409998999956, 0.0 ], [ 112.325639999000032, -8.13455, 0.0 ], [ 112.32610000000011, -8.134719998999969, 0.0 ], [ 112.32647, -8.13489, 0.0 ], [ 112.32698, -8.13509, 0.0 ], [ 112.32743, -8.13534, 0.0 ], [ 112.327720000000113, -8.13551, 0.0 ], [ 112.32805, -8.13569, 0.0 ], [ 112.32787, -8.135909998999978, 0.0 ], [ 112.327810000000113, -8.136009998999953, 0.0 ], [ 112.32779, -8.13619, 0.0 ], [ 112.3277700000001, -8.136419998999941, 0.0 ], [ 112.32773, -8.13668, 0.0 ], [ 112.3277, -8.13689, 0.0 ], [ 112.327669999000022, -8.13715, 0.0 ], [ 112.327669999000022, -8.13772, 0.0 ], [ 112.327669999000022, -8.13861, 0.0 ], [ 112.3276800000001, -8.13881, 0.0 ], [ 112.3276800000001, -8.13898, 0.0 ], [ 112.32773, -8.13923, 0.0 ], [ 112.32784, -8.139439998999933, 0.0 ], [ 112.32792, -8.13962, 0.0 ], [ 112.328019999000048, -8.13979, 0.0 ], [ 112.32816, -8.13992, 0.0 ], [ 112.32832, -8.14004, 0.0 ], [ 112.32846, -8.14007, 0.0 ], [ 112.32873, -8.14019, 0.0 ], [ 112.328890000000115, -8.14023, 0.0 ], [ 112.32902, -8.140279998999972, 0.0 ], [ 112.329249999000012, -8.14037, 0.0 ], [ 112.32942, -8.1404, 0.0 ], [ 112.329366063000066, -8.141019725999968, 0.0 ], [ 112.330355919000112, -8.141267189999951, 0.0 ], [ 112.330241704000059, -8.142314152999973, 0.0 ], [ 112.332613386000048, -8.142651180999962, 0.0 ], [ 112.332679999000106, -8.14274, 0.0 ], [ 112.33262, -8.14389, 0.0 ], [ 112.3326, -8.14433, 0.0 ], [ 112.33253, -8.14466, 0.0 ], [ 112.3323, -8.1453, 0.0 ], [ 112.33201, -8.14616, 0.0 ], [ 112.331897585000092, -8.147078053999962, 0.0 ], [ 112.33189, -8.14714, 0.0 ], [ 112.33183, -8.147689998999965, 0.0 ], [ 112.33175, -8.14805, 0.0 ], [ 112.33167, -8.14826, 0.0 ], [ 112.33162, -8.148409998999966, 0.0 ], [ 112.3314, -8.14874, 0.0 ], [ 112.331179999000028, -8.14895, 0.0 ], [ 112.33099, -8.14917, 0.0 ], [ 112.33076999900004, -8.14955, 0.0 ], [ 112.330709999000078, -8.14979, 0.0 ], [ 112.33072, -8.15032, 0.0 ], [ 112.33082, -8.15102, 0.0 ], [ 112.33076, -8.15129, 0.0 ], [ 112.33057, -8.15172, 0.0 ], [ 112.330290000000105, -8.15231, 0.0 ], [ 112.33014, -8.152799998999967, 0.0 ], [ 112.3299, -8.15365, 0.0 ], [ 112.329579999000089, -8.154379998999957, 0.0 ], [ 112.32924, -8.15563, 0.0 ], [ 112.3289, -8.15548, 0.0 ], [ 112.328710000000115, -8.15541, 0.0 ], [ 112.32838, -8.15533, 0.0 ], [ 112.32815, -8.15528, 0.0 ], [ 112.32803, -8.15534, 0.0 ], [ 112.32785, -8.15573, 0.0 ], [ 112.32778, -8.15585, 0.0 ], [ 112.32760999900006, -8.15597, 0.0 ], [ 112.32738, -8.15599, 0.0 ], [ 112.32708, -8.155919998999934, 0.0 ], [ 112.326849999000046, -8.15587, 0.0 ], [ 112.32661, -8.155899998999928, 0.0 ], [ 112.32656, -8.155939998999941, 0.0 ], [ 112.32656, -8.15604, 0.0 ], [ 112.32667, -8.15618, 0.0 ], [ 112.32693, -8.1565, 0.0 ], [ 112.32714, -8.15696, 0.0 ], [ 112.32725, -8.15727, 0.0 ], [ 112.327259999000034, -8.15753, 0.0 ], [ 112.327199999000072, -8.15776, 0.0 ], [ 112.32692, -8.15816, 0.0 ], [ 112.326820000000112, -8.158319998999957, 0.0 ], [ 112.32686, -8.1586, 0.0 ], [ 112.3269, -8.15877, 0.0 ], [ 112.32688, -8.15895, 0.0 ], [ 112.326820000000112, -8.15903, 0.0 ], [ 112.326519999000084, -8.159019998999952, 0.0 ], [ 112.326089999000033, -8.15881, 0.0 ], [ 112.32585, -8.15895, 0.0 ], [ 112.325719999000057, -8.159099998999977, 0.0 ], [ 112.325639999000032, -8.15929, 0.0 ], [ 112.325719999000057, -8.159879998999941, 0.0 ], [ 112.32575, -8.16013, 0.0 ], [ 112.325719999000057, -8.1603, 0.0 ], [ 112.325619999000082, -8.16044, 0.0 ], [ 112.32551, -8.16051, 0.0 ], [ 112.32541, -8.16046, 0.0 ], [ 112.325289999, -8.16018, 0.0 ], [ 112.325200000000109, -8.15992, 0.0 ], [ 112.32507, -8.159759998999959, 0.0 ], [ 112.324879999000018, -8.15964, 0.0 ], [ 112.3248, -8.15963, 0.0 ], [ 112.32463, -8.15977, 0.0 ], [ 112.32452, -8.15994, 0.0 ], [ 112.3244, -8.1603, 0.0 ], [ 112.32459, -8.160969998999974, 0.0 ], [ 112.324660000000108, -8.16121, 0.0 ], [ 112.32467, -8.161399998999968, 0.0 ], [ 112.32461, -8.16154, 0.0 ], [ 112.32452, -8.16161, 0.0 ], [ 112.32433, -8.16156, 0.0 ], [ 112.32417, -8.16143, 0.0 ], [ 112.32398, -8.16122, 0.0 ], [ 112.32372, -8.161049998999943, 0.0 ], [ 112.32355, -8.16118, 0.0 ], [ 112.323259999000015, -8.16207, 0.0 ], [ 112.32316, -8.16242, 0.0 ], [ 112.323040000000105, -8.16267, 0.0 ], [ 112.322909999000103, -8.162879998999927, 0.0 ], [ 112.32285, -8.16309, 0.0 ], [ 112.32288999900004, -8.16357, 0.0 ], [ 112.32318, -8.16442, 0.0 ], [ 112.323259999000015, -8.16469, 0.0 ], [ 112.323259999000015, -8.164909998999974, 0.0 ], [ 112.32314, -8.16521, 0.0 ], [ 112.322869999000091, -8.165629998999975, 0.0 ], [ 112.32264, -8.1659, 0.0 ], [ 112.322499999000115, -8.166, 0.0 ], [ 112.32229, -8.16601, 0.0 ], [ 112.32198, -8.16589, 0.0 ], [ 112.32166, -8.165769998999963, 0.0 ], [ 112.32132, -8.16568, 0.0 ], [ 112.32105, -8.165649998999982, 0.0 ], [ 112.32086, -8.1657, 0.0 ], [ 112.32049, -8.16596, 0.0 ], [ 112.32031, -8.16613, 0.0 ], [ 112.32017, -8.166429998999945, 0.0 ], [ 112.32008, -8.16669, 0.0 ], [ 112.32, -8.166799998999977, 0.0 ], [ 112.3199, -8.166839998999933, 0.0 ], [ 112.31954, -8.16675, 0.0 ], [ 112.31877, -8.16635, 0.0 ], [ 112.318670000000111, -8.16631, 0.0 ], [ 112.31846, -8.16646, 0.0 ], [ 112.318400000000111, -8.166409998999939, 0.0 ], [ 112.318189999000083, -8.16619, 0.0 ], [ 112.31789, -8.165769998999963, 0.0 ], [ 112.317489999000031, -8.16505, 0.0 ], [ 112.317099999000106, -8.16459, 0.0 ], [ 112.317059999000094, -8.16434, 0.0 ], [ 112.31701, -8.16394, 0.0 ], [ 112.316870000000108, -8.1634, 0.0 ], [ 112.31686, -8.16305, 0.0 ], [ 112.31695, -8.16276, 0.0 ], [ 112.317059999000094, -8.16238, 0.0 ], [ 112.31722, -8.161769998999944, 0.0 ], [ 112.31727, -8.16154, 0.0 ], [ 112.31722, -8.161359998999956, 0.0 ], [ 112.31713, -8.16128, 0.0 ], [ 112.31703, -8.16117, 0.0 ], [ 112.31692, -8.16078, 0.0 ], [ 112.31694, -8.16052, 0.0 ], [ 112.31692, -8.16028, 0.0 ], [ 112.316999999000018, -8.16012, 0.0 ], [ 112.317230000000109, -8.15965, 0.0 ], [ 112.317389999000056, -8.15922, 0.0 ], [ 112.31748, -8.15921, 0.0 ], [ 112.3177, -8.1593, 0.0 ], [ 112.31797, -8.15936, 0.0 ], [ 112.3181, -8.15932, 0.0 ], [ 112.31812, -8.15925, 0.0 ], [ 112.3181, -8.15907, 0.0 ], [ 112.31801, -8.15884, 0.0 ], [ 112.31787999900007, -8.15849, 0.0 ], [ 112.31787999900007, -8.15827, 0.0 ], [ 112.31793, -8.15807, 0.0 ], [ 112.31804000000011, -8.157909998999969, 0.0 ], [ 112.31822000000011, -8.15775, 0.0 ], [ 112.31865, -8.15739, 0.0 ], [ 112.31917, -8.15682, 0.0 ], [ 112.3196, -8.15574, 0.0 ], [ 112.3197, -8.15539, 0.0 ], [ 112.319840000000113, -8.155159998999977, 0.0 ], [ 112.32, -8.15507, 0.0 ], [ 112.320290000000114, -8.15505, 0.0 ], [ 112.32093, -8.155, 0.0 ], [ 112.32086, -8.15443, 0.0 ], [ 112.320970000000102, -8.15409, 0.0 ], [ 112.3212, -8.15357999899993, 0.0 ], [ 112.32163, -8.15257, 0.0 ], [ 112.32168, -8.152039998999953, 0.0 ], [ 112.321730000000116, -8.15154999899994, 0.0 ], [ 112.322050000000104, -8.15037, 0.0 ], [ 112.322230000000104, -8.14996999899995, 0.0 ], [ 112.32317, -8.149329998999974, 0.0 ], [ 112.323259999000015, -8.14918999899993, 0.0 ], [ 112.323299999000028, -8.14897, 0.0 ], [ 112.323379999000053, -8.14822, 0.0 ], [ 112.32339, -8.14772, 0.0 ], [ 112.32348, -8.14729, 0.0 ], [ 112.32362, -8.14696, 0.0 ], [ 112.32363, -8.14681, 0.0 ], [ 112.32357, -8.14639, 0.0 ], [ 112.32357, -8.14616, 0.0 ], [ 112.32366, -8.14599, 0.0 ], [ 112.323760000000107, -8.14594, 0.0 ], [ 112.32396, -8.14591, 0.0 ], [ 112.32428, -8.14584, 0.0 ], [ 112.32437, -8.14573, 0.0 ], [ 112.32435, -8.14564, 0.0 ], [ 112.32413, -8.14532, 0.0 ], [ 112.32402, -8.14514, 0.0 ], [ 112.32393, -8.14479, 0.0 ], [ 112.32396, -8.14468, 0.0 ], [ 112.32411, -8.14442, 0.0 ], [ 112.32441, -8.143809998999927, 0.0 ], [ 112.32442, -8.14362, 0.0 ], [ 112.32434, -8.1433, 0.0 ], [ 112.324325541, -8.143175653999947, 0.0 ], [ 112.324430470000038, -8.143083546999947, 0.0 ], [ 112.32453969900007, -8.143045324999946, 0.0 ], [ 112.324658898000052, -8.142959814999926, 0.0 ], [ 112.324725523000097, -8.142859877999967, 0.0 ], [ 112.32469221000008, -8.142736145999947, 0.0 ], [ 112.324706487000071, -8.142617172999962, 0.0 ], [ 112.32475407600009, -8.14258861899998, 0.0 ], [ 112.324946088000047, -8.142516975999968, 0.0 ], [ 112.32504287200004, -8.142174272999966, 0.0 ], [ 112.324304358000063, -8.142040549999933, 0.0 ], [ 112.324274615000036, -8.142183317999979, 0.0 ], [ 112.324098641000091, -8.142177329999981, 0.0 ], [ 112.323810620000017, -8.142171419999954, 0.0 ], [ 112.32341206000001, -8.142135727999971, 0.0 ], [ 112.323156268000048, -8.142034600999978, 0.0 ], [ 112.32306703900008, -8.142314187999943, 0.0 ], [ 112.322769606000065, -8.142224957999929, 0.0 ], [ 112.322603044000061, -8.142195214999958, 0.0 ], [ 112.322507865000034, -8.142403417999958, 0.0 ], [ 112.322436481000068, -8.142361776999962, 0.0 ], [ 112.3222818160001, -8.142260649999969, 0.0 ], [ 112.322049819000085, -8.142189265999946, 0.0 ], [ 112.322055768000041, -8.142088138999952, 0.0 ], [ 112.321799976000079, -8.142040549999933, 0.0 ], [ 112.321829719000107, -8.141909679999969, 0.0 ], [ 112.320919575000062, -8.14170147699997, 0.0 ], [ 112.320152199000063, -8.141517068999974, 0.0 ], [ 112.320294967000109, -8.140832973999977, 0.0 ], [ 112.319783382000082, -8.140714, 0.0 ], [ 112.319884510000065, -8.140327337999963, 0.0 ], [ 112.319664409000097, -8.140267851999965, 0.0 ], [ 112.319491898000024, -8.140559335999967, 0.0 ], [ 112.319164723000085, -8.140559335999967, 0.0 ], [ 112.3190457500001, -8.140612872999952, 0.0 ], [ 112.318813752000096, -8.140708051999979, 0.0 ], [ 112.318617447000065, -8.140702102999967, 0.0 ], [ 112.318278373000112, -8.140660462999961, 0.0 ], [ 112.317808430000014, -8.139928777999955, 0.0 ], [ 112.317856019000033, -8.139298220999933, 0.0 ], [ 112.317243308000116, -8.139280374999942, 0.0 ], [ 112.317273051000029, -8.138887763999946, 0.0 ], [ 112.317228626000087, -8.138285086999929, 0.0 ], [ 112.31613685800005, -8.13806090099996, 0.0 ], [ 112.316124961000014, -8.137692084999969, 0.0 ], [ 112.316011937000098, -8.137692084999969, 0.0 ], [ 112.314774617000012, -8.13723998699993, 0.0 ], [ 112.314863847000083, -8.13692470899997, 0.0 ], [ 112.314489082000023, -8.136770043999945, 0.0 ], [ 112.312198850000073, -8.136091896999972, 0.0 ], [ 112.312133415000062, -8.136329843999931, 0.0 ], [ 112.31133034700008, -8.13613948699998, 0.0 ], [ 112.311419577000038, -8.135824207999974, 0.0 ], [ 112.309952774000067, -8.135603638999953, 0.0 ], [ 112.309840063000024, -8.135586690999958, 0.0 ], [ 112.309840065000117, -8.135586478999926, 0.0 ], [ 112.30984008300004, -8.135585508999952, 0.0 ], [ 112.309840118000011, -8.135583613999927, 0.0 ], [ 112.309840243000053, -8.135576855999943, 0.0 ], [ 112.309840392000069, -8.135568818999957, 0.0 ], [ 112.309840484, -8.135563863999948, 0.0 ], [ 112.309841141000106, -8.135528364999971, 0.0 ], [ 112.309841215, -8.135524364999981, 0.0 ], [ 112.309841604000098, -8.135503366999956, 0.0 ], [ 112.309842461000017, -8.135457121999934, 0.0 ], [ 112.309844061000035, -8.135370697999974, 0.0 ], [ 112.309844287000033, -8.135358492999956, 0.0 ], [ 112.309844483, -8.135347903999957, 0.0 ], [ 112.309845793000022, -8.13527718399996, 0.0 ], [ 112.309846539000091, -8.135236878999933, 0.0 ], [ 112.30984671300007, -8.135227481999948, 0.0 ], [ 112.309847061000028, -8.135208705999958, 0.0 ], [ 112.30984722900007, -8.135199653999962, 0.0 ], [ 112.309847277000017, -8.135197046999963, 0.0 ], [ 112.309847876000049, -8.135164678999956, 0.0 ], [ 112.309848087000091, -8.135153263999939, 0.0 ], [ 112.309848609000028, -8.135125117999962, 0.0 ], [ 112.309848753000097, -8.135117334999961, 0.0 ], [ 112.309848834000036, -8.135112932999959, 0.0 ], [ 112.309849144000054, -8.135096206999947, 0.0 ], [ 112.309849145000044, -8.13509617099993, 0.0 ], [ 112.309849261000068, -8.135089876999928, 0.0 ], [ 112.309849570000097, -8.135073195999951, 0.0 ], [ 112.309849672000041, -8.135067671999934, 0.0 ], [ 112.30985, -8.13505, 0.0 ], [ 112.309861107000074, -8.134947255999975, 0.0 ], [ 112.309855081000023, -8.134533350999959, 0.0 ], [ 112.309869358000014, -8.134376305999979, 0.0 ], [ 112.309933604000094, -8.134276368999963, 0.0 ], [ 112.310058593, -8.134212239999954, 0.0 ], [ 112.310099211000079, -8.133954990999939, 0.0 ], [ 112.309605238000017, -8.133833788999937, 0.0 ], [ 112.309669483000107, -8.133641052999963, 0.0 ], [ 112.309769421000055, -8.132884383999965, 0.0 ], [ 112.30983, -8.13157, 0.0 ], [ 112.30984, -8.13116, 0.0 ], [ 112.30986, -8.13081, 0.0 ], [ 112.30991, -8.13026, 0.0 ], [ 112.309890000000109, -8.12966999899993, 0.0 ], [ 112.309890000000109, -8.12914, 0.0 ], [ 112.30994, -8.12869, 0.0 ], [ 112.31009, -8.12822, 0.0 ], [ 112.31033, -8.12749, 0.0 ], [ 112.310550579000051, -8.126828263999926, 0.0 ], [ 112.310550775000024, -8.126828324999963, 0.0 ], [ 112.311146653000037, -8.127011159999938, 0.0 ], [ 112.313026427000068, -8.127356181999971, 0.0 ], [ 112.313276270000074, -8.126214040999969, 0.0 ], [ 112.317452224000021, -8.126820803999976, 0.0 ], [ 112.319990764000067, -8.127176772999974, 0.0 ] ] ] ] } },
{ "type": "Feature", "properties": { "OBJECTID": 116266.0, "KDPPUM": "35", "NAMOBJ": "Jatitengah", "REMARK": null, "KDPBPS": null, "FCODE": "BA03070040", "LUASWH": 2.42558315, "UUPP": "Hasil Delineasi Batas Desa 2019", "SRS_ID": "SRGI 2013", "METADATA": "TASWIL1000020200326DATA_BATAS_DESA_KELURAHAN", "KDEBPS": null, "KDEPUM": "35.05.22.2002", "KDCBPS": null, "KDCPUM": "35.05.22", "KDBBPS": null, "WADMKD": "Jatitengah", "WIADKD": null, "WADMKC": "Selopuro", "WIADKC": null, "WADMKK": "Blitar", "WIADKK": null, "WADMPR": "Jawa Timur", "WIADPR": null, "TIPADM": 1.0, "KDPKAB": "35.05", "SHAPE_Leng": 0.068430933951357006, "SHAPE_Area": 0.00019906580906900001 }, "geometry": { "type": "MultiPolygon", "coordinates": [ [ [ [ 112.30985, -8.13505, 0.0 ], [ 112.309849672000041, -8.135067671999934, 0.0 ], [ 112.309849570000097, -8.135073195999951, 0.0 ], [ 112.309849261000068, -8.135089876999928, 0.0 ], [ 112.309849145000044, -8.13509617099993, 0.0 ], [ 112.309849144000054, -8.135096206999947, 0.0 ], [ 112.309841478000067, -8.135110916999963, 0.0 ], [ 112.309823096000059, -8.135146191999979, 0.0 ], [ 112.30981879300009, -8.13515444799998, 0.0 ], [ 112.309818266000093, -8.135155459999964, 0.0 ], [ 112.309795128000019, -8.135199860999933, 0.0 ], [ 112.309772897000016, -8.135242519999963, 0.0 ], [ 112.309697547000042, -8.135355543999935, 0.0 ], [ 112.309694375000049, -8.13536030299997, 0.0 ], [ 112.309670759000028, -8.13545295199998, 0.0 ], [ 112.309601576000091, -8.135724359999926, 0.0 ], [ 112.309530192000011, -8.135924234999948, 0.0 ], [ 112.309465947000035, -8.136189544999979, 0.0 ], [ 112.309028126000044, -8.137079463999953, 0.0 ], [ 112.308942465000086, -8.13739831099997, 0.0 ], [ 112.308894876000068, -8.137726676999932, 0.0 ], [ 112.30886156300005, -8.137955104999946, 0.0 ], [ 112.308823492000101, -8.138302505999945, 0.0 ], [ 112.308855968000103, -8.139094424999939, 0.0 ], [ 112.308671207000089, -8.139663557999938, 0.0 ], [ 112.308452296000041, -8.140145636999932, 0.0 ], [ 112.308162002000017, -8.140769055999954, 0.0 ], [ 112.306827124000051, -8.14315565499993, 0.0 ], [ 112.306615518000058, -8.143400558999929, 0.0 ], [ 112.306120424000028, -8.143476881999959, 0.0 ], [ 112.305891996000014, -8.14349115899995, 0.0 ], [ 112.30555292300005, -8.143651772999931, 0.0 ], [ 112.30536375600002, -8.143730294999955, 0.0 ], [ 112.305278095000062, -8.143758848999937, 0.0 ], [ 112.305088928000032, -8.14382309399997, 0.0 ], [ 112.304531539000095, -8.144128259999945, 0.0 ], [ 112.304397695000034, -8.144294821999949, 0.0 ], [ 112.3043471310001, -8.144366205999972, 0.0 ], [ 112.304260876000058, -8.144461383999953, 0.0 ], [ 112.303898008000033, -8.14480640599993, 0.0 ], [ 112.303579755000101, -8.145083018999969, 0.0 ], [ 112.30313955500003, -8.145499423999979, 0.0 ], [ 112.302922429000091, -8.145606499999928, 0.0 ], [ 112.302800481000077, -8.145636242999956, 0.0 ], [ 112.30265771400002, -8.145686806999947, 0.0 ], [ 112.302500074000022, -8.145784959999958, 0.0 ], [ 112.30241976800005, -8.145895009999947, 0.0 ], [ 112.302268077, -8.146070494999947, 0.0 ], [ 112.302165397000067, -8.14614278099998, 0.0 ], [ 112.301842947000068, -8.14636612299995, 0.0 ], [ 112.301777511000068, -8.146299398999929, 0.0 ], [ 112.300885214, -8.145442792999972, 0.0 ], [ 112.300778138000055, -8.14541424, 0.0 ], [ 112.300599678000026, -8.145435654999972, 0.0 ], [ 112.300471187000085, -8.145492761999947, 0.0 ], [ 112.300271313000053, -8.145599837999953, 0.0 ], [ 112.300128545, -8.14571405199996, 0.0 ], [ 112.299971501000073, -8.145885372999942, 0.0 ], [ 112.299714519000077, -8.146085247999963, 0.0 ], [ 112.299586028000022, -8.146235153999953, 0.0 ], [ 112.299402809000071, -8.145921064999925, 0.0 ], [ 112.299745452000025, -8.145635528999946, 0.0 ], [ 112.29955015400003, -8.145324412999969, 0.0 ], [ 112.300183273000016, -8.144849117999968, 0.0 ], [ 112.299713329000042, -8.143956819999971, 0.0 ], [ 112.298803185000111, -8.144777733999945, 0.0 ], [ 112.298368934000109, -8.144462454999939, 0.0 ], [ 112.299035183000115, -8.14366533599997, 0.0 ], [ 112.298172628000088, -8.143124007999972, 0.0 ], [ 112.29794657900004, -8.143605848999925, 0.0 ], [ 112.297583711000016, -8.143873538999969, 0.0 ], [ 112.297488533000092, -8.143790256999978, 0.0 ], [ 112.297339817000079, -8.143724821999967, 0.0 ], [ 112.297125665000067, -8.143802154999946, 0.0 ], [ 112.297012641000038, -8.143897332999927, 0.0 ], [ 112.296840130000078, -8.144087689999935, 0.0 ], [ 112.296364238000024, -8.144706349999979, 0.0 ], [ 112.29626311100003, -8.144694452999943, 0.0 ], [ 112.295283428000062, -8.144243609999933, 0.0 ], [ 112.294674820000068, -8.144016305999969, 0.0 ], [ 112.2947167210001, -8.143850565999969, 0.0 ], [ 112.295342656000116, -8.142368528999953, 0.0 ], [ 112.295266513000115, -8.142349493999973, 0.0 ], [ 112.291726792000077, -8.141396792999956, 0.0 ], [ 112.292049482000039, -8.140560138999945, 0.0 ], [ 112.289760000000115, -8.13961, 0.0 ], [ 112.290164949000086, -8.138694641999962, 0.0 ], [ 112.290399999000101, -8.138369998999963, 0.0 ], [ 112.290789999000026, -8.13817, 0.0 ], [ 112.291279999000039, -8.13781, 0.0 ], [ 112.291580001000057, -8.137449998999955, 0.0 ], [ 112.29181, -8.13699, 0.0 ], [ 112.29207000100007, -8.13637, 0.0 ], [ 112.292188285000066, -8.135938134999947, 0.0 ], [ 112.292325103000053, -8.135694239999964, 0.0 ], [ 112.292613714000026, -8.135266643999955, 0.0 ], [ 112.293027044000041, -8.134736506999957, 0.0 ], [ 112.293253093000089, -8.134385536999957, 0.0 ], [ 112.293342322000058, -8.13418328299997, 0.0 ], [ 112.293342322000058, -8.133832311999981, 0.0 ], [ 112.293306126000061, -8.13360884399998, 0.0 ], [ 112.2936, -8.13303, 0.0 ], [ 112.29370072100005, -8.132815421999965, 0.0 ], [ 112.293871753000076, -8.132303508999939, 0.0 ], [ 112.294121597000071, -8.13192279499998, 0.0 ], [ 112.294258416000048, -8.13182166799993, 0.0 ], [ 112.29452015600009, -8.131702694999944, 0.0 ], [ 112.294918716000097, -8.131625361999966, 0.0 ], [ 112.295545270000048, -8.131487765999964, 0.0 ], [ 112.29565, -8.13142, 0.0 ], [ 112.295750001000101, -8.131269998999926, 0.0 ], [ 112.295761347000052, -8.131179230999976, 0.0 ], [ 112.295833063000032, -8.130890167999951, 0.0 ], [ 112.29574, -8.13046, 0.0 ], [ 112.295810001000063, -8.13003, 0.0 ], [ 112.295760001000076, -8.129749998999955, 0.0 ], [ 112.29564, -8.12908, 0.0 ], [ 112.29577, -8.12909, 0.0 ], [ 112.29591, -8.12911, 0.0 ], [ 112.29605, -8.12913, 0.0 ], [ 112.29618, -8.12918, 0.0 ], [ 112.29636, -8.129259998999942, 0.0 ], [ 112.29657, -8.12931, 0.0 ], [ 112.29682, -8.12937, 0.0 ], [ 112.297129999000049, -8.12947, 0.0 ], [ 112.29747, -8.1296, 0.0 ], [ 112.297730000000115, -8.129729998999949, 0.0 ], [ 112.29802, -8.12981, 0.0 ], [ 112.29837, -8.1299, 0.0 ], [ 112.29876, -8.12999, 0.0 ], [ 112.29903, -8.130059998999968, 0.0 ], [ 112.29968, -8.13022, 0.0 ], [ 112.30035, -8.13038, 0.0 ], [ 112.301110000000108, -8.13059, 0.0 ], [ 112.301829999, -8.13075, 0.0 ], [ 112.302179999000032, -8.130839998999932, 0.0 ], [ 112.302326760000028, -8.130888919999961, 0.0 ], [ 112.302240310000116, -8.133248143999936, 0.0 ], [ 112.303457526000102, -8.133470126999953, 0.0 ], [ 112.303450000000112, -8.13358, 0.0 ], [ 112.3055, -8.13389, 0.0 ], [ 112.306200000000104, -8.13403, 0.0 ], [ 112.306529999000077, -8.1341, 0.0 ], [ 112.3075, -8.13434, 0.0 ], [ 112.307989999000029, -8.13446, 0.0 ], [ 112.308630000000107, -8.134739998999976, 0.0 ], [ 112.308990000000108, -8.13483, 0.0 ], [ 112.3094, -8.13495, 0.0 ], [ 112.30985, -8.13505, 0.0 ] ] ] ] } },
{ "type": "Feature", "properties": { "OBJECTID": 116265.0, "KDPPUM": "35", "NAMOBJ": "Selopuro", "REMARK": null, "KDPBPS": null, "FCODE": "BA03070040", "LUASWH": 8.13339616, "UUPP": "Hasil Delineasi Batas Desa 2019", "SRS_ID": "SRGI 2013", "METADATA": "TASWIL1000020200326DATA_BATAS_DESA_KELURAHAN", "KDEBPS": null, "KDEPUM": "35.05.22.2004", "KDCBPS": null, "KDCPUM": "35.05.22", "KDBBPS": null, "WADMKD": "Selopuro", "WIADKD": null, "WADMKC": "Selopuro", "WIADKC": null, "WADMKK": "Blitar", "WIADKK": null, "WADMPR": "Jawa Timur", "WIADPR": null, "TIPADM": 1.0, "KDPKAB": "35.05", "SHAPE_Leng": 0.14246107684176201, "SHAPE_Area": 0.00066752367242999997 }, "geometry": { "type": "MultiPolygon", "coordinates": [ [ [ [ 112.31133034700008, -8.13613948699998, 0.0 ], [ 112.312133415000062, -8.136329843999931, 0.0 ], [ 112.312198850000073, -8.136091896999972, 0.0 ], [ 112.314489082000023, -8.136770043999945, 0.0 ], [ 112.314863847000083, -8.13692470899997, 0.0 ], [ 112.314774617000012, -8.13723998699993, 0.0 ], [ 112.316011937000098, -8.137692084999969, 0.0 ], [ 112.316124961000014, -8.137692084999969, 0.0 ], [ 112.31613685800005, -8.13806090099996, 0.0 ], [ 112.317228626000087, -8.138285086999929, 0.0 ], [ 112.317273051000029, -8.138887763999946, 0.0 ], [ 112.317243308000116, -8.139280374999942, 0.0 ], [ 112.317856019000033, -8.139298220999933, 0.0 ], [ 112.317808430000014, -8.139928777999955, 0.0 ], [ 112.318278373000112, -8.140660462999961, 0.0 ], [ 112.318617447000065, -8.140702102999967, 0.0 ], [ 112.318813752000096, -8.140708051999979, 0.0 ], [ 112.3190457500001, -8.140612872999952, 0.0 ], [ 112.319164723000085, -8.140559335999967, 0.0 ], [ 112.319491898000024, -8.140559335999967, 0.0 ], [ 112.319664409000097, -8.140267851999965, 0.0 ], [ 112.319884510000065, -8.140327337999963, 0.0 ], [ 112.319783382000082, -8.140714, 0.0 ], [ 112.320294967000109, -8.140832973999977, 0.0 ], [ 112.320152199000063, -8.141517068999974, 0.0 ], [ 112.320919575000062, -8.14170147699997, 0.0 ], [ 112.321829719000107, -8.141909679999969, 0.0 ], [ 112.321799976000079, -8.142040549999933, 0.0 ], [ 112.322055768000041, -8.142088138999952, 0.0 ], [ 112.322049819000085, -8.142189265999946, 0.0 ], [ 112.3222818160001, -8.142260649999969, 0.0 ], [ 112.322436481000068, -8.142361776999962, 0.0 ], [ 112.322507865000034, -8.142403417999958, 0.0 ], [ 112.322603044000061, -8.142195214999958, 0.0 ], [ 112.322769606000065, -8.142224957999929, 0.0 ], [ 112.32306703900008, -8.142314187999943, 0.0 ], [ 112.323156268000048, -8.142034600999978, 0.0 ], [ 112.32341206000001, -8.142135727999971, 0.0 ], [ 112.323810620000017, -8.142171419999954, 0.0 ], [ 112.324098641000091, -8.142177329999981, 0.0 ], [ 112.324274615000036, -8.142183317999979, 0.0 ], [ 112.324304358000063, -8.142040549999933, 0.0 ], [ 112.32504287200004, -8.142174272999966, 0.0 ], [ 112.324946088000047, -8.142516975999968, 0.0 ], [ 112.32475407600009, -8.14258861899998, 0.0 ], [ 112.324706487000071, -8.142617172999962, 0.0 ], [ 112.32469221000008, -8.142736145999947, 0.0 ], [ 112.324725523000097, -8.142859877999967, 0.0 ], [ 112.324658898000052, -8.142959814999926, 0.0 ], [ 112.32453969900007, -8.143045324999946, 0.0 ], [ 112.324430470000038, -8.143083546999947, 0.0 ], [ 112.324325541, -8.143175653999947, 0.0 ], [ 112.32434, -8.1433, 0.0 ], [ 112.32442, -8.14362, 0.0 ], [ 112.32441, -8.143809998999927, 0.0 ], [ 112.32411, -8.14442, 0.0 ], [ 112.32396, -8.14468, 0.0 ], [ 112.32393, -8.14479, 0.0 ], [ 112.32402, -8.14514, 0.0 ], [ 112.32413, -8.14532, 0.0 ], [ 112.32435, -8.14564, 0.0 ], [ 112.32437, -8.14573, 0.0 ], [ 112.32428, -8.14584, 0.0 ], [ 112.32396, -8.14591, 0.0 ], [ 112.323760000000107, -8.14594, 0.0 ], [ 112.32366, -8.14599, 0.0 ], [ 112.32357, -8.14616, 0.0 ], [ 112.32357, -8.14639, 0.0 ], [ 112.32363, -8.14681, 0.0 ], [ 112.32362, -8.14696, 0.0 ], [ 112.32348, -8.14729, 0.0 ], [ 112.32339, -8.14772, 0.0 ], [ 112.323379999000053, -8.14822, 0.0 ], [ 112.323299999000028, -8.14897, 0.0 ], [ 112.323259999000015, -8.14918999899993, 0.0 ], [ 112.32317, -8.149329998999974, 0.0 ], [ 112.322230000000104, -8.14996999899995, 0.0 ], [ 112.322050000000104, -8.15037, 0.0 ], [ 112.321730000000116, -8.15154999899994, 0.0 ], [ 112.32168, -8.152039998999953, 0.0 ], [ 112.32163, -8.15257, 0.0 ], [ 112.3212, -8.15357999899993, 0.0 ], [ 112.320970000000102, -8.15409, 0.0 ], [ 112.32086, -8.15443, 0.0 ], [ 112.32093, -8.155, 0.0 ], [ 112.320290000000114, -8.15505, 0.0 ], [ 112.32, -8.15507, 0.0 ], [ 112.319840000000113, -8.155159998999977, 0.0 ], [ 112.3197, -8.15539, 0.0 ], [ 112.3196, -8.15574, 0.0 ], [ 112.31917, -8.15682, 0.0 ], [ 112.31865, -8.15739, 0.0 ], [ 112.31822000000011, -8.15775, 0.0 ], [ 112.31804000000011, -8.157909998999969, 0.0 ], [ 112.31793, -8.15807, 0.0 ], [ 112.31787999900007, -8.15827, 0.0 ], [ 112.31787999900007, -8.15849, 0.0 ], [ 112.31801, -8.15884, 0.0 ], [ 112.3181, -8.15907, 0.0 ], [ 112.31812, -8.15925, 0.0 ], [ 112.3181, -8.15932, 0.0 ], [ 112.31797, -8.15936, 0.0 ], [ 112.3177, -8.1593, 0.0 ], [ 112.31748, -8.15921, 0.0 ], [ 112.317389999000056, -8.15922, 0.0 ], [ 112.317230000000109, -8.15965, 0.0 ], [ 112.316999999000018, -8.16012, 0.0 ], [ 112.31692, -8.16028, 0.0 ], [ 112.31694, -8.16052, 0.0 ], [ 112.31692, -8.16078, 0.0 ], [ 112.31703, -8.16117, 0.0 ], [ 112.31713, -8.16128, 0.0 ], [ 112.31722, -8.161359998999956, 0.0 ], [ 112.31727, -8.16154, 0.0 ], [ 112.31722, -8.161769998999944, 0.0 ], [ 112.317059999000094, -8.16238, 0.0 ], [ 112.31695, -8.16276, 0.0 ], [ 112.31686, -8.16305, 0.0 ], [ 112.316870000000108, -8.1634, 0.0 ], [ 112.31701, -8.16394, 0.0 ], [ 112.317059999000094, -8.16434, 0.0 ], [ 112.317099999000106, -8.16459, 0.0 ], [ 112.317489999000031, -8.16505, 0.0 ], [ 112.31789, -8.165769998999963, 0.0 ], [ 112.318189999000083, -8.16619, 0.0 ], [ 112.318400000000111, -8.166409998999939, 0.0 ], [ 112.31846, -8.16646, 0.0 ], [ 112.31839, -8.166919998999958, 0.0 ], [ 112.31837, -8.16706, 0.0 ], [ 112.317779999000095, -8.16775, 0.0 ], [ 112.317509999000094, -8.168, 0.0 ], [ 112.31718, -8.16841, 0.0 ], [ 112.317019999000081, -8.16861, 0.0 ], [ 112.316689999, -8.16888999899993, 0.0 ], [ 112.31662, -8.16888999899993, 0.0 ], [ 112.31641, -8.168769998999949, 0.0 ], [ 112.31621, -8.16859, 0.0 ], [ 112.31598, -8.16828, 0.0 ], [ 112.31573, -8.16802, 0.0 ], [ 112.31504, -8.16730999899994, 0.0 ], [ 112.314800000000105, -8.1672, 0.0 ], [ 112.31465, -8.16711, 0.0 ], [ 112.31465, -8.16675803499993, 0.0 ], [ 112.31465, -8.16665, 0.0 ], [ 112.31458, -8.16631, 0.0 ], [ 112.31436, -8.16598, 0.0 ], [ 112.31393, -8.16583, 0.0 ], [ 112.31362, -8.16581, 0.0 ], [ 112.31332, -8.16592, 0.0 ], [ 112.31297, -8.16625, 0.0 ], [ 112.31265, -8.16666, 0.0 ], [ 112.312359999000023, -8.16703, 0.0 ], [ 112.312172486, -8.16725675899994, 0.0 ], [ 112.31201158500005, -8.167451336999932, 0.0 ], [ 112.311929999000085, -8.16755, 0.0 ], [ 112.31163, -8.1679, 0.0 ], [ 112.31135, -8.16812, 0.0 ], [ 112.31102, -8.16818, 0.0 ], [ 112.310839999000109, -8.168049998999948, 0.0 ], [ 112.31067, -8.16775, 0.0 ], [ 112.310409999000058, -8.167249998999978, 0.0 ], [ 112.310079999000095, -8.166859998999939, 0.0 ], [ 112.30975, -8.16648, 0.0 ], [ 112.30936, -8.16622, 0.0 ], [ 112.3087, -8.16598, 0.0 ], [ 112.30812, -8.1659, 0.0 ], [ 112.30749, -8.1659, 0.0 ], [ 112.30668, -8.16599, 0.0 ], [ 112.306159999000101, -8.166139998999938, 0.0 ], [ 112.30586, -8.16636, 0.0 ], [ 112.30568, -8.16668, 0.0 ], [ 112.30568, -8.166945394999971, 0.0 ], [ 112.30568, -8.16712, 0.0 ], [ 112.30572999900005, -8.16753, 0.0 ], [ 112.305709999000101, -8.16827, 0.0 ], [ 112.30554, -8.1687, 0.0 ], [ 112.305471534000048, -8.16876846599996, 0.0 ], [ 112.305210000000102, -8.16903, 0.0 ], [ 112.30478, -8.16935, 0.0 ], [ 112.304260000000113, -8.169549998999969, 0.0 ], [ 112.303779999000085, -8.169569998999975, 0.0 ], [ 112.30356, -8.16946, 0.0 ], [ 112.30321, -8.16905, 0.0 ], [ 112.30303, -8.168749998999942, 0.0 ], [ 112.30279, -8.16808, 0.0 ], [ 112.30264000000011, -8.16767, 0.0 ], [ 112.30231, -8.16704, 0.0 ], [ 112.302, -8.16665, 0.0 ], [ 112.30152, -8.166549998999926, 0.0 ], [ 112.30098, -8.166529998999977, 0.0 ], [ 112.3005, -8.16657, 0.0 ], [ 112.29996, -8.16650999899997, 0.0 ], [ 112.29965, -8.16644, 0.0 ], [ 112.29946, -8.16625, 0.0 ], [ 112.299350000000118, -8.16599, 0.0 ], [ 112.29932, -8.16562, 0.0 ], [ 112.29934, -8.16523, 0.0 ], [ 112.299389999000027, -8.16482, 0.0 ], [ 112.29934, -8.164519998999936, 0.0 ], [ 112.29921, -8.16426, 0.0 ], [ 112.29884, -8.16393, 0.0 ], [ 112.298319999000114, -8.163739998999972, 0.0 ], [ 112.29777, -8.163679998999953, 0.0 ], [ 112.29745, -8.163759998999979, 0.0 ], [ 112.29714, -8.16402, 0.0 ], [ 112.29686, -8.16447999899998, 0.0 ], [ 112.296650000000113, -8.16507, 0.0 ], [ 112.296389999000098, -8.16574, 0.0 ], [ 112.29621, -8.16609, 0.0 ], [ 112.29587, -8.16624, 0.0 ], [ 112.29545, -8.16624, 0.0 ], [ 112.29502, -8.16611, 0.0 ], [ 112.29449000000011, -8.16587, 0.0 ], [ 112.29388, -8.16568, 0.0 ], [ 112.293559999000081, -8.1656, 0.0 ], [ 112.29316, -8.16558, 0.0 ], [ 112.293090537000012, -8.165583754999943, 0.0 ], [ 112.29279, -8.1656, 0.0 ], [ 112.292079999000066, -8.165709998999944, 0.0 ], [ 112.291290000000117, -8.165709998999944, 0.0 ], [ 112.291219999000077, -8.165709998999944, 0.0 ], [ 112.290950357000042, -8.165700011999945, 0.0 ], [ 112.29068, -8.165689998999937, 0.0 ], [ 112.29018, -8.16561, 0.0 ], [ 112.28977, -8.16543, 0.0 ], [ 112.28951, -8.1652, 0.0 ], [ 112.28946, -8.164889998999968, 0.0 ], [ 112.28944, -8.164459998999973, 0.0 ], [ 112.2895, -8.16385, 0.0 ], [ 112.28952, -8.163329998999927, 0.0 ], [ 112.28943, -8.16286, 0.0 ], [ 112.28906, -8.162529998999958, 0.0 ], [ 112.28874, -8.16245, 0.0 ], [ 112.288039999000034, -8.16245, 0.0 ], [ 112.28752, -8.162629998999932, 0.0 ], [ 112.286869999000032, -8.16271, 0.0 ], [ 112.286559999000019, -8.162629998999932, 0.0 ], [ 112.286340000000109, -8.16239, 0.0 ], [ 112.286149999000031, -8.16204, 0.0 ], [ 112.285965347000115, -8.161760042999958, 0.0 ], [ 112.286651017000054, -8.161235522999959, 0.0 ], [ 112.287066596000045, -8.160894195999958, 0.0 ], [ 112.287153083000021, -8.160878751999974, 0.0 ], [ 112.287307748000103, -8.160854957999959, 0.0 ], [ 112.287474311000096, -8.160789521999959, 0.0 ], [ 112.287557592000098, -8.160706240999957, 0.0 ], [ 112.287628976000065, -8.160581319999949, 0.0 ], [ 112.287777289000019, -8.160405619999949, 0.0 ], [ 112.28784043600001, -8.160381726999958, 0.0 ], [ 112.289479007000068, -8.159802045999982, 0.0 ], [ 112.289699107000047, -8.159730661999959, 0.0 ], [ 112.289937053000017, -8.159629534999965, 0.0 ], [ 112.290121461000012, -8.15951056199998, 0.0 ], [ 112.290252331000033, -8.159379691999959, 0.0 ], [ 112.290424842000107, -8.159242872999926, 0.0 ], [ 112.290686583000024, -8.159010874999979, 0.0 ], [ 112.29096714100001, -8.15895328199997, 0.0 ], [ 112.291132732000051, -8.159034669999926, 0.0 ], [ 112.291305243000011, -8.159022772999947, 0.0 ], [ 112.29135283200003, -8.158951388999981, 0.0 ], [ 112.291346883000074, -8.158868107999979, 0.0 ], [ 112.291287397000019, -8.158778877999964, 0.0 ], [ 112.291275500000097, -8.158683698999937, 0.0 ], [ 112.291305243000011, -8.158582571999943, 0.0 ], [ 112.291470734000086, -8.158336446999954, 0.0 ], [ 112.291629999000065, -8.158259998999938, 0.0 ], [ 112.291834186000074, -8.158243443999936, 0.0 ], [ 112.292144003000089, -8.158291087999942, 0.0 ], [ 112.292500922000045, -8.158374369999933, 0.0 ], [ 112.292738868000015, -8.15840411299996, 0.0 ], [ 112.292845944000078, -8.15827324199995, 0.0 ], [ 112.292893533000097, -8.157821144999957, 0.0 ], [ 112.292798355000059, -8.157208433999926, 0.0 ], [ 112.292667484000049, -8.156714694999948, 0.0 ], [ 112.292483076000053, -8.156304237999962, 0.0 ], [ 112.292191592000108, -8.155947318999949, 0.0 ], [ 112.29213805400002, -8.155786705999958, 0.0 ], [ 112.292144429000018, -8.155593672999942, 0.0 ], [ 112.29226892500003, -8.155245377999961, 0.0 ], [ 112.292459281000106, -8.155108558999927, 0.0 ], [ 112.292774560000112, -8.154936047999968, 0.0 ], [ 112.293196914000077, -8.154852766999966, 0.0 ], [ 112.2938929070001, -8.15494199699998, 0.0 ], [ 112.294267672000046, -8.155156147999946, 0.0 ], [ 112.2948, -8.15556, 0.0 ], [ 112.29507, -8.15556, 0.0 ], [ 112.29567, -8.15535, 0.0 ], [ 112.295899999000085, -8.15524, 0.0 ], [ 112.29618, -8.15503, 0.0 ], [ 112.296650000000113, -8.15459, 0.0 ], [ 112.29699, -8.15419, 0.0 ], [ 112.2973, -8.15331, 0.0 ], [ 112.297459999000012, -8.15258, 0.0 ], [ 112.29747, -8.15221, 0.0 ], [ 112.297445442000026, -8.15169653099997, 0.0 ], [ 112.2972741210001, -8.151261089999934, 0.0 ], [ 112.297043932000065, -8.15074864199994, 0.0 ], [ 112.29704, -8.15067, 0.0 ], [ 112.297108125000022, -8.150338455999929, 0.0 ], [ 112.297027847000095, -8.150158803999943, 0.0 ], [ 112.297006431000113, -8.150055297999927, 0.0 ], [ 112.29708138400008, -8.149923237999928, 0.0 ], [ 112.297299204000069, -8.149690390999979, 0.0 ], [ 112.297330000000102, -8.149619998999981, 0.0 ], [ 112.29771, -8.14914, 0.0 ], [ 112.297813193000025, -8.14904196599997, 0.0 ], [ 112.298394847000054, -8.148406330999933, 0.0 ], [ 112.298498353000014, -8.148356362999948, 0.0 ], [ 112.298655398000051, -8.148292116999926, 0.0 ], [ 112.298762474000114, -8.148263563999933, 0.0 ], [ 112.298890965000055, -8.148217163999959, 0.0 ], [ 112.299040871000102, -8.148145779999936, 0.0 ], [ 112.299137239000061, -8.148095811999951, 0.0 ], [ 112.299365667000075, -8.147924490999969, 0.0 ], [ 112.299472743000024, -8.147838829999955, 0.0 ], [ 112.299689090000015, -8.147786892999932, 0.0 ], [ 112.299858215000086, -8.147763876999932, 0.0 ], [ 112.299993845000017, -8.147774584999979, 0.0 ], [ 112.300129474000073, -8.147721046999948, 0.0 ], [ 112.30020799600004, -8.147653231999925, 0.0 ], [ 112.300322210000104, -8.147571140999958, 0.0 ], [ 112.300397163000071, -8.147485479999943, 0.0 ], [ 112.300564915000109, -8.147410526999977, 0.0 ], [ 112.300654145000067, -8.147364127999936, 0.0 ], [ 112.300757652000016, -8.14729988199997, 0.0 ], [ 112.300857589000088, -8.147235636999937, 0.0 ], [ 112.301011064000022, -8.147132129999932, 0.0 ], [ 112.301132417000076, -8.147096437999949, 0.0 ], [ 112.301193093000052, -8.147064314999966, 0.0 ], [ 112.301207370000043, -8.147017915999982, 0.0 ], [ 112.301271615000019, -8.146925116999967, 0.0 ], [ 112.301278754, -8.146860871999934, 0.0 ], [ 112.301328722000108, -8.146760933999929, 0.0 ], [ 112.301506312000015, -8.14658818099997, 0.0 ], [ 112.301842947000068, -8.14636612299995, 0.0 ], [ 112.302165397000067, -8.14614278099998, 0.0 ], [ 112.302268077, -8.146070494999947, 0.0 ], [ 112.30241976800005, -8.145895009999947, 0.0 ], [ 112.302500074000022, -8.145784959999958, 0.0 ], [ 112.30265771400002, -8.145686806999947, 0.0 ], [ 112.302800481000077, -8.145636242999956, 0.0 ], [ 112.302922429000091, -8.145606499999928, 0.0 ], [ 112.30313955500003, -8.145499423999979, 0.0 ], [ 112.303579755000101, -8.145083018999969, 0.0 ], [ 112.303898008000033, -8.14480640599993, 0.0 ], [ 112.304260876000058, -8.144461383999953, 0.0 ], [ 112.3043471310001, -8.144366205999972, 0.0 ], [ 112.304397695000034, -8.144294821999949, 0.0 ], [ 112.304531539000095, -8.144128259999945, 0.0 ], [ 112.305088928000032, -8.14382309399997, 0.0 ], [ 112.305278095000062, -8.143758848999937, 0.0 ], [ 112.30536375600002, -8.143730294999955, 0.0 ], [ 112.30555292300005, -8.143651772999931, 0.0 ], [ 112.305891996000014, -8.14349115899995, 0.0 ], [ 112.306120424000028, -8.143476881999959, 0.0 ], [ 112.306615518000058, -8.143400558999929, 0.0 ], [ 112.306827124000051, -8.14315565499993, 0.0 ], [ 112.308162002000017, -8.140769055999954, 0.0 ], [ 112.308452296000041, -8.140145636999932, 0.0 ], [ 112.308671207000089, -8.139663557999938, 0.0 ], [ 112.308855968000103, -8.139094424999939, 0.0 ], [ 112.308823492000101, -8.138302505999945, 0.0 ], [ 112.30886156300005, -8.137955104999946, 0.0 ], [ 112.308894876000068, -8.137726676999932, 0.0 ], [ 112.308942465000086, -8.13739831099997, 0.0 ], [ 112.309028126000044, -8.137079463999953, 0.0 ], [ 112.309465947000035, -8.136189544999979, 0.0 ], [ 112.309530192000011, -8.135924234999948, 0.0 ], [ 112.309601576000091, -8.135724359999926, 0.0 ], [ 112.309670759000028, -8.13545295199998, 0.0 ], [ 112.309694375000049, -8.13536030299997, 0.0 ], [ 112.309697547000042, -8.135355543999935, 0.0 ], [ 112.309772897000016, -8.135242519999963, 0.0 ], [ 112.309795128000019, -8.135199860999933, 0.0 ], [ 112.309818266000093, -8.135155459999964, 0.0 ], [ 112.30981879300009, -8.13515444799998, 0.0 ], [ 112.309823096000059, -8.135146191999979, 0.0 ], [ 112.309841478000067, -8.135110916999963, 0.0 ], [ 112.309849144000054, -8.135096206999947, 0.0 ], [ 112.309848834000036, -8.135112932999959, 0.0 ], [ 112.309848753000097, -8.135117334999961, 0.0 ], [ 112.309848609000028, -8.135125117999962, 0.0 ], [ 112.309848087000091, -8.135153263999939, 0.0 ], [ 112.309847876000049, -8.135164678999956, 0.0 ], [ 112.309847277000017, -8.135197046999963, 0.0 ], [ 112.30984722900007, -8.135199653999962, 0.0 ], [ 112.309847061000028, -8.135208705999958, 0.0 ], [ 112.30984671300007, -8.135227481999948, 0.0 ], [ 112.309846539000091, -8.135236878999933, 0.0 ], [ 112.309845793000022, -8.13527718399996, 0.0 ], [ 112.309844483, -8.135347903999957, 0.0 ], [ 112.309844287000033, -8.135358492999956, 0.0 ], [ 112.309844061000035, -8.135370697999974, 0.0 ], [ 112.309842461000017, -8.135457121999934, 0.0 ], [ 112.309841604000098, -8.135503366999956, 0.0 ], [ 112.309841215, -8.135524364999981, 0.0 ], [ 112.309841141000106, -8.135528364999971, 0.0 ], [ 112.309840484, -8.135563863999948, 0.0 ], [ 112.309840392000069, -8.135568818999957, 0.0 ], [ 112.309840243000053, -8.135576855999943, 0.0 ], [ 112.309840118000011, -8.135583613999927, 0.0 ], [ 112.30984008300004, -8.135585508999952, 0.0 ], [ 112.309840065000117, -8.135586478999926, 0.0 ], [ 112.309840063000024, -8.135586690999958, 0.0 ], [ 112.309952774000067, -8.135603638999953, 0.0 ], [ 112.311419577000038, -8.135824207999974, 0.0 ], [ 112.31133034700008, -8.13613948699998, 0.0 ] ] ] ] } },
{ "type": "Feature", "properties": { "OBJECTID": 116264.0, "KDPPUM": "35", "NAMOBJ": "Mandesan", "REMARK": null, "KDPBPS": null, "FCODE": "BA03070040", "LUASWH": 4.06753382, "UUPP": "Hasil Delineasi Batas Desa 2019", "SRS_ID": "SRGI 2013", "METADATA": "TASWIL1000020200326DATA_BATAS_DESA_KELURAHAN", "KDEBPS": null, "KDEPUM": "35.05.22.2001", "KDCBPS": null, "KDCPUM": "35.05.22", "KDBBPS": null, "WADMKD": "Mandesan", "WIADKD": null, "WADMKC": "Selopuro", "WIADKC": null, "WADMKK": "Blitar", "WIADKK": null, "WADMPR": "Jawa Timur", "WIADPR": null, "TIPADM": 1.0, "KDPKAB": "35.05", "SHAPE_Leng": 0.091905709514296996, "SHAPE_Area": 0.00033383193206300001 }, "geometry": { "type": "MultiPolygon", "coordinates": [ [ [ [ 112.290399999000101, -8.138369998999963, 0.0 ], [ 112.290164949000086, -8.138694641999962, 0.0 ], [ 112.289760000000115, -8.13961, 0.0 ], [ 112.292049482000039, -8.140560138999945, 0.0 ], [ 112.291726792000077, -8.141396792999956, 0.0 ], [ 112.295266513000115, -8.142349493999973, 0.0 ], [ 112.295342656000116, -8.142368528999953, 0.0 ], [ 112.2947167210001, -8.143850565999969, 0.0 ], [ 112.294674820000068, -8.144016305999969, 0.0 ], [ 112.295283428000062, -8.144243609999933, 0.0 ], [ 112.29626311100003, -8.144694452999943, 0.0 ], [ 112.296364238000024, -8.144706349999979, 0.0 ], [ 112.296840130000078, -8.144087689999935, 0.0 ], [ 112.297012641000038, -8.143897332999927, 0.0 ], [ 112.297125665000067, -8.143802154999946, 0.0 ], [ 112.297339817000079, -8.143724821999967, 0.0 ], [ 112.297488533000092, -8.143790256999978, 0.0 ], [ 112.297583711000016, -8.143873538999969, 0.0 ], [ 112.29794657900004, -8.143605848999925, 0.0 ], [ 112.298172628000088, -8.143124007999972, 0.0 ], [ 112.299035183000115, -8.14366533599997, 0.0 ], [ 112.298368934000109, -8.144462454999939, 0.0 ], [ 112.298803185000111, -8.144777733999945, 0.0 ], [ 112.299713329000042, -8.143956819999971, 0.0 ], [ 112.300183273000016, -8.144849117999968, 0.0 ], [ 112.29955015400003, -8.145324412999969, 0.0 ], [ 112.299745452000025, -8.145635528999946, 0.0 ], [ 112.299402809000071, -8.145921064999925, 0.0 ], [ 112.299586028000022, -8.146235153999953, 0.0 ], [ 112.299714519000077, -8.146085247999963, 0.0 ], [ 112.299971501000073, -8.145885372999942, 0.0 ], [ 112.300128545, -8.14571405199996, 0.0 ], [ 112.300271313000053, -8.145599837999953, 0.0 ], [ 112.300471187000085, -8.145492761999947, 0.0 ], [ 112.300599678000026, -8.145435654999972, 0.0 ], [ 112.300778138000055, -8.14541424, 0.0 ], [ 112.300885214, -8.145442792999972, 0.0 ], [ 112.301777511000068, -8.146299398999929, 0.0 ], [ 112.301842947000068, -8.14636612299995, 0.0 ], [ 112.301506312000015, -8.14658818099997, 0.0 ], [ 112.301328722000108, -8.146760933999929, 0.0 ], [ 112.301278754, -8.146860871999934, 0.0 ], [ 112.301271615000019, -8.146925116999967, 0.0 ], [ 112.301207370000043, -8.147017915999982, 0.0 ], [ 112.301193093000052, -8.147064314999966, 0.0 ], [ 112.301132417000076, -8.147096437999949, 0.0 ], [ 112.301011064000022, -8.147132129999932, 0.0 ], [ 112.300857589000088, -8.147235636999937, 0.0 ], [ 112.300757652000016, -8.14729988199997, 0.0 ], [ 112.300654145000067, -8.147364127999936, 0.0 ], [ 112.300564915000109, -8.147410526999977, 0.0 ], [ 112.300397163000071, -8.147485479999943, 0.0 ], [ 112.300322210000104, -8.147571140999958, 0.0 ], [ 112.30020799600004, -8.147653231999925, 0.0 ], [ 112.300129474000073, -8.147721046999948, 0.0 ], [ 112.299993845000017, -8.147774584999979, 0.0 ], [ 112.299858215000086, -8.147763876999932, 0.0 ], [ 112.299689090000015, -8.147786892999932, 0.0 ], [ 112.299472743000024, -8.147838829999955, 0.0 ], [ 112.299365667000075, -8.147924490999969, 0.0 ], [ 112.299137239000061, -8.148095811999951, 0.0 ], [ 112.299040871000102, -8.148145779999936, 0.0 ], [ 112.298890965000055, -8.148217163999959, 0.0 ], [ 112.298762474000114, -8.148263563999933, 0.0 ], [ 112.298655398000051, -8.148292116999926, 0.0 ], [ 112.298498353000014, -8.148356362999948, 0.0 ], [ 112.298394847000054, -8.148406330999933, 0.0 ], [ 112.297813193000025, -8.14904196599997, 0.0 ], [ 112.29771, -8.14914, 0.0 ], [ 112.297330000000102, -8.149619998999981, 0.0 ], [ 112.297299204000069, -8.149690390999979, 0.0 ], [ 112.29708138400008, -8.149923237999928, 0.0 ], [ 112.297006431000113, -8.150055297999927, 0.0 ], [ 112.297027847000095, -8.150158803999943, 0.0 ], [ 112.297108125000022, -8.150338455999929, 0.0 ], [ 112.29704, -8.15067, 0.0 ], [ 112.297043932000065, -8.15074864199994, 0.0 ], [ 112.2972741210001, -8.151261089999934, 0.0 ], [ 112.297445442000026, -8.15169653099997, 0.0 ], [ 112.29747, -8.15221, 0.0 ], [ 112.297459999000012, -8.15258, 0.0 ], [ 112.2973, -8.15331, 0.0 ], [ 112.29699, -8.15419, 0.0 ], [ 112.296650000000113, -8.15459, 0.0 ], [ 112.29618, -8.15503, 0.0 ], [ 112.295899999000085, -8.15524, 0.0 ], [ 112.29567, -8.15535, 0.0 ], [ 112.29507, -8.15556, 0.0 ], [ 112.2948, -8.15556, 0.0 ], [ 112.294267672000046, -8.155156147999946, 0.0 ], [ 112.2938929070001, -8.15494199699998, 0.0 ], [ 112.293196914000077, -8.154852766999966, 0.0 ], [ 112.292774560000112, -8.154936047999968, 0.0 ], [ 112.292459281000106, -8.155108558999927, 0.0 ], [ 112.29226892500003, -8.155245377999961, 0.0 ], [ 112.292144429000018, -8.155593672999942, 0.0 ], [ 112.29213805400002, -8.155786705999958, 0.0 ], [ 112.292191592000108, -8.155947318999949, 0.0 ], [ 112.292483076000053, -8.156304237999962, 0.0 ], [ 112.292667484000049, -8.156714694999948, 0.0 ], [ 112.292798355000059, -8.157208433999926, 0.0 ], [ 112.292893533000097, -8.157821144999957, 0.0 ], [ 112.292845944000078, -8.15827324199995, 0.0 ], [ 112.292738868000015, -8.15840411299996, 0.0 ], [ 112.292500922000045, -8.158374369999933, 0.0 ], [ 112.292144003000089, -8.158291087999942, 0.0 ], [ 112.291834186000074, -8.158243443999936, 0.0 ], [ 112.291629999000065, -8.158259998999938, 0.0 ], [ 112.291470734000086, -8.158336446999954, 0.0 ], [ 112.291305243000011, -8.158582571999943, 0.0 ], [ 112.291275500000097, -8.158683698999937, 0.0 ], [ 112.291287397000019, -8.158778877999964, 0.0 ], [ 112.291346883000074, -8.158868107999979, 0.0 ], [ 112.29135283200003, -8.158951388999981, 0.0 ], [ 112.291305243000011, -8.159022772999947, 0.0 ], [ 112.291132732000051, -8.159034669999926, 0.0 ], [ 112.29096714100001, -8.15895328199997, 0.0 ], [ 112.290686583000024, -8.159010874999979, 0.0 ], [ 112.290424842000107, -8.159242872999926, 0.0 ], [ 112.290252331000033, -8.159379691999959, 0.0 ], [ 112.290121461000012, -8.15951056199998, 0.0 ], [ 112.289937053000017, -8.159629534999965, 0.0 ], [ 112.289699107000047, -8.159730661999959, 0.0 ], [ 112.289479007000068, -8.159802045999982, 0.0 ], [ 112.28784043600001, -8.160381726999958, 0.0 ], [ 112.287777289000019, -8.160405619999949, 0.0 ], [ 112.287628976000065, -8.160581319999949, 0.0 ], [ 112.287557592000098, -8.160706240999957, 0.0 ], [ 112.287474311000096, -8.160789521999959, 0.0 ], [ 112.287307748000103, -8.160854957999959, 0.0 ], [ 112.287153083000021, -8.160878751999974, 0.0 ], [ 112.287066596000045, -8.160894195999958, 0.0 ], [ 112.286651017000054, -8.161235522999959, 0.0 ], [ 112.285965347000115, -8.161760042999958, 0.0 ], [ 112.28584, -8.16157, 0.0 ], [ 112.28566, -8.16129, 0.0 ], [ 112.28547, -8.16109, 0.0 ], [ 112.28542, -8.161049998999943, 0.0 ], [ 112.28507, -8.16075, 0.0 ], [ 112.28438, -8.16034, 0.0 ], [ 112.28361, -8.15989, 0.0 ], [ 112.28298, -8.159449998999946, 0.0 ], [ 112.28263, -8.15924, 0.0 ], [ 112.282240000000115, -8.15891, 0.0 ], [ 112.28191, -8.15866, 0.0 ], [ 112.28156, -8.15835, 0.0 ], [ 112.281449999000074, -8.15794, 0.0 ], [ 112.281389999000112, -8.1576, 0.0 ], [ 112.281340000000114, -8.1571, 0.0 ], [ 112.281300000000101, -8.15649, 0.0 ], [ 112.28127, -8.15608, 0.0 ], [ 112.28127, -8.15575, 0.0 ], [ 112.281160000000114, -8.15554, 0.0 ], [ 112.280940000000101, -8.15524, 0.0 ], [ 112.28066, -8.15491, 0.0 ], [ 112.28021999900011, -8.15446, 0.0 ], [ 112.279810000000111, -8.15409, 0.0 ], [ 112.27926, -8.15357, 0.0 ], [ 112.27863, -8.15303, 0.0 ], [ 112.27795, -8.152429998999935, 0.0 ], [ 112.2773, -8.1518, 0.0 ], [ 112.276749999000117, -8.15109, 0.0 ], [ 112.27623, -8.15063, 0.0 ], [ 112.27616, -8.15062, 0.0 ], [ 112.276704239000082, -8.150011642999971, 0.0 ], [ 112.276780382000084, -8.149859356999968, 0.0 ], [ 112.27691363200006, -8.149745142999961, 0.0 ], [ 112.277018328000054, -8.149659482999937, 0.0 ], [ 112.277027845000021, -8.149516714999947, 0.0 ], [ 112.277103988000022, -8.14916455499997, 0.0 ], [ 112.277294346000076, -8.148622037999928, 0.0 ], [ 112.277484702000038, -8.147870127999965, 0.0 ], [ 112.27756084400005, -8.147755913999958, 0.0 ], [ 112.277579881000065, -8.147622663999925, 0.0 ], [ 112.277513255000031, -8.147479895999936, 0.0 ], [ 112.277389523000011, -8.147365681999929, 0.0 ], [ 112.277210013000058, -8.147119956999973, 0.0 ], [ 112.277199167000049, -8.146461486999954, 0.0 ], [ 112.277294346000076, -8.146252093999976, 0.0 ], [ 112.277475185000071, -8.146109326999976, 0.0 ], [ 112.27801136700009, -8.145930809999982, 0.0 ], [ 112.278089563000094, -8.145855177999977, 0.0 ], [ 112.278637552000077, -8.145570378999935, 0.0 ], [ 112.278839806000065, -8.145475199999964, 0.0 ], [ 112.279018265000104, -8.145356226999979, 0.0 ], [ 112.279119392000098, -8.145189664999975, 0.0 ], [ 112.279149135000011, -8.145064742999978, 0.0 ], [ 112.279306240000096, -8.144838866999976, 0.0 ], [ 112.27965000100005, -8.14462999899996, 0.0 ], [ 112.280273431000069, -8.144321161999926, 0.0 ], [ 112.280392404000054, -8.144243828999947, 0.0 ], [ 112.280511376000049, -8.144166496999958, 0.0 ], [ 112.280606556000066, -8.144112958999926, 0.0 ], [ 112.280808810000053, -8.144112958999926, 0.0 ], [ 112.280957526000066, -8.144118907999939, 0.0 ], [ 112.281314732000055, -8.144084412999973, 0.0 ], [ 112.281605929000079, -8.144017780999945, 0.0 ], [ 112.281814131000033, -8.143970190999937, 0.0 ], [ 112.281945001000054, -8.143904755999927, 0.0 ], [ 112.282046128000047, -8.143857166999965, 0.0 ], [ 112.282182947000024, -8.143750090999959, 0.0 ], [ 112.282331664000026, -8.143648963999965, 0.0 ], [ 112.282492278000063, -8.143464555999969, 0.0 ], [ 112.282765915000027, -8.143161174999932, 0.0 ], [ 112.282819453000116, -8.14304815, 0.0 ], [ 112.282867042000021, -8.142952971999932, 0.0 ], [ 112.282962221000048, -8.142816152999956, 0.0 ], [ 112.283063348000042, -8.142703127999937, 0.0 ], [ 112.283057400000075, -8.142572257999973, 0.0 ], [ 112.282930001000068, -8.14222, 0.0 ], [ 112.282643373000042, -8.14178108699997, 0.0 ], [ 112.282524400000057, -8.141614524999966, 0.0 ], [ 112.282607682000048, -8.141471756999977, 0.0 ], [ 112.283236187000057, -8.140993812999966, 0.0 ], [ 112.28335, -8.14088, 0.0 ], [ 112.283740001000069, -8.14048, 0.0 ], [ 112.28410000100007, -8.14012, 0.0 ], [ 112.28443, -8.13973, 0.0 ], [ 112.28466, -8.1393, 0.0 ], [ 112.28479, -8.13888, 0.0 ], [ 112.284820001000071, -8.13842, 0.0 ], [ 112.28488, -8.13809, 0.0 ], [ 112.285050001000059, -8.1377, 0.0 ], [ 112.28524, -8.1374, 0.0 ], [ 112.285540001000072, -8.13724, 0.0 ], [ 112.286, -8.137139998999942, 0.0 ], [ 112.286490001000061, -8.13717, 0.0 ], [ 112.2868800010001, -8.13737, 0.0 ], [ 112.28731, -8.13766, 0.0 ], [ 112.287970001000076, -8.13802, 0.0 ], [ 112.2884, -8.13828, 0.0 ], [ 112.288820000000101, -8.13828, 0.0 ], [ 112.289220001000103, -8.13824, 0.0 ], [ 112.289550001000066, -8.13824, 0.0 ], [ 112.28997, -8.13834, 0.0 ], [ 112.290399999000101, -8.138369998999963, 0.0 ] ] ] ] } },
{ "type": "Feature", "properties": { "OBJECTID": 116268.0, "KDPPUM": "35", "NAMOBJ": "Mronjo", "REMARK": null, "KDPBPS": null, "FCODE": "BA03070040", "LUASWH": 4.62722602, "UUPP": "Hasil Delineasi Batas Desa 2019", "SRS_ID": "SRGI 2013", "METADATA": "TASWIL1000020200326DATA_BATAS_DESA_KELURAHAN", "KDEBPS": null, "KDEPUM": "35.05.22.2008", "KDCBPS": null, "KDCPUM": "35.05.22", "KDBBPS": null, "WADMKD": "Mronjo", "WIADKD": null, "WADMKC": "Selopuro", "WIADKC": null, "WADMKK": "Blitar", "WIADKK": null, "WADMPR": "Jawa Timur", "WIADPR": null, "TIPADM": 1.0, "KDPKAB": "35.05", "SHAPE_Leng": 0.118206833181942, "SHAPE_Area": 0.00037975564465699999 }, "geometry": { "type": "MultiPolygon", "coordinates": [ [ [ [ 112.292185473000018, -8.118391875999976, 0.0 ], [ 112.292230063000034, -8.118436465999935, 0.0 ], [ 112.292295498000044, -8.118549489999964, 0.0 ], [ 112.292311799000117, -8.118577076999941, 0.0 ], [ 112.29237283100008, -8.118680360999974, 0.0 ], [ 112.292424424000046, -8.118778387999953, 0.0 ], [ 112.292432317000021, -8.118793384999947, 0.0 ], [ 112.292473958000073, -8.118888562999928, 0.0 ], [ 112.292695922, -8.118998977999979, 0.0 ], [ 112.292714397000054, -8.119016631999955, 0.0 ], [ 112.292829766000068, -8.11912687399996, 0.0 ], [ 112.292901150000034, -8.119272615999932, 0.0 ], [ 112.29290129900005, -8.119273315999976, 0.0 ], [ 112.292942791000087, -8.119468920999964, 0.0 ], [ 112.292898569000045, -8.119552941999927, 0.0 ], [ 112.292883304000043, -8.119581944999936, 0.0 ], [ 112.292797049000114, -8.119739584999934, 0.0 ], [ 112.292796146000114, -8.119739222999954, 0.0 ], [ 112.292732591000117, -8.119989701999941, 0.0 ], [ 112.292661207000037, -8.120328774999962, 0.0 ], [ 112.292553339000051, -8.120560772999966, 0.0 ], [ 112.292429606000042, -8.12078920099998, 0.0 ], [ 112.292324910000048, -8.120922450999956, 0.0 ], [ 112.292106000000103, -8.120998593999957, 0.0 ], [ 112.291906125000082, -8.121055700999932, 0.0 ], [ 112.291706251000051, -8.121122325999977, 0.0 ], [ 112.2915920370001, -8.121350753999934, 0.0 ], [ 112.291582518000041, -8.121693395999955, 0.0 ], [ 112.291573001000074, -8.122017002999939, 0.0 ], [ 112.291611071000034, -8.122321573999955, 0.0 ], [ 112.291753840000069, -8.122521448999976, 0.0 ], [ 112.291877572000089, -8.122645180999939, 0.0 ], [ 112.291887089000056, -8.12286409099994, 0.0 ], [ 112.291782394000052, -8.123092518999954, 0.0 ], [ 112.291687214000035, -8.123244804999956, 0.0 ], [ 112.291553965000048, -8.123425643999951, 0.0 ], [ 112.291449269000054, -8.123616000999959, 0.0 ], [ 112.291430556000023, -8.123771930999965, 0.0 ], [ 112.291420715000072, -8.12385394699993, 0.0 ], [ 112.291363608000097, -8.124129963999962, 0.0 ], [ 112.292129351000085, -8.124365440999952, 0.0 ], [ 112.292110138000112, -8.124478286999931, 0.0 ], [ 112.291880001000095, -8.125829998999961, 0.0 ], [ 112.292015135000042, -8.127080168999953, 0.0 ], [ 112.29224243200008, -8.127646408999965, 0.0 ], [ 112.293478504000063, -8.128555433999963, 0.0 ], [ 112.295179819000055, -8.129150299999935, 0.0 ], [ 112.29564, -8.12908, 0.0 ], [ 112.295760001000076, -8.129749998999955, 0.0 ], [ 112.295810001000063, -8.13003, 0.0 ], [ 112.29574, -8.13046, 0.0 ], [ 112.295833063000032, -8.130890167999951, 0.0 ], [ 112.295761347000052, -8.131179230999976, 0.0 ], [ 112.295750001000101, -8.131269998999926, 0.0 ], [ 112.29565, -8.13142, 0.0 ], [ 112.295545270000048, -8.131487765999964, 0.0 ], [ 112.294918716000097, -8.131625361999966, 0.0 ], [ 112.29452015600009, -8.131702694999944, 0.0 ], [ 112.294258416000048, -8.13182166799993, 0.0 ], [ 112.294121597000071, -8.13192279499998, 0.0 ], [ 112.293871753000076, -8.132303508999939, 0.0 ], [ 112.29370072100005, -8.132815421999965, 0.0 ], [ 112.2936, -8.13303, 0.0 ], [ 112.293306126000061, -8.13360884399998, 0.0 ], [ 112.293342322000058, -8.133832311999981, 0.0 ], [ 112.293342322000058, -8.13418328299997, 0.0 ], [ 112.293253093000089, -8.134385536999957, 0.0 ], [ 112.293027044000041, -8.134736506999957, 0.0 ], [ 112.292613714000026, -8.135266643999955, 0.0 ], [ 112.292325103000053, -8.135694239999964, 0.0 ], [ 112.292188285000066, -8.135938134999947, 0.0 ], [ 112.29207000100007, -8.13637, 0.0 ], [ 112.29181, -8.13699, 0.0 ], [ 112.291580001000057, -8.137449998999955, 0.0 ], [ 112.291279999000039, -8.13781, 0.0 ], [ 112.290789999000026, -8.13817, 0.0 ], [ 112.290399999000101, -8.138369998999963, 0.0 ], [ 112.28997, -8.13834, 0.0 ], [ 112.289550001000066, -8.13824, 0.0 ], [ 112.289220001000103, -8.13824, 0.0 ], [ 112.288820000000101, -8.13828, 0.0 ], [ 112.2884, -8.13828, 0.0 ], [ 112.287970001000076, -8.13802, 0.0 ], [ 112.28731, -8.13766, 0.0 ], [ 112.2868800010001, -8.13737, 0.0 ], [ 112.286490001000061, -8.13717, 0.0 ], [ 112.286, -8.137139998999942, 0.0 ], [ 112.285540001000072, -8.13724, 0.0 ], [ 112.28524, -8.1374, 0.0 ], [ 112.285050001000059, -8.1377, 0.0 ], [ 112.28488, -8.13809, 0.0 ], [ 112.284820001000071, -8.13842, 0.0 ], [ 112.28479, -8.13888, 0.0 ], [ 112.28466, -8.1393, 0.0 ], [ 112.28443, -8.13973, 0.0 ], [ 112.28410000100007, -8.14012, 0.0 ], [ 112.283740001000069, -8.14048, 0.0 ], [ 112.28335, -8.14088, 0.0 ], [ 112.283236187000057, -8.140993812999966, 0.0 ], [ 112.282607682000048, -8.141471756999977, 0.0 ], [ 112.282524400000057, -8.141614524999966, 0.0 ], [ 112.282643373000042, -8.14178108699997, 0.0 ], [ 112.282930001000068, -8.14222, 0.0 ], [ 112.283057400000075, -8.142572257999973, 0.0 ], [ 112.283063348000042, -8.142703127999937, 0.0 ], [ 112.282962221000048, -8.142816152999956, 0.0 ], [ 112.282867042000021, -8.142952971999932, 0.0 ], [ 112.282819453000116, -8.14304815, 0.0 ], [ 112.282765915000027, -8.143161174999932, 0.0 ], [ 112.282492278000063, -8.143464555999969, 0.0 ], [ 112.282331664000026, -8.143648963999965, 0.0 ], [ 112.282182947000024, -8.143750090999959, 0.0 ], [ 112.282046128000047, -8.143857166999965, 0.0 ], [ 112.281945001000054, -8.143904755999927, 0.0 ], [ 112.281814131000033, -8.143970190999937, 0.0 ], [ 112.281605929000079, -8.144017780999945, 0.0 ], [ 112.281314732000055, -8.144084412999973, 0.0 ], [ 112.280957526000066, -8.144118907999939, 0.0 ], [ 112.280808810000053, -8.144112958999926, 0.0 ], [ 112.280606556000066, -8.144112958999926, 0.0 ], [ 112.280511376000049, -8.144166496999958, 0.0 ], [ 112.280392404000054, -8.144243828999947, 0.0 ], [ 112.280273431000069, -8.144321161999926, 0.0 ], [ 112.27965000100005, -8.14462999899996, 0.0 ], [ 112.279306240000096, -8.144838866999976, 0.0 ], [ 112.279149135000011, -8.145064742999978, 0.0 ], [ 112.279119392000098, -8.145189664999975, 0.0 ], [ 112.279018265000104, -8.145356226999979, 0.0 ], [ 112.278839806000065, -8.145475199999964, 0.0 ], [ 112.278637552000077, -8.145570378999935, 0.0 ], [ 112.278089563000094, -8.145855177999977, 0.0 ], [ 112.27801136700009, -8.145930809999982, 0.0 ], [ 112.277475185000071, -8.146109326999976, 0.0 ], [ 112.277294346000076, -8.146252093999976, 0.0 ], [ 112.277199167000049, -8.146461486999954, 0.0 ], [ 112.277210013000058, -8.147119956999973, 0.0 ], [ 112.277389523000011, -8.147365681999929, 0.0 ], [ 112.277513255000031, -8.147479895999936, 0.0 ], [ 112.277579881000065, -8.147622663999925, 0.0 ], [ 112.27756084400005, -8.147755913999958, 0.0 ], [ 112.277484702000038, -8.147870127999965, 0.0 ], [ 112.277294346000076, -8.148622037999928, 0.0 ], [ 112.277103988000022, -8.14916455499997, 0.0 ], [ 112.277027845000021, -8.149516714999947, 0.0 ], [ 112.277018328000054, -8.149659482999937, 0.0 ], [ 112.27691363200006, -8.149745142999961, 0.0 ], [ 112.276780382000084, -8.149859356999968, 0.0 ], [ 112.276704239000082, -8.150011642999971, 0.0 ], [ 112.27616, -8.15062, 0.0 ], [ 112.275451464000071, -8.150157799999931, 0.0 ], [ 112.274937501000068, -8.150029308999933, 0.0 ], [ 112.274380707000091, -8.149929371999974, 0.0 ], [ 112.273466993000056, -8.150129245999949, 0.0 ], [ 112.272447327, -8.150736054999982, 0.0 ], [ 112.272049999000046, -8.15095, 0.0 ], [ 112.27168, -8.15134, 0.0 ], [ 112.27131, -8.15156, 0.0 ], [ 112.27079, -8.15171, 0.0 ], [ 112.27033, -8.15171, 0.0 ], [ 112.269640001000084, -8.151589998999953, 0.0 ], [ 112.26918, -8.15135, 0.0 ], [ 112.26863, -8.1509, 0.0 ], [ 112.26826, -8.15033, 0.0 ], [ 112.26811, -8.150009998999963, 0.0 ], [ 112.268020001000082, -8.14953, 0.0 ], [ 112.26795, -8.14904, 0.0 ], [ 112.26786, -8.148469998999929, 0.0 ], [ 112.2678, -8.148, 0.0 ], [ 112.267670001000056, -8.14754, 0.0 ], [ 112.267340001000093, -8.14709, 0.0 ], [ 112.266860001000055, -8.14671, 0.0 ], [ 112.266877538000017, -8.146673948999933, 0.0 ], [ 112.267031519000057, -8.146357432999935, 0.0 ], [ 112.267039999000076, -8.14634, 0.0 ], [ 112.267205699000101, -8.146166768999933, 0.0 ], [ 112.26726, -8.146109998999975, 0.0 ], [ 112.267193870000028, -8.146007775999976, 0.0 ], [ 112.267265254000108, -8.145893561999969, 0.0 ], [ 112.267520000000104, -8.14591, 0.0 ], [ 112.267643588000055, -8.145950668999944, 0.0 ], [ 112.267814909000094, -8.14590070099996, 0.0 ], [ 112.267900570000052, -8.145836454999937, 0.0 ], [ 112.268036199000107, -8.145686548999947, 0.0 ], [ 112.26803, -8.1456, 0.0 ], [ 112.268233591000012, -8.145325882999941, 0.0 ], [ 112.268421672000045, -8.145072647999939, 0.0 ], [ 112.268571578000092, -8.144901326999957, 0.0 ], [ 112.26885, -8.1448, 0.0 ], [ 112.270023315000117, -8.143931639999948, 0.0 ], [ 112.270380009000064, -8.143574197999953, 0.0 ], [ 112.270441834000053, -8.14337371299996, 0.0 ], [ 112.2705917400001, -8.143230944999971, 0.0 ], [ 112.270698816000049, -8.143059623999932, 0.0 ], [ 112.270905829000071, -8.142952547999926, 0.0 ], [ 112.271013974000084, -8.142884245999937, 0.0 ], [ 112.271041458000013, -8.142866887999958, 0.0 ], [ 112.271150139000042, -8.142897622999953, 0.0 ], [ 112.271355547000098, -8.142845472999966, 0.0 ], [ 112.271476900000039, -8.142795503999935, 0.0 ], [ 112.271619667000095, -8.142609905999961, 0.0 ], [ 112.271619667000095, -8.142495691999954, 0.0 ], [ 112.27163186700011, -8.14234842299993, 0.0 ], [ 112.271547360000113, -8.1420926399999, 0.0 ], [ 112.271415986000079, -8.141956505999929, 0.0 ], [ 112.271333672000083, -8.141928012999927, 0.0 ], [ 112.271292254000059, -8.141913675999945, 0.0 ], [ 112.271182798000041, -8.14182801499993, 0.0 ], [ 112.271163763000118, -8.141723318999937, 0.0 ], [ 112.271249423000086, -8.141637657999979, 0.0 ], [ 112.271363637000036, -8.141580550999947, 0.0 ], [ 112.271606342000041, -8.141523443999972, 0.0 ], [ 112.271982445000049, -8.141546409999933, 0.0 ], [ 112.272106029000042, -8.141556756999933, 0.0 ], [ 112.27220120800007, -8.141532961999928, 0.0 ], [ 112.272391565000021, -8.141475854999953, 0.0 ], [ 112.272605716000044, -8.141447300999971, 0.0 ], [ 112.272881734000066, -8.141375916999948, 0.0 ], [ 112.273014983000053, -8.141218872999957, 0.0 ], [ 112.273105403000045, -8.141161765999925, 0.0 ], [ 112.273329072000024, -8.141071345999933, 0.0 ], [ 112.273624125000083, -8.14104279299994, 0.0 ], [ 112.273762134000094, -8.141023756999971, 0.0 ], [ 112.273816371000066, -8.141022161999956, 0.0 ], [ 112.273923938000053, -8.141018997999936, 0.0 ], [ 112.274009200000023, -8.141085258999965, 0.0 ], [ 112.274176160000025, -8.141180801999951, 0.0 ], [ 112.274408516000108, -8.140875415999972, 0.0 ], [ 112.27452, -8.1408, 0.0 ], [ 112.274771026000053, -8.140581176999945, 0.0 ], [ 112.274900851000098, -8.140380156999981, 0.0 ], [ 112.274918552000031, -8.140352748999931, 0.0 ], [ 112.274970024000027, -8.140309855999931, 0.0 ], [ 112.275032766000095, -8.14025757099995, 0.0 ], [ 112.275166016000071, -8.140171909999935, 0.0 ], [ 112.275354794, -8.14005024599993, 0.0 ], [ 112.275494382000034, -8.139795954999954, 0.0 ], [ 112.275565766000113, -8.139515178999943, 0.0 ], [ 112.275646667000046, -8.139186812999981, 0.0 ], [ 112.275679980000064, -8.139025009999955, 0.0 ], [ 112.275675221000029, -8.138672849999978, 0.0 ], [ 112.275684739000098, -8.138568152999937, 0.0 ], [ 112.275684739000098, -8.138463456999943, 0.0 ], [ 112.275646667000046, -8.138258823999934, 0.0 ], [ 112.275584716000026, -8.138198839999973, 0.0 ], [ 112.275432516000023, -8.137997082999959, 0.0 ], [ 112.275422998000067, -8.137906662999967, 0.0 ], [ 112.275437275000058, -8.137759136999932, 0.0 ], [ 112.275443446000054, -8.137644982999973, 0.0 ], [ 112.275446793000015, -8.137583056999972, 0.0 ], [ 112.275446793000015, -8.137416493999979, 0.0 ], [ 112.275465828000051, -8.137121440999977, 0.0 ], [ 112.275465828000051, -8.136971436999943, 0.0 ], [ 112.275465828000051, -8.136921565999955, 0.0 ], [ 112.275489158000028, -8.136781588999952, 0.0 ], [ 112.275508659000025, -8.136664584999949, 0.0 ], [ 112.275544314000058, -8.136547409999935, 0.0 ], [ 112.27557528300008, -8.136340977999964, 0.0 ], [ 112.275537212000017, -8.136169656999925, 0.0 ], [ 112.275489623000112, -8.13598881799993, 0.0 ], [ 112.275380965000068, -8.135917766999967, 0.0 ], [ 112.275305557000024, -8.135868457999948, 0.0 ], [ 112.27514933100008, -8.135562453999967, 0.0 ], [ 112.275148594000029, -8.135558002999971, 0.0 ], [ 112.275099391000026, -8.135260702999972, 0.0 ], [ 112.275133434000054, -8.135117344999969, 0.0 ], [ 112.275170775000106, -8.134979925999971, 0.0 ], [ 112.27531926100005, -8.134918447999951, 0.0 ], [ 112.275407897000036, -8.134881748999931, 0.0 ], [ 112.275494430000094, -8.134899510999958, 0.0 ], [ 112.275584801000036, -8.134918059999961, 0.0 ], [ 112.275856060000024, -8.134946613999944, 0.0 ], [ 112.276029365000113, -8.134949946999939, 0.0 ], [ 112.276103524000064, -8.134951372999979, 0.0 ], [ 112.276488996000012, -8.135046550999959, 0.0 ], [ 112.276584175000039, -8.135070345999964, 0.0 ], [ 112.276650800000084, -8.135094139999978, 0.0 ], [ 112.276741219000087, -8.135132211999974, 0.0 ], [ 112.276852010000084, -8.135123411999928, 0.0 ], [ 112.276854053000079, -8.135123249999936, 0.0 ], [ 112.27689624300001, -8.135098368999934, 0.0 ], [ 112.276947738000104, -8.134989972999961, 0.0 ], [ 112.276988683000013, -8.13490378399996, 0.0 ], [ 112.27703228900009, -8.13486970799994, 0.0 ], [ 112.277199507000091, -8.134739034999939, 0.0 ], [ 112.277407468000092, -8.134494515999961, 0.0 ], [ 112.277445540000031, -8.134380301999954, 0.0 ], [ 112.277502647, -8.134218498999928, 0.0 ], [ 112.277529547000086, -8.134075030999952, 0.0 ], [ 112.277531200000112, -8.134066212999926, 0.0 ], [ 112.277540718000068, -8.133942480999963, 0.0 ], [ 112.27748, -8.1338, 0.0 ], [ 112.27752999900008, -8.13347, 0.0 ], [ 112.277467221000052, -8.133076417999973, 0.0 ], [ 112.277445196000031, -8.132938331999981, 0.0 ], [ 112.27733132600008, -8.132838410999966, 0.0 ], [ 112.277160004000052, -8.132752750999941, 0.0 ], [ 112.276988683000013, -8.132705161999979, 0.0 ], [ 112.276836398000114, -8.132705161999979, 0.0 ], [ 112.276579416000118, -8.132695643999966, 0.0 ], [ 112.276465202000054, -8.132657571999971, 0.0 ], [ 112.276227256000084, -8.132571911999946, 0.0 ], [ 112.276074970000082, -8.132505286999958, 0.0 ], [ 112.275970274000088, -8.132391072999951, 0.0 ], [ 112.275922685000069, -8.132181679999974, 0.0 ], [ 112.27587509600005, -8.132067465999967, 0.0 ], [ 112.275722810000048, -8.131943733999947, 0.0 ], [ 112.275561007000078, -8.1318295199999, 0.0 ], [ 112.275260000000117, -8.13171, 0.0 ], [ 112.27516, -8.13145, 0.0 ], [ 112.27524, -8.13126, 0.0 ], [ 112.275461069000016, -8.131013959999962, 0.0 ], [ 112.275538402000052, -8.130924729999947, 0.0 ], [ 112.27563358000009, -8.13078791099997, 0.0 ], [ 112.275603837000062, -8.130680834999964, 0.0 ], [ 112.275485335000099, -8.130421709999951, 0.0 ], [ 112.275410506000071, -8.130231711999954, 0.0 ], [ 112.275413480000111, -8.130181147999963, 0.0 ], [ 112.275425377000033, -8.130112738999969, 0.0 ], [ 112.27543696500004, -8.130026329999964, 0.0 ], [ 112.275487810000072, -8.129966641999943, 0.0 ], [ 112.275574094000035, -8.129883715999938, 0.0 ], [ 112.275891039000044, -8.129725261999965, 0.0 ], [ 112.276112364000028, -8.129490523999948, 0.0 ], [ 112.27616, -8.12944, 0.0 ], [ 112.276570000000106, -8.128849998999954, 0.0 ], [ 112.276789999000016, -8.12833, 0.0 ], [ 112.276783238, -8.128127138999957, 0.0 ], [ 112.27678, -8.12803, 0.0 ], [ 112.276689999000041, -8.12758, 0.0 ], [ 112.27658, -8.12697, 0.0 ], [ 112.2767, -8.12682, 0.0 ], [ 112.27694, -8.12666, 0.0 ], [ 112.27713, -8.126629998999931, 0.0 ], [ 112.27745, -8.12669, 0.0 ], [ 112.27778, -8.12671, 0.0 ], [ 112.27804, -8.12666, 0.0 ], [ 112.278399704000094, -8.126605531999928, 0.0 ], [ 112.27846394900007, -8.126591254999937, 0.0 ], [ 112.278556748000028, -8.126551993999954, 0.0 ], [ 112.278581732000021, -8.126530578999962, 0.0 ], [ 112.278642409000099, -8.12650845, 0.0 ], [ 112.2786531160001, -8.126441348999947, 0.0 ], [ 112.278663824000091, -8.126394949999963, 0.0 ], [ 112.2786531160001, -8.126352119999979, 0.0 ], [ 112.278613855000117, -8.126298581999947, 0.0 ], [ 112.278526114000101, -8.126144229999966, 0.0 ], [ 112.278496072000053, -8.126020184999959, 0.0 ], [ 112.278499641000053, -8.125988061999976, 0.0 ], [ 112.278546041000027, -8.125913108999953, 0.0 ], [ 112.278567456000019, -8.125870278999969, 0.0 ], [ 112.278620994000107, -8.125802463999946, 0.0 ], [ 112.278678101000082, -8.125756064999962, 0.0 ], [ 112.278742346000058, -8.12572751099998, 0.0 ], [ 112.278803022000034, -8.12569895799993, 0.0 ], [ 112.278877975000114, -8.125663265999947, 0.0 ], [ 112.278917236000098, -8.125663265999947, 0.0 ], [ 112.278938652000079, -8.125666834999947, 0.0 ], [ 112.279066102000115, -8.125696402999949, 0.0 ], [ 112.27918000000011, -8.12565, 0.0 ], [ 112.279218512000057, -8.125624325999979, 0.0 ], [ 112.27933, -8.12555, 0.0 ], [ 112.279327620000117, -8.125545238999962, 0.0 ], [ 112.279402646000108, -8.125334899999928, 0.0 ], [ 112.279381231000116, -8.125288500999943, 0.0 ], [ 112.279338401000018, -8.125224254999978, 0.0 ], [ 112.279292002000034, -8.125177855999937, 0.0 ], [ 112.27924917100006, -8.125120748999962, 0.0 ], [ 112.279202772000076, -8.125045795999938, 0.0 ], [ 112.279179913, -8.124903801999949, 0.0 ], [ 112.27925, -8.12477, 0.0 ], [ 112.279364493000116, -8.124655504999964, 0.0 ], [ 112.279439999000033, -8.124579998999934, 0.0 ], [ 112.279672668000103, -8.124416269999926, 0.0 ], [ 112.27971, -8.12439, 0.0 ], [ 112.28007, -8.12426, 0.0 ], [ 112.280115926, -8.12435538699998, 0.0 ], [ 112.280273848000093, -8.124434346999976, 0.0 ], [ 112.280894886000056, -8.124705605999964, 0.0 ], [ 112.281120638000061, -8.124790261999976, 0.0 ], [ 112.281135278000079, -8.124775621999959, 0.0 ], [ 112.281238499000096, -8.124672400999941, 0.0 ], [ 112.281275679000032, -8.124635219999959, 0.0 ], [ 112.282039486000031, -8.124835093999934, 0.0 ], [ 112.282114043000092, -8.124862100999962, 0.0 ], [ 112.282279147000054, -8.124893057999941, 0.0 ], [ 112.282399579000071, -8.124915638999937, 0.0 ], [ 112.282493567000074, -8.124953709999943, 0.0 ], [ 112.282536397000058, -8.124910879999959, 0.0 ], [ 112.282560191000016, -8.124853772999927, 0.0 ], [ 112.282583987000066, -8.124772870999948, 0.0 ], [ 112.282643472000018, -8.124707435999937, 0.0 ], [ 112.282669646000045, -8.124634862999926, 0.0 ], [ 112.282712477000018, -8.124544442999934, 0.0 ], [ 112.282736272000079, -8.124492094999937, 0.0 ], [ 112.282745789000046, -8.124463540999955, 0.0 ], [ 112.282826692000071, -8.124382639999965, 0.0 ], [ 112.282845132000034, -8.124324957999931, 0.0 ], [ 112.282834424000043, -8.124242865999975, 0.0 ], [ 112.282845924000071, -8.124202691999926, 0.0 ], [ 112.282930793000105, -8.124178620999942, 0.0 ], [ 112.283062852000057, -8.124196466999933, 0.0 ], [ 112.283598231000042, -8.123689641999931, 0.0 ], [ 112.283985965000056, -8.123829791999981, 0.0 ], [ 112.284664112000087, -8.124018958999955, 0.0 ], [ 112.284831863000022, -8.124029666999945, 0.0 ], [ 112.284899682000059, -8.12403567399997, 0.0 ], [ 112.285438130000102, -8.124083369999937, 0.0 ], [ 112.285452067000051, -8.12408460499995, 0.0 ], [ 112.285480135000057, -8.12406505499996, 0.0 ], [ 112.285655341000052, -8.123988663999967, 0.0 ], [ 112.285760036000056, -8.123836378999954, 0.0 ], [ 112.285741, -8.123741199999927, 0.0 ], [ 112.285503055000049, -8.123427110999955, 0.0 ], [ 112.285560161000035, -8.12324627199996, 0.0 ], [ 112.285789128000033, -8.123021508999955, 0.0 ], [ 112.285988465000059, -8.12276086199995, 0.0 ], [ 112.286279833000094, -8.122587861999932, 0.0 ], [ 112.286308744000053, -8.122582266999927, 0.0 ], [ 112.286316151000051, -8.122580832999972, 0.0 ], [ 112.286351843000034, -8.122587970999973, 0.0 ], [ 112.286353045000055, -8.122588595999957, 0.0 ], [ 112.286441073000105, -8.122634369999957, 0.0 ], [ 112.286508888000071, -8.122670061999941, 0.0 ], [ 112.28659811700004, -8.12266292399994, 0.0 ], [ 112.286621930000024, -8.122653764999939, 0.0 ], [ 112.286959286000069, -8.122599058999981, 0.0 ], [ 112.287014862000092, -8.122572478999928, 0.0 ], [ 112.287100913000017, -8.122531323999965, 0.0 ], [ 112.287178195000024, -8.12249436299993, 0.0 ], [ 112.287290263000045, -8.122300841999959, 0.0 ], [ 112.287268545000074, -8.121818099999928, 0.0 ], [ 112.287263857000084, -8.121713898999928, 0.0 ], [ 112.287272398000027, -8.12130383799996, 0.0 ], [ 112.287273374000051, -8.121257042999957, 0.0 ], [ 112.287236026000073, -8.120968852999965, 0.0 ], [ 112.287234799000089, -8.120967001999929, 0.0 ], [ 112.287137065000024, -8.120760544999939, 0.0 ], [ 112.287137065000024, -8.120674883999925, 0.0 ], [ 112.287165618000017, -8.12061777699995, 0.0 ], [ 112.28727626400007, -8.120524977999935, 0.0 ], [ 112.287429738000014, -8.120446455999968, 0.0 ], [ 112.287579645000051, -8.120342949999952, 0.0 ], [ 112.287715275000096, -8.120271565999928, 0.0 ], [ 112.287758992000022, -8.120247277999965, 0.0 ], [ 112.287815890000047, -8.120219597999949, 0.0 ], [ 112.287886639000021, -8.120176362999928, 0.0 ], [ 112.287908010000024, -8.120164489999979, 0.0 ], [ 112.288109648000045, -8.120084292999934, 0.0 ], [ 112.288253711000038, -8.120048276999967, 0.0 ], [ 112.288549780000039, -8.119954072999974, 0.0 ], [ 112.288672497000107, -8.119915026999934, 0.0 ], [ 112.288951461000011, -8.119867542999941, 0.0 ], [ 112.289119836000054, -8.119838883999932, 0.0 ], [ 112.289163836000057, -8.11979062599994, 0.0 ], [ 112.28941488800001, -8.119515276999948, 0.0 ], [ 112.289491031000011, -8.119391544999928, 0.0 ], [ 112.289643317000014, -8.119172634999927, 0.0 ], [ 112.289682117000098, -8.119101503999957, 0.0 ], [ 112.289714021, -8.118922410999971, 0.0 ], [ 112.28972115900001, -8.118883149999931, 0.0 ], [ 112.289739005000115, -8.118779643999972, 0.0 ], [ 112.289771129000087, -8.118701120999958, 0.0 ], [ 112.289799683000069, -8.118665429999965, 0.0 ], [ 112.28991389600003, -8.118636875999925, 0.0 ], [ 112.289997177000032, -8.118660075999969, 0.0 ], [ 112.290080458000034, -8.118657695999957, 0.0 ], [ 112.290197052000053, -8.118657695999957, 0.0 ], [ 112.290256539000097, -8.118662454999935, 0.0 ], [ 112.290318405000107, -8.118679110999949, 0.0 ], [ 112.290429117000031, -8.118759904999933, 0.0 ], [ 112.290465062000067, -8.118812470999956, 0.0 ], [ 112.290494572000057, -8.118866016999959, 0.0 ], [ 112.290509440000051, -8.118877581999925, 0.0 ], [ 112.290536218000057, -8.118915835999928, 0.0 ], [ 112.290576066000085, -8.118972759999963, 0.0 ], [ 112.290680763000069, -8.119029866999938, 0.0 ], [ 112.290766422000047, -8.118934688999957, 0.0 ], [ 112.290848580000102, -8.118853349999938, 0.0 ], [ 112.290856346000055, -8.118826741999953, 0.0 ], [ 112.290858542000024, -8.11882425899995, 0.0 ], [ 112.290903676000084, -8.118758434999961, 0.0 ], [ 112.290945475000058, -8.118670585999951, 0.0 ], [ 112.291254485000081, -8.118774051999935, 0.0 ], [ 112.291277191000063, -8.118723422999949, 0.0 ], [ 112.291347229000053, -8.118741456999942, 0.0 ], [ 112.29143578500009, -8.118454949999943, 0.0 ], [ 112.291465006000067, -8.118217535999975, 0.0 ], [ 112.291483374000109, -8.118068286999971, 0.0 ], [ 112.291578251000033, -8.118095800999981, 0.0 ], [ 112.292078239000034, -8.118240797999931, 0.0 ], [ 112.292149623000114, -8.117943365999963, 0.0 ], [ 112.292248115, -8.117955676999941, 0.0 ], [ 112.292387569000084, -8.117973108999934, 0.0 ], [ 112.292345928000032, -8.118121824999946, 0.0 ], [ 112.292292390000057, -8.118228900999952, 0.0 ], [ 112.292270527000028, -8.118258713999978, 0.0 ], [ 112.292226955000046, -8.118318130999967, 0.0 ], [ 112.292185473000018, -8.118391875999976, 0.0 ] ] ] ] } }
]
}
