{
"type": "FeatureCollection",
"name": "Selorejo",
"crs": { "type": "name", "properties": { "name": "urn:ogc:def:crs:OGC:1.3:CRS84" } },
"features": [
{ "type": "Feature", "properties": { "OBJECTID": 116255.0, "KDPPUM": "35", "NAMOBJ": "Pohgajih", "REMARK": null, "KDPBPS": null, "FCODE": "BA03070040", "LUASWH": 4.18535736, "UUPP": "Hasil Delineasi Batas Desa 2019", "SRS_ID": "SRGI 2013", "METADATA": "TASWIL1000020200326DATA_BATAS_DESA_KELURAHAN", "KDEBPS": null, "KDEPUM": "35.05.21.2002", "KDCBPS": null, "KDCPUM": "35.05.21", "KDBBPS": null, "WADMKD": "Pohgajih", "WIADKD": null, "WADMKC": "Selorejo", "WIADKC": null, "WADMKK": "Blitar", "WIADKK": null, "WADMPR": "Jawa Timur", "WIADPR": null, "TIPADM": 1.0, "KDPKAB": "35.05", "SHAPE_Leng": 0.097129397171884999, "SHAPE_Area": 0.00034346679213 }, "geometry": { "type": "MultiPolygon", "coordinates": [ [ [ [ 112.437465799000051, -8.153371232999973, 0.0 ], [ 112.436630185000013, -8.154365403999975, 0.0 ], [ 112.436355527000046, -8.154677274999926, 0.0 ], [ 112.435996966000062, -8.154986267999959, 0.0 ], [ 112.435974067000075, -8.155003409999949, 0.0 ], [ 112.435790979000103, -8.155143604999978, 0.0 ], [ 112.434417668000037, -8.155711054999927, 0.0 ], [ 112.434272711000062, -8.155792104999932, 0.0 ], [ 112.434104855000101, -8.15600285599993, 0.0 ], [ 112.434059083000079, -8.156130645999951, 0.0 ], [ 112.433944549000103, -8.156468910999934, 0.0 ], [ 112.433937384000046, -8.156490076999944, 0.0 ], [ 112.433937024000102, -8.156491140999947, 0.0 ], [ 112.433471636000036, -8.156708588999948, 0.0 ], [ 112.433059639000021, -8.156761033999942, 0.0 ], [ 112.432418780000035, -8.156781055999943, 0.0 ], [ 112.432105967000098, -8.156842108999967, 0.0 ], [ 112.431922855000039, -8.157040455999947, 0.0 ], [ 112.43183131, -8.157368525999971, 0.0 ], [ 112.431625324000038, -8.157928334999951, 0.0 ], [ 112.43140405500003, -8.158307906999937, 0.0 ], [ 112.43119045100002, -8.15860164299994, 0.0 ], [ 112.43080132800003, -8.158929687999944, 0.0 ], [ 112.430267294000032, -8.159164303999944, 0.0 ], [ 112.429359370000043, -8.159382671999936, 0.0 ], [ 112.429059590000065, -8.159392054999955, 0.0 ], [ 112.429054198000017, -8.159392222999941, 0.0 ], [ 112.428253124000094, -8.159170954999979, 0.0 ], [ 112.427818252000066, -8.159121386999971, 0.0 ], [ 112.427047668000114, -8.159244387999934, 0.0 ], [ 112.425880369000083, -8.159583896999948, 0.0 ], [ 112.425468395000053, -8.159705979999956, 0.0 ], [ 112.425270023000053, -8.159664027999952, 0.0 ], [ 112.425025882000114, -8.159543853999935, 0.0 ], [ 112.42438499900004, -8.159141407999925, 0.0 ], [ 112.423675493000019, -8.158498638999959, 0.0 ], [ 112.423217723000107, -8.158233507999967, 0.0 ], [ 112.422737078000068, -8.158054215999925, 0.0 ], [ 112.42247765500008, -8.158055181999941, 0.0 ], [ 112.422004651000066, -8.158082819999947, 0.0 ], [ 112.421417180000049, -8.158170568999935, 0.0 ], [ 112.420974668000099, -8.158379432999936, 0.0 ], [ 112.420600824000076, -8.158776149999937, 0.0 ], [ 112.420227007000108, -8.159268254999972, 0.0 ], [ 112.419967607000103, -8.159467568999958, 0.0 ], [ 112.419654794000053, -8.15961443599997, 0.0 ], [ 112.419174150000117, -8.159702184999958, 0.0 ], [ 112.418617195000024, -8.159686901999976, 0.0 ], [ 112.418090778000078, -8.159645892999947, 0.0 ], [ 112.417861893, -8.159655420999968, 0.0 ], [ 112.417655882000076, -8.15978512099997, 0.0 ], [ 112.417266806000043, -8.160122742999931, 0.0 ], [ 112.417039187000114, -8.160439499999939, 0.0 ], [ 112.41678, -8.16028, 0.0 ], [ 112.41673, -8.16024, 0.0 ], [ 112.416479999000103, -8.15997, 0.0 ], [ 112.41636, -8.159779998999966, 0.0 ], [ 112.41618, -8.15933, 0.0 ], [ 112.416020000000117, -8.1587, 0.0 ], [ 112.41582, -8.15879, 0.0 ], [ 112.415619999000114, -8.15889, 0.0 ], [ 112.41554, -8.15892, 0.0 ], [ 112.415480000000116, -8.15886, 0.0 ], [ 112.41532, -8.158729998999945, 0.0 ], [ 112.415229999000076, -8.15875, 0.0 ], [ 112.41433, -8.158979998999939, 0.0 ], [ 112.41419, -8.15899, 0.0 ], [ 112.41399, -8.158999998999946, 0.0 ], [ 112.413319999, -8.158979998999939, 0.0 ], [ 112.41298, -8.15892, 0.0 ], [ 112.41246, -8.15877, 0.0 ], [ 112.41227, -8.15858, 0.0 ], [ 112.41218999900002, -8.15843, 0.0 ], [ 112.41202, -8.1581, 0.0 ], [ 112.4119, -8.157909998999969, 0.0 ], [ 112.4119, -8.157809998999937, 0.0 ], [ 112.41194, -8.15766, 0.0 ], [ 112.4119, -8.157499998999981, 0.0 ], [ 112.41171999900007, -8.15728, 0.0 ], [ 112.41127, -8.157029998999974, 0.0 ], [ 112.41122, -8.15698, 0.0 ], [ 112.41108, -8.15682, 0.0 ], [ 112.41101, -8.156619998999929, 0.0 ], [ 112.410979999, -8.156329998999979, 0.0 ], [ 112.41097, -8.15593, 0.0 ], [ 112.41106, -8.155589998999972, 0.0 ], [ 112.4112, -8.15498, 0.0 ], [ 112.41113, -8.154789998999945, 0.0 ], [ 112.41095, -8.15433, 0.0 ], [ 112.41086, -8.154, 0.0 ], [ 112.410649999000043, -8.153499998999962, 0.0 ], [ 112.410800000000108, -8.15336, 0.0 ], [ 112.4106, -8.15326, 0.0 ], [ 112.41034, -8.15292, 0.0 ], [ 112.409450000000106, -8.15216, 0.0 ], [ 112.40924, -8.15197, 0.0 ], [ 112.40884, -8.15133, 0.0 ], [ 112.40869, -8.15109, 0.0 ], [ 112.40843, -8.15067, 0.0 ], [ 112.40834, -8.150379998999938, 0.0 ], [ 112.40838, -8.15017, 0.0 ], [ 112.408460000000105, -8.15, 0.0 ], [ 112.40888, -8.14984, 0.0 ], [ 112.40876, -8.14947, 0.0 ], [ 112.40851, -8.14915, 0.0 ], [ 112.40806, -8.14912, 0.0 ], [ 112.40655, -8.1491, 0.0 ], [ 112.405949999000086, -8.14903, 0.0 ], [ 112.40527, -8.14852, 0.0 ], [ 112.40495, -8.14831, 0.0 ], [ 112.404699999000059, -8.14811, 0.0 ], [ 112.40446, -8.14788, 0.0 ], [ 112.4042, -8.14759, 0.0 ], [ 112.40405, -8.14748, 0.0 ], [ 112.403959999000108, -8.14742, 0.0 ], [ 112.40381, -8.14735, 0.0 ], [ 112.40356, -8.14717, 0.0 ], [ 112.403370000000109, -8.14704, 0.0 ], [ 112.40311, -8.14686, 0.0 ], [ 112.40304, -8.14681, 0.0 ], [ 112.40295, -8.14676, 0.0 ], [ 112.40268, -8.14659, 0.0 ], [ 112.40227, -8.1464, 0.0 ], [ 112.40252, -8.1461, 0.0 ], [ 112.40299, -8.14584, 0.0 ], [ 112.403589999000019, -8.14548, 0.0 ], [ 112.403919999000095, -8.14564, 0.0 ], [ 112.404679999000109, -8.145819998999968, 0.0 ], [ 112.405, -8.14586, 0.0 ], [ 112.405559999000047, -8.1459, 0.0 ], [ 112.40588999900001, -8.145799998999962, 0.0 ], [ 112.40627, -8.14532, 0.0 ], [ 112.406880000000115, -8.14456, 0.0 ], [ 112.40766, -8.143709998999952, 0.0 ], [ 112.40833, -8.142969998999945, 0.0 ], [ 112.40888, -8.14248, 0.0 ], [ 112.40933, -8.142169998999975, 0.0 ], [ 112.409630000000107, -8.14206, 0.0 ], [ 112.409900000000107, -8.14206, 0.0 ], [ 112.41011, -8.14207, 0.0 ], [ 112.410350000000108, -8.142189998999982, 0.0 ], [ 112.410629999000093, -8.14234, 0.0 ], [ 112.41117, -8.14294, 0.0 ], [ 112.41157, -8.143459998999958, 0.0 ], [ 112.41235, -8.14448, 0.0 ], [ 112.41262, -8.14485, 0.0 ], [ 112.41277, -8.145019998999942, 0.0 ], [ 112.41288, -8.1451, 0.0 ], [ 112.41327999900011, -8.1454, 0.0 ], [ 112.413649999000086, -8.14559, 0.0 ], [ 112.413910000000101, -8.14563, 0.0 ], [ 112.414360000000102, -8.14566, 0.0 ], [ 112.414899999000113, -8.14563, 0.0 ], [ 112.41519, -8.14556, 0.0 ], [ 112.415480000000116, -8.145389998999974, 0.0 ], [ 112.41588, -8.14495, 0.0 ], [ 112.416889999000091, -8.143359998999927, 0.0 ], [ 112.41744, -8.14246, 0.0 ], [ 112.41781, -8.141839998999956, 0.0 ], [ 112.41826, -8.1415, 0.0 ], [ 112.41863, -8.14134, 0.0 ], [ 112.41945, -8.14127, 0.0 ], [ 112.42061, -8.1413, 0.0 ], [ 112.421139999000047, -8.1414, 0.0 ], [ 112.42195, -8.14164, 0.0 ], [ 112.42322, -8.14161, 0.0 ], [ 112.42338, -8.14212, 0.0 ], [ 112.423479999000051, -8.14244, 0.0 ], [ 112.423590000000104, -8.142619998999976, 0.0 ], [ 112.42407, -8.14311, 0.0 ], [ 112.42446, -8.14333, 0.0 ], [ 112.42454, -8.14337, 0.0 ], [ 112.42491, -8.14374, 0.0 ], [ 112.42513, -8.144, 0.0 ], [ 112.42527, -8.14425, 0.0 ], [ 112.42534, -8.14462, 0.0 ], [ 112.42533, -8.14495, 0.0 ], [ 112.42524, -8.14528, 0.0 ], [ 112.425059999000041, -8.145679998999981, 0.0 ], [ 112.42495, -8.1461, 0.0 ], [ 112.425039999000091, -8.14626, 0.0 ], [ 112.42516, -8.14643, 0.0 ], [ 112.42528, -8.14758, 0.0 ], [ 112.42527, -8.14782, 0.0 ], [ 112.42631, -8.14861, 0.0 ], [ 112.42732, -8.14903, 0.0 ], [ 112.42819, -8.14951, 0.0 ], [ 112.42968, -8.15061, 0.0 ], [ 112.43063, -8.151159998999958, 0.0 ], [ 112.432460000000106, -8.15246, 0.0 ], [ 112.43311, -8.15289, 0.0 ], [ 112.43397, -8.15328, 0.0 ], [ 112.43499, -8.153499998999962, 0.0 ], [ 112.43562, -8.15374, 0.0 ], [ 112.436039999000059, -8.15379, 0.0 ], [ 112.437465799000051, -8.153371232999973, 0.0 ] ] ] ] } },
{ "type": "Feature", "properties": { "OBJECTID": 116256.0, "KDPPUM": "35", "NAMOBJ": "Ngreco", "REMARK": null, "KDPBPS": null, "FCODE": "BA03070040", "LUASWH": 2.45685097, "UUPP": "Hasil Delineasi Batas Desa 2019", "SRS_ID": "SRGI 2013", "METADATA": "TASWIL1000020200326DATA_BATAS_DESA_KELURAHAN", "KDEBPS": null, "KDEPUM": "35.05.21.2010", "KDCBPS": null, "KDCPUM": "35.05.21", "KDBBPS": null, "WADMKD": "Ngreco", "WIADKD": null, "WADMKC": "Selorejo", "WIADKC": null, "WADMKK": "Blitar", "WIADKK": null, "WADMPR": "Jawa Timur", "WIADPR": null, "TIPADM": 1.0, "KDPKAB": "35.05", "SHAPE_Leng": 0.076579588229996998, "SHAPE_Area": 0.00020160831278100001 }, "geometry": { "type": "MultiPolygon", "coordinates": [ [ [ [ 112.454179, -8.133276998999975, 0.0 ], [ 112.454009, -8.133634, 0.0 ], [ 112.453971, -8.134161, 0.0 ], [ 112.453989, -8.13544, 0.0 ], [ 112.454113, -8.136863, 0.0 ], [ 112.454062, -8.137522, 0.0 ], [ 112.454045, -8.138556, 0.0 ], [ 112.453989, -8.139841, 0.0 ], [ 112.453991, -8.140349, 0.0 ], [ 112.454055, -8.141424, 0.0 ], [ 112.453998, -8.142321, 0.0 ], [ 112.45397, -8.142859, 0.0 ], [ 112.453645, -8.144145, 0.0 ], [ 112.453465, -8.144325, 0.0 ], [ 112.453106, -8.144595, 0.0 ], [ 112.453031483000018, -8.144625928999972, 0.0 ], [ 112.453030184000113, -8.144626467999956, 0.0 ], [ 112.45244622000007, -8.144868843999973, 0.0 ], [ 112.452176, -8.144980998999927, 0.0 ], [ 112.451493449000054, -8.14504756499997, 0.0 ], [ 112.451491563000104, -8.145047749999947, 0.0 ], [ 112.451385466000033, -8.144865846999949, 0.0 ], [ 112.451255742000058, -8.144859173999976, 0.0 ], [ 112.450668295000014, -8.145342695999943, 0.0 ], [ 112.450462285000071, -8.145551535999971, 0.0 ], [ 112.450241041000027, -8.145753726999942, 0.0 ], [ 112.45016475400007, -8.145854821999933, 0.0 ], [ 112.450088851000032, -8.145918671999937, 0.0 ], [ 112.449882456000068, -8.146092290999945, 0.0 ], [ 112.449806144000036, -8.14621626, 0.0 ], [ 112.44965357, -8.146371711999961, 0.0 ], [ 112.449401, -8.146217, 0.0 ], [ 112.449214, -8.146155, 0.0 ], [ 112.44892, -8.146234, 0.0 ], [ 112.448683931, -8.146437382999977, 0.0 ], [ 112.448595, -8.146514, 0.0 ], [ 112.448509789000013, -8.146599209999977, 0.0 ], [ 112.448456, -8.146653, 0.0 ], [ 112.448455800000033, -8.146653940999954, 0.0 ], [ 112.448450788000059, -8.14667758, 0.0 ], [ 112.44841, -8.146869998999932, 0.0 ], [ 112.448400917000072, -8.146954161999929, 0.0 ], [ 112.448395, -8.147008998999979, 0.0 ], [ 112.448411, -8.147195, 0.0 ], [ 112.448516785000038, -8.147380705999979, 0.0 ], [ 112.448509840000042, -8.14738237499995, 0.0 ], [ 112.448318439000104, -8.147428364999939, 0.0 ], [ 112.448181099000067, -8.147537076999981, 0.0 ], [ 112.447975112000108, -8.147662037999964, 0.0 ], [ 112.447769125000036, -8.147835599999951, 0.0 ], [ 112.447415373000013, -8.148043508999933, 0.0 ], [ 112.447410540000078, -8.148046348999969, 0.0 ], [ 112.447021440000071, -8.148171286999968, 0.0 ], [ 112.446525514000086, -8.14827332599998, 0.0 ], [ 112.445091197000011, -8.148503177999942, 0.0 ], [ 112.444908084000076, -8.148556565999968, 0.0 ], [ 112.444526625000094, -8.148956160999944, 0.0 ], [ 112.44438930900003, -8.149103028999946, 0.0 ], [ 112.444168040000022, -8.149191719999976, 0.0 ], [ 112.444045957000071, -8.149124958999948, 0.0 ], [ 112.443832329000088, -8.148784507999949, 0.0 ], [ 112.443717911000022, -8.14858899099994, 0.0 ], [ 112.443458487000044, -8.148418282999955, 0.0 ], [ 112.442703184000038, -8.14831148199994, 0.0 ], [ 112.442184384000029, -8.148371567999959, 0.0 ], [ 112.441589298000054, -8.14853175899998, 0.0 ], [ 112.441001828000026, -8.148692939999933, 0.0 ], [ 112.440338095000016, -8.148786419999965, 0.0 ], [ 112.440170238000064, -8.148824550999962, 0.0 ], [ 112.439979486000084, -8.14915549899996, 0.0 ], [ 112.439977739000028, -8.149157472999946, 0.0 ], [ 112.43981, -8.14897, 0.0 ], [ 112.439739264000082, -8.14835820199994, 0.0 ], [ 112.439739264000082, -8.148096461999955, 0.0 ], [ 112.43971547000001, -8.147906104999947, 0.0 ], [ 112.439679778000027, -8.147715747999939, 0.0 ], [ 112.439601541000116, -8.147611431999962, 0.0 ], [ 112.439429934000032, -8.147506354999962, 0.0 ], [ 112.439272890000098, -8.147199404999981, 0.0 ], [ 112.43934, -8.14698, 0.0 ], [ 112.439379966000047, -8.146649748999948, 0.0 ], [ 112.439351412000065, -8.146499842999958, 0.0 ], [ 112.439308582000081, -8.146364213999959, 0.0 ], [ 112.43922292100001, -8.146200030999978, 0.0 ], [ 112.43909, -8.14603, 0.0 ], [ 112.439037323000093, -8.145800281999925, 0.0 ], [ 112.439015908000101, -8.145578991999969, 0.0 ], [ 112.439130122000051, -8.145521884999937, 0.0 ], [ 112.439444211000023, -8.145614683999952, 0.0 ], [ 112.439651224000045, -8.145750312999951, 0.0 ], [ 112.439829684000074, -8.145850249999967, 0.0 ], [ 112.439972451000017, -8.145914495999932, 0.0 ], [ 112.440315094000084, -8.145900218999941, 0.0 ], [ 112.440547366000033, -8.145784827999933, 0.0 ], [ 112.44055, -8.145779998999956, 0.0 ], [ 112.44063, -8.14542999899993, 0.0 ], [ 112.44062, -8.14523, 0.0 ], [ 112.440520000000106, -8.14501, 0.0 ], [ 112.44042, -8.14469, 0.0 ], [ 112.4405, -8.1446, 0.0 ], [ 112.44096, -8.14421, 0.0 ], [ 112.441322487000093, -8.143779545999962, 0.0 ], [ 112.441733253000052, -8.143441045999964, 0.0 ], [ 112.441780842000071, -8.143137664999927, 0.0 ], [ 112.441588610000053, -8.14271165699995, 0.0 ], [ 112.44157, -8.14259999899997, 0.0 ], [ 112.441533365000055, -8.142521092999971, 0.0 ], [ 112.441517911, -8.142367908999972, 0.0 ], [ 112.441475081000021, -8.142235848999974, 0.0 ], [ 112.441432251000037, -8.14215732699995, 0.0 ], [ 112.44134659000008, -8.14201099, 0.0 ], [ 112.441260930000112, -8.141875360999961, 0.0 ], [ 112.441196684000033, -8.141796838999937, 0.0 ], [ 112.441139577000058, -8.141754007999964, 0.0 ], [ 112.441086039000083, -8.141718315999981, 0.0 ], [ 112.441032501000109, -8.141618378999965, 0.0 ], [ 112.440999094000063, -8.141499415999931, 0.0 ], [ 112.441036070000109, -8.141304289999937, 0.0 ], [ 112.441153854000049, -8.141179367999939, 0.0 ], [ 112.441264499000113, -8.14107586199998, 0.0 ], [ 112.44146080400003, -8.140986631999965, 0.0 ], [ 112.441617849000068, -8.140965216999973, 0.0 ], [ 112.441924799000049, -8.140986631999965, 0.0 ], [ 112.442113966000079, -8.140904540999941, 0.0 ], [ 112.442349533000083, -8.140676111999937, 0.0 ], [ 112.442467316000034, -8.140526205999947, 0.0 ], [ 112.442617222000081, -8.140419130999931, 0.0 ], [ 112.442742144000022, -8.140358453999966, 0.0 ], [ 112.442824235000103, -8.140347746999964, 0.0 ], [ 112.442931311000052, -8.140372730999957, 0.0 ], [ 112.443054453000059, -8.140405256999941, 0.0 ], [ 112.4430884410001, -8.140381107999929, 0.0 ], [ 112.443077410000114, -8.140113369999938, 0.0 ], [ 112.443067892000045, -8.140041985999972, 0.0 ], [ 112.443067892000045, -8.139932530999943, 0.0 ], [ 112.443091687000106, -8.139832592999937, 0.0 ], [ 112.443096446000027, -8.139689825999938, 0.0 ], [ 112.443044098000087, -8.13960416499998, 0.0 ], [ 112.44294891900006, -8.139589887999932, 0.0 ], [ 112.4428489820001, -8.139608923999958, 0.0 ], [ 112.44272525000008, -8.139680307999981, 0.0 ], [ 112.442589006000048, -8.13973312, 0.0 ], [ 112.442430197000022, -8.139685066999959, 0.0 ], [ 112.442344536000064, -8.139613682999936, 0.0 ], [ 112.442306465000115, -8.139523263999934, 0.0 ], [ 112.442306465000115, -8.139413807999972, 0.0 ], [ 112.442315983000071, -8.139290075999952, 0.0 ], [ 112.44235405400002, -8.139142549999974, 0.0 ], [ 112.442406402000074, -8.138923638999927, 0.0 ], [ 112.442430197000022, -8.138828460999946, 0.0 ], [ 112.442486079000105, -8.138722744999939, 0.0 ], [ 112.44244, -8.13852, 0.0 ], [ 112.442319999, -8.13841, 0.0 ], [ 112.442013174000067, -8.138172456999939, 0.0 ], [ 112.442009870000106, -8.138168044999929, 0.0 ], [ 112.442, -8.13802, 0.0 ], [ 112.44194999900003, -8.13752, 0.0 ], [ 112.441948816000036, -8.137518520999947, 0.0 ], [ 112.441922896000051, -8.137346294999929, 0.0 ], [ 112.441876496000077, -8.137274910999963, 0.0 ], [ 112.441837235000094, -8.137164265999957, 0.0 ], [ 112.44179440500011, -8.137153557999966, 0.0 ], [ 112.441690898000047, -8.137174972999958, 0.0 ], [ 112.441619514000081, -8.137253495999971, 0.0 ], [ 112.441494593000016, -8.137335586999939, 0.0 ], [ 112.441455331000043, -8.137414108999963, 0.0 ], [ 112.441436697000086, -8.137514066999927, 0.0 ], [ 112.44123, -8.13756, 0.0 ], [ 112.441149999000118, -8.1375, 0.0 ], [ 112.44114, -8.13742, 0.0 ], [ 112.4412, -8.13727, 0.0 ], [ 112.44128, -8.13699, 0.0 ], [ 112.441277230000082, -8.136986834999959, 0.0 ], [ 112.441335169000013, -8.136838279999949, 0.0 ], [ 112.441329220000057, -8.136743100999979, 0.0 ], [ 112.441222144000108, -8.13669551199996, 0.0 ], [ 112.441156709000097, -8.136671716999956, 0.0 ], [ 112.440990147000093, -8.136618179999971, 0.0 ], [ 112.440894968000066, -8.136594384999967, 0.0 ], [ 112.44055, -8.13656, 0.0 ], [ 112.440520000000106, -8.13644, 0.0 ], [ 112.44055, -8.13619, 0.0 ], [ 112.440639999000041, -8.135989998999946, 0.0 ], [ 112.440790000000106, -8.13584, 0.0 ], [ 112.44092, -8.1358, 0.0 ], [ 112.44141, -8.1357, 0.0 ], [ 112.44158, -8.13555, 0.0 ], [ 112.44176, -8.13532, 0.0 ], [ 112.44186, -8.13507, 0.0 ], [ 112.442012111000054, -8.134389975999966, 0.0 ], [ 112.44190148000007, -8.134113399999933, 0.0 ], [ 112.441899899000077, -8.13407069699997, 0.0 ], [ 112.441814630000067, -8.133914119999929, 0.0 ], [ 112.44178488700004, -8.133765403999973, 0.0 ], [ 112.441838425000014, -8.133688071999927, 0.0 ], [ 112.442164649, -8.133531962999939, 0.0 ], [ 112.442171549000022, -8.133378741999934, 0.0 ], [ 112.442054905000077, -8.133128925999927, 0.0 ], [ 112.44202283300001, -8.133071195999946, 0.0 ], [ 112.441865789000076, -8.132949843999938, 0.0 ], [ 112.44172302100003, -8.132907013999954, 0.0 ], [ 112.441587392000088, -8.13285704499998, 0.0 ], [ 112.440943320000088, -8.132758736999961, 0.0 ], [ 112.44028, -8.132439998999928, 0.0 ], [ 112.4401, -8.13229, 0.0 ], [ 112.43991999900004, -8.13215, 0.0 ], [ 112.439710000000105, -8.131969998999978, 0.0 ], [ 112.4395, -8.13193, 0.0 ], [ 112.43878, -8.13181, 0.0 ], [ 112.43868, -8.13173, 0.0 ], [ 112.43861, -8.13156, 0.0 ], [ 112.4387, -8.13149, 0.0 ], [ 112.438702217000014, -8.131486588999962, 0.0 ], [ 112.439202299000044, -8.131222513999944, 0.0 ], [ 112.439297478000071, -8.13119871899994, 0.0 ], [ 112.439356964000012, -8.131192770999974, 0.0 ], [ 112.439458091, -8.131192770999974, 0.0 ], [ 112.439553270000033, -8.131192770999974, 0.0 ], [ 112.439701986000046, -8.131216564999932, 0.0 ], [ 112.439832856000066, -8.13123441099998, 0.0 ], [ 112.439939932000016, -8.131282, 0.0 ], [ 112.440029162000087, -8.13132959, 0.0 ], [ 112.440088648000028, -8.131353383999965, 0.0 ], [ 112.44024331300011, -8.131436664999967, 0.0 ], [ 112.440338492000024, -8.131460459999971, 0.0 ], [ 112.440380132000087, -8.131395024999961, 0.0 ], [ 112.440403927000034, -8.131287948999955, 0.0 ], [ 112.440409876000103, -8.13119871899994, 0.0 ], [ 112.44042012400007, -8.131111604999944, 0.0 ], [ 112.440294695000034, -8.130828770999926, 0.0 ], [ 112.440249262000066, -8.130746621999947, 0.0 ], [ 112.44017193000002, -8.130651442999977, 0.0 ], [ 112.440160032000108, -8.130621699999949, 0.0 ], [ 112.440059658000109, -8.130413519999934, 0.0 ], [ 112.440011316000096, -8.130294523999964, 0.0 ], [ 112.440155938000089, -8.130272833999982, 0.0 ], [ 112.443915615000037, -8.130449188999933, 0.0 ], [ 112.445771594, -8.130610991999959, 0.0 ], [ 112.449588250000033, -8.130848937999929, 0.0 ], [ 112.449464518000013, -8.131220133999932, 0.0 ], [ 112.449131393000016, -8.131705543999942, 0.0 ], [ 112.448975935000021, -8.132202851999978, 0.0 ], [ 112.448940243000038, -8.132367034999959, 0.0 ], [ 112.448881764000021, -8.13292294699994, 0.0 ], [ 112.454179, -8.133276998999975, 0.0 ] ] ] ] } },
{ "type": "Feature", "properties": { "OBJECTID": 116257.0, "KDPPUM": "35", "NAMOBJ": "Selorejo", "REMARK": null, "KDPBPS": null, "FCODE": "BA03070040", "LUASWH": 5.38665112, "UUPP": "Hasil Delineasi Batas Desa 2019", "SRS_ID": "SRGI 2013", "METADATA": "TASWIL1000020200326DATA_BATAS_DESA_KELURAHAN", "KDEBPS": null, "KDEPUM": "35.05.21.2003", "KDCBPS": null, "KDCPUM": "35.05.21", "KDBBPS": null, "WADMKD": "Selorejo", "WIADKD": null, "WADMKC": "Selorejo", "WIADKC": null, "WADMKK": "Blitar", "WIADKK": null, "WADMPR": "Jawa Timur", "WIADPR": null, "TIPADM": 1.0, "KDPKAB": "35.05", "SHAPE_Leng": 0.137452586403396, "SHAPE_Area": 0.00044203646961900003 }, "geometry": { "type": "MultiPolygon", "coordinates": [ [ [ [ 112.408550000000105, -8.12586, 0.0 ], [ 112.408730000000105, -8.12593, 0.0 ], [ 112.40887, -8.126, 0.0 ], [ 112.409049999000104, -8.126, 0.0 ], [ 112.40922, -8.12594, 0.0 ], [ 112.40948, -8.125849998999968, 0.0 ], [ 112.409849999000016, -8.12557, 0.0 ], [ 112.41006, -8.12543999899998, 0.0 ], [ 112.411039999000081, -8.12543, 0.0 ], [ 112.41147, -8.1255, 0.0 ], [ 112.41187, -8.12568, 0.0 ], [ 112.412209999000083, -8.12592, 0.0 ], [ 112.412149999, -8.12627, 0.0 ], [ 112.41222, -8.12642, 0.0 ], [ 112.41232, -8.12654, 0.0 ], [ 112.41266, -8.126629998999931, 0.0 ], [ 112.4136400000001, -8.12677, 0.0 ], [ 112.41403, -8.12687, 0.0 ], [ 112.41423, -8.12697, 0.0 ], [ 112.41434, -8.1271, 0.0 ], [ 112.41439, -8.128069998999933, 0.0 ], [ 112.41444, -8.12857, 0.0 ], [ 112.41448, -8.12883, 0.0 ], [ 112.41444, -8.12903, 0.0 ], [ 112.414469999000062, -8.12947, 0.0 ], [ 112.4146, -8.12982, 0.0 ], [ 112.41489, -8.13038, 0.0 ], [ 112.41507, -8.13044999899995, 0.0 ], [ 112.41528, -8.13072, 0.0 ], [ 112.41578, -8.13143, 0.0 ], [ 112.41597, -8.13152, 0.0 ], [ 112.416160000000104, -8.13154, 0.0 ], [ 112.416519999000116, -8.1315, 0.0 ], [ 112.41684, -8.13141, 0.0 ], [ 112.417, -8.13126, 0.0 ], [ 112.417199999000104, -8.13148, 0.0 ], [ 112.41736, -8.13174, 0.0 ], [ 112.41737, -8.132009998999933, 0.0 ], [ 112.41736, -8.13218, 0.0 ], [ 112.41743, -8.13241, 0.0 ], [ 112.417510000000107, -8.13256, 0.0 ], [ 112.41754, -8.132789998999954, 0.0 ], [ 112.417510000000107, -8.13299, 0.0 ], [ 112.41755, -8.13343, 0.0 ], [ 112.41768, -8.13368, 0.0 ], [ 112.41797, -8.13386, 0.0 ], [ 112.418320000000108, -8.13391, 0.0 ], [ 112.41866, -8.13381, 0.0 ], [ 112.41898, -8.13371, 0.0 ], [ 112.41940000000011, -8.13347, 0.0 ], [ 112.41973, -8.13327, 0.0 ], [ 112.41989, -8.133, 0.0 ], [ 112.420359999000084, -8.13237, 0.0 ], [ 112.42064, -8.13192, 0.0 ], [ 112.421020000000112, -8.13139, 0.0 ], [ 112.42199, -8.13029, 0.0 ], [ 112.42337, -8.13112, 0.0 ], [ 112.423829999000077, -8.13116, 0.0 ], [ 112.42437, -8.13115, 0.0 ], [ 112.42505, -8.13113, 0.0 ], [ 112.426110000000108, -8.13117, 0.0 ], [ 112.42649, -8.131209998999964, 0.0 ], [ 112.42696, -8.13157, 0.0 ], [ 112.42716, -8.13186, 0.0 ], [ 112.42739, -8.13221, 0.0 ], [ 112.42752, -8.13229, 0.0 ], [ 112.42788, -8.13237, 0.0 ], [ 112.42804, -8.13237, 0.0 ], [ 112.42761, -8.13251, 0.0 ], [ 112.42732, -8.13269, 0.0 ], [ 112.42726, -8.13282, 0.0 ], [ 112.42732, -8.13303, 0.0 ], [ 112.4275, -8.13358, 0.0 ], [ 112.42758, -8.1338, 0.0 ], [ 112.42762, -8.1339, 0.0 ], [ 112.4277, -8.13413, 0.0 ], [ 112.427849999000045, -8.13479, 0.0 ], [ 112.428090000000111, -8.135149998999964, 0.0 ], [ 112.428199999000071, -8.13539, 0.0 ], [ 112.42821, -8.13565, 0.0 ], [ 112.42817, -8.136339998999972, 0.0 ], [ 112.428270000000111, -8.13661, 0.0 ], [ 112.4287, -8.13724, 0.0 ], [ 112.42888, -8.13727, 0.0 ], [ 112.4293, -8.13736, 0.0 ], [ 112.42936, -8.13748, 0.0 ], [ 112.42936, -8.13767, 0.0 ], [ 112.4293, -8.13806, 0.0 ], [ 112.42921, -8.13854, 0.0 ], [ 112.42929, -8.138679998999976, 0.0 ], [ 112.42942, -8.13897, 0.0 ], [ 112.42938, -8.13906, 0.0 ], [ 112.4292200000001, -8.1393, 0.0 ], [ 112.42909, -8.13961, 0.0 ], [ 112.42909, -8.1398, 0.0 ], [ 112.42916, -8.140259998999966, 0.0 ], [ 112.42929, -8.140589998999928, 0.0 ], [ 112.42934999900001, -8.14088, 0.0 ], [ 112.42946, -8.14135, 0.0 ], [ 112.429620000000114, -8.1416, 0.0 ], [ 112.430129999000087, -8.14216, 0.0 ], [ 112.43033, -8.14237, 0.0 ], [ 112.430539999000075, -8.142579998999963, 0.0 ], [ 112.43114, -8.142929998999932, 0.0 ], [ 112.43149, -8.143009998999958, 0.0 ], [ 112.43186, -8.14302, 0.0 ], [ 112.43241, -8.143069998999977, 0.0 ], [ 112.43276, -8.14312, 0.0 ], [ 112.43311, -8.143069998999977, 0.0 ], [ 112.4335, -8.14302, 0.0 ], [ 112.4342, -8.14304, 0.0 ], [ 112.43447, -8.14298, 0.0 ], [ 112.4347, -8.14288, 0.0 ], [ 112.43496, -8.1428, 0.0 ], [ 112.43515, -8.1428, 0.0 ], [ 112.43574, -8.142949998999939, 0.0 ], [ 112.43593, -8.14291, 0.0 ], [ 112.43638, -8.14281, 0.0 ], [ 112.43663, -8.14288, 0.0 ], [ 112.4370100000001, -8.14306, 0.0 ], [ 112.43716, -8.1432, 0.0 ], [ 112.43738, -8.14333, 0.0 ], [ 112.43766, -8.14343, 0.0 ], [ 112.43826, -8.1436, 0.0 ], [ 112.43857, -8.14363, 0.0 ], [ 112.438809999000114, -8.14374, 0.0 ], [ 112.43904, -8.14393, 0.0 ], [ 112.43995, -8.14469, 0.0 ], [ 112.44008, -8.1447, 0.0 ], [ 112.44042, -8.14469, 0.0 ], [ 112.440520000000106, -8.14501, 0.0 ], [ 112.44062, -8.14523, 0.0 ], [ 112.44063, -8.14542999899993, 0.0 ], [ 112.44055, -8.145779998999956, 0.0 ], [ 112.440547366000033, -8.145784827999933, 0.0 ], [ 112.440315094000084, -8.145900218999941, 0.0 ], [ 112.439972451000017, -8.145914495999932, 0.0 ], [ 112.439829684000074, -8.145850249999967, 0.0 ], [ 112.439651224000045, -8.145750312999951, 0.0 ], [ 112.439444211000023, -8.145614683999952, 0.0 ], [ 112.439130122000051, -8.145521884999937, 0.0 ], [ 112.439015908000101, -8.145578991999969, 0.0 ], [ 112.439037323000093, -8.145800281999925, 0.0 ], [ 112.43909, -8.14603, 0.0 ], [ 112.43922292100001, -8.146200030999978, 0.0 ], [ 112.439308582000081, -8.146364213999959, 0.0 ], [ 112.439351412000065, -8.146499842999958, 0.0 ], [ 112.439379966000047, -8.146649748999948, 0.0 ], [ 112.43934, -8.14698, 0.0 ], [ 112.439272890000098, -8.147199404999981, 0.0 ], [ 112.439429934000032, -8.147506354999962, 0.0 ], [ 112.439601541000116, -8.147611431999962, 0.0 ], [ 112.439679778000027, -8.147715747999939, 0.0 ], [ 112.43971547000001, -8.147906104999947, 0.0 ], [ 112.439739264000082, -8.148096461999955, 0.0 ], [ 112.439739264000082, -8.14835820199994, 0.0 ], [ 112.43981, -8.14897, 0.0 ], [ 112.439977739000028, -8.149157472999946, 0.0 ], [ 112.439765882000074, -8.14939676299997, 0.0 ], [ 112.439353883000081, -8.149922237999931, 0.0 ], [ 112.439063969000017, -8.150604105999946, 0.0 ], [ 112.438896137000029, -8.151046618999942, 0.0 ], [ 112.438857958000085, -8.15112193899995, 0.0 ], [ 112.43867486900001, -8.151478637999958, 0.0 ], [ 112.438346799000101, -8.152108059999932, 0.0 ], [ 112.438163710000026, -8.152450418999933, 0.0 ], [ 112.437881412000024, -8.152796600999977, 0.0 ], [ 112.437469438000107, -8.153366903999938, 0.0 ], [ 112.437465799000051, -8.153371232999973, 0.0 ], [ 112.436039999000059, -8.15379, 0.0 ], [ 112.43562, -8.15374, 0.0 ], [ 112.43499, -8.153499998999962, 0.0 ], [ 112.43397, -8.15328, 0.0 ], [ 112.43311, -8.15289, 0.0 ], [ 112.432460000000106, -8.15246, 0.0 ], [ 112.43063, -8.151159998999958, 0.0 ], [ 112.42968, -8.15061, 0.0 ], [ 112.42819, -8.14951, 0.0 ], [ 112.42732, -8.14903, 0.0 ], [ 112.42631, -8.14861, 0.0 ], [ 112.42527, -8.14782, 0.0 ], [ 112.42528, -8.14758, 0.0 ], [ 112.42516, -8.14643, 0.0 ], [ 112.425039999000091, -8.14626, 0.0 ], [ 112.42495, -8.1461, 0.0 ], [ 112.425059999000041, -8.145679998999981, 0.0 ], [ 112.42524, -8.14528, 0.0 ], [ 112.42533, -8.14495, 0.0 ], [ 112.42534, -8.14462, 0.0 ], [ 112.42527, -8.14425, 0.0 ], [ 112.42513, -8.144, 0.0 ], [ 112.42491, -8.14374, 0.0 ], [ 112.42454, -8.14337, 0.0 ], [ 112.42446, -8.14333, 0.0 ], [ 112.42407, -8.14311, 0.0 ], [ 112.423590000000104, -8.142619998999976, 0.0 ], [ 112.423479999000051, -8.14244, 0.0 ], [ 112.42338, -8.14212, 0.0 ], [ 112.42322, -8.14161, 0.0 ], [ 112.42195, -8.14164, 0.0 ], [ 112.421139999000047, -8.1414, 0.0 ], [ 112.42061, -8.1413, 0.0 ], [ 112.41945, -8.14127, 0.0 ], [ 112.41863, -8.14134, 0.0 ], [ 112.41826, -8.1415, 0.0 ], [ 112.41781, -8.141839998999956, 0.0 ], [ 112.41744, -8.14246, 0.0 ], [ 112.416889999000091, -8.143359998999927, 0.0 ], [ 112.41588, -8.14495, 0.0 ], [ 112.415480000000116, -8.145389998999974, 0.0 ], [ 112.41519, -8.14556, 0.0 ], [ 112.414899999000113, -8.14563, 0.0 ], [ 112.414360000000102, -8.14566, 0.0 ], [ 112.413910000000101, -8.14563, 0.0 ], [ 112.413649999000086, -8.14559, 0.0 ], [ 112.41327999900011, -8.1454, 0.0 ], [ 112.41288, -8.1451, 0.0 ], [ 112.41277, -8.145019998999942, 0.0 ], [ 112.41262, -8.14485, 0.0 ], [ 112.41235, -8.14448, 0.0 ], [ 112.41157, -8.143459998999958, 0.0 ], [ 112.41117, -8.14294, 0.0 ], [ 112.410629999000093, -8.14234, 0.0 ], [ 112.410350000000108, -8.142189998999982, 0.0 ], [ 112.41011, -8.14207, 0.0 ], [ 112.409900000000107, -8.14206, 0.0 ], [ 112.409630000000107, -8.14206, 0.0 ], [ 112.40933, -8.142169998999975, 0.0 ], [ 112.40888, -8.14248, 0.0 ], [ 112.40833, -8.142969998999945, 0.0 ], [ 112.40766, -8.143709998999952, 0.0 ], [ 112.406880000000115, -8.14456, 0.0 ], [ 112.40627, -8.14532, 0.0 ], [ 112.40588999900001, -8.145799998999962, 0.0 ], [ 112.405559999000047, -8.1459, 0.0 ], [ 112.405, -8.14586, 0.0 ], [ 112.404679999000109, -8.145819998999968, 0.0 ], [ 112.403919999000095, -8.14564, 0.0 ], [ 112.403589999000019, -8.14548, 0.0 ], [ 112.40382000000011, -8.14536, 0.0 ], [ 112.40424, -8.145039998999948, 0.0 ], [ 112.404269999, -8.14497, 0.0 ], [ 112.404349999000033, -8.14462, 0.0 ], [ 112.4044, -8.144199998999966, 0.0 ], [ 112.40434, -8.14378, 0.0 ], [ 112.40423, -8.14308, 0.0 ], [ 112.40419, -8.14255, 0.0 ], [ 112.40423, -8.1424, 0.0 ], [ 112.4044, -8.142209998999931, 0.0 ], [ 112.40448, -8.14207, 0.0 ], [ 112.40447, -8.14193, 0.0 ], [ 112.40438, -8.14174, 0.0 ], [ 112.404329999000083, -8.1415, 0.0 ], [ 112.4043, -8.141119998999955, 0.0 ], [ 112.40434, -8.14083, 0.0 ], [ 112.40452, -8.140589998999928, 0.0 ], [ 112.40492, -8.14036, 0.0 ], [ 112.40568, -8.13997, 0.0 ], [ 112.40588, -8.139829998999971, 0.0 ], [ 112.40601, -8.13962, 0.0 ], [ 112.406160000000114, -8.13933, 0.0 ], [ 112.406259999000099, -8.138779998999951, 0.0 ], [ 112.406259999000099, -8.13824, 0.0 ], [ 112.406030000000101, -8.13778, 0.0 ], [ 112.406629999000074, -8.13723, 0.0 ], [ 112.40766, -8.13612, 0.0 ], [ 112.407560000000103, -8.135909998999978, 0.0 ], [ 112.407469999000114, -8.135639998999977, 0.0 ], [ 112.40658, -8.13438999899995, 0.0 ], [ 112.40637, -8.13405999899993, 0.0 ], [ 112.406279999000049, -8.13373, 0.0 ], [ 112.406259999000099, -8.13336, 0.0 ], [ 112.40627, -8.13292, 0.0 ], [ 112.406210000000101, -8.132499998999947, 0.0 ], [ 112.40613, -8.13225, 0.0 ], [ 112.406, -8.13202999899994, 0.0 ], [ 112.40538, -8.13132, 0.0 ], [ 112.4052, -8.13111, 0.0 ], [ 112.40485, -8.13003, 0.0 ], [ 112.40469, -8.12937999899998, 0.0 ], [ 112.40467, -8.12894, 0.0 ], [ 112.40462, -8.12861, 0.0 ], [ 112.40441, -8.12814, 0.0 ], [ 112.40421, -8.12707, 0.0 ], [ 112.40403, -8.12637, 0.0 ], [ 112.4038, -8.12582, 0.0 ], [ 112.40377, -8.12576, 0.0 ], [ 112.403919999000095, -8.12551, 0.0 ], [ 112.40403, -8.125399998999967, 0.0 ], [ 112.404249999000058, -8.125319998999942, 0.0 ], [ 112.40459, -8.125319998999942, 0.0 ], [ 112.40477, -8.125379998999961, 0.0 ], [ 112.40491, -8.1255, 0.0 ], [ 112.405029999000021, -8.12570999899998, 0.0 ], [ 112.405109999000047, -8.12587, 0.0 ], [ 112.40523, -8.12596, 0.0 ], [ 112.40539, -8.12595, 0.0 ], [ 112.40566, -8.125809998999955, 0.0 ], [ 112.40574, -8.125769998999942, 0.0 ], [ 112.40596, -8.12578, 0.0 ], [ 112.40629, -8.12597, 0.0 ], [ 112.406339999000011, -8.126, 0.0 ], [ 112.40653, -8.126119998999968, 0.0 ], [ 112.40698, -8.126199998999937, 0.0 ], [ 112.40746, -8.12641, 0.0 ], [ 112.40768, -8.126529998999956, 0.0 ], [ 112.407799999000076, -8.12654, 0.0 ], [ 112.40797, -8.12646, 0.0 ], [ 112.40834, -8.12608, 0.0 ], [ 112.408550000000105, -8.12586, 0.0 ] ] ] ] } },
{ "type": "Feature", "properties": { "OBJECTID": 116258.0, "KDPPUM": "35", "NAMOBJ": "Boro", "REMARK": null, "KDPBPS": null, "FCODE": "BA03070040", "LUASWH": 6.59475398, "UUPP": "Hasil Delineasi Batas Desa 2019", "SRS_ID": "SRGI 2013", "METADATA": "TASWIL1000020200326DATA_BATAS_DESA_KELURAHAN", "KDEBPS": null, "KDEPUM": "35.05.21.2009", "KDCBPS": null, "KDCPUM": "35.05.21", "KDBBPS": null, "WADMKD": "Boro", "WIADKD": null, "WADMKC": "Selorejo", "WIADKC": null, "WADMKK": "Blitar", "WIADKK": null, "WADMPR": "Jawa Timur", "WIADPR": null, "TIPADM": 1.0, "KDPKAB": "35.05", "SHAPE_Leng": 0.120908495711109, "SHAPE_Area": 0.00054113411251599996 }, "geometry": { "type": "MultiPolygon", "coordinates": [ [ [ [ 112.454757228000062, -8.101999132999936, 0.0 ], [ 112.454757617000041, -8.102000101999977, 0.0 ], [ 112.454734767000105, -8.102116428999977, 0.0 ], [ 112.454696612000021, -8.102288104999957, 0.0 ], [ 112.454696612000021, -8.102359628999977, 0.0 ], [ 112.454696612000021, -8.102713450999943, 0.0 ], [ 112.454681330000085, -8.102855555999952, 0.0 ], [ 112.454582145000018, -8.103061542999967, 0.0 ], [ 112.454467727000065, -8.103139739999961, 0.0 ], [ 112.454070986000033, -8.103224610999973, 0.0 ], [ 112.453842125000051, -8.103317146999927, 0.0 ], [ 112.453811610000116, -8.103397228999938, 0.0 ], [ 112.453849741000113, -8.103631844999938, 0.0 ], [ 112.453926028000069, -8.103838799999949, 0.0 ], [ 112.454078602000095, -8.104164935999961, 0.0 ], [ 112.454154914000014, -8.104407167999966, 0.0 ], [ 112.454215943, -8.104872554999929, 0.0 ], [ 112.454254099000082, -8.106000755999958, 0.0 ], [ 112.454223584000033, -8.106387002999952, 0.0 ], [ 112.454269356000054, -8.106706488999976, 0.0 ], [ 112.454406673000108, -8.107001167999954, 0.0 ], [ 112.454765282000039, -8.107513293999943, 0.0 ], [ 112.455291699000099, -8.108017778999965, 0.0 ], [ 112.45542901500005, -8.108256190999953, 0.0 ], [ 112.455505302, -8.108587138999951, 0.0 ], [ 112.455596871000012, -8.109277589999976, 0.0 ], [ 112.455718954000076, -8.109575145999941, 0.0 ], [ 112.455947815000059, -8.110010017999969, 0.0 ], [ 112.45614618500008, -8.110113023999929, 0.0 ], [ 112.456428459000108, -8.110224588999927, 0.0 ], [ 112.456512411000062, -8.110181669999974, 0.0 ], [ 112.45659631500007, -8.110072957999932, 0.0 ], [ 112.45662683, -8.109917505999931, 0.0 ], [ 112.456695500000023, -8.109647612999936, 0.0 ], [ 112.456787069000029, -8.109544605999929, 0.0 ], [ 112.457015954000099, -8.109503621999977, 0.0 ], [ 112.457405029000029, -8.109495037999977, 0.0 ], [ 112.457595783000102, -8.109540809999942, 0.0 ], [ 112.457611041000064, -8.10961612899996, 0.0 ], [ 112.457580502000042, -8.109794478999959, 0.0 ], [ 112.457466083000099, -8.109990939999932, 0.0 ], [ 112.457191426, -8.110391475999961, 0.0 ], [ 112.457160911000074, -8.110557421999943, 0.0 ], [ 112.457206659, -8.110686154999939, 0.0 ], [ 112.457298228000013, -8.110733861999961, 0.0 ], [ 112.457549987000107, -8.110808237999947, 0.0 ], [ 112.45783992600002, -8.110907423999947, 0.0 ], [ 112.457885698000041, -8.1110285399999, 0.0 ], [ 112.457908572000065, -8.111354699999936, 0.0 ], [ 112.457885698000041, -8.111513004999949, 0.0 ], [ 112.457809411000085, -8.111579764999931, 0.0 ], [ 112.457549987000107, -8.111803861999931, 0.0 ], [ 112.457366898000032, -8.111998411999934, 0.0 ], [ 112.457382131000031, -8.112136694999947, 0.0 ], [ 112.457519472000058, -8.11246476499997, 0.0 ], [ 112.457832261000021, -8.113168564999967, 0.0 ], [ 112.457817028000022, -8.113407, 0.0 ], [ 112.457836797000027, -8.113652234999961, 0.0 ], [ 112.457855159000019, -8.113880027999926, 0.0 ], [ 112.457923829000038, -8.114119383999935, 0.0 ], [ 112.458061170000065, -8.114337773999978, 0.0 ], [ 112.458198487000118, -8.11445221799994, 0.0 ], [ 112.458389240000088, -8.114505630999929, 0.0 ], [ 112.458633359000032, -8.114510417999952, 0.0 ], [ 112.458846987000015, -8.114556165999943, 0.0 ], [ 112.459014842000101, -8.114659170999971, 0.0 ], [ 112.459129261000044, -8.11480127599998, 0.0 ], [ 112.459159800000066, -8.114940502999957, 0.0 ], [ 112.459075872000085, -8.115251404999981, 0.0 ], [ 112.458953788000031, -8.115485995999961, 0.0 ], [ 112.458831729000053, -8.115582328999949, 0.0 ], [ 112.458679131000054, -8.115627133999965, 0.0 ], [ 112.458175613000094, -8.115779754999949, 0.0 ], [ 112.457939111000087, -8.115997180999955, 0.0 ], [ 112.457939111000087, -8.116083017999927, 0.0 ], [ 112.458068787000116, -8.116480677999959, 0.0 ], [ 112.458167972000069, -8.116808747999926, 0.0 ], [ 112.458358726000029, -8.117433405999975, 0.0 ], [ 112.458396857000025, -8.117711884999949, 0.0 ], [ 112.458442629000047, -8.118018, 0.0 ], [ 112.458396857000025, -8.118098129999964, 0.0 ], [ 112.45829005500002, -8.118154372999982, 0.0 ], [ 112.457984883000108, -8.11830411699998, 0.0 ], [ 112.457832261000021, -8.118440490999944, 0.0 ], [ 112.45766445400011, -8.118668408999952, 0.0 ], [ 112.457511855, -8.119012680999958, 0.0 ], [ 112.457420287000105, -8.119375085999934, 0.0 ], [ 112.457427928000016, -8.119741310999927, 0.0 ], [ 112.45748895700001, -8.119888154999956, 0.0 ], [ 112.457740741000066, -8.120599618999961, 0.0 ], [ 112.457725459000017, -8.120923844999936, 0.0 ], [ 112.457618657000012, -8.121140349999962, 0.0 ], [ 112.457466268000076, -8.121440194999934, 0.0 ], [ 112.456733632, -8.122881747999941, 0.0 ], [ 112.456748913000069, -8.123177392999935, 0.0 ], [ 112.456817583000088, -8.12339196399995, 0.0 ], [ 112.45693200200003, -8.123711451999952, 0.0 ], [ 112.457061726, -8.12416537699994, 0.0 ], [ 112.457244815000081, -8.124688964999962, 0.0 ], [ 112.457405030000018, -8.124920725999971, 0.0 ], [ 112.457527113000083, -8.124999867999975, 0.0 ], [ 112.457588143000066, -8.12503514499997, 0.0 ], [ 112.457778872000063, -8.125169607999965, 0.0 ], [ 112.457817028000022, -8.12529742299995, 0.0 ], [ 112.457755974000065, -8.125452849999931, 0.0 ], [ 112.457611041000064, -8.125672208999958, 0.0 ], [ 112.457557604000044, -8.125797120999948, 0.0 ], [ 112.457549987000107, -8.125990727999977, 0.0 ], [ 112.457580502000042, -8.126127101999941, 0.0 ], [ 112.45776361500009, -8.126469485999962, 0.0 ], [ 112.457733100000041, -8.126561997999943, 0.0 ], [ 112.457641555, -8.126589634999959, 0.0 ], [ 112.457542370000056, -8.126558177999925, 0.0 ], [ 112.457160911000074, -8.126181480999946, 0.0 ], [ 112.457023570000047, -8.126202445999979, 0.0 ], [ 112.456817583000088, -8.126314010999977, 0.0 ], [ 112.456794685000091, -8.126396995999926, 0.0 ], [ 112.456794685000091, -8.126705987999969, 0.0 ], [ 112.456870972000047, -8.127207620999968, 0.0 ], [ 112.456713, -8.127482, 0.0 ], [ 112.456358, -8.127971, 0.0 ], [ 112.456174, -8.128341, 0.0 ], [ 112.456069, -8.128671, 0.0 ], [ 112.456084, -8.129237, 0.0 ], [ 112.456178, -8.129659, 0.0 ], [ 112.456127, -8.13011999899993, 0.0 ], [ 112.455997, -8.130635, 0.0 ], [ 112.455866, -8.131083, 0.0 ], [ 112.455643, -8.131625, 0.0 ], [ 112.455327, -8.132219, 0.0 ], [ 112.454997, -8.13253599899997, 0.0 ], [ 112.454483, -8.133, 0.0 ], [ 112.454179, -8.133276998999975, 0.0 ], [ 112.448881764000021, -8.13292294699994, 0.0 ], [ 112.448940243000038, -8.132367034999959, 0.0 ], [ 112.448975935000021, -8.132202851999978, 0.0 ], [ 112.449131393000016, -8.131705543999942, 0.0 ], [ 112.449464518000013, -8.131220133999932, 0.0 ], [ 112.449588250000033, -8.130848937999929, 0.0 ], [ 112.445771594, -8.130610991999959, 0.0 ], [ 112.443915615000037, -8.130449188999933, 0.0 ], [ 112.440155938000089, -8.130272833999982, 0.0 ], [ 112.440011316000096, -8.130294523999964, 0.0 ], [ 112.440059658000109, -8.130413519999934, 0.0 ], [ 112.440160032000108, -8.130621699999949, 0.0 ], [ 112.44017193000002, -8.130651442999977, 0.0 ], [ 112.440249262000066, -8.130746621999947, 0.0 ], [ 112.440294695000034, -8.130828770999926, 0.0 ], [ 112.44042012400007, -8.131111604999944, 0.0 ], [ 112.440409876000103, -8.13119871899994, 0.0 ], [ 112.440403927000034, -8.131287948999955, 0.0 ], [ 112.440380132000087, -8.131395024999961, 0.0 ], [ 112.440338492000024, -8.131460459999971, 0.0 ], [ 112.44024331300011, -8.131436664999967, 0.0 ], [ 112.440088648000028, -8.131353383999965, 0.0 ], [ 112.440029162000087, -8.13132959, 0.0 ], [ 112.439939932000016, -8.131282, 0.0 ], [ 112.439832856000066, -8.13123441099998, 0.0 ], [ 112.439701986000046, -8.131216564999932, 0.0 ], [ 112.439553270000033, -8.131192770999974, 0.0 ], [ 112.439458091, -8.131192770999974, 0.0 ], [ 112.439356964000012, -8.131192770999974, 0.0 ], [ 112.439297478000071, -8.13119871899994, 0.0 ], [ 112.439202299000044, -8.131222513999944, 0.0 ], [ 112.438702217000014, -8.131486588999962, 0.0 ], [ 112.4387, -8.13149, 0.0 ], [ 112.43861, -8.13156, 0.0 ], [ 112.43848, -8.13132, 0.0 ], [ 112.43815, -8.13096, 0.0 ], [ 112.43742, -8.130429998999944, 0.0 ], [ 112.4373, -8.13036, 0.0 ], [ 112.43702, -8.13019, 0.0 ], [ 112.43675999900006, -8.12995, 0.0 ], [ 112.43668, -8.1298, 0.0 ], [ 112.436420000000112, -8.12927, 0.0 ], [ 112.43621, -8.12896, 0.0 ], [ 112.43613, -8.128889998999966, 0.0 ], [ 112.435979999000097, -8.128889998999966, 0.0 ], [ 112.43576, -8.128989998999941, 0.0 ], [ 112.435609999, -8.12905, 0.0 ], [ 112.43543000000011, -8.12907, 0.0 ], [ 112.43517999900007, -8.128909998999973, 0.0 ], [ 112.43512, -8.12884, 0.0 ], [ 112.43455, -8.12793, 0.0 ], [ 112.43437, -8.12763, 0.0 ], [ 112.43434, -8.1275, 0.0 ], [ 112.43465, -8.12697, 0.0 ], [ 112.434789999000031, -8.1267, 0.0 ], [ 112.43482, -8.12658, 0.0 ], [ 112.434439999, -8.12582, 0.0 ], [ 112.43433, -8.1256, 0.0 ], [ 112.43434, -8.12549, 0.0 ], [ 112.4347, -8.12513, 0.0 ], [ 112.434710000000109, -8.124989998999979, 0.0 ], [ 112.43451, -8.124559998999928, 0.0 ], [ 112.43441, -8.124289998999927, 0.0 ], [ 112.43433, -8.124, 0.0 ], [ 112.43433, -8.12374, 0.0 ], [ 112.43437, -8.12359, 0.0 ], [ 112.43525000000011, -8.12285, 0.0 ], [ 112.43533, -8.1228, 0.0 ], [ 112.43581, -8.12294, 0.0 ], [ 112.435959999000033, -8.12292, 0.0 ], [ 112.43613, -8.122299998999949, 0.0 ], [ 112.43619, -8.12209, 0.0 ], [ 112.43654, -8.12169, 0.0 ], [ 112.43673, -8.121479998999973, 0.0 ], [ 112.43698, -8.12131, 0.0 ], [ 112.43724, -8.12112, 0.0 ], [ 112.437410000000114, -8.12093, 0.0 ], [ 112.43778, -8.12004, 0.0 ], [ 112.4379, -8.11973, 0.0 ], [ 112.43833999900005, -8.11925, 0.0 ], [ 112.43856, -8.11893, 0.0 ], [ 112.438540000000103, -8.11851, 0.0 ], [ 112.43848, -8.117909998999949, 0.0 ], [ 112.43848, -8.11778, 0.0 ], [ 112.43847, -8.11772, 0.0 ], [ 112.43852, -8.11763, 0.0 ], [ 112.43868, -8.11755, 0.0 ], [ 112.43896, -8.11765, 0.0 ], [ 112.43909, -8.11769, 0.0 ], [ 112.439159999000026, -8.11768, 0.0 ], [ 112.43923, -8.1173, 0.0 ], [ 112.439300000000117, -8.11696, 0.0 ], [ 112.43936, -8.11688, 0.0 ], [ 112.4396, -8.1165, 0.0 ], [ 112.439710000000105, -8.11636, 0.0 ], [ 112.4397, -8.11597, 0.0 ], [ 112.43972, -8.11587, 0.0 ], [ 112.439800000000105, -8.11582, 0.0 ], [ 112.44014, -8.11597, 0.0 ], [ 112.44026, -8.116019998999946, 0.0 ], [ 112.440389999000104, -8.11599, 0.0 ], [ 112.44047, -8.11589, 0.0 ], [ 112.4405, -8.11572, 0.0 ], [ 112.44051, -8.11545, 0.0 ], [ 112.440880000000107, -8.115239998999925, 0.0 ], [ 112.44112, -8.1151, 0.0 ], [ 112.44132, -8.11496, 0.0 ], [ 112.44153, -8.11486999899995, 0.0 ], [ 112.4418, -8.114809998999931, 0.0 ], [ 112.441960000000108, -8.11471, 0.0 ], [ 112.441960000000108, -8.11369, 0.0 ], [ 112.44194, -8.11355, 0.0 ], [ 112.44174, -8.1133, 0.0 ], [ 112.44134, -8.11276, 0.0 ], [ 112.44123, -8.11256, 0.0 ], [ 112.44121, -8.11244, 0.0 ], [ 112.44132, -8.11224, 0.0 ], [ 112.441439999000067, -8.11209, 0.0 ], [ 112.44158, -8.11201, 0.0 ], [ 112.44168, -8.112039998999933, 0.0 ], [ 112.441869999, -8.11232, 0.0 ], [ 112.44199, -8.1125, 0.0 ], [ 112.442140000000109, -8.11261, 0.0 ], [ 112.44227, -8.11263, 0.0 ], [ 112.44239, -8.11258, 0.0 ], [ 112.44246, -8.112489998999934, 0.0 ], [ 112.44246, -8.11224, 0.0 ], [ 112.442500000000109, -8.11179, 0.0 ], [ 112.44251, -8.11155, 0.0 ], [ 112.44237, -8.11146, 0.0 ], [ 112.442050000000108, -8.11115, 0.0 ], [ 112.441869999, -8.11102, 0.0 ], [ 112.44093, -8.1107, 0.0 ], [ 112.44056, -8.11055, 0.0 ], [ 112.44013, -8.11024, 0.0 ], [ 112.439979999000116, -8.11004, 0.0 ], [ 112.439890000000105, -8.10979, 0.0 ], [ 112.439879999000027, -8.10957, 0.0 ], [ 112.44008, -8.10862, 0.0 ], [ 112.440189227000019, -8.108343717999958, 0.0 ], [ 112.440109878000044, -8.10806103699997, 0.0 ], [ 112.44012891400007, -8.107908751999958, 0.0 ], [ 112.440186021000045, -8.107765983999968, 0.0 ], [ 112.440262163000057, -8.107680322999954, 0.0 ], [ 112.440309753000065, -8.10745189499994, 0.0 ], [ 112.440271681000013, -8.107337680999933, 0.0 ], [ 112.440290717000039, -8.107109252999976, 0.0 ], [ 112.44036686000004, -8.107004555999936, 0.0 ], [ 112.440443002000052, -8.106738056999973, 0.0 ], [ 112.440481074000104, -8.106538181999952, 0.0 ], [ 112.440595288000054, -8.106328789999964, 0.0 ], [ 112.440875375000019, -8.106123169999933, 0.0 ], [ 112.44139, -8.10486, 0.0 ], [ 112.441510000000108, -8.10466, 0.0 ], [ 112.441618800000015, -8.104517722999958, 0.0 ], [ 112.441879007000011, -8.104103992999967, 0.0 ], [ 112.441867110000089, -8.104050455999925, 0.0 ], [ 112.441783829000087, -8.103943379999976, 0.0 ], [ 112.441551345000107, -8.103864808999958, 0.0 ], [ 112.441426910000018, -8.103806560999942, 0.0 ], [ 112.44137932000001, -8.103705433999949, 0.0 ], [ 112.441349577000096, -8.103544819999968, 0.0 ], [ 112.441411849000019, -8.103490554999951, 0.0 ], [ 112.44141095000009, -8.103488170999981, 0.0 ], [ 112.441462602000115, -8.103289027999949, 0.0 ], [ 112.441217327000118, -8.102758799999947, 0.0 ], [ 112.441300145000014, -8.102089745999933, 0.0 ], [ 112.44138, -8.10195, 0.0 ], [ 112.441420000000107, -8.10189, 0.0 ], [ 112.44147, -8.10175, 0.0 ], [ 112.44133303000001, -8.101306859999966, 0.0 ], [ 112.44120680900005, -8.101123718999929, 0.0 ], [ 112.44109973400009, -8.100832234999928, 0.0 ], [ 112.441075939000029, -8.100451520999968, 0.0 ], [ 112.441128673000094, -8.100356681999926, 0.0 ], [ 112.441105682000057, -8.100136241999962, 0.0 ], [ 112.441105682000057, -8.100041063999981, 0.0 ], [ 112.441111631000012, -8.099975628999971, 0.0 ], [ 112.44114137400004, -8.099904244999948, 0.0 ], [ 112.441218707000075, -8.099797168999942, 0.0 ], [ 112.441325783000025, -8.09971388799994, 0.0 ], [ 112.441527897000014, -8.09960528199997, 0.0 ], [ 112.441531163000036, -8.099605114999974, 0.0 ], [ 112.44158, -8.0994, 0.0 ], [ 112.441600000000108, -8.09977, 0.0 ], [ 112.44173, -8.099929998999926, 0.0 ], [ 112.441909999000018, -8.10005, 0.0 ], [ 112.44211, -8.10005, 0.0 ], [ 112.44247, -8.099949998999932, 0.0 ], [ 112.44281, -8.09987, 0.0 ], [ 112.44323, -8.09983, 0.0 ], [ 112.443489999, -8.0998, 0.0 ], [ 112.44391, -8.09981, 0.0 ], [ 112.44431, -8.09985, 0.0 ], [ 112.44476, -8.10002, 0.0 ], [ 112.44506, -8.10024, 0.0 ], [ 112.44548, -8.10064, 0.0 ], [ 112.445920000000115, -8.10101, 0.0 ], [ 112.44605419100003, -8.101061610999977, 0.0 ], [ 112.445968071000038, -8.101816141999961, 0.0 ], [ 112.447157802000106, -8.101881576999972, 0.0 ], [ 112.448763350000036, -8.101850858999967, 0.0 ], [ 112.448948346000066, -8.101875627999959, 0.0 ], [ 112.449498002000041, -8.101833987999953, 0.0 ], [ 112.45026894700004, -8.101786397999945, 0.0 ], [ 112.451192178000042, -8.101767362999965, 0.0 ], [ 112.45224865900002, -8.101700737999977, 0.0 ], [ 112.453255423000087, -8.101628307999931, 0.0 ], [ 112.45337, -8.10164, 0.0 ], [ 112.453959999000062, -8.10175, 0.0 ], [ 112.454757228000062, -8.101999132999936, 0.0 ] ] ] ] } },
{ "type": "Feature", "properties": { "OBJECTID": 116259.0, "KDPPUM": "35", "NAMOBJ": "Olak Alen", "REMARK": null, "KDPBPS": null, "FCODE": "BA03070040", "LUASWH": 4.59397883, "UUPP": "Hasil Delineasi Batas Desa 2019", "SRS_ID": "SRGI 2013", "METADATA": "TASWIL1000020200326DATA_BATAS_DESA_KELURAHAN", "KDEBPS": null, "KDEPUM": "35.05.21.2008", "KDCBPS": null, "KDCPUM": "35.05.21", "KDBBPS": null, "WADMKD": "Olak Alen", "WIADKD": null, "WADMKC": "Selorejo", "WIADKC": null, "WADMKK": "Blitar", "WIADKK": null, "WADMPR": "Jawa Timur", "WIADPR": null, "TIPADM": 1.0, "KDPKAB": "35.05", "SHAPE_Leng": 0.13422859893870201, "SHAPE_Area": 0.00037696927259299999 }, "geometry": { "type": "MultiPolygon", "coordinates": [ [ [ [ 112.44158, -8.0994, 0.0 ], [ 112.441531163000036, -8.099605114999974, 0.0 ], [ 112.441527897000014, -8.09960528199997, 0.0 ], [ 112.441325783000025, -8.09971388799994, 0.0 ], [ 112.441218707000075, -8.099797168999942, 0.0 ], [ 112.44114137400004, -8.099904244999948, 0.0 ], [ 112.441111631000012, -8.099975628999971, 0.0 ], [ 112.441105682000057, -8.100041063999981, 0.0 ], [ 112.441105682000057, -8.100136241999962, 0.0 ], [ 112.441128673000094, -8.100356681999926, 0.0 ], [ 112.441075939000029, -8.100451520999968, 0.0 ], [ 112.44109973400009, -8.100832234999928, 0.0 ], [ 112.44120680900005, -8.101123718999929, 0.0 ], [ 112.44133303000001, -8.101306859999966, 0.0 ], [ 112.44147, -8.10175, 0.0 ], [ 112.441420000000107, -8.10189, 0.0 ], [ 112.44138, -8.10195, 0.0 ], [ 112.441300145000014, -8.102089745999933, 0.0 ], [ 112.441217327000118, -8.102758799999947, 0.0 ], [ 112.441462602000115, -8.103289027999949, 0.0 ], [ 112.44141095000009, -8.103488170999981, 0.0 ], [ 112.441411849000019, -8.103490554999951, 0.0 ], [ 112.441349577000096, -8.103544819999968, 0.0 ], [ 112.44137932000001, -8.103705433999949, 0.0 ], [ 112.441426910000018, -8.103806560999942, 0.0 ], [ 112.441551345000107, -8.103864808999958, 0.0 ], [ 112.441783829000087, -8.103943379999976, 0.0 ], [ 112.441867110000089, -8.104050455999925, 0.0 ], [ 112.441879007000011, -8.104103992999967, 0.0 ], [ 112.441618800000015, -8.104517722999958, 0.0 ], [ 112.441510000000108, -8.10466, 0.0 ], [ 112.44139, -8.10486, 0.0 ], [ 112.440875375000019, -8.106123169999933, 0.0 ], [ 112.440595288000054, -8.106328789999964, 0.0 ], [ 112.440481074000104, -8.106538181999952, 0.0 ], [ 112.440443002000052, -8.106738056999973, 0.0 ], [ 112.44036686000004, -8.107004555999936, 0.0 ], [ 112.440290717000039, -8.107109252999976, 0.0 ], [ 112.440271681000013, -8.107337680999933, 0.0 ], [ 112.440309753000065, -8.10745189499994, 0.0 ], [ 112.440262163000057, -8.107680322999954, 0.0 ], [ 112.440186021000045, -8.107765983999968, 0.0 ], [ 112.44012891400007, -8.107908751999958, 0.0 ], [ 112.440109878000044, -8.10806103699997, 0.0 ], [ 112.440189227000019, -8.108343717999958, 0.0 ], [ 112.44008, -8.10862, 0.0 ], [ 112.439879999000027, -8.10957, 0.0 ], [ 112.439890000000105, -8.10979, 0.0 ], [ 112.439979999000116, -8.11004, 0.0 ], [ 112.44013, -8.11024, 0.0 ], [ 112.44056, -8.11055, 0.0 ], [ 112.44093, -8.1107, 0.0 ], [ 112.441869999, -8.11102, 0.0 ], [ 112.442050000000108, -8.11115, 0.0 ], [ 112.44237, -8.11146, 0.0 ], [ 112.44251, -8.11155, 0.0 ], [ 112.442500000000109, -8.11179, 0.0 ], [ 112.44246, -8.11224, 0.0 ], [ 112.44246, -8.112489998999934, 0.0 ], [ 112.44239, -8.11258, 0.0 ], [ 112.44227, -8.11263, 0.0 ], [ 112.442140000000109, -8.11261, 0.0 ], [ 112.44199, -8.1125, 0.0 ], [ 112.441869999, -8.11232, 0.0 ], [ 112.44168, -8.112039998999933, 0.0 ], [ 112.44158, -8.11201, 0.0 ], [ 112.441439999000067, -8.11209, 0.0 ], [ 112.44132, -8.11224, 0.0 ], [ 112.44121, -8.11244, 0.0 ], [ 112.44123, -8.11256, 0.0 ], [ 112.44134, -8.11276, 0.0 ], [ 112.44174, -8.1133, 0.0 ], [ 112.44194, -8.11355, 0.0 ], [ 112.441960000000108, -8.11369, 0.0 ], [ 112.441960000000108, -8.11471, 0.0 ], [ 112.4418, -8.114809998999931, 0.0 ], [ 112.44153, -8.11486999899995, 0.0 ], [ 112.44132, -8.11496, 0.0 ], [ 112.44112, -8.1151, 0.0 ], [ 112.440880000000107, -8.115239998999925, 0.0 ], [ 112.44051, -8.11545, 0.0 ], [ 112.4405, -8.11572, 0.0 ], [ 112.44047, -8.11589, 0.0 ], [ 112.440389999000104, -8.11599, 0.0 ], [ 112.44026, -8.116019998999946, 0.0 ], [ 112.44014, -8.11597, 0.0 ], [ 112.439800000000105, -8.11582, 0.0 ], [ 112.43972, -8.11587, 0.0 ], [ 112.4397, -8.11597, 0.0 ], [ 112.439710000000105, -8.11636, 0.0 ], [ 112.4396, -8.1165, 0.0 ], [ 112.43936, -8.11688, 0.0 ], [ 112.439300000000117, -8.11696, 0.0 ], [ 112.43923, -8.1173, 0.0 ], [ 112.439159999000026, -8.11768, 0.0 ], [ 112.43909, -8.11769, 0.0 ], [ 112.43896, -8.11765, 0.0 ], [ 112.43868, -8.11755, 0.0 ], [ 112.43852, -8.11763, 0.0 ], [ 112.43847, -8.11772, 0.0 ], [ 112.43848, -8.11778, 0.0 ], [ 112.43848, -8.117909998999949, 0.0 ], [ 112.438540000000103, -8.11851, 0.0 ], [ 112.43856, -8.11893, 0.0 ], [ 112.43833999900005, -8.11925, 0.0 ], [ 112.4379, -8.11973, 0.0 ], [ 112.43778, -8.12004, 0.0 ], [ 112.437410000000114, -8.12093, 0.0 ], [ 112.43724, -8.12112, 0.0 ], [ 112.43698, -8.12131, 0.0 ], [ 112.43673, -8.121479998999973, 0.0 ], [ 112.43654, -8.12169, 0.0 ], [ 112.43619, -8.12209, 0.0 ], [ 112.43613, -8.122299998999949, 0.0 ], [ 112.435959999000033, -8.12292, 0.0 ], [ 112.43581, -8.12294, 0.0 ], [ 112.43533, -8.1228, 0.0 ], [ 112.43525000000011, -8.12285, 0.0 ], [ 112.43437, -8.12359, 0.0 ], [ 112.43433, -8.12374, 0.0 ], [ 112.43433, -8.124, 0.0 ], [ 112.43441, -8.124289998999927, 0.0 ], [ 112.43451, -8.124559998999928, 0.0 ], [ 112.434710000000109, -8.124989998999979, 0.0 ], [ 112.4347, -8.12513, 0.0 ], [ 112.43434, -8.12549, 0.0 ], [ 112.43433, -8.1256, 0.0 ], [ 112.434439999, -8.12582, 0.0 ], [ 112.43482, -8.12658, 0.0 ], [ 112.434789999000031, -8.1267, 0.0 ], [ 112.43465, -8.12697, 0.0 ], [ 112.43434, -8.1275, 0.0 ], [ 112.43437, -8.12763, 0.0 ], [ 112.43455, -8.12793, 0.0 ], [ 112.43512, -8.12884, 0.0 ], [ 112.43517999900007, -8.128909998999973, 0.0 ], [ 112.43543000000011, -8.12907, 0.0 ], [ 112.435609999, -8.12905, 0.0 ], [ 112.43576, -8.128989998999941, 0.0 ], [ 112.435979999000097, -8.128889998999966, 0.0 ], [ 112.43613, -8.128889998999966, 0.0 ], [ 112.43621, -8.12896, 0.0 ], [ 112.436420000000112, -8.12927, 0.0 ], [ 112.43668, -8.1298, 0.0 ], [ 112.43675999900006, -8.12995, 0.0 ], [ 112.43702, -8.13019, 0.0 ], [ 112.4373, -8.13036, 0.0 ], [ 112.43742, -8.130429998999944, 0.0 ], [ 112.43815, -8.13096, 0.0 ], [ 112.43848, -8.13132, 0.0 ], [ 112.43861, -8.13156, 0.0 ], [ 112.43868, -8.13173, 0.0 ], [ 112.43878, -8.13181, 0.0 ], [ 112.4395, -8.13193, 0.0 ], [ 112.439710000000105, -8.131969998999978, 0.0 ], [ 112.43991999900004, -8.13215, 0.0 ], [ 112.4401, -8.13229, 0.0 ], [ 112.44028, -8.132439998999928, 0.0 ], [ 112.440943320000088, -8.132758736999961, 0.0 ], [ 112.441587392000088, -8.13285704499998, 0.0 ], [ 112.44172302100003, -8.132907013999954, 0.0 ], [ 112.441865789000076, -8.132949843999938, 0.0 ], [ 112.44202283300001, -8.133071195999946, 0.0 ], [ 112.442054905000077, -8.133128925999927, 0.0 ], [ 112.442171549000022, -8.133378741999934, 0.0 ], [ 112.442164649, -8.133531962999939, 0.0 ], [ 112.441838425000014, -8.133688071999927, 0.0 ], [ 112.44178488700004, -8.133765403999973, 0.0 ], [ 112.441814630000067, -8.133914119999929, 0.0 ], [ 112.441899899000077, -8.13407069699997, 0.0 ], [ 112.44190148000007, -8.134113399999933, 0.0 ], [ 112.442012111000054, -8.134389975999966, 0.0 ], [ 112.44186, -8.13507, 0.0 ], [ 112.44176, -8.13532, 0.0 ], [ 112.44158, -8.13555, 0.0 ], [ 112.44141, -8.1357, 0.0 ], [ 112.44092, -8.1358, 0.0 ], [ 112.440790000000106, -8.13584, 0.0 ], [ 112.440639999000041, -8.135989998999946, 0.0 ], [ 112.44055, -8.13619, 0.0 ], [ 112.440520000000106, -8.13644, 0.0 ], [ 112.44055, -8.13656, 0.0 ], [ 112.440894968000066, -8.136594384999967, 0.0 ], [ 112.440990147000093, -8.136618179999971, 0.0 ], [ 112.441156709000097, -8.136671716999956, 0.0 ], [ 112.441222144000108, -8.13669551199996, 0.0 ], [ 112.441329220000057, -8.136743100999979, 0.0 ], [ 112.441335169000013, -8.136838279999949, 0.0 ], [ 112.441277230000082, -8.136986834999959, 0.0 ], [ 112.44128, -8.13699, 0.0 ], [ 112.4412, -8.13727, 0.0 ], [ 112.44114, -8.13742, 0.0 ], [ 112.441149999000118, -8.1375, 0.0 ], [ 112.44123, -8.13756, 0.0 ], [ 112.441436697000086, -8.137514066999927, 0.0 ], [ 112.441455331000043, -8.137414108999963, 0.0 ], [ 112.441494593000016, -8.137335586999939, 0.0 ], [ 112.441619514000081, -8.137253495999971, 0.0 ], [ 112.441690898000047, -8.137174972999958, 0.0 ], [ 112.44179440500011, -8.137153557999966, 0.0 ], [ 112.441837235000094, -8.137164265999957, 0.0 ], [ 112.441876496000077, -8.137274910999963, 0.0 ], [ 112.441922896000051, -8.137346294999929, 0.0 ], [ 112.441948816000036, -8.137518520999947, 0.0 ], [ 112.44194999900003, -8.13752, 0.0 ], [ 112.442, -8.13802, 0.0 ], [ 112.442009870000106, -8.138168044999929, 0.0 ], [ 112.442013174000067, -8.138172456999939, 0.0 ], [ 112.442319999, -8.13841, 0.0 ], [ 112.44244, -8.13852, 0.0 ], [ 112.442486079000105, -8.138722744999939, 0.0 ], [ 112.442430197000022, -8.138828460999946, 0.0 ], [ 112.442406402000074, -8.138923638999927, 0.0 ], [ 112.44235405400002, -8.139142549999974, 0.0 ], [ 112.442315983000071, -8.139290075999952, 0.0 ], [ 112.442306465000115, -8.139413807999972, 0.0 ], [ 112.442306465000115, -8.139523263999934, 0.0 ], [ 112.442344536000064, -8.139613682999936, 0.0 ], [ 112.442430197000022, -8.139685066999959, 0.0 ], [ 112.442589006000048, -8.13973312, 0.0 ], [ 112.44272525000008, -8.139680307999981, 0.0 ], [ 112.4428489820001, -8.139608923999958, 0.0 ], [ 112.44294891900006, -8.139589887999932, 0.0 ], [ 112.443044098000087, -8.13960416499998, 0.0 ], [ 112.443096446000027, -8.139689825999938, 0.0 ], [ 112.443091687000106, -8.139832592999937, 0.0 ], [ 112.443067892000045, -8.139932530999943, 0.0 ], [ 112.443067892000045, -8.140041985999972, 0.0 ], [ 112.443077410000114, -8.140113369999938, 0.0 ], [ 112.4430884410001, -8.140381107999929, 0.0 ], [ 112.443054453000059, -8.140405256999941, 0.0 ], [ 112.442931311000052, -8.140372730999957, 0.0 ], [ 112.442824235000103, -8.140347746999964, 0.0 ], [ 112.442742144000022, -8.140358453999966, 0.0 ], [ 112.442617222000081, -8.140419130999931, 0.0 ], [ 112.442467316000034, -8.140526205999947, 0.0 ], [ 112.442349533000083, -8.140676111999937, 0.0 ], [ 112.442113966000079, -8.140904540999941, 0.0 ], [ 112.441924799000049, -8.140986631999965, 0.0 ], [ 112.441617849000068, -8.140965216999973, 0.0 ], [ 112.44146080400003, -8.140986631999965, 0.0 ], [ 112.441264499000113, -8.14107586199998, 0.0 ], [ 112.441153854000049, -8.141179367999939, 0.0 ], [ 112.441036070000109, -8.141304289999937, 0.0 ], [ 112.440999094000063, -8.141499415999931, 0.0 ], [ 112.441032501000109, -8.141618378999965, 0.0 ], [ 112.441086039000083, -8.141718315999981, 0.0 ], [ 112.441139577000058, -8.141754007999964, 0.0 ], [ 112.441196684000033, -8.141796838999937, 0.0 ], [ 112.441260930000112, -8.141875360999961, 0.0 ], [ 112.44134659000008, -8.14201099, 0.0 ], [ 112.441432251000037, -8.14215732699995, 0.0 ], [ 112.441475081000021, -8.142235848999974, 0.0 ], [ 112.441517911, -8.142367908999972, 0.0 ], [ 112.441533365000055, -8.142521092999971, 0.0 ], [ 112.44157, -8.14259999899997, 0.0 ], [ 112.441588610000053, -8.14271165699995, 0.0 ], [ 112.441780842000071, -8.143137664999927, 0.0 ], [ 112.441733253000052, -8.143441045999964, 0.0 ], [ 112.441322487000093, -8.143779545999962, 0.0 ], [ 112.44096, -8.14421, 0.0 ], [ 112.4405, -8.1446, 0.0 ], [ 112.44042, -8.14469, 0.0 ], [ 112.44008, -8.1447, 0.0 ], [ 112.43995, -8.14469, 0.0 ], [ 112.43904, -8.14393, 0.0 ], [ 112.438809999000114, -8.14374, 0.0 ], [ 112.43857, -8.14363, 0.0 ], [ 112.43826, -8.1436, 0.0 ], [ 112.43766, -8.14343, 0.0 ], [ 112.43738, -8.14333, 0.0 ], [ 112.43716, -8.1432, 0.0 ], [ 112.4370100000001, -8.14306, 0.0 ], [ 112.43663, -8.14288, 0.0 ], [ 112.43638, -8.14281, 0.0 ], [ 112.43593, -8.14291, 0.0 ], [ 112.43574, -8.142949998999939, 0.0 ], [ 112.43515, -8.1428, 0.0 ], [ 112.43496, -8.1428, 0.0 ], [ 112.4347, -8.14288, 0.0 ], [ 112.43447, -8.14298, 0.0 ], [ 112.4342, -8.14304, 0.0 ], [ 112.4335, -8.14302, 0.0 ], [ 112.43311, -8.143069998999977, 0.0 ], [ 112.43276, -8.14312, 0.0 ], [ 112.43241, -8.143069998999977, 0.0 ], [ 112.43186, -8.14302, 0.0 ], [ 112.43149, -8.143009998999958, 0.0 ], [ 112.43114, -8.142929998999932, 0.0 ], [ 112.430539999000075, -8.142579998999963, 0.0 ], [ 112.43033, -8.14237, 0.0 ], [ 112.430129999000087, -8.14216, 0.0 ], [ 112.429620000000114, -8.1416, 0.0 ], [ 112.42946, -8.14135, 0.0 ], [ 112.42934999900001, -8.14088, 0.0 ], [ 112.42929, -8.140589998999928, 0.0 ], [ 112.42916, -8.140259998999966, 0.0 ], [ 112.42909, -8.1398, 0.0 ], [ 112.42909, -8.13961, 0.0 ], [ 112.4292200000001, -8.1393, 0.0 ], [ 112.42938, -8.13906, 0.0 ], [ 112.42942, -8.13897, 0.0 ], [ 112.42929, -8.138679998999976, 0.0 ], [ 112.42921, -8.13854, 0.0 ], [ 112.4293, -8.13806, 0.0 ], [ 112.42936, -8.13767, 0.0 ], [ 112.42936, -8.13748, 0.0 ], [ 112.4293, -8.13736, 0.0 ], [ 112.42888, -8.13727, 0.0 ], [ 112.4287, -8.13724, 0.0 ], [ 112.428270000000111, -8.13661, 0.0 ], [ 112.42817, -8.136339998999972, 0.0 ], [ 112.42821, -8.13565, 0.0 ], [ 112.428199999000071, -8.13539, 0.0 ], [ 112.428090000000111, -8.135149998999964, 0.0 ], [ 112.427849999000045, -8.13479, 0.0 ], [ 112.4277, -8.13413, 0.0 ], [ 112.42762, -8.1339, 0.0 ], [ 112.42758, -8.1338, 0.0 ], [ 112.4275, -8.13358, 0.0 ], [ 112.42732, -8.13303, 0.0 ], [ 112.42726, -8.13282, 0.0 ], [ 112.42732, -8.13269, 0.0 ], [ 112.42761, -8.13251, 0.0 ], [ 112.42804, -8.13237, 0.0 ], [ 112.428239999000084, -8.13231, 0.0 ], [ 112.4291300000001, -8.13176, 0.0 ], [ 112.429389999000023, -8.131599998999945, 0.0 ], [ 112.42981, -8.131289998999932, 0.0 ], [ 112.429980000000114, -8.13111, 0.0 ], [ 112.430070000000114, -8.13091, 0.0 ], [ 112.430089999000074, -8.130839998999932, 0.0 ], [ 112.430120000000102, -8.13079, 0.0 ], [ 112.43037, -8.13044999899995, 0.0 ], [ 112.43051, -8.13018, 0.0 ], [ 112.430869999000038, -8.12886, 0.0 ], [ 112.43092, -8.12849, 0.0 ], [ 112.430840000000103, -8.12796, 0.0 ], [ 112.43081, -8.12775, 0.0 ], [ 112.43071, -8.12727, 0.0 ], [ 112.430610000000115, -8.1265, 0.0 ], [ 112.430559999000025, -8.12619, 0.0 ], [ 112.43053, -8.12601, 0.0 ], [ 112.430390000000102, -8.12517, 0.0 ], [ 112.43036, -8.125, 0.0 ], [ 112.43028, -8.12446, 0.0 ], [ 112.43006, -8.123409998999932, 0.0 ], [ 112.43001, -8.12316, 0.0 ], [ 112.4304, -8.12138, 0.0 ], [ 112.43076, -8.12019, 0.0 ], [ 112.430840000000103, -8.11983, 0.0 ], [ 112.43086, -8.11924, 0.0 ], [ 112.43071, -8.11781, 0.0 ], [ 112.43069, -8.11761, 0.0 ], [ 112.43069, -8.11718, 0.0 ], [ 112.430790000000115, -8.11691, 0.0 ], [ 112.43086, -8.1167, 0.0 ], [ 112.430989999000076, -8.11638, 0.0 ], [ 112.43113, -8.116039998999952, 0.0 ], [ 112.431379999000114, -8.11545, 0.0 ], [ 112.43162, -8.11465, 0.0 ], [ 112.43182, -8.113229998999941, 0.0 ], [ 112.43193, -8.11219, 0.0 ], [ 112.43199, -8.11164, 0.0 ], [ 112.432059999000103, -8.11092999899995, 0.0 ], [ 112.43209, -8.110499998999956, 0.0 ], [ 112.43231, -8.109819998999967, 0.0 ], [ 112.43241, -8.10953, 0.0 ], [ 112.433360000000107, -8.1075, 0.0 ], [ 112.43412, -8.1055, 0.0 ], [ 112.43457, -8.10446, 0.0 ], [ 112.43512, -8.10306, 0.0 ], [ 112.43556, -8.10245, 0.0 ], [ 112.435880000000111, -8.10205, 0.0 ], [ 112.43625, -8.10154, 0.0 ], [ 112.43677, -8.10066, 0.0 ], [ 112.43711, -8.100009998999951, 0.0 ], [ 112.4374, -8.09931, 0.0 ], [ 112.43772, -8.09865, 0.0 ], [ 112.43806, -8.09791, 0.0 ], [ 112.438359999000113, -8.09736, 0.0 ], [ 112.438670000000116, -8.09715, 0.0 ], [ 112.43925, -8.09697, 0.0 ], [ 112.4397, -8.09678, 0.0 ], [ 112.44008, -8.09662, 0.0 ], [ 112.44048, -8.09628, 0.0 ], [ 112.44096, -8.09587, 0.0 ], [ 112.44091, -8.0961, 0.0 ], [ 112.440880000000107, -8.09631, 0.0 ], [ 112.440719999000066, -8.097, 0.0 ], [ 112.44069, -8.09732, 0.0 ], [ 112.44075, -8.097569998999973, 0.0 ], [ 112.44094, -8.098019998999973, 0.0 ], [ 112.441029999000079, -8.09823, 0.0 ], [ 112.441089999000042, -8.09863, 0.0 ], [ 112.44116, -8.09888, 0.0 ], [ 112.44128, -8.09910999899995, 0.0 ], [ 112.44141, -8.09927, 0.0 ], [ 112.44155, -8.09934, 0.0 ], [ 112.44158, -8.0994, 0.0 ] ] ] ] } },
{ "type": "Feature", "properties": { "OBJECTID": 116260.0, "KDPPUM": "35", "NAMOBJ": "Sumberagung", "REMARK": null, "KDPBPS": null, "FCODE": "BA03070040", "LUASWH": 4.31450832, "UUPP": "Hasil Delineasi Batas Desa 2019", "SRS_ID": "SRGI 2013", "METADATA": "TASWIL1000020200326DATA_BATAS_DESA_KELURAHAN", "KDEBPS": null, "KDEPUM": "35.05.21.2004", "KDCBPS": null, "KDCPUM": "35.05.21", "KDBBPS": null, "WADMKD": "Sumberagung", "WIADKD": null, "WADMKC": "Selorejo", "WIADKC": null, "WADMKK": "Blitar", "WIADKK": null, "WADMPR": "Jawa Timur", "WIADPR": null, "TIPADM": 1.0, "KDPKAB": "35.05", "SHAPE_Leng": 0.136587319284207, "SHAPE_Area": 0.00035403580454 }, "geometry": { "type": "MultiPolygon", "coordinates": [ [ [ [ 112.44096, -8.09587, 0.0 ], [ 112.44048, -8.09628, 0.0 ], [ 112.44008, -8.09662, 0.0 ], [ 112.4397, -8.09678, 0.0 ], [ 112.43925, -8.09697, 0.0 ], [ 112.438670000000116, -8.09715, 0.0 ], [ 112.438359999000113, -8.09736, 0.0 ], [ 112.43806, -8.09791, 0.0 ], [ 112.43772, -8.09865, 0.0 ], [ 112.4374, -8.09931, 0.0 ], [ 112.43711, -8.100009998999951, 0.0 ], [ 112.43677, -8.10066, 0.0 ], [ 112.43625, -8.10154, 0.0 ], [ 112.435880000000111, -8.10205, 0.0 ], [ 112.43556, -8.10245, 0.0 ], [ 112.43512, -8.10306, 0.0 ], [ 112.43457, -8.10446, 0.0 ], [ 112.43412, -8.1055, 0.0 ], [ 112.433360000000107, -8.1075, 0.0 ], [ 112.43241, -8.10953, 0.0 ], [ 112.43231, -8.109819998999967, 0.0 ], [ 112.43209, -8.110499998999956, 0.0 ], [ 112.432059999000103, -8.11092999899995, 0.0 ], [ 112.43199, -8.11164, 0.0 ], [ 112.43193, -8.11219, 0.0 ], [ 112.43182, -8.113229998999941, 0.0 ], [ 112.43162, -8.11465, 0.0 ], [ 112.431379999000114, -8.11545, 0.0 ], [ 112.43113, -8.116039998999952, 0.0 ], [ 112.430989999000076, -8.11638, 0.0 ], [ 112.43086, -8.1167, 0.0 ], [ 112.430790000000115, -8.11691, 0.0 ], [ 112.43069, -8.11718, 0.0 ], [ 112.43069, -8.11761, 0.0 ], [ 112.43071, -8.11781, 0.0 ], [ 112.43086, -8.11924, 0.0 ], [ 112.430840000000103, -8.11983, 0.0 ], [ 112.43076, -8.12019, 0.0 ], [ 112.4304, -8.12138, 0.0 ], [ 112.43001, -8.12316, 0.0 ], [ 112.43006, -8.123409998999932, 0.0 ], [ 112.43028, -8.12446, 0.0 ], [ 112.43036, -8.125, 0.0 ], [ 112.430390000000102, -8.12517, 0.0 ], [ 112.43053, -8.12601, 0.0 ], [ 112.430559999000025, -8.12619, 0.0 ], [ 112.430610000000115, -8.1265, 0.0 ], [ 112.43071, -8.12727, 0.0 ], [ 112.43081, -8.12775, 0.0 ], [ 112.430840000000103, -8.12796, 0.0 ], [ 112.43092, -8.12849, 0.0 ], [ 112.430869999000038, -8.12886, 0.0 ], [ 112.43051, -8.13018, 0.0 ], [ 112.43037, -8.13044999899995, 0.0 ], [ 112.430120000000102, -8.13079, 0.0 ], [ 112.430089999000074, -8.130839998999932, 0.0 ], [ 112.430070000000114, -8.13091, 0.0 ], [ 112.429980000000114, -8.13111, 0.0 ], [ 112.42981, -8.131289998999932, 0.0 ], [ 112.429389999000023, -8.131599998999945, 0.0 ], [ 112.4291300000001, -8.13176, 0.0 ], [ 112.428239999000084, -8.13231, 0.0 ], [ 112.42804, -8.13237, 0.0 ], [ 112.42788, -8.13237, 0.0 ], [ 112.42752, -8.13229, 0.0 ], [ 112.42739, -8.13221, 0.0 ], [ 112.42716, -8.13186, 0.0 ], [ 112.42696, -8.13157, 0.0 ], [ 112.42649, -8.131209998999964, 0.0 ], [ 112.426110000000108, -8.13117, 0.0 ], [ 112.42505, -8.13113, 0.0 ], [ 112.42437, -8.13115, 0.0 ], [ 112.423829999000077, -8.13116, 0.0 ], [ 112.42337, -8.13112, 0.0 ], [ 112.42199, -8.13029, 0.0 ], [ 112.421020000000112, -8.13139, 0.0 ], [ 112.42064, -8.13192, 0.0 ], [ 112.420359999000084, -8.13237, 0.0 ], [ 112.41989, -8.133, 0.0 ], [ 112.41973, -8.13327, 0.0 ], [ 112.41940000000011, -8.13347, 0.0 ], [ 112.41898, -8.13371, 0.0 ], [ 112.41866, -8.13381, 0.0 ], [ 112.418320000000108, -8.13391, 0.0 ], [ 112.41797, -8.13386, 0.0 ], [ 112.41768, -8.13368, 0.0 ], [ 112.41755, -8.13343, 0.0 ], [ 112.417510000000107, -8.13299, 0.0 ], [ 112.41754, -8.132789998999954, 0.0 ], [ 112.417510000000107, -8.13256, 0.0 ], [ 112.41743, -8.13241, 0.0 ], [ 112.41736, -8.13218, 0.0 ], [ 112.41737, -8.132009998999933, 0.0 ], [ 112.41736, -8.13174, 0.0 ], [ 112.417199999000104, -8.13148, 0.0 ], [ 112.417, -8.13126, 0.0 ], [ 112.41684, -8.13141, 0.0 ], [ 112.416519999000116, -8.1315, 0.0 ], [ 112.416160000000104, -8.13154, 0.0 ], [ 112.41597, -8.13152, 0.0 ], [ 112.41578, -8.13143, 0.0 ], [ 112.41528, -8.13072, 0.0 ], [ 112.41507, -8.13044999899995, 0.0 ], [ 112.41489, -8.13038, 0.0 ], [ 112.4146, -8.12982, 0.0 ], [ 112.414469999000062, -8.12947, 0.0 ], [ 112.41444, -8.12903, 0.0 ], [ 112.41448, -8.12883, 0.0 ], [ 112.41444, -8.12857, 0.0 ], [ 112.41439, -8.128069998999933, 0.0 ], [ 112.41434, -8.1271, 0.0 ], [ 112.41423, -8.12697, 0.0 ], [ 112.41403, -8.12687, 0.0 ], [ 112.4136400000001, -8.12677, 0.0 ], [ 112.41266, -8.126629998999931, 0.0 ], [ 112.41232, -8.12654, 0.0 ], [ 112.41222, -8.12642, 0.0 ], [ 112.412149999, -8.12627, 0.0 ], [ 112.412209999000083, -8.12592, 0.0 ], [ 112.41187, -8.12568, 0.0 ], [ 112.41147, -8.1255, 0.0 ], [ 112.411039999000081, -8.12543, 0.0 ], [ 112.41006, -8.12543999899998, 0.0 ], [ 112.409849999000016, -8.12557, 0.0 ], [ 112.40948, -8.125849998999968, 0.0 ], [ 112.40922, -8.12594, 0.0 ], [ 112.409049999000104, -8.126, 0.0 ], [ 112.40887, -8.126, 0.0 ], [ 112.408730000000105, -8.12593, 0.0 ], [ 112.408550000000105, -8.12586, 0.0 ], [ 112.408619999000052, -8.125809998999955, 0.0 ], [ 112.408820000000105, -8.12586, 0.0 ], [ 112.40898, -8.12584, 0.0 ], [ 112.409090000000106, -8.12553, 0.0 ], [ 112.40922, -8.12502, 0.0 ], [ 112.40929, -8.12441, 0.0 ], [ 112.409459999000092, -8.123899998999946, 0.0 ], [ 112.409459999000092, -8.12329, 0.0 ], [ 112.4095, -8.12322, 0.0 ], [ 112.40997, -8.12311, 0.0 ], [ 112.41027, -8.123039998999957, 0.0 ], [ 112.41039, -8.122979998999938, 0.0 ], [ 112.410509999000055, -8.122729998999944, 0.0 ], [ 112.410620000000108, -8.122279998999943, 0.0 ], [ 112.41067, -8.122199998999974, 0.0 ], [ 112.41128, -8.12199, 0.0 ], [ 112.41171, -8.12171, 0.0 ], [ 112.41171999900007, -8.12184, 0.0 ], [ 112.41186, -8.121849998999949, 0.0 ], [ 112.41202, -8.12192, 0.0 ], [ 112.41222, -8.122279998999943, 0.0 ], [ 112.41228, -8.12238, 0.0 ], [ 112.41245, -8.12241, 0.0 ], [ 112.41281, -8.12165, 0.0 ], [ 112.413230000000112, -8.121089998999935, 0.0 ], [ 112.41348, -8.12083, 0.0 ], [ 112.41379, -8.120639998999934, 0.0 ], [ 112.41402, -8.12056, 0.0 ], [ 112.414509999000074, -8.12044, 0.0 ], [ 112.41537, -8.12015, 0.0 ], [ 112.41583, -8.12005, 0.0 ], [ 112.41658, -8.12005, 0.0 ], [ 112.41674, -8.12003, 0.0 ], [ 112.41693, -8.119919998999933, 0.0 ], [ 112.417060000000106, -8.11979, 0.0 ], [ 112.417219999000054, -8.11954, 0.0 ], [ 112.41734, -8.119449998999926, 0.0 ], [ 112.41772, -8.11935, 0.0 ], [ 112.41792, -8.1193, 0.0 ], [ 112.41801999900008, -8.11923, 0.0 ], [ 112.418059999000093, -8.11899, 0.0 ], [ 112.418079999000042, -8.11893, 0.0 ], [ 112.418409999, -8.11883, 0.0 ], [ 112.418770000000109, -8.118749998999931, 0.0 ], [ 112.419, -8.11864, 0.0 ], [ 112.41918, -8.11847, 0.0 ], [ 112.41927, -8.11833, 0.0 ], [ 112.41933, -8.11822, 0.0 ], [ 112.41955, -8.117989998999974, 0.0 ], [ 112.41979, -8.11785, 0.0 ], [ 112.41984, -8.11782, 0.0 ], [ 112.42008, -8.11776, 0.0 ], [ 112.42055, -8.11763, 0.0 ], [ 112.42088, -8.11751, 0.0 ], [ 112.421110000000112, -8.11745, 0.0 ], [ 112.42128, -8.11736, 0.0 ], [ 112.4214, -8.117249998999966, 0.0 ], [ 112.42146, -8.11708, 0.0 ], [ 112.42144, -8.11694, 0.0 ], [ 112.42137, -8.11651, 0.0 ], [ 112.42139, -8.11632, 0.0 ], [ 112.42144, -8.1162, 0.0 ], [ 112.42172, -8.11617, 0.0 ], [ 112.42193, -8.11619, 0.0 ], [ 112.42203, -8.11623, 0.0 ], [ 112.42214, -8.11642, 0.0 ], [ 112.422240000000102, -8.11662, 0.0 ], [ 112.4223, -8.11669, 0.0 ], [ 112.42247, -8.11661, 0.0 ], [ 112.422719999000037, -8.116429998999934, 0.0 ], [ 112.422910000000115, -8.11634, 0.0 ], [ 112.42312, -8.11628, 0.0 ], [ 112.42329, -8.11615, 0.0 ], [ 112.423539999000013, -8.11571, 0.0 ], [ 112.42375, -8.11539, 0.0 ], [ 112.423889999000039, -8.115239998999925, 0.0 ], [ 112.42425, -8.11509, 0.0 ], [ 112.42441, -8.11501, 0.0 ], [ 112.424490000000105, -8.114849998999944, 0.0 ], [ 112.42457, -8.1147, 0.0 ], [ 112.4247, -8.11455, 0.0 ], [ 112.42487, -8.11443, 0.0 ], [ 112.42516, -8.114379998999937, 0.0 ], [ 112.42591, -8.114439998999956, 0.0 ], [ 112.42654, -8.11456, 0.0 ], [ 112.426619999000081, -8.11456, 0.0 ], [ 112.42667, -8.11449, 0.0 ], [ 112.426619999000081, -8.11428, 0.0 ], [ 112.42652, -8.114109998999936, 0.0 ], [ 112.42642, -8.114, 0.0 ], [ 112.4267, -8.11359, 0.0 ], [ 112.426969999000107, -8.113249998999947, 0.0 ], [ 112.42729, -8.11276, 0.0 ], [ 112.427910000000111, -8.112139998999965, 0.0 ], [ 112.4281, -8.11194, 0.0 ], [ 112.428139999000109, -8.11183, 0.0 ], [ 112.428090000000111, -8.11168, 0.0 ], [ 112.42798, -8.11153, 0.0 ], [ 112.427789999000083, -8.111379998999951, 0.0 ], [ 112.42769, -8.11123, 0.0 ], [ 112.42819, -8.11051, 0.0 ], [ 112.42843, -8.11014, 0.0 ], [ 112.42848, -8.10991, 0.0 ], [ 112.42838, -8.1095, 0.0 ], [ 112.428259999000034, -8.10911, 0.0 ], [ 112.4281, -8.10876, 0.0 ], [ 112.42789, -8.108509998999978, 0.0 ], [ 112.42776999900002, -8.10838, 0.0 ], [ 112.42769, -8.10809, 0.0 ], [ 112.42767, -8.10792, 0.0 ], [ 112.42772, -8.1077, 0.0 ], [ 112.42786, -8.10757, 0.0 ], [ 112.42792, -8.1076, 0.0 ], [ 112.42804, -8.10784, 0.0 ], [ 112.42808, -8.10792, 0.0 ], [ 112.42819, -8.10796, 0.0 ], [ 112.4283, -8.107439998999951, 0.0 ], [ 112.428360000000112, -8.10713, 0.0 ], [ 112.42846, -8.106949998999937, 0.0 ], [ 112.428549999000097, -8.10686, 0.0 ], [ 112.42867, -8.10683, 0.0 ], [ 112.4288600000001, -8.10691, 0.0 ], [ 112.428990000000113, -8.106969998999944, 0.0 ], [ 112.42915, -8.10698, 0.0 ], [ 112.42942, -8.1068, 0.0 ], [ 112.42951, -8.10667, 0.0 ], [ 112.42947, -8.106, 0.0 ], [ 112.42946, -8.10583, 0.0 ], [ 112.42975, -8.1055, 0.0 ], [ 112.42996, -8.10527, 0.0 ], [ 112.4302, -8.105019998999978, 0.0 ], [ 112.43068, -8.10484, 0.0 ], [ 112.43062, -8.10451, 0.0 ], [ 112.430599999000037, -8.10433, 0.0 ], [ 112.43074, -8.10408, 0.0 ], [ 112.43141, -8.10353, 0.0 ], [ 112.431830000000105, -8.10316, 0.0 ], [ 112.432529999000053, -8.1024, 0.0 ], [ 112.43258, -8.10232, 0.0 ], [ 112.432529999000053, -8.10224, 0.0 ], [ 112.43224, -8.10213, 0.0 ], [ 112.432050000000118, -8.10201, 0.0 ], [ 112.4319, -8.10179, 0.0 ], [ 112.43184, -8.10167, 0.0 ], [ 112.43188, -8.10141, 0.0 ], [ 112.43193, -8.10131, 0.0 ], [ 112.432010000000105, -8.10127, 0.0 ], [ 112.432099999000116, -8.10129, 0.0 ], [ 112.43234, -8.10163, 0.0 ], [ 112.43241, -8.1017, 0.0 ], [ 112.43261, -8.10174, 0.0 ], [ 112.43281, -8.10171, 0.0 ], [ 112.43312, -8.1016, 0.0 ], [ 112.43332999900008, -8.10143, 0.0 ], [ 112.43344, -8.10128, 0.0 ], [ 112.43347, -8.10099, 0.0 ], [ 112.433450000000107, -8.10084, 0.0 ], [ 112.43332, -8.1005, 0.0 ], [ 112.433289999000067, -8.100319998999964, 0.0 ], [ 112.43339, -8.09981, 0.0 ], [ 112.43342, -8.09959, 0.0 ], [ 112.4334, -8.099519998999938, 0.0 ], [ 112.433450000000107, -8.09949, 0.0 ], [ 112.43357, -8.09947, 0.0 ], [ 112.43358, -8.09936, 0.0 ], [ 112.433810000000108, -8.09933, 0.0 ], [ 112.43412, -8.09922, 0.0 ], [ 112.43503, -8.09827, 0.0 ], [ 112.43533, -8.097979998999961, 0.0 ], [ 112.43553, -8.09779, 0.0 ], [ 112.43594, -8.09703, 0.0 ], [ 112.43628, -8.096089998999958, 0.0 ], [ 112.43659, -8.09554, 0.0 ], [ 112.43698, -8.09502, 0.0 ], [ 112.437410000000114, -8.094429998999942, 0.0 ], [ 112.437559999000086, -8.09418, 0.0 ], [ 112.43763, -8.09384, 0.0 ], [ 112.43766, -8.09379, 0.0 ], [ 112.4377, -8.093709998999941, 0.0 ], [ 112.43787, -8.092539998999939, 0.0 ], [ 112.43792, -8.09226, 0.0 ], [ 112.43812, -8.091309998999975, 0.0 ], [ 112.43855, -8.09008, 0.0 ], [ 112.438720000000103, -8.09047, 0.0 ], [ 112.43892, -8.09105, 0.0 ], [ 112.43907, -8.09165, 0.0 ], [ 112.439210000000116, -8.092109998999945, 0.0 ], [ 112.439469999000039, -8.09241, 0.0 ], [ 112.44001, -8.09251, 0.0 ], [ 112.440719999000066, -8.09274, 0.0 ], [ 112.44128, -8.09296, 0.0 ], [ 112.44162, -8.0932, 0.0 ], [ 112.44199, -8.09357, 0.0 ], [ 112.44192, -8.09378, 0.0 ], [ 112.4418, -8.094079998999973, 0.0 ], [ 112.44173, -8.094469998999955, 0.0 ], [ 112.44176, -8.09464, 0.0 ], [ 112.44175, -8.0947, 0.0 ], [ 112.44171, -8.094819998999981, 0.0 ], [ 112.44149999900003, -8.09514, 0.0 ], [ 112.44132, -8.09532, 0.0 ], [ 112.441069999000092, -8.09559, 0.0 ], [ 112.44096, -8.09587, 0.0 ] ] ] ] } },
{ "type": "Feature", "properties": { "OBJECTID": 116262.0, "KDPPUM": "35", "NAMOBJ": "Sidomulyo", "REMARK": null, "KDPBPS": null, "FCODE": "BA03070040", "LUASWH": 8.73096045, "UUPP": "Hasil Delineasi Batas Desa 2019", "SRS_ID": "SRGI 2013", "METADATA": "TASWIL1000020200326DATA_BATAS_DESA_KELURAHAN", "KDEBPS": null, "KDEPUM": "35.05.21.2006", "KDCBPS": null, "KDCPUM": "35.05.21", "KDBBPS": null, "WADMKD": "Sidomulyo", "WIADKD": null, "WADMKC": "Selorejo", "WIADKC": null, "WADMKK": "Blitar", "WIADKK": null, "WADMPR": "Jawa Timur", "WIADPR": null, "TIPADM": 1.0, "KDPKAB": "35.05", "SHAPE_Leng": 0.13772534210554299, "SHAPE_Area": 0.00071635989740100004 }, "geometry": { "type": "MultiPolygon", "coordinates": [ [ [ [ 112.455703672000027, -8.066169894999973, 0.0 ], [ 112.455703672000027, -8.066172465999955, 0.0 ], [ 112.455810498, -8.066237315999956, 0.0 ], [ 112.456375070000036, -8.066412786999933, 0.0 ], [ 112.457031187000098, -8.066659783999967, 0.0 ], [ 112.457031185, -8.066659941999944, 0.0 ], [ 112.457023570000047, -8.067223412999965, 0.0 ], [ 112.457115115000079, -8.06733879899997, 0.0 ], [ 112.457221941000057, -8.067380774999947, 0.0 ], [ 112.457542370000056, -8.067404615999976, 0.0 ], [ 112.457755974000065, -8.067436073999943, 0.0 ], [ 112.45780177000006, -8.067510449999929, 0.0 ], [ 112.4577636140001, -8.067820409999968, 0.0 ], [ 112.457794129000035, -8.068126524999968, 0.0 ], [ 112.457885698000041, -8.068979125999931, 0.0 ], [ 112.457817027000033, -8.069116442999928, 0.0 ], [ 112.457549987000107, -8.06965052399994, 0.0 ], [ 112.457321102000037, -8.070191254999941, 0.0 ], [ 112.45723719800003, -8.070623273999956, 0.0 ], [ 112.457282946000078, -8.070769173999963, 0.0 ], [ 112.457382131000031, -8.070811125999967, 0.0 ], [ 112.457603400000039, -8.070770141999958, 0.0 ], [ 112.457908572000065, -8.070721467999931, 0.0 ], [ 112.45812981600011, -8.070773937999945, 0.0 ], [ 112.458145098000045, -8.070824472999959, 0.0 ], [ 112.457824644000084, -8.071292737999954, 0.0 ], [ 112.457733100000041, -8.071635096999955, 0.0 ], [ 112.457588142000077, -8.071914518999961, 0.0 ], [ 112.457435568000051, -8.072052802999963, 0.0 ], [ 112.457252431000029, -8.072142460999942, 0.0 ], [ 112.456825200000026, -8.072338919999936, 0.0 ], [ 112.456695500000023, -8.072523919999981, 0.0 ], [ 112.456657344000064, -8.072588769999982, 0.0 ], [ 112.456611596000016, -8.072788106999951, 0.0 ], [ 112.456664985000089, -8.072998856999959, 0.0 ], [ 112.456809942000064, -8.07325349499996, 0.0 ], [ 112.45693200200003, -8.07343184399997, 0.0 ], [ 112.456954900000028, -8.073587271999941, 0.0 ], [ 112.456848098000023, -8.073957293999968, 0.0 ], [ 112.45648187200004, -8.074849934999975, 0.0 ], [ 112.456535285000086, -8.07505976799996, 0.0 ], [ 112.45663447000004, -8.075270517999968, 0.0 ], [ 112.456687883000086, -8.075384960999941, 0.0 ], [ 112.457023570000047, -8.076013414999977, 0.0 ], [ 112.457038828, -8.076208931999929, 0.0 ], [ 112.456901487000096, -8.076289039999949, 0.0 ], [ 112.456764170000042, -8.076261378999959, 0.0 ], [ 112.45655815900011, -8.076162217999979, 0.0 ], [ 112.456191957000101, -8.075974315999929, 0.0 ], [ 112.45603174300004, -8.076043928999979, 0.0 ], [ 112.455902043000037, -8.076238504999935, 0.0 ], [ 112.455764726000098, -8.076606616999925, 0.0 ], [ 112.455856271000016, -8.076863138999954, 0.0 ], [ 112.455978330000107, -8.07696329099997, 0.0 ], [ 112.456130928000107, -8.07698236799996, 0.0 ], [ 112.456603931000018, -8.077001422999956, 0.0 ], [ 112.456794685000091, -8.077092023999967, 0.0 ], [ 112.456916768000042, -8.077240801999949, 0.0 ], [ 112.456962541000053, -8.077568871999972, 0.0 ], [ 112.45686335500011, -8.077893121999978, 0.0 ], [ 112.45673363100002, -8.07816013799993, 0.0 ], [ 112.456603931000018, -8.078220224999939, 0.0 ], [ 112.456390328000111, -8.07825741399995, 0.0 ], [ 112.455345111000042, -8.078333699999973, 0.0 ], [ 112.455329830000096, -8.078412887999946, 0.0 ], [ 112.455352728000094, -8.07860644799996, 0.0 ], [ 112.455413782000051, -8.078767629999959, 0.0 ], [ 112.455581613000049, -8.078924991999941, 0.0 ], [ 112.455886785000075, -8.079284518999941, 0.0 ], [ 112.456108030000109, -8.079608792999977, 0.0 ], [ 112.456245370000033, -8.079945423999959, 0.0 ], [ 112.456329274000041, -8.080139972999973, 0.0 ], [ 112.456291143000044, -8.080202912999937, 0.0 ], [ 112.456016485000077, -8.080680703999974, 0.0 ], [ 112.456108030000109, -8.08073793799997, 0.0 ], [ 112.456321657000103, -8.08078274199994, 0.0 ], [ 112.456664985000089, -8.080802786999925, 0.0 ], [ 112.456764170000042, -8.080900061999955, 0.0 ], [ 112.456787069000029, -8.08100877399994, 0.0 ], [ 112.45673363100002, -8.081148001999964, 0.0 ], [ 112.456497130000116, -8.08148465599993, 0.0 ], [ 112.455856271000016, -8.082553711999935, 0.0 ], [ 112.455734211000049, -8.083200326999929, 0.0 ], [ 112.455680174, -8.083528258999934, 0.0 ], [ 112.45566554100003, -8.083617064999942, 0.0 ], [ 112.455367985000066, -8.085053290999952, 0.0 ], [ 112.455200130000094, -8.085350846999972, 0.0 ], [ 112.454940754000063, -8.085863914999948, 0.0 ], [ 112.454727102000106, -8.086400849999961, 0.0 ], [ 112.454650815000036, -8.086854800999959, 0.0 ], [ 112.454482960000064, -8.087293492999947, 0.0 ], [ 112.454223584000033, -8.087662571999942, 0.0 ], [ 112.454101501000082, -8.087883816999977, 0.0 ], [ 112.454078602000095, -8.088120318999927, 0.0 ], [ 112.454139656000052, -8.088383538999949, 0.0 ], [ 112.454338027000063, -8.088754527999981, 0.0 ], [ 112.454673713000034, -8.089299077999954, 0.0 ], [ 112.45482628700006, -8.089952341999947, 0.0 ], [ 112.454780515000039, -8.090088715999968, 0.0 ], [ 112.454643199000088, -8.09022032699994, 0.0 ], [ 112.454399056000057, -8.09033474499995, 0.0 ], [ 112.454238841, -8.090439660999948, 0.0 ], [ 112.454276973000105, -8.090544551999926, 0.0 ], [ 112.454559295000081, -8.090881205999949, 0.0 ], [ 112.454627941000012, -8.091019489999951, 0.0 ], [ 112.454811054000061, -8.091564983999945, 0.0 ], [ 112.454879700000106, -8.092030395999927, 0.0 ], [ 112.454879700000106, -8.093009818999974, 0.0 ], [ 112.454879700000106, -8.093241556999942, 0.0 ], [ 112.454742384000042, -8.093580096999972, 0.0 ], [ 112.454742384000042, -8.09365735199998, 0.0 ], [ 112.454750000000104, -8.093793724999955, 0.0 ], [ 112.454734767000105, -8.094110358999956, 0.0 ], [ 112.454658432000087, -8.09447752799997, 0.0 ], [ 112.454650815000036, -8.094525209999972, 0.0 ], [ 112.45449824100001, -8.094817010999975, 0.0 ], [ 112.454437212000016, -8.094851345999928, 0.0 ], [ 112.454116782000028, -8.095341539999936, 0.0 ], [ 112.454070986000033, -8.095539911999936, 0.0 ], [ 112.454063369000096, -8.095985277999944, 0.0 ], [ 112.454086267000093, -8.096321931999967, 0.0 ], [ 112.454076661000045, -8.09649877499993, 0.0 ], [ 112.454070986000033, -8.096603261999974, 0.0 ], [ 112.454048112, -8.09698377899997, 0.0 ], [ 112.453964184000029, -8.097150666999937, 0.0 ], [ 112.453773454000043, -8.097310905999962, 0.0 ], [ 112.45352167100009, -8.097429144999978, 0.0 ], [ 112.453170727000042, -8.097610323999959, 0.0 ], [ 112.453178343000104, -8.09781727799998, 0.0 ], [ 112.453247014000112, -8.097928866999951, 0.0 ], [ 112.453353816000117, -8.097989895999945, 0.0 ], [ 112.453491156000041, -8.098000390999971, 0.0 ], [ 112.454132015000027, -8.098036635999961, 0.0 ], [ 112.454048112, -8.09828648499996, 0.0 ], [ 112.453872615000023, -8.098827215999961, 0.0 ], [ 112.45391079500007, -8.098969319999981, 0.0 ], [ 112.454063369000096, -8.099286895999967, 0.0 ], [ 112.454109141000117, -8.099700803999951, 0.0 ], [ 112.454132015000027, -8.099762776999967, 0.0 ], [ 112.454177788000038, -8.099770416999945, 0.0 ], [ 112.454482960000064, -8.099720825999952, 0.0 ], [ 112.454566912000018, -8.099751339999955, 0.0 ], [ 112.45457452800008, -8.099856231999979, 0.0 ], [ 112.454505858000061, -8.099938273999953, 0.0 ], [ 112.454330386000038, -8.100029793999965, 0.0 ], [ 112.45400995600005, -8.100127092999969, 0.0 ], [ 112.453697143000113, -8.100256791999925, 0.0 ], [ 112.453651371000092, -8.100332111999933, 0.0 ], [ 112.453659012000116, -8.100578165999934, 0.0 ], [ 112.453735299000073, -8.100739347999934, 0.0 ], [ 112.453918412, -8.100927222999928, 0.0 ], [ 112.454482960000064, -8.101450786999976, 0.0 ], [ 112.45461268400004, -8.101639606999981, 0.0 ], [ 112.454757228000062, -8.101999132999936, 0.0 ], [ 112.453959999000062, -8.10175, 0.0 ], [ 112.45337, -8.10164, 0.0 ], [ 112.453255423000087, -8.101628307999931, 0.0 ], [ 112.45224865900002, -8.101700737999977, 0.0 ], [ 112.451192178000042, -8.101767362999965, 0.0 ], [ 112.45026894700004, -8.101786397999945, 0.0 ], [ 112.449498002000041, -8.101833987999953, 0.0 ], [ 112.448948346000066, -8.101875627999959, 0.0 ], [ 112.448763350000036, -8.101850858999967, 0.0 ], [ 112.447157802000106, -8.101881576999972, 0.0 ], [ 112.445968071000038, -8.101816141999961, 0.0 ], [ 112.44605419100003, -8.101061610999977, 0.0 ], [ 112.445920000000115, -8.10101, 0.0 ], [ 112.44548, -8.10064, 0.0 ], [ 112.44506, -8.10024, 0.0 ], [ 112.44476, -8.10002, 0.0 ], [ 112.44431, -8.09985, 0.0 ], [ 112.44391, -8.09981, 0.0 ], [ 112.443489999, -8.0998, 0.0 ], [ 112.44323, -8.09983, 0.0 ], [ 112.44281, -8.09987, 0.0 ], [ 112.44247, -8.099949998999932, 0.0 ], [ 112.44211, -8.10005, 0.0 ], [ 112.441909999000018, -8.10005, 0.0 ], [ 112.44173, -8.099929998999926, 0.0 ], [ 112.441600000000108, -8.09977, 0.0 ], [ 112.44158, -8.0994, 0.0 ], [ 112.44155, -8.09934, 0.0 ], [ 112.44141, -8.09927, 0.0 ], [ 112.44128, -8.09910999899995, 0.0 ], [ 112.44116, -8.09888, 0.0 ], [ 112.441089999000042, -8.09863, 0.0 ], [ 112.441029999000079, -8.09823, 0.0 ], [ 112.44094, -8.098019998999973, 0.0 ], [ 112.44075, -8.097569998999973, 0.0 ], [ 112.44069, -8.09732, 0.0 ], [ 112.440719999000066, -8.097, 0.0 ], [ 112.440880000000107, -8.09631, 0.0 ], [ 112.44091, -8.0961, 0.0 ], [ 112.44096, -8.09587, 0.0 ], [ 112.441069999000092, -8.09559, 0.0 ], [ 112.44132, -8.09532, 0.0 ], [ 112.44149999900003, -8.09514, 0.0 ], [ 112.44171, -8.094819998999981, 0.0 ], [ 112.44175, -8.0947, 0.0 ], [ 112.44176, -8.09464, 0.0 ], [ 112.44173, -8.094469998999955, 0.0 ], [ 112.4418, -8.094079998999973, 0.0 ], [ 112.44192, -8.09378, 0.0 ], [ 112.44199, -8.09357, 0.0 ], [ 112.44162, -8.0932, 0.0 ], [ 112.44128, -8.09296, 0.0 ], [ 112.440719999000066, -8.09274, 0.0 ], [ 112.44001, -8.09251, 0.0 ], [ 112.439469999000039, -8.09241, 0.0 ], [ 112.439210000000116, -8.092109998999945, 0.0 ], [ 112.43907, -8.09165, 0.0 ], [ 112.43892, -8.09105, 0.0 ], [ 112.438720000000103, -8.09047, 0.0 ], [ 112.43855, -8.09008, 0.0 ], [ 112.437929999000062, -8.08963, 0.0 ], [ 112.43739, -8.08924, 0.0 ], [ 112.43677, -8.08906, 0.0 ], [ 112.435880000000111, -8.08888, 0.0 ], [ 112.43504, -8.08878, 0.0 ], [ 112.43385, -8.08863, 0.0 ], [ 112.43307, -8.08857, 0.0 ], [ 112.43217, -8.08851, 0.0 ], [ 112.43122, -8.08846, 0.0 ], [ 112.43046, -8.08826, 0.0 ], [ 112.42987, -8.08794, 0.0 ], [ 112.42945, -8.08762, 0.0 ], [ 112.42923, -8.08721, 0.0 ], [ 112.42919, -8.08675, 0.0 ], [ 112.429329999000061, -8.086259998999935, 0.0 ], [ 112.42963, -8.08568, 0.0 ], [ 112.43045, -8.08486, 0.0 ], [ 112.431290000000104, -8.08406, 0.0 ], [ 112.43193, -8.08328, 0.0 ], [ 112.432370000000105, -8.08249, 0.0 ], [ 112.43296, -8.08141, 0.0 ], [ 112.43342, -8.080389998999976, 0.0 ], [ 112.43378, -8.079649998999969, 0.0 ], [ 112.43398, -8.07915, 0.0 ], [ 112.434080000000108, -8.07861, 0.0 ], [ 112.43402, -8.078129998999941, 0.0 ], [ 112.433630000000107, -8.07755, 0.0 ], [ 112.433249999000054, -8.07711, 0.0 ], [ 112.43261, -8.07668, 0.0 ], [ 112.431920000000105, -8.07642, 0.0 ], [ 112.431299999000089, -8.076079998999944, 0.0 ], [ 112.43094, -8.0757, 0.0 ], [ 112.43046, -8.07522, 0.0 ], [ 112.43144, -8.07423, 0.0 ], [ 112.43191, -8.07358, 0.0 ], [ 112.43226, -8.072649998999964, 0.0 ], [ 112.432370000000105, -8.07247, 0.0 ], [ 112.43262, -8.07221, 0.0 ], [ 112.432529999000053, -8.07192, 0.0 ], [ 112.43275, -8.07117, 0.0 ], [ 112.43311, -8.07084, 0.0 ], [ 112.4335, -8.0705, 0.0 ], [ 112.43382, -8.07013, 0.0 ], [ 112.434170000000108, -8.06962, 0.0 ], [ 112.434479999000018, -8.06915, 0.0 ], [ 112.43473, -8.06876, 0.0 ], [ 112.43493, -8.068259998999963, 0.0 ], [ 112.43511, -8.06779, 0.0 ], [ 112.435259999000095, -8.06743999899993, 0.0 ], [ 112.43541, -8.067089998999961, 0.0 ], [ 112.43553, -8.06661, 0.0 ], [ 112.43576, -8.06597, 0.0 ], [ 112.43591, -8.06546, 0.0 ], [ 112.435959999000033, -8.06496, 0.0 ], [ 112.435979999000097, -8.06461, 0.0 ], [ 112.43622, -8.0646, 0.0 ], [ 112.4365, -8.06461, 0.0 ], [ 112.43677, -8.06463, 0.0 ], [ 112.437149999000098, -8.064689998999938, 0.0 ], [ 112.437370000000101, -8.0647, 0.0 ], [ 112.437619999000049, -8.06472, 0.0 ], [ 112.437860000000114, -8.0647, 0.0 ], [ 112.43825, -8.064669998999932, 0.0 ], [ 112.438580000000115, -8.06461, 0.0 ], [ 112.43868, -8.06459, 0.0 ], [ 112.43868, -8.06472, 0.0 ], [ 112.4387, -8.06487, 0.0 ], [ 112.4387, -8.065119998999933, 0.0 ], [ 112.43878, -8.0653, 0.0 ], [ 112.4394, -8.06583, 0.0 ], [ 112.439529999000115, -8.06619, 0.0 ], [ 112.4396, -8.066309998999941, 0.0 ], [ 112.43969, -8.06636, 0.0 ], [ 112.43982, -8.06634, 0.0 ], [ 112.44001, -8.06657, 0.0 ], [ 112.440329999000028, -8.06694, 0.0 ], [ 112.440719999000066, -8.06706, 0.0 ], [ 112.4413, -8.06728, 0.0 ], [ 112.4419, -8.0672, 0.0 ], [ 112.44225, -8.06698, 0.0 ], [ 112.44254, -8.06663, 0.0 ], [ 112.44278, -8.06607, 0.0 ], [ 112.44305999900007, -8.06526, 0.0 ], [ 112.4433, -8.06462, 0.0 ], [ 112.443489999, -8.0642, 0.0 ], [ 112.44374, -8.063969998999937, 0.0 ], [ 112.444, -8.0638, 0.0 ], [ 112.44428, -8.06376, 0.0 ], [ 112.44469, -8.06377, 0.0 ], [ 112.44517, -8.06406, 0.0 ], [ 112.44533, -8.064419998999938, 0.0 ], [ 112.445520000000101, -8.065179998999952, 0.0 ], [ 112.44571, -8.06572, 0.0 ], [ 112.44594, -8.06614, 0.0 ], [ 112.44632, -8.06649, 0.0 ], [ 112.44668, -8.0666, 0.0 ], [ 112.44742, -8.06669, 0.0 ], [ 112.447699999000065, -8.066679998999973, 0.0 ], [ 112.44823, -8.06669, 0.0 ], [ 112.448499999000092, -8.06665, 0.0 ], [ 112.44935, -8.06647, 0.0 ], [ 112.44951, -8.06645, 0.0 ], [ 112.44961, -8.06645, 0.0 ], [ 112.449749999, -8.06649, 0.0 ], [ 112.45018, -8.06661, 0.0 ], [ 112.45097, -8.06675, 0.0 ], [ 112.451269999000033, -8.06673, 0.0 ], [ 112.45188, -8.06659, 0.0 ], [ 112.45243, -8.06634, 0.0 ], [ 112.4526, -8.066289998999935, 0.0 ], [ 112.452950000000101, -8.06626, 0.0 ], [ 112.45341, -8.06626, 0.0 ], [ 112.45387, -8.0663, 0.0 ], [ 112.45422, -8.066349998999954, 0.0 ], [ 112.45458, -8.066329998999947, 0.0 ], [ 112.45487, -8.06628, 0.0 ], [ 112.45535, -8.06618, 0.0 ], [ 112.4557, -8.06617, 0.0 ], [ 112.455703672000027, -8.066169894999973, 0.0 ] ] ] ] } },
{ "type": "Feature", "properties": { "OBJECTID": 116263.0, "KDPPUM": "35", "NAMOBJ": "Ampelgading", "REMARK": null, "KDPBPS": null, "FCODE": "BA03070040", "LUASWH": 11.92411086, "UUPP": "Hasil Delineasi Batas Desa 2019", "SRS_ID": "SRGI 2013", "METADATA": "TASWIL1000020200326DATA_BATAS_DESA_KELURAHAN", "KDEBPS": null, "KDEPUM": "35.05.21.2007", "KDCBPS": null, "KDCPUM": "35.05.21", "KDBBPS": null, "WADMKD": "Ampelgading", "WIADKD": null, "WADMKC": "Selorejo", "WIADKC": null, "WADMKK": "Blitar", "WIADKK": null, "WADMPR": "Jawa Timur", "WIADPR": null, "TIPADM": 1.0, "KDPKAB": "35.05", "SHAPE_Leng": 0.210484900453868, "SHAPE_Area": 0.0009782407437649999 }, "geometry": { "type": "MultiPolygon", "coordinates": [ [ [ [ 112.462486044000116, -8.03312041099997, 0.0 ], [ 112.462196287000097, -8.033729409999978, 0.0 ], [ 112.462165773000038, -8.033808573999977, 0.0 ], [ 112.462104743000054, -8.033955440999932, 0.0 ], [ 112.461875858000099, -8.034350271999926, 0.0 ], [ 112.461540171000024, -8.034910056999934, 0.0 ], [ 112.461143430000106, -8.035500379999974, 0.0 ], [ 112.460662786000057, -8.035972464999929, 0.0 ], [ 112.460189782000043, -8.036292893999928, 0.0 ], [ 112.459907460000068, -8.036506521999968, 0.0 ], [ 112.459747269000104, -8.036715360999949, 0.0 ], [ 112.459716755000045, -8.03694139299995, 0.0 ], [ 112.459640444000115, -8.037628991999952, 0.0 ], [ 112.459472611000024, -8.037937041999953, 0.0 ], [ 112.459320014000014, -8.038231695999968, 0.0 ], [ 112.459243727000057, -8.038566438999965, 0.0 ], [ 112.459243727000057, -8.038776247999976, 0.0 ], [ 112.459274242000106, -8.039216849999946, 0.0 ], [ 112.459312396000087, -8.039826251999955, 0.0 ], [ 112.459281858000054, -8.040207709999947, 0.0 ], [ 112.459167440000101, -8.04060730499998, 0.0 ], [ 112.459037740000099, -8.041048874999944, 0.0 ], [ 112.459030099000074, -8.041287286999932, 0.0 ], [ 112.459152158000052, -8.04197394199997, 0.0 ], [ 112.459197931000062, -8.042308685999956, 0.0 ], [ 112.459281858000054, -8.043322444999944, 0.0 ], [ 112.459197931000062, -8.043532251999977, 0.0 ], [ 112.458915657000034, -8.043701049999981, 0.0 ], [ 112.458793598000057, -8.043824051999934, 0.0 ], [ 112.458686772000078, -8.044032915999935, 0.0 ], [ 112.458511299000065, -8.044390533999945, 0.0 ], [ 112.458389240000088, -8.044456350999951, 0.0 ], [ 112.45809168400001, -8.044576500999938, 0.0 ], [ 112.457984883000108, -8.04471478499994, 0.0 ], [ 112.457954344000086, -8.044878819999951, 0.0 ], [ 112.458030630000053, -8.045250752999948, 0.0 ], [ 112.45809168400001, -8.045521588999975, 0.0 ], [ 112.458145098000045, -8.046021334999978, 0.0 ], [ 112.458084068000062, -8.046222558999943, 0.0 ], [ 112.457862800000044, -8.04645906099995, 0.0 ], [ 112.457672070000058, -8.046693651999931, 0.0 ], [ 112.457618656000022, -8.046854834999976, 0.0 ], [ 112.457633939000061, -8.047116144999961, 0.0 ], [ 112.45764917200006, -8.047292583999933, 0.0 ], [ 112.457580501000052, -8.047514771999943, 0.0 ], [ 112.457427926000037, -8.047644470999956, 0.0 ], [ 112.457130372000051, -8.047832371999959, 0.0 ], [ 112.456687882000097, -8.04803930199995, 0.0 ], [ 112.456802302000028, -8.048466533999942, 0.0 ], [ 112.456825200000026, -8.048807007999926, 0.0 ], [ 112.456756528000028, -8.049018701999955, 0.0 ], [ 112.456642110000075, -8.049099798999976, 0.0 ], [ 112.456298783000079, -8.049342975999934, 0.0 ], [ 112.456123287000082, -8.049552781999978, 0.0 ], [ 112.455947815000059, -8.049981948999971, 0.0 ], [ 112.455924941000035, -8.050256604999959, 0.0 ], [ 112.455978330000107, -8.050388215999931, 0.0 ], [ 112.456016484000088, -8.050463535999938, 0.0 ], [ 112.456191957000101, -8.050677162999932, 0.0 ], [ 112.456512411000062, -8.050812593999979, 0.0 ], [ 112.456779428, -8.050940383999944, 0.0 ], [ 112.456863354, -8.051042422999956, 0.0 ], [ 112.456901487000096, -8.051100574999964, 0.0 ], [ 112.456886254000096, -8.051249376999976, 0.0 ], [ 112.456840457000112, -8.051354266999965, 0.0 ], [ 112.45648187200004, -8.052239293999946, 0.0 ], [ 112.456237754000085, -8.052471975999936, 0.0 ], [ 112.456054617000063, -8.052574037999932, 0.0 ], [ 112.456108030000109, -8.053190112999971, 0.0 ], [ 112.456008869000016, -8.053318821999937, 0.0 ], [ 112.455856269000037, -8.053481913999974, 0.0 ], [ 112.455825755000092, -8.053679340999963, 0.0 ], [ 112.455856269000037, -8.054109448999952, 0.0 ], [ 112.455795240000043, -8.054546207999977, 0.0 ], [ 112.45566554100003, -8.054747431999942, 0.0 ], [ 112.455512942000041, -8.054839, 0.0 ], [ 112.455276440000034, -8.05500494599994, 0.0 ], [ 112.455146741000021, -8.0551832699999, 0.0 ], [ 112.455131459000086, -8.055314880999958, 0.0 ], [ 112.45521541100004, -8.055507543999965, 0.0 ], [ 112.45546717000002, -8.056000568999934, 0.0 ], [ 112.45546717000002, -8.056261879999965, 0.0 ], [ 112.455413782000051, -8.056292418999931, 0.0 ], [ 112.455154357000083, -8.056389668999941, 0.0 ], [ 112.454704228000082, -8.056471686999942, 0.0 ], [ 112.454399056000057, -8.056488854999941, 0.0 ], [ 112.454284612000038, -8.056339133999927, 0.0 ], [ 112.454063369000096, -8.056053039999938, 0.0 ], [ 112.453948926000066, -8.056069238999953, 0.0 ], [ 112.453773454000043, -8.05616175199998, 0.0 ], [ 112.453620856000043, -8.056344838999962, 0.0 ], [ 112.453575084000022, -8.056495552999934, 0.0 ], [ 112.453422485000033, -8.056946624999966, 0.0 ], [ 112.453422485000033, -8.057101108999973, 0.0 ], [ 112.453536953000025, -8.057174542999974, 0.0 ], [ 112.453727658000048, -8.057244155999967, 0.0 ], [ 112.454200686000036, -8.057419651999965, 0.0 ], [ 112.454368541, -8.057628492999982, 0.0 ], [ 112.454406673000108, -8.057807784999966, 0.0 ], [ 112.454391439, -8.058045253999978, 0.0 ], [ 112.454391439, -8.05811392499993, 0.0 ], [ 112.454307487000051, -8.058470574999944, 0.0 ], [ 112.454330386000038, -8.058607915999971, 0.0 ], [ 112.454421954000054, -8.058753840999941, 0.0 ], [ 112.45468897100011, -8.059025644999963, 0.0 ], [ 112.454864443000019, -8.059095257999957, 0.0 ], [ 112.455039939000017, -8.059186777999969, 0.0 ], [ 112.455116226000086, -8.059296481999979, 0.0 ], [ 112.455093328000089, -8.059374678999973, 0.0 ], [ 112.454955987000062, -8.059589249999931, 0.0 ], [ 112.454627941000012, -8.060176695999928, 0.0 ], [ 112.454635582000037, -8.06074320099998, 0.0 ], [ 112.454605043000015, -8.060822342999927, 0.0 ], [ 112.454429570000116, -8.060836656999982, 0.0 ], [ 112.454231200000095, -8.060874812999941, 0.0 ], [ 112.454231200000095, -8.060948245999953, 0.0 ], [ 112.454307487000051, -8.061117987999978, 0.0 ], [ 112.454406673000108, -8.061200948999954, 0.0 ], [ 112.454879700000106, -8.061537602999977, 0.0 ], [ 112.454833952000058, -8.061593868999978, 0.0 ], [ 112.454673713000034, -8.061673974999962, 0.0 ], [ 112.454429570000116, -8.061715951999929, 0.0 ], [ 112.454048112, -8.061795091999954, 0.0 ], [ 112.454055728000071, -8.061830393999969, 0.0 ], [ 112.454116782000028, -8.06221852699997, 0.0 ], [ 112.454757617000041, -8.063109259999976, 0.0 ], [ 112.454711869000107, -8.063195097999937, 0.0 ], [ 112.454597426000078, -8.063245631999962, 0.0 ], [ 112.454177786000059, -8.06337724399998, 0.0 ], [ 112.45416255400005, -8.063541278999935, 0.0 ], [ 112.454177786000059, -8.063590846999944, 0.0 ], [ 112.454246458000057, -8.063813082999957, 0.0 ], [ 112.454421954000054, -8.06389792899995, 0.0 ], [ 112.454597426000078, -8.063896985999975, 0.0 ], [ 112.454780515000039, -8.063826405999976, 0.0 ], [ 112.455306932000099, -8.063637610999933, 0.0 ], [ 112.455390884000053, -8.063691941999934, 0.0 ], [ 112.455490069, -8.06391703099996, 0.0 ], [ 112.455551098000115, -8.064138275999937, 0.0 ], [ 112.455642643000033, -8.064363338999954, 0.0 ], [ 112.455818115000056, -8.064606515999969, 0.0 ], [ 112.456046999000023, -8.064926025999966, 0.0 ], [ 112.456130928000107, -8.065106260999926, 0.0 ], [ 112.456138568000028, -8.065306541999973, 0.0 ], [ 112.456046999000023, -8.06553443599995, 0.0 ], [ 112.455848630000105, -8.065806239999972, 0.0 ], [ 112.455703671000038, -8.066052316999958, 0.0 ], [ 112.455703672000027, -8.066169894999973, 0.0 ], [ 112.4557, -8.06617, 0.0 ], [ 112.45535, -8.06618, 0.0 ], [ 112.45487, -8.06628, 0.0 ], [ 112.45458, -8.066329998999947, 0.0 ], [ 112.45422, -8.066349998999954, 0.0 ], [ 112.45387, -8.0663, 0.0 ], [ 112.45341, -8.06626, 0.0 ], [ 112.452950000000101, -8.06626, 0.0 ], [ 112.4526, -8.066289998999935, 0.0 ], [ 112.45243, -8.06634, 0.0 ], [ 112.45188, -8.06659, 0.0 ], [ 112.451269999000033, -8.06673, 0.0 ], [ 112.45097, -8.06675, 0.0 ], [ 112.45018, -8.06661, 0.0 ], [ 112.449749999, -8.06649, 0.0 ], [ 112.44961, -8.06645, 0.0 ], [ 112.44951, -8.06645, 0.0 ], [ 112.44935, -8.06647, 0.0 ], [ 112.448499999000092, -8.06665, 0.0 ], [ 112.44823, -8.06669, 0.0 ], [ 112.447699999000065, -8.066679998999973, 0.0 ], [ 112.44742, -8.06669, 0.0 ], [ 112.44668, -8.0666, 0.0 ], [ 112.44632, -8.06649, 0.0 ], [ 112.44594, -8.06614, 0.0 ], [ 112.44571, -8.06572, 0.0 ], [ 112.445520000000101, -8.065179998999952, 0.0 ], [ 112.44533, -8.064419998999938, 0.0 ], [ 112.44517, -8.06406, 0.0 ], [ 112.44469, -8.06377, 0.0 ], [ 112.44428, -8.06376, 0.0 ], [ 112.444, -8.0638, 0.0 ], [ 112.44374, -8.063969998999937, 0.0 ], [ 112.443489999, -8.0642, 0.0 ], [ 112.4433, -8.06462, 0.0 ], [ 112.44305999900007, -8.06526, 0.0 ], [ 112.44278, -8.06607, 0.0 ], [ 112.44254, -8.06663, 0.0 ], [ 112.44225, -8.06698, 0.0 ], [ 112.4419, -8.0672, 0.0 ], [ 112.4413, -8.06728, 0.0 ], [ 112.440719999000066, -8.06706, 0.0 ], [ 112.440329999000028, -8.06694, 0.0 ], [ 112.44001, -8.06657, 0.0 ], [ 112.43982, -8.06634, 0.0 ], [ 112.43969, -8.06636, 0.0 ], [ 112.4396, -8.066309998999941, 0.0 ], [ 112.439529999000115, -8.06619, 0.0 ], [ 112.4394, -8.06583, 0.0 ], [ 112.43878, -8.0653, 0.0 ], [ 112.4387, -8.065119998999933, 0.0 ], [ 112.4387, -8.06487, 0.0 ], [ 112.43868, -8.06472, 0.0 ], [ 112.43868, -8.06459, 0.0 ], [ 112.438580000000115, -8.06461, 0.0 ], [ 112.43825, -8.064669998999932, 0.0 ], [ 112.437860000000114, -8.0647, 0.0 ], [ 112.437619999000049, -8.06472, 0.0 ], [ 112.437370000000101, -8.0647, 0.0 ], [ 112.437149999000098, -8.064689998999938, 0.0 ], [ 112.43677, -8.06463, 0.0 ], [ 112.4365, -8.06461, 0.0 ], [ 112.43622, -8.0646, 0.0 ], [ 112.435979999000097, -8.06461, 0.0 ], [ 112.4361, -8.06408, 0.0 ], [ 112.4361, -8.063579998999955, 0.0 ], [ 112.43607, -8.06281, 0.0 ], [ 112.436039999000059, -8.06211, 0.0 ], [ 112.436019999000109, -8.06166, 0.0 ], [ 112.43595, -8.0609, 0.0 ], [ 112.43587, -8.060129998999969, 0.0 ], [ 112.43578, -8.05952, 0.0 ], [ 112.43572, -8.05903, 0.0 ], [ 112.43555, -8.0582, 0.0 ], [ 112.43545, -8.05766, 0.0 ], [ 112.4354, -8.0572, 0.0 ], [ 112.43538, -8.05681, 0.0 ], [ 112.43534000000011, -8.056, 0.0 ], [ 112.43529, -8.05532, 0.0 ], [ 112.435279999000045, -8.05475, 0.0 ], [ 112.43525000000011, -8.05395, 0.0 ], [ 112.43519, -8.05345, 0.0 ], [ 112.43511, -8.05311, 0.0 ], [ 112.43502, -8.05267, 0.0 ], [ 112.43497, -8.05218999899995, 0.0 ], [ 112.43497, -8.05183, 0.0 ], [ 112.43525000000011, -8.05118, 0.0 ], [ 112.43533, -8.05099, 0.0 ], [ 112.4355, -8.05066, 0.0 ], [ 112.435700000000111, -8.05014, 0.0 ], [ 112.4358, -8.04976, 0.0 ], [ 112.43586, -8.049419998999952, 0.0 ], [ 112.43589, -8.04914, 0.0 ], [ 112.43595, -8.04892, 0.0 ], [ 112.43613, -8.04871, 0.0 ], [ 112.4363, -8.04852, 0.0 ], [ 112.43638, -8.048229998999943, 0.0 ], [ 112.436420000000112, -8.04787, 0.0 ], [ 112.43649, -8.0476, 0.0 ], [ 112.4365600000001, -8.04748, 0.0 ], [ 112.437320000000113, -8.04723, 0.0 ], [ 112.437770000000114, -8.04699, 0.0 ], [ 112.4379, -8.04695, 0.0 ], [ 112.438419999000075, -8.046729998999979, 0.0 ], [ 112.43857, -8.0466, 0.0 ], [ 112.438729999000088, -8.04633, 0.0 ], [ 112.438990000000103, -8.04575, 0.0 ], [ 112.43909, -8.045599998999933, 0.0 ], [ 112.43946, -8.04541, 0.0 ], [ 112.43963, -8.04528, 0.0 ], [ 112.439710000000105, -8.045129998999926, 0.0 ], [ 112.439710000000105, -8.04498, 0.0 ], [ 112.43954, -8.04453, 0.0 ], [ 112.439489999000102, -8.04436, 0.0 ], [ 112.43956, -8.04403, 0.0 ], [ 112.43987, -8.043959998999981, 0.0 ], [ 112.44036999900004, -8.04388, 0.0 ], [ 112.44129, -8.04346, 0.0 ], [ 112.441960000000108, -8.04305, 0.0 ], [ 112.442140000000109, -8.04292, 0.0 ], [ 112.44243, -8.04254, 0.0 ], [ 112.44249, -8.04227, 0.0 ], [ 112.442500000000109, -8.042109998999933, 0.0 ], [ 112.44238, -8.04167, 0.0 ], [ 112.44239, -8.04146, 0.0 ], [ 112.4426, -8.04105, 0.0 ], [ 112.44275, -8.04083, 0.0 ], [ 112.44317, -8.040429998999969, 0.0 ], [ 112.443449999000109, -8.04023, 0.0 ], [ 112.44363, -8.04015, 0.0 ], [ 112.44368, -8.040059998999936, 0.0 ], [ 112.44371, -8.03982, 0.0 ], [ 112.44368, -8.039669998999955, 0.0 ], [ 112.44372, -8.03952, 0.0 ], [ 112.44375, -8.03941, 0.0 ], [ 112.443819999000084, -8.03939, 0.0 ], [ 112.44424, -8.03925, 0.0 ], [ 112.44441, -8.03917, 0.0 ], [ 112.44483, -8.03851, 0.0 ], [ 112.44508, -8.038209998999946, 0.0 ], [ 112.445250000000101, -8.03799, 0.0 ], [ 112.445250000000101, -8.03786, 0.0 ], [ 112.44524, -8.03727, 0.0 ], [ 112.44531, -8.037039998999944, 0.0 ], [ 112.445399999000074, -8.03687999899995, 0.0 ], [ 112.44559, -8.03673, 0.0 ], [ 112.44582, -8.03668, 0.0 ], [ 112.44602, -8.03667, 0.0 ], [ 112.446159999000088, -8.036589998999943, 0.0 ], [ 112.44627, -8.03638, 0.0 ], [ 112.44636, -8.03591, 0.0 ], [ 112.446370000000115, -8.035379998999929, 0.0 ], [ 112.4464, -8.0352, 0.0 ], [ 112.446629999000038, -8.03472, 0.0 ], [ 112.44679, -8.03453, 0.0 ], [ 112.447140000000104, -8.0343, 0.0 ], [ 112.44783, -8.033899998999971, 0.0 ], [ 112.44842, -8.03331, 0.0 ], [ 112.44865, -8.033099998999944, 0.0 ], [ 112.44877, -8.032999998999969, 0.0 ], [ 112.448969999000042, -8.032649998999943, 0.0 ], [ 112.44906, -8.0324, 0.0 ], [ 112.44904, -8.032319998999981, 0.0 ], [ 112.44902, -8.03217, 0.0 ], [ 112.44874, -8.0317, 0.0 ], [ 112.44863, -8.031559998999967, 0.0 ], [ 112.448579999000117, -8.03128, 0.0 ], [ 112.44862, -8.031009998999934, 0.0 ], [ 112.44868, -8.03079, 0.0 ], [ 112.44904, -8.03022, 0.0 ], [ 112.44953, -8.02946, 0.0 ], [ 112.44968, -8.02927, 0.0 ], [ 112.44985, -8.02904, 0.0 ], [ 112.44997, -8.028809998999975, 0.0 ], [ 112.45, -8.028749998999956, 0.0 ], [ 112.45018, -8.02846, 0.0 ], [ 112.45023, -8.02839999899993, 0.0 ], [ 112.450489999000069, -8.02816, 0.0 ], [ 112.45071, -8.027969998999936, 0.0 ], [ 112.450839999000095, -8.02781, 0.0 ], [ 112.45091, -8.02767, 0.0 ], [ 112.45097, -8.02755, 0.0 ], [ 112.45102, -8.02746, 0.0 ], [ 112.45145, -8.02712, 0.0 ], [ 112.45163, -8.02692, 0.0 ], [ 112.451659999000071, -8.026859998999953, 0.0 ], [ 112.45176, -8.02642, 0.0 ], [ 112.45185, -8.02582, 0.0 ], [ 112.45188, -8.02553, 0.0 ], [ 112.45197, -8.025299998999969, 0.0 ], [ 112.4521, -8.02513, 0.0 ], [ 112.45243, -8.024829998999962, 0.0 ], [ 112.45247, -8.02476, 0.0 ], [ 112.45257, -8.02456, 0.0 ], [ 112.4526, -8.02426, 0.0 ], [ 112.4526800000001, -8.02379, 0.0 ], [ 112.452829999000073, -8.02336, 0.0 ], [ 112.45306, -8.02275, 0.0 ], [ 112.453170000000114, -8.022469998999952, 0.0 ], [ 112.453609999000037, -8.02188, 0.0 ], [ 112.45379, -8.02164, 0.0 ], [ 112.453999999000075, -8.02135, 0.0 ], [ 112.45399, -8.02122, 0.0 ], [ 112.453999999000075, -8.020949998999981, 0.0 ], [ 112.45401, -8.02062, 0.0 ], [ 112.45387, -8.020149998999955, 0.0 ], [ 112.45382, -8.01993, 0.0 ], [ 112.45383, -8.019699998999954, 0.0 ], [ 112.4539, -8.01948, 0.0 ], [ 112.454160000000115, -8.01893999899994, 0.0 ], [ 112.45424, -8.01871, 0.0 ], [ 112.45454, -8.01735, 0.0 ], [ 112.45464, -8.016949998999962, 0.0 ], [ 112.45468, -8.01676, 0.0 ], [ 112.45472, -8.01659, 0.0 ], [ 112.454819999000051, -8.01635, 0.0 ], [ 112.45495, -8.0162, 0.0 ], [ 112.45548, -8.01577999899996, 0.0 ], [ 112.4557, -8.01542, 0.0 ], [ 112.45573, -8.01529, 0.0 ], [ 112.45563, -8.01494, 0.0 ], [ 112.45561, -8.01462, 0.0 ], [ 112.45566, -8.014319998999952, 0.0 ], [ 112.45594999900004, -8.013949998999976, 0.0 ], [ 112.45614, -8.01336, 0.0 ], [ 112.45624, -8.013029998999968, 0.0 ], [ 112.45658, -8.01251, 0.0 ], [ 112.456729999000117, -8.012289998999961, 0.0 ], [ 112.45678999900008, -8.01197, 0.0 ], [ 112.45678999900008, -8.01173, 0.0 ], [ 112.45683, -8.01143, 0.0 ], [ 112.45705, -8.01056, 0.0 ], [ 112.457099999000093, -8.01044, 0.0 ], [ 112.4576, -8.01008, 0.0 ], [ 112.457859999000107, -8.00992, 0.0 ], [ 112.458289999000044, -8.009579998999925, 0.0 ], [ 112.45854, -8.00934, 0.0 ], [ 112.45877, -8.008819998999968, 0.0 ], [ 112.45904, -8.008449998999936, 0.0 ], [ 112.45923, -8.0082, 0.0 ], [ 112.45947, -8.00782, 0.0 ], [ 112.45953, -8.0077, 0.0 ], [ 112.45971, -8.00729, 0.0 ], [ 112.45971, -8.00701, 0.0 ], [ 112.45967, -8.00674, 0.0 ], [ 112.45962, -8.00649, 0.0 ], [ 112.45963, -8.00618, 0.0 ], [ 112.45968, -8.00595, 0.0 ], [ 112.45976, -8.00574, 0.0 ], [ 112.45992999900011, -8.0055, 0.0 ], [ 112.46017, -8.0051, 0.0 ], [ 112.46023, -8.00501, 0.0 ], [ 112.46039, -8.0045, 0.0 ], [ 112.4604700000001, -8.00424, 0.0 ], [ 112.460600000000113, -8.00391, 0.0 ], [ 112.460830000000101, -8.00348, 0.0 ], [ 112.46095, -8.00312, 0.0 ], [ 112.46107, -8.00279, 0.0 ], [ 112.46115, -8.00226, 0.0 ], [ 112.46144, -8.00193, 0.0 ], [ 112.46171, -8.00162, 0.0 ], [ 112.461899999000025, -8.00132999899995, 0.0 ], [ 112.46216, -8.00099, 0.0 ], [ 112.46257, -8.00043, 0.0 ], [ 112.4628, -8.00015, 0.0 ], [ 112.463, -8.0, 0.0 ], [ 112.463069999000027, -7.99995, 0.0 ], [ 112.46319, -7.999849998999935, 0.0 ], [ 112.46358, -7.999379998999927, 0.0 ], [ 112.46369, -7.99921, 0.0 ], [ 112.463800000000106, -7.99889, 0.0 ], [ 112.46388, -7.99872, 0.0 ], [ 112.4641, -7.99836, 0.0 ], [ 112.46417, -7.998249998999938, 0.0 ], [ 112.464259999000092, -7.99803, 0.0 ], [ 112.46442, -7.99773, 0.0 ], [ 112.46445, -7.99766, 0.0 ], [ 112.464589999000054, -7.99727, 0.0 ], [ 112.46468, -7.996999998999968, 0.0 ], [ 112.46474, -7.99678, 0.0 ], [ 112.46487, -7.99649, 0.0 ], [ 112.46493999900008, -7.99638, 0.0 ], [ 112.46507, -7.99613, 0.0 ], [ 112.46521, -7.99596, 0.0 ], [ 112.465429999000094, -7.99569, 0.0 ], [ 112.46563, -7.9954, 0.0 ], [ 112.46571, -7.99525, 0.0 ], [ 112.465819999000018, -7.995009998999933, 0.0 ], [ 112.465960000000109, -7.99459, 0.0 ], [ 112.46603, -7.994389998999964, 0.0 ], [ 112.466129999000032, -7.99406, 0.0 ], [ 112.46627, -7.99375, 0.0 ], [ 112.46645, -7.99333, 0.0 ], [ 112.46665, -7.99299, 0.0 ], [ 112.46668000000011, -7.99294, 0.0 ], [ 112.46763, -7.98995999899995, 0.0 ], [ 112.468357549000075, -7.988574666999966, 0.0 ], [ 112.469726502000071, -7.990927086999932, 0.0 ], [ 112.471061657000064, -7.99340282299994, 0.0 ], [ 112.4714126020001, -7.994409424999958, 0.0 ], [ 112.47133631500003, -7.995301099999949, 0.0 ], [ 112.469940130000055, -7.996972884999934, 0.0 ], [ 112.46805566, -7.999999870999943, 0.0 ], [ 112.467964115000086, -8.000295515999937, 0.0 ], [ 112.467849673000046, -8.000794270999961, 0.0 ], [ 112.467803901000025, -8.00106128699997, 0.0 ], [ 112.467796260000114, -8.001106116999949, 0.0 ], [ 112.467735255000093, -8.001477105999982, 0.0 ], [ 112.46769709900002, -8.002231440999935, 0.0 ], [ 112.467681816000095, -8.00244700199994, 0.0 ], [ 112.467719973000044, -8.003002022999965, 0.0 ], [ 112.467742871000041, -8.003151743999979, 0.0 ], [ 112.467826775000049, -8.003420695999978, 0.0 ], [ 112.467857289000108, -8.003643849999946, 0.0 ], [ 112.467849673000046, -8.004018658999939, 0.0 ], [ 112.46762078800009, -8.004650934999972, 0.0 ], [ 112.467605530000014, -8.004703380999956, 0.0 ], [ 112.467590273000042, -8.004987564999965, 0.0 ], [ 112.467636069000037, -8.005171645999951, 0.0 ], [ 112.467834440000047, -8.005647525999962, 0.0 ], [ 112.467872571000044, -8.005717139999945, 0.0 ], [ 112.468063301000029, -8.006103386999939, 0.0 ], [ 112.468063301000029, -8.006283621999955, 0.0 ], [ 112.4677733850001, -8.006693685999949, 0.0 ], [ 112.467750488000092, -8.006754739999963, 0.0 ], [ 112.46762078800009, -8.007087571999932, 0.0 ], [ 112.467552117000082, -8.007523412999944, 0.0 ], [ 112.467475829000023, -8.007850515999962, 0.0 ], [ 112.467376645000058, -8.008399830999963, 0.0 ], [ 112.467353746000072, -8.008524765999937, 0.0 ], [ 112.46734613000001, -8.008554338999943, 0.0 ], [ 112.467330873000037, -8.008645857999966, 0.0 ], [ 112.467147759000113, -8.009225688999948, 0.0 ], [ 112.467048598000019, -8.009548995999978, 0.0 ], [ 112.466941772000041, -8.009967666999955, 0.0 ], [ 112.466850229000102, -8.010366317999967, 0.0 ], [ 112.466728145000047, -8.010782111999958, 0.0 ], [ 112.4665679310001, -8.011069149999969, 0.0 ], [ 112.466339070000117, -8.011302798999964, 0.0 ], [ 112.466178831000093, -8.011485934999939, 0.0 ], [ 112.46604151400004, -8.011784409999962, 0.0 ], [ 112.465858425000079, -8.012108659999967, 0.0 ], [ 112.465553229000079, -8.01243005699996, 0.0 ], [ 112.465454044000012, -8.01260840599997, 0.0 ], [ 112.465576102000114, -8.012871602999951, 0.0 ], [ 112.465690570000106, -8.013132911999946, 0.0 ], [ 112.465591385000039, -8.013335102999974, 0.0 ], [ 112.465415912000026, -8.01337323499996, 0.0 ], [ 112.46530911100001, -8.013438084999962, 0.0 ], [ 112.465248057000053, -8.013594478999948, 0.0 ], [ 112.465057302000105, -8.014165748999972, 0.0 ], [ 112.4649962740001, -8.014350771999943, 0.0 ], [ 112.464965759000052, -8.014654008999969, 0.0 ], [ 112.464843700000074, -8.014855233999981, 0.0 ], [ 112.464744514000017, -8.014918173999945, 0.0 ], [ 112.464614814000015, -8.014901971999961, 0.0 ], [ 112.464561426000046, -8.014829506999945, 0.0 ], [ 112.464538528000048, -8.014700749999975, 0.0 ], [ 112.464477474000091, -8.01448617899996, 0.0 ], [ 112.464332515000024, -8.014437528999963, 0.0 ], [ 112.464111271000093, -8.014490941999952, 0.0 ], [ 112.464027344000101, -8.014588240999956, 0.0 ], [ 112.464027344000101, -8.014735084999927, 0.0 ], [ 112.464034985000012, -8.015066032999925, 0.0 ], [ 112.463844255000026, -8.015456075999964, 0.0 ], [ 112.463706915000103, -8.015535215999932, 0.0 ], [ 112.463630604000059, -8.015499937999948, 0.0 ], [ 112.463577214000111, -8.015406482999936, 0.0 ], [ 112.463508569000055, -8.015141351999944, 0.0 ], [ 112.463417, -8.014993517999926, 0.0 ], [ 112.463188115000094, -8.014928691999955, 0.0 ], [ 112.463134725000032, -8.014985900999932, 0.0 ], [ 112.463035541000067, -8.015174744999968, 0.0 ], [ 112.463027900000043, -8.01540360599995, 0.0 ], [ 112.463050774000067, -8.015753606999965, 0.0 ], [ 112.463104187000113, -8.015916674999971, 0.0 ], [ 112.463218630000028, -8.016217082999958, 0.0 ], [ 112.463287300000047, -8.01649079699996, 0.0 ], [ 112.463386484000011, -8.016694874999928, 0.0 ], [ 112.463569598000049, -8.016964768999969, 0.0 ], [ 112.463775585, -8.017253739999944, 0.0 ], [ 112.463989213000104, -8.017490265999982, 0.0 ], [ 112.464134170000079, -8.017687644999967, 0.0 ], [ 112.464240972000084, -8.017930844999967, 0.0 ], [ 112.464149428000042, -8.018401961999928, 0.0 ], [ 112.463874770000075, -8.019137242999932, 0.0 ], [ 112.463798458000042, -8.019378532999951, 0.0 ], [ 112.463836615000105, -8.020122396999966, 0.0 ], [ 112.464012110000112, -8.020929201999934, 0.0 ], [ 112.464065500000061, -8.021168556999953, 0.0 ], [ 112.464111271000093, -8.021545251999953, 0.0 ], [ 112.464187582000022, -8.02179418299994, 0.0 ], [ 112.464195200000063, -8.02183901199993, 0.0 ], [ 112.464256229000057, -8.022106993999955, 0.0 ], [ 112.46446985700004, -8.022875643999953, 0.0 ], [ 112.464660611000113, -8.023931354999945, 0.0 ], [ 112.464790287000028, -8.024413908999975, 0.0 ], [ 112.464828418000025, -8.024551249999945, 0.0 ], [ 112.464881831000071, -8.024862152999958, 0.0 ], [ 112.464843700000074, -8.025106294999944, 0.0 ], [ 112.464744515, -8.025501100999975, 0.0 ], [ 112.46458430000007, -8.026097155999935, 0.0 ], [ 112.464538528000048, -8.02631172599996, 0.0 ], [ 112.464530887000024, -8.026622628999974, 0.0 ], [ 112.464591941000094, -8.026818145999925, 0.0 ], [ 112.464683485000023, -8.027093746999981, 0.0 ], [ 112.46473689700008, -8.027359819999958, 0.0 ], [ 112.464675844000112, -8.027483789999962, 0.0 ], [ 112.464645328000074, -8.027680249999946, 0.0 ], [ 112.464523270000086, -8.028692121999939, 0.0 ], [ 112.464515629000061, -8.02871881599998, 0.0 ], [ 112.464485115000116, -8.028991563999966, 0.0 ], [ 112.464500372000089, -8.029512273999956, 0.0 ], [ 112.464500372000089, -8.029851779999944, 0.0 ], [ 112.464446959000043, -8.029966223999963, 0.0 ], [ 112.464286768000079, -8.030095923999966, 0.0 ], [ 112.463783201000069, -8.03049933799997, 0.0 ], [ 112.463485670000068, -8.030727231999947, 0.0 ], [ 112.463218630000028, -8.031016203999968, 0.0 ], [ 112.46297448700011, -8.031532150999965, 0.0 ], [ 112.462882919000094, -8.03192889099995, 0.0 ], [ 112.462783782000088, -8.03227792499996, 0.0 ], [ 112.46248622600001, -8.033120031999943, 0.0 ], [ 112.462486044000116, -8.03312041099997, 0.0 ] ] ] ] } },
{ "type": "Feature", "properties": { "OBJECTID": 116283.0, "KDPPUM": "35", "NAMOBJ": "Banjarsari", "REMARK": null, "KDPBPS": null, "FCODE": "BA03070040", "LUASWH": 4.99216615, "UUPP": "Hasil Delineasi Batas Desa 2019", "SRS_ID": "SRGI 2013", "METADATA": "TASWIL1000020200326DATA_BATAS_DESA_KELURAHAN", "KDEBPS": null, "KDEPUM": "35.05.21.2001", "KDCBPS": null, "KDCPUM": "35.05.21", "KDBBPS": null, "WADMKD": "Banjarsari", "WIADKD": null, "WADMKC": "Selorejo", "WIADKC": null, "WADMKK": "Blitar", "WIADKK": null, "WADMPR": "Jawa Timur", "WIADPR": null, "TIPADM": 1.0, "KDPKAB": "35.05", "SHAPE_Leng": 0.156024359908805, "SHAPE_Area": 0.00040964685738699999 }, "geometry": { "type": "MultiPolygon", "coordinates": [ [ [ [ 112.42308, -8.08449, 0.0 ], [ 112.422835434000035, -8.084681319999959, 0.0 ], [ 112.422823572000084, -8.084690599999931, 0.0 ], [ 112.422677572000111, -8.084804813999938, 0.0 ], [ 112.422609843000032, -8.084857796999927, 0.0 ], [ 112.42254382200008, -8.084909444999937, 0.0 ], [ 112.422508792000031, -8.084951210999975, 0.0 ], [ 112.42235822400005, -8.08513073499995, 0.0 ], [ 112.422338495000076, -8.085182333999967, 0.0 ], [ 112.422265425000091, -8.085373439999955, 0.0 ], [ 112.422273284000084, -8.085402253999973, 0.0 ], [ 112.422307227000033, -8.085526712999979, 0.0 ], [ 112.4223, -8.08555, 0.0 ], [ 112.4223, -8.08574, 0.0 ], [ 112.42256, -8.08648, 0.0 ], [ 112.422639999000012, -8.08722, 0.0 ], [ 112.422604447000026, -8.087388875999977, 0.0 ], [ 112.422493854000095, -8.08735791, 0.0 ], [ 112.422351086000049, -8.087208003999933, 0.0 ], [ 112.42225114900009, -8.087058097999943, 0.0 ], [ 112.422079827000061, -8.08702240599996, 0.0 ], [ 112.421865676000039, -8.087079512999935, 0.0 ], [ 112.421857651000096, -8.087081701999978, 0.0 ], [ 112.421551587000067, -8.087165173999949, 0.0 ], [ 112.42145374800009, -8.08717300099994, 0.0 ], [ 112.421373128000027, -8.08717945099994, 0.0 ], [ 112.42132777900008, -8.08727377699995, 0.0 ], [ 112.421194668000112, -8.087550646999944, 0.0 ], [ 112.420993426000109, -8.08770644699996, 0.0 ], [ 112.420973378000099, -8.087721967999926, 0.0 ], [ 112.420809195000061, -8.087779074999958, 0.0 ], [ 112.42068784300011, -8.087879011999973, 0.0 ], [ 112.420795130000101, -8.087961054999937, 0.0 ], [ 112.420809195000061, -8.087971810999932, 0.0 ], [ 112.420872801000087, -8.088003613999945, 0.0 ], [ 112.420923409000011, -8.088028917999964, 0.0 ], [ 112.420966240000098, -8.088143131999971, 0.0 ], [ 112.420937686000116, -8.088364421999927, 0.0 ], [ 112.420830610000053, -8.088485774999981, 0.0 ], [ 112.420608900000047, -8.088581649999981, 0.0 ], [ 112.420566490000056, -8.088599988999931, 0.0 ], [ 112.420437999000114, -8.088657095999963, 0.0 ], [ 112.420380892000026, -8.088757032999979, 0.0 ], [ 112.420452276000105, -8.088899800999968, 0.0 ], [ 112.420532678000086, -8.088890866999975, 0.0 ], [ 112.420837749000043, -8.088856970999927, 0.0 ], [ 112.42088701800003, -8.089075946999969, 0.0 ], [ 112.420901994000019, -8.089142505999973, 0.0 ], [ 112.420830610000053, -8.089442317999954, 0.0 ], [ 112.42082476500002, -8.089555337999968, 0.0 ], [ 112.420809195000061, -8.089856343999941, 0.0 ], [ 112.420870358000116, -8.089903915999969, 0.0 ], [ 112.420937686000116, -8.089956281999946, 0.0 ], [ 112.421052275000079, -8.090175495999972, 0.0 ], [ 112.42110186900004, -8.090270370999974, 0.0 ], [ 112.421107831000086, -8.090292727999952, 0.0 ], [ 112.421158976000015, -8.09048452199994, 0.0 ], [ 112.421173253, -8.090712949999954, 0.0 ], [ 112.42110186900004, -8.090905686999974, 0.0 ], [ 112.421001932000081, -8.091012761999934, 0.0 ], [ 112.420656721000114, -8.090980798999965, 0.0 ], [ 112.42061645900003, -8.090977070999941, 0.0 ], [ 112.420437999000114, -8.091012761999934, 0.0 ], [ 112.420355006000023, -8.091065784999955, 0.0 ], [ 112.420282511000096, -8.091112100999965, 0.0 ], [ 112.420211551000079, -8.091157436999936, 0.0 ], [ 112.420181018000108, -8.091176944999972, 0.0 ], [ 112.420171455000059, -8.09118842099997, 0.0 ], [ 112.420073942000045, -8.091305435999971, 0.0 ], [ 112.419957821000025, -8.091448878999927, 0.0 ], [ 112.419952589000104, -8.091455341999961, 0.0 ], [ 112.419888344000015, -8.091491033999944, 0.0 ], [ 112.41983837500004, -8.091690908999965, 0.0 ], [ 112.41984974200011, -8.091747741999939, 0.0 ], [ 112.419850305000068, -8.091750555999965, 0.0 ], [ 112.419866929000023, -8.091833675999965, 0.0 ], [ 112.419881205000024, -8.092047827999977, 0.0 ], [ 112.419766991000074, -8.09271883599996, 0.0 ], [ 112.419759377000105, -8.092735408999943, 0.0 ], [ 112.419755755000097, -8.092743290999977, 0.0 ], [ 112.419645639, -8.092982955999958, 0.0 ], [ 112.419622854000067, -8.093096878999972, 0.0 ], [ 112.419617085000027, -8.093125723999947, 0.0 ], [ 112.419467179000094, -8.093361289999962, 0.0 ], [ 112.419423222000091, -8.093457995999927, 0.0 ], [ 112.419395795000014, -8.093518334999942, 0.0 ], [ 112.419431487000111, -8.093689655999981, 0.0 ], [ 112.419415771000104, -8.093815381999946, 0.0 ], [ 112.419405171000108, -8.093900184999939, 0.0 ], [ 112.419397403000062, -8.093962329999954, 0.0 ], [ 112.419388307000077, -8.094035100999974, 0.0 ], [ 112.419381519000012, -8.094089405999966, 0.0 ], [ 112.419379873000025, -8.094093318999967, 0.0 ], [ 112.419377761000078, -8.094098340999949, 0.0 ], [ 112.41938, -8.09409999899998, 0.0 ], [ 112.41955, -8.09425, 0.0 ], [ 112.4198, -8.09466, 0.0 ], [ 112.42007, -8.09506, 0.0 ], [ 112.42026, -8.095229998999969, 0.0 ], [ 112.42052, -8.09556, 0.0 ], [ 112.420359999000084, -8.09615, 0.0 ], [ 112.420319999000071, -8.09628, 0.0 ], [ 112.42028, -8.09639, 0.0 ], [ 112.42018, -8.09666, 0.0 ], [ 112.41986, -8.09752, 0.0 ], [ 112.41971, -8.09789, 0.0 ], [ 112.41924, -8.099, 0.0 ], [ 112.41889, -8.099909998999976, 0.0 ], [ 112.418739999000081, -8.10027, 0.0 ], [ 112.41864, -8.10047, 0.0 ], [ 112.418449999000018, -8.10089, 0.0 ], [ 112.4184, -8.10101, 0.0 ], [ 112.41813, -8.10148, 0.0 ], [ 112.41793, -8.101879998999948, 0.0 ], [ 112.41774, -8.10232, 0.0 ], [ 112.41698, -8.10442, 0.0 ], [ 112.41678, -8.10485, 0.0 ], [ 112.41682, -8.10513, 0.0 ], [ 112.41698, -8.10554, 0.0 ], [ 112.41723, -8.10613, 0.0 ], [ 112.4175, -8.10665999899993, 0.0 ], [ 112.417689999000117, -8.107029998999963, 0.0 ], [ 112.41747, -8.10722, 0.0 ], [ 112.417150000000106, -8.10752, 0.0 ], [ 112.416809999000066, -8.10799, 0.0 ], [ 112.41645999900004, -8.10869, 0.0 ], [ 112.41633, -8.10928, 0.0 ], [ 112.41623, -8.10956, 0.0 ], [ 112.416129999000077, -8.10966, 0.0 ], [ 112.416, -8.109699998999929, 0.0 ], [ 112.41549, -8.10977, 0.0 ], [ 112.415260000000103, -8.10991, 0.0 ], [ 112.41459, -8.11026, 0.0 ], [ 112.41401, -8.110559998999975, 0.0 ], [ 112.41387, -8.11072, 0.0 ], [ 112.413820000000101, -8.110909998999944, 0.0 ], [ 112.41387, -8.11096, 0.0 ], [ 112.41398, -8.110989998999969, 0.0 ], [ 112.414220000000114, -8.11106, 0.0 ], [ 112.4145, -8.11123, 0.0 ], [ 112.41464, -8.1114, 0.0 ], [ 112.41466, -8.11152, 0.0 ], [ 112.4146, -8.111629998999945, 0.0 ], [ 112.41441, -8.11187, 0.0 ], [ 112.4142, -8.11205, 0.0 ], [ 112.413910000000101, -8.11229, 0.0 ], [ 112.4134600000001, -8.1127, 0.0 ], [ 112.413410000000113, -8.112799998999947, 0.0 ], [ 112.41347, -8.11291, 0.0 ], [ 112.413669999000035, -8.11311, 0.0 ], [ 112.41394, -8.1133, 0.0 ], [ 112.414090000000101, -8.11344, 0.0 ], [ 112.413910000000101, -8.113579998999967, 0.0 ], [ 112.41376, -8.11361, 0.0 ], [ 112.413359999000022, -8.11369, 0.0 ], [ 112.413339999000073, -8.1138, 0.0 ], [ 112.413379999000085, -8.11393, 0.0 ], [ 112.41345, -8.11422, 0.0 ], [ 112.41342, -8.114419998999949, 0.0 ], [ 112.413319999, -8.11473, 0.0 ], [ 112.4131, -8.11509, 0.0 ], [ 112.41283, -8.11543, 0.0 ], [ 112.41318, -8.11599, 0.0 ], [ 112.4135500000001, -8.11697, 0.0 ], [ 112.41379, -8.117599998999935, 0.0 ], [ 112.41381, -8.11773, 0.0 ], [ 112.41378, -8.11787, 0.0 ], [ 112.41376999900001, -8.11794, 0.0 ], [ 112.41363, -8.11804, 0.0 ], [ 112.413500000000113, -8.11806, 0.0 ], [ 112.41263, -8.11814, 0.0 ], [ 112.41245, -8.11822, 0.0 ], [ 112.412420000000111, -8.118359998999949, 0.0 ], [ 112.41243, -8.11865, 0.0 ], [ 112.41246, -8.11911, 0.0 ], [ 112.41246, -8.12003, 0.0 ], [ 112.41241, -8.12021, 0.0 ], [ 112.41234, -8.120289998999965, 0.0 ], [ 112.4121, -8.12034, 0.0 ], [ 112.41161000000011, -8.12048, 0.0 ], [ 112.41164, -8.12073, 0.0 ], [ 112.41164, -8.1209, 0.0 ], [ 112.41158, -8.12095, 0.0 ], [ 112.41162, -8.12133, 0.0 ], [ 112.41171, -8.12171, 0.0 ], [ 112.41128, -8.12199, 0.0 ], [ 112.41067, -8.122199998999974, 0.0 ], [ 112.410620000000108, -8.122279998999943, 0.0 ], [ 112.410509999000055, -8.122729998999944, 0.0 ], [ 112.41039, -8.122979998999938, 0.0 ], [ 112.41027, -8.123039998999957, 0.0 ], [ 112.40997, -8.12311, 0.0 ], [ 112.4095, -8.12322, 0.0 ], [ 112.409459999000092, -8.12329, 0.0 ], [ 112.409459999000092, -8.123899998999946, 0.0 ], [ 112.40929, -8.12441, 0.0 ], [ 112.40922, -8.12502, 0.0 ], [ 112.409090000000106, -8.12553, 0.0 ], [ 112.40898, -8.12584, 0.0 ], [ 112.408820000000105, -8.12586, 0.0 ], [ 112.408619999000052, -8.125809998999955, 0.0 ], [ 112.408550000000105, -8.12586, 0.0 ], [ 112.40834, -8.12608, 0.0 ], [ 112.40797, -8.12646, 0.0 ], [ 112.407799999000076, -8.12654, 0.0 ], [ 112.40768, -8.126529998999956, 0.0 ], [ 112.40746, -8.12641, 0.0 ], [ 112.40698, -8.126199998999937, 0.0 ], [ 112.40653, -8.126119998999968, 0.0 ], [ 112.406339999000011, -8.126, 0.0 ], [ 112.40629, -8.12597, 0.0 ], [ 112.40596, -8.12578, 0.0 ], [ 112.40574, -8.125769998999942, 0.0 ], [ 112.40566, -8.125809998999955, 0.0 ], [ 112.40539, -8.12595, 0.0 ], [ 112.40523, -8.12596, 0.0 ], [ 112.405109999000047, -8.12587, 0.0 ], [ 112.405029999000021, -8.12570999899998, 0.0 ], [ 112.40491, -8.1255, 0.0 ], [ 112.40477, -8.125379998999961, 0.0 ], [ 112.40459, -8.125319998999942, 0.0 ], [ 112.404249999000058, -8.125319998999942, 0.0 ], [ 112.40403, -8.125399998999967, 0.0 ], [ 112.403919999000095, -8.12551, 0.0 ], [ 112.40377, -8.12576, 0.0 ], [ 112.4038, -8.12582, 0.0 ], [ 112.40403, -8.12637, 0.0 ], [ 112.40421, -8.12707, 0.0 ], [ 112.40441, -8.12814, 0.0 ], [ 112.40462, -8.12861, 0.0 ], [ 112.40467, -8.12894, 0.0 ], [ 112.40469, -8.12937999899998, 0.0 ], [ 112.40485, -8.13003, 0.0 ], [ 112.4052, -8.13111, 0.0 ], [ 112.40538, -8.13132, 0.0 ], [ 112.406, -8.13202999899994, 0.0 ], [ 112.40613, -8.13225, 0.0 ], [ 112.406210000000101, -8.132499998999947, 0.0 ], [ 112.40627, -8.13292, 0.0 ], [ 112.406259999000099, -8.13336, 0.0 ], [ 112.406279999000049, -8.13373, 0.0 ], [ 112.40637, -8.13405999899993, 0.0 ], [ 112.40658, -8.13438999899995, 0.0 ], [ 112.407469999000114, -8.135639998999977, 0.0 ], [ 112.407560000000103, -8.135909998999978, 0.0 ], [ 112.40766, -8.13612, 0.0 ], [ 112.406629999000074, -8.13723, 0.0 ], [ 112.406030000000101, -8.13778, 0.0 ], [ 112.405800000000113, -8.1375, 0.0 ], [ 112.40529, -8.13707, 0.0 ], [ 112.405080000000112, -8.13694, 0.0 ], [ 112.40484, -8.1369, 0.0 ], [ 112.40458, -8.13692, 0.0 ], [ 112.403919999000095, -8.13729, 0.0 ], [ 112.40374, -8.13741, 0.0 ], [ 112.40326, -8.13768, 0.0 ], [ 112.403099999, -8.13772, 0.0 ], [ 112.40237, -8.13763, 0.0 ], [ 112.40196, -8.13754, 0.0 ], [ 112.40161, -8.13744, 0.0 ], [ 112.40104, -8.13711, 0.0 ], [ 112.400710000000117, -8.13693, 0.0 ], [ 112.40007, -8.13659, 0.0 ], [ 112.39952, -8.13618, 0.0 ], [ 112.39933, -8.136029998999959, 0.0 ], [ 112.39919, -8.13602, 0.0 ], [ 112.398869999000112, -8.13613, 0.0 ], [ 112.398550000000114, -8.13618, 0.0 ], [ 112.39825, -8.13617, 0.0 ], [ 112.398109999000098, -8.13613, 0.0 ], [ 112.39791, -8.135929998999927, 0.0 ], [ 112.397659999000098, -8.13561, 0.0 ], [ 112.39758, -8.135539998999946, 0.0 ], [ 112.397380000000112, -8.13553, 0.0 ], [ 112.396570000000111, -8.13602, 0.0 ], [ 112.39617, -8.13625, 0.0 ], [ 112.39595, -8.136319998999966, 0.0 ], [ 112.395040000000108, -8.13639, 0.0 ], [ 112.39469, -8.13639, 0.0 ], [ 112.394499999000118, -8.136299998999959, 0.0 ], [ 112.39435, -8.1361, 0.0 ], [ 112.394230000000107, -8.13621, 0.0 ], [ 112.39401, -8.136319998999966, 0.0 ], [ 112.39394, -8.136379998999928, 0.0 ], [ 112.39334, -8.13689, 0.0 ], [ 112.39322, -8.13697, 0.0 ], [ 112.39303, -8.13689, 0.0 ], [ 112.392979065000077, -8.136862666999946, 0.0 ], [ 112.39276471200003, -8.136747641999932, 0.0 ], [ 112.39334258100007, -8.135848545999977, 0.0 ], [ 112.39346686600004, -8.135514142999966, 0.0 ], [ 112.393504620000044, -8.135404025999946, 0.0 ], [ 112.393690000000106, -8.1352, 0.0 ], [ 112.393787881000094, -8.134891662999962, 0.0 ], [ 112.393870000000106, -8.134719998999969, 0.0 ], [ 112.393823573000077, -8.13443956499998, 0.0 ], [ 112.393762500000093, -8.134308694999959, 0.0 ], [ 112.393686955000021, -8.13427214099994, 0.0 ], [ 112.393395270000042, -8.134332488999974, 0.0 ], [ 112.3932367970001, -8.134398732999955, 0.0 ], [ 112.392899999000065, -8.134329998999931, 0.0 ], [ 112.392796892000092, -8.134088245999976, 0.0 ], [ 112.392777939000098, -8.133888751999962, 0.0 ], [ 112.39289, -8.13373, 0.0 ], [ 112.39318, -8.13343, 0.0 ], [ 112.393180234000056, -8.13342993599997, 0.0 ], [ 112.393403177000096, -8.13341787, 0.0 ], [ 112.393787881000094, -8.133392601999958, 0.0 ], [ 112.394299465000017, -8.133404498999937, 0.0 ], [ 112.394561205000059, -8.133404498999937, 0.0 ], [ 112.394644487000051, -8.133356909999975, 0.0 ], [ 112.394765067000094, -8.133138989999964, 0.0 ], [ 112.39469, -8.132869998999979, 0.0 ], [ 112.39453, -8.13255, 0.0 ], [ 112.39428, -8.132, 0.0 ], [ 112.39416, -8.13173, 0.0 ], [ 112.393699999000091, -8.13083, 0.0 ], [ 112.39373, -8.13072, 0.0 ], [ 112.39386, -8.13065, 0.0 ], [ 112.393960000000106, -8.13066, 0.0 ], [ 112.394169999000042, -8.13074, 0.0 ], [ 112.394519999000067, -8.130839998999932, 0.0 ], [ 112.39457, -8.13076, 0.0 ], [ 112.39471, -8.130429998999944, 0.0 ], [ 112.394969999000068, -8.12987, 0.0 ], [ 112.39503, -8.12974, 0.0 ], [ 112.39523, -8.12918, 0.0 ], [ 112.395250996000073, -8.129103013999952, 0.0 ], [ 112.39523, -8.12872, 0.0 ], [ 112.395156071000088, -8.128526603999944, 0.0 ], [ 112.395025200000077, -8.128490911999961, 0.0 ], [ 112.394715870000027, -8.128550398999948, 0.0 ], [ 112.394525514000065, -8.128645576999929, 0.0 ], [ 112.39427567000007, -8.128705063999973, 0.0 ], [ 112.394073416000083, -8.128705063999973, 0.0 ], [ 112.393918751000115, -8.128681268999969, 0.0 ], [ 112.393779999000117, -8.12859, 0.0 ], [ 112.393799778000016, -8.128348144999961, 0.0 ], [ 112.393871162000096, -8.128193479999936, 0.0 ], [ 112.3940377240001, -8.127979327999981, 0.0 ], [ 112.394228081000051, -8.12784845799996, 0.0 ], [ 112.394466027000021, -8.127741381999954, 0.0 ], [ 112.394632589000025, -8.127753278999933, 0.0 ], [ 112.394846741000038, -8.12784845799996, 0.0 ], [ 112.395074121000107, -8.12794796299994, 0.0 ], [ 112.39523, -8.1279, 0.0 ], [ 112.39523, -8.127699998999958, 0.0 ], [ 112.39516, -8.12719, 0.0 ], [ 112.39517, -8.12684, 0.0 ], [ 112.39523, -8.12664, 0.0 ], [ 112.39599, -8.12601, 0.0 ], [ 112.396349341000018, -8.125555538999947, 0.0 ], [ 112.39667, -8.12515, 0.0 ], [ 112.396819999000058, -8.125, 0.0 ], [ 112.396924775000116, -8.124952373999974, 0.0 ], [ 112.397105411000098, -8.124636261999967, 0.0 ], [ 112.397352875000024, -8.124617225999941, 0.0 ], [ 112.397771660000103, -8.124988421999944, 0.0 ], [ 112.398180928000102, -8.125188296999966, 0.0 ], [ 112.39834884600009, -8.125246537999942, 0.0 ], [ 112.39832, -8.12516, 0.0 ], [ 112.39823, -8.125, 0.0 ], [ 112.3982, -8.12494, 0.0 ], [ 112.39817, -8.12475, 0.0 ], [ 112.398240000000101, -8.1244, 0.0 ], [ 112.398579513000072, -8.124249104999933, 0.0 ], [ 112.399050000000102, -8.12404, 0.0 ], [ 112.399199999000075, -8.12396, 0.0 ], [ 112.39929999900005, -8.12383, 0.0 ], [ 112.399360000000115, -8.12363, 0.0 ], [ 112.39933, -8.123489998999958, 0.0 ], [ 112.399219999000024, -8.12338, 0.0 ], [ 112.39903, -8.12326, 0.0 ], [ 112.39895, -8.12314, 0.0 ], [ 112.39893, -8.123039998999957, 0.0 ], [ 112.399053950000052, -8.122972711999978, 0.0 ], [ 112.3992799990001, -8.12285, 0.0 ], [ 112.399450000000115, -8.122729998999944, 0.0 ], [ 112.399543350000044, -8.12261291599998, 0.0 ], [ 112.400039999000114, -8.12199, 0.0 ], [ 112.400220000000104, -8.12179, 0.0 ], [ 112.400403494000102, -8.12166345299994, 0.0 ], [ 112.40109, -8.12119, 0.0 ], [ 112.40137, -8.12106, 0.0 ], [ 112.40178, -8.12098, 0.0 ], [ 112.402200000000107, -8.12095, 0.0 ], [ 112.40244, -8.12089, 0.0 ], [ 112.40268, -8.12073, 0.0 ], [ 112.402751160000093, -8.120653756999957, 0.0 ], [ 112.40282, -8.12058, 0.0 ], [ 112.40297, -8.119979998999952, 0.0 ], [ 112.40303, -8.11966, 0.0 ], [ 112.40311, -8.1195, 0.0 ], [ 112.403589999000019, -8.119529998999951, 0.0 ], [ 112.403629735000095, -8.119725648999975, 0.0 ], [ 112.403772502000038, -8.119744684999944, 0.0 ], [ 112.403981895000015, -8.119459148999965, 0.0 ], [ 112.40404852000006, -8.11866916799994, 0.0 ], [ 112.403916814000013, -8.118193018999932, 0.0 ], [ 112.40391000000011, -8.1179, 0.0 ], [ 112.40391000000011, -8.11768, 0.0 ], [ 112.403914411000073, -8.117507968999973, 0.0 ], [ 112.404058038000016, -8.116994027999965, 0.0 ], [ 112.403991413000085, -8.116898848999938, 0.0 ], [ 112.40376, -8.11685, 0.0 ], [ 112.40365, -8.11667, 0.0 ], [ 112.403640000000109, -8.116329998999959, 0.0 ], [ 112.40377, -8.116129998999952, 0.0 ], [ 112.40383, -8.11591, 0.0 ], [ 112.403899999000032, -8.115669998999977, 0.0 ], [ 112.403918528000077, -8.11556345799994, 0.0 ], [ 112.403939999000045, -8.11544, 0.0 ], [ 112.403907232000051, -8.115338718999965, 0.0 ], [ 112.403925581000067, -8.115074261999951, 0.0 ], [ 112.403892269000039, -8.114869627999951, 0.0 ], [ 112.40372, -8.114759998999943, 0.0 ], [ 112.403640000000109, -8.114439997999966, 0.0 ], [ 112.403589999000019, -8.114279998999962, 0.0 ], [ 112.40356, -8.114009998999961, 0.0 ], [ 112.403573698000059, -8.113951781999958, 0.0 ], [ 112.4037, -8.11373, 0.0 ], [ 112.404069603000039, -8.113623597999947, 0.0 ], [ 112.404215875000091, -8.113656103999972, 0.0 ], [ 112.404491893000113, -8.113613272999942, 0.0 ], [ 112.404620384000054, -8.113494299999957, 0.0 ], [ 112.404652258000056, -8.113288599999976, 0.0 ], [ 112.404666503000044, -8.11309528299995, 0.0 ], [ 112.40462, -8.1127, 0.0 ], [ 112.4046, -8.112449998999978, 0.0 ], [ 112.40462, -8.111989998999945, 0.0 ], [ 112.404918236000071, -8.111975086999962, 0.0 ], [ 112.404948749000027, -8.112033310999948, 0.0 ], [ 112.4051105530001, -8.112114211999938, 0.0 ], [ 112.405429400000116, -8.112138006999942, 0.0 ], [ 112.405719695000016, -8.111990480999964, 0.0 ], [ 112.405867008000087, -8.111820436999949, 0.0 ], [ 112.405940000000101, -8.1118, 0.0 ], [ 112.406218375000094, -8.111809766999954, 0.0 ], [ 112.406291506000116, -8.111812333999978, 0.0 ], [ 112.40651, -8.11182, 0.0 ], [ 112.406705751000118, -8.111827528999981, 0.0 ], [ 112.40677, -8.111829998999951, 0.0 ], [ 112.40692, -8.1118, 0.0 ], [ 112.40709, -8.111669997999968, 0.0 ], [ 112.40722, -8.11148, 0.0 ], [ 112.40735, -8.11119, 0.0 ], [ 112.407330000000115, -8.1111, 0.0 ], [ 112.407099999000025, -8.11074, 0.0 ], [ 112.407095348000098, -8.110582574999967, 0.0 ], [ 112.40744999900005, -8.110179998999968, 0.0 ], [ 112.407506371000068, -8.110110815999974, 0.0 ], [ 112.40781362000007, -8.109887036999964, 0.0 ], [ 112.407880245000115, -8.109582465999949, 0.0 ], [ 112.407842174000052, -8.109268377999967, 0.0 ], [ 112.40763, -8.10901, 0.0 ], [ 112.407156889000021, -8.108802002999937, 0.0 ], [ 112.406985568000096, -8.10846887799994, 0.0 ], [ 112.407147371000065, -8.108164307999971, 0.0 ], [ 112.407378174000087, -8.108007560999965, 0.0 ], [ 112.40734, -8.107579998999938, 0.0 ], [ 112.407398620000095, -8.107453343999964, 0.0 ], [ 112.407420492000028, -8.107406086999958, 0.0 ], [ 112.407779999000013, -8.10747, 0.0 ], [ 112.407960000000116, -8.1075, 0.0 ], [ 112.40806, -8.107459997999968, 0.0 ], [ 112.40812, -8.107359997999936, 0.0 ], [ 112.408111984000016, -8.107263802999967, 0.0 ], [ 112.408108052000102, -8.107216621999953, 0.0 ], [ 112.40808, -8.10688, 0.0 ], [ 112.40808, -8.1065, 0.0 ], [ 112.408169999000052, -8.10616, 0.0 ], [ 112.408269999000026, -8.10594, 0.0 ], [ 112.40872, -8.10567, 0.0 ], [ 112.408820000000105, -8.10561, 0.0 ], [ 112.409069999000053, -8.10553, 0.0 ], [ 112.40933, -8.105429998999966, 0.0 ], [ 112.40943, -8.10536, 0.0 ], [ 112.40948, -8.10519, 0.0 ], [ 112.40948, -8.10505, 0.0 ], [ 112.4093, -8.10484, 0.0 ], [ 112.40896, -8.104489998999952, 0.0 ], [ 112.40888, -8.10437, 0.0 ], [ 112.40885, -8.104169998999964, 0.0 ], [ 112.4089, -8.103999998999939, 0.0 ], [ 112.40902, -8.103879998999957, 0.0 ], [ 112.409339999000053, -8.103839998999945, 0.0 ], [ 112.40949, -8.10382999899997, 0.0 ], [ 112.4096, -8.10331999899995, 0.0 ], [ 112.40966, -8.10297, 0.0 ], [ 112.409698561000027, -8.10271163799996, 0.0 ], [ 112.409878992000017, -8.102301315999966, 0.0 ], [ 112.409886964000066, -8.102107341999954, 0.0 ], [ 112.409890461000032, -8.102022248999958, 0.0 ], [ 112.409897756000078, -8.101844738999944, 0.0 ], [ 112.40991331400005, -8.101466157999937, 0.0 ], [ 112.409954356000071, -8.100467468999966, 0.0 ], [ 112.409964653000088, -8.100216907999936, 0.0 ], [ 112.410059831000012, -8.100159800999961, 0.0 ], [ 112.41027874200006, -8.100017032999972, 0.0 ], [ 112.41029581600003, -8.100002093999933, 0.0 ], [ 112.410572733000095, -8.09975979099994, 0.0 ], [ 112.410735598000088, -8.099617283999976, 0.0 ], [ 112.410783188000096, -8.099445962999937, 0.0 ], [ 112.410821259000045, -8.099179462999928, 0.0 ], [ 112.410688009000069, -8.099036695999928, 0.0 ], [ 112.410545241000023, -8.098874891999969, 0.0 ], [ 112.410459581000055, -8.09873212499997, 0.0 ], [ 112.410438039000041, -8.098608256999967, 0.0 ], [ 112.410423878000074, -8.098526827999933, 0.0 ], [ 112.410421510000106, -8.098513213999979, 0.0 ], [ 112.410488134000047, -8.098322856999971, 0.0 ], [ 112.410469099000011, -8.098161053999945, 0.0 ], [ 112.410300048000067, -8.097744108999962, 0.0 ], [ 112.41027, -8.097669998999947, 0.0 ], [ 112.410364402000027, -8.097628054999973, 0.0 ], [ 112.410431027000072, -8.097428179999952, 0.0 ], [ 112.410478617000081, -8.097333000999981, 0.0 ], [ 112.41039295600001, -8.097076019999975, 0.0 ], [ 112.410239999000055, -8.09686, 0.0 ], [ 112.410204963000069, -8.096757341999933, 0.0 ], [ 112.410174046000066, -8.096666751999976, 0.0 ], [ 112.410250188000077, -8.096523984999976, 0.0 ], [ 112.41042, -8.096479998999939, 0.0 ], [ 112.410424502000069, -8.09646859399993, 0.0 ], [ 112.410489525000116, -8.096303869999929, 0.0 ], [ 112.410707045000095, -8.096200377999935, 0.0 ], [ 112.410811741000089, -8.096038574999966, 0.0 ], [ 112.410859330000108, -8.095886288999964, 0.0 ], [ 112.41085, -8.09546, 0.0 ], [ 112.410802223000019, -8.095343771999978, 0.0 ], [ 112.410813393000012, -8.095226491999938, 0.0 ], [ 112.410821259000045, -8.095143896999957, 0.0 ], [ 112.41087836600002, -8.095020164999937, 0.0 ], [ 112.41123561500001, -8.094906778999928, 0.0 ], [ 112.41129, -8.09483, 0.0 ], [ 112.411422796000011, -8.094689335999931, 0.0 ], [ 112.411439919000031, -8.094468129999939, 0.0 ], [ 112.411476046000075, -8.094446051999967, 0.0 ], [ 112.41161124000007, -8.094363433999945, 0.0 ], [ 112.411730580000039, -8.094341970999949, 0.0 ], [ 112.41185981600006, -8.094318727999962, 0.0 ], [ 112.412476684000012, -8.093789983999955, 0.0 ], [ 112.412800971000024, -8.093706702999953, 0.0 ], [ 112.4129913270001, -8.093516345999944, 0.0 ], [ 112.413153655000087, -8.093226045999927, 0.0 ], [ 112.413454565000052, -8.092971801999965, 0.0 ], [ 112.413454588000036, -8.09297178199995, 0.0 ], [ 112.413503930000047, -8.092929487999982, 0.0 ], [ 112.413526221000097, -8.092910380999967, 0.0 ], [ 112.413548299000013, -8.092891456999951, 0.0 ], [ 112.413592998000013, -8.092853143999946, 0.0 ], [ 112.413679018000039, -8.09277941299996, 0.0 ], [ 112.413761062000049, -8.092709089999971, 0.0 ], [ 112.413924076000058, -8.092383722999955, 0.0 ], [ 112.414079234000042, -8.092372854999951, 0.0 ], [ 112.414015894000045, -8.09219303499998, 0.0 ], [ 112.414037309000037, -8.092071681999926, 0.0 ], [ 112.414116069000102, -8.091978347999941, 0.0 ], [ 112.414116090000107, -8.091978311999981, 0.0 ], [ 112.414180076000093, -8.091868237999961, 0.0 ], [ 112.414294291000033, -8.091839684999968, 0.0 ], [ 112.414429999000049, -8.09179, 0.0 ], [ 112.414467676000072, -8.091794767999943, 0.0 ], [ 112.414540565000038, -8.091803991999939, 0.0 ], [ 112.414658348000103, -8.091779006999957, 0.0 ], [ 112.41466588500009, -8.091769811999939, 0.0 ], [ 112.414736862000041, -8.091683220999926, 0.0 ], [ 112.414836808000018, -8.09156128799998, 0.0 ], [ 112.414878437000084, -8.091284426999948, 0.0 ], [ 112.41495962700003, -8.090778542999942, 0.0 ], [ 112.4150381500001, -8.090457316999959, 0.0 ], [ 112.415156029000059, -8.090391498999963, 0.0 ], [ 112.415396370000053, -8.090187053999955, 0.0 ], [ 112.415440000000103, -8.090129998999942, 0.0 ], [ 112.415493603000073, -8.089980474999948, 0.0 ], [ 112.41544503800003, -8.08952932699998, 0.0 ], [ 112.415209471000026, -8.089407974999972, 0.0 ], [ 112.414909659000045, -8.089272343999937, 0.0 ], [ 112.414731199000016, -8.089129576999937, 0.0 ], [ 112.414816860000087, -8.088929702999963, 0.0 ], [ 112.414896086000113, -8.08874433699998, 0.0 ], [ 112.414955572000054, -8.08864320899994, 0.0 ], [ 112.415056700000036, -8.088506389999964, 0.0 ], [ 112.4154, -8.088289998999926, 0.0 ], [ 112.415570000000116, -8.088, 0.0 ], [ 112.41541, -8.087429998999937, 0.0 ], [ 112.41537, -8.0873, 0.0 ], [ 112.41543, -8.08722, 0.0 ], [ 112.415478537000013, -8.087191083999926, 0.0 ], [ 112.415654447000065, -8.087086286999977, 0.0 ], [ 112.415803629000038, -8.08699741199996, 0.0 ], [ 112.4159, -8.08694, 0.0 ], [ 112.416029999000102, -8.08681, 0.0 ], [ 112.41604, -8.08651, 0.0 ], [ 112.416029999000102, -8.08645, 0.0 ], [ 112.41716, -8.08565, 0.0 ], [ 112.417279999000016, -8.08557, 0.0 ], [ 112.41734, -8.08541, 0.0 ], [ 112.41729, -8.08488, 0.0 ], [ 112.417299999000079, -8.08461, 0.0 ], [ 112.41743, -8.084369998999932, 0.0 ], [ 112.417649999000105, -8.08403, 0.0 ], [ 112.41772, -8.083859998999969, 0.0 ], [ 112.417849544000092, -8.083744091999961, 0.0 ], [ 112.41791, -8.08369, 0.0 ], [ 112.41827, -8.08365, 0.0 ], [ 112.41844, -8.08361999899995, 0.0 ], [ 112.41854, -8.083449998999981, 0.0 ], [ 112.41889, -8.08369, 0.0 ], [ 112.41945, -8.08385, 0.0 ], [ 112.42017, -8.08414, 0.0 ], [ 112.42087, -8.08438, 0.0 ], [ 112.42142, -8.08453, 0.0 ], [ 112.421859999000048, -8.0846, 0.0 ], [ 112.42226, -8.084619998999926, 0.0 ], [ 112.422550000000115, -8.0846, 0.0 ], [ 112.4228, -8.08455, 0.0 ], [ 112.42308, -8.08449, 0.0 ] ] ] ] } },
{ "type": "Feature", "properties": { "OBJECTID": 116261.0, "KDPPUM": "35", "NAMOBJ": "Ngrendeng", "REMARK": null, "KDPBPS": null, "FCODE": "BA03070040", "LUASWH": 6.40130329, "UUPP": "Hasil Delineasi Batas Desa 2019", "SRS_ID": "SRGI 2013", "METADATA": "TASWIL1000020200326DATA_BATAS_DESA_KELURAHAN", "KDEBPS": null, "KDEPUM": "35.05.21.2005", "KDCBPS": null, "KDCPUM": "35.05.21", "KDBBPS": null, "WADMKD": "Ngrendeng", "WIADKD": null, "WADMKC": "Selorejo", "WIADKC": null, "WADMKK": "Blitar", "WIADKK": null, "WADMPR": "Jawa Timur", "WIADPR": null, "TIPADM": 1.0, "KDPKAB": "35.05", "SHAPE_Leng": 0.14698049517029699, "SHAPE_Area": 0.00052524656665499999 }, "geometry": { "type": "MultiPolygon", "coordinates": [ [ [ [ 112.43855, -8.09008, 0.0 ], [ 112.43812, -8.091309998999975, 0.0 ], [ 112.43792, -8.09226, 0.0 ], [ 112.43787, -8.092539998999939, 0.0 ], [ 112.4377, -8.093709998999941, 0.0 ], [ 112.43766, -8.09379, 0.0 ], [ 112.43763, -8.09384, 0.0 ], [ 112.437559999000086, -8.09418, 0.0 ], [ 112.437410000000114, -8.094429998999942, 0.0 ], [ 112.43698, -8.09502, 0.0 ], [ 112.43659, -8.09554, 0.0 ], [ 112.43628, -8.096089998999958, 0.0 ], [ 112.43594, -8.09703, 0.0 ], [ 112.43553, -8.09779, 0.0 ], [ 112.43533, -8.097979998999961, 0.0 ], [ 112.43503, -8.09827, 0.0 ], [ 112.43412, -8.09922, 0.0 ], [ 112.433810000000108, -8.09933, 0.0 ], [ 112.43358, -8.09936, 0.0 ], [ 112.43357, -8.09947, 0.0 ], [ 112.433450000000107, -8.09949, 0.0 ], [ 112.4334, -8.099519998999938, 0.0 ], [ 112.43342, -8.09959, 0.0 ], [ 112.43339, -8.09981, 0.0 ], [ 112.433289999000067, -8.100319998999964, 0.0 ], [ 112.43332, -8.1005, 0.0 ], [ 112.433450000000107, -8.10084, 0.0 ], [ 112.43347, -8.10099, 0.0 ], [ 112.43344, -8.10128, 0.0 ], [ 112.43332999900008, -8.10143, 0.0 ], [ 112.43312, -8.1016, 0.0 ], [ 112.43281, -8.10171, 0.0 ], [ 112.43261, -8.10174, 0.0 ], [ 112.43241, -8.1017, 0.0 ], [ 112.43234, -8.10163, 0.0 ], [ 112.432099999000116, -8.10129, 0.0 ], [ 112.432010000000105, -8.10127, 0.0 ], [ 112.43193, -8.10131, 0.0 ], [ 112.43188, -8.10141, 0.0 ], [ 112.43184, -8.10167, 0.0 ], [ 112.4319, -8.10179, 0.0 ], [ 112.432050000000118, -8.10201, 0.0 ], [ 112.43224, -8.10213, 0.0 ], [ 112.432529999000053, -8.10224, 0.0 ], [ 112.43258, -8.10232, 0.0 ], [ 112.432529999000053, -8.1024, 0.0 ], [ 112.431830000000105, -8.10316, 0.0 ], [ 112.43141, -8.10353, 0.0 ], [ 112.43074, -8.10408, 0.0 ], [ 112.430599999000037, -8.10433, 0.0 ], [ 112.43062, -8.10451, 0.0 ], [ 112.43068, -8.10484, 0.0 ], [ 112.4302, -8.105019998999978, 0.0 ], [ 112.42996, -8.10527, 0.0 ], [ 112.42975, -8.1055, 0.0 ], [ 112.42946, -8.10583, 0.0 ], [ 112.42947, -8.106, 0.0 ], [ 112.42951, -8.10667, 0.0 ], [ 112.42942, -8.1068, 0.0 ], [ 112.42915, -8.10698, 0.0 ], [ 112.428990000000113, -8.106969998999944, 0.0 ], [ 112.4288600000001, -8.10691, 0.0 ], [ 112.42867, -8.10683, 0.0 ], [ 112.428549999000097, -8.10686, 0.0 ], [ 112.42846, -8.106949998999937, 0.0 ], [ 112.428360000000112, -8.10713, 0.0 ], [ 112.4283, -8.107439998999951, 0.0 ], [ 112.42819, -8.10796, 0.0 ], [ 112.42808, -8.10792, 0.0 ], [ 112.42804, -8.10784, 0.0 ], [ 112.42792, -8.1076, 0.0 ], [ 112.42786, -8.10757, 0.0 ], [ 112.42772, -8.1077, 0.0 ], [ 112.42767, -8.10792, 0.0 ], [ 112.42769, -8.10809, 0.0 ], [ 112.42776999900002, -8.10838, 0.0 ], [ 112.42789, -8.108509998999978, 0.0 ], [ 112.4281, -8.10876, 0.0 ], [ 112.428259999000034, -8.10911, 0.0 ], [ 112.42838, -8.1095, 0.0 ], [ 112.42848, -8.10991, 0.0 ], [ 112.42843, -8.11014, 0.0 ], [ 112.42819, -8.11051, 0.0 ], [ 112.42769, -8.11123, 0.0 ], [ 112.427789999000083, -8.111379998999951, 0.0 ], [ 112.42798, -8.11153, 0.0 ], [ 112.428090000000111, -8.11168, 0.0 ], [ 112.428139999000109, -8.11183, 0.0 ], [ 112.4281, -8.11194, 0.0 ], [ 112.427910000000111, -8.112139998999965, 0.0 ], [ 112.42729, -8.11276, 0.0 ], [ 112.426969999000107, -8.113249998999947, 0.0 ], [ 112.4267, -8.11359, 0.0 ], [ 112.42642, -8.114, 0.0 ], [ 112.42652, -8.114109998999936, 0.0 ], [ 112.426619999000081, -8.11428, 0.0 ], [ 112.42667, -8.11449, 0.0 ], [ 112.426619999000081, -8.11456, 0.0 ], [ 112.42654, -8.11456, 0.0 ], [ 112.42591, -8.114439998999956, 0.0 ], [ 112.42516, -8.114379998999937, 0.0 ], [ 112.42487, -8.11443, 0.0 ], [ 112.4247, -8.11455, 0.0 ], [ 112.42457, -8.1147, 0.0 ], [ 112.424490000000105, -8.114849998999944, 0.0 ], [ 112.42441, -8.11501, 0.0 ], [ 112.42425, -8.11509, 0.0 ], [ 112.423889999000039, -8.115239998999925, 0.0 ], [ 112.42375, -8.11539, 0.0 ], [ 112.423539999000013, -8.11571, 0.0 ], [ 112.42329, -8.11615, 0.0 ], [ 112.42312, -8.11628, 0.0 ], [ 112.422910000000115, -8.11634, 0.0 ], [ 112.422719999000037, -8.116429998999934, 0.0 ], [ 112.42247, -8.11661, 0.0 ], [ 112.4223, -8.11669, 0.0 ], [ 112.422240000000102, -8.11662, 0.0 ], [ 112.42214, -8.11642, 0.0 ], [ 112.42203, -8.11623, 0.0 ], [ 112.42193, -8.11619, 0.0 ], [ 112.42172, -8.11617, 0.0 ], [ 112.42144, -8.1162, 0.0 ], [ 112.42139, -8.11632, 0.0 ], [ 112.42137, -8.11651, 0.0 ], [ 112.42144, -8.11694, 0.0 ], [ 112.42146, -8.11708, 0.0 ], [ 112.4214, -8.117249998999966, 0.0 ], [ 112.42128, -8.11736, 0.0 ], [ 112.421110000000112, -8.11745, 0.0 ], [ 112.42088, -8.11751, 0.0 ], [ 112.42055, -8.11763, 0.0 ], [ 112.42008, -8.11776, 0.0 ], [ 112.41984, -8.11782, 0.0 ], [ 112.41979, -8.11785, 0.0 ], [ 112.41955, -8.117989998999974, 0.0 ], [ 112.41933, -8.11822, 0.0 ], [ 112.41927, -8.11833, 0.0 ], [ 112.41918, -8.11847, 0.0 ], [ 112.419, -8.11864, 0.0 ], [ 112.418770000000109, -8.118749998999931, 0.0 ], [ 112.418409999, -8.11883, 0.0 ], [ 112.418079999000042, -8.11893, 0.0 ], [ 112.418059999000093, -8.11899, 0.0 ], [ 112.41801999900008, -8.11923, 0.0 ], [ 112.41792, -8.1193, 0.0 ], [ 112.41772, -8.11935, 0.0 ], [ 112.41734, -8.119449998999926, 0.0 ], [ 112.417219999000054, -8.11954, 0.0 ], [ 112.417060000000106, -8.11979, 0.0 ], [ 112.41693, -8.119919998999933, 0.0 ], [ 112.41674, -8.12003, 0.0 ], [ 112.41658, -8.12005, 0.0 ], [ 112.41583, -8.12005, 0.0 ], [ 112.41537, -8.12015, 0.0 ], [ 112.414509999000074, -8.12044, 0.0 ], [ 112.41402, -8.12056, 0.0 ], [ 112.41379, -8.120639998999934, 0.0 ], [ 112.41348, -8.12083, 0.0 ], [ 112.413230000000112, -8.121089998999935, 0.0 ], [ 112.41281, -8.12165, 0.0 ], [ 112.41245, -8.12241, 0.0 ], [ 112.41228, -8.12238, 0.0 ], [ 112.41222, -8.122279998999943, 0.0 ], [ 112.41202, -8.12192, 0.0 ], [ 112.41186, -8.121849998999949, 0.0 ], [ 112.41171999900007, -8.12184, 0.0 ], [ 112.41171, -8.12171, 0.0 ], [ 112.41162, -8.12133, 0.0 ], [ 112.41158, -8.12095, 0.0 ], [ 112.41164, -8.1209, 0.0 ], [ 112.41164, -8.12073, 0.0 ], [ 112.41161000000011, -8.12048, 0.0 ], [ 112.4121, -8.12034, 0.0 ], [ 112.41234, -8.120289998999965, 0.0 ], [ 112.41241, -8.12021, 0.0 ], [ 112.41246, -8.12003, 0.0 ], [ 112.41246, -8.11911, 0.0 ], [ 112.41243, -8.11865, 0.0 ], [ 112.412420000000111, -8.118359998999949, 0.0 ], [ 112.41245, -8.11822, 0.0 ], [ 112.41263, -8.11814, 0.0 ], [ 112.413500000000113, -8.11806, 0.0 ], [ 112.41363, -8.11804, 0.0 ], [ 112.41376999900001, -8.11794, 0.0 ], [ 112.41378, -8.11787, 0.0 ], [ 112.41381, -8.11773, 0.0 ], [ 112.41379, -8.117599998999935, 0.0 ], [ 112.4135500000001, -8.11697, 0.0 ], [ 112.41318, -8.11599, 0.0 ], [ 112.41283, -8.11543, 0.0 ], [ 112.4131, -8.11509, 0.0 ], [ 112.413319999, -8.11473, 0.0 ], [ 112.41342, -8.114419998999949, 0.0 ], [ 112.41345, -8.11422, 0.0 ], [ 112.413379999000085, -8.11393, 0.0 ], [ 112.413339999000073, -8.1138, 0.0 ], [ 112.413359999000022, -8.11369, 0.0 ], [ 112.41376, -8.11361, 0.0 ], [ 112.413910000000101, -8.113579998999967, 0.0 ], [ 112.414090000000101, -8.11344, 0.0 ], [ 112.41394, -8.1133, 0.0 ], [ 112.413669999000035, -8.11311, 0.0 ], [ 112.41347, -8.11291, 0.0 ], [ 112.413410000000113, -8.112799998999947, 0.0 ], [ 112.4134600000001, -8.1127, 0.0 ], [ 112.413910000000101, -8.11229, 0.0 ], [ 112.4142, -8.11205, 0.0 ], [ 112.41441, -8.11187, 0.0 ], [ 112.4146, -8.111629998999945, 0.0 ], [ 112.41466, -8.11152, 0.0 ], [ 112.41464, -8.1114, 0.0 ], [ 112.4145, -8.11123, 0.0 ], [ 112.414220000000114, -8.11106, 0.0 ], [ 112.41398, -8.110989998999969, 0.0 ], [ 112.41387, -8.11096, 0.0 ], [ 112.413820000000101, -8.110909998999944, 0.0 ], [ 112.41387, -8.11072, 0.0 ], [ 112.41401, -8.110559998999975, 0.0 ], [ 112.41459, -8.11026, 0.0 ], [ 112.415260000000103, -8.10991, 0.0 ], [ 112.41549, -8.10977, 0.0 ], [ 112.416, -8.109699998999929, 0.0 ], [ 112.416129999000077, -8.10966, 0.0 ], [ 112.41623, -8.10956, 0.0 ], [ 112.41633, -8.10928, 0.0 ], [ 112.41645999900004, -8.10869, 0.0 ], [ 112.416809999000066, -8.10799, 0.0 ], [ 112.417150000000106, -8.10752, 0.0 ], [ 112.41747, -8.10722, 0.0 ], [ 112.417689999000117, -8.107029998999963, 0.0 ], [ 112.4175, -8.10665999899993, 0.0 ], [ 112.41723, -8.10613, 0.0 ], [ 112.41698, -8.10554, 0.0 ], [ 112.41682, -8.10513, 0.0 ], [ 112.41678, -8.10485, 0.0 ], [ 112.41698, -8.10442, 0.0 ], [ 112.41774, -8.10232, 0.0 ], [ 112.41793, -8.101879998999948, 0.0 ], [ 112.41813, -8.10148, 0.0 ], [ 112.4184, -8.10101, 0.0 ], [ 112.418449999000018, -8.10089, 0.0 ], [ 112.41864, -8.10047, 0.0 ], [ 112.418739999000081, -8.10027, 0.0 ], [ 112.41889, -8.099909998999976, 0.0 ], [ 112.41924, -8.099, 0.0 ], [ 112.41971, -8.09789, 0.0 ], [ 112.41986, -8.09752, 0.0 ], [ 112.42018, -8.09666, 0.0 ], [ 112.42028, -8.09639, 0.0 ], [ 112.420319999000071, -8.09628, 0.0 ], [ 112.420359999000084, -8.09615, 0.0 ], [ 112.42052, -8.09556, 0.0 ], [ 112.42026, -8.095229998999969, 0.0 ], [ 112.42007, -8.09506, 0.0 ], [ 112.4198, -8.09466, 0.0 ], [ 112.41955, -8.09425, 0.0 ], [ 112.41938, -8.09409999899998, 0.0 ], [ 112.419377761000078, -8.094098340999949, 0.0 ], [ 112.419379873000025, -8.094093318999967, 0.0 ], [ 112.419381519000012, -8.094089405999966, 0.0 ], [ 112.419388307000077, -8.094035100999974, 0.0 ], [ 112.419397403000062, -8.093962329999954, 0.0 ], [ 112.419405171000108, -8.093900184999939, 0.0 ], [ 112.419415771000104, -8.093815381999946, 0.0 ], [ 112.419431487000111, -8.093689655999981, 0.0 ], [ 112.419395795000014, -8.093518334999942, 0.0 ], [ 112.419423222000091, -8.093457995999927, 0.0 ], [ 112.419467179000094, -8.093361289999962, 0.0 ], [ 112.419617085000027, -8.093125723999947, 0.0 ], [ 112.419622854000067, -8.093096878999972, 0.0 ], [ 112.419645639, -8.092982955999958, 0.0 ], [ 112.419755755000097, -8.092743290999977, 0.0 ], [ 112.419759377000105, -8.092735408999943, 0.0 ], [ 112.419766991000074, -8.09271883599996, 0.0 ], [ 112.419881205000024, -8.092047827999977, 0.0 ], [ 112.419866929000023, -8.091833675999965, 0.0 ], [ 112.419850305000068, -8.091750555999965, 0.0 ], [ 112.41984974200011, -8.091747741999939, 0.0 ], [ 112.41983837500004, -8.091690908999965, 0.0 ], [ 112.419888344000015, -8.091491033999944, 0.0 ], [ 112.419952589000104, -8.091455341999961, 0.0 ], [ 112.419957821000025, -8.091448878999927, 0.0 ], [ 112.420073942000045, -8.091305435999971, 0.0 ], [ 112.420171455000059, -8.09118842099997, 0.0 ], [ 112.420181018000108, -8.091176944999972, 0.0 ], [ 112.420211551000079, -8.091157436999936, 0.0 ], [ 112.420282511000096, -8.091112100999965, 0.0 ], [ 112.420355006000023, -8.091065784999955, 0.0 ], [ 112.420437999000114, -8.091012761999934, 0.0 ], [ 112.42061645900003, -8.090977070999941, 0.0 ], [ 112.420656721000114, -8.090980798999965, 0.0 ], [ 112.421001932000081, -8.091012761999934, 0.0 ], [ 112.42110186900004, -8.090905686999974, 0.0 ], [ 112.421173253, -8.090712949999954, 0.0 ], [ 112.421158976000015, -8.09048452199994, 0.0 ], [ 112.421107831000086, -8.090292727999952, 0.0 ], [ 112.42110186900004, -8.090270370999974, 0.0 ], [ 112.421052275000079, -8.090175495999972, 0.0 ], [ 112.420937686000116, -8.089956281999946, 0.0 ], [ 112.420870358000116, -8.089903915999969, 0.0 ], [ 112.420809195000061, -8.089856343999941, 0.0 ], [ 112.42082476500002, -8.089555337999968, 0.0 ], [ 112.420830610000053, -8.089442317999954, 0.0 ], [ 112.420901994000019, -8.089142505999973, 0.0 ], [ 112.42088701800003, -8.089075946999969, 0.0 ], [ 112.420837749000043, -8.088856970999927, 0.0 ], [ 112.420532678000086, -8.088890866999975, 0.0 ], [ 112.420452276000105, -8.088899800999968, 0.0 ], [ 112.420380892000026, -8.088757032999979, 0.0 ], [ 112.420437999000114, -8.088657095999963, 0.0 ], [ 112.420566490000056, -8.088599988999931, 0.0 ], [ 112.420608900000047, -8.088581649999981, 0.0 ], [ 112.420830610000053, -8.088485774999981, 0.0 ], [ 112.420937686000116, -8.088364421999927, 0.0 ], [ 112.420966240000098, -8.088143131999971, 0.0 ], [ 112.420923409000011, -8.088028917999964, 0.0 ], [ 112.420872801000087, -8.088003613999945, 0.0 ], [ 112.420809195000061, -8.087971810999932, 0.0 ], [ 112.420795130000101, -8.087961054999937, 0.0 ], [ 112.42068784300011, -8.087879011999973, 0.0 ], [ 112.420809195000061, -8.087779074999958, 0.0 ], [ 112.420973378000099, -8.087721967999926, 0.0 ], [ 112.420993426000109, -8.08770644699996, 0.0 ], [ 112.421194668000112, -8.087550646999944, 0.0 ], [ 112.42132777900008, -8.08727377699995, 0.0 ], [ 112.421373128000027, -8.08717945099994, 0.0 ], [ 112.42145374800009, -8.08717300099994, 0.0 ], [ 112.421551587000067, -8.087165173999949, 0.0 ], [ 112.421857651000096, -8.087081701999978, 0.0 ], [ 112.421865676000039, -8.087079512999935, 0.0 ], [ 112.422079827000061, -8.08702240599996, 0.0 ], [ 112.42225114900009, -8.087058097999943, 0.0 ], [ 112.422351086000049, -8.087208003999933, 0.0 ], [ 112.422493854000095, -8.08735791, 0.0 ], [ 112.422604447000026, -8.087388875999977, 0.0 ], [ 112.422639999000012, -8.08722, 0.0 ], [ 112.42256, -8.08648, 0.0 ], [ 112.4223, -8.08574, 0.0 ], [ 112.4223, -8.08555, 0.0 ], [ 112.422307227000033, -8.085526712999979, 0.0 ], [ 112.422273284000084, -8.085402253999973, 0.0 ], [ 112.422265425000091, -8.085373439999955, 0.0 ], [ 112.422338495000076, -8.085182333999967, 0.0 ], [ 112.42235822400005, -8.08513073499995, 0.0 ], [ 112.422508792000031, -8.084951210999975, 0.0 ], [ 112.42254382200008, -8.084909444999937, 0.0 ], [ 112.422609843000032, -8.084857796999927, 0.0 ], [ 112.422677572000111, -8.084804813999938, 0.0 ], [ 112.422823572000084, -8.084690599999931, 0.0 ], [ 112.422835434000035, -8.084681319999959, 0.0 ], [ 112.42308, -8.08449, 0.0 ], [ 112.42299, -8.084, 0.0 ], [ 112.423000000000116, -8.08389, 0.0 ], [ 112.423047239000084, -8.083845384999961, 0.0 ], [ 112.42303280200008, -8.083778010999936, 0.0 ], [ 112.423229107000111, -8.083574566999971, 0.0 ], [ 112.423294792000092, -8.083541167999954, 0.0 ], [ 112.42343968900002, -8.083467491999954, 0.0 ], [ 112.423538417000032, -8.08337271299996, 0.0 ], [ 112.423652769000114, -8.083262934999937, 0.0 ], [ 112.423707379, -8.083210509999958, 0.0 ], [ 112.423855087000106, -8.083200204999969, 0.0 ], [ 112.423909999000102, -8.08315, 0.0 ], [ 112.42398, -8.08304, 0.0 ], [ 112.423978117000047, -8.083031838999943, 0.0 ], [ 112.423949999000115, -8.08291, 0.0 ], [ 112.42343, -8.0825, 0.0 ], [ 112.4234045500001, -8.082477094999945, 0.0 ], [ 112.423230000000103, -8.082319998999935, 0.0 ], [ 112.423142846000019, -8.082183044999965, 0.0 ], [ 112.423111101000018, -8.082133160999945, 0.0 ], [ 112.423089999000013, -8.0821, 0.0 ], [ 112.423085753, -8.082006582999952, 0.0 ], [ 112.423096894000082, -8.081839875999947, 0.0 ], [ 112.423198069000023, -8.081589306999945, 0.0 ], [ 112.423268368000095, -8.081415205999974, 0.0 ], [ 112.423607441000058, -8.081243884999935, 0.0 ], [ 112.423656074000064, -8.081203067999979, 0.0 ], [ 112.423659900000075, -8.081199856999945, 0.0 ], [ 112.423807316000079, -8.081076132999954, 0.0 ], [ 112.423863595000057, -8.080991139999981, 0.0 ], [ 112.423878948000038, -8.080967954999949, 0.0 ], [ 112.42386999900009, -8.08096, 0.0 ], [ 112.42375, -8.08089, 0.0 ], [ 112.423720000000117, -8.08081, 0.0 ], [ 112.423842782000065, -8.08060693799996, 0.0 ], [ 112.423842319000073, -8.08060480499995, 0.0 ], [ 112.423840221000091, -8.080595144999961, 0.0 ], [ 112.423819478000041, -8.080499635999956, 0.0 ], [ 112.42381445500007, -8.080476508999936, 0.0 ], [ 112.423900115000038, -8.080358725999929, 0.0 ], [ 112.423989242000061, -8.080327002999979, 0.0 ], [ 112.424013645000059, -8.080318316999978, 0.0 ], [ 112.42411069700006, -8.080283772999962, 0.0 ], [ 112.424157867000076, -8.080199438999955, 0.0 ], [ 112.424228481000114, -8.080073189999951, 0.0 ], [ 112.424258933000033, -8.079996257999937, 0.0 ], [ 112.424364110000056, -8.07973054799993, 0.0 ], [ 112.424331987000073, -8.079673440999954, 0.0 ], [ 112.424295146000077, -8.079604008999979, 0.0 ], [ 112.42425946000003, -8.079536754999936, 0.0 ], [ 112.424239188000115, -8.079498550999972, 0.0 ], [ 112.424410412000043, -8.079342892999932, 0.0 ], [ 112.424435494000022, -8.079320090999943, 0.0 ], [ 112.424860228000057, -8.079430735999949, 0.0 ], [ 112.425038478000033, -8.07950391299994, 0.0 ], [ 112.425125672000036, -8.07953970799997, 0.0 ], [ 112.425099999000054, -8.07936, 0.0 ], [ 112.42492, -8.07909, 0.0 ], [ 112.42487, -8.07897, 0.0 ], [ 112.42507, -8.07899, 0.0 ], [ 112.425183476000029, -8.079054843999927, 0.0 ], [ 112.425095794000072, -8.078913202999956, 0.0 ], [ 112.42507437900008, -8.078834680999933, 0.0 ], [ 112.425177886000029, -8.078766865999967, 0.0 ], [ 112.425491975000114, -8.078877510999973, 0.0 ], [ 112.425723972000014, -8.079030986999953, 0.0 ], [ 112.425868087000026, -8.079059411999935, 0.0 ], [ 112.425859999000068, -8.07904, 0.0 ], [ 112.42569, -8.078889998999955, 0.0 ], [ 112.425509999000042, -8.07872, 0.0 ], [ 112.42538, -8.07849, 0.0 ], [ 112.425389999000117, -8.07837, 0.0 ], [ 112.42553711100004, -8.078234656999939, 0.0 ], [ 112.425457710000046, -8.078150585999936, 0.0 ], [ 112.425467228000116, -8.078093478999961, 0.0 ], [ 112.425632204000067, -8.077882675999945, 0.0 ], [ 112.425638549000041, -8.07787456799997, 0.0 ], [ 112.425652588000048, -8.077865896999981, 0.0 ], [ 112.4258408070001, -8.077749644999926, 0.0 ], [ 112.425948593000044, -8.077683070999967, 0.0 ], [ 112.425962156000082, -8.077674693999938, 0.0 ], [ 112.426090282000018, -8.077733686999977, 0.0 ], [ 112.42610826300006, -8.077741964999973, 0.0 ], [ 112.426125791000118, -8.077750035999941, 0.0 ], [ 112.426183197000114, -8.077740137999967, 0.0 ], [ 112.426187828000025, -8.077739339999937, 0.0 ], [ 112.426204497000072, -8.077736465999976, 0.0 ], [ 112.426232577000064, -8.077731623999966, 0.0 ], [ 112.4263, -8.077719998999953, 0.0 ], [ 112.42663, -8.07771, 0.0 ], [ 112.427009999, -8.07776, 0.0 ], [ 112.4275, -8.0779, 0.0 ], [ 112.42808, -8.07814, 0.0 ], [ 112.42848, -8.07837, 0.0 ], [ 112.42862, -8.07854, 0.0 ], [ 112.42889, -8.07899, 0.0 ], [ 112.428990000000113, -8.07851999899998, 0.0 ], [ 112.42919, -8.07793, 0.0 ], [ 112.429369999000073, -8.07755, 0.0 ], [ 112.42966, -8.076489998999932, 0.0 ], [ 112.42977, -8.07611, 0.0 ], [ 112.42995, -8.075749998999981, 0.0 ], [ 112.430149999000037, -8.07553, 0.0 ], [ 112.43046, -8.07522, 0.0 ], [ 112.43094, -8.0757, 0.0 ], [ 112.431299999000089, -8.076079998999944, 0.0 ], [ 112.431920000000105, -8.07642, 0.0 ], [ 112.43261, -8.07668, 0.0 ], [ 112.433249999000054, -8.07711, 0.0 ], [ 112.433630000000107, -8.07755, 0.0 ], [ 112.43402, -8.078129998999941, 0.0 ], [ 112.434080000000108, -8.07861, 0.0 ], [ 112.43398, -8.07915, 0.0 ], [ 112.43378, -8.079649998999969, 0.0 ], [ 112.43342, -8.080389998999976, 0.0 ], [ 112.43296, -8.08141, 0.0 ], [ 112.432370000000105, -8.08249, 0.0 ], [ 112.43193, -8.08328, 0.0 ], [ 112.431290000000104, -8.08406, 0.0 ], [ 112.43045, -8.08486, 0.0 ], [ 112.42963, -8.08568, 0.0 ], [ 112.429329999000061, -8.086259998999935, 0.0 ], [ 112.42919, -8.08675, 0.0 ], [ 112.42923, -8.08721, 0.0 ], [ 112.42945, -8.08762, 0.0 ], [ 112.42987, -8.08794, 0.0 ], [ 112.43046, -8.08826, 0.0 ], [ 112.43122, -8.08846, 0.0 ], [ 112.43217, -8.08851, 0.0 ], [ 112.43307, -8.08857, 0.0 ], [ 112.43385, -8.08863, 0.0 ], [ 112.43504, -8.08878, 0.0 ], [ 112.435880000000111, -8.08888, 0.0 ], [ 112.43677, -8.08906, 0.0 ], [ 112.43739, -8.08924, 0.0 ], [ 112.437929999000062, -8.08963, 0.0 ], [ 112.43855, -8.09008, 0.0 ] ] ] ] } }
]
}
