{
"type": "FeatureCollection",
"name": "Srengat",
"crs": { "type": "name", "properties": { "name": "urn:ogc:def:crs:OGC:1.3:CRS84" } },
"features": [
{ "type": "Feature", "properties": { "OBJECTID": 113793.0, "KDPPUM": "35", "NAMOBJ": "Kelurahan Dandong", "REMARK": null, "KDPBPS": null, "FCODE": "BA03070040", "LUASWH": null, "UUPP": "Ajudikasi 2015", "SRS_ID": "SRGI 2013", "METADATA": "TASWIL1000020200326DATA_BATAS_DESA_KELURAHAN", "KDEBPS": null, "KDEPUM": "35.05.03.1009", "KDCBPS": null, "KDCPUM": "35.05.03", "KDBBPS": null, "WADMKD": "Kelurahan Dandong", "WIADKD": null, "WADMKC": "Srengat", "WIADKC": null, "WADMKK": "Blitar", "WIADKK": null, "WADMPR": "Jawa Timur", "WIADPR": null, "TIPADM": 2.0, "KDPKAB": "35.05", "SHAPE_Leng": 0.053606719951311999, "SHAPE_Area": 0.0001522441142 }, "geometry": { "type": "MultiPolygon", "coordinates": [ [ [ [ 112.078421104000086, -8.060793775999969, 0.0 ], [ 112.078530409000109, -8.060819895999941, 0.0 ], [ 112.078709375000017, -8.060862664999945, 0.0 ], [ 112.079036870000095, -8.060940926999933, 0.0 ], [ 112.079558512000062, -8.0610528, 0.0 ], [ 112.079590389000032, -8.061059636999971, 0.0 ], [ 112.079828168000063, -8.061129695999966, 0.0 ], [ 112.079941852000047, -8.061207151999952, 0.0 ], [ 112.080843382000012, -8.061508729999957, 0.0 ], [ 112.081279991000088, -8.06167015799997, 0.0 ], [ 112.081422184000076, -8.061800552999955, 0.0 ], [ 112.08146474800003, -8.061803974999975, 0.0 ], [ 112.081510735000052, -8.061761439999941, 0.0 ], [ 112.081940177000092, -8.061894613999925, 0.0 ], [ 112.082273685000018, -8.061957349999943, 0.0 ], [ 112.082401383000047, -8.061971149999977, 0.0 ], [ 112.082542986000021, -8.061878883999952, 0.0 ], [ 112.082737891000079, -8.061791184999947, 0.0 ], [ 112.08274841900004, -8.061786447999964, 0.0 ], [ 112.082840562000115, -8.061764997999944, 0.0 ], [ 112.083014267000067, -8.061743333999971, 0.0 ], [ 112.08312416900003, -8.061732440999947, 0.0 ], [ 112.083124318000046, -8.061788210999964, 0.0 ], [ 112.083124885000075, -8.062001047999956, 0.0 ], [ 112.083079880000014, -8.062255720999929, 0.0 ], [ 112.08302694699999, -8.062708358999942, 0.0 ], [ 112.082918748000111, -8.063318089999939, 0.0 ], [ 112.082749728000067, -8.064753928999949, 0.0 ], [ 112.082693480000103, -8.065135173999977, 0.0 ], [ 112.082688456000028, -8.065134763999936, 0.0 ], [ 112.082323409000082, -8.065104988999963, 0.0 ], [ 112.082309329000054, -8.065689317999954, 0.0 ], [ 112.082612417000064, -8.065719916999967, 0.0 ], [ 112.082616454000117, -8.065720325999962, 0.0 ], [ 112.082610840000029, -8.065790186999948, 0.0 ], [ 112.082604965000087, -8.065863297999954, 0.0 ], [ 112.082599455000036, -8.065909509999926, 0.0 ], [ 112.082529032000025, -8.066500117999965, 0.0 ], [ 112.082345157000077, -8.068042202999948, 0.0 ], [ 112.082226901000013, -8.068834239999944, 0.0 ], [ 112.082090695000034, -8.069191775999968, 0.0 ], [ 112.081979877000094, -8.069482667999978, 0.0 ], [ 112.082000902, -8.069677448999926, 0.0 ], [ 112.082103282000048, -8.070625942999925, 0.0 ], [ 112.082193697000093, -8.071433422999974, 0.0 ], [ 112.081802641000081, -8.071397185999956, 0.0 ], [ 112.08127068500005, -8.071347892999938, 0.0 ], [ 112.081245072000115, -8.071345819999976, 0.0 ], [ 112.081105566000019, -8.071336570999961, 0.0 ], [ 112.079639250000014, -8.071239356999968, 0.0 ], [ 112.078346365000016, -8.071122742999933, 0.0 ], [ 112.077839072000074, -8.071076986999969, 0.0 ], [ 112.077826532000017, -8.071629758999961, 0.0 ], [ 112.077814050000029, -8.07218000499995, 0.0 ], [ 112.077755610000054, -8.073327676999952, 0.0 ], [ 112.07772035399999, -8.074787233999928, 0.0 ], [ 112.077709737000077, -8.074998939999944, 0.0 ], [ 112.077615690000016, -8.074978370999929, 0.0 ], [ 112.077458071000024, -8.074943897999958, 0.0 ], [ 112.076811428000042, -8.074945598999932, 0.0 ], [ 112.07516678099999, -8.074949923999952, 0.0 ], [ 112.074881406000031, -8.074950673999979, 0.0 ], [ 112.073087241000053, -8.074955382999974, 0.0 ], [ 112.070907397000042, -8.074955522999971, 0.0 ], [ 112.070746041, -8.074961490999954, 0.0 ], [ 112.07042117200001, -8.074973505999935, 0.0 ], [ 112.070422522000058, -8.073363631999939, 0.0 ], [ 112.070414945000039, -8.072987780999938, 0.0 ], [ 112.070396806000076, -8.072088057999963, 0.0 ], [ 112.070347855000023, -8.070478314999946, 0.0 ], [ 112.070318033000035, -8.069765369999971, 0.0 ], [ 112.070316895000019, -8.069745443999977, 0.0 ], [ 112.07024772300008, -8.068534475999968, 0.0 ], [ 112.070244274000061, -8.068382166999982, 0.0 ], [ 112.070208071000025, -8.066783796999971, 0.0 ], [ 112.070197133000079, -8.066300840999929, 0.0 ], [ 112.070196122000084, -8.06626873099998, 0.0 ], [ 112.070166639000036, -8.065331655999955, 0.0 ], [ 112.070178297000098, -8.064917463999961, 0.0 ], [ 112.070192198000086, -8.064423599999941, 0.0 ], [ 112.0703066640001, -8.063755020999963, 0.0 ], [ 112.070335318000048, -8.063587651999967, 0.0 ], [ 112.070415961000094, -8.063590897999973, 0.0 ], [ 112.070562725000059, -8.063601442999925, 0.0 ], [ 112.070909209000092, -8.063628784999935, 0.0 ], [ 112.070901369000012, -8.062655419999942, 0.0 ], [ 112.070973104000018, -8.061829171999932, 0.0 ], [ 112.070993931000089, -8.061718624999969, 0.0 ], [ 112.07107299200004, -8.061671064999928, 0.0 ], [ 112.071109946000092, -8.061670968999977, 0.0 ], [ 112.07118910500003, -8.061660238999934, 0.0 ], [ 112.071247149000101, -8.061649563999936, 0.0 ], [ 112.071326308000039, -8.06163883399995, 0.0 ], [ 112.071363041000041, -8.061554551999961, 0.0 ], [ 112.071347589000084, -8.061038674999963, 0.0 ], [ 112.071347426000102, -8.061033209999948, 0.0 ], [ 112.071807857000067, -8.06105, 0.0 ], [ 112.071834937000062, -8.061050986999931, 0.0 ], [ 112.072051951000049, -8.061058900999967, 0.0 ], [ 112.072645913000088, -8.06106193599993, 0.0 ], [ 112.072642458000018, -8.061002704999964, 0.0 ], [ 112.072640958000079, -8.06096499299997, 0.0 ], [ 112.072648716000117, -8.060514978999947, 0.0 ], [ 112.073049789000038, -8.060461314999941, 0.0 ], [ 112.073567032000028, -8.060417867999945, 0.0 ], [ 112.073749453, -8.060444686999972, 0.0 ], [ 112.074049788000025, -8.060399022999945, 0.0 ], [ 112.074582356000064, -8.060318048999932, 0.0 ], [ 112.074745847000031, -8.06028093599997, 0.0 ], [ 112.074766417000092, -8.06027626599996, 0.0 ], [ 112.075766421000026, -8.060411064999926, 0.0 ], [ 112.075834991000079, -8.060420307999948, 0.0 ], [ 112.07677874500007, -8.060527169999943, 0.0 ], [ 112.077023251000014, -8.060554855999953, 0.0 ], [ 112.078151740000067, -8.060721677999936, 0.0 ], [ 112.078190155000016, -8.060731960999931, 0.0 ], [ 112.078257004000079, -8.060749853999937, 0.0 ], [ 112.078421104000086, -8.060793775999969, 0.0 ] ] ] ] } },
{ "type": "Feature", "properties": { "OBJECTID": 113835.0, "KDPPUM": "35", "NAMOBJ": "Kendalrejo", "REMARK": null, "KDPBPS": null, "FCODE": "BA03070040", "LUASWH": null, "UUPP": "Ajudikasi 2015", "SRS_ID": "SRGI 2013", "METADATA": "TASWIL1000020200326DATA_BATAS_DESA_KELURAHAN", "KDEBPS": null, "KDEPUM": "35.05.03.2014", "KDCBPS": null, "KDCPUM": "35.05.03", "KDBBPS": null, "WADMKD": "Kendalrejo", "WIADKD": null, "WADMKC": "Srengat", "WIADKC": null, "WADMKK": "Blitar", "WIADKK": null, "WADMPR": "Jawa Timur", "WIADPR": null, "TIPADM": 1.0, "KDPKAB": "35.05", "SHAPE_Leng": 0.069296419487262007, "SHAPE_Area": 0.000186053120471 }, "geometry": { "type": "MultiPolygon", "coordinates": [ [ [ [ 112.099485867000112, -8.079209891999938, 0.0 ], [ 112.099497136000082, -8.079412832999935, 0.0 ], [ 112.099347836000106, -8.079424982999967, 0.0 ], [ 112.099378725000065, -8.079876780999939, 0.0 ], [ 112.097919199000103, -8.079919060999941, 0.0 ], [ 112.096945109000103, -8.079915772999925, 0.0 ], [ 112.096563202000084, -8.07992565, 0.0 ], [ 112.096569872000032, -8.080202998999937, 0.0 ], [ 112.09586230900004, -8.080222599999956, 0.0 ], [ 112.095074917000034, -8.08028372299998, 0.0 ], [ 112.093757677000099, -8.080390522999949, 0.0 ], [ 112.093746217000103, -8.079084970999929, 0.0 ], [ 112.093742371000076, -8.078646730999935, 0.0 ], [ 112.093710682000051, -8.077948653999954, 0.0 ], [ 112.091884841000024, -8.077953530999935, 0.0 ], [ 112.091826096000091, -8.076891588999956, 0.0 ], [ 112.091781371000025, -8.076887994999936, 0.0 ], [ 112.090466033000098, -8.076895216999958, 0.0 ], [ 112.08988264200002, -8.076892004999934, 0.0 ], [ 112.089102215000025, -8.076887707999958, 0.0 ], [ 112.08909380700004, -8.076531220999925, 0.0 ], [ 112.088430475000109, -8.076506991999963, 0.0 ], [ 112.088447534000011, -8.075920190999966, 0.0 ], [ 112.087624076000111, -8.075933521999957, 0.0 ], [ 112.087648370000011, -8.07526500299997, 0.0 ], [ 112.086649584000043, -8.075204524999947, 0.0 ], [ 112.086638961000062, -8.075412516999961, 0.0 ], [ 112.085338412000056, -8.075375117999954, 0.0 ], [ 112.083832833000088, -8.07530483599993, 0.0 ], [ 112.083788087000016, -8.072497440999939, 0.0 ], [ 112.083760845000029, -8.072063016999948, 0.0 ], [ 112.083804015000055, -8.071483573999956, 0.0 ], [ 112.082684837000102, -8.071440700999972, 0.0 ], [ 112.082485884000107, -8.071434456999953, 0.0 ], [ 112.082193697000093, -8.071433422999974, 0.0 ], [ 112.082103282000048, -8.070625942999925, 0.0 ], [ 112.082000902, -8.069677448999926, 0.0 ], [ 112.081979877000094, -8.069482667999978, 0.0 ], [ 112.082090695000034, -8.069191775999968, 0.0 ], [ 112.082226901000013, -8.068834239999944, 0.0 ], [ 112.082345157000077, -8.068042202999948, 0.0 ], [ 112.082529032000025, -8.066500117999965, 0.0 ], [ 112.082599455000036, -8.065909509999926, 0.0 ], [ 112.082604965000087, -8.065863297999954, 0.0 ], [ 112.082610840000029, -8.065790186999948, 0.0 ], [ 112.082616454000117, -8.065720325999962, 0.0 ], [ 112.082887783000047, -8.065788865999934, 0.0 ], [ 112.083162964000053, -8.065840826999931, 0.0 ], [ 112.08361143099999, -8.065922597999929, 0.0 ], [ 112.083709818000102, -8.065940535999971, 0.0 ], [ 112.083958556000084, -8.065964920999932, 0.0 ], [ 112.084676311000067, -8.066035286999977, 0.0 ], [ 112.084676141000045, -8.066039732999968, 0.0 ], [ 112.08465981499999, -8.066466185999957, 0.0 ], [ 112.084659080000051, -8.066528142999971, 0.0 ], [ 112.084656212000027, -8.066769553999961, 0.0 ], [ 112.08479998700011, -8.067749591999927, 0.0 ], [ 112.085579900000084, -8.067716428999972, 0.0 ], [ 112.085682146000067, -8.067712082999947, 0.0 ], [ 112.086724762000017, -8.067655328999933, 0.0 ], [ 112.087040628000068, -8.06763813699996, 0.0 ], [ 112.088632965000102, -8.067585544999929, 0.0 ], [ 112.089704617000052, -8.067477179999969, 0.0 ], [ 112.090877693000039, -8.067355350999946, 0.0 ], [ 112.091206730000067, -8.067303721999963, 0.0 ], [ 112.091675800000075, -8.067230123999934, 0.0 ], [ 112.091659711000034, -8.067140260999963, 0.0 ], [ 112.091617580000047, -8.066904937999936, 0.0 ], [ 112.093006887000115, -8.066813304999926, 0.0 ], [ 112.093008686000076, -8.066813304999926, 0.0 ], [ 112.094577302000062, -8.066813508999928, 0.0 ], [ 112.094577428000093, -8.06681, 0.0 ], [ 112.094618335000064, -8.065670416999978, 0.0 ], [ 112.094618347000051, -8.065670311999952, 0.0 ], [ 112.095129947000032, -8.065633773999934, 0.0 ], [ 112.095182072000057, -8.065630880999947, 0.0 ], [ 112.095226640000078, -8.065628406999963, 0.0 ], [ 112.095566119000068, -8.065609561999963, 0.0 ], [ 112.096378147000109, -8.06556448799995, 0.0 ], [ 112.096386743000039, -8.065562015999944, 0.0 ], [ 112.096563276000097, -8.065511234999974, 0.0 ], [ 112.096878439000079, -8.065477563999934, 0.0 ], [ 112.097154215000046, -8.065448101999948, 0.0 ], [ 112.097374717000093, -8.065425528999981, 0.0 ], [ 112.0975604570001, -8.065407472999937, 0.0 ], [ 112.09781, -8.06538, 0.0 ], [ 112.097859516000085, -8.065377846999979, 0.0 ], [ 112.097869801000115, -8.065377399999932, 0.0 ], [ 112.097886288000041, -8.065375796999945, 0.0 ], [ 112.097917725000116, -8.065375315999972, 0.0 ], [ 112.098167344000103, -8.065371496999944, 0.0 ], [ 112.09823476300005, -8.06537046699998, 0.0 ], [ 112.098372607000101, -8.065373912999974, 0.0 ], [ 112.0988700260001, -8.065386348999937, 0.0 ], [ 112.09947636000004, -8.065340826999943, 0.0 ], [ 112.099562408000111, -8.065334366999934, 0.0 ], [ 112.099573797000062, -8.065421177999951, 0.0 ], [ 112.099590870000043, -8.065551316999972, 0.0 ], [ 112.09959110200009, -8.065553080999962, 0.0 ], [ 112.099705846, -8.066427697999927, 0.0 ], [ 112.099916525000026, -8.068033563999961, 0.0 ], [ 112.100167708000072, -8.068056954999975, 0.0 ], [ 112.100700845, -8.068106600999954, 0.0 ], [ 112.100661989000059, -8.06860766099993, 0.0 ], [ 112.100564939000037, -8.069814177999945, 0.0 ], [ 112.100453529000106, -8.071199208999928, 0.0 ], [ 112.100445665000052, -8.071296973999949, 0.0 ], [ 112.100438298000086, -8.071388562999971, 0.0 ], [ 112.09996745300009, -8.071995983999955, 0.0 ], [ 112.099961509000082, -8.07200702199998, 0.0 ], [ 112.099803338000015, -8.072300756999937, 0.0 ], [ 112.099597353000036, -8.072683286999961, 0.0 ], [ 112.099336939000068, -8.073039664999953, 0.0 ], [ 112.099252990000082, -8.073409585999968, 0.0 ], [ 112.099191675000043, -8.073679768999966, 0.0 ], [ 112.0990985520001, -8.074090111999965, 0.0 ], [ 112.099095267000052, -8.074104587999955, 0.0 ], [ 112.099038900000096, -8.074352966999982, 0.0 ], [ 112.098968841000101, -8.074721394999926, 0.0 ], [ 112.098865438000075, -8.075265170999955, 0.0 ], [ 112.098910705000094, -8.075275070999965, 0.0 ], [ 112.099731612000028, -8.075362089999942, 0.0 ], [ 112.099740317000055, -8.075363012999958, 0.0 ], [ 112.099738406000029, -8.075413044999948, 0.0 ], [ 112.09972618200004, -8.075733127999968, 0.0 ], [ 112.099698683000042, -8.076055546999953, 0.0 ], [ 112.09968876500011, -8.076171829999964, 0.0 ], [ 112.09958605700001, -8.076808821999975, 0.0 ], [ 112.099559677000116, -8.07697243299998, 0.0 ], [ 112.099551668000117, -8.077012089999926, 0.0 ], [ 112.099483488000033, -8.07734968099993, 0.0 ], [ 112.099415804000046, -8.077694318999932, 0.0 ], [ 112.0993370220001, -8.078095466999969, 0.0 ], [ 112.09927785900004, -8.078396720999933, 0.0 ], [ 112.099269129000049, -8.078420533999974, 0.0 ], [ 112.09922420800001, -8.078543063999973, 0.0 ], [ 112.099243601000012, -8.078797665999957, 0.0 ], [ 112.099256200000013, -8.078963079999937, 0.0 ], [ 112.099390618000029, -8.078960191999954, 0.0 ], [ 112.099464468000065, -8.078958604999968, 0.0 ], [ 112.099480611000104, -8.079115221999928, 0.0 ], [ 112.099485867000112, -8.079209891999938, 0.0 ] ] ] ] } },
{ "type": "Feature", "properties": { "OBJECTID": 113901.0, "KDPPUM": "35", "NAMOBJ": "Kelurahan Srengat", "REMARK": null, "KDPBPS": null, "FCODE": "BA03070040", "LUASWH": null, "UUPP": "Ajudikasi 2015", "SRS_ID": "SRGI 2013", "METADATA": "TASWIL1000020200326DATA_BATAS_DESA_KELURAHAN", "KDEBPS": null, "KDEPUM": "35.05.03.1007", "KDCBPS": null, "KDCPUM": "35.05.03", "KDBBPS": null, "WADMKD": "Kelurahan Srengat", "WIADKD": null, "WADMKC": "Srengat", "WIADKC": null, "WADMKK": "Blitar", "WIADKK": null, "WADMPR": "Jawa Timur", "WIADPR": null, "TIPADM": 2.0, "KDPKAB": "35.05", "SHAPE_Leng": 0.14733891291428799, "SHAPE_Area": 0.00027761033119099999 }, "geometry": { "type": "MultiPolygon", "coordinates": [ [ [ [ 112.06037871400008, -8.05012654899997, 0.0 ], [ 112.060243442000115, -8.051147030999971, 0.0 ], [ 112.06203279600004, -8.051384976999941, 0.0 ], [ 112.062597745000062, -8.051455595999926, 0.0 ], [ 112.062998755000081, -8.05153975099995, 0.0 ], [ 112.063349516000017, -8.051613360999966, 0.0 ], [ 112.063666672000068, -8.051661666999962, 0.0 ], [ 112.06468415499999, -8.051816641999949, 0.0 ], [ 112.064365853000027, -8.052470249999942, 0.0 ], [ 112.064177931000017, -8.052996724999957, 0.0 ], [ 112.064104260000022, -8.053203116999953, 0.0 ], [ 112.064081156000043, -8.05331124199995, 0.0 ], [ 112.064043378000065, -8.05348804099998, 0.0 ], [ 112.064017484000033, -8.053609226999981, 0.0 ], [ 112.064056570000048, -8.053618819999899, 0.0 ], [ 112.064232176000019, -8.05365107199998, 0.0 ], [ 112.06453165500011, -8.05370607499998, 0.0 ], [ 112.064816381000014, -8.053758367999933, 0.0 ], [ 112.065208043000098, -8.053908564999972, 0.0 ], [ 112.065599725000084, -8.054066717999945, 0.0 ], [ 112.065624703000026, -8.054080005999936, 0.0 ], [ 112.065638527000033, -8.054087358999936, 0.0 ], [ 112.066351692000012, -8.054590028999939, 0.0 ], [ 112.066712567000081, -8.05479510899994, 0.0 ], [ 112.067113724000023, -8.055023080999945, 0.0 ], [ 112.067237472000102, -8.05509340499998, 0.0 ], [ 112.067383304000032, -8.055176278999966, 0.0 ], [ 112.067602279000084, -8.055269979999935, 0.0 ], [ 112.06767908499999, -8.055302845999961, 0.0 ], [ 112.068069514000058, -8.0553976899999, 0.0 ], [ 112.068246398000042, -8.055444621999925, 0.0 ], [ 112.0685089750001, -8.055455316999939, 0.0 ], [ 112.068549910000115, -8.055456983999932, 0.0 ], [ 112.068613752000033, -8.055459583999948, 0.0 ], [ 112.068972766000115, -8.055339268999944, 0.0 ], [ 112.068983089000085, -8.055325146999962, 0.0 ], [ 112.069529764000094, -8.055176647999929, 0.0 ], [ 112.070200772000021, -8.055090986999971, 0.0 ], [ 112.070814673000086, -8.054976772999964, 0.0 ], [ 112.071257253000113, -8.05493394299998, 0.0 ], [ 112.072156689000053, -8.054876835999949, 0.0 ], [ 112.072470778000024, -8.054862558999957, 0.0 ], [ 112.072970798000028, -8.054890795999938, 0.0 ], [ 112.073428825000065, -8.05492480099997, 0.0 ], [ 112.074010381000107, -8.054967975999944, 0.0 ], [ 112.074155873000109, -8.05496378, 0.0 ], [ 112.074920611000039, -8.054941716999963, 0.0 ], [ 112.075153024000087, -8.054876989999968, 0.0 ], [ 112.07529563300011, -8.054837272999976, 0.0 ], [ 112.075448200000096, -8.054755446999934, 0.0 ], [ 112.076152249000074, -8.054377842999941, 0.0 ], [ 112.076169928000013, -8.054368360999945, 0.0 ], [ 112.075526445000037, -8.055705368999952, 0.0 ], [ 112.075453271000015, -8.055964803999927, 0.0 ], [ 112.075377523000043, -8.056233372999941, 0.0 ], [ 112.075332823000053, -8.05663083, 0.0 ], [ 112.075361029000078, -8.057412405999969, 0.0 ], [ 112.075356916000032, -8.05833085699993, 0.0 ], [ 112.076317858000039, -8.058413013999939, 0.0 ], [ 112.077331100000038, -8.058501545999945, 0.0 ], [ 112.07820128000003, -8.058615163999946, 0.0 ], [ 112.078567500000077, -8.058678718999943, 0.0 ], [ 112.078551113000117, -8.058960852999974, 0.0 ], [ 112.078478469000061, -8.059829361999959, 0.0 ], [ 112.078467146000094, -8.059964734999937, 0.0 ], [ 112.078441839000106, -8.060420418999968, 0.0 ], [ 112.078440413000067, -8.060446101999958, 0.0 ], [ 112.078421439000067, -8.060787746999949, 0.0 ], [ 112.078421207000019, -8.060791918999939, 0.0 ], [ 112.078421104000086, -8.060793775999969, 0.0 ], [ 112.078257004000079, -8.060749853999937, 0.0 ], [ 112.078190155000016, -8.060731960999931, 0.0 ], [ 112.078151740000067, -8.060721677999936, 0.0 ], [ 112.077023251000014, -8.060554855999953, 0.0 ], [ 112.07677874500007, -8.060527169999943, 0.0 ], [ 112.075834991000079, -8.060420307999948, 0.0 ], [ 112.075766421000026, -8.060411064999926, 0.0 ], [ 112.074766417000092, -8.06027626599996, 0.0 ], [ 112.074745847000031, -8.06028093599997, 0.0 ], [ 112.074582356000064, -8.060318048999932, 0.0 ], [ 112.074049788000025, -8.060399022999945, 0.0 ], [ 112.073749453, -8.060444686999972, 0.0 ], [ 112.073567032000028, -8.060417867999945, 0.0 ], [ 112.073049789000038, -8.060461314999941, 0.0 ], [ 112.072648716000117, -8.060514978999947, 0.0 ], [ 112.072640958000079, -8.06096499299997, 0.0 ], [ 112.072642458000018, -8.061002704999964, 0.0 ], [ 112.072645913000088, -8.06106193599993, 0.0 ], [ 112.072051951000049, -8.061058900999967, 0.0 ], [ 112.071834937000062, -8.061050986999931, 0.0 ], [ 112.071807857000067, -8.06105, 0.0 ], [ 112.071347426000102, -8.061033209999948, 0.0 ], [ 112.071347589000084, -8.061038674999963, 0.0 ], [ 112.071363041000041, -8.061554551999961, 0.0 ], [ 112.071326308000039, -8.06163883399995, 0.0 ], [ 112.071247149000101, -8.061649563999936, 0.0 ], [ 112.07118910500003, -8.061660238999934, 0.0 ], [ 112.071109946000092, -8.061670968999977, 0.0 ], [ 112.07107299200004, -8.061671064999928, 0.0 ], [ 112.070993931000089, -8.061718624999969, 0.0 ], [ 112.070973104000018, -8.061829171999932, 0.0 ], [ 112.070901369000012, -8.062655419999942, 0.0 ], [ 112.070909209000092, -8.063628784999935, 0.0 ], [ 112.070562725000059, -8.063601442999925, 0.0 ], [ 112.070415961000094, -8.063590897999973, 0.0 ], [ 112.070335318000048, -8.063587651999967, 0.0 ], [ 112.070231189000083, -8.063561995999976, 0.0 ], [ 112.06997737800009, -8.063499458999956, 0.0 ], [ 112.069646077000016, -8.063411911999935, 0.0 ], [ 112.068808426000032, -8.063190561999932, 0.0 ], [ 112.068679847000112, -8.063179756999943, 0.0 ], [ 112.066353331000073, -8.062639908999927, 0.0 ], [ 112.066283832000067, -8.06381763, 0.0 ], [ 112.066257, -8.064272314999926, 0.0 ], [ 112.066963558000111, -8.06431706799998, 0.0 ], [ 112.067017259000067, -8.064320468999938, 0.0 ], [ 112.067001896000079, -8.06472131299995, 0.0 ], [ 112.066964946000098, -8.065685377999955, 0.0 ], [ 112.066969038000025, -8.066128989999982, 0.0 ], [ 112.066972755000052, -8.066532071999973, 0.0 ], [ 112.06694932500011, -8.067237613999964, 0.0 ], [ 112.066941674000077, -8.067467996999937, 0.0 ], [ 112.066854082000077, -8.06871801099993, 0.0 ], [ 112.066851173000032, -8.06886940499993, 0.0 ], [ 112.066844340000102, -8.069038385999932, 0.0 ], [ 112.066776816000015, -8.070830950999948, 0.0 ], [ 112.066720187000101, -8.071270197999979, 0.0 ], [ 112.066662727000107, -8.071392718999959, 0.0 ], [ 112.066627161000042, -8.071601563999934, 0.0 ], [ 112.066601217000084, -8.072724573999949, 0.0 ], [ 112.066575952000107, -8.074106722999943, 0.0 ], [ 112.06658437100009, -8.074732729999937, 0.0 ], [ 112.06658763300004, -8.075975756999981, 0.0 ], [ 112.065509397000028, -8.075978751999969, 0.0 ], [ 112.065625553000018, -8.07657582, 0.0 ], [ 112.065741225000011, -8.076988407999977, 0.0 ], [ 112.065805231000013, -8.077866724999978, 0.0 ], [ 112.06582130400011, -8.078288165999936, 0.0 ], [ 112.065738063000026, -8.078283531999944, 0.0 ], [ 112.063376448000099, -8.078206198999965, 0.0 ], [ 112.061044576000086, -8.078063431999965, 0.0 ], [ 112.061042877000091, -8.078097781999929, 0.0 ], [ 112.060684428000059, -8.078064516999973, 0.0 ], [ 112.060683852000011, -8.078059543999927, 0.0 ], [ 112.060590768000111, -8.077257301999964, 0.0 ], [ 112.06069525700002, -8.076401049999959, 0.0 ], [ 112.060739172000012, -8.075701969999955, 0.0 ], [ 112.060803005000025, -8.074845822999976, 0.0 ], [ 112.058789877000095, -8.074612982999952, 0.0 ], [ 112.058822063000093, -8.07367205099996, 0.0 ], [ 112.058894240000086, -8.073518158999946, 0.0 ], [ 112.05887567100001, -8.073355459999959, 0.0 ], [ 112.058855360000052, -8.072523692999937, 0.0 ], [ 112.059063993000109, -8.072514110999975, 0.0 ], [ 112.05906333599999, -8.072262259999945, 0.0 ], [ 112.059063332000051, -8.072260950999976, 0.0 ], [ 112.058845605000101, -8.072261513999933, 0.0 ], [ 112.058899072000031, -8.071890672999928, 0.0 ], [ 112.058907909000027, -8.071800234999955, 0.0 ], [ 112.058962270000052, -8.071772968999937, 0.0 ], [ 112.059189022000055, -8.071754300999942, 0.0 ], [ 112.059824109000033, -8.071770739999977, 0.0 ], [ 112.060250657000097, -8.071832925999956, 0.0 ], [ 112.06026891899999, -8.07187808599997, 0.0 ], [ 112.060251435000055, -8.072131293999973, 0.0 ], [ 112.06055088200003, -8.072157642999969, 0.0 ], [ 112.06062974699999, -8.071090539999943, 0.0 ], [ 112.060619968000083, -8.070819319999941, 0.0 ], [ 112.060556158000054, -8.070701945999929, 0.0 ], [ 112.060456083000076, -8.070593706999944, 0.0 ], [ 112.060292599000036, -8.070521797999959, 0.0 ], [ 112.059657397000024, -8.070460151999953, 0.0 ], [ 112.059068249, -8.070477334999964, 0.0 ], [ 112.05907099, -8.070456046999936, 0.0 ], [ 112.05920728000001, -8.069397614999957, 0.0 ], [ 112.059222955000109, -8.069275882999932, 0.0 ], [ 112.059226703000036, -8.069224669999926, 0.0 ], [ 112.059227840000062, -8.069209137999962, 0.0 ], [ 112.059369297000103, -8.068551698999954, 0.0 ], [ 112.059446199000035, -8.067965258999948, 0.0 ], [ 112.059573859000011, -8.066792447999944, 0.0 ], [ 112.059748523000053, -8.066101534999973, 0.0 ], [ 112.059824288000073, -8.065078673999949, 0.0 ], [ 112.059827357000017, -8.064607817999956, 0.0 ], [ 112.059828958000026, -8.064362145999951, 0.0 ], [ 112.059867255000086, -8.064010301999929, 0.0 ], [ 112.059951862000048, -8.063873294999951, 0.0 ], [ 112.060043089000033, -8.063768836999941, 0.0 ], [ 112.0601013160001, -8.06354070499998, 0.0 ], [ 112.060134001000051, -8.062987499999963, 0.0 ], [ 112.060098290000042, -8.06254000399997, 0.0 ], [ 112.060072179000031, -8.062212801999976, 0.0 ], [ 112.060059651000074, -8.062055809999947, 0.0 ], [ 112.060020546000032, -8.061769178999953, 0.0 ], [ 112.060119752000105, -8.06107291, 0.0 ], [ 112.060128850000069, -8.061009056999978, 0.0 ], [ 112.060258397000098, -8.061042173999965, 0.0 ], [ 112.060319710000044, -8.060650146999933, 0.0 ], [ 112.060437850000085, -8.059941183999968, 0.0 ], [ 112.060447180000097, -8.059885196999971, 0.0 ], [ 112.060673885000028, -8.058560860999933, 0.0 ], [ 112.059866526000064, -8.058492991999969, 0.0 ], [ 112.059570826000026, -8.058468135999931, 0.0 ], [ 112.059591403000013, -8.05824516399997, 0.0 ], [ 112.059605366000028, -8.058093861999964, 0.0 ], [ 112.05963611300001, -8.057760691999931, 0.0 ], [ 112.059642358000019, -8.057683587999975, 0.0 ], [ 112.059691860000044, -8.057072388999927, 0.0 ], [ 112.059719573000052, -8.056666112999949, 0.0 ], [ 112.059153625000022, -8.05660544899996, 0.0 ], [ 112.059185666000076, -8.056218351999973, 0.0 ], [ 112.059246601000041, -8.055482171999927, 0.0 ], [ 112.059226380000041, -8.055089907999957, 0.0 ], [ 112.059216304000074, -8.05489444799997, 0.0 ], [ 112.059200601000043, -8.054816336999977, 0.0 ], [ 112.059133726000027, -8.054483676999951, 0.0 ], [ 112.058979038000075, -8.054001408999966, 0.0 ], [ 112.058925723000016, -8.053781717999925, 0.0 ], [ 112.058963436000113, -8.053533118999951, 0.0 ], [ 112.059000143000048, -8.052897432999941, 0.0 ], [ 112.059122895000087, -8.052161167999941, 0.0 ], [ 112.059171469000034, -8.051723037999977, 0.0 ], [ 112.059220385000117, -8.051281818999939, 0.0 ], [ 112.059232232000113, -8.051062574999946, 0.0 ], [ 112.059253266000042, -8.050673304999975, 0.0 ], [ 112.0592737180001, -8.050294817999941, 0.0 ], [ 112.059506853000016, -8.050143994999928, 0.0 ], [ 112.060018437000053, -8.050173737999955, 0.0 ], [ 112.060357511, -8.050173737999955, 0.0 ], [ 112.060387254000034, -8.050013124999964, 0.0 ], [ 112.060421981000104, -8.049776034999979, 0.0 ], [ 112.060378717000049, -8.050126521999971, 0.0 ], [ 112.06037871400008, -8.05012654899997, 0.0 ] ] ], [ [ [ 112.083865359000015, -8.077156299999956, 0.0 ], [ 112.083871311000053, -8.077394669999933, 0.0 ], [ 112.084152970000105, -8.077372733999937, 0.0 ], [ 112.084955609000076, -8.077375902999961, 0.0 ], [ 112.084922645, -8.078965230999927, 0.0 ], [ 112.084258472000101, -8.079062345999944, 0.0 ], [ 112.082918973, -8.079060596999966, 0.0 ], [ 112.081664379000017, -8.079005644999938, 0.0 ], [ 112.080825395000033, -8.078951879999977, 0.0 ], [ 112.080473513000015, -8.078929329999937, 0.0 ], [ 112.07928796200008, -8.078852997999945, 0.0 ], [ 112.079221183000072, -8.079727257999934, 0.0 ], [ 112.07916521900006, -8.080670355999928, 0.0 ], [ 112.079007496000031, -8.08073458299998, 0.0 ], [ 112.079040808000059, -8.08151980599996, 0.0 ], [ 112.07886948700002, -8.081576912999935, 0.0 ], [ 112.078450702000055, -8.081605466999974, 0.0 ], [ 112.077805607000073, -8.081583243999944, 0.0 ], [ 112.077822715000025, -8.08149242199994, 0.0 ], [ 112.07772465700009, -8.081477651999933, 0.0 ], [ 112.07781332099999, -8.080793609999944, 0.0 ], [ 112.077971619000095, -8.08077816399998, 0.0 ], [ 112.077976964000072, -8.079951567999956, 0.0 ], [ 112.078056872000047, -8.078809171999978, 0.0 ], [ 112.078215229000079, -8.078816267999969, 0.0 ], [ 112.078214590000016, -8.078575810999951, 0.0 ], [ 112.078056174000039, -8.078546169999981, 0.0 ], [ 112.078120982000087, -8.077396299999975, 0.0 ], [ 112.079003101000012, -8.077378945999953, 0.0 ], [ 112.080126551000035, -8.077383494999935, 0.0 ], [ 112.080895631000089, -8.077388978999977, 0.0 ], [ 112.080924091000043, -8.076750181999955, 0.0 ], [ 112.081010352000021, -8.076326097999981, 0.0 ], [ 112.081031933000077, -8.07622, 0.0 ], [ 112.081035729000064, -8.076201337999976, 0.0 ], [ 112.081841482000073, -8.076220811999974, 0.0 ], [ 112.082717220000063, -8.076241977999928, 0.0 ], [ 112.08384718100001, -8.076279686999953, 0.0 ], [ 112.083968943000059, -8.076283749999959, 0.0 ], [ 112.083968983000091, -8.076286373999949, 0.0 ], [ 112.083982298000024, -8.077155989999937, 0.0 ], [ 112.083865359000015, -8.077156299999956, 0.0 ] ] ], [ [ [ 112.091826096000091, -8.076891588999956, 0.0 ], [ 112.091884841000024, -8.077953530999935, 0.0 ], [ 112.093710682000051, -8.077948653999954, 0.0 ], [ 112.093742371000076, -8.078646730999935, 0.0 ], [ 112.093746217000103, -8.079084970999929, 0.0 ], [ 112.093757677000099, -8.080390522999949, 0.0 ], [ 112.093747953000047, -8.08039107299993, 0.0 ], [ 112.093000912000093, -8.080433373999938, 0.0 ], [ 112.092896937000091, -8.08043926199997, 0.0 ], [ 112.091955560000088, -8.080492566999965, 0.0 ], [ 112.091906168000037, -8.080495363999944, 0.0 ], [ 112.0914365430001, -8.080517793999945, 0.0 ], [ 112.090766665000046, -8.080549786999939, 0.0 ], [ 112.090657269000076, -8.080555011999934, 0.0 ], [ 112.090311930000098, -8.080571506999945, 0.0 ], [ 112.088988206000067, -8.080665505999946, 0.0 ], [ 112.088971818, -8.080501327999968, 0.0 ], [ 112.088818446, -8.080515635999973, 0.0 ], [ 112.088796452000111, -8.080517687999929, 0.0 ], [ 112.088787149000041, -8.079832986999975, 0.0 ], [ 112.088776588000087, -8.079055641999958, 0.0 ], [ 112.089398603000063, -8.079096364999941, 0.0 ], [ 112.089469923000024, -8.077941328999941, 0.0 ], [ 112.089778244000058, -8.077951102999975, 0.0 ], [ 112.08988264200002, -8.076892004999934, 0.0 ], [ 112.090466033000098, -8.076895216999958, 0.0 ], [ 112.091781371000025, -8.076887994999936, 0.0 ], [ 112.091826096000091, -8.076891588999956, 0.0 ] ] ] ] } },
{ "type": "Feature", "properties": { "OBJECTID": 116122.0, "KDPPUM": "35", "NAMOBJ": "Purwokerto", "REMARK": null, "KDPBPS": null, "FCODE": "BA03070040", "LUASWH": 5.55317303, "UUPP": "Hasil Delineasi Batas Desa 2019", "SRS_ID": "SRGI 2013", "METADATA": "TASWIL1000020200326DATA_BATAS_DESA_KELURAHAN", "KDEBPS": null, "KDEPUM": "35.05.03.2006", "KDCBPS": null, "KDCPUM": "35.05.03", "KDBBPS": null, "WADMKD": "Purwokerto", "WIADKD": null, "WADMKC": "Srengat", "WIADKC": null, "WADMKK": "Blitar", "WIADKK": null, "WADMPR": "Jawa Timur", "WIADPR": null, "TIPADM": 1.0, "KDPKAB": "35.05", "SHAPE_Leng": 0.119673239117393, "SHAPE_Area": 0.00045578634855499998 }, "geometry": { "type": "MultiPolygon", "coordinates": [ [ [ [ 112.060017544000061, -8.097655715999963, 0.0 ], [ 112.059915492000073, -8.098338184999932, 0.0 ], [ 112.059772725000016, -8.099099611999975, 0.0 ], [ 112.059610921000058, -8.099075816999971, 0.0 ], [ 112.059558573000118, -8.099451771999952, 0.0 ], [ 112.05970134100005, -8.099475566999956, 0.0 ], [ 112.05961, -8.09996, 0.0 ], [ 112.05973, -8.09994, 0.0 ], [ 112.05992, -8.09992, 0.0 ], [ 112.060419999000032, -8.0998, 0.0 ], [ 112.060880000000111, -8.09971, 0.0 ], [ 112.06125, -8.09966, 0.0 ], [ 112.06131, -8.09966, 0.0 ], [ 112.061569999000085, -8.09972, 0.0 ], [ 112.06343, -8.100009998999951, 0.0 ], [ 112.063869999000076, -8.10004, 0.0 ], [ 112.063940251000076, -8.09996375299994, 0.0 ], [ 112.06398665100005, -8.09996375299994, 0.0 ], [ 112.064240064000046, -8.100020859999972, 0.0 ], [ 112.064575568, -8.100074397999947, 0.0 ], [ 112.06494676300008, -8.100188611999954, 0.0 ], [ 112.065239437000059, -8.100306394999961, 0.0 ], [ 112.065685586000086, -8.100491992999935, 0.0 ], [ 112.065814077000027, -8.100574084999948, 0.0 ], [ 112.066021090000049, -8.100731128999939, 0.0 ], [ 112.066435116000093, -8.100980972999935, 0.0 ], [ 112.066909819000102, -8.101187985999957, 0.0 ], [ 112.06711326300001, -8.101273645999981, 0.0 ], [ 112.067252461000066, -8.101320045999955, 0.0 ], [ 112.067416644000104, -8.101416413999971, 0.0 ], [ 112.067562981000037, -8.101469951999945, 0.0 ], [ 112.067727164000075, -8.101477089999946, 0.0 ], [ 112.067827101000034, -8.101448536999953, 0.0 ], [ 112.067886038000097, -8.101437820999934, 0.0 ], [ 112.067944884000099, -8.101427120999972, 0.0 ], [ 112.068159036000111, -8.101448536999953, 0.0 ], [ 112.068458848000091, -8.101466382999945, 0.0 ], [ 112.068872874000022, -8.101487797999937, 0.0 ], [ 112.069190532000107, -8.101466382999945, 0.0 ], [ 112.069458222000094, -8.101534196999978, 0.0 ], [ 112.069783018000066, -8.101598442999943, 0.0 ], [ 112.069957908000106, -8.101619857999935, 0.0 ], [ 112.07005, -8.10168, 0.0 ], [ 112.07068, -8.10154, 0.0 ], [ 112.07117, -8.1015, 0.0 ], [ 112.07275, -8.10165, 0.0 ], [ 112.072546911000018, -8.102581452999971, 0.0 ], [ 112.072254237000038, -8.104501677999963, 0.0 ], [ 112.071822365000116, -8.106850205999933, 0.0 ], [ 112.072761062000041, -8.106978695999942, 0.0 ], [ 112.074260123000045, -8.107199985999955, 0.0 ], [ 112.075616415000013, -8.107385583999928, 0.0 ], [ 112.075702076000084, -8.106586084999947, 0.0 ], [ 112.076995991000103, -8.106733044999942, 0.0 ], [ 112.077947776000087, -8.106857966999939, 0.0 ], [ 112.07785259700006, -8.10833323199995, 0.0 ], [ 112.077856166000061, -8.110703175999959, 0.0 ], [ 112.077782382, -8.11136485399993, 0.0 ], [ 112.077330008000104, -8.113490317999947, 0.0 ], [ 112.07730145399999, -8.114432583999928, 0.0 ], [ 112.077128051000045, -8.116785077999964, 0.0 ], [ 112.076928176000024, -8.118041432999973, 0.0 ], [ 112.076857963000066, -8.118449192999947, 0.0 ], [ 112.07538566900007, -8.118097863999935, 0.0 ], [ 112.073898447000033, -8.117759689999957, 0.0 ], [ 112.072559235000085, -8.117324332999942, 0.0 ], [ 112.072437175, -8.117284651999967, 0.0 ], [ 112.071955432000095, -8.117110227999945, 0.0 ], [ 112.071591357000102, -8.116978406999976, 0.0 ], [ 112.070857361000094, -8.116453920999959, 0.0 ], [ 112.070433707, -8.116062600999953, 0.0 ], [ 112.06979651499999, -8.115250191999962, 0.0 ], [ 112.069637709000062, -8.114966681999931, 0.0 ], [ 112.069413674000089, -8.114566722999939, 0.0 ], [ 112.069324083000083, -8.114151202999949, 0.0 ], [ 112.069097166, -8.113505412999928, 0.0 ], [ 112.069001089000039, -8.113231983999981, 0.0 ], [ 112.068189350000011, -8.112217531999931, 0.0 ], [ 112.068152740000073, -8.112171779999926, 0.0 ], [ 112.068123587000059, -8.112135346999935, 0.0 ], [ 112.068031397000027, -8.112020134999966, 0.0 ], [ 112.067075121000016, -8.111340665999933, 0.0 ], [ 112.066870573000074, -8.111303798999927, 0.0 ], [ 112.065831903000117, -8.111116594999942, 0.0 ], [ 112.064955545000089, -8.111148797999931, 0.0 ], [ 112.064043687000094, -8.111378504999948, 0.0 ], [ 112.063456085000098, -8.111643257999958, 0.0 ], [ 112.062951848000012, -8.111650555999972, 0.0 ], [ 112.062068653000097, -8.111365711999952, 0.0 ], [ 112.060879627000077, -8.110932679999962, 0.0 ], [ 112.060470317000068, -8.110783614999946, 0.0 ], [ 112.058987950000073, -8.110320784999942, 0.0 ], [ 112.058836155000108, -8.110273390999964, 0.0 ], [ 112.057202262000033, -8.10986485799998, 0.0 ], [ 112.056253384000115, -8.109711779999941, 0.0 ], [ 112.055634842000018, -8.109623648999957, 0.0 ], [ 112.055259572000068, -8.109569835999935, 0.0 ], [ 112.054938230000062, -8.109523754999941, 0.0 ], [ 112.053849791000061, -8.109566451999967, 0.0 ], [ 112.053775570000084, -8.109570057999974, 0.0 ], [ 112.05377553400001, -8.109570059999953, 0.0 ], [ 112.051508903000013, -8.109680179999941, 0.0 ], [ 112.050032258000101, -8.109719880999933, 0.0 ], [ 112.048663170000054, -8.109567866999953, 0.0 ], [ 112.047785524, -8.109103507999976, 0.0 ], [ 112.047244335000073, -8.108749760999956, 0.0 ], [ 112.046078539000064, -8.10828233899997, 0.0 ], [ 112.045594311000059, -8.107877110999937, 0.0 ], [ 112.045152070000086, -8.107507019999957, 0.0 ], [ 112.044574550000107, -8.107029917999967, 0.0 ], [ 112.043323434000058, -8.106063992999964, 0.0 ], [ 112.042493454, -8.105455922999965, 0.0 ], [ 112.042439638000019, -8.105419094999945, 0.0 ], [ 112.040978033000101, -8.104418877999933, 0.0 ], [ 112.039535178000051, -8.103585037999949, 0.0 ], [ 112.039369503000103, -8.103493864999962, 0.0 ], [ 112.038971301000061, -8.103274729999953, 0.0 ], [ 112.03897126600009, -8.103274709999937, 0.0 ], [ 112.039035138000031, -8.103099348999933, 0.0 ], [ 112.039104935000069, -8.102945618999968, 0.0 ], [ 112.038922923000086, -8.10282858599993, 0.0 ], [ 112.039041879000024, -8.102583940999978, 0.0 ], [ 112.039199192000069, -8.102648945999931, 0.0 ], [ 112.03937, -8.10218, 0.0 ], [ 112.03947, -8.10197999899998, 0.0 ], [ 112.039492365000115, -8.101897418999954, 0.0 ], [ 112.0396, -8.1015, 0.0 ], [ 112.03971, -8.101059998999972, 0.0 ], [ 112.0398, -8.10062, 0.0 ], [ 112.03983, -8.10044, 0.0 ], [ 112.040030000000115, -8.099499998999931, 0.0 ], [ 112.0401, -8.09901, 0.0 ], [ 112.040120000000115, -8.09892, 0.0 ], [ 112.0402, -8.09856, 0.0 ], [ 112.04025, -8.09836, 0.0 ], [ 112.040480000000116, -8.09736, 0.0 ], [ 112.0405, -8.09725, 0.0 ], [ 112.04058, -8.09676, 0.0 ], [ 112.04059, -8.0966, 0.0 ], [ 112.04067, -8.09622, 0.0 ], [ 112.040759999000102, -8.09573, 0.0 ], [ 112.045102945000053, -8.095986244999949, 0.0 ], [ 112.045102945000053, -8.096576350999953, 0.0 ], [ 112.047596620000036, -8.096557314999927, 0.0 ], [ 112.047634691000098, -8.096976099999949, 0.0 ], [ 112.047647826000116, -8.097430577999944, 0.0 ], [ 112.049184585000035, -8.097348022999938, 0.0 ], [ 112.049132609000026, -8.09801592499997, 0.0 ], [ 112.049869404000106, -8.097957085999951, 0.0 ], [ 112.049725095000099, -8.095431829999939, 0.0 ], [ 112.051609628000051, -8.09529620099994, 0.0 ], [ 112.051623905000042, -8.094389625999952, 0.0 ], [ 112.052587587000062, -8.094353933999969, 0.0 ], [ 112.052601864000053, -8.094175474999929, 0.0 ], [ 112.054450705000022, -8.09418261299993, 0.0 ], [ 112.056849201000091, -8.094253996999953, 0.0 ], [ 112.056820648000098, -8.095824440999934, 0.0 ], [ 112.056820648000098, -8.097109349999926, 0.0 ], [ 112.059361912000099, -8.097494822999977, 0.0 ], [ 112.059986283000057, -8.097648044999971, 0.0 ], [ 112.060017544000061, -8.097655715999963, 0.0 ] ] ] ] } },
{ "type": "Feature", "properties": { "OBJECTID": 116124.0, "KDPPUM": "35", "NAMOBJ": "Ngaglik", "REMARK": null, "KDPBPS": null, "FCODE": "BA03070040", "LUASWH": 4.84873987, "UUPP": "Hasil Delineasi Batas Desa 2019", "SRS_ID": "SRGI 2013", "METADATA": "TASWIL1000020200326DATA_BATAS_DESA_KELURAHAN", "KDEBPS": null, "KDEPUM": "35.05.03.2016", "KDCBPS": null, "KDCPUM": "35.05.03", "KDBBPS": null, "WADMKD": "Ngaglik", "WIADKD": null, "WADMKC": "Srengat", "WIADKC": null, "WADMKK": "Blitar", "WIADKK": null, "WADMPR": "Jawa Timur", "WIADPR": null, "TIPADM": 1.0, "KDPKAB": "35.05", "SHAPE_Leng": 0.10454647097598101, "SHAPE_Area": 0.00039795272064000001 }, "geometry": { "type": "MultiPolygon", "coordinates": [ [ [ [ 112.102473306000093, -8.088945782999929, 0.0 ], [ 112.102872971000011, -8.089084796999941, 0.0 ], [ 112.106420418000084, -8.090318690999936, 0.0 ], [ 112.111372076000066, -8.092008108999948, 0.0 ], [ 112.11169928400011, -8.090337868999939, 0.0 ], [ 112.11171, -8.09034, 0.0 ], [ 112.111900000000105, -8.09039, 0.0 ], [ 112.11409, -8.090879998999981, 0.0 ], [ 112.11423, -8.09089999899993, 0.0 ], [ 112.114299999000082, -8.090549998999961, 0.0 ], [ 112.11435, -8.09033, 0.0 ], [ 112.11443, -8.08995, 0.0 ], [ 112.11452, -8.08963, 0.0 ], [ 112.11454, -8.089419998999972, 0.0 ], [ 112.11461, -8.08927, 0.0 ], [ 112.11465, -8.088969998999971, 0.0 ], [ 112.114749999000082, -8.088989998999978, 0.0 ], [ 112.1156, -8.089029998999933, 0.0 ], [ 112.11583, -8.08906, 0.0 ], [ 112.1165, -8.08913, 0.0 ], [ 112.11687, -8.08917, 0.0 ], [ 112.117069999000023, -8.0892, 0.0 ], [ 112.117350000000101, -8.08925, 0.0 ], [ 112.1176, -8.0893, 0.0 ], [ 112.11803, -8.089419998999972, 0.0 ], [ 112.118290000000115, -8.08953, 0.0 ], [ 112.118280793000054, -8.089581556999974, 0.0 ], [ 112.118320102000098, -8.089646889999926, 0.0 ], [ 112.11834508700008, -8.08976824299998, 0.0 ], [ 112.118330810000089, -8.08987174899994, 0.0 ], [ 112.11834151700009, -8.089932425999962, 0.0 ], [ 112.11841782800002, -8.090117102999955, 0.0 ], [ 112.11842, -8.090119998999967, 0.0 ], [ 112.11877, -8.09060999899998, 0.0 ], [ 112.11876, -8.09067, 0.0 ], [ 112.11868, -8.09083, 0.0 ], [ 112.11854, -8.09103, 0.0 ], [ 112.1185, -8.09115, 0.0 ], [ 112.11851, -8.091329998999981, 0.0 ], [ 112.11846, -8.09156, 0.0 ], [ 112.118299999000101, -8.091819998999938, 0.0 ], [ 112.11821, -8.092209998999977, 0.0 ], [ 112.11821, -8.09243, 0.0 ], [ 112.118279999000038, -8.09276, 0.0 ], [ 112.11839, -8.09282, 0.0 ], [ 112.11853, -8.09284, 0.0 ], [ 112.11878, -8.092889998999965, 0.0 ], [ 112.1189, -8.093, 0.0 ], [ 112.11894, -8.09316, 0.0 ], [ 112.118999999000039, -8.093339998999966, 0.0 ], [ 112.11914, -8.09349, 0.0 ], [ 112.11934, -8.093709998999941, 0.0 ], [ 112.11935, -8.0938, 0.0 ], [ 112.11927, -8.09388, 0.0 ], [ 112.11894, -8.09418, 0.0 ], [ 112.118920000000116, -8.0943, 0.0 ], [ 112.11895, -8.09437, 0.0 ], [ 112.118999999000039, -8.09448, 0.0 ], [ 112.11921, -8.09502, 0.0 ], [ 112.11921, -8.0952, 0.0 ], [ 112.11913, -8.09542, 0.0 ], [ 112.118790000000104, -8.09628, 0.0 ], [ 112.118700000000104, -8.0968, 0.0 ], [ 112.11864, -8.097299998999972, 0.0 ], [ 112.1185, -8.09785, 0.0 ], [ 112.11831, -8.0982, 0.0 ], [ 112.118160000000103, -8.09844, 0.0 ], [ 112.117909999000062, -8.09879, 0.0 ], [ 112.11755, -8.09926, 0.0 ], [ 112.11734, -8.09967, 0.0 ], [ 112.11723, -8.10009, 0.0 ], [ 112.117, -8.10068, 0.0 ], [ 112.11704, -8.10085, 0.0 ], [ 112.11718, -8.101119998999934, 0.0 ], [ 112.11737, -8.10132, 0.0 ], [ 112.11759, -8.1016, 0.0 ], [ 112.11763, -8.10178, 0.0 ], [ 112.1176, -8.101939998999967, 0.0 ], [ 112.117519999000024, -8.102309998999942, 0.0 ], [ 112.117519999000024, -8.10263, 0.0 ], [ 112.11759, -8.10289, 0.0 ], [ 112.117649373000063, -8.10316047799995, 0.0 ], [ 112.11768, -8.1033, 0.0 ], [ 112.117710000000102, -8.10364, 0.0 ], [ 112.117660000000114, -8.1038, 0.0 ], [ 112.117539999000087, -8.10392, 0.0 ], [ 112.11743, -8.10396, 0.0 ], [ 112.117210000000114, -8.10405, 0.0 ], [ 112.11716, -8.10415, 0.0 ], [ 112.11714, -8.10437, 0.0 ], [ 112.1171, -8.10454, 0.0 ], [ 112.117049999000074, -8.10478, 0.0 ], [ 112.116990000000101, -8.10513, 0.0 ], [ 112.116699999000048, -8.10599, 0.0 ], [ 112.116679999000098, -8.10635, 0.0 ], [ 112.11661, -8.10641, 0.0 ], [ 112.11646, -8.106539998999949, 0.0 ], [ 112.116329999000072, -8.10675, 0.0 ], [ 112.116220000000112, -8.107009998999956, 0.0 ], [ 112.11618, -8.10711, 0.0 ], [ 112.11612, -8.10728, 0.0 ], [ 112.11609, -8.107359998999925, 0.0 ], [ 112.11601, -8.10752, 0.0 ], [ 112.11589, -8.10774, 0.0 ], [ 112.1154, -8.10845, 0.0 ], [ 112.11536, -8.1085, 0.0 ], [ 112.11521, -8.10862, 0.0 ], [ 112.11467, -8.108649998999965, 0.0 ], [ 112.11456, -8.10869, 0.0 ], [ 112.11407, -8.10871, 0.0 ], [ 112.113909999000043, -8.10879, 0.0 ], [ 112.11368, -8.108999998999934, 0.0 ], [ 112.11346, -8.10932, 0.0 ], [ 112.11311, -8.10992, 0.0 ], [ 112.11309, -8.10999, 0.0 ], [ 112.11291, -8.11037, 0.0 ], [ 112.11265, -8.110889998999937, 0.0 ], [ 112.112039999000103, -8.11233, 0.0 ], [ 112.1118, -8.11296, 0.0 ], [ 112.111569999000039, -8.11313, 0.0 ], [ 112.11142, -8.11326, 0.0 ], [ 112.111310000000117, -8.11347, 0.0 ], [ 112.111130000000117, -8.114, 0.0 ], [ 112.111000000000104, -8.1143, 0.0 ], [ 112.11093, -8.114459998999962, 0.0 ], [ 112.11071, -8.11505, 0.0 ], [ 112.110613099000034, -8.115437602999975, 0.0 ], [ 112.110590000000116, -8.11553, 0.0 ], [ 112.110550000000103, -8.115669998999977, 0.0 ], [ 112.11053, -8.11574, 0.0 ], [ 112.110499999000012, -8.11612, 0.0 ], [ 112.11049, -8.11621, 0.0 ], [ 112.110479999000063, -8.11629, 0.0 ], [ 112.11043999900005, -8.11656, 0.0 ], [ 112.1103, -8.11704, 0.0 ], [ 112.110280000000103, -8.117149998999935, 0.0 ], [ 112.110230881, -8.117407872999934, 0.0 ], [ 112.1102, -8.11757, 0.0 ], [ 112.11033, -8.11787, 0.0 ], [ 112.11026, -8.11823, 0.0 ], [ 112.11025918200005, -8.118234203999975, 0.0 ], [ 112.110207448000097, -8.118540479999979, 0.0 ], [ 112.110108005000029, -8.118499662999966, 0.0 ], [ 112.110083391000103, -8.118489559999944, 0.0 ], [ 112.109364602000028, -8.118194529999926, 0.0 ], [ 112.107929623000018, -8.117462474999968, 0.0 ], [ 112.107796829000108, -8.117394729999944, 0.0 ], [ 112.106190979000075, -8.116729161999956, 0.0 ], [ 112.104402213000071, -8.115901300999951, 0.0 ], [ 112.103142368000022, -8.115311284999962, 0.0 ], [ 112.101277801000037, -8.11444841399998, 0.0 ], [ 112.100016995000033, -8.113691224999968, 0.0 ], [ 112.099874520000071, -8.113607171999945, 0.0 ], [ 112.099045751000062, -8.11311823799997, 0.0 ], [ 112.098814851000043, -8.112982017999968, 0.0 ], [ 112.099841208000043, -8.111674353999945, 0.0 ], [ 112.10088341200003, -8.111188943999935, 0.0 ], [ 112.101111840000044, -8.110389444999953, 0.0 ], [ 112.10262517700005, -8.110689256999933, 0.0 ], [ 112.10292499000002, -8.109589945999971, 0.0 ], [ 112.10475241600011, -8.109818373999929, 0.0 ], [ 112.105766066000115, -8.106406226999979, 0.0 ], [ 112.105352040000071, -8.106320566999955, 0.0 ], [ 112.105066504000092, -8.10637767399993, 0.0 ], [ 112.104481157, -8.106506164999928, 0.0 ], [ 112.103924363000033, -8.106534717999978, 0.0 ], [ 112.103353293000055, -8.106434780999962, 0.0 ], [ 112.10288, -8.10622, 0.0 ], [ 112.10322, -8.10571, 0.0 ], [ 112.10245, -8.10518, 0.0 ], [ 112.10113, -8.10475, 0.0 ], [ 112.10018, -8.104689998999959, 0.0 ], [ 112.10011, -8.104689998999959, 0.0 ], [ 112.09977, -8.104649998999946, 0.0 ], [ 112.09975, -8.10455, 0.0 ], [ 112.09976, -8.10406, 0.0 ], [ 112.0996, -8.10404, 0.0 ], [ 112.09934, -8.10401, 0.0 ], [ 112.09934, -8.103169998999931, 0.0 ], [ 112.09897, -8.103129998999975, 0.0 ], [ 112.09908, -8.10249, 0.0 ], [ 112.0991, -8.102369998999961, 0.0 ], [ 112.09916, -8.10197, 0.0 ], [ 112.099169999000082, -8.10172, 0.0 ], [ 112.09817, -8.101509998999973, 0.0 ], [ 112.097850000000108, -8.10087, 0.0 ], [ 112.09806, -8.10065, 0.0 ], [ 112.098249999000018, -8.100419998999939, 0.0 ], [ 112.098300000000108, -8.100379998999927, 0.0 ], [ 112.09836, -8.10033, 0.0 ], [ 112.0988, -8.099909998999976, 0.0 ], [ 112.09924, -8.09955999899995, 0.0 ], [ 112.09951, -8.09928, 0.0 ], [ 112.09969, -8.09904, 0.0 ], [ 112.09998, -8.09836, 0.0 ], [ 112.1002, -8.097629998999935, 0.0 ], [ 112.100299999000072, -8.09721, 0.0 ], [ 112.10036, -8.09692, 0.0 ], [ 112.10035, -8.09651, 0.0 ], [ 112.10036, -8.09643, 0.0 ], [ 112.10035, -8.096359998999958, 0.0 ], [ 112.100319999000021, -8.0963, 0.0 ], [ 112.10008, -8.09565, 0.0 ], [ 112.10003, -8.09551, 0.0 ], [ 112.09996, -8.09516, 0.0 ], [ 112.099929999000096, -8.094119998999929, 0.0 ], [ 112.100010000000111, -8.0932, 0.0 ], [ 112.10012, -8.092599998999958, 0.0 ], [ 112.10014, -8.09244, 0.0 ], [ 112.10016, -8.09238, 0.0 ], [ 112.10048, -8.09181, 0.0 ], [ 112.100729999, -8.091389998999944, 0.0 ], [ 112.1008700000001, -8.09124, 0.0 ], [ 112.10099999900001, -8.09119, 0.0 ], [ 112.10152, -8.09124, 0.0 ], [ 112.101630000000114, -8.09125, 0.0 ], [ 112.101779999000087, -8.09124, 0.0 ], [ 112.10185, -8.09122, 0.0 ], [ 112.10205, -8.090939998999943, 0.0 ], [ 112.1022, -8.09066, 0.0 ], [ 112.1023, -8.09034, 0.0 ], [ 112.102350000000115, -8.08988, 0.0 ], [ 112.10232, -8.089419998999972, 0.0 ], [ 112.1023, -8.08922, 0.0 ], [ 112.102350000000115, -8.08904999899994, 0.0 ], [ 112.102450591000093, -8.088937881999925, 0.0 ], [ 112.102473306000093, -8.088945782999929, 0.0 ] ] ] ] } },
{ "type": "Feature", "properties": { "OBJECTID": 116126.0, "KDPPUM": "35", "NAMOBJ": "Maron", "REMARK": null, "KDPBPS": null, "FCODE": "BA03070040", "LUASWH": 3.26683365, "UUPP": "Hasil Delineasi Batas Desa 2019", "SRS_ID": "SRGI 2013", "METADATA": "TASWIL1000020200326DATA_BATAS_DESA_KELURAHAN", "KDEBPS": null, "KDEPUM": "35.05.03.2011", "KDCBPS": null, "KDCPUM": "35.05.03", "KDBBPS": null, "WADMKD": "Maron", "WIADKD": null, "WADMKC": "Srengat", "WIADKC": null, "WADMKK": "Blitar", "WIADKK": null, "WADMPR": "Jawa Timur", "WIADPR": null, "TIPADM": 1.0, "KDPKAB": "35.05", "SHAPE_Leng": 0.088640966123094994, "SHAPE_Area": 0.00026812119162699998 }, "geometry": { "type": "MultiPolygon", "coordinates": [ [ [ [ 112.08765, -8.091739998999969, 0.0 ], [ 112.08779, -8.093, 0.0 ], [ 112.08783, -8.09364, 0.0 ], [ 112.08784, -8.093749998999954, 0.0 ], [ 112.087850000000117, -8.09391, 0.0 ], [ 112.08787, -8.09424, 0.0 ], [ 112.08805, -8.0943, 0.0 ], [ 112.08827, -8.09435, 0.0 ], [ 112.088599999000053, -8.09444, 0.0 ], [ 112.08972, -8.09481, 0.0 ], [ 112.08968, -8.09542, 0.0 ], [ 112.08964, -8.09567, 0.0 ], [ 112.08942, -8.09712, 0.0 ], [ 112.08901, -8.09768, 0.0 ], [ 112.088499999000078, -8.09829, 0.0 ], [ 112.087759999000014, -8.09898, 0.0 ], [ 112.086950000000115, -8.09961, 0.0 ], [ 112.0864, -8.10002, 0.0 ], [ 112.0857, -8.10049, 0.0 ], [ 112.08492, -8.101059998999972, 0.0 ], [ 112.084503040000072, -8.101301054999965, 0.0 ], [ 112.084005338000111, -8.10129741399993, 0.0 ], [ 112.083136835, -8.101422335999928, 0.0 ], [ 112.082042283000078, -8.101350951999962, 0.0 ], [ 112.08085850100008, -8.101065416999973, 0.0 ], [ 112.080043535000073, -8.101029724999933, 0.0 ], [ 112.078413605000037, -8.101065416999973, 0.0 ], [ 112.078461194000056, -8.100470550999944, 0.0 ], [ 112.077527255000064, -8.100387269999942, 0.0 ], [ 112.077384488, -8.101017826999964, 0.0 ], [ 112.077227786000094, -8.101598734999925, 0.0 ], [ 112.076190341000029, -8.101484520999975, 0.0 ], [ 112.075914324000109, -8.101379824999981, 0.0 ], [ 112.075752520000037, -8.101475002999962, 0.0 ], [ 112.075574740000093, -8.101748906999944, 0.0 ], [ 112.075516478000054, -8.101860475999956, 0.0 ], [ 112.075523616000055, -8.102081765999969, 0.0 ], [ 112.075830567000025, -8.102195979999976, 0.0 ], [ 112.075480786000071, -8.103323843999931, 0.0 ], [ 112.075238081000066, -8.104180449999944, 0.0 ], [ 112.075145282000108, -8.105079886999931, 0.0 ], [ 112.075138017000086, -8.105452800999956, 0.0 ], [ 112.076023779000025, -8.105496291999941, 0.0 ], [ 112.075999984000077, -8.105681889999971, 0.0 ], [ 112.07578107400002, -8.10566761299998, 0.0 ], [ 112.075702076000084, -8.106586084999947, 0.0 ], [ 112.075616415000013, -8.107385583999928, 0.0 ], [ 112.074260123000045, -8.107199985999955, 0.0 ], [ 112.072761062000041, -8.106978695999942, 0.0 ], [ 112.071822365000116, -8.106850205999933, 0.0 ], [ 112.072254237000038, -8.104501677999963, 0.0 ], [ 112.072546911000018, -8.102581452999971, 0.0 ], [ 112.07275, -8.10165, 0.0 ], [ 112.07117, -8.1015, 0.0 ], [ 112.07068, -8.10154, 0.0 ], [ 112.07005, -8.10168, 0.0 ], [ 112.069957908000106, -8.101619857999935, 0.0 ], [ 112.069783018000066, -8.101598442999943, 0.0 ], [ 112.069458222000094, -8.101534196999978, 0.0 ], [ 112.069190532000107, -8.101466382999945, 0.0 ], [ 112.068872874000022, -8.101487797999937, 0.0 ], [ 112.068458848000091, -8.101466382999945, 0.0 ], [ 112.068159036000111, -8.101448536999953, 0.0 ], [ 112.067944884000099, -8.101427120999972, 0.0 ], [ 112.067886038000097, -8.101437820999934, 0.0 ], [ 112.067935674000069, -8.100632921999932, 0.0 ], [ 112.067935674000069, -8.099733485999934, 0.0 ], [ 112.06801181700007, -8.098900673999935, 0.0 ], [ 112.068130790000055, -8.097782327999937, 0.0 ], [ 112.06824976300004, -8.096725846999959, 0.0 ], [ 112.068321147, -8.095959659999949, 0.0 ], [ 112.068425843000114, -8.095074500999942, 0.0 ], [ 112.068468673000098, -8.094574813999941, 0.0 ], [ 112.068652367000027, -8.094681413999979, 0.0 ], [ 112.068733269000063, -8.094705208999926, 0.0 ], [ 112.068837430000031, -8.094743616999949, 0.0 ], [ 112.068832990000033, -8.094923666999932, 0.0 ], [ 112.068985492000024, -8.094876529999965, 0.0 ], [ 112.069694571000014, -8.094814663999955, 0.0 ], [ 112.069694571000014, -8.094748038999967, 0.0 ], [ 112.070632079, -8.094729002999941, 0.0 ], [ 112.070627320000085, -8.094914600999971, 0.0 ], [ 112.071060382000041, -8.094928877999962, 0.0 ], [ 112.071393685000089, -8.094930701999942, 0.0 ], [ 112.07139892799999, -8.094425378999972, 0.0 ], [ 112.072120521000102, -8.094468922999965, 0.0 ], [ 112.072123495000028, -8.094210156999964, 0.0 ], [ 112.071290684000019, -8.094186361999959, 0.0 ], [ 112.071254397000075, -8.093759843999976, 0.0 ], [ 112.071346601000073, -8.093756868999947, 0.0 ], [ 112.071801673000095, -8.093747945999951, 0.0 ], [ 112.071801673000095, -8.093501076999928, 0.0 ], [ 112.072569050000084, -8.093465384999945, 0.0 ], [ 112.072792124000102, -8.092477908999967, 0.0 ], [ 112.073595192000084, -8.092724777999933, 0.0 ], [ 112.07360114100004, -8.092641496999931, 0.0 ], [ 112.073657653000055, -8.092073400999936, 0.0 ], [ 112.073690371000112, -8.091737301999956, 0.0 ], [ 112.073919394000086, -8.091017514999976, 0.0 ], [ 112.074059187000103, -8.090645723999955, 0.0 ], [ 112.074297133000073, -8.089812912999946, 0.0 ], [ 112.074374466000108, -8.089491685999974, 0.0 ], [ 112.074439901, -8.088819487999956, 0.0 ], [ 112.074511285000085, -8.088159186999974, 0.0 ], [ 112.074552925000035, -8.08757621899997, 0.0 ], [ 112.074636206000037, -8.086764227999936, 0.0 ], [ 112.074695693000081, -8.086008749999962, 0.0 ], [ 112.074742800000081, -8.085484299999962, 0.0 ], [ 112.074990384000102, -8.085430358999929, 0.0 ], [ 112.07532, -8.08539, 0.0 ], [ 112.07724, -8.08496, 0.0 ], [ 112.077362732000097, -8.084936987999981, 0.0 ], [ 112.0774, -8.08493, 0.0 ], [ 112.077630000000113, -8.08487, 0.0 ], [ 112.07962, -8.08447, 0.0 ], [ 112.08016, -8.08434, 0.0 ], [ 112.08094, -8.08416, 0.0 ], [ 112.081519999000079, -8.08403, 0.0 ], [ 112.08196, -8.083939998999938, 0.0 ], [ 112.08197, -8.08408, 0.0 ], [ 112.082219999000017, -8.08497, 0.0 ], [ 112.08249, -8.08598, 0.0 ], [ 112.08252, -8.08606, 0.0 ], [ 112.08256, -8.08623, 0.0 ], [ 112.082649999000068, -8.08656, 0.0 ], [ 112.082689999000081, -8.086729998999942, 0.0 ], [ 112.08275, -8.08692, 0.0 ], [ 112.08282, -8.08715, 0.0 ], [ 112.08309, -8.08805, 0.0 ], [ 112.08394, -8.08777, 0.0 ], [ 112.084430000000111, -8.08758, 0.0 ], [ 112.08486, -8.087409998999931, 0.0 ], [ 112.085009999000022, -8.08736, 0.0 ], [ 112.08539999900006, -8.08736, 0.0 ], [ 112.0854700000001, -8.08755, 0.0 ], [ 112.0855600000001, -8.08797, 0.0 ], [ 112.08562, -8.08822, 0.0 ], [ 112.08564, -8.0883, 0.0 ], [ 112.085690000000113, -8.08841, 0.0 ], [ 112.08586, -8.08887, 0.0 ], [ 112.086, -8.08917, 0.0 ], [ 112.08613, -8.089439998999978, 0.0 ], [ 112.086460000000102, -8.09021, 0.0 ], [ 112.0865099990001, -8.09032, 0.0 ], [ 112.08683, -8.09187, 0.0 ], [ 112.08723, -8.09179, 0.0 ], [ 112.08759, -8.091739998999969, 0.0 ], [ 112.08765, -8.091739998999969, 0.0 ] ] ] ] } },
{ "type": "Feature", "properties": { "OBJECTID": 116127.0, "KDPPUM": "35", "NAMOBJ": "Kandangan", "REMARK": null, "KDPBPS": null, "FCODE": "BA03070040", "LUASWH": 3.23437561, "UUPP": "Hasil Delineasi Batas Desa 2019", "SRS_ID": "SRGI 2013", "METADATA": "TASWIL1000020200326DATA_BATAS_DESA_KELURAHAN", "KDEBPS": null, "KDEPUM": "35.05.03.2013", "KDCBPS": null, "KDCPUM": "35.05.03", "KDBBPS": null, "WADMKD": "Kandangan", "WIADKD": null, "WADMKC": "Srengat", "WIADKC": null, "WADMKK": "Blitar", "WIADKK": null, "WADMPR": "Jawa Timur", "WIADPR": null, "TIPADM": 1.0, "KDPKAB": "35.05", "SHAPE_Leng": 0.084125210254580002, "SHAPE_Area": 0.00026544811975000001 }, "geometry": { "type": "MultiPolygon", "coordinates": [ [ [ [ 112.10716, -8.07986, 0.0 ], [ 112.107339999000033, -8.0841, 0.0 ], [ 112.10723, -8.08417, 0.0 ], [ 112.10705357499999, -8.08433038499993, 0.0 ], [ 112.10701, -8.084369998999932, 0.0 ], [ 112.10688, -8.08448, 0.0 ], [ 112.10677, -8.0846, 0.0 ], [ 112.10668, -8.084659998999939, 0.0 ], [ 112.10649, -8.08473, 0.0 ], [ 112.10605, -8.08485, 0.0 ], [ 112.10588, -8.08491, 0.0 ], [ 112.105739999000093, -8.085009998999965, 0.0 ], [ 112.10518, -8.08566, 0.0 ], [ 112.10513, -8.08571, 0.0 ], [ 112.10491, -8.08597, 0.0 ], [ 112.10477271100001, -8.086137662999931, 0.0 ], [ 112.10464, -8.08635, 0.0 ], [ 112.104560000000106, -8.08646, 0.0 ], [ 112.10399, -8.0872, 0.0 ], [ 112.103840000000105, -8.08733, 0.0 ], [ 112.10331, -8.08798, 0.0 ], [ 112.102784764000035, -8.088565418999963, 0.0 ], [ 112.102473306000093, -8.088945782999929, 0.0 ], [ 112.102450591000093, -8.088937881999925, 0.0 ], [ 112.102350000000115, -8.08904999899994, 0.0 ], [ 112.1023, -8.08922, 0.0 ], [ 112.10232, -8.089419998999972, 0.0 ], [ 112.102350000000115, -8.08988, 0.0 ], [ 112.1023, -8.09034, 0.0 ], [ 112.1022, -8.09066, 0.0 ], [ 112.10205, -8.090939998999943, 0.0 ], [ 112.10185, -8.09122, 0.0 ], [ 112.101779999000087, -8.09124, 0.0 ], [ 112.101630000000114, -8.09125, 0.0 ], [ 112.10152, -8.09124, 0.0 ], [ 112.10099999900001, -8.09119, 0.0 ], [ 112.1008700000001, -8.09124, 0.0 ], [ 112.100729999, -8.091389998999944, 0.0 ], [ 112.10048, -8.09181, 0.0 ], [ 112.10016, -8.09238, 0.0 ], [ 112.10014, -8.09244, 0.0 ], [ 112.100010000000111, -8.09243, 0.0 ], [ 112.099069999000108, -8.092209998999977, 0.0 ], [ 112.09889, -8.09216, 0.0 ], [ 112.09832, -8.09203, 0.0 ], [ 112.09818, -8.092, 0.0 ], [ 112.09783, -8.09191, 0.0 ], [ 112.0977, -8.09187, 0.0 ], [ 112.09727, -8.091779998999925, 0.0 ], [ 112.096789999000066, -8.09165, 0.0 ], [ 112.09672, -8.09166, 0.0 ], [ 112.09651, -8.09161, 0.0 ], [ 112.09624, -8.09157, 0.0 ], [ 112.0961, -8.09154, 0.0 ], [ 112.09541, -8.09138, 0.0 ], [ 112.09495, -8.09128, 0.0 ], [ 112.094830000000115, -8.09125, 0.0 ], [ 112.09462, -8.09122, 0.0 ], [ 112.09442, -8.09119, 0.0 ], [ 112.09427, -8.09118, 0.0 ], [ 112.09313, -8.09101, 0.0 ], [ 112.09261, -8.09089, 0.0 ], [ 112.092379999000059, -8.09087, 0.0 ], [ 112.09184, -8.09078, 0.0 ], [ 112.090859999000031, -8.09068, 0.0 ], [ 112.09054, -8.090649998999936, 0.0 ], [ 112.09054, -8.09073, 0.0 ], [ 112.09056, -8.09089999899993, 0.0 ], [ 112.09058, -8.0912, 0.0 ], [ 112.090600000000109, -8.091349998999931, 0.0 ], [ 112.09009, -8.091309998999975, 0.0 ], [ 112.089790000000107, -8.091309998999975, 0.0 ], [ 112.08929, -8.09136, 0.0 ], [ 112.088889999000116, -8.091429998999956, 0.0 ], [ 112.08878, -8.09145, 0.0 ], [ 112.08849, -8.09151, 0.0 ], [ 112.08802, -8.09161, 0.0 ], [ 112.08771, -8.09169, 0.0 ], [ 112.08765, -8.091739998999969, 0.0 ], [ 112.08759, -8.091739998999969, 0.0 ], [ 112.08723, -8.09179, 0.0 ], [ 112.08683, -8.09187, 0.0 ], [ 112.0865099990001, -8.09032, 0.0 ], [ 112.086460000000102, -8.09021, 0.0 ], [ 112.08613, -8.089439998999978, 0.0 ], [ 112.086, -8.08917, 0.0 ], [ 112.08586, -8.08887, 0.0 ], [ 112.085690000000113, -8.08841, 0.0 ], [ 112.08564, -8.0883, 0.0 ], [ 112.08562, -8.08822, 0.0 ], [ 112.0855600000001, -8.08797, 0.0 ], [ 112.0854700000001, -8.08755, 0.0 ], [ 112.08539999900006, -8.08736, 0.0 ], [ 112.085009999000022, -8.08736, 0.0 ], [ 112.08486, -8.087409998999931, 0.0 ], [ 112.084430000000111, -8.08758, 0.0 ], [ 112.08394, -8.08777, 0.0 ], [ 112.08309, -8.08805, 0.0 ], [ 112.08282, -8.08715, 0.0 ], [ 112.08275, -8.08692, 0.0 ], [ 112.082689999000081, -8.086729998999942, 0.0 ], [ 112.082649999000068, -8.08656, 0.0 ], [ 112.08256, -8.08623, 0.0 ], [ 112.08252, -8.08606, 0.0 ], [ 112.08249, -8.08598, 0.0 ], [ 112.082219999000017, -8.08497, 0.0 ], [ 112.08197, -8.08408, 0.0 ], [ 112.08196, -8.083939998999938, 0.0 ], [ 112.081519999000079, -8.08403, 0.0 ], [ 112.08094, -8.08416, 0.0 ], [ 112.08016, -8.08434, 0.0 ], [ 112.07962, -8.08447, 0.0 ], [ 112.077630000000113, -8.08487, 0.0 ], [ 112.0774, -8.08493, 0.0 ], [ 112.077362732000097, -8.084936987999981, 0.0 ], [ 112.077363663000028, -8.084530508999933, 0.0 ], [ 112.077411253000037, -8.083965386999978, 0.0 ], [ 112.077420176000032, -8.083290214999977, 0.0 ], [ 112.077438022000024, -8.08263883799998, 0.0 ], [ 112.077455868000015, -8.082029100999932, 0.0 ], [ 112.077457192000111, -8.081592450999949, 0.0 ], [ 112.077805607000073, -8.081583243999944, 0.0 ], [ 112.078450702000055, -8.081605466999974, 0.0 ], [ 112.07886948700002, -8.081576912999935, 0.0 ], [ 112.079040808000059, -8.08151980599996, 0.0 ], [ 112.079007496000031, -8.08073458299998, 0.0 ], [ 112.07916521900006, -8.080670355999928, 0.0 ], [ 112.080153483000117, -8.080514118999929, 0.0 ], [ 112.080683710000017, -8.080464113999938, 0.0 ], [ 112.081078145000106, -8.080426916999954, 0.0 ], [ 112.081737005000036, -8.080329819999974, 0.0 ], [ 112.082167217, -8.08020154299993, 0.0 ], [ 112.082672056000092, -8.080152529999964, 0.0 ], [ 112.083107908000102, -8.080146077999927, 0.0 ], [ 112.083485162000102, -8.080092103999959, 0.0 ], [ 112.083766654000101, -8.080006598999944, 0.0 ], [ 112.08422358200005, -8.07993122299996, 0.0 ], [ 112.084972761000017, -8.079817989999981, 0.0 ], [ 112.085525480000115, -8.079784736999954, 0.0 ], [ 112.086524667000049, -8.079739704999952, 0.0 ], [ 112.086591258000112, -8.08078842599997, 0.0 ], [ 112.086602641000013, -8.081069161999949, 0.0 ], [ 112.086974691000023, -8.081057577999957, 0.0 ], [ 112.086979157000087, -8.080739717999961, 0.0 ], [ 112.088281339000105, -8.080699171999981, 0.0 ], [ 112.088796879000029, -8.080676609999955, 0.0 ], [ 112.088808732000075, -8.080675921999955, 0.0 ], [ 112.088988206000067, -8.080665505999946, 0.0 ], [ 112.090311930000098, -8.080571506999945, 0.0 ], [ 112.090657269000076, -8.080555011999934, 0.0 ], [ 112.090766665000046, -8.080549786999939, 0.0 ], [ 112.0914365430001, -8.080517793999945, 0.0 ], [ 112.091906168000037, -8.080495363999944, 0.0 ], [ 112.091955560000088, -8.080492566999965, 0.0 ], [ 112.092896937000091, -8.08043926199997, 0.0 ], [ 112.093000912000093, -8.080433373999938, 0.0 ], [ 112.093747953000047, -8.08039107299993, 0.0 ], [ 112.093757677000099, -8.080390522999949, 0.0 ], [ 112.095074917000034, -8.08028372299998, 0.0 ], [ 112.09586230900004, -8.080222599999956, 0.0 ], [ 112.096569872000032, -8.080202998999937, 0.0 ], [ 112.096563202000084, -8.07992565, 0.0 ], [ 112.096945109000103, -8.079915772999925, 0.0 ], [ 112.097919199000103, -8.079919060999941, 0.0 ], [ 112.099378725000065, -8.079876780999939, 0.0 ], [ 112.099347836000106, -8.079424982999967, 0.0 ], [ 112.099497136000082, -8.079412832999935, 0.0 ], [ 112.099485867000112, -8.079209891999938, 0.0 ], [ 112.099949999000046, -8.07919, 0.0 ], [ 112.10066, -8.07915, 0.0 ], [ 112.1007800000001, -8.079139998999949, 0.0 ], [ 112.10153, -8.07912, 0.0 ], [ 112.102310000000102, -8.0791, 0.0 ], [ 112.10291, -8.07906, 0.0 ], [ 112.10331, -8.07905, 0.0 ], [ 112.10405, -8.07904, 0.0 ], [ 112.104561831000069, -8.078999479999936, 0.0 ], [ 112.105085747000089, -8.078958002999968, 0.0 ], [ 112.10718, -8.078909998999961, 0.0 ], [ 112.10717000000011, -8.07909, 0.0 ], [ 112.10716, -8.07978, 0.0 ], [ 112.10716, -8.07986, 0.0 ] ] ] ] } },
{ "type": "Feature", "properties": { "OBJECTID": 116132.0, "KDPPUM": "35", "NAMOBJ": "Dermojayan", "REMARK": null, "KDPBPS": null, "FCODE": "BA03070040", "LUASWH": 2.91460993, "UUPP": "Hasil Delineasi Batas Desa 2019", "SRS_ID": "SRGI 2013", "METADATA": "TASWIL1000020200326DATA_BATAS_DESA_KELURAHAN", "KDEBPS": null, "KDEPUM": "35.05.03.2002", "KDCBPS": null, "KDCPUM": "35.05.03", "KDBBPS": null, "WADMKD": "Dermojayan", "WIADKD": null, "WADMKC": "Srengat", "WIADKC": null, "WADMKK": "Blitar", "WIADKK": null, "WADMPR": "Jawa Timur", "WIADPR": null, "TIPADM": 1.0, "KDPKAB": "35.05", "SHAPE_Leng": 0.077241431916594994, "SHAPE_Area": 0.000237442812788 }, "geometry": { "type": "MultiPolygon", "coordinates": [ [ [ [ 112.050298838000117, -8.041632008999954, 0.0 ], [ 112.05035, -8.040919998999925, 0.0 ], [ 112.05035, -8.04077, 0.0 ], [ 112.0504, -8.04013, 0.0 ], [ 112.050408962, -8.040026932999979, 0.0 ], [ 112.050609300000019, -8.03660937799998, 0.0 ], [ 112.051849715000117, -8.036523123999928, 0.0 ], [ 112.0531560390001, -8.036423185999979, 0.0 ], [ 112.053370191000113, -8.036373217999937, 0.0 ], [ 112.05345585200007, -8.036316109999973, 0.0 ], [ 112.053498682000054, -8.036244726999939, 0.0 ], [ 112.053520097000046, -8.036144788999934, 0.0 ], [ 112.053587914000104, -8.036000017999982, 0.0 ], [ 112.053837549000036, -8.035835679999934, 0.0 ], [ 112.0543719530001, -8.035588269999948, 0.0 ], [ 112.054272035000054, -8.035702990999937, 0.0 ], [ 112.054728891000082, -8.036968863999959, 0.0 ], [ 112.054919248000033, -8.036968863999959, 0.0 ], [ 112.055271408000067, -8.038044379999974, 0.0 ], [ 112.055176230000029, -8.038072933999956, 0.0 ], [ 112.054605159000062, -8.037996790999955, 0.0 ], [ 112.053996017000031, -8.03803486299995, 0.0 ], [ 112.053938910000056, -8.038120522999975, 0.0 ], [ 112.053739035000035, -8.038168111999937, 0.0 ], [ 112.053758071000061, -8.038406057999964, 0.0 ], [ 112.053700964000086, -8.039148449999971, 0.0 ], [ 112.053596268000092, -8.039719520999938, 0.0 ], [ 112.053548678000084, -8.041090089999955, 0.0 ], [ 112.053543505000107, -8.041143553999973, 0.0 ], [ 112.05353, -8.04114, 0.0 ], [ 112.053444768000077, -8.04114, 0.0 ], [ 112.05343881899999, -8.041377080999951, 0.0 ], [ 112.053279999000097, -8.04376, 0.0 ], [ 112.05342, -8.04376, 0.0 ], [ 112.05407, -8.04381, 0.0 ], [ 112.05516392800007, -8.043863617999932, 0.0 ], [ 112.055486992000056, -8.043890572999942, 0.0 ], [ 112.055420367000011, -8.04567992799997, 0.0 ], [ 112.055820116000064, -8.045727516999932, 0.0 ], [ 112.055696384000044, -8.046355694999932, 0.0 ], [ 112.055410849000054, -8.046336658999962, 0.0 ], [ 112.055335700000114, -8.046842567999931, 0.0 ], [ 112.055613103000042, -8.046876796999925, 0.0 ], [ 112.055164285000046, -8.048348066999949, 0.0 ], [ 112.055175826000095, -8.04865823199998, 0.0 ], [ 112.05461665200005, -8.050085908999961, 0.0 ], [ 112.05452, -8.05051, 0.0 ], [ 112.054283528000042, -8.050835438999968, 0.0 ], [ 112.053486408000026, -8.052108449999935, 0.0 ], [ 112.053165181000054, -8.052608136999936, 0.0 ], [ 112.05299861900005, -8.053571818999956, 0.0 ], [ 112.052784467000038, -8.054226170999925, 0.0 ], [ 112.052594111000076, -8.054725856999937, 0.0 ], [ 112.052391856000099, -8.055142262999937, 0.0 ], [ 112.052094424000074, -8.05548728499997, 0.0 ], [ 112.051737505, -8.055737127999976, 0.0 ], [ 112.051202126000021, -8.055986971999971, 0.0 ], [ 112.050768034000043, -8.056312514999945, 0.0 ], [ 112.050241171000039, -8.056684549999943, 0.0 ], [ 112.049105277000081, -8.057421576999957, 0.0 ], [ 112.049088681000057, -8.057979113999977, 0.0 ], [ 112.048600042000089, -8.057852906999926, 0.0 ], [ 112.048439448000067, -8.057822448999957, 0.0 ], [ 112.048363776000087, -8.057807258999958, 0.0 ], [ 112.048276331000011, -8.057784654999978, 0.0 ], [ 112.044450157000028, -8.056735311999944, 0.0 ], [ 112.044535818000099, -8.056007196999929, 0.0 ], [ 112.042585850000023, -8.055783527999949, 0.0 ], [ 112.041697597000052, -8.055696439999963, 0.0 ], [ 112.04114800800005, -8.055732466999928, 0.0 ], [ 112.041114639000057, -8.055723518999969, 0.0 ], [ 112.041101559000026, -8.055747227999973, 0.0 ], [ 112.041000514000075, -8.055747484999927, 0.0 ], [ 112.040664252000056, -8.05569449799998, 0.0 ], [ 112.040435954000031, -8.055611324999973, 0.0 ], [ 112.040370988000063, -8.055557644999965, 0.0 ], [ 112.04036377500006, -8.055551684999955, 0.0 ], [ 112.04006314500009, -8.055349048999972, 0.0 ], [ 112.040017331000058, -8.055317456999944, 0.0 ], [ 112.039924849000045, -8.055253682999933, 0.0 ], [ 112.039768670000058, -8.055206220999935, 0.0 ], [ 112.039480578000052, -8.05521293299995, 0.0 ], [ 112.039354969000101, -8.055224299999963, 0.0 ], [ 112.039276549000078, -8.055231396999943, 0.0 ], [ 112.039174511000056, -8.055231654999943, 0.0 ], [ 112.0385017750001, -8.055041924999955, 0.0 ], [ 112.037420645000111, -8.054757509999945, 0.0 ], [ 112.035738854000101, -8.05430112199997, 0.0 ], [ 112.034651740000072, -8.054022696999937, 0.0 ], [ 112.033943008000051, -8.053839031999928, 0.0 ], [ 112.033186260000093, -8.053655486999958, 0.0 ], [ 112.032808, -8.053608580999935, 0.0 ], [ 112.032633966000049, -8.053620982999973, 0.0 ], [ 112.032177465000018, -8.053490520999958, 0.0 ], [ 112.031685012000025, -8.053384077999965, 0.0 ], [ 112.031677526000067, -8.052797829999975, 0.0 ], [ 112.031644759000073, -8.051709130999939, 0.0 ], [ 112.031626026000026, -8.051422026999944, 0.0 ], [ 112.032004148000055, -8.051415093999935, 0.0 ], [ 112.032081129000062, -8.051422420999927, 0.0 ], [ 112.032310335000034, -8.051444234999963, 0.0 ], [ 112.032448475000024, -8.051479781999944, 0.0 ], [ 112.032838723000054, -8.051520675999939, 0.0 ], [ 112.032841968000071, -8.051329212999974, 0.0 ], [ 112.032849166, -8.050904470999967, 0.0 ], [ 112.032841830000052, -8.050378045999935, 0.0 ], [ 112.033550798000078, -8.050388037999937, 0.0 ], [ 112.033550798000078, -8.050126438999939, 0.0 ], [ 112.033003522000058, -8.050162130999979, 0.0 ], [ 112.0329805450001, -8.049469, 0.0 ], [ 112.032641502000047, -8.049487184999975, 0.0 ], [ 112.032581435000111, -8.049469388999967, 0.0 ], [ 112.032495724000114, -8.048805567999977, 0.0 ], [ 112.032483053000078, -8.048542377999979, 0.0 ], [ 112.032464274000063, -8.048237326999981, 0.0 ], [ 112.032728186000099, -8.04816487599993, 0.0 ], [ 112.032936460000087, -8.048139096999932, 0.0 ], [ 112.032932138000092, -8.048008717999949, 0.0 ], [ 112.033907717000034, -8.047901642999932, 0.0 ], [ 112.033788744000049, -8.047746977999964, 0.0 ], [ 112.033761261000109, -8.047452902999964, 0.0 ], [ 112.03474, -8.047179998999979, 0.0 ], [ 112.034965821000014, -8.047182655999961, 0.0 ], [ 112.03498249499999, -8.0471781, 0.0 ], [ 112.03533019200006, -8.047009718999959, 0.0 ], [ 112.035744079000096, -8.046906974999956, 0.0 ], [ 112.036187945000052, -8.046792191999941, 0.0 ], [ 112.036511876000077, -8.046719585999938, 0.0 ], [ 112.036889826000106, -8.046646844999941, 0.0 ], [ 112.036907072000076, -8.046347685999933, 0.0 ], [ 112.036917997000046, -8.045922913999959, 0.0 ], [ 112.037368122000089, -8.04590981299998, 0.0 ], [ 112.03733631700004, -8.045203980999929, 0.0 ], [ 112.038230550000094, -8.045171809999943, 0.0 ], [ 112.038221351000061, -8.043915548999962, 0.0 ], [ 112.037244539000085, -8.043969020999953, 0.0 ], [ 112.037092626000117, -8.042897635999964, 0.0 ], [ 112.037568518000057, -8.042552613999931, 0.0 ], [ 112.038389432000031, -8.042505024999969, 0.0 ], [ 112.039614855000082, -8.042433640999946, 0.0 ], [ 112.039757622000025, -8.042255181999963, 0.0 ], [ 112.03994797900009, -8.042160002999935, 0.0 ], [ 112.043469581000068, -8.04218379799994, 0.0 ], [ 112.046134578000078, -8.042516921999947, 0.0 ], [ 112.048359374000029, -8.042671586999973, 0.0 ], [ 112.048863123000046, -8.042677467999965, 0.0 ], [ 112.049080000000117, -8.04268, 0.0 ], [ 112.049136159000113, -8.04243534699998, 0.0 ], [ 112.050243433000105, -8.042403061999948, 0.0 ], [ 112.050254019000022, -8.042255740999963, 0.0 ], [ 112.050298838000117, -8.041632008999954, 0.0 ] ] ] ] } },
{ "type": "Feature", "properties": { "OBJECTID": 116129.0, "KDPPUM": "35", "NAMOBJ": "Karanggayam", "REMARK": null, "KDPBPS": null, "FCODE": "BA03070040", "LUASWH": 4.17480208, "UUPP": "Hasil Delineasi Batas Desa 2019", "SRS_ID": "SRGI 2013", "METADATA": "TASWIL1000020200326DATA_BATAS_DESA_KELURAHAN", "KDEBPS": null, "KDEPUM": "35.05.03.2001", "KDCBPS": null, "KDCPUM": "35.05.03", "KDBBPS": null, "WADMKD": "Karanggayam", "WIADKD": null, "WADMKC": "Srengat", "WIADKC": null, "WADMKK": "Blitar", "WIADKK": null, "WADMPR": "Jawa Timur", "WIADPR": null, "TIPADM": 1.0, "KDPKAB": "35.05", "SHAPE_Leng": 0.094722347417244002, "SHAPE_Area": 0.00034411465756899998 }, "geometry": { "type": "MultiPolygon", "coordinates": [ [ [ [ 112.038524693000113, -8.071314351999945, 0.0 ], [ 112.039383794000059, -8.071079459999964, 0.0 ], [ 112.04078219599999, -8.070703002999949, 0.0 ], [ 112.04135, -8.07056, 0.0 ], [ 112.04124, -8.07099, 0.0 ], [ 112.04117, -8.07108, 0.0 ], [ 112.041115634000107, -8.071170609999967, 0.0 ], [ 112.040944792, -8.071392828999933, 0.0 ], [ 112.040691272000117, -8.071864188999939, 0.0 ], [ 112.040605314000118, -8.072135827999944, 0.0 ], [ 112.040570000000116, -8.07223, 0.0 ], [ 112.04056, -8.07237, 0.0 ], [ 112.040565271000105, -8.072377028999938, 0.0 ], [ 112.040565223000044, -8.072377535999976, 0.0 ], [ 112.04057130700005, -8.072385074999943, 0.0 ], [ 112.04065, -8.07248999899997, 0.0 ], [ 112.040700276000052, -8.072540275999927, 0.0 ], [ 112.040800000000104, -8.072654603999979, 0.0 ], [ 112.040800000000104, -8.0727, 0.0 ], [ 112.040781426000081, -8.072792867999965, 0.0 ], [ 112.04076804400006, -8.07283186799998, 0.0 ], [ 112.04054799000005, -8.073372334999931, 0.0 ], [ 112.039810000000102, -8.07504, 0.0 ], [ 112.03959, -8.07562, 0.0 ], [ 112.039485871000011, -8.075999326999977, 0.0 ], [ 112.03944445500008, -8.07612495099994, 0.0 ], [ 112.039396812000064, -8.076255716999981, 0.0 ], [ 112.03934, -8.07639, 0.0 ], [ 112.03925520100006, -8.076644397999928, 0.0 ], [ 112.038775876000045, -8.07796, 0.0 ], [ 112.038769642000034, -8.07796, 0.0 ], [ 112.038440550000018, -8.077846404999946, 0.0 ], [ 112.038371927000071, -8.077989378999973, 0.0 ], [ 112.038289316000032, -8.07827653399994, 0.0 ], [ 112.03813, -8.0788, 0.0 ], [ 112.038100397000107, -8.07893321399996, 0.0 ], [ 112.038087144000087, -8.078979279999942, 0.0 ], [ 112.0369, -8.07868, 0.0 ], [ 112.036652147000041, -8.078652460999933, 0.0 ], [ 112.036606406000033, -8.078644396999948, 0.0 ], [ 112.036525665000113, -8.080278883999938, 0.0 ], [ 112.03648162099999, -8.081101945999933, 0.0 ], [ 112.03648, -8.081129998999927, 0.0 ], [ 112.03644, -8.08178, 0.0 ], [ 112.03644, -8.08187972099995, 0.0 ], [ 112.036429423000072, -8.082077367999943, 0.0 ], [ 112.036440510000034, -8.082262452999942, 0.0 ], [ 112.036517508000088, -8.082277327999975, 0.0 ], [ 112.03765640000006, -8.082497370999931, 0.0 ], [ 112.038600977000101, -8.08269360099996, 0.0 ], [ 112.038728873000082, -8.08273087799995, 0.0 ], [ 112.039260101000082, -8.082889967999961, 0.0 ], [ 112.040439116000016, -8.083230749999927, 0.0 ], [ 112.040451723000047, -8.083233013999973, 0.0 ], [ 112.04051, -8.08325, 0.0 ], [ 112.042043274000093, -8.083508863999953, 0.0 ], [ 112.042785575000039, -8.083702083999981, 0.0 ], [ 112.04267892900009, -8.084410201999958, 0.0 ], [ 112.04256, -8.08613, 0.0 ], [ 112.04244, -8.08691, 0.0 ], [ 112.04228, -8.08796, 0.0 ], [ 112.042379999000104, -8.08798, 0.0 ], [ 112.042319999000028, -8.08824, 0.0 ], [ 112.04226, -8.08851, 0.0 ], [ 112.04211, -8.0892, 0.0 ], [ 112.042060000000106, -8.08945, 0.0 ], [ 112.04202, -8.08962, 0.0 ], [ 112.041929999000104, -8.090179998999929, 0.0 ], [ 112.0419, -8.09032, 0.0 ], [ 112.04174, -8.0913, 0.0 ], [ 112.041650000000118, -8.09155, 0.0 ], [ 112.041599999000027, -8.09181, 0.0 ], [ 112.04146, -8.092499998999926, 0.0 ], [ 112.04135, -8.09308, 0.0 ], [ 112.04127, -8.09349, 0.0 ], [ 112.041249999000115, -8.09356, 0.0 ], [ 112.041110000000117, -8.09418, 0.0 ], [ 112.04097, -8.09478, 0.0 ], [ 112.040819999000064, -8.09544, 0.0 ], [ 112.040759999000102, -8.09573, 0.0 ], [ 112.04067, -8.09622, 0.0 ], [ 112.04059, -8.0966, 0.0 ], [ 112.04058, -8.09676, 0.0 ], [ 112.0405, -8.09725, 0.0 ], [ 112.040480000000116, -8.09736, 0.0 ], [ 112.04025, -8.09836, 0.0 ], [ 112.0402, -8.09856, 0.0 ], [ 112.040120000000115, -8.09892, 0.0 ], [ 112.0401, -8.09901, 0.0 ], [ 112.040030000000115, -8.099499998999931, 0.0 ], [ 112.03983, -8.10044, 0.0 ], [ 112.0398, -8.10062, 0.0 ], [ 112.03971, -8.101059998999972, 0.0 ], [ 112.0396, -8.1015, 0.0 ], [ 112.039492365000115, -8.101897418999954, 0.0 ], [ 112.03947, -8.10197999899998, 0.0 ], [ 112.03937, -8.10218, 0.0 ], [ 112.039199192000069, -8.102648945999931, 0.0 ], [ 112.039041879000024, -8.102583940999978, 0.0 ], [ 112.038922923000086, -8.10282858599993, 0.0 ], [ 112.039104935000069, -8.102945618999968, 0.0 ], [ 112.039035138000031, -8.103099348999933, 0.0 ], [ 112.03897126600009, -8.103274709999937, 0.0 ], [ 112.038669528000014, -8.103108660999965, 0.0 ], [ 112.038170795000042, -8.102886270999932, 0.0 ], [ 112.037568444000044, -8.102617676999955, 0.0 ], [ 112.037076199000012, -8.102072623999959, 0.0 ], [ 112.03677751500004, -8.101773597999966, 0.0 ], [ 112.036446893000061, -8.101442597999949, 0.0 ], [ 112.036383977000014, -8.101379609999981, 0.0 ], [ 112.03561331100002, -8.100484222999967, 0.0 ], [ 112.03450645700002, -8.099577721999935, 0.0 ], [ 112.03365218600004, -8.098850046999928, 0.0 ], [ 112.032907342000044, -8.098660498999948, 0.0 ], [ 112.031393918000049, -8.098389140999927, 0.0 ], [ 112.029508591000081, -8.098226397999952, 0.0 ], [ 112.027619030000096, -8.098324741999932, 0.0 ], [ 112.026587780000114, -8.098334124999951, 0.0 ], [ 112.026792414000056, -8.095797618999939, 0.0 ], [ 112.026944699000069, -8.094588852999948, 0.0 ], [ 112.0272064400001, -8.094588852999948, 0.0 ], [ 112.027220717000091, -8.093518094999979, 0.0 ], [ 112.027325413000085, -8.092305759999931, 0.0 ], [ 112.027411073000053, -8.09122072599996, 0.0 ], [ 112.027553841000099, -8.09009286099996, 0.0 ], [ 112.027646640000057, -8.08790137799997, 0.0 ], [ 112.027746577000016, -8.086566499999947, 0.0 ], [ 112.028786501000013, -8.086595690999957, 0.0 ], [ 112.02881495500003, -8.085878240999932, 0.0 ], [ 112.028632927000103, -8.085903224999981, 0.0 ], [ 112.028632927000103, -8.085667658999967, 0.0 ], [ 112.028697172000079, -8.084504101999926, 0.0 ], [ 112.028644824000025, -8.084502912999938, 0.0 ], [ 112.028669808000018, -8.083799781999971, 0.0 ], [ 112.028530610000075, -8.08378193599998, 0.0 ], [ 112.028573440000059, -8.083425016999968, 0.0 ], [ 112.02877331500008, -8.083432154999969, 0.0 ], [ 112.028894667000031, -8.081943801999955, 0.0 ], [ 112.028937498, -8.08059107899993, 0.0 ], [ 112.028969620000112, -8.079648811999959, 0.0 ], [ 112.029254292000019, -8.077342998999939, 0.0 ], [ 112.029279842000051, -8.077344631999949, 0.0 ], [ 112.0294888950001, -8.077408714999933, 0.0 ], [ 112.029553013000054, -8.077128580999954, 0.0 ], [ 112.029710080000086, -8.076575419999926, 0.0 ], [ 112.029727904000083, -8.076470478999966, 0.0 ], [ 112.029788149000069, -8.076115781999931, 0.0 ], [ 112.029866528000071, -8.075778182999954, 0.0 ], [ 112.029959021000082, -8.075325686999975, 0.0 ], [ 112.030044312000086, -8.074873208999975, 0.0 ], [ 112.030079818000104, -8.074672113999952, 0.0 ], [ 112.030137005000029, -8.074499679999974, 0.0 ], [ 112.030193883000038, -8.074205206999977, 0.0 ], [ 112.029508997000107, -8.073970030999931, 0.0 ], [ 112.029572988000041, -8.073639645999947, 0.0 ], [ 112.029637069000046, -8.07334515499997, 0.0 ], [ 112.029751481000062, -8.073014642999965, 0.0 ], [ 112.029829914000061, -8.072698579999951, 0.0 ], [ 112.029915804000098, -8.072483000999966, 0.0 ], [ 112.030080636000093, -8.07215236199994, 0.0 ], [ 112.030329042000062, -8.071639650999941, 0.0 ], [ 112.030385781000064, -8.071290140999963, 0.0 ], [ 112.030476169000053, -8.070954903999962, 0.0 ], [ 112.030756637000081, -8.070995952999965, 0.0 ], [ 112.03097093000008, -8.070997207999937, 0.0 ], [ 112.031252776000088, -8.07101023599995, 0.0 ], [ 112.031523225000115, -8.071022736999964, 0.0 ], [ 112.032180548000042, -8.071042018999947, 0.0 ], [ 112.033192031000112, -8.071066387999963, 0.0 ], [ 112.033864352000023, -8.07108263799995, 0.0 ], [ 112.034158491000085, -8.071089072999939, 0.0 ], [ 112.034888427000055, -8.07110158699993, 0.0 ], [ 112.035301372000049, -8.071090970999933, 0.0 ], [ 112.035676771000112, -8.071060734999946, 0.0 ], [ 112.036602336000101, -8.071110214999976, 0.0 ], [ 112.037309036000011, -8.071131630999957, 0.0 ], [ 112.03734117700003, -8.071133890999931, 0.0 ], [ 112.037765893000028, -8.071163752999951, 0.0 ], [ 112.038501146000044, -8.071249413999965, 0.0 ], [ 112.038524693000113, -8.071314351999945, 0.0 ] ] ] ] } },
{ "type": "Feature", "properties": { "OBJECTID": 116130.0, "KDPPUM": "35", "NAMOBJ": "Bagelenan", "REMARK": null, "KDPBPS": null, "FCODE": "BA03070040", "LUASWH": 2.34174556, "UUPP": "Hasil Delineasi Batas Desa 2019", "SRS_ID": "SRGI 2013", "METADATA": "TASWIL1000020200326DATA_BATAS_DESA_KELURAHAN", "KDEBPS": null, "KDEPUM": "35.05.03.2012", "KDCBPS": null, "KDCPUM": "35.05.03", "KDBBPS": null, "WADMKD": "Bagelenan", "WIADKD": null, "WADMKC": "Srengat", "WIADKC": null, "WADMKK": "Blitar", "WIADKK": null, "WADMPR": "Jawa Timur", "WIADPR": null, "TIPADM": 1.0, "KDPKAB": "35.05", "SHAPE_Leng": 0.068842440170334002, "SHAPE_Area": 0.000192178357721 }, "geometry": { "type": "MultiPolygon", "coordinates": [ [ [ [ 112.078438771000037, -8.052672129999962, 0.0 ], [ 112.07888, -8.05242, 0.0 ], [ 112.079138682, -8.05223657099998, 0.0 ], [ 112.079430000000116, -8.05203, 0.0 ], [ 112.079879999000013, -8.05163, 0.0 ], [ 112.080690000000118, -8.05118, 0.0 ], [ 112.080916780000052, -8.051101119999942, 0.0 ], [ 112.08138, -8.05094, 0.0 ], [ 112.08223999900008, -8.05064, 0.0 ], [ 112.08316, -8.05035, 0.0 ], [ 112.08368, -8.05009, 0.0 ], [ 112.08436, -8.049869998999952, 0.0 ], [ 112.08478, -8.04976, 0.0 ], [ 112.0852900000001, -8.05027, 0.0 ], [ 112.085740000000101, -8.05111999899998, 0.0 ], [ 112.086259999000049, -8.05214, 0.0 ], [ 112.08648, -8.052949998999964, 0.0 ], [ 112.08652, -8.05316, 0.0 ], [ 112.0866, -8.05318, 0.0 ], [ 112.086730000000102, -8.05343, 0.0 ], [ 112.086820000000102, -8.053809998999952, 0.0 ], [ 112.08669, -8.054099998999959, 0.0 ], [ 112.08611, -8.05476, 0.0 ], [ 112.085769999000036, -8.0553, 0.0 ], [ 112.08768, -8.05579999899993, 0.0 ], [ 112.08779, -8.055819998999937, 0.0 ], [ 112.08827, -8.05586, 0.0 ], [ 112.08842, -8.05589, 0.0 ], [ 112.0905, -8.05623, 0.0 ], [ 112.09144, -8.05647, 0.0 ], [ 112.09206, -8.05657, 0.0 ], [ 112.092220000000111, -8.05657, 0.0 ], [ 112.09269, -8.057239998999933, 0.0 ], [ 112.0929900000001, -8.05805, 0.0 ], [ 112.0931, -8.05896, 0.0 ], [ 112.09311, -8.059719998999981, 0.0 ], [ 112.09313, -8.06043, 0.0 ], [ 112.09325, -8.06182, 0.0 ], [ 112.09329999900001, -8.06219, 0.0 ], [ 112.09331, -8.06236, 0.0 ], [ 112.09342, -8.06326, 0.0 ], [ 112.0935, -8.064, 0.0 ], [ 112.09355, -8.06443, 0.0 ], [ 112.093660000000114, -8.06569, 0.0 ], [ 112.094349999000087, -8.06568, 0.0 ], [ 112.094618335000064, -8.065670416999978, 0.0 ], [ 112.094577428000093, -8.06681, 0.0 ], [ 112.094577302000062, -8.066813508999928, 0.0 ], [ 112.093008686000076, -8.066813304999926, 0.0 ], [ 112.093006887000115, -8.066813304999926, 0.0 ], [ 112.091617580000047, -8.066904937999936, 0.0 ], [ 112.091659711000034, -8.067140260999963, 0.0 ], [ 112.091675800000075, -8.067230123999934, 0.0 ], [ 112.091206730000067, -8.067303721999963, 0.0 ], [ 112.090877693000039, -8.067355350999946, 0.0 ], [ 112.089704617000052, -8.067477179999969, 0.0 ], [ 112.088632965000102, -8.067585544999929, 0.0 ], [ 112.087040628000068, -8.06763813699996, 0.0 ], [ 112.086724762000017, -8.067655328999933, 0.0 ], [ 112.085682146000067, -8.067712082999947, 0.0 ], [ 112.085579900000084, -8.067716428999972, 0.0 ], [ 112.08479998700011, -8.067749591999927, 0.0 ], [ 112.084656212000027, -8.066769553999961, 0.0 ], [ 112.084659080000051, -8.066528142999971, 0.0 ], [ 112.08465981499999, -8.066466185999957, 0.0 ], [ 112.084676141000045, -8.066039732999968, 0.0 ], [ 112.084676311000067, -8.066035286999977, 0.0 ], [ 112.083958556000084, -8.065964920999932, 0.0 ], [ 112.083709818000102, -8.065940535999971, 0.0 ], [ 112.08361143099999, -8.065922597999929, 0.0 ], [ 112.083162964000053, -8.065840826999931, 0.0 ], [ 112.082887783000047, -8.065788865999934, 0.0 ], [ 112.082616454000117, -8.065720325999962, 0.0 ], [ 112.082612417000064, -8.065719916999967, 0.0 ], [ 112.082309329000054, -8.065689317999954, 0.0 ], [ 112.082323409000082, -8.065104988999963, 0.0 ], [ 112.082688456000028, -8.065134763999936, 0.0 ], [ 112.082693480000103, -8.065135173999977, 0.0 ], [ 112.082749728000067, -8.064753928999949, 0.0 ], [ 112.082918748000111, -8.063318089999939, 0.0 ], [ 112.08302694699999, -8.062708358999942, 0.0 ], [ 112.083079880000014, -8.062255720999929, 0.0 ], [ 112.083124885000075, -8.062001047999956, 0.0 ], [ 112.083124318000046, -8.061788210999964, 0.0 ], [ 112.08312416900003, -8.061732440999947, 0.0 ], [ 112.083014267000067, -8.061743333999971, 0.0 ], [ 112.082840562000115, -8.061764997999944, 0.0 ], [ 112.08274841900004, -8.061786447999964, 0.0 ], [ 112.082737891000079, -8.061791184999947, 0.0 ], [ 112.082542986000021, -8.061878883999952, 0.0 ], [ 112.082401383000047, -8.061971149999977, 0.0 ], [ 112.082273685000018, -8.061957349999943, 0.0 ], [ 112.081940177000092, -8.061894613999925, 0.0 ], [ 112.081510735000052, -8.061761439999941, 0.0 ], [ 112.08146474800003, -8.061803974999975, 0.0 ], [ 112.081422184000076, -8.061800552999955, 0.0 ], [ 112.081279991000088, -8.06167015799997, 0.0 ], [ 112.080843382000012, -8.061508729999957, 0.0 ], [ 112.079941852000047, -8.061207151999952, 0.0 ], [ 112.079828168000063, -8.061129695999966, 0.0 ], [ 112.079590389000032, -8.061059636999971, 0.0 ], [ 112.079558512000062, -8.0610528, 0.0 ], [ 112.079036870000095, -8.060940926999933, 0.0 ], [ 112.078709375000017, -8.060862664999945, 0.0 ], [ 112.078530409000109, -8.060819895999941, 0.0 ], [ 112.078421104000086, -8.060793775999969, 0.0 ], [ 112.078421207000019, -8.060791918999939, 0.0 ], [ 112.078421439000067, -8.060787746999949, 0.0 ], [ 112.078440413000067, -8.060446101999958, 0.0 ], [ 112.078441839000106, -8.060420418999968, 0.0 ], [ 112.078467146000094, -8.059964734999937, 0.0 ], [ 112.078478469000061, -8.059829361999959, 0.0 ], [ 112.078551113000117, -8.058960852999974, 0.0 ], [ 112.078567500000077, -8.058678718999943, 0.0 ], [ 112.07820128000003, -8.058615163999946, 0.0 ], [ 112.077331100000038, -8.058501545999945, 0.0 ], [ 112.076317858000039, -8.058413013999939, 0.0 ], [ 112.075356916000032, -8.05833085699993, 0.0 ], [ 112.075361029000078, -8.057412405999969, 0.0 ], [ 112.075332823000053, -8.05663083, 0.0 ], [ 112.075377523000043, -8.056233372999941, 0.0 ], [ 112.075453271000015, -8.055964803999927, 0.0 ], [ 112.075526445000037, -8.055705368999952, 0.0 ], [ 112.076169928000013, -8.054368360999945, 0.0 ], [ 112.076152249000074, -8.054377842999941, 0.0 ], [ 112.076393724000013, -8.054146223999965, 0.0 ], [ 112.076640000000111, -8.05391, 0.0 ], [ 112.076740768000036, -8.053807216999928, 0.0 ], [ 112.07714, -8.053399998999964, 0.0 ], [ 112.077623932000051, -8.053132563999952, 0.0 ], [ 112.077900000000113, -8.05298, 0.0 ], [ 112.078304544000048, -8.052748831999963, 0.0 ], [ 112.078304628000069, -8.052748783999959, 0.0 ], [ 112.078438771000037, -8.052672129999962, 0.0 ] ] ] ] } },
{ "type": "Feature", "properties": { "OBJECTID": 113841.0, "KDPPUM": "35", "NAMOBJ": "Kerjen", "REMARK": null, "KDPBPS": null, "FCODE": "BA03070040", "LUASWH": null, "UUPP": "Ajudikasi 2015", "SRS_ID": "SRGI 2013", "METADATA": "TASWIL1000020200326DATA_BATAS_DESA_KELURAHAN", "KDEBPS": null, "KDEPUM": "35.05.03.2003", "KDCBPS": null, "KDCPUM": "35.05.03", "KDBBPS": null, "WADMKD": "Kerjen", "WIADKD": null, "WADMKC": "Srengat", "WIADKC": null, "WADMKK": "Blitar", "WIADKK": null, "WADMPR": "Jawa Timur", "WIADPR": null, "TIPADM": 1.0, "KDPKAB": "35.05", "SHAPE_Leng": 0.10626836723729299, "SHAPE_Area": 0.00035130075068899998 }, "geometry": { "type": "MultiPolygon", "coordinates": [ [ [ [ 112.058086677, -8.087787361999972, 0.0 ], [ 112.057968754000058, -8.087785040999961, 0.0 ], [ 112.056889692000027, -8.087724517999959, 0.0 ], [ 112.055626029000109, -8.087662467999962, 0.0 ], [ 112.055590530000018, -8.087660724999978, 0.0 ], [ 112.055425134000075, -8.08761149399993, 0.0 ], [ 112.055115804000025, -8.087573421999934, 0.0 ], [ 112.054720813000017, -8.087459207999927, 0.0 ], [ 112.054525697000031, -8.087397341999974, 0.0 ], [ 112.054292510000096, -8.087383065999973, 0.0 ], [ 112.053650056000038, -8.087287886999945, 0.0 ], [ 112.053174164000097, -8.087216502999979, 0.0 ], [ 112.052217620000079, -8.087135601999933, 0.0 ], [ 112.051341979000085, -8.086973797999974, 0.0 ], [ 112.049922993000109, -8.086721286999932, 0.0 ], [ 112.049633526000093, -8.086627586999953, 0.0 ], [ 112.049801585000068, -8.085823298999969, 0.0 ], [ 112.049833400000011, -8.085671042999934, 0.0 ], [ 112.048903507000091, -8.085450097999967, 0.0 ], [ 112.048755359000097, -8.085388533999947, 0.0 ], [ 112.048404317000063, -8.08529154699994, 0.0 ], [ 112.04799, -8.08518, 0.0 ], [ 112.047419959000081, -8.085026046999928, 0.0 ], [ 112.04662, -8.08481, 0.0 ], [ 112.045886128, -8.084592368999949, 0.0 ], [ 112.045340538, -8.084439988999975, 0.0 ], [ 112.0447362970001, -8.084243795999953, 0.0 ], [ 112.044104843000014, -8.084045487999958, 0.0 ], [ 112.042785575000039, -8.083702083999981, 0.0 ], [ 112.042043274000093, -8.083508863999953, 0.0 ], [ 112.04051, -8.08325, 0.0 ], [ 112.040451723000047, -8.083233013999973, 0.0 ], [ 112.040439116000016, -8.083230749999927, 0.0 ], [ 112.039260101000082, -8.082889967999961, 0.0 ], [ 112.038728873000082, -8.08273087799995, 0.0 ], [ 112.038600977000101, -8.08269360099996, 0.0 ], [ 112.03765640000006, -8.082497370999931, 0.0 ], [ 112.036517508000088, -8.082277327999975, 0.0 ], [ 112.036440510000034, -8.082262452999942, 0.0 ], [ 112.036429423000072, -8.082077367999943, 0.0 ], [ 112.03644, -8.08187972099995, 0.0 ], [ 112.03644, -8.08178, 0.0 ], [ 112.03648, -8.081129998999927, 0.0 ], [ 112.03648162099999, -8.081101945999933, 0.0 ], [ 112.036525665000113, -8.080278883999938, 0.0 ], [ 112.036606406000033, -8.078644396999948, 0.0 ], [ 112.036652147000041, -8.078652460999933, 0.0 ], [ 112.0369, -8.07868, 0.0 ], [ 112.038087144000087, -8.078979279999942, 0.0 ], [ 112.038100397000107, -8.07893321399996, 0.0 ], [ 112.03813, -8.0788, 0.0 ], [ 112.038289316000032, -8.07827653399994, 0.0 ], [ 112.038371927000071, -8.077989378999973, 0.0 ], [ 112.038440550000018, -8.077846404999946, 0.0 ], [ 112.038769642000034, -8.07796, 0.0 ], [ 112.038775876000045, -8.07796, 0.0 ], [ 112.03925520100006, -8.076644397999928, 0.0 ], [ 112.03934, -8.07639, 0.0 ], [ 112.039396812000064, -8.076255716999981, 0.0 ], [ 112.03944445500008, -8.07612495099994, 0.0 ], [ 112.039485871000011, -8.075999326999977, 0.0 ], [ 112.03959, -8.07562, 0.0 ], [ 112.039810000000102, -8.07504, 0.0 ], [ 112.04054799000005, -8.073372334999931, 0.0 ], [ 112.04076804400006, -8.07283186799998, 0.0 ], [ 112.040781426000081, -8.072792867999965, 0.0 ], [ 112.040800000000104, -8.0727, 0.0 ], [ 112.040800000000104, -8.072654603999979, 0.0 ], [ 112.040700276000052, -8.072540275999927, 0.0 ], [ 112.04065, -8.07248999899997, 0.0 ], [ 112.04057130700005, -8.072385074999943, 0.0 ], [ 112.040565223000044, -8.072377535999976, 0.0 ], [ 112.040565271000105, -8.072377028999938, 0.0 ], [ 112.04056, -8.07237, 0.0 ], [ 112.040570000000116, -8.07223, 0.0 ], [ 112.040605314000118, -8.072135827999944, 0.0 ], [ 112.040691272000117, -8.071864188999939, 0.0 ], [ 112.040944792, -8.071392828999933, 0.0 ], [ 112.041115634000107, -8.071170609999967, 0.0 ], [ 112.04117, -8.07108, 0.0 ], [ 112.04124, -8.07099, 0.0 ], [ 112.04135, -8.07056, 0.0 ], [ 112.04078219599999, -8.070703002999949, 0.0 ], [ 112.039383794000059, -8.071079459999964, 0.0 ], [ 112.038524693000113, -8.071314351999945, 0.0 ], [ 112.038501146000044, -8.071249413999965, 0.0 ], [ 112.037765893000028, -8.071163752999951, 0.0 ], [ 112.03734117700003, -8.071133890999931, 0.0 ], [ 112.037598388000106, -8.070169000999954, 0.0 ], [ 112.037665668000045, -8.069919617999972, 0.0 ], [ 112.0377, -8.06978, 0.0 ], [ 112.037785722000081, -8.069474614999933, 0.0 ], [ 112.037829699000099, -8.069311606999975, 0.0 ], [ 112.037837508000052, -8.069290125999942, 0.0 ], [ 112.03786, -8.06921, 0.0 ], [ 112.037910826000029, -8.069088459999932, 0.0 ], [ 112.03805103000002, -8.068702815999927, 0.0 ], [ 112.038314279000019, -8.068314235999935, 0.0 ], [ 112.03833, -8.06829, 0.0 ], [ 112.03833975100008, -8.06827663699994, 0.0 ], [ 112.038442256000053, -8.068125331999966, 0.0 ], [ 112.038650469000117, -8.06785083799997, 0.0 ], [ 112.03887, -8.06755, 0.0 ], [ 112.038920242000017, -8.067495190999978, 0.0 ], [ 112.038944706000052, -8.067462938999938, 0.0 ], [ 112.039817786000071, -8.066471691999936, 0.0 ], [ 112.040181377000067, -8.066030984999941, 0.0 ], [ 112.04023, -8.06597, 0.0 ], [ 112.04027007600007, -8.065893854999956, 0.0 ], [ 112.040399237000088, -8.065576386999965, 0.0 ], [ 112.040429788000097, -8.065590402999931, 0.0 ], [ 112.04043, -8.06559, 0.0 ], [ 112.040436032000116, -8.06559326699994, 0.0 ], [ 112.041218449000098, -8.065952223999943, 0.0 ], [ 112.04178, -8.0661, 0.0 ], [ 112.04243, -8.06626, 0.0 ], [ 112.042742886000042, -8.06632998799995, 0.0 ], [ 112.043336109000052, -8.066457457999945, 0.0 ], [ 112.043423342000096, -8.066480929999955, 0.0 ], [ 112.043442224000046, -8.066486010999938, 0.0 ], [ 112.0442, -8.06635, 0.0 ], [ 112.044368604000056, -8.066323655999952, 0.0 ], [ 112.044731265000109, -8.066258210999933, 0.0 ], [ 112.045924712000101, -8.066038319999961, 0.0 ], [ 112.046701316000053, -8.06589681, 0.0 ], [ 112.046426921000034, -8.066794933999972, 0.0 ], [ 112.046043863000023, -8.068048724999926, 0.0 ], [ 112.04560128300011, -8.069347910999966, 0.0 ], [ 112.046529273000033, -8.069633445999955, 0.0 ], [ 112.047285941000041, -8.069833320999976, 0.0 ], [ 112.048042610000039, -8.07003319599994, 0.0 ], [ 112.048770725000054, -8.07003319599994, 0.0 ], [ 112.049013430000059, -8.07003319599994, 0.0 ], [ 112.049470287000076, -8.070190239999931, 0.0 ], [ 112.050855133000027, -8.070518605999951, 0.0 ], [ 112.051982998000085, -8.070818417999931, 0.0 ], [ 112.052025828000069, -8.070618542999966, 0.0 ], [ 112.052725389000102, -8.070682788999932, 0.0 ], [ 112.052749184000049, -8.071004015999961, 0.0 ], [ 112.052761081000085, -8.071075399999927, 0.0 ], [ 112.052820568000016, -8.071170577999965, 0.0 ], [ 112.053070411000022, -8.071206269999948, 0.0 ], [ 112.053439228000116, -8.07101591299994, 0.0 ], [ 112.05377235200001, -8.070885042999976, 0.0 ], [ 112.053974606000111, -8.070849350999936, 0.0 ], [ 112.054283936000047, -8.07077796699997, 0.0 ], [ 112.054557574000114, -8.070730377999951, 0.0 ], [ 112.056211300000086, -8.070968323999978, 0.0 ], [ 112.056496835000075, -8.070040333999941, 0.0 ], [ 112.056996522000077, -8.070064128999945, 0.0 ], [ 112.057275137000033, -8.070148557999971, 0.0 ], [ 112.057116355000062, -8.070123141999943, 0.0 ], [ 112.056771502000061, -8.070078824999939, 0.0 ], [ 112.056553822000069, -8.070097469999951, 0.0 ], [ 112.056547284000089, -8.070105330999979, 0.0 ], [ 112.056508604000101, -8.07015183599998, 0.0 ], [ 112.056454453000015, -8.070260473999952, 0.0 ], [ 112.056382887000041, -8.070649443999969, 0.0 ], [ 112.056213033000063, -8.071617324999977, 0.0 ], [ 112.056116059000033, -8.072702557999946, 0.0 ], [ 112.056069845000025, -8.073342302999947, 0.0 ], [ 112.05607559300006, -8.073656824999944, 0.0 ], [ 112.056454096000039, -8.073614880999969, 0.0 ], [ 112.056826191000027, -8.073668167999926, 0.0 ], [ 112.057243528000072, -8.073676131999946, 0.0 ], [ 112.05804215, -8.073782566999967, 0.0 ], [ 112.058278141000073, -8.073827164999955, 0.0 ], [ 112.058522874, -8.073745156999962, 0.0 ], [ 112.058622595000088, -8.073717774999977, 0.0 ], [ 112.058822063000093, -8.07367205099996, 0.0 ], [ 112.058789877000095, -8.074612982999952, 0.0 ], [ 112.060803005000025, -8.074845822999976, 0.0 ], [ 112.060739172000012, -8.075701969999955, 0.0 ], [ 112.06069525700002, -8.076401049999959, 0.0 ], [ 112.060590768000111, -8.077257301999964, 0.0 ], [ 112.060683852000011, -8.078059543999927, 0.0 ], [ 112.060684428000059, -8.078064516999973, 0.0 ], [ 112.061042877000091, -8.078097781999929, 0.0 ], [ 112.060991038000111, -8.07914608699997, 0.0 ], [ 112.060961295000084, -8.079699310999956, 0.0 ], [ 112.060473506000108, -8.079681464999965, 0.0 ], [ 112.06047082900011, -8.080012804999967, 0.0 ], [ 112.059995293000043, -8.081425728999932, 0.0 ], [ 112.059920935000036, -8.081848083999944, 0.0 ], [ 112.059881754000116, -8.082188544999951, 0.0 ], [ 112.059699705000071, -8.083132991999946, 0.0 ], [ 112.060865641000078, -8.083194857999956, 0.0 ], [ 112.060751427000014, -8.084712954999929, 0.0 ], [ 112.061183387000028, -8.084775588999946, 0.0 ], [ 112.060696830000097, -8.087838731999966, 0.0 ], [ 112.058086677, -8.087787361999972, 0.0 ] ] ], [ [ [ 112.059068249, -8.070477334999964, 0.0 ], [ 112.058977047000099, -8.070479994999971, 0.0 ], [ 112.058786324000039, -8.070399115999976, 0.0 ], [ 112.058594849000087, -8.070270071999971, 0.0 ], [ 112.05888819300003, -8.070337766999955, 0.0 ], [ 112.05907099, -8.070456046999936, 0.0 ], [ 112.059068249, -8.070477334999964, 0.0 ] ] ], [ [ [ 112.070123706000118, -8.078451403999964, 0.0 ], [ 112.07008939100001, -8.078771526999958, 0.0 ], [ 112.070104622000031, -8.078485389999969, 0.0 ], [ 112.069671560000074, -8.078471112999978, 0.0 ], [ 112.06914628299999, -8.078450805999978, 0.0 ], [ 112.070123706000118, -8.078451403999964, 0.0 ] ] ], [ [ [ 112.058138663000022, -8.070171204999951, 0.0 ], [ 112.058329020000087, -8.070206895999945, 0.0 ], [ 112.058370989000082, -8.070216888999937, 0.0 ], [ 112.058214250000105, -8.07019263899997, 0.0 ], [ 112.058023762000062, -8.070202170999949, 0.0 ], [ 112.057993973000066, -8.070201665999946, 0.0 ], [ 112.058138663000022, -8.070171204999951, 0.0 ] ] ], [ [ [ 112.059222955000109, -8.069275882999932, 0.0 ], [ 112.05920728000001, -8.069397614999957, 0.0 ], [ 112.059227840000062, -8.069209137999962, 0.0 ], [ 112.059226703000036, -8.069224669999926, 0.0 ], [ 112.059222955000109, -8.069275882999932, 0.0 ] ] ] ] } },
{ "type": "Feature", "properties": { "OBJECTID": 116125.0, "KDPPUM": "35", "NAMOBJ": "Pakisrejo", "REMARK": null, "KDPBPS": null, "FCODE": "BA03070040", "LUASWH": 2.5695972, "UUPP": "Hasil Delineasi Batas Desa 2019", "SRS_ID": "SRGI 2013", "METADATA": "TASWIL1000020200326DATA_BATAS_DESA_KELURAHAN", "KDEBPS": null, "KDEPUM": "35.05.03.2005", "KDCBPS": null, "KDCPUM": "35.05.03", "KDBBPS": null, "WADMKD": "Pakisrejo", "WIADKD": null, "WADMKC": "Srengat", "WIADKC": null, "WADMKK": "Blitar", "WIADKK": null, "WADMPR": "Jawa Timur", "WIADPR": null, "TIPADM": 1.0, "KDPKAB": "35.05", "SHAPE_Leng": 0.083765135315997996, "SHAPE_Area": 0.000199313108861 }, "geometry": { "type": "MultiPolygon", "coordinates": [ [ [ [ 112.058086677, -8.087787361999972, 0.0 ], [ 112.060696830000097, -8.087838731999966, 0.0 ], [ 112.061183387000028, -8.084775588999946, 0.0 ], [ 112.06170321099999, -8.084850962999951, 0.0 ], [ 112.061522372000013, -8.086364300999946, 0.0 ], [ 112.061389122000037, -8.086369058999935, 0.0 ], [ 112.061351051000088, -8.086745013999973, 0.0 ], [ 112.061708188000011, -8.086793197999953, 0.0 ], [ 112.06170961600003, -8.086766071999932, 0.0 ], [ 112.061807531000113, -8.086774519999949, 0.0 ], [ 112.061871776000089, -8.086776898999972, 0.0 ], [ 112.061871776000089, -8.086745965999967, 0.0 ], [ 112.062940154000103, -8.08678165799995, 0.0 ], [ 112.062966328000016, -8.08678165799995, 0.0 ], [ 112.063467205000052, -8.086849472999972, 0.0 ], [ 112.063513604000036, -8.086856610999973, 0.0 ], [ 112.064627192000103, -8.086885164999956, 0.0 ], [ 112.064598147000083, -8.088027139999951, 0.0 ], [ 112.065253864000056, -8.087842682999963, 0.0 ], [ 112.065936994000026, -8.08765051499995, 0.0 ], [ 112.0663608320001, -8.087531286999933, 0.0 ], [ 112.066352301000052, -8.08834853299993, 0.0 ], [ 112.066286866000041, -8.089466879999975, 0.0 ], [ 112.06537672200011, -8.089395495999952, 0.0 ], [ 112.065370773000041, -8.089294368999958, 0.0 ], [ 112.065180417000079, -8.089300316999982, 0.0 ], [ 112.0648948810001, -8.090085539999961, 0.0 ], [ 112.065864512000076, -8.090365125999938, 0.0 ], [ 112.065779999000029, -8.09082, 0.0 ], [ 112.06544, -8.09114, 0.0 ], [ 112.065245852000089, -8.091632188999938, 0.0 ], [ 112.065168519000053, -8.091822545999946, 0.0 ], [ 112.065114981000079, -8.091905826999948, 0.0 ], [ 112.065013854000085, -8.091905826999948, 0.0 ], [ 112.064829037000095, -8.091845221999961, 0.0 ], [ 112.064690843000108, -8.091852288999974, 0.0 ], [ 112.064184017000116, -8.092287730999942, 0.0 ], [ 112.063994850000086, -8.092394805999959, 0.0 ], [ 112.063973435000094, -8.092569696999931, 0.0 ], [ 112.063059722000048, -8.092380529999957, 0.0 ], [ 112.062934800000107, -8.09337633399997, 0.0 ], [ 112.06238514499999, -8.093287103999955, 0.0 ], [ 112.061963999000113, -8.093218587999957, 0.0 ], [ 112.061756057000025, -8.094254930999966, 0.0 ], [ 112.061675391000108, -8.094601423999961, 0.0 ], [ 112.060566562000076, -8.094401549999899, 0.0 ], [ 112.060504963000085, -8.094682329999955, 0.0 ], [ 112.06049228400002, -8.094764749999968, 0.0 ], [ 112.060413870000048, -8.095210858999963, 0.0 ], [ 112.060253376000105, -8.096139562999952, 0.0 ], [ 112.060067778000075, -8.09731977499996, 0.0 ], [ 112.06001798200009, -8.09765278499998, 0.0 ], [ 112.060017544000061, -8.097655715999963, 0.0 ], [ 112.059986283000057, -8.097648044999971, 0.0 ], [ 112.059361912000099, -8.097494822999977, 0.0 ], [ 112.056820648000098, -8.097109349999926, 0.0 ], [ 112.056820648000098, -8.095824440999934, 0.0 ], [ 112.056849201000091, -8.094253996999953, 0.0 ], [ 112.054450705000022, -8.09418261299993, 0.0 ], [ 112.052601864000053, -8.094175474999929, 0.0 ], [ 112.052587587000062, -8.094353933999969, 0.0 ], [ 112.051623905000042, -8.094389625999952, 0.0 ], [ 112.051609628000051, -8.09529620099994, 0.0 ], [ 112.049725095000099, -8.095431829999939, 0.0 ], [ 112.049869404000106, -8.097957085999951, 0.0 ], [ 112.049132609000026, -8.09801592499997, 0.0 ], [ 112.049184585000035, -8.097348022999938, 0.0 ], [ 112.047647826000116, -8.097430577999944, 0.0 ], [ 112.047634691000098, -8.096976099999949, 0.0 ], [ 112.047596620000036, -8.096557314999927, 0.0 ], [ 112.045102945000053, -8.096576350999953, 0.0 ], [ 112.045102945000053, -8.095986244999949, 0.0 ], [ 112.040759999000102, -8.09573, 0.0 ], [ 112.040819999000064, -8.09544, 0.0 ], [ 112.04097, -8.09478, 0.0 ], [ 112.041110000000117, -8.09418, 0.0 ], [ 112.041249999000115, -8.09356, 0.0 ], [ 112.04127, -8.09349, 0.0 ], [ 112.04135, -8.09308, 0.0 ], [ 112.04146, -8.092499998999926, 0.0 ], [ 112.041599999000027, -8.09181, 0.0 ], [ 112.041650000000118, -8.09155, 0.0 ], [ 112.04174, -8.0913, 0.0 ], [ 112.0419, -8.09032, 0.0 ], [ 112.041929999000104, -8.090179998999929, 0.0 ], [ 112.04202, -8.08962, 0.0 ], [ 112.042060000000106, -8.08945, 0.0 ], [ 112.04211, -8.0892, 0.0 ], [ 112.04226, -8.08851, 0.0 ], [ 112.042319999000028, -8.08824, 0.0 ], [ 112.042379999000104, -8.08798, 0.0 ], [ 112.04228, -8.08796, 0.0 ], [ 112.04244, -8.08691, 0.0 ], [ 112.04256, -8.08613, 0.0 ], [ 112.04267892900009, -8.084410201999958, 0.0 ], [ 112.042785575000039, -8.083702083999981, 0.0 ], [ 112.044104843000014, -8.084045487999958, 0.0 ], [ 112.0447362970001, -8.084243795999953, 0.0 ], [ 112.045340538, -8.084439988999975, 0.0 ], [ 112.045886128, -8.084592368999949, 0.0 ], [ 112.04662, -8.08481, 0.0 ], [ 112.047419959000081, -8.085026046999928, 0.0 ], [ 112.04799, -8.08518, 0.0 ], [ 112.048404317000063, -8.08529154699994, 0.0 ], [ 112.048755359000097, -8.085388533999947, 0.0 ], [ 112.048903507000091, -8.085450097999967, 0.0 ], [ 112.049833400000011, -8.085671042999934, 0.0 ], [ 112.049801585000068, -8.085823298999969, 0.0 ], [ 112.049633526000093, -8.086627586999953, 0.0 ], [ 112.049922993000109, -8.086721286999932, 0.0 ], [ 112.051341979000085, -8.086973797999974, 0.0 ], [ 112.052217620000079, -8.087135601999933, 0.0 ], [ 112.053174164000097, -8.087216502999979, 0.0 ], [ 112.053650056000038, -8.087287886999945, 0.0 ], [ 112.054292510000096, -8.087383065999973, 0.0 ], [ 112.054525697000031, -8.087397341999974, 0.0 ], [ 112.054720813000017, -8.087459207999927, 0.0 ], [ 112.055115804000025, -8.087573421999934, 0.0 ], [ 112.055425134000075, -8.08761149399993, 0.0 ], [ 112.055590530000018, -8.087660724999978, 0.0 ], [ 112.055626029000109, -8.087662467999962, 0.0 ], [ 112.056889692000027, -8.087724517999959, 0.0 ], [ 112.057968754000058, -8.087785040999961, 0.0 ], [ 112.058086677, -8.087787361999972, 0.0 ] ] ] ] } },
{ "type": "Feature", "properties": { "OBJECTID": 116128.0, "KDPPUM": "35", "NAMOBJ": "Wonorejo", "REMARK": null, "KDPBPS": null, "FCODE": "BA03070040", "LUASWH": 2.67456735, "UUPP": "Hasil Delineasi Batas Desa 2019", "SRS_ID": "SRGI 2013", "METADATA": "TASWIL1000020200326DATA_BATAS_DESA_KELURAHAN", "KDEBPS": null, "KDEPUM": "35.05.03.2008", "KDCBPS": null, "KDCPUM": "35.05.03", "KDBBPS": null, "WADMKD": "Wonorejo", "WIADKD": null, "WADMKC": "Srengat", "WIADKC": null, "WADMKK": "Blitar", "WIADKK": null, "WADMPR": "Jawa Timur", "WIADPR": null, "TIPADM": 1.0, "KDPKAB": "35.05", "SHAPE_Leng": 0.079236292408692996, "SHAPE_Area": 0.000153033616155 }, "geometry": { "type": "MultiPolygon", "coordinates": [ [ [ [ 112.069668579000108, -8.083172506999972, 0.0 ], [ 112.06967764400008, -8.083751197999959, 0.0 ], [ 112.06991417200004, -8.083747517999939, 0.0 ], [ 112.07025830900011, -8.083742162999954, 0.0 ], [ 112.071298834000117, -8.083671795999976, 0.0 ], [ 112.071834112000033, -8.083610265999937, 0.0 ], [ 112.072693743000059, -8.08357794799997, 0.0 ], [ 112.073130982000066, -8.083516674999942, 0.0 ], [ 112.074261942000021, -8.083423514999936, 0.0 ], [ 112.074967011000012, -8.083333421999953, 0.0 ], [ 112.075279315000103, -8.083306652999966, 0.0 ], [ 112.075590429000044, -8.083282912999948, 0.0 ], [ 112.075593999000034, -8.082971148999945, 0.0 ], [ 112.07573534900007, -8.081894434999981, 0.0 ], [ 112.075739381000062, -8.081567805999953, 0.0 ], [ 112.075963536000017, -8.081585090999965, 0.0 ], [ 112.076009708000015, -8.081581208999978, 0.0 ], [ 112.076399888000083, -8.08158616299994, 0.0 ], [ 112.077084224000032, -8.081602308999948, 0.0 ], [ 112.077457192000111, -8.081592450999949, 0.0 ], [ 112.077455868000015, -8.082029100999932, 0.0 ], [ 112.077438022000024, -8.08263883799998, 0.0 ], [ 112.077420176000032, -8.083290214999977, 0.0 ], [ 112.077411253000037, -8.083965386999978, 0.0 ], [ 112.077363663000028, -8.084530508999933, 0.0 ], [ 112.077362732000097, -8.084936987999981, 0.0 ], [ 112.07724, -8.08496, 0.0 ], [ 112.07532, -8.08539, 0.0 ], [ 112.074990384000102, -8.085430358999929, 0.0 ], [ 112.074742800000081, -8.085484299999962, 0.0 ], [ 112.074695693000081, -8.086008749999962, 0.0 ], [ 112.074636206000037, -8.086764227999936, 0.0 ], [ 112.074552925000035, -8.08757621899997, 0.0 ], [ 112.074511285000085, -8.088159186999974, 0.0 ], [ 112.074439901, -8.088819487999956, 0.0 ], [ 112.074374466000108, -8.089491685999974, 0.0 ], [ 112.074297133000073, -8.089812912999946, 0.0 ], [ 112.074059187000103, -8.090645723999955, 0.0 ], [ 112.073919394000086, -8.091017514999976, 0.0 ], [ 112.073690371000112, -8.091737301999956, 0.0 ], [ 112.073657653000055, -8.092073400999936, 0.0 ], [ 112.07360114100004, -8.092641496999931, 0.0 ], [ 112.073595192000084, -8.092724777999933, 0.0 ], [ 112.072792124000102, -8.092477908999967, 0.0 ], [ 112.072569050000084, -8.093465384999945, 0.0 ], [ 112.071801673000095, -8.093501076999928, 0.0 ], [ 112.071801673000095, -8.093747945999951, 0.0 ], [ 112.071346601000073, -8.093756868999947, 0.0 ], [ 112.071254397000075, -8.093759843999976, 0.0 ], [ 112.071290684000019, -8.094186361999959, 0.0 ], [ 112.072123495000028, -8.094210156999964, 0.0 ], [ 112.072120521000102, -8.094468922999965, 0.0 ], [ 112.07139892799999, -8.094425378999972, 0.0 ], [ 112.071393685000089, -8.094930701999942, 0.0 ], [ 112.071060382000041, -8.094928877999962, 0.0 ], [ 112.070627320000085, -8.094914600999971, 0.0 ], [ 112.070632079, -8.094729002999941, 0.0 ], [ 112.069694571000014, -8.094748038999967, 0.0 ], [ 112.069694571000014, -8.094814663999955, 0.0 ], [ 112.068985492000024, -8.094876529999965, 0.0 ], [ 112.068832990000033, -8.094923666999932, 0.0 ], [ 112.068837430000031, -8.094743616999949, 0.0 ], [ 112.068733269000063, -8.094705208999926, 0.0 ], [ 112.068652367000027, -8.094681413999979, 0.0 ], [ 112.068468673000098, -8.094574813999941, 0.0 ], [ 112.068425843000114, -8.095074500999942, 0.0 ], [ 112.068321147, -8.095959659999949, 0.0 ], [ 112.06824976300004, -8.096725846999959, 0.0 ], [ 112.068130790000055, -8.097782327999937, 0.0 ], [ 112.06801181700007, -8.098900673999935, 0.0 ], [ 112.067935674000069, -8.099733485999934, 0.0 ], [ 112.067935674000069, -8.100632921999932, 0.0 ], [ 112.067886038000097, -8.101437820999934, 0.0 ], [ 112.067827101000034, -8.101448536999953, 0.0 ], [ 112.067727164000075, -8.101477089999946, 0.0 ], [ 112.067562981000037, -8.101469951999945, 0.0 ], [ 112.067416644000104, -8.101416413999971, 0.0 ], [ 112.067252461000066, -8.101320045999955, 0.0 ], [ 112.06711326300001, -8.101273645999981, 0.0 ], [ 112.066909819000102, -8.101187985999957, 0.0 ], [ 112.066435116000093, -8.100980972999935, 0.0 ], [ 112.066021090000049, -8.100731128999939, 0.0 ], [ 112.065814077000027, -8.100574084999948, 0.0 ], [ 112.065685586000086, -8.100491992999935, 0.0 ], [ 112.065239437000059, -8.100306394999961, 0.0 ], [ 112.06494676300008, -8.100188611999954, 0.0 ], [ 112.064575568, -8.100074397999947, 0.0 ], [ 112.064240064000046, -8.100020859999972, 0.0 ], [ 112.06398665100005, -8.09996375299994, 0.0 ], [ 112.063940251000076, -8.09996375299994, 0.0 ], [ 112.063869999000076, -8.10004, 0.0 ], [ 112.06343, -8.100009998999951, 0.0 ], [ 112.061569999000085, -8.09972, 0.0 ], [ 112.06131, -8.09966, 0.0 ], [ 112.06125, -8.09966, 0.0 ], [ 112.060880000000111, -8.09971, 0.0 ], [ 112.060419999000032, -8.0998, 0.0 ], [ 112.05992, -8.09992, 0.0 ], [ 112.05973, -8.09994, 0.0 ], [ 112.05961, -8.09996, 0.0 ], [ 112.05970134100005, -8.099475566999956, 0.0 ], [ 112.059558573000118, -8.099451771999952, 0.0 ], [ 112.059610921000058, -8.099075816999971, 0.0 ], [ 112.059772725000016, -8.099099611999975, 0.0 ], [ 112.059915492000073, -8.098338184999932, 0.0 ], [ 112.060017544000061, -8.097655715999963, 0.0 ], [ 112.06001798200009, -8.09765278499998, 0.0 ], [ 112.060067778000075, -8.09731977499996, 0.0 ], [ 112.060253376000105, -8.096139562999952, 0.0 ], [ 112.060413870000048, -8.095210858999963, 0.0 ], [ 112.06049228400002, -8.094764749999968, 0.0 ], [ 112.060504963000085, -8.094682329999955, 0.0 ], [ 112.060566562000076, -8.094401549999899, 0.0 ], [ 112.061675391000108, -8.094601423999961, 0.0 ], [ 112.061756057000025, -8.094254930999966, 0.0 ], [ 112.061963999000113, -8.093218587999957, 0.0 ], [ 112.06238514499999, -8.093287103999955, 0.0 ], [ 112.062934800000107, -8.09337633399997, 0.0 ], [ 112.063059722000048, -8.092380529999957, 0.0 ], [ 112.063973435000094, -8.092569696999931, 0.0 ], [ 112.063994850000086, -8.092394805999959, 0.0 ], [ 112.064184017000116, -8.092287730999942, 0.0 ], [ 112.064690843000108, -8.091852288999974, 0.0 ], [ 112.064829037000095, -8.091845221999961, 0.0 ], [ 112.065013854000085, -8.091905826999948, 0.0 ], [ 112.065114981000079, -8.091905826999948, 0.0 ], [ 112.065168519000053, -8.091822545999946, 0.0 ], [ 112.065245852000089, -8.091632188999938, 0.0 ], [ 112.06544, -8.09114, 0.0 ], [ 112.065779999000029, -8.09082, 0.0 ], [ 112.065864512000076, -8.090365125999938, 0.0 ], [ 112.0648948810001, -8.090085539999961, 0.0 ], [ 112.065180417000079, -8.089300316999982, 0.0 ], [ 112.065370773000041, -8.089294368999958, 0.0 ], [ 112.06537672200011, -8.089395495999952, 0.0 ], [ 112.066286866000041, -8.089466879999975, 0.0 ], [ 112.066352301000052, -8.08834853299993, 0.0 ], [ 112.0663608320001, -8.087531286999933, 0.0 ], [ 112.065936994000026, -8.08765051499995, 0.0 ], [ 112.065253864000056, -8.087842682999963, 0.0 ], [ 112.064598147000083, -8.088027139999951, 0.0 ], [ 112.064627192000103, -8.086885164999956, 0.0 ], [ 112.063513604000036, -8.086856610999973, 0.0 ], [ 112.063467205000052, -8.086849472999972, 0.0 ], [ 112.062966328000016, -8.08678165799995, 0.0 ], [ 112.062940154000103, -8.08678165799995, 0.0 ], [ 112.061871776000089, -8.086745965999967, 0.0 ], [ 112.061871776000089, -8.086776898999972, 0.0 ], [ 112.061807531000113, -8.086774519999949, 0.0 ], [ 112.06170961600003, -8.086766071999932, 0.0 ], [ 112.061708188000011, -8.086793197999953, 0.0 ], [ 112.061351051000088, -8.086745013999973, 0.0 ], [ 112.061389122000037, -8.086369058999935, 0.0 ], [ 112.061522372000013, -8.086364300999946, 0.0 ], [ 112.06170321099999, -8.084850962999951, 0.0 ], [ 112.061183387000028, -8.084775588999946, 0.0 ], [ 112.060751427000014, -8.084712954999929, 0.0 ], [ 112.060865641000078, -8.083194857999956, 0.0 ], [ 112.059699705000071, -8.083132991999946, 0.0 ], [ 112.059881754000116, -8.082188544999951, 0.0 ], [ 112.059920935000036, -8.081848083999944, 0.0 ], [ 112.059995293000043, -8.081425728999932, 0.0 ], [ 112.06047082900011, -8.080012804999967, 0.0 ], [ 112.060473506000108, -8.079681464999965, 0.0 ], [ 112.060961295000084, -8.079699310999956, 0.0 ], [ 112.060991038000111, -8.07914608699997, 0.0 ], [ 112.061042877000091, -8.078097781999929, 0.0 ], [ 112.061044576000086, -8.078063431999965, 0.0 ], [ 112.063376448000099, -8.078206198999965, 0.0 ], [ 112.065738063000026, -8.078283531999944, 0.0 ], [ 112.06582130400011, -8.078288165999936, 0.0 ], [ 112.065823824000063, -8.078354241999932, 0.0 ], [ 112.0658238850001, -8.078355847999944, 0.0 ], [ 112.066159102000029, -8.078367846999981, 0.0 ], [ 112.067386311000064, -8.078411777999975, 0.0 ], [ 112.067385529000035, -8.078426981999939, 0.0 ], [ 112.06736459800004, -8.078834402999973, 0.0 ], [ 112.067757304000111, -8.078885050999929, 0.0 ], [ 112.067764423000085, -8.078885968999941, 0.0 ], [ 112.067793442000038, -8.078449977999981, 0.0 ], [ 112.06914628299999, -8.078450805999978, 0.0 ], [ 112.069671560000074, -8.078471112999978, 0.0 ], [ 112.070104622000031, -8.078485389999969, 0.0 ], [ 112.07008939100001, -8.078771526999958, 0.0 ], [ 112.069902893000062, -8.080511306999938, 0.0 ], [ 112.069284547000052, -8.080527956999958, 0.0 ], [ 112.069283400000018, -8.08054, 0.0 ], [ 112.069255193000117, -8.080836179999949, 0.0 ], [ 112.069865812000103, -8.080856314999949, 0.0 ], [ 112.069888722000087, -8.080857069999979, 0.0 ], [ 112.069841477000068, -8.081277106999949, 0.0 ], [ 112.069840038000052, -8.081289903999959, 0.0 ], [ 112.069668579000108, -8.083172506999972, 0.0 ] ] ] ] } },
{ "type": "Feature", "properties": { "OBJECTID": 113827.0, "KDPPUM": "35", "NAMOBJ": "Kelurahan Kauman", "REMARK": null, "KDPBPS": null, "FCODE": "BA03070040", "LUASWH": null, "UUPP": "Ajudikasi 2015", "SRS_ID": "SRGI 2013", "METADATA": "TASWIL1000020200326DATA_BATAS_DESA_KELURAHAN", "KDEBPS": null, "KDEPUM": "35.05.03.1010", "KDCBPS": null, "KDCPUM": "35.05.03", "KDBBPS": null, "WADMKD": "Kelurahan Kauman", "WIADKD": null, "WADMKC": "Srengat", "WIADKC": null, "WADMKK": "Blitar", "WIADKK": null, "WADMPR": "Jawa Timur", "WIADPR": null, "TIPADM": 2.0, "KDPKAB": "35.05", "SHAPE_Leng": 0.1369945635806, "SHAPE_Area": 0.000195045418939 }, "geometry": { "type": "MultiPolygon", "coordinates": [ [ [ [ 112.069840038000052, -8.081289903999959, 0.0 ], [ 112.069841477000068, -8.081277106999949, 0.0 ], [ 112.069888722000087, -8.080857069999979, 0.0 ], [ 112.069865812000103, -8.080856314999949, 0.0 ], [ 112.069255193000117, -8.080836179999949, 0.0 ], [ 112.069283400000018, -8.08054, 0.0 ], [ 112.069284547000052, -8.080527956999958, 0.0 ], [ 112.069902893000062, -8.080511306999938, 0.0 ], [ 112.07008939100001, -8.078771526999958, 0.0 ], [ 112.070123706000118, -8.078451403999964, 0.0 ], [ 112.06914628299999, -8.078450805999978, 0.0 ], [ 112.067793442000038, -8.078449977999981, 0.0 ], [ 112.067764423000085, -8.078885968999941, 0.0 ], [ 112.067757304000111, -8.078885050999929, 0.0 ], [ 112.06736459800004, -8.078834402999973, 0.0 ], [ 112.067385529000035, -8.078426981999939, 0.0 ], [ 112.067386311000064, -8.078411777999975, 0.0 ], [ 112.066159102000029, -8.078367846999981, 0.0 ], [ 112.0658238850001, -8.078355847999944, 0.0 ], [ 112.065823824000063, -8.078354241999932, 0.0 ], [ 112.06582130400011, -8.078288165999936, 0.0 ], [ 112.065805231000013, -8.077866724999978, 0.0 ], [ 112.065741225000011, -8.076988407999977, 0.0 ], [ 112.065625553000018, -8.07657582, 0.0 ], [ 112.065509397000028, -8.075978751999969, 0.0 ], [ 112.06658763300004, -8.075975756999981, 0.0 ], [ 112.06658437100009, -8.074732729999937, 0.0 ], [ 112.066575952000107, -8.074106722999943, 0.0 ], [ 112.066601217000084, -8.072724573999949, 0.0 ], [ 112.066627161000042, -8.071601563999934, 0.0 ], [ 112.066662727000107, -8.071392718999959, 0.0 ], [ 112.066720187000101, -8.071270197999979, 0.0 ], [ 112.066776816000015, -8.070830950999948, 0.0 ], [ 112.066844340000102, -8.069038385999932, 0.0 ], [ 112.066851173000032, -8.06886940499993, 0.0 ], [ 112.066854082000077, -8.06871801099993, 0.0 ], [ 112.066941674000077, -8.067467996999937, 0.0 ], [ 112.06694932500011, -8.067237613999964, 0.0 ], [ 112.066972755000052, -8.066532071999973, 0.0 ], [ 112.066969038000025, -8.066128989999982, 0.0 ], [ 112.066964946000098, -8.065685377999955, 0.0 ], [ 112.067001896000079, -8.06472131299995, 0.0 ], [ 112.067017259000067, -8.064320468999938, 0.0 ], [ 112.066963558000111, -8.06431706799998, 0.0 ], [ 112.066257, -8.064272314999926, 0.0 ], [ 112.066283832000067, -8.06381763, 0.0 ], [ 112.066353331000073, -8.062639908999927, 0.0 ], [ 112.068679847000112, -8.063179756999943, 0.0 ], [ 112.068808426000032, -8.063190561999932, 0.0 ], [ 112.069646077000016, -8.063411911999935, 0.0 ], [ 112.06997737800009, -8.063499458999956, 0.0 ], [ 112.070231189000083, -8.063561995999976, 0.0 ], [ 112.070335318000048, -8.063587651999967, 0.0 ], [ 112.0703066640001, -8.063755020999963, 0.0 ], [ 112.070192198000086, -8.064423599999941, 0.0 ], [ 112.070178297000098, -8.064917463999961, 0.0 ], [ 112.070166639000036, -8.065331655999955, 0.0 ], [ 112.070196122000084, -8.06626873099998, 0.0 ], [ 112.070197133000079, -8.066300840999929, 0.0 ], [ 112.070208071000025, -8.066783796999971, 0.0 ], [ 112.070244274000061, -8.068382166999982, 0.0 ], [ 112.07024772300008, -8.068534475999968, 0.0 ], [ 112.070316895000019, -8.069745443999977, 0.0 ], [ 112.070318033000035, -8.069765369999971, 0.0 ], [ 112.070347855000023, -8.070478314999946, 0.0 ], [ 112.070396806000076, -8.072088057999963, 0.0 ], [ 112.070414945000039, -8.072987780999938, 0.0 ], [ 112.070422522000058, -8.073363631999939, 0.0 ], [ 112.07042117200001, -8.074973505999935, 0.0 ], [ 112.070746041, -8.074961490999954, 0.0 ], [ 112.070907397000042, -8.074955522999971, 0.0 ], [ 112.073087241000053, -8.074955382999974, 0.0 ], [ 112.074881406000031, -8.074950673999979, 0.0 ], [ 112.07516678099999, -8.074949923999952, 0.0 ], [ 112.076811428000042, -8.074945598999932, 0.0 ], [ 112.077458071000024, -8.074943897999958, 0.0 ], [ 112.077615690000016, -8.074978370999929, 0.0 ], [ 112.077709737000077, -8.074998939999944, 0.0 ], [ 112.07772035399999, -8.074787233999928, 0.0 ], [ 112.077755610000054, -8.073327676999952, 0.0 ], [ 112.077814050000029, -8.07218000499995, 0.0 ], [ 112.077826532000017, -8.071629758999961, 0.0 ], [ 112.077839072000074, -8.071076986999969, 0.0 ], [ 112.078346365000016, -8.071122742999933, 0.0 ], [ 112.079639250000014, -8.071239356999968, 0.0 ], [ 112.081105566000019, -8.071336570999961, 0.0 ], [ 112.081245072000115, -8.071345819999976, 0.0 ], [ 112.08127068500005, -8.071347892999938, 0.0 ], [ 112.081802641000081, -8.071397185999956, 0.0 ], [ 112.082193697000093, -8.071433422999974, 0.0 ], [ 112.082485884000107, -8.071434456999953, 0.0 ], [ 112.082684837000102, -8.071440700999972, 0.0 ], [ 112.083804015000055, -8.071483573999956, 0.0 ], [ 112.083760845000029, -8.072063016999948, 0.0 ], [ 112.083788087000016, -8.072497440999939, 0.0 ], [ 112.083832833000088, -8.07530483599993, 0.0 ], [ 112.085338412000056, -8.075375117999954, 0.0 ], [ 112.086638961000062, -8.075412516999961, 0.0 ], [ 112.086649584000043, -8.075204524999947, 0.0 ], [ 112.087648370000011, -8.07526500299997, 0.0 ], [ 112.087624076000111, -8.075933521999957, 0.0 ], [ 112.088447534000011, -8.075920190999966, 0.0 ], [ 112.088430475000109, -8.076506991999963, 0.0 ], [ 112.08909380700004, -8.076531220999925, 0.0 ], [ 112.089102215000025, -8.076887707999958, 0.0 ], [ 112.08988264200002, -8.076892004999934, 0.0 ], [ 112.089778244000058, -8.077951102999975, 0.0 ], [ 112.089469923000024, -8.077941328999941, 0.0 ], [ 112.089398603000063, -8.079096364999941, 0.0 ], [ 112.088776588000087, -8.079055641999958, 0.0 ], [ 112.088787149000041, -8.079832986999975, 0.0 ], [ 112.088796452000111, -8.080517687999929, 0.0 ], [ 112.088818446, -8.080515635999973, 0.0 ], [ 112.088971818, -8.080501327999968, 0.0 ], [ 112.088988206000067, -8.080665505999946, 0.0 ], [ 112.088808732000075, -8.080675921999955, 0.0 ], [ 112.088796879000029, -8.080676609999955, 0.0 ], [ 112.088281339000105, -8.080699171999981, 0.0 ], [ 112.086979157000087, -8.080739717999961, 0.0 ], [ 112.086974691000023, -8.081057577999957, 0.0 ], [ 112.086602641000013, -8.081069161999949, 0.0 ], [ 112.086591258000112, -8.08078842599997, 0.0 ], [ 112.086524667000049, -8.079739704999952, 0.0 ], [ 112.085525480000115, -8.079784736999954, 0.0 ], [ 112.084972761000017, -8.079817989999981, 0.0 ], [ 112.08422358200005, -8.07993122299996, 0.0 ], [ 112.083766654000101, -8.080006598999944, 0.0 ], [ 112.083485162000102, -8.080092103999959, 0.0 ], [ 112.083107908000102, -8.080146077999927, 0.0 ], [ 112.082672056000092, -8.080152529999964, 0.0 ], [ 112.082167217, -8.08020154299993, 0.0 ], [ 112.081737005000036, -8.080329819999974, 0.0 ], [ 112.081078145000106, -8.080426916999954, 0.0 ], [ 112.080683710000017, -8.080464113999938, 0.0 ], [ 112.080153483000117, -8.080514118999929, 0.0 ], [ 112.07916521900006, -8.080670355999928, 0.0 ], [ 112.079221183000072, -8.079727257999934, 0.0 ], [ 112.07928796200008, -8.078852997999945, 0.0 ], [ 112.080473513000015, -8.078929329999937, 0.0 ], [ 112.080825395000033, -8.078951879999977, 0.0 ], [ 112.081664379000017, -8.079005644999938, 0.0 ], [ 112.082918973, -8.079060596999966, 0.0 ], [ 112.084258472000101, -8.079062345999944, 0.0 ], [ 112.084922645, -8.078965230999927, 0.0 ], [ 112.084955609000076, -8.077375902999961, 0.0 ], [ 112.084152970000105, -8.077372733999937, 0.0 ], [ 112.083871311000053, -8.077394669999933, 0.0 ], [ 112.083865359000015, -8.077156299999956, 0.0 ], [ 112.083982298000024, -8.077155989999937, 0.0 ], [ 112.083968983000091, -8.076286373999949, 0.0 ], [ 112.083968943000059, -8.076283749999959, 0.0 ], [ 112.08384718100001, -8.076279686999953, 0.0 ], [ 112.082717220000063, -8.076241977999928, 0.0 ], [ 112.081841482000073, -8.076220811999974, 0.0 ], [ 112.081035729000064, -8.076201337999976, 0.0 ], [ 112.081031933000077, -8.07622, 0.0 ], [ 112.081010352000021, -8.076326097999981, 0.0 ], [ 112.080924091000043, -8.076750181999955, 0.0 ], [ 112.080895631000089, -8.077388978999977, 0.0 ], [ 112.080126551000035, -8.077383494999935, 0.0 ], [ 112.079003101000012, -8.077378945999953, 0.0 ], [ 112.078120982000087, -8.077396299999975, 0.0 ], [ 112.078056174000039, -8.078546169999981, 0.0 ], [ 112.078214590000016, -8.078575810999951, 0.0 ], [ 112.078215229000079, -8.078816267999969, 0.0 ], [ 112.078056872000047, -8.078809171999978, 0.0 ], [ 112.077976964000072, -8.079951567999956, 0.0 ], [ 112.077971619000095, -8.08077816399998, 0.0 ], [ 112.07781332099999, -8.080793609999944, 0.0 ], [ 112.07772465700009, -8.081477651999933, 0.0 ], [ 112.077822715000025, -8.08149242199994, 0.0 ], [ 112.077805607000073, -8.081583243999944, 0.0 ], [ 112.077457192000111, -8.081592450999949, 0.0 ], [ 112.077084224000032, -8.081602308999948, 0.0 ], [ 112.076399888000083, -8.08158616299994, 0.0 ], [ 112.076009708000015, -8.081581208999978, 0.0 ], [ 112.075963536000017, -8.081585090999965, 0.0 ], [ 112.075739381000062, -8.081567805999953, 0.0 ], [ 112.07573534900007, -8.081894434999981, 0.0 ], [ 112.075593999000034, -8.082971148999945, 0.0 ], [ 112.075590429000044, -8.083282912999948, 0.0 ], [ 112.075279315000103, -8.083306652999966, 0.0 ], [ 112.074967011000012, -8.083333421999953, 0.0 ], [ 112.074261942000021, -8.083423514999936, 0.0 ], [ 112.073130982000066, -8.083516674999942, 0.0 ], [ 112.072693743000059, -8.08357794799997, 0.0 ], [ 112.071834112000033, -8.083610265999937, 0.0 ], [ 112.071298834000117, -8.083671795999976, 0.0 ], [ 112.07025830900011, -8.083742162999954, 0.0 ], [ 112.06991417200004, -8.083747517999939, 0.0 ], [ 112.06967764400008, -8.083751197999959, 0.0 ], [ 112.069668579000108, -8.083172506999972, 0.0 ], [ 112.069840038000052, -8.081289903999959, 0.0 ] ] ], [ [ [ 112.057993973000066, -8.070201665999946, 0.0 ], [ 112.058023762000062, -8.070202170999949, 0.0 ], [ 112.058214250000105, -8.07019263899997, 0.0 ], [ 112.058370989000082, -8.070216888999937, 0.0 ], [ 112.058559125000102, -8.070245995999926, 0.0 ], [ 112.058594849000087, -8.070270071999971, 0.0 ], [ 112.058786324000039, -8.070399115999976, 0.0 ], [ 112.058977047000099, -8.070479994999971, 0.0 ], [ 112.059068249, -8.070477334999964, 0.0 ], [ 112.059657397000024, -8.070460151999953, 0.0 ], [ 112.060292599000036, -8.070521797999959, 0.0 ], [ 112.060456083000076, -8.070593706999944, 0.0 ], [ 112.060556158000054, -8.070701945999929, 0.0 ], [ 112.060619968000083, -8.070819319999941, 0.0 ], [ 112.06062974699999, -8.071090539999943, 0.0 ], [ 112.06055088200003, -8.072157642999969, 0.0 ], [ 112.060251435000055, -8.072131293999973, 0.0 ], [ 112.06026891899999, -8.07187808599997, 0.0 ], [ 112.060250657000097, -8.071832925999956, 0.0 ], [ 112.059824109000033, -8.071770739999977, 0.0 ], [ 112.059189022000055, -8.071754300999942, 0.0 ], [ 112.058962270000052, -8.071772968999937, 0.0 ], [ 112.058907909000027, -8.071800234999955, 0.0 ], [ 112.058899072000031, -8.071890672999928, 0.0 ], [ 112.058845605000101, -8.072261513999933, 0.0 ], [ 112.059063332000051, -8.072260950999976, 0.0 ], [ 112.05906333599999, -8.072262259999945, 0.0 ], [ 112.059063993000109, -8.072514110999975, 0.0 ], [ 112.058855360000052, -8.072523692999937, 0.0 ], [ 112.05887567100001, -8.073355459999959, 0.0 ], [ 112.058894240000086, -8.073518158999946, 0.0 ], [ 112.058822063000093, -8.07367205099996, 0.0 ], [ 112.058622595000088, -8.073717774999977, 0.0 ], [ 112.058522874, -8.073745156999962, 0.0 ], [ 112.058278141000073, -8.073827164999955, 0.0 ], [ 112.05804215, -8.073782566999967, 0.0 ], [ 112.057243528000072, -8.073676131999946, 0.0 ], [ 112.056826191000027, -8.073668167999926, 0.0 ], [ 112.056454096000039, -8.073614880999969, 0.0 ], [ 112.05607559300006, -8.073656824999944, 0.0 ], [ 112.056069845000025, -8.073342302999947, 0.0 ], [ 112.056116059000033, -8.072702557999946, 0.0 ], [ 112.056213033000063, -8.071617324999977, 0.0 ], [ 112.056382887000041, -8.070649443999969, 0.0 ], [ 112.056454453000015, -8.070260473999952, 0.0 ], [ 112.056508604000101, -8.07015183599998, 0.0 ], [ 112.056547284000089, -8.070105330999979, 0.0 ], [ 112.056553822000069, -8.070097469999951, 0.0 ], [ 112.056771502000061, -8.070078824999939, 0.0 ], [ 112.057116355000062, -8.070123141999943, 0.0 ], [ 112.057275137000033, -8.070148557999971, 0.0 ], [ 112.057561068000041, -8.070194325999978, 0.0 ], [ 112.057993973000066, -8.070201665999946, 0.0 ] ] ] ] } },
{ "type": "Feature", "properties": { "OBJECTID": 116123.0, "KDPPUM": "35", "NAMOBJ": "Selokajang", "REMARK": null, "KDPBPS": null, "FCODE": "BA03070040", "LUASWH": 5.27470718, "UUPP": "Hasil Delineasi Batas Desa 2019", "SRS_ID": "SRGI 2013", "METADATA": "TASWIL1000020200326DATA_BATAS_DESA_KELURAHAN", "KDEBPS": null, "KDEPUM": "35.05.03.2015", "KDCBPS": null, "KDCPUM": "35.05.03", "KDBBPS": null, "WADMKD": "Selokajang", "WIADKD": null, "WADMKC": "Srengat", "WIADKC": null, "WADMKK": "Blitar", "WIADKK": null, "WADMPR": "Jawa Timur", "WIADPR": null, "TIPADM": 1.0, "KDPKAB": "35.05", "SHAPE_Leng": 0.117788178749041, "SHAPE_Area": 0.00043292199247400002 }, "geometry": { "type": "MultiPolygon", "coordinates": [ [ [ [ 112.077128051000045, -8.116785077999964, 0.0 ], [ 112.07730145399999, -8.114432583999928, 0.0 ], [ 112.077330008000104, -8.113490317999947, 0.0 ], [ 112.077782382, -8.11136485399993, 0.0 ], [ 112.077856166000061, -8.110703175999959, 0.0 ], [ 112.07785259700006, -8.10833323199995, 0.0 ], [ 112.077947776000087, -8.106857966999939, 0.0 ], [ 112.076995991000103, -8.106733044999942, 0.0 ], [ 112.075702076000084, -8.106586084999947, 0.0 ], [ 112.07578107400002, -8.10566761299998, 0.0 ], [ 112.075999984000077, -8.105681889999971, 0.0 ], [ 112.076023779000025, -8.105496291999941, 0.0 ], [ 112.075138017000086, -8.105452800999956, 0.0 ], [ 112.075145282000108, -8.105079886999931, 0.0 ], [ 112.075238081000066, -8.104180449999944, 0.0 ], [ 112.075480786000071, -8.103323843999931, 0.0 ], [ 112.075830567000025, -8.102195979999976, 0.0 ], [ 112.075523616000055, -8.102081765999969, 0.0 ], [ 112.075516478000054, -8.101860475999956, 0.0 ], [ 112.075574740000093, -8.101748906999944, 0.0 ], [ 112.075752520000037, -8.101475002999962, 0.0 ], [ 112.075914324000109, -8.101379824999981, 0.0 ], [ 112.076190341000029, -8.101484520999975, 0.0 ], [ 112.077227786000094, -8.101598734999925, 0.0 ], [ 112.077384488, -8.101017826999964, 0.0 ], [ 112.077527255000064, -8.100387269999942, 0.0 ], [ 112.078461194000056, -8.100470550999944, 0.0 ], [ 112.078413605000037, -8.101065416999973, 0.0 ], [ 112.080043535000073, -8.101029724999933, 0.0 ], [ 112.08085850100008, -8.101065416999973, 0.0 ], [ 112.082042283000078, -8.101350951999962, 0.0 ], [ 112.083136835, -8.101422335999928, 0.0 ], [ 112.084005338000111, -8.10129741399993, 0.0 ], [ 112.084503040000072, -8.101301054999965, 0.0 ], [ 112.08492, -8.101059998999972, 0.0 ], [ 112.0857, -8.10049, 0.0 ], [ 112.0864, -8.10002, 0.0 ], [ 112.086950000000115, -8.09961, 0.0 ], [ 112.087759999000014, -8.09898, 0.0 ], [ 112.088499999000078, -8.09829, 0.0 ], [ 112.08901, -8.09768, 0.0 ], [ 112.08942, -8.09712, 0.0 ], [ 112.08964, -8.09567, 0.0 ], [ 112.08968, -8.09542, 0.0 ], [ 112.08972, -8.09481, 0.0 ], [ 112.088599999000053, -8.09444, 0.0 ], [ 112.08827, -8.09435, 0.0 ], [ 112.08805, -8.0943, 0.0 ], [ 112.08787, -8.09424, 0.0 ], [ 112.087850000000117, -8.09391, 0.0 ], [ 112.08784, -8.093749998999954, 0.0 ], [ 112.08783, -8.09364, 0.0 ], [ 112.08779, -8.093, 0.0 ], [ 112.08765, -8.091739998999969, 0.0 ], [ 112.08771, -8.09169, 0.0 ], [ 112.08802, -8.09161, 0.0 ], [ 112.08849, -8.09151, 0.0 ], [ 112.08878, -8.09145, 0.0 ], [ 112.088889999000116, -8.091429998999956, 0.0 ], [ 112.08929, -8.09136, 0.0 ], [ 112.089790000000107, -8.091309998999975, 0.0 ], [ 112.09009, -8.091309998999975, 0.0 ], [ 112.090600000000109, -8.091349998999931, 0.0 ], [ 112.09058, -8.0912, 0.0 ], [ 112.09056, -8.09089999899993, 0.0 ], [ 112.09054, -8.09073, 0.0 ], [ 112.09054, -8.090649998999936, 0.0 ], [ 112.090859999000031, -8.09068, 0.0 ], [ 112.09184, -8.09078, 0.0 ], [ 112.092379999000059, -8.09087, 0.0 ], [ 112.09261, -8.09089, 0.0 ], [ 112.09313, -8.09101, 0.0 ], [ 112.09427, -8.09118, 0.0 ], [ 112.09442, -8.09119, 0.0 ], [ 112.09462, -8.09122, 0.0 ], [ 112.094830000000115, -8.09125, 0.0 ], [ 112.09495, -8.09128, 0.0 ], [ 112.09541, -8.09138, 0.0 ], [ 112.0961, -8.09154, 0.0 ], [ 112.09624, -8.09157, 0.0 ], [ 112.09651, -8.09161, 0.0 ], [ 112.09672, -8.09166, 0.0 ], [ 112.096789999000066, -8.09165, 0.0 ], [ 112.09727, -8.091779998999925, 0.0 ], [ 112.0977, -8.09187, 0.0 ], [ 112.09783, -8.09191, 0.0 ], [ 112.09818, -8.092, 0.0 ], [ 112.09832, -8.09203, 0.0 ], [ 112.09889, -8.09216, 0.0 ], [ 112.099069999000108, -8.092209998999977, 0.0 ], [ 112.100010000000111, -8.09243, 0.0 ], [ 112.10014, -8.09244, 0.0 ], [ 112.10012, -8.092599998999958, 0.0 ], [ 112.100010000000111, -8.0932, 0.0 ], [ 112.099929999000096, -8.094119998999929, 0.0 ], [ 112.09996, -8.09516, 0.0 ], [ 112.10003, -8.09551, 0.0 ], [ 112.10008, -8.09565, 0.0 ], [ 112.100319999000021, -8.0963, 0.0 ], [ 112.10035, -8.096359998999958, 0.0 ], [ 112.10036, -8.09643, 0.0 ], [ 112.10035, -8.09651, 0.0 ], [ 112.10036, -8.09692, 0.0 ], [ 112.100299999000072, -8.09721, 0.0 ], [ 112.1002, -8.097629998999935, 0.0 ], [ 112.09998, -8.09836, 0.0 ], [ 112.09969, -8.09904, 0.0 ], [ 112.09951, -8.09928, 0.0 ], [ 112.09924, -8.09955999899995, 0.0 ], [ 112.0988, -8.099909998999976, 0.0 ], [ 112.09836, -8.10033, 0.0 ], [ 112.098300000000108, -8.100379998999927, 0.0 ], [ 112.098249999000018, -8.100419998999939, 0.0 ], [ 112.09806, -8.10065, 0.0 ], [ 112.097850000000108, -8.10087, 0.0 ], [ 112.09817, -8.101509998999973, 0.0 ], [ 112.099169999000082, -8.10172, 0.0 ], [ 112.09916, -8.10197, 0.0 ], [ 112.0991, -8.102369998999961, 0.0 ], [ 112.09908, -8.10249, 0.0 ], [ 112.09897, -8.103129998999975, 0.0 ], [ 112.09934, -8.103169998999931, 0.0 ], [ 112.09934, -8.10401, 0.0 ], [ 112.0996, -8.10404, 0.0 ], [ 112.09976, -8.10406, 0.0 ], [ 112.09975, -8.10455, 0.0 ], [ 112.09977, -8.104649998999946, 0.0 ], [ 112.10011, -8.104689998999959, 0.0 ], [ 112.10018, -8.104689998999959, 0.0 ], [ 112.10113, -8.10475, 0.0 ], [ 112.10245, -8.10518, 0.0 ], [ 112.10322, -8.10571, 0.0 ], [ 112.10288, -8.10622, 0.0 ], [ 112.103353293000055, -8.106434780999962, 0.0 ], [ 112.103924363000033, -8.106534717999978, 0.0 ], [ 112.104481157, -8.106506164999928, 0.0 ], [ 112.105066504000092, -8.10637767399993, 0.0 ], [ 112.105352040000071, -8.106320566999955, 0.0 ], [ 112.105766066000115, -8.106406226999979, 0.0 ], [ 112.10475241600011, -8.109818373999929, 0.0 ], [ 112.10292499000002, -8.109589945999971, 0.0 ], [ 112.10262517700005, -8.110689256999933, 0.0 ], [ 112.101111840000044, -8.110389444999953, 0.0 ], [ 112.10088341200003, -8.111188943999935, 0.0 ], [ 112.099841208000043, -8.111674353999945, 0.0 ], [ 112.098814851000043, -8.112982017999968, 0.0 ], [ 112.098585687000082, -8.112846822999927, 0.0 ], [ 112.098423412000102, -8.112723677999952, 0.0 ], [ 112.098423376000028, -8.112723650999953, 0.0 ], [ 112.097393070000066, -8.111941791999925, 0.0 ], [ 112.097392993000085, -8.111941731999934, 0.0 ], [ 112.096709768000096, -8.111415522999948, 0.0 ], [ 112.096484783000051, -8.111242241999946, 0.0 ], [ 112.095782733000078, -8.110909127999946, 0.0 ], [ 112.094855455000015, -8.110712135999961, 0.0 ], [ 112.094846202000099, -8.110710169999948, 0.0 ], [ 112.094683296000085, -8.110675562999972, 0.0 ], [ 112.094618729000103, -8.110661845999971, 0.0 ], [ 112.094581448000099, -8.11065392699993, 0.0 ], [ 112.094493697000075, -8.110652218999974, 0.0 ], [ 112.094444475000046, -8.11065126099993, 0.0 ], [ 112.093841516000111, -8.110639527999979, 0.0 ], [ 112.093284738000079, -8.110628693999956, 0.0 ], [ 112.092363049000028, -8.110765166999954, 0.0 ], [ 112.091134396000029, -8.111046031999933, 0.0 ], [ 112.09026145100006, -8.111450371999979, 0.0 ], [ 112.089228279000054, -8.112098015999948, 0.0 ], [ 112.088150492000068, -8.112416823999979, 0.0 ], [ 112.088130744000068, -8.112425530999928, 0.0 ], [ 112.088030847000027, -8.112469578999935, 0.0 ], [ 112.087144867, -8.11286023699995, 0.0 ], [ 112.086919437, -8.112959635999971, 0.0 ], [ 112.086164057000019, -8.11333254699997, 0.0 ], [ 112.085516746000053, -8.113711150999961, 0.0 ], [ 112.085403364000058, -8.113962705999938, 0.0 ], [ 112.085290286000031, -8.114327920999926, 0.0 ], [ 112.085214596000014, -8.114653855999961, 0.0 ], [ 112.085135989000037, -8.114992355999959, 0.0 ], [ 112.08493902400005, -8.115327040999944, 0.0 ], [ 112.084568286000035, -8.115957002999949, 0.0 ], [ 112.084316605000026, -8.116377073999956, 0.0 ], [ 112.084051339000098, -8.116819819999932, 0.0 ], [ 112.083948073000101, -8.116897988999938, 0.0 ], [ 112.083250346000113, -8.117426149999972, 0.0 ], [ 112.082637889000011, -8.118270072999962, 0.0 ], [ 112.081956991000084, -8.118664315999979, 0.0 ], [ 112.081110777000049, -8.11892560299998, 0.0 ], [ 112.08098768800005, -8.118963608999934, 0.0 ], [ 112.0807605010001, -8.118978753999954, 0.0 ], [ 112.080711459000099, -8.118982022999944, 0.0 ], [ 112.079940930000021, -8.119033387999934, 0.0 ], [ 112.079483525000114, -8.118982022999944, 0.0 ], [ 112.078941710000095, -8.118921178999926, 0.0 ], [ 112.07886449800003, -8.118903906999947, 0.0 ], [ 112.077250222000089, -8.118542796999975, 0.0 ], [ 112.076857963000066, -8.118449192999947, 0.0 ], [ 112.076928176000024, -8.118041432999973, 0.0 ], [ 112.077128051000045, -8.116785077999964, 0.0 ] ] ] ] } },
{ "type": "Feature", "properties": { "OBJECTID": 116383.0, "KDPPUM": "35", "NAMOBJ": "Kelurahan Togogan", "REMARK": null, "KDPBPS": null, "FCODE": "BA03070040", "LUASWH": null, "UUPP": "Ajudikasi 2015", "SRS_ID": "SRGI 2013", "METADATA": "TASWIL1000020200326DATA_BATAS_DESA_KELURAHAN", "KDEBPS": null, "KDEPUM": "35.05.03.2003", "KDCBPS": null, "KDCPUM": "35.05.03", "KDBBPS": null, "WADMKD": "Kelurahan Togogan", "WIADKD": null, "WADMKC": "Srengat", "WIADKC": null, "WADMKK": "Blitar", "WIADKK": null, "WADMPR": "Jawa Timur", "WIADPR": null, "TIPADM": 1.0, "KDPKAB": "35.05", "SHAPE_Leng": 0.039163532034434997, "SHAPE_Area": 6.1899614746999994e-05 }, "geometry": { "type": "MultiPolygon", "coordinates": [ [ [ [ 112.059227840000062, -8.069209137999962, 0.0 ], [ 112.05920728000001, -8.069397614999957, 0.0 ], [ 112.05907099, -8.070456046999936, 0.0 ], [ 112.05888819300003, -8.070337766999955, 0.0 ], [ 112.058594849000087, -8.070270071999971, 0.0 ], [ 112.058559125000102, -8.070245995999926, 0.0 ], [ 112.058370989000082, -8.070216888999937, 0.0 ], [ 112.058329020000087, -8.070206895999945, 0.0 ], [ 112.058138663000022, -8.070171204999951, 0.0 ], [ 112.057993973000066, -8.070201665999946, 0.0 ], [ 112.057561068000041, -8.070194325999978, 0.0 ], [ 112.057275137000033, -8.070148557999971, 0.0 ], [ 112.056996522000077, -8.070064128999945, 0.0 ], [ 112.056496835000075, -8.070040333999941, 0.0 ], [ 112.056211300000086, -8.070968323999978, 0.0 ], [ 112.054557574000114, -8.070730377999951, 0.0 ], [ 112.054283936000047, -8.07077796699997, 0.0 ], [ 112.053974606000111, -8.070849350999936, 0.0 ], [ 112.05377235200001, -8.070885042999976, 0.0 ], [ 112.053439228000116, -8.07101591299994, 0.0 ], [ 112.053070411000022, -8.071206269999948, 0.0 ], [ 112.052820568000016, -8.071170577999965, 0.0 ], [ 112.052761081000085, -8.071075399999927, 0.0 ], [ 112.052749184000049, -8.071004015999961, 0.0 ], [ 112.052725389000102, -8.070682788999932, 0.0 ], [ 112.052025828000069, -8.070618542999966, 0.0 ], [ 112.051982998000085, -8.070818417999931, 0.0 ], [ 112.050855133000027, -8.070518605999951, 0.0 ], [ 112.049470287000076, -8.070190239999931, 0.0 ], [ 112.049013430000059, -8.07003319599994, 0.0 ], [ 112.048770725000054, -8.07003319599994, 0.0 ], [ 112.048042610000039, -8.07003319599994, 0.0 ], [ 112.047285941000041, -8.069833320999976, 0.0 ], [ 112.046529273000033, -8.069633445999955, 0.0 ], [ 112.04560128300011, -8.069347910999966, 0.0 ], [ 112.046043863000023, -8.068048724999926, 0.0 ], [ 112.046426921000034, -8.066794933999972, 0.0 ], [ 112.046701316000053, -8.06589681, 0.0 ], [ 112.046860472000049, -8.065069388999973, 0.0 ], [ 112.04681525500007, -8.065054288999931, 0.0 ], [ 112.046835272000067, -8.065012056999933, 0.0 ], [ 112.046628657000042, -8.064991974999941, 0.0 ], [ 112.046705591000091, -8.064502852999965, 0.0 ], [ 112.046860256000059, -8.064514749999944, 0.0 ], [ 112.046995510000102, -8.063888725999959, 0.0 ], [ 112.047130304, -8.063696064999931, 0.0 ], [ 112.047181483000031, -8.063557016999937, 0.0 ], [ 112.047086305000107, -8.063545119999958, 0.0 ], [ 112.046468694000055, -8.063488133999954, 0.0 ], [ 112.046342721000087, -8.063448542999936, 0.0 ], [ 112.045764514000098, -8.063191769999946, 0.0 ], [ 112.044504775000064, -8.062850542999968, 0.0 ], [ 112.044612855000082, -8.062125770999955, 0.0 ], [ 112.044698516000039, -8.061768851999943, 0.0 ], [ 112.044969774000037, -8.061461900999973, 0.0 ], [ 112.04529100100001, -8.061119258999952, 0.0 ], [ 112.04566219700007, -8.060819446999972, 0.0 ], [ 112.046604464000097, -8.059841487999961, 0.0 ], [ 112.047175534000075, -8.059341801999949, 0.0 ], [ 112.047503900000038, -8.059120511999936, 0.0 ], [ 112.047789435000027, -8.058956328999955, 0.0 ], [ 112.048103524000112, -8.058727900999941, 0.0 ], [ 112.048431890000074, -8.058635101999926, 0.0 ], [ 112.048600042000089, -8.057852906999926, 0.0 ], [ 112.049088681000057, -8.057979113999977, 0.0 ], [ 112.049105277000081, -8.057421576999957, 0.0 ], [ 112.050241171000039, -8.056684549999943, 0.0 ], [ 112.050768034000043, -8.056312514999945, 0.0 ], [ 112.051202126000021, -8.055986971999971, 0.0 ], [ 112.051737505, -8.055737127999976, 0.0 ], [ 112.052094424000074, -8.05548728499997, 0.0 ], [ 112.052391856000099, -8.055142262999937, 0.0 ], [ 112.052594111000076, -8.054725856999937, 0.0 ], [ 112.052784467000038, -8.054226170999925, 0.0 ], [ 112.05299861900005, -8.053571818999956, 0.0 ], [ 112.053165181000054, -8.052608136999936, 0.0 ], [ 112.053486408000026, -8.052108449999935, 0.0 ], [ 112.054283528000042, -8.050835438999968, 0.0 ], [ 112.05452, -8.05051, 0.0 ], [ 112.05461665200005, -8.050085908999961, 0.0 ], [ 112.055175826000095, -8.04865823199998, 0.0 ], [ 112.055164285000046, -8.048348066999949, 0.0 ], [ 112.055613103000042, -8.046876796999925, 0.0 ], [ 112.055335700000114, -8.046842567999931, 0.0 ], [ 112.055410849000054, -8.046336658999962, 0.0 ], [ 112.055696384000044, -8.046355694999932, 0.0 ], [ 112.055820116000064, -8.045727516999932, 0.0 ], [ 112.055420367000011, -8.04567992799997, 0.0 ], [ 112.055486992000056, -8.043890572999942, 0.0 ], [ 112.05516392800007, -8.043863617999932, 0.0 ], [ 112.05407, -8.04381, 0.0 ], [ 112.05342, -8.04376, 0.0 ], [ 112.053279999000097, -8.04376, 0.0 ], [ 112.05343881899999, -8.041377080999951, 0.0 ], [ 112.053444768000077, -8.04114, 0.0 ], [ 112.05353, -8.04114, 0.0 ], [ 112.053543505000107, -8.041143553999973, 0.0 ], [ 112.053720000000112, -8.041189998999926, 0.0 ], [ 112.05405999900006, -8.0413, 0.0 ], [ 112.054139999000085, -8.04132, 0.0 ], [ 112.05466, -8.04143, 0.0 ], [ 112.05559, -8.041639998999926, 0.0 ], [ 112.056069999000101, -8.04176, 0.0 ], [ 112.056150000000116, -8.04179, 0.0 ], [ 112.0568, -8.04194, 0.0 ], [ 112.05727, -8.042069998999978, 0.0 ], [ 112.05733, -8.04208, 0.0 ], [ 112.05781, -8.04219, 0.0 ], [ 112.05869, -8.04239, 0.0 ], [ 112.05888, -8.04243, 0.0 ], [ 112.05901, -8.04245, 0.0 ], [ 112.05966, -8.04259, 0.0 ], [ 112.05983, -8.04264, 0.0 ], [ 112.06027, -8.042749998999966, 0.0 ], [ 112.06048, -8.0428, 0.0 ], [ 112.06078, -8.042789998999979, 0.0 ], [ 112.06078999899999, -8.04306, 0.0 ], [ 112.06086, -8.04377, 0.0 ], [ 112.060916662000068, -8.044268627999941, 0.0 ], [ 112.06096, -8.04465, 0.0 ], [ 112.060978755000065, -8.045259528999964, 0.0 ], [ 112.060982299000102, -8.045316089999972, 0.0 ], [ 112.06102, -8.045579998999926, 0.0 ], [ 112.061010149000026, -8.045760540999936, 0.0 ], [ 112.060434201000021, -8.049692615999959, 0.0 ], [ 112.060421981000104, -8.049776034999979, 0.0 ], [ 112.060387254000034, -8.050013124999964, 0.0 ], [ 112.060357511, -8.050173737999955, 0.0 ], [ 112.060018437000053, -8.050173737999955, 0.0 ], [ 112.059506853000016, -8.050143994999928, 0.0 ], [ 112.0592737180001, -8.050294817999941, 0.0 ], [ 112.059253266000042, -8.050673304999975, 0.0 ], [ 112.059232232000113, -8.051062574999946, 0.0 ], [ 112.059220385000117, -8.051281818999939, 0.0 ], [ 112.059171469000034, -8.051723037999977, 0.0 ], [ 112.059122895000087, -8.052161167999941, 0.0 ], [ 112.059000143000048, -8.052897432999941, 0.0 ], [ 112.058963436000113, -8.053533118999951, 0.0 ], [ 112.058925723000016, -8.053781717999925, 0.0 ], [ 112.058979038000075, -8.054001408999966, 0.0 ], [ 112.059133726000027, -8.054483676999951, 0.0 ], [ 112.059200601000043, -8.054816336999977, 0.0 ], [ 112.059216304000074, -8.05489444799997, 0.0 ], [ 112.059226380000041, -8.055089907999957, 0.0 ], [ 112.059246601000041, -8.055482171999927, 0.0 ], [ 112.059185666000076, -8.056218351999973, 0.0 ], [ 112.059153625000022, -8.05660544899996, 0.0 ], [ 112.059719573000052, -8.056666112999949, 0.0 ], [ 112.059691860000044, -8.057072388999927, 0.0 ], [ 112.059642358000019, -8.057683587999975, 0.0 ], [ 112.05963611300001, -8.057760691999931, 0.0 ], [ 112.059605366000028, -8.058093861999964, 0.0 ], [ 112.059591403000013, -8.05824516399997, 0.0 ], [ 112.059570826000026, -8.058468135999931, 0.0 ], [ 112.059866526000064, -8.058492991999969, 0.0 ], [ 112.060673885000028, -8.058560860999933, 0.0 ], [ 112.060447180000097, -8.059885196999971, 0.0 ], [ 112.060437850000085, -8.059941183999968, 0.0 ], [ 112.060319710000044, -8.060650146999933, 0.0 ], [ 112.060258397000098, -8.061042173999965, 0.0 ], [ 112.060128850000069, -8.061009056999978, 0.0 ], [ 112.060119752000105, -8.06107291, 0.0 ], [ 112.060020546000032, -8.061769178999953, 0.0 ], [ 112.060059651000074, -8.062055809999947, 0.0 ], [ 112.060072179000031, -8.062212801999976, 0.0 ], [ 112.060098290000042, -8.06254000399997, 0.0 ], [ 112.060134001000051, -8.062987499999963, 0.0 ], [ 112.0601013160001, -8.06354070499998, 0.0 ], [ 112.060043089000033, -8.063768836999941, 0.0 ], [ 112.059951862000048, -8.063873294999951, 0.0 ], [ 112.059867255000086, -8.064010301999929, 0.0 ], [ 112.059828958000026, -8.064362145999951, 0.0 ], [ 112.059827357000017, -8.064607817999956, 0.0 ], [ 112.059824288000073, -8.065078673999949, 0.0 ], [ 112.059748523000053, -8.066101534999973, 0.0 ], [ 112.059573859000011, -8.066792447999944, 0.0 ], [ 112.059446199000035, -8.067965258999948, 0.0 ], [ 112.059369297000103, -8.068551698999954, 0.0 ], [ 112.059227840000062, -8.069209137999962, 0.0 ] ] ] ] } }
]
}
