{
"type": "FeatureCollection",
"name": "Sutojayan",
"crs": { "type": "name", "properties": { "name": "urn:ogc:def:crs:OGC:1.3:CRS84" } },
"features": [
{ "type": "Feature", "properties": { "OBJECTID": 113816.0, "KDPPUM": "35", "NAMOBJ": "Kelurahan Kalipang", "REMARK": null, "KDPBPS": null, "FCODE": "BA03070040", "LUASWH": null, "UUPP": "Ajudikasi 2015", "SRS_ID": "SRGI 2013", "METADATA": "TASWIL1000020200326DATA_BATAS_DESA_KELURAHAN", "KDEBPS": null, "KDEPUM": "35.05.12.1004", "KDCBPS": null, "KDCPUM": "35.05.12", "KDBBPS": null, "WADMKD": "Kelurahan Kalipang", "WIADKD": null, "WADMKC": "Sutojayan", "WIADKC": null, "WADMKK": "Blitar", "WIADKK": null, "WADMPR": "Jawa Timur", "WIADPR": null, "TIPADM": 2.0, "KDPKAB": "35.05", "SHAPE_Leng": 0.070181144702728002, "SHAPE_Area": 0.000207936806964 }, "geometry": { "type": "MultiPolygon", "coordinates": [ [ [ [ 112.227546122000035, -8.17079447499998, 0.0 ], [ 112.227497395000114, -8.171098575999963, 0.0 ], [ 112.227314042000103, -8.172110561999943, 0.0 ], [ 112.228133791, -8.172343103999935, 0.0 ], [ 112.228573911000012, -8.172707368999966, 0.0 ], [ 112.228300828000101, -8.17419887899996, 0.0 ], [ 112.228297946000112, -8.174510660999943, 0.0 ], [ 112.227280015000019, -8.174994215999959, 0.0 ], [ 112.226882371000102, -8.174830469999961, 0.0 ], [ 112.226520720000053, -8.174890176999952, 0.0 ], [ 112.226202611000076, -8.174782282999956, 0.0 ], [ 112.225666734000015, -8.174845500999936, 0.0 ], [ 112.225042013, -8.174556095999947, 0.0 ], [ 112.223636917000022, -8.174213582999926, 0.0 ], [ 112.223593455000014, -8.174215262999951, 0.0 ], [ 112.222769288000109, -8.174247130999959, 0.0 ], [ 112.222468474000038, -8.174039869999945, 0.0 ], [ 112.222153835000086, -8.17398174799996, 0.0 ], [ 112.221860545000027, -8.173922069999946, 0.0 ], [ 112.221486321000043, -8.174054801999944, 0.0 ], [ 112.21927120700002, -8.173689139999965, 0.0 ], [ 112.218444644000101, -8.173585424999942, 0.0 ], [ 112.217473347, -8.173286902999962, 0.0 ], [ 112.216131485, -8.172694228999944, 0.0 ], [ 112.215419422000082, -8.172204330999932, 0.0 ], [ 112.215305612000066, -8.171893613999941, 0.0 ], [ 112.215091658, -8.171900067999957, 0.0 ], [ 112.214598131000116, -8.171523136999951, 0.0 ], [ 112.214367317000097, -8.171322166999971, 0.0 ], [ 112.214436221000028, -8.171077897999965, 0.0 ], [ 112.214240509000092, -8.170909774999927, 0.0 ], [ 112.213982527000098, -8.170984539999949, 0.0 ], [ 112.21385250000003, -8.171022222999966, 0.0 ], [ 112.213517353000043, -8.170988749999935, 0.0 ], [ 112.212572689000012, -8.170518011999945, 0.0 ], [ 112.212659305000102, -8.169968485999959, 0.0 ], [ 112.212756688000013, -8.16935065499996, 0.0 ], [ 112.212275062000117, -8.168811769999934, 0.0 ], [ 112.211884713000018, -8.168375012999945, 0.0 ], [ 112.211825958000077, -8.168136269999934, 0.0 ], [ 112.211772824000036, -8.16792036399994, 0.0 ], [ 112.211555494000095, -8.167505028999926, 0.0 ], [ 112.211021646000063, -8.16726256499993, 0.0 ], [ 112.210794889000113, -8.166923469999972, 0.0 ], [ 112.210587373000067, -8.166593887999966, 0.0 ], [ 112.210635087000014, -8.166424796999934, 0.0 ], [ 112.21070644200006, -8.166171925999947, 0.0 ], [ 112.210734689000105, -8.166071822999982, 0.0 ], [ 112.210914724000077, -8.165743460999977, 0.0 ], [ 112.210584296000093, -8.16474158799997, 0.0 ], [ 112.209663464000073, -8.162766374999933, 0.0 ], [ 112.209590800000115, -8.162610506999954, 0.0 ], [ 112.209623156000021, -8.162343132999979, 0.0 ], [ 112.209754954, -8.161254002999954, 0.0 ], [ 112.210849503000077, -8.161271159999956, 0.0 ], [ 112.2112888260001, -8.161274358999947, 0.0 ], [ 112.213358602000085, -8.161281699999961, 0.0 ], [ 112.215410205000012, -8.161271036999949, 0.0 ], [ 112.215713672000106, -8.161279150999974, 0.0 ], [ 112.21570938800005, -8.161360393999928, 0.0 ], [ 112.215763736000099, -8.161360229999957, 0.0 ], [ 112.216730110000071, -8.161398620999933, 0.0 ], [ 112.217770322000092, -8.161439943999937, 0.0 ], [ 112.217802135000056, -8.160296613999947, 0.0 ], [ 112.217932171000029, -8.157943581999973, 0.0 ], [ 112.218022169000051, -8.15679367499996, 0.0 ], [ 112.218031653000025, -8.15667250599995, 0.0 ], [ 112.220023605000051, -8.156356624999944, 0.0 ], [ 112.221851264000065, -8.155976324999926, 0.0 ], [ 112.223490970000057, -8.155635356999937, 0.0 ], [ 112.224644501000057, -8.15546844499994, 0.0 ], [ 112.224801053000078, -8.155445791999966, 0.0 ], [ 112.224845798000047, -8.155439317999935, 0.0 ], [ 112.224869217000105, -8.156316691999962, 0.0 ], [ 112.224884361000022, -8.156884053999931, 0.0 ], [ 112.224930052000104, -8.158595845999969, 0.0 ], [ 112.22496822700009, -8.159392099999934, 0.0 ], [ 112.225006853000082, -8.160720443999935, 0.0 ], [ 112.224942804000079, -8.161767709999936, 0.0 ], [ 112.224808239000026, -8.16314896199998, 0.0 ], [ 112.224563891000116, -8.165402022999956, 0.0 ], [ 112.224347081000019, -8.167271077999942, 0.0 ], [ 112.224343481, -8.167308679999962, 0.0 ], [ 112.224116084000116, -8.169683870999961, 0.0 ], [ 112.227546122000035, -8.17079447499998, 0.0 ] ] ] ] } },
{ "type": "Feature", "properties": { "OBJECTID": 113833.0, "KDPPUM": "35", "NAMOBJ": "Kelurahan Kembangarum", "REMARK": null, "KDPBPS": null, "FCODE": "BA03070040", "LUASWH": null, "UUPP": "Ajudikasi 2015", "SRS_ID": "SRGI 2013", "METADATA": "TASWIL1000020200326DATA_BATAS_DESA_KELURAHAN", "KDEBPS": null, "KDEPUM": "35.05.12.1003", "KDCBPS": null, "KDCPUM": "35.05.12", "KDBBPS": null, "WADMKD": "Kelurahan Kembangarum", "WIADKD": null, "WADMKC": "Sutojayan", "WIADKC": null, "WADMKK": "Blitar", "WIADKK": null, "WADMPR": "Jawa Timur", "WIADPR": null, "TIPADM": 2.0, "KDPKAB": "35.05", "SHAPE_Leng": 0.095252680848250004, "SHAPE_Area": 0.000251955840797 }, "geometry": { "type": "MultiPolygon", "coordinates": [ [ [ [ 112.227600119000044, -8.150855452999963, 0.0 ], [ 112.227637944000094, -8.151229690999969, 0.0 ], [ 112.227751345000115, -8.151800019999939, 0.0 ], [ 112.227618201000041, -8.151842296999973, 0.0 ], [ 112.227720569000098, -8.152338484999973, 0.0 ], [ 112.227400192, -8.152404058999934, 0.0 ], [ 112.22752860300011, -8.153171746999931, 0.0 ], [ 112.227344924000022, -8.153179480999938, 0.0 ], [ 112.227366997000104, -8.153881395999974, 0.0 ], [ 112.226931613000033, -8.153953956999942, 0.0 ], [ 112.226050140000098, -8.15405233499996, 0.0 ], [ 112.224801578000097, -8.15414773699996, 0.0 ], [ 112.224845574000028, -8.15543275899995, 0.0 ], [ 112.224845798000047, -8.155439317999935, 0.0 ], [ 112.224801053000078, -8.155445791999966, 0.0 ], [ 112.224644501000057, -8.15546844499994, 0.0 ], [ 112.223490970000057, -8.155635356999937, 0.0 ], [ 112.221851264000065, -8.155976324999926, 0.0 ], [ 112.220023605000051, -8.156356624999944, 0.0 ], [ 112.218031653000025, -8.15667250599995, 0.0 ], [ 112.218022169000051, -8.15679367499996, 0.0 ], [ 112.217932171000029, -8.157943581999973, 0.0 ], [ 112.217802135000056, -8.160296613999947, 0.0 ], [ 112.217770322000092, -8.161439943999937, 0.0 ], [ 112.216730110000071, -8.161398620999933, 0.0 ], [ 112.215763736000099, -8.161360229999957, 0.0 ], [ 112.21570938800005, -8.161360393999928, 0.0 ], [ 112.215713672000106, -8.161279150999974, 0.0 ], [ 112.215410205000012, -8.161271036999949, 0.0 ], [ 112.213358602000085, -8.161281699999961, 0.0 ], [ 112.2112888260001, -8.161274358999947, 0.0 ], [ 112.210849503000077, -8.161271159999956, 0.0 ], [ 112.209754954, -8.161254002999954, 0.0 ], [ 112.209805206000055, -8.16044205299994, 0.0 ], [ 112.209810302000051, -8.160359715999959, 0.0 ], [ 112.20952977200011, -8.160429844999953, 0.0 ], [ 112.208162494000021, -8.160774776999972, 0.0 ], [ 112.206877890000101, -8.161032342999931, 0.0 ], [ 112.204987558000084, -8.161485030999927, 0.0 ], [ 112.203594319000103, -8.161912067999936, 0.0 ], [ 112.202175019000038, -8.161735042999965, 0.0 ], [ 112.200245014000075, -8.161088301999939, 0.0 ], [ 112.198120888000062, -8.16040587699996, 0.0 ], [ 112.195941773000072, -8.159932909999952, 0.0 ], [ 112.193439426000054, -8.159619683999949, 0.0 ], [ 112.190208408000103, -8.158812817999944, 0.0 ], [ 112.190556367000113, -8.156953275999967, 0.0 ], [ 112.191124177, -8.155754082999977, 0.0 ], [ 112.191462986000033, -8.154629845999978, 0.0 ], [ 112.192795574000115, -8.154649801999938, 0.0 ], [ 112.193029133000095, -8.15309087299994, 0.0 ], [ 112.193204443000013, -8.15192074, 0.0 ], [ 112.193514408000055, -8.150876623999977, 0.0 ], [ 112.194703203000017, -8.15122082299996, 0.0 ], [ 112.194728087000044, -8.151228027999935, 0.0 ], [ 112.194730371000105, -8.151228898999932, 0.0 ], [ 112.194759544000021, -8.151240033999954, 0.0 ], [ 112.195203419000109, -8.151409445999946, 0.0 ], [ 112.195786910000038, -8.151593576999971, 0.0 ], [ 112.196333223000011, -8.151883022999925, 0.0 ], [ 112.196999812000058, -8.152379305999943, 0.0 ], [ 112.197512022000069, -8.152621857999975, 0.0 ], [ 112.197755752000035, -8.152650838999932, 0.0 ], [ 112.19867286300007, -8.152759888999981, 0.0 ], [ 112.199575707, -8.152738075999935, 0.0 ], [ 112.201054243000044, -8.152503990999946, 0.0 ], [ 112.202205966000065, -8.152194301999941, 0.0 ], [ 112.203185479000012, -8.152114826999934, 0.0 ], [ 112.204012050000074, -8.15228465399997, 0.0 ], [ 112.205435484000077, -8.152897760999963, 0.0 ], [ 112.207217205, -8.15359979599998, 0.0 ], [ 112.208039224000117, -8.153923688999953, 0.0 ], [ 112.209995073000073, -8.1545738799999, 0.0 ], [ 112.210232856000061, -8.154652926999972, 0.0 ], [ 112.210232890000043, -8.15465293699998, 0.0 ], [ 112.211184417000027, -8.154860650999979, 0.0 ], [ 112.212423853000018, -8.154971797999963, 0.0 ], [ 112.214583550000043, -8.154467634999946, 0.0 ], [ 112.215907657000116, -8.154041933999963, 0.0 ], [ 112.217159616000117, -8.153639428999952, 0.0 ], [ 112.217695757000115, -8.153454769999939, 0.0 ], [ 112.218022897000083, -8.153242027999966, 0.0 ], [ 112.218454004000023, -8.152867461999961, 0.0 ], [ 112.220005141000115, -8.151240501999951, 0.0 ], [ 112.221452984000052, -8.150001475999943, 0.0 ], [ 112.222445715000049, -8.149535484999944, 0.0 ], [ 112.223046596000017, -8.149321912999937, 0.0 ], [ 112.223579366000081, -8.14921622199995, 0.0 ], [ 112.224097925000024, -8.149175175999972, 0.0 ], [ 112.224415004000093, -8.149210110999945, 0.0 ], [ 112.224703563000048, -8.149342037999929, 0.0 ], [ 112.225003, -8.14956, 0.0 ], [ 112.225547, -8.150146, 0.0 ], [ 112.226084465000099, -8.150479775999941, 0.0 ], [ 112.226489, -8.150731, 0.0 ], [ 112.226789913000061, -8.150850282999954, 0.0 ], [ 112.227598950000015, -8.15085544599998, 0.0 ], [ 112.227600119000044, -8.150855452999963, 0.0 ] ] ] ] } },
{ "type": "Feature", "properties": { "OBJECTID": 113830.0, "KDPPUM": "35", "NAMOBJ": "Kelurahan Kedungbunder", "REMARK": null, "KDPBPS": null, "FCODE": "BA03070040", "LUASWH": null, "UUPP": "Ajudikasi 2015", "SRS_ID": "SRGI 2013", "METADATA": "TASWIL1000020200326DATA_BATAS_DESA_KELURAHAN", "KDEBPS": null, "KDEPUM": "35.05.12.1002", "KDCBPS": null, "KDCPUM": "35.05.12", "KDBBPS": null, "WADMKD": "Kelurahan Kedungbunder", "WIADKD": null, "WADMKC": "Sutojayan", "WIADKC": null, "WADMKK": "Blitar", "WIADKK": null, "WADMPR": "Jawa Timur", "WIADPR": null, "TIPADM": 2.0, "KDPKAB": "35.05", "SHAPE_Leng": 0.12083489580062901, "SHAPE_Area": 0.00036624091206 }, "geometry": { "type": "MultiPolygon", "coordinates": [ [ [ [ 112.209754954, -8.161254002999954, 0.0 ], [ 112.209623156000021, -8.162343132999979, 0.0 ], [ 112.209590800000115, -8.162610506999954, 0.0 ], [ 112.209663464000073, -8.162766374999933, 0.0 ], [ 112.210584296000093, -8.16474158799997, 0.0 ], [ 112.210914724000077, -8.165743460999977, 0.0 ], [ 112.210734689000105, -8.166071822999982, 0.0 ], [ 112.21070644200006, -8.166171925999947, 0.0 ], [ 112.210635087000014, -8.166424796999934, 0.0 ], [ 112.210587373000067, -8.166593887999966, 0.0 ], [ 112.210794889000113, -8.166923469999972, 0.0 ], [ 112.211021646000063, -8.16726256499993, 0.0 ], [ 112.211555494000095, -8.167505028999926, 0.0 ], [ 112.211772824000036, -8.16792036399994, 0.0 ], [ 112.211825958000077, -8.168136269999934, 0.0 ], [ 112.211884713000018, -8.168375012999945, 0.0 ], [ 112.212275062000117, -8.168811769999934, 0.0 ], [ 112.212756688000013, -8.16935065499996, 0.0 ], [ 112.212659305000102, -8.169968485999959, 0.0 ], [ 112.212572689000012, -8.170518011999945, 0.0 ], [ 112.21235953200005, -8.170664866999971, 0.0 ], [ 112.212351855000065, -8.170670156999961, 0.0 ], [ 112.211918063000098, -8.170958587999962, 0.0 ], [ 112.211878726, -8.171451616999946, 0.0 ], [ 112.21196352700008, -8.171700210999973, 0.0 ], [ 112.211982995000085, -8.17173117599998, 0.0 ], [ 112.212098658000059, -8.171915154999965, 0.0 ], [ 112.212510596000016, -8.172342225999955, 0.0 ], [ 112.212118209000096, -8.172823152999968, 0.0 ], [ 112.211946380000086, -8.172922637999932, 0.0 ], [ 112.211480533000099, -8.17319235399998, 0.0 ], [ 112.210588965000056, -8.173213039999951, 0.0 ], [ 112.210225537000042, -8.173514349999948, 0.0 ], [ 112.209974794, -8.174042004999933, 0.0 ], [ 112.209993064000059, -8.174056852999968, 0.0 ], [ 112.210836689000075, -8.174742481999942, 0.0 ], [ 112.211064968000073, -8.175722532999941, 0.0 ], [ 112.211263708000047, -8.176738120999971, 0.0 ], [ 112.210977637000042, -8.178221896999958, 0.0 ], [ 112.210954692000087, -8.178271353999946, 0.0 ], [ 112.210736095000016, -8.178742528999976, 0.0 ], [ 112.21067008700004, -8.179126433999954, 0.0 ], [ 112.210601487000076, -8.179525419999948, 0.0 ], [ 112.210484168000107, -8.180068247999941, 0.0 ], [ 112.210478329000011, -8.180095268999935, 0.0 ], [ 112.210511329000042, -8.180179907999957, 0.0 ], [ 112.210586846000069, -8.180373594999935, 0.0 ], [ 112.212019977000068, -8.181728146999944, 0.0 ], [ 112.212465197000029, -8.181892236999943, 0.0 ], [ 112.21311941700003, -8.182540155999959, 0.0 ], [ 112.213235251000015, -8.182563853999966, 0.0 ], [ 112.213220482000111, -8.182575782999947, 0.0 ], [ 112.212859006000031, -8.182867739999949, 0.0 ], [ 112.212806347000082, -8.18295186499995, 0.0 ], [ 112.212534246000018, -8.183386555999959, 0.0 ], [ 112.212219871000116, -8.183755507999933, 0.0 ], [ 112.212168071000065, -8.183816300999979, 0.0 ], [ 112.212083438000036, -8.184192909999979, 0.0 ], [ 112.212057758000014, -8.184437049999929, 0.0 ], [ 112.212143271000059, -8.184601893999968, 0.0 ], [ 112.211988646, -8.184612886999957, 0.0 ], [ 112.211925480000104, -8.184690601999932, 0.0 ], [ 112.210757166, -8.184379543999967, 0.0 ], [ 112.210627199000101, -8.186078831999964, 0.0 ], [ 112.210066045000076, -8.188295059999973, 0.0 ], [ 112.209958350000079, -8.189042394999944, 0.0 ], [ 112.209884854000052, -8.189963017999958, 0.0 ], [ 112.209879680000086, -8.190027825999948, 0.0 ], [ 112.209596537000039, -8.192396762999977, 0.0 ], [ 112.209588914000051, -8.192462917999933, 0.0 ], [ 112.209319685000082, -8.194799279999927, 0.0 ], [ 112.209365666000053, -8.1961667899999, 0.0 ], [ 112.209521296000048, -8.197710857999937, 0.0 ], [ 112.207732410000062, -8.198581746999935, 0.0 ], [ 112.205211009000095, -8.199015015999976, 0.0 ], [ 112.205164097000079, -8.199023076999936, 0.0 ], [ 112.205206979000081, -8.1969643199999, 0.0 ], [ 112.20523722900009, -8.195512002999976, 0.0 ], [ 112.205463179000049, -8.192717652999931, 0.0 ], [ 112.205606717000023, -8.191972048999958, 0.0 ], [ 112.20630002200005, -8.188370637999981, 0.0 ], [ 112.206792140000061, -8.187280897999926, 0.0 ], [ 112.207017892000067, -8.186780994999936, 0.0 ], [ 112.205928185000062, -8.186324483999954, 0.0 ], [ 112.205684035000104, -8.18620376399997, 0.0 ], [ 112.206191459000024, -8.184120285999938, 0.0 ], [ 112.205572852000046, -8.183974658999944, 0.0 ], [ 112.205966830000079, -8.181804768999939, 0.0 ], [ 112.206280393000043, -8.181847206999976, 0.0 ], [ 112.206486114000086, -8.180770909999978, 0.0 ], [ 112.206558915000073, -8.178922947999979, 0.0 ], [ 112.205740094000021, -8.178786594999963, 0.0 ], [ 112.205799709000075, -8.178344, 0.0 ], [ 112.205816470000059, -8.178127076999942, 0.0 ], [ 112.204935857, -8.177962908999973, 0.0 ], [ 112.202793626000016, -8.177563542999962, 0.0 ], [ 112.202879780000103, -8.177259665999941, 0.0 ], [ 112.202618302000019, -8.177165020999951, 0.0 ], [ 112.202674937000097, -8.177006791999929, 0.0 ], [ 112.202696010000068, -8.176947917999939, 0.0 ], [ 112.20245180400002, -8.17688007299995, 0.0 ], [ 112.20235962400011, -8.176827722999974, 0.0 ], [ 112.202381722000041, -8.176662581999949, 0.0 ], [ 112.201804603000028, -8.176499271999944, 0.0 ], [ 112.201562619000015, -8.176430795999977, 0.0 ], [ 112.200283852000098, -8.175946730999954, 0.0 ], [ 112.199478443000089, -8.175641850999966, 0.0 ], [ 112.198947720000092, -8.175440947999959, 0.0 ], [ 112.198929209000084, -8.175587319999977, 0.0 ], [ 112.198845654000024, -8.176248014999942, 0.0 ], [ 112.197085460000039, -8.175750086999926, 0.0 ], [ 112.195935312000074, -8.175449869999966, 0.0 ], [ 112.195038088000047, -8.175296374999959, 0.0 ], [ 112.195039255000097, -8.174382416999947, 0.0 ], [ 112.195039880000081, -8.173892211999942, 0.0 ], [ 112.195040701000039, -8.173249090999946, 0.0 ], [ 112.194290787000114, -8.171490109999979, 0.0 ], [ 112.194242850000023, -8.171377670999959, 0.0 ], [ 112.19417369700011, -8.171226728999955, 0.0 ], [ 112.193937579000021, -8.170711350999966, 0.0 ], [ 112.193788719000054, -8.17038643099994, 0.0 ], [ 112.193357766000076, -8.169445779999933, 0.0 ], [ 112.19199160900007, -8.166760586999942, 0.0 ], [ 112.190108367000107, -8.16291446799994, 0.0 ], [ 112.190208408000103, -8.158812817999944, 0.0 ], [ 112.193439426000054, -8.159619683999949, 0.0 ], [ 112.195941773000072, -8.159932909999952, 0.0 ], [ 112.198120888000062, -8.16040587699996, 0.0 ], [ 112.200245014000075, -8.161088301999939, 0.0 ], [ 112.202175019000038, -8.161735042999965, 0.0 ], [ 112.203594319000103, -8.161912067999936, 0.0 ], [ 112.204987558000084, -8.161485030999927, 0.0 ], [ 112.206877890000101, -8.161032342999931, 0.0 ], [ 112.208162494000021, -8.160774776999972, 0.0 ], [ 112.20952977200011, -8.160429844999953, 0.0 ], [ 112.209810302000051, -8.160359715999959, 0.0 ], [ 112.209805206000055, -8.16044205299994, 0.0 ], [ 112.209754954, -8.161254002999954, 0.0 ] ] ] ] } },
{ "type": "Feature", "properties": { "OBJECTID": 116198.0, "KDPPUM": "35", "NAMOBJ": "Pandanarum", "REMARK": null, "KDPBPS": null, "FCODE": "BA03070040", "LUASWH": 10.32675043, "UUPP": "Hasil Delineasi Batas Desa 2019", "SRS_ID": "SRGI 2013", "METADATA": "TASWIL1000020200326DATA_BATAS_DESA_KELURAHAN", "KDEBPS": null, "KDEPUM": "35.05.12.2001", "KDCBPS": null, "KDCPUM": "35.05.12", "KDBBPS": null, "WADMKD": "Pandanarum", "WIADKD": null, "WADMKC": "Sutojayan", "WIADKC": null, "WADMKK": "Blitar", "WIADKK": null, "WADMPR": "Jawa Timur", "WIADPR": null, "TIPADM": 1.0, "KDPKAB": "35.05", "SHAPE_Leng": 0.145354699538355, "SHAPE_Area": 0.00082158691399899998 }, "geometry": { "type": "MultiPolygon", "coordinates": [ [ [ [ 112.172942718000058, -8.199222324999937, 0.0 ], [ 112.172870146000037, -8.199191222999957, 0.0 ], [ 112.172384736000026, -8.199153151999951, 0.0 ], [ 112.172165826000082, -8.199096044999976, 0.0 ], [ 112.171785112000066, -8.19895327699993, 0.0 ], [ 112.171328255000049, -8.19885809799996, 0.0 ], [ 112.171023684000033, -8.198943758999974, 0.0 ], [ 112.17056, -8.19925, 0.0 ], [ 112.170357435000028, -8.199238811999976, 0.0 ], [ 112.169814918000043, -8.199314954999977, 0.0 ], [ 112.169643597000118, -8.199381579999965, 0.0 ], [ 112.168691813, -8.199781328999961, 0.0 ], [ 112.168263510000088, -8.199895542999968, 0.0 ], [ 112.167130886000109, -8.199648079999974, 0.0 ], [ 112.16543028000001, -8.199210066999967, 0.0 ], [ 112.165104400000018, -8.199126131999947, 0.0 ], [ 112.165279958000042, -8.198631138999929, 0.0 ], [ 112.165295797000113, -8.19862146, 0.0 ], [ 112.165300000000116, -8.198574630999929, 0.0 ], [ 112.165344207000089, -8.198082037999939, 0.0 ], [ 112.165362422000044, -8.197879067999963, 0.0 ], [ 112.16532896800004, -8.197322834999966, 0.0 ], [ 112.165289132000112, -8.1966605, 0.0 ], [ 112.165288055000019, -8.196642594999958, 0.0 ], [ 112.16531, -8.19635, 0.0 ], [ 112.16533, -8.19626, 0.0 ], [ 112.165381670000102, -8.196032653999964, 0.0 ], [ 112.165445585000043, -8.195659090999925, 0.0 ], [ 112.16549567200002, -8.195366356999955, 0.0 ], [ 112.165610290000018, -8.195210802999952, 0.0 ], [ 112.165642229000014, -8.195178863999956, 0.0 ], [ 112.165723169000103, -8.195138393999969, 0.0 ], [ 112.165947699000071, -8.195130374999962, 0.0 ], [ 112.166195163000111, -8.195149410999932, 0.0 ], [ 112.166416965000053, -8.195195300999956, 0.0 ], [ 112.166504563000103, -8.195214071999942, 0.0 ], [ 112.166799616000048, -8.195299731999967, 0.0 ], [ 112.16699949100007, -8.195261660999961, 0.0 ], [ 112.167161294000039, -8.195176, 0.0 ], [ 112.16718908200005, -8.195145361999948, 0.0 ], [ 112.167304319000095, -8.195018305999952, 0.0 ], [ 112.16737, -8.19485, 0.0 ], [ 112.167467763000104, -8.194287859999974, 0.0 ], [ 112.167555447000041, -8.194050048999941, 0.0 ], [ 112.16774, -8.19374, 0.0 ], [ 112.167949999000029, -8.193419998999957, 0.0 ], [ 112.16828, -8.19304, 0.0 ], [ 112.16851, -8.19293, 0.0 ], [ 112.16883, -8.19285, 0.0 ], [ 112.169145847000095, -8.192334116999973, 0.0 ], [ 112.16943, -8.19187, 0.0 ], [ 112.16939, -8.19096, 0.0 ], [ 112.16926, -8.19021, 0.0 ], [ 112.16945, -8.18977, 0.0 ], [ 112.16950999900007, -8.18858, 0.0 ], [ 112.169569999000032, -8.18764, 0.0 ], [ 112.169569999000032, -8.186889998999959, 0.0 ], [ 112.169552208000027, -8.186770933999981, 0.0 ], [ 112.16944, -8.18602, 0.0 ], [ 112.169430501000079, -8.185939257999962, 0.0 ], [ 112.16940000000011, -8.185679998999944, 0.0 ], [ 112.169394943000043, -8.185450132999961, 0.0 ], [ 112.169661443000109, -8.185478686999943, 0.0 ], [ 112.169813728, -8.185545311999931, 0.0 ], [ 112.170165677000114, -8.185504758999969, 0.0 ], [ 112.170187369000018, -8.185434856999962, 0.0 ], [ 112.170177609, -8.18533468499993, 0.0 ], [ 112.170172205000085, -8.185279226999967, 0.0 ], [ 112.170155129000022, -8.185006015999932, 0.0 ], [ 112.170150790000093, -8.184936584999946, 0.0 ], [ 112.17012016700005, -8.184881010999959, 0.0 ], [ 112.170102305000114, -8.184848594999949, 0.0 ], [ 112.1700992640001, -8.18484099099993, 0.0 ], [ 112.170080228000074, -8.184717258999967, 0.0 ], [ 112.17007071, -8.184588767999969, 0.0 ], [ 112.170003005000012, -8.184500714999956, 0.0 ], [ 112.169992278000109, -8.184486763999928, 0.0 ], [ 112.169998016000022, -8.184469990999958, 0.0 ], [ 112.17016, -8.18438, 0.0 ], [ 112.170309215000088, -8.184278918999951, 0.0 ], [ 112.17047, -8.18417, 0.0 ], [ 112.17061, -8.18407, 0.0 ], [ 112.17082, -8.18397, 0.0 ], [ 112.171325585000091, -8.183772871999963, 0.0 ], [ 112.171649192000018, -8.183753835999937, 0.0 ], [ 112.171934727, -8.183696728999962, 0.0 ], [ 112.17212332400004, -8.183596144999967, 0.0 ], [ 112.172220263000099, -8.183544443999949, 0.0 ], [ 112.17228832100011, -8.183507796999947, 0.0 ], [ 112.172443059000102, -8.18342447699996, 0.0 ], [ 112.172467727000026, -8.183411193999973, 0.0 ], [ 112.17313278600011, -8.183260890999975, 0.0 ], [ 112.173266036000086, -8.18329896299997, 0.0 ], [ 112.17337073200008, -8.183394140999951, 0.0 ], [ 112.1734944640001, -8.18366064099996, 0.0 ], [ 112.173922767000022, -8.184184121999976, 0.0 ], [ 112.174208302000011, -8.184536281999954, 0.0 ], [ 112.174455766000051, -8.184707602999936, 0.0 ], [ 112.174950694000017, -8.184764710999957, 0.0 ], [ 112.175179122000031, -8.184745674999931, 0.0 ], [ 112.175483693000047, -8.184593388999929, 0.0 ], [ 112.175750193000113, -8.184498210999948, 0.0 ], [ 112.175883443000089, -8.184479174999979, 0.0 ], [ 112.176454514000056, -8.18430785399994, 0.0 ], [ 112.176663906000044, -8.184231710999939, 0.0 ], [ 112.177044620000061, -8.184212675999959, 0.0 ], [ 112.177048830000103, -8.184212207999963, 0.0 ], [ 112.177387262000025, -8.184174603999963, 0.0 ], [ 112.177534789000106, -8.18464335799996, 0.0 ], [ 112.177638986000034, -8.184740608999959, 0.0 ], [ 112.17817724300005, -8.185242981999977, 0.0 ], [ 112.178216196000108, -8.185278938999943, 0.0 ], [ 112.17836284100008, -8.185414302999959, 0.0 ], [ 112.179132835000019, -8.185819287999948, 0.0 ], [ 112.179684870000074, -8.185933501999955, 0.0 ], [ 112.180294012000104, -8.185971572999961, 0.0 ], [ 112.182311795000032, -8.185457609999958, 0.0 ], [ 112.183263579000027, -8.184734252999931, 0.0 ], [ 112.185376541000096, -8.183135255999957, 0.0 ], [ 112.185676353000076, -8.18229054699998, 0.0 ], [ 112.185593071000085, -8.181778962999942, 0.0 ], [ 112.1854740980001, -8.181612400999938, 0.0 ], [ 112.185319433000018, -8.181207891999975, 0.0 ], [ 112.185557380000091, -8.180113339999934, 0.0 ], [ 112.185795326000061, -8.17892361, 0.0 ], [ 112.185914299000046, -8.17864997199996, 0.0 ], [ 112.186152245000017, -8.178459614999952, 0.0 ], [ 112.18673521300002, -8.178328743999941, 0.0 ], [ 112.18722300200011, -8.178269257999943, 0.0 ], [ 112.188365144000045, -8.177983722999954, 0.0 ], [ 112.188733960000036, -8.178078900999935, 0.0 ], [ 112.191575036000017, -8.177277022999931, 0.0 ], [ 112.192131103000065, -8.176871683999934, 0.0 ], [ 112.192429014000027, -8.176834170999939, 0.0 ], [ 112.192908724000063, -8.176773766999929, 0.0 ], [ 112.193315612000106, -8.176838011999962, 0.0 ], [ 112.193508349000012, -8.176909395999928, 0.0 ], [ 112.193651116000069, -8.176930810999977, 0.0 ], [ 112.193751054000018, -8.176945087999968, 0.0 ], [ 112.194022312000016, -8.176973640999961, 0.0 ], [ 112.194193633000054, -8.176995056999942, 0.0 ], [ 112.194665803000021, -8.177030292999973, 0.0 ], [ 112.194671905000064, -8.177030747999936, 0.0 ], [ 112.19480413000008, -8.176217952999934, 0.0 ], [ 112.194914610000069, -8.175538825999979, 0.0 ], [ 112.194939832000045, -8.175396058999979, 0.0 ], [ 112.195039255000097, -8.174382416999947, 0.0 ], [ 112.195038088000047, -8.175296374999959, 0.0 ], [ 112.195935312000074, -8.175449869999966, 0.0 ], [ 112.197085460000039, -8.175750086999926, 0.0 ], [ 112.198845654000024, -8.176248014999942, 0.0 ], [ 112.198929209000084, -8.175587319999977, 0.0 ], [ 112.198947720000092, -8.175440947999959, 0.0 ], [ 112.199478443000089, -8.175641850999966, 0.0 ], [ 112.200283852000098, -8.175946730999954, 0.0 ], [ 112.201562619000015, -8.176430795999977, 0.0 ], [ 112.201804603000028, -8.176499271999944, 0.0 ], [ 112.202381722000041, -8.176662581999949, 0.0 ], [ 112.20235962400011, -8.176827722999974, 0.0 ], [ 112.20245180400002, -8.17688007299995, 0.0 ], [ 112.202696010000068, -8.176947917999939, 0.0 ], [ 112.202674937000097, -8.177006791999929, 0.0 ], [ 112.202618302000019, -8.177165020999951, 0.0 ], [ 112.202879780000103, -8.177259665999941, 0.0 ], [ 112.202793626000016, -8.177563542999962, 0.0 ], [ 112.204935857, -8.177962908999973, 0.0 ], [ 112.205816470000059, -8.178127076999942, 0.0 ], [ 112.205799709000075, -8.178344, 0.0 ], [ 112.205740094000021, -8.178786594999963, 0.0 ], [ 112.206558915000073, -8.178922947999979, 0.0 ], [ 112.206486114000086, -8.180770909999978, 0.0 ], [ 112.206280393000043, -8.181847206999976, 0.0 ], [ 112.205966830000079, -8.181804768999939, 0.0 ], [ 112.205572852000046, -8.183974658999944, 0.0 ], [ 112.206191459000024, -8.184120285999938, 0.0 ], [ 112.205684035000104, -8.18620376399997, 0.0 ], [ 112.205928185000062, -8.186324483999954, 0.0 ], [ 112.207017892000067, -8.186780994999936, 0.0 ], [ 112.206792140000061, -8.187280897999926, 0.0 ], [ 112.20630002200005, -8.188370637999981, 0.0 ], [ 112.205606717000023, -8.191972048999958, 0.0 ], [ 112.205463179000049, -8.192717652999931, 0.0 ], [ 112.20523722900009, -8.195512002999976, 0.0 ], [ 112.205206979000081, -8.1969643199999, 0.0 ], [ 112.204640102000099, -8.197219681999968, 0.0 ], [ 112.199557573000106, -8.202340281999966, 0.0 ], [ 112.198967467000102, -8.203672779999977, 0.0 ], [ 112.199195895000116, -8.204472278999958, 0.0 ], [ 112.199035240000057, -8.204904039999974, 0.0 ], [ 112.198800322000011, -8.205102993999958, 0.0 ], [ 112.198657555000068, -8.205340939999928, 0.0 ], [ 112.198842970000101, -8.205999822999956, 0.0 ], [ 112.198676903000091, -8.205906067999933, 0.0 ], [ 112.198181663000014, -8.205626474999974, 0.0 ], [ 112.197750270000029, -8.205422130999978, 0.0 ], [ 112.197710166000093, -8.20539949199997, 0.0 ], [ 112.197684213000116, -8.205390840999939, 0.0 ], [ 112.197351313000013, -8.205279873999928, 0.0 ], [ 112.197346108000033, -8.205278138999972, 0.0 ], [ 112.197278700000084, -8.205267768999931, 0.0 ], [ 112.196290057000056, -8.205102950999958, 0.0 ], [ 112.196113248000074, -8.204988879999974, 0.0 ], [ 112.196082405000084, -8.204963057999976, 0.0 ], [ 112.195832771000028, -8.204699929999947, 0.0 ], [ 112.195718557000077, -8.204550023999957, 0.0 ], [ 112.195554374000039, -8.204450086999941, 0.0 ], [ 112.195375915000113, -8.204407256999957, 0.0 ], [ 112.195140348000109, -8.204428671999949, 0.0 ], [ 112.195111520000069, -8.204444408999962, 0.0 ], [ 112.195096604000014, -8.204452551999964, 0.0 ], [ 112.195079631000112, -8.204461816999981, 0.0 ], [ 112.195043623000061, -8.204481376999979, 0.0 ], [ 112.19503, -8.20464, 0.0 ], [ 112.194939999000098, -8.20465, 0.0 ], [ 112.1947100000001, -8.204749998999944, 0.0 ], [ 112.194569999, -8.204869998999925, 0.0 ], [ 112.19441, -8.20498, 0.0 ], [ 112.194199999000034, -8.205139998999925, 0.0 ], [ 112.19401, -8.205239998999957, 0.0 ], [ 112.193829999000059, -8.20531, 0.0 ], [ 112.19366, -8.20531, 0.0 ], [ 112.193049999000095, -8.205219998999951, 0.0 ], [ 112.19294, -8.205159998999932, 0.0 ], [ 112.192619999000044, -8.20498, 0.0 ], [ 112.192269999000018, -8.204789998999956, 0.0 ], [ 112.19215, -8.20476999899995, 0.0 ], [ 112.19197, -8.20476, 0.0 ], [ 112.19162, -8.20484, 0.0 ], [ 112.19127, -8.20495, 0.0 ], [ 112.190999999000041, -8.20497, 0.0 ], [ 112.1906, -8.20495, 0.0 ], [ 112.19001, -8.20494, 0.0 ], [ 112.189169999000114, -8.20498, 0.0 ], [ 112.188759999000013, -8.20499, 0.0 ], [ 112.18844, -8.20498, 0.0 ], [ 112.187963589000105, -8.204901531999951, 0.0 ], [ 112.187589999000011, -8.20484, 0.0 ], [ 112.187223637000102, -8.20455199099996, 0.0 ], [ 112.186902410000016, -8.204397325999935, 0.0 ], [ 112.186570466000035, -8.204199324999934, 0.0 ], [ 112.186224263000099, -8.203992817999961, 0.0 ], [ 112.185427144000073, -8.203653743999951, 0.0 ], [ 112.184784689000026, -8.203302773999951, 0.0 ], [ 112.184576486000083, -8.203237338999941, 0.0 ], [ 112.184332592000032, -8.203237338999941, 0.0 ], [ 112.184041108000088, -8.203296824999939, 0.0 ], [ 112.183610425000097, -8.203388434999965, 0.0 ], [ 112.183411941000031, -8.203426850999961, 0.0 ], [ 112.18316784600006, -8.203474094999933, 0.0 ], [ 112.182909999000117, -8.203599998999948, 0.0 ], [ 112.182776832000059, -8.203529498999956, 0.0 ], [ 112.18274, -8.20351, 0.0 ], [ 112.18224, -8.20373, 0.0 ], [ 112.18221, -8.2038, 0.0 ], [ 112.180919999000025, -8.20396999899998, 0.0 ], [ 112.18076, -8.2039, 0.0 ], [ 112.180159999000011, -8.20337, 0.0 ], [ 112.17941, -8.2031, 0.0 ], [ 112.179013382000107, -8.203367284999956, 0.0 ], [ 112.17894999900011, -8.20341, 0.0 ], [ 112.17879, -8.20353, 0.0 ], [ 112.17866, -8.20371, 0.0 ], [ 112.178519999000059, -8.20387, 0.0 ], [ 112.17838, -8.20404, 0.0 ], [ 112.177771836000034, -8.204383206999978, 0.0 ], [ 112.177619550000031, -8.204478384999959, 0.0 ], [ 112.177276908000067, -8.204583081999942, 0.0 ], [ 112.176972337000052, -8.204564045999973, 0.0 ], [ 112.176715355000056, -8.204525974999967, 0.0 ], [ 112.176372713000092, -8.204421277999927, 0.0 ], [ 112.176134767, -8.204240438999932, 0.0 ], [ 112.176030070000024, -8.204050081999981, 0.0 ], [ 112.17592537400003, -8.203840689999936, 0.0 ], [ 112.17580164200001, -8.203621778999945, 0.0 ], [ 112.175715982000042, -8.203469493999933, 0.0 ], [ 112.175582732000066, -8.203355279999926, 0.0 ], [ 112.175392375000115, -8.203136368999935, 0.0 ], [ 112.175116357000093, -8.202860351999959, 0.0 ], [ 112.174973530000102, -8.202473733999966, 0.0 ], [ 112.17484034000006, -8.202113200999975, 0.0 ], [ 112.174564322000037, -8.201637308999977, 0.0 ], [ 112.174078912000027, -8.200752148999925, 0.0 ], [ 112.173764823000056, -8.20019059699996, 0.0 ], [ 112.173612538000043, -8.199895542999968, 0.0 ], [ 112.173108376000073, -8.199320621999959, 0.0 ], [ 112.173070021000058, -8.199276883999971, 0.0 ], [ 112.172942718000058, -8.199222324999937, 0.0 ] ] ], [ [ [ 112.195040701000039, -8.173249090999946, 0.0 ], [ 112.195039880000081, -8.173892211999942, 0.0 ], [ 112.194130991000065, -8.171356297999978, 0.0 ], [ 112.194080774000099, -8.171216184999935, 0.0 ], [ 112.19417369700011, -8.171226728999955, 0.0 ], [ 112.194242850000023, -8.171377670999959, 0.0 ], [ 112.194290787000114, -8.171490109999979, 0.0 ], [ 112.195040701000039, -8.173249090999946, 0.0 ] ] ] ] } },
{ "type": "Feature", "properties": { "OBJECTID": 113811.0, "KDPPUM": "35", "NAMOBJ": "Kelurahan Jegu", "REMARK": null, "KDPBPS": null, "FCODE": "BA03070040", "LUASWH": null, "UUPP": "Ajudikasi 2015", "SRS_ID": "SRGI 2013", "METADATA": "TASWIL1000020200326DATA_BATAS_DESA_KELURAHAN", "KDEBPS": null, "KDEPUM": "35.05.12.1008", "KDCBPS": null, "KDCPUM": "35.05.12", "KDBBPS": null, "WADMKD": "Kelurahan Jegu", "WIADKD": null, "WADMKC": "Sutojayan", "WIADKC": null, "WADMKK": "Blitar", "WIADKK": null, "WADMPR": "Jawa Timur", "WIADPR": null, "TIPADM": 2.0, "KDPKAB": "35.05", "SHAPE_Leng": 0.117102465566908, "SHAPE_Area": 0.00048331090801199999 }, "geometry": { "type": "MultiPolygon", "coordinates": [ [ [ [ 112.265121940000085, -8.146183639999947, 0.0 ], [ 112.265214073000038, -8.146211434999941, 0.0 ], [ 112.266853259000072, -8.146705954999959, 0.0 ], [ 112.266624598000021, -8.147342566999953, 0.0 ], [ 112.266674600000101, -8.147369118999961, 0.0 ], [ 112.266713752000101, -8.14738990799998, 0.0 ], [ 112.266563318000067, -8.148098966999953, 0.0 ], [ 112.266406283000038, -8.148036901999944, 0.0 ], [ 112.266330492000066, -8.148006946999942, 0.0 ], [ 112.266216536000115, -8.148354077999954, 0.0 ], [ 112.266089210000018, -8.148335332999977, 0.0 ], [ 112.26605307400007, -8.148431236999954, 0.0 ], [ 112.265865358000042, -8.148929427999974, 0.0 ], [ 112.265658618000089, -8.148855898999955, 0.0 ], [ 112.265073488000098, -8.150633126999935, 0.0 ], [ 112.265116599000066, -8.150664338999945, 0.0 ], [ 112.265138590000106, -8.150680259999945, 0.0 ], [ 112.26505773000008, -8.150886114999935, 0.0 ], [ 112.26474194900004, -8.151690031999976, 0.0 ], [ 112.264019101000031, -8.153583017999949, 0.0 ], [ 112.263738266000018, -8.15400262199995, 0.0 ], [ 112.262239033000014, -8.155374513999959, 0.0 ], [ 112.26221402200008, -8.155397400999959, 0.0 ], [ 112.260669788000087, -8.15681047399994, 0.0 ], [ 112.259889059000102, -8.158248539999931, 0.0 ], [ 112.259572331000072, -8.158840747999932, 0.0 ], [ 112.259472465000044, -8.15902747399997, 0.0 ], [ 112.259353316000102, -8.159289911999963, 0.0 ], [ 112.259023185000046, -8.160017063999931, 0.0 ], [ 112.259119950000013, -8.16021707799996, 0.0 ], [ 112.259177880000038, -8.160663208999949, 0.0 ], [ 112.259183928000084, -8.160709781999969, 0.0 ], [ 112.259126731000038, -8.16084873799997, 0.0 ], [ 112.258844175000036, -8.16110563899997, 0.0 ], [ 112.258703721000074, -8.161529018999943, 0.0 ], [ 112.258194623, -8.162414422999973, 0.0 ], [ 112.257690221000075, -8.163528610999947, 0.0 ], [ 112.257818875000112, -8.164353702999961, 0.0 ], [ 112.258032847000095, -8.164666022999938, 0.0 ], [ 112.258220789, -8.165020025999979, 0.0 ], [ 112.25833387900002, -8.165475488999959, 0.0 ], [ 112.257875267000031, -8.168100065999965, 0.0 ], [ 112.257875833000071, -8.168280953999954, 0.0 ], [ 112.257831888000055, -8.168357657999934, 0.0 ], [ 112.257785603000116, -8.168480469999963, 0.0 ], [ 112.2577602450001, -8.168466041999977, 0.0 ], [ 112.254188056000089, -8.166413303999946, 0.0 ], [ 112.250440568000045, -8.164186907999976, 0.0 ], [ 112.250579821000088, -8.161683589999939, 0.0 ], [ 112.250639211000021, -8.160615957999937, 0.0 ], [ 112.250831253000115, -8.157732971999963, 0.0 ], [ 112.24923548400011, -8.157355542999937, 0.0 ], [ 112.249195776000079, -8.157346150999956, 0.0 ], [ 112.24759579800002, -8.15713337699998, 0.0 ], [ 112.246187924000083, -8.156867756999929, 0.0 ], [ 112.243724770000085, -8.156709522999961, 0.0 ], [ 112.243678300000056, -8.15670653799998, 0.0 ], [ 112.24360053700002, -8.156701541999951, 0.0 ], [ 112.243486089000044, -8.156431940999937, 0.0 ], [ 112.242532694000033, -8.156173619999947, 0.0 ], [ 112.238808950000021, -8.155932482999958, 0.0 ], [ 112.235835533000113, -8.15527973899998, 0.0 ], [ 112.231568006000089, -8.154404493999948, 0.0 ], [ 112.23150433, -8.154394485999944, 0.0 ], [ 112.231391563000102, -8.154381721999926, 0.0 ], [ 112.230596219000063, -8.154291701999966, 0.0 ], [ 112.230395614000031, -8.154222299999958, 0.0 ], [ 112.230384576, -8.15421848099993, 0.0 ], [ 112.229507328000068, -8.154061232999936, 0.0 ], [ 112.227869480000095, -8.15383226299997, 0.0 ], [ 112.227366997000104, -8.153881395999974, 0.0 ], [ 112.227344924000022, -8.153179480999938, 0.0 ], [ 112.22752860300011, -8.153171746999931, 0.0 ], [ 112.227400192, -8.152404058999934, 0.0 ], [ 112.227720569000098, -8.152338484999973, 0.0 ], [ 112.227618201000041, -8.151842296999973, 0.0 ], [ 112.227751345000115, -8.151800019999939, 0.0 ], [ 112.227637944000094, -8.151229690999969, 0.0 ], [ 112.227600119000044, -8.150855452999963, 0.0 ], [ 112.227609154000106, -8.150855517999958, 0.0 ], [ 112.227785176000111, -8.15084, 0.0 ], [ 112.228266136000116, -8.15079759799994, 0.0 ], [ 112.228371879000065, -8.150788274999968, 0.0 ], [ 112.228377453, -8.150786774999972, 0.0 ], [ 112.22897940900009, -8.150624781999966, 0.0 ], [ 112.229526466000038, -8.150479557999972, 0.0 ], [ 112.229752743000063, -8.150386518999937, 0.0 ], [ 112.229754, -8.150386001999948, 0.0 ], [ 112.229806740000072, -8.150317983999969, 0.0 ], [ 112.230006000000117, -8.150061, 0.0 ], [ 112.230066, -8.149869, 0.0 ], [ 112.230149, -8.149424000999943, 0.0 ], [ 112.230155796000076, -8.149293797999974, 0.0 ], [ 112.230188098000099, -8.148674957999958, 0.0 ], [ 112.230206, -8.148332, 0.0 ], [ 112.230297424000014, -8.147984674999975, 0.0 ], [ 112.230419310000116, -8.147521623999978, 0.0 ], [ 112.23042157000009, -8.147513038999932, 0.0 ], [ 112.230725039000049, -8.146910116999948, 0.0 ], [ 112.231134784, -8.145968610999944, 0.0 ], [ 112.231139901, -8.145956852999973, 0.0 ], [ 112.231141676000107, -8.145937800999945, 0.0 ], [ 112.2312616050001, -8.14465032399994, 0.0 ], [ 112.231432946000041, -8.144142539999962, 0.0 ], [ 112.231681725000044, -8.143830726999965, 0.0 ], [ 112.232113438000056, -8.143661922999968, 0.0 ], [ 112.232656076000012, -8.143645918999937, 0.0 ], [ 112.233410347000017, -8.143734551999955, 0.0 ], [ 112.233944737000115, -8.14382249199997, 0.0 ], [ 112.234007174000112, -8.14385010899997, 0.0 ], [ 112.234850385000072, -8.144223076999936, 0.0 ], [ 112.234889262000024, -8.14424027299998, 0.0 ], [ 112.23519223400001, -8.144374282999934, 0.0 ], [ 112.235145390000071, -8.144791787999964, 0.0 ], [ 112.235081554000089, -8.145360749999952, 0.0 ], [ 112.23497, -8.146355003999929, 0.0 ], [ 112.234963266000022, -8.146415020999939, 0.0 ], [ 112.23497, -8.146421689999954, 0.0 ], [ 112.236116755000012, -8.147557401999961, 0.0 ], [ 112.237919694000084, -8.147413008999933, 0.0 ], [ 112.239568996000116, -8.146091387999945, 0.0 ], [ 112.23995328400008, -8.145783449999954, 0.0 ], [ 112.240050924000116, -8.145761209999932, 0.0 ], [ 112.242425742000023, -8.145220300999938, 0.0 ], [ 112.243940715, -8.143310886999927, 0.0 ], [ 112.244680613000014, -8.142378349999944, 0.0 ], [ 112.24526349000007, -8.141643712999951, 0.0 ], [ 112.245460422000065, -8.141625045999945, 0.0 ], [ 112.245599306000031, -8.141611879999971, 0.0 ], [ 112.248102717000052, -8.141374564999978, 0.0 ], [ 112.249972398000068, -8.141580544999954, 0.0 ], [ 112.251822218000029, -8.141784335999944, 0.0 ], [ 112.251858800000036, -8.141788366999947, 0.0 ], [ 112.256973494000022, -8.144246232999933, 0.0 ], [ 112.257189712000013, -8.144350135999957, 0.0 ], [ 112.257481744000074, -8.144414345999962, 0.0 ], [ 112.264735083, -8.146009159999949, 0.0 ], [ 112.265131694000047, -8.146096364999948, 0.0 ], [ 112.265121940000085, -8.146183639999947, 0.0 ] ] ] ] } },
{ "type": "Feature", "properties": { "OBJECTID": 113814.0, "KDPPUM": "35", "NAMOBJ": "Kelurahan Jingglong", "REMARK": null, "KDPBPS": null, "FCODE": "BA03070040", "LUASWH": null, "UUPP": "Ajudikasi 2015", "SRS_ID": "SRGI 2013", "METADATA": "TASWIL1000020200326DATA_BATAS_DESA_KELURAHAN", "KDEBPS": null, "KDEPUM": "35.05.12.1006", "KDCBPS": null, "KDCPUM": "35.05.12", "KDBBPS": null, "WADMKD": "Kelurahan Jingglong", "WIADKD": null, "WADMKC": "Sutojayan", "WIADKC": null, "WADMKK": "Blitar", "WIADKK": null, "WADMPR": "Jawa Timur", "WIADPR": null, "TIPADM": 2.0, "KDPKAB": "35.05", "SHAPE_Leng": 0.119865464091995, "SHAPE_Area": 0.00043856992013299999 }, "geometry": { "type": "MultiPolygon", "coordinates": [ [ [ [ 112.257785603000116, -8.168480469999963, 0.0 ], [ 112.262129138000091, -8.170951662999926, 0.0 ], [ 112.262409322000053, -8.171003101999929, 0.0 ], [ 112.262968634000117, -8.171105786999931, 0.0 ], [ 112.263468080000052, -8.171513508999965, 0.0 ], [ 112.264159686000085, -8.17188579599997, 0.0 ], [ 112.266569132000086, -8.172432541999967, 0.0 ], [ 112.266582319, -8.172435533999931, 0.0 ], [ 112.266575982000063, -8.172451949999981, 0.0 ], [ 112.266296246000024, -8.173176616999967, 0.0 ], [ 112.266253955000025, -8.173323178999965, 0.0 ], [ 112.266157922000048, -8.173655994999933, 0.0 ], [ 112.265863356000068, -8.174475477999977, 0.0 ], [ 112.265542101000051, -8.175147004999928, 0.0 ], [ 112.265294101000109, -8.17536725399998, 0.0 ], [ 112.264932023000028, -8.175688814999944, 0.0 ], [ 112.264714871000024, -8.176215862999982, 0.0 ], [ 112.264713812000082, -8.176218431999928, 0.0 ], [ 112.264711627000111, -8.176217177999945, 0.0 ], [ 112.264531748000081, -8.176113975999954, 0.0 ], [ 112.263167366000062, -8.175331194999956, 0.0 ], [ 112.26290880900001, -8.175182853999956, 0.0 ], [ 112.262704271000075, -8.175141746999941, 0.0 ], [ 112.261656018000053, -8.174931074999961, 0.0 ], [ 112.26145749200009, -8.17489117599996, 0.0 ], [ 112.261101374000077, -8.174880962999964, 0.0 ], [ 112.258916809000084, -8.174818309999978, 0.0 ], [ 112.258780923000018, -8.174796973999946, 0.0 ], [ 112.256713564000052, -8.174472372999958, 0.0 ], [ 112.256618458000048, -8.174457439999969, 0.0 ], [ 112.256573678000109, -8.174433996999937, 0.0 ], [ 112.256056842000021, -8.174163420999946, 0.0 ], [ 112.255698064000057, -8.173975591999977, 0.0 ], [ 112.2545047320001, -8.173722845999976, 0.0 ], [ 112.254445025000109, -8.1737102, 0.0 ], [ 112.254299256000081, -8.173612693999928, 0.0 ], [ 112.253248002000078, -8.172909501999925, 0.0 ], [ 112.253136032000043, -8.172834603999945, 0.0 ], [ 112.252279556000076, -8.172157800999969, 0.0 ], [ 112.252151660000095, -8.172056734999956, 0.0 ], [ 112.252007742000046, -8.172018604999948, 0.0 ], [ 112.250753206000013, -8.171686225999963, 0.0 ], [ 112.250745148000078, -8.171684090999975, 0.0 ], [ 112.250024042000064, -8.171551678999947, 0.0 ], [ 112.249408360000075, -8.170557237999958, 0.0 ], [ 112.247686639000108, -8.169723570999963, 0.0 ], [ 112.247658218000083, -8.169709808999926, 0.0 ], [ 112.247640005000108, -8.169700989999967, 0.0 ], [ 112.246882703000097, -8.169514825999954, 0.0 ], [ 112.244573932000094, -8.169259418999957, 0.0 ], [ 112.242935571000089, -8.169078166999952, 0.0 ], [ 112.241322542000034, -8.168921547999958, 0.0 ], [ 112.241162291000023, -8.168906748999973, 0.0 ], [ 112.241077760000053, -8.168898942999931, 0.0 ], [ 112.238970619000042, -8.168704353999942, 0.0 ], [ 112.235564502000102, -8.168427532999942, 0.0 ], [ 112.235141238000097, -8.16847370499994, 0.0 ], [ 112.23473694300003, -8.168464616999927, 0.0 ], [ 112.233196956000029, -8.16843, 0.0 ], [ 112.233041250000042, -8.168426499999953, 0.0 ], [ 112.232419329000095, -8.168320680999955, 0.0 ], [ 112.232351110000081, -8.16863944499994, 0.0 ], [ 112.232288298000071, -8.168932943999948, 0.0 ], [ 112.23105677, -8.168820631999949, 0.0 ], [ 112.229526612000086, -8.168641755999943, 0.0 ], [ 112.229305115000102, -8.170607939999968, 0.0 ], [ 112.229225071000087, -8.171367337999925, 0.0 ], [ 112.227546122000035, -8.17079447499998, 0.0 ], [ 112.224116084000116, -8.169683870999961, 0.0 ], [ 112.224343481, -8.167308679999962, 0.0 ], [ 112.224347081000019, -8.167271077999942, 0.0 ], [ 112.224563891000116, -8.165402022999956, 0.0 ], [ 112.224808239000026, -8.16314896199998, 0.0 ], [ 112.224942804000079, -8.161767709999936, 0.0 ], [ 112.225006853000082, -8.160720443999935, 0.0 ], [ 112.22496822700009, -8.159392099999934, 0.0 ], [ 112.224930052000104, -8.158595845999969, 0.0 ], [ 112.224884361000022, -8.156884053999931, 0.0 ], [ 112.224869217000105, -8.156316691999962, 0.0 ], [ 112.224845798000047, -8.155439317999935, 0.0 ], [ 112.224845574000028, -8.15543275899995, 0.0 ], [ 112.224801578000097, -8.15414773699996, 0.0 ], [ 112.226050140000098, -8.15405233499996, 0.0 ], [ 112.226931613000033, -8.153953956999942, 0.0 ], [ 112.227366997000104, -8.153881395999974, 0.0 ], [ 112.227869480000095, -8.15383226299997, 0.0 ], [ 112.229507328000068, -8.154061232999936, 0.0 ], [ 112.230384576, -8.15421848099993, 0.0 ], [ 112.230395614000031, -8.154222299999958, 0.0 ], [ 112.230596219000063, -8.154291701999966, 0.0 ], [ 112.231391563000102, -8.154381721999926, 0.0 ], [ 112.23150433, -8.154394485999944, 0.0 ], [ 112.231568006000089, -8.154404493999948, 0.0 ], [ 112.235835533000113, -8.15527973899998, 0.0 ], [ 112.238808950000021, -8.155932482999958, 0.0 ], [ 112.242532694000033, -8.156173619999947, 0.0 ], [ 112.243486089000044, -8.156431940999937, 0.0 ], [ 112.24360053700002, -8.156701541999951, 0.0 ], [ 112.243678300000056, -8.15670653799998, 0.0 ], [ 112.243724770000085, -8.156709522999961, 0.0 ], [ 112.246187924000083, -8.156867756999929, 0.0 ], [ 112.24759579800002, -8.15713337699998, 0.0 ], [ 112.249195776000079, -8.157346150999956, 0.0 ], [ 112.24923548400011, -8.157355542999937, 0.0 ], [ 112.250831253000115, -8.157732971999963, 0.0 ], [ 112.250639211000021, -8.160615957999937, 0.0 ], [ 112.250579821000088, -8.161683589999939, 0.0 ], [ 112.250440568000045, -8.164186907999976, 0.0 ], [ 112.254188056000089, -8.166413303999946, 0.0 ], [ 112.2577602450001, -8.168466041999977, 0.0 ], [ 112.257785603000116, -8.168480469999963, 0.0 ] ] ] ] } },
{ "type": "Feature", "properties": { "OBJECTID": 113907.0, "KDPPUM": "35", "NAMOBJ": "Kelurahan Sukorejo", "REMARK": null, "KDPBPS": null, "FCODE": "BA03070040", "LUASWH": null, "UUPP": "Ajudikasi 2015", "SRS_ID": "SRGI 2013", "METADATA": "TASWIL1000020200326DATA_BATAS_DESA_KELURAHAN", "KDEBPS": null, "KDEPUM": "35.05.12.1007", "KDCBPS": null, "KDCPUM": "35.05.12", "KDBBPS": null, "WADMKD": "Kelurahan Sukorejo", "WIADKD": null, "WADMKC": "Sutojayan", "WIADKC": null, "WADMKK": "Blitar", "WIADKK": null, "WADMPR": "Jawa Timur", "WIADPR": null, "TIPADM": 2.0, "KDPKAB": "35.05", "SHAPE_Leng": 0.085647271413625006, "SHAPE_Area": 0.00022462617887399999 }, "geometry": { "type": "MultiPolygon", "coordinates": [ [ [ [ 112.260464919000015, -8.178700963999972, 0.0 ], [ 112.26041895100002, -8.178745004999939, 0.0 ], [ 112.260399525000025, -8.178739079999957, 0.0 ], [ 112.260010489000024, -8.178965834999929, 0.0 ], [ 112.259964578000108, -8.179137525999977, 0.0 ], [ 112.259953471000017, -8.179179060999957, 0.0 ], [ 112.259714541000108, -8.179138330999933, 0.0 ], [ 112.258923724000056, -8.179599268999937, 0.0 ], [ 112.258221396000067, -8.180008629999975, 0.0 ], [ 112.256936438000025, -8.181062826999948, 0.0 ], [ 112.256722204000084, -8.18132230599997, 0.0 ], [ 112.256029981000097, -8.18216072499996, 0.0 ], [ 112.256026783000038, -8.182159824999928, 0.0 ], [ 112.255840628000101, -8.182107456999972, 0.0 ], [ 112.255463083000109, -8.183274557999937, 0.0 ], [ 112.255456959000071, -8.183293488999936, 0.0 ], [ 112.255451906000076, -8.183292021999932, 0.0 ], [ 112.255016124, -8.183165556999938, 0.0 ], [ 112.25486520100003, -8.183249165999939, 0.0 ], [ 112.25481895900009, -8.183274782999945, 0.0 ], [ 112.254812156000071, -8.183114773999932, 0.0 ], [ 112.254786295000031, -8.182506481999951, 0.0 ], [ 112.254537991, -8.182399595999925, 0.0 ], [ 112.254427030000102, -8.182351830999949, 0.0 ], [ 112.254235346000087, -8.182245345999945, 0.0 ], [ 112.253900191000071, -8.182059159999937, 0.0 ], [ 112.253644210000061, -8.181988172999979, 0.0 ], [ 112.253763538000044, -8.181587844999967, 0.0 ], [ 112.25381941, -8.181400404999977, 0.0 ], [ 112.25363595500005, -8.18130972199998, 0.0 ], [ 112.253559648000078, -8.181272002999947, 0.0 ], [ 112.253571210000018, -8.18124878499998, 0.0 ], [ 112.253578741000069, -8.181233659999975, 0.0 ], [ 112.253491377000046, -8.181187326999975, 0.0 ], [ 112.253444122000019, -8.181166062999978, 0.0 ], [ 112.252369075000047, -8.180682296999976, 0.0 ], [ 112.251754082000048, -8.18048480799996, 0.0 ], [ 112.2518820680001, -8.180134473999942, 0.0 ], [ 112.2518822830001, -8.180133994999949, 0.0 ], [ 112.252004293000027, -8.17986192199993, 0.0 ], [ 112.251813085000094, -8.179773043999944, 0.0 ], [ 112.250465278000092, -8.179203919999964, 0.0 ], [ 112.248119206000069, -8.177990425999951, 0.0 ], [ 112.245782183000074, -8.176785863999953, 0.0 ], [ 112.244420560000094, -8.17636818099993, 0.0 ], [ 112.242031865000058, -8.175926720999939, 0.0 ], [ 112.239914376000115, -8.175789602999942, 0.0 ], [ 112.237825352000073, -8.176119144999973, 0.0 ], [ 112.236193916000047, -8.175845876999972, 0.0 ], [ 112.234747135000021, -8.175503482999943, 0.0 ], [ 112.233528110000066, -8.175409274999936, 0.0 ], [ 112.232171045000086, -8.175171854999974, 0.0 ], [ 112.231606526000064, -8.174840616999973, 0.0 ], [ 112.231141273000048, -8.174828975999958, 0.0 ], [ 112.230419942000026, -8.174641842999961, 0.0 ], [ 112.229548489000081, -8.174644493999949, 0.0 ], [ 112.228604080000082, -8.174360105999938, 0.0 ], [ 112.228297946000112, -8.174510660999943, 0.0 ], [ 112.228300828000101, -8.17419887899996, 0.0 ], [ 112.228573911000012, -8.172707368999966, 0.0 ], [ 112.228133791, -8.172343103999935, 0.0 ], [ 112.227314042000103, -8.172110561999943, 0.0 ], [ 112.227497395000114, -8.171098575999963, 0.0 ], [ 112.227546122000035, -8.17079447499998, 0.0 ], [ 112.229225071000087, -8.171367337999925, 0.0 ], [ 112.229305115000102, -8.170607939999968, 0.0 ], [ 112.229526612000086, -8.168641755999943, 0.0 ], [ 112.23105677, -8.168820631999949, 0.0 ], [ 112.232288298000071, -8.168932943999948, 0.0 ], [ 112.232351110000081, -8.16863944499994, 0.0 ], [ 112.232419329000095, -8.168320680999955, 0.0 ], [ 112.233041250000042, -8.168426499999953, 0.0 ], [ 112.233196956000029, -8.16843, 0.0 ], [ 112.23473694300003, -8.168464616999927, 0.0 ], [ 112.235141238000097, -8.16847370499994, 0.0 ], [ 112.235564502000102, -8.168427532999942, 0.0 ], [ 112.238970619000042, -8.168704353999942, 0.0 ], [ 112.241077760000053, -8.168898942999931, 0.0 ], [ 112.241162291000023, -8.168906748999973, 0.0 ], [ 112.241322542000034, -8.168921547999958, 0.0 ], [ 112.242935571000089, -8.169078166999952, 0.0 ], [ 112.244573932000094, -8.169259418999957, 0.0 ], [ 112.246882703000097, -8.169514825999954, 0.0 ], [ 112.247640005000108, -8.169700989999967, 0.0 ], [ 112.247658218000083, -8.169709808999926, 0.0 ], [ 112.247686639000108, -8.169723570999963, 0.0 ], [ 112.249408360000075, -8.170557237999958, 0.0 ], [ 112.250024042000064, -8.171551678999947, 0.0 ], [ 112.250745148000078, -8.171684090999975, 0.0 ], [ 112.250753206000013, -8.171686225999963, 0.0 ], [ 112.252007742000046, -8.172018604999948, 0.0 ], [ 112.252151660000095, -8.172056734999956, 0.0 ], [ 112.252279556000076, -8.172157800999969, 0.0 ], [ 112.253136032000043, -8.172834603999945, 0.0 ], [ 112.253248002000078, -8.172909501999925, 0.0 ], [ 112.254299256000081, -8.173612693999928, 0.0 ], [ 112.254445025000109, -8.1737102, 0.0 ], [ 112.2545047320001, -8.173722845999976, 0.0 ], [ 112.255698064000057, -8.173975591999977, 0.0 ], [ 112.256056842000021, -8.174163420999946, 0.0 ], [ 112.256573678000109, -8.174433996999937, 0.0 ], [ 112.256618458000048, -8.174457439999969, 0.0 ], [ 112.256713564000052, -8.174472372999958, 0.0 ], [ 112.258780923000018, -8.174796973999946, 0.0 ], [ 112.258916809000084, -8.174818309999978, 0.0 ], [ 112.261101374000077, -8.174880962999964, 0.0 ], [ 112.26145749200009, -8.17489117599996, 0.0 ], [ 112.261656018000053, -8.174931074999961, 0.0 ], [ 112.262704271000075, -8.175141746999941, 0.0 ], [ 112.26290880900001, -8.175182853999956, 0.0 ], [ 112.263167366000062, -8.175331194999956, 0.0 ], [ 112.264531748000081, -8.176113975999954, 0.0 ], [ 112.264711627000111, -8.176217177999945, 0.0 ], [ 112.264713812000082, -8.176218431999928, 0.0 ], [ 112.263949152, -8.176561911999954, 0.0 ], [ 112.262472297000045, -8.177507370999933, 0.0 ], [ 112.262280003000114, -8.177630473999955, 0.0 ], [ 112.262061120000112, -8.177770599999974, 0.0 ], [ 112.261736442000029, -8.17795984199995, 0.0 ], [ 112.260464919000015, -8.178700963999972, 0.0 ] ] ] ] } },
{ "type": "Feature", "properties": { "OBJECTID": 113913.0, "KDPPUM": "35", "NAMOBJ": "Sumberjo", "REMARK": null, "KDPBPS": null, "FCODE": "BA03070040", "LUASWH": null, "UUPP": "Ajudikasi 2015", "SRS_ID": "SRGI 2013", "METADATA": "TASWIL1000020200326DATA_BATAS_DESA_KELURAHAN", "KDEBPS": null, "KDEPUM": "35.05.12.2010", "KDCBPS": null, "KDCPUM": "35.05.12", "KDBBPS": null, "WADMKD": "Sumberjo", "WIADKD": null, "WADMKC": "Sutojayan", "WIADKC": null, "WADMKK": "Blitar", "WIADKK": null, "WADMPR": "Jawa Timur", "WIADPR": null, "TIPADM": 1.0, "KDPKAB": "35.05", "SHAPE_Leng": 0.063524956803594004, "SHAPE_Area": 0.000183186015561 }, "geometry": { "type": "MultiPolygon", "coordinates": [ [ [ [ 112.254537991, -8.182399595999925, 0.0 ], [ 112.254532723000011, -8.182503637999957, 0.0 ], [ 112.254546573000084, -8.182539964999933, 0.0 ], [ 112.25457563100008, -8.182616824999968, 0.0 ], [ 112.254611591000071, -8.182689068999935, 0.0 ], [ 112.254640563000066, -8.182738364999977, 0.0 ], [ 112.254655660000026, -8.182773921999967, 0.0 ], [ 112.254658030000087, -8.182794587999979, 0.0 ], [ 112.25465233400007, -8.182816427999967, 0.0 ], [ 112.254635094000037, -8.182832559999952, 0.0 ], [ 112.254600574000051, -8.182852191999928, 0.0 ], [ 112.254531523000082, -8.182888009999942, 0.0 ], [ 112.254483193000056, -8.182914575999973, 0.0 ], [ 112.254463661000045, -8.182935309999948, 0.0 ], [ 112.254463719000114, -8.182953685999962, 0.0 ], [ 112.254463773000111, -8.182970913999952, 0.0 ], [ 112.254474219000031, -8.182993850999935, 0.0 ], [ 112.254506552000066, -8.183012126999927, 0.0 ], [ 112.254560833000028, -8.183045264999976, 0.0 ], [ 112.254625510000096, -8.183085262999953, 0.0 ], [ 112.254665999000053, -8.183131076999928, 0.0 ], [ 112.254708457000106, -8.183192581999947, 0.0 ], [ 112.25471953300007, -8.183217074999959, 0.0 ], [ 112.254728770000042, -8.18323750199994, 0.0 ], [ 112.254733654, -8.183263328999942, 0.0 ], [ 112.254735650000043, -8.183287249999978, 0.0 ], [ 112.25472589200001, -8.183338492999951, 0.0 ], [ 112.254725255000039, -8.183341835999954, 0.0 ], [ 112.254705250000029, -8.183395495999946, 0.0 ], [ 112.254670840000017, -8.183450156999982, 0.0 ], [ 112.254653699000073, -8.183498064999981, 0.0 ], [ 112.254489119000027, -8.183500575999972, 0.0 ], [ 112.254479871000058, -8.183500716999959, 0.0 ], [ 112.254417403000048, -8.183501669999941, 0.0 ], [ 112.254376575000038, -8.184024597999951, 0.0 ], [ 112.254346826000074, -8.184405623999965, 0.0 ], [ 112.25462394200008, -8.184554069999933, 0.0 ], [ 112.25465117400006, -8.184661179999978, 0.0 ], [ 112.254561670000044, -8.184914129999981, 0.0 ], [ 112.254554087000088, -8.184946694999951, 0.0 ], [ 112.254515717000118, -8.184964041999933, 0.0 ], [ 112.254487013000016, -8.185000499999944, 0.0 ], [ 112.254483291000042, -8.185038795999958, 0.0 ], [ 112.25449299200011, -8.185069391999946, 0.0 ], [ 112.254510457000038, -8.185124849999966, 0.0 ], [ 112.254550909000045, -8.185159178999982, 0.0 ], [ 112.254577908000101, -8.185191636999946, 0.0 ], [ 112.254578010000046, -8.185224176999952, 0.0 ], [ 112.254553148000014, -8.185260623999966, 0.0 ], [ 112.254520584000034, -8.185291351999979, 0.0 ], [ 112.254484177000109, -8.185322091999979, 0.0 ], [ 112.254443838000043, -8.185324131999948, 0.0 ], [ 112.254378518000067, -8.185324334999962, 0.0 ], [ 112.254268849000027, -8.185272991999966, 0.0 ], [ 112.254159162000064, -8.185215906999929, 0.0 ], [ 112.254099587000042, -8.185210349999977, 0.0 ], [ 112.253988266000079, -8.185245150999947, 0.0 ], [ 112.253917296000054, -8.185281740999926, 0.0 ], [ 112.253850193000062, -8.185325974999955, 0.0 ], [ 112.253740907000065, -8.185397139999964, 0.0 ], [ 112.253677651000089, -8.185443275999944, 0.0 ], [ 112.253589391000105, -8.185479919999977, 0.0 ], [ 112.253503033000015, -8.18551081499993, 0.0 ], [ 112.253412147000063, -8.185544062999952, 0.0 ], [ 112.253397488000019, -8.185549425999966, 0.0 ], [ 112.253330384000037, -8.185593660999928, 0.0 ], [ 112.253267105000077, -8.185632140999928, 0.0 ], [ 112.253207871000086, -8.185735690999934, 0.0 ], [ 112.253157387000101, -8.186179938999942, 0.0 ], [ 112.253121231000023, -8.18650241399996, 0.0 ], [ 112.253093838000041, -8.186746734999929, 0.0 ], [ 112.253054469000062, -8.1870588699999, 0.0 ], [ 112.253021835000027, -8.187231951999934, 0.0 ], [ 112.252997772000072, -8.187359572999981, 0.0 ], [ 112.252906710000047, -8.187729293999951, 0.0 ], [ 112.252853431000062, -8.187894078999932, 0.0 ], [ 112.252792426000042, -8.188045488999933, 0.0 ], [ 112.25280981800006, -8.188077975999931, 0.0 ], [ 112.252779659000112, -8.188263745999961, 0.0 ], [ 112.252725778000013, -8.188485947999936, 0.0 ], [ 112.252711376000093, -8.18854534299993, 0.0 ], [ 112.252660114000037, -8.188740748999976, 0.0 ], [ 112.252575239000066, -8.189246357999934, 0.0 ], [ 112.252573834000032, -8.18926034499998, 0.0 ], [ 112.251968768000097, -8.189126672999976, 0.0 ], [ 112.25150644100006, -8.189086989999964, 0.0 ], [ 112.249528181000073, -8.188599714999953, 0.0 ], [ 112.249534447000087, -8.187962381999967, 0.0 ], [ 112.249129384000071, -8.187758050999946, 0.0 ], [ 112.249228402000085, -8.187408445999949, 0.0 ], [ 112.248490365000066, -8.187358833999951, 0.0 ], [ 112.24740026500001, -8.18715462199998, 0.0 ], [ 112.247383496000111, -8.187344955999947, 0.0 ], [ 112.24643276300003, -8.187291671999958, 0.0 ], [ 112.245833859000072, -8.187319468999931, 0.0 ], [ 112.24417509400007, -8.18709538, 0.0 ], [ 112.243315107000058, -8.18691206799997, 0.0 ], [ 112.242498257000079, -8.186642131999974, 0.0 ], [ 112.240522335000037, -8.186319534999939, 0.0 ], [ 112.239853333000042, -8.186213645999942, 0.0 ], [ 112.238490115000104, -8.186058918999947, 0.0 ], [ 112.238325857000063, -8.186028904999944, 0.0 ], [ 112.238273148000076, -8.18609784399996, 0.0 ], [ 112.23796943800005, -8.186098164999976, 0.0 ], [ 112.236962186000028, -8.186014758999931, 0.0 ], [ 112.236285262000024, -8.186077376999947, 0.0 ], [ 112.235829342000102, -8.186073520999969, 0.0 ], [ 112.235746715, -8.186072821999971, 0.0 ], [ 112.235534337000104, -8.186071025999979, 0.0 ], [ 112.234475580000094, -8.185778489999961, 0.0 ], [ 112.234404789000109, -8.185799431999953, 0.0 ], [ 112.23423351200006, -8.185850100999971, 0.0 ], [ 112.233838458000037, -8.185966968999935, 0.0 ], [ 112.233393518000071, -8.18592244499996, 0.0 ], [ 112.232800248000103, -8.185863077999954, 0.0 ], [ 112.232274868000104, -8.185810504999949, 0.0 ], [ 112.231386982000117, -8.185721656999931, 0.0 ], [ 112.231369966000102, -8.185719953999978, 0.0 ], [ 112.231601753000064, -8.184368882999934, 0.0 ], [ 112.232138906000046, -8.181643658999974, 0.0 ], [ 112.232478075000017, -8.179966871999966, 0.0 ], [ 112.232551363000084, -8.17960454599995, 0.0 ], [ 112.232594493000079, -8.179391321999958, 0.0 ], [ 112.232862146000116, -8.177924612999959, 0.0 ], [ 112.232896760000017, -8.177734930999975, 0.0 ], [ 112.232996857000103, -8.177186412999959, 0.0 ], [ 112.233464183000024, -8.175623123999969, 0.0 ], [ 112.233528110000066, -8.175409274999936, 0.0 ], [ 112.234747135000021, -8.175503482999943, 0.0 ], [ 112.236193916000047, -8.175845876999972, 0.0 ], [ 112.237825352000073, -8.176119144999973, 0.0 ], [ 112.239914376000115, -8.175789602999942, 0.0 ], [ 112.242031865000058, -8.175926720999939, 0.0 ], [ 112.244420560000094, -8.17636818099993, 0.0 ], [ 112.245782183000074, -8.176785863999953, 0.0 ], [ 112.248119206000069, -8.177990425999951, 0.0 ], [ 112.250465278000092, -8.179203919999964, 0.0 ], [ 112.251813085000094, -8.179773043999944, 0.0 ], [ 112.252004293000027, -8.17986192199993, 0.0 ], [ 112.2518822830001, -8.180133994999949, 0.0 ], [ 112.2518820680001, -8.180134473999942, 0.0 ], [ 112.251754082000048, -8.18048480799996, 0.0 ], [ 112.252369075000047, -8.180682296999976, 0.0 ], [ 112.253444122000019, -8.181166062999978, 0.0 ], [ 112.253491377000046, -8.181187326999975, 0.0 ], [ 112.253578741000069, -8.181233659999975, 0.0 ], [ 112.253571210000018, -8.18124878499998, 0.0 ], [ 112.253559648000078, -8.181272002999947, 0.0 ], [ 112.25363595500005, -8.18130972199998, 0.0 ], [ 112.25381941, -8.181400404999977, 0.0 ], [ 112.253763538000044, -8.181587844999967, 0.0 ], [ 112.253644210000061, -8.181988172999979, 0.0 ], [ 112.253900191000071, -8.182059159999937, 0.0 ], [ 112.254235346000087, -8.182245345999945, 0.0 ], [ 112.254427030000102, -8.182351830999949, 0.0 ], [ 112.254537991, -8.182399595999925, 0.0 ] ] ] ] } },
{ "type": "Feature", "properties": { "OBJECTID": 116197.0, "KDPPUM": "35", "NAMOBJ": "Bacem", "REMARK": null, "KDPBPS": null, "FCODE": "BA03070040", "LUASWH": 4.6347398, "UUPP": "Hasil Delineasi Batas Desa 2019", "SRS_ID": "SRGI 2013", "METADATA": "TASWIL1000020200326DATA_BATAS_DESA_KELURAHAN", "KDEBPS": null, "KDEPUM": "35.05.12.2009", "KDCBPS": null, "KDCPUM": "35.05.12", "KDBBPS": null, "WADMKD": "Bacem", "WIADKD": null, "WADMKC": "Sutojayan", "WIADKC": null, "WADMKK": "Blitar", "WIADKK": null, "WADMPR": "Jawa Timur", "WIADPR": null, "TIPADM": 1.0, "KDPKAB": "35.05", "SHAPE_Leng": 0.090764689949392005, "SHAPE_Area": 0.00032533425347199999 }, "geometry": { "type": "MultiPolygon", "coordinates": [ [ [ [ 112.252495662000115, -8.190747803999955, 0.0 ], [ 112.253351145000011, -8.191003085999967, 0.0 ], [ 112.254603003000057, -8.191366719999962, 0.0 ], [ 112.2542994370001, -8.191976373999978, 0.0 ], [ 112.25414008000007, -8.192311255999925, 0.0 ], [ 112.253898528000036, -8.192818863999946, 0.0 ], [ 112.253803180000091, -8.193019233999962, 0.0 ], [ 112.254153166000037, -8.193121511999948, 0.0 ], [ 112.254120858000078, -8.193181701999947, 0.0 ], [ 112.253880856000023, -8.193149048999942, 0.0 ], [ 112.253595321000034, -8.193149048999942, 0.0 ], [ 112.253300268000089, -8.193206155999974, 0.0 ], [ 112.252957625000022, -8.193348922999974, 0.0 ], [ 112.252291376000016, -8.193663011999945, 0.0 ], [ 112.251863073000095, -8.193958064999947, 0.0 ], [ 112.25154898400001, -8.19420552899993, 0.0 ], [ 112.250682860000097, -8.194557689999954, 0.0 ], [ 112.249978540000029, -8.194700456999954, 0.0 ], [ 112.249769147000052, -8.194700456999954, 0.0 ], [ 112.248538030000077, -8.195431722999956, 0.0 ], [ 112.248503274000086, -8.195452366999973, 0.0 ], [ 112.248303399000065, -8.195633205999968, 0.0 ], [ 112.248113043000103, -8.195852115999969, 0.0 ], [ 112.247418240000115, -8.196204276999936, 0.0 ], [ 112.246837651000078, -8.19628993699996, 0.0 ], [ 112.245942974000059, -8.196270901999981, 0.0 ], [ 112.245505153000067, -8.196451740999976, 0.0 ], [ 112.245628885000087, -8.196661132999964, 0.0 ], [ 112.245752617000107, -8.197079917999929, 0.0 ], [ 112.24590490300011, -8.197670024999979, 0.0 ], [ 112.245933456000103, -8.198345791999941, 0.0 ], [ 112.245866831000058, -8.198726504999968, 0.0 ], [ 112.245733582000071, -8.198983486999964, 0.0 ], [ 112.24589538500004, -8.199392753999973, 0.0 ], [ 112.24613333100001, -8.200068520999935, 0.0 ], [ 112.246192940000014, -8.200657545999945, 0.0 ], [ 112.246544185000062, -8.201062342999933, 0.0 ], [ 112.246739010000056, -8.201090174999933, 0.0 ], [ 112.246817039, -8.201543340999933, 0.0 ], [ 112.246788486000014, -8.201790804999973, 0.0 ], [ 112.24668379000002, -8.201971643999968, 0.0 ], [ 112.246312594000074, -8.202123928999981, 0.0 ], [ 112.245402043000013, -8.20263278699997, 0.0 ], [ 112.244697723000058, -8.202975429999981, 0.0 ], [ 112.244450259000018, -8.203089643999931, 0.0 ], [ 112.244031474000053, -8.203165785999943, 0.0 ], [ 112.243136796000044, -8.203070607999962, 0.0 ], [ 112.242127905000075, -8.202956393999955, 0.0 ], [ 112.23862533800002, -8.202175930999942, 0.0 ], [ 112.23779490600009, -8.201659587999927, 0.0 ], [ 112.237238113000103, -8.201231284999949, 0.0 ], [ 112.237035644000116, -8.201168985999971, 0.0 ], [ 112.23669411100002, -8.201063898999962, 0.0 ], [ 112.236681319000013, -8.201059962999977, 0.0 ], [ 112.236224462000109, -8.201059962999977, 0.0 ], [ 112.235838990000047, -8.201159900999926, 0.0 ], [ 112.235596285000042, -8.201245560999951, 0.0 ], [ 112.235310749000064, -8.201374051999949, 0.0 ], [ 112.23489672300002, -8.201402605999931, 0.0 ], [ 112.234468420000098, -8.201359775999947, 0.0 ], [ 112.23172446500007, -8.200734104999981, 0.0 ], [ 112.230267348000098, -8.200401855999928, 0.0 ], [ 112.229814044000022, -8.20029849499997, 0.0 ], [ 112.229678565000086, -8.200267602999929, 0.0 ], [ 112.227893969000093, -8.199898785999949, 0.0 ], [ 112.22742895500005, -8.199816283999951, 0.0 ], [ 112.22734313400008, -8.199606062999976, 0.0 ], [ 112.227022740000052, -8.199039552999977, 0.0 ], [ 112.227028450000034, -8.198954843999957, 0.0 ], [ 112.22697216600011, -8.198735705999979, 0.0 ], [ 112.227405714000042, -8.198070517999952, 0.0 ], [ 112.227917298000079, -8.19737452499993, 0.0 ], [ 112.22924979600009, -8.196161, 0.0 ], [ 112.229606715000045, -8.195839772999932, 0.0 ], [ 112.229975532000026, -8.194459685999959, 0.0 ], [ 112.229999326000097, -8.194090868999979, 0.0 ], [ 112.229941607000114, -8.193513675999952, 0.0 ], [ 112.229939840000043, -8.19349600399994, 0.0 ], [ 112.229820867000058, -8.192996316999938, 0.0 ], [ 112.229689996000047, -8.192794062999951, 0.0 ], [ 112.229463948000102, -8.192591808999964, 0.0 ], [ 112.229142720000027, -8.192686986999945, 0.0 ], [ 112.228821493000055, -8.192829754999934, 0.0 ], [ 112.228631136000104, -8.192948727999976, 0.0 ], [ 112.228143347000014, -8.192960624999955, 0.0 ], [ 112.227442530000076, -8.192921174999981, 0.0 ], [ 112.226941719000024, -8.19293683099994, 0.0 ], [ 112.226013729000101, -8.192996316999938, 0.0 ], [ 112.225418864000062, -8.19311529, 0.0 ], [ 112.225180918000092, -8.193150981999963, 0.0 ], [ 112.22509763700009, -8.193234262999965, 0.0 ], [ 112.22402541200006, -8.192660270999966, 0.0 ], [ 112.227640695000105, -8.190471522999928, 0.0 ], [ 112.227725932000112, -8.189756992999946, 0.0 ], [ 112.227725638000038, -8.189094180999973, 0.0 ], [ 112.227700904000017, -8.18885976599995, 0.0 ], [ 112.227634136, -8.188230674999943, 0.0 ], [ 112.22908793900001, -8.188337300999933, 0.0 ], [ 112.229101997000043, -8.188204612999925, 0.0 ], [ 112.229153057000076, -8.187469403999955, 0.0 ], [ 112.229196879000028, -8.187193625999953, 0.0 ], [ 112.229322640000078, -8.186071040999934, 0.0 ], [ 112.229406744000016, -8.186087533999967, 0.0 ], [ 112.229454782000062, -8.185584886999948, 0.0 ], [ 112.229473005000045, -8.18539420299993, 0.0 ], [ 112.229484371000012, -8.185275270999966, 0.0 ], [ 112.229484607000018, -8.185272804999954, 0.0 ], [ 112.229641907000087, -8.185302410999952, 0.0 ], [ 112.231122637000112, -8.185660192999933, 0.0 ], [ 112.231369966000102, -8.185719953999978, 0.0 ], [ 112.231386982000117, -8.185721656999931, 0.0 ], [ 112.232274868000104, -8.185810504999949, 0.0 ], [ 112.232800248000103, -8.185863077999954, 0.0 ], [ 112.233393518000071, -8.18592244499996, 0.0 ], [ 112.233838458000037, -8.185966968999935, 0.0 ], [ 112.23423351200006, -8.185850100999971, 0.0 ], [ 112.234404789000109, -8.185799431999953, 0.0 ], [ 112.234475580000094, -8.185778489999961, 0.0 ], [ 112.235534337000104, -8.186071025999979, 0.0 ], [ 112.235746715, -8.186072821999971, 0.0 ], [ 112.235829342000102, -8.186073520999969, 0.0 ], [ 112.236285262000024, -8.186077376999947, 0.0 ], [ 112.236962186000028, -8.186014758999931, 0.0 ], [ 112.23796943800005, -8.186098164999976, 0.0 ], [ 112.238273148000076, -8.18609784399996, 0.0 ], [ 112.238325857000063, -8.186028904999944, 0.0 ], [ 112.238490115000104, -8.186058918999947, 0.0 ], [ 112.239853333000042, -8.186213645999942, 0.0 ], [ 112.240522335000037, -8.186319534999939, 0.0 ], [ 112.242498257000079, -8.186642131999974, 0.0 ], [ 112.243315107000058, -8.18691206799997, 0.0 ], [ 112.24417509400007, -8.18709538, 0.0 ], [ 112.245833859000072, -8.187319468999931, 0.0 ], [ 112.24643276300003, -8.187291671999958, 0.0 ], [ 112.247383496000111, -8.187344955999947, 0.0 ], [ 112.24740026500001, -8.18715462199998, 0.0 ], [ 112.248490365000066, -8.187358833999951, 0.0 ], [ 112.249228402000085, -8.187408445999949, 0.0 ], [ 112.249129384000071, -8.187758050999946, 0.0 ], [ 112.249534447000087, -8.187962381999967, 0.0 ], [ 112.249528181000073, -8.188599714999953, 0.0 ], [ 112.25150644100006, -8.189086989999964, 0.0 ], [ 112.251968768000097, -8.189126672999976, 0.0 ], [ 112.252573834000032, -8.18926034499998, 0.0 ], [ 112.252467172000024, -8.190322465999941, 0.0 ], [ 112.252443077000066, -8.190549258999965, 0.0 ], [ 112.252424247000022, -8.190726492999943, 0.0 ], [ 112.252495662000115, -8.190747803999955, 0.0 ] ] ] ] } },
{ "type": "Feature", "properties": { "OBJECTID": 113919.0, "KDPPUM": "35", "NAMOBJ": "Kelurahan Sutojayan", "REMARK": null, "KDPBPS": null, "FCODE": "BA03070040", "LUASWH": null, "UUPP": "Ajudikasi 2015", "SRS_ID": "SRGI 2013", "METADATA": "TASWIL1000020200326DATA_BATAS_DESA_KELURAHAN", "KDEBPS": null, "KDEPUM": "35.05.12.1005", "KDCBPS": null, "KDCPUM": "35.05.12", "KDBBPS": null, "WADMKD": "Kelurahan Sutojayan", "WIADKD": null, "WADMKC": "Sutojayan", "WIADKC": null, "WADMKK": "Blitar", "WIADKK": null, "WADMPR": "Jawa Timur", "WIADPR": null, "TIPADM": 2.0, "KDPKAB": "35.05", "SHAPE_Leng": 0.097288636154965996, "SHAPE_Area": 0.00040128859508299999 }, "geometry": { "type": "MultiPolygon", "coordinates": [ [ [ [ 112.228297946000112, -8.174510660999943, 0.0 ], [ 112.228604080000082, -8.174360105999938, 0.0 ], [ 112.229548489000081, -8.174644493999949, 0.0 ], [ 112.230419942000026, -8.174641842999961, 0.0 ], [ 112.231141273000048, -8.174828975999958, 0.0 ], [ 112.231606526000064, -8.174840616999973, 0.0 ], [ 112.232171045000086, -8.175171854999974, 0.0 ], [ 112.233528110000066, -8.175409274999936, 0.0 ], [ 112.233464183000024, -8.175623123999969, 0.0 ], [ 112.232996857000103, -8.177186412999959, 0.0 ], [ 112.232896760000017, -8.177734930999975, 0.0 ], [ 112.232862146000116, -8.177924612999959, 0.0 ], [ 112.232594493000079, -8.179391321999958, 0.0 ], [ 112.232551363000084, -8.17960454599995, 0.0 ], [ 112.232478075000017, -8.179966871999966, 0.0 ], [ 112.232138906000046, -8.181643658999974, 0.0 ], [ 112.231601753000064, -8.184368882999934, 0.0 ], [ 112.231369966000102, -8.185719953999978, 0.0 ], [ 112.231122637000112, -8.185660192999933, 0.0 ], [ 112.229641907000087, -8.185302410999952, 0.0 ], [ 112.229484607000018, -8.185272804999954, 0.0 ], [ 112.229484371000012, -8.185275270999966, 0.0 ], [ 112.229473005000045, -8.18539420299993, 0.0 ], [ 112.229454782000062, -8.185584886999948, 0.0 ], [ 112.229406744000016, -8.186087533999967, 0.0 ], [ 112.229322640000078, -8.186071040999934, 0.0 ], [ 112.229196879000028, -8.187193625999953, 0.0 ], [ 112.229153057000076, -8.187469403999955, 0.0 ], [ 112.229101997000043, -8.188204612999925, 0.0 ], [ 112.22908793900001, -8.188337300999933, 0.0 ], [ 112.227634136, -8.188230674999943, 0.0 ], [ 112.227700904000017, -8.18885976599995, 0.0 ], [ 112.227725638000038, -8.189094180999973, 0.0 ], [ 112.227725932000112, -8.189756992999946, 0.0 ], [ 112.227640695000105, -8.190471522999928, 0.0 ], [ 112.22402541200006, -8.192660270999966, 0.0 ], [ 112.22509763700009, -8.193234262999965, 0.0 ], [ 112.225180918000092, -8.193150981999963, 0.0 ], [ 112.225418864000062, -8.19311529, 0.0 ], [ 112.226013729000101, -8.192996316999938, 0.0 ], [ 112.226941719000024, -8.19293683099994, 0.0 ], [ 112.227442530000076, -8.192921174999981, 0.0 ], [ 112.228143347000014, -8.192960624999955, 0.0 ], [ 112.228631136000104, -8.192948727999976, 0.0 ], [ 112.228821493000055, -8.192829754999934, 0.0 ], [ 112.229142720000027, -8.192686986999945, 0.0 ], [ 112.229463948000102, -8.192591808999964, 0.0 ], [ 112.229689996000047, -8.192794062999951, 0.0 ], [ 112.229820867000058, -8.192996316999938, 0.0 ], [ 112.229939840000043, -8.19349600399994, 0.0 ], [ 112.229941607000114, -8.193513675999952, 0.0 ], [ 112.229999326000097, -8.194090868999979, 0.0 ], [ 112.229975532000026, -8.194459685999959, 0.0 ], [ 112.229606715000045, -8.195839772999932, 0.0 ], [ 112.22924979600009, -8.196161, 0.0 ], [ 112.227917298000079, -8.19737452499993, 0.0 ], [ 112.227405714000042, -8.198070517999952, 0.0 ], [ 112.22697216600011, -8.198735705999979, 0.0 ], [ 112.227028450000034, -8.198954843999957, 0.0 ], [ 112.227022740000052, -8.199039552999977, 0.0 ], [ 112.22734313400008, -8.199606062999976, 0.0 ], [ 112.22742895500005, -8.199816283999951, 0.0 ], [ 112.227893969000093, -8.199898785999949, 0.0 ], [ 112.229678565000086, -8.200267602999929, 0.0 ], [ 112.229814044000022, -8.20029849499997, 0.0 ], [ 112.230267348000098, -8.200401855999928, 0.0 ], [ 112.23172446500007, -8.200734104999981, 0.0 ], [ 112.234468420000098, -8.201359775999947, 0.0 ], [ 112.23489672300002, -8.201402605999931, 0.0 ], [ 112.235310749000064, -8.201374051999949, 0.0 ], [ 112.235596285000042, -8.201245560999951, 0.0 ], [ 112.235838990000047, -8.201159900999926, 0.0 ], [ 112.236224462000109, -8.201059962999977, 0.0 ], [ 112.236681319000013, -8.201059962999977, 0.0 ], [ 112.23669411100002, -8.201063898999962, 0.0 ], [ 112.237035644000116, -8.201168985999971, 0.0 ], [ 112.237238113000103, -8.201231284999949, 0.0 ], [ 112.23779490600009, -8.201659587999927, 0.0 ], [ 112.23862533800002, -8.202175930999942, 0.0 ], [ 112.242127905000075, -8.202956393999955, 0.0 ], [ 112.243136796000044, -8.203070607999962, 0.0 ], [ 112.244031474000053, -8.203165785999943, 0.0 ], [ 112.244450259000018, -8.203089643999931, 0.0 ], [ 112.244697723000058, -8.202975429999981, 0.0 ], [ 112.245402043000013, -8.20263278699997, 0.0 ], [ 112.246312594000074, -8.202123928999981, 0.0 ], [ 112.24668379000002, -8.201971643999968, 0.0 ], [ 112.246788486000014, -8.201790804999973, 0.0 ], [ 112.246817039, -8.201543340999933, 0.0 ], [ 112.246739010000056, -8.201090174999933, 0.0 ], [ 112.246544185000062, -8.201062342999933, 0.0 ], [ 112.246192940000014, -8.200657545999945, 0.0 ], [ 112.24613333100001, -8.200068520999935, 0.0 ], [ 112.24589538500004, -8.199392753999973, 0.0 ], [ 112.245733582000071, -8.198983486999964, 0.0 ], [ 112.245866831000058, -8.198726504999968, 0.0 ], [ 112.245933456000103, -8.198345791999941, 0.0 ], [ 112.24590490300011, -8.197670024999979, 0.0 ], [ 112.245752617000107, -8.197079917999929, 0.0 ], [ 112.245628885000087, -8.196661132999964, 0.0 ], [ 112.245505153000067, -8.196451740999976, 0.0 ], [ 112.245942974000059, -8.196270901999981, 0.0 ], [ 112.246837651000078, -8.19628993699996, 0.0 ], [ 112.247418240000115, -8.196204276999936, 0.0 ], [ 112.248113043000103, -8.195852115999969, 0.0 ], [ 112.248303399000065, -8.195633205999968, 0.0 ], [ 112.248503274000086, -8.195452366999973, 0.0 ], [ 112.248538030000077, -8.195431722999956, 0.0 ], [ 112.249769147000052, -8.194700456999954, 0.0 ], [ 112.249978540000029, -8.194700456999954, 0.0 ], [ 112.250682860000097, -8.194557689999954, 0.0 ], [ 112.25154898400001, -8.19420552899993, 0.0 ], [ 112.251863073000095, -8.193958064999947, 0.0 ], [ 112.252291376000016, -8.193663011999945, 0.0 ], [ 112.252957625000022, -8.193348922999974, 0.0 ], [ 112.253300268000089, -8.193206155999974, 0.0 ], [ 112.253595321000034, -8.193149048999942, 0.0 ], [ 112.253880856000023, -8.193149048999942, 0.0 ], [ 112.254120858000078, -8.193181701999947, 0.0 ], [ 112.253974094000114, -8.193455125999947, 0.0 ], [ 112.253927775000079, -8.193541418999928, 0.0 ], [ 112.25478173800002, -8.1939127699999, 0.0 ], [ 112.25497564200009, -8.193990264999968, 0.0 ], [ 112.255033527000023, -8.193998798999928, 0.0 ], [ 112.255030433000115, -8.194057112999928, 0.0 ], [ 112.254863693000061, -8.194800334999968, 0.0 ], [ 112.254819021000117, -8.194951560999925, 0.0 ], [ 112.254567124, -8.195804289999955, 0.0 ], [ 112.254072185000041, -8.19726826699997, 0.0 ], [ 112.253676212000073, -8.198433321999971, 0.0 ], [ 112.25358911, -8.19894620599996, 0.0 ], [ 112.253563023000083, -8.19909981099994, 0.0 ], [ 112.253564809000068, -8.199669842999981, 0.0 ], [ 112.253565038000033, -8.199742970999978, 0.0 ], [ 112.253838140000084, -8.201059079999936, 0.0 ], [ 112.25384203100009, -8.201079148999952, 0.0 ], [ 112.254004281000107, -8.201915931999963, 0.0 ], [ 112.254103727000029, -8.202428809999958, 0.0 ], [ 112.254376018000016, -8.203484591999938, 0.0 ], [ 112.25474836, -8.204586002999974, 0.0 ], [ 112.255020246000072, -8.205511620999971, 0.0 ], [ 112.255183340000031, -8.206054740999946, 0.0 ], [ 112.255169267000042, -8.206468247999965, 0.0 ], [ 112.255086053000014, -8.206889627999942, 0.0 ], [ 112.254902955000034, -8.207318974999964, 0.0 ], [ 112.254558589000112, -8.20778710899998, 0.0 ], [ 112.254023955000093, -8.208443785999975, 0.0 ], [ 112.253946130000031, -8.208539375999976, 0.0 ], [ 112.253225740000062, -8.209184783999945, 0.0 ], [ 112.252658379000081, -8.209615326999938, 0.0 ], [ 112.252382062000038, -8.209846827999968, 0.0 ], [ 112.252098822000107, -8.210084127999949, 0.0 ], [ 112.25145499100006, -8.210637414999951, 0.0 ], [ 112.250818675, -8.211137080999947, 0.0 ], [ 112.250396801000079, -8.211398720999966, 0.0 ], [ 112.250097053000104, -8.211391994999929, 0.0 ], [ 112.249927594000042, -8.211270012999933, 0.0 ], [ 112.249457023000105, -8.21070487399993, 0.0 ], [ 112.249156318000018, -8.210391880999964, 0.0 ], [ 112.248663530000044, -8.210094795999964, 0.0 ], [ 112.24832497400007, -8.209965680999971, 0.0 ], [ 112.248040693, -8.209989531999952, 0.0 ], [ 112.247065888000066, -8.210383046999937, 0.0 ], [ 112.246628355000098, -8.210552850999932, 0.0 ], [ 112.246421642000087, -8.210806163999962, 0.0 ], [ 112.246139102000029, -8.211388951999936, 0.0 ], [ 112.245894893000013, -8.211940993999974, 0.0 ], [ 112.245742023000048, -8.212209453999947, 0.0 ], [ 112.2455348310001, -8.212309632999961, 0.0 ], [ 112.24535048000007, -8.21234083, 0.0 ], [ 112.245042687000023, -8.212219273999949, 0.0 ], [ 112.244626728000071, -8.211914289999982, 0.0 ], [ 112.244280033000109, -8.211639717999958, 0.0 ], [ 112.243948375000059, -8.211257904999968, 0.0 ], [ 112.243594090000101, -8.21101398299993, 0.0 ], [ 112.242955357000028, -8.210740311999928, 0.0 ], [ 112.242093966000084, -8.210536237999975, 0.0 ], [ 112.241386447000082, -8.210385283999926, 0.0 ], [ 112.240555965000112, -8.210234707999973, 0.0 ], [ 112.239325494000013, -8.209970509999948, 0.0 ], [ 112.238944414000116, -8.209888397999975, 0.0 ], [ 112.238379568000028, -8.209766687999945, 0.0 ], [ 112.23746398000003, -8.209432603999971, 0.0 ], [ 112.237165488000073, -8.209831673999929, 0.0 ], [ 112.237055813000097, -8.209894203999966, 0.0 ], [ 112.236827929000015, -8.210024130999955, 0.0 ], [ 112.236552113000016, -8.210300621999977, 0.0 ], [ 112.236147423000034, -8.211151767999979, 0.0 ], [ 112.235857537000015, -8.211849424999969, 0.0 ], [ 112.235751766000021, -8.212439321999966, 0.0 ], [ 112.235707431000037, -8.213013716999967, 0.0 ], [ 112.235347120000029, -8.213305780999974, 0.0 ], [ 112.2348331500001, -8.213613628999951, 0.0 ], [ 112.234357275000093, -8.213814165999963, 0.0 ], [ 112.233466461000035, -8.214038943999981, 0.0 ], [ 112.23234482600003, -8.214180201999966, 0.0 ], [ 112.231629947000101, -8.214136448999966, 0.0 ], [ 112.230830789000038, -8.214177177999943, 0.0 ], [ 112.229670206000037, -8.214150098999937, 0.0 ], [ 112.229572670000039, -8.214197740999964, 0.0 ], [ 112.2296, -8.21416, 0.0 ], [ 112.22923, -8.21399, 0.0 ], [ 112.229069999000103, -8.213819998999952, 0.0 ], [ 112.228390000000104, -8.2136, 0.0 ], [ 112.22755019300007, -8.213488627999936, 0.0 ], [ 112.22718851500008, -8.213555252999981, 0.0 ], [ 112.226017820000038, -8.214069216999974, 0.0 ], [ 112.224894715, -8.214583179999977, 0.0 ], [ 112.224314126000081, -8.214783054999941, 0.0 ], [ 112.223803732000079, -8.21483064399996, 0.0 ], [ 112.221085198000083, -8.214515365999944, 0.0 ], [ 112.219937108000067, -8.214366648999942, 0.0 ], [ 112.219651573000078, -8.214158446999932, 0.0 ], [ 112.219080502000111, -8.213640913999939, 0.0 ], [ 112.218366664000087, -8.213248302999943, 0.0 ], [ 112.217700135000086, -8.212870230999954, 0.0 ], [ 112.21756, -8.212629998999944, 0.0 ], [ 112.217469975000085, -8.212237746999961, 0.0 ], [ 112.217315735000057, -8.211465689999955, 0.0 ], [ 112.217006405, -8.211227743999927, 0.0 ], [ 112.216417488000047, -8.211007643999949, 0.0 ], [ 112.21597728800009, -8.210924361999957, 0.0 ], [ 112.215327928000079, -8.211037860999966, 0.0 ], [ 112.214567458000033, -8.211001694999936, 0.0 ], [ 112.213960695000083, -8.210852978999981, 0.0 ], [ 112.213591878000102, -8.210769696999932, 0.0 ], [ 112.213234959000033, -8.210739953999962, 0.0 ], [ 112.212878040000078, -8.210817286999941, 0.0 ], [ 112.21256595300008, -8.211061532999963, 0.0 ], [ 112.212158253000098, -8.211120667999978, 0.0 ], [ 112.2118905640001, -8.21116825699994, 0.0 ], [ 112.211634772000025, -8.211209897999936, 0.0 ], [ 112.211289750000105, -8.211287229999925, 0.0 ], [ 112.210666494000066, -8.211350885999934, 0.0 ], [ 112.21049, -8.21132, 0.0 ], [ 112.21034, -8.21126, 0.0 ], [ 112.210189999000022, -8.21104, 0.0 ], [ 112.21009, -8.2109, 0.0 ], [ 112.20983999900011, -8.21085, 0.0 ], [ 112.20962, -8.21095, 0.0 ], [ 112.20955, -8.2111, 0.0 ], [ 112.20948, -8.21127, 0.0 ], [ 112.20929, -8.211499998999955, 0.0 ], [ 112.208938535000016, -8.211413519999951, 0.0 ], [ 112.208424879000063, -8.210936259999926, 0.0 ], [ 112.207794322000041, -8.210341393999954, 0.0 ], [ 112.207098329000019, -8.209800066999946, 0.0 ], [ 112.20677115400008, -8.20958591599998, 0.0 ], [ 112.206390440000064, -8.209377712999981, 0.0 ], [ 112.205551680000099, -8.209062433999975, 0.0 ], [ 112.204868120000015, -8.208760280999968, 0.0 ], [ 112.204001461000075, -8.208358113999964, 0.0 ], [ 112.203580296000041, -8.208215345999974, 0.0 ], [ 112.203009226000063, -8.208206065999946, 0.0 ], [ 112.202438155000095, -8.20831076199994, 0.0 ], [ 112.202057441000079, -8.208358351999948, 0.0 ], [ 112.201619620000088, -8.208348833999935, 0.0 ], [ 112.201235337000071, -8.208277449999969, 0.0 ], [ 112.200360977000059, -8.207689473999949, 0.0 ], [ 112.200129999000069, -8.20742, 0.0 ], [ 112.200029999000094, -8.20731, 0.0 ], [ 112.199870594000117, -8.207124026999963, 0.0 ], [ 112.199009352000076, -8.206198990999951, 0.0 ], [ 112.198152746, -8.205649334999976, 0.0 ], [ 112.197750270000029, -8.205422130999978, 0.0 ], [ 112.198181663000014, -8.205626474999974, 0.0 ], [ 112.198676903000091, -8.205906067999933, 0.0 ], [ 112.198842970000101, -8.205999822999956, 0.0 ], [ 112.198657555000068, -8.205340939999928, 0.0 ], [ 112.198800322000011, -8.205102993999958, 0.0 ], [ 112.199035240000057, -8.204904039999974, 0.0 ], [ 112.199195895000116, -8.204472278999958, 0.0 ], [ 112.198967467000102, -8.203672779999977, 0.0 ], [ 112.199557573000106, -8.202340281999966, 0.0 ], [ 112.204640102000099, -8.197219681999968, 0.0 ], [ 112.205206979000081, -8.1969643199999, 0.0 ], [ 112.205164097000079, -8.199023076999936, 0.0 ], [ 112.205211009000095, -8.199015015999976, 0.0 ], [ 112.207732410000062, -8.198581746999935, 0.0 ], [ 112.209521296000048, -8.197710857999937, 0.0 ], [ 112.209365666000053, -8.1961667899999, 0.0 ], [ 112.209319685000082, -8.194799279999927, 0.0 ], [ 112.209588914000051, -8.192462917999933, 0.0 ], [ 112.209596537000039, -8.192396762999977, 0.0 ], [ 112.209879680000086, -8.190027825999948, 0.0 ], [ 112.209884854000052, -8.189963017999958, 0.0 ], [ 112.209958350000079, -8.189042394999944, 0.0 ], [ 112.210066045000076, -8.188295059999973, 0.0 ], [ 112.210627199000101, -8.186078831999964, 0.0 ], [ 112.210757166, -8.184379543999967, 0.0 ], [ 112.211925480000104, -8.184690601999932, 0.0 ], [ 112.211988646, -8.184612886999957, 0.0 ], [ 112.212143271000059, -8.184601893999968, 0.0 ], [ 112.212057758000014, -8.184437049999929, 0.0 ], [ 112.212083438000036, -8.184192909999979, 0.0 ], [ 112.212168071000065, -8.183816300999979, 0.0 ], [ 112.212219871000116, -8.183755507999933, 0.0 ], [ 112.212534246000018, -8.183386555999959, 0.0 ], [ 112.212806347000082, -8.18295186499995, 0.0 ], [ 112.212859006000031, -8.182867739999949, 0.0 ], [ 112.213220482000111, -8.182575782999947, 0.0 ], [ 112.213235251000015, -8.182563853999966, 0.0 ], [ 112.21311941700003, -8.182540155999959, 0.0 ], [ 112.212465197000029, -8.181892236999943, 0.0 ], [ 112.212019977000068, -8.181728146999944, 0.0 ], [ 112.210586846000069, -8.180373594999935, 0.0 ], [ 112.210511329000042, -8.180179907999957, 0.0 ], [ 112.210478329000011, -8.180095268999935, 0.0 ], [ 112.210484168000107, -8.180068247999941, 0.0 ], [ 112.210601487000076, -8.179525419999948, 0.0 ], [ 112.21067008700004, -8.179126433999954, 0.0 ], [ 112.210736095000016, -8.178742528999976, 0.0 ], [ 112.210954692000087, -8.178271353999946, 0.0 ], [ 112.210977637000042, -8.178221896999958, 0.0 ], [ 112.211263708000047, -8.176738120999971, 0.0 ], [ 112.211064968000073, -8.175722532999941, 0.0 ], [ 112.210836689000075, -8.174742481999942, 0.0 ], [ 112.209993064000059, -8.174056852999968, 0.0 ], [ 112.209974794, -8.174042004999933, 0.0 ], [ 112.210225537000042, -8.173514349999948, 0.0 ], [ 112.210588965000056, -8.173213039999951, 0.0 ], [ 112.211480533000099, -8.17319235399998, 0.0 ], [ 112.211946380000086, -8.172922637999932, 0.0 ], [ 112.212118209000096, -8.172823152999968, 0.0 ], [ 112.212510596000016, -8.172342225999955, 0.0 ], [ 112.212098658000059, -8.171915154999965, 0.0 ], [ 112.211982995000085, -8.17173117599998, 0.0 ], [ 112.21196352700008, -8.171700210999973, 0.0 ], [ 112.211878726, -8.171451616999946, 0.0 ], [ 112.211918063000098, -8.170958587999962, 0.0 ], [ 112.212351855000065, -8.170670156999961, 0.0 ], [ 112.21235953200005, -8.170664866999971, 0.0 ], [ 112.212572689000012, -8.170518011999945, 0.0 ], [ 112.213517353000043, -8.170988749999935, 0.0 ], [ 112.21385250000003, -8.171022222999966, 0.0 ], [ 112.213982527000098, -8.170984539999949, 0.0 ], [ 112.214240509000092, -8.170909774999927, 0.0 ], [ 112.214436221000028, -8.171077897999965, 0.0 ], [ 112.214367317000097, -8.171322166999971, 0.0 ], [ 112.214598131000116, -8.171523136999951, 0.0 ], [ 112.215091658, -8.171900067999957, 0.0 ], [ 112.215305612000066, -8.171893613999941, 0.0 ], [ 112.215419422000082, -8.172204330999932, 0.0 ], [ 112.216131485, -8.172694228999944, 0.0 ], [ 112.217473347, -8.173286902999962, 0.0 ], [ 112.218444644000101, -8.173585424999942, 0.0 ], [ 112.21927120700002, -8.173689139999965, 0.0 ], [ 112.221486321000043, -8.174054801999944, 0.0 ], [ 112.221860545000027, -8.173922069999946, 0.0 ], [ 112.222153835000086, -8.17398174799996, 0.0 ], [ 112.222468474000038, -8.174039869999945, 0.0 ], [ 112.222769288000109, -8.174247130999959, 0.0 ], [ 112.223593455000014, -8.174215262999951, 0.0 ], [ 112.223636917000022, -8.174213582999926, 0.0 ], [ 112.225042013, -8.174556095999947, 0.0 ], [ 112.225666734000015, -8.174845500999936, 0.0 ], [ 112.226202611000076, -8.174782282999956, 0.0 ], [ 112.226520720000053, -8.174890176999952, 0.0 ], [ 112.226882371000102, -8.174830469999961, 0.0 ], [ 112.227280015000019, -8.174994215999959, 0.0 ], [ 112.228297946000112, -8.174510660999943, 0.0 ] ] ] ] } },
{ "type": "Feature", "properties": { "OBJECTID": 116199.0, "KDPPUM": "35", "NAMOBJ": "Kaulon", "REMARK": null, "KDPBPS": null, "FCODE": "BA03070040", "LUASWH": 4.13476752, "UUPP": "Hasil Delineasi Batas Desa 2019", "SRS_ID": "SRGI 2013", "METADATA": "TASWIL1000020200326DATA_BATAS_DESA_KELURAHAN", "KDEBPS": null, "KDEPUM": "35.05.12.2011", "KDCBPS": null, "KDCPUM": "35.05.12", "KDBBPS": null, "WADMKD": "Kaulon", "WIADKD": null, "WADMKC": "Sutojayan", "WIADKC": null, "WADMKK": "Blitar", "WIADKK": null, "WADMPR": "Jawa Timur", "WIADPR": null, "TIPADM": 1.0, "KDPKAB": "35.05", "SHAPE_Leng": 0.084125705862091005, "SHAPE_Area": 0.00029682727826599997 }, "geometry": { "type": "MultiPolygon", "coordinates": [ [ [ [ 112.278684118000115, -8.177228211999932, 0.0 ], [ 112.278312862, -8.177431253999941, 0.0 ], [ 112.277955405000057, -8.177354620999949, 0.0 ], [ 112.277739773, -8.177510828999971, 0.0 ], [ 112.277332248000107, -8.177736433999939, 0.0 ], [ 112.27714651000008, -8.17785366499993, 0.0 ], [ 112.276822842000115, -8.178019186999961, 0.0 ], [ 112.27649567800006, -8.178029192999929, 0.0 ], [ 112.276282269000035, -8.178037075999953, 0.0 ], [ 112.276141508000023, -8.178042274999939, 0.0 ], [ 112.275730513000099, -8.178121334999958, 0.0 ], [ 112.275205688000028, -8.178275526999926, 0.0 ], [ 112.27476058700006, -8.178402576999929, 0.0 ], [ 112.274632376000113, -8.178474734999952, 0.0 ], [ 112.274606365000068, -8.178464635999944, 0.0 ], [ 112.273945752000031, -8.179290422999941, 0.0 ], [ 112.273925516000077, -8.179314375999979, 0.0 ], [ 112.273490954000067, -8.179828747999977, 0.0 ], [ 112.273502931000053, -8.179835516999958, 0.0 ], [ 112.273539454000115, -8.179856158999939, 0.0 ], [ 112.273541754, -8.179861552999967, 0.0 ], [ 112.273558035000065, -8.179899742999964, 0.0 ], [ 112.273563929000034, -8.17992989499993, 0.0 ], [ 112.273546765000106, -8.179889633999949, 0.0 ], [ 112.273498264000068, -8.17986222199994, 0.0 ], [ 112.273433688000068, -8.179854385999931, 0.0 ], [ 112.273353041000064, -8.179867273999946, 0.0 ], [ 112.273295494000081, -8.179895019999947, 0.0 ], [ 112.273214977000066, -8.179949252999961, 0.0 ], [ 112.273157561000062, -8.180018343999961, 0.0 ], [ 112.27308860800008, -8.180084025999975, 0.0 ], [ 112.273028781000107, -8.18011981799998, 0.0 ], [ 112.272967685000026, -8.180118861999972, 0.0 ], [ 112.272920407000015, -8.180113267999957, 0.0 ], [ 112.272867329000064, -8.180096207999952, 0.0 ], [ 112.272831526, -8.180074498999943, 0.0 ], [ 112.27282338100008, -8.180050405999964, 0.0 ], [ 112.272826533000057, -8.179953921999982, 0.0 ], [ 112.272821835000059, -8.179926372999944, 0.0 ], [ 112.2728137040001, -8.179906873999926, 0.0 ], [ 112.272764135000102, -8.179905881999957, 0.0 ], [ 112.272645510000075, -8.179938412999945, 0.0 ], [ 112.27259712700004, -8.179947753999954, 0.0 ], [ 112.27256477100002, -8.179922587999954, 0.0 ], [ 112.272528932000114, -8.179889394999975, 0.0 ], [ 112.272472265000033, -8.179830998999932, 0.0 ], [ 112.272429586000044, -8.179821945999947, 0.0 ], [ 112.272377756000083, -8.179834742999958, 0.0 ], [ 112.272340946000099, -8.179858976999981, 0.0 ], [ 112.272244288000024, -8.179912112999943, 0.0 ], [ 112.272193701000106, -8.179953617999956, 0.0 ], [ 112.272121333000086, -8.180033092999963, 0.0 ], [ 112.272085702000027, -8.180065362999926, 0.0 ], [ 112.272068430000104, -8.180071159999954, 0.0 ], [ 112.272049925000033, -8.180051692999939, 0.0 ], [ 112.272040478, -8.179980515999944, 0.0 ], [ 112.272042597000109, -8.179921935999971, 0.0 ], [ 112.272006711000017, -8.179873810999936, 0.0 ], [ 112.271940880000102, -8.179833820999932, 0.0 ], [ 112.271875137000052, -8.17982139399993, 0.0 ], [ 112.27183371000001, -8.179843345999927, 0.0 ], [ 112.271814161000066, -8.179858337999974, 0.0 ], [ 112.271803893000083, -8.179891676999944, 0.0 ], [ 112.271807486000057, -8.179934160999949, 0.0 ], [ 112.271828380000102, -8.179980034999971, 0.0 ], [ 112.271860822, -8.180032763999975, 0.0 ], [ 112.271883993000074, -8.180069442999979, 0.0 ], [ 112.271885265000037, -8.1801073399999, 0.0 ], [ 112.27187845900005, -8.180141816999935, 0.0 ], [ 112.271869324000022, -8.180169408999973, 0.0 ], [ 112.271847551000064, -8.180209675999947, 0.0 ], [ 112.271823476, -8.180251096999939, 0.0 ], [ 112.271799320000014, -8.180267252999954, 0.0 ], [ 112.271738155000094, -8.180244474999938, 0.0 ], [ 112.27163186700011, -8.18016900799995, 0.0 ], [ 112.271628320000104, -8.180166387999975, 0.0 ], [ 112.271322219000012, -8.179940281999961, 0.0 ], [ 112.271266810000043, -8.179915188999928, 0.0 ], [ 112.271244909000075, -8.179915257999937, 0.0 ], [ 112.271226550000051, -8.179941730999928, 0.0 ], [ 112.271201402000088, -8.180008422999947, 0.0 ], [ 112.27118891900011, -8.180070481999962, 0.0 ], [ 112.271183872000051, -8.180088122999962, 0.0 ], [ 112.271171818000084, -8.180130257999963, 0.0 ], [ 112.271140775000049, -8.180155622999962, 0.0 ], [ 112.271134414000016, -8.18015937399997, 0.0 ], [ 112.271128571000077, -8.180162818999975, 0.0 ], [ 112.271126376000097, -8.180164112999933, 0.0 ], [ 112.271110094000051, -8.180173712999931, 0.0 ], [ 112.271059044000026, -8.180053568999938, 0.0 ], [ 112.270993398000087, -8.179950409999947, 0.0 ], [ 112.270904764000079, -8.17986837899997, 0.0 ], [ 112.270877735000113, -8.179826351999964, 0.0 ], [ 112.270966059000102, -8.179810760999942, 0.0 ], [ 112.271073733000094, -8.17980575699994, 0.0 ], [ 112.271142780000105, -8.17980254899993, 0.0 ], [ 112.271196536000048, -8.17979089399995, 0.0 ], [ 112.271221395000111, -8.179754446999937, 0.0 ], [ 112.271215559000098, -8.179731494999942, 0.0 ], [ 112.271188505000055, -8.179681811999956, 0.0 ], [ 112.271126932000016, -8.179651378999949, 0.0 ], [ 112.271050104000096, -8.179657362999933, 0.0 ], [ 112.270869656000059, -8.179701955999974, 0.0 ], [ 112.270817804000103, -8.17970786199993, 0.0 ], [ 112.270767799000055, -8.179690791999974, 0.0 ], [ 112.270713813000043, -8.179629707999936, 0.0 ], [ 112.270632834000025, -8.179538081999965, 0.0 ], [ 112.270601920000104, -8.179482667999935, 0.0 ], [ 112.27060950200007, -8.179450102999965, 0.0 ], [ 112.270663100000093, -8.179388680999978, 0.0 ], [ 112.270793398000023, -8.179281077999974, 0.0 ], [ 112.270823997000093, -8.179236955999954, 0.0 ], [ 112.270835439000052, -8.179210120999926, 0.0 ], [ 112.270785355000044, -8.179168166999943, 0.0 ], [ 112.270536789000062, -8.17893541899997, 0.0 ], [ 112.270471252000107, -8.17886671499997, 0.0 ], [ 112.27046727000004, -8.178822700999945, 0.0 ], [ 112.270528631000047, -8.178786138999953, 0.0 ], [ 112.270586078000065, -8.178726618999974, 0.0 ], [ 112.270607071000086, -8.178682526999978, 0.0 ], [ 112.270593538000071, -8.178655770999967, 0.0 ], [ 112.270489796000106, -8.17865609699993, 0.0 ], [ 112.270389946000023, -8.178671724999958, 0.0 ], [ 112.270303549, -8.178689223999982, 0.0 ], [ 112.2698790500001, -8.178288580999947, 0.0 ], [ 112.268980696000085, -8.177613783999959, 0.0 ], [ 112.268215403000113, -8.177096486999972, 0.0 ], [ 112.268135788000109, -8.17703617799998, 0.0 ], [ 112.26760012200009, -8.176630400999954, 0.0 ], [ 112.266983648000064, -8.17628240099998, 0.0 ], [ 112.266436715000054, -8.17597365599994, 0.0 ], [ 112.266131691000055, -8.175811775999932, 0.0 ], [ 112.266103661000102, -8.175796899999966, 0.0 ], [ 112.265351760000044, -8.175397853999925, 0.0 ], [ 112.265294101000109, -8.17536725399998, 0.0 ], [ 112.265542101000051, -8.175147004999928, 0.0 ], [ 112.265863356000068, -8.174475477999977, 0.0 ], [ 112.266157922000048, -8.173655994999933, 0.0 ], [ 112.266253955000025, -8.173323178999965, 0.0 ], [ 112.266296246000024, -8.173176616999967, 0.0 ], [ 112.266575982000063, -8.172451949999981, 0.0 ], [ 112.266582319, -8.172435533999931, 0.0 ], [ 112.266569132000086, -8.172432541999967, 0.0 ], [ 112.264159686000085, -8.17188579599997, 0.0 ], [ 112.263468080000052, -8.171513508999965, 0.0 ], [ 112.262968634000117, -8.171105786999931, 0.0 ], [ 112.262409322000053, -8.171003101999929, 0.0 ], [ 112.262129138000091, -8.170951662999926, 0.0 ], [ 112.257785603000116, -8.168480469999963, 0.0 ], [ 112.257831888000055, -8.168357657999934, 0.0 ], [ 112.257875833000071, -8.168280953999954, 0.0 ], [ 112.257875267000031, -8.168100065999965, 0.0 ], [ 112.25833387900002, -8.165475488999959, 0.0 ], [ 112.258220789, -8.165020025999979, 0.0 ], [ 112.258032847000095, -8.164666022999938, 0.0 ], [ 112.257818875000112, -8.164353702999961, 0.0 ], [ 112.257690221000075, -8.163528610999947, 0.0 ], [ 112.258194623, -8.162414422999973, 0.0 ], [ 112.258703721000074, -8.161529018999943, 0.0 ], [ 112.258844175000036, -8.16110563899997, 0.0 ], [ 112.259126731000038, -8.16084873799997, 0.0 ], [ 112.259183928000084, -8.160709781999969, 0.0 ], [ 112.259177880000038, -8.160663208999949, 0.0 ], [ 112.259119950000013, -8.16021707799996, 0.0 ], [ 112.259023185000046, -8.160017063999931, 0.0 ], [ 112.259353316000102, -8.159289911999963, 0.0 ], [ 112.259472465000044, -8.15902747399997, 0.0 ], [ 112.259572331000072, -8.158840747999932, 0.0 ], [ 112.259889059000102, -8.158248539999931, 0.0 ], [ 112.260669788000087, -8.15681047399994, 0.0 ], [ 112.26221402200008, -8.155397400999959, 0.0 ], [ 112.262239033000014, -8.155374513999959, 0.0 ], [ 112.263738266000018, -8.15400262199995, 0.0 ], [ 112.264019101000031, -8.153583017999949, 0.0 ], [ 112.26474194900004, -8.151690031999976, 0.0 ], [ 112.26505773000008, -8.150886114999935, 0.0 ], [ 112.265138590000106, -8.150680259999945, 0.0 ], [ 112.265116599000066, -8.150664338999945, 0.0 ], [ 112.265073488000098, -8.150633126999935, 0.0 ], [ 112.265658618000089, -8.148855898999955, 0.0 ], [ 112.265865358000042, -8.148929427999974, 0.0 ], [ 112.26605307400007, -8.148431236999954, 0.0 ], [ 112.266089210000018, -8.148335332999977, 0.0 ], [ 112.266216536000115, -8.148354077999954, 0.0 ], [ 112.266330492000066, -8.148006946999942, 0.0 ], [ 112.266406283000038, -8.148036901999944, 0.0 ], [ 112.266563318000067, -8.148098966999953, 0.0 ], [ 112.266713752000101, -8.14738990799998, 0.0 ], [ 112.266674600000101, -8.147369118999961, 0.0 ], [ 112.266624598000021, -8.147342566999953, 0.0 ], [ 112.266853259000072, -8.146705954999959, 0.0 ], [ 112.266858707000097, -8.146709223999949, 0.0 ], [ 112.266860001000055, -8.14671, 0.0 ], [ 112.267340001000093, -8.14709, 0.0 ], [ 112.267670001000056, -8.14754, 0.0 ], [ 112.2678, -8.148, 0.0 ], [ 112.26786, -8.148469998999929, 0.0 ], [ 112.26795, -8.14904, 0.0 ], [ 112.268020001000082, -8.14953, 0.0 ], [ 112.26811, -8.150009998999963, 0.0 ], [ 112.26826, -8.15033, 0.0 ], [ 112.26863, -8.1509, 0.0 ], [ 112.26918, -8.15135, 0.0 ], [ 112.269640001000084, -8.151589998999953, 0.0 ], [ 112.27033, -8.15171, 0.0 ], [ 112.27079, -8.15171, 0.0 ], [ 112.27131, -8.15156, 0.0 ], [ 112.27168, -8.15134, 0.0 ], [ 112.272049999000046, -8.15095, 0.0 ], [ 112.272447327, -8.150736054999982, 0.0 ], [ 112.273466993000056, -8.150129245999949, 0.0 ], [ 112.274380707000091, -8.149929371999974, 0.0 ], [ 112.274937501000068, -8.150029308999933, 0.0 ], [ 112.275451464000071, -8.150157799999931, 0.0 ], [ 112.27616, -8.15062, 0.0 ], [ 112.27623, -8.15063, 0.0 ], [ 112.276749999000117, -8.15109, 0.0 ], [ 112.2773, -8.1518, 0.0 ], [ 112.27795, -8.152429998999935, 0.0 ], [ 112.27863, -8.15303, 0.0 ], [ 112.27926, -8.15357, 0.0 ], [ 112.279810000000111, -8.15409, 0.0 ], [ 112.28021999900011, -8.15446, 0.0 ], [ 112.28066, -8.15491, 0.0 ], [ 112.280940000000101, -8.15524, 0.0 ], [ 112.281160000000114, -8.15554, 0.0 ], [ 112.28127, -8.15575, 0.0 ], [ 112.28127, -8.15608, 0.0 ], [ 112.281300000000101, -8.15649, 0.0 ], [ 112.281340000000114, -8.1571, 0.0 ], [ 112.281389999000112, -8.1576, 0.0 ], [ 112.281449999000074, -8.15794, 0.0 ], [ 112.28156, -8.15835, 0.0 ], [ 112.28191, -8.15866, 0.0 ], [ 112.282240000000115, -8.15891, 0.0 ], [ 112.28263, -8.15924, 0.0 ], [ 112.28298, -8.159449998999946, 0.0 ], [ 112.28361, -8.15989, 0.0 ], [ 112.28438, -8.16034, 0.0 ], [ 112.28507, -8.16075, 0.0 ], [ 112.28542, -8.161049998999943, 0.0 ], [ 112.28547, -8.16109, 0.0 ], [ 112.28566, -8.16129, 0.0 ], [ 112.28584, -8.16157, 0.0 ], [ 112.285965347000115, -8.161760042999958, 0.0 ], [ 112.286149999000031, -8.16204, 0.0 ], [ 112.286340000000109, -8.16239, 0.0 ], [ 112.286559999000019, -8.162629998999932, 0.0 ], [ 112.286869999000032, -8.16271, 0.0 ], [ 112.28752, -8.162629998999932, 0.0 ], [ 112.288039999000034, -8.16245, 0.0 ], [ 112.28874, -8.16245, 0.0 ], [ 112.28906, -8.162529998999958, 0.0 ], [ 112.28943, -8.16286, 0.0 ], [ 112.28952, -8.163329998999927, 0.0 ], [ 112.2895, -8.16385, 0.0 ], [ 112.28944, -8.164459998999973, 0.0 ], [ 112.28946, -8.164889998999968, 0.0 ], [ 112.28951, -8.1652, 0.0 ], [ 112.28977, -8.16543, 0.0 ], [ 112.29018, -8.16561, 0.0 ], [ 112.29068, -8.165689998999937, 0.0 ], [ 112.290950357000042, -8.165700011999945, 0.0 ], [ 112.291219999000077, -8.165709998999944, 0.0 ], [ 112.291290000000117, -8.165709998999944, 0.0 ], [ 112.292079999000066, -8.165709998999944, 0.0 ], [ 112.29279, -8.1656, 0.0 ], [ 112.293090537000012, -8.165583754999943, 0.0 ], [ 112.293162039000094, -8.167103180999959, 0.0 ], [ 112.293133486000102, -8.16768376899995, 0.0 ], [ 112.292914575000054, -8.167959786999972, 0.0 ], [ 112.292790843000034, -8.168083518999936, 0.0 ], [ 112.292733736000059, -8.168207250999956, 0.0 ], [ 112.292705183000066, -8.168378571999938, 0.0 ], [ 112.29269566500011, -8.168426160999957, 0.0 ], [ 112.29268614700004, -8.168511821999971, 0.0 ], [ 112.292676629000084, -8.168616517999965, 0.0 ], [ 112.292733736000059, -8.168711696999935, 0.0 ], [ 112.292771808000111, -8.168759285999954, 0.0 ], [ 112.292828915000086, -8.168863981999948, 0.0 ], [ 112.292895540000018, -8.169006749999937, 0.0 ], [ 112.29293361100008, -8.169149516999937, 0.0 ], [ 112.292962165000063, -8.16928276699997, 0.0 ], [ 112.293000236000012, -8.169568302999949, 0.0 ], [ 112.293000236000012, -8.169834801999968, 0.0 ], [ 112.292962165000063, -8.170015640999964, 0.0 ], [ 112.29280987900006, -8.170310693999966, 0.0 ], [ 112.292629040000065, -8.17051056899993, 0.0 ], [ 112.291781952000065, -8.170834175999971, 0.0 ], [ 112.290525597000055, -8.171005496999953, 0.0 ], [ 112.289718850000099, -8.171097989999964, 0.0 ], [ 112.289031295000086, -8.171176817999935, 0.0 ], [ 112.288909166000053, -8.171157357999959, 0.0 ], [ 112.287299047000033, -8.170900800999959, 0.0 ], [ 112.28634889600005, -8.170586464999928, 0.0 ], [ 112.286179583000035, -8.170814957999937, 0.0 ], [ 112.285366255000099, -8.171912564999957, 0.0 ], [ 112.285145575000115, -8.172123407999948, 0.0 ], [ 112.284679142000073, -8.172569047999957, 0.0 ], [ 112.283500945000014, -8.173694713999964, 0.0 ], [ 112.283370529000081, -8.173819315999935, 0.0 ], [ 112.281632641000101, -8.175479701999961, 0.0 ], [ 112.281358983000018, -8.17563828699997, 0.0 ], [ 112.281342396000014, -8.175647899999944, 0.0 ], [ 112.279635683000038, -8.17663693399993, 0.0 ], [ 112.27940640700001, -8.176769797999953, 0.0 ], [ 112.278714402000105, -8.177211648999958, 0.0 ], [ 112.278684118000115, -8.177228211999932, 0.0 ] ] ] ] } }
]
}
