{
"type": "FeatureCollection",
"name": "Talun",
"crs": { "type": "name", "properties": { "name": "urn:ogc:def:crs:OGC:1.3:CRS84" } },
"features": [
{ "type": "Feature", "properties": { "OBJECTID": 116202.0, "KDPPUM": "35", "NAMOBJ": "Tumpang", "REMARK": null, "KDPBPS": null, "FCODE": "BA03070040", "LUASWH": 4.14992347, "UUPP": "Hasil Delineasi Batas Desa 2019", "SRS_ID": "SRGI 2013", "METADATA": "TASWIL1000020200326DATA_BATAS_DESA_KELURAHAN", "KDEBPS": null, "KDEPUM": "35.05.14.2001", "KDCBPS": null, "KDCPUM": "35.05.14", "KDBBPS": null, "WADMKD": "Tumpang", "WIADKD": null, "WADMKC": "Talun", "WIADKC": null, "WADMKK": "Blitar", "WIADKK": null, "WADMPR": "Jawa Timur", "WIADPR": null, "TIPADM": 1.0, "KDPKAB": "35.05", "SHAPE_Leng": 0.143334985230261, "SHAPE_Area": 0.000340585058039 }, "geometry": { "type": "MultiPolygon", "coordinates": [ [ [ [ 112.255550641000013, -8.107970055999942, 0.0 ], [ 112.255529226000021, -8.108405497999968, 0.0 ], [ 112.25629303300002, -8.108505434999927, 0.0 ], [ 112.256300171000021, -8.108712447999949, 0.0 ], [ 112.256892657000094, -8.108755277999933, 0.0 ], [ 112.256899795000095, -8.109005121999928, 0.0 ], [ 112.258901747000095, -8.109301966999965, 0.0 ], [ 112.259749795000062, -8.109427713999935, 0.0 ], [ 112.26021379000008, -8.109491958999968, 0.0 ], [ 112.260751155000094, -8.109571294999967, 0.0 ], [ 112.260565692000114, -8.110097809999957, 0.0 ], [ 112.260369387000082, -8.110390483999936, 0.0 ], [ 112.260041021, -8.110590357999968, 0.0 ], [ 112.259644841000068, -8.110754540999949, 0.0 ], [ 112.259309337000104, -8.110825924999972, 0.0 ], [ 112.258527684000114, -8.111182843999927, 0.0 ], [ 112.2585639670001, -8.111394012999938, 0.0 ], [ 112.258593714000085, -8.111732994999954, 0.0 ], [ 112.258550884000101, -8.111794860999964, 0.0 ], [ 112.25828914300007, -8.111661610999931, 0.0 ], [ 112.257965536000029, -8.11233737799995, 0.0 ], [ 112.258108304000075, -8.112437315999955, 0.0 ], [ 112.257722831000024, -8.112937002999956, 0.0 ], [ 112.257370671000103, -8.113403376999941, 0.0 ], [ 112.257180314000038, -8.11368891199993, 0.0 ], [ 112.256771047000029, -8.113593733999949, 0.0 ], [ 112.256433163000111, -8.113522349999926, 0.0 ], [ 112.256280878000098, -8.113941134999948, 0.0 ], [ 112.256271360000028, -8.114003000999958, 0.0 ], [ 112.256314190000012, -8.11411245599993, 0.0 ], [ 112.256547377000061, -8.114326607999942, 0.0 ], [ 112.256585449000113, -8.11445509899994, 0.0 ], [ 112.256623520000062, -8.11495954399993, 0.0 ], [ 112.256585449000113, -8.115597239999943, 0.0 ], [ 112.256533101000059, -8.115916087999949, 0.0 ], [ 112.255957271000057, -8.115887533999967, 0.0 ], [ 112.255828780000115, -8.116910701999927, 0.0 ], [ 112.25570028900006, -8.117919593999943, 0.0 ], [ 112.255592024000066, -8.117913644999931, 0.0 ], [ 112.255297565000092, -8.117895798999939, 0.0 ], [ 112.255244028000106, -8.117898773999968, 0.0 ], [ 112.255187515000102, -8.118228923999936, 0.0 ], [ 112.255312437000043, -8.118237846999932, 0.0 ], [ 112.255424272000027, -8.118233682999971, 0.0 ], [ 112.255455205000089, -8.118399054999941, 0.0 ], [ 112.255151823, -8.118466869999963, 0.0 ], [ 112.254748505000066, -8.118645328999946, 0.0 ], [ 112.254709244000082, -8.119116462999955, 0.0 ], [ 112.254662844000109, -8.119434120999927, 0.0 ], [ 112.254655706000108, -8.119630425999958, 0.0 ], [ 112.254669983000099, -8.119726794999963, 0.0 ], [ 112.254644998000117, -8.119851715999971, 0.0 ], [ 112.254630722000115, -8.120147958999951, 0.0 ], [ 112.254666413000109, -8.120315710999932, 0.0 ], [ 112.254644998000117, -8.120512016999953, 0.0 ], [ 112.254591460000029, -8.120754721999958, 0.0 ], [ 112.254577184000027, -8.120911765999949, 0.0 ], [ 112.254577184000027, -8.121086655999932, 0.0 ], [ 112.254537923000044, -8.121290099999953, 0.0 ], [ 112.254555769000035, -8.121507820999966, 0.0 ], [ 112.253206614000078, -8.121817150999959, 0.0 ], [ 112.253206614000078, -8.122055096999929, 0.0 ], [ 112.253387453000073, -8.12275941799993, 0.0 ], [ 112.253101918000084, -8.122835559999942, 0.0 ], [ 112.253168543000015, -8.123273380999933, 0.0 ], [ 112.253268480000088, -8.123830174999966, 0.0 ], [ 112.253637297000068, -8.125085340999931, 0.0 ], [ 112.253247065000096, -8.125242384999979, 0.0 ], [ 112.253480252000031, -8.126156097999967, 0.0 ], [ 112.253561154000067, -8.126493981999943, 0.0 ], [ 112.253720481000073, -8.127032899999961, 0.0 ], [ 112.25353, -8.12711, 0.0 ], [ 112.25328, -8.12718, 0.0 ], [ 112.25296, -8.12722, 0.0 ], [ 112.252859999000066, -8.1274, 0.0 ], [ 112.252819999000053, -8.12783, 0.0 ], [ 112.25291, -8.1284, 0.0 ], [ 112.25297, -8.12872, 0.0 ], [ 112.25298, -8.1289, 0.0 ], [ 112.252939999000091, -8.12906, 0.0 ], [ 112.25273, -8.129299998999954, 0.0 ], [ 112.252549999000053, -8.12948, 0.0 ], [ 112.252300000000105, -8.1302, 0.0 ], [ 112.2522, -8.13064, 0.0 ], [ 112.251749999000026, -8.13132, 0.0 ], [ 112.25157, -8.1315, 0.0 ], [ 112.251383052000051, -8.131579452999972, 0.0 ], [ 112.251170000000116, -8.13167, 0.0 ], [ 112.250949999000113, -8.13176, 0.0 ], [ 112.250720000000115, -8.132, 0.0 ], [ 112.250579999000024, -8.13222, 0.0 ], [ 112.25044, -8.13266, 0.0 ], [ 112.250410000000102, -8.132869998999979, 0.0 ], [ 112.25044, -8.133, 0.0 ], [ 112.250579999000024, -8.133159998999929, 0.0 ], [ 112.25075, -8.13384, 0.0 ], [ 112.25088, -8.1347, 0.0 ], [ 112.25065, -8.13574, 0.0 ], [ 112.250590000000102, -8.135889998999971, 0.0 ], [ 112.25042, -8.13611, 0.0 ], [ 112.250360000000114, -8.13624, 0.0 ], [ 112.25035, -8.13661, 0.0 ], [ 112.25037, -8.136709998999947, 0.0 ], [ 112.250559999000075, -8.13683, 0.0 ], [ 112.25065, -8.13699, 0.0 ], [ 112.250656541000012, -8.137025610999956, 0.0 ], [ 112.25074, -8.13748, 0.0 ], [ 112.25071, -8.13793, 0.0 ], [ 112.25065, -8.13855, 0.0 ], [ 112.250539999000011, -8.139, 0.0 ], [ 112.2504, -8.13931, 0.0 ], [ 112.25026, -8.13968, 0.0 ], [ 112.2502, -8.14002, 0.0 ], [ 112.250183514000014, -8.140390929999967, 0.0 ], [ 112.250180000000114, -8.14047, 0.0 ], [ 112.25012, -8.14087, 0.0 ], [ 112.250000000000114, -8.14133, 0.0 ], [ 112.249972398000068, -8.141580544999954, 0.0 ], [ 112.248102717000052, -8.141374564999978, 0.0 ], [ 112.245599306000031, -8.141611879999971, 0.0 ], [ 112.245460422000065, -8.141625045999945, 0.0 ], [ 112.24526349000007, -8.141643712999951, 0.0 ], [ 112.244680613000014, -8.142378349999944, 0.0 ], [ 112.243940715, -8.143310886999927, 0.0 ], [ 112.242425742000023, -8.145220300999938, 0.0 ], [ 112.240050924000116, -8.145761209999932, 0.0 ], [ 112.23995328400008, -8.145783449999954, 0.0 ], [ 112.239568996000116, -8.146091387999945, 0.0 ], [ 112.237919694000084, -8.147413008999933, 0.0 ], [ 112.236116755000012, -8.147557401999961, 0.0 ], [ 112.23497, -8.146421689999954, 0.0 ], [ 112.234963266000022, -8.146415020999939, 0.0 ], [ 112.23497, -8.146355003999929, 0.0 ], [ 112.235081554000089, -8.145360749999952, 0.0 ], [ 112.235145390000071, -8.144791787999964, 0.0 ], [ 112.23519223400001, -8.144374282999934, 0.0 ], [ 112.234889262000024, -8.14424027299998, 0.0 ], [ 112.234850385000072, -8.144223076999936, 0.0 ], [ 112.234007174000112, -8.14385010899997, 0.0 ], [ 112.233944737000115, -8.14382249199997, 0.0 ], [ 112.233955050000077, -8.143771566999931, 0.0 ], [ 112.234039366000047, -8.143276592999939, 0.0 ], [ 112.234040683000103, -8.143268860999967, 0.0 ], [ 112.234041, -8.143267, 0.0 ], [ 112.234066382000037, -8.143226030999926, 0.0 ], [ 112.234225, -8.142969998999945, 0.0 ], [ 112.234679974000073, -8.14274009199994, 0.0 ], [ 112.234862247000024, -8.142667752999955, 0.0 ], [ 112.235092767000083, -8.142667052999968, 0.0 ], [ 112.235261045000016, -8.142728752999972, 0.0 ], [ 112.235699465000039, -8.143182040999932, 0.0 ], [ 112.235795793000079, -8.143272671999966, 0.0 ], [ 112.23591108200003, -8.143281890999958, 0.0 ], [ 112.236064542, -8.143209641999931, 0.0 ], [ 112.236169697000037, -8.143046613999957, 0.0 ], [ 112.23622170100009, -8.14277846799996, 0.0 ], [ 112.236229062, -8.142568392999976, 0.0 ], [ 112.236234950000039, -8.14240037199994, 0.0 ], [ 112.236296899000081, -8.142242261999968, 0.0 ], [ 112.236412673000018, -8.142173704999948, 0.0 ], [ 112.23641821800004, -8.142170421999936, 0.0 ], [ 112.236512864000019, -8.142193749999933, 0.0 ], [ 112.236575442000117, -8.142241413999955, 0.0 ], [ 112.236628812000049, -8.142418314999929, 0.0 ], [ 112.236677278000116, -8.142561731999933, 0.0 ], [ 112.23680738500002, -8.142704901999934, 0.0 ], [ 112.236951694000027, -8.142781028999934, 0.0 ], [ 112.237076779000063, -8.142852430999937, 0.0 ], [ 112.237235628, -8.142971584999941, 0.0 ], [ 112.237365648000036, -8.143086039999957, 0.0 ], [ 112.237485783000011, -8.143109601999981, 0.0 ], [ 112.237648935000038, -8.143066033999958, 0.0 ], [ 112.237761136000017, -8.142961437999929, 0.0 ], [ 112.237921898000081, -8.142811570999982, 0.0 ], [ 112.238175694, -8.142571520999979, 0.0 ], [ 112.238420002000112, -8.142369784999971, 0.0 ], [ 112.2385686, -8.142278405999946, 0.0 ], [ 112.238770113000101, -8.142215580999959, 0.0 ], [ 112.239034161000063, -8.142186061999951, 0.0 ], [ 112.239062946000104, -8.142176402999951, 0.0 ], [ 112.239255015000026, -8.142166244999942, 0.0 ], [ 112.239279012000111, -8.142161386999931, 0.0 ], [ 112.239403700000025, -8.142103579999969, 0.0 ], [ 112.23954251400005, -8.141954805999944, 0.0 ], [ 112.239939531, -8.141436757999941, 0.0 ], [ 112.240404074000026, -8.141014215999974, 0.0 ], [ 112.24056192, -8.140807955999946, 0.0 ], [ 112.240743633000079, -8.140553770999929, 0.0 ], [ 112.241112440000052, -8.140120477999972, 0.0 ], [ 112.241217367000104, -8.139997204999929, 0.0 ], [ 112.241418228000043, -8.139723817999936, 0.0 ], [ 112.241494640000042, -8.139584803999981, 0.0 ], [ 112.241561270000034, -8.139388396999948, 0.0 ], [ 112.241677115000016, -8.138638033999939, 0.0 ], [ 112.24170067700004, -8.138491405999957, 0.0 ], [ 112.241700123000101, -8.138311951999981, 0.0 ], [ 112.241657597000085, -8.138147580999942, 0.0 ], [ 112.241572881000025, -8.137929499999927, 0.0 ], [ 112.241506156000014, -8.137705384999947, 0.0 ], [ 112.241502622000098, -8.137531921999937, 0.0 ], [ 112.241526209000085, -8.137394265999944, 0.0 ], [ 112.241573783000035, -8.137247563999949, 0.0 ], [ 112.241600410000046, -8.137121863999937, 0.0 ], [ 112.241601518000039, -8.136938695999959, 0.0 ], [ 112.241602400000033, -8.136792854999953, 0.0 ], [ 112.241626071000042, -8.136682117999953, 0.0 ], [ 112.241658875000098, -8.136613226999941, 0.0 ], [ 112.241732012000057, -8.136521218999974, 0.0 ], [ 112.241823323000062, -8.13640634799998, 0.0 ], [ 112.241900836000013, -8.136235628999941, 0.0 ], [ 112.24190933400007, -8.13607110199996, 0.0 ], [ 112.24187263400006, -8.135849884999971, 0.0 ], [ 112.241842968000014, -8.135697659999948, 0.0 ], [ 112.24182078900003, -8.135583849999932, 0.0 ], [ 112.241832381000108, -8.135449221999977, 0.0 ], [ 112.24189, -8.135175000999936, 0.0 ], [ 112.242021256000044, -8.134733726999968, 0.0 ], [ 112.242120537, -8.134399954999935, 0.0 ], [ 112.242121611000016, -8.134394172999976, 0.0 ], [ 112.242247261000102, -8.133717398999977, 0.0 ], [ 112.242282983000109, -8.133485965999967, 0.0 ], [ 112.242412058000014, -8.132649728999979, 0.0 ], [ 112.242416478000109, -8.132525291999968, 0.0 ], [ 112.242370792000088, -8.132393456999978, 0.0 ], [ 112.242710704000046, -8.132115108999926, 0.0 ], [ 112.243301943, -8.131565201999933, 0.0 ], [ 112.243461958000012, -8.131416372999979, 0.0 ], [ 112.243816, -8.131002000999956, 0.0 ], [ 112.24399, -8.130607998999949, 0.0 ], [ 112.244217108000043, -8.130363876999979, 0.0 ], [ 112.244247658000063, -8.130335718999959, 0.0 ], [ 112.244527631000096, -8.130077660999973, 0.0 ], [ 112.244575001000044, -8.130034, 0.0 ], [ 112.244814204000022, -8.129866343999936, 0.0 ], [ 112.244944712, -8.129774871999928, 0.0 ], [ 112.24496238100005, -8.129760972999975, 0.0 ], [ 112.24536101700005, -8.129447410999944, 0.0 ], [ 112.245924, -8.129015, 0.0 ], [ 112.246427680000011, -8.128542805999928, 0.0 ], [ 112.246536000000106, -8.128427000999977, 0.0 ], [ 112.246748, -8.127528, 0.0 ], [ 112.246688, -8.126782, 0.0 ], [ 112.246396095000023, -8.125382770999977, 0.0 ], [ 112.246383, -8.125319998999942, 0.0 ], [ 112.246131797000089, -8.124758833999977, 0.0 ], [ 112.246128709000118, -8.124751936999928, 0.0 ], [ 112.245956357000068, -8.124265704999971, 0.0 ], [ 112.245781, -8.123771, 0.0 ], [ 112.245481, -8.12325, 0.0 ], [ 112.245462002000068, -8.123193005999951, 0.0 ], [ 112.245418, -8.123060998999961, 0.0 ], [ 112.245401282000103, -8.122947688999943, 0.0 ], [ 112.245382, -8.122817, 0.0 ], [ 112.245322654, -8.122715427999935, 0.0 ], [ 112.245129114000065, -8.122384176999958, 0.0 ], [ 112.245121999000048, -8.122372, 0.0 ], [ 112.245062, -8.122117, 0.0 ], [ 112.245091864000074, -8.121721701999945, 0.0 ], [ 112.2451, -8.121614, 0.0 ], [ 112.245168, -8.1214, 0.0 ], [ 112.245196742000076, -8.121340329999953, 0.0 ], [ 112.245339, -8.121045, 0.0 ], [ 112.245402328000068, -8.12097138799993, 0.0 ], [ 112.24568845500005, -8.120638794999934, 0.0 ], [ 112.245689999000092, -8.120637, 0.0 ], [ 112.244332984000039, -8.119581385999936, 0.0 ], [ 112.243781, -8.119152, 0.0 ], [ 112.243781274000071, -8.119150993999938, 0.0 ], [ 112.244167454000035, -8.11773468399997, 0.0 ], [ 112.244186999000021, -8.117663000999926, 0.0 ], [ 112.244257, -8.117305998999939, 0.0 ], [ 112.244315, -8.115803, 0.0 ], [ 112.244256, -8.115184, 0.0 ], [ 112.244267, -8.114729, 0.0 ], [ 112.244299, -8.114572, 0.0 ], [ 112.244301495000059, -8.114566510999964, 0.0 ], [ 112.244364, -8.114429, 0.0 ], [ 112.244462101000067, -8.114146585999947, 0.0 ], [ 112.244462999, -8.114144, 0.0 ], [ 112.244617868000091, -8.113891200999944, 0.0 ], [ 112.244617919, -8.113891130999946, 0.0 ], [ 112.244618, -8.113891, 0.0 ], [ 112.2446213610001, -8.113887833999968, 0.0 ], [ 112.244674687000042, -8.113837591999982, 0.0 ], [ 112.244780751, -8.113737663999927, 0.0 ], [ 112.24497621, -8.113580104999926, 0.0 ], [ 112.244978594000031, -8.113578183999948, 0.0 ], [ 112.24501852700007, -8.113545994999981, 0.0 ], [ 112.245020746000023, -8.113544204999926, 0.0 ], [ 112.245021001000055, -8.113543998999944, 0.0 ], [ 112.245028962000106, -8.113480374999938, 0.0 ], [ 112.24509829100009, -8.112926287999926, 0.0 ], [ 112.245147, -8.112537, 0.0 ], [ 112.245205, -8.11237099899995, 0.0 ], [ 112.24531451200005, -8.112157570999955, 0.0 ], [ 112.245383405000098, -8.11169367499997, 0.0 ], [ 112.245390986000075, -8.11164262799997, 0.0 ], [ 112.245404, -8.111554998999964, 0.0 ], [ 112.245348001000025, -8.111352002999979, 0.0 ], [ 112.24534, -8.111323, 0.0 ], [ 112.245258328000091, -8.111145766999925, 0.0 ], [ 112.245193, -8.111004, 0.0 ], [ 112.245194044000073, -8.110820034999961, 0.0 ], [ 112.245194759000015, -8.110694131999935, 0.0 ], [ 112.245198884000047, -8.109967602999973, 0.0 ], [ 112.245199, -8.109947152999951, 0.0 ], [ 112.24519900100006, -8.109947, 0.0 ], [ 112.245072, -8.109575, 0.0 ], [ 112.244952, -8.109385, 0.0 ], [ 112.244586842000103, -8.109138012999949, 0.0 ], [ 112.244404236000037, -8.109014500999933, 0.0 ], [ 112.244265999000049, -8.108920998999963, 0.0 ], [ 112.244127843000115, -8.108695358999967, 0.0 ], [ 112.243952562000118, -8.108409084999948, 0.0 ], [ 112.243946999000059, -8.10840000099995, 0.0 ], [ 112.247921256000041, -8.108829358999969, 0.0 ], [ 112.247897462000083, -8.109769244999939, 0.0 ], [ 112.248397148000095, -8.109781142999964, 0.0 ], [ 112.248301970000057, -8.110506878999956, 0.0 ], [ 112.249408419000019, -8.110625851999941, 0.0 ], [ 112.249055303000091, -8.114847961999942, 0.0 ], [ 112.248528257000089, -8.115799275999962, 0.0 ], [ 112.249659690000044, -8.116013425999938, 0.0 ], [ 112.25076614000011, -8.116252561999943, 0.0 ], [ 112.2509099990001, -8.115279998999938, 0.0 ], [ 112.250947858000018, -8.115051187999939, 0.0 ], [ 112.250956435000035, -8.114988288999939, 0.0 ], [ 112.250604336000038, -8.114954011999941, 0.0 ], [ 112.250744725000118, -8.11409978599994, 0.0 ], [ 112.251087857000016, -8.114141189999941, 0.0 ], [ 112.251117858000043, -8.113791189999972, 0.0 ], [ 112.251127857000029, -8.113441189999946, 0.0 ], [ 112.251467858000069, -8.111231189999955, 0.0 ], [ 112.251557858000069, -8.110481189999973, 0.0 ], [ 112.251637858000095, -8.109941187999937, 0.0 ], [ 112.251687858000082, -8.109641189999934, 0.0 ], [ 112.25173785800007, -8.109351188999938, 0.0 ], [ 112.251747858000044, -8.109271189999959, 0.0 ], [ 112.251787858000057, -8.108881189999977, 0.0 ], [ 112.25184785700003, -8.108481189999964, 0.0 ], [ 112.251907857000106, -8.108111188999942, 0.0 ], [ 112.252011532000097, -8.10747823, 0.0 ], [ 112.254206246000081, -8.107758283999942, 0.0 ], [ 112.255550641000013, -8.107970055999942, 0.0 ] ] ] ] } },
{ "type": "Feature", "properties": { "OBJECTID": 116203.0, "KDPPUM": "35", "NAMOBJ": "Jeblog", "REMARK": null, "KDPBPS": null, "FCODE": "BA03070040", "LUASWH": 2.42005779, "UUPP": "Hasil Delineasi Batas Desa 2019", "SRS_ID": "SRGI 2013", "METADATA": "TASWIL1000020200326DATA_BATAS_DESA_KELURAHAN", "KDEBPS": null, "KDEPUM": "35.05.14.2004", "KDCBPS": null, "KDCPUM": "35.05.14", "KDBBPS": null, "WADMKD": "Jeblog", "WIADKD": null, "WADMKC": "Talun", "WIADKC": null, "WADMKK": "Blitar", "WIADKK": null, "WADMPR": "Jawa Timur", "WIADPR": null, "TIPADM": 1.0, "KDPKAB": "35.05", "SHAPE_Leng": 0.080284375862617996, "SHAPE_Area": 0.00019860995918899999 }, "geometry": { "type": "MultiPolygon", "coordinates": [ [ [ [ 112.261238540000022, -8.10569178399993, 0.0 ], [ 112.26123, -8.10579, 0.0 ], [ 112.26121, -8.10597, 0.0 ], [ 112.26118, -8.1064, 0.0 ], [ 112.26093, -8.10698, 0.0 ], [ 112.26086, -8.10714, 0.0 ], [ 112.26094, -8.10836, 0.0 ], [ 112.26098, -8.10862, 0.0 ], [ 112.261049999000079, -8.108919998999966, 0.0 ], [ 112.26106, -8.10925, 0.0 ], [ 112.260953716000017, -8.109601200999975, 0.0 ], [ 112.26083, -8.11001, 0.0 ], [ 112.260679999000104, -8.11034, 0.0 ], [ 112.26053, -8.110539998999968, 0.0 ], [ 112.26046, -8.11059, 0.0 ], [ 112.260499041000116, -8.110820340999965, 0.0 ], [ 112.260075886000095, -8.112483477999945, 0.0 ], [ 112.260364631000016, -8.112606742999958, 0.0 ], [ 112.261309132000065, -8.113345463999963, 0.0 ], [ 112.261963484000034, -8.11354771799995, 0.0 ], [ 112.263010447000056, -8.113500128999931, 0.0 ], [ 112.263974129000076, -8.113761868999973, 0.0 ], [ 112.266423594000116, -8.114700783999979, 0.0 ], [ 112.266936558000111, -8.115237134999973, 0.0 ], [ 112.267519526000115, -8.116295994999973, 0.0 ], [ 112.267510900000048, -8.116583710999976, 0.0 ], [ 112.26745, -8.116759998999953, 0.0 ], [ 112.267070000000103, -8.117209998999954, 0.0 ], [ 112.26691, -8.11737, 0.0 ], [ 112.2665, -8.117929998999955, 0.0 ], [ 112.266397440000105, -8.118076765999945, 0.0 ], [ 112.267254635000086, -8.118335681999952, 0.0 ], [ 112.266951253000116, -8.119489720999979, 0.0 ], [ 112.267790013000081, -8.119656282999927, 0.0 ], [ 112.267623451000077, -8.12027494299997, 0.0 ], [ 112.268152881000105, -8.120399864999968, 0.0 ], [ 112.268670414000098, -8.120453402999942, 0.0 ], [ 112.26862282500008, -8.121095856999943, 0.0 ], [ 112.267807859000072, -8.121000678999962, 0.0 ], [ 112.267772167000089, -8.121262418999947, 0.0 ], [ 112.267653194000104, -8.12126836799996, 0.0 ], [ 112.267444992000037, -8.121393289999958, 0.0 ], [ 112.26730817300006, -8.12154200599997, 0.0 ], [ 112.26717730200005, -8.121708567999974, 0.0 ], [ 112.267129713000031, -8.122047640999938, 0.0 ], [ 112.267094021000048, -8.12219635799994, 0.0 ], [ 112.266992894000055, -8.122190408999927, 0.0 ], [ 112.266927459000044, -8.122279638999942, 0.0 ], [ 112.266915561000019, -8.122529481999948, 0.0 ], [ 112.266891767000061, -8.122725787999968, 0.0 ], [ 112.266838229000086, -8.123130295999943, 0.0 ], [ 112.266838229000086, -8.123338498999942, 0.0 ], [ 112.266754948000084, -8.123481266999931, 0.0 ], [ 112.26663002600003, -8.123677571999963, 0.0 ], [ 112.266497241000025, -8.123954485999946, 0.0 ], [ 112.266338542000085, -8.124207001999935, 0.0 ], [ 112.266302850000102, -8.12442710199997, 0.0 ], [ 112.266154134000089, -8.12459961299993, 0.0 ], [ 112.266106545000071, -8.12473048399994, 0.0 ], [ 112.265993520000052, -8.124784021999972, 0.0 ], [ 112.265850753000109, -8.124736431999963, 0.0 ], [ 112.265660396000044, -8.12476617599998, 0.0 ], [ 112.265594961000033, -8.124831610999934, 0.0 ], [ 112.265452193000101, -8.12497437899998, 0.0 ], [ 112.265386758000091, -8.125129042999959, 0.0 ], [ 112.265327271000046, -8.125468116999969, 0.0 ], [ 112.265285631000097, -8.125670370999956, 0.0 ], [ 112.265273733000072, -8.125842881999972, 0.0 ], [ 112.265166658000112, -8.125949957999978, 0.0 ], [ 112.265023890000066, -8.126283081999929, 0.0 ], [ 112.264958455000055, -8.12634851699994, 0.0 ], [ 112.264857328000062, -8.126526976999969, 0.0 ], [ 112.264785944000096, -8.126640000999942, 0.0 ], [ 112.264565844000117, -8.12675302599996, 0.0 ], [ 112.264423076000071, -8.127092098999981, 0.0 ], [ 112.264452819000098, -8.127300301999981, 0.0 ], [ 112.264452819000098, -8.127431171999945, 0.0 ], [ 112.264405230000079, -8.127633425999932, 0.0 ], [ 112.264405230000079, -8.127794039999969, 0.0 ], [ 112.264631279000014, -8.127895166999963, 0.0 ], [ 112.264589638000075, -8.128091471999937, 0.0 ], [ 112.264417127000115, -8.128591158999939, 0.0 ], [ 112.264339795000069, -8.128811258999974, 0.0 ], [ 112.264113746000021, -8.129078948999961, 0.0 ], [ 112.264101849000099, -8.129257407999944, 0.0 ], [ 112.264089952000063, -8.129477507999979, 0.0 ], [ 112.263911492000034, -8.129810632999977, 0.0 ], [ 112.26375087800011, -8.130280576999951, 0.0 ], [ 112.263600924000116, -8.130525428999931, 0.0 ], [ 112.263409999000032, -8.130469998999956, 0.0 ], [ 112.263019999000107, -8.13038, 0.0 ], [ 112.262700000000109, -8.13031, 0.0 ], [ 112.26247, -8.13025, 0.0 ], [ 112.262339999, -8.13022, 0.0 ], [ 112.262243563000084, -8.130214739999928, 0.0 ], [ 112.262157517000105, -8.130164696999941, 0.0 ], [ 112.262071857000024, -8.130286049999938, 0.0 ], [ 112.261800598000036, -8.130057621999981, 0.0 ], [ 112.261522201000048, -8.130300326999929, 0.0 ], [ 112.261393710000107, -8.130164696999941, 0.0 ], [ 112.260998440000094, -8.129927535999968, 0.0 ], [ 112.25989, -8.12956, 0.0 ], [ 112.2587, -8.12903, 0.0 ], [ 112.25787, -8.12871, 0.0 ], [ 112.25709, -8.12838, 0.0 ], [ 112.25675999900011, -8.12824, 0.0 ], [ 112.25595, -8.12797, 0.0 ], [ 112.25571, -8.12788, 0.0 ], [ 112.25543, -8.12775, 0.0 ], [ 112.255356069000072, -8.127707346999955, 0.0 ], [ 112.255503984000029, -8.127100704999975, 0.0 ], [ 112.25515, -8.12691, 0.0 ], [ 112.25447714500001, -8.127102413999978, 0.0 ], [ 112.254241680000064, -8.127169748999961, 0.0 ], [ 112.253720481000073, -8.127032899999961, 0.0 ], [ 112.253561154000067, -8.126493981999943, 0.0 ], [ 112.253480252000031, -8.126156097999967, 0.0 ], [ 112.253247065000096, -8.125242384999979, 0.0 ], [ 112.253637297000068, -8.125085340999931, 0.0 ], [ 112.253268480000088, -8.123830174999966, 0.0 ], [ 112.253168543000015, -8.123273380999933, 0.0 ], [ 112.253101918000084, -8.122835559999942, 0.0 ], [ 112.253387453000073, -8.12275941799993, 0.0 ], [ 112.253206614000078, -8.122055096999929, 0.0 ], [ 112.253206614000078, -8.121817150999959, 0.0 ], [ 112.254555769000035, -8.121507820999966, 0.0 ], [ 112.254537923000044, -8.121290099999953, 0.0 ], [ 112.254577184000027, -8.121086655999932, 0.0 ], [ 112.254577184000027, -8.120911765999949, 0.0 ], [ 112.254591460000029, -8.120754721999958, 0.0 ], [ 112.254644998000117, -8.120512016999953, 0.0 ], [ 112.254666413000109, -8.120315710999932, 0.0 ], [ 112.254630722000115, -8.120147958999951, 0.0 ], [ 112.254644998000117, -8.119851715999971, 0.0 ], [ 112.254669983000099, -8.119726794999963, 0.0 ], [ 112.254655706000108, -8.119630425999958, 0.0 ], [ 112.254662844000109, -8.119434120999927, 0.0 ], [ 112.254709244000082, -8.119116462999955, 0.0 ], [ 112.254748505000066, -8.118645328999946, 0.0 ], [ 112.255151823, -8.118466869999963, 0.0 ], [ 112.255455205000089, -8.118399054999941, 0.0 ], [ 112.255424272000027, -8.118233682999971, 0.0 ], [ 112.255312437000043, -8.118237846999932, 0.0 ], [ 112.255187515000102, -8.118228923999936, 0.0 ], [ 112.255244028000106, -8.117898773999968, 0.0 ], [ 112.255297565000092, -8.117895798999939, 0.0 ], [ 112.255592024000066, -8.117913644999931, 0.0 ], [ 112.25570028900006, -8.117919593999943, 0.0 ], [ 112.255828780000115, -8.116910701999927, 0.0 ], [ 112.255957271000057, -8.115887533999967, 0.0 ], [ 112.256533101000059, -8.115916087999949, 0.0 ], [ 112.256585449000113, -8.115597239999943, 0.0 ], [ 112.256623520000062, -8.11495954399993, 0.0 ], [ 112.256585449000113, -8.11445509899994, 0.0 ], [ 112.256547377000061, -8.114326607999942, 0.0 ], [ 112.256314190000012, -8.11411245599993, 0.0 ], [ 112.256271360000028, -8.114003000999958, 0.0 ], [ 112.256280878000098, -8.113941134999948, 0.0 ], [ 112.256433163000111, -8.113522349999926, 0.0 ], [ 112.256771047000029, -8.113593733999949, 0.0 ], [ 112.257180314000038, -8.11368891199993, 0.0 ], [ 112.257370671000103, -8.113403376999941, 0.0 ], [ 112.257722831000024, -8.112937002999956, 0.0 ], [ 112.258108304000075, -8.112437315999955, 0.0 ], [ 112.257965536000029, -8.11233737799995, 0.0 ], [ 112.25828914300007, -8.111661610999931, 0.0 ], [ 112.258550884000101, -8.111794860999964, 0.0 ], [ 112.258593714000085, -8.111732994999954, 0.0 ], [ 112.2585639670001, -8.111394012999938, 0.0 ], [ 112.258527684000114, -8.111182843999927, 0.0 ], [ 112.259309337000104, -8.110825924999972, 0.0 ], [ 112.259644841000068, -8.110754540999949, 0.0 ], [ 112.260041021, -8.110590357999968, 0.0 ], [ 112.260369387000082, -8.110390483999936, 0.0 ], [ 112.260565692000114, -8.110097809999957, 0.0 ], [ 112.260751155000094, -8.109571294999967, 0.0 ], [ 112.26021379000008, -8.109491958999968, 0.0 ], [ 112.259749795000062, -8.109427713999935, 0.0 ], [ 112.258901747000095, -8.109301966999965, 0.0 ], [ 112.258711021000067, -8.108969825999964, 0.0 ], [ 112.258675329000084, -8.108841334999966, 0.0 ], [ 112.258564684000021, -8.108769951999932, 0.0 ], [ 112.258479024000053, -8.108709274999967, 0.0 ], [ 112.258414778000088, -8.108620045999942, 0.0 ], [ 112.258400502000086, -8.108491554999944, 0.0 ], [ 112.258418348000077, -8.108309525999971, 0.0 ], [ 112.258493301000044, -8.108073958999967, 0.0 ], [ 112.258518285000036, -8.107881222999936, 0.0 ], [ 112.258468316000062, -8.107642086999931, 0.0 ], [ 112.258464747000062, -8.107163814999979, 0.0 ], [ 112.258482593000053, -8.106767634999926, 0.0 ], [ 112.258425486000078, -8.106632005999927, 0.0 ], [ 112.258379086000105, -8.106492806999938, 0.0 ], [ 112.258343395000111, -8.106382161999932, 0.0 ], [ 112.258336256, -8.106317916999956, 0.0 ], [ 112.25855397700002, -8.105611216999932, 0.0 ], [ 112.2586289300001, -8.105350665999936, 0.0 ], [ 112.259767502000045, -8.105447033999951, 0.0 ], [ 112.26096675000008, -8.105643339999972, 0.0 ], [ 112.261238540000022, -8.10569178399993, 0.0 ] ] ] ] } },
{ "type": "Feature", "properties": { "OBJECTID": 116205.0, "KDPPUM": "35", "NAMOBJ": "Bendosewu", "REMARK": null, "KDPBPS": null, "FCODE": "BA03070040", "LUASWH": 5.56802084, "UUPP": "Hasil Delineasi Batas Desa 2019", "SRS_ID": "SRGI 2013", "METADATA": "TASWIL1000020200326DATA_BATAS_DESA_KELURAHAN", "KDEBPS": null, "KDEPUM": "35.05.14.2006", "KDCBPS": null, "KDCPUM": "35.05.14", "KDBBPS": null, "WADMKD": "Bendosewu", "WIADKD": null, "WADMKC": "Talun", "WIADKC": null, "WADMKK": "Blitar", "WIADKK": null, "WADMPR": "Jawa Timur", "WIADPR": null, "TIPADM": 1.0, "KDPKAB": "35.05", "SHAPE_Leng": 0.17652288142584999, "SHAPE_Area": 0.00045695383388800001 }, "geometry": { "type": "MultiPolygon", "coordinates": [ [ [ [ 112.263994808, -8.095712742999979, 0.0 ], [ 112.265025355000034, -8.095927868999979, 0.0 ], [ 112.264698922000093, -8.096941914999945, 0.0 ], [ 112.2646632310001, -8.097348802999932, 0.0 ], [ 112.264576814000065, -8.09762251899997, 0.0 ], [ 112.264555605000055, -8.098059186999933, 0.0 ], [ 112.264467495000076, -8.099098882999954, 0.0 ], [ 112.264475215000061, -8.099311887999932, 0.0 ], [ 112.264940872000011, -8.099471359999939, 0.0 ], [ 112.265811755000072, -8.099649818999978, 0.0 ], [ 112.266118705000054, -8.099699787999953, 0.0 ], [ 112.26656128500008, -8.099706925999953, 0.0 ], [ 112.26674688300011, -8.099849693999943, 0.0 ], [ 112.26746072100002, -8.099942492999958, 0.0 ], [ 112.267796225000097, -8.09997104699994, 0.0 ], [ 112.267845864000037, -8.100145466999948, 0.0 ], [ 112.268026715000019, -8.100182183999948, 0.0 ], [ 112.268628052000054, -8.100286732999962, 0.0 ], [ 112.268603618000043, -8.101688939999974, 0.0 ], [ 112.268710694000106, -8.102010166999946, 0.0 ], [ 112.268974814000103, -8.102245733999951, 0.0 ], [ 112.26953874600008, -8.102352809999957, 0.0 ], [ 112.269824281000069, -8.102959571999975, 0.0 ], [ 112.271201989000019, -8.105814925999937, 0.0 ], [ 112.27115, -8.10659, 0.0 ], [ 112.27099, -8.106969998999944, 0.0 ], [ 112.27081, -8.10739, 0.0 ], [ 112.270580000000109, -8.10796, 0.0 ], [ 112.270458228000052, -8.108256651999966, 0.0 ], [ 112.270375776000037, -8.108459563999929, 0.0 ], [ 112.270261562000087, -8.108930696999948, 0.0 ], [ 112.270241455000019, -8.109232412999972, 0.0 ], [ 112.270118794000041, -8.109508905999974, 0.0 ], [ 112.27040432900003, -8.1095802899999, 0.0 ], [ 112.271517917000097, -8.10973019599993, 0.0 ], [ 112.271823678000032, -8.109799794999958, 0.0 ], [ 112.271823678000032, -8.109918767999943, 0.0 ], [ 112.272138956000049, -8.11001394699997, 0.0 ], [ 112.273828374, -8.110412506999978, 0.0 ], [ 112.274981619000073, -8.110680671999944, 0.0 ], [ 112.275255019000042, -8.109333341999957, 0.0 ], [ 112.275730911000096, -8.109419001999981, 0.0 ], [ 112.275911750000091, -8.109380930999976, 0.0 ], [ 112.275997411000048, -8.109304787999974, 0.0 ], [ 112.27644475000011, -8.109257198999956, 0.0 ], [ 112.276492339000015, -8.109125534999976, 0.0 ], [ 112.276506616, -8.108968490999928, 0.0 ], [ 112.276544687000069, -8.108625848999964, 0.0 ], [ 112.276601794000044, -8.108440250999934, 0.0 ], [ 112.276725526000064, -8.108259411999938, 0.0 ], [ 112.276863535000075, -8.108102366999958, 0.0 ], [ 112.277058651000061, -8.108030982999935, 0.0 ], [ 112.277201418000118, -8.108002429999942, 0.0 ], [ 112.277387016000034, -8.108002429999942, 0.0 ], [ 112.277934292000054, -8.108059536999974, 0.0 ], [ 112.278676684000061, -8.108149955999977, 0.0 ], [ 112.278498225000021, -8.108430732999977, 0.0 ], [ 112.278391149000072, -8.108630607999942, 0.0 ], [ 112.278298350000114, -8.108837620999964, 0.0 ], [ 112.278212689000043, -8.109044633999929, 0.0 ], [ 112.27818413600005, -8.109258784999952, 0.0 ], [ 112.278191274000051, -8.109508628999947, 0.0 ], [ 112.278255520000016, -8.10972278, 0.0 ], [ 112.278276935, -8.109901239999942, 0.0 ], [ 112.278198412000052, -8.110115390999965, 0.0 ], [ 112.278148444000067, -8.110286711999947, 0.0 ], [ 112.278150823000033, -8.1105452799999, 0.0 ], [ 112.278150823000033, -8.110705893999977, 0.0 ], [ 112.27812108, -8.110860558999946, 0.0 ], [ 112.2780734910001, -8.111062812999933, 0.0 ], [ 112.277996158000064, -8.111259118999953, 0.0 ], [ 112.277948569000046, -8.111401885999953, 0.0 ], [ 112.27890035300004, -8.111758805999955, 0.0 ], [ 112.278828970000063, -8.111990802999969, 0.0 ], [ 112.279615271000011, -8.112257228999965, 0.0 ], [ 112.27959915100007, -8.112281408999934, 0.0 ], [ 112.279380240000023, -8.112957175999952, 0.0 ], [ 112.279246990000047, -8.11341403199998, 0.0 ], [ 112.278751587000102, -8.113334795999947, 0.0 ], [ 112.278192413000056, -8.113299103999964, 0.0 ], [ 112.278097235000018, -8.114024839999956, 0.0 ], [ 112.278513641000018, -8.114167606999956, 0.0 ], [ 112.278168619000098, -8.11635671099998, 0.0 ], [ 112.277621343000078, -8.116213943999981, 0.0 ], [ 112.277549959000112, -8.116570862999936, 0.0 ], [ 112.276035084000114, -8.116273243999956, 0.0 ], [ 112.276, -8.11701, 0.0 ], [ 112.275929999000027, -8.118319998999937, 0.0 ], [ 112.27592, -8.1188, 0.0 ], [ 112.27602, -8.11924, 0.0 ], [ 112.27618, -8.1195, 0.0 ], [ 112.27698, -8.12019, 0.0 ], [ 112.27734, -8.12045, 0.0 ], [ 112.27804, -8.12077, 0.0 ], [ 112.2783, -8.12086, 0.0 ], [ 112.27851, -8.12098, 0.0 ], [ 112.27859, -8.121109998999941, 0.0 ], [ 112.27861, -8.12126, 0.0 ], [ 112.27863, -8.12133, 0.0 ], [ 112.278699999000082, -8.121539998999936, 0.0 ], [ 112.2788, -8.12179, 0.0 ], [ 112.27882000000011, -8.12192, 0.0 ], [ 112.278779999000108, -8.12204, 0.0 ], [ 112.278249999000082, -8.12223, 0.0 ], [ 112.27809, -8.122299998999949, 0.0 ], [ 112.27795, -8.12243, 0.0 ], [ 112.27791, -8.12255, 0.0 ], [ 112.277919999, -8.12268, 0.0 ], [ 112.27802, -8.12278, 0.0 ], [ 112.27821, -8.12278, 0.0 ], [ 112.27862, -8.1227, 0.0 ], [ 112.27897, -8.1227, 0.0 ], [ 112.27912, -8.122729998999944, 0.0 ], [ 112.27921, -8.12281, 0.0 ], [ 112.27924, -8.123059998999963, 0.0 ], [ 112.27919, -8.12332, 0.0 ], [ 112.279149999000083, -8.123469998999951, 0.0 ], [ 112.2792, -8.1236, 0.0 ], [ 112.27933, -8.12371, 0.0 ], [ 112.27959, -8.123799998999971, 0.0 ], [ 112.27996, -8.123879998999939, 0.0 ], [ 112.28009, -8.12393, 0.0 ], [ 112.28018, -8.12408, 0.0 ], [ 112.28019, -8.124169998999946, 0.0 ], [ 112.28007, -8.12426, 0.0 ], [ 112.27971, -8.12439, 0.0 ], [ 112.279672668000103, -8.124416269999926, 0.0 ], [ 112.279439999000033, -8.124579998999934, 0.0 ], [ 112.279364493000116, -8.124655504999964, 0.0 ], [ 112.27925, -8.12477, 0.0 ], [ 112.279179913, -8.124903801999949, 0.0 ], [ 112.279202772000076, -8.125045795999938, 0.0 ], [ 112.27924917100006, -8.125120748999962, 0.0 ], [ 112.279292002000034, -8.125177855999937, 0.0 ], [ 112.279338401000018, -8.125224254999978, 0.0 ], [ 112.279381231000116, -8.125288500999943, 0.0 ], [ 112.279402646000108, -8.125334899999928, 0.0 ], [ 112.279327620000117, -8.125545238999962, 0.0 ], [ 112.27933, -8.12555, 0.0 ], [ 112.279218512000057, -8.125624325999979, 0.0 ], [ 112.27918000000011, -8.12565, 0.0 ], [ 112.279066102000115, -8.125696402999949, 0.0 ], [ 112.278938652000079, -8.125666834999947, 0.0 ], [ 112.278917236000098, -8.125663265999947, 0.0 ], [ 112.278877975000114, -8.125663265999947, 0.0 ], [ 112.278803022000034, -8.12569895799993, 0.0 ], [ 112.278742346000058, -8.12572751099998, 0.0 ], [ 112.278678101000082, -8.125756064999962, 0.0 ], [ 112.278620994000107, -8.125802463999946, 0.0 ], [ 112.278567456000019, -8.125870278999969, 0.0 ], [ 112.278546041000027, -8.125913108999953, 0.0 ], [ 112.278499641000053, -8.125988061999976, 0.0 ], [ 112.278496072000053, -8.126020184999959, 0.0 ], [ 112.278526114000101, -8.126144229999966, 0.0 ], [ 112.278613855000117, -8.126298581999947, 0.0 ], [ 112.2786531160001, -8.126352119999979, 0.0 ], [ 112.278663824000091, -8.126394949999963, 0.0 ], [ 112.2786531160001, -8.126441348999947, 0.0 ], [ 112.278642409000099, -8.12650845, 0.0 ], [ 112.278581732000021, -8.126530578999962, 0.0 ], [ 112.278556748000028, -8.126551993999954, 0.0 ], [ 112.27846394900007, -8.126591254999937, 0.0 ], [ 112.278399704000094, -8.126605531999928, 0.0 ], [ 112.27804, -8.12666, 0.0 ], [ 112.27778, -8.12671, 0.0 ], [ 112.27745, -8.12669, 0.0 ], [ 112.27713, -8.126629998999931, 0.0 ], [ 112.27694, -8.12666, 0.0 ], [ 112.2767, -8.12682, 0.0 ], [ 112.27658, -8.12697, 0.0 ], [ 112.276689999000041, -8.12758, 0.0 ], [ 112.27678, -8.12803, 0.0 ], [ 112.276783238, -8.128127138999957, 0.0 ], [ 112.276789999000016, -8.12833, 0.0 ], [ 112.276570000000106, -8.128849998999954, 0.0 ], [ 112.27616, -8.12944, 0.0 ], [ 112.276112364000028, -8.129490523999948, 0.0 ], [ 112.275891039000044, -8.129725261999965, 0.0 ], [ 112.275574094000035, -8.129883715999938, 0.0 ], [ 112.275487810000072, -8.129966641999943, 0.0 ], [ 112.27543696500004, -8.130026329999964, 0.0 ], [ 112.275425377000033, -8.130112738999969, 0.0 ], [ 112.275413480000111, -8.130181147999963, 0.0 ], [ 112.275410506000071, -8.130231711999954, 0.0 ], [ 112.275485335000099, -8.130421709999951, 0.0 ], [ 112.275603837000062, -8.130680834999964, 0.0 ], [ 112.27563358000009, -8.13078791099997, 0.0 ], [ 112.275538402000052, -8.130924729999947, 0.0 ], [ 112.275461069000016, -8.131013959999962, 0.0 ], [ 112.27524, -8.13126, 0.0 ], [ 112.27516, -8.13145, 0.0 ], [ 112.275260000000117, -8.13171, 0.0 ], [ 112.275561007000078, -8.1318295199999, 0.0 ], [ 112.275722810000048, -8.131943733999947, 0.0 ], [ 112.27587509600005, -8.132067465999967, 0.0 ], [ 112.275922685000069, -8.132181679999974, 0.0 ], [ 112.275970274000088, -8.132391072999951, 0.0 ], [ 112.276074970000082, -8.132505286999958, 0.0 ], [ 112.276227256000084, -8.132571911999946, 0.0 ], [ 112.276465202000054, -8.132657571999971, 0.0 ], [ 112.276579416000118, -8.132695643999966, 0.0 ], [ 112.276836398000114, -8.132705161999979, 0.0 ], [ 112.276988683000013, -8.132705161999979, 0.0 ], [ 112.277160004000052, -8.132752750999941, 0.0 ], [ 112.27733132600008, -8.132838410999966, 0.0 ], [ 112.277445196000031, -8.132938331999981, 0.0 ], [ 112.277467221000052, -8.133076417999973, 0.0 ], [ 112.27752999900008, -8.13347, 0.0 ], [ 112.27748, -8.1338, 0.0 ], [ 112.277540718000068, -8.133942480999963, 0.0 ], [ 112.277531200000112, -8.134066212999926, 0.0 ], [ 112.277529547000086, -8.134075030999952, 0.0 ], [ 112.277502647, -8.134218498999928, 0.0 ], [ 112.277445540000031, -8.134380301999954, 0.0 ], [ 112.277407468000092, -8.134494515999961, 0.0 ], [ 112.277199507000091, -8.134739034999939, 0.0 ], [ 112.27703228900009, -8.13486970799994, 0.0 ], [ 112.276988683000013, -8.13490378399996, 0.0 ], [ 112.276947738000104, -8.134989972999961, 0.0 ], [ 112.27689624300001, -8.135098368999934, 0.0 ], [ 112.276854053000079, -8.135123249999936, 0.0 ], [ 112.276852010000084, -8.135123411999928, 0.0 ], [ 112.276741219000087, -8.135132211999974, 0.0 ], [ 112.276650800000084, -8.135094139999978, 0.0 ], [ 112.276584175000039, -8.135070345999964, 0.0 ], [ 112.276488996000012, -8.135046550999959, 0.0 ], [ 112.276103524000064, -8.134951372999979, 0.0 ], [ 112.276029365000113, -8.134949946999939, 0.0 ], [ 112.275856060000024, -8.134946613999944, 0.0 ], [ 112.275584801000036, -8.134918059999961, 0.0 ], [ 112.275494430000094, -8.134899510999958, 0.0 ], [ 112.275407897000036, -8.134881748999931, 0.0 ], [ 112.27531926100005, -8.134918447999951, 0.0 ], [ 112.275170775000106, -8.134979925999971, 0.0 ], [ 112.275133434000054, -8.135117344999969, 0.0 ], [ 112.275099391000026, -8.135260702999972, 0.0 ], [ 112.275148594000029, -8.135558002999971, 0.0 ], [ 112.27514933100008, -8.135562453999967, 0.0 ], [ 112.275305557000024, -8.135868457999948, 0.0 ], [ 112.275380965000068, -8.135917766999967, 0.0 ], [ 112.275489623000112, -8.13598881799993, 0.0 ], [ 112.275537212000017, -8.136169656999925, 0.0 ], [ 112.27557528300008, -8.136340977999964, 0.0 ], [ 112.275544314000058, -8.136547409999935, 0.0 ], [ 112.275508659000025, -8.136664584999949, 0.0 ], [ 112.275489158000028, -8.136781588999952, 0.0 ], [ 112.275465828000051, -8.136921565999955, 0.0 ], [ 112.275465828000051, -8.136971436999943, 0.0 ], [ 112.275465828000051, -8.137121440999977, 0.0 ], [ 112.275446793000015, -8.137416493999979, 0.0 ], [ 112.275446793000015, -8.137583056999972, 0.0 ], [ 112.275443446000054, -8.137644982999973, 0.0 ], [ 112.275437275000058, -8.137759136999932, 0.0 ], [ 112.275422998000067, -8.137906662999967, 0.0 ], [ 112.275432516000023, -8.137997082999959, 0.0 ], [ 112.275584716000026, -8.138198839999973, 0.0 ], [ 112.275646667000046, -8.138258823999934, 0.0 ], [ 112.275684739000098, -8.138463456999943, 0.0 ], [ 112.275684739000098, -8.138568152999937, 0.0 ], [ 112.275675221000029, -8.138672849999978, 0.0 ], [ 112.275679980000064, -8.139025009999955, 0.0 ], [ 112.275646667000046, -8.139186812999981, 0.0 ], [ 112.275565766000113, -8.139515178999943, 0.0 ], [ 112.275494382000034, -8.139795954999954, 0.0 ], [ 112.275354794, -8.14005024599993, 0.0 ], [ 112.275166016000071, -8.140171909999935, 0.0 ], [ 112.275032766000095, -8.14025757099995, 0.0 ], [ 112.274970024000027, -8.140309855999931, 0.0 ], [ 112.274918552000031, -8.140352748999931, 0.0 ], [ 112.274900851000098, -8.140380156999981, 0.0 ], [ 112.274771026000053, -8.140581176999945, 0.0 ], [ 112.27452, -8.1408, 0.0 ], [ 112.274408516000108, -8.140875415999972, 0.0 ], [ 112.274176160000025, -8.141180801999951, 0.0 ], [ 112.274009200000023, -8.141085258999965, 0.0 ], [ 112.273923938000053, -8.141018997999936, 0.0 ], [ 112.273816371000066, -8.141022161999956, 0.0 ], [ 112.273762134000094, -8.141023756999971, 0.0 ], [ 112.273624125000083, -8.14104279299994, 0.0 ], [ 112.273329072000024, -8.141071345999933, 0.0 ], [ 112.273105403000045, -8.141161765999925, 0.0 ], [ 112.273014983000053, -8.141218872999957, 0.0 ], [ 112.272881734000066, -8.141375916999948, 0.0 ], [ 112.272605716000044, -8.141447300999971, 0.0 ], [ 112.272391565000021, -8.141475854999953, 0.0 ], [ 112.27220120800007, -8.141532961999928, 0.0 ], [ 112.272106029000042, -8.141556756999933, 0.0 ], [ 112.271982445000049, -8.141546409999933, 0.0 ], [ 112.271606342000041, -8.141523443999972, 0.0 ], [ 112.271363637000036, -8.141580550999947, 0.0 ], [ 112.271249423000086, -8.141637657999979, 0.0 ], [ 112.271163763000118, -8.141723318999937, 0.0 ], [ 112.271182798000041, -8.14182801499993, 0.0 ], [ 112.271292254000059, -8.141913675999945, 0.0 ], [ 112.271333672000083, -8.141928012999927, 0.0 ], [ 112.271415986000079, -8.141956505999929, 0.0 ], [ 112.271547360000113, -8.1420926399999, 0.0 ], [ 112.27163186700011, -8.14234842299993, 0.0 ], [ 112.271619667000095, -8.142495691999954, 0.0 ], [ 112.271619667000095, -8.142609905999961, 0.0 ], [ 112.271476900000039, -8.142795503999935, 0.0 ], [ 112.271355547000098, -8.142845472999966, 0.0 ], [ 112.271150139000042, -8.142897622999953, 0.0 ], [ 112.271041458000013, -8.142866887999958, 0.0 ], [ 112.271013974000084, -8.142884245999937, 0.0 ], [ 112.270905829000071, -8.142952547999926, 0.0 ], [ 112.270698816000049, -8.143059623999932, 0.0 ], [ 112.2705917400001, -8.143230944999971, 0.0 ], [ 112.270441834000053, -8.14337371299996, 0.0 ], [ 112.270380009000064, -8.143574197999953, 0.0 ], [ 112.270023315000117, -8.143931639999948, 0.0 ], [ 112.26885, -8.1448, 0.0 ], [ 112.268571578000092, -8.144901326999957, 0.0 ], [ 112.268421672000045, -8.145072647999939, 0.0 ], [ 112.268233591000012, -8.145325882999941, 0.0 ], [ 112.26803, -8.1456, 0.0 ], [ 112.268036199000107, -8.145686548999947, 0.0 ], [ 112.267900570000052, -8.145836454999937, 0.0 ], [ 112.267814909000094, -8.14590070099996, 0.0 ], [ 112.267643588000055, -8.145950668999944, 0.0 ], [ 112.267520000000104, -8.14591, 0.0 ], [ 112.267265254000108, -8.145893561999969, 0.0 ], [ 112.267193870000028, -8.146007775999976, 0.0 ], [ 112.26726, -8.146109998999975, 0.0 ], [ 112.267205699000101, -8.146166768999933, 0.0 ], [ 112.267039999000076, -8.14634, 0.0 ], [ 112.267031519000057, -8.146357432999935, 0.0 ], [ 112.266877538000017, -8.146673948999933, 0.0 ], [ 112.266860001000055, -8.14671, 0.0 ], [ 112.266858707000097, -8.146709223999949, 0.0 ], [ 112.266853259000072, -8.146705954999959, 0.0 ], [ 112.265214073000038, -8.146211434999941, 0.0 ], [ 112.265121940000085, -8.146183639999947, 0.0 ], [ 112.265131694000047, -8.146096364999948, 0.0 ], [ 112.265220000000113, -8.145679998999981, 0.0 ], [ 112.2653, -8.145389998999974, 0.0 ], [ 112.265930252000089, -8.143892932999961, 0.0 ], [ 112.267009429000041, -8.142196784999953, 0.0 ], [ 112.267279704000089, -8.141634968999938, 0.0 ], [ 112.267587683000102, -8.14054488599993, 0.0 ], [ 112.268500902000028, -8.138527507999981, 0.0 ], [ 112.269542621000028, -8.136221853999928, 0.0 ], [ 112.270604693000109, -8.134366094999962, 0.0 ], [ 112.269737023000062, -8.134069336999971, 0.0 ], [ 112.269786992000036, -8.133940845999973, 0.0 ], [ 112.269737023000062, -8.133776662999935, 0.0 ], [ 112.269515733000048, -8.133676725999976, 0.0 ], [ 112.269287305000034, -8.133598203999952, 0.0 ], [ 112.269194506000076, -8.133562511999969, 0.0 ], [ 112.268973216000063, -8.133448296999973, 0.0 ], [ 112.268837587, -8.133369774999949, 0.0 ], [ 112.268830449, -8.133105654999952, 0.0 ], [ 112.2686377120001, -8.132884364999938, 0.0 ], [ 112.268466391000061, -8.132827257999963, 0.0 ], [ 112.26815230200009, -8.132763012999931, 0.0 ], [ 112.26797384300005, -8.13260596799995, 0.0 ], [ 112.26796670400006, -8.132584552999958, 0.0 ], [ 112.267916736000075, -8.132356124999944, 0.0 ], [ 112.26767403100007, -8.132213356999955, 0.0 ], [ 112.2673959440001, -8.131971667999949, 0.0 ], [ 112.267340000000104, -8.13195, 0.0 ], [ 112.266833546000043, -8.131659338999953, 0.0 ], [ 112.266923691000102, -8.131195280999975, 0.0 ], [ 112.266983178000032, -8.130695593999974, 0.0 ], [ 112.267042664000087, -8.130338674999962, 0.0 ], [ 112.267102151000017, -8.130029344999969, 0.0 ], [ 112.267173535000097, -8.129743809999979, 0.0 ], [ 112.267256816000099, -8.129374992999942, 0.0 ], [ 112.267268713000021, -8.129184635999934, 0.0 ], [ 112.267387686, -8.128982381999947, 0.0 ], [ 112.267459070000086, -8.12878012799996, 0.0 ], [ 112.267423378000103, -8.128673051999954, 0.0 ], [ 112.267244919000063, -8.128613565999956, 0.0 ], [ 112.267125945000089, -8.128423208999948, 0.0 ], [ 112.267173535000097, -8.12823285199994, 0.0 ], [ 112.267304405, -8.127721267999959, 0.0 ], [ 112.26731630200004, -8.127495218999968, 0.0 ], [ 112.267328200000065, -8.127209683999979, 0.0 ], [ 112.267266334000055, -8.126327498999956, 0.0 ], [ 112.267259195000065, -8.126091931999952, 0.0 ], [ 112.267351994000023, -8.125820672999964, 0.0 ], [ 112.267523315000062, -8.12544233899996, 0.0 ], [ 112.267637530000115, -8.12511397399993, 0.0 ], [ 112.267844543000024, -8.124978343999942, 0.0 ], [ 112.268087248000029, -8.12480702299996, 0.0 ], [ 112.268122940000012, -8.124649978999969, 0.0 ], [ 112.267787436000049, -8.124600009999938, 0.0 ], [ 112.267594699000028, -8.124757053999929, 0.0 ], [ 112.267437655000094, -8.124792745999969, 0.0 ], [ 112.26731630200004, -8.12480702299996, 0.0 ], [ 112.267351994000023, -8.124971205999941, 0.0 ], [ 112.267302026000038, -8.12514252699998, 0.0 ], [ 112.267052182000043, -8.125585106999949, 0.0 ], [ 112.266995075000068, -8.125942025999962, 0.0 ], [ 112.267009352000059, -8.126420297999971, 0.0 ], [ 112.267002213000069, -8.126805769999976, 0.0 ], [ 112.267045044000042, -8.127126997999937, 0.0 ], [ 112.266980798000077, -8.12767665299998, 0.0 ], [ 112.26683803100002, -8.128090678999968, 0.0 ], [ 112.266695263000088, -8.128319107999971, 0.0 ], [ 112.266573911000023, -8.128390490999948, 0.0 ], [ 112.266402589000108, -8.128583227999968, 0.0 ], [ 112.266017117000047, -8.128868762999957, 0.0 ], [ 112.265781550000042, -8.129125744999953, 0.0 ], [ 112.265496015000053, -8.129404141999942, 0.0 ], [ 112.265231894000067, -8.129668261999939, 0.0 ], [ 112.265039158000036, -8.130096564999974, 0.0 ], [ 112.264803592000021, -8.13035354699997, 0.0 ], [ 112.264494605000095, -8.130668746999959, 0.0 ], [ 112.26393, -8.13063, 0.0 ], [ 112.26372, -8.13056, 0.0 ], [ 112.263600924000116, -8.130525428999931, 0.0 ], [ 112.26375087800011, -8.130280576999951, 0.0 ], [ 112.263911492000034, -8.129810632999977, 0.0 ], [ 112.264089952000063, -8.129477507999979, 0.0 ], [ 112.264101849000099, -8.129257407999944, 0.0 ], [ 112.264113746000021, -8.129078948999961, 0.0 ], [ 112.264339795000069, -8.128811258999974, 0.0 ], [ 112.264417127000115, -8.128591158999939, 0.0 ], [ 112.264589638000075, -8.128091471999937, 0.0 ], [ 112.264631279000014, -8.127895166999963, 0.0 ], [ 112.264405230000079, -8.127794039999969, 0.0 ], [ 112.264405230000079, -8.127633425999932, 0.0 ], [ 112.264452819000098, -8.127431171999945, 0.0 ], [ 112.264452819000098, -8.127300301999981, 0.0 ], [ 112.264423076000071, -8.127092098999981, 0.0 ], [ 112.264565844000117, -8.12675302599996, 0.0 ], [ 112.264785944000096, -8.126640000999942, 0.0 ], [ 112.264857328000062, -8.126526976999969, 0.0 ], [ 112.264958455000055, -8.12634851699994, 0.0 ], [ 112.265023890000066, -8.126283081999929, 0.0 ], [ 112.265166658000112, -8.125949957999978, 0.0 ], [ 112.265273733000072, -8.125842881999972, 0.0 ], [ 112.265285631000097, -8.125670370999956, 0.0 ], [ 112.265327271000046, -8.125468116999969, 0.0 ], [ 112.265386758000091, -8.125129042999959, 0.0 ], [ 112.265452193000101, -8.12497437899998, 0.0 ], [ 112.265594961000033, -8.124831610999934, 0.0 ], [ 112.265660396000044, -8.12476617599998, 0.0 ], [ 112.265850753000109, -8.124736431999963, 0.0 ], [ 112.265993520000052, -8.124784021999972, 0.0 ], [ 112.266106545000071, -8.12473048399994, 0.0 ], [ 112.266154134000089, -8.12459961299993, 0.0 ], [ 112.266302850000102, -8.12442710199997, 0.0 ], [ 112.266338542000085, -8.124207001999935, 0.0 ], [ 112.266497241000025, -8.123954485999946, 0.0 ], [ 112.26663002600003, -8.123677571999963, 0.0 ], [ 112.266754948000084, -8.123481266999931, 0.0 ], [ 112.266838229000086, -8.123338498999942, 0.0 ], [ 112.266838229000086, -8.123130295999943, 0.0 ], [ 112.266891767000061, -8.122725787999968, 0.0 ], [ 112.266915561000019, -8.122529481999948, 0.0 ], [ 112.266927459000044, -8.122279638999942, 0.0 ], [ 112.266992894000055, -8.122190408999927, 0.0 ], [ 112.267094021000048, -8.12219635799994, 0.0 ], [ 112.267129713000031, -8.122047640999938, 0.0 ], [ 112.26717730200005, -8.121708567999974, 0.0 ], [ 112.26730817300006, -8.12154200599997, 0.0 ], [ 112.267444992000037, -8.121393289999958, 0.0 ], [ 112.267653194000104, -8.12126836799996, 0.0 ], [ 112.267772167000089, -8.121262418999947, 0.0 ], [ 112.267807859000072, -8.121000678999962, 0.0 ], [ 112.26862282500008, -8.121095856999943, 0.0 ], [ 112.268670414000098, -8.120453402999942, 0.0 ], [ 112.268152881000105, -8.120399864999968, 0.0 ], [ 112.267623451000077, -8.12027494299997, 0.0 ], [ 112.267790013000081, -8.119656282999927, 0.0 ], [ 112.266951253000116, -8.119489720999979, 0.0 ], [ 112.267254635000086, -8.118335681999952, 0.0 ], [ 112.266397440000105, -8.118076765999945, 0.0 ], [ 112.2665, -8.117929998999955, 0.0 ], [ 112.26691, -8.11737, 0.0 ], [ 112.267070000000103, -8.117209998999954, 0.0 ], [ 112.26745, -8.116759998999953, 0.0 ], [ 112.267510900000048, -8.116583710999976, 0.0 ], [ 112.267519526000115, -8.116295994999973, 0.0 ], [ 112.266936558000111, -8.115237134999973, 0.0 ], [ 112.266423594000116, -8.114700783999979, 0.0 ], [ 112.263974129000076, -8.113761868999973, 0.0 ], [ 112.263010447000056, -8.113500128999931, 0.0 ], [ 112.261963484000034, -8.11354771799995, 0.0 ], [ 112.261309132000065, -8.113345463999963, 0.0 ], [ 112.260364631000016, -8.112606742999958, 0.0 ], [ 112.260075886000095, -8.112483477999945, 0.0 ], [ 112.260499041000116, -8.110820340999965, 0.0 ], [ 112.26046, -8.11059, 0.0 ], [ 112.26053, -8.110539998999968, 0.0 ], [ 112.260679999000104, -8.11034, 0.0 ], [ 112.26083, -8.11001, 0.0 ], [ 112.260953716000017, -8.109601200999975, 0.0 ], [ 112.26106, -8.10925, 0.0 ], [ 112.261049999000079, -8.108919998999966, 0.0 ], [ 112.26098, -8.10862, 0.0 ], [ 112.26094, -8.10836, 0.0 ], [ 112.26086, -8.10714, 0.0 ], [ 112.26093, -8.10698, 0.0 ], [ 112.26118, -8.1064, 0.0 ], [ 112.26121, -8.10597, 0.0 ], [ 112.26123, -8.10579, 0.0 ], [ 112.261238540000022, -8.10569178399993, 0.0 ], [ 112.26125, -8.10556, 0.0 ], [ 112.26136, -8.10513, 0.0 ], [ 112.260983981000095, -8.103236815999935, 0.0 ], [ 112.260983981000095, -8.103034561999948, 0.0 ], [ 112.261091057000044, -8.102808512999957, 0.0 ], [ 112.261174338000046, -8.102618155999949, 0.0 ], [ 112.261257619000048, -8.10233262099996, 0.0 ], [ 112.261257619000048, -8.102118468999947, 0.0 ], [ 112.261257619000048, -8.101868625999941, 0.0 ], [ 112.261257619000048, -8.10164257699995, 0.0 ], [ 112.261257619000048, -8.101416527999959, 0.0 ], [ 112.261257619000048, -8.101166684999953, 0.0 ], [ 112.261281414000109, -8.099881775999961, 0.0 ], [ 112.261436079000077, -8.099643829999934, 0.0 ], [ 112.261543154000037, -8.099417780999943, 0.0 ], [ 112.261618446000057, -8.099211982999975, 0.0 ], [ 112.261662127000022, -8.099025169999948, 0.0 ], [ 112.261674025000048, -8.098822915999961, 0.0 ], [ 112.261662127000022, -8.098644455999931, 0.0 ], [ 112.261638333000064, -8.098442201999944, 0.0 ], [ 112.261638333000064, -8.098239947999957, 0.0 ], [ 112.261769203000085, -8.098013898999966, 0.0 ], [ 112.261852484000087, -8.097823541999958, 0.0 ], [ 112.26199525200002, -8.097442827999942, 0.0 ], [ 112.262042841000039, -8.097192984999936, 0.0 ], [ 112.262102328000083, -8.097002627999927, 0.0 ], [ 112.262102328000083, -8.096752784999978, 0.0 ], [ 112.262102328000083, -8.096538632999966, 0.0 ], [ 112.262090430000057, -8.096336378999979, 0.0 ], [ 112.262054738000074, -8.096229302999973, 0.0 ], [ 112.262007149000056, -8.09601515199995, 0.0 ], [ 112.262007149000056, -8.095836691999978, 0.0 ], [ 112.261983355000098, -8.095563053999967, 0.0 ], [ 112.263937441000053, -8.095961547999934, 0.0 ], [ 112.263994808, -8.095712742999979, 0.0 ] ] ] ] } },
{ "type": "Feature", "properties": { "OBJECTID": 116206.0, "KDPPUM": "35", "NAMOBJ": "Wonorejo", "REMARK": null, "KDPBPS": null, "FCODE": "BA03070040", "LUASWH": 3.39153737, "UUPP": "Hasil Delineasi Batas Desa 2019", "SRS_ID": "SRGI 2013", "METADATA": "TASWIL1000020200326DATA_BATAS_DESA_KELURAHAN", "KDEBPS": null, "KDEPUM": "35.05.14.2007", "KDCBPS": null, "KDCPUM": "35.05.14", "KDBBPS": null, "WADMKD": "Wonorejo", "WIADKD": null, "WADMKC": "Talun", "WIADKC": null, "WADMKK": "Blitar", "WIADKK": null, "WADMPR": "Jawa Timur", "WIADPR": null, "TIPADM": 1.0, "KDPKAB": "35.05", "SHAPE_Leng": 0.12317079708986101, "SHAPE_Area": 0.00027832194609900003 }, "geometry": { "type": "MultiPolygon", "coordinates": [ [ [ [ 112.28969156900007, -8.097282407999955, 0.0 ], [ 112.291172781000114, -8.097509938999963, 0.0 ], [ 112.292210226000066, -8.097700295999971, 0.0 ], [ 112.292200708000109, -8.097405241999979, 0.0 ], [ 112.292648046000068, -8.09748138499998, 0.0 ], [ 112.292686118, -8.097338617999981, 0.0 ], [ 112.293485617000101, -8.097433795999962, 0.0 ], [ 112.293723563000071, -8.097433795999962, 0.0 ], [ 112.293809223000039, -8.097424277999949, 0.0 ], [ 112.294142348000037, -8.09748138499998, 0.0 ], [ 112.294446919000052, -8.097538491999956, 0.0 ], [ 112.294273018000013, -8.097764433999942, 0.0 ], [ 112.294285116000083, -8.098004866999929, 0.0 ], [ 112.294342223000058, -8.098176187999968, 0.0 ], [ 112.294361258000094, -8.098309437999944, 0.0 ], [ 112.294351740000025, -8.098490276999939, 0.0 ], [ 112.294370776000051, -8.098756775999959, 0.0 ], [ 112.294427883000026, -8.099032793999982, 0.0 ], [ 112.294475472000045, -8.099261221999939, 0.0 ], [ 112.294361258000094, -8.099546756999928, 0.0 ], [ 112.294256562000101, -8.099718078999956, 0.0 ], [ 112.294208973000082, -8.099908434999975, 0.0 ], [ 112.294269602000099, -8.100183931999936, 0.0 ], [ 112.29429463300005, -8.100489023999955, 0.0 ], [ 112.294266080000057, -8.10093636299996, 0.0 ], [ 112.294304151, -8.10117430899993, 0.0 ], [ 112.294304151, -8.101459843999976, 0.0 ], [ 112.294291709000049, -8.101550147999944, 0.0 ], [ 112.294321831000047, -8.101665369999978, 0.0 ], [ 112.294340866000084, -8.101798619999954, 0.0 ], [ 112.294340866000084, -8.102046083999937, 0.0 ], [ 112.294264724000072, -8.102360172999965, 0.0 ], [ 112.294121956000026, -8.102664743999981, 0.0 ], [ 112.293674617000079, -8.103007385999945, 0.0 ], [ 112.29350329600004, -8.103369063999935, 0.0 ], [ 112.293436671000109, -8.103759295999964, 0.0 ], [ 112.293322457000045, -8.10439699099993, 0.0 ], [ 112.293055957000092, -8.105558167999959, 0.0 ], [ 112.292764336, -8.106402410999976, 0.0 ], [ 112.292561029000012, -8.106976326999927, 0.0 ], [ 112.292361155000094, -8.107414147999975, 0.0 ], [ 112.292027097000073, -8.108295689999977, 0.0 ], [ 112.291885469000022, -8.108523610999953, 0.0 ], [ 112.291790290000108, -8.108743710999931, 0.0 ], [ 112.291701061000026, -8.10899950299995, 0.0 ], [ 112.291659420000087, -8.109106578999956, 0.0 ], [ 112.291536722000046, -8.109287137999956, 0.0 ], [ 112.29045475800001, -8.108879471999956, 0.0 ], [ 112.29024, -8.10932, 0.0 ], [ 112.28996, -8.110069998999961, 0.0 ], [ 112.289910436000014, -8.110230490999982, 0.0 ], [ 112.288967332000084, -8.109910106999962, 0.0 ], [ 112.288980295000101, -8.10981604899996, 0.0 ], [ 112.288475849000065, -8.109616173999939, 0.0 ], [ 112.288161760000094, -8.109501959999932, 0.0 ], [ 112.287914296000054, -8.110168208999937, 0.0 ], [ 112.28685625300011, -8.109867036999958, 0.0 ], [ 112.286838780000039, -8.110015923999981, 0.0 ], [ 112.286848298000109, -8.110244351999938, 0.0 ], [ 112.286962512000059, -8.110463261999939, 0.0 ], [ 112.287051084000041, -8.110636582999973, 0.0 ], [ 112.28707759200006, -8.110833131999925, 0.0 ], [ 112.287048172000027, -8.111091439999939, 0.0 ], [ 112.286962512000059, -8.111224689999972, 0.0 ], [ 112.286448548000067, -8.111110475999965, 0.0 ], [ 112.285877477000099, -8.110967707999976, 0.0 ], [ 112.285991692000039, -8.109977851999929, 0.0 ], [ 112.285277853000025, -8.109835084999929, 0.0 ], [ 112.28474485400011, -8.109758941999928, 0.0 ], [ 112.284544464000078, -8.109727453999938, 0.0 ], [ 112.284354107000013, -8.109917810999946, 0.0 ], [ 112.284030500000085, -8.109955881999952, 0.0 ], [ 112.28372592900007, -8.109860703999971, 0.0 ], [ 112.283154859000092, -8.109917810999946, 0.0 ], [ 112.283231001000104, -8.109479989999954, 0.0 ], [ 112.282945466000115, -8.109403846999953, 0.0 ], [ 112.28311678700004, -8.10890891899993, 0.0 ], [ 112.282389931000012, -8.10854982799998, 0.0 ], [ 112.281232254000088, -8.108071348999943, 0.0 ], [ 112.28102286100011, -8.108642419999967, 0.0 ], [ 112.280693703000111, -8.108569448999958, 0.0 ], [ 112.280560453000021, -8.10886450299995, 0.0 ], [ 112.280455757000027, -8.109035823999932, 0.0 ], [ 112.280236846000093, -8.109321358999978, 0.0 ], [ 112.28012263200003, -8.109568822999961, 0.0 ], [ 112.27999890000001, -8.109844840999926, 0.0 ], [ 112.27999890000001, -8.110111339999946, 0.0 ], [ 112.280027454000106, -8.110396874999935, 0.0 ], [ 112.280103596000117, -8.110558678999951, 0.0 ], [ 112.280036971000072, -8.110777588999952, 0.0 ], [ 112.280036971000072, -8.110977463999973, 0.0 ], [ 112.27999890000001, -8.111196373999974, 0.0 ], [ 112.279989382000053, -8.111443837999957, 0.0 ], [ 112.279913239000052, -8.111719855999979, 0.0 ], [ 112.279789508000022, -8.111995872999955, 0.0 ], [ 112.279615271000011, -8.112257228999965, 0.0 ], [ 112.278828970000063, -8.111990802999969, 0.0 ], [ 112.27890035300004, -8.111758805999955, 0.0 ], [ 112.277948569000046, -8.111401885999953, 0.0 ], [ 112.277996158000064, -8.111259118999953, 0.0 ], [ 112.2780734910001, -8.111062812999933, 0.0 ], [ 112.27812108, -8.110860558999946, 0.0 ], [ 112.278150823000033, -8.110705893999977, 0.0 ], [ 112.278150823000033, -8.1105452799999, 0.0 ], [ 112.278148444000067, -8.110286711999947, 0.0 ], [ 112.278198412000052, -8.110115390999965, 0.0 ], [ 112.278276935, -8.109901239999942, 0.0 ], [ 112.278255520000016, -8.10972278, 0.0 ], [ 112.278191274000051, -8.109508628999947, 0.0 ], [ 112.27818413600005, -8.109258784999952, 0.0 ], [ 112.278212689000043, -8.109044633999929, 0.0 ], [ 112.278298350000114, -8.108837620999964, 0.0 ], [ 112.278391149000072, -8.108630607999942, 0.0 ], [ 112.278498225000021, -8.108430732999977, 0.0 ], [ 112.278676684000061, -8.108149955999977, 0.0 ], [ 112.277934292000054, -8.108059536999974, 0.0 ], [ 112.277387016000034, -8.108002429999942, 0.0 ], [ 112.277201418000118, -8.108002429999942, 0.0 ], [ 112.277058651000061, -8.108030982999935, 0.0 ], [ 112.276863535000075, -8.108102366999958, 0.0 ], [ 112.276725526000064, -8.108259411999938, 0.0 ], [ 112.276601794000044, -8.108440250999934, 0.0 ], [ 112.276544687000069, -8.108625848999964, 0.0 ], [ 112.276506616, -8.108968490999928, 0.0 ], [ 112.276492339000015, -8.109125534999976, 0.0 ], [ 112.27644475000011, -8.109257198999956, 0.0 ], [ 112.275997411000048, -8.109304787999974, 0.0 ], [ 112.275911750000091, -8.109380930999976, 0.0 ], [ 112.275730911000096, -8.109419001999981, 0.0 ], [ 112.275255019000042, -8.109333341999957, 0.0 ], [ 112.274981619000073, -8.110680671999944, 0.0 ], [ 112.273828374, -8.110412506999978, 0.0 ], [ 112.272138956000049, -8.11001394699997, 0.0 ], [ 112.271823678000032, -8.109918767999943, 0.0 ], [ 112.271823678000032, -8.109799794999958, 0.0 ], [ 112.271517917000097, -8.10973019599993, 0.0 ], [ 112.27040432900003, -8.1095802899999, 0.0 ], [ 112.270118794000041, -8.109508905999974, 0.0 ], [ 112.270241455000019, -8.109232412999972, 0.0 ], [ 112.270261562000087, -8.108930696999948, 0.0 ], [ 112.270375776000037, -8.108459563999929, 0.0 ], [ 112.270458228000052, -8.108256651999966, 0.0 ], [ 112.270580000000109, -8.10796, 0.0 ], [ 112.27081, -8.10739, 0.0 ], [ 112.27099, -8.106969998999944, 0.0 ], [ 112.27115, -8.10659, 0.0 ], [ 112.271201989000019, -8.105814925999937, 0.0 ], [ 112.269824281000069, -8.102959571999975, 0.0 ], [ 112.26953874600008, -8.102352809999957, 0.0 ], [ 112.268974814000103, -8.102245733999951, 0.0 ], [ 112.268710694000106, -8.102010166999946, 0.0 ], [ 112.268603618000043, -8.101688939999974, 0.0 ], [ 112.268628052000054, -8.100286732999962, 0.0 ], [ 112.268026715000019, -8.100182183999948, 0.0 ], [ 112.267845864000037, -8.100145466999948, 0.0 ], [ 112.267796225000097, -8.09997104699994, 0.0 ], [ 112.26746072100002, -8.099942492999958, 0.0 ], [ 112.26674688300011, -8.099849693999943, 0.0 ], [ 112.26656128500008, -8.099706925999953, 0.0 ], [ 112.266118705000054, -8.099699787999953, 0.0 ], [ 112.265811755000072, -8.099649818999978, 0.0 ], [ 112.264940872000011, -8.099471359999939, 0.0 ], [ 112.264475215000061, -8.099311887999932, 0.0 ], [ 112.264467495000076, -8.099098882999954, 0.0 ], [ 112.264555605000055, -8.098059186999933, 0.0 ], [ 112.264576814000065, -8.09762251899997, 0.0 ], [ 112.2646632310001, -8.097348802999932, 0.0 ], [ 112.264698922000093, -8.096941914999945, 0.0 ], [ 112.265025355000034, -8.095927868999979, 0.0 ], [ 112.263994808, -8.095712742999979, 0.0 ], [ 112.26406, -8.09543, 0.0 ], [ 112.26431, -8.09446, 0.0 ], [ 112.264209999000059, -8.09362, 0.0 ], [ 112.26418370500005, -8.093172983999978, 0.0 ], [ 112.264657852000028, -8.093221614999948, 0.0 ], [ 112.265098052000099, -8.093292997999981, 0.0 ], [ 112.266371064000055, -8.093281100999945, 0.0 ], [ 112.266561420000016, -8.092436391999968, 0.0 ], [ 112.266807923000101, -8.091460013999949, 0.0 ], [ 112.267329999000026, -8.09151, 0.0 ], [ 112.26791, -8.09159, 0.0 ], [ 112.26799, -8.09186, 0.0 ], [ 112.267508322000026, -8.092533566999975, 0.0 ], [ 112.266837314000099, -8.093433003999962, 0.0 ], [ 112.266123600000014, -8.094915790999949, 0.0 ], [ 112.266009386000064, -8.095534450999935, 0.0 ], [ 112.266347407000012, -8.095602618999976, 0.0 ], [ 112.26865391900003, -8.095776679999972, 0.0 ], [ 112.27076688000011, -8.095976554999936, 0.0 ], [ 112.270900130000086, -8.095673569999974, 0.0 ], [ 112.273374769000043, -8.095978140999932, 0.0 ], [ 112.273517537000089, -8.09497876699993, 0.0 ], [ 112.275164124000071, -8.095216712999957, 0.0 ], [ 112.274996372000032, -8.097163111999976, 0.0 ], [ 112.276507330000072, -8.09728208599995, 0.0 ], [ 112.276265717000115, -8.100202985999942, 0.0 ], [ 112.280260358000078, -8.100498552999966, 0.0 ], [ 112.280650589000061, -8.100574695999967, 0.0 ], [ 112.281687546000057, -8.101106468999944, 0.0 ], [ 112.28437206600006, -8.10181201599994, 0.0 ], [ 112.287204558000099, -8.102582989999974, 0.0 ], [ 112.287257956000076, -8.102410449999979, 0.0 ], [ 112.287372170000026, -8.102167744999974, 0.0 ], [ 112.287538944000062, -8.10193972299993, 0.0 ], [ 112.287558563000061, -8.101438303999942, 0.0 ], [ 112.287515733000077, -8.101224151999929, 0.0 ], [ 112.28724447400009, -8.100895786999956, 0.0 ], [ 112.287125501000105, -8.100553143999946, 0.0 ], [ 112.287125501000105, -8.10044606799994, 0.0 ], [ 112.287280166000073, -8.100315197999976, 0.0 ], [ 112.287363447000075, -8.100350889999959, 0.0 ], [ 112.287550629000066, -8.100533054999971, 0.0 ], [ 112.287946415000079, -8.100743500999954, 0.0 ], [ 112.288303334000034, -8.100636424999948, 0.0 ], [ 112.288624562000109, -8.100434170999961, 0.0 ], [ 112.288886302000037, -8.100422273999925, 0.0 ], [ 112.289148043000068, -8.100220019999938, 0.0 ], [ 112.289493065000102, -8.099756024999976, 0.0 ], [ 112.28964773000007, -8.099494283999945, 0.0 ], [ 112.289695319000089, -8.099125467999954, 0.0 ], [ 112.289242426000101, -8.098744753999938, 0.0 ], [ 112.289242426000101, -8.098619968999969, 0.0 ], [ 112.289328087000058, -8.098470062999979, 0.0 ], [ 112.289734975000101, -8.098177388999943, 0.0 ], [ 112.289884881000035, -8.098027482999953, 0.0 ], [ 112.289929095000048, -8.097877834999963, 0.0 ], [ 112.28991, -8.09779, 0.0 ], [ 112.28979, -8.09752, 0.0 ], [ 112.28969156900007, -8.097282407999955, 0.0 ] ] ] ] } },
{ "type": "Feature", "properties": { "OBJECTID": 116207.0, "KDPPUM": "35", "NAMOBJ": "Kelurahan Talun", "REMARK": null, "KDPBPS": null, "FCODE": "BA03070040", "LUASWH": 5.17188108, "UUPP": "Hasil Delineasi Batas Desa 2019", "SRS_ID": "SRGI 2013", "METADATA": "TASWIL1000020200326DATA_BATAS_DESA_KELURAHAN", "KDEBPS": null, "KDEPUM": "35.05.14.1008", "KDCBPS": null, "KDCPUM": "35.05.14", "KDBBPS": null, "WADMKD": "Kelurahan Talun", "WIADKD": null, "WADMKC": "Talun", "WIADKC": null, "WADMKK": "Blitar", "WIADKK": null, "WADMPR": "Jawa Timur", "WIADPR": null, "TIPADM": 2.0, "KDPKAB": "35.05", "SHAPE_Leng": 0.121867538069168, "SHAPE_Area": 0.00042441073472499998 }, "geometry": { "type": "MultiPolygon", "coordinates": [ [ [ [ 112.293852362000052, -8.086108183999954, 0.0 ], [ 112.2938, -8.08621, 0.0 ], [ 112.29363, -8.08662, 0.0 ], [ 112.29348, -8.08713, 0.0 ], [ 112.29348, -8.08719, 0.0 ], [ 112.293050000000108, -8.08729, 0.0 ], [ 112.29294, -8.08734, 0.0 ], [ 112.29279, -8.08809, 0.0 ], [ 112.292739999000105, -8.0884, 0.0 ], [ 112.29267, -8.08859, 0.0 ], [ 112.29238, -8.088989998999978, 0.0 ], [ 112.29184, -8.08927, 0.0 ], [ 112.29119, -8.089399998999966, 0.0 ], [ 112.291110000000117, -8.089419998999972, 0.0 ], [ 112.291219999000077, -8.0896, 0.0 ], [ 112.291239999000027, -8.09002, 0.0 ], [ 112.291179999000065, -8.0903, 0.0 ], [ 112.29114, -8.09047, 0.0 ], [ 112.291199999000014, -8.09056, 0.0 ], [ 112.29135, -8.09076, 0.0 ], [ 112.291569999000103, -8.09115, 0.0 ], [ 112.291689999000027, -8.0913, 0.0 ], [ 112.292019999000104, -8.09156, 0.0 ], [ 112.29207, -8.09165, 0.0 ], [ 112.2922, -8.09183, 0.0 ], [ 112.292240000000106, -8.09203, 0.0 ], [ 112.29221, -8.09232, 0.0 ], [ 112.29218, -8.09261, 0.0 ], [ 112.29217, -8.092869998999959, 0.0 ], [ 112.29209, -8.09309, 0.0 ], [ 112.29187, -8.09339, 0.0 ], [ 112.29125999900009, -8.094119998999929, 0.0 ], [ 112.291110000000117, -8.09435, 0.0 ], [ 112.29101, -8.09471, 0.0 ], [ 112.29094, -8.09498, 0.0 ], [ 112.29086, -8.09514, 0.0 ], [ 112.290519999000026, -8.09545, 0.0 ], [ 112.290390000000116, -8.09556, 0.0 ], [ 112.29036, -8.096029998999938, 0.0 ], [ 112.29034, -8.09621, 0.0 ], [ 112.29028, -8.09633, 0.0 ], [ 112.29016, -8.09637, 0.0 ], [ 112.290029999000012, -8.09624, 0.0 ], [ 112.289900000000102, -8.09614, 0.0 ], [ 112.28969999900005, -8.0961, 0.0 ], [ 112.28951, -8.09639, 0.0 ], [ 112.28946, -8.09654, 0.0 ], [ 112.28969156900007, -8.097282407999955, 0.0 ], [ 112.28979, -8.09752, 0.0 ], [ 112.28991, -8.09779, 0.0 ], [ 112.289929095000048, -8.097877834999963, 0.0 ], [ 112.289884881000035, -8.098027482999953, 0.0 ], [ 112.289734975000101, -8.098177388999943, 0.0 ], [ 112.289328087000058, -8.098470062999979, 0.0 ], [ 112.289242426000101, -8.098619968999969, 0.0 ], [ 112.289242426000101, -8.098744753999938, 0.0 ], [ 112.289695319000089, -8.099125467999954, 0.0 ], [ 112.28964773000007, -8.099494283999945, 0.0 ], [ 112.289493065000102, -8.099756024999976, 0.0 ], [ 112.289148043000068, -8.100220019999938, 0.0 ], [ 112.288886302000037, -8.100422273999925, 0.0 ], [ 112.288624562000109, -8.100434170999961, 0.0 ], [ 112.288303334000034, -8.100636424999948, 0.0 ], [ 112.287946415000079, -8.100743500999954, 0.0 ], [ 112.287550629000066, -8.100533054999971, 0.0 ], [ 112.287363447000075, -8.100350889999959, 0.0 ], [ 112.287280166000073, -8.100315197999976, 0.0 ], [ 112.287125501000105, -8.10044606799994, 0.0 ], [ 112.287125501000105, -8.100553143999946, 0.0 ], [ 112.28724447400009, -8.100895786999956, 0.0 ], [ 112.287515733000077, -8.101224151999929, 0.0 ], [ 112.287558563000061, -8.101438303999942, 0.0 ], [ 112.287538944000062, -8.10193972299993, 0.0 ], [ 112.287372170000026, -8.102167744999974, 0.0 ], [ 112.287257956000076, -8.102410449999979, 0.0 ], [ 112.287204558000099, -8.102582989999974, 0.0 ], [ 112.28437206600006, -8.10181201599994, 0.0 ], [ 112.281687546000057, -8.101106468999944, 0.0 ], [ 112.280650589000061, -8.100574695999967, 0.0 ], [ 112.280260358000078, -8.100498552999966, 0.0 ], [ 112.276265717000115, -8.100202985999942, 0.0 ], [ 112.276507330000072, -8.09728208599995, 0.0 ], [ 112.274996372000032, -8.097163111999976, 0.0 ], [ 112.275164124000071, -8.095216712999957, 0.0 ], [ 112.273517537000089, -8.09497876699993, 0.0 ], [ 112.273374769000043, -8.095978140999932, 0.0 ], [ 112.270900130000086, -8.095673569999974, 0.0 ], [ 112.27076688000011, -8.095976554999936, 0.0 ], [ 112.26865391900003, -8.095776679999972, 0.0 ], [ 112.266347407000012, -8.095602618999976, 0.0 ], [ 112.266009386000064, -8.095534450999935, 0.0 ], [ 112.266123600000014, -8.094915790999949, 0.0 ], [ 112.266837314000099, -8.093433003999962, 0.0 ], [ 112.267508322000026, -8.092533566999975, 0.0 ], [ 112.26799, -8.09186, 0.0 ], [ 112.26791, -8.09159, 0.0 ], [ 112.267329999000026, -8.09151, 0.0 ], [ 112.266807923000101, -8.091460013999949, 0.0 ], [ 112.266561420000016, -8.092436391999968, 0.0 ], [ 112.266371064000055, -8.093281100999945, 0.0 ], [ 112.265098052000099, -8.093292997999981, 0.0 ], [ 112.264657852000028, -8.093221614999948, 0.0 ], [ 112.26418370500005, -8.093172983999978, 0.0 ], [ 112.264209999000059, -8.09362, 0.0 ], [ 112.26431, -8.09446, 0.0 ], [ 112.26406, -8.09543, 0.0 ], [ 112.263994808, -8.095712742999979, 0.0 ], [ 112.263937441000053, -8.095961547999934, 0.0 ], [ 112.261983355000098, -8.095563053999967, 0.0 ], [ 112.26199525200002, -8.095348902999945, 0.0 ], [ 112.261971457000072, -8.095122853999953, 0.0 ], [ 112.261959560000037, -8.094896804999962, 0.0 ], [ 112.262030944000117, -8.094646961999956, 0.0 ], [ 112.26199525200002, -8.094504193999967, 0.0 ], [ 112.261911971000018, -8.094373323999946, 0.0 ], [ 112.261911971000018, -8.094171069999959, 0.0 ], [ 112.261947663000115, -8.094004506999966, 0.0 ], [ 112.262054738000074, -8.093814149999957, 0.0 ], [ 112.262173711000059, -8.093671382999958, 0.0 ], [ 112.262268890000087, -8.093564306999951, 0.0 ], [ 112.262387863000072, -8.093469128999971, 0.0 ], [ 112.26248304100011, -8.093254976999958, 0.0 ], [ 112.262494939000021, -8.093005133999952, 0.0 ], [ 112.262494939000021, -8.09279098199994, 0.0 ], [ 112.262578220000023, -8.092588727999953, 0.0 ], [ 112.262625809000042, -8.092386473999966, 0.0 ], [ 112.262649604000103, -8.092112835999956, 0.0 ], [ 112.262673398000061, -8.091922478999948, 0.0 ], [ 112.262744782000027, -8.091696429999956, 0.0 ], [ 112.262839961000054, -8.091506072999948, 0.0 ], [ 112.262958934000039, -8.091232434999938, 0.0 ], [ 112.263232572000106, -8.090637569999956, 0.0 ], [ 112.263268264000089, -8.090375828999981, 0.0 ], [ 112.263268264000089, -8.090209266999977, 0.0 ], [ 112.263208777000045, -8.090030806999948, 0.0 ], [ 112.263125496000043, -8.089911833999963, 0.0 ], [ 112.263077907000024, -8.089780963999942, 0.0 ], [ 112.263101701000096, -8.089531120999936, 0.0 ], [ 112.263173085000062, -8.089376455999968, 0.0 ], [ 112.263351545000091, -8.089067125999975, 0.0 ], [ 112.26339913400011, -8.088936254999965, 0.0 ], [ 112.26350621000006, -8.088757795999982, 0.0 ], [ 112.264029691000019, -8.087425297999971, 0.0 ], [ 112.265849979000109, -8.088210519999961, 0.0 ], [ 112.267265163000047, -8.08871972399993, 0.0 ], [ 112.267983989000072, -8.088944045999938, 0.0 ], [ 112.26814, -8.08832, 0.0 ], [ 112.268343001000062, -8.08760026899995, 0.0 ], [ 112.268826965000017, -8.085345565999944, 0.0 ], [ 112.268990020000047, -8.085306291999927, 0.0 ], [ 112.269552701000066, -8.083876248999957, 0.0 ], [ 112.27026653900009, -8.081597914999975, 0.0 ], [ 112.270377101, -8.080971050999949, 0.0 ], [ 112.270445709000114, -8.08075725499998, 0.0 ], [ 112.270453715000031, -8.080440845999931, 0.0 ], [ 112.270536996000033, -8.079905466999946, 0.0 ], [ 112.272565487000065, -8.080315923999933, 0.0 ], [ 112.272565487000065, -8.080476537999971, 0.0 ], [ 112.27327337700001, -8.080559818999973, 0.0 ], [ 112.273335814, -8.081175974999951, 0.0 ], [ 112.274350083000058, -8.081107094999936, 0.0 ], [ 112.274962794000089, -8.081142786999976, 0.0 ], [ 112.275218586000051, -8.081124940999928, 0.0 ], [ 112.27539704600008, -8.081124940999928, 0.0 ], [ 112.275629043000094, -8.081124940999928, 0.0 ], [ 112.275789657000018, -8.0811308899999, 0.0 ], [ 112.276027603000102, -8.081172529999947, 0.0 ], [ 112.276313138000091, -8.081214170999942, 0.0 ], [ 112.276753338000049, -8.081214170999942, 0.0 ], [ 112.277348204000077, -8.081255810999949, 0.0 ], [ 112.277342255, -8.080613356999947, 0.0 ], [ 112.278769931000056, -8.080595510999956, 0.0 ], [ 112.278769931000056, -8.080940532999932, 0.0 ], [ 112.278781829000081, -8.081469962999961, 0.0 ], [ 112.278817521000065, -8.081559192999975, 0.0 ], [ 112.278865110000083, -8.081642473999977, 0.0 ], [ 112.278948391000085, -8.081707908999931, 0.0 ], [ 112.278951529000096, -8.082098420999955, 0.0 ], [ 112.278968775000067, -8.082369200999949, 0.0 ], [ 112.278999232000047, -8.082372769999949, 0.0 ], [ 112.279570303000014, -8.082390615999941, 0.0 ], [ 112.279685707000112, -8.082394184999941, 0.0 ], [ 112.279699983000114, -8.082472706999965, 0.0 ], [ 112.280824279000058, -8.082451291999973, 0.0 ], [ 112.280813571000067, -8.082369200999949, 0.0 ], [ 112.280813571000067, -8.082297816999926, 0.0 ], [ 112.280824279000058, -8.082240709999951, 0.0 ], [ 112.28087739700004, -8.082142661999967, 0.0 ], [ 112.280892093000034, -8.082094372999961, 0.0 ], [ 112.280925406000051, -8.082032506999951, 0.0 ], [ 112.280958718000079, -8.081980158999954, 0.0 ], [ 112.28101498, -8.081891255999949, 0.0 ], [ 112.281077691000064, -8.081746971999962, 0.0 ], [ 112.281115763000116, -8.081599444999938, 0.0 ], [ 112.281106245000046, -8.08151378499997, 0.0 ], [ 112.28109672700009, -8.081423364999978, 0.0 ], [ 112.28109672700009, -8.081313909999949, 0.0 ], [ 112.281115763000116, -8.081252043999939, 0.0 ], [ 112.2811585930001, -8.081237766999948, 0.0 ], [ 112.281215700000075, -8.081271079999965, 0.0 ], [ 112.281263289000094, -8.081356739999933, 0.0 ], [ 112.281320396000069, -8.081456676999949, 0.0 ], [ 112.281387021000114, -8.081604203999973, 0.0 ], [ 112.28141494800002, -8.081902507999928, 0.0 ], [ 112.281354469, -8.081900805999965, 0.0 ], [ 112.281325155000104, -8.082008711999947, 0.0 ], [ 112.281317952000109, -8.082167382999955, 0.0 ], [ 112.281741561000104, -8.082158617999937, 0.0 ], [ 112.281842688000097, -8.082158617999937, 0.0 ], [ 112.28187838000008, -8.082158617999937, 0.0 ], [ 112.281955713000116, -8.082158617999937, 0.0 ], [ 112.282003302000021, -8.08216456699995, 0.0 ], [ 112.282074686000101, -8.082188361999954, 0.0 ], [ 112.282128223000086, -8.082176463999929, 0.0 ], [ 112.282199607000052, -8.082146720999958, 0.0 ], [ 112.282241248000105, -8.082128874999967, 0.0 ], [ 112.28228883700001, -8.082105080999952, 0.0 ], [ 112.282348324000054, -8.082081285999948, 0.0 ], [ 112.282431605000056, -8.082051542999977, 0.0 ], [ 112.282562475000077, -8.082057490999944, 0.0 ], [ 112.282675499000106, -8.082075336999935, 0.0 ], [ 112.28282040900001, -8.082069864999937, 0.0 ], [ 112.282827547000011, -8.082141247999971, 0.0 ], [ 112.282906069000092, -8.082205493999936, 0.0 ], [ 112.282984591000059, -8.082226908999928, 0.0 ], [ 112.283084529, -8.082255462999967, 0.0 ], [ 112.283170189000089, -8.082255462999967, 0.0 ], [ 112.283248712000045, -8.082269738999969, 0.0 ], [ 112.283398618000092, -8.082369676999974, 0.0 ], [ 112.283470001000069, -8.082562412999948, 0.0 ], [ 112.283448586000077, -8.082705180999938, 0.0 ], [ 112.283505693000052, -8.082748010999978, 0.0 ], [ 112.284519344000046, -8.082997853999927, 0.0 ], [ 112.284462237000071, -8.082869362999929, 0.0 ], [ 112.284469375000072, -8.082755148999979, 0.0 ], [ 112.284555036000029, -8.082626657999981, 0.0 ], [ 112.284676388000094, -8.082555274999947, 0.0 ], [ 112.284762049000051, -8.082469613999933, 0.0 ], [ 112.284790602000044, -8.082398229999967, 0.0 ], [ 112.284833433000017, -8.082269738999969, 0.0 ], [ 112.284969062000073, -8.08213411, 0.0 ], [ 112.285104868000076, -8.082013594999978, 0.0 ], [ 112.285999350000111, -8.082038756999964, 0.0 ], [ 112.28601126600006, -8.082148386999961, 0.0 ], [ 112.286104065000018, -8.082184078999944, 0.0 ], [ 112.28619686400009, -8.082226908999928, 0.0 ], [ 112.28631107800004, -8.082276877999959, 0.0 ], [ 112.286325355000031, -8.082369676999974, 0.0 ], [ 112.286318216000041, -8.082476751999934, 0.0 ], [ 112.28631107800004, -8.082783702999961, 0.0 ], [ 112.286318216000041, -8.082826532999945, 0.0 ], [ 112.286282524000057, -8.082976438999935, 0.0 ], [ 112.286282524000057, -8.083054960999959, 0.0 ], [ 112.286318216000041, -8.083162036999965, 0.0 ], [ 112.286318216000041, -8.083240558999933, 0.0 ], [ 112.286289663000048, -8.08336191199993, 0.0 ], [ 112.286289663000048, -8.083433295999953, 0.0 ], [ 112.28631107800004, -8.083476125999937, 0.0 ], [ 112.286296801000049, -8.083568924999952, 0.0 ], [ 112.286239694000074, -8.083690277999949, 0.0 ], [ 112.286246832000074, -8.083775937999974, 0.0 ], [ 112.286246832000074, -8.083911566999973, 0.0 ], [ 112.286225417000082, -8.084054334999962, 0.0 ], [ 112.287845830000037, -8.084318454999959, 0.0 ], [ 112.287917214000117, -8.084118580999927, 0.0 ], [ 112.287967183000092, -8.08399722799993, 0.0 ], [ 112.288067120000051, -8.083804491999956, 0.0 ], [ 112.288194025000053, -8.083630393999954, 0.0 ], [ 112.288271357000099, -8.083648239999945, 0.0 ], [ 112.288866222000024, -8.083713675999945, 0.0 ], [ 112.289407550000078, -8.083743418999973, 0.0 ], [ 112.290579434000051, -8.083749366999939, 0.0 ], [ 112.29069245900007, -8.083767212999931, 0.0 ], [ 112.290835226000013, -8.083796956999947, 0.0 ], [ 112.290948251000032, -8.083826699999975, 0.0 ], [ 112.291067224000017, -8.083880237999949, 0.0 ], [ 112.291156454000088, -8.083939723999947, 0.0 ], [ 112.291251632000012, -8.084040850999941, 0.0 ], [ 112.291307070000016, -8.084174614999938, 0.0 ], [ 112.291287324000109, -8.08439182199993, 0.0 ], [ 112.291198094000038, -8.0846654599999, 0.0 ], [ 112.291156454000088, -8.084962892999954, 0.0 ], [ 112.29116835100001, -8.085123505999945, 0.0 ], [ 112.291204043000107, -8.085260324999979, 0.0 ], [ 112.291245683000056, -8.085373349999941, 0.0 ], [ 112.291293273000065, -8.085492322999926, 0.0 ], [ 112.291352759, -8.085569654999972, 0.0 ], [ 112.29143604, -8.085581551999951, 0.0 ], [ 112.291549065000027, -8.08555180899998, 0.0 ], [ 112.291691832000083, -8.085593449999976, 0.0 ], [ 112.291840549000085, -8.085575603999928, 0.0 ], [ 112.291953573000114, -8.085575603999928, 0.0 ], [ 112.292179622000049, -8.085605346999955, 0.0 ], [ 112.292774487000088, -8.085730268999953, 0.0 ], [ 112.292738795000105, -8.085801652999976, 0.0 ], [ 112.292964844000039, -8.085837344999959, 0.0 ], [ 112.293184944000018, -8.085878984999965, 0.0 ], [ 112.293357455000091, -8.085914676999948, 0.0 ], [ 112.293583504000026, -8.086051495999925, 0.0 ], [ 112.293852362000052, -8.086108183999954, 0.0 ] ] ] ] } },
{ "type": "Feature", "properties": { "OBJECTID": 116208.0, "KDPPUM": "35", "NAMOBJ": "Kelurahan Bajang", "REMARK": null, "KDPBPS": null, "FCODE": "BA03070040", "LUASWH": 4.19936076, "UUPP": "Hasil Delineasi Batas Desa 2019", "SRS_ID": "SRGI 2013", "METADATA": "TASWIL1000020200326DATA_BATAS_DESA_KELURAHAN", "KDEBPS": null, "KDEPUM": "35.05.14.1013", "KDCBPS": null, "KDCPUM": "35.05.14", "KDBBPS": null, "WADMKD": "Kelurahan Bajang", "WIADKD": null, "WADMKC": "Talun", "WIADKC": null, "WADMKK": "Blitar", "WIADKK": null, "WADMPR": "Jawa Timur", "WIADPR": null, "TIPADM": 2.0, "KDPKAB": "35.05", "SHAPE_Leng": 0.093886862636423998, "SHAPE_Area": 0.00034460010915200002 }, "geometry": { "type": "MultiPolygon", "coordinates": [ [ [ [ 112.29968, -8.07826, 0.0 ], [ 112.29956, -8.07861, 0.0 ], [ 112.29942, -8.07895, 0.0 ], [ 112.299396820000084, -8.078991207999934, 0.0 ], [ 112.300040745000047, -8.079193116999932, 0.0 ], [ 112.301081760000102, -8.079365627999948, 0.0 ], [ 112.30110555400006, -8.079300192999938, 0.0 ], [ 112.30141488400011, -8.079377524999927, 0.0 ], [ 112.301426782000021, -8.07941916599998, 0.0 ], [ 112.301950263000094, -8.079573830999948, 0.0 ], [ 112.30212872300001, -8.079609522999931, 0.0 ], [ 112.302122774000054, -8.079686854999977, 0.0 ], [ 112.302479693, -8.079776084999935, 0.0 ], [ 112.302687896000066, -8.07938347399994, 0.0 ], [ 112.302818766000087, -8.079425114999935, 0.0 ], [ 112.302789023000059, -8.079544087999977, 0.0 ], [ 112.302824715000042, -8.079663060999962, 0.0 ], [ 112.30274143400004, -8.079966441999943, 0.0 ], [ 112.302670050000074, -8.080103260999977, 0.0 ], [ 112.30281160200002, -8.080443128999946, 0.0 ], [ 112.302966267000102, -8.080597793999971, 0.0 ], [ 112.303101667000078, -8.080817221999951, 0.0 ], [ 112.303214146000073, -8.080970004999926, 0.0 ], [ 112.303242284000021, -8.081291406999981, 0.0 ], [ 112.303546855000036, -8.081615013999965, 0.0 ], [ 112.303789036000012, -8.081750890999956, 0.0 ], [ 112.303819397000098, -8.082393540999931, 0.0 ], [ 112.303835969000033, -8.082443255999976, 0.0 ], [ 112.303901404000044, -8.082550330999936, 0.0 ], [ 112.303954942000018, -8.08260981799998, 0.0 ], [ 112.304079864000073, -8.08268715, 0.0 ], [ 112.304127453000092, -8.08271689399993, 0.0 ], [ 112.304169093000041, -8.082800174999932, 0.0 ], [ 112.304175042000111, -8.082865609999942, 0.0 ], [ 112.304157196, -8.083038120999959, 0.0 ], [ 112.304133401000058, -8.083186836999971, 0.0 ], [ 112.304133401000058, -8.08332960499996, 0.0 ], [ 112.304133401000058, -8.083412885999962, 0.0 ], [ 112.304121504000022, -8.08353780799996, 0.0 ], [ 112.304085812000039, -8.08368057499996, 0.0 ], [ 112.304062018000081, -8.083751958999926, 0.0 ], [ 112.303996582000082, -8.083817393999936, 0.0 ], [ 112.30391330100008, -8.083876880999981, 0.0 ], [ 112.303853815000025, -8.083936366999978, 0.0 ], [ 112.303824072000111, -8.08401964799998, 0.0 ], [ 112.303806226, -8.08408508399998, 0.0 ], [ 112.303788380000015, -8.084555026999965, 0.0 ], [ 112.304892001000098, -8.084977483999978, 0.0 ], [ 112.304555756000013, -8.086545842999953, 0.0 ], [ 112.304487346000087, -8.086780814999941, 0.0 ], [ 112.304627140000093, -8.086762968999949, 0.0 ], [ 112.304966213000057, -8.086739173999945, 0.0 ], [ 112.305368338000108, -8.086716498999976, 0.0 ], [ 112.305978673000027, -8.086666600999934, 0.0 ], [ 112.30609288800008, -8.086638046999951, 0.0 ], [ 112.306228517000022, -8.086641615999952, 0.0 ], [ 112.307527547000063, -8.086731599999951, 0.0 ], [ 112.30763, -8.086729998999942, 0.0 ], [ 112.30797, -8.08668999899993, 0.0 ], [ 112.30828, -8.086629998999967, 0.0 ], [ 112.30893, -8.0865, 0.0 ], [ 112.30951, -8.08633, 0.0 ], [ 112.31023, -8.08612, 0.0 ], [ 112.31053, -8.08604, 0.0 ], [ 112.310529688000088, -8.086043109999935, 0.0 ], [ 112.310511237000014, -8.086193126999945, 0.0 ], [ 112.310502230000111, -8.08626635, 0.0 ], [ 112.310400007000112, -8.086878423999963, 0.0 ], [ 112.310362, -8.087106, 0.0 ], [ 112.31034786400005, -8.087557783999955, 0.0 ], [ 112.310350942000014, -8.087600361999932, 0.0 ], [ 112.310357999000075, -8.087698, 0.0 ], [ 112.310392573000058, -8.087832869999943, 0.0 ], [ 112.31042969300006, -8.087977682999963, 0.0 ], [ 112.310462413000096, -8.088095238999927, 0.0 ], [ 112.310496, -8.088201, 0.0 ], [ 112.31048622600008, -8.088256085999944, 0.0 ], [ 112.310483464000072, -8.08827165799994, 0.0 ], [ 112.310474000000113, -8.08832500099993, 0.0 ], [ 112.310470009000028, -8.088330006999968, 0.0 ], [ 112.310465914000019, -8.088335144999974, 0.0 ], [ 112.310436663000019, -8.088371843999937, 0.0 ], [ 112.310358826000083, -8.088469499999974, 0.0 ], [ 112.310231428000066, -8.088629332999972, 0.0 ], [ 112.309863672, -8.088990180999929, 0.0 ], [ 112.309794957, -8.089086108999936, 0.0 ], [ 112.309738284000105, -8.089193961999968, 0.0 ], [ 112.309669791000033, -8.089358679999975, 0.0 ], [ 112.309637166000016, -8.089478417999942, 0.0 ], [ 112.309580734000065, -8.089661041999932, 0.0 ], [ 112.309473661000084, -8.089960471999973, 0.0 ], [ 112.309413967000069, -8.090062351999961, 0.0 ], [ 112.30937218400004, -8.090134266999939, 0.0 ], [ 112.309330565000096, -8.090257024999971, 0.0 ], [ 112.309315850000075, -8.090346798999974, 0.0 ], [ 112.309344491000047, -8.090462276999972, 0.0 ], [ 112.309345421000103, -8.090472301999966, 0.0 ], [ 112.309358733000067, -8.090615838999952, 0.0 ], [ 112.309358897000038, -8.090666683999927, 0.0 ], [ 112.30933212900004, -8.090741540999943, 0.0 ], [ 112.309308352000016, -8.090813396999977, 0.0 ], [ 112.309248697000044, -8.090927241999964, 0.0 ], [ 112.309191820000024, -8.090972287999932, 0.0 ], [ 112.309073862000105, -8.091094750999957, 0.0 ], [ 112.30907156, -8.091097140999977, 0.0 ], [ 112.308982614000115, -8.091242135999948, 0.0 ], [ 112.308967783000071, -8.091296018999969, 0.0 ], [ 112.308961945000078, -8.091346881999925, 0.0 ], [ 112.308965100000023, -8.091394726999965, 0.0 ], [ 112.309022842000104, -8.091617474999964, 0.0 ], [ 112.309025376000022, -8.091624087999946, 0.0 ], [ 112.30909548000011, -8.091807046999975, 0.0 ], [ 112.309110668000017, -8.091863825999951, 0.0 ], [ 112.309107879000067, -8.091929633999939, 0.0 ], [ 112.30907511800001, -8.092007501999944, 0.0 ], [ 112.30906711800003, -8.092029241999967, 0.0 ], [ 112.309045368000056, -8.092088350999973, 0.0 ], [ 112.308985053000015, -8.092324709999957, 0.0 ], [ 112.308982031000028, -8.092336548999981, 0.0 ], [ 112.308976538000024, -8.092433359999973, 0.0 ], [ 112.308971442000029, -8.092523138999979, 0.0 ], [ 112.308964726000113, -8.092641477999962, 0.0 ], [ 112.308966701000031, -8.092643572999975, 0.0 ], [ 112.308993230000056, -8.092671735999943, 0.0 ], [ 112.309032428000023, -8.092728436999948, 0.0 ], [ 112.3091197010001, -8.092802928999959, 0.0 ], [ 112.309384773000033, -8.093104156999971, 0.0 ], [ 112.309448153000062, -8.093214615999955, 0.0 ], [ 112.309499539000058, -8.093328104999955, 0.0 ], [ 112.309553955000069, -8.093450554999947, 0.0 ], [ 112.309665866000046, -8.093719372999942, 0.0 ], [ 112.309672137, -8.093803097999967, 0.0 ], [ 112.309643265000091, -8.093858391999959, 0.0 ], [ 112.309643245000075, -8.093858414999943, 0.0 ], [ 112.309523847000037, -8.094009778999975, 0.0 ], [ 112.309448030000112, -8.094105892999949, 0.0 ], [ 112.309300635000113, -8.094340182999929, 0.0 ], [ 112.309272731000078, -8.094384536999939, 0.0 ], [ 112.309241087000032, -8.094434836999937, 0.0 ], [ 112.308886517000019, -8.094977031999974, 0.0 ], [ 112.308870003000038, -8.09500191099994, 0.0 ], [ 112.308402257000012, -8.095706547999953, 0.0 ], [ 112.308265629000061, -8.09591237099994, 0.0 ], [ 112.30801107000002, -8.096147280999958, 0.0 ], [ 112.307912110000075, -8.096171524999932, 0.0 ], [ 112.307765056000108, -8.096171995999953, 0.0 ], [ 112.307699099000047, -8.096193141999947, 0.0 ], [ 112.307669222000072, -8.096235109999952, 0.0 ], [ 112.307645532000038, -8.096333885999968, 0.0 ], [ 112.307639790000053, -8.096414656999968, 0.0 ], [ 112.307634203000021, -8.09654328299996, 0.0 ], [ 112.307610773000079, -8.09672281, 0.0 ], [ 112.307568960000026, -8.09678575199996, 0.0 ], [ 112.30750609100005, -8.096833806999939, 0.0 ], [ 112.307455177000065, -8.096866869999928, 0.0 ], [ 112.307404332000033, -8.096920867999927, 0.0 ], [ 112.307383496000057, -8.096974770999964, 0.0 ], [ 112.307377707000114, -8.097040586999981, 0.0 ], [ 112.307392972000116, -8.09712129299993, 0.0 ], [ 112.307399265000072, -8.097210998999969, 0.0 ], [ 112.307364491000044, -8.097380821999934, 0.0 ], [ 112.306948231000092, -8.098072180999964, 0.0 ], [ 112.306723788000113, -8.098416376999978, 0.0 ], [ 112.30664605000004, -8.098535591999962, 0.0 ], [ 112.306641486000103, -8.098547769999925, 0.0 ], [ 112.306450844000096, -8.099056410999935, 0.0 ], [ 112.306305197000029, -8.099493543999927, 0.0 ], [ 112.306239692000077, -8.099655260999953, 0.0 ], [ 112.306173946000058, -8.099742206999963, 0.0 ], [ 112.306069292000075, -8.099862175999931, 0.0 ], [ 112.305889504000106, -8.100100261999955, 0.0 ], [ 112.30588573600005, -8.100105251999935, 0.0 ], [ 112.305644584000106, -8.100315156999955, 0.0 ], [ 112.305554915000016, -8.10042909699996, 0.0 ], [ 112.305429570000115, -8.100647831999936, 0.0 ], [ 112.305387988, -8.100782553999977, 0.0 ], [ 112.305373329000076, -8.100890271999958, 0.0 ], [ 112.305371263000097, -8.101180391999947, 0.0 ], [ 112.305378007000058, -8.101410666999925, 0.0 ], [ 112.305423651000069, -8.101604928999961, 0.0 ], [ 112.305472277000035, -8.101793197999939, 0.0 ], [ 112.305587632000083, -8.102199586999973, 0.0 ], [ 112.305721642000094, -8.102557971999943, 0.0 ], [ 112.3057965160001, -8.102758209999934, 0.0 ], [ 112.305848847000107, -8.103164800999934, 0.0 ], [ 112.305855119000057, -8.10324852499997, 0.0 ], [ 112.305849320000107, -8.103311352999981, 0.0 ], [ 112.305825735000099, -8.103443024999933, 0.0 ], [ 112.305715983000027, -8.103844153999944, 0.0 ], [ 112.305464633000042, -8.104215635999935, 0.0 ], [ 112.305464244000063, -8.104216032999943, 0.0 ], [ 112.305300226000099, -8.104383929999926, 0.0 ], [ 112.3049984270001, -8.104692865999937, 0.0 ], [ 112.304869608000104, -8.104765059999977, 0.0 ], [ 112.304773859000079, -8.104855090999934, 0.0 ], [ 112.304708151000114, -8.104954000999953, 0.0 ], [ 112.304509703, -8.10538995, 0.0 ], [ 112.30439, -8.105369998999947, 0.0 ], [ 112.30416999900001, -8.10531, 0.0 ], [ 112.30338, -8.10524, 0.0 ], [ 112.30274, -8.10519, 0.0 ], [ 112.30199, -8.10509, 0.0 ], [ 112.30139, -8.10486, 0.0 ], [ 112.30121, -8.1048, 0.0 ], [ 112.30073, -8.10472, 0.0 ], [ 112.30013, -8.104609998999933, 0.0 ], [ 112.29961, -8.10447, 0.0 ], [ 112.299079999000014, -8.10411, 0.0 ], [ 112.298964646000059, -8.104060562999962, 0.0 ], [ 112.29849, -8.103869998999926, 0.0 ], [ 112.298308968000015, -8.103917701999933, 0.0 ], [ 112.297663723000028, -8.104190188999951, 0.0 ], [ 112.297380978000092, -8.104310312999928, 0.0 ], [ 112.297056486000088, -8.104352247999941, 0.0 ], [ 112.296857497000019, -8.104334107999932, 0.0 ], [ 112.296714729000087, -8.10415564799996, 0.0 ], [ 112.2966522050001, -8.103736840999943, 0.0 ], [ 112.296690934000026, -8.103584576999936, 0.0 ], [ 112.296452988000055, -8.103406117999953, 0.0 ], [ 112.295571418, -8.103050249999967, 0.0 ], [ 112.294653457000095, -8.102743415999953, 0.0 ], [ 112.294708825000043, -8.102507922999962, 0.0 ], [ 112.29458511100006, -8.102252078999982, 0.0 ], [ 112.29484, -8.10195, 0.0 ], [ 112.294885455000099, -8.101785682999946, 0.0 ], [ 112.294677586000034, -8.101638911999942, 0.0 ], [ 112.294500111000048, -8.101568268999927, 0.0 ], [ 112.294291709000049, -8.101550147999944, 0.0 ], [ 112.294304151, -8.101459843999976, 0.0 ], [ 112.294304151, -8.10117430899993, 0.0 ], [ 112.294266080000057, -8.10093636299996, 0.0 ], [ 112.29429463300005, -8.100489023999955, 0.0 ], [ 112.294269602000099, -8.100183931999936, 0.0 ], [ 112.294208973000082, -8.099908434999975, 0.0 ], [ 112.294256562000101, -8.099718078999956, 0.0 ], [ 112.294361258000094, -8.099546756999928, 0.0 ], [ 112.294475472000045, -8.099261221999939, 0.0 ], [ 112.294427883000026, -8.099032793999982, 0.0 ], [ 112.294370776000051, -8.098756775999959, 0.0 ], [ 112.294351740000025, -8.098490276999939, 0.0 ], [ 112.294361258000094, -8.098309437999944, 0.0 ], [ 112.294342223000058, -8.098176187999968, 0.0 ], [ 112.294285116000083, -8.098004866999929, 0.0 ], [ 112.294273018000013, -8.097764433999942, 0.0 ], [ 112.294446919000052, -8.097538491999956, 0.0 ], [ 112.294142348000037, -8.09748138499998, 0.0 ], [ 112.293809223000039, -8.097424277999949, 0.0 ], [ 112.293723563000071, -8.097433795999962, 0.0 ], [ 112.293485617000101, -8.097433795999962, 0.0 ], [ 112.292686118, -8.097338617999981, 0.0 ], [ 112.292648046000068, -8.09748138499998, 0.0 ], [ 112.292200708000109, -8.097405241999979, 0.0 ], [ 112.292210226000066, -8.097700295999971, 0.0 ], [ 112.291172781000114, -8.097509938999963, 0.0 ], [ 112.28969156900007, -8.097282407999955, 0.0 ], [ 112.28946, -8.09654, 0.0 ], [ 112.28951, -8.09639, 0.0 ], [ 112.28969999900005, -8.0961, 0.0 ], [ 112.289900000000102, -8.09614, 0.0 ], [ 112.290029999000012, -8.09624, 0.0 ], [ 112.29016, -8.09637, 0.0 ], [ 112.29028, -8.09633, 0.0 ], [ 112.29034, -8.09621, 0.0 ], [ 112.29036, -8.096029998999938, 0.0 ], [ 112.290390000000116, -8.09556, 0.0 ], [ 112.290519999000026, -8.09545, 0.0 ], [ 112.29086, -8.09514, 0.0 ], [ 112.29094, -8.09498, 0.0 ], [ 112.29101, -8.09471, 0.0 ], [ 112.291110000000117, -8.09435, 0.0 ], [ 112.29125999900009, -8.094119998999929, 0.0 ], [ 112.29187, -8.09339, 0.0 ], [ 112.29209, -8.09309, 0.0 ], [ 112.29217, -8.092869998999959, 0.0 ], [ 112.29218, -8.09261, 0.0 ], [ 112.29221, -8.09232, 0.0 ], [ 112.292240000000106, -8.09203, 0.0 ], [ 112.2922, -8.09183, 0.0 ], [ 112.29207, -8.09165, 0.0 ], [ 112.292019999000104, -8.09156, 0.0 ], [ 112.291689999000027, -8.0913, 0.0 ], [ 112.291569999000103, -8.09115, 0.0 ], [ 112.29135, -8.09076, 0.0 ], [ 112.291199999000014, -8.09056, 0.0 ], [ 112.29114, -8.09047, 0.0 ], [ 112.291179999000065, -8.0903, 0.0 ], [ 112.291239999000027, -8.09002, 0.0 ], [ 112.291219999000077, -8.0896, 0.0 ], [ 112.291110000000117, -8.089419998999972, 0.0 ], [ 112.29119, -8.089399998999966, 0.0 ], [ 112.29184, -8.08927, 0.0 ], [ 112.29238, -8.088989998999978, 0.0 ], [ 112.29267, -8.08859, 0.0 ], [ 112.292739999000105, -8.0884, 0.0 ], [ 112.29279, -8.08809, 0.0 ], [ 112.29294, -8.08734, 0.0 ], [ 112.293050000000108, -8.08729, 0.0 ], [ 112.29348, -8.08719, 0.0 ], [ 112.29348, -8.08713, 0.0 ], [ 112.29363, -8.08662, 0.0 ], [ 112.2938, -8.08621, 0.0 ], [ 112.293852362000052, -8.086108183999954, 0.0 ], [ 112.29416, -8.08551, 0.0 ], [ 112.29463, -8.08473, 0.0 ], [ 112.294809999000108, -8.084229998999945, 0.0 ], [ 112.294922546000066, -8.084175290999951, 0.0 ], [ 112.295098626000026, -8.084122942999954, 0.0 ], [ 112.295227117000081, -8.083961139999928, 0.0 ], [ 112.295279465000021, -8.083880237999949, 0.0 ], [ 112.295293742000013, -8.083770782999977, 0.0 ], [ 112.295322295, -8.083670844999972, 0.0 ], [ 112.295398438, -8.083518559999959, 0.0 ], [ 112.295422232000078, -8.083423380999932, 0.0 ], [ 112.295474581, -8.083285372999967, 0.0 ], [ 112.295498375000079, -8.083166399999925, 0.0 ], [ 112.295479339000053, -8.083023631999936, 0.0 ], [ 112.29545078600006, -8.082899899999973, 0.0 ], [ 112.295441268000104, -8.082785685999966, 0.0 ], [ 112.295393679000085, -8.082700024999951, 0.0 ], [ 112.295355608000023, -8.08262388199995, 0.0 ], [ 112.295288983000091, -8.082566774999975, 0.0 ], [ 112.295227117000081, -8.082514426999978, 0.0 ], [ 112.295189045000029, -8.082476355999972, 0.0 ], [ 112.295174768000038, -8.082433525999932, 0.0 ], [ 112.295131938000054, -8.082290757999942, 0.0 ], [ 112.295103385000061, -8.082238409999945, 0.0 ], [ 112.295055795000053, -8.082219373999976, 0.0 ], [ 112.295012965000069, -8.082171784999957, 0.0 ], [ 112.295003447000113, -8.082048052999937, 0.0 ], [ 112.295003447000113, -8.081948115999978, 0.0 ], [ 112.295017724000104, -8.081871972999977, 0.0 ], [ 112.294815067000059, -8.08184945499994, 0.0 ], [ 112.2949, -8.08116999899994, 0.0 ], [ 112.294936190000044, -8.081013176999932, 0.0 ], [ 112.294939321000015, -8.08095491399996, 0.0 ], [ 112.294889233000049, -8.08078693899995, 0.0 ], [ 112.294889233000049, -8.080677482999931, 0.0 ], [ 112.294961410000042, -8.080439140999943, 0.0 ], [ 112.29511607500001, -8.080098877999944, 0.0 ], [ 112.29530167300004, -8.079622985999947, 0.0 ], [ 112.295553898000094, -8.079315953999981, 0.0 ], [ 112.29563, -8.079219998999974, 0.0 ], [ 112.29591, -8.07884, 0.0 ], [ 112.295939999000097, -8.07872, 0.0 ], [ 112.29599, -8.078499998999973, 0.0 ], [ 112.29599, -8.07827, 0.0 ], [ 112.295959999000047, -8.07742, 0.0 ], [ 112.29603, -8.07702, 0.0 ], [ 112.29619, -8.07635, 0.0 ], [ 112.29632, -8.0764, 0.0 ], [ 112.2964, -8.07642999899997, 0.0 ], [ 112.29667, -8.0765, 0.0 ], [ 112.297089999000036, -8.07664, 0.0 ], [ 112.29731, -8.0767, 0.0 ], [ 112.2975599990001, -8.07695, 0.0 ], [ 112.29798, -8.077329998999971, 0.0 ], [ 112.298050000000103, -8.0774, 0.0 ], [ 112.298500000000104, -8.077719998999953, 0.0 ], [ 112.29888, -8.077969998999947, 0.0 ], [ 112.29897, -8.07802, 0.0 ], [ 112.2992, -8.078089998999928, 0.0 ], [ 112.2995, -8.07818, 0.0 ], [ 112.29968, -8.07826, 0.0 ] ] ] ] } },
{ "type": "Feature", "properties": { "OBJECTID": 116209.0, "KDPPUM": "35", "NAMOBJ": "Pasirharjo", "REMARK": null, "KDPBPS": null, "FCODE": "BA03070040", "LUASWH": 3.11256347, "UUPP": "Hasil Delineasi Batas Desa 2019", "SRS_ID": "SRGI 2013", "METADATA": "TASWIL1000020200326DATA_BATAS_DESA_KELURAHAN", "KDEBPS": null, "KDEPUM": "35.05.14.2003", "KDCBPS": null, "KDCPUM": "35.05.14", "KDBBPS": null, "WADMKD": "Pasirharjo", "WIADKD": null, "WADMKC": "Talun", "WIADKC": null, "WADMKK": "Blitar", "WIADKK": null, "WADMPR": "Jawa Timur", "WIADPR": null, "TIPADM": 1.0, "KDPKAB": "35.05", "SHAPE_Leng": 0.097147681211680006, "SHAPE_Area": 0.00025542331098800001 }, "geometry": { "type": "MultiPolygon", "coordinates": [ [ [ [ 112.264276345000098, -8.075693735999948, 0.0 ], [ 112.264758801000085, -8.076114083999926, 0.0 ], [ 112.265282857000102, -8.076450404999946, 0.0 ], [ 112.26661311600003, -8.077543032999927, 0.0 ], [ 112.267531983000026, -8.078216995999981, 0.0 ], [ 112.267557416000045, -8.078237306999938, 0.0 ], [ 112.267410095000059, -8.078438443999971, 0.0 ], [ 112.267941905000043, -8.078788224999926, 0.0 ], [ 112.26802042700001, -8.078945268999973, 0.0 ], [ 112.268170333000057, -8.07901665299994, 0.0 ], [ 112.268584359000101, -8.079155851999928, 0.0 ], [ 112.268673589000059, -8.079248650999943, 0.0 ], [ 112.269139458000041, -8.079459031999932, 0.0 ], [ 112.269484093000074, -8.079673582999931, 0.0 ], [ 112.269584030000033, -8.079744966999954, 0.0 ], [ 112.269748213000071, -8.079891302999954, 0.0 ], [ 112.270044694000035, -8.080177671999934, 0.0 ], [ 112.270453715000031, -8.080440845999931, 0.0 ], [ 112.270445709000114, -8.08075725499998, 0.0 ], [ 112.270377101, -8.080971050999949, 0.0 ], [ 112.27026653900009, -8.081597914999975, 0.0 ], [ 112.269552701000066, -8.083876248999957, 0.0 ], [ 112.268990020000047, -8.085306291999927, 0.0 ], [ 112.268826965000017, -8.085345565999944, 0.0 ], [ 112.268343001000062, -8.08760026899995, 0.0 ], [ 112.26814, -8.08832, 0.0 ], [ 112.267983989000072, -8.088944045999938, 0.0 ], [ 112.267265163000047, -8.08871972399993, 0.0 ], [ 112.265849979000109, -8.088210519999961, 0.0 ], [ 112.264029691000019, -8.087425297999971, 0.0 ], [ 112.26350621000006, -8.088757795999982, 0.0 ], [ 112.26339913400011, -8.088936254999965, 0.0 ], [ 112.263351545000091, -8.089067125999975, 0.0 ], [ 112.263173085000062, -8.089376455999968, 0.0 ], [ 112.263101701000096, -8.089531120999936, 0.0 ], [ 112.263077907000024, -8.089780963999942, 0.0 ], [ 112.263125496000043, -8.089911833999963, 0.0 ], [ 112.263208777000045, -8.090030806999948, 0.0 ], [ 112.263268264000089, -8.090209266999977, 0.0 ], [ 112.263268264000089, -8.090375828999981, 0.0 ], [ 112.263232572000106, -8.090637569999956, 0.0 ], [ 112.262958934000039, -8.091232434999938, 0.0 ], [ 112.262839961000054, -8.091506072999948, 0.0 ], [ 112.262744782000027, -8.091696429999956, 0.0 ], [ 112.262673398000061, -8.091922478999948, 0.0 ], [ 112.262649604000103, -8.092112835999956, 0.0 ], [ 112.262625809000042, -8.092386473999966, 0.0 ], [ 112.262578220000023, -8.092588727999953, 0.0 ], [ 112.262494939000021, -8.09279098199994, 0.0 ], [ 112.262494939000021, -8.093005133999952, 0.0 ], [ 112.26248304100011, -8.093254976999958, 0.0 ], [ 112.262387863000072, -8.093469128999971, 0.0 ], [ 112.262268890000087, -8.093564306999951, 0.0 ], [ 112.262173711000059, -8.093671382999958, 0.0 ], [ 112.262054738000074, -8.093814149999957, 0.0 ], [ 112.261947663000115, -8.094004506999966, 0.0 ], [ 112.261911971000018, -8.094171069999959, 0.0 ], [ 112.261911971000018, -8.094373323999946, 0.0 ], [ 112.26199525200002, -8.094504193999967, 0.0 ], [ 112.262030944000117, -8.094646961999956, 0.0 ], [ 112.261959560000037, -8.094896804999962, 0.0 ], [ 112.261971457000072, -8.095122853999953, 0.0 ], [ 112.26199525200002, -8.095348902999945, 0.0 ], [ 112.261983355000098, -8.095563053999967, 0.0 ], [ 112.262007149000056, -8.095836691999978, 0.0 ], [ 112.262007149000056, -8.09601515199995, 0.0 ], [ 112.262054738000074, -8.096229302999973, 0.0 ], [ 112.262090430000057, -8.096336378999979, 0.0 ], [ 112.262102328000083, -8.096538632999966, 0.0 ], [ 112.262102328000083, -8.096752784999978, 0.0 ], [ 112.262102328000083, -8.097002627999927, 0.0 ], [ 112.262042841000039, -8.097192984999936, 0.0 ], [ 112.26199525200002, -8.097442827999942, 0.0 ], [ 112.261852484000087, -8.097823541999958, 0.0 ], [ 112.261769203000085, -8.098013898999966, 0.0 ], [ 112.261638333000064, -8.098239947999957, 0.0 ], [ 112.261638333000064, -8.098442201999944, 0.0 ], [ 112.261662127000022, -8.098644455999931, 0.0 ], [ 112.261674025000048, -8.098822915999961, 0.0 ], [ 112.261662127000022, -8.099025169999948, 0.0 ], [ 112.261618446000057, -8.099211982999975, 0.0 ], [ 112.261543154000037, -8.099417780999943, 0.0 ], [ 112.261436079000077, -8.099643829999934, 0.0 ], [ 112.261281414000109, -8.099881775999961, 0.0 ], [ 112.261257619000048, -8.101166684999953, 0.0 ], [ 112.261257619000048, -8.101416527999959, 0.0 ], [ 112.261257619000048, -8.10164257699995, 0.0 ], [ 112.261257619000048, -8.101868625999941, 0.0 ], [ 112.261257619000048, -8.102118468999947, 0.0 ], [ 112.261257619000048, -8.10233262099996, 0.0 ], [ 112.261174338000046, -8.102618155999949, 0.0 ], [ 112.261091057000044, -8.102808512999957, 0.0 ], [ 112.260983981000095, -8.103034561999948, 0.0 ], [ 112.260983981000095, -8.103236815999935, 0.0 ], [ 112.26136, -8.10513, 0.0 ], [ 112.26125, -8.10556, 0.0 ], [ 112.261238540000022, -8.10569178399993, 0.0 ], [ 112.26096675000008, -8.105643339999972, 0.0 ], [ 112.259767502000045, -8.105447033999951, 0.0 ], [ 112.2586289300001, -8.105350665999936, 0.0 ], [ 112.25855397700002, -8.105611216999932, 0.0 ], [ 112.258336256, -8.106317916999956, 0.0 ], [ 112.258343395000111, -8.106382161999932, 0.0 ], [ 112.258379086000105, -8.106492806999938, 0.0 ], [ 112.258425486000078, -8.106632005999927, 0.0 ], [ 112.258482593000053, -8.106767634999926, 0.0 ], [ 112.258464747000062, -8.107163814999979, 0.0 ], [ 112.258468316000062, -8.107642086999931, 0.0 ], [ 112.258518285000036, -8.107881222999936, 0.0 ], [ 112.258493301000044, -8.108073958999967, 0.0 ], [ 112.258418348000077, -8.108309525999971, 0.0 ], [ 112.258400502000086, -8.108491554999944, 0.0 ], [ 112.258414778000088, -8.108620045999942, 0.0 ], [ 112.258479024000053, -8.108709274999967, 0.0 ], [ 112.258564684000021, -8.108769951999932, 0.0 ], [ 112.258675329000084, -8.108841334999966, 0.0 ], [ 112.258711021000067, -8.108969825999964, 0.0 ], [ 112.258901747000095, -8.109301966999965, 0.0 ], [ 112.256899795000095, -8.109005121999928, 0.0 ], [ 112.256892657000094, -8.108755277999933, 0.0 ], [ 112.256300171000021, -8.108712447999949, 0.0 ], [ 112.25629303300002, -8.108505434999927, 0.0 ], [ 112.255529226000021, -8.108405497999968, 0.0 ], [ 112.255550641000013, -8.107970055999942, 0.0 ], [ 112.256967044000021, -8.108077253999966, 0.0 ], [ 112.256996788000038, -8.107958280999981, 0.0 ], [ 112.25697299300009, -8.107863102999943, 0.0 ], [ 112.256937301000107, -8.107708437999975, 0.0 ], [ 112.256919455000116, -8.107648949999941, 0.0 ], [ 112.25690755800008, -8.107512131999954, 0.0 ], [ 112.25690755800008, -8.107327723999958, 0.0 ], [ 112.256931352000038, -8.107244442999956, 0.0 ], [ 112.256967044000021, -8.107125469999971, 0.0 ], [ 112.256937301000107, -8.107048136999936, 0.0 ], [ 112.256919455000116, -8.106982700999936, 0.0 ], [ 112.256919455000116, -8.106881573999942, 0.0 ], [ 112.256937301000107, -8.106750704999968, 0.0 ], [ 112.256949198000029, -8.106649577999974, 0.0 ], [ 112.256931352000038, -8.106566296999972, 0.0 ], [ 112.256865917000027, -8.106518706999964, 0.0 ], [ 112.256854020000105, -8.106435425999962, 0.0 ], [ 112.256889712000088, -8.106013071999939, 0.0 ], [ 112.256889712000088, -8.105953584999952, 0.0 ], [ 112.256931352000038, -8.105852457999958, 0.0 ], [ 112.256955147000099, -8.105798920999973, 0.0 ], [ 112.25697299300009, -8.105703741999946, 0.0 ], [ 112.256937301000107, -8.105638306999936, 0.0 ], [ 112.256859969000061, -8.105614510999942, 0.0 ], [ 112.256782636000025, -8.105560973999957, 0.0 ], [ 112.256740996000076, -8.105513384999938, 0.0 ], [ 112.256729098000051, -8.105400360999965, 0.0 ], [ 112.256729098000051, -8.105299233999972, 0.0 ], [ 112.256824277000078, -8.104543754999952, 0.0 ], [ 112.256848071000036, -8.104377192999948, 0.0 ], [ 112.256865917000027, -8.104240373999971, 0.0 ], [ 112.256913506000046, -8.104073810999978, 0.0 ], [ 112.256937301000107, -8.103942940999957, 0.0 ], [ 112.256943250000063, -8.103835864999951, 0.0 ], [ 112.256955147000099, -8.103722840999978, 0.0 ], [ 112.256955147000099, -8.103586021999945, 0.0 ], [ 112.257008685000073, -8.103455150999935, 0.0 ], [ 112.257051966000063, -8.103228525999953, 0.0 ], [ 112.254252486000041, -8.10319874399994, 0.0 ], [ 112.254577454000014, -8.101129989999947, 0.0 ], [ 112.255149297000116, -8.097341223999933, 0.0 ], [ 112.255277858000113, -8.096191188999967, 0.0 ], [ 112.25534785800005, -8.09519119, 0.0 ], [ 112.255397857000048, -8.094651188999933, 0.0 ], [ 112.255467858000088, -8.094111189999978, 0.0 ], [ 112.255497858000012, -8.093781189999959, 0.0 ], [ 112.255567858000063, -8.092591189999951, 0.0 ], [ 112.255587858000013, -8.092241189999982, 0.0 ], [ 112.255597858000101, -8.092031189999943, 0.0 ], [ 112.255717858000025, -8.090661189999935, 0.0 ], [ 112.255727857000011, -8.090461188999939, 0.0 ], [ 112.255752234000056, -8.090273139999965, 0.0 ], [ 112.255754661000083, -8.090254418999962, 0.0 ], [ 112.255754976000048, -8.090251991999935, 0.0 ], [ 112.255757403000075, -8.090233270999931, 0.0 ], [ 112.255759830000102, -8.090214549999928, 0.0 ], [ 112.255762257000015, -8.090195828999981, 0.0 ], [ 112.255764684000042, -8.090177106999931, 0.0 ], [ 112.255767111000068, -8.090158385999928, 0.0 ], [ 112.255769538000095, -8.090139664999981, 0.0 ], [ 112.255771965, -8.090120943999977, 0.0 ], [ 112.255797858000051, -8.089921188999938, 0.0 ], [ 112.255820604000064, -8.089727245999939, 0.0 ], [ 112.255822806000083, -8.089708468999959, 0.0 ], [ 112.255825008000102, -8.089689690999933, 0.0 ], [ 112.25582721, -8.089670913999953, 0.0 ], [ 112.255829412000026, -8.089652136999973, 0.0 ], [ 112.255831614000044, -8.089633358999947, 0.0 ], [ 112.255833816000063, -8.089614581999967, 0.0 ], [ 112.255836018000082, -8.089595803999941, 0.0 ], [ 112.255838220000101, -8.089577026999962, 0.0 ], [ 112.255840422, -8.089558249999925, 0.0 ], [ 112.255842625000014, -8.089539471999956, 0.0 ], [ 112.255844827000033, -8.089520694999976, 0.0 ], [ 112.255847029000051, -8.08950191699995, 0.0 ], [ 112.25584923100007, -8.08948314, 0.0 ], [ 112.255851433000089, -8.089464362999934, 0.0 ], [ 112.255853635000108, -8.089445584999964, 0.0 ], [ 112.255855837000013, -8.089426807999928, 0.0 ], [ 112.255858040000021, -8.089408029999959, 0.0 ], [ 112.25586024200004, -8.089389252999979, 0.0 ], [ 112.255862445000048, -8.089370474999953, 0.0 ], [ 112.255871512000112, -8.089293163999969, 0.0 ], [ 112.255873714000018, -8.089274385999943, 0.0 ], [ 112.255876175000026, -8.089253406999944, 0.0 ], [ 112.255878377000045, -8.089234628999975, 0.0 ], [ 112.255880579000063, -8.089215851999938, 0.0 ], [ 112.255904129000101, -8.089015074999963, 0.0 ], [ 112.255923645000053, -8.088823361999971, 0.0 ], [ 112.255925563, -8.088804520999929, 0.0 ], [ 112.255927481000072, -8.088785680999933, 0.0 ], [ 112.255929008000066, -8.088770675999967, 0.0 ], [ 112.255929203000051, -8.088768757999958, 0.0 ], [ 112.255930926000019, -8.088751835999972, 0.0 ], [ 112.255962588000102, -8.088440798999954, 0.0 ], [ 112.255962783000086, -8.088438880999945, 0.0 ], [ 112.2559681460001, -8.088386195999931, 0.0 ], [ 112.255977540000117, -8.088293910999937, 0.0 ], [ 112.255983294000089, -8.088237389999961, 0.0 ], [ 112.255985212000041, -8.088218549999965, 0.0 ], [ 112.255994802000032, -8.088124346999962, 0.0 ], [ 112.256004391000033, -8.088030144999948, 0.0 ], [ 112.256010145, -8.087973623999972, 0.0 ], [ 112.256019734, -8.087879420999968, 0.0 ], [ 112.256027406000044, -8.087804059999939, 0.0 ], [ 112.256035078000082, -8.087728697999978, 0.0 ], [ 112.256046585000036, -8.087615654999979, 0.0 ], [ 112.256054257000073, -8.087540292999961, 0.0 ], [ 112.256060011000045, -8.087483771999928, 0.0 ], [ 112.256069600000046, -8.087389569999971, 0.0 ], [ 112.256077271000095, -8.087314207999952, 0.0 ], [ 112.256079189000047, -8.087295366999967, 0.0 ], [ 112.256081107000114, -8.087276526999972, 0.0 ], [ 112.256083025000066, -8.08725768599993, 0.0 ], [ 112.256084943000019, -8.087238845999934, 0.0 ], [ 112.256085138000117, -8.087236927999982, 0.0 ], [ 112.256087056000069, -8.087218087999929, 0.0 ], [ 112.256106383000088, -8.087028223999937, 0.0 ], [ 112.256403816000102, -8.084624968999947, 0.0 ], [ 112.257117654000012, -8.084839120999959, 0.0 ], [ 112.257343572000082, -8.084375442999942, 0.0 ], [ 112.25924330600003, -8.0793687399999, 0.0 ], [ 112.25980856700005, -8.077935054999955, 0.0 ], [ 112.259837120000043, -8.077799425999956, 0.0 ], [ 112.259647261000055, -8.077732233999939, 0.0 ], [ 112.25981213600005, -8.077235493999979, 0.0 ], [ 112.259883520000017, -8.077114140999981, 0.0 ], [ 112.259997734000081, -8.077021341999966, 0.0 ], [ 112.26029397700006, -8.076639438999962, 0.0 ], [ 112.260304685000051, -8.076493101999972, 0.0 ], [ 112.26035463300002, -8.076048219999961, 0.0 ], [ 112.260373198000025, -8.075996237999959, 0.0 ], [ 112.260542492000013, -8.075693662999981, 0.0 ], [ 112.260596030000102, -8.07500123899996, 0.0 ], [ 112.260512377000055, -8.074390196999957, 0.0 ], [ 112.260462780000012, -8.073974501999942, 0.0 ], [ 112.260492523000039, -8.073867425999936, 0.0 ], [ 112.2605163180001, -8.073760350999976, 0.0 ], [ 112.260587702000066, -8.073647325999957, 0.0 ], [ 112.260641239000051, -8.073558095999942, 0.0 ], [ 112.260700726000096, -8.073468866999974, 0.0 ], [ 112.260766161000106, -8.073391533999938, 0.0 ], [ 112.260914877, -8.073326097999939, 0.0 ], [ 112.26106991000006, -8.073317793999934, 0.0 ], [ 112.264196293000055, -8.075630676999936, 0.0 ], [ 112.264276345000098, -8.075693735999948, 0.0 ] ] ] ] } },
{ "type": "Feature", "properties": { "OBJECTID": 116211.0, "KDPPUM": "35", "NAMOBJ": "Kelurahan Kaweron", "REMARK": null, "KDPBPS": null, "FCODE": "BA03070040", "LUASWH": 3.11674194, "UUPP": "Hasil Delineasi Batas Desa 2019", "SRS_ID": "SRGI 2013", "METADATA": "TASWIL1000020200326DATA_BATAS_DESA_KELURAHAN", "KDEBPS": null, "KDEPUM": "35.05.14.1014", "KDCBPS": null, "KDCPUM": "35.05.14", "KDBBPS": null, "WADMKD": "Kelurahan Kaweron", "WIADKD": null, "WADMKC": "Talun", "WIADKC": null, "WADMKK": "Blitar", "WIADKK": null, "WADMPR": "Jawa Timur", "WIADPR": null, "TIPADM": 2.0, "KDPKAB": "35.05", "SHAPE_Leng": 0.081433784703171003, "SHAPE_Area": 0.00025574730516699998 }, "geometry": { "type": "MultiPolygon", "coordinates": [ [ [ [ 112.307730001000095, -8.05935, 0.0 ], [ 112.30797, -8.05934, 0.0 ], [ 112.308080001, -8.0594, 0.0 ], [ 112.30849, -8.05996, 0.0 ], [ 112.30857, -8.06014, 0.0 ], [ 112.30867, -8.06039, 0.0 ], [ 112.308724040000016, -8.060486070999957, 0.0 ], [ 112.308849999000017, -8.06071, 0.0 ], [ 112.308880001000034, -8.06092, 0.0 ], [ 112.30914, -8.06095, 0.0 ], [ 112.30976, -8.06094, 0.0 ], [ 112.309897952000028, -8.060960436999949, 0.0 ], [ 112.30999195000004, -8.061111170999936, 0.0 ], [ 112.310048656000049, -8.061297494999963, 0.0 ], [ 112.310058574000095, -8.061330081999927, 0.0 ], [ 112.310134718000086, -8.061568026999964, 0.0 ], [ 112.310287003000099, -8.061882115999936, 0.0 ], [ 112.310425142000099, -8.062178114999938, 0.0 ], [ 112.310462510000093, -8.062217558999976, 0.0 ], [ 112.31063, -8.06242999899996, 0.0 ], [ 112.310721871000055, -8.06266846699998, 0.0 ], [ 112.310771840000029, -8.062796957999979, 0.0 ], [ 112.310785643000031, -8.062921180999979, 0.0 ], [ 112.310786117000021, -8.062925448999977, 0.0 ], [ 112.310793255000021, -8.063053939999975, 0.0 ], [ 112.310771840000029, -8.063118184999951, 0.0 ], [ 112.310718828000063, -8.063171196999974, 0.0 ], [ 112.310714733000054, -8.063175291999926, 0.0 ], [ 112.310621934000096, -8.063218122999956, 0.0 ], [ 112.310286430000019, -8.063303782999981, 0.0 ], [ 112.310245095000028, -8.063328878999926, 0.0 ], [ 112.310106163000114, -8.063481113999956, 0.0 ], [ 112.310010986000066, -8.063652434999938, 0.0 ], [ 112.309906288000093, -8.063823755999977, 0.0 ], [ 112.309982431000094, -8.064109291999955, 0.0 ], [ 112.309982431000094, -8.064356755999938, 0.0 ], [ 112.309943787000066, -8.064495873999931, 0.0 ], [ 112.309933819000094, -8.06453175799993, 0.0 ], [ 112.309887253000056, -8.064699397999959, 0.0 ], [ 112.30986821700003, -8.065043230999947, 0.0 ], [ 112.309761141000081, -8.06525738199997, 0.0 ], [ 112.309689758000104, -8.065388252999981, 0.0 ], [ 112.309654065000018, -8.065626197999961, 0.0 ], [ 112.309535092000033, -8.065816555999959, 0.0 ], [ 112.309499401000039, -8.065959321999969, 0.0 ], [ 112.310867970000118, -8.066220001999966, 0.0 ], [ 112.312111135, -8.066456794999965, 0.0 ], [ 112.313578791000054, -8.06664157199998, 0.0 ], [ 112.313693005, -8.066670125999963, 0.0 ], [ 112.313940469000045, -8.066708196999969, 0.0 ], [ 112.314216486000078, -8.066831928999932, 0.0 ], [ 112.314625754000076, -8.067088910999928, 0.0 ], [ 112.314691437000079, -8.067117014999951, 0.0 ], [ 112.315120682000043, -8.067300682999928, 0.0 ], [ 112.315187307000087, -8.06735779, 0.0 ], [ 112.315230137000071, -8.067410137999957, 0.0 ], [ 112.315368146000083, -8.067395860999966, 0.0 ], [ 112.315478725000048, -8.067374595999979, 0.0 ], [ 112.315702655000109, -8.067467900999929, 0.0 ], [ 112.31583828600003, -8.067546422999953, 0.0 ], [ 112.315857744000027, -8.067557093999937, 0.0 ], [ 112.316059575000054, -8.067667774999961, 0.0 ], [ 112.316280865000067, -8.067824819999942, 0.0 ], [ 112.316343119000067, -8.067871510999964, 0.0 ], [ 112.316557876000047, -8.067957413999977, 0.0 ], [ 112.316724438000051, -8.067981208999981, 0.0 ], [ 112.316824376000113, -8.067985967999959, 0.0 ], [ 112.316910036000081, -8.067957413999977, 0.0 ], [ 112.316995697000038, -8.06790506599998, 0.0 ], [ 112.317052804000014, -8.067814646999977, 0.0 ], [ 112.317105152000067, -8.067728985999963, 0.0 ], [ 112.317137105000029, -8.067668630999947, 0.0 ], [ 112.317180302000111, -8.067689190999943, 0.0 ], [ 112.318181568000114, -8.068084312999929, 0.0 ], [ 112.318106417000081, -8.068254968999952, 0.0 ], [ 112.31792474800011, -8.068683246999967, 0.0 ], [ 112.317853200000059, -8.068830027999979, 0.0 ], [ 112.317841439000063, -8.06890483799998, 0.0 ], [ 112.31786051600011, -8.068992187999982, 0.0 ], [ 112.317877993000025, -8.069072207999966, 0.0 ], [ 112.317863145000047, -8.069120109999972, 0.0 ], [ 112.317827288000103, -8.069168078999951, 0.0 ], [ 112.317785401000037, -8.069207093999978, 0.0 ], [ 112.317521313000043, -8.069454336999968, 0.0 ], [ 112.317511866000018, -8.069463181999936, 0.0 ], [ 112.316863745000092, -8.070020583999963, 0.0 ], [ 112.31663624600003, -8.070197775999929, 0.0 ], [ 112.316573508000033, -8.070284713999968, 0.0 ], [ 112.316537739000069, -8.070359598999971, 0.0 ], [ 112.31652301500003, -8.070446380999954, 0.0 ], [ 112.31650361700008, -8.070602041999962, 0.0 ], [ 112.316502999000022, -8.070607, 0.0 ], [ 112.316399899000089, -8.070875061999971, 0.0 ], [ 112.316395519000025, -8.070882810999933, 0.0 ], [ 112.316234259000112, -8.071168106999949, 0.0 ], [ 112.316078714000014, -8.071324131999972, 0.0 ], [ 112.31579436200002, -8.071552351999969, 0.0 ], [ 112.315309507000052, -8.07195468499998, 0.0 ], [ 112.315046306000113, -8.072227698999939, 0.0 ], [ 112.314882028000056, -8.072467495999945, 0.0 ], [ 112.31477458400002, -8.072650283999963, 0.0 ], [ 112.314732881000054, -8.072746124999981, 0.0 ], [ 112.31468277700003, -8.073019963999968, 0.0 ], [ 112.314681093000104, -8.073027812999953, 0.0 ], [ 112.31464136000011, -8.07321299399996, 0.0 ], [ 112.314605571000016, -8.073281898999937, 0.0 ], [ 112.314517818000013, -8.07334793299998, 0.0 ], [ 112.314449898000021, -8.073399041999949, 0.0 ], [ 112.314336299000047, -8.07353399699997, 0.0 ], [ 112.314291487000105, -8.073596946999942, 0.0 ], [ 112.314270664000105, -8.073653840999953, 0.0 ], [ 112.314249871000015, -8.073719706999952, 0.0 ], [ 112.314244043000031, -8.073773560999939, 0.0 ], [ 112.31424142100002, -8.073984306999932, 0.0 ], [ 112.314239280000038, -8.074156406999975, 0.0 ], [ 112.314224448, -8.0742102899999, 0.0 ], [ 112.314197633000049, -8.074270193999951, 0.0 ], [ 112.314161845000058, -8.074339097999939, 0.0 ], [ 112.314126064000106, -8.074410992999958, 0.0 ], [ 112.314072250000095, -8.074473974999933, 0.0 ], [ 112.313974744, -8.074560829999939, 0.0 ], [ 112.313972083000067, -8.074563199999943, 0.0 ], [ 112.313805746000071, -8.074654281999926, 0.0 ], [ 112.313781864000021, -8.074693238999942, 0.0 ], [ 112.31374005300006, -8.074756182999977, 0.0 ], [ 112.313707236000027, -8.074816103999979, 0.0 ], [ 112.313704370000096, -8.074857986999973, 0.0 ], [ 112.313713576000055, -8.074920765999934, 0.0 ], [ 112.313723736000043, -8.075028302999954, 0.0 ], [ 112.31373222000002, -8.07511810099993, 0.0 ], [ 112.313714340000047, -8.075157040999954, 0.0 ], [ 112.313681465000059, -8.075199018999967, 0.0 ], [ 112.313607265000087, -8.075258097999949, 0.0 ], [ 112.313492888000042, -8.075349166999956, 0.0 ], [ 112.313271938000071, -8.075696817999926, 0.0 ], [ 112.312940280000021, -8.076146509999944, 0.0 ], [ 112.312647268000092, -8.076482427999963, 0.0 ], [ 112.312551526000107, -8.076572460999955, 0.0 ], [ 112.312518746000023, -8.076644345999966, 0.0 ], [ 112.312491951000084, -8.076710230999936, 0.0 ], [ 112.312444216000017, -8.076797118999934, 0.0 ], [ 112.312387400000034, -8.076860109999927, 0.0 ], [ 112.312300623000056, -8.076938150999979, 0.0 ], [ 112.312049236, -8.077154299999961, 0.0 ], [ 112.311968423000053, -8.077220356999931, 0.0 ], [ 112.311908693000078, -8.077310274999945, 0.0 ], [ 112.311881887000027, -8.077373168999941, 0.0 ], [ 112.311843260000046, -8.07749292699998, 0.0 ], [ 112.311831575000042, -8.077591663999954, 0.0 ], [ 112.311832045000074, -8.077737235999962, 0.0 ], [ 112.311832473000095, -8.077869809999981, 0.0 ], [ 112.311799887, -8.078001512999947, 0.0 ], [ 112.311752143000035, -8.078085410999961, 0.0 ], [ 112.311695375000113, -8.078163356999937, 0.0 ], [ 112.311599467000065, -8.078333570999973, 0.0 ], [ 112.311596637000093, -8.078338592999955, 0.0 ], [ 112.311365507, -8.078873709999925, 0.0 ], [ 112.31101731800004, -8.079593010999929, 0.0 ], [ 112.310987087000058, -8.079662460999941, 0.0 ], [ 112.310933939000051, -8.079784562999976, 0.0 ], [ 112.310842989000093, -8.079993506999926, 0.0 ], [ 112.310766191000084, -8.080464383999981, 0.0 ], [ 112.310755, -8.080533, 0.0 ], [ 112.310554, -8.081158, 0.0 ], [ 112.310522430000105, -8.081729043999928, 0.0 ], [ 112.310520625000095, -8.081761695999944, 0.0 ], [ 112.310535324000057, -8.082096317999969, 0.0 ], [ 112.310537281000052, -8.082110199999931, 0.0 ], [ 112.310610072000031, -8.082626709999943, 0.0 ], [ 112.310630320000087, -8.082770380999932, 0.0 ], [ 112.310649491000049, -8.083269125999948, 0.0 ], [ 112.310637671000109, -8.083325989999935, 0.0 ], [ 112.310607921000042, -8.083406838999963, 0.0 ], [ 112.310494039000105, -8.083869981999953, 0.0 ], [ 112.3104935, -8.08389189899998, 0.0 ], [ 112.310486729000104, -8.084167289999925, 0.0 ], [ 112.31048591900003, -8.084200254999928, 0.0 ], [ 112.310534471000096, -8.084824743999945, 0.0 ], [ 112.310600803000057, -8.085209556999928, 0.0 ], [ 112.310629280000057, -8.085374759999979, 0.0 ], [ 112.310626791, -8.085533282999961, 0.0 ], [ 112.31061206600009, -8.085620066999979, 0.0 ], [ 112.310547869000061, -8.085895305999941, 0.0 ], [ 112.310529688000088, -8.086043109999935, 0.0 ], [ 112.31053, -8.08604, 0.0 ], [ 112.31023, -8.08612, 0.0 ], [ 112.30951, -8.08633, 0.0 ], [ 112.30893, -8.0865, 0.0 ], [ 112.30828, -8.086629998999967, 0.0 ], [ 112.30797, -8.08668999899993, 0.0 ], [ 112.30763, -8.086729998999942, 0.0 ], [ 112.307527547000063, -8.086731599999951, 0.0 ], [ 112.306228517000022, -8.086641615999952, 0.0 ], [ 112.30609288800008, -8.086638046999951, 0.0 ], [ 112.305978673000027, -8.086666600999934, 0.0 ], [ 112.305368338000108, -8.086716498999976, 0.0 ], [ 112.304966213000057, -8.086739173999945, 0.0 ], [ 112.304627140000093, -8.086762968999949, 0.0 ], [ 112.304487346000087, -8.086780814999941, 0.0 ], [ 112.304555756000013, -8.086545842999953, 0.0 ], [ 112.304892001000098, -8.084977483999978, 0.0 ], [ 112.303788380000015, -8.084555026999965, 0.0 ], [ 112.303806226, -8.08408508399998, 0.0 ], [ 112.303824072000111, -8.08401964799998, 0.0 ], [ 112.303853815000025, -8.083936366999978, 0.0 ], [ 112.30391330100008, -8.083876880999981, 0.0 ], [ 112.303996582000082, -8.083817393999936, 0.0 ], [ 112.304062018000081, -8.083751958999926, 0.0 ], [ 112.304085812000039, -8.08368057499996, 0.0 ], [ 112.304121504000022, -8.08353780799996, 0.0 ], [ 112.304133401000058, -8.083412885999962, 0.0 ], [ 112.304133401000058, -8.08332960499996, 0.0 ], [ 112.304133401000058, -8.083186836999971, 0.0 ], [ 112.304157196, -8.083038120999959, 0.0 ], [ 112.304175042000111, -8.082865609999942, 0.0 ], [ 112.304169093000041, -8.082800174999932, 0.0 ], [ 112.304127453000092, -8.08271689399993, 0.0 ], [ 112.304079864000073, -8.08268715, 0.0 ], [ 112.303954942000018, -8.08260981799998, 0.0 ], [ 112.303901404000044, -8.082550330999936, 0.0 ], [ 112.303835969000033, -8.082443255999976, 0.0 ], [ 112.303819397000098, -8.082393540999931, 0.0 ], [ 112.303789036000012, -8.081750890999956, 0.0 ], [ 112.303546855000036, -8.081615013999965, 0.0 ], [ 112.303242284000021, -8.081291406999981, 0.0 ], [ 112.303214146000073, -8.080970004999926, 0.0 ], [ 112.303101667000078, -8.080817221999951, 0.0 ], [ 112.302966267000102, -8.080597793999971, 0.0 ], [ 112.30281160200002, -8.080443128999946, 0.0 ], [ 112.302670050000074, -8.080103260999977, 0.0 ], [ 112.30274143400004, -8.079966441999943, 0.0 ], [ 112.302824715000042, -8.079663060999962, 0.0 ], [ 112.302789023000059, -8.079544087999977, 0.0 ], [ 112.302818766000087, -8.079425114999935, 0.0 ], [ 112.302687896000066, -8.07938347399994, 0.0 ], [ 112.302479693, -8.079776084999935, 0.0 ], [ 112.302122774000054, -8.079686854999977, 0.0 ], [ 112.30212872300001, -8.079609522999931, 0.0 ], [ 112.301950263000094, -8.079573830999948, 0.0 ], [ 112.301426782000021, -8.07941916599998, 0.0 ], [ 112.30141488400011, -8.079377524999927, 0.0 ], [ 112.30110555400006, -8.079300192999938, 0.0 ], [ 112.301081760000102, -8.079365627999948, 0.0 ], [ 112.300040745000047, -8.079193116999932, 0.0 ], [ 112.299396820000084, -8.078991207999934, 0.0 ], [ 112.29942, -8.07895, 0.0 ], [ 112.29956, -8.07861, 0.0 ], [ 112.29968, -8.07826, 0.0 ], [ 112.299819999000078, -8.07783, 0.0 ], [ 112.30015, -8.077, 0.0 ], [ 112.30026, -8.07665, 0.0 ], [ 112.30026, -8.07635, 0.0 ], [ 112.30028, -8.07599, 0.0 ], [ 112.30038, -8.0756, 0.0 ], [ 112.30043, -8.075379998999949, 0.0 ], [ 112.30047, -8.07522, 0.0 ], [ 112.30046, -8.07502, 0.0 ], [ 112.300480000000107, -8.0747, 0.0 ], [ 112.300570000000107, -8.07442, 0.0 ], [ 112.30074, -8.074129998999979, 0.0 ], [ 112.3008, -8.07392, 0.0 ], [ 112.30096, -8.07287, 0.0 ], [ 112.301069999000106, -8.07225, 0.0 ], [ 112.30108, -8.07182, 0.0 ], [ 112.30104, -8.071439998999949, 0.0 ], [ 112.30096, -8.07072, 0.0 ], [ 112.30082, -8.07039, 0.0 ], [ 112.300679999000067, -8.07011, 0.0 ], [ 112.30071, -8.06992, 0.0 ], [ 112.300840000000107, -8.06959, 0.0 ], [ 112.301, -8.0694, 0.0 ], [ 112.30123, -8.06905, 0.0 ], [ 112.30158, -8.06849, 0.0 ], [ 112.302078410000036, -8.067882561999966, 0.0 ], [ 112.302219999000044, -8.06771, 0.0 ], [ 112.302219999000044, -8.06751, 0.0 ], [ 112.302215851000028, -8.067439476999937, 0.0 ], [ 112.30227659600007, -8.067394930999967, 0.0 ], [ 112.302311852000116, -8.067369075999977, 0.0 ], [ 112.302353354000047, -8.067338640999935, 0.0 ], [ 112.302305764000039, -8.06707690199994, 0.0 ], [ 112.302210586000115, -8.066946030999929, 0.0 ], [ 112.302207716000112, -8.066917326999942, 0.0 ], [ 112.302186791000054, -8.06670808399997, 0.0 ], [ 112.302210586000115, -8.066505829999926, 0.0 ], [ 112.30227079000008, -8.06642842499997, 0.0 ], [ 112.302293867000117, -8.066398753999977, 0.0 ], [ 112.302424737000024, -8.066303575999939, 0.0 ], [ 112.302674582, -8.066279780999935, 0.0 ], [ 112.302841143000023, -8.066172704999929, 0.0 ], [ 112.303055295000036, -8.065970450999941, 0.0 ], [ 112.303109538000058, -8.065880045999961, 0.0 ], [ 112.303162370000109, -8.065791992999948, 0.0 ], [ 112.303209961000107, -8.065637326999934, 0.0 ], [ 112.303245651000111, -8.06550645599998, 0.0 ], [ 112.303305139000031, -8.065316098999972, 0.0 ], [ 112.303483598000071, -8.06523281799997, 0.0 ], [ 112.303697749000094, -8.065137639999932, 0.0 ], [ 112.303876210000112, -8.065054359999976, 0.0 ], [ 112.304007799000033, -8.064976953999974, 0.0 ], [ 112.304078464000099, -8.064935386999935, 0.0 ], [ 112.304245025000114, -8.064852105999933, 0.0 ], [ 112.304435382000065, -8.06468554199995, 0.0 ], [ 112.304506767000021, -8.064602260999948, 0.0 ], [ 112.304590048000023, -8.064495185999931, 0.0 ], [ 112.304633830000057, -8.064395680999951, 0.0 ], [ 112.304720918000044, -8.064197753999963, 0.0 ], [ 112.305120000000102, -8.064029998999956, 0.0 ], [ 112.305339999000012, -8.06398, 0.0 ], [ 112.305620001000079, -8.06369, 0.0 ], [ 112.305880000000116, -8.06343, 0.0 ], [ 112.305930245000013, -8.06339411099998, 0.0 ], [ 112.305981103000022, -8.063357783999948, 0.0 ], [ 112.30609000100003, -8.06328, 0.0 ], [ 112.306460001, -8.06301, 0.0 ], [ 112.306690001000106, -8.062759998999979, 0.0 ], [ 112.306770001000018, -8.06252, 0.0 ], [ 112.306780118, -8.062435689999973, 0.0 ], [ 112.3068, -8.06227, 0.0 ], [ 112.306850001000043, -8.06192, 0.0 ], [ 112.306876582000086, -8.061811256999931, 0.0 ], [ 112.30707, -8.06102, 0.0 ], [ 112.307046093000054, -8.060879521999937, 0.0 ], [ 112.307043271000111, -8.060862938999946, 0.0 ], [ 112.307132501000069, -8.060678529999961, 0.0 ], [ 112.307322768000063, -8.060391430999971, 0.0 ], [ 112.307358689000012, -8.060337229999959, 0.0 ], [ 112.307376396000109, -8.060279969999954, 0.0 ], [ 112.307328808000079, -8.060166945999981, 0.0 ], [ 112.307321416000036, -8.060151634999954, 0.0 ], [ 112.307178769000075, -8.05985616199996, 0.0 ], [ 112.307200001000069, -8.05975, 0.0 ], [ 112.307215324000026, -8.059717650999971, 0.0 ], [ 112.307288645000085, -8.059562858999925, 0.0 ], [ 112.307289999000091, -8.05956, 0.0 ], [ 112.30752, -8.05926999899998, 0.0 ], [ 112.30758, -8.0593, 0.0 ], [ 112.30767000100002, -8.05936, 0.0 ], [ 112.307730001000095, -8.05935, 0.0 ] ] ] ] } },
{ "type": "Feature", "properties": { "OBJECTID": 116278.0, "KDPPUM": "35", "NAMOBJ": "Kendalrejo", "REMARK": null, "KDPBPS": null, "FCODE": "BA03070040", "LUASWH": 7.58591296, "UUPP": "Hasil Delineasi Batas Desa 2019", "SRS_ID": "SRGI 2013", "METADATA": "TASWIL1000020200326DATA_BATAS_DESA_KELURAHAN", "KDEBPS": null, "KDEPUM": "35.05.14.2002", "KDCBPS": null, "KDCPUM": "35.05.14", "KDBBPS": null, "WADMKD": "Kendalrejo", "WIADKD": null, "WADMKC": "Talun", "WIADKC": null, "WADMKK": "Blitar", "WIADKK": null, "WADMPR": "Jawa Timur", "WIADPR": null, "TIPADM": 1.0, "KDPKAB": "35.05", "SHAPE_Leng": 0.16039467847109601, "SHAPE_Area": 0.00062251179708999998 }, "geometry": { "type": "MultiPolygon", "coordinates": [ [ [ [ 112.260709699000017, -8.055639473999975, 0.0 ], [ 112.260579066000105, -8.056162173999951, 0.0 ], [ 112.260644877, -8.05662284899995, 0.0 ], [ 112.260650450000071, -8.056661860999952, 0.0 ], [ 112.260626314000092, -8.056773488999966, 0.0 ], [ 112.260536236, -8.057190100999946, 0.0 ], [ 112.260379960000023, -8.057460977999938, 0.0 ], [ 112.260322084000109, -8.05756129699995, 0.0 ], [ 112.260304345, -8.057578229999933, 0.0 ], [ 112.260007995000024, -8.05786110899993, 0.0 ], [ 112.259850951000089, -8.058146644999965, 0.0 ], [ 112.259679630000051, -8.05853211699997, 0.0 ], [ 112.259708183000043, -8.058889036999972, 0.0 ], [ 112.259751014000017, -8.058988973999931, 0.0 ], [ 112.259751014000017, -8.059126361999972, 0.0 ], [ 112.259751014000017, -8.059188848999952, 0.0 ], [ 112.259751014000017, -8.059331708999935, 0.0 ], [ 112.259751014000017, -8.059417276999966, 0.0 ], [ 112.259693907000042, -8.059617150999941, 0.0 ], [ 112.259593969000093, -8.059931239999969, 0.0 ], [ 112.259536862, -8.060159668999972, 0.0 ], [ 112.259322711000095, -8.060530864999976, 0.0 ], [ 112.259176106000041, -8.06077520599996, 0.0 ], [ 112.259108559000083, -8.060887782999941, 0.0 ], [ 112.258922961000053, -8.061216148999961, 0.0 ], [ 112.258794470000112, -8.061601621999955, 0.0 ], [ 112.258751640000014, -8.062015647999942, 0.0 ], [ 112.261543254000117, -8.062281928999937, 0.0 ], [ 112.262926231000051, -8.06241384499998, 0.0 ], [ 112.262988097000061, -8.062761642999931, 0.0 ], [ 112.263008917000093, -8.062827077999941, 0.0 ], [ 112.263045516000034, -8.062921078999977, 0.0 ], [ 112.263079038000114, -8.063007177999964, 0.0 ], [ 112.263336224000113, -8.06345990799997, 0.0 ], [ 112.26356, -8.06383, 0.0 ], [ 112.2641, -8.064599998999938, 0.0 ], [ 112.26415, -8.064809998999976, 0.0 ], [ 112.26416, -8.065549997999938, 0.0 ], [ 112.26415, -8.06578, 0.0 ], [ 112.26415, -8.06605, 0.0 ], [ 112.264169999000046, -8.06636999899996, 0.0 ], [ 112.264209999000059, -8.06651, 0.0 ], [ 112.26434, -8.067279998999936, 0.0 ], [ 112.26444, -8.067849998999975, 0.0 ], [ 112.26449, -8.068319997999936, 0.0 ], [ 112.26446, -8.068899998999939, 0.0 ], [ 112.264320000000112, -8.06979999899994, 0.0 ], [ 112.264314504000026, -8.069863204999933, 0.0 ], [ 112.264314059000071, -8.070146141999942, 0.0 ], [ 112.264323577000027, -8.070203248999974, 0.0 ], [ 112.264328336000062, -8.070231801999967, 0.0 ], [ 112.264328336000062, -8.070284149999964, 0.0 ], [ 112.264290265000113, -8.070317462999981, 0.0 ], [ 112.264242676000094, -8.070350774999952, 0.0 ], [ 112.264228399000103, -8.070393604999936, 0.0 ], [ 112.264220736000084, -8.070736049999937, 0.0 ], [ 112.264195443000062, -8.070827737999934, 0.0 ], [ 112.264207341000088, -8.07111327399997, 0.0 ], [ 112.264207341000088, -8.071589165999967, 0.0 ], [ 112.264326314000073, -8.071862803999977, 0.0 ], [ 112.264326314000073, -8.072076954999943, 0.0 ], [ 112.264314416000047, -8.072326798999939, 0.0 ], [ 112.264195443000062, -8.072505257999978, 0.0 ], [ 112.264016984000023, -8.072719409999934, 0.0 ], [ 112.263850421000029, -8.072957355999961, 0.0 ], [ 112.263850421000029, -8.073349966999956, 0.0 ], [ 112.263921805000109, -8.073635501999945, 0.0 ], [ 112.26398129200004, -8.074040010999965, 0.0 ], [ 112.264056264000033, -8.074498825999967, 0.0 ], [ 112.264083609000068, -8.074640823999971, 0.0 ], [ 112.26411216200006, -8.074869252999974, 0.0 ], [ 112.264122870000051, -8.074958481999943, 0.0 ], [ 112.264140716000043, -8.075029865999966, 0.0 ], [ 112.264169269000035, -8.075086972999941, 0.0 ], [ 112.264226376000011, -8.075204756999938, 0.0 ], [ 112.264247791000116, -8.075290416999962, 0.0 ], [ 112.264258499000107, -8.075401061999969, 0.0 ], [ 112.264258499000107, -8.075550967999959, 0.0 ], [ 112.264276345000098, -8.075693735999948, 0.0 ], [ 112.264196293000055, -8.075630676999936, 0.0 ], [ 112.26106991000006, -8.073317793999934, 0.0 ], [ 112.260914877, -8.073326097999939, 0.0 ], [ 112.260766161000106, -8.073391533999938, 0.0 ], [ 112.260700726000096, -8.073468866999974, 0.0 ], [ 112.260641239000051, -8.073558095999942, 0.0 ], [ 112.260587702000066, -8.073647325999957, 0.0 ], [ 112.2605163180001, -8.073760350999976, 0.0 ], [ 112.260492523000039, -8.073867425999936, 0.0 ], [ 112.260462780000012, -8.073974501999942, 0.0 ], [ 112.260512377000055, -8.074390196999957, 0.0 ], [ 112.260596030000102, -8.07500123899996, 0.0 ], [ 112.260542492000013, -8.075693662999981, 0.0 ], [ 112.260373198000025, -8.075996237999959, 0.0 ], [ 112.26035463300002, -8.076048219999961, 0.0 ], [ 112.260304685000051, -8.076493101999972, 0.0 ], [ 112.26029397700006, -8.076639438999962, 0.0 ], [ 112.259997734000081, -8.077021341999966, 0.0 ], [ 112.259883520000017, -8.077114140999981, 0.0 ], [ 112.25981213600005, -8.077235493999979, 0.0 ], [ 112.259647261000055, -8.077732233999939, 0.0 ], [ 112.259837120000043, -8.077799425999956, 0.0 ], [ 112.25980856700005, -8.077935054999955, 0.0 ], [ 112.25924330600003, -8.0793687399999, 0.0 ], [ 112.257343572000082, -8.084375442999942, 0.0 ], [ 112.257117654000012, -8.084839120999959, 0.0 ], [ 112.256403816000102, -8.084624968999947, 0.0 ], [ 112.256106383000088, -8.087028223999937, 0.0 ], [ 112.256087056000069, -8.087218087999929, 0.0 ], [ 112.256085138000117, -8.087236927999982, 0.0 ], [ 112.256084943000019, -8.087238845999934, 0.0 ], [ 112.256083025000066, -8.08725768599993, 0.0 ], [ 112.256081107000114, -8.087276526999972, 0.0 ], [ 112.256079189000047, -8.087295366999967, 0.0 ], [ 112.256077271000095, -8.087314207999952, 0.0 ], [ 112.256069600000046, -8.087389569999971, 0.0 ], [ 112.256060011000045, -8.087483771999928, 0.0 ], [ 112.256054257000073, -8.087540292999961, 0.0 ], [ 112.256046585000036, -8.087615654999979, 0.0 ], [ 112.256035078000082, -8.087728697999978, 0.0 ], [ 112.256027406000044, -8.087804059999939, 0.0 ], [ 112.256019734, -8.087879420999968, 0.0 ], [ 112.256010145, -8.087973623999972, 0.0 ], [ 112.256004391000033, -8.088030144999948, 0.0 ], [ 112.255994802000032, -8.088124346999962, 0.0 ], [ 112.255985212000041, -8.088218549999965, 0.0 ], [ 112.255983294000089, -8.088237389999961, 0.0 ], [ 112.255977540000117, -8.088293910999937, 0.0 ], [ 112.2559681460001, -8.088386195999931, 0.0 ], [ 112.255962783000086, -8.088438880999945, 0.0 ], [ 112.255962588000102, -8.088440798999954, 0.0 ], [ 112.255930926000019, -8.088751835999972, 0.0 ], [ 112.255929203000051, -8.088768757999958, 0.0 ], [ 112.255929008000066, -8.088770675999967, 0.0 ], [ 112.255927481000072, -8.088785680999933, 0.0 ], [ 112.255925563, -8.088804520999929, 0.0 ], [ 112.255923645000053, -8.088823361999971, 0.0 ], [ 112.255904129000101, -8.089015074999963, 0.0 ], [ 112.255880579000063, -8.089215851999938, 0.0 ], [ 112.255878377000045, -8.089234628999975, 0.0 ], [ 112.255876175000026, -8.089253406999944, 0.0 ], [ 112.255873714000018, -8.089274385999943, 0.0 ], [ 112.255871512000112, -8.089293163999969, 0.0 ], [ 112.255862445000048, -8.089370474999953, 0.0 ], [ 112.25586024200004, -8.089389252999979, 0.0 ], [ 112.255858040000021, -8.089408029999959, 0.0 ], [ 112.255855837000013, -8.089426807999928, 0.0 ], [ 112.255853635000108, -8.089445584999964, 0.0 ], [ 112.255851433000089, -8.089464362999934, 0.0 ], [ 112.25584923100007, -8.08948314, 0.0 ], [ 112.255847029000051, -8.08950191699995, 0.0 ], [ 112.255844827000033, -8.089520694999976, 0.0 ], [ 112.255842625000014, -8.089539471999956, 0.0 ], [ 112.255840422, -8.089558249999925, 0.0 ], [ 112.255838220000101, -8.089577026999962, 0.0 ], [ 112.255836018000082, -8.089595803999941, 0.0 ], [ 112.255833816000063, -8.089614581999967, 0.0 ], [ 112.255831614000044, -8.089633358999947, 0.0 ], [ 112.255829412000026, -8.089652136999973, 0.0 ], [ 112.25582721, -8.089670913999953, 0.0 ], [ 112.255825008000102, -8.089689690999933, 0.0 ], [ 112.255822806000083, -8.089708468999959, 0.0 ], [ 112.255820604000064, -8.089727245999939, 0.0 ], [ 112.255797858000051, -8.089921188999938, 0.0 ], [ 112.255771965, -8.090120943999977, 0.0 ], [ 112.255769538000095, -8.090139664999981, 0.0 ], [ 112.255767111000068, -8.090158385999928, 0.0 ], [ 112.255764684000042, -8.090177106999931, 0.0 ], [ 112.255762257000015, -8.090195828999981, 0.0 ], [ 112.255759830000102, -8.090214549999928, 0.0 ], [ 112.255757403000075, -8.090233270999931, 0.0 ], [ 112.255754976000048, -8.090251991999935, 0.0 ], [ 112.255754661000083, -8.090254418999962, 0.0 ], [ 112.255752234000056, -8.090273139999965, 0.0 ], [ 112.255727857000011, -8.090461188999939, 0.0 ], [ 112.255717858000025, -8.090661189999935, 0.0 ], [ 112.255597858000101, -8.092031189999943, 0.0 ], [ 112.255587858000013, -8.092241189999982, 0.0 ], [ 112.255567858000063, -8.092591189999951, 0.0 ], [ 112.255497858000012, -8.093781189999959, 0.0 ], [ 112.255467858000088, -8.094111189999978, 0.0 ], [ 112.255397857000048, -8.094651188999933, 0.0 ], [ 112.25534785800005, -8.09519119, 0.0 ], [ 112.255277858000113, -8.096191188999967, 0.0 ], [ 112.255149297000116, -8.097341223999933, 0.0 ], [ 112.254577454000014, -8.101129989999947, 0.0 ], [ 112.254252486000041, -8.10319874399994, 0.0 ], [ 112.257051966000063, -8.103228525999953, 0.0 ], [ 112.257008685000073, -8.103455150999935, 0.0 ], [ 112.256955147000099, -8.103586021999945, 0.0 ], [ 112.256955147000099, -8.103722840999978, 0.0 ], [ 112.256943250000063, -8.103835864999951, 0.0 ], [ 112.256937301000107, -8.103942940999957, 0.0 ], [ 112.256913506000046, -8.104073810999978, 0.0 ], [ 112.256865917000027, -8.104240373999971, 0.0 ], [ 112.256848071000036, -8.104377192999948, 0.0 ], [ 112.256824277000078, -8.104543754999952, 0.0 ], [ 112.256729098000051, -8.105299233999972, 0.0 ], [ 112.256729098000051, -8.105400360999965, 0.0 ], [ 112.256740996000076, -8.105513384999938, 0.0 ], [ 112.256782636000025, -8.105560973999957, 0.0 ], [ 112.256859969000061, -8.105614510999942, 0.0 ], [ 112.256937301000107, -8.105638306999936, 0.0 ], [ 112.25697299300009, -8.105703741999946, 0.0 ], [ 112.256955147000099, -8.105798920999973, 0.0 ], [ 112.256931352000038, -8.105852457999958, 0.0 ], [ 112.256889712000088, -8.105953584999952, 0.0 ], [ 112.256889712000088, -8.106013071999939, 0.0 ], [ 112.256854020000105, -8.106435425999962, 0.0 ], [ 112.256865917000027, -8.106518706999964, 0.0 ], [ 112.256931352000038, -8.106566296999972, 0.0 ], [ 112.256949198000029, -8.106649577999974, 0.0 ], [ 112.256937301000107, -8.106750704999968, 0.0 ], [ 112.256919455000116, -8.106881573999942, 0.0 ], [ 112.256919455000116, -8.106982700999936, 0.0 ], [ 112.256937301000107, -8.107048136999936, 0.0 ], [ 112.256967044000021, -8.107125469999971, 0.0 ], [ 112.256931352000038, -8.107244442999956, 0.0 ], [ 112.25690755800008, -8.107327723999958, 0.0 ], [ 112.25690755800008, -8.107512131999954, 0.0 ], [ 112.256919455000116, -8.107648949999941, 0.0 ], [ 112.256937301000107, -8.107708437999975, 0.0 ], [ 112.25697299300009, -8.107863102999943, 0.0 ], [ 112.256996788000038, -8.107958280999981, 0.0 ], [ 112.256967044000021, -8.108077253999966, 0.0 ], [ 112.255550641000013, -8.107970055999942, 0.0 ], [ 112.254206246000081, -8.107758283999942, 0.0 ], [ 112.252011532000097, -8.10747823, 0.0 ], [ 112.251907857000106, -8.108111188999942, 0.0 ], [ 112.25184785700003, -8.108481189999964, 0.0 ], [ 112.251787858000057, -8.108881189999977, 0.0 ], [ 112.251747858000044, -8.109271189999959, 0.0 ], [ 112.25173785800007, -8.109351188999938, 0.0 ], [ 112.251687858000082, -8.109641189999934, 0.0 ], [ 112.251637858000095, -8.109941187999937, 0.0 ], [ 112.251557858000069, -8.110481189999973, 0.0 ], [ 112.251467858000069, -8.111231189999955, 0.0 ], [ 112.251127857000029, -8.113441189999946, 0.0 ], [ 112.251117858000043, -8.113791189999972, 0.0 ], [ 112.251087857000016, -8.114141189999941, 0.0 ], [ 112.250744725000118, -8.11409978599994, 0.0 ], [ 112.250604336000038, -8.114954011999941, 0.0 ], [ 112.250956435000035, -8.114988288999939, 0.0 ], [ 112.250947858000018, -8.115051187999939, 0.0 ], [ 112.2509099990001, -8.115279998999938, 0.0 ], [ 112.25076614000011, -8.116252561999943, 0.0 ], [ 112.249659690000044, -8.116013425999938, 0.0 ], [ 112.248528257000089, -8.115799275999962, 0.0 ], [ 112.249055303000091, -8.114847961999942, 0.0 ], [ 112.249408419000019, -8.110625851999941, 0.0 ], [ 112.248301970000057, -8.110506878999956, 0.0 ], [ 112.248397148000095, -8.109781142999964, 0.0 ], [ 112.247897462000083, -8.109769244999939, 0.0 ], [ 112.247921256000041, -8.108829358999969, 0.0 ], [ 112.243946999000059, -8.10840000099995, 0.0 ], [ 112.243905373000075, -8.108301222999955, 0.0 ], [ 112.243888, -8.108259998999927, 0.0 ], [ 112.243885978000094, -8.108241452999948, 0.0 ], [ 112.243865, -8.108049, 0.0 ], [ 112.243960851000111, -8.107425040999942, 0.0 ], [ 112.24402, -8.107039998999937, 0.0 ], [ 112.244190742000114, -8.106139656999972, 0.0 ], [ 112.244210821000024, -8.106033778999972, 0.0 ], [ 112.244251456000029, -8.105686927999955, 0.0 ], [ 112.24426, -8.105614, 0.0 ], [ 112.244259001000046, -8.105308, 0.0 ], [ 112.244250936000071, -8.105263082999954, 0.0 ], [ 112.244063938000068, -8.104221507999966, 0.0 ], [ 112.244059000000107, -8.104194, 0.0 ], [ 112.244060026000056, -8.104190203999963, 0.0 ], [ 112.244263001000036, -8.103439, 0.0 ], [ 112.244434630000114, -8.102916108999977, 0.0 ], [ 112.244499, -8.10271999899993, 0.0 ], [ 112.244574882000052, -8.102263221999976, 0.0 ], [ 112.244601000000102, -8.102105998999946, 0.0 ], [ 112.244604472000105, -8.101989247999938, 0.0 ], [ 112.244613021000077, -8.101701805999937, 0.0 ], [ 112.244617, -8.10156799899994, 0.0 ], [ 112.244596852000086, -8.101490596999952, 0.0 ], [ 112.244445284000108, -8.100908282999967, 0.0 ], [ 112.244345, -8.100523, 0.0 ], [ 112.244255320000093, -8.100352441999974, 0.0 ], [ 112.244190257000014, -8.10022870399996, 0.0 ], [ 112.244182, -8.100213, 0.0 ], [ 112.244174539000028, -8.100200169999937, 0.0 ], [ 112.244111768000039, -8.100092226999948, 0.0 ], [ 112.244075, -8.10002899899996, 0.0 ], [ 112.244065454000065, -8.099952629999962, 0.0 ], [ 112.244056601000011, -8.09988180299996, 0.0 ], [ 112.244051, -8.099837, 0.0 ], [ 112.244122, -8.099364998999931, 0.0 ], [ 112.244141345000116, -8.09930062899997, 0.0 ], [ 112.24421579400007, -8.099052897999968, 0.0 ], [ 112.244305162000046, -8.098755522999966, 0.0 ], [ 112.244409, -8.098409998999955, 0.0 ], [ 112.244413026000075, -8.098382767999965, 0.0 ], [ 112.244425668000076, -8.098297247999938, 0.0 ], [ 112.244426, -8.098295, 0.0 ], [ 112.244418874000075, -8.098285017999956, 0.0 ], [ 112.243947, -8.097624, 0.0 ], [ 112.243924714000059, -8.097556899999972, 0.0 ], [ 112.243894086000068, -8.097464682999941, 0.0 ], [ 112.243858294, -8.097356917999946, 0.0 ], [ 112.243855, -8.097347, 0.0 ], [ 112.243824579000034, -8.097098438999978, 0.0 ], [ 112.243773, -8.096677, 0.0 ], [ 112.24377, -8.09667762, 0.0 ], [ 112.243767858000069, -8.096678061999967, 0.0 ], [ 112.243767858000069, -8.096611189999976, 0.0 ], [ 112.243787858000019, -8.096501189999969, 0.0 ], [ 112.244137858000045, -8.096161189999975, 0.0 ], [ 112.24432785800002, -8.0959911899999, 0.0 ], [ 112.244357858000058, -8.095941189999962, 0.0 ], [ 112.244387858000096, -8.095881188999954, 0.0 ], [ 112.244157858000108, -8.095511188999978, 0.0 ], [ 112.244117858000095, -8.095441189999974, 0.0 ], [ 112.244391012000051, -8.095313850999958, 0.0 ], [ 112.24450403600008, -8.094891495999946, 0.0 ], [ 112.244492139000045, -8.094534576999934, 0.0 ], [ 112.244486190000089, -8.09377909799997, 0.0 ], [ 112.244446741000047, -8.093446162999953, 0.0 ], [ 112.24450403600008, -8.093035516999976, 0.0 ], [ 112.244509776000086, -8.09259932599997, 0.0 ], [ 112.244509985000036, -8.092583418999936, 0.0 ], [ 112.244361268000034, -8.092274088999943, 0.0 ], [ 112.244062826000118, -8.091984822999962, 0.0 ], [ 112.244057887000054, -8.091792247999933, 0.0 ], [ 112.244034092000106, -8.091649480999934, 0.0 ], [ 112.243921068000077, -8.091548352999951, 0.0 ], [ 112.243802095000092, -8.091447225999957, 0.0 ], [ 112.243736660000081, -8.091322304999949, 0.0 ], [ 112.243771626000012, -8.091120276999959, 0.0 ], [ 112.243790198000056, -8.091012974999956, 0.0 ], [ 112.243944863000024, -8.090757182999937, 0.0 ], [ 112.244085065000036, -8.090650378999953, 0.0 ], [ 112.244137858000045, -8.090571189999935, 0.0 ], [ 112.244437857000094, -8.089881189999971, 0.0 ], [ 112.24448785800007, -8.089741189999927, 0.0 ], [ 112.244500219000088, -8.0897004, 0.0 ], [ 112.24468785800002, -8.089081189999945, 0.0 ], [ 112.24477785800002, -8.088771189999932, 0.0 ], [ 112.244827857000018, -8.088301189999981, 0.0 ], [ 112.244807857000069, -8.088181189999943, 0.0 ], [ 112.244807636000019, -8.08818, 0.0 ], [ 112.244808475000013, -8.088171831999944, 0.0 ], [ 112.24485861800008, -8.087683876999961, 0.0 ], [ 112.244775337000078, -8.087219881999943, 0.0 ], [ 112.24452, -8.08648, 0.0 ], [ 112.244510000000105, -8.08615, 0.0 ], [ 112.24453, -8.08561, 0.0 ], [ 112.24453, -8.08471, 0.0 ], [ 112.24443, -8.083669998999937, 0.0 ], [ 112.24438, -8.083149998999943, 0.0 ], [ 112.244370000000117, -8.08303, 0.0 ], [ 112.244010000000117, -8.08282, 0.0 ], [ 112.2439, -8.08274999799994, 0.0 ], [ 112.24394, -8.08233, 0.0 ], [ 112.244, -8.08206, 0.0 ], [ 112.244150000000104, -8.08183, 0.0 ], [ 112.244219999000052, -8.08172, 0.0 ], [ 112.24435, -8.08152999899994, 0.0 ], [ 112.24439, -8.08116, 0.0 ], [ 112.24429, -8.080819998999971, 0.0 ], [ 112.244279999000014, -8.08068, 0.0 ], [ 112.244259999000064, -8.08057, 0.0 ], [ 112.244420000000105, -8.08026, 0.0 ], [ 112.24449, -8.08007, 0.0 ], [ 112.24457, -8.07983, 0.0 ], [ 112.24475, -8.079239998999981, 0.0 ], [ 112.24484, -8.07888, 0.0 ], [ 112.244864567000036, -8.078725205999945, 0.0 ], [ 112.244834824, -8.078285004999941, 0.0 ], [ 112.244828875000053, -8.077975675999937, 0.0 ], [ 112.244825518000084, -8.07780110899995, 0.0 ], [ 112.24486, -8.07769, 0.0 ], [ 112.24495, -8.07749999899994, 0.0 ], [ 112.245147858000109, -8.077191189999951, 0.0 ], [ 112.245149484000081, -8.077189970999939, 0.0 ], [ 112.24515, -8.077189997999938, 0.0 ], [ 112.24528500100007, -8.077088747999937, 0.0 ], [ 112.245435638000117, -8.076976301999935, 0.0 ], [ 112.245524867000086, -8.076785943999937, 0.0 ], [ 112.245596251000052, -8.076601535999941, 0.0 ], [ 112.246089989000097, -8.075744930999974, 0.0 ], [ 112.246242424000116, -8.075556043999939, 0.0 ], [ 112.246363627000051, -8.075405857999954, 0.0 ], [ 112.246956227000055, -8.074444265999944, 0.0 ], [ 112.247809999000083, -8.072939998999971, 0.0 ], [ 112.24827, -8.072219998999969, 0.0 ], [ 112.248830000000112, -8.0713, 0.0 ], [ 112.249039999000047, -8.07092, 0.0 ], [ 112.24918, -8.070679998999935, 0.0 ], [ 112.24938, -8.07037, 0.0 ], [ 112.24963, -8.06999, 0.0 ], [ 112.249719999000035, -8.069859998999959, 0.0 ], [ 112.24988, -8.06957, 0.0 ], [ 112.250000000000114, -8.06936, 0.0 ], [ 112.25022, -8.06897, 0.0 ], [ 112.250320000000102, -8.06878, 0.0 ], [ 112.25101, -8.0676, 0.0 ], [ 112.25145, -8.066849998999942, 0.0 ], [ 112.25196, -8.065959998999972, 0.0 ], [ 112.25205, -8.06573, 0.0 ], [ 112.2522, -8.06554, 0.0 ], [ 112.25256, -8.065049998999939, 0.0 ], [ 112.25276, -8.06465, 0.0 ], [ 112.25309, -8.06413, 0.0 ], [ 112.25315, -8.06402, 0.0 ], [ 112.25334, -8.06367, 0.0 ], [ 112.25379, -8.06293, 0.0 ], [ 112.25408999900003, -8.06242999899996, 0.0 ], [ 112.25415, -8.06232, 0.0 ], [ 112.25426, -8.06213, 0.0 ], [ 112.25443, -8.0619, 0.0 ], [ 112.2546, -8.06164, 0.0 ], [ 112.2549, -8.061019998999939, 0.0 ], [ 112.25537, -8.06008, 0.0 ], [ 112.25558, -8.059659998999962, 0.0 ], [ 112.255749261, -8.059221913999977, 0.0 ], [ 112.257579999000086, -8.05629, 0.0 ], [ 112.258, -8.05544, 0.0 ], [ 112.258239221000053, -8.054961552999941, 0.0 ], [ 112.258240000000114, -8.054959998999948, 0.0 ], [ 112.258800001000054, -8.05511, 0.0 ], [ 112.259469999000089, -8.055300000999978, 0.0 ], [ 112.26007, -8.05547, 0.0 ], [ 112.260130000000117, -8.05549, 0.0 ], [ 112.26019, -8.05549, 0.0 ], [ 112.26047, -8.05556, 0.0 ], [ 112.26058, -8.0556, 0.0 ], [ 112.260709699000017, -8.055639473999975, 0.0 ] ] ] ] } },
{ "type": "Feature", "properties": { "OBJECTID": 116210.0, "KDPPUM": "35", "NAMOBJ": "Kelurahan Kamulan", "REMARK": null, "KDPBPS": null, "FCODE": "BA03070040", "LUASWH": 4.13000869, "UUPP": "Hasil Delineasi Batas Desa 2019", "SRS_ID": "SRGI 2013", "METADATA": "TASWIL1000020200326DATA_BATAS_DESA_KELURAHAN", "KDEBPS": null, "KDEPUM": "35.05.14.1009", "KDCBPS": null, "KDCPUM": "35.05.14", "KDBBPS": null, "WADMKD": "Kelurahan Kamulan", "WIADKD": null, "WADMKC": "Talun", "WIADKC": null, "WADMKK": "Blitar", "WIADKK": null, "WADMPR": "Jawa Timur", "WIADPR": null, "TIPADM": 2.0, "KDPKAB": "35.05", "SHAPE_Leng": 0.116658254855227, "SHAPE_Area": 0.00033890117397299997 }, "geometry": { "type": "MultiPolygon", "coordinates": [ [ [ [ 112.280725189, -8.06746272, 0.0 ], [ 112.280711621000023, -8.067490702999976, 0.0 ], [ 112.280678904000069, -8.067565060999925, 0.0 ], [ 112.280681878000109, -8.067615623999927, 0.0 ], [ 112.280711621000023, -8.067672136999931, 0.0 ], [ 112.280750287000046, -8.067698905999976, 0.0 ], [ 112.280772773000081, -8.067723056999967, 0.0 ], [ 112.280782291000037, -8.067747803999964, 0.0 ], [ 112.280780388000039, -8.067770645999929, 0.0 ], [ 112.280768966000096, -8.067793488999939, 0.0 ], [ 112.280751834000057, -8.067818235999937, 0.0 ], [ 112.280730895000033, -8.06784678899993, 0.0 ], [ 112.280715666000106, -8.067879149999953, 0.0 ], [ 112.280708052000023, -8.067905799999949, 0.0 ], [ 112.280700438000054, -8.067934352999941, 0.0 ], [ 112.280675691000056, -8.067968617999952, 0.0 ], [ 112.280649041000061, -8.068008591999956, 0.0 ], [ 112.280628102000037, -8.068050470999935, 0.0 ], [ 112.280626199000039, -8.068082831999959, 0.0 ], [ 112.280637620000107, -8.068197045999966, 0.0 ], [ 112.280656656000019, -8.068212273999961, 0.0 ], [ 112.280687113000113, -8.068229405999944, 0.0 ], [ 112.280708052000023, -8.06824844199997, 0.0 ], [ 112.280717570000093, -8.068282705999934, 0.0 ], [ 112.280721377000077, -8.068313162999971, 0.0 ], [ 112.28071947300009, -8.068347427999981, 0.0 ], [ 112.280715666000106, -8.068374077999977, 0.0 ], [ 112.280713763000108, -8.068406437999954, 0.0 ], [ 112.28070995600001, -8.068465448999973, 0.0 ], [ 112.280702210000072, -8.068863315999977, 0.0 ], [ 112.280703829000117, -8.069025272999966, 0.0 ], [ 112.280589064000083, -8.06965738599996, 0.0 ], [ 112.280585660000042, -8.069676135999941, 0.0 ], [ 112.280581165000058, -8.069707477999941, 0.0 ], [ 112.280558047000113, -8.069821439999942, 0.0 ], [ 112.280562806000034, -8.069911859999934, 0.0 ], [ 112.280572324000104, -8.069997519999959, 0.0 ], [ 112.280581841000071, -8.070059385999969, 0.0 ], [ 112.280591359000027, -8.07013552899997, 0.0 ], [ 112.280596118000062, -8.070202153999958, 0.0 ], [ 112.280586600000106, -8.07031160899993, 0.0 ], [ 112.280562806000034, -8.070392510999966, 0.0 ], [ 112.280524734000096, -8.070473412999945, 0.0 ], [ 112.280486663000033, -8.070554313999935, 0.0 ], [ 112.280443833000049, -8.070625697999958, 0.0 ], [ 112.280415279000067, -8.070730393999952, 0.0 ], [ 112.280434315000093, -8.070811295999931, 0.0 ], [ 112.280477145000077, -8.070882679999954, 0.0 ], [ 112.280514667000034, -8.070982735999962, 0.0 ], [ 112.280548529000043, -8.071073036999962, 0.0 ], [ 112.280605636000018, -8.071172973999978, 0.0 ], [ 112.280662743000107, -8.071301464999976, 0.0 ], [ 112.280715091000047, -8.071415678999927, 0.0 ], [ 112.280767439000101, -8.071506098999976, 0.0 ], [ 112.280815029000109, -8.071563205999951, 0.0 ], [ 112.280886412000086, -8.071744044999946, 0.0 ], [ 112.282126905000041, -8.071881656999949, 0.0 ], [ 112.28223684000011, -8.071905214999958, 0.0 ], [ 112.282527393, -8.071967475999941, 0.0 ], [ 112.282543310000051, -8.071970886999964, 0.0 ], [ 112.282803118000061, -8.071983675999945, 0.0 ], [ 112.283421778000047, -8.071978916999967, 0.0 ], [ 112.283700175000035, -8.072038403999954, 0.0 ], [ 112.284540124000046, -8.07209551099993, 0.0 ], [ 112.284497294000062, -8.072177601999954, 0.0 ], [ 112.28447944800007, -8.072259693999968, 0.0 ], [ 112.284475576000091, -8.072290668999926, 0.0 ], [ 112.284468741000069, -8.072345353999935, 0.0 ], [ 112.284468741000069, -8.072413168999958, 0.0 ], [ 112.284468741000069, -8.072466706999933, 0.0 ], [ 112.284471701000029, -8.07253181699997, 0.0 ], [ 112.284472310000069, -8.072545228999957, 0.0 ], [ 112.284472310000069, -8.072598766999931, 0.0 ], [ 112.284472310000069, -8.072684427999945, 0.0 ], [ 112.284468741000069, -8.072745103999978, 0.0 ], [ 112.284454464000078, -8.072827194999945, 0.0 ], [ 112.284440187000087, -8.072912855999959, 0.0 ], [ 112.284440187000087, -8.072966393999934, 0.0 ], [ 112.284461602000079, -8.073084176999942, 0.0 ], [ 112.284458033000078, -8.07321266799994, 0.0 ], [ 112.284418377000065, -8.073257523999928, 0.0 ], [ 112.284381291000045, -8.073654880999925, 0.0 ], [ 112.284302769000078, -8.073997523999935, 0.0 ], [ 112.284224246, -8.074183120999976, 0.0 ], [ 112.284167139000033, -8.074304473999973, 0.0 ], [ 112.284188555000014, -8.074582870999961, 0.0 ], [ 112.284326683000018, -8.074597340999958, 0.0 ], [ 112.284271122000064, -8.07486055499993, 0.0 ], [ 112.284390419000033, -8.074911310999937, 0.0 ], [ 112.284343219000107, -8.075208669999938, 0.0 ], [ 112.285970772000042, -8.075418061999926, 0.0 ], [ 112.286161128000117, -8.075008793999928, 0.0 ], [ 112.286332449000042, -8.074789883999927, 0.0 ], [ 112.286884485000087, -8.074732776999952, 0.0 ], [ 112.286873649000086, -8.074784245999979, 0.0 ], [ 112.287158079000051, -8.074803604999943, 0.0 ], [ 112.287352251000016, -8.074816820999956, 0.0 ], [ 112.287697273000049, -8.074846564999973, 0.0 ], [ 112.288205881000067, -8.074870110999939, 0.0 ], [ 112.288339727000107, -8.074876307999943, 0.0 ], [ 112.289030239000112, -8.074928786999976, 0.0 ], [ 112.289083309000034, -8.074932819999958, 0.0 ], [ 112.289196333000064, -8.075313533999974, 0.0 ], [ 112.289223102000051, -8.075435480999943, 0.0 ], [ 112.289226076000091, -8.075489018999974, 0.0 ], [ 112.289181461000112, -8.07553066, 0.0 ], [ 112.289133872000093, -8.075590145999968, 0.0 ], [ 112.289130898000053, -8.075643683999942, 0.0 ], [ 112.289116026000102, -8.075712093999925, 0.0 ], [ 112.289080334, -8.075795374999927, 0.0 ], [ 112.289050591000091, -8.075860809999938, 0.0 ], [ 112.289035719000026, -8.075914347999969, 0.0 ], [ 112.28902977100006, -8.075988705999976, 0.0 ], [ 112.289062488000013, -8.076110652999944, 0.0 ], [ 112.289074386000038, -8.07621772899995, 0.0 ], [ 112.289080334, -8.076318855999943, 0.0 ], [ 112.289056540000047, -8.076414034999971, 0.0 ], [ 112.288970284000015, -8.076530032999926, 0.0 ], [ 112.288949464000098, -8.076646031999928, 0.0 ], [ 112.288907823000045, -8.076845311999932, 0.0 ], [ 112.289208230000099, -8.077008899999953, 0.0 ], [ 112.289501499000039, -8.07717784099998, 0.0 ], [ 112.289795465000111, -8.077171698999962, 0.0 ], [ 112.290138619000118, -8.077232254999956, 0.0 ], [ 112.290537857000118, -8.077295429999936, 0.0 ], [ 112.290601984000091, -8.077312760999973, 0.0 ], [ 112.290611502000047, -8.077327988999969, 0.0 ], [ 112.290611502000047, -8.077343217999953, 0.0 ], [ 112.290568568000026, -8.07743439199993, 0.0 ], [ 112.2905664110001, -8.077466751999964, 0.0 ], [ 112.290633036000031, -8.077619036999977, 0.0 ], [ 112.290673986000115, -8.077674438999964, 0.0 ], [ 112.290713961000051, -8.077704895999943, 0.0 ], [ 112.290763454000057, -8.077716316999954, 0.0 ], [ 112.290827041000057, -8.077709818999949, 0.0 ], [ 112.290963329000078, -8.077708702999928, 0.0 ], [ 112.290993786000058, -8.077701088999959, 0.0 ], [ 112.291026146000036, -8.077699184999972, 0.0 ], [ 112.291041375000077, -8.077699184999972, 0.0 ], [ 112.291075639000042, -8.077716316999954, 0.0 ], [ 112.291106096000021, -8.077739159999965, 0.0 ], [ 112.291134650000117, -8.077773424999975, 0.0 ], [ 112.291204106, -8.07786650099996, 0.0 ], [ 112.291297212000018, -8.078028153999981, 0.0 ], [ 112.29127, -8.078089998999928, 0.0 ], [ 112.291228988000057, -8.078212906999966, 0.0 ], [ 112.291214711000066, -8.078319982999972, 0.0 ], [ 112.291207572000076, -8.078366381999956, 0.0 ], [ 112.291168311000092, -8.078430627999978, 0.0 ], [ 112.291100497000116, -8.078509149999945, 0.0 ], [ 112.291046959000028, -8.07860194899996, 0.0 ], [ 112.290993421000053, -8.078709024999966, 0.0 ], [ 112.29096129800007, -8.078783977999933, 0.0 ], [ 112.290943452000079, -8.078876776999948, 0.0 ], [ 112.290938693000044, -8.07929199299997, 0.0 ], [ 112.290891104000025, -8.079547784999932, 0.0 ], [ 112.291936877000012, -8.079615598999965, 0.0 ], [ 112.292008261000092, -8.07937646299996, 0.0 ], [ 112.292764930000089, -8.079479969999966, 0.0 ], [ 112.292850590000057, -8.07952993899994, 0.0 ], [ 112.292946958000016, -8.079644152999947, 0.0 ], [ 112.293874948000052, -8.079819042999929, 0.0 ], [ 112.293932055000028, -8.079819042999929, 0.0 ], [ 112.293978455000115, -8.079587045999972, 0.0 ], [ 112.294831492000071, -8.079797627999938, 0.0 ], [ 112.294827922000081, -8.07986544299996, 0.0 ], [ 112.294860045000064, -8.079915410999945, 0.0 ], [ 112.294870753000055, -8.079936826999926, 0.0 ], [ 112.294913583000039, -8.08000821, 0.0 ], [ 112.294945706000021, -8.080033194999942, 0.0 ], [ 112.29511607500001, -8.080098877999944, 0.0 ], [ 112.294961410000042, -8.080439140999943, 0.0 ], [ 112.294889233000049, -8.080677482999931, 0.0 ], [ 112.294889233000049, -8.08078693899995, 0.0 ], [ 112.294939321000015, -8.08095491399996, 0.0 ], [ 112.294936190000044, -8.081013176999932, 0.0 ], [ 112.2949, -8.08116999899994, 0.0 ], [ 112.294815067000059, -8.08184945499994, 0.0 ], [ 112.295017724000104, -8.081871972999977, 0.0 ], [ 112.295003447000113, -8.081948115999978, 0.0 ], [ 112.295003447000113, -8.082048052999937, 0.0 ], [ 112.295012965000069, -8.082171784999957, 0.0 ], [ 112.295055795000053, -8.082219373999976, 0.0 ], [ 112.295103385000061, -8.082238409999945, 0.0 ], [ 112.295131938000054, -8.082290757999942, 0.0 ], [ 112.295174768000038, -8.082433525999932, 0.0 ], [ 112.295189045000029, -8.082476355999972, 0.0 ], [ 112.295227117000081, -8.082514426999978, 0.0 ], [ 112.295288983000091, -8.082566774999975, 0.0 ], [ 112.295355608000023, -8.08262388199995, 0.0 ], [ 112.295393679000085, -8.082700024999951, 0.0 ], [ 112.295441268000104, -8.082785685999966, 0.0 ], [ 112.29545078600006, -8.082899899999973, 0.0 ], [ 112.295479339000053, -8.083023631999936, 0.0 ], [ 112.295498375000079, -8.083166399999925, 0.0 ], [ 112.295474581, -8.083285372999967, 0.0 ], [ 112.295422232000078, -8.083423380999932, 0.0 ], [ 112.295398438, -8.083518559999959, 0.0 ], [ 112.295322295, -8.083670844999972, 0.0 ], [ 112.295293742000013, -8.083770782999977, 0.0 ], [ 112.295279465000021, -8.083880237999949, 0.0 ], [ 112.295227117000081, -8.083961139999928, 0.0 ], [ 112.295098626000026, -8.084122942999954, 0.0 ], [ 112.294922546000066, -8.084175290999951, 0.0 ], [ 112.294809999000108, -8.084229998999945, 0.0 ], [ 112.29463, -8.08473, 0.0 ], [ 112.29416, -8.08551, 0.0 ], [ 112.293852362000052, -8.086108183999954, 0.0 ], [ 112.293583504000026, -8.086051495999925, 0.0 ], [ 112.293357455000091, -8.085914676999948, 0.0 ], [ 112.293184944000018, -8.085878984999965, 0.0 ], [ 112.292964844000039, -8.085837344999959, 0.0 ], [ 112.292738795000105, -8.085801652999976, 0.0 ], [ 112.292774487000088, -8.085730268999953, 0.0 ], [ 112.292179622000049, -8.085605346999955, 0.0 ], [ 112.291953573000114, -8.085575603999928, 0.0 ], [ 112.291840549000085, -8.085575603999928, 0.0 ], [ 112.291691832000083, -8.085593449999976, 0.0 ], [ 112.291549065000027, -8.08555180899998, 0.0 ], [ 112.29143604, -8.085581551999951, 0.0 ], [ 112.291352759, -8.085569654999972, 0.0 ], [ 112.291293273000065, -8.085492322999926, 0.0 ], [ 112.291245683000056, -8.085373349999941, 0.0 ], [ 112.291204043000107, -8.085260324999979, 0.0 ], [ 112.29116835100001, -8.085123505999945, 0.0 ], [ 112.291156454000088, -8.084962892999954, 0.0 ], [ 112.291198094000038, -8.0846654599999, 0.0 ], [ 112.291287324000109, -8.08439182199993, 0.0 ], [ 112.291307070000016, -8.084174614999938, 0.0 ], [ 112.291251632000012, -8.084040850999941, 0.0 ], [ 112.291156454000088, -8.083939723999947, 0.0 ], [ 112.291067224000017, -8.083880237999949, 0.0 ], [ 112.290948251000032, -8.083826699999975, 0.0 ], [ 112.290835226000013, -8.083796956999947, 0.0 ], [ 112.29069245900007, -8.083767212999931, 0.0 ], [ 112.290579434000051, -8.083749366999939, 0.0 ], [ 112.289407550000078, -8.083743418999973, 0.0 ], [ 112.288866222000024, -8.083713675999945, 0.0 ], [ 112.288271357000099, -8.083648239999945, 0.0 ], [ 112.288194025000053, -8.083630393999954, 0.0 ], [ 112.288067120000051, -8.083804491999956, 0.0 ], [ 112.287967183000092, -8.08399722799993, 0.0 ], [ 112.287917214000117, -8.084118580999927, 0.0 ], [ 112.287845830000037, -8.084318454999959, 0.0 ], [ 112.286225417000082, -8.084054334999962, 0.0 ], [ 112.286246832000074, -8.083911566999973, 0.0 ], [ 112.286246832000074, -8.083775937999974, 0.0 ], [ 112.286239694000074, -8.083690277999949, 0.0 ], [ 112.286296801000049, -8.083568924999952, 0.0 ], [ 112.28631107800004, -8.083476125999937, 0.0 ], [ 112.286289663000048, -8.083433295999953, 0.0 ], [ 112.286289663000048, -8.08336191199993, 0.0 ], [ 112.286318216000041, -8.083240558999933, 0.0 ], [ 112.286318216000041, -8.083162036999965, 0.0 ], [ 112.286282524000057, -8.083054960999959, 0.0 ], [ 112.286282524000057, -8.082976438999935, 0.0 ], [ 112.286318216000041, -8.082826532999945, 0.0 ], [ 112.28631107800004, -8.082783702999961, 0.0 ], [ 112.286318216000041, -8.082476751999934, 0.0 ], [ 112.286325355000031, -8.082369676999974, 0.0 ], [ 112.28631107800004, -8.082276877999959, 0.0 ], [ 112.28619686400009, -8.082226908999928, 0.0 ], [ 112.286104065000018, -8.082184078999944, 0.0 ], [ 112.28601126600006, -8.082148386999961, 0.0 ], [ 112.285999350000111, -8.082038756999964, 0.0 ], [ 112.285104868000076, -8.082013594999978, 0.0 ], [ 112.284969062000073, -8.08213411, 0.0 ], [ 112.284833433000017, -8.082269738999969, 0.0 ], [ 112.284790602000044, -8.082398229999967, 0.0 ], [ 112.284762049000051, -8.082469613999933, 0.0 ], [ 112.284676388000094, -8.082555274999947, 0.0 ], [ 112.284555036000029, -8.082626657999981, 0.0 ], [ 112.284469375000072, -8.082755148999979, 0.0 ], [ 112.284462237000071, -8.082869362999929, 0.0 ], [ 112.284519344000046, -8.082997853999927, 0.0 ], [ 112.283505693000052, -8.082748010999978, 0.0 ], [ 112.283448586000077, -8.082705180999938, 0.0 ], [ 112.283470001000069, -8.082562412999948, 0.0 ], [ 112.283398618000092, -8.082369676999974, 0.0 ], [ 112.283248712000045, -8.082269738999969, 0.0 ], [ 112.283170189000089, -8.082255462999967, 0.0 ], [ 112.283084529, -8.082255462999967, 0.0 ], [ 112.282984591000059, -8.082226908999928, 0.0 ], [ 112.282906069000092, -8.082205493999936, 0.0 ], [ 112.282827547000011, -8.082141247999971, 0.0 ], [ 112.28282040900001, -8.082069864999937, 0.0 ], [ 112.282675499000106, -8.082075336999935, 0.0 ], [ 112.282562475000077, -8.082057490999944, 0.0 ], [ 112.282431605000056, -8.082051542999977, 0.0 ], [ 112.282348324000054, -8.082081285999948, 0.0 ], [ 112.28228883700001, -8.082105080999952, 0.0 ], [ 112.282241248000105, -8.082128874999967, 0.0 ], [ 112.282199607000052, -8.082146720999958, 0.0 ], [ 112.282128223000086, -8.082176463999929, 0.0 ], [ 112.282074686000101, -8.082188361999954, 0.0 ], [ 112.282003302000021, -8.08216456699995, 0.0 ], [ 112.281955713000116, -8.082158617999937, 0.0 ], [ 112.28187838000008, -8.082158617999937, 0.0 ], [ 112.281842688000097, -8.082158617999937, 0.0 ], [ 112.281741561000104, -8.082158617999937, 0.0 ], [ 112.281317952000109, -8.082167382999955, 0.0 ], [ 112.281325155000104, -8.082008711999947, 0.0 ], [ 112.281354469, -8.081900805999965, 0.0 ], [ 112.28141494800002, -8.081902507999928, 0.0 ], [ 112.281387021000114, -8.081604203999973, 0.0 ], [ 112.281320396000069, -8.081456676999949, 0.0 ], [ 112.281263289000094, -8.081356739999933, 0.0 ], [ 112.281215700000075, -8.081271079999965, 0.0 ], [ 112.2811585930001, -8.081237766999948, 0.0 ], [ 112.281115763000116, -8.081252043999939, 0.0 ], [ 112.28109672700009, -8.081313909999949, 0.0 ], [ 112.28109672700009, -8.081423364999978, 0.0 ], [ 112.281106245000046, -8.08151378499997, 0.0 ], [ 112.281115763000116, -8.081599444999938, 0.0 ], [ 112.281077691000064, -8.081746971999962, 0.0 ], [ 112.28101498, -8.081891255999949, 0.0 ], [ 112.280958718000079, -8.081980158999954, 0.0 ], [ 112.280925406000051, -8.082032506999951, 0.0 ], [ 112.280892093000034, -8.082094372999961, 0.0 ], [ 112.28087739700004, -8.082142661999967, 0.0 ], [ 112.280824279000058, -8.082240709999951, 0.0 ], [ 112.280813571000067, -8.082297816999926, 0.0 ], [ 112.280813571000067, -8.082369200999949, 0.0 ], [ 112.280824279000058, -8.082451291999973, 0.0 ], [ 112.279699983000114, -8.082472706999965, 0.0 ], [ 112.279685707000112, -8.082394184999941, 0.0 ], [ 112.279570303000014, -8.082390615999941, 0.0 ], [ 112.278999232000047, -8.082372769999949, 0.0 ], [ 112.278968775000067, -8.082369200999949, 0.0 ], [ 112.278951529000096, -8.082098420999955, 0.0 ], [ 112.278948391000085, -8.081707908999931, 0.0 ], [ 112.278865110000083, -8.081642473999977, 0.0 ], [ 112.278817521000065, -8.081559192999975, 0.0 ], [ 112.278781829000081, -8.081469962999961, 0.0 ], [ 112.278769931000056, -8.080940532999932, 0.0 ], [ 112.278769931000056, -8.080595510999956, 0.0 ], [ 112.277342255, -8.080613356999947, 0.0 ], [ 112.277348204000077, -8.081255810999949, 0.0 ], [ 112.276753338000049, -8.081214170999942, 0.0 ], [ 112.276313138000091, -8.081214170999942, 0.0 ], [ 112.276027603000102, -8.081172529999947, 0.0 ], [ 112.275789657000018, -8.0811308899999, 0.0 ], [ 112.275629043000094, -8.081124940999928, 0.0 ], [ 112.27539704600008, -8.081124940999928, 0.0 ], [ 112.275218586000051, -8.081124940999928, 0.0 ], [ 112.274962794000089, -8.081142786999976, 0.0 ], [ 112.274350083000058, -8.081107094999936, 0.0 ], [ 112.273335814, -8.081175974999951, 0.0 ], [ 112.27327337700001, -8.080559818999973, 0.0 ], [ 112.272565487000065, -8.080476537999971, 0.0 ], [ 112.272565487000065, -8.080315923999933, 0.0 ], [ 112.270536996000033, -8.079905466999946, 0.0 ], [ 112.270453715000031, -8.080440845999931, 0.0 ], [ 112.270044694000035, -8.080177671999934, 0.0 ], [ 112.269748213000071, -8.079891302999954, 0.0 ], [ 112.269584030000033, -8.079744966999954, 0.0 ], [ 112.269484093000074, -8.079673582999931, 0.0 ], [ 112.269139458000041, -8.079459031999932, 0.0 ], [ 112.268673589000059, -8.079248650999943, 0.0 ], [ 112.268584359000101, -8.079155851999928, 0.0 ], [ 112.268170333000057, -8.07901665299994, 0.0 ], [ 112.26802042700001, -8.078945268999973, 0.0 ], [ 112.267941905000043, -8.078788224999926, 0.0 ], [ 112.267410095000059, -8.078438443999971, 0.0 ], [ 112.267557416000045, -8.078237306999938, 0.0 ], [ 112.267531983000026, -8.078216995999981, 0.0 ], [ 112.26661311600003, -8.077543032999927, 0.0 ], [ 112.265282857000102, -8.076450404999946, 0.0 ], [ 112.264758801000085, -8.076114083999926, 0.0 ], [ 112.264276345000098, -8.075693735999948, 0.0 ], [ 112.264258499000107, -8.075550967999959, 0.0 ], [ 112.264258499000107, -8.075401061999969, 0.0 ], [ 112.264247791000116, -8.075290416999962, 0.0 ], [ 112.264226376000011, -8.075204756999938, 0.0 ], [ 112.264169269000035, -8.075086972999941, 0.0 ], [ 112.264140716000043, -8.075029865999966, 0.0 ], [ 112.264122870000051, -8.074958481999943, 0.0 ], [ 112.26411216200006, -8.074869252999974, 0.0 ], [ 112.264083609000068, -8.074640823999971, 0.0 ], [ 112.264056264000033, -8.074498825999967, 0.0 ], [ 112.26398129200004, -8.074040010999965, 0.0 ], [ 112.263921805000109, -8.073635501999945, 0.0 ], [ 112.263850421000029, -8.073349966999956, 0.0 ], [ 112.263850421000029, -8.072957355999961, 0.0 ], [ 112.264016984000023, -8.072719409999934, 0.0 ], [ 112.264195443000062, -8.072505257999978, 0.0 ], [ 112.264314416000047, -8.072326798999939, 0.0 ], [ 112.264326314000073, -8.072076954999943, 0.0 ], [ 112.264326314000073, -8.071862803999977, 0.0 ], [ 112.264207341000088, -8.071589165999967, 0.0 ], [ 112.264207341000088, -8.07111327399997, 0.0 ], [ 112.264195443000062, -8.070827737999934, 0.0 ], [ 112.264220736000084, -8.070736049999937, 0.0 ], [ 112.264228399000103, -8.070393604999936, 0.0 ], [ 112.264242676000094, -8.070350774999952, 0.0 ], [ 112.264290265000113, -8.070317462999981, 0.0 ], [ 112.264328336000062, -8.070284149999964, 0.0 ], [ 112.264328336000062, -8.070231801999967, 0.0 ], [ 112.264323577000027, -8.070203248999974, 0.0 ], [ 112.264314059000071, -8.070146141999942, 0.0 ], [ 112.264314504000026, -8.069863204999933, 0.0 ], [ 112.264320000000112, -8.06979999899994, 0.0 ], [ 112.26446, -8.068899998999939, 0.0 ], [ 112.26449, -8.068319997999936, 0.0 ], [ 112.26444, -8.067849998999975, 0.0 ], [ 112.26434, -8.067279998999936, 0.0 ], [ 112.264209999000059, -8.06651, 0.0 ], [ 112.264169999000046, -8.06636999899996, 0.0 ], [ 112.26415, -8.06605, 0.0 ], [ 112.26415, -8.06578, 0.0 ], [ 112.26416, -8.065549997999938, 0.0 ], [ 112.26415, -8.064809998999976, 0.0 ], [ 112.2641, -8.064599998999938, 0.0 ], [ 112.26356, -8.06383, 0.0 ], [ 112.263336224000113, -8.06345990799997, 0.0 ], [ 112.263079038000114, -8.063007177999964, 0.0 ], [ 112.263045516000034, -8.062921078999977, 0.0 ], [ 112.263008917000093, -8.062827077999941, 0.0 ], [ 112.262988097000061, -8.062761642999931, 0.0 ], [ 112.262926231000051, -8.06241384499998, 0.0 ], [ 112.264125033000028, -8.062539559999948, 0.0 ], [ 112.265109535000079, -8.062640686999941, 0.0 ], [ 112.26565086200003, -8.062712070999964, 0.0 ], [ 112.265820399000063, -8.062729916999956, 0.0 ], [ 112.265930449000052, -8.062723967999943, 0.0 ], [ 112.266007782000088, -8.062718019999977, 0.0 ], [ 112.266082140000094, -8.062715044999948, 0.0 ], [ 112.266144601000065, -8.062712070999964, 0.0 ], [ 112.266227882000067, -8.062729916999956, 0.0 ], [ 112.266287368, -8.062747762999948, 0.0 ], [ 112.266337932000056, -8.062780479999958, 0.0 ], [ 112.266397418000111, -8.062801300999979, 0.0 ], [ 112.266442033000089, -8.062813197999958, 0.0 ], [ 112.266516391000096, -8.062825094999937, 0.0 ], [ 112.266575878000026, -8.062825094999937, 0.0 ], [ 112.266662133000068, -8.062825094999937, 0.0 ], [ 112.266751363000026, -8.062822120999954, 0.0 ], [ 112.267129103000116, -8.062762633999967, 0.0 ], [ 112.268422935000103, -8.062747762999948, 0.0 ], [ 112.269770304000076, -8.062718019999977, 0.0 ], [ 112.270139121000057, -8.062756685999943, 0.0 ], [ 112.270353272000079, -8.062786428999971, 0.0 ], [ 112.270531732000109, -8.062884581999981, 0.0 ], [ 112.270945163000079, -8.063193911999974, 0.0 ], [ 112.271067111000093, -8.063253397999972, 0.0 ], [ 112.27120095500004, -8.063280166999959, 0.0 ], [ 112.271715514000107, -8.063253397999972, 0.0 ], [ 112.272762477000015, -8.063292064999928, 0.0 ], [ 112.273104524000019, -8.063324781999938, 0.0 ], [ 112.273146165000071, -8.06334262799993, 0.0 ], [ 112.273149139000111, -8.063425908999932, 0.0 ], [ 112.273137242000075, -8.063473497999951, 0.0 ], [ 112.273110473000088, -8.063559753999925, 0.0 ], [ 112.273104524000019, -8.063613291999957, 0.0 ], [ 112.273107498000059, -8.06368467599998, 0.0 ], [ 112.273140216000115, -8.063738212999965, 0.0 ], [ 112.27318780500002, -8.063773904999948, 0.0 ], [ 112.2732591890001, -8.063800673999935, 0.0 ], [ 112.273375188000045, -8.06382446899994, 0.0 ], [ 112.273622057000011, -8.063842314999931, 0.0 ], [ 112.274909940000043, -8.063779853999961, 0.0 ], [ 112.275162758000079, -8.063729289999969, 0.0 ], [ 112.275912288000086, -8.063669803999971, 0.0 ], [ 112.276849201, -8.063574625999934, 0.0 ], [ 112.277113916000076, -8.063574625999934, 0.0 ], [ 112.277441092000117, -8.063541907999934, 0.0 ], [ 112.277494523000087, -8.063553780999939, 0.0 ], [ 112.277494630000092, -8.06355380499997, 0.0 ], [ 112.277539245000071, -8.063610316999927, 0.0 ], [ 112.277560065000102, -8.063637085999972, 0.0 ], [ 112.277601705000052, -8.063747135999961, 0.0 ], [ 112.277619551000043, -8.063803648999965, 0.0 ], [ 112.277631449000069, -8.063875031999942, 0.0 ], [ 112.277637397000035, -8.063943441999982, 0.0 ], [ 112.277637397000035, -8.063985082999977, 0.0 ], [ 112.277637397000035, -8.064029696999967, 0.0 ], [ 112.27764929500006, -8.06409810699995, 0.0 ], [ 112.277725755, -8.064287392999972, 0.0 ], [ 112.277754308000112, -8.064439678999975, 0.0 ], [ 112.277792380000051, -8.064520579999964, 0.0 ], [ 112.277863763000028, -8.064691900999946, 0.0 ], [ 112.277887558000089, -8.064710936999973, 0.0 ], [ 112.27796370100009, -8.064806115999943, 0.0 ], [ 112.278020808000065, -8.06482515099998, 0.0 ], [ 112.27813978100005, -8.06482515099998, 0.0 ], [ 112.278277790000061, -8.064815632999967, 0.0 ], [ 112.278339656000071, -8.06482515099998, 0.0 ], [ 112.278363450000029, -8.064853704999962, 0.0 ], [ 112.27837772700002, -8.064872739999942, 0.0 ], [ 112.278425316000039, -8.064910811999937, 0.0 ], [ 112.278482423000014, -8.064915570999972, 0.0 ], [ 112.278591878000043, -8.064915570999972, 0.0 ], [ 112.278620432000025, -8.064934605999952, 0.0 ], [ 112.278639468000051, -8.064963159999934, 0.0 ], [ 112.278677539000114, -8.064972677999947, 0.0 ], [ 112.278929762000075, -8.064958400999956, 0.0 ], [ 112.278958315000068, -8.064953641999978, 0.0 ], [ 112.279105842000035, -8.064996471999962, 0.0 ], [ 112.279153431000054, -8.065072614999963, 0.0 ], [ 112.279177226000115, -8.065129721999938, 0.0 ], [ 112.279229574000055, -8.065155895999965, 0.0 ], [ 112.279377101000023, -8.065179690999969, 0.0 ], [ 112.279714984000066, -8.065184449999947, 0.0 ], [ 112.279729261000057, -8.065236797999944, 0.0 ], [ 112.279719743000101, -8.065312940999945, 0.0 ], [ 112.279710225000031, -8.06543191399993, 0.0 ], [ 112.279705466000109, -8.065531850999946, 0.0 ], [ 112.279705466000109, -8.065622270999938, 0.0 ], [ 112.279729261000057, -8.065722207999954, 0.0 ], [ 112.279729261000057, -8.066007742999943, 0.0 ], [ 112.279753055000015, -8.066050573999973, 0.0 ], [ 112.279843475, -8.06606009199993, 0.0 ], [ 112.279914859000087, -8.06606009199993, 0.0 ], [ 112.280014796000046, -8.06606009199993, 0.0 ], [ 112.280228948000058, -8.066112439999927, 0.0 ], [ 112.280276537000077, -8.066140992999976, 0.0 ], [ 112.280324126000096, -8.06618382299996, 0.0 ], [ 112.280371715000115, -8.06624568899997, 0.0 ], [ 112.280400269000097, -8.066269483999974, 0.0 ], [ 112.280504965000091, -8.066321831999971, 0.0 ], [ 112.280538278000108, -8.066350385999954, 0.0 ], [ 112.280566831000101, -8.066417010999942, 0.0 ], [ 112.280600143000015, -8.06648363599993, 0.0 ], [ 112.280628697000111, -8.066497911999932, 0.0 ], [ 112.280714358000068, -8.066526465999971, 0.0 ], [ 112.280753262000076, -8.066610301999958, 0.0 ], [ 112.280818697000086, -8.066643019999958, 0.0 ], [ 112.280857363000109, -8.066654916999937, 0.0 ], [ 112.280910901000084, -8.066690608999977, 0.0 ], [ 112.280934696000031, -8.066720351999948, 0.0 ], [ 112.280937670000071, -8.066756043999931, 0.0 ], [ 112.280857363000109, -8.066818504999958, 0.0 ], [ 112.280827620000082, -8.066860145999954, 0.0 ], [ 112.28080977400009, -8.066919631999951, 0.0 ], [ 112.28080680000005, -8.066973169999926, 0.0 ], [ 112.280824646000042, -8.067041579999966, 0.0 ], [ 112.280830594, -8.067098091999981, 0.0 ], [ 112.280824646000042, -8.067169475999947, 0.0 ], [ 112.280791928000099, -8.067258704999972, 0.0 ], [ 112.280777056000034, -8.067330088999938, 0.0 ], [ 112.280759210000042, -8.067392549999965, 0.0 ], [ 112.280725189, -8.06746272, 0.0 ] ] ] ] } },
{ "type": "Feature", "properties": { "OBJECTID": 116212.0, "KDPPUM": "35", "NAMOBJ": "Jajar", "REMARK": null, "KDPBPS": null, "FCODE": "BA03070040", "LUASWH": 1.59624769, "UUPP": "Hasil Delineasi Batas Desa 2019", "SRS_ID": "SRGI 2013", "METADATA": "TASWIL1000020200326DATA_BATAS_DESA_KELURAHAN", "KDEBPS": null, "KDEPUM": "35.05.14.2012", "KDCBPS": null, "KDCPUM": "35.05.14", "KDBBPS": null, "WADMKD": "Jajar", "WIADKD": null, "WADMKC": "Talun", "WIADKC": null, "WADMKK": "Blitar", "WIADKK": null, "WADMPR": "Jawa Timur", "WIADPR": null, "TIPADM": 1.0, "KDPKAB": "35.05", "SHAPE_Leng": 0.062792609121219006, "SHAPE_Area": 0.00013098232687099999 }, "geometry": { "type": "MultiPolygon", "coordinates": [ [ [ [ 112.29346, -8.064709998999945, 0.0 ], [ 112.293495653000036, -8.064653531999966, 0.0 ], [ 112.293579076000015, -8.064521408999951, 0.0 ], [ 112.293677556000034, -8.064365438999971, 0.0 ], [ 112.293832221000116, -8.063841957999955, 0.0 ], [ 112.293832221000116, -8.063592114999949, 0.0 ], [ 112.293839752000054, -8.063554458999931, 0.0 ], [ 112.293891708000046, -8.063294681999935, 0.0 ], [ 112.293971936000048, -8.063100799999972, 0.0 ], [ 112.294020393000096, -8.062983694999957, 0.0 ], [ 112.294050897000034, -8.06288346499997, 0.0 ], [ 112.294078185000103, -8.062862239999959, 0.0 ], [ 112.294157974000086, -8.062800183999968, 0.0 ], [ 112.294306690000099, -8.062675261999971, 0.0 ], [ 112.294330485000046, -8.062461110999948, 0.0 ], [ 112.294306690000099, -8.062306444999933, 0.0 ], [ 112.294294792000073, -8.062169626999946, 0.0 ], [ 112.29432453600009, -8.06190193599997, 0.0 ], [ 112.294313761000012, -8.061864740999965, 0.0 ], [ 112.294320011000082, -8.061843210999939, 0.0 ], [ 112.294403292000084, -8.061533880999946, 0.0 ], [ 112.294391394000058, -8.061248344999967, 0.0 ], [ 112.294344787000114, -8.061092986999938, 0.0 ], [ 112.294456596000032, -8.06108816099993, 0.0 ], [ 112.294474442000023, -8.060868060999951, 0.0 ], [ 112.294438749000051, -8.060636062999947, 0.0 ], [ 112.2941851060001, -8.060593789999928, 0.0 ], [ 112.294153448000088, -8.06049881499996, 0.0 ], [ 112.294117756000105, -8.060272765999969, 0.0 ], [ 112.294105917000024, -8.060233696999944, 0.0 ], [ 112.294165112000087, -8.059464177999928, 0.0 ], [ 112.294510133000017, -8.05942848799998, 0.0 ], [ 112.294533928000078, -8.059142950999956, 0.0 ], [ 112.294515703000116, -8.058964353999954, 0.0 ], [ 112.294504184000061, -8.058851467999943, 0.0 ], [ 112.294545826000103, -8.058322037999972, 0.0 ], [ 112.294550384000104, -8.057929967999939, 0.0 ], [ 112.29455177400007, -8.057810453999934, 0.0 ], [ 112.294295981, -8.057637941999928, 0.0 ], [ 112.294105624000053, -8.057477329999926, 0.0 ], [ 112.293977955000059, -8.057305634999977, 0.0 ], [ 112.293955953000022, -8.057227055999931, 0.0 ], [ 112.293920261000039, -8.057112841999981, 0.0 ], [ 112.293881801000111, -8.057044465999979, 0.0 ], [ 112.293856016000063, -8.056998627999974, 0.0 ], [ 112.293856016000063, -8.056898690999958, 0.0 ], [ 112.293984507, -8.056805891999943, 0.0 ], [ 112.294111808000025, -8.056679779999968, 0.0 ], [ 112.294162371000084, -8.056644087999928, 0.0 ], [ 112.294227807000084, -8.056608395999945, 0.0 ], [ 112.294254575000082, -8.056569729999978, 0.0 ], [ 112.294254575000082, -8.056537012999968, 0.0 ], [ 112.294251601000042, -8.056471576999968, 0.0 ], [ 112.294281344000069, -8.056394244999979, 0.0 ], [ 112.294334882000044, -8.056269322999981, 0.0 ], [ 112.29434380500004, -8.056221733999962, 0.0 ], [ 112.294352649000075, -8.056177513999955, 0.0 ], [ 112.294385211000076, -8.056180521999977, 0.0 ], [ 112.296287951000068, -8.056304507999926, 0.0 ], [ 112.296289143000081, -8.056337890999941, 0.0 ], [ 112.296289143000081, -8.056453463999958, 0.0 ], [ 112.296289143000081, -8.056844716999933, 0.0 ], [ 112.296303420000072, -8.05710169799994, 0.0 ], [ 112.296381942000039, -8.057265880999978, 0.0 ], [ 112.296481880000101, -8.057515724999973, 0.0 ], [ 112.296510433000094, -8.057694183999956, 0.0 ], [ 112.296546125000077, -8.057879781999929, 0.0 ], [ 112.296553264000067, -8.057979719999935, 0.0 ], [ 112.296553264000067, -8.058129625999925, 0.0 ], [ 112.296546125000077, -8.058322361999956, 0.0 ], [ 112.296596094000051, -8.058465129999945, 0.0 ], [ 112.296646588000044, -8.058707795999965, 0.0 ], [ 112.296660339000027, -8.05889343299998, 0.0 ], [ 112.296660339000027, -8.058986231999938, 0.0 ], [ 112.29676741500009, -8.059114721999947, 0.0 ], [ 112.296817384000065, -8.059236074999944, 0.0 ], [ 112.29687449100004, -8.059714346999954, 0.0 ], [ 112.296860214000048, -8.059957051999959, 0.0 ], [ 112.296824522000065, -8.060171202999982, 0.0 ], [ 112.296788830000082, -8.060471014999962, 0.0 ], [ 112.296990192000067, -8.060954541999934, 0.0 ], [ 112.297580298000071, -8.061068755999941, 0.0 ], [ 112.297580298000071, -8.061173451999935, 0.0 ], [ 112.298460699000088, -8.061174403999928, 0.0 ], [ 112.298460699000088, -8.061341567999932, 0.0 ], [ 112.298460699000088, -8.061360001999958, 0.0 ], [ 112.298517806000064, -8.061816857999929, 0.0 ], [ 112.298446422000097, -8.062530695999953, 0.0 ], [ 112.298346485000025, -8.062801954999941, 0.0 ], [ 112.298175164000099, -8.062916168999948, 0.0 ], [ 112.298131092000062, -8.062971258999937, 0.0 ], [ 112.298060950000036, -8.063058936999937, 0.0 ], [ 112.298032396000053, -8.063344471999926, 0.0 ], [ 112.298046673000044, -8.063672837999945, 0.0 ], [ 112.29858919000003, -8.065271835999965, 0.0 ], [ 112.299831269000038, -8.06551454099997, 0.0 ], [ 112.299831269000038, -8.066613851999932, 0.0 ], [ 112.300337902000024, -8.066600860999927, 0.0 ], [ 112.300292660000082, -8.067638191999947, 0.0 ], [ 112.300330955000049, -8.06769888599996, 0.0 ], [ 112.300557041000047, -8.067868448999945, 0.0 ], [ 112.300616491000028, -8.067913036999926, 0.0 ], [ 112.300787812000067, -8.067870206999942, 0.0 ], [ 112.300902026000017, -8.067798822999976, 0.0 ], [ 112.301044794000063, -8.067713162999951, 0.0 ], [ 112.301196468000057, -8.067618366999966, 0.0 ], [ 112.301244387000111, -8.067588416999968, 0.0 ], [ 112.301366036000104, -8.067570394999962, 0.0 ], [ 112.301484850000065, -8.067552792999948, 0.0 ], [ 112.301627619000101, -8.067552792999948, 0.0 ], [ 112.301936949000037, -8.067528997999943, 0.0 ], [ 112.302174895, -8.067469511999946, 0.0 ], [ 112.302215851000028, -8.067439476999937, 0.0 ], [ 112.302219999000044, -8.06751, 0.0 ], [ 112.302219999000044, -8.06771, 0.0 ], [ 112.302078410000036, -8.067882561999966, 0.0 ], [ 112.30158, -8.06849, 0.0 ], [ 112.30123, -8.06905, 0.0 ], [ 112.301, -8.0694, 0.0 ], [ 112.300840000000107, -8.06959, 0.0 ], [ 112.30071, -8.06992, 0.0 ], [ 112.300679999000067, -8.07011, 0.0 ], [ 112.30082, -8.07039, 0.0 ], [ 112.30096, -8.07072, 0.0 ], [ 112.30104, -8.071439998999949, 0.0 ], [ 112.30108, -8.07182, 0.0 ], [ 112.301069999000106, -8.07225, 0.0 ], [ 112.30096, -8.07287, 0.0 ], [ 112.3008, -8.07392, 0.0 ], [ 112.30074, -8.074129998999979, 0.0 ], [ 112.300570000000107, -8.07442, 0.0 ], [ 112.300480000000107, -8.0747, 0.0 ], [ 112.30046, -8.07502, 0.0 ], [ 112.30047, -8.07522, 0.0 ], [ 112.30043, -8.075379998999949, 0.0 ], [ 112.30038, -8.0756, 0.0 ], [ 112.30028, -8.07599, 0.0 ], [ 112.30026, -8.07635, 0.0 ], [ 112.30026, -8.07665, 0.0 ], [ 112.30015, -8.077, 0.0 ], [ 112.299819999000078, -8.07783, 0.0 ], [ 112.29968, -8.07826, 0.0 ], [ 112.2995, -8.07818, 0.0 ], [ 112.2992, -8.078089998999928, 0.0 ], [ 112.29897, -8.07802, 0.0 ], [ 112.29888, -8.077969998999947, 0.0 ], [ 112.298500000000104, -8.077719998999953, 0.0 ], [ 112.298050000000103, -8.0774, 0.0 ], [ 112.29798, -8.077329998999971, 0.0 ], [ 112.2975599990001, -8.07695, 0.0 ], [ 112.29731, -8.0767, 0.0 ], [ 112.297089999000036, -8.07664, 0.0 ], [ 112.29667, -8.0765, 0.0 ], [ 112.2964, -8.07642999899997, 0.0 ], [ 112.29632, -8.0764, 0.0 ], [ 112.29619, -8.07635, 0.0 ], [ 112.29603, -8.07702, 0.0 ], [ 112.295959999000047, -8.07742, 0.0 ], [ 112.29599, -8.07827, 0.0 ], [ 112.29599, -8.078499998999973, 0.0 ], [ 112.295939999000097, -8.07872, 0.0 ], [ 112.29591, -8.07884, 0.0 ], [ 112.29563, -8.079219998999974, 0.0 ], [ 112.295553898000094, -8.079315953999981, 0.0 ], [ 112.29530167300004, -8.079622985999947, 0.0 ], [ 112.29511607500001, -8.080098877999944, 0.0 ], [ 112.294945706000021, -8.080033194999942, 0.0 ], [ 112.294913583000039, -8.08000821, 0.0 ], [ 112.294870753000055, -8.079936826999926, 0.0 ], [ 112.294860045000064, -8.079915410999945, 0.0 ], [ 112.294827922000081, -8.07986544299996, 0.0 ], [ 112.294831492000071, -8.079797627999938, 0.0 ], [ 112.293978455000115, -8.079587045999972, 0.0 ], [ 112.293932055000028, -8.079819042999929, 0.0 ], [ 112.293874948000052, -8.079819042999929, 0.0 ], [ 112.292946958000016, -8.079644152999947, 0.0 ], [ 112.292850590000057, -8.07952993899994, 0.0 ], [ 112.292764930000089, -8.079479969999966, 0.0 ], [ 112.292008261000092, -8.07937646299996, 0.0 ], [ 112.291936877000012, -8.079615598999965, 0.0 ], [ 112.290891104000025, -8.079547784999932, 0.0 ], [ 112.290938693000044, -8.07929199299997, 0.0 ], [ 112.290943452000079, -8.078876776999948, 0.0 ], [ 112.29096129800007, -8.078783977999933, 0.0 ], [ 112.290993421000053, -8.078709024999966, 0.0 ], [ 112.291046959000028, -8.07860194899996, 0.0 ], [ 112.291100497000116, -8.078509149999945, 0.0 ], [ 112.291168311000092, -8.078430627999978, 0.0 ], [ 112.291207572000076, -8.078366381999956, 0.0 ], [ 112.291214711000066, -8.078319982999972, 0.0 ], [ 112.291228988000057, -8.078212906999966, 0.0 ], [ 112.29127, -8.078089998999928, 0.0 ], [ 112.291297212000018, -8.078028153999981, 0.0 ], [ 112.291204106, -8.07786650099996, 0.0 ], [ 112.291134650000117, -8.077773424999975, 0.0 ], [ 112.291106096000021, -8.077739159999965, 0.0 ], [ 112.291075639000042, -8.077716316999954, 0.0 ], [ 112.291041375000077, -8.077699184999972, 0.0 ], [ 112.291026146000036, -8.077699184999972, 0.0 ], [ 112.290993786000058, -8.077701088999959, 0.0 ], [ 112.290963329000078, -8.077708702999928, 0.0 ], [ 112.290827041000057, -8.077709818999949, 0.0 ], [ 112.290763454000057, -8.077716316999954, 0.0 ], [ 112.290713961000051, -8.077704895999943, 0.0 ], [ 112.290673986000115, -8.077674438999964, 0.0 ], [ 112.290633036000031, -8.077619036999977, 0.0 ], [ 112.2905664110001, -8.077466751999964, 0.0 ], [ 112.290568568000026, -8.07743439199993, 0.0 ], [ 112.290611502000047, -8.077343217999953, 0.0 ], [ 112.290611502000047, -8.077327988999969, 0.0 ], [ 112.290601984000091, -8.077312760999973, 0.0 ], [ 112.290537857000118, -8.077295429999936, 0.0 ], [ 112.290138619000118, -8.077232254999956, 0.0 ], [ 112.289795465000111, -8.077171698999962, 0.0 ], [ 112.289976304000106, -8.076296056999979, 0.0 ], [ 112.289988797000092, -8.076262347999943, 0.0 ], [ 112.289576555000053, -8.076219913999978, 0.0 ], [ 112.289567061000071, -8.076158721999946, 0.0 ], [ 112.289555164000035, -8.076144445999944, 0.0 ], [ 112.289550405000114, -8.076118270999928, 0.0 ], [ 112.289548025000045, -8.076087337999979, 0.0 ], [ 112.289548025000045, -8.076049266999973, 0.0 ], [ 112.289545646000079, -8.076015954999946, 0.0 ], [ 112.289545646000079, -8.075963606999949, 0.0 ], [ 112.28955278400008, -8.075930293999932, 0.0 ], [ 112.289576579000027, -8.07588270499997, 0.0 ], [ 112.289593235000098, -8.075856530999943, 0.0 ], [ 112.289626548000115, -8.075818458999947, 0.0 ], [ 112.289659860000029, -8.075794664999933, 0.0 ], [ 112.289686034000056, -8.075728039999944, 0.0 ], [ 112.289697931000092, -8.075656655999978, 0.0 ], [ 112.289705070000082, -8.075611445999925, 0.0 ], [ 112.289714588000038, -8.075566236999975, 0.0 ], [ 112.289740762000065, -8.075504370999965, 0.0 ], [ 112.289774074000093, -8.075447262999944, 0.0 ], [ 112.289802628000075, -8.075387776999946, 0.0 ], [ 112.289885909000077, -8.075037995999935, 0.0 ], [ 112.289933498000096, -8.074947576999932, 0.0 ], [ 112.289938257000017, -8.074890469999957, 0.0 ], [ 112.289943016000052, -8.074847638999927, 0.0 ], [ 112.289952534, -8.074792911999964, 0.0 ], [ 112.289959672, -8.074745321999956, 0.0 ], [ 112.289978708000035, -8.074704871999927, 0.0 ], [ 112.289985846000036, -8.074676317999945, 0.0 ], [ 112.289992985000026, -8.074640625999962, 0.0 ], [ 112.290007261000028, -8.074564482999961, 0.0 ], [ 112.289997743000072, -8.074512134999964, 0.0 ], [ 112.290000123000027, -8.074445509999975, 0.0 ], [ 112.290021538000019, -8.074405059999947, 0.0 ], [ 112.290069127000038, -8.074376505999965, 0.0 ], [ 112.290114337000091, -8.074336054999947, 0.0 ], [ 112.290119096000012, -8.07428370699995, 0.0 ], [ 112.290126234000013, -8.074214702999939, 0.0 ], [ 112.290135752000083, -8.074155215999951, 0.0 ], [ 112.290163116000031, -8.073982704999935, 0.0 ], [ 112.290389165000079, -8.074030293999954, 0.0 ], [ 112.290418908000106, -8.073875628999929, 0.0 ], [ 112.290692546000059, -8.073964858999943, 0.0 ], [ 112.290704443000095, -8.073810193999975, 0.0 ], [ 112.290960235000057, -8.073893474999977, 0.0 ], [ 112.290984030000118, -8.073697169999946, 0.0 ], [ 112.291257668000071, -8.073744758999965, 0.0 ], [ 112.291459922000058, -8.073155842999938, 0.0 ], [ 112.291572947000077, -8.072638309999945, 0.0 ], [ 112.291572947000077, -8.072564458999977, 0.0 ], [ 112.291572947000077, -8.072501490999969, 0.0 ], [ 112.291572947000077, -8.072400363999975, 0.0 ], [ 112.291584362000094, -8.072301442999958, 0.0 ], [ 112.291572023000072, -8.072243860999947, 0.0 ], [ 112.291500638000116, -8.07176796899995, 0.0 ], [ 112.291410940000105, -8.071229784999957, 0.0 ], [ 112.291405459000089, -8.071196897999926, 0.0 ], [ 112.291391840000074, -8.071165573999963, 0.0 ], [ 112.291317155000115, -8.070901302999971, 0.0 ], [ 112.291293360000054, -8.070823970999982, 0.0 ], [ 112.291257668000071, -8.070693099999971, 0.0 ], [ 112.291227925000044, -8.070591972999978, 0.0 ], [ 112.291192233000061, -8.070514640999932, 0.0 ], [ 112.291168438000113, -8.070461102999957, 0.0 ], [ 112.291127984000013, -8.070385970999951, 0.0 ], [ 112.291143720000036, -8.070149934999961, 0.0 ], [ 112.291147711, -8.070129979999933, 0.0 ], [ 112.291183310000065, -8.070060559999945, 0.0 ], [ 112.291248745000075, -8.069852356999945, 0.0 ], [ 112.291287411000098, -8.069724460999964, 0.0 ], [ 112.291293360000054, -8.069685794999941, 0.0 ], [ 112.291284437000058, -8.069632256999967, 0.0 ], [ 112.291260642000111, -8.069599539999956, 0.0 ], [ 112.291257668000071, -8.069563847999973, 0.0 ], [ 112.291290386000014, -8.069531129999973, 0.0 ], [ 112.291323103000082, -8.069474617999958, 0.0 ], [ 112.291329052000037, -8.069438925999975, 0.0 ], [ 112.291335001000107, -8.06939431099994, 0.0 ], [ 112.291335001000107, -8.069358618999956, 0.0 ], [ 112.291326078000111, -8.069302106999942, 0.0 ], [ 112.291326078000111, -8.06925627499993, 0.0 ], [ 112.29236000100002, -8.069039998999926, 0.0 ], [ 112.292300001000058, -8.06892, 0.0 ], [ 112.292300001000058, -8.06879, 0.0 ], [ 112.292389999000079, -8.06853, 0.0 ], [ 112.292449999000041, -8.068250000999967, 0.0 ], [ 112.292400001000033, -8.068090000999973, 0.0 ], [ 112.292280001000108, -8.06771, 0.0 ], [ 112.29225, -8.067370000999972, 0.0 ], [ 112.29227, -8.066940000999978, 0.0 ], [ 112.29236000100002, -8.066420000999926, 0.0 ], [ 112.292404943000065, -8.066288919999977, 0.0 ], [ 112.292480001000058, -8.06607, 0.0 ], [ 112.29263000100002, -8.06595, 0.0 ], [ 112.292780000000107, -8.06579, 0.0 ], [ 112.292780000000107, -8.06571, 0.0 ], [ 112.29268, -8.065549998999927, 0.0 ], [ 112.29259868500003, -8.065413046999936, 0.0 ], [ 112.29249, -8.06523, 0.0 ], [ 112.292461080000066, -8.064994885999965, 0.0 ], [ 112.292494393000084, -8.064880671999958, 0.0 ], [ 112.292561018000015, -8.064804528999957, 0.0 ], [ 112.292756134000115, -8.06475218099996, 0.0 ], [ 112.292847886000118, -8.064730449999956, 0.0 ], [ 112.29293697300011, -8.064709350999976, 0.0 ], [ 112.293170160000045, -8.064661761999957, 0.0 ], [ 112.293312927000102, -8.064657002999979, 0.0 ], [ 112.293417230000045, -8.064735660999929, 0.0 ], [ 112.293434577000085, -8.064725252999949, 0.0 ], [ 112.293453613000111, -8.064713830999949, 0.0 ], [ 112.29346, -8.064709998999945, 0.0 ] ] ] ] } },
{ "type": "Feature", "properties": { "OBJECTID": 116200.0, "KDPPUM": "35", "NAMOBJ": "Jabung", "REMARK": null, "KDPBPS": null, "FCODE": "BA03070040", "LUASWH": 2.85462525, "UUPP": "Hasil Delineasi Batas Desa 2019", "SRS_ID": "SRGI 2013", "METADATA": "TASWIL1000020200326DATA_BATAS_DESA_KELURAHAN", "KDEBPS": null, "KDEPUM": "35.05.14.2005", "KDCBPS": null, "KDCPUM": "35.05.14", "KDBBPS": null, "WADMKD": "Jabung", "WIADKD": null, "WADMKC": "Talun", "WIADKC": null, "WADMKK": "Blitar", "WIADKK": null, "WADMPR": "Jawa Timur", "WIADPR": null, "TIPADM": 1.0, "KDPKAB": "35.05", "SHAPE_Leng": 0.076839626049199, "SHAPE_Area": 0.000234282916356 }, "geometry": { "type": "MultiPolygon", "coordinates": [ [ [ [ 112.2653, -8.145389998999974, 0.0 ], [ 112.265220000000113, -8.145679998999981, 0.0 ], [ 112.265131694000047, -8.146096364999948, 0.0 ], [ 112.264735083, -8.146009159999949, 0.0 ], [ 112.257481744000074, -8.144414345999962, 0.0 ], [ 112.257189712000013, -8.144350135999957, 0.0 ], [ 112.256973494000022, -8.144246232999933, 0.0 ], [ 112.251858800000036, -8.141788366999947, 0.0 ], [ 112.251822218000029, -8.141784335999944, 0.0 ], [ 112.249972398000068, -8.141580544999954, 0.0 ], [ 112.250000000000114, -8.14133, 0.0 ], [ 112.25012, -8.14087, 0.0 ], [ 112.250180000000114, -8.14047, 0.0 ], [ 112.250183514000014, -8.140390929999967, 0.0 ], [ 112.2502, -8.14002, 0.0 ], [ 112.25026, -8.13968, 0.0 ], [ 112.2504, -8.13931, 0.0 ], [ 112.250539999000011, -8.139, 0.0 ], [ 112.25065, -8.13855, 0.0 ], [ 112.25071, -8.13793, 0.0 ], [ 112.25074, -8.13748, 0.0 ], [ 112.250656541000012, -8.137025610999956, 0.0 ], [ 112.25065, -8.13699, 0.0 ], [ 112.250559999000075, -8.13683, 0.0 ], [ 112.25037, -8.136709998999947, 0.0 ], [ 112.25035, -8.13661, 0.0 ], [ 112.250360000000114, -8.13624, 0.0 ], [ 112.25042, -8.13611, 0.0 ], [ 112.250590000000102, -8.135889998999971, 0.0 ], [ 112.25065, -8.13574, 0.0 ], [ 112.25088, -8.1347, 0.0 ], [ 112.25075, -8.13384, 0.0 ], [ 112.250579999000024, -8.133159998999929, 0.0 ], [ 112.25044, -8.133, 0.0 ], [ 112.250410000000102, -8.132869998999979, 0.0 ], [ 112.25044, -8.13266, 0.0 ], [ 112.250579999000024, -8.13222, 0.0 ], [ 112.250720000000115, -8.132, 0.0 ], [ 112.250949999000113, -8.13176, 0.0 ], [ 112.251170000000116, -8.13167, 0.0 ], [ 112.251383052000051, -8.131579452999972, 0.0 ], [ 112.25157, -8.1315, 0.0 ], [ 112.251749999000026, -8.13132, 0.0 ], [ 112.2522, -8.13064, 0.0 ], [ 112.252300000000105, -8.1302, 0.0 ], [ 112.252549999000053, -8.12948, 0.0 ], [ 112.25273, -8.129299998999954, 0.0 ], [ 112.252939999000091, -8.12906, 0.0 ], [ 112.25298, -8.1289, 0.0 ], [ 112.25297, -8.12872, 0.0 ], [ 112.25291, -8.1284, 0.0 ], [ 112.252819999000053, -8.12783, 0.0 ], [ 112.252859999000066, -8.1274, 0.0 ], [ 112.25296, -8.12722, 0.0 ], [ 112.25328, -8.12718, 0.0 ], [ 112.25353, -8.12711, 0.0 ], [ 112.253720481000073, -8.127032899999961, 0.0 ], [ 112.254241680000064, -8.127169748999961, 0.0 ], [ 112.25447714500001, -8.127102413999978, 0.0 ], [ 112.25515, -8.12691, 0.0 ], [ 112.255503984000029, -8.127100704999975, 0.0 ], [ 112.255356069000072, -8.127707346999955, 0.0 ], [ 112.25543, -8.12775, 0.0 ], [ 112.25571, -8.12788, 0.0 ], [ 112.25595, -8.12797, 0.0 ], [ 112.25675999900011, -8.12824, 0.0 ], [ 112.25709, -8.12838, 0.0 ], [ 112.25787, -8.12871, 0.0 ], [ 112.2587, -8.12903, 0.0 ], [ 112.25989, -8.12956, 0.0 ], [ 112.260998440000094, -8.129927535999968, 0.0 ], [ 112.261393710000107, -8.130164696999941, 0.0 ], [ 112.261522201000048, -8.130300326999929, 0.0 ], [ 112.261800598000036, -8.130057621999981, 0.0 ], [ 112.262071857000024, -8.130286049999938, 0.0 ], [ 112.262157517000105, -8.130164696999941, 0.0 ], [ 112.262243563000084, -8.130214739999928, 0.0 ], [ 112.262339999, -8.13022, 0.0 ], [ 112.26247, -8.13025, 0.0 ], [ 112.262700000000109, -8.13031, 0.0 ], [ 112.263019999000107, -8.13038, 0.0 ], [ 112.263409999000032, -8.130469998999956, 0.0 ], [ 112.263600924000116, -8.130525428999931, 0.0 ], [ 112.26372, -8.13056, 0.0 ], [ 112.26393, -8.13063, 0.0 ], [ 112.264494605000095, -8.130668746999959, 0.0 ], [ 112.264803592000021, -8.13035354699997, 0.0 ], [ 112.265039158000036, -8.130096564999974, 0.0 ], [ 112.265231894000067, -8.129668261999939, 0.0 ], [ 112.265496015000053, -8.129404141999942, 0.0 ], [ 112.265781550000042, -8.129125744999953, 0.0 ], [ 112.266017117000047, -8.128868762999957, 0.0 ], [ 112.266402589000108, -8.128583227999968, 0.0 ], [ 112.266573911000023, -8.128390490999948, 0.0 ], [ 112.266695263000088, -8.128319107999971, 0.0 ], [ 112.26683803100002, -8.128090678999968, 0.0 ], [ 112.266980798000077, -8.12767665299998, 0.0 ], [ 112.267045044000042, -8.127126997999937, 0.0 ], [ 112.267002213000069, -8.126805769999976, 0.0 ], [ 112.267009352000059, -8.126420297999971, 0.0 ], [ 112.266995075000068, -8.125942025999962, 0.0 ], [ 112.267052182000043, -8.125585106999949, 0.0 ], [ 112.267302026000038, -8.12514252699998, 0.0 ], [ 112.267351994000023, -8.124971205999941, 0.0 ], [ 112.26731630200004, -8.12480702299996, 0.0 ], [ 112.267437655000094, -8.124792745999969, 0.0 ], [ 112.267594699000028, -8.124757053999929, 0.0 ], [ 112.267787436000049, -8.124600009999938, 0.0 ], [ 112.268122940000012, -8.124649978999969, 0.0 ], [ 112.268087248000029, -8.12480702299996, 0.0 ], [ 112.267844543000024, -8.124978343999942, 0.0 ], [ 112.267637530000115, -8.12511397399993, 0.0 ], [ 112.267523315000062, -8.12544233899996, 0.0 ], [ 112.267351994000023, -8.125820672999964, 0.0 ], [ 112.267259195000065, -8.126091931999952, 0.0 ], [ 112.267266334000055, -8.126327498999956, 0.0 ], [ 112.267328200000065, -8.127209683999979, 0.0 ], [ 112.26731630200004, -8.127495218999968, 0.0 ], [ 112.267304405, -8.127721267999959, 0.0 ], [ 112.267173535000097, -8.12823285199994, 0.0 ], [ 112.267125945000089, -8.128423208999948, 0.0 ], [ 112.267244919000063, -8.128613565999956, 0.0 ], [ 112.267423378000103, -8.128673051999954, 0.0 ], [ 112.267459070000086, -8.12878012799996, 0.0 ], [ 112.267387686, -8.128982381999947, 0.0 ], [ 112.267268713000021, -8.129184635999934, 0.0 ], [ 112.267256816000099, -8.129374992999942, 0.0 ], [ 112.267173535000097, -8.129743809999979, 0.0 ], [ 112.267102151000017, -8.130029344999969, 0.0 ], [ 112.267042664000087, -8.130338674999962, 0.0 ], [ 112.266983178000032, -8.130695593999974, 0.0 ], [ 112.266923691000102, -8.131195280999975, 0.0 ], [ 112.266833546000043, -8.131659338999953, 0.0 ], [ 112.267340000000104, -8.13195, 0.0 ], [ 112.2673959440001, -8.131971667999949, 0.0 ], [ 112.26767403100007, -8.132213356999955, 0.0 ], [ 112.267916736000075, -8.132356124999944, 0.0 ], [ 112.26796670400006, -8.132584552999958, 0.0 ], [ 112.26797384300005, -8.13260596799995, 0.0 ], [ 112.26815230200009, -8.132763012999931, 0.0 ], [ 112.268466391000061, -8.132827257999963, 0.0 ], [ 112.2686377120001, -8.132884364999938, 0.0 ], [ 112.268830449, -8.133105654999952, 0.0 ], [ 112.268837587, -8.133369774999949, 0.0 ], [ 112.268973216000063, -8.133448296999973, 0.0 ], [ 112.269194506000076, -8.133562511999969, 0.0 ], [ 112.269287305000034, -8.133598203999952, 0.0 ], [ 112.269515733000048, -8.133676725999976, 0.0 ], [ 112.269737023000062, -8.133776662999935, 0.0 ], [ 112.269786992000036, -8.133940845999973, 0.0 ], [ 112.269737023000062, -8.134069336999971, 0.0 ], [ 112.270604693000109, -8.134366094999962, 0.0 ], [ 112.269542621000028, -8.136221853999928, 0.0 ], [ 112.268500902000028, -8.138527507999981, 0.0 ], [ 112.267587683000102, -8.14054488599993, 0.0 ], [ 112.267279704000089, -8.141634968999938, 0.0 ], [ 112.267009429000041, -8.142196784999953, 0.0 ], [ 112.265930252000089, -8.143892932999961, 0.0 ], [ 112.2653, -8.145389998999974, 0.0 ] ] ] ] } },
{ "type": "Feature", "properties": { "OBJECTID": 116201.0, "KDPPUM": "35", "NAMOBJ": "Duren", "REMARK": null, "KDPBPS": null, "FCODE": "BA03070040", "LUASWH": 2.615262, "UUPP": "Hasil Delineasi Batas Desa 2019", "SRS_ID": "SRGI 2013", "METADATA": "TASWIL1000020200326DATA_BATAS_DESA_KELURAHAN", "KDEBPS": null, "KDEPUM": "35.05.14.2010", "KDCBPS": null, "KDCPUM": "35.05.14", "KDBBPS": null, "WADMKD": "Duren", "WIADKD": null, "WADMKC": "Talun", "WIADKC": null, "WADMKK": "Blitar", "WIADKK": null, "WADMPR": "Jawa Timur", "WIADPR": null, "TIPADM": 1.0, "KDPKAB": "35.05", "SHAPE_Leng": 0.10080492283414599, "SHAPE_Area": 0.00021462410669300001 }, "geometry": { "type": "MultiPolygon", "coordinates": [ [ [ [ 112.29463720900003, -8.124948057999973, 0.0 ], [ 112.294624619000047, -8.124987402999977, 0.0 ], [ 112.294585992000066, -8.125120890999938, 0.0 ], [ 112.292129351000085, -8.124365440999952, 0.0 ], [ 112.291363608000097, -8.124129963999962, 0.0 ], [ 112.291420715000072, -8.12385394699993, 0.0 ], [ 112.291430556000023, -8.123771930999965, 0.0 ], [ 112.291449269000054, -8.123616000999959, 0.0 ], [ 112.291553965000048, -8.123425643999951, 0.0 ], [ 112.291687214000035, -8.123244804999956, 0.0 ], [ 112.291782394000052, -8.123092518999954, 0.0 ], [ 112.291887089000056, -8.12286409099994, 0.0 ], [ 112.291877572000089, -8.122645180999939, 0.0 ], [ 112.291753840000069, -8.122521448999976, 0.0 ], [ 112.291611071000034, -8.122321573999955, 0.0 ], [ 112.291573001000074, -8.122017002999939, 0.0 ], [ 112.291582518000041, -8.121693395999955, 0.0 ], [ 112.2915920370001, -8.121350753999934, 0.0 ], [ 112.291706251000051, -8.121122325999977, 0.0 ], [ 112.291906125000082, -8.121055700999932, 0.0 ], [ 112.292106000000103, -8.120998593999957, 0.0 ], [ 112.292324910000048, -8.120922450999956, 0.0 ], [ 112.292429606000042, -8.12078920099998, 0.0 ], [ 112.292553339000051, -8.120560772999966, 0.0 ], [ 112.292661207000037, -8.120328774999962, 0.0 ], [ 112.292732591000117, -8.119989701999941, 0.0 ], [ 112.292796146000114, -8.119739222999954, 0.0 ], [ 112.292797049000114, -8.119739584999934, 0.0 ], [ 112.292883304000043, -8.119581944999936, 0.0 ], [ 112.292898569000045, -8.119552941999927, 0.0 ], [ 112.292942791000087, -8.119468920999964, 0.0 ], [ 112.29290129900005, -8.119273315999976, 0.0 ], [ 112.292901150000034, -8.119272615999932, 0.0 ], [ 112.292829766000068, -8.11912687399996, 0.0 ], [ 112.292714397000054, -8.119016631999955, 0.0 ], [ 112.292695922, -8.118998977999979, 0.0 ], [ 112.292473958000073, -8.118888562999928, 0.0 ], [ 112.292432317000021, -8.118793384999947, 0.0 ], [ 112.292424424000046, -8.118778387999953, 0.0 ], [ 112.29237283100008, -8.118680360999974, 0.0 ], [ 112.292311799000117, -8.118577076999941, 0.0 ], [ 112.292295498000044, -8.118549489999964, 0.0 ], [ 112.292230063000034, -8.118436465999935, 0.0 ], [ 112.292185473000018, -8.118391875999976, 0.0 ], [ 112.292226955000046, -8.118318130999967, 0.0 ], [ 112.292270527000028, -8.118258713999978, 0.0 ], [ 112.292292390000057, -8.118228900999952, 0.0 ], [ 112.292345928000032, -8.118121824999946, 0.0 ], [ 112.292387569000084, -8.117973108999934, 0.0 ], [ 112.292248115, -8.117955676999941, 0.0 ], [ 112.292149623000114, -8.117943365999963, 0.0 ], [ 112.292078239000034, -8.118240797999931, 0.0 ], [ 112.291578251000033, -8.118095800999981, 0.0 ], [ 112.291483374000109, -8.118068286999971, 0.0 ], [ 112.291465006000067, -8.118217535999975, 0.0 ], [ 112.29143578500009, -8.118454949999943, 0.0 ], [ 112.291347229000053, -8.118741456999942, 0.0 ], [ 112.291277191000063, -8.118723422999949, 0.0 ], [ 112.291254485000081, -8.118774051999935, 0.0 ], [ 112.290945475000058, -8.118670585999951, 0.0 ], [ 112.290903676000084, -8.118758434999961, 0.0 ], [ 112.290858542000024, -8.11882425899995, 0.0 ], [ 112.290856346000055, -8.118826741999953, 0.0 ], [ 112.290848580000102, -8.118853349999938, 0.0 ], [ 112.290766422000047, -8.118934688999957, 0.0 ], [ 112.290680763000069, -8.119029866999938, 0.0 ], [ 112.290576066000085, -8.118972759999963, 0.0 ], [ 112.290536218000057, -8.118915835999928, 0.0 ], [ 112.290509440000051, -8.118877581999925, 0.0 ], [ 112.290494572000057, -8.118866016999959, 0.0 ], [ 112.290465062000067, -8.118812470999956, 0.0 ], [ 112.290429117000031, -8.118759904999933, 0.0 ], [ 112.290318405000107, -8.118679110999949, 0.0 ], [ 112.290256539000097, -8.118662454999935, 0.0 ], [ 112.290197052000053, -8.118657695999957, 0.0 ], [ 112.290080458000034, -8.118657695999957, 0.0 ], [ 112.289997177000032, -8.118660075999969, 0.0 ], [ 112.28991389600003, -8.118636875999925, 0.0 ], [ 112.289799683000069, -8.118665429999965, 0.0 ], [ 112.289771129000087, -8.118701120999958, 0.0 ], [ 112.289739005000115, -8.118779643999972, 0.0 ], [ 112.28972115900001, -8.118883149999931, 0.0 ], [ 112.289714021, -8.118922410999971, 0.0 ], [ 112.289682117000098, -8.119101503999957, 0.0 ], [ 112.289643317000014, -8.119172634999927, 0.0 ], [ 112.289491031000011, -8.119391544999928, 0.0 ], [ 112.28941488800001, -8.119515276999948, 0.0 ], [ 112.289163836000057, -8.11979062599994, 0.0 ], [ 112.289119836000054, -8.119838883999932, 0.0 ], [ 112.288951461000011, -8.119867542999941, 0.0 ], [ 112.288672497000107, -8.119915026999934, 0.0 ], [ 112.288549780000039, -8.119954072999974, 0.0 ], [ 112.288253711000038, -8.120048276999967, 0.0 ], [ 112.288109648000045, -8.120084292999934, 0.0 ], [ 112.287908010000024, -8.120164489999979, 0.0 ], [ 112.287886639000021, -8.120176362999928, 0.0 ], [ 112.287815890000047, -8.120219597999949, 0.0 ], [ 112.287758992000022, -8.120247277999965, 0.0 ], [ 112.287715275000096, -8.120271565999928, 0.0 ], [ 112.287579645000051, -8.120342949999952, 0.0 ], [ 112.287429738000014, -8.120446455999968, 0.0 ], [ 112.28727626400007, -8.120524977999935, 0.0 ], [ 112.287165618000017, -8.12061777699995, 0.0 ], [ 112.287137065000024, -8.120674883999925, 0.0 ], [ 112.287137065000024, -8.120760544999939, 0.0 ], [ 112.287234799000089, -8.120967001999929, 0.0 ], [ 112.287236026000073, -8.120968852999965, 0.0 ], [ 112.287273374000051, -8.121257042999957, 0.0 ], [ 112.287272398000027, -8.12130383799996, 0.0 ], [ 112.287263857000084, -8.121713898999928, 0.0 ], [ 112.287268545000074, -8.121818099999928, 0.0 ], [ 112.287290263000045, -8.122300841999959, 0.0 ], [ 112.287178195000024, -8.12249436299993, 0.0 ], [ 112.287100913000017, -8.122531323999965, 0.0 ], [ 112.287014862000092, -8.122572478999928, 0.0 ], [ 112.286959286000069, -8.122599058999981, 0.0 ], [ 112.286621930000024, -8.122653764999939, 0.0 ], [ 112.28659811700004, -8.12266292399994, 0.0 ], [ 112.286508888000071, -8.122670061999941, 0.0 ], [ 112.286441073000105, -8.122634369999957, 0.0 ], [ 112.286353045000055, -8.122588595999957, 0.0 ], [ 112.286351843000034, -8.122587970999973, 0.0 ], [ 112.286316151000051, -8.122580832999972, 0.0 ], [ 112.286308744000053, -8.122582266999927, 0.0 ], [ 112.286279833000094, -8.122587861999932, 0.0 ], [ 112.285988465000059, -8.12276086199995, 0.0 ], [ 112.285789128000033, -8.123021508999955, 0.0 ], [ 112.285560161000035, -8.12324627199996, 0.0 ], [ 112.285503055000049, -8.123427110999955, 0.0 ], [ 112.285741, -8.123741199999927, 0.0 ], [ 112.285760036000056, -8.123836378999954, 0.0 ], [ 112.285655341000052, -8.123988663999967, 0.0 ], [ 112.285480135000057, -8.12406505499996, 0.0 ], [ 112.285452067000051, -8.12408460499995, 0.0 ], [ 112.285438130000102, -8.124083369999937, 0.0 ], [ 112.284899682000059, -8.12403567399997, 0.0 ], [ 112.284831863000022, -8.124029666999945, 0.0 ], [ 112.284664112000087, -8.124018958999955, 0.0 ], [ 112.283985965000056, -8.123829791999981, 0.0 ], [ 112.283598231000042, -8.123689641999931, 0.0 ], [ 112.283062852000057, -8.124196466999933, 0.0 ], [ 112.282930793000105, -8.124178620999942, 0.0 ], [ 112.282845924000071, -8.124202691999926, 0.0 ], [ 112.282834424000043, -8.124242865999975, 0.0 ], [ 112.282845132000034, -8.124324957999931, 0.0 ], [ 112.282826692000071, -8.124382639999965, 0.0 ], [ 112.282745789000046, -8.124463540999955, 0.0 ], [ 112.282736272000079, -8.124492094999937, 0.0 ], [ 112.282712477000018, -8.124544442999934, 0.0 ], [ 112.282669646000045, -8.124634862999926, 0.0 ], [ 112.282643472000018, -8.124707435999937, 0.0 ], [ 112.282583987000066, -8.124772870999948, 0.0 ], [ 112.282560191000016, -8.124853772999927, 0.0 ], [ 112.282536397000058, -8.124910879999959, 0.0 ], [ 112.282493567000074, -8.124953709999943, 0.0 ], [ 112.282399579000071, -8.124915638999937, 0.0 ], [ 112.282279147000054, -8.124893057999941, 0.0 ], [ 112.282114043000092, -8.124862100999962, 0.0 ], [ 112.282039486000031, -8.124835093999934, 0.0 ], [ 112.281275679000032, -8.124635219999959, 0.0 ], [ 112.281238499000096, -8.124672400999941, 0.0 ], [ 112.281135278000079, -8.124775621999959, 0.0 ], [ 112.281120638000061, -8.124790261999976, 0.0 ], [ 112.280894886000056, -8.124705605999964, 0.0 ], [ 112.280273848000093, -8.124434346999976, 0.0 ], [ 112.280115926, -8.12435538699998, 0.0 ], [ 112.28007, -8.12426, 0.0 ], [ 112.28019, -8.124169998999946, 0.0 ], [ 112.28018, -8.12408, 0.0 ], [ 112.28009, -8.12393, 0.0 ], [ 112.27996, -8.123879998999939, 0.0 ], [ 112.27959, -8.123799998999971, 0.0 ], [ 112.27933, -8.12371, 0.0 ], [ 112.2792, -8.1236, 0.0 ], [ 112.279149999000083, -8.123469998999951, 0.0 ], [ 112.27919, -8.12332, 0.0 ], [ 112.27924, -8.123059998999963, 0.0 ], [ 112.27921, -8.12281, 0.0 ], [ 112.27912, -8.122729998999944, 0.0 ], [ 112.27897, -8.1227, 0.0 ], [ 112.27862, -8.1227, 0.0 ], [ 112.27821, -8.12278, 0.0 ], [ 112.27802, -8.12278, 0.0 ], [ 112.277919999, -8.12268, 0.0 ], [ 112.27791, -8.12255, 0.0 ], [ 112.27795, -8.12243, 0.0 ], [ 112.27809, -8.122299998999949, 0.0 ], [ 112.278249999000082, -8.12223, 0.0 ], [ 112.278779999000108, -8.12204, 0.0 ], [ 112.27882000000011, -8.12192, 0.0 ], [ 112.2788, -8.12179, 0.0 ], [ 112.278699999000082, -8.121539998999936, 0.0 ], [ 112.27863, -8.12133, 0.0 ], [ 112.27861, -8.12126, 0.0 ], [ 112.27859, -8.121109998999941, 0.0 ], [ 112.27851, -8.12098, 0.0 ], [ 112.2783, -8.12086, 0.0 ], [ 112.27804, -8.12077, 0.0 ], [ 112.27734, -8.12045, 0.0 ], [ 112.27698, -8.12019, 0.0 ], [ 112.27618, -8.1195, 0.0 ], [ 112.27602, -8.11924, 0.0 ], [ 112.27592, -8.1188, 0.0 ], [ 112.275929999000027, -8.118319998999937, 0.0 ], [ 112.276, -8.11701, 0.0 ], [ 112.276035084000114, -8.116273243999956, 0.0 ], [ 112.277549959000112, -8.116570862999936, 0.0 ], [ 112.277621343000078, -8.116213943999981, 0.0 ], [ 112.278168619000098, -8.11635671099998, 0.0 ], [ 112.278513641000018, -8.114167606999956, 0.0 ], [ 112.278097235000018, -8.114024839999956, 0.0 ], [ 112.278192413000056, -8.113299103999964, 0.0 ], [ 112.278751587000102, -8.113334795999947, 0.0 ], [ 112.279246990000047, -8.11341403199998, 0.0 ], [ 112.279380240000023, -8.112957175999952, 0.0 ], [ 112.27959915100007, -8.112281408999934, 0.0 ], [ 112.279615271000011, -8.112257228999965, 0.0 ], [ 112.279789508000022, -8.111995872999955, 0.0 ], [ 112.279913239000052, -8.111719855999979, 0.0 ], [ 112.279989382000053, -8.111443837999957, 0.0 ], [ 112.27999890000001, -8.111196373999974, 0.0 ], [ 112.280036971000072, -8.110977463999973, 0.0 ], [ 112.280036971000072, -8.110777588999952, 0.0 ], [ 112.280103596000117, -8.110558678999951, 0.0 ], [ 112.280027454000106, -8.110396874999935, 0.0 ], [ 112.27999890000001, -8.110111339999946, 0.0 ], [ 112.27999890000001, -8.109844840999926, 0.0 ], [ 112.28012263200003, -8.109568822999961, 0.0 ], [ 112.280236846000093, -8.109321358999978, 0.0 ], [ 112.280455757000027, -8.109035823999932, 0.0 ], [ 112.280560453000021, -8.10886450299995, 0.0 ], [ 112.280693703000111, -8.108569448999958, 0.0 ], [ 112.28102286100011, -8.108642419999967, 0.0 ], [ 112.281232254000088, -8.108071348999943, 0.0 ], [ 112.282389931000012, -8.10854982799998, 0.0 ], [ 112.28311678700004, -8.10890891899993, 0.0 ], [ 112.282945466000115, -8.109403846999953, 0.0 ], [ 112.283231001000104, -8.109479989999954, 0.0 ], [ 112.283154859000092, -8.109917810999946, 0.0 ], [ 112.28372592900007, -8.109860703999971, 0.0 ], [ 112.284030500000085, -8.109955881999952, 0.0 ], [ 112.284354107000013, -8.109917810999946, 0.0 ], [ 112.284544464000078, -8.109727453999938, 0.0 ], [ 112.28474485400011, -8.109758941999928, 0.0 ], [ 112.285277853000025, -8.109835084999929, 0.0 ], [ 112.285991692000039, -8.109977851999929, 0.0 ], [ 112.285877477000099, -8.110967707999976, 0.0 ], [ 112.286448548000067, -8.111110475999965, 0.0 ], [ 112.286962512000059, -8.111224689999972, 0.0 ], [ 112.287048172000027, -8.111091439999939, 0.0 ], [ 112.28707759200006, -8.110833131999925, 0.0 ], [ 112.287051084000041, -8.110636582999973, 0.0 ], [ 112.286962512000059, -8.110463261999939, 0.0 ], [ 112.286848298000109, -8.110244351999938, 0.0 ], [ 112.286838780000039, -8.110015923999981, 0.0 ], [ 112.28685625300011, -8.109867036999958, 0.0 ], [ 112.287914296000054, -8.110168208999937, 0.0 ], [ 112.288161760000094, -8.109501959999932, 0.0 ], [ 112.288475849000065, -8.109616173999939, 0.0 ], [ 112.288980295000101, -8.10981604899996, 0.0 ], [ 112.288967332000084, -8.109910106999962, 0.0 ], [ 112.289910436000014, -8.110230490999982, 0.0 ], [ 112.28975, -8.11075, 0.0 ], [ 112.289728751000098, -8.110788834999937, 0.0 ], [ 112.290370024000026, -8.111041936999925, 0.0 ], [ 112.290634144000023, -8.11113473599994, 0.0 ], [ 112.290527068000074, -8.111348887999952, 0.0 ], [ 112.291440781, -8.111598730999958, 0.0 ], [ 112.291298014000063, -8.112155524999935, 0.0 ], [ 112.291654933000018, -8.112241185999949, 0.0 ], [ 112.291926191000016, -8.112284015999933, 0.0 ], [ 112.292104651000045, -8.112369676999947, 0.0 ], [ 112.292290249000075, -8.11244106099997, 0.0 ], [ 112.292461570000114, -8.112491028999955, 0.0 ], [ 112.292511539000088, -8.112341122999965, 0.0 ], [ 112.292661445000022, -8.1123982299999, 0.0 ], [ 112.292454432000113, -8.11259096699996, 0.0 ], [ 112.292328637000082, -8.112619559999928, 0.0 ], [ 112.292181111000104, -8.112643353999943, 0.0 ], [ 112.292095450000033, -8.11273853299997, 0.0 ], [ 112.292081173000042, -8.112809916999936, 0.0 ], [ 112.292147798000087, -8.112990755999931, 0.0 ], [ 112.292404780000084, -8.113262013999929, 0.0 ], [ 112.292595137000035, -8.113466647999928, 0.0 ], [ 112.292780735000065, -8.113490441999943, 0.0 ], [ 112.292956815000025, -8.113471406999963, 0.0 ], [ 112.293090065000115, -8.113476165999941, 0.0 ], [ 112.293166208000116, -8.11358562099997, 0.0 ], [ 112.293151931000011, -8.113680798999951, 0.0 ], [ 112.293013922000114, -8.113785495999934, 0.0 ], [ 112.292966333000095, -8.113952057999938, 0.0 ], [ 112.292942538000034, -8.114066271999945, 0.0 ], [ 112.292937779000113, -8.114180485999952, 0.0 ], [ 112.292947297000069, -8.114308976999951, 0.0 ], [ 112.29302344000007, -8.114408913999966, 0.0 ], [ 112.293051994000052, -8.114518369999928, 0.0 ], [ 112.292994887000077, -8.114604029999953, 0.0 ], [ 112.292946346, -8.114670654999941, 0.0 ], [ 112.292851167000094, -8.114694449999945, 0.0 ], [ 112.292767886000092, -8.114694449999945, 0.0 ], [ 112.292640755000093, -8.114750416999925, 0.0 ], [ 112.292494248000025, -8.114855062999936, 0.0 ], [ 112.292476490000013, -8.11500351199993, 0.0 ], [ 112.292428813000015, -8.115176290999955, 0.0 ], [ 112.292458556000042, -8.115325006999967, 0.0 ], [ 112.292523991000053, -8.115420184999948, 0.0 ], [ 112.292625118000046, -8.11556890199995, 0.0 ], [ 112.292660810000029, -8.115681925999979, 0.0 ], [ 112.292732194000109, -8.115747360999933, 0.0 ], [ 112.292827372000033, -8.115783052999973, 0.0 ], [ 112.292922551000061, -8.115866333999975, 0.0 ], [ 112.292940397000052, -8.115961512999945, 0.0 ], [ 112.29285711600005, -8.116098331999979, 0.0 ], [ 112.292660810000029, -8.116163766999932, 0.0 ], [ 112.292333634000101, -8.116282739999974, 0.0 ], [ 112.292196815000011, -8.116312482999945, 0.0 ], [ 112.291970767000066, -8.116371969999932, 0.0 ], [ 112.291875588000039, -8.116395763999947, 0.0 ], [ 112.291738769000062, -8.116437404999942, 0.0 ], [ 112.291667385000096, -8.116538531999936, 0.0 ], [ 112.29159005300005, -8.116758631999971, 0.0 ], [ 112.291560309000033, -8.11691329699994, 0.0 ], [ 112.291786358000081, -8.117038218999937, 0.0 ], [ 112.292024304000051, -8.117085807999956, 0.0 ], [ 112.292280096000013, -8.117335650999962, 0.0 ], [ 112.292767886000092, -8.117472469999939, 0.0 ], [ 112.292993935000027, -8.117520059999947, 0.0 ], [ 112.293219984000075, -8.117192883999962, 0.0 ], [ 112.293553108000083, -8.117288061999943, 0.0 ], [ 112.293463878000011, -8.117680672999938, 0.0 ], [ 112.293810974000053, -8.118021174999967, 0.0 ], [ 112.293843085000049, -8.117993651999939, 0.0 ], [ 112.29397395500007, -8.117838986999971, 0.0 ], [ 112.29410482600008, -8.117470169999933, 0.0 ], [ 112.294188107000082, -8.117029969999976, 0.0 ], [ 112.294366566, -8.11674443499993, 0.0 ], [ 112.294628307000039, -8.116494590999935, 0.0 ], [ 112.29489004800007, -8.116399412999954, 0.0 ], [ 112.295151789000101, -8.116304233999927, 0.0 ], [ 112.295318351000105, -8.116197158999967, 0.0 ], [ 112.295556297000076, -8.115887828999973, 0.0 ], [ 112.295603886000094, -8.11557849899998, 0.0 ], [ 112.296049440000047, -8.115644528999951, 0.0 ], [ 112.296227900000076, -8.115665943999943, 0.0 ], [ 112.296313560000044, -8.115394684999956, 0.0 ], [ 112.296713310000086, -8.115501760999962, 0.0 ], [ 112.296634788, -8.115880094999966, 0.0 ], [ 112.296577681000031, -8.11611566199997, 0.0 ], [ 112.296591957000032, -8.116215598999929, 0.0 ], [ 112.296670480000103, -8.116344089999927, 0.0 ], [ 112.296784694000053, -8.116479719999973, 0.0 ], [ 112.297548501000051, -8.117115035999973, 0.0 ], [ 112.298340861000042, -8.117628998999976, 0.0 ], [ 112.298709678000023, -8.117857427999979, 0.0 ], [ 112.299076115000048, -8.118138203999933, 0.0 ], [ 112.299133222000023, -8.118247658999962, 0.0 ], [ 112.299095150000085, -8.118390426999952, 0.0 ], [ 112.299052320000101, -8.118490363999967, 0.0 ], [ 112.299047561000066, -8.118623613999944, 0.0 ], [ 112.299042802000031, -8.118747345999964, 0.0 ], [ 112.299042802000031, -8.118904389999955, 0.0 ], [ 112.29896665900003, -8.119123300999945, 0.0 ], [ 112.298781062000103, -8.119465942999966, 0.0 ], [ 112.298557392000021, -8.119741960999932, 0.0 ], [ 112.298286134000023, -8.120075084999939, 0.0 ], [ 112.297938732000034, -8.120317789999945, 0.0 ], [ 112.297453322000024, -8.1207175399999, 0.0 ], [ 112.296896528000048, -8.12116963699998, 0.0 ], [ 112.296758520000026, -8.121359993999931, 0.0 ], [ 112.296691895000095, -8.121521797999947, 0.0 ], [ 112.296582440000066, -8.121659805999968, 0.0 ], [ 112.296492020000073, -8.121740707999948, 0.0 ], [ 112.296430154000063, -8.121969135999962, 0.0 ], [ 112.296392083000114, -8.122173769999961, 0.0 ], [ 112.296358770000097, -8.122359367999934, 0.0 ], [ 112.296301663, -8.122435510999935, 0.0 ], [ 112.296239797000112, -8.122497376999945, 0.0 ], [ 112.296244556000033, -8.122573518999957, 0.0 ], [ 112.296149378000109, -8.122649661999958, 0.0 ], [ 112.295702039000048, -8.12303989399993, 0.0 ], [ 112.295345120000093, -8.123353982999959, 0.0 ], [ 112.295083961000046, -8.123803708999958, 0.0 ], [ 112.295470954000052, -8.123932706999938, 0.0 ], [ 112.295313909000015, -8.124425255999938, 0.0 ], [ 112.294882397000038, -8.124283472999934, 0.0 ], [ 112.294719797000084, -8.124689970999952, 0.0 ], [ 112.29463720900003, -8.124948057999973, 0.0 ] ] ] ] } },
{ "type": "Feature", "properties": { "OBJECTID": 116204.0, "KDPPUM": "35", "NAMOBJ": "Sragi", "REMARK": null, "KDPBPS": null, "FCODE": "BA03070040", "LUASWH": 1.58018087, "UUPP": "Hasil Delineasi Batas Desa 2019", "SRS_ID": "SRGI 2013", "METADATA": "TASWIL1000020200326DATA_BATAS_DESA_KELURAHAN", "KDEBPS": null, "KDEPUM": "35.05.14.2011", "KDCBPS": null, "KDCPUM": "35.05.14", "KDBBPS": null, "WADMKD": "Sragi", "WIADKD": null, "WADMKC": "Talun", "WIADKC": null, "WADMKK": "Blitar", "WIADKK": null, "WADMPR": "Jawa Timur", "WIADPR": null, "TIPADM": 1.0, "KDPKAB": "35.05", "SHAPE_Leng": 0.082770074882768996, "SHAPE_Area": 0.00012967671868599999 }, "geometry": { "type": "MultiPolygon", "coordinates": [ [ [ [ 112.304509703, -8.10538995, 0.0 ], [ 112.30449954200003, -8.105412271999967, 0.0 ], [ 112.304386710000017, -8.105789481999977, 0.0 ], [ 112.304357055000082, -8.105900237999947, 0.0 ], [ 112.304354457000045, -8.106025863999946, 0.0 ], [ 112.304277237000065, -8.106277344999967, 0.0 ], [ 112.304137259000072, -8.10661276899998, 0.0 ], [ 112.303931429000045, -8.107002240999975, 0.0 ], [ 112.303796991000013, -8.107194086999925, 0.0 ], [ 112.303731195000069, -8.107266077999952, 0.0 ], [ 112.303686467000034, -8.107355946999974, 0.0 ], [ 112.303659802000084, -8.10746370399994, 0.0 ], [ 112.303636158000018, -8.10757743299996, 0.0 ], [ 112.303603965000093, -8.107831759999954, 0.0 ], [ 112.303610322000054, -8.107942400999946, 0.0 ], [ 112.303669210000066, -8.10802525899993, 0.0 ], [ 112.30367, -8.10803, 0.0 ], [ 112.304109999000048, -8.10835, 0.0 ], [ 112.30451, -8.108589998999946, 0.0 ], [ 112.30401, -8.109799998999961, 0.0 ], [ 112.30355, -8.11063, 0.0 ], [ 112.30311, -8.111319998999932, 0.0 ], [ 112.3028, -8.11192, 0.0 ], [ 112.30269, -8.11233, 0.0 ], [ 112.302682780000055, -8.112413540999967, 0.0 ], [ 112.30262, -8.11314, 0.0 ], [ 112.30278, -8.11393, 0.0 ], [ 112.30299999900001, -8.11441, 0.0 ], [ 112.30297, -8.11466, 0.0 ], [ 112.30272, -8.11504, 0.0 ], [ 112.302219999000044, -8.11546, 0.0 ], [ 112.30186, -8.11613, 0.0 ], [ 112.30143, -8.11667, 0.0 ], [ 112.30098, -8.11729, 0.0 ], [ 112.30109, -8.117909998999949, 0.0 ], [ 112.301339999000106, -8.11868, 0.0 ], [ 112.30122, -8.11904, 0.0 ], [ 112.30074, -8.11969, 0.0 ], [ 112.30059, -8.11997, 0.0 ], [ 112.30055, -8.12002, 0.0 ], [ 112.3, -8.1205, 0.0 ], [ 112.29940999900009, -8.12106, 0.0 ], [ 112.29919, -8.12132, 0.0 ], [ 112.299019999000052, -8.12158, 0.0 ], [ 112.298950000000104, -8.12182, 0.0 ], [ 112.29896, -8.12338, 0.0 ], [ 112.29896, -8.12354, 0.0 ], [ 112.29878, -8.12381, 0.0 ], [ 112.298360000000116, -8.124229998999965, 0.0 ], [ 112.29813, -8.12445, 0.0 ], [ 112.29784, -8.125, 0.0 ], [ 112.29776, -8.12517, 0.0 ], [ 112.29758042800006, -8.125807476999967, 0.0 ], [ 112.2975599990001, -8.12588, 0.0 ], [ 112.297479999000075, -8.12611, 0.0 ], [ 112.2965, -8.12706, 0.0 ], [ 112.29617, -8.127389998999945, 0.0 ], [ 112.295930000000112, -8.127739998999971, 0.0 ], [ 112.29573, -8.12829, 0.0 ], [ 112.29565, -8.12871, 0.0 ], [ 112.29564, -8.12908, 0.0 ], [ 112.295179819000055, -8.129150299999935, 0.0 ], [ 112.293478504000063, -8.128555433999963, 0.0 ], [ 112.29224243200008, -8.127646408999965, 0.0 ], [ 112.292015135000042, -8.127080168999953, 0.0 ], [ 112.291880001000095, -8.125829998999961, 0.0 ], [ 112.292110138000112, -8.124478286999931, 0.0 ], [ 112.292129351000085, -8.124365440999952, 0.0 ], [ 112.294585992000066, -8.125120890999938, 0.0 ], [ 112.294624619000047, -8.124987402999977, 0.0 ], [ 112.29463720900003, -8.124948057999973, 0.0 ], [ 112.294719797000084, -8.124689970999952, 0.0 ], [ 112.294882397000038, -8.124283472999934, 0.0 ], [ 112.295313909000015, -8.124425255999938, 0.0 ], [ 112.295470954000052, -8.123932706999938, 0.0 ], [ 112.295083961000046, -8.123803708999958, 0.0 ], [ 112.295345120000093, -8.123353982999959, 0.0 ], [ 112.295702039000048, -8.12303989399993, 0.0 ], [ 112.296149378000109, -8.122649661999958, 0.0 ], [ 112.296244556000033, -8.122573518999957, 0.0 ], [ 112.296239797000112, -8.122497376999945, 0.0 ], [ 112.296301663, -8.122435510999935, 0.0 ], [ 112.296358770000097, -8.122359367999934, 0.0 ], [ 112.296392083000114, -8.122173769999961, 0.0 ], [ 112.296430154000063, -8.121969135999962, 0.0 ], [ 112.296492020000073, -8.121740707999948, 0.0 ], [ 112.296582440000066, -8.121659805999968, 0.0 ], [ 112.296691895000095, -8.121521797999947, 0.0 ], [ 112.296758520000026, -8.121359993999931, 0.0 ], [ 112.296896528000048, -8.12116963699998, 0.0 ], [ 112.297453322000024, -8.1207175399999, 0.0 ], [ 112.297938732000034, -8.120317789999945, 0.0 ], [ 112.298286134000023, -8.120075084999939, 0.0 ], [ 112.298557392000021, -8.119741960999932, 0.0 ], [ 112.298781062000103, -8.119465942999966, 0.0 ], [ 112.29896665900003, -8.119123300999945, 0.0 ], [ 112.299042802000031, -8.118904389999955, 0.0 ], [ 112.299042802000031, -8.118747345999964, 0.0 ], [ 112.299047561000066, -8.118623613999944, 0.0 ], [ 112.299052320000101, -8.118490363999967, 0.0 ], [ 112.299095150000085, -8.118390426999952, 0.0 ], [ 112.299133222000023, -8.118247658999962, 0.0 ], [ 112.299076115000048, -8.118138203999933, 0.0 ], [ 112.298709678000023, -8.117857427999979, 0.0 ], [ 112.298340861000042, -8.117628998999976, 0.0 ], [ 112.297548501000051, -8.117115035999973, 0.0 ], [ 112.296784694000053, -8.116479719999973, 0.0 ], [ 112.296670480000103, -8.116344089999927, 0.0 ], [ 112.296591957000032, -8.116215598999929, 0.0 ], [ 112.296577681000031, -8.11611566199997, 0.0 ], [ 112.296634788, -8.115880094999966, 0.0 ], [ 112.296713310000086, -8.115501760999962, 0.0 ], [ 112.296313560000044, -8.115394684999956, 0.0 ], [ 112.296227900000076, -8.115665943999943, 0.0 ], [ 112.296049440000047, -8.115644528999951, 0.0 ], [ 112.295603886000094, -8.11557849899998, 0.0 ], [ 112.295556297000076, -8.115887828999973, 0.0 ], [ 112.295318351000105, -8.116197158999967, 0.0 ], [ 112.295151789000101, -8.116304233999927, 0.0 ], [ 112.29489004800007, -8.116399412999954, 0.0 ], [ 112.294628307000039, -8.116494590999935, 0.0 ], [ 112.294366566, -8.11674443499993, 0.0 ], [ 112.294188107000082, -8.117029969999976, 0.0 ], [ 112.29410482600008, -8.117470169999933, 0.0 ], [ 112.29397395500007, -8.117838986999971, 0.0 ], [ 112.293843085000049, -8.117993651999939, 0.0 ], [ 112.293810974000053, -8.118021174999967, 0.0 ], [ 112.293463878000011, -8.117680672999938, 0.0 ], [ 112.293553108000083, -8.117288061999943, 0.0 ], [ 112.293219984000075, -8.117192883999962, 0.0 ], [ 112.292993935000027, -8.117520059999947, 0.0 ], [ 112.292767886000092, -8.117472469999939, 0.0 ], [ 112.292280096000013, -8.117335650999962, 0.0 ], [ 112.292024304000051, -8.117085807999956, 0.0 ], [ 112.291786358000081, -8.117038218999937, 0.0 ], [ 112.291560309000033, -8.11691329699994, 0.0 ], [ 112.29159005300005, -8.116758631999971, 0.0 ], [ 112.291667385000096, -8.116538531999936, 0.0 ], [ 112.291738769000062, -8.116437404999942, 0.0 ], [ 112.291875588000039, -8.116395763999947, 0.0 ], [ 112.291970767000066, -8.116371969999932, 0.0 ], [ 112.292196815000011, -8.116312482999945, 0.0 ], [ 112.292333634000101, -8.116282739999974, 0.0 ], [ 112.292660810000029, -8.116163766999932, 0.0 ], [ 112.29285711600005, -8.116098331999979, 0.0 ], [ 112.292940397000052, -8.115961512999945, 0.0 ], [ 112.292922551000061, -8.115866333999975, 0.0 ], [ 112.292827372000033, -8.115783052999973, 0.0 ], [ 112.292732194000109, -8.115747360999933, 0.0 ], [ 112.292660810000029, -8.115681925999979, 0.0 ], [ 112.292625118000046, -8.11556890199995, 0.0 ], [ 112.292523991000053, -8.115420184999948, 0.0 ], [ 112.292458556000042, -8.115325006999967, 0.0 ], [ 112.292428813000015, -8.115176290999955, 0.0 ], [ 112.292476490000013, -8.11500351199993, 0.0 ], [ 112.292494248000025, -8.114855062999936, 0.0 ], [ 112.292640755000093, -8.114750416999925, 0.0 ], [ 112.292767886000092, -8.114694449999945, 0.0 ], [ 112.292851167000094, -8.114694449999945, 0.0 ], [ 112.292946346, -8.114670654999941, 0.0 ], [ 112.292994887000077, -8.114604029999953, 0.0 ], [ 112.293051994000052, -8.114518369999928, 0.0 ], [ 112.29302344000007, -8.114408913999966, 0.0 ], [ 112.292947297000069, -8.114308976999951, 0.0 ], [ 112.292937779000113, -8.114180485999952, 0.0 ], [ 112.292942538000034, -8.114066271999945, 0.0 ], [ 112.292966333000095, -8.113952057999938, 0.0 ], [ 112.293013922000114, -8.113785495999934, 0.0 ], [ 112.293151931000011, -8.113680798999951, 0.0 ], [ 112.293166208000116, -8.11358562099997, 0.0 ], [ 112.293090065000115, -8.113476165999941, 0.0 ], [ 112.292956815000025, -8.113471406999963, 0.0 ], [ 112.292780735000065, -8.113490441999943, 0.0 ], [ 112.292595137000035, -8.113466647999928, 0.0 ], [ 112.292404780000084, -8.113262013999929, 0.0 ], [ 112.292147798000087, -8.112990755999931, 0.0 ], [ 112.292081173000042, -8.112809916999936, 0.0 ], [ 112.292095450000033, -8.11273853299997, 0.0 ], [ 112.292181111000104, -8.112643353999943, 0.0 ], [ 112.292328637000082, -8.112619559999928, 0.0 ], [ 112.292454432000113, -8.11259096699996, 0.0 ], [ 112.292661445000022, -8.1123982299999, 0.0 ], [ 112.292511539000088, -8.112341122999965, 0.0 ], [ 112.292461570000114, -8.112491028999955, 0.0 ], [ 112.292290249000075, -8.11244106099997, 0.0 ], [ 112.292104651000045, -8.112369676999947, 0.0 ], [ 112.291926191000016, -8.112284015999933, 0.0 ], [ 112.291654933000018, -8.112241185999949, 0.0 ], [ 112.291298014000063, -8.112155524999935, 0.0 ], [ 112.291440781, -8.111598730999958, 0.0 ], [ 112.290527068000074, -8.111348887999952, 0.0 ], [ 112.290634144000023, -8.11113473599994, 0.0 ], [ 112.290370024000026, -8.111041936999925, 0.0 ], [ 112.289728751000098, -8.110788834999937, 0.0 ], [ 112.28975, -8.11075, 0.0 ], [ 112.289910436000014, -8.110230490999982, 0.0 ], [ 112.28996, -8.110069998999961, 0.0 ], [ 112.29024, -8.10932, 0.0 ], [ 112.29045475800001, -8.108879471999956, 0.0 ], [ 112.291536722000046, -8.109287137999956, 0.0 ], [ 112.291659420000087, -8.109106578999956, 0.0 ], [ 112.291701061000026, -8.10899950299995, 0.0 ], [ 112.291790290000108, -8.108743710999931, 0.0 ], [ 112.291885469000022, -8.108523610999953, 0.0 ], [ 112.292027097000073, -8.108295689999977, 0.0 ], [ 112.292361155000094, -8.107414147999975, 0.0 ], [ 112.292561029000012, -8.106976326999927, 0.0 ], [ 112.292764336, -8.106402410999976, 0.0 ], [ 112.293055957000092, -8.105558167999959, 0.0 ], [ 112.293322457000045, -8.10439699099993, 0.0 ], [ 112.293436671000109, -8.103759295999964, 0.0 ], [ 112.29350329600004, -8.103369063999935, 0.0 ], [ 112.293674617000079, -8.103007385999945, 0.0 ], [ 112.294121956000026, -8.102664743999981, 0.0 ], [ 112.294264724000072, -8.102360172999965, 0.0 ], [ 112.294340866000084, -8.102046083999937, 0.0 ], [ 112.294340866000084, -8.101798619999954, 0.0 ], [ 112.294321831000047, -8.101665369999978, 0.0 ], [ 112.294291709000049, -8.101550147999944, 0.0 ], [ 112.294500111000048, -8.101568268999927, 0.0 ], [ 112.294677586000034, -8.101638911999942, 0.0 ], [ 112.294885455000099, -8.101785682999946, 0.0 ], [ 112.29484, -8.10195, 0.0 ], [ 112.29458511100006, -8.102252078999982, 0.0 ], [ 112.294708825000043, -8.102507922999962, 0.0 ], [ 112.294653457000095, -8.102743415999953, 0.0 ], [ 112.295571418, -8.103050249999967, 0.0 ], [ 112.296452988000055, -8.103406117999953, 0.0 ], [ 112.296690934000026, -8.103584576999936, 0.0 ], [ 112.2966522050001, -8.103736840999943, 0.0 ], [ 112.296714729000087, -8.10415564799996, 0.0 ], [ 112.296857497000019, -8.104334107999932, 0.0 ], [ 112.297056486000088, -8.104352247999941, 0.0 ], [ 112.297380978000092, -8.104310312999928, 0.0 ], [ 112.297663723000028, -8.104190188999951, 0.0 ], [ 112.298308968000015, -8.103917701999933, 0.0 ], [ 112.29849, -8.103869998999926, 0.0 ], [ 112.298964646000059, -8.104060562999962, 0.0 ], [ 112.299079999000014, -8.10411, 0.0 ], [ 112.29961, -8.10447, 0.0 ], [ 112.30013, -8.104609998999933, 0.0 ], [ 112.30073, -8.10472, 0.0 ], [ 112.30121, -8.1048, 0.0 ], [ 112.30139, -8.10486, 0.0 ], [ 112.30199, -8.10509, 0.0 ], [ 112.30274, -8.10519, 0.0 ], [ 112.30338, -8.10524, 0.0 ], [ 112.30416999900001, -8.10531, 0.0 ], [ 112.30439, -8.105369998999947, 0.0 ], [ 112.304509703, -8.10538995, 0.0 ] ] ] ] } }
]
}
