{
"type": "FeatureCollection",
"name": "Udanawu",
"crs": { "type": "name", "properties": { "name": "urn:ogc:def:crs:OGC:1.3:CRS84" } },
"features": [
{ "type": "Feature", "properties": { "OBJECTID": 116111.0, "KDPPUM": "35", "NAMOBJ": "Karanggondang", "REMARK": null, "KDPBPS": null, "FCODE": "BA03070040", "LUASWH": 3.84582887, "UUPP": "Hasil Delineasi Batas Desa 2019", "SRS_ID": "SRGI 2013", "METADATA": "TASWIL1000020200326DATA_BATAS_DESA_KELURAHAN", "KDEBPS": null, "KDEPUM": "35.05.02.2007", "KDCBPS": null, "KDCPUM": "35.05.02", "KDBBPS": null, "WADMKD": "Karanggondang", "WIADKD": null, "WADMKC": "Udanawu", "WIADKC": null, "WADMKK": "Blitar", "WIADKK": null, "WADMPR": "Jawa Timur", "WIADPR": null, "TIPADM": 1.0, "KDPKAB": "35.05", "SHAPE_Leng": 0.123154318317116, "SHAPE_Area": 0.00031255517781899998 }, "geometry": { "type": "MultiPolygon", "coordinates": [ [ [ [ 112.047270478000087, -8.02002999299998, 0.0 ], [ 112.04738, -8.02195, 0.0 ], [ 112.04725, -8.02257, 0.0 ], [ 112.047221357000012, -8.023181054999952, 0.0 ], [ 112.047724232000064, -8.023169625999969, 0.0 ], [ 112.048552284000039, -8.023055411999962, 0.0 ], [ 112.048737882000069, -8.022984027999939, 0.0 ], [ 112.048780712000053, -8.024154722999981, 0.0 ], [ 112.049194739000086, -8.024169, 0.0 ], [ 112.049151908000113, -8.027395548999948, 0.0 ], [ 112.049072746000093, -8.028939212999944, 0.0 ], [ 112.049220010000113, -8.028994437999927, 0.0 ], [ 112.050238420000028, -8.028994437999927, 0.0 ], [ 112.050295527000117, -8.030127060999973, 0.0 ], [ 112.050324080000109, -8.030802827999935, 0.0 ], [ 112.050401265, -8.031207611999946, 0.0 ], [ 112.049800789000074, -8.031424025999968, 0.0 ], [ 112.049343933000046, -8.031700042999944, 0.0 ], [ 112.048839487, -8.032166417999974, 0.0 ], [ 112.048732352000115, -8.032245229999944, 0.0 ], [ 112.048568881000051, -8.031952701999955, 0.0 ], [ 112.048497497000085, -8.031750447999968, 0.0 ], [ 112.048449908000066, -8.03141732399996, 0.0 ], [ 112.047379150000097, -8.03179803699993, 0.0 ], [ 112.047069820000047, -8.031869420999953, 0.0 ], [ 112.047248280000076, -8.032547567999927, 0.0 ], [ 112.047362297000063, -8.033104236999975, 0.0 ], [ 112.047259525000072, -8.033156272999975, 0.0 ], [ 112.046640865000086, -8.033299040999964, 0.0 ], [ 112.046031723000056, -8.033517951999954, 0.0 ], [ 112.045479688000114, -8.033879629999944, 0.0 ], [ 112.044527904, -8.034840931999952, 0.0 ], [ 112.044190927000045, -8.034475193999981, 0.0 ], [ 112.043643210000027, -8.033586126999978, 0.0 ], [ 112.043292125000107, -8.032940997999958, 0.0 ], [ 112.043022589000088, -8.032141229999979, 0.0 ], [ 112.042920074000108, -8.031690328999957, 0.0 ], [ 112.04276, -8.03106, 0.0 ], [ 112.042550126000037, -8.030115019999926, 0.0 ], [ 112.040648906000115, -8.029952566999953, 0.0 ], [ 112.03974, -8.029939998999964, 0.0 ], [ 112.03916, -8.02989, 0.0 ], [ 112.03867, -8.02985, 0.0 ], [ 112.038320000000112, -8.02983, 0.0 ], [ 112.03776, -8.02975, 0.0 ], [ 112.037690000000111, -8.02974, 0.0 ], [ 112.03621, -8.02961, 0.0 ], [ 112.03615, -8.02961, 0.0 ], [ 112.03581, -8.02956, 0.0 ], [ 112.03549, -8.02950999899997, 0.0 ], [ 112.03501, -8.029469998999957, 0.0 ], [ 112.03501, -8.02903, 0.0 ], [ 112.029720000000111, -8.02851, 0.0 ], [ 112.02779, -8.028319998999962, 0.0 ], [ 112.02448, -8.02817, 0.0 ], [ 112.024450000000115, -8.02839, 0.0 ], [ 112.024789999000063, -8.02878, 0.0 ], [ 112.025139999000089, -8.03042, 0.0 ], [ 112.02523, -8.03123, 0.0 ], [ 112.02498, -8.03141, 0.0 ], [ 112.024180000000115, -8.031909998999936, 0.0 ], [ 112.0237, -8.03217, 0.0 ], [ 112.0232, -8.0329, 0.0 ], [ 112.02316, -8.033389998999951, 0.0 ], [ 112.02304, -8.0334, 0.0 ], [ 112.022110000000112, -8.033429998999964, 0.0 ], [ 112.02185, -8.03344999899997, 0.0 ], [ 112.02107, -8.03348, 0.0 ], [ 112.020109999000056, -8.03358, 0.0 ], [ 112.019718418000025, -8.033608651999941, 0.0 ], [ 112.019710106000048, -8.033143097999925, 0.0 ], [ 112.019472304000033, -8.033093434999955, 0.0 ], [ 112.018773662000058, -8.033087987999977, 0.0 ], [ 112.018743475000065, -8.032535293999956, 0.0 ], [ 112.018647017000035, -8.031401279999955, 0.0 ], [ 112.018207678000067, -8.031402367999931, 0.0 ], [ 112.017804278000085, -8.031374650999965, 0.0 ], [ 112.017810175000022, -8.030850581999971, 0.0 ], [ 112.017823061000058, -8.030240350999975, 0.0 ], [ 112.017617846, -8.030216441999926, 0.0 ], [ 112.017689999000027, -8.02954, 0.0 ], [ 112.01885, -8.029569998999932, 0.0 ], [ 112.019619999000042, -8.02956, 0.0 ], [ 112.02096, -8.029529998999976, 0.0 ], [ 112.02127, -8.02941, 0.0 ], [ 112.02131, -8.02885, 0.0 ], [ 112.021313081000017, -8.028808708999975, 0.0 ], [ 112.021643893000032, -8.028802298999949, 0.0 ], [ 112.021795086000111, -8.028780386999927, 0.0 ], [ 112.021801696000011, -8.028543469999931, 0.0 ], [ 112.021799794000117, -8.027782520999949, 0.0 ], [ 112.021784493000041, -8.027423617999943, 0.0 ], [ 112.022065487000077, -8.027465993999954, 0.0 ], [ 112.022194463, -8.027200056999959, 0.0 ], [ 112.022266108000053, -8.027049123999973, 0.0 ], [ 112.022322505000034, -8.026560824999933, 0.0 ], [ 112.022306809000042, -8.026043989999948, 0.0 ], [ 112.022302889000116, -8.025945150999974, 0.0 ], [ 112.022291435000056, -8.025656372999947, 0.0 ], [ 112.022297812000033, -8.025326131999975, 0.0 ], [ 112.022308631000101, -8.025319231999958, 0.0 ], [ 112.022376910000048, -8.025275683999951, 0.0 ], [ 112.022352628000021, -8.025165668999932, 0.0 ], [ 112.022308326000029, -8.02473026499996, 0.0 ], [ 112.022317427000075, -8.024529234999932, 0.0 ], [ 112.022314724000012, -8.023447634999968, 0.0 ], [ 112.022241056000098, -8.023433931999932, 0.0 ], [ 112.021959251000112, -8.023381514999926, 0.0 ], [ 112.021967611000036, -8.022883762999982, 0.0 ], [ 112.022043214000064, -8.022395416999927, 0.0 ], [ 112.022051599000065, -8.022347070999956, 0.0 ], [ 112.02213787900007, -8.021849591999967, 0.0 ], [ 112.022131280000053, -8.021610314999975, 0.0 ], [ 112.022185206000017, -8.021574286999964, 0.0 ], [ 112.022213302000068, -8.020808477999935, 0.0 ], [ 112.021463218, -8.020864178999943, 0.0 ], [ 112.021489913000096, -8.020461805999958, 0.0 ], [ 112.02187824900011, -8.020449611999936, 0.0 ], [ 112.02186873100004, -8.020059380999953, 0.0 ], [ 112.024495656000113, -8.019859505999932, 0.0 ], [ 112.024933477000104, -8.019802398999957, 0.0 ], [ 112.025152387000048, -8.019783362999931, 0.0 ], [ 112.025342744000113, -8.022191377999945, 0.0 ], [ 112.026094654000076, -8.02213427099997, 0.0 ], [ 112.026037547000101, -8.020868396999958, 0.0 ], [ 112.025904297000011, -8.019792880999944, 0.0 ], [ 112.025485512000046, -8.017860758999973, 0.0 ], [ 112.025462312000059, -8.01755856699998, 0.0 ], [ 112.029519293000021, -8.017380107999941, 0.0 ], [ 112.029412217000072, -8.016666268999927, 0.0 ], [ 112.030197440000052, -8.016594884999961, 0.0 ], [ 112.030399694000039, -8.018438967999941, 0.0 ], [ 112.030601948000026, -8.018391377999933, 0.0 ], [ 112.030673332000106, -8.01955731399994, 0.0 ], [ 112.030554359, -8.021377601999973, 0.0 ], [ 112.031910651000089, -8.02143708899996, 0.0 ], [ 112.032005830000116, -8.021187244999965, 0.0 ], [ 112.033243150000089, -8.021282423999935, 0.0 ], [ 112.033683350000047, -8.01872450299993, 0.0 ], [ 112.03376787000002, -8.017480773999978, 0.0 ], [ 112.035766618000025, -8.01749505, 0.0 ], [ 112.03580673600004, -8.018268107999972, 0.0 ], [ 112.036395935000087, -8.018236713999954, 0.0 ], [ 112.036467319000053, -8.019069524999964, 0.0 ], [ 112.037906893000013, -8.018891064999934, 0.0 ], [ 112.038687356000082, -8.018839014999969, 0.0 ], [ 112.038677839000115, -8.019333941999946, 0.0 ], [ 112.040302982000071, -8.019311370999958, 0.0 ], [ 112.040338157000065, -8.019460187999925, 0.0 ], [ 112.041404050000097, -8.019450121999967, 0.0 ], [ 112.041390424000042, -8.019590923999942, 0.0 ], [ 112.04354145700006, -8.019733691999932, 0.0 ], [ 112.043693742000073, -8.019752727999958, 0.0 ], [ 112.043731814000012, -8.019819352999946, 0.0 ], [ 112.043731814000012, -8.019971637999959, 0.0 ], [ 112.043703260000029, -8.020123923999961, 0.0 ], [ 112.043750849000048, -8.020181030999936, 0.0 ], [ 112.043969760000095, -8.020181030999936, 0.0 ], [ 112.045692490000079, -8.02019054799996, 0.0 ], [ 112.045939954, -8.020095369999979, 0.0 ], [ 112.045997061000094, -8.019981155999972, 0.0 ], [ 112.046929809000062, -8.020019226999977, 0.0 ], [ 112.047270478000087, -8.02002999299998, 0.0 ] ] ] ] } },
{ "type": "Feature", "properties": { "OBJECTID": 116114.0, "KDPPUM": "35", "NAMOBJ": "Mangunan", "REMARK": null, "KDPBPS": null, "FCODE": "BA03070040", "LUASWH": 3.58009045, "UUPP": "Hasil Delineasi Batas Desa 2019", "SRS_ID": "SRGI 2013", "METADATA": "TASWIL1000020200326DATA_BATAS_DESA_KELURAHAN", "KDEBPS": null, "KDEPUM": "35.05.02.2006", "KDCBPS": null, "KDCPUM": "35.05.02", "KDBBPS": null, "WADMKD": "Mangunan", "WIADKD": null, "WADMKC": "Udanawu", "WIADKC": null, "WADMKK": "Blitar", "WIADKK": null, "WADMPR": "Jawa Timur", "WIADPR": null, "TIPADM": 1.0, "KDPKAB": "35.05", "SHAPE_Leng": 0.14930955807760901, "SHAPE_Area": 0.00029319338014599999 }, "geometry": { "type": "MultiPolygon", "coordinates": [ [ [ [ 112.036728813000082, -8.007627127999967, 0.0 ], [ 112.036800197000048, -8.008126814999969, 0.0 ], [ 112.037133322000045, -8.008114917999933, 0.0 ], [ 112.037323677000018, -8.008935831999963, 0.0 ], [ 112.038037516000031, -8.008935831999963, 0.0 ], [ 112.038025618, -8.008674090999932, 0.0 ], [ 112.041261686000098, -8.008828755999957, 0.0 ], [ 112.04213019000008, -8.00890014, 0.0 ], [ 112.044283602000064, -8.009447415999944, 0.0 ], [ 112.04411, -8.01041, 0.0 ], [ 112.046980001000065, -8.01101, 0.0 ], [ 112.05011, -8.01167, 0.0 ], [ 112.051021863000074, -8.011997334999933, 0.0 ], [ 112.050921406000043, -8.013226455999927, 0.0 ], [ 112.05177801100001, -8.013247870999976, 0.0 ], [ 112.052034993, -8.013262147999967, 0.0 ], [ 112.052413328000057, -8.013426330999948, 0.0 ], [ 112.052648894000072, -8.013583374999939, 0.0 ], [ 112.05261082200002, -8.014213931999961, 0.0 ], [ 112.052854718000049, -8.01429126499994, 0.0 ], [ 112.052937999000051, -8.014315058999955, 0.0 ], [ 112.053003434000061, -8.014350750999938, 0.0 ], [ 112.05305102300008, -8.014814745999956, 0.0 ], [ 112.05376999900011, -8.01628, 0.0 ], [ 112.05378, -8.016619998999943, 0.0 ], [ 112.053630000000112, -8.017029998999931, 0.0 ], [ 112.05339, -8.017029998999931, 0.0 ], [ 112.05237000000011, -8.017029998999931, 0.0 ], [ 112.051739999, -8.01706, 0.0 ], [ 112.05117, -8.0171, 0.0 ], [ 112.05081, -8.01712, 0.0 ], [ 112.05042, -8.01721, 0.0 ], [ 112.05011, -8.01718, 0.0 ], [ 112.049858381000035, -8.017146280999953, 0.0 ], [ 112.04984, -8.018099998999958, 0.0 ], [ 112.04982644800009, -8.018628784999976, 0.0 ], [ 112.047367763000011, -8.018399837999937, 0.0 ], [ 112.047270478000087, -8.02002999299998, 0.0 ], [ 112.046929809000062, -8.020019226999977, 0.0 ], [ 112.045997061000094, -8.019981155999972, 0.0 ], [ 112.045939954, -8.020095369999979, 0.0 ], [ 112.045692490000079, -8.02019054799996, 0.0 ], [ 112.043969760000095, -8.020181030999936, 0.0 ], [ 112.043750849000048, -8.020181030999936, 0.0 ], [ 112.043703260000029, -8.020123923999961, 0.0 ], [ 112.043731814000012, -8.019971637999959, 0.0 ], [ 112.043731814000012, -8.019819352999946, 0.0 ], [ 112.043693742000073, -8.019752727999958, 0.0 ], [ 112.04354145700006, -8.019733691999932, 0.0 ], [ 112.041390424000042, -8.019590923999942, 0.0 ], [ 112.041404050000097, -8.019450121999967, 0.0 ], [ 112.040338157000065, -8.019460187999925, 0.0 ], [ 112.040302982000071, -8.019311370999958, 0.0 ], [ 112.038677839000115, -8.019333941999946, 0.0 ], [ 112.038687356000082, -8.018839014999969, 0.0 ], [ 112.037906893000013, -8.018891064999934, 0.0 ], [ 112.036467319000053, -8.019069524999964, 0.0 ], [ 112.036395935000087, -8.018236713999954, 0.0 ], [ 112.03580673600004, -8.018268107999972, 0.0 ], [ 112.035766618000025, -8.01749505, 0.0 ], [ 112.03376787000002, -8.017480773999978, 0.0 ], [ 112.033683350000047, -8.01872450299993, 0.0 ], [ 112.033243150000089, -8.021282423999935, 0.0 ], [ 112.032005830000116, -8.021187244999965, 0.0 ], [ 112.031910651000089, -8.02143708899996, 0.0 ], [ 112.030554359, -8.021377601999973, 0.0 ], [ 112.030673332000106, -8.01955731399994, 0.0 ], [ 112.030601948000026, -8.018391377999933, 0.0 ], [ 112.030399694000039, -8.018438967999941, 0.0 ], [ 112.030197440000052, -8.016594884999961, 0.0 ], [ 112.029412217000072, -8.016666268999927, 0.0 ], [ 112.029519293000021, -8.017380107999941, 0.0 ], [ 112.025462312000059, -8.01755856699998, 0.0 ], [ 112.025485512000046, -8.017860758999973, 0.0 ], [ 112.025904297000011, -8.019792880999944, 0.0 ], [ 112.026037547000101, -8.020868396999958, 0.0 ], [ 112.026094654000076, -8.02213427099997, 0.0 ], [ 112.025342744000113, -8.022191377999945, 0.0 ], [ 112.025152387000048, -8.019783362999931, 0.0 ], [ 112.024933477000104, -8.019802398999957, 0.0 ], [ 112.024495656000113, -8.019859505999932, 0.0 ], [ 112.02186873100004, -8.020059380999953, 0.0 ], [ 112.02187824900011, -8.020449611999936, 0.0 ], [ 112.021489913000096, -8.020461805999958, 0.0 ], [ 112.021503708000068, -8.020253879999927, 0.0 ], [ 112.021509276000074, -8.020080377999932, 0.0 ], [ 112.021359293000046, -8.020104679999974, 0.0 ], [ 112.021346618000052, -8.019835504999946, 0.0 ], [ 112.021333599000059, -8.019428737999931, 0.0 ], [ 112.021321103000105, -8.019231351999963, 0.0 ], [ 112.021495093000112, -8.019206990999976, 0.0 ], [ 112.02147643100011, -8.018943813999954, 0.0 ], [ 112.021475431000113, -8.018543, 0.0 ], [ 112.021450558000083, -8.018196085999932, 0.0 ], [ 112.021407741000075, -8.017873144999953, 0.0 ], [ 112.021179406000101, -8.017876765999972, 0.0 ], [ 112.02114, -8.015449998999941, 0.0 ], [ 112.02236, -8.01526, 0.0 ], [ 112.02232, -8.01487, 0.0 ], [ 112.022172466000029, -8.013529686999959, 0.0 ], [ 112.02253, -8.01341, 0.0 ], [ 112.023479279000071, -8.013437335999981, 0.0 ], [ 112.023507833000053, -8.013637209999956, 0.0 ], [ 112.024383474000047, -8.013542031999975, 0.0 ], [ 112.024240707000104, -8.012837711999964, 0.0 ], [ 112.025135384, -8.012704461999931, 0.0 ], [ 112.024947881000116, -8.011607222999942, 0.0 ], [ 112.027118004000044, -8.011358399999949, 0.0 ], [ 112.027134131000025, -8.011730071999978, 0.0 ], [ 112.027389923000101, -8.011736020999933, 0.0 ], [ 112.027401821000012, -8.011664636999967, 0.0 ], [ 112.027782535000028, -8.011652739999931, 0.0 ], [ 112.027786080000055, -8.011266242999966, 0.0 ], [ 112.027927042000101, -8.011246422999932, 0.0 ], [ 112.028558804000113, -8.011174076999964, 0.0 ], [ 112.029336732000047, -8.011109013999942, 0.0 ], [ 112.029389860000038, -8.01047609699998, 0.0 ], [ 112.03140592200009, -8.010535184999981, 0.0 ], [ 112.031529209000041, -8.010526821999974, 0.0 ], [ 112.031495683000117, -8.012177014999963, 0.0 ], [ 112.032038201000091, -8.012205567999956, 0.0 ], [ 112.032851976000075, -8.012198429999955, 0.0 ], [ 112.033201757000029, -8.012160754999968, 0.0 ], [ 112.033171039000081, -8.010866764999946, 0.0 ], [ 112.033606239000051, -8.010786598999971, 0.0 ], [ 112.034029917000112, -8.010789668999962, 0.0 ], [ 112.034019324000042, -8.009770006999929, 0.0 ], [ 112.034669260000101, -8.009789229999967, 0.0 ], [ 112.035183223000104, -8.009774953999965, 0.0 ], [ 112.035426950000101, -8.00978529899993, 0.0 ], [ 112.035835820000102, -8.009746553999946, 0.0 ], [ 112.035959552, -8.009584749999931, 0.0 ], [ 112.035919795000041, -8.00886444799994, 0.0 ], [ 112.035896002000072, -8.008257684999933, 0.0 ], [ 112.036252920000038, -8.008198198999935, 0.0 ], [ 112.036217229000044, -8.007674716999929, 0.0 ], [ 112.036728813000082, -8.007627127999967, 0.0 ] ] ], [ [ [ 112.072059999000089, -8.0131, 0.0 ], [ 112.072161271000027, -8.01547390099995, 0.0 ], [ 112.07027, -8.01487, 0.0 ], [ 112.07027, -8.01493, 0.0 ], [ 112.07008, -8.01567, 0.0 ], [ 112.070047255000077, -8.015850095999951, 0.0 ], [ 112.069710426000029, -8.015768953999952, 0.0 ], [ 112.069600971000114, -8.016411407999954, 0.0 ], [ 112.068035285000065, -8.016654112999959, 0.0 ], [ 112.068130464000092, -8.017881914999975, 0.0 ], [ 112.067897277000043, -8.018800386999942, 0.0 ], [ 112.067906795000113, -8.020289929999933, 0.0 ], [ 112.066593332000025, -8.020470768999928, 0.0 ], [ 112.066588573000104, -8.020646848999945, 0.0 ], [ 112.066393457000117, -8.020656366999958, 0.0 ], [ 112.066407734000109, -8.019157305999954, 0.0 ], [ 112.06623641300007, -8.018700449999926, 0.0 ], [ 112.062848060000078, -8.019257243999959, 0.0 ], [ 112.062898029000053, -8.017560687999946, 0.0 ], [ 112.064373295000109, -8.017151420999937, 0.0 ], [ 112.064097277000087, -8.01556194099993, 0.0 ], [ 112.065134722000039, -8.015400136999972, 0.0 ], [ 112.065144240000109, -8.015580975999967, 0.0 ], [ 112.066229275000069, -8.015381101999935, 0.0 ], [ 112.066191203000017, -8.01433413899997, 0.0 ], [ 112.064934848, -8.01435317399995, 0.0 ], [ 112.064887259000102, -8.013810656999965, 0.0 ], [ 112.06614, -8.01379, 0.0 ], [ 112.066192012000101, -8.012820277999936, 0.0 ], [ 112.067697402000022, -8.012352047999968, 0.0 ], [ 112.069658079000078, -8.01239963699993, 0.0 ], [ 112.07045757800006, -8.012542404999976, 0.0 ], [ 112.070440001000065, -8.013009998999962, 0.0 ], [ 112.072059999000089, -8.0131, 0.0 ] ] ] ] } },
{ "type": "Feature", "properties": { "OBJECTID": 116120.0, "KDPPUM": "35", "NAMOBJ": "Slemanan", "REMARK": null, "KDPBPS": null, "FCODE": "BA03070040", "LUASWH": 3.79062514, "UUPP": "Hasil Delineasi Batas Desa 2019", "SRS_ID": "SRGI 2013", "METADATA": "TASWIL1000020200326DATA_BATAS_DESA_KELURAHAN", "KDEBPS": null, "KDEPUM": "35.05.02.2010", "KDCBPS": null, "KDCPUM": "35.05.02", "KDBBPS": null, "WADMKD": "Slemanan", "WIADKD": null, "WADMKC": "Udanawu", "WIADKC": null, "WADMKK": "Blitar", "WIADKK": null, "WADMPR": "Jawa Timur", "WIADPR": null, "TIPADM": 1.0, "KDPKAB": "35.05", "SHAPE_Leng": 0.15611575530928201, "SHAPE_Area": 0.000311044168016 }, "geometry": { "type": "MultiPolygon", "coordinates": [ [ [ [ 112.0496435230001, -7.993286592999937, 0.0 ], [ 112.049636168, -7.994142163999982, 0.0 ], [ 112.050554179000073, -7.994094449999977, 0.0 ], [ 112.050541701000043, -7.994618540999966, 0.0 ], [ 112.050702167000054, -7.994646609999961, 0.0 ], [ 112.050730720000047, -7.994789376999961, 0.0 ], [ 112.050702167000054, -7.994998770999928, 0.0 ], [ 112.050702167000054, -7.995122501999958, 0.0 ], [ 112.050740238000117, -7.995236715999965, 0.0 ], [ 112.050892524, -7.995236715999965, 0.0 ], [ 112.050854452000067, -7.995645982999974, 0.0 ], [ 112.051033507000056, -7.99563944099998, 0.0 ], [ 112.051166757000033, -7.995620403999965, 0.0 ], [ 112.051166757000033, -7.996619777999967, 0.0 ], [ 112.050992113, -7.996591492999926, 0.0 ], [ 112.050966882000012, -7.997171812999966, 0.0 ], [ 112.050843150000105, -7.998266364999949, 0.0 ], [ 112.050678094000091, -7.998305955999967, 0.0 ], [ 112.05065279300004, -7.999027792999925, 0.0 ], [ 112.051700549000088, -7.999030964999974, 0.0 ], [ 112.052357280000024, -7.999188008999965, 0.0 ], [ 112.052728476000084, -7.999387884999976, 0.0 ], [ 112.053056842000046, -7.999259393999978, 0.0 ], [ 112.053105145000018, -7.998335120999968, 0.0 ], [ 112.053533448000053, -7.998316085999932, 0.0 ], [ 112.053885608000087, -7.998306567999975, 0.0 ], [ 112.053848316000085, -7.998724573999937, 0.0 ], [ 112.054054108000059, -7.99872510199998, 0.0 ], [ 112.054068827000037, -7.999129860999972, 0.0 ], [ 112.054297255000051, -7.999091789999966, 0.0 ], [ 112.05445905800002, -7.999006128999952, 0.0 ], [ 112.054525683000065, -7.998882397999978, 0.0 ], [ 112.054735076000043, -7.998863360999962, 0.0 ], [ 112.054944468000031, -7.998863360999962, 0.0 ], [ 112.055230004, -7.998977575999959, 0.0 ], [ 112.055446501, -7.999158414999954, 0.0 ], [ 112.055734449000056, -7.999158414999954, 0.0 ], [ 112.05608660900009, -7.999225040999931, 0.0 ], [ 112.056591055000013, -7.999244074999979, 0.0 ], [ 112.05741910800009, -7.999272628999961, 0.0 ], [ 112.058104392000018, -7.99929166499993, 0.0 ], [ 112.05855173100008, -7.99929166499993, 0.0 ], [ 112.058932445000096, -7.99929166499993, 0.0 ], [ 112.059208462000015, -7.99932021799998, 0.0 ], [ 112.059132320000117, -7.999853216999952, 0.0 ], [ 112.059127045000082, -8.001130243999967, 0.0 ], [ 112.05928409, -8.001744144999975, 0.0 ], [ 112.059369750000087, -8.00184408299998, 0.0 ], [ 112.059755223000025, -8.001944020999929, 0.0 ], [ 112.059726664000095, -8.002279381999926, 0.0 ], [ 112.060418931000072, -8.002253742999926, 0.0 ], [ 112.06035324100003, -8.002756297999952, 0.0 ], [ 112.060310411000046, -8.003063248999979, 0.0 ], [ 112.060674468000116, -8.003106078999963, 0.0 ], [ 112.060917173, -8.003113217999953, 0.0 ], [ 112.061131325000019, -8.003127493999955, 0.0 ], [ 112.06113846300002, -8.00288478899995, 0.0 ], [ 112.061552489000064, -8.00292762, 0.0 ], [ 112.06150965900008, -8.001906831999975, 0.0 ], [ 112.062059314000066, -8.001871139999935, 0.0 ], [ 112.062423372000012, -8.001835446999962, 0.0 ], [ 112.062390928000013, -8.001581699999974, 0.0 ], [ 112.062828059000026, -8.001427676999981, 0.0 ], [ 112.064017789000104, -8.001303944999961, 0.0 ], [ 112.064071588000047, -8.001298304999978, 0.0 ], [ 112.064078703000064, -8.001066, 0.0 ], [ 112.065150413000083, -8.000970819999964, 0.0 ], [ 112.065845215000081, -8.000923231999934, 0.0 ], [ 112.065864251000107, -8.000694803999977, 0.0 ], [ 112.066102197000077, -8.000675766999962, 0.0 ], [ 112.067882034000036, -8.000533, 0.0 ], [ 112.068319855000027, -8.000523482999938, 0.0 ], [ 112.068272266, -7.99973350199997, 0.0 ], [ 112.068299111000101, -7.999735055999963, 0.0 ], [ 112.068297556000061, -7.999777282999958, 0.0 ], [ 112.068874576000098, -7.999777282999958, 0.0 ], [ 112.069213649000062, -7.999830821999979, 0.0 ], [ 112.069909610000082, -7.999792944999967, 0.0 ], [ 112.070099155000094, -7.999789933999978, 0.0 ], [ 112.070065101000068, -7.999513713999931, 0.0 ], [ 112.071022566000011, -7.99924927, 0.0 ], [ 112.071138910000059, -7.999216693999927, 0.0 ], [ 112.071192696000026, -7.999206686999969, 0.0 ], [ 112.071966021000094, -7.998992536999936, 0.0 ], [ 112.07214426500002, -7.99893769199997, 0.0 ], [ 112.072350776, -7.998882902999981, 0.0 ], [ 112.072395193000034, -7.99957281899998, 0.0 ], [ 112.072774932000016, -7.999535922999939, 0.0 ], [ 112.073161881000033, -7.99949832599998, 0.0 ], [ 112.073162375000038, -7.999565278999967, 0.0 ], [ 112.073258068000086, -7.999572529999966, 0.0 ], [ 112.073772032000079, -7.999543976999973, 0.0 ], [ 112.074919134000083, -7.999866053999938, 0.0 ], [ 112.075294887000041, -8.000219743999935, 0.0 ], [ 112.075306319000106, -8.000220311999954, 0.0 ], [ 112.075504267000042, -8.000692707999974, 0.0 ], [ 112.078305774000114, -8.001177763999976, 0.0 ], [ 112.078348605000087, -7.999678703999962, 0.0 ], [ 112.078348111000082, -7.99965188799996, 0.0 ], [ 112.07856300900005, -7.999679175999972, 0.0 ], [ 112.079588711000042, -7.999681428999963, 0.0 ], [ 112.079956747000097, -7.999657793999972, 0.0 ], [ 112.079960217, -7.999651348999976, 0.0 ], [ 112.080011509000087, -7.999556091999978, 0.0 ], [ 112.080354551000028, -7.999527503999957, 0.0 ], [ 112.080529392000017, -7.999524041999962, 0.0 ], [ 112.080591247000029, -7.999539504999973, 0.0 ], [ 112.08216169100001, -7.99946812099995, 0.0 ], [ 112.08223174200009, -7.999398070999973, 0.0 ], [ 112.083001628000034, -7.999323281999978, 0.0 ], [ 112.084541152000043, -7.999372942999969, 0.0 ], [ 112.084541152000043, -7.998754282999926, 0.0 ], [ 112.086135391000084, -7.998706693999964, 0.0 ], [ 112.086159185000042, -7.99894464099998, 0.0 ], [ 112.087872397000069, -7.998873256999957, 0.0 ], [ 112.088154341000063, -8.000432238999963, 0.0 ], [ 112.088236455000015, -8.000886279999975, 0.0 ], [ 112.087641590000089, -8.000993355999981, 0.0 ], [ 112.087301520000096, -8.001001649999978, 0.0 ], [ 112.08703476300002, -8.001100448999978, 0.0 ], [ 112.086887752000052, -8.0011093599999, 0.0 ], [ 112.086642152000081, -8.001124243999925, 0.0 ], [ 112.086493141, -8.001226198999973, 0.0 ], [ 112.086545318000049, -8.002050596999936, 0.0 ], [ 112.08649772900003, -8.002139825999961, 0.0 ], [ 112.08592279800007, -8.002314604999981, 0.0 ], [ 112.085845032000066, -8.00265899599998, 0.0 ], [ 112.084434215000101, -8.002822353999932, 0.0 ], [ 112.083584544000018, -8.002920736999954, 0.0 ], [ 112.083453674000111, -8.003099196999926, 0.0 ], [ 112.082963483000071, -8.003291770999965, 0.0 ], [ 112.082787425000106, -8.003360936999968, 0.0 ], [ 112.082453239000074, -8.003419565999934, 0.0 ], [ 112.082014325000046, -8.003496568999935, 0.0 ], [ 112.081450232000066, -8.003595532999952, 0.0 ], [ 112.081431132000034, -8.003598883999928, 0.0 ], [ 112.081392092000101, -8.003354879999961, 0.0 ], [ 112.079976156000043, -8.003544138999928, 0.0 ], [ 112.078803260000086, -8.003685450999967, 0.0 ], [ 112.078859367000064, -8.00428018599996, 0.0 ], [ 112.078872350000097, -8.004397934999929, 0.0 ], [ 112.078865491000101, -8.004398296999966, 0.0 ], [ 112.078675584000052, -8.004408352999974, 0.0 ], [ 112.078509952000104, -8.004422447999957, 0.0 ], [ 112.078378612000051, -8.00443362599998, 0.0 ], [ 112.077576405000059, -8.004538769999954, 0.0 ], [ 112.077064821000022, -8.004610153999977, 0.0 ], [ 112.076672210000083, -8.004717229999926, 0.0 ], [ 112.076250966000089, -8.004812008999977, 0.0 ], [ 112.076039040000069, -8.004894184999955, 0.0 ], [ 112.075974938000059, -8.004905496999982, 0.0 ], [ 112.075899007000089, -8.004933345999973, 0.0 ], [ 112.075827501000049, -8.00505035499998, 0.0 ], [ 112.075803495000059, -8.005053958999952, 0.0 ], [ 112.075695769000049, -8.005070131999958, 0.0 ], [ 112.075666026000022, -8.005248592999976, 0.0 ], [ 112.075428080000052, -8.00528428399997, 0.0 ], [ 112.075441509000029, -8.005848803999982, 0.0 ], [ 112.075606540000081, -8.005825610999977, 0.0 ], [ 112.075606540000081, -8.005985132999967, 0.0 ], [ 112.075684734000106, -8.006049728999926, 0.0 ], [ 112.075719606, -8.006319986999927, 0.0 ], [ 112.075720923000063, -8.006329466999944, 0.0 ], [ 112.075434830000063, -8.006353449999949, 0.0 ], [ 112.075404719000062, -8.006354877999968, 0.0 ], [ 112.074832826000033, -8.006382001999953, 0.0 ], [ 112.07478999600005, -8.006239234999953, 0.0 ], [ 112.074276033000046, -8.006267788999935, 0.0 ], [ 112.074240341000063, -8.006046498999979, 0.0 ], [ 112.073483673000055, -8.006261759999973, 0.0 ], [ 112.073130001000095, -8.00647, 0.0 ], [ 112.072884049000095, -8.006080920999977, 0.0 ], [ 112.072855494, -8.00602508399993, 0.0 ], [ 112.072691312000075, -8.005439735999971, 0.0 ], [ 112.072537156000067, -8.005480682999973, 0.0 ], [ 112.072234456000047, -8.005561087999979, 0.0 ], [ 112.071713354000053, -8.005668164999975, 0.0 ], [ 112.07177759800004, -8.006075051999971, 0.0 ], [ 112.071085175, -8.006224957999962, 0.0 ], [ 112.071199390000061, -8.006581876999974, 0.0 ], [ 112.070692565000058, -8.006788890999928, 0.0 ], [ 112.070435583000062, -8.006931658999974, 0.0 ], [ 112.070064386000013, -8.006953072999977, 0.0 ], [ 112.070050110000011, -8.00728143799995, 0.0 ], [ 112.070121494000091, -8.008309366999981, 0.0 ], [ 112.069840717000034, -8.008333160999939, 0.0 ], [ 112.068831827000054, -8.008409302999951, 0.0 ], [ 112.068811240000059, -8.008410160999972, 0.0 ], [ 112.067461257000105, -8.008466409999926, 0.0 ], [ 112.067452095000021, -8.007280786999956, 0.0 ], [ 112.06662368700006, -8.007352821999973, 0.0 ], [ 112.066585614000019, -8.007191019999937, 0.0 ], [ 112.066499954000051, -8.006439109999974, 0.0 ], [ 112.066290562000063, -8.006458144999954, 0.0 ], [ 112.065824188000079, -8.00647718099998, 0.0 ], [ 112.065843223000115, -8.006791268999962, 0.0 ], [ 112.065300705000027, -8.006781752999927, 0.0 ], [ 112.065281671000093, -8.006876929999976, 0.0 ], [ 112.06456783200008, -8.006819823999933, 0.0 ], [ 112.064539279000087, -8.007486072999939, 0.0 ], [ 112.064294193000023, -8.007481312999971, 0.0 ], [ 112.06366601700006, -8.007502727999963, 0.0 ], [ 112.063654118000045, -8.006850755999949, 0.0 ], [ 112.062759441000026, -8.006879310999977, 0.0 ], [ 112.061885582000059, -8.006818797999927, 0.0 ], [ 112.061879554000029, -8.006065533999958, 0.0 ], [ 112.061105716000043, -8.006065533999958, 0.0 ], [ 112.061062886000059, -8.005701475999956, 0.0 ], [ 112.060349047000045, -8.005710993999969, 0.0 ], [ 112.06013013800009, -8.005701475999956, 0.0 ], [ 112.059701835000055, -8.005701475999956, 0.0 ], [ 112.059425816000044, -8.005720511999925, 0.0 ], [ 112.056770339000082, -8.005863279999971, 0.0 ], [ 112.056779856000048, -8.005653887999927, 0.0 ], [ 112.055199893, -8.005653887999927, 0.0 ], [ 112.055190442000026, -8.00619747099995, 0.0 ], [ 112.05515, -8.0062, 0.0 ], [ 112.054489999000111, -8.006129998999938, 0.0 ], [ 112.053810001000102, -8.006159998999976, 0.0 ], [ 112.053640001000076, -8.0062, 0.0 ], [ 112.053313425000056, -8.00618310699997, 0.0 ], [ 112.05328837400009, -8.005445961999953, 0.0 ], [ 112.053290555000103, -8.004686914999979, 0.0 ], [ 112.053254863, -8.003580463999981, 0.0 ], [ 112.052219797000021, -8.003497182999979, 0.0 ], [ 112.052243593000071, -8.003092675999937, 0.0 ], [ 112.051775409000015, -8.003087135999976, 0.0 ], [ 112.051720110000019, -8.003485286999933, 0.0 ], [ 112.051648726000053, -8.003485286999933, 0.0 ], [ 112.051113349000047, -8.003425798999956, 0.0 ], [ 112.051160938000066, -8.002949906999959, 0.0 ], [ 112.050447099000053, -8.002878523999925, 0.0 ], [ 112.050494689000061, -8.001438949999965, 0.0 ], [ 112.050815915000044, -8.0006418299999, 0.0 ], [ 112.050768326000025, -8.000189732999957, 0.0 ], [ 112.050601763000031, -8.000177835999978, 0.0 ], [ 112.050197256000047, -8.000213526999971, 0.0 ], [ 112.049852233000024, -8.00026111699998, 0.0 ], [ 112.049590494000086, -8.00011835, 0.0 ], [ 112.049245472000052, -8.000011273999974, 0.0 ], [ 112.048805270000116, -8.000130245999969, 0.0 ], [ 112.048162817000048, -8.000177835999978, 0.0 ], [ 112.047889179000094, -8.00026111699998, 0.0 ], [ 112.047794001000057, -8.000332499999956, 0.0 ], [ 112.047520361000011, -8.000546651999969, 0.0 ], [ 112.047020676000102, -8.000546651999969, 0.0 ], [ 112.046413912000048, -8.000582343999952, 0.0 ], [ 112.046437707000109, -8.00091546799996, 0.0 ], [ 112.046271144000116, -8.000939262999964, 0.0 ], [ 112.045723869000085, -8.000974955999936, 0.0 ], [ 112.045176593000065, -8.001058235999949, 0.0 ], [ 112.04475, -8.001039997999953, 0.0 ], [ 112.043950000000109, -8.001099998999962, 0.0 ], [ 112.043453281000097, -8.001185150999959, 0.0 ], [ 112.043165948000023, -8.001331873999959, 0.0 ], [ 112.042523494000079, -8.001486539999974, 0.0 ], [ 112.04223795900009, -8.001688792999971, 0.0 ], [ 112.042011909000053, -8.001843458999929, 0.0 ], [ 112.041740490000052, -8.001926558999969, 0.0 ], [ 112.041464633000032, -8.002010020999933, 0.0 ], [ 112.041135685000086, -8.002384235999955, 0.0 ], [ 112.040788932000055, -8.00247262299996, 0.0 ], [ 112.040682446, -8.003206496999951, 0.0 ], [ 112.038463439000111, -8.003122021999957, 0.0 ], [ 112.037853612000049, -8.003084223999963, 0.0 ], [ 112.037874510000051, -8.002409324999974, 0.0 ], [ 112.037873334000096, -8.001951326999972, 0.0 ], [ 112.037881662000018, -8.000893470999927, 0.0 ], [ 112.037217295, -8.000921416999972, 0.0 ], [ 112.036625424000022, -8.000951910999959, 0.0 ], [ 112.0366, -8.000649997999972, 0.0 ], [ 112.03657, -8.000259998999979, 0.0 ], [ 112.03657, -7.999999998999954, 0.0 ], [ 112.03658, -7.999899998999979, 0.0 ], [ 112.03648, -7.99913, 0.0 ], [ 112.036469999000019, -7.99861, 0.0 ], [ 112.03646, -7.997819997999954, 0.0 ], [ 112.03642, -7.996999997999978, 0.0 ], [ 112.03641, -7.9969, 0.0 ], [ 112.036429999, -7.995869998999979, 0.0 ], [ 112.036436729000116, -7.995812795999939, 0.0 ], [ 112.036458096000047, -7.995631179999975, 0.0 ], [ 112.036537982000027, -7.994952146999935, 0.0 ], [ 112.03657, -7.994679997999981, 0.0 ], [ 112.036578182000085, -7.99461043499997, 0.0 ], [ 112.036578213000098, -7.994610235999971, 0.0 ], [ 112.036587869000073, -7.994546627999966, 0.0 ], [ 112.036587900000086, -7.994546428999968, 0.0 ], [ 112.036599205000016, -7.994471961999977, 0.0 ], [ 112.036601095000037, -7.994459507999977, 0.0 ], [ 112.036602863000098, -7.99444786, 0.0 ], [ 112.036720246000073, -7.993674677999934, 0.0 ], [ 112.036721122000017, -7.993668101999958, 0.0 ], [ 112.036723039000094, -7.993653699999982, 0.0 ], [ 112.036730431000024, -7.993598169999927, 0.0 ], [ 112.036742932000038, -7.993504277999932, 0.0 ], [ 112.036757404000014, -7.993395567999926, 0.0 ], [ 112.03675789600004, -7.99339187399994, 0.0 ], [ 112.036758846000112, -7.993384726999977, 0.0 ], [ 112.036761532000014, -7.993364560999964, 0.0 ], [ 112.03676155800008, -7.993364367999959, 0.0 ], [ 112.036761585000022, -7.993364164999946, 0.0 ], [ 112.036766018000094, -7.993330866999941, 0.0 ], [ 112.036775478000095, -7.993279568999981, 0.0 ], [ 112.036827701000107, -7.993280163999941, 0.0 ], [ 112.039653827000052, -7.993312378999974, 0.0 ], [ 112.0399472900001, -7.993306845999939, 0.0 ], [ 112.041359709000062, -7.993234919999963, 0.0 ], [ 112.04143909700008, -7.993234686999926, 0.0 ], [ 112.041787142000089, -7.99324358399997, 0.0 ], [ 112.044045837000112, -7.993454244999953, 0.0 ], [ 112.044334073000073, -7.993464883999934, 0.0 ], [ 112.044619172000012, -7.993479117999925, 0.0 ], [ 112.044892201000039, -7.993466464999926, 0.0 ], [ 112.045045211000115, -7.993457102999969, 0.0 ], [ 112.045114219000084, -7.993453937999959, 0.0 ], [ 112.045222280000075, -7.993468620999977, 0.0 ], [ 112.045303343000114, -7.993486362999931, 0.0 ], [ 112.04537838300007, -7.993495146999976, 0.0 ], [ 112.045498439000085, -7.993506805999971, 0.0 ], [ 112.045648517000018, -7.993524374999936, 0.0 ], [ 112.045708545000025, -7.993530203999967, 0.0 ], [ 112.045771574000014, -7.993536027999937, 0.0 ], [ 112.045816584000022, -7.99353591299996, 0.0 ], [ 112.045951659000025, -7.993553518999931, 0.0 ], [ 112.046344805000103, -7.993576451999957, 0.0 ], [ 112.046614864000048, -7.993575767999971, 0.0 ], [ 112.046761895000031, -7.993575395999926, 0.0 ], [ 112.04690292600003, -7.993575039999939, 0.0 ], [ 112.046995923000054, -7.993565829999966, 0.0 ], [ 112.04713993900009, -7.993559482999956, 0.0 ], [ 112.047217902000057, -7.993538346999969, 0.0 ], [ 112.047484525000073, -7.993481720999966, 0.0 ], [ 112.049538251000058, -7.993306644999961, 0.0 ], [ 112.049578226000108, -7.993303236999964, 0.0 ], [ 112.0496435230001, -7.993286592999937, 0.0 ] ] ] ] } },
{ "type": "Feature", "properties": { "OBJECTID": 116113.0, "KDPPUM": "35", "NAMOBJ": "Jati", "REMARK": null, "KDPBPS": null, "FCODE": "BA03070040", "LUASWH": 2.69273882, "UUPP": "Hasil Delineasi Batas Desa 2019", "SRS_ID": "SRGI 2013", "METADATA": "TASWIL1000020200326DATA_BATAS_DESA_KELURAHAN", "KDEBPS": null, "KDEPUM": "35.05.02.2001", "KDCBPS": null, "KDCPUM": "35.05.02", "KDBBPS": null, "WADMKD": "Jati", "WIADKD": null, "WADMKC": "Udanawu", "WIADKC": null, "WADMKK": "Blitar", "WIADKK": null, "WADMPR": "Jawa Timur", "WIADPR": null, "TIPADM": 1.0, "KDPKAB": "35.05", "SHAPE_Leng": 0.072094411322289997, "SHAPE_Area": 0.00021529006554299999 }, "geometry": { "type": "MultiPolygon", "coordinates": [ [ [ [ 111.97345, -8.017053314999941, 0.0 ], [ 111.973032010000054, -8.016928336999968, 0.0 ], [ 111.973138250000034, -8.016174299999932, 0.0 ], [ 111.973269377000065, -8.015755879999972, 0.0 ], [ 111.973334451000085, -8.015735271999972, 0.0 ], [ 111.973291621000044, -8.015273656999966, 0.0 ], [ 111.97331065700007, -8.015002397999979, 0.0 ], [ 111.973420112000042, -8.014978602999975, 0.0 ], [ 111.973477219000074, -8.014821558999927, 0.0 ], [ 111.973553362000075, -8.014455121999958, 0.0 ], [ 111.973729442000035, -8.014493192999964, 0.0 ], [ 111.973924558000078, -8.014574094999944, 0.0 ], [ 111.97403401300005, -8.01426476499995, 0.0 ], [ 111.974167263000083, -8.013812666999968, 0.0 ], [ 111.974386173000084, -8.01317973099998, 0.0 ], [ 111.974809717000085, -8.013208283999973, 0.0 ], [ 111.974823994000076, -8.012894195999934, 0.0 ], [ 111.974838271000067, -8.012318365999931, 0.0 ], [ 111.974633803000074, -8.012089113999934, 0.0 ], [ 111.974524182000039, -8.011966205999954, 0.0 ], [ 111.974376655000071, -8.011966205999954, 0.0 ], [ 111.974346215000082, -8.011959907999938, 0.0 ], [ 111.97423864700005, -8.011937651999972, 0.0 ], [ 111.974005459000068, -8.011861508999971, 0.0 ], [ 111.974195816000076, -8.011052492999966, 0.0 ], [ 111.974200156000052, -8.01102896499998, 0.0 ], [ 111.974298651000083, -8.011128267999936, 0.0 ], [ 111.974685626000053, -8.011518416999934, 0.0 ], [ 111.975280713000075, -8.011738693999973, 0.0 ], [ 111.975715609000076, -8.01191225599996, 0.0 ], [ 111.976119966000056, -8.012055302999954, 0.0 ], [ 111.976219359000083, -8.012038030999975, 0.0 ], [ 111.976745568000069, -8.011946590999969, 0.0 ], [ 111.977073638000036, -8.011466889999951, 0.0 ], [ 111.977232530000038, -8.010840692999977, 0.0 ], [ 111.977161623000086, -8.010802875999957, 0.0 ], [ 111.976904641000033, -8.010560170999952, 0.0 ], [ 111.976719044000049, -8.010331742999938, 0.0 ], [ 111.976402832000076, -8.01017722399996, 0.0 ], [ 111.976481190000072, -8.009814503999962, 0.0 ], [ 111.976624, -8.009477, 0.0 ], [ 111.976677, -8.00939, 0.0 ], [ 111.976723803000084, -8.009220472999971, 0.0 ], [ 111.976759494000078, -8.009086381999964, 0.0 ], [ 111.976823998000043, -8.008954615999926, 0.0 ], [ 111.976933289000044, -8.00869979, 0.0 ], [ 111.977046511000083, -8.008752424999955, 0.0 ], [ 111.977445970000076, -8.008894960999953, 0.0 ], [ 111.978472776000046, -8.009261346999949, 0.0 ], [ 111.979743408000047, -8.009794345999978, 0.0 ], [ 111.980047979000062, -8.009837176999952, 0.0 ], [ 111.980333514000051, -8.009913318999963, 0.0 ], [ 111.980471523000062, -8.009960907999925, 0.0 ], [ 111.980657121000036, -8.010032291999948, 0.0 ], [ 111.980795130000047, -8.01017030099996, 0.0 ], [ 111.980880790000072, -8.010313068999949, 0.0 ], [ 111.981953927000063, -8.010581550999973, 0.0 ], [ 111.982239462000052, -8.010664831999975, 0.0 ], [ 111.982608279000033, -8.01078380499996, 0.0 ], [ 111.982917609000083, -8.010950367999953, 0.0 ], [ 111.98311986300007, -8.011140724999962, 0.0 ], [ 111.983430860000055, -8.01146902399995, 0.0 ], [ 111.98381, -8.0116, 0.0 ], [ 111.9843, -8.01172, 0.0 ], [ 111.984580264000044, -8.0120136099999, 0.0 ], [ 111.985254240000074, -8.012922543999935, 0.0 ], [ 111.98565398900007, -8.013122418999956, 0.0 ], [ 111.986082292000049, -8.013179525999931, 0.0 ], [ 111.986396381000077, -8.013193802999979, 0.0 ], [ 111.986710470000048, -8.013393677999943, 0.0 ], [ 111.987053112000069, -8.013564998999925, 0.0 ], [ 111.987624183000037, -8.013736319999964, 0.0 ], [ 111.988380851000045, -8.01383625699998, 0.0 ], [ 111.988477071000034, -8.013842671999953, 0.0 ], [ 111.988555524000049, -8.012737263999952, 0.0 ], [ 111.989083764000043, -8.012751539999954, 0.0 ], [ 111.989226532000089, -8.012908584999934, 0.0 ], [ 111.989447821000056, -8.01301566099994, 0.0 ], [ 111.990183075000061, -8.013115597999956, 0.0 ], [ 111.990789837000079, -8.013329748999979, 0.0 ], [ 111.991368047000037, -8.013508208999951, 0.0 ], [ 111.991357190000087, -8.013839345999941, 0.0 ], [ 111.991346631000056, -8.014621796999961, 0.0 ], [ 111.99377, -8.01454, 0.0 ], [ 111.993799999000089, -8.0146, 0.0 ], [ 111.994169999000064, -8.01531, 0.0 ], [ 111.99434, -8.0156, 0.0 ], [ 111.99465, -8.01585, 0.0 ], [ 111.99478, -8.01594, 0.0 ], [ 111.995661933000065, -8.018022160999976, 0.0 ], [ 111.996411463000072, -8.018605127999933, 0.0 ], [ 111.996875458000034, -8.018890663999969, 0.0 ], [ 111.996883725000089, -8.018989875999978, 0.0 ], [ 111.996887355000069, -8.019033430999968, 0.0 ], [ 111.996780279000063, -8.019604501999936, 0.0 ], [ 111.996561770000085, -8.020554761999961, 0.0 ], [ 111.996268695000083, -8.021829297999943, 0.0 ], [ 111.996115888000077, -8.021818224999947, 0.0 ], [ 111.99538580400008, -8.021765319999929, 0.0 ], [ 111.994626867000079, -8.021710324999958, 0.0 ], [ 111.994341332000033, -8.022781082999927, 0.0 ], [ 111.993564104000086, -8.022633140999972, 0.0 ], [ 111.99348, -8.02289, 0.0 ], [ 111.993337867000037, -8.023484372999974, 0.0 ], [ 111.99283037400005, -8.023483023999972, 0.0 ], [ 111.992507634000049, -8.024330843999962, 0.0 ], [ 111.991709579000087, -8.024159881999935, 0.0 ], [ 111.991017993000071, -8.023952483999949, 0.0 ], [ 111.99087103100004, -8.024214274999963, 0.0 ], [ 111.990748489000055, -8.024192427999935, 0.0 ], [ 111.989649499000052, -8.023925862999931, 0.0 ], [ 111.989339414000085, -8.024758161999955, 0.0 ], [ 111.988444936000064, -8.024677684999972, 0.0 ], [ 111.987640511000052, -8.024606697999957, 0.0 ], [ 111.98716853600007, -8.024531691999925, 0.0 ], [ 111.987010069000064, -8.024506508999934, 0.0 ], [ 111.986568487000056, -8.02443944099997, 0.0 ], [ 111.986199885000076, -8.024383455999953, 0.0 ], [ 111.984998331000043, -8.024112136999975, 0.0 ], [ 111.984798456000078, -8.024047891999942, 0.0 ], [ 111.984641412000087, -8.023912262999943, 0.0 ], [ 111.984570028000064, -8.023862293999969, 0.0 ], [ 111.984434399000065, -8.023819463999928, 0.0 ], [ 111.984177417000069, -8.023755217999962, 0.0 ], [ 111.984077479000064, -8.02372666499997, 0.0 ], [ 111.983991819000039, -8.023619588999964, 0.0 ], [ 111.983834774000059, -8.023512512999957, 0.0 ], [ 111.983584931000053, -8.023491097999965, 0.0 ], [ 111.983099521000042, -8.02339829899995, 0.0 ], [ 111.982986262000054, -8.023372410999968, 0.0 ], [ 111.982838321000088, -8.023329577999959, 0.0 ], [ 111.98230568200006, -8.022927565999964, 0.0 ], [ 111.982193265000035, -8.022873194999931, 0.0 ], [ 111.981964389000041, -8.022762496999974, 0.0 ], [ 111.981829487000084, -8.022697250999954, 0.0 ], [ 111.980697612000085, -8.022366684999952, 0.0 ], [ 111.979537566000033, -8.022027891999926, 0.0 ], [ 111.978403263000075, -8.021547208999948, 0.0 ], [ 111.978480625000088, -8.020882484999959, 0.0 ], [ 111.978487950000044, -8.020819545999927, 0.0 ], [ 111.977166460000035, -8.020386750999933, 0.0 ], [ 111.977418605000082, -8.019611639999937, 0.0 ], [ 111.977220473000045, -8.019538625999928, 0.0 ], [ 111.977239147000034, -8.01951147699998, 0.0 ], [ 111.977524278000089, -8.018781160999936, 0.0 ], [ 111.97754709700007, -8.018657937999933, 0.0 ], [ 111.97552556800008, -8.017855101999942, 0.0 ], [ 111.973903492000034, -8.017188906999934, 0.0 ], [ 111.97345, -8.017053314999941, 0.0 ] ] ] ] } },
{ "type": "Feature", "properties": { "OBJECTID": 116115.0, "KDPPUM": "35", "NAMOBJ": "Tunjung", "REMARK": null, "KDPBPS": null, "FCODE": "BA03070040", "LUASWH": 3.71017436, "UUPP": "Hasil Delineasi Batas Desa 2019", "SRS_ID": "SRGI 2013", "METADATA": "TASWIL1000020200326DATA_BATAS_DESA_KELURAHAN", "KDEBPS": null, "KDEPUM": "35.05.02.2004", "KDCBPS": null, "KDCPUM": "35.05.02", "KDBBPS": null, "WADMKD": "Tunjung", "WIADKD": null, "WADMKC": "Udanawu", "WIADKC": null, "WADMKK": "Blitar", "WIADKK": null, "WADMPR": "Jawa Timur", "WIADPR": null, "TIPADM": 1.0, "KDPKAB": "35.05", "SHAPE_Leng": 0.098687122575306999, "SHAPE_Area": 0.00027931622697499999 }, "geometry": { "type": "MultiPolygon", "coordinates": [ [ [ [ 112.005714330000046, -8.024456447999967, 0.0 ], [ 112.005705827000043, -8.02465988199998, 0.0 ], [ 112.005291656000054, -8.024642945999972, 0.0 ], [ 112.004709332000061, -8.024584543999936, 0.0 ], [ 112.004708931000096, -8.02442145699996, 0.0 ], [ 112.003529221, -8.024380399999927, 0.0 ], [ 112.003535936000048, -8.024208203999933, 0.0 ], [ 112.0032139220001, -8.024199335999981, 0.0 ], [ 112.003207260000067, -8.023930145999941, 0.0 ], [ 112.003153096, -8.023870453999962, 0.0 ], [ 112.00302698500002, -8.023840848999953, 0.0 ], [ 112.002960950000102, -8.023835027999951, 0.0 ], [ 112.002941537000083, -8.023260766999954, 0.0 ], [ 112.00296941900001, -8.022393253999951, 0.0 ], [ 112.002968746000079, -8.022118686999931, 0.0 ], [ 112.002750000000106, -8.022059998999964, 0.0 ], [ 112.00233, -8.02198, 0.0 ], [ 112.00183, -8.02196, 0.0 ], [ 112.00138, -8.02196, 0.0 ], [ 112.00076, -8.02194, 0.0 ], [ 112.00026, -8.02194, 0.0 ], [ 112.000000000000114, -8.02194, 0.0 ], [ 111.999009897000064, -8.021987147999937, 0.0 ], [ 111.998949999000047, -8.02199, 0.0 ], [ 111.998169999000083, -8.02207, 0.0 ], [ 111.99763, -8.02209, 0.0 ], [ 111.99686, -8.02224, 0.0 ], [ 111.996159999000042, -8.02254, 0.0 ], [ 111.9953, -8.02304, 0.0 ], [ 111.9948, -8.02346, 0.0 ], [ 111.994406522000077, -8.023588636999932, 0.0 ], [ 111.994399568000063, -8.02370383899995, 0.0 ], [ 111.994339683000078, -8.023759021999979, 0.0 ], [ 111.994027755000047, -8.023679218999973, 0.0 ], [ 111.99387, -8.02371, 0.0 ], [ 111.993355779000069, -8.023794298999974, 0.0 ], [ 111.99326, -8.02381, 0.0 ], [ 111.993337867000037, -8.023484372999974, 0.0 ], [ 111.99348, -8.02289, 0.0 ], [ 111.993564104000086, -8.022633140999972, 0.0 ], [ 111.994341332000033, -8.022781082999927, 0.0 ], [ 111.994626867000079, -8.021710324999958, 0.0 ], [ 111.99538580400008, -8.021765319999929, 0.0 ], [ 111.996115888000077, -8.021818224999947, 0.0 ], [ 111.996268695000083, -8.021829297999943, 0.0 ], [ 111.996561770000085, -8.020554761999961, 0.0 ], [ 111.996780279000063, -8.019604501999936, 0.0 ], [ 111.996887355000069, -8.019033430999968, 0.0 ], [ 111.996883725000089, -8.018989875999978, 0.0 ], [ 111.996875458000034, -8.018890663999969, 0.0 ], [ 111.996411463000072, -8.018605127999933, 0.0 ], [ 111.995661933000065, -8.018022160999976, 0.0 ], [ 111.99478, -8.01594, 0.0 ], [ 111.99465, -8.01585, 0.0 ], [ 111.99434, -8.0156, 0.0 ], [ 111.994169999000064, -8.01531, 0.0 ], [ 111.993799999000089, -8.0146, 0.0 ], [ 111.99377, -8.01454, 0.0 ], [ 111.993576186000041, -8.013953167999944, 0.0 ], [ 111.994941700000084, -8.013776790999941, 0.0 ], [ 111.995262927000056, -8.013776790999941, 0.0 ], [ 111.995191543000033, -8.013443665999944, 0.0 ], [ 111.995393797000077, -8.013467460999948, 0.0 ], [ 111.995346208000058, -8.013110541999936, 0.0 ], [ 111.995488976000047, -8.013110541999936, 0.0 ], [ 111.995488976000047, -8.012955876999968, 0.0 ], [ 111.995631743000047, -8.012943978999942, 0.0 ], [ 111.995524667000041, -8.012170653999931, 0.0 ], [ 111.995845895000059, -8.012111167999933, 0.0 ], [ 111.99574, -8.01104, 0.0 ], [ 111.9965, -8.011099998999953, 0.0 ], [ 111.997030353000071, -8.011179603999949, 0.0 ], [ 111.997011831000066, -8.010969026999931, 0.0 ], [ 111.997025485000052, -8.010389341999939, 0.0 ], [ 111.99804, -8.01004, 0.0 ], [ 111.99812, -8.01007, 0.0 ], [ 111.99837, -8.0101, 0.0 ], [ 112.000000000000114, -8.01011, 0.0 ], [ 112.00064, -8.01011, 0.0 ], [ 112.0029, -8.01, 0.0 ], [ 112.00319, -8.01, 0.0 ], [ 112.00354, -8.009969998999964, 0.0 ], [ 112.00404216600009, -8.009922321999966, 0.0 ], [ 112.003994528000021, -8.009630351999931, 0.0 ], [ 112.003480613000079, -8.0073877199999, 0.0 ], [ 112.004180175000101, -8.007166429999927, 0.0 ], [ 112.004522817000066, -8.007102183999962, 0.0 ], [ 112.005407977, -8.00678809599998, 0.0 ], [ 112.006828515000052, -8.006631050999943, 0.0 ], [ 112.007028390000073, -8.006538251999928, 0.0 ], [ 112.007271095000078, -8.006466867999961, 0.0 ], [ 112.007727951000106, -8.006359792999945, 0.0 ], [ 112.008577419000062, -8.006067118999965, 0.0 ], [ 112.009756096000046, -8.005811724999944, 0.0 ], [ 112.0100297030001, -8.00566631199996, 0.0 ], [ 112.01035011700003, -8.00562739399993, 0.0 ], [ 112.010668965000036, -8.005584563999946, 0.0 ], [ 112.010930706000067, -8.005575045999933, 0.0 ], [ 112.011330455, -8.00560835899995, 0.0 ], [ 112.011167507000096, -8.005077420999953, 0.0 ], [ 112.01168, -8.004859998999962, 0.0 ], [ 112.01238, -8.00458, 0.0 ], [ 112.012647348000087, -8.006256920999931, 0.0 ], [ 112.012947160000067, -8.00638541099994, 0.0 ], [ 112.013446847000068, -8.006314027999963, 0.0 ], [ 112.014089302000116, -8.006028491999928, 0.0 ], [ 112.0146, -8.005329998999969, 0.0 ], [ 112.01484, -8.005209998999931, 0.0 ], [ 112.014919999000085, -8.00518, 0.0 ], [ 112.01507, -8.00514, 0.0 ], [ 112.01528, -8.00512, 0.0 ], [ 112.015719999000112, -8.00498, 0.0 ], [ 112.016120000000114, -8.004799998999943, 0.0 ], [ 112.014352698000039, -8.009623178999959, 0.0 ], [ 112.014090243000055, -8.010254925999959, 0.0 ], [ 112.014104520000046, -8.011106772999938, 0.0 ], [ 112.013990306000096, -8.011130566999952, 0.0 ], [ 112.01408548400002, -8.012353609999934, 0.0 ], [ 112.014118871000051, -8.012921176999953, 0.0 ], [ 112.015226436000034, -8.012743841999963, 0.0 ], [ 112.015307673000052, -8.01321646699995, 0.0 ], [ 112.015301389000115, -8.013325619999932, 0.0 ], [ 112.015655475000017, -8.01327187499993, 0.0 ], [ 112.016343315000086, -8.013096596999958, 0.0 ], [ 112.016514637000114, -8.013125149999951, 0.0 ], [ 112.016528913000116, -8.014509996999948, 0.0 ], [ 112.016343315000086, -8.014824085999976, 0.0 ], [ 112.016057780000096, -8.014966852999976, 0.0 ], [ 112.016114887000072, -8.015495093999959, 0.0 ], [ 112.015760169000032, -8.015512602999934, 0.0 ], [ 112.015776552000034, -8.01586324799996, 0.0 ], [ 112.015884079000102, -8.017724648999945, 0.0 ], [ 112.015422464000039, -8.017734165999968, 0.0 ], [ 112.015422464000039, -8.018181504999973, 0.0 ], [ 112.015437163000115, -8.018711755999959, 0.0 ], [ 112.015486709000015, -8.020499099999938, 0.0 ], [ 112.014846846000069, -8.020380877999969, 0.0 ], [ 112.01476, -8.02174, 0.0 ], [ 112.014616177000107, -8.023295602999951, 0.0 ], [ 112.01439, -8.02342, 0.0 ], [ 112.013849999000058, -8.02357, 0.0 ], [ 112.012949999000057, -8.023619998999948, 0.0 ], [ 112.01228, -8.023639998999954, 0.0 ], [ 112.0113, -8.02367, 0.0 ], [ 112.01011, -8.02371, 0.0 ], [ 112.009109999000088, -8.023679998999967, 0.0 ], [ 112.009109999000088, -8.02422, 0.0 ], [ 112.00894, -8.02421, 0.0 ], [ 112.00787, -8.02404, 0.0 ], [ 112.00778, -8.024029998999936, 0.0 ], [ 112.00713, -8.02395, 0.0 ], [ 112.00672, -8.02391, 0.0 ], [ 112.005823366000072, -8.023823784999934, 0.0 ], [ 112.005758154000091, -8.024457972999926, 0.0 ], [ 112.005714330000046, -8.024456447999967, 0.0 ] ] ] ] } },
{ "type": "Feature", "properties": { "OBJECTID": 116118.0, "KDPPUM": "35", "NAMOBJ": "Besuki", "REMARK": null, "KDPBPS": null, "FCODE": "BA03070040", "LUASWH": 2.47264767, "UUPP": "Hasil Delineasi Batas Desa 2019", "SRS_ID": "SRGI 2013", "METADATA": "TASWIL1000020200326DATA_BATAS_DESA_KELURAHAN", "KDEBPS": null, "KDEPUM": "35.05.02.2003", "KDCBPS": null, "KDCPUM": "35.05.02", "KDBBPS": null, "WADMKD": "Besuki", "WIADKD": null, "WADMKC": "Udanawu", "WIADKC": null, "WADMKK": "Blitar", "WIADKK": null, "WADMPR": "Jawa Timur", "WIADPR": null, "TIPADM": 1.0, "KDPKAB": "35.05", "SHAPE_Leng": 0.070821899788410997, "SHAPE_Area": 0.00018510531333199999 }, "geometry": { "type": "MultiPolygon", "coordinates": [ [ [ [ 112.011625006000031, -7.998275077999949, 0.0 ], [ 112.011486034000086, -7.999144042999944, 0.0 ], [ 112.011211002000096, -8.000863763999973, 0.0 ], [ 112.01122, -8.000919998999962, 0.0 ], [ 112.0116, -8.00109, 0.0 ], [ 112.011839999000017, -8.00121, 0.0 ], [ 112.01197, -8.001409998999975, 0.0 ], [ 112.01197, -8.00188, 0.0 ], [ 112.01192, -8.00237, 0.0 ], [ 112.01193, -8.00267, 0.0 ], [ 112.01205, -8.00284, 0.0 ], [ 112.01228, -8.00306, 0.0 ], [ 112.01239, -8.00342, 0.0 ], [ 112.01239, -8.00376, 0.0 ], [ 112.01238, -8.00458, 0.0 ], [ 112.01168, -8.004859998999962, 0.0 ], [ 112.011167507000096, -8.005077420999953, 0.0 ], [ 112.011330455, -8.00560835899995, 0.0 ], [ 112.010930706000067, -8.005575045999933, 0.0 ], [ 112.010668965000036, -8.005584563999946, 0.0 ], [ 112.01035011700003, -8.00562739399993, 0.0 ], [ 112.0100297030001, -8.00566631199996, 0.0 ], [ 112.009756096000046, -8.005811724999944, 0.0 ], [ 112.008577419000062, -8.006067118999965, 0.0 ], [ 112.007727951000106, -8.006359792999945, 0.0 ], [ 112.007271095000078, -8.006466867999961, 0.0 ], [ 112.007028390000073, -8.006538251999928, 0.0 ], [ 112.006828515000052, -8.006631050999943, 0.0 ], [ 112.005407977, -8.00678809599998, 0.0 ], [ 112.004522817000066, -8.007102183999962, 0.0 ], [ 112.004180175000101, -8.007166429999927, 0.0 ], [ 112.003480613000079, -8.0073877199999, 0.0 ], [ 112.003994528000021, -8.009630351999931, 0.0 ], [ 112.00404216600009, -8.009922321999966, 0.0 ], [ 112.00354, -8.009969998999964, 0.0 ], [ 112.00319, -8.01, 0.0 ], [ 112.0029, -8.01, 0.0 ], [ 112.00064, -8.01011, 0.0 ], [ 112.000000000000114, -8.01011, 0.0 ], [ 111.99837, -8.0101, 0.0 ], [ 111.99812, -8.01007, 0.0 ], [ 111.99804, -8.01004, 0.0 ], [ 111.997025485000052, -8.010389341999939, 0.0 ], [ 111.997046970000042, -8.009477240999956, 0.0 ], [ 111.996381273000054, -8.009458068999947, 0.0 ], [ 111.996256798000047, -8.009447296999952, 0.0 ], [ 111.996001006000085, -8.009352117999981, 0.0 ], [ 111.995239578000053, -8.009322374999954, 0.0 ], [ 111.99493024800006, -8.009167709999929, 0.0 ], [ 111.994873774000041, -8.009136697999963, 0.0 ], [ 111.995169051000062, -8.006972799999971, 0.0 ], [ 111.995040560000064, -8.006934728999966, 0.0 ], [ 111.994269996000071, -8.006787974999952, 0.0 ], [ 111.99383100700004, -8.006711258999928, 0.0 ], [ 111.993873837000081, -8.006454276999932, 0.0 ], [ 111.99401660500007, -8.00646855399998, 0.0 ], [ 111.994003286000066, -8.006344127999967, 0.0 ], [ 111.994353973000045, -8.006433773999959, 0.0 ], [ 111.994354029000078, -8.006355209999981, 0.0 ], [ 111.99445918400005, -8.005611947999967, 0.0 ], [ 111.994612430000075, -8.005640680999932, 0.0 ], [ 111.994687613000053, -8.004327038999975, 0.0 ], [ 111.994687613000053, -8.004141440999945, 0.0 ], [ 111.994557032000046, -8.004117698999949, 0.0 ], [ 111.994594641000049, -8.003812854999978, 0.0 ], [ 111.994175513000073, -8.003778294999961, 0.0 ], [ 111.994168375000072, -8.003878232999966, 0.0 ], [ 111.993925670000067, -8.003849678999927, 0.0 ], [ 111.993914970000048, -8.003425857999957, 0.0 ], [ 111.993963741000073, -8.002736091999964, 0.0 ], [ 111.992842536000069, -8.002689860999965, 0.0 ], [ 111.992722408000077, -8.002696789999959, 0.0 ], [ 111.992678832000081, -8.003126322999947, 0.0 ], [ 111.992488475000073, -8.003107286999978, 0.0 ], [ 111.992107393000083, -8.003100716999938, 0.0 ], [ 111.992088726000077, -8.003250054999967, 0.0 ], [ 111.991936440000075, -8.003231018999941, 0.0 ], [ 111.991679458000078, -8.003231018999941, 0.0 ], [ 111.991746083000066, -8.00265043099995, 0.0 ], [ 111.991603316000067, -8.002621876999967, 0.0 ], [ 111.991631869000059, -8.002374412999927, 0.0 ], [ 111.991860298000063, -8.002402966999966, 0.0 ], [ 111.991879333000043, -8.002012734999937, 0.0 ], [ 111.993182180000076, -8.002192168999954, 0.0 ], [ 111.993211122000048, -7.999764655999968, 0.0 ], [ 111.991879333000043, -7.999671345999957, 0.0 ], [ 111.991888851000056, -7.99931918599998, 0.0 ], [ 111.991755601000079, -7.999309667999967, 0.0 ], [ 111.991788220000046, -7.998631189999969, 0.0 ], [ 111.991389707000053, -7.998558246999949, 0.0 ], [ 111.991541083000072, -7.996976469999936, 0.0 ], [ 111.991549002000056, -7.99689372399996, 0.0 ], [ 111.991633996000076, -7.996170173999928, 0.0 ], [ 111.991676157000086, -7.995811258999936, 0.0 ], [ 111.991782345000047, -7.995834986999967, 0.0 ], [ 111.993256097000085, -7.996076889999927, 0.0 ], [ 111.993256133000045, -7.996076895999977, 0.0 ], [ 111.993534965000038, -7.996122663999927, 0.0 ], [ 111.994990321000046, -7.996370422999973, 0.0 ], [ 111.995235249000075, -7.996398547999945, 0.0 ], [ 111.995408195000039, -7.99644120499994, 0.0 ], [ 111.995681896000065, -7.996454902999972, 0.0 ], [ 111.995948377000047, -7.996461439999962, 0.0 ], [ 111.996034815000087, -7.996468409999977, 0.0 ], [ 111.996258103000059, -7.99648222899998, 0.0 ], [ 111.996502944000042, -7.996474459999945, 0.0 ], [ 111.996574961000078, -7.996474285999966, 0.0 ], [ 111.996901191000063, -7.996510029999968, 0.0 ], [ 111.997410658000035, -7.996594309999978, 0.0 ], [ 111.997633928000084, -7.996600949999959, 0.0 ], [ 111.997890036000058, -7.996626508999952, 0.0 ], [ 111.997914865000041, -7.996628986999951, 0.0 ], [ 111.998044531000062, -7.996643031999952, 0.0 ], [ 111.998231916000066, -7.996700009999927, 0.0 ], [ 111.99844803700006, -7.996728202999975, 0.0 ], [ 111.998512853000079, -7.996728046999976, 0.0 ], [ 111.998592072000065, -7.996727854999961, 0.0 ], [ 111.99876493000005, -7.996734615999969, 0.0 ], [ 111.999074674000042, -7.996762582999963, 0.0 ], [ 111.999535777000062, -7.996840434999967, 0.0 ], [ 111.999809687000038, -7.996940275999975, 0.0 ], [ 111.999953809000033, -7.996975821999968, 0.0 ], [ 112.000227614000096, -7.997032589999947, 0.0 ], [ 112.000486964000061, -7.997067855999944, 0.0 ], [ 112.000631051000028, -7.997089043999949, 0.0 ], [ 112.00084713800004, -7.997102877999964, 0.0 ], [ 112.000998374, -7.99710251099998, 0.0 ], [ 112.001135206000072, -7.997102179999956, 0.0 ], [ 112.001250452000022, -7.997109078999927, 0.0 ], [ 112.001372968000055, -7.997144676999937, 0.0 ], [ 112.001560318000088, -7.997187295999936, 0.0 ], [ 112.00171879100003, -7.997201268999959, 0.0 ], [ 112.001769221000018, -7.997208325999964, 0.0 ], [ 112.001862983000024, -7.997265528999947, 0.0 ], [ 112.001999921000106, -7.997308269999962, 0.0 ], [ 112.002223227000059, -7.997329264999962, 0.0 ], [ 112.002302446000044, -7.997329072999946, 0.0 ], [ 112.002468121000106, -7.997343028999978, 0.0 ], [ 112.002532954000117, -7.997350049999966, 0.0 ], [ 112.002871540000115, -7.99739230199998, 0.0 ], [ 112.003118523000012, -7.997444622999978, 0.0 ], [ 112.003527283000039, -7.997548643999949, 0.0 ], [ 112.003937922000091, -7.997605076999946, 0.0 ], [ 112.00459343700004, -7.997668092999959, 0.0 ], [ 112.005364162000092, -7.997723648999965, 0.0 ], [ 112.006545580000079, -7.997857169999975, 0.0 ], [ 112.007193946000029, -7.997941735999973, 0.0 ], [ 112.007784558000026, -7.997969009999963, 0.0 ], [ 112.00833203000002, -7.998025104999954, 0.0 ], [ 112.008749871000077, -7.998081515999957, 0.0 ], [ 112.009059580000098, -7.998095116999934, 0.0 ], [ 112.010460459000114, -7.998186440999973, 0.0 ], [ 112.010695246000068, -7.998201292999966, 0.0 ], [ 112.0114221340001, -7.998247272999947, 0.0 ], [ 112.011488138, -7.99825631899995, 0.0 ], [ 112.011488174000078, -7.998256323999954, 0.0 ], [ 112.011625006000031, -7.998275077999949, 0.0 ] ] ] ] } },
{ "type": "Feature", "properties": { "OBJECTID": 116117.0, "KDPPUM": "35", "NAMOBJ": "Temenggungan", "REMARK": null, "KDPBPS": null, "FCODE": "BA03070040", "LUASWH": 3.01328366, "UUPP": "Hasil Delineasi Batas Desa 2019", "SRS_ID": "SRGI 2013", "METADATA": "TASWIL1000020200326DATA_BATAS_DESA_KELURAHAN", "KDEBPS": null, "KDEPUM": "35.05.02.2002", "KDCBPS": null, "KDCPUM": "35.05.02", "KDBBPS": null, "WADMKD": "Temenggungan", "WIADKD": null, "WADMKC": "Udanawu", "WIADKC": null, "WADMKK": "Blitar", "WIADKK": null, "WADMPR": "Jawa Timur", "WIADPR": null, "TIPADM": 1.0, "KDPKAB": "35.05", "SHAPE_Leng": 0.079809705814007995, "SHAPE_Area": 0.000241870467323 }, "geometry": { "type": "MultiPolygon", "coordinates": [ [ [ [ 111.986106840000048, -7.997750197999949, 0.0 ], [ 111.986144996000064, -7.997752590999937, 0.0 ], [ 111.98615165800004, -7.997678755999971, 0.0 ], [ 111.986183162000088, -7.997682663999967, 0.0 ], [ 111.986206585000048, -7.99757578699996, 0.0 ], [ 111.986712586000067, -7.997662135999974, 0.0 ], [ 111.987303953000037, -7.997753449999948, 0.0 ], [ 111.988162610000074, -7.997936851999953, 0.0 ], [ 111.988642930000083, -7.998019455999952, 0.0 ], [ 111.989942919000043, -7.998294524999949, 0.0 ], [ 111.991389707000053, -7.998558246999949, 0.0 ], [ 111.991788220000046, -7.998631189999969, 0.0 ], [ 111.991755601000079, -7.999309667999967, 0.0 ], [ 111.991888851000056, -7.99931918599998, 0.0 ], [ 111.991879333000043, -7.999671345999957, 0.0 ], [ 111.993211122000048, -7.999764655999968, 0.0 ], [ 111.993182180000076, -8.002192168999954, 0.0 ], [ 111.991879333000043, -8.002012734999937, 0.0 ], [ 111.991860298000063, -8.002402966999966, 0.0 ], [ 111.991631869000059, -8.002374412999927, 0.0 ], [ 111.991603316000067, -8.002621876999967, 0.0 ], [ 111.991746083000066, -8.00265043099995, 0.0 ], [ 111.991679458000078, -8.003231018999941, 0.0 ], [ 111.991936440000075, -8.003231018999941, 0.0 ], [ 111.992088726000077, -8.003250054999967, 0.0 ], [ 111.992107393000083, -8.003100716999938, 0.0 ], [ 111.992488475000073, -8.003107286999978, 0.0 ], [ 111.992678832000081, -8.003126322999947, 0.0 ], [ 111.992722408000077, -8.002696789999959, 0.0 ], [ 111.992842536000069, -8.002689860999965, 0.0 ], [ 111.993963741000073, -8.002736091999964, 0.0 ], [ 111.993914970000048, -8.003425857999957, 0.0 ], [ 111.993925670000067, -8.003849678999927, 0.0 ], [ 111.994168375000072, -8.003878232999966, 0.0 ], [ 111.994175513000073, -8.003778294999961, 0.0 ], [ 111.994594641000049, -8.003812854999978, 0.0 ], [ 111.994557032000046, -8.004117698999949, 0.0 ], [ 111.994687613000053, -8.004141440999945, 0.0 ], [ 111.994687613000053, -8.004327038999975, 0.0 ], [ 111.994612430000075, -8.005640680999932, 0.0 ], [ 111.99445918400005, -8.005611947999967, 0.0 ], [ 111.994354029000078, -8.006355209999981, 0.0 ], [ 111.994353973000045, -8.006433773999959, 0.0 ], [ 111.994003286000066, -8.006344127999967, 0.0 ], [ 111.99401660500007, -8.00646855399998, 0.0 ], [ 111.993873837000081, -8.006454276999932, 0.0 ], [ 111.99383100700004, -8.006711258999928, 0.0 ], [ 111.994269996000071, -8.006787974999952, 0.0 ], [ 111.995040560000064, -8.006934728999966, 0.0 ], [ 111.995169051000062, -8.006972799999971, 0.0 ], [ 111.994873774000041, -8.009136697999963, 0.0 ], [ 111.99493024800006, -8.009167709999929, 0.0 ], [ 111.995239578000053, -8.009322374999954, 0.0 ], [ 111.996001006000085, -8.009352117999981, 0.0 ], [ 111.996256798000047, -8.009447296999952, 0.0 ], [ 111.996381273000054, -8.009458068999947, 0.0 ], [ 111.997046970000042, -8.009477240999956, 0.0 ], [ 111.997025485000052, -8.010389341999939, 0.0 ], [ 111.997011831000066, -8.010969026999931, 0.0 ], [ 111.997030353000071, -8.011179603999949, 0.0 ], [ 111.9965, -8.011099998999953, 0.0 ], [ 111.99574, -8.01104, 0.0 ], [ 111.995845895000059, -8.012111167999933, 0.0 ], [ 111.995524667000041, -8.012170653999931, 0.0 ], [ 111.995631743000047, -8.012943978999942, 0.0 ], [ 111.995488976000047, -8.012955876999968, 0.0 ], [ 111.995488976000047, -8.013110541999936, 0.0 ], [ 111.995346208000058, -8.013110541999936, 0.0 ], [ 111.995393797000077, -8.013467460999948, 0.0 ], [ 111.995191543000033, -8.013443665999944, 0.0 ], [ 111.995262927000056, -8.013776790999941, 0.0 ], [ 111.994941700000084, -8.013776790999941, 0.0 ], [ 111.993576186000041, -8.013953167999944, 0.0 ], [ 111.99377, -8.01454, 0.0 ], [ 111.991346631000056, -8.014621796999961, 0.0 ], [ 111.991357190000087, -8.013839345999941, 0.0 ], [ 111.991368047000037, -8.013508208999951, 0.0 ], [ 111.990789837000079, -8.013329748999979, 0.0 ], [ 111.990183075000061, -8.013115597999956, 0.0 ], [ 111.989447821000056, -8.01301566099994, 0.0 ], [ 111.989226532000089, -8.012908584999934, 0.0 ], [ 111.989083764000043, -8.012751539999954, 0.0 ], [ 111.988555524000049, -8.012737263999952, 0.0 ], [ 111.988477071000034, -8.013842671999953, 0.0 ], [ 111.988380851000045, -8.01383625699998, 0.0 ], [ 111.987624183000037, -8.013736319999964, 0.0 ], [ 111.987053112000069, -8.013564998999925, 0.0 ], [ 111.986710470000048, -8.013393677999943, 0.0 ], [ 111.986396381000077, -8.013193802999979, 0.0 ], [ 111.986082292000049, -8.013179525999931, 0.0 ], [ 111.98565398900007, -8.013122418999956, 0.0 ], [ 111.985254240000074, -8.012922543999935, 0.0 ], [ 111.984580264000044, -8.0120136099999, 0.0 ], [ 111.9843, -8.01172, 0.0 ], [ 111.98381, -8.0116, 0.0 ], [ 111.983430860000055, -8.01146902399995, 0.0 ], [ 111.98311986300007, -8.011140724999962, 0.0 ], [ 111.982917609000083, -8.010950367999953, 0.0 ], [ 111.982608279000033, -8.01078380499996, 0.0 ], [ 111.982239462000052, -8.010664831999975, 0.0 ], [ 111.981953927000063, -8.010581550999973, 0.0 ], [ 111.980880790000072, -8.010313068999949, 0.0 ], [ 111.980795130000047, -8.01017030099996, 0.0 ], [ 111.980657121000036, -8.010032291999948, 0.0 ], [ 111.980471523000062, -8.009960907999925, 0.0 ], [ 111.980333514000051, -8.009913318999963, 0.0 ], [ 111.980047979000062, -8.009837176999952, 0.0 ], [ 111.979743408000047, -8.009794345999978, 0.0 ], [ 111.978472776000046, -8.009261346999949, 0.0 ], [ 111.977445970000076, -8.008894960999953, 0.0 ], [ 111.977046511000083, -8.008752424999955, 0.0 ], [ 111.976933289000044, -8.00869979, 0.0 ], [ 111.976933304000056, -8.008699753999963, 0.0 ], [ 111.976937451000083, -8.008690085999945, 0.0 ], [ 111.977131171000053, -8.00789978499995, 0.0 ], [ 111.977689945000066, -8.006649330999949, 0.0 ], [ 111.977885828000069, -8.006242061999956, 0.0 ], [ 111.978153524000049, -8.005748475999951, 0.0 ], [ 111.978277026000058, -8.005336543999931, 0.0 ], [ 111.978277050000088, -8.005233799999928, 0.0 ], [ 111.977747988000033, -8.005032954999933, 0.0 ], [ 111.97747352600004, -8.00487101799996, 0.0 ], [ 111.977148770000042, -8.00467940599998, 0.0 ], [ 111.977040462000048, -8.004615501999979, 0.0 ], [ 111.97675931200007, -8.004449616999977, 0.0 ], [ 111.976630070000056, -8.004324685999961, 0.0 ], [ 111.976514013000042, -8.004164962999937, 0.0 ], [ 111.97645736700008, -8.003972049999959, 0.0 ], [ 111.976404805000072, -8.003793046999931, 0.0 ], [ 111.976305627000045, -8.003443206999975, 0.0 ], [ 111.976355665000085, -8.003229473999966, 0.0 ], [ 111.976389873000073, -8.003072524999936, 0.0 ], [ 111.976413697000055, -8.00299589399998, 0.0 ], [ 111.976465654000037, -8.002809794999962, 0.0 ], [ 111.976448037000068, -8.002759847999926, 0.0 ], [ 111.976455653000073, -8.002648282999928, 0.0 ], [ 111.976497935000054, -8.002484110999944, 0.0 ], [ 111.976497863000077, -8.002480041999945, 0.0 ], [ 111.976554566000061, -8.002259386999981, 0.0 ], [ 111.976610014000073, -8.00204361699997, 0.0 ], [ 111.976694670000086, -8.001714182999933, 0.0 ], [ 111.976791587000037, -8.001357963999965, 0.0 ], [ 111.976797493000049, -8.001336505999973, 0.0 ], [ 111.97682949600005, -8.001217762999943, 0.0 ], [ 111.976943938000034, -8.000792416999957, 0.0 ], [ 111.976951555000085, -8.000769542999933, 0.0 ], [ 111.97699735100008, -8.000600744999929, 0.0 ], [ 111.977157542000043, -8.000000869999951, 0.0 ], [ 111.977210226000068, -7.99981079, 0.0 ], [ 111.977299028000061, -7.999470708999979, 0.0 ], [ 111.97738918500005, -7.999125434999939, 0.0 ], [ 111.97744748100007, -7.9988884099999, 0.0 ], [ 111.977591566000058, -7.998325200999943, 0.0 ], [ 111.977591574000087, -7.998325167999951, 0.0 ], [ 111.977706321000085, -7.997816000999933, 0.0 ], [ 111.97770818500004, -7.997811401999968, 0.0 ], [ 111.977813876000084, -7.997550517999969, 0.0 ], [ 111.978455377000046, -7.997684050999965, 0.0 ], [ 111.979293596000048, -7.997854357999927, 0.0 ], [ 111.980122144000063, -7.997995970999966, 0.0 ], [ 111.98015915700006, -7.998004875999925, 0.0 ], [ 111.980636770000046, -7.998119781999947, 0.0 ], [ 111.980704784000068, -7.997950916999969, 0.0 ], [ 111.980996499000071, -7.997968170999968, 0.0 ], [ 111.981167368000058, -7.997142190999966, 0.0 ], [ 111.981223443000033, -7.996926019999933, 0.0 ], [ 111.981399510000074, -7.996950066999943, 0.0 ], [ 111.981872537000072, -7.997055925999973, 0.0 ], [ 111.982360798000059, -7.997140796999929, 0.0 ], [ 111.98250575600008, -7.997165120999966, 0.0 ], [ 111.982871981000073, -7.997268126999927, 0.0 ], [ 111.982948268000087, -7.997287687999972, 0.0 ], [ 111.983016939000038, -7.997305314999949, 0.0 ], [ 111.983322111000064, -7.997349636999957, 0.0 ], [ 111.983848527000077, -7.99742785799998, 0.0 ], [ 111.98493189900006, -7.997582825999928, 0.0 ], [ 111.985038725000038, -7.997599992999938, 0.0 ], [ 111.985404927000047, -7.997657201999971, 0.0 ], [ 111.985687225000049, -7.997701088999975, 0.0 ], [ 111.985794027000054, -7.997713492999935, 0.0 ], [ 111.986106840000048, -7.997750197999949, 0.0 ] ] ] ] } },
{ "type": "Feature", "properties": { "OBJECTID": 116119.0, "KDPPUM": "35", "NAMOBJ": "Bakung", "REMARK": null, "KDPBPS": null, "FCODE": "BA03070040", "LUASWH": 4.35808512, "UUPP": "Hasil Delineasi Batas Desa 2019", "SRS_ID": "SRGI 2013", "METADATA": "TASWIL1000020200326DATA_BATAS_DESA_KELURAHAN", "KDEBPS": null, "KDEPUM": "35.05.02.2005", "KDCBPS": null, "KDCPUM": "35.05.02", "KDBBPS": null, "WADMKD": "Bakung", "WIADKD": null, "WADMKC": "Udanawu", "WIADKC": null, "WADMKK": "Blitar", "WIADKK": null, "WADMPR": "Jawa Timur", "WIADPR": null, "TIPADM": 1.0, "KDPKAB": "35.05", "SHAPE_Leng": 0.10856825122395899, "SHAPE_Area": 0.00034981861696099998 }, "geometry": { "type": "MultiPolygon", "coordinates": [ [ [ [ 112.03648, -7.99913, 0.0 ], [ 112.03658, -7.999899998999979, 0.0 ], [ 112.03657, -7.999999998999954, 0.0 ], [ 112.03657, -8.000259998999979, 0.0 ], [ 112.0366, -8.000649997999972, 0.0 ], [ 112.036625424000022, -8.000951910999959, 0.0 ], [ 112.03668, -8.0016, 0.0 ], [ 112.03677, -8.00249, 0.0 ], [ 112.036760001000061, -8.00269, 0.0 ], [ 112.03686, -8.00409, 0.0 ], [ 112.03686, -8.0042, 0.0 ], [ 112.036879999, -8.00428, 0.0 ], [ 112.03656, -8.00434, 0.0 ], [ 112.036300001000086, -8.00437, 0.0 ], [ 112.035709999, -8.004509998999936, 0.0 ], [ 112.035760001000085, -8.00464, 0.0 ], [ 112.035800001000098, -8.004839998999955, 0.0 ], [ 112.035810001000073, -8.00505, 0.0 ], [ 112.03579, -8.00542, 0.0 ], [ 112.03566, -8.00579, 0.0 ], [ 112.035640001000047, -8.0061, 0.0 ], [ 112.035640001000047, -8.00616, 0.0 ], [ 112.03567, -8.006419998999945, 0.0 ], [ 112.03577, -8.00676, 0.0 ], [ 112.03566, -8.00764, 0.0 ], [ 112.03551, -8.008449998999936, 0.0 ], [ 112.035460001000047, -8.00895, 0.0 ], [ 112.035919795000041, -8.00886444799994, 0.0 ], [ 112.035959552, -8.009584749999931, 0.0 ], [ 112.035835820000102, -8.009746553999946, 0.0 ], [ 112.035426950000101, -8.00978529899993, 0.0 ], [ 112.035183223000104, -8.009774953999965, 0.0 ], [ 112.034669260000101, -8.009789229999967, 0.0 ], [ 112.034019324000042, -8.009770006999929, 0.0 ], [ 112.034029917000112, -8.010789668999962, 0.0 ], [ 112.033606239000051, -8.010786598999971, 0.0 ], [ 112.033171039000081, -8.010866764999946, 0.0 ], [ 112.033201757000029, -8.012160754999968, 0.0 ], [ 112.032851976000075, -8.012198429999955, 0.0 ], [ 112.032038201000091, -8.012205567999956, 0.0 ], [ 112.031495683000117, -8.012177014999963, 0.0 ], [ 112.031529209000041, -8.010526821999974, 0.0 ], [ 112.03140592200009, -8.010535184999981, 0.0 ], [ 112.029389860000038, -8.01047609699998, 0.0 ], [ 112.029336732000047, -8.011109013999942, 0.0 ], [ 112.028558804000113, -8.011174076999964, 0.0 ], [ 112.027927042000101, -8.011246422999932, 0.0 ], [ 112.027786080000055, -8.011266242999966, 0.0 ], [ 112.027782535000028, -8.011652739999931, 0.0 ], [ 112.027401821000012, -8.011664636999967, 0.0 ], [ 112.027389923000101, -8.011736020999933, 0.0 ], [ 112.027134131000025, -8.011730071999978, 0.0 ], [ 112.027118004000044, -8.011358399999949, 0.0 ], [ 112.024947881000116, -8.011607222999942, 0.0 ], [ 112.025135384, -8.012704461999931, 0.0 ], [ 112.024240707000104, -8.012837711999964, 0.0 ], [ 112.024383474000047, -8.013542031999975, 0.0 ], [ 112.023507833000053, -8.013637209999956, 0.0 ], [ 112.023479279000071, -8.013437335999981, 0.0 ], [ 112.02253, -8.01341, 0.0 ], [ 112.022172466000029, -8.013529686999959, 0.0 ], [ 112.02232, -8.01487, 0.0 ], [ 112.02236, -8.01526, 0.0 ], [ 112.02114, -8.015449998999941, 0.0 ], [ 112.021179406000101, -8.017876765999972, 0.0 ], [ 112.021181095000088, -8.017980809999926, 0.0 ], [ 112.01914785200006, -8.018018741999981, 0.0 ], [ 112.018043472000045, -8.017980339999951, 0.0 ], [ 112.017259408000086, -8.017953076999959, 0.0 ], [ 112.017211819000067, -8.018191022999929, 0.0 ], [ 112.017030980000072, -8.018200540999942, 0.0 ], [ 112.01700242600009, -8.018352825999955, 0.0 ], [ 112.016250516000014, -8.018352825999955, 0.0 ], [ 112.016250516000014, -8.018200540999942, 0.0 ], [ 112.015422464000039, -8.018181504999973, 0.0 ], [ 112.015422464000039, -8.017734165999968, 0.0 ], [ 112.015884079000102, -8.017724648999945, 0.0 ], [ 112.015776552000034, -8.01586324799996, 0.0 ], [ 112.015760169000032, -8.015512602999934, 0.0 ], [ 112.016114887000072, -8.015495093999959, 0.0 ], [ 112.016057780000096, -8.014966852999976, 0.0 ], [ 112.016343315000086, -8.014824085999976, 0.0 ], [ 112.016528913000116, -8.014509996999948, 0.0 ], [ 112.016514637000114, -8.013125149999951, 0.0 ], [ 112.016343315000086, -8.013096596999958, 0.0 ], [ 112.015655475000017, -8.01327187499993, 0.0 ], [ 112.015301389000115, -8.013325619999932, 0.0 ], [ 112.015307673000052, -8.01321646699995, 0.0 ], [ 112.015226436000034, -8.012743841999963, 0.0 ], [ 112.014118871000051, -8.012921176999953, 0.0 ], [ 112.01408548400002, -8.012353609999934, 0.0 ], [ 112.013990306000096, -8.011130566999952, 0.0 ], [ 112.014104520000046, -8.011106772999938, 0.0 ], [ 112.014090243000055, -8.010254925999959, 0.0 ], [ 112.014352698000039, -8.009623178999959, 0.0 ], [ 112.016120000000114, -8.004799998999943, 0.0 ], [ 112.015719999000112, -8.00498, 0.0 ], [ 112.01528, -8.00512, 0.0 ], [ 112.01507, -8.00514, 0.0 ], [ 112.014919999000085, -8.00518, 0.0 ], [ 112.01484, -8.005209998999931, 0.0 ], [ 112.0146, -8.005329998999969, 0.0 ], [ 112.014089302000116, -8.006028491999928, 0.0 ], [ 112.013446847000068, -8.006314027999963, 0.0 ], [ 112.012947160000067, -8.00638541099994, 0.0 ], [ 112.012647348000087, -8.006256920999931, 0.0 ], [ 112.01238, -8.00458, 0.0 ], [ 112.01239, -8.00376, 0.0 ], [ 112.01239, -8.00342, 0.0 ], [ 112.01228, -8.00306, 0.0 ], [ 112.01205, -8.00284, 0.0 ], [ 112.01193, -8.00267, 0.0 ], [ 112.01192, -8.00237, 0.0 ], [ 112.01197, -8.00188, 0.0 ], [ 112.01197, -8.001409998999975, 0.0 ], [ 112.011839999000017, -8.00121, 0.0 ], [ 112.0116, -8.00109, 0.0 ], [ 112.01122, -8.000919998999962, 0.0 ], [ 112.011211002000096, -8.000863763999973, 0.0 ], [ 112.011486034000086, -7.999144042999944, 0.0 ], [ 112.011625006000031, -7.998275077999949, 0.0 ], [ 112.01172181600009, -7.998288346999971, 0.0 ], [ 112.011782344000039, -7.998296642999946, 0.0 ], [ 112.012149702000102, -7.998324457999956, 0.0 ], [ 112.012249587000042, -7.998322609999946, 0.0 ], [ 112.012390036000056, -7.998320010999976, 0.0 ], [ 112.012508622000041, -7.998317816999929, 0.0 ], [ 112.013055720000011, -7.998333835999972, 0.0 ], [ 112.012939869000093, -7.999184272999969, 0.0 ], [ 112.012934771, -7.999287050999953, 0.0 ], [ 112.012916380000092, -7.999657842999966, 0.0 ], [ 112.012866570000028, -7.999902044999942, 0.0 ], [ 112.012879595000072, -8.000495827999941, 0.0 ], [ 112.013514664000013, -8.000476180999954, 0.0 ], [ 112.013551716000052, -8.000783592999937, 0.0 ], [ 112.014177624000013, -8.000727790999974, 0.0 ], [ 112.014230702000077, -8.001720026999976, 0.0 ], [ 112.01531878600008, -8.001238763999936, 0.0 ], [ 112.015865907000034, -8.001004009999974, 0.0 ], [ 112.015987642000027, -8.0008704, 0.0 ], [ 112.016035464000083, -8.000793707999946, 0.0 ], [ 112.016280116000075, -8.000709352999934, 0.0 ], [ 112.016599794000058, -8.000586171999942, 0.0 ], [ 112.016980482, -8.00046354899996, 0.0 ], [ 112.01721078300011, -8.000400764999938, 0.0 ], [ 112.017877591000115, -7.999977064999939, 0.0 ], [ 112.017890525000098, -7.999556996999956, 0.0 ], [ 112.018074206000051, -7.999557562999939, 0.0 ], [ 112.018232621000038, -7.999558051999941, 0.0 ], [ 112.018362190000062, -7.999558450999928, 0.0 ], [ 112.018499021000025, -7.999558872999955, 0.0 ], [ 112.018557837000117, -7.999557277999941, 0.0 ], [ 112.018605, -7.999556, 0.0 ], [ 112.018647764000093, -7.99955435499993, 0.0 ], [ 112.019036, -7.999485000999925, 0.0 ], [ 112.019212091000099, -7.999435902999949, 0.0 ], [ 112.019623, -7.999319005999951, 0.0 ], [ 112.020194617000016, -7.999162362999925, 0.0 ], [ 112.020856327000047, -7.998978386999966, 0.0 ], [ 112.021049336000033, -7.998925632999942, 0.0 ], [ 112.02104939600008, -7.998925615999951, 0.0 ], [ 112.021102142000018, -7.998910946999956, 0.0 ], [ 112.021133270000064, -7.998902288999943, 0.0 ], [ 112.021202046000099, -7.998883159999934, 0.0 ], [ 112.02120664600011, -7.998881928999936, 0.0 ], [ 112.021315940000022, -7.998852686999953, 0.0 ], [ 112.021413910000092, -7.99882647499993, 0.0 ], [ 112.021591432000037, -7.998778977999962, 0.0 ], [ 112.021669624000083, -7.998758057999964, 0.0 ], [ 112.021690332000048, -7.998752519999925, 0.0 ], [ 112.02169540500006, -7.998751174999938, 0.0 ], [ 112.021803820000059, -7.998722474999965, 0.0 ], [ 112.022018673000048, -7.998665599999981, 0.0 ], [ 112.022196415000053, -7.998618548999957, 0.0 ], [ 112.022315854000112, -7.998586931999967, 0.0 ], [ 112.022318760000076, -7.99858616299997, 0.0 ], [ 112.022319050000078, -7.998586084999943, 0.0 ], [ 112.022466139000016, -7.998546137999938, 0.0 ], [ 112.022923974000037, -7.998424664999959, 0.0 ], [ 112.023250265000115, -7.998339579999936, 0.0 ], [ 112.023376431000088, -7.998306182999954, 0.0 ], [ 112.023497039000063, -7.998272179999958, 0.0 ], [ 112.023684579000019, -7.998219306999943, 0.0 ], [ 112.023684745000082, -7.998219258999939, 0.0 ], [ 112.024293777000025, -7.998043877999976, 0.0 ], [ 112.024418028000014, -7.998011647999931, 0.0 ], [ 112.024824779000028, -7.997902471999964, 0.0 ], [ 112.025402920000033, -7.997748510999941, 0.0 ], [ 112.02595640800007, -7.997596570999974, 0.0 ], [ 112.026352273000043, -7.997486978999973, 0.0 ], [ 112.026655797000103, -7.997401565999951, 0.0 ], [ 112.027005820000113, -7.997304489999976, 0.0 ], [ 112.02714874600008, -7.997265822999964, 0.0 ], [ 112.027168245000098, -7.997260024999946, 0.0 ], [ 112.02727005700001, -7.997233003999952, 0.0 ], [ 112.027270382000097, -7.997232916999963, 0.0 ], [ 112.027436420000072, -7.997187996999969, 0.0 ], [ 112.027857744000016, -7.997075994999932, 0.0 ], [ 112.028257895000024, -7.996964683999977, 0.0 ], [ 112.028457436000053, -7.996902825999939, 0.0 ], [ 112.028439886000115, -7.996848753999927, 0.0 ], [ 112.028419878000022, -7.996715998999946, 0.0 ], [ 112.028393932000085, -7.996613719999971, 0.0 ], [ 112.028785326000047, -7.996461437999926, 0.0 ], [ 112.028890920000094, -7.99644921, 0.0 ], [ 112.029020412000023, -7.996393849999947, 0.0 ], [ 112.029207463000034, -7.996316809999939, 0.0 ], [ 112.029267357000094, -7.996268801999975, 0.0 ], [ 112.029411342000117, -7.996249299999931, 0.0 ], [ 112.029667954000047, -7.996150549999982, 0.0 ], [ 112.029747106000059, -7.996124030999965, 0.0 ], [ 112.029816698000104, -7.996114285999965, 0.0 ], [ 112.029907847000118, -7.996085342999947, 0.0 ], [ 112.029951021000102, -7.996070877999955, 0.0 ], [ 112.029994206000083, -7.996061198999939, 0.0 ], [ 112.03004460000011, -7.996053893999942, 0.0 ], [ 112.030107002000022, -7.996048952999956, 0.0 ], [ 112.030157390000113, -7.996039254999971, 0.0 ], [ 112.030401993000055, -7.995938141999943, 0.0 ], [ 112.030502726, -7.995901996999976, 0.0 ], [ 112.030841238000107, -7.995657985999969, 0.0 ], [ 112.030841215, -7.995648941999946, 0.0 ], [ 112.031525343000112, -7.995405973999937, 0.0 ], [ 112.032655347000059, -7.995144714999981, 0.0 ], [ 112.03372844, -7.994610398999953, 0.0 ], [ 112.03442154600009, -7.994265286999962, 0.0 ], [ 112.034402120000095, -7.994211113999938, 0.0 ], [ 112.035099964000096, -7.993911742999956, 0.0 ], [ 112.035551793000081, -7.993739755999968, 0.0 ], [ 112.035750350000058, -7.993657419999977, 0.0 ], [ 112.036308639000026, -7.993436349999968, 0.0 ], [ 112.036639618000095, -7.993319222999958, 0.0 ], [ 112.036775478000095, -7.993279568999981, 0.0 ], [ 112.036766018000094, -7.993330866999941, 0.0 ], [ 112.036761585000022, -7.993364164999946, 0.0 ], [ 112.03676155800008, -7.993364367999959, 0.0 ], [ 112.036761532000014, -7.993364560999964, 0.0 ], [ 112.036758846000112, -7.993384726999977, 0.0 ], [ 112.03675789600004, -7.99339187399994, 0.0 ], [ 112.036757404000014, -7.993395567999926, 0.0 ], [ 112.036742932000038, -7.993504277999932, 0.0 ], [ 112.036730431000024, -7.993598169999927, 0.0 ], [ 112.036723039000094, -7.993653699999982, 0.0 ], [ 112.036721122000017, -7.993668101999958, 0.0 ], [ 112.036720246000073, -7.993674677999934, 0.0 ], [ 112.036602863000098, -7.99444786, 0.0 ], [ 112.036601095000037, -7.994459507999977, 0.0 ], [ 112.036599205000016, -7.994471961999977, 0.0 ], [ 112.036587900000086, -7.994546428999968, 0.0 ], [ 112.036587869000073, -7.994546627999966, 0.0 ], [ 112.036578213000098, -7.994610235999971, 0.0 ], [ 112.036578182000085, -7.99461043499997, 0.0 ], [ 112.03657, -7.994679997999981, 0.0 ], [ 112.036537982000027, -7.994952146999935, 0.0 ], [ 112.036458096000047, -7.995631179999975, 0.0 ], [ 112.036436729000116, -7.995812795999939, 0.0 ], [ 112.036429999, -7.995869998999979, 0.0 ], [ 112.03641, -7.9969, 0.0 ], [ 112.03642, -7.996999997999978, 0.0 ], [ 112.03646, -7.997819997999954, 0.0 ], [ 112.036469999000019, -7.99861, 0.0 ], [ 112.03648, -7.99913, 0.0 ] ] ] ] } },
{ "type": "Feature", "properties": { "OBJECTID": 116121.0, "KDPPUM": "35", "NAMOBJ": "Bendorejo", "REMARK": null, "KDPBPS": null, "FCODE": "BA03070040", "LUASWH": 1.69774594, "UUPP": "Hasil Delineasi Batas Desa 2019", "SRS_ID": "SRGI 2013", "METADATA": "TASWIL1000020200326DATA_BATAS_DESA_KELURAHAN", "KDEBPS": null, "KDEPUM": "35.05.02.2012", "KDCBPS": null, "KDCPUM": "35.05.02", "KDBBPS": null, "WADMKD": "Bendorejo", "WIADKD": null, "WADMKC": "Udanawu", "WIADKC": null, "WADMKK": "Blitar", "WIADKK": null, "WADMPR": "Jawa Timur", "WIADPR": null, "TIPADM": 1.0, "KDPKAB": "35.05", "SHAPE_Leng": 0.068005666772329998, "SHAPE_Area": 0.00013847950972599999 }, "geometry": { "type": "MultiPolygon", "coordinates": [ [ [ [ 112.067586335000101, -7.992270422999979, 0.0 ], [ 112.06763821800007, -7.994001855999954, 0.0 ], [ 112.067790504000072, -7.993997096999976, 0.0 ], [ 112.067842852000012, -7.995267728999977, 0.0 ], [ 112.067857684000046, -7.995650742999942, 0.0 ], [ 112.067587812000056, -7.99570354399998, 0.0 ], [ 112.067587812000056, -7.996010202999969, 0.0 ], [ 112.067398289000039, -7.996152345999974, 0.0 ], [ 112.067290380000031, -7.996160977999978, 0.0 ], [ 112.067030493000061, -7.996202143999938, 0.0 ], [ 112.067076228000019, -7.996815935999962, 0.0 ], [ 112.067417156000033, -7.996808905999956, 0.0 ], [ 112.067446899000061, -7.99734428499994, 0.0 ], [ 112.067516429000079, -7.997338335999927, 0.0 ], [ 112.067516429000079, -7.997933676999935, 0.0 ], [ 112.066981050000095, -7.997969368999975, 0.0 ], [ 112.066992947000017, -7.998159725999926, 0.0 ], [ 112.067016742000078, -7.998457157999951, 0.0 ], [ 112.067017007000118, -7.998466922999967, 0.0 ], [ 112.067634570000109, -7.998401002999969, 0.0 ], [ 112.067925703000014, -7.998385050999957, 0.0 ], [ 112.068329505000065, -7.998374397999953, 0.0 ], [ 112.068334194000045, -7.998782422999966, 0.0 ], [ 112.068338890000064, -7.999190984999927, 0.0 ], [ 112.068316066000079, -7.999274673999935, 0.0 ], [ 112.068299111000101, -7.999735055999963, 0.0 ], [ 112.068272266, -7.99973350199997, 0.0 ], [ 112.068319855000027, -8.000523482999938, 0.0 ], [ 112.067882034000036, -8.000533, 0.0 ], [ 112.066102197000077, -8.000675766999962, 0.0 ], [ 112.065864251000107, -8.000694803999977, 0.0 ], [ 112.065845215000081, -8.000923231999934, 0.0 ], [ 112.065150413000083, -8.000970819999964, 0.0 ], [ 112.064078703000064, -8.001066, 0.0 ], [ 112.064071588000047, -8.001298304999978, 0.0 ], [ 112.064017789000104, -8.001303944999961, 0.0 ], [ 112.062828059000026, -8.001427676999981, 0.0 ], [ 112.062390928000013, -8.001581699999974, 0.0 ], [ 112.062423372000012, -8.001835446999962, 0.0 ], [ 112.062059314000066, -8.001871139999935, 0.0 ], [ 112.06150965900008, -8.001906831999975, 0.0 ], [ 112.061552489000064, -8.00292762, 0.0 ], [ 112.06113846300002, -8.00288478899995, 0.0 ], [ 112.061131325000019, -8.003127493999955, 0.0 ], [ 112.060917173, -8.003113217999953, 0.0 ], [ 112.060674468000116, -8.003106078999963, 0.0 ], [ 112.060310411000046, -8.003063248999979, 0.0 ], [ 112.06035324100003, -8.002756297999952, 0.0 ], [ 112.060418931000072, -8.002253742999926, 0.0 ], [ 112.059726664000095, -8.002279381999926, 0.0 ], [ 112.059755223000025, -8.001944020999929, 0.0 ], [ 112.059369750000087, -8.00184408299998, 0.0 ], [ 112.05928409, -8.001744144999975, 0.0 ], [ 112.059127045000082, -8.001130243999967, 0.0 ], [ 112.059132320000117, -7.999853216999952, 0.0 ], [ 112.059208462000015, -7.99932021799998, 0.0 ], [ 112.058932445000096, -7.99929166499993, 0.0 ], [ 112.05855173100008, -7.99929166499993, 0.0 ], [ 112.058104392000018, -7.99929166499993, 0.0 ], [ 112.05741910800009, -7.999272628999961, 0.0 ], [ 112.056591055000013, -7.999244074999979, 0.0 ], [ 112.05608660900009, -7.999225040999931, 0.0 ], [ 112.055734449000056, -7.999158414999954, 0.0 ], [ 112.055446501, -7.999158414999954, 0.0 ], [ 112.055230004, -7.998977575999959, 0.0 ], [ 112.054944468000031, -7.998863360999962, 0.0 ], [ 112.054735076000043, -7.998863360999962, 0.0 ], [ 112.054525683000065, -7.998882397999978, 0.0 ], [ 112.05445905800002, -7.999006128999952, 0.0 ], [ 112.054297255000051, -7.999091789999966, 0.0 ], [ 112.054068827000037, -7.999129860999972, 0.0 ], [ 112.054054108000059, -7.99872510199998, 0.0 ], [ 112.053848316000085, -7.998724573999937, 0.0 ], [ 112.053885608000087, -7.998306567999975, 0.0 ], [ 112.053533448000053, -7.998316085999932, 0.0 ], [ 112.053105145000018, -7.998335120999968, 0.0 ], [ 112.053056842000046, -7.999259393999978, 0.0 ], [ 112.052728476000084, -7.999387884999976, 0.0 ], [ 112.052357280000024, -7.999188008999965, 0.0 ], [ 112.051700549000088, -7.999030964999974, 0.0 ], [ 112.05065279300004, -7.999027792999925, 0.0 ], [ 112.050678094000091, -7.998305955999967, 0.0 ], [ 112.050843150000105, -7.998266364999949, 0.0 ], [ 112.050966882000012, -7.997171812999966, 0.0 ], [ 112.050992113, -7.996591492999926, 0.0 ], [ 112.051166757000033, -7.996619777999967, 0.0 ], [ 112.051166757000033, -7.995620403999965, 0.0 ], [ 112.051033507000056, -7.99563944099998, 0.0 ], [ 112.050854452000067, -7.995645982999974, 0.0 ], [ 112.050892524, -7.995236715999965, 0.0 ], [ 112.050740238000117, -7.995236715999965, 0.0 ], [ 112.050702167000054, -7.995122501999958, 0.0 ], [ 112.050702167000054, -7.994998770999928, 0.0 ], [ 112.050730720000047, -7.994789376999961, 0.0 ], [ 112.050702167000054, -7.994646609999961, 0.0 ], [ 112.050541701000043, -7.994618540999966, 0.0 ], [ 112.050554179000073, -7.994094449999977, 0.0 ], [ 112.049636168, -7.994142163999982, 0.0 ], [ 112.0496435230001, -7.993286592999937, 0.0 ], [ 112.05007601200009, -7.993176345999927, 0.0 ], [ 112.05035328200006, -7.99314628299993, 0.0 ], [ 112.050577447000023, -7.993117188999975, 0.0 ], [ 112.050579932, -7.99311686599998, 0.0 ], [ 112.050771350000105, -7.993092022999974, 0.0 ], [ 112.051069190000021, -7.993004531999929, 0.0 ], [ 112.051086872000042, -7.992999337999947, 0.0 ], [ 112.051091293000013, -7.992998038999929, 0.0 ], [ 112.051348113000017, -7.992871603999959, 0.0 ], [ 112.051549535000049, -7.992784945999972, 0.0 ], [ 112.051818270000012, -7.99273640399997, 0.0 ], [ 112.052010212000027, -7.992697628999963, 0.0 ], [ 112.052163796000059, -7.992678094999974, 0.0 ], [ 112.052445353000053, -7.992691327999978, 0.0 ], [ 112.052535965000061, -7.992645875999926, 0.0 ], [ 112.053234592000081, -7.992653140999948, 0.0 ], [ 112.053150455000036, -7.991685638999968, 0.0 ], [ 112.053313649000074, -7.991640002999929, 0.0 ], [ 112.053349540000113, -7.991678923999928, 0.0 ], [ 112.053498657000091, -7.991679623999971, 0.0 ], [ 112.053499750000015, -7.991679628999975, 0.0 ], [ 112.053677850000099, -7.991634315999931, 0.0 ], [ 112.054253750000044, -7.991546702999926, 0.0 ], [ 112.054512884000019, -7.991499379999937, 0.0 ], [ 112.054592349000018, -7.991596089999973, 0.0 ], [ 112.054660939000087, -7.991664112999956, 0.0 ], [ 112.054779819000032, -7.99168534599994, 0.0 ], [ 112.055283804000055, -7.991637397999966, 0.0 ], [ 112.055676111000025, -7.991568197999925, 0.0 ], [ 112.055723142000033, -7.991654222999955, 0.0 ], [ 112.055809625000052, -7.99167912799993, 0.0 ], [ 112.055924858000026, -7.991682422999929, 0.0 ], [ 112.056090447000088, -7.991664052999965, 0.0 ], [ 112.056256007000115, -7.991634914999963, 0.0 ], [ 112.056378331000019, -7.991595118999953, 0.0 ], [ 112.056486298000095, -7.991573306999953, 0.0 ], [ 112.056597894000106, -7.991562253999973, 0.0 ], [ 112.056720246000054, -7.991533225999945, 0.0 ], [ 112.056838941000024, -7.991482671999961, 0.0 ], [ 112.056925285000034, -7.991453735999926, 0.0 ], [ 112.05701168500002, -7.991446335999967, 0.0 ], [ 112.057105304000061, -7.991446096999937, 0.0 ], [ 112.057198840000069, -7.991413552999973, 0.0 ], [ 112.057281575000047, -7.99138103699994, 0.0 ], [ 112.057477200000108, -7.991303785999946, 0.0 ], [ 112.057722856000055, -7.991220779999935, 0.0 ], [ 112.058021746, -7.991230782999935, 0.0 ], [ 112.058281, -7.991230118999965, 0.0 ], [ 112.058410701000071, -7.991258501999937, 0.0 ], [ 112.058583731000112, -7.991333435999934, 0.0 ], [ 112.058738664000089, -7.991372521999949, 0.0 ], [ 112.058843151000019, -7.991397379999967, 0.0 ], [ 112.059023188000083, -7.991396918999953, 0.0 ], [ 112.059210630000052, -7.991330675999961, 0.0 ], [ 112.059316117000094, -7.991277761999982, 0.0 ], [ 112.059599350000099, -7.991267463999975, 0.0 ], [ 112.059743364000042, -7.991260713999964, 0.0 ], [ 112.060103413000093, -7.991250218999937, 0.0 ], [ 112.060290738000049, -7.991283238999927, 0.0 ], [ 112.060362926000039, -7.991350055999931, 0.0 ], [ 112.060483248000082, -7.991464606999955, 0.0 ], [ 112.060584254000105, -7.991536134999933, 0.0 ], [ 112.060670758000015, -7.991569413999969, 0.0 ], [ 112.060795646000088, -7.991593021999961, 0.0 ], [ 112.060911030000057, -7.991654941999968, 0.0 ], [ 112.061016912000014, -7.991755172999945, 0.0 ], [ 112.061122546000092, -7.991759686999956, 0.0 ], [ 112.061300208000034, -7.991768802999957, 0.0 ], [ 112.061478055000066, -7.991849704999936, 0.0 ], [ 112.061703862000059, -7.991911340999934, 0.0 ], [ 112.061838241000032, -7.991891851999981, 0.0 ], [ 112.062049398000113, -7.991857808999953, 0.0 ], [ 112.062265455000102, -7.991862039999944, 0.0 ], [ 112.062502859, -7.99198239499998, 0.0 ], [ 112.062524392000114, -7.991985430999932, 0.0 ], [ 112.063040767000075, -7.992058260999954, 0.0 ], [ 112.063438264000069, -7.992067563999967, 0.0 ], [ 112.063841536000041, -7.992061740999929, 0.0 ], [ 112.064023986000052, -7.992066056999931, 0.0 ], [ 112.064192207000019, -7.992137410999931, 0.0 ], [ 112.064370067000027, -7.992223097999954, 0.0 ], [ 112.064629407000098, -7.992255930999931, 0.0 ], [ 112.065003922000074, -7.99226932299996, 0.0 ], [ 112.06525358600004, -7.992273465999972, 0.0 ], [ 112.065387902000111, -7.992230046999964, 0.0 ], [ 112.065575042000091, -7.99219127799995, 0.0 ], [ 112.065863052000054, -7.992171392999978, 0.0 ], [ 112.066122318000112, -7.992175509999981, 0.0 ], [ 112.066247143000055, -7.992175187999976, 0.0 ], [ 112.066453698000032, -7.992217726999968, 0.0 ], [ 112.066602678000095, -7.992274772999963, 0.0 ], [ 112.066766023000014, -7.992317422999974, 0.0 ], [ 112.066905265000059, -7.992321849999939, 0.0 ], [ 112.067020414000012, -7.992292837999969, 0.0 ], [ 112.067250812000111, -7.992273099999977, 0.0 ], [ 112.067414045000078, -7.992272677999949, 0.0 ], [ 112.067464941000026, -7.992272545999981, 0.0 ], [ 112.067543672000056, -7.992272342999968, 0.0 ], [ 112.067586335000101, -7.992270422999979, 0.0 ] ] ] ] } },
{ "type": "Feature", "properties": { "OBJECTID": 116116.0, "KDPPUM": "35", "NAMOBJ": "Sukorejo", "REMARK": null, "KDPBPS": null, "FCODE": "BA03070040", "LUASWH": 4.4565053, "UUPP": "Hasil Delineasi Batas Desa 2019", "SRS_ID": "SRGI 2013", "METADATA": "TASWIL1000020200326DATA_BATAS_DESA_KELURAHAN", "KDEBPS": null, "KDEPUM": "35.05.02.2009", "KDCBPS": null, "KDCPUM": "35.05.02", "KDBBPS": null, "WADMKD": "Sukorejo", "WIADKD": null, "WADMKC": "Udanawu", "WIADKC": null, "WADMKK": "Blitar", "WIADKK": null, "WADMPR": "Jawa Timur", "WIADPR": null, "TIPADM": 1.0, "KDPKAB": "35.05", "SHAPE_Leng": 0.15578622089039601, "SHAPE_Area": 0.00036569064551999998 }, "geometry": { "type": "MultiPolygon", "coordinates": [ [ [ [ 112.075434830000063, -8.006353449999949, 0.0 ], [ 112.075478475000068, -8.007338570999934, 0.0 ], [ 112.075484798000048, -8.007481313999961, 0.0 ], [ 112.075485412000035, -8.007481284999926, 0.0 ], [ 112.075494377000041, -8.007667761999926, 0.0 ], [ 112.076695532000031, -8.007655869999951, 0.0 ], [ 112.076741154000047, -8.007859647999965, 0.0 ], [ 112.076741262000041, -8.007859633999942, 0.0 ], [ 112.077581702000089, -8.007748591999928, 0.0 ], [ 112.077659626000013, -8.007738295999957, 0.0 ], [ 112.079081397000095, -8.00743708899995, 0.0 ], [ 112.080855018000079, -8.007240018999937, 0.0 ], [ 112.081181289000028, -8.007203766999965, 0.0 ], [ 112.081645283000057, -8.007298945999935, 0.0 ], [ 112.08222825100006, -8.007382226999937, 0.0 ], [ 112.082716041000026, -8.007358431999933, 0.0 ], [ 112.083045746000039, -8.007316341999967, 0.0 ], [ 112.083275214000082, -8.007287048999956, 0.0 ], [ 112.08366782500002, -8.007120485999963, 0.0 ], [ 112.085036015000014, -8.006858745999978, 0.0 ], [ 112.085321552000096, -8.007584480999981, 0.0 ], [ 112.085630881000043, -8.008345908999956, 0.0 ], [ 112.085651883000082, -8.008397962999936, 0.0 ], [ 112.085592750000046, -8.008442615999968, 0.0 ], [ 112.085040715000105, -8.008709115999977, 0.0 ], [ 112.08487832000003, -8.008782579999945, 0.0 ], [ 112.084658852000075, -8.008881862999942, 0.0 ], [ 112.084640965000062, -8.008889954999972, 0.0 ], [ 112.08414127900005, -8.009054137999954, 0.0 ], [ 112.083634453000059, -8.009246873999928, 0.0 ], [ 112.0835131, -8.009275427999967, 0.0 ], [ 112.083934265000039, -8.010346184999946, 0.0 ], [ 112.084119863000069, -8.011095714999954, 0.0 ], [ 112.083995891000086, -8.011144490999925, 0.0 ], [ 112.083751026000073, -8.011240831999942, 0.0 ], [ 112.083284732000038, -8.011484417999952, 0.0 ], [ 112.083167766000088, -8.011531204999926, 0.0 ], [ 112.082618483000033, -8.011750916999972, 0.0 ], [ 112.082506530000046, -8.01178095299997, 0.0 ], [ 112.08222825200005, -8.011855613999955, 0.0 ], [ 112.082409434000056, -8.012689878999936, 0.0 ], [ 112.082412294000051, -8.012703046999945, 0.0 ], [ 112.082599447, -8.013597378999975, 0.0 ], [ 112.082626083000036, -8.014574025999934, 0.0 ], [ 112.082625562000089, -8.014600660999974, 0.0 ], [ 112.082504931000017, -8.014664996999954, 0.0 ], [ 112.082482794000043, -8.014676803999976, 0.0 ], [ 112.082197259000054, -8.014724392999938, 0.0 ], [ 112.08215103100008, -8.014724392999938, 0.0 ], [ 112.081889275000094, -8.014768323999931, 0.0 ], [ 112.081266950000099, -8.014872769999954, 0.0 ], [ 112.081247914000073, -8.014558680999926, 0.0 ], [ 112.081240894000075, -8.014559436999946, 0.0 ], [ 112.080629254000087, -8.014625305999971, 0.0 ], [ 112.080647464000094, -8.014251997999963, 0.0 ], [ 112.080391248000069, -8.014260398999966, 0.0 ], [ 112.079962944000044, -8.01430322899995, 0.0 ], [ 112.07996943, -8.015068583999948, 0.0 ], [ 112.079275280000047, -8.015133660999936, 0.0 ], [ 112.079093838000063, -8.015139708999925, 0.0 ], [ 112.078431729000044, -8.015202889999955, 0.0 ], [ 112.077980854000089, -8.015285945999949, 0.0 ], [ 112.077763153000092, -8.015303790999951, 0.0 ], [ 112.077653899000097, -8.01531274599995, 0.0 ], [ 112.076628560000017, -8.015474891999929, 0.0 ], [ 112.076622182000051, -8.01542395499996, 0.0 ], [ 112.076565075000076, -8.014995651999925, 0.0 ], [ 112.076964823000026, -8.014902852999967, 0.0 ], [ 112.077364574000057, -8.014802915999951, 0.0 ], [ 112.077186113000039, -8.013539421999951, 0.0 ], [ 112.07710045400006, -8.012854136999977, 0.0 ], [ 112.077071900000078, -8.012461525999981, 0.0 ], [ 112.076986238000018, -8.012275927999951, 0.0 ], [ 112.076800641000091, -8.012068914999929, 0.0 ], [ 112.076757811000107, -8.01193328599993, 0.0 ], [ 112.076550798000085, -8.011069540999927, 0.0 ], [ 112.076457998000024, -8.010684068999979, 0.0 ], [ 112.076022558000091, -8.01084825099997, 0.0 ], [ 112.075572840000063, -8.011005295999951, 0.0 ], [ 112.075144536000039, -8.011262277999947, 0.0 ], [ 112.074737649000099, -8.011604919999968, 0.0 ], [ 112.074216547000105, -8.011954700999979, 0.0 ], [ 112.073745414000086, -8.012233097999967, 0.0 ], [ 112.073588369000049, -8.012268789999951, 0.0 ], [ 112.072903083000028, -8.012390141999958, 0.0 ], [ 112.072674655000014, -8.012440110999933, 0.0 ], [ 112.072367705000033, -8.012547186999939, 0.0 ], [ 112.072496196000088, -8.013068288999932, 0.0 ], [ 112.072059999000089, -8.0131, 0.0 ], [ 112.070440001000065, -8.013009998999962, 0.0 ], [ 112.07045757800006, -8.012542404999976, 0.0 ], [ 112.069658079000078, -8.01239963699993, 0.0 ], [ 112.067697402000022, -8.012352047999968, 0.0 ], [ 112.066192012000101, -8.012820277999936, 0.0 ], [ 112.06614, -8.01379, 0.0 ], [ 112.064887259000102, -8.013810656999965, 0.0 ], [ 112.064344162000111, -8.013882063999972, 0.0 ], [ 112.064065765, -8.013889202999962, 0.0 ], [ 112.063758815000028, -8.013896340999963, 0.0 ], [ 112.063537525000015, -8.013903478999964, 0.0 ], [ 112.063259128000027, -8.01397486299993, 0.0 ], [ 112.062966454000048, -8.014067661999945, 0.0 ], [ 112.062679999000011, -8.01413, 0.0 ], [ 112.0623, -8.01421, 0.0 ], [ 112.061650001000089, -8.014339998999958, 0.0 ], [ 112.061440001000051, -8.01437, 0.0 ], [ 112.06014, -8.0145, 0.0 ], [ 112.059450001000073, -8.01456, 0.0 ], [ 112.059052837000081, -8.014584520999961, 0.0 ], [ 112.058039186000087, -8.01461752299997, 0.0 ], [ 112.058039186000087, -8.014827225999966, 0.0 ], [ 112.057521033000057, -8.014815837999947, 0.0 ], [ 112.057532361000085, -8.01551251099994, 0.0 ], [ 112.057489531000101, -8.016212071999973, 0.0 ], [ 112.056690031000016, -8.016219210999964, 0.0 ], [ 112.055926224000018, -8.016219210999964, 0.0 ], [ 112.055048204000059, -8.016219210999964, 0.0 ], [ 112.055026789000067, -8.015812322999977, 0.0 ], [ 112.05444323100005, -8.016029475999972, 0.0 ], [ 112.05376999900011, -8.01628, 0.0 ], [ 112.05305102300008, -8.014814745999956, 0.0 ], [ 112.053003434000061, -8.014350750999938, 0.0 ], [ 112.052937999000051, -8.014315058999955, 0.0 ], [ 112.052854718000049, -8.01429126499994, 0.0 ], [ 112.05261082200002, -8.014213931999961, 0.0 ], [ 112.052648894000072, -8.013583374999939, 0.0 ], [ 112.052413328000057, -8.013426330999948, 0.0 ], [ 112.052034993, -8.013262147999967, 0.0 ], [ 112.05177801100001, -8.013247870999976, 0.0 ], [ 112.050921406000043, -8.013226455999927, 0.0 ], [ 112.051021863000074, -8.011997334999933, 0.0 ], [ 112.05011, -8.01167, 0.0 ], [ 112.046980001000065, -8.01101, 0.0 ], [ 112.04411, -8.01041, 0.0 ], [ 112.044283602000064, -8.009447415999944, 0.0 ], [ 112.04213019000008, -8.00890014, 0.0 ], [ 112.041261686000098, -8.008828755999957, 0.0 ], [ 112.038025618, -8.008674090999932, 0.0 ], [ 112.038037516000031, -8.008935831999963, 0.0 ], [ 112.037323677000018, -8.008935831999963, 0.0 ], [ 112.037133322000045, -8.008114917999933, 0.0 ], [ 112.036800197000048, -8.008126814999969, 0.0 ], [ 112.036728813000082, -8.007627127999967, 0.0 ], [ 112.036217229000044, -8.007674716999929, 0.0 ], [ 112.036252920000038, -8.008198198999935, 0.0 ], [ 112.035896002000072, -8.008257684999933, 0.0 ], [ 112.035919795000041, -8.00886444799994, 0.0 ], [ 112.035460001000047, -8.00895, 0.0 ], [ 112.03551, -8.008449998999936, 0.0 ], [ 112.03566, -8.00764, 0.0 ], [ 112.03577, -8.00676, 0.0 ], [ 112.03567, -8.006419998999945, 0.0 ], [ 112.035640001000047, -8.00616, 0.0 ], [ 112.035640001000047, -8.0061, 0.0 ], [ 112.03566, -8.00579, 0.0 ], [ 112.03579, -8.00542, 0.0 ], [ 112.035810001000073, -8.00505, 0.0 ], [ 112.035800001000098, -8.004839998999955, 0.0 ], [ 112.035760001000085, -8.00464, 0.0 ], [ 112.035709999, -8.004509998999936, 0.0 ], [ 112.036300001000086, -8.00437, 0.0 ], [ 112.03656, -8.00434, 0.0 ], [ 112.036879999, -8.00428, 0.0 ], [ 112.03686, -8.0042, 0.0 ], [ 112.03686, -8.00409, 0.0 ], [ 112.036760001000061, -8.00269, 0.0 ], [ 112.03677, -8.00249, 0.0 ], [ 112.03668, -8.0016, 0.0 ], [ 112.036625424000022, -8.000951910999959, 0.0 ], [ 112.037217295, -8.000921416999972, 0.0 ], [ 112.037881662000018, -8.000893470999927, 0.0 ], [ 112.037873334000096, -8.001951326999972, 0.0 ], [ 112.037874510000051, -8.002409324999974, 0.0 ], [ 112.037853612000049, -8.003084223999963, 0.0 ], [ 112.038463439000111, -8.003122021999957, 0.0 ], [ 112.040682446, -8.003206496999951, 0.0 ], [ 112.040788932000055, -8.00247262299996, 0.0 ], [ 112.041135685000086, -8.002384235999955, 0.0 ], [ 112.041464633000032, -8.002010020999933, 0.0 ], [ 112.041740490000052, -8.001926558999969, 0.0 ], [ 112.042011909000053, -8.001843458999929, 0.0 ], [ 112.04223795900009, -8.001688792999971, 0.0 ], [ 112.042523494000079, -8.001486539999974, 0.0 ], [ 112.043165948000023, -8.001331873999959, 0.0 ], [ 112.043453281000097, -8.001185150999959, 0.0 ], [ 112.043950000000109, -8.001099998999962, 0.0 ], [ 112.04475, -8.001039997999953, 0.0 ], [ 112.045176593000065, -8.001058235999949, 0.0 ], [ 112.045723869000085, -8.000974955999936, 0.0 ], [ 112.046271144000116, -8.000939262999964, 0.0 ], [ 112.046437707000109, -8.00091546799996, 0.0 ], [ 112.046413912000048, -8.000582343999952, 0.0 ], [ 112.047020676000102, -8.000546651999969, 0.0 ], [ 112.047520361000011, -8.000546651999969, 0.0 ], [ 112.047794001000057, -8.000332499999956, 0.0 ], [ 112.047889179000094, -8.00026111699998, 0.0 ], [ 112.048162817000048, -8.000177835999978, 0.0 ], [ 112.048805270000116, -8.000130245999969, 0.0 ], [ 112.049245472000052, -8.000011273999974, 0.0 ], [ 112.049590494000086, -8.00011835, 0.0 ], [ 112.049852233000024, -8.00026111699998, 0.0 ], [ 112.050197256000047, -8.000213526999971, 0.0 ], [ 112.050601763000031, -8.000177835999978, 0.0 ], [ 112.050768326000025, -8.000189732999957, 0.0 ], [ 112.050815915000044, -8.0006418299999, 0.0 ], [ 112.050494689000061, -8.001438949999965, 0.0 ], [ 112.050447099000053, -8.002878523999925, 0.0 ], [ 112.051160938000066, -8.002949906999959, 0.0 ], [ 112.051113349000047, -8.003425798999956, 0.0 ], [ 112.051648726000053, -8.003485286999933, 0.0 ], [ 112.051720110000019, -8.003485286999933, 0.0 ], [ 112.051775409000015, -8.003087135999976, 0.0 ], [ 112.052243593000071, -8.003092675999937, 0.0 ], [ 112.052219797000021, -8.003497182999979, 0.0 ], [ 112.053254863, -8.003580463999981, 0.0 ], [ 112.053290555000103, -8.004686914999979, 0.0 ], [ 112.05328837400009, -8.005445961999953, 0.0 ], [ 112.053313425000056, -8.00618310699997, 0.0 ], [ 112.053640001000076, -8.0062, 0.0 ], [ 112.053810001000102, -8.006159998999976, 0.0 ], [ 112.054489999000111, -8.006129998999938, 0.0 ], [ 112.05515, -8.0062, 0.0 ], [ 112.055190442000026, -8.00619747099995, 0.0 ], [ 112.055199893, -8.005653887999927, 0.0 ], [ 112.056779856000048, -8.005653887999927, 0.0 ], [ 112.056770339000082, -8.005863279999971, 0.0 ], [ 112.059425816000044, -8.005720511999925, 0.0 ], [ 112.059701835000055, -8.005701475999956, 0.0 ], [ 112.06013013800009, -8.005701475999956, 0.0 ], [ 112.060349047000045, -8.005710993999969, 0.0 ], [ 112.061062886000059, -8.005701475999956, 0.0 ], [ 112.061105716000043, -8.006065533999958, 0.0 ], [ 112.061879554000029, -8.006065533999958, 0.0 ], [ 112.061885582000059, -8.006818797999927, 0.0 ], [ 112.062759441000026, -8.006879310999977, 0.0 ], [ 112.063654118000045, -8.006850755999949, 0.0 ], [ 112.06366601700006, -8.007502727999963, 0.0 ], [ 112.064294193000023, -8.007481312999971, 0.0 ], [ 112.064539279000087, -8.007486072999939, 0.0 ], [ 112.06456783200008, -8.006819823999933, 0.0 ], [ 112.065281671000093, -8.006876929999976, 0.0 ], [ 112.065300705000027, -8.006781752999927, 0.0 ], [ 112.065843223000115, -8.006791268999962, 0.0 ], [ 112.065824188000079, -8.00647718099998, 0.0 ], [ 112.066290562000063, -8.006458144999954, 0.0 ], [ 112.066499954000051, -8.006439109999974, 0.0 ], [ 112.066585614000019, -8.007191019999937, 0.0 ], [ 112.06662368700006, -8.007352821999973, 0.0 ], [ 112.067452095000021, -8.007280786999956, 0.0 ], [ 112.067461257000105, -8.008466409999926, 0.0 ], [ 112.068811240000059, -8.008410160999972, 0.0 ], [ 112.068831827000054, -8.008409302999951, 0.0 ], [ 112.069840717000034, -8.008333160999939, 0.0 ], [ 112.070121494000091, -8.008309366999981, 0.0 ], [ 112.070050110000011, -8.00728143799995, 0.0 ], [ 112.070064386000013, -8.006953072999977, 0.0 ], [ 112.070435583000062, -8.006931658999974, 0.0 ], [ 112.070692565000058, -8.006788890999928, 0.0 ], [ 112.071199390000061, -8.006581876999974, 0.0 ], [ 112.071085175, -8.006224957999962, 0.0 ], [ 112.07177759800004, -8.006075051999971, 0.0 ], [ 112.071713354000053, -8.005668164999975, 0.0 ], [ 112.072234456000047, -8.005561087999979, 0.0 ], [ 112.072537156000067, -8.005480682999973, 0.0 ], [ 112.072691312000075, -8.005439735999971, 0.0 ], [ 112.072855494, -8.00602508399993, 0.0 ], [ 112.072884049000095, -8.006080920999977, 0.0 ], [ 112.073130001000095, -8.00647, 0.0 ], [ 112.073483673000055, -8.006261759999973, 0.0 ], [ 112.074240341000063, -8.006046498999979, 0.0 ], [ 112.074276033000046, -8.006267788999935, 0.0 ], [ 112.07478999600005, -8.006239234999953, 0.0 ], [ 112.074832826000033, -8.006382001999953, 0.0 ], [ 112.075404719000062, -8.006354877999968, 0.0 ], [ 112.075434830000063, -8.006353449999949, 0.0 ] ] ] ] } },
{ "type": "Feature", "properties": { "OBJECTID": 116112.0, "KDPPUM": "35", "NAMOBJ": "Sumbersari", "REMARK": null, "KDPBPS": null, "FCODE": "BA03070040", "LUASWH": 3.95113038, "UUPP": "Hasil Delineasi Batas Desa 2019", "SRS_ID": "SRGI 2013", "METADATA": "TASWIL1000020200326DATA_BATAS_DESA_KELURAHAN", "KDEBPS": null, "KDEPUM": "35.05.02.2011", "KDCBPS": null, "KDCPUM": "35.05.02", "KDBBPS": null, "WADMKD": "Sumbersari", "WIADKD": null, "WADMKC": "Udanawu", "WIADKC": null, "WADMKK": "Blitar", "WIADKK": null, "WADMPR": "Jawa Timur", "WIADPR": null, "TIPADM": 1.0, "KDPKAB": "35.05", "SHAPE_Leng": 0.111621442691309, "SHAPE_Area": 0.00032423013972599998 }, "geometry": { "type": "MultiPolygon", "coordinates": [ [ [ [ 112.073370387000068, -8.024017375999961, 0.0 ], [ 112.07335, -8.02402, 0.0 ], [ 112.073339503000057, -8.024040993999961, 0.0 ], [ 112.073148773000071, -8.024186845999964, 0.0 ], [ 112.072949934, -8.024227782999958, 0.0 ], [ 112.072891328000082, -8.02423510899996, 0.0 ], [ 112.072845739000059, -8.024249234999957, 0.0 ], [ 112.072215561, -8.024444500999948, 0.0 ], [ 112.071111491000011, -8.02473955399995, 0.0 ], [ 112.070961948000104, -8.02482138299996, 0.0 ], [ 112.0708, -8.024909998999931, 0.0 ], [ 112.07063, -8.02504, 0.0 ], [ 112.07041, -8.02533, 0.0 ], [ 112.070149999000023, -8.025669998999945, 0.0 ], [ 112.070036764000065, -8.025759643999947, 0.0 ], [ 112.06991, -8.02586, 0.0 ], [ 112.069570000000112, -8.02605, 0.0 ], [ 112.068589999000096, -8.02648, 0.0 ], [ 112.068139113000029, -8.026666235999926, 0.0 ], [ 112.06795000000011, -8.02683, 0.0 ], [ 112.06725, -8.02738, 0.0 ], [ 112.06686, -8.027639998999973, 0.0 ], [ 112.06635, -8.027969998999936, 0.0 ], [ 112.066269999000042, -8.02807, 0.0 ], [ 112.066244423000057, -8.028106537999975, 0.0 ], [ 112.0662, -8.02817, 0.0 ], [ 112.06612, -8.02839999899993, 0.0 ], [ 112.066000586000087, -8.028708483999935, 0.0 ], [ 112.066, -8.028709998999943, 0.0 ], [ 112.06592, -8.028749998999956, 0.0 ], [ 112.06569, -8.028749998999956, 0.0 ], [ 112.064609999000027, -8.0287, 0.0 ], [ 112.064080000000104, -8.028769998999962, 0.0 ], [ 112.063720000000103, -8.02891, 0.0 ], [ 112.06342, -8.029079998999975, 0.0 ], [ 112.06325, -8.029159998999944, 0.0 ], [ 112.06312, -8.02915, 0.0 ], [ 112.062699999000074, -8.02898, 0.0 ], [ 112.062389999000061, -8.028809998999975, 0.0 ], [ 112.062329999000099, -8.02878, 0.0 ], [ 112.06221, -8.02876, 0.0 ], [ 112.06199, -8.02876, 0.0 ], [ 112.0618, -8.02884, 0.0 ], [ 112.0615, -8.029059998999969, 0.0 ], [ 112.061179999000046, -8.02924, 0.0 ], [ 112.06089, -8.02943, 0.0 ], [ 112.060319999000058, -8.02989, 0.0 ], [ 112.060127523, -8.030060267999943, 0.0 ], [ 112.05996003700011, -8.030103212999961, 0.0 ], [ 112.059739937000018, -8.030097263999949, 0.0 ], [ 112.059400863000064, -8.030067520999978, 0.0 ], [ 112.059043944000109, -8.029954496999949, 0.0 ], [ 112.058455028000026, -8.029746293999949, 0.0 ], [ 112.058121903000028, -8.029657063999935, 0.0 ], [ 112.058133130000101, -8.029776416999937, 0.0 ], [ 112.057569999000066, -8.02965, 0.0 ], [ 112.056459999000026, -8.029549998999926, 0.0 ], [ 112.05591, -8.029549998999926, 0.0 ], [ 112.05554, -8.02950999899997, 0.0 ], [ 112.055249999000011, -8.02948, 0.0 ], [ 112.055120000000102, -8.029469998999957, 0.0 ], [ 112.055039807000071, -8.02940971299995, 0.0 ], [ 112.054647196000019, -8.029402574999949, 0.0 ], [ 112.054148911000084, -8.029384501999971, 0.0 ], [ 112.053562833000115, -8.029304637999928, 0.0 ], [ 112.052545890000033, -8.029198692999955, 0.0 ], [ 112.050547182000059, -8.029036606999966, 0.0 ], [ 112.050238420000028, -8.028994437999927, 0.0 ], [ 112.049220010000113, -8.028994437999927, 0.0 ], [ 112.049072746000093, -8.028939212999944, 0.0 ], [ 112.049151908000113, -8.027395548999948, 0.0 ], [ 112.049194739000086, -8.024169, 0.0 ], [ 112.048780712000053, -8.024154722999981, 0.0 ], [ 112.048737882000069, -8.022984027999939, 0.0 ], [ 112.048552284000039, -8.023055411999962, 0.0 ], [ 112.047724232000064, -8.023169625999969, 0.0 ], [ 112.047221357000012, -8.023181054999952, 0.0 ], [ 112.04725, -8.02257, 0.0 ], [ 112.04738, -8.02195, 0.0 ], [ 112.047270478000087, -8.02002999299998, 0.0 ], [ 112.047367763000011, -8.018399837999937, 0.0 ], [ 112.04982644800009, -8.018628784999976, 0.0 ], [ 112.04984, -8.018099998999958, 0.0 ], [ 112.049858381000035, -8.017146280999953, 0.0 ], [ 112.05011, -8.01718, 0.0 ], [ 112.05042, -8.01721, 0.0 ], [ 112.05081, -8.01712, 0.0 ], [ 112.05117, -8.0171, 0.0 ], [ 112.051739999, -8.01706, 0.0 ], [ 112.05237000000011, -8.017029998999931, 0.0 ], [ 112.05339, -8.017029998999931, 0.0 ], [ 112.053630000000112, -8.017029998999931, 0.0 ], [ 112.05378, -8.016619998999943, 0.0 ], [ 112.05376999900011, -8.01628, 0.0 ], [ 112.05444323100005, -8.016029475999972, 0.0 ], [ 112.055026789000067, -8.015812322999977, 0.0 ], [ 112.055048204000059, -8.016219210999964, 0.0 ], [ 112.055926224000018, -8.016219210999964, 0.0 ], [ 112.056690031000016, -8.016219210999964, 0.0 ], [ 112.057489531000101, -8.016212071999973, 0.0 ], [ 112.057532361000085, -8.01551251099994, 0.0 ], [ 112.057521033000057, -8.014815837999947, 0.0 ], [ 112.058039186000087, -8.014827225999966, 0.0 ], [ 112.058039186000087, -8.01461752299997, 0.0 ], [ 112.059052837000081, -8.014584520999961, 0.0 ], [ 112.059450001000073, -8.01456, 0.0 ], [ 112.06014, -8.0145, 0.0 ], [ 112.061440001000051, -8.01437, 0.0 ], [ 112.061650001000089, -8.014339998999958, 0.0 ], [ 112.0623, -8.01421, 0.0 ], [ 112.062679999000011, -8.01413, 0.0 ], [ 112.062966454000048, -8.014067661999945, 0.0 ], [ 112.063259128000027, -8.01397486299993, 0.0 ], [ 112.063537525000015, -8.013903478999964, 0.0 ], [ 112.063758815000028, -8.013896340999963, 0.0 ], [ 112.064065765, -8.013889202999962, 0.0 ], [ 112.064344162000111, -8.013882063999972, 0.0 ], [ 112.064887259000102, -8.013810656999965, 0.0 ], [ 112.064934848, -8.01435317399995, 0.0 ], [ 112.066191203000017, -8.01433413899997, 0.0 ], [ 112.066229275000069, -8.015381101999935, 0.0 ], [ 112.065144240000109, -8.015580975999967, 0.0 ], [ 112.065134722000039, -8.015400136999972, 0.0 ], [ 112.064097277000087, -8.01556194099993, 0.0 ], [ 112.064373295000109, -8.017151420999937, 0.0 ], [ 112.062898029000053, -8.017560687999946, 0.0 ], [ 112.062848060000078, -8.019257243999959, 0.0 ], [ 112.06623641300007, -8.018700449999926, 0.0 ], [ 112.066407734000109, -8.019157305999954, 0.0 ], [ 112.066393457000117, -8.020656366999958, 0.0 ], [ 112.066588573000104, -8.020646848999945, 0.0 ], [ 112.066593332000025, -8.020470768999928, 0.0 ], [ 112.067906795000113, -8.020289929999933, 0.0 ], [ 112.067897277000043, -8.018800386999942, 0.0 ], [ 112.068130464000092, -8.017881914999975, 0.0 ], [ 112.068035285000065, -8.016654112999959, 0.0 ], [ 112.069600971000114, -8.016411407999954, 0.0 ], [ 112.069710426000029, -8.015768953999952, 0.0 ], [ 112.070047255000077, -8.015850095999951, 0.0 ], [ 112.07008, -8.01567, 0.0 ], [ 112.07027, -8.01493, 0.0 ], [ 112.07027, -8.01487, 0.0 ], [ 112.072161271000027, -8.01547390099995, 0.0 ], [ 112.072059999000089, -8.0131, 0.0 ], [ 112.072496196000088, -8.013068288999932, 0.0 ], [ 112.072367705000033, -8.012547186999939, 0.0 ], [ 112.072674655000014, -8.012440110999933, 0.0 ], [ 112.072903083000028, -8.012390141999958, 0.0 ], [ 112.073588369000049, -8.012268789999951, 0.0 ], [ 112.073745414000086, -8.012233097999967, 0.0 ], [ 112.074216547000105, -8.011954700999979, 0.0 ], [ 112.074737649000099, -8.011604919999968, 0.0 ], [ 112.075144536000039, -8.011262277999947, 0.0 ], [ 112.075572840000063, -8.011005295999951, 0.0 ], [ 112.076022558000091, -8.01084825099997, 0.0 ], [ 112.076457998000024, -8.010684068999979, 0.0 ], [ 112.076550798000085, -8.011069540999927, 0.0 ], [ 112.076757811000107, -8.01193328599993, 0.0 ], [ 112.076800641000091, -8.012068914999929, 0.0 ], [ 112.076986238000018, -8.012275927999951, 0.0 ], [ 112.077071900000078, -8.012461525999981, 0.0 ], [ 112.07710045400006, -8.012854136999977, 0.0 ], [ 112.077186113000039, -8.013539421999951, 0.0 ], [ 112.077364574000057, -8.014802915999951, 0.0 ], [ 112.076964823000026, -8.014902852999967, 0.0 ], [ 112.076565075000076, -8.014995651999925, 0.0 ], [ 112.076622182000051, -8.01542395499996, 0.0 ], [ 112.076628560000017, -8.015474891999929, 0.0 ], [ 112.077653899000097, -8.01531274599995, 0.0 ], [ 112.077763153000092, -8.015303790999951, 0.0 ], [ 112.076908321000019, -8.016810218999979, 0.0 ], [ 112.076708446000112, -8.017167137999934, 0.0 ], [ 112.076694169, -8.017695378999974, 0.0 ], [ 112.076601143000062, -8.017814983999926, 0.0 ], [ 112.076600963000033, -8.017928810999933, 0.0 ], [ 112.0763746, -8.018208405999928, 0.0 ], [ 112.075997691000111, -8.018654435999963, 0.0 ], [ 112.075780456000075, -8.018980287999966, 0.0 ], [ 112.075480644000095, -8.019451420999928, 0.0 ], [ 112.07547588500006, -8.019646833999957, 0.0 ], [ 112.075561546000017, -8.02001803, 0.0 ], [ 112.075347395000108, -8.020260734999965, 0.0 ], [ 112.075133243000096, -8.020603376999929, 0.0 ], [ 112.074933368000075, -8.021074510999938, 0.0 ], [ 112.074847708000107, -8.021459982999943, 0.0 ], [ 112.074148146000084, -8.023158917999979, 0.0 ], [ 112.073819781000111, -8.023216025999943, 0.0 ], [ 112.073391478000076, -8.024001247999934, 0.0 ], [ 112.073370387000068, -8.024017375999961, 0.0 ] ] ] ] } },
{ "type": "Feature", "properties": { "OBJECTID": 116110.0, "KDPPUM": "35", "NAMOBJ": "Ringinanom", "REMARK": null, "KDPBPS": null, "FCODE": "BA03070040", "LUASWH": 4.75066322, "UUPP": "Hasil Delineasi Batas Desa 2019", "SRS_ID": "SRGI 2013", "METADATA": "TASWIL1000020200326DATA_BATAS_DESA_KELURAHAN", "KDEBPS": null, "KDEPUM": "35.05.02.2008", "KDCBPS": null, "KDCPUM": "35.05.02", "KDBBPS": null, "WADMKD": "Ringinanom", "WIADKD": null, "WADMKC": "Udanawu", "WIADKC": null, "WADMKK": "Blitar", "WIADKK": null, "WADMPR": "Jawa Timur", "WIADPR": null, "TIPADM": 1.0, "KDPKAB": "35.05", "SHAPE_Leng": 0.102027309044098, "SHAPE_Area": 0.00036376949288500002 }, "geometry": { "type": "MultiPolygon", "coordinates": [ [ [ [ 112.050238420000028, -8.028994437999927, 0.0 ], [ 112.050547182000059, -8.029036606999966, 0.0 ], [ 112.052545890000033, -8.029198692999955, 0.0 ], [ 112.053562833000115, -8.029304637999928, 0.0 ], [ 112.054148911000084, -8.029384501999971, 0.0 ], [ 112.054647196000019, -8.029402574999949, 0.0 ], [ 112.055039807000071, -8.02940971299995, 0.0 ], [ 112.055120000000102, -8.029469998999957, 0.0 ], [ 112.055160000000114, -8.02976, 0.0 ], [ 112.055249999000011, -8.030289998999933, 0.0 ], [ 112.05532, -8.03085, 0.0 ], [ 112.05538, -8.031459998999935, 0.0 ], [ 112.05528, -8.032279998999968, 0.0 ], [ 112.05517, -8.0329, 0.0 ], [ 112.055173077000063, -8.033063094999932, 0.0 ], [ 112.055280529000015, -8.033392837999941, 0.0 ], [ 112.055179077000048, -8.033434611999951, 0.0 ], [ 112.05503782400001, -8.033492774999957, 0.0 ], [ 112.055105080000089, -8.033804597999961, 0.0 ], [ 112.055142521000107, -8.033978184999967, 0.0 ], [ 112.055180592000056, -8.034363657999961, 0.0 ], [ 112.054969631000063, -8.034488473999943, 0.0 ], [ 112.05446, -8.03479, 0.0 ], [ 112.054672859000107, -8.035264094999945, 0.0 ], [ 112.05468, -8.03528, 0.0 ], [ 112.054684277000092, -8.0352892399999, 0.0 ], [ 112.054439946000116, -8.035556791999966, 0.0 ], [ 112.0543719530001, -8.035588269999948, 0.0 ], [ 112.053837549000036, -8.035835679999934, 0.0 ], [ 112.053587914000104, -8.036000017999982, 0.0 ], [ 112.053520097000046, -8.036144788999934, 0.0 ], [ 112.053498682000054, -8.036244726999939, 0.0 ], [ 112.05345585200007, -8.036316109999973, 0.0 ], [ 112.053370191000113, -8.036373217999937, 0.0 ], [ 112.0531560390001, -8.036423185999979, 0.0 ], [ 112.051849715000117, -8.036523123999928, 0.0 ], [ 112.050609300000019, -8.03660937799998, 0.0 ], [ 112.050408962, -8.040026932999979, 0.0 ], [ 112.0504, -8.04013, 0.0 ], [ 112.05035, -8.04077, 0.0 ], [ 112.05035, -8.040919998999925, 0.0 ], [ 112.050298838000117, -8.041632008999954, 0.0 ], [ 112.050254019000022, -8.042255740999963, 0.0 ], [ 112.050243433000105, -8.042403061999948, 0.0 ], [ 112.049136159000113, -8.04243534699998, 0.0 ], [ 112.049080000000117, -8.04268, 0.0 ], [ 112.048863123000046, -8.042677467999965, 0.0 ], [ 112.048359374000029, -8.042671586999973, 0.0 ], [ 112.046134578000078, -8.042516921999947, 0.0 ], [ 112.043469581000068, -8.04218379799994, 0.0 ], [ 112.03994797900009, -8.042160002999935, 0.0 ], [ 112.039757622000025, -8.042255181999963, 0.0 ], [ 112.039614855000082, -8.042433640999946, 0.0 ], [ 112.038389432000031, -8.042505024999969, 0.0 ], [ 112.037568518000057, -8.042552613999931, 0.0 ], [ 112.037092626000117, -8.042897635999964, 0.0 ], [ 112.037244539000085, -8.043969020999953, 0.0 ], [ 112.038221351000061, -8.043915548999962, 0.0 ], [ 112.038230550000094, -8.045171809999943, 0.0 ], [ 112.03733631700004, -8.045203980999929, 0.0 ], [ 112.037368122000089, -8.04590981299998, 0.0 ], [ 112.036917997000046, -8.045922913999959, 0.0 ], [ 112.036907072000076, -8.046347685999933, 0.0 ], [ 112.036889826000106, -8.046646844999941, 0.0 ], [ 112.036511876000077, -8.046719585999938, 0.0 ], [ 112.036187945000052, -8.046792191999941, 0.0 ], [ 112.035744079000096, -8.046906974999956, 0.0 ], [ 112.03533019200006, -8.047009718999959, 0.0 ], [ 112.034982495, -8.0471781, 0.0 ], [ 112.034965821000014, -8.047182655999961, 0.0 ], [ 112.03474, -8.047179998999979, 0.0 ], [ 112.03353, -8.04721, 0.0 ], [ 112.03266, -8.04731, 0.0 ], [ 112.031849999000087, -8.04738, 0.0 ], [ 112.031160000000114, -8.047549998999955, 0.0 ], [ 112.02967, -8.046729998999979, 0.0 ], [ 112.02948, -8.04663, 0.0 ], [ 112.02903999900002, -8.04639, 0.0 ], [ 112.02893, -8.04633, 0.0 ], [ 112.028550000000109, -8.04605, 0.0 ], [ 112.02815, -8.04574, 0.0 ], [ 112.028109175000054, -8.045709071999966, 0.0 ], [ 112.028108978000091, -8.045631119999939, 0.0 ], [ 112.028159305000031, -8.045595099999957, 0.0 ], [ 112.028382456000031, -8.045544289999953, 0.0 ], [ 112.028735307000034, -8.045514690999937, 0.0 ], [ 112.028634344000011, -8.04456020899994, 0.0 ], [ 112.028571910000096, -8.043603192999967, 0.0 ], [ 112.027151033000109, -8.043404505999945, 0.0 ], [ 112.027173357000038, -8.043245912999964, 0.0 ], [ 112.027308894000043, -8.042725111999971, 0.0 ], [ 112.027402011000049, -8.042520283999977, 0.0 ], [ 112.027286636000099, -8.042466730999934, 0.0 ], [ 112.027329146000056, -8.042186651999941, 0.0 ], [ 112.026911232000089, -8.042119497999977, 0.0 ], [ 112.026814586000114, -8.042353050999964, 0.0 ], [ 112.026238091000096, -8.042236040999967, 0.0 ], [ 112.026291334, -8.041927219999934, 0.0 ], [ 112.026404840000055, -8.041237771999931, 0.0 ], [ 112.026246160000028, -8.041148432999933, 0.0 ], [ 112.025965085000053, -8.041077346999941, 0.0 ], [ 112.025673350000034, -8.041063717999975, 0.0 ], [ 112.025560085000052, -8.041064760999973, 0.0 ], [ 112.0249637820001, -8.04107025199994, 0.0 ], [ 112.024987696000039, -8.040451282999982, 0.0 ], [ 112.024854361000052, -8.040415720999931, 0.0 ], [ 112.024828981000041, -8.040347585999939, 0.0 ], [ 112.024817961000053, -8.040261467999926, 0.0 ], [ 112.024835526000061, -8.040085543999965, 0.0 ], [ 112.024840944000061, -8.039374828999939, 0.0 ], [ 112.024379927000041, -8.039350852999974, 0.0 ], [ 112.024293390000025, -8.039307995999934, 0.0 ], [ 112.024264472000027, -8.03926499499994, 0.0 ], [ 112.024317644, -8.038927458999979, 0.0 ], [ 112.024349019000056, -8.038514599999928, 0.0 ], [ 112.024405738000041, -8.03815551799994, 0.0 ], [ 112.02427964200001, -8.038134295999953, 0.0 ], [ 112.024329023000064, -8.03772139199998, 0.0 ], [ 112.024246079000022, -8.037674936999963, 0.0 ], [ 112.023323831000084, -8.037540835999948, 0.0 ], [ 112.023250773000086, -8.037128236999934, 0.0 ], [ 112.023195658000077, -8.036690466999971, 0.0 ], [ 112.023111294000046, -8.036076888999958, 0.0 ], [ 112.023074805000078, -8.035886741999946, 0.0 ], [ 112.023006695000049, -8.035825398999975, 0.0 ], [ 112.022857262000116, -8.034951519999936, 0.0 ], [ 112.022593290000032, -8.03499764299994, 0.0 ], [ 112.022535048, -8.034748921999949, 0.0 ], [ 112.022452416000078, -8.034347114999946, 0.0 ], [ 112.022413285000084, -8.034060059999945, 0.0 ], [ 112.02238305000003, -8.033490615999938, 0.0 ], [ 112.021907614000042, -8.033458296999981, 0.0 ], [ 112.020717010000112, -8.033533041999931, 0.0 ], [ 112.019718479000062, -8.033612091999942, 0.0 ], [ 112.019718418000025, -8.033608651999941, 0.0 ], [ 112.020109999000056, -8.03358, 0.0 ], [ 112.02107, -8.03348, 0.0 ], [ 112.02185, -8.03344999899997, 0.0 ], [ 112.022110000000112, -8.033429998999964, 0.0 ], [ 112.02304, -8.0334, 0.0 ], [ 112.02316, -8.033389998999951, 0.0 ], [ 112.0232, -8.0329, 0.0 ], [ 112.0237, -8.03217, 0.0 ], [ 112.024180000000115, -8.031909998999936, 0.0 ], [ 112.02498, -8.03141, 0.0 ], [ 112.02523, -8.03123, 0.0 ], [ 112.025139999000089, -8.03042, 0.0 ], [ 112.024789999000063, -8.02878, 0.0 ], [ 112.024450000000115, -8.02839, 0.0 ], [ 112.02448, -8.02817, 0.0 ], [ 112.02779, -8.028319998999962, 0.0 ], [ 112.029720000000111, -8.02851, 0.0 ], [ 112.03501, -8.02903, 0.0 ], [ 112.03501, -8.029469998999957, 0.0 ], [ 112.03549, -8.02950999899997, 0.0 ], [ 112.03581, -8.02956, 0.0 ], [ 112.03615, -8.02961, 0.0 ], [ 112.03621, -8.02961, 0.0 ], [ 112.037690000000111, -8.02974, 0.0 ], [ 112.03776, -8.02975, 0.0 ], [ 112.038320000000112, -8.02983, 0.0 ], [ 112.03867, -8.02985, 0.0 ], [ 112.03916, -8.02989, 0.0 ], [ 112.03974, -8.029939998999964, 0.0 ], [ 112.040648906000115, -8.029952566999953, 0.0 ], [ 112.042550126000037, -8.030115019999926, 0.0 ], [ 112.04276, -8.03106, 0.0 ], [ 112.042920074000108, -8.031690328999957, 0.0 ], [ 112.043022589000088, -8.032141229999979, 0.0 ], [ 112.043292125000107, -8.032940997999958, 0.0 ], [ 112.043643210000027, -8.033586126999978, 0.0 ], [ 112.044190927000045, -8.034475193999981, 0.0 ], [ 112.044527904, -8.034840931999952, 0.0 ], [ 112.045479688000114, -8.033879629999944, 0.0 ], [ 112.046031723000056, -8.033517951999954, 0.0 ], [ 112.046640865000086, -8.033299040999964, 0.0 ], [ 112.047259525000072, -8.033156272999975, 0.0 ], [ 112.047362297000063, -8.033104236999975, 0.0 ], [ 112.047248280000076, -8.032547567999927, 0.0 ], [ 112.047069820000047, -8.031869420999953, 0.0 ], [ 112.047379150000097, -8.03179803699993, 0.0 ], [ 112.048449908000066, -8.03141732399996, 0.0 ], [ 112.048497497000085, -8.031750447999968, 0.0 ], [ 112.048568881000051, -8.031952701999955, 0.0 ], [ 112.048732352000115, -8.032245229999944, 0.0 ], [ 112.048839487, -8.032166417999974, 0.0 ], [ 112.049343933000046, -8.031700042999944, 0.0 ], [ 112.049800789000074, -8.031424025999968, 0.0 ], [ 112.050401265, -8.031207611999946, 0.0 ], [ 112.050324080000109, -8.030802827999935, 0.0 ], [ 112.050295527000117, -8.030127060999973, 0.0 ], [ 112.050238420000028, -8.028994437999927, 0.0 ] ] ] ] } }
]
}
