{
"type": "FeatureCollection",
"name": "Wates",
"crs": { "type": "name", "properties": { "name": "urn:ogc:def:crs:OGC:1.3:CRS84" } },
"features": [
{ "type": "Feature", "properties": { "OBJECTID": 116249.0, "KDPPUM": "35", "NAMOBJ": "Ringinrejo", "REMARK": null, "KDPBPS": null, "FCODE": "BA03070040", "LUASWH": 21.36550831, "UUPP": "Hasil Delineasi Batas Desa 2019", "SRS_ID": "SRGI 2013", "METADATA": "TASWIL1000020200326DATA_BATAS_DESA_KELURAHAN", "KDEBPS": null, "KDEPUM": "35.05.20.2004", "KDCBPS": null, "KDCPUM": "35.05.20", "KDBBPS": null, "WADMKD": "Ringinrejo", "WIADKD": null, "WADMKC": "Wates", "WIADKC": null, "WADMKK": "Blitar", "WIADKK": null, "WADMPR": "Jawa Timur", "WIADPR": null, "TIPADM": 1.0, "KDPKAB": "35.05", "SHAPE_Leng": 0.26764696877817101, "SHAPE_Area": 0.001754120405644 }, "geometry": { "type": "MultiPolygon", "coordinates": [ [ [ [ 112.338458563000017, -8.260151724999957, 0.0 ], [ 112.339782435000075, -8.260340414999973, 0.0 ], [ 112.344141608000086, -8.260226200999966, 0.0 ], [ 112.345065667000085, -8.260235113999954, 0.0 ], [ 112.34504, -8.26222, 0.0 ], [ 112.34642, -8.26226, 0.0 ], [ 112.347760000000108, -8.26237, 0.0 ], [ 112.347989999000106, -8.26239, 0.0 ], [ 112.348299999, -8.26243, 0.0 ], [ 112.34852, -8.26245, 0.0 ], [ 112.34896, -8.26246, 0.0 ], [ 112.34941, -8.2625, 0.0 ], [ 112.350369999, -8.26258, 0.0 ], [ 112.3504, -8.2629, 0.0 ], [ 112.35058, -8.26649, 0.0 ], [ 112.350739999000098, -8.26687, 0.0 ], [ 112.350910000000113, -8.268249998999977, 0.0 ], [ 112.3511, -8.27019, 0.0 ], [ 112.35108, -8.27042, 0.0 ], [ 112.351073128000053, -8.270636473999957, 0.0 ], [ 112.351143558000103, -8.271232252999937, 0.0 ], [ 112.351238737000017, -8.271767631999978, 0.0 ], [ 112.351304172000027, -8.27208885899995, 0.0 ], [ 112.351501228000075, -8.273146040999961, 0.0 ], [ 112.3517, -8.273709998999948, 0.0 ], [ 112.351644038000018, -8.274505597999962, 0.0 ], [ 112.351632141000096, -8.275130206999961, 0.0 ], [ 112.351626192000026, -8.275659636999933, 0.0 ], [ 112.351629762000016, -8.276725634999934, 0.0 ], [ 112.351791565000099, -8.277096830999938, 0.0 ], [ 112.351886743000023, -8.278010543999926, 0.0 ], [ 112.352059254000096, -8.285191757999939, 0.0 ], [ 112.351960507000058, -8.28538449399997, 0.0 ], [ 112.351930763000041, -8.285479671999951, 0.0 ], [ 112.351901020000014, -8.285574850999978, 0.0 ], [ 112.351853431000109, -8.285681926999928, 0.0 ], [ 112.351817739000012, -8.285729515999947, 0.0 ], [ 112.35173445800001, -8.285783053999978, 0.0 ], [ 112.351651177, -8.285848488999932, 0.0 ], [ 112.351585742000111, -8.285896077999951, 0.0 ], [ 112.351526255000067, -8.285937718999946, 0.0 ], [ 112.351448923000021, -8.285991256999978, 0.0 ], [ 112.351359693000063, -8.286021, 0.0 ], [ 112.351252617000114, -8.286044793999963, 0.0 ], [ 112.351139593000084, -8.286050742999976, 0.0 ], [ 112.351020620000099, -8.286056691999931, 0.0 ], [ 112.350907595000081, -8.28607453799998, 0.0 ], [ 112.350806468000087, -8.286086434999959, 0.0 ], [ 112.350581925000029, -8.286102264999954, 0.0 ], [ 112.350459067000088, -8.286118557999941, 0.0 ], [ 112.350273469000058, -8.28616763399998, 0.0 ], [ 112.35029131500005, -8.286503137999944, 0.0 ], [ 112.350309161000041, -8.287820169999975, 0.0 ], [ 112.35035318100006, -8.287859430999958, 0.0 ], [ 112.350438841000027, -8.28787370799995, 0.0 ], [ 112.350524502000098, -8.287907019999977, 0.0 ], [ 112.350629198000092, -8.287945090999926, 0.0 ], [ 112.350667270000031, -8.287983162999979, 0.0 ], [ 112.350700582000059, -8.288102135999964, 0.0 ], [ 112.350695823000024, -8.288273456999946, 0.0 ], [ 112.350695823000024, -8.288411465999957, 0.0 ], [ 112.350695823000024, -8.28850188499996, 0.0 ], [ 112.350724377, -8.288539956999955, 0.0 ], [ 112.350800519000018, -8.288544715999933, 0.0 ], [ 112.350959107000108, -8.288544105999961, 0.0 ], [ 112.351143162000085, -8.288558991999935, 0.0 ], [ 112.351157439000076, -8.288663688999975, 0.0 ], [ 112.351081296000075, -8.288744589999965, 0.0 ], [ 112.3510241890001, -8.288825491999944, 0.0 ], [ 112.350964248000082, -8.288882079999951, 0.0 ], [ 112.350956318000044, -8.288943536999966, 0.0 ], [ 112.350995635000118, -8.289025366999965, 0.0 ], [ 112.35101467100003, -8.289201446999925, 0.0 ], [ 112.351019430000065, -8.289368008999929, 0.0 ], [ 112.3510241890001, -8.289482222999936, 0.0 ], [ 112.35101467100003, -8.289591677999965, 0.0 ], [ 112.350967082000011, -8.289724927999941, 0.0 ], [ 112.35083, -8.2899, 0.0 ], [ 112.350659999000072, -8.29014, 0.0 ], [ 112.350570769000115, -8.290298181999958, 0.0 ], [ 112.350605404000021, -8.290424489999964, 0.0 ], [ 112.350657752000075, -8.290505390999954, 0.0 ], [ 112.350672028000076, -8.290633881999952, 0.0 ], [ 112.35066251100011, -8.290809961999969, 0.0 ], [ 112.350638716000049, -8.290914658999952, 0.0 ], [ 112.350567332000082, -8.291057425999952, 0.0 ], [ 112.35036144500009, -8.291120707999937, 0.0 ], [ 112.350309999000046, -8.29114, 0.0 ], [ 112.350177101000099, -8.291114532999927, 0.0 ], [ 112.350086681000107, -8.29110501599996, 0.0 ], [ 112.349986744000034, -8.291147845999944, 0.0 ], [ 112.349915360000068, -8.291200193999941, 0.0 ], [ 112.349910601000033, -8.291257300999973, 0.0 ], [ 112.349905842000112, -8.291338202999953, 0.0 ], [ 112.34997467200003, -8.291495981999958, 0.0 ], [ 112.350067645000081, -8.291599943999927, 0.0 ], [ 112.350129511000091, -8.291652291999981, 0.0 ], [ 112.350191377000101, -8.291709398999956, 0.0 ], [ 112.350229449000039, -8.291790299999946, 0.0 ], [ 112.35022469, -8.291899755999964, 0.0 ], [ 112.350181860000021, -8.292042522999964, 0.0 ], [ 112.350115235000089, -8.292151977999936, 0.0 ], [ 112.350024665000092, -8.292260519999957, 0.0 ], [ 112.349934396000094, -8.292289986999947, 0.0 ], [ 112.349734521000073, -8.292313781999951, 0.0 ], [ 112.349615548000088, -8.292313781999951, 0.0 ], [ 112.349548923000043, -8.292304263999938, 0.0 ], [ 112.349425191000023, -8.292270951999967, 0.0 ], [ 112.349301459000117, -8.292247156999963, 0.0 ], [ 112.349225316000116, -8.292309022999973, 0.0 ], [ 112.34923, -8.29257, 0.0 ], [ 112.349244352000028, -8.292665941999928, 0.0 ], [ 112.34927868300008, -8.293873590999965, 0.0 ], [ 112.349702105, -8.297881417999974, 0.0 ], [ 112.349704778000046, -8.29804709299998, 0.0 ], [ 112.349662105000107, -8.300018663999936, 0.0 ], [ 112.349922498000069, -8.300174330999937, 0.0 ], [ 112.350143788000082, -8.300231437999969, 0.0 ], [ 112.350393632000078, -8.300345651999976, 0.0 ], [ 112.350729136000041, -8.300467004999973, 0.0 ], [ 112.350850488000106, -8.300559803999931, 0.0 ], [ 112.350964702000056, -8.300674017999938, 0.0 ], [ 112.351036086000022, -8.300795370999936, 0.0 ], [ 112.351071778, -8.300988106999966, 0.0 ], [ 112.351093193000111, -8.30117370499994, 0.0 ], [ 112.351150300000086, -8.301409271999944, 0.0 ], [ 112.351136023000095, -8.301687667999943, 0.0 ], [ 112.351207407000061, -8.301830435999932, 0.0 ], [ 112.351228822000053, -8.302123109999968, 0.0 ], [ 112.351164577000077, -8.302380091999964, 0.0 ], [ 112.351157439000076, -8.302658488999953, 0.0 ], [ 112.351171715000078, -8.302844086999926, 0.0 ], [ 112.35119313000007, -8.303058237999949, 0.0 ], [ 112.351185992000069, -8.30325811299997, 0.0 ], [ 112.351185992000069, -8.303600754999934, 0.0 ], [ 112.351157439000076, -8.30385773699993, 0.0 ], [ 112.351188372000024, -8.304590610999981, 0.0 ], [ 112.351188372000024, -8.305018913999959, 0.0 ], [ 112.351188372000024, -8.305471010999952, 0.0 ], [ 112.351152680000041, -8.306506076999938, 0.0 ], [ 112.351533393000068, -8.307243709999966, 0.0 ], [ 112.351771339000038, -8.307612525999957, 0.0 ], [ 112.352092567000113, -8.308005136999952, 0.0 ], [ 112.352627945000108, -8.308457234999935, 0.0 ], [ 112.35332, -8.30918, 0.0 ], [ 112.35337, -8.30964, 0.0 ], [ 112.353420195000012, -8.309903615999929, 0.0 ], [ 112.353448749000108, -8.310057090999976, 0.0 ], [ 112.35345945600011, -8.310199858999965, 0.0 ], [ 112.35344161, -8.310314072999972, 0.0 ], [ 112.353355950000037, -8.310374748999948, 0.0 ], [ 112.353191767000112, -8.310367610999947, 0.0 ], [ 112.353010327000106, -8.310355802999936, 0.0 ], [ 112.352845555000044, -8.310335487999964, 0.0 ], [ 112.352717064000103, -8.310335487999964, 0.0 ], [ 112.352467221000097, -8.310310503999972, 0.0 ], [ 112.352288761000068, -8.310281949999933, 0.0 ], [ 112.352103163000038, -8.310192720999964, 0.0 ], [ 112.351971103000096, -8.310085644999958, 0.0 ], [ 112.351799782000057, -8.309982137999953, 0.0 ], [ 112.351610615000027, -8.309939307999969, 0.0 ], [ 112.351485693000086, -8.30995715399996, 0.0 ], [ 112.35141074, -8.310035675999927, 0.0 ], [ 112.351371479000022, -8.310206996999966, 0.0 ], [ 112.35122871100009, -8.310521085999937, 0.0 ], [ 112.351010991000066, -8.310849451999957, 0.0 ], [ 112.350911053, -8.310927973999981, 0.0 ], [ 112.350654072000111, -8.311045756999931, 0.0 ], [ 112.350586257000032, -8.311110002999953, 0.0 ], [ 112.350479181000082, -8.311270615999945, 0.0 ], [ 112.350328320000017, -8.311602659999949, 0.0 ], [ 112.350193884000078, -8.311783575999925, 0.0 ], [ 112.34996164800009, -8.311873809999952, 0.0 ], [ 112.349751066000067, -8.311898793999944, 0.0 ], [ 112.349611868000011, -8.311923777999937, 0.0 ], [ 112.349454823000087, -8.311952331999976, 0.0 ], [ 112.349347748000014, -8.311984454999958, 0.0 ], [ 112.349165719000098, -8.312084391999974, 0.0 ], [ 112.348990828000069, -8.312230728999964, 0.0 ], [ 112.34881950700003, -8.312491279999961, 0.0 ], [ 112.348576802000025, -8.31296241299998, 0.0 ], [ 112.34851612600005, -8.313065919999929, 0.0 ], [ 112.348444742000083, -8.313183702999936, 0.0 ], [ 112.348398343000099, -8.31326579399996, 0.0 ], [ 112.348326959000019, -8.313429976999942, 0.0 ], [ 112.348298405000037, -8.313686958999938, 0.0 ], [ 112.348227021000071, -8.314015324999957, 0.0 ], [ 112.348180622000086, -8.314411504999953, 0.0 ], [ 112.348094961000015, -8.314629225999965, 0.0 ], [ 112.3471384180001, -8.315960533999942, 0.0 ], [ 112.346792206000032, -8.316531604999966, 0.0 ], [ 112.34658876200001, -8.316852831999938, 0.0 ], [ 112.345978431000049, -8.317598792999945, 0.0 ], [ 112.345418068000072, -8.318226970999945, 0.0 ], [ 112.34520391600006, -8.318687395999973, 0.0 ], [ 112.345164655000076, -8.318780194999931, 0.0 ], [ 112.3451004100001, -8.318865855999945, 0.0 ], [ 112.345007611000028, -8.318940808999969, 0.0 ], [ 112.344879120000087, -8.319022899999936, 0.0 ], [ 112.344679245000066, -8.319133544999943, 0.0 ], [ 112.344525770000018, -8.319233482999948, 0.0 ], [ 112.344158143000072, -8.319479756999954, 0.0 ], [ 112.343679871000063, -8.319701046999967, 0.0 ], [ 112.343544242, -8.319783137999934, 0.0 ], [ 112.343444305000048, -8.31987950599995, 0.0 ], [ 112.343412182000066, -8.319983012999955, 0.0 ], [ 112.343390767000074, -8.320104364999963, 0.0 ], [ 112.343383629000073, -8.320272116999945, 0.0 ], [ 112.34335507500009, -8.320543375999932, 0.0 ], [ 112.343205169000043, -8.320875310999952, 0.0 ], [ 112.343044555, -8.321110876999967, 0.0 ], [ 112.342873234000081, -8.321271490999948, 0.0 ], [ 112.342712620000043, -8.321350012999972, 0.0 ], [ 112.342491331000019, -8.321364289999963, 0.0 ], [ 112.342341425000086, -8.321367858999963, 0.0 ], [ 112.342116566000072, -8.321389273999955, 0.0 ], [ 112.341948814000034, -8.32147850399997, 0.0 ], [ 112.341691832000038, -8.321674809999934, 0.0 ], [ 112.341574048000098, -8.321810438999933, 0.0 ], [ 112.341538356000115, -8.321985328999972, 0.0 ], [ 112.341581187000088, -8.322417200999951, 0.0 ], [ 112.341513372, -8.322688459999938, 0.0 ], [ 112.341273546000025, -8.322991534999971, 0.0 ], [ 112.341038670000103, -8.323323775999938, 0.0 ], [ 112.340774550000106, -8.323819893999939, 0.0 ], [ 112.340703166000026, -8.324365979999925, 0.0 ], [ 112.340540333000035, -8.325344151999957, 0.0 ], [ 112.340403354000046, -8.325568797999949, 0.0 ], [ 112.340356954000072, -8.325650888999974, 0.0 ], [ 112.340303416000097, -8.32572584199994, 0.0 ], [ 112.340199910000024, -8.325815071999955, 0.0 ], [ 112.340046841000117, -8.325882022999963, 0.0 ], [ 112.339707361000023, -8.325957838999955, 0.0 ], [ 112.339610993000065, -8.325979254999936, 0.0 ], [ 112.339425395000035, -8.325982823999936, 0.0 ], [ 112.339314750000085, -8.325989961999937, 0.0 ], [ 112.339200536000021, -8.326025653999977, 0.0 ], [ 112.339032784000096, -8.326118452999935, 0.0 ], [ 112.338843617000066, -8.326279066999973, 0.0 ], [ 112.337987011000109, -8.327082134999955, 0.0 ], [ 112.337883504000047, -8.32717136499997, 0.0 ], [ 112.337697906000017, -8.327442622999968, 0.0 ], [ 112.337351695000052, -8.327863787999945, 0.0 ], [ 112.33719, -8.3279, 0.0 ], [ 112.336887700000034, -8.327853079999954, 0.0 ], [ 112.33665927200002, -8.327888771999937, 0.0 ], [ 112.336352321000049, -8.327945878999969, 0.0 ], [ 112.336016817000086, -8.328024400999936, 0.0 ], [ 112.335724144000096, -8.328202860999966, 0.0 ], [ 112.335567099000059, -8.328417011999932, 0.0 ], [ 112.335495715000093, -8.328681132999975, 0.0 ], [ 112.335509992000084, -8.32951632299995, 0.0 ], [ 112.335724144000096, -8.330694156999925, 0.0 ], [ 112.335724144000096, -8.331036798999946, 0.0 ], [ 112.335681313, -8.331250949999969, 0.0 ], [ 112.335602791000042, -8.331350887999974, 0.0 ], [ 112.335502854000083, -8.331422271999941, 0.0 ], [ 112.335345809000046, -8.331472239999925, 0.0 ], [ 112.335038859000065, -8.331550762999939, 0.0 ], [ 112.334803292000061, -8.331664976999946, 0.0 ], [ 112.334703355000102, -8.331793467999944, 0.0 ], [ 112.334560587000055, -8.332143247999966, 0.0 ], [ 112.334460650000096, -8.332735733999925, 0.0 ], [ 112.334432096000114, -8.332992715999978, 0.0 ], [ 112.334362350000106, -8.333168127999954, 0.0 ], [ 112.333828504000053, -8.332961706999981, 0.0 ], [ 112.333762383000021, -8.332978236999963, 0.0 ], [ 112.333345965000035, -8.332873956999947, 0.0 ], [ 112.333012997000083, -8.332809697999949, 0.0 ], [ 112.332535341000039, -8.332706437999946, 0.0 ], [ 112.332330861000059, -8.332648290999941, 0.0 ], [ 112.332142317000034, -8.332588094999949, 0.0 ], [ 112.331475260000047, -8.332341913999926, 0.0 ], [ 112.33076836400005, -8.332085258999939, 0.0 ], [ 112.330591598000069, -8.332027230999927, 0.0 ], [ 112.330259499000022, -8.331923935999953, 0.0 ], [ 112.329992017000109, -8.33185494199995, 0.0 ], [ 112.329930832000059, -8.331841549999979, 0.0 ], [ 112.329588668000042, -8.331775036999943, 0.0 ], [ 112.329149036000103, -8.331706634999932, 0.0 ], [ 112.328836576000072, -8.331659827999943, 0.0 ], [ 112.328341527000021, -8.331608846999927, 0.0 ], [ 112.327941562000092, -8.331603303999941, 0.0 ], [ 112.32751276800002, -8.331611266999971, 0.0 ], [ 112.325905597000087, -8.331642244999955, 0.0 ], [ 112.325551207000103, -8.331662819999963, 0.0 ], [ 112.325511540000093, -8.331666876999975, 0.0 ], [ 112.325500854000097, -8.331667969999955, 0.0 ], [ 112.325364399000023, -8.331681923999952, 0.0 ], [ 112.325222500000109, -8.331701450999958, 0.0 ], [ 112.325181850000035, -8.331712724999932, 0.0 ], [ 112.325142958000015, -8.331730919999927, 0.0 ], [ 112.325102368000103, -8.331759875999978, 0.0 ], [ 112.325049708000051, -8.331816268999944, 0.0 ], [ 112.324982393000028, -8.331906236999941, 0.0 ], [ 112.324973036000074, -8.331926245999966, 0.0 ], [ 112.324971363000031, -8.331941914999959, 0.0 ], [ 112.324972011000114, -8.331947998999965, 0.0 ], [ 112.324972666, -8.331954164999956, 0.0 ], [ 112.324983633000102, -8.331989526999962, 0.0 ], [ 112.32501839400004, -8.332108935999941, 0.0 ], [ 112.325020210000048, -8.332121047999976, 0.0 ], [ 112.325019877000045, -8.332135495999978, 0.0 ], [ 112.325016138000024, -8.332147087999942, 0.0 ], [ 112.325003952000088, -8.332161688999975, 0.0 ], [ 112.324996702000021, -8.332168083999932, 0.0 ], [ 112.324990110000044, -8.332171394999932, 0.0 ], [ 112.324962753000023, -8.3321801, 0.0 ], [ 112.324933950000059, -8.332187373999943, 0.0 ], [ 112.324906542, -8.332195001999935, 0.0 ], [ 112.32487375900007, -8.332208886999979, 0.0 ], [ 112.324855116000094, -8.332219817999942, 0.0 ], [ 112.324846874000059, -8.33222567599995, 0.0 ], [ 112.324840512000037, -8.332231184999955, 0.0 ], [ 112.324832832000084, -8.332240245999969, 0.0 ], [ 112.324827109000012, -8.332249496999964, 0.0 ], [ 112.324818796000045, -8.332271916999957, 0.0 ], [ 112.324816075000058, -8.332282516999953, 0.0 ], [ 112.324807037000028, -8.332327236999959, 0.0 ], [ 112.324795539000093, -8.332367317999967, 0.0 ], [ 112.324791234000031, -8.332376429999954, 0.0 ], [ 112.324785496000118, -8.332386030999942, 0.0 ], [ 112.324779936000027, -8.332392634999962, 0.0 ], [ 112.324770196000031, -8.332400866999933, 0.0 ], [ 112.324755191, -8.332409864999931, 0.0 ], [ 112.32474636500001, -8.332413130999953, 0.0 ], [ 112.324735939000107, -8.332415406999928, 0.0 ], [ 112.324718413000028, -8.332415318999949, 0.0 ], [ 112.324656962000063, -8.332406411999955, 0.0 ], [ 112.3246337060001, -8.332402473999935, 0.0 ], [ 112.324622261000059, -8.332400661999941, 0.0 ], [ 112.32458779600006, -8.332396915999936, 0.0 ], [ 112.324576354000101, -8.332396433999975, 0.0 ], [ 112.324557197000104, -8.332396855999946, 0.0 ], [ 112.324516417000041, -8.332400764999932, 0.0 ], [ 112.32448966700008, -8.332405244999961, 0.0 ], [ 112.324432551000086, -8.332420297999931, 0.0 ], [ 112.32433139200009, -8.332448134999936, 0.0 ], [ 112.324317419000067, -8.332449031999943, 0.0 ], [ 112.324291581000011, -8.332445299999961, 0.0 ], [ 112.324271999000075, -8.332433317999971, 0.0 ], [ 112.324233715000105, -8.332403896999949, 0.0 ], [ 112.324220616000048, -8.332395411999926, 0.0 ], [ 112.324200217000111, -8.332387125999958, 0.0 ], [ 112.324173890000111, -8.332379702999958, 0.0 ], [ 112.324055295000107, -8.332357014999957, 0.0 ], [ 112.323651953000081, -8.332279854999967, 0.0 ], [ 112.32359120600006, -8.332265495999934, 0.0 ], [ 112.323358060000032, -8.33219543499996, 0.0 ], [ 112.323295304000112, -8.33217296, 0.0 ], [ 112.323260319000042, -8.332160580999926, 0.0 ], [ 112.323239068000021, -8.332155862999969, 0.0 ], [ 112.323192707000089, -8.332152085999951, 0.0 ], [ 112.322966348000023, -8.332164765999948, 0.0 ], [ 112.322938029000056, -8.332169436999948, 0.0 ], [ 112.322921149000081, -8.332175417999963, 0.0 ], [ 112.322867590000101, -8.332196728999975, 0.0 ], [ 112.322353040000053, -8.332384931999968, 0.0 ], [ 112.321403324000016, -8.332745601999932, 0.0 ], [ 112.321355547000053, -8.332762069999944, 0.0 ], [ 112.321244059000037, -8.332783909999932, 0.0 ], [ 112.321225823000077, -8.332787721999978, 0.0 ], [ 112.321219160000055, -8.332789530999946, 0.0 ], [ 112.321214099000031, -8.332791516999976, 0.0 ], [ 112.321210476000033, -8.332793294999931, 0.0 ], [ 112.321207500000014, -8.332795003999934, 0.0 ], [ 112.3211990530001, -8.332801368999981, 0.0 ], [ 112.321186209000075, -8.332814136999957, 0.0 ], [ 112.321178061000069, -8.332822437999937, 0.0 ], [ 112.321108787000071, -8.33285426499998, 0.0 ], [ 112.321052276000046, -8.33288698399997, 0.0 ], [ 112.320998737000082, -8.332934573999978, 0.0 ], [ 112.320930329000021, -8.332985135999934, 0.0 ], [ 112.320880022000097, -8.333, 0.0 ], [ 112.32079945800001, -8.333023803999936, 0.0 ], [ 112.320710229000042, -8.333065441999963, 0.0 ], [ 112.320633334000036, -8.333103888999972, 0.0 ], [ 112.320610651000038, -8.333117362999928, 0.0 ], [ 112.319986508000056, -8.333463097999982, 0.0 ], [ 112.31982636400005, -8.33355436599993, 0.0 ], [ 112.319764282000051, -8.333586517999947, 0.0 ], [ 112.319555313000023, -8.33371948599995, 0.0 ], [ 112.31939211200006, -8.333834873999933, 0.0 ], [ 112.31911415400009, -8.334031400999947, 0.0 ], [ 112.318991286000028, -8.334127828999954, 0.0 ], [ 112.318955769000013, -8.334164125999962, 0.0 ], [ 112.31894198100008, -8.334183104999966, 0.0 ], [ 112.318926917000113, -8.334211061999952, 0.0 ], [ 112.31892046400003, -8.334228736999933, 0.0 ], [ 112.318918269000051, -8.334250948999966, 0.0 ], [ 112.318921048000107, -8.334281940999972, 0.0 ], [ 112.318927381000094, -8.334305527999959, 0.0 ], [ 112.31893724400004, -8.334330804999979, 0.0 ], [ 112.318948872000078, -8.334356103999937, 0.0 ], [ 112.318961447000106, -8.334380945999953, 0.0 ], [ 112.319039831000055, -8.334523219999937, 0.0 ], [ 112.319076170000017, -8.334589179999966, 0.0 ], [ 112.319095356000048, -8.334630674999971, 0.0 ], [ 112.319103669000015, -8.334662735999927, 0.0 ], [ 112.31910704500001, -8.334691711999938, 0.0 ], [ 112.319106815000055, -8.334709515999975, 0.0 ], [ 112.319101223000075, -8.334748073999947, 0.0 ], [ 112.319069082000055, -8.334951684999965, 0.0 ], [ 112.319068948000108, -8.334952530999942, 0.0 ], [ 112.31902995300004, -8.335199540999952, 0.0 ], [ 112.319006887000114, -8.335345639999957, 0.0 ], [ 112.319003521000013, -8.335366959999931, 0.0 ], [ 112.31899278700007, -8.335477956999966, 0.0 ], [ 112.318968435000102, -8.335600236999937, 0.0 ], [ 112.318962783000075, -8.335628619999966, 0.0 ], [ 112.31894826700011, -8.335681645999955, 0.0 ], [ 112.318936967000013, -8.335707794999962, 0.0 ], [ 112.318920792000085, -8.335733765999976, 0.0 ], [ 112.318895353000016, -8.335764299999937, 0.0 ], [ 112.318852940000056, -8.335802354999942, 0.0 ], [ 112.318844630000058, -8.33580981199998, 0.0 ], [ 112.318766120000078, -8.335868155999947, 0.0 ], [ 112.318705628000089, -8.335908064999956, 0.0 ], [ 112.318633151000085, -8.33594476899998, 0.0 ], [ 112.318560782000077, -8.335976201999927, 0.0 ], [ 112.318528255000047, -8.335987803999956, 0.0 ], [ 112.318448646000093, -8.336007195999969, 0.0 ], [ 112.318435420000014, -8.336006899999973, 0.0 ], [ 112.318416339, -8.336000835999926, 0.0 ], [ 112.318358395000018, -8.335968357999946, 0.0 ], [ 112.31830930700005, -8.335941097999978, 0.0 ], [ 112.318294550000019, -8.335936640999932, 0.0 ], [ 112.318278184000064, -8.335932086999946, 0.0 ], [ 112.318225819000077, -8.335925865999968, 0.0 ], [ 112.318176961000063, -8.33592372399994, 0.0 ], [ 112.318136769000034, -8.335926891999975, 0.0 ], [ 112.318106453000041, -8.335933359999956, 0.0 ], [ 112.318077960000096, -8.335943128999929, 0.0 ], [ 112.31806821400005, -8.335947741999973, 0.0 ], [ 112.318044874000066, -8.335961984999926, 0.0 ], [ 112.318016091000118, -8.335985763999929, 0.0 ], [ 112.317994991000091, -8.336007069999937, 0.0 ], [ 112.317989221000062, -8.336014615999943, 0.0 ], [ 112.317987032000019, -8.336017478999963, 0.0 ], [ 112.317975531000116, -8.336038001999952, 0.0 ], [ 112.317963644000088, -8.336065239999925, 0.0 ], [ 112.317960065000079, -8.336074907999944, 0.0 ], [ 112.317954828000097, -8.336091634999946, 0.0 ], [ 112.317949021000118, -8.336114283999962, 0.0 ], [ 112.317943777000096, -8.336158160999958, 0.0 ], [ 112.317943049000064, -8.336176383999941, 0.0 ], [ 112.317944667, -8.336240078999936, 0.0 ], [ 112.317968747, -8.336354061999941, 0.0 ], [ 112.317995195000094, -8.336439857999949, 0.0 ], [ 112.318013905000043, -8.336485626999945, 0.0 ], [ 112.318036115000041, -8.336527482999941, 0.0 ], [ 112.318054448000112, -8.336554604999947, 0.0 ], [ 112.318077803000051, -8.336582353999972, 0.0 ], [ 112.318207067000117, -8.336728367999967, 0.0 ], [ 112.318382199000098, -8.336899200999937, 0.0 ], [ 112.318412978000083, -8.336935151999967, 0.0 ], [ 112.318431574000101, -8.33695875799998, 0.0 ], [ 112.318455356000072, -8.336994857999969, 0.0 ], [ 112.318518621000067, -8.337090900999954, 0.0 ], [ 112.318601733000037, -8.337248838999926, 0.0 ], [ 112.318635749, -8.337301639999964, 0.0 ], [ 112.318661762000033, -8.337325282999927, 0.0 ], [ 112.318703631000062, -8.337349607999954, 0.0 ], [ 112.318735618, -8.337374609999927, 0.0 ], [ 112.318748155000094, -8.337387515999978, 0.0 ], [ 112.31876240400004, -8.337405654999941, 0.0 ], [ 112.31877391, -8.337423637999962, 0.0 ], [ 112.318783667000048, -8.337443246999953, 0.0 ], [ 112.318788626000014, -8.337455119999959, 0.0 ], [ 112.318794724000099, -8.337478564999969, 0.0 ], [ 112.318799449000039, -8.3375068199999, 0.0 ], [ 112.318833132, -8.337967060999972, 0.0 ], [ 112.318831988000056, -8.338006833999941, 0.0 ], [ 112.318831443000022, -8.33802576599993, 0.0 ], [ 112.318827724000016, -8.338047489999951, 0.0 ], [ 112.318803463000108, -8.338111397999967, 0.0 ], [ 112.318785695000088, -8.338150018999954, 0.0 ], [ 112.318776779000018, -8.338170931999969, 0.0 ], [ 112.31876666200003, -8.338206876999948, 0.0 ], [ 112.318764889000022, -8.338234770999975, 0.0 ], [ 112.318767697000112, -8.338256477999948, 0.0 ], [ 112.318775880000089, -8.338289422999935, 0.0 ], [ 112.318788376000043, -8.338339760999929, 0.0 ], [ 112.318791051000062, -8.338358484999958, 0.0 ], [ 112.318791751000049, -8.33837256399994, 0.0 ], [ 112.31879063000008, -8.338386835999927, 0.0 ], [ 112.318785975000083, -8.338410927999973, 0.0 ], [ 112.318770904000075, -8.338454551999973, 0.0 ], [ 112.318769986, -8.338457208999955, 0.0 ], [ 112.318758922000029, -8.338483287999964, 0.0 ], [ 112.31870767800001, -8.338579853999931, 0.0 ], [ 112.31865205400004, -8.338651766999931, 0.0 ], [ 112.318535895000082, -8.338745848999963, 0.0 ], [ 112.31848418200002, -8.338787731999957, 0.0 ], [ 112.318434583000112, -8.338824741999929, 0.0 ], [ 112.318396761000031, -8.338848248999966, 0.0 ], [ 112.318373895000036, -8.33885625399995, 0.0 ], [ 112.318369678000067, -8.338857731999951, 0.0 ], [ 112.318264274000057, -8.338873153999941, 0.0 ], [ 112.318247826000061, -8.338878467999962, 0.0 ], [ 112.318233914000075, -8.338884522999933, 0.0 ], [ 112.318218609000041, -8.338894248999964, 0.0 ], [ 112.318210857000054, -8.338900142999933, 0.0 ], [ 112.31818932300007, -8.338921288999927, 0.0 ], [ 112.318177103000039, -8.338938889999952, 0.0 ], [ 112.31815714600009, -8.338977359999944, 0.0 ], [ 112.318149897000012, -8.338992875999963, 0.0 ], [ 112.318124035000096, -8.339058269999953, 0.0 ], [ 112.318082931000049, -8.339188477999926, 0.0 ], [ 112.318009406000101, -8.33942138599997, 0.0 ], [ 112.317994838000118, -8.339608643999952, 0.0 ], [ 112.317988935000017, -8.339684529999943, 0.0 ], [ 112.317998190000026, -8.339772169999947, 0.0 ], [ 112.318011957000067, -8.339828293999972, 0.0 ], [ 112.318021732000034, -8.339853656999935, 0.0 ], [ 112.318028052000045, -8.339866356999948, 0.0 ], [ 112.318042268000113, -8.339887142999942, 0.0 ], [ 112.31809506400009, -8.339946055999974, 0.0 ], [ 112.318153336000023, -8.339998357999946, 0.0 ], [ 112.31816971, -8.340010535999966, 0.0 ], [ 112.318192604000046, -8.340026284999965, 0.0 ], [ 112.318208475, -8.340030142999979, 0.0 ], [ 112.318231499000035, -8.340029665999964, 0.0 ], [ 112.318247933000066, -8.34002542099995, 0.0 ], [ 112.318324879000102, -8.339991686999952, 0.0 ], [ 112.318343211000069, -8.339985005999949, 0.0 ], [ 112.318364794000104, -8.339977139999974, 0.0 ], [ 112.318387074000043, -8.339971754999965, 0.0 ], [ 112.318405967000103, -8.339969553999936, 0.0 ], [ 112.318428921000077, -8.339968875999944, 0.0 ], [ 112.318469330000084, -8.339973731999976, 0.0 ], [ 112.31850638800006, -8.339987340999926, 0.0 ], [ 112.318530279000015, -8.340002483999967, 0.0 ], [ 112.318543051, -8.340013601999942, 0.0 ], [ 112.318550032000076, -8.34002996199996, 0.0 ], [ 112.318551606000028, -8.340055031999952, 0.0 ], [ 112.318546852000054, -8.34007702599996, 0.0 ], [ 112.31853981800009, -8.340091127999926, 0.0 ], [ 112.318535075000113, -8.340099210999938, 0.0 ], [ 112.318518893000032, -8.340126786999974, 0.0 ], [ 112.318510322000066, -8.340140042999963, 0.0 ], [ 112.31848547300001, -8.34017327, 0.0 ], [ 112.318444215000113, -8.340216429999941, 0.0 ], [ 112.318422813000097, -8.340233896999962, 0.0 ], [ 112.318354806000116, -8.340283209999939, 0.0 ], [ 112.318344081000077, -8.340295689999948, 0.0 ], [ 112.318337930000098, -8.340312887999971, 0.0 ], [ 112.318335616000013, -8.340335502999949, 0.0 ], [ 112.31834260100004, -8.340440697999952, 0.0 ], [ 112.318346639000083, -8.340467338999929, 0.0 ], [ 112.318351503000031, -8.340481350999937, 0.0 ], [ 112.318360342, -8.340499442999942, 0.0 ], [ 112.318366784000091, -8.340509281999971, 0.0 ], [ 112.318374980000044, -8.340519296999958, 0.0 ], [ 112.318394737000062, -8.340532020999945, 0.0 ], [ 112.318433300000038, -8.340552097999932, 0.0 ], [ 112.318486501000052, -8.340581061999956, 0.0 ], [ 112.3185140920001, -8.340600622999943, 0.0 ], [ 112.3185340120001, -8.340625134999925, 0.0 ], [ 112.318556234000084, -8.340660791999937, 0.0 ], [ 112.318565743000022, -8.340685988999951, 0.0 ], [ 112.318569901000046, -8.340713335999965, 0.0 ], [ 112.318570019000049, -8.340748535999978, 0.0 ], [ 112.318565824000075, -8.340787311999975, 0.0 ], [ 112.318545307000022, -8.34088513599994, 0.0 ], [ 112.318542861000083, -8.340900885999929, 0.0 ], [ 112.318540314000074, -8.340917288999947, 0.0 ], [ 112.318540418000111, -8.340948181999977, 0.0 ], [ 112.318546341000115, -8.340995536999969, 0.0 ], [ 112.318577835000042, -8.341147355999965, 0.0 ], [ 112.31858623100004, -8.341230227999972, 0.0 ], [ 112.318584710000096, -8.34126099599996, 0.0 ], [ 112.318578985000045, -8.341339537999943, 0.0 ], [ 112.318562929000109, -8.341421708999974, 0.0 ], [ 112.318551370000023, -8.341462146999959, 0.0 ], [ 112.318500040000117, -8.341641724999931, 0.0 ], [ 112.318467860000055, -8.341733181999928, 0.0 ], [ 112.318446869000013, -8.341772913999932, 0.0 ], [ 112.318432937000011, -8.341796048999981, 0.0 ], [ 112.318410864000043, -8.341823808999948, 0.0 ], [ 112.318382873000019, -8.341850105999981, 0.0 ], [ 112.318371702000036, -8.341858912999953, 0.0 ], [ 112.318342003000112, -8.341878742999938, 0.0 ], [ 112.318314484000098, -8.341893617999972, 0.0 ], [ 112.318303381000078, -8.341899619999936, 0.0 ], [ 112.318256744000109, -8.341920656999946, 0.0 ], [ 112.317888886000105, -8.342053092999947, 0.0 ], [ 112.317807045000109, -8.342084102999934, 0.0 ], [ 112.317743257000075, -8.342098555999939, 0.0 ], [ 112.317688974000021, -8.342104095999957, 0.0 ], [ 112.317620463000026, -8.342104719999952, 0.0 ], [ 112.317105255000115, -8.342091747999973, 0.0 ], [ 112.317085294000094, -8.342091332999928, 0.0 ], [ 112.317052784000111, -8.342088899999965, 0.0 ], [ 112.317023508000034, -8.342083037999942, 0.0 ], [ 112.316995603, -8.342073876999962, 0.0 ], [ 112.316971348000038, -8.342063995999979, 0.0 ], [ 112.316963760000021, -8.342059978999941, 0.0 ], [ 112.316936639, -8.34204290699995, 0.0 ], [ 112.316899319000072, -8.342015975999971, 0.0 ], [ 112.316868236, -8.34199455299995, 0.0 ], [ 112.316854997000064, -8.341978267999934, 0.0 ], [ 112.316850019000071, -8.341966400999979, 0.0 ], [ 112.316847733000031, -8.341956744999948, 0.0 ], [ 112.316834225000093, -8.341863057999944, 0.0 ], [ 112.3168234850001, -8.341750471999944, 0.0 ], [ 112.316818408000017, -8.341724906999957, 0.0 ], [ 112.316813568000043, -8.341710728999942, 0.0 ], [ 112.316802115000087, -8.341686051999943, 0.0 ], [ 112.316792220000025, -8.341672072999927, 0.0 ], [ 112.316777497000089, -8.341658318999976, 0.0 ], [ 112.316747408000083, -8.341634469999974, 0.0 ], [ 112.316732476000084, -8.341623608999953, 0.0 ], [ 112.316647967000108, -8.341564784999946, 0.0 ], [ 112.316623245000073, -8.341549172999976, 0.0 ], [ 112.316614218000041, -8.341544004999946, 0.0 ], [ 112.316606087000082, -8.341540946999942, 0.0 ], [ 112.31658609100009, -8.341537528999936, 0.0 ], [ 112.316563925000082, -8.341539582999928, 0.0 ], [ 112.31652125200003, -8.341549705999967, 0.0 ], [ 112.316490552, -8.341559142999927, 0.0 ], [ 112.31646790700006, -8.341567557999952, 0.0 ], [ 112.316459315000088, -8.341572145999976, 0.0 ], [ 112.316451056, -8.341579714999966, 0.0 ], [ 112.316441658000031, -8.341592938999952, 0.0 ], [ 112.316438566000102, -8.341601729999979, 0.0 ], [ 112.316437030000088, -8.341615828999977, 0.0 ], [ 112.316439045000038, -8.341640599999948, 0.0 ], [ 112.316448344000037, -8.341682401999947, 0.0 ], [ 112.316456652000056, -8.341713108999954, 0.0 ], [ 112.316464926000094, -8.341737575999957, 0.0 ], [ 112.316504026000075, -8.341860341999961, 0.0 ], [ 112.316517023000074, -8.341895919999956, 0.0 ], [ 112.316526315000033, -8.341916014999981, 0.0 ], [ 112.316536438000071, -8.341929389999962, 0.0 ], [ 112.316581424000105, -8.341975488999935, 0.0 ], [ 112.316593628000078, -8.341985823999948, 0.0 ], [ 112.316636303000109, -8.342016797999975, 0.0 ], [ 112.316655684000011, -8.342027642999938, 0.0 ], [ 112.316670619000092, -8.342036779999944, 0.0 ], [ 112.316693127, -8.342053157999942, 0.0 ], [ 112.316699268000093, -8.342058290999944, 0.0 ], [ 112.316709066000044, -8.342068086999973, 0.0 ], [ 112.316713474000039, -8.342074207999929, 0.0 ], [ 112.316717351000079, -8.342081340999925, 0.0 ], [ 112.316720346000011, -8.342089167999973, 0.0 ], [ 112.316723176000096, -8.342099535999978, 0.0 ], [ 112.316724645000022, -8.342117765999944, 0.0 ], [ 112.316725339000072, -8.342145277999975, 0.0 ], [ 112.316724577000059, -8.342155931999969, 0.0 ], [ 112.316722470000059, -8.342185366999956, 0.0 ], [ 112.316715833000103, -8.342218619999926, 0.0 ], [ 112.316710766000028, -8.342236661999948, 0.0 ], [ 112.316707960000031, -8.34224450499994, 0.0 ], [ 112.316703858000096, -8.342253161999963, 0.0 ], [ 112.316701133000038, -8.342257217999929, 0.0 ], [ 112.316695706000019, -8.342262522999931, 0.0 ], [ 112.316687749000039, -8.342267497999956, 0.0 ], [ 112.316679007000062, -8.342270360999976, 0.0 ], [ 112.316669816000058, -8.342269947999966, 0.0 ], [ 112.316635876000078, -8.342264400999966, 0.0 ], [ 112.316618565000113, -8.342261034999979, 0.0 ], [ 112.316607769000029, -8.342258934999961, 0.0 ], [ 112.316600038000047, -8.342256780999946, 0.0 ], [ 112.316593725000075, -8.342253723999931, 0.0 ], [ 112.316587561, -8.342248359999928, 0.0 ], [ 112.31658027900005, -8.342235031999962, 0.0 ], [ 112.3165773610001, -8.342225959999951, 0.0 ], [ 112.316574895000031, -8.34221747, 0.0 ], [ 112.316565662000016, -8.342200445999936, 0.0 ], [ 112.316552207000086, -8.34218154399997, 0.0 ], [ 112.316545246000032, -8.34217603899998, 0.0 ], [ 112.316539770000077, -8.342173036999952, 0.0 ], [ 112.316534458000092, -8.342171041999961, 0.0 ], [ 112.316527091000012, -8.342170253999939, 0.0 ], [ 112.316516244000013, -8.342170582999927, 0.0 ], [ 112.316513293000071, -8.34217108699994, 0.0 ], [ 112.31650568900011, -8.342173351999975, 0.0 ], [ 112.316496250000114, -8.342177153999955, 0.0 ], [ 112.316492371000095, -8.342179224999938, 0.0 ], [ 112.316486490000102, -8.342183255999942, 0.0 ], [ 112.316475746000037, -8.342192618999945, 0.0 ], [ 112.316471318000026, -8.342196920999982, 0.0 ], [ 112.31646487, -8.342205209999975, 0.0 ], [ 112.316459098000109, -8.342214719999959, 0.0 ], [ 112.316453762000037, -8.342225680999945, 0.0 ], [ 112.316449824000074, -8.342236095999965, 0.0 ], [ 112.316447018000076, -8.342262741999946, 0.0 ], [ 112.316439925000054, -8.342307499999947, 0.0 ], [ 112.316427804000114, -8.34235044299993, 0.0 ], [ 112.316420864000065, -8.342366539999944, 0.0 ], [ 112.316385955000101, -8.342421581999929, 0.0 ], [ 112.316365592000011, -8.342449484999975, 0.0 ], [ 112.316329506000102, -8.342498929999977, 0.0 ], [ 112.316320295000082, -8.34250962699997, 0.0 ], [ 112.3163105430001, -8.342515272999947, 0.0 ], [ 112.316302225000072, -8.342517021999981, 0.0 ], [ 112.316295700000069, -8.342518394999956, 0.0 ], [ 112.316291549000084, -8.342518925999968, 0.0 ], [ 112.316079968000054, -8.342519616999937, 0.0 ], [ 112.316062090000059, -8.342517275999967, 0.0 ], [ 112.316044003000115, -8.342512459999966, 0.0 ], [ 112.316031879000093, -8.342506500999946, 0.0 ], [ 112.316029357000048, -8.342505260999928, 0.0 ], [ 112.31602202800002, -8.342498888999955, 0.0 ], [ 112.31601851500011, -8.342494133999935, 0.0 ], [ 112.315969099000085, -8.342394872999932, 0.0 ], [ 112.315967278000016, -8.342391215999953, 0.0 ], [ 112.315961944000037, -8.342384961999926, 0.0 ], [ 112.315961156000071, -8.342384408999976, 0.0 ], [ 112.315956632000052, -8.342381236999927, 0.0 ], [ 112.315953045000015, -8.342379524999956, 0.0 ], [ 112.315945175000024, -8.342377495999926, 0.0 ], [ 112.315939015000026, -8.342376876999936, 0.0 ], [ 112.315932995000026, -8.342377177999936, 0.0 ], [ 112.315931864000049, -8.34237742199997, 0.0 ], [ 112.315768259000038, -8.34237651199993, 0.0 ], [ 112.315740539000103, -8.342373254999927, 0.0 ], [ 112.315713526000081, -8.342360194999969, 0.0 ], [ 112.315700529000082, -8.342350285999942, 0.0 ], [ 112.31565394800009, -8.342306758999939, 0.0 ], [ 112.31563566300008, -8.342289671999936, 0.0 ], [ 112.31563248100008, -8.342286698999942, 0.0 ], [ 112.315610687000117, -8.342271971999935, 0.0 ], [ 112.315584540000032, -8.342260392999947, 0.0 ], [ 112.315556601000026, -8.342255188999957, 0.0 ], [ 112.315499408000051, -8.342258980999929, 0.0 ], [ 112.315253014000064, -8.342286707999961, 0.0 ], [ 112.315213842000048, -8.342289190999963, 0.0 ], [ 112.315192532000083, -8.342285464999975, 0.0 ], [ 112.315142402000106, -8.342269360999978, 0.0 ], [ 112.315120024000066, -8.342256218999978, 0.0 ], [ 112.315072161000103, -8.342216263999944, 0.0 ], [ 112.314734685000076, -8.341855262999957, 0.0 ], [ 112.314666356000089, -8.341756633999978, 0.0 ], [ 112.314643357000023, -8.341713894999941, 0.0 ], [ 112.314620583000078, -8.341666589999932, 0.0 ], [ 112.314599866000094, -8.34162508299994, 0.0 ], [ 112.314577190000023, -8.34153622499997, 0.0 ], [ 112.314557885000113, -8.341424295999957, 0.0 ], [ 112.314477314000101, -8.34080505299994, 0.0 ], [ 112.31447237000009, -8.340776152999979, 0.0 ], [ 112.314463764000038, -8.340749522999943, 0.0 ], [ 112.314446186000055, -8.340714800999933, 0.0 ], [ 112.314432686000032, -8.340691958999969, 0.0 ], [ 112.314426313000013, -8.340682322999953, 0.0 ], [ 112.314372778, -8.34060137299997, 0.0 ], [ 112.314341914000011, -8.340558223999949, 0.0 ], [ 112.314295703000084, -8.34050356399996, 0.0 ], [ 112.314267069000039, -8.340479805999962, 0.0 ], [ 112.314230388000055, -8.340474711999946, 0.0 ], [ 112.314176688000089, -8.340479797999933, 0.0 ], [ 112.314050909000116, -8.340512433999947, 0.0 ], [ 112.313951671000041, -8.340536825999948, 0.0 ], [ 112.313872598000103, -8.340550871999937, 0.0 ], [ 112.313850498000079, -8.340552966999951, 0.0 ], [ 112.313770028000022, -8.340555625999968, 0.0 ], [ 112.313684712000054, -8.340546336999978, 0.0 ], [ 112.313562891000061, -8.340526049999937, 0.0 ], [ 112.313527261000104, -8.340518146999955, 0.0 ], [ 112.313480364000043, -8.340502748999938, 0.0 ], [ 112.313409365000098, -8.340472162999959, 0.0 ], [ 112.31338099900006, -8.340458147999925, 0.0 ], [ 112.312854536000032, -8.340141136999932, 0.0 ], [ 112.312809303000108, -8.340108656999973, 0.0 ], [ 112.312794733000032, -8.340094300999965, 0.0 ], [ 112.312763537000023, -8.340052881999952, 0.0 ], [ 112.312751065000043, -8.340031876999944, 0.0 ], [ 112.312637577000032, -8.339782630999935, 0.0 ], [ 112.3126279600001, -8.339754819999939, 0.0 ], [ 112.312623374000054, -8.339722690999963, 0.0 ], [ 112.312623149000046, -8.339426916999969, 0.0 ], [ 112.312617361000093, -8.339343484999972, 0.0 ], [ 112.312612176000016, -8.339324242999965, 0.0 ], [ 112.312598758000036, -8.339300484999967, 0.0 ], [ 112.312578516000031, -8.339281411999934, 0.0 ], [ 112.312553181000112, -8.339268415999982, 0.0 ], [ 112.312528389000022, -8.339262828999949, 0.0 ], [ 112.312493216, -8.339260194999952, 0.0 ], [ 112.312353405000067, -8.339272267999945, 0.0 ], [ 112.31227273200011, -8.339284488999965, 0.0 ], [ 112.312237708000112, -8.339286003999973, 0.0 ], [ 112.312208012000042, -8.33927880899995, 0.0 ], [ 112.312186336000082, -8.339262370999961, 0.0 ], [ 112.312114354000073, -8.339181027999928, 0.0 ], [ 112.312081433000117, -8.33914795499993, 0.0 ], [ 112.31205021300002, -8.339128886999958, 0.0 ], [ 112.312013595000053, -8.339115792999962, 0.0 ], [ 112.311981852000031, -8.33911325899993, 0.0 ], [ 112.311965612000108, -8.339114362999965, 0.0 ], [ 112.311929214000088, -8.339120933999936, 0.0 ], [ 112.311901534000071, -8.339129100999969, 0.0 ], [ 112.311899276000076, -8.339129766999974, 0.0 ], [ 112.311876293000068, -8.33914129599998, 0.0 ], [ 112.311845163000044, -8.339167139999972, 0.0 ], [ 112.311801342000081, -8.339204747999929, 0.0 ], [ 112.311747027000024, -8.339254023999956, 0.0 ], [ 112.311722615, -8.339277458999959, 0.0 ], [ 112.311639046000096, -8.33931671199997, 0.0 ], [ 112.311632666000037, -8.339319707999948, 0.0 ], [ 112.311574427000096, -8.339333972999952, 0.0 ], [ 112.311422311000115, -8.339367335999953, 0.0 ], [ 112.311126807000051, -8.339390102999971, 0.0 ], [ 112.310967406000032, -8.339390355999967, 0.0 ], [ 112.310923948000095, -8.339382253999929, 0.0 ], [ 112.31088056100009, -8.339359403999936, 0.0 ], [ 112.310643435000088, -8.33924514399996, 0.0 ], [ 112.310578609000117, -8.33921390699993, 0.0 ], [ 112.310449026000015, -8.339163344999974, 0.0 ], [ 112.310280358000114, -8.339108559999943, 0.0 ], [ 112.310241061000056, -8.339101736999964, 0.0 ], [ 112.310122197000055, -8.339086470999973, 0.0 ], [ 112.30988749900007, -8.339077592999956, 0.0 ], [ 112.309796082000048, -8.339087187999951, 0.0 ], [ 112.309750200000053, -8.339097754999955, 0.0 ], [ 112.309644883000033, -8.339148177999959, 0.0 ], [ 112.309548518000042, -8.339203150999936, 0.0 ], [ 112.309335681000107, -8.339330934999964, 0.0 ], [ 112.309312062000117, -8.339351274999956, 0.0 ], [ 112.309301443000095, -8.339367422999942, 0.0 ], [ 112.309295925000015, -8.339386907999938, 0.0 ], [ 112.309296183000015, -8.339415487999929, 0.0 ], [ 112.30930782900009, -8.339492634999942, 0.0 ], [ 112.309314548000089, -8.339525433999938, 0.0 ], [ 112.30931729800011, -8.33955881299994, 0.0 ], [ 112.309316307000017, -8.339573437999945, 0.0 ], [ 112.309276409000063, -8.339779387999954, 0.0 ], [ 112.309259943000029, -8.339890116999982, 0.0 ], [ 112.309254831000089, -8.339942478999944, 0.0 ], [ 112.309219551000069, -8.340258185999971, 0.0 ], [ 112.309217011000101, -8.340296437999939, 0.0 ], [ 112.309219720000101, -8.340317862999939, 0.0 ], [ 112.309222803000011, -8.340326956999945, 0.0 ], [ 112.309229887000015, -8.340338455999927, 0.0 ], [ 112.3092365010001, -8.340346474999933, 0.0 ], [ 112.309262589000014, -8.340378101999931, 0.0 ], [ 112.309270417000107, -8.340387410999938, 0.0 ], [ 112.309277454000039, -8.340399715999979, 0.0 ], [ 112.309278781000103, -8.34040982199997, 0.0 ], [ 112.309278520000021, -8.340415298999972, 0.0 ], [ 112.309275746000026, -8.340425381999978, 0.0 ], [ 112.309273124000015, -8.340430985999944, 0.0 ], [ 112.309268867000014, -8.340437716999929, 0.0 ], [ 112.309260152000093, -8.340445461999934, 0.0 ], [ 112.309247275000075, -8.340454386999966, 0.0 ], [ 112.309230370000023, -8.340462980999973, 0.0 ], [ 112.309208221000063, -8.34047424299996, 0.0 ], [ 112.309207475000107, -8.340474621999931, 0.0 ], [ 112.30917261500008, -8.340489638999941, 0.0 ], [ 112.309162792000052, -8.34049280399995, 0.0 ], [ 112.3091239150001, -8.340499964999935, 0.0 ], [ 112.309089428000107, -8.340502146999938, 0.0 ], [ 112.309070580000025, -8.340501055999937, 0.0 ], [ 112.309017870000048, -8.340498003999926, 0.0 ], [ 112.308969452000042, -8.340491528999962, 0.0 ], [ 112.308953871000085, -8.340489174999959, 0.0 ], [ 112.308940516, -8.340488854999933, 0.0 ], [ 112.308925871000042, -8.340490025999941, 0.0 ], [ 112.308912703000033, -8.340491644999929, 0.0 ], [ 112.308896196000092, -8.340496196999936, 0.0 ], [ 112.308885572, -8.340500643999974, 0.0 ], [ 112.308874246000073, -8.340507148999961, 0.0 ], [ 112.308871527000065, -8.340509447999978, 0.0 ], [ 112.308803470000043, -8.34055210899993, 0.0 ], [ 112.308800111000096, -8.340553743999976, 0.0 ], [ 112.30875805200003, -8.340574226999934, 0.0 ], [ 112.308747496000024, -8.340575491999971, 0.0 ], [ 112.308727489000034, -8.340573923999955, 0.0 ], [ 112.308705410000016, -8.340572191999968, 0.0 ], [ 112.308687471000098, -8.340570785999944, 0.0 ], [ 112.308670287000041, -8.340565292999941, 0.0 ], [ 112.308640607000029, -8.340546659999973, 0.0 ], [ 112.308625451000012, -8.340532836999955, 0.0 ], [ 112.30860503800011, -8.340517098999953, 0.0 ], [ 112.308603729000083, -8.340516089999937, 0.0 ], [ 112.308580043, -8.340501872999937, 0.0 ], [ 112.308565436000094, -8.340495250999936, 0.0 ], [ 112.308555057000035, -8.340491820999944, 0.0 ], [ 112.308515958000044, -8.340480542999956, 0.0 ], [ 112.308446436000054, -8.340467857999954, 0.0 ], [ 112.308248452000043, -8.340442307999979, 0.0 ], [ 112.308224347000078, -8.340436783999962, 0.0 ], [ 112.308198182000069, -8.340427222999949, 0.0 ], [ 112.308184353000115, -8.340417030999959, 0.0 ], [ 112.308176434000075, -8.340406668999947, 0.0 ], [ 112.308169299000042, -8.340387788999976, 0.0 ], [ 112.308163395000065, -8.340362410999944, 0.0 ], [ 112.308158518000027, -8.340289030999941, 0.0 ], [ 112.308160637000015, -8.340234018999979, 0.0 ], [ 112.308166703000097, -8.34020469799998, 0.0 ], [ 112.308172050000053, -8.34019124799994, 0.0 ], [ 112.308181342000012, -8.340176392999979, 0.0 ], [ 112.308202116000075, -8.340150861999973, 0.0 ], [ 112.308212310000044, -8.340140696999981, 0.0 ], [ 112.308248444000014, -8.34011271299994, 0.0 ], [ 112.308305818, -8.340071942999941, 0.0 ], [ 112.308317093000028, -8.34006330099993, 0.0 ], [ 112.308360067000081, -8.340027677999956, 0.0 ], [ 112.308374738000111, -8.340014478999933, 0.0 ], [ 112.308411587000023, -8.339969146999977, 0.0 ], [ 112.308421570000064, -8.339955471999929, 0.0 ], [ 112.308454551000068, -8.339903682999932, 0.0 ], [ 112.308467499000017, -8.339881906999949, 0.0 ], [ 112.30847906300005, -8.339858852999953, 0.0 ], [ 112.308484818000011, -8.339845612999966, 0.0 ], [ 112.308489119000114, -8.339833855999927, 0.0 ], [ 112.30849752000006, -8.339805856999931, 0.0 ], [ 112.308501119000084, -8.339791053999932, 0.0 ], [ 112.308501941000031, -8.339783163999925, 0.0 ], [ 112.308501474000082, -8.339776300999972, 0.0 ], [ 112.308492367000099, -8.339755464999939, 0.0 ], [ 112.308478945000047, -8.339733305999971, 0.0 ], [ 112.308467286000109, -8.339717683999936, 0.0 ], [ 112.30846148, -8.339711973999954, 0.0 ], [ 112.308455374, -8.339708203999976, 0.0 ], [ 112.308437851, -8.339703610999948, 0.0 ], [ 112.308427801000107, -8.339703414999974, 0.0 ], [ 112.308361239000078, -8.33971037699996, 0.0 ], [ 112.308322607000036, -8.339714418999961, 0.0 ], [ 112.308310480000046, -8.339714157999936, 0.0 ], [ 112.308307969000111, -8.339714102999949, 0.0 ], [ 112.308307590000027, -8.339714095999966, 0.0 ], [ 112.308305058000087, -8.339714039999933, 0.0 ], [ 112.308298203000049, -8.339713019999976, 0.0 ], [ 112.308296145000099, -8.339712249999934, 0.0 ], [ 112.308290412000019, -8.339710104999938, 0.0 ], [ 112.308288759000106, -8.339709485999947, 0.0 ], [ 112.308287135000114, -8.339708878999943, 0.0 ], [ 112.308258310000042, -8.339692730999957, 0.0 ], [ 112.308152303000043, -8.339633341999956, 0.0 ], [ 112.308135424000056, -8.339611196999954, 0.0 ], [ 112.308132202000024, -8.339598955999975, 0.0 ], [ 112.308132202000024, -8.339561835999973, 0.0 ], [ 112.308143624000081, -8.339500446999978, 0.0 ], [ 112.308212253000079, -8.339144362999946, 0.0 ], [ 112.308236728000111, -8.339090879999958, 0.0 ], [ 112.308289909000109, -8.338999297999976, 0.0 ], [ 112.308303408000029, -8.338979724999945, 0.0 ], [ 112.308327794000093, -8.338958608999974, 0.0 ], [ 112.308359282000083, -8.338944364999975, 0.0 ], [ 112.308400822000067, -8.33893437699993, 0.0 ], [ 112.308433982000111, -8.338934715999926, 0.0 ], [ 112.308483010000032, -8.338945198999966, 0.0 ], [ 112.308503070000029, -8.338952435999943, 0.0 ], [ 112.308504732000074, -8.338953467999943, 0.0 ], [ 112.308559196000033, -8.338987336999935, 0.0 ], [ 112.308561574, -8.338988497999935, 0.0 ], [ 112.308585471000015, -8.339000165999948, 0.0 ], [ 112.308612910000079, -8.339009615999942, 0.0 ], [ 112.308636597000032, -8.339013440999963, 0.0 ], [ 112.308679563000055, -8.339016137999977, 0.0 ], [ 112.308697838000057, -8.339015852999978, 0.0 ], [ 112.308715717000041, -8.339013617999967, 0.0 ], [ 112.308739274000118, -8.339005884999949, 0.0 ], [ 112.308754678000014, -8.338999373999968, 0.0 ], [ 112.308784640000113, -8.33898120799995, 0.0 ], [ 112.308810752000113, -8.338960765999957, 0.0 ], [ 112.30887175600003, -8.338902050999934, 0.0 ], [ 112.308909892000088, -8.338859646999936, 0.0 ], [ 112.308947594000074, -8.338812049999945, 0.0 ], [ 112.309000529000059, -8.338732255999957, 0.0 ], [ 112.309034306000058, -8.33866940799993, 0.0 ], [ 112.309066888000075, -8.338600265999958, 0.0 ], [ 112.309083397000109, -8.338555454999948, 0.0 ], [ 112.309104012000034, -8.338483823999979, 0.0 ], [ 112.309119478000071, -8.338426526999967, 0.0 ], [ 112.309168754000098, -8.338258279999934, 0.0 ], [ 112.309176424000043, -8.338240850999966, 0.0 ], [ 112.30917962400008, -8.338203263999958, 0.0 ], [ 112.309174171000109, -8.338114124999947, 0.0 ], [ 112.309152736000101, -8.337982028999932, 0.0 ], [ 112.30974, -8.33786, 0.0 ], [ 112.31018, -8.33766, 0.0 ], [ 112.31033, -8.337519998999937, 0.0 ], [ 112.31048, -8.33694, 0.0 ], [ 112.31059, -8.33575, 0.0 ], [ 112.310610255000029, -8.334975240999938, 0.0 ], [ 112.310693536000031, -8.334731346999945, 0.0 ], [ 112.310800612000094, -8.334422016999952, 0.0 ], [ 112.310950562000016, -8.334229680999954, 0.0 ], [ 112.31102, -8.334, 0.0 ], [ 112.311087337000117, -8.333667330999958, 0.0 ], [ 112.311049266000055, -8.333410348999962, 0.0 ], [ 112.310787525000023, -8.333005840999931, 0.0 ], [ 112.310639998000056, -8.332829760999971, 0.0 ], [ 112.310473436000052, -8.332701269999973, 0.0 ], [ 112.310229094000078, -8.332491218999962, 0.0 ], [ 112.310049892000052, -8.332344350999961, 0.0 ], [ 112.309988026000042, -8.332239653999977, 0.0 ], [ 112.309968990000016, -8.332130198999948, 0.0 ], [ 112.30995947200006, -8.332020743999976, 0.0 ], [ 112.310002303000033, -8.331868457999974, 0.0 ], [ 112.31008320400008, -8.33176376199998, 0.0 ], [ 112.3102069360001, -8.331635270999925, 0.0 ], [ 112.310440619000019, -8.331447786999945, 0.0 ], [ 112.310673311000073, -8.331226003999973, 0.0 ], [ 112.310811320000084, -8.331097512999975, 0.0 ], [ 112.310877944000026, -8.330926191999936, 0.0 ], [ 112.310877944000026, -8.33079294199996, 0.0 ], [ 112.3106304800001, -8.330378915999972, 0.0 ], [ 112.310525784000106, -8.330236147999926, 0.0 ], [ 112.310454400000026, -8.33010289799995, 0.0 ], [ 112.31034000000011, -8.32984, 0.0 ], [ 112.31036, -8.32948, 0.0 ], [ 112.31046999900002, -8.3291, 0.0 ], [ 112.31085, -8.32856, 0.0 ], [ 112.31098, -8.328139998999973, 0.0 ], [ 112.31099, -8.327729998999928, 0.0 ], [ 112.310819999000046, -8.32737, 0.0 ], [ 112.310601222000059, -8.327049124999974, 0.0 ], [ 112.310556717000054, -8.326555121999945, 0.0 ], [ 112.310558746000083, -8.326043108999954, 0.0 ], [ 112.31068, -8.32559, 0.0 ], [ 112.310700000000111, -8.3251, 0.0 ], [ 112.31056, -8.32468, 0.0 ], [ 112.31003, -8.323439998999959, 0.0 ], [ 112.3097, -8.32246, 0.0 ], [ 112.30968, -8.32226, 0.0 ], [ 112.30985, -8.32159, 0.0 ], [ 112.31014, -8.32066, 0.0 ], [ 112.31016000000011, -8.32016, 0.0 ], [ 112.310039999000082, -8.319149998999933, 0.0 ], [ 112.309955819000038, -8.318762767999942, 0.0 ], [ 112.309785772000055, -8.318345981999926, 0.0 ], [ 112.30972866500008, -8.318224628999928, 0.0 ], [ 112.309600174000025, -8.317803463999951, 0.0 ], [ 112.309607312000026, -8.317553620999945, 0.0 ], [ 112.309678696000105, -8.317382299999963, 0.0 ], [ 112.309778633000064, -8.317218116999982, 0.0 ], [ 112.309916645000044, -8.317120792999958, 0.0 ], [ 112.309979999, -8.31689, 0.0 ], [ 112.310042754000051, -8.31668273799994, 0.0 ], [ 112.310064169000043, -8.316604215999973, 0.0 ], [ 112.310178383000107, -8.316504278999957, 0.0 ], [ 112.310371119000024, -8.316447171999926, 0.0 ], [ 112.310713762000091, -8.316568523999933, 0.0 ], [ 112.31099929700008, -8.316668461999939, 0.0 ], [ 112.31139904600002, -8.316789813999947, 0.0 ], [ 112.311598921000041, -8.316839782999978, 0.0 ], [ 112.312148577000016, -8.317018241999961, 0.0 ], [ 112.312300251000011, -8.317042940999954, 0.0 ], [ 112.312379999000086, -8.317, 0.0 ], [ 112.312509146000025, -8.31688421299998, 0.0 ], [ 112.312569741000061, -8.316697014999932, 0.0 ], [ 112.312633987000027, -8.316597077999972, 0.0 ], [ 112.312762478000082, -8.316568523999933, 0.0 ], [ 112.312890968000033, -8.316568523999933, 0.0 ], [ 112.313069428000063, -8.316582800999981, 0.0 ], [ 112.313233611000101, -8.316618492999964, 0.0 ], [ 112.31343, -8.31659, 0.0 ], [ 112.313569999000038, -8.31637, 0.0 ], [ 112.313683329000014, -8.316204466999977, 0.0 ], [ 112.313719021000111, -8.316004591999956, 0.0 ], [ 112.313733298000102, -8.315847546999976, 0.0 ], [ 112.313726159000112, -8.315669087999936, 0.0 ], [ 112.313617739000051, -8.314980896999941, 0.0 ], [ 112.313654775000032, -8.31449125499995, 0.0 ], [ 112.313861789000043, -8.314127196999948, 0.0 ], [ 112.313997418000099, -8.313898768999934, 0.0 ], [ 112.314175877000025, -8.313656063999929, 0.0 ], [ 112.314275815000087, -8.313506157999939, 0.0 ], [ 112.314397167000038, -8.313213483999959, 0.0 ], [ 112.31448996600011, -8.313035024999976, 0.0 ], [ 112.314639872000043, -8.312877979999939, 0.0 ], [ 112.314761225000098, -8.312770903999933, 0.0 ], [ 112.315070828000103, -8.312600723999935, 0.0 ], [ 112.315341813000032, -8.312065988999962, 0.0 ], [ 112.315441751000094, -8.311908944999971, 0.0 ], [ 112.315484581000078, -8.311766176999981, 0.0 ], [ 112.315541688000053, -8.311587716999952, 0.0 ], [ 112.315584518000037, -8.311459225999954, 0.0 ], [ 112.315677317000109, -8.311309319999964, 0.0 ], [ 112.315870054000015, -8.311038061999966, 0.0 ], [ 112.316243010000107, -8.310433856999964, 0.0 ], [ 112.316339999000093, -8.31032, 0.0 ], [ 112.316669999000055, -8.30959, 0.0 ], [ 112.31719, -8.30888, 0.0 ], [ 112.317590404000043, -8.308561042999941, 0.0 ], [ 112.317676065000114, -8.308518212999957, 0.0 ], [ 112.317847386000039, -8.308496797999965, 0.0 ], [ 112.318054399000061, -8.308496797999965, 0.0 ], [ 112.318239997000092, -8.308475381999926, 0.0 ], [ 112.318354211000042, -8.30840399899995, 0.0 ], [ 112.318468425000106, -8.308389721999959, 0.0 ], [ 112.318661161000023, -8.308425413999942, 0.0 ], [ 112.318882451000036, -8.308496797999965, 0.0 ], [ 112.319018081000081, -8.308503935999966, 0.0 ], [ 112.319182263000016, -8.308503935999966, 0.0 ], [ 112.319353585000044, -8.308496797999965, 0.0 ], [ 112.319532044000084, -8.308475381999926, 0.0 ], [ 112.319667673000026, -8.308439689999943, 0.0 ], [ 112.319853271000056, -8.308375444999967, 0.0 ], [ 112.319981762000111, -8.308346890999928, 0.0 ], [ 112.320074561000069, -8.308332614999927, 0.0 ], [ 112.320224467000116, -8.308304060999944, 0.0 ], [ 112.320667047000029, -8.308134167999981, 0.0 ], [ 112.320838368000068, -8.308200792999969, 0.0 ], [ 112.321009689000107, -8.308315006999976, 0.0 ], [ 112.321333296000034, -8.308486327999958, 0.0 ], [ 112.321628349000093, -8.308457773999976, 0.0 ], [ 112.321809188000088, -8.308334041999956, 0.0 ], [ 112.322018581000066, -8.308134167999981, 0.0 ], [ 112.322227973000054, -8.308124649999968, 0.0 ], [ 112.32241833, -8.308229345999962, 0.0 ], [ 112.322503991000076, -8.308381631999964, 0.0 ], [ 112.322503991000076, -8.308629095999947, 0.0 ], [ 112.322532544000069, -8.308990773999938, 0.0 ], [ 112.32272290100002, -8.309190647999969, 0.0 ], [ 112.322989401000086, -8.309133540999937, 0.0 ], [ 112.323122651000062, -8.308886076999954, 0.0 ], [ 112.323265418, -8.308714755999972, 0.0 ], [ 112.323408186000052, -8.308571988999972, 0.0 ], [ 112.323665168000048, -8.308438738999939, 0.0 ], [ 112.323912632000088, -8.308334041999956, 0.0 ], [ 112.324160096000014, -8.308143685999937, 0.0 ], [ 112.324236239000015, -8.308029470999941, 0.0 ], [ 112.324302863000071, -8.307924774999947, 0.0 ], [ 112.324302863000071, -8.307839114999979, 0.0 ], [ 112.324245756000096, -8.307648757999971, 0.0 ], [ 112.324293346000104, -8.307410811999944, 0.0 ], [ 112.324493220000022, -8.307363221999935, 0.0 ], [ 112.324712131000069, -8.307410811999944, 0.0 ], [ 112.324835863000089, -8.307496471999968, 0.0 ], [ 112.325130916000035, -8.307629721999945, 0.0 ], [ 112.325235612000029, -8.307772489999934, 0.0 ], [ 112.325502112000095, -8.307886703999941, 0.0 ], [ 112.32568295100009, -8.307953328999929, 0.0 ], [ 112.32580668300011, -8.307886703999941, 0.0 ], [ 112.325764328000105, -8.304243645999975, 0.0 ], [ 112.325792882000087, -8.304108016999976, 0.0 ], [ 112.325785744000086, -8.302851660999977, 0.0 ], [ 112.325742913000113, -8.300146213999938, 0.0 ], [ 112.325721498, -8.30002486099994, 0.0 ], [ 112.325685806000024, -8.299939200999972, 0.0 ], [ 112.32564297600004, -8.29988209399994, 0.0 ], [ 112.325543039000081, -8.299782155999935, 0.0 ], [ 112.325493070000107, -8.299710772999958, 0.0 ], [ 112.325400271000035, -8.299603696999952, 0.0 ], [ 112.325321749000068, -8.299525174999928, 0.0 ], [ 112.325236088000111, -8.299368129999948, 0.0 ], [ 112.32515756600003, -8.29923963899995, 0.0 ], [ 112.325029075000089, -8.29893982699997, 0.0 ], [ 112.324921999000026, -8.298732813999948, 0.0 ], [ 112.324843477000059, -8.298561492999966, 0.0 ], [ 112.324800647000075, -8.298440139999968, 0.0 ], [ 112.3247435400001, -8.29831878799996, 0.0 ], [ 112.324686433000011, -8.298197434999963, 0.0 ], [ 112.324607910000054, -8.298040390999972, 0.0 ], [ 112.324486558000103, -8.297897622999926, 0.0 ], [ 112.324259467000047, -8.297654940999962, 0.0 ], [ 112.324258130000089, -8.296063058999948, 0.0 ], [ 112.32434, -8.2954, 0.0 ], [ 112.324489999000093, -8.294749998999976, 0.0 ], [ 112.325, -8.29306, 0.0 ], [ 112.325287484000114, -8.29150877099994, 0.0 ], [ 112.325630127000068, -8.28880570299998, 0.0 ], [ 112.325734823000062, -8.287511275999975, 0.0 ], [ 112.325763377000044, -8.287292365999974, 0.0 ], [ 112.325763377000044, -8.287063936999971, 0.0 ], [ 112.325734823000062, -8.286854544999926, 0.0 ], [ 112.325696752000113, -8.286740330999976, 0.0 ], [ 112.325706270000069, -8.286559491999981, 0.0 ], [ 112.325715787000036, -8.286464312999954, 0.0 ], [ 112.325734823000062, -8.286245402999953, 0.0 ], [ 112.325753859000088, -8.286131188999946, 0.0 ], [ 112.325782412000081, -8.285997938999969, 0.0 ], [ 112.325791930000037, -8.285759992999942, 0.0 ], [ 112.325820484000019, -8.28558867199996, 0.0 ], [ 112.325887109000064, -8.285407832999965, 0.0 ], [ 112.325896626000031, -8.285217475999957, 0.0 ], [ 112.325915662000057, -8.284998564999967, 0.0 ], [ 112.325944216000039, -8.284696373999964, 0.0 ], [ 112.326029876, -8.284667819999981, 0.0 ], [ 112.326410590000023, -8.284696373999964, 0.0 ], [ 112.326962625000078, -8.284696373999964, 0.0 ], [ 112.32740044600007, -8.28461071299995, 0.0 ], [ 112.327590803000021, -8.284525051999935, 0.0 ], [ 112.327990552000074, -8.284534569999948, 0.0 ], [ 112.328418855000109, -8.284582159999957, 0.0 ], [ 112.329008961000113, -8.284629748999976, 0.0 ], [ 112.329632380000021, -8.284729685999935, 0.0 ], [ 112.330232004000095, -8.284862935999968, 0.0 ], [ 112.330565129000092, -8.284948596999925, 0.0 ], [ 112.331098128, -8.285043774999963, 0.0 ], [ 112.331785722000063, -8.285059812999975, 0.0 ], [ 112.332459180000114, -8.28515798899997, 0.0 ], [ 112.333525178000059, -8.285234131999971, 0.0 ], [ 112.333877339000082, -8.28525316799994, 0.0 ], [ 112.334486481000113, -8.285291238999946, 0.0 ], [ 112.334962373000053, -8.285224613999958, 0.0 ], [ 112.335847532000116, -8.28515798899997, 0.0 ], [ 112.336846906, -8.284986667999931, 0.0 ], [ 112.336952792000034, -8.283340556999974, 0.0 ], [ 112.336937563000106, -8.283011238999961, 0.0 ], [ 112.336899195000115, -8.28137387299995, 0.0 ], [ 112.336872643000106, -8.28065074899996, 0.0 ], [ 112.336871680000058, -8.279161207999948, 0.0 ], [ 112.33688, -8.27887, 0.0 ], [ 112.33688, -8.27881, 0.0 ], [ 112.33688, -8.27863, 0.0 ], [ 112.33687, -8.2781, 0.0 ], [ 112.336860000000115, -8.27784, 0.0 ], [ 112.336852943000054, -8.277762377999977, 0.0 ], [ 112.33682475, -8.274477717999957, 0.0 ], [ 112.336868262000053, -8.273931711999978, 0.0 ], [ 112.336957491000021, -8.272968029999959, 0.0 ], [ 112.337254924000035, -8.271290509999972, 0.0 ], [ 112.337528562000102, -8.26958919599997, 0.0 ], [ 112.337718919000054, -8.268458951999946, 0.0 ], [ 112.33797, -8.2665, 0.0 ], [ 112.338145638000015, -8.264012716999957, 0.0 ], [ 112.338170000000105, -8.26383, 0.0 ], [ 112.338259999000115, -8.263179998999931, 0.0 ], [ 112.33832, -8.26284, 0.0 ], [ 112.338343393000059, -8.262387728999954, 0.0 ], [ 112.338397065000095, -8.261980868999956, 0.0 ], [ 112.338458563000017, -8.260151724999957, 0.0 ] ] ], [ [ [ 112.307195438, -8.342939901999955, 0.0 ], [ 112.307046123000077, -8.342954332999966, 0.0 ], [ 112.3068119940001, -8.342953011999953, 0.0 ], [ 112.306477560000076, -8.343029724999951, 0.0 ], [ 112.306203774000096, -8.342964482999946, 0.0 ], [ 112.306044142000019, -8.342951288999927, 0.0 ], [ 112.305893221000019, -8.342919147999964, 0.0 ], [ 112.30577938700003, -8.342876412999942, 0.0 ], [ 112.305710606000048, -8.342824084999961, 0.0 ], [ 112.305678681000018, -8.342799795999952, 0.0 ], [ 112.305621185000064, -8.342750204999959, 0.0 ], [ 112.305605194, -8.34268270299998, 0.0 ], [ 112.305603026000085, -8.342619831999968, 0.0 ], [ 112.305658177000055, -8.342589969999949, 0.0 ], [ 112.305804995000017, -8.342570961999968, 0.0 ], [ 112.305938265, -8.342566405999946, 0.0 ], [ 112.305945398000063, -8.342564969999955, 0.0 ], [ 112.306063799000071, -8.342541132999941, 0.0 ], [ 112.30614700700005, -8.342510312999934, 0.0 ], [ 112.306213538000065, -8.342403127999944, 0.0 ], [ 112.306305958000053, -8.342232111999976, 0.0 ], [ 112.306393291000063, -8.342117220999967, 0.0 ], [ 112.306494892000046, -8.34200883799997, 0.0 ], [ 112.306568919000028, -8.341915384999936, 0.0 ], [ 112.306657937000068, -8.34184939599993, 0.0 ], [ 112.306690359000072, -8.341771352999956, 0.0 ], [ 112.30668898600004, -8.341731498999934, 0.0 ], [ 112.306687470000043, -8.341687522999962, 0.0 ], [ 112.306734162000112, -8.341615987999944, 0.0 ], [ 112.306832753000094, -8.341601652999941, 0.0 ], [ 112.306859936000023, -8.341597699999966, 0.0 ], [ 112.307014248000087, -8.341592423999941, 0.0 ], [ 112.307124790000103, -8.341539687999955, 0.0 ], [ 112.307337895000046, -8.341406510999946, 0.0 ], [ 112.307429315000036, -8.341287093999938, 0.0 ], [ 112.30745885400006, -8.341248507999978, 0.0 ], [ 112.307534083000064, -8.341189982999936, 0.0 ], [ 112.307645253000032, -8.341170268999974, 0.0 ], [ 112.307754255000077, -8.341223587999934, 0.0 ], [ 112.307886150000058, -8.341247055999929, 0.0 ], [ 112.308112849000054, -8.341304582999953, 0.0 ], [ 112.308284084000093, -8.341351181999926, 0.0 ], [ 112.308493801000054, -8.34147764599993, 0.0 ], [ 112.308528346000116, -8.341512683999952, 0.0 ], [ 112.308594843000037, -8.341608325999971, 0.0 ], [ 112.308682866000026, -8.341717219999964, 0.0 ], [ 112.308785639, -8.341846590999978, 0.0 ], [ 112.30880933100002, -8.341922714999953, 0.0 ], [ 112.308790697000063, -8.341993291999927, 0.0 ], [ 112.308726798000066, -8.342041206999966, 0.0 ], [ 112.308665495000014, -8.34208717599995, 0.0 ], [ 112.308440199000074, -8.342215093999926, 0.0 ], [ 112.308282485000063, -8.342325395999978, 0.0 ], [ 112.307854109, -8.342528879999975, 0.0 ], [ 112.307680834000053, -8.342624895999961, 0.0 ], [ 112.307416682000053, -8.342839083999934, 0.0 ], [ 112.307195438, -8.342939901999955, 0.0 ] ] ], [ [ [ 112.318805445000066, -8.343283834999966, 0.0 ], [ 112.318863110000052, -8.343386627999962, 0.0 ], [ 112.318878, -8.343384, 0.0 ], [ 112.319016, -8.343335998999976, 0.0 ], [ 112.319195, -8.343359, 0.0 ], [ 112.319282821000115, -8.343418277999945, 0.0 ], [ 112.319355876000031, -8.343565723999973, 0.0 ], [ 112.31931096400001, -8.343690489999972, 0.0 ], [ 112.319305673000031, -8.343705188999934, 0.0 ], [ 112.319229937000046, -8.343760921999944, 0.0 ], [ 112.319116009000027, -8.343806350999955, 0.0 ], [ 112.318951878, -8.343860765999978, 0.0 ], [ 112.318833579000056, -8.343875050999941, 0.0 ], [ 112.318760183000109, -8.343853250999928, 0.0 ], [ 112.318694296000103, -8.343793572999971, 0.0 ], [ 112.318602476000024, -8.343710402999932, 0.0 ], [ 112.318538145000048, -8.343677635999939, 0.0 ], [ 112.318475261000117, -8.343686781999963, 0.0 ], [ 112.318406269000093, -8.343707250999955, 0.0 ], [ 112.318315389000077, -8.343734215999973, 0.0 ], [ 112.318216953000046, -8.34373059099994, 0.0 ], [ 112.318138354000098, -8.343691318999959, 0.0 ], [ 112.318120711, -8.343587015999958, 0.0 ], [ 112.318172725000068, -8.343466343999978, 0.0 ], [ 112.318233440000085, -8.343394329999967, 0.0 ], [ 112.318335515000058, -8.343299917999957, 0.0 ], [ 112.318430335000016, -8.34319876099994, 0.0 ], [ 112.318528046000097, -8.343181428999969, 0.0 ], [ 112.318642438000097, -8.343240457999968, 0.0 ], [ 112.318727328000023, -8.343258533999972, 0.0 ], [ 112.318805445000066, -8.343283834999966, 0.0 ] ] ], [ [ [ 112.310986, -8.340500998999971, 0.0 ], [ 112.311001514000054, -8.340571918999956, 0.0 ], [ 112.310911849000036, -8.34057149399996, 0.0 ], [ 112.31081193700004, -8.340532389999964, 0.0 ], [ 112.310796179000022, -8.340574021999942, 0.0 ], [ 112.310779755000112, -8.34061741599993, 0.0 ], [ 112.310716629000012, -8.340619575999938, 0.0 ], [ 112.310620001000075, -8.34061799899996, 0.0 ], [ 112.31062092600007, -8.340604800999927, 0.0 ], [ 112.310536944000091, -8.340499827999963, 0.0 ], [ 112.310483269000088, -8.340368779999949, 0.0 ], [ 112.310482027000035, -8.340364951999959, 0.0 ], [ 112.31045184300001, -8.34027194, 0.0 ], [ 112.310412678000034, -8.34015438199998, 0.0 ], [ 112.310381251000081, -8.340057542999944, 0.0 ], [ 112.310371348000103, -8.339973953999959, 0.0 ], [ 112.310404492000089, -8.339916869999968, 0.0 ], [ 112.310495435, -8.339906766999945, 0.0 ], [ 112.310552028000075, -8.339918818999934, 0.0 ], [ 112.310553954000056, -8.339974703999928, 0.0 ], [ 112.310542093000095, -8.34003805499998, 0.0 ], [ 112.310592395000072, -8.34007130599997, 0.0 ], [ 112.310656726000047, -8.340104074999942, 0.0 ], [ 112.310721779, -8.340157802999954, 0.0 ], [ 112.310773286000085, -8.340225979999957, 0.0 ], [ 112.310768679000034, -8.340296076999948, 0.0 ], [ 112.310756577, -8.340352441999926, 0.0 ], [ 112.310834696000029, -8.340377745999945, 0.0 ], [ 112.31089152900006, -8.340396784999939, 0.0 ], [ 112.310986, -8.340500998999971, 0.0 ] ] ] ] } },
{ "type": "Feature", "properties": { "OBJECTID": 116254.0, "KDPPUM": "35", "NAMOBJ": "Mojorejo", "REMARK": null, "KDPBPS": null, "FCODE": "BA03070040", "LUASWH": 7.32936138, "UUPP": "Hasil Delineasi Batas Desa 2019", "SRS_ID": "SRGI 2013", "METADATA": "TASWIL1000020200326DATA_BATAS_DESA_KELURAHAN", "KDEBPS": null, "KDEPUM": "35.05.20.2005", "KDCBPS": null, "KDCPUM": "35.05.20", "KDBBPS": null, "WADMKD": "Mojorejo", "WIADKD": null, "WADMKC": "Wates", "WIADKC": null, "WADMKK": "Blitar", "WIADKK": null, "WADMPR": "Jawa Timur", "WIADPR": null, "TIPADM": 1.0, "KDPKAB": "35.05", "SHAPE_Leng": 0.116706314587651, "SHAPE_Area": 0.00060180407171599995 }, "geometry": { "type": "MultiPolygon", "coordinates": [ [ [ [ 112.363085817000069, -8.230454012999928, 0.0 ], [ 112.36306692200003, -8.23054738899998, 0.0 ], [ 112.363062291, -8.230597649999936, 0.0 ], [ 112.363149061000058, -8.230688275999967, 0.0 ], [ 112.363221331000091, -8.230752630999973, 0.0 ], [ 112.363252289000116, -8.230769537999947, 0.0 ], [ 112.363347491000013, -8.230840257999944, 0.0 ], [ 112.363404897, -8.230882901999962, 0.0 ], [ 112.363513081000065, -8.230914834999965, 0.0 ], [ 112.363693217000105, -8.230917811999973, 0.0 ], [ 112.363765143000023, -8.230881678999936, 0.0 ], [ 112.363815418000058, -8.23083485199993, 0.0 ], [ 112.363840550000077, -8.230809643999976, 0.0 ], [ 112.363865644000043, -8.230773668999973, 0.0 ], [ 112.363867315000107, -8.230674624999949, 0.0 ], [ 112.363929350000035, -8.230613847999962, 0.0 ], [ 112.364408607000087, -8.230672143999925, 0.0 ], [ 112.364465146000043, -8.230679021999947, 0.0 ], [ 112.364741776000074, -8.23068978699996, 0.0 ], [ 112.364920695000023, -8.230696748999947, 0.0 ], [ 112.365664333000041, -8.230725686999961, 0.0 ], [ 112.365885130000038, -8.230747795999946, 0.0 ], [ 112.365909367000086, -8.230750222999973, 0.0 ], [ 112.365958447000025, -8.23075513699996, 0.0 ], [ 112.366392289000032, -8.230798578999952, 0.0 ], [ 112.366448600000012, -8.230804098999954, 0.0 ], [ 112.366535691000081, -8.230812636999929, 0.0 ], [ 112.367202421000115, -8.230878000999951, 0.0 ], [ 112.367837988000019, -8.230940308999948, 0.0 ], [ 112.367846144000055, -8.231018850999931, 0.0 ], [ 112.367852891000098, -8.231083814999977, 0.0 ], [ 112.367859698000075, -8.231145298999934, 0.0 ], [ 112.368491154000026, -8.231163684999956, 0.0 ], [ 112.368548504000046, -8.231165354999973, 0.0 ], [ 112.369194725000057, -8.23118416899996, 0.0 ], [ 112.369303181000078, -8.23119345799995, 0.0 ], [ 112.36930935700002, -8.231218119999937, 0.0 ], [ 112.369318497000108, -8.231260861999942, 0.0 ], [ 112.369329891, -8.231314146999978, 0.0 ], [ 112.369331862000081, -8.231323363999934, 0.0 ], [ 112.369413361000056, -8.231704481999941, 0.0 ], [ 112.369416965000028, -8.231721337999943, 0.0 ], [ 112.369422858, -8.231748894999953, 0.0 ], [ 112.369443767, -8.23190165699998, 0.0 ], [ 112.369493068000111, -8.232261871999981, 0.0 ], [ 112.369493174000013, -8.232292786999949, 0.0 ], [ 112.369517320000114, -8.23234107899998, 0.0 ], [ 112.369523269000069, -8.232507640999927, 0.0 ], [ 112.369523269000069, -8.232638511999937, 0.0 ], [ 112.369504781000046, -8.232742044999952, 0.0 ], [ 112.36949314900005, -8.232866220999938, 0.0 ], [ 112.369491599000071, -8.232882761999974, 0.0 ], [ 112.369455846000051, -8.232961840999963, 0.0 ], [ 112.369440513000086, -8.232978881999941, 0.0 ], [ 112.369660174000046, -8.233522256999947, 0.0 ], [ 112.369694535, -8.233579518999932, 0.0 ], [ 112.369740372000024, -8.233692554999948, 0.0 ], [ 112.369899982000106, -8.234086160999937, 0.0 ], [ 112.369929677000073, -8.234179973999971, 0.0 ], [ 112.370025520000013, -8.234497155999975, 0.0 ], [ 112.370026345000042, -8.234504528999935, 0.0 ], [ 112.370031841000014, -8.23455359899998, 0.0 ], [ 112.370052406000013, -8.234737214999939, 0.0 ], [ 112.37005995800007, -8.234767422999937, 0.0 ], [ 112.37018178400001, -8.234891404999928, 0.0 ], [ 112.370218830000113, -8.23496998, 0.0 ], [ 112.370279768000046, -8.235099227999967, 0.0 ], [ 112.370298422000019, -8.235285788999931, 0.0 ], [ 112.370297889000085, -8.23530223399996, 0.0 ], [ 112.370292395000092, -8.235471766999979, 0.0 ], [ 112.370290796000063, -8.235473482999964, 0.0 ], [ 112.370290602000068, -8.23547945699994, 0.0 ], [ 112.370289630000116, -8.235509457999967, 0.0 ], [ 112.370427464000045, -8.236154164999959, 0.0 ], [ 112.370424318, -8.236160169999948, 0.0 ], [ 112.370454172000109, -8.236311991999969, 0.0 ], [ 112.370577349000087, -8.236345480999944, 0.0 ], [ 112.37072037300004, -8.236384365999982, 0.0 ], [ 112.370836383000096, -8.236415905999934, 0.0 ], [ 112.370837921000088, -8.236415905999934, 0.0 ], [ 112.37083898000003, -8.236416611999971, 0.0 ], [ 112.370890184000018, -8.236430532999975, 0.0 ], [ 112.370923442000048, -8.236463438999976, 0.0 ], [ 112.371012187000019, -8.23655124499993, 0.0 ], [ 112.37104441800011, -8.236583133999943, 0.0 ], [ 112.371058120000043, -8.236618752999959, 0.0 ], [ 112.371132244000023, -8.236811436999972, 0.0 ], [ 112.371150496000041, -8.236858880999932, 0.0 ], [ 112.37122174600006, -8.237044094999931, 0.0 ], [ 112.371231019000106, -8.237068197999974, 0.0 ], [ 112.371402852000074, -8.237202631999935, 0.0 ], [ 112.371421373000089, -8.237215067999955, 0.0 ], [ 112.371734573000026, -8.23742376499996, 0.0 ], [ 112.371721024000067, -8.237451826999973, 0.0 ], [ 112.371391146000065, -8.238135066999973, 0.0 ], [ 112.371259933000033, -8.238327412999979, 0.0 ], [ 112.370867664000116, -8.238902442999972, 0.0 ], [ 112.36952807800003, -8.239268086999971, 0.0 ], [ 112.368470357000092, -8.239556794999942, 0.0 ], [ 112.368018260000099, -8.239586537999969, 0.0 ], [ 112.368113438000023, -8.239979148999964, 0.0 ], [ 112.367827903000034, -8.240496681999957, 0.0 ], [ 112.367673238000066, -8.24064539799997, 0.0 ], [ 112.36693102400011, -8.241151452999929, 0.0 ], [ 112.365971923000075, -8.241805384999964, 0.0 ], [ 112.365990169000042, -8.24200322799993, 0.0 ], [ 112.366018810000014, -8.242313796999952, 0.0 ], [ 112.366115362000073, -8.243360759999973, 0.0 ], [ 112.366179410000086, -8.244055257999946, 0.0 ], [ 112.366344309000056, -8.245843330999946, 0.0 ], [ 112.366437797000117, -8.246796913999958, 0.0 ], [ 112.366468990000044, -8.247115079999958, 0.0 ], [ 112.366619969000112, -8.248655059999976, 0.0 ], [ 112.366760715000055, -8.250090667999928, 0.0 ], [ 112.366805889000034, -8.250577346999933, 0.0 ], [ 112.366950572000064, -8.252136061999977, 0.0 ], [ 112.36661, -8.25241, 0.0 ], [ 112.36605, -8.25307, 0.0 ], [ 112.36572, -8.25351, 0.0 ], [ 112.365519999000071, -8.25398, 0.0 ], [ 112.36542, -8.25434, 0.0 ], [ 112.36549, -8.25467, 0.0 ], [ 112.3654, -8.254989998999974, 0.0 ], [ 112.365320000000111, -8.25516, 0.0 ], [ 112.365316446000065, -8.256062673999963, 0.0 ], [ 112.364916632000018, -8.256681774999947, 0.0 ], [ 112.365313725000078, -8.256753973999935, 0.0 ], [ 112.365689957000086, -8.256860234999976, 0.0 ], [ 112.365336420000062, -8.260201549999977, 0.0 ], [ 112.36534, -8.2603, 0.0 ], [ 112.36511, -8.26073, 0.0 ], [ 112.3651, -8.26088, 0.0 ], [ 112.36508, -8.26108, 0.0 ], [ 112.36508, -8.26118, 0.0 ], [ 112.36506, -8.261599998999941, 0.0 ], [ 112.36503, -8.26198, 0.0 ], [ 112.36494, -8.26244, 0.0 ], [ 112.3649, -8.262769998999943, 0.0 ], [ 112.364839999000083, -8.263179998999931, 0.0 ], [ 112.364779999, -8.263549998999963, 0.0 ], [ 112.364739999000108, -8.263859998999976, 0.0 ], [ 112.36468, -8.26438, 0.0 ], [ 112.36454, -8.26518, 0.0 ], [ 112.36448, -8.26549, 0.0 ], [ 112.364469999000107, -8.26563, 0.0 ], [ 112.36448, -8.26612, 0.0 ], [ 112.364420000000109, -8.266299998999955, 0.0 ], [ 112.3644, -8.26642, 0.0 ], [ 112.364389999000082, -8.26651, 0.0 ], [ 112.364351375000069, -8.266942593999943, 0.0 ], [ 112.362954846000093, -8.266718341999933, 0.0 ], [ 112.361765115000026, -8.266561297999942, 0.0 ], [ 112.361731803000112, -8.26689442199995, 0.0 ], [ 112.360951340000042, -8.266937251999934, 0.0 ], [ 112.360646769000027, -8.266946769999947, 0.0 ], [ 112.359709261000035, -8.267218028999935, 0.0 ], [ 112.357919906, -8.266942010999969, 0.0 ], [ 112.354679081000086, -8.26659461, 0.0 ], [ 112.353460797000025, -8.266613645999939, 0.0 ], [ 112.350739197000053, -8.266502554999931, 0.0 ], [ 112.35058, -8.26649, 0.0 ], [ 112.3504, -8.2629, 0.0 ], [ 112.350369999, -8.26258, 0.0 ], [ 112.34941, -8.2625, 0.0 ], [ 112.34896, -8.26246, 0.0 ], [ 112.34852, -8.26245, 0.0 ], [ 112.348299999, -8.26243, 0.0 ], [ 112.347989999000106, -8.26239, 0.0 ], [ 112.347760000000108, -8.26237, 0.0 ], [ 112.34642, -8.26226, 0.0 ], [ 112.34504, -8.26222, 0.0 ], [ 112.345065667000085, -8.260235113999954, 0.0 ], [ 112.345819604000098, -8.260230959999944, 0.0 ], [ 112.34575892700002, -8.25969558099996, 0.0 ], [ 112.345623298000078, -8.258831836999946, 0.0 ], [ 112.345694682000044, -8.258810420999964, 0.0 ], [ 112.345708959000035, -8.25828932, 0.0 ], [ 112.345733943000027, -8.257554065999955, 0.0 ], [ 112.345798189000107, -8.257536219999963, 0.0 ], [ 112.345548345000111, -8.256336971999929, 0.0 ], [ 112.345277087000113, -8.25557316499993, 0.0 ], [ 112.345209272000034, -8.255466088999981, 0.0 ], [ 112.345067649000043, -8.255259347999981, 0.0 ], [ 112.345064283000056, -8.255140875999928, 0.0 ], [ 112.345102841000084, -8.255003846999955, 0.0 ], [ 112.345153513000014, -8.254968364999968, 0.0 ], [ 112.345266538000033, -8.254914826999936, 0.0 ], [ 112.34536469000011, -8.25487616099997, 0.0 ], [ 112.345483663000095, -8.254813699999943, 0.0 ], [ 112.345251666000081, -8.254299141999979, 0.0 ], [ 112.345073737, -8.254326609999964, 0.0 ], [ 112.344962561000102, -8.254341575999945, 0.0 ], [ 112.344971484000098, -8.253945989999977, 0.0 ], [ 112.345018187000051, -8.253941726999926, 0.0 ], [ 112.34552842700009, -8.253817052999977, 0.0 ], [ 112.345757450000065, -8.253638593999938, 0.0 ], [ 112.343969880000031, -8.251892663999968, 0.0 ], [ 112.343720037000026, -8.251622, 0.0 ], [ 112.343615935000116, -8.251514924999981, 0.0 ], [ 112.343479116000026, -8.251345387999947, 0.0 ], [ 112.343357169000114, -8.25122046599995, 0.0 ], [ 112.343226299000094, -8.251050929999963, 0.0 ], [ 112.343145992000018, -8.250940879999973, 0.0 ], [ 112.343021070000077, -8.250795137999944, 0.0 ], [ 112.342839636, -8.250658318999967, 0.0 ], [ 112.342560049000099, -8.250503653999942, 0.0 ], [ 112.342687889000103, -8.250493167999934, 0.0 ], [ 112.342687224000088, -8.250507125999945, 0.0 ], [ 112.342719181, -8.250527233999946, 0.0 ], [ 112.342949893000082, -8.250672406999968, 0.0 ], [ 112.343004939000025, -8.250707043999967, 0.0 ], [ 112.343209085000012, -8.250924247999933, 0.0 ], [ 112.343341200000054, -8.251064812999971, 0.0 ], [ 112.343371724, -8.251138434999973, 0.0 ], [ 112.343406582000057, -8.251222507999955, 0.0 ], [ 112.343558724000104, -8.251381355999968, 0.0 ], [ 112.34354165600007, -8.251389893999942, 0.0 ], [ 112.343546484000058, -8.251394933999961, 0.0 ], [ 112.343662522000045, -8.25151608799996, 0.0 ], [ 112.343726497000034, -8.251582882999969, 0.0 ], [ 112.343727786000045, -8.251584227999956, 0.0 ], [ 112.343928506000111, -8.251793795999959, 0.0 ], [ 112.343944053000087, -8.251783190999959, 0.0 ], [ 112.344461422000109, -8.252304601999981, 0.0 ], [ 112.344487706000109, -8.252331091999963, 0.0 ], [ 112.344469127000025, -8.252338640999938, 0.0 ], [ 112.344484735000037, -8.252354370999967, 0.0 ], [ 112.344514144000073, -8.252384009999957, 0.0 ], [ 112.344590512000082, -8.252460026999927, 0.0 ], [ 112.344776859000035, -8.2526455199999, 0.0 ], [ 112.344845743000064, -8.252714086999958, 0.0 ], [ 112.344862248000027, -8.252730516999975, 0.0 ], [ 112.344880103000037, -8.252722045999974, 0.0 ], [ 112.344958371000075, -8.252799953999954, 0.0 ], [ 112.345120155000018, -8.252960994999967, 0.0 ], [ 112.345236640000053, -8.253101730999958, 0.0 ], [ 112.345459067000093, -8.253320403999965, 0.0 ], [ 112.345575678000046, -8.253435045999936, 0.0 ], [ 112.345577567000078, -8.253436903999955, 0.0 ], [ 112.345595724000077, -8.25342853899997, 0.0 ], [ 112.345645260000083, -8.253477238999949, 0.0 ], [ 112.345769, -8.253561, 0.0 ], [ 112.346138259000099, -8.253306900999974, 0.0 ], [ 112.346219594000104, -8.253287151999928, 0.0 ], [ 112.346651979000058, -8.253182161999973, 0.0 ], [ 112.346897642000044, -8.253122511999948, 0.0 ], [ 112.346962608000013, -8.253106736999939, 0.0 ], [ 112.346906811000053, -8.253027026999973, 0.0 ], [ 112.346734531000038, -8.252780908999966, 0.0 ], [ 112.346688553000035, -8.252709983999978, 0.0 ], [ 112.346643990000075, -8.25264124399996, 0.0 ], [ 112.346550040000011, -8.252559012999939, 0.0 ], [ 112.346525039000085, -8.252538400999981, 0.0 ], [ 112.346441656000025, -8.252469653999981, 0.0 ], [ 112.346419857000114, -8.252415891999931, 0.0 ], [ 112.346469833000015, -8.25227934399993, 0.0 ], [ 112.34653060800008, -8.252121058999933, 0.0 ], [ 112.346595236000098, -8.251952739999979, 0.0 ], [ 112.34664969500011, -8.251810903999967, 0.0 ], [ 112.346651966000081, -8.251804988999936, 0.0 ], [ 112.346683701000075, -8.251696147999951, 0.0 ], [ 112.346687579000104, -8.251682844999948, 0.0 ], [ 112.346712397000033, -8.251564325999937, 0.0 ], [ 112.346816072000024, -8.251327105999962, 0.0 ], [ 112.346830252000018, -8.251258867999979, 0.0 ], [ 112.346822755000062, -8.251172757999939, 0.0 ], [ 112.346806227000116, -8.251001243999951, 0.0 ], [ 112.346804085000031, -8.250979016999963, 0.0 ], [ 112.346913542000038, -8.250892926999938, 0.0 ], [ 112.347036354000011, -8.250796332999926, 0.0 ], [ 112.347147636000045, -8.250677522999979, 0.0 ], [ 112.347265977, -8.250515621999966, 0.0 ], [ 112.347419246000072, -8.250301048999972, 0.0 ], [ 112.347420162000049, -8.250299765999955, 0.0 ], [ 112.347451739, -8.250191171999973, 0.0 ], [ 112.347465244000091, -8.250144729999931, 0.0 ], [ 112.347498509000047, -8.250030330999948, 0.0 ], [ 112.347516719000055, -8.249969730999965, 0.0 ], [ 112.347534134000057, -8.24991177499993, 0.0 ], [ 112.347584365000102, -8.249850593999952, 0.0 ], [ 112.347663550000107, -8.249828793999939, 0.0 ], [ 112.347732218000033, -8.24980833199993, 0.0 ], [ 112.347903560000077, -8.249348446999932, 0.0 ], [ 112.347953890000099, -8.249213359999942, 0.0 ], [ 112.348039573000051, -8.249055604999967, 0.0 ], [ 112.348031937000087, -8.249034394999967, 0.0 ], [ 112.348006463000047, -8.248959112999955, 0.0 ], [ 112.348006226000052, -8.248953472999972, 0.0 ], [ 112.34800254400011, -8.248865812999952, 0.0 ], [ 112.3480056840001, -8.24872942199994, 0.0 ], [ 112.348041504000093, -8.248668288999966, 0.0 ], [ 112.348156509000091, -8.248585355999978, 0.0 ], [ 112.348253598000042, -8.248531194999941, 0.0 ], [ 112.348285864000104, -8.248484429999962, 0.0 ], [ 112.3483180610001, -8.248415157999943, 0.0 ], [ 112.348379651000073, -8.248353387999941, 0.0 ], [ 112.348432957000114, -8.248299924999969, 0.0 ], [ 112.348520278000024, -8.248130998999954, 0.0 ], [ 112.348529596000049, -8.24811297399998, 0.0 ], [ 112.348248360000071, -8.247869495999964, 0.0 ], [ 112.348182720000068, -8.247812667999938, 0.0 ], [ 112.348102314000016, -8.247615633999942, 0.0 ], [ 112.34809416600001, -8.247595666999928, 0.0 ], [ 112.348023519000094, -8.247422547999975, 0.0 ], [ 112.347968987000058, -8.247288916999935, 0.0 ], [ 112.347935478000068, -8.247206802999926, 0.0 ], [ 112.347867370000017, -8.247039903999962, 0.0 ], [ 112.34784486500007, -8.246984754999971, 0.0 ], [ 112.347816684, -8.246920879999948, 0.0 ], [ 112.347764343000108, -8.246802241999944, 0.0 ], [ 112.347590602000082, -8.246408435999967, 0.0 ], [ 112.34745276600006, -8.246096010999963, 0.0 ], [ 112.347431267000047, -8.245840610999949, 0.0 ], [ 112.347428560000026, -8.245808451999949, 0.0 ], [ 112.347426490000089, -8.24578386, 0.0 ], [ 112.34742935700001, -8.245773658999951, 0.0 ], [ 112.34744863700007, -8.245705081999972, 0.0 ], [ 112.347575373000041, -8.245254280999973, 0.0 ], [ 112.347602810000012, -8.245156687999952, 0.0 ], [ 112.347611698000037, -8.245125074999976, 0.0 ], [ 112.347613635000016, -8.245118182999931, 0.0 ], [ 112.347620324000104, -8.245094390999952, 0.0 ], [ 112.347786028000087, -8.244504981999967, 0.0 ], [ 112.348089242000015, -8.24428796899997, 0.0 ], [ 112.348090121000041, -8.244287340999961, 0.0 ], [ 112.348325119000037, -8.24411915099995, 0.0 ], [ 112.348389650000058, -8.244025620999935, 0.0 ], [ 112.348558771000057, -8.243537877999927, 0.0 ], [ 112.348589423000021, -8.243449478999935, 0.0 ], [ 112.348625124000023, -8.243346515999974, 0.0 ], [ 112.34865008700001, -8.243305038999949, 0.0 ], [ 112.348670196000057, -8.243271627999945, 0.0 ], [ 112.348832908000077, -8.243001276999962, 0.0 ], [ 112.34883663800008, -8.242997339999931, 0.0 ], [ 112.349093934000052, -8.242725788999962, 0.0 ], [ 112.349145108000016, -8.242671779999966, 0.0 ], [ 112.349332237000112, -8.242474282999979, 0.0 ], [ 112.349382147000028, -8.242421607999972, 0.0 ], [ 112.349354456000015, -8.242152509999926, 0.0 ], [ 112.349350107000078, -8.242110242999956, 0.0 ], [ 112.349333464000097, -8.241948506999961, 0.0 ], [ 112.34931300900007, -8.241749715999958, 0.0 ], [ 112.349300189000019, -8.241625134999936, 0.0 ], [ 112.349274217000016, -8.241402706999963, 0.0 ], [ 112.349278773000037, -8.241379605999953, 0.0 ], [ 112.349299009000106, -8.241277009999976, 0.0 ], [ 112.349319599000069, -8.241249466999932, 0.0 ], [ 112.349535709000065, -8.240960384999937, 0.0 ], [ 112.349635604000014, -8.240885221999974, 0.0 ], [ 112.349650700000097, -8.240873862999933, 0.0 ], [ 112.349563946000103, -8.240788019999968, 0.0 ], [ 112.349558105000028, -8.240762715999949, 0.0 ], [ 112.349512454000092, -8.240564958999926, 0.0 ], [ 112.349446186000023, -8.240277890999948, 0.0 ], [ 112.349432319000016, -8.240217818999952, 0.0 ], [ 112.349525281000069, -8.240009345999965, 0.0 ], [ 112.349344702000053, -8.239877161999971, 0.0 ], [ 112.349343332000103, -8.23975855499998, 0.0 ], [ 112.349339720000103, -8.23944578499993, 0.0 ], [ 112.349339604000079, -8.239435737999941, 0.0 ], [ 112.349344395000116, -8.239433986999927, 0.0 ], [ 112.349503573000106, -8.239375821999943, 0.0 ], [ 112.349563689000092, -8.23935385599998, 0.0 ], [ 112.349866363000046, -8.239243256999941, 0.0 ], [ 112.350085776000014, -8.239163082999937, 0.0 ], [ 112.350132485000017, -8.23914601499996, 0.0 ], [ 112.35060673800001, -8.238972719999936, 0.0 ], [ 112.350698976000103, -8.238939014999971, 0.0 ], [ 112.351299208000114, -8.238879570999927, 0.0 ], [ 112.35140267700001, -8.238849227999935, 0.0 ], [ 112.351711896000097, -8.238758548999954, 0.0 ], [ 112.35172559800003, -8.238746636999963, 0.0 ], [ 112.351783736000016, -8.238696098999981, 0.0 ], [ 112.351794282000014, -8.238652738999974, 0.0 ], [ 112.351822353000102, -8.238537319999978, 0.0 ], [ 112.351854563000074, -8.237812719999965, 0.0 ], [ 112.351855517000104, -8.237791245999972, 0.0 ], [ 112.351867883000068, -8.237513046999936, 0.0 ], [ 112.351879865000114, -8.237243511999964, 0.0 ], [ 112.351883708000059, -8.237157056999934, 0.0 ], [ 112.351885488000107, -8.236783505999938, 0.0 ], [ 112.351886259000025, -8.236621954999976, 0.0 ], [ 112.351887215000033, -8.236421309999969, 0.0 ], [ 112.351892066, -8.236343141999953, 0.0 ], [ 112.35189609300005, -8.23627825799997, 0.0 ], [ 112.351905257000112, -8.23613058899997, 0.0 ], [ 112.351921373000096, -8.235870887999965, 0.0 ], [ 112.351915237000071, -8.235791571999926, 0.0 ], [ 112.351890633000039, -8.235473532999947, 0.0 ], [ 112.351887471000055, -8.235432653999965, 0.0 ], [ 112.351883926000028, -8.235038118999967, 0.0 ], [ 112.351881445000117, -8.234762080999928, 0.0 ], [ 112.351878086000056, -8.234388252999963, 0.0 ], [ 112.351875894000045, -8.234144257999958, 0.0 ], [ 112.35195396600011, -8.234155215999976, 0.0 ], [ 112.35222550900005, -8.234193325999968, 0.0 ], [ 112.352211803000046, -8.23381209799993, 0.0 ], [ 112.352209636000111, -8.23375183099995, 0.0 ], [ 112.352201641000079, -8.233529449999935, 0.0 ], [ 112.352254320000043, -8.233468891999962, 0.0 ], [ 112.352266671000052, -8.233454693999931, 0.0 ], [ 112.352476755000112, -8.233213190999948, 0.0 ], [ 112.352504110000041, -8.23317605799997, 0.0 ], [ 112.352620505, -8.233018061999928, 0.0 ], [ 112.352703763000022, -8.232905046999974, 0.0 ], [ 112.352781567000079, -8.232799433999958, 0.0 ], [ 112.35302647900005, -8.232427750999932, 0.0 ], [ 112.353035086000091, -8.232406253999955, 0.0 ], [ 112.353137834000108, -8.232149615999958, 0.0 ], [ 112.353154588000052, -8.232107767999935, 0.0 ], [ 112.353199138000036, -8.231996493999929, 0.0 ], [ 112.353231700000038, -8.231886368999938, 0.0 ], [ 112.353400964000116, -8.231313912999951, 0.0 ], [ 112.353652009000029, -8.231261407999966, 0.0 ], [ 112.354868956000018, -8.231006888999957, 0.0 ], [ 112.355086949000111, -8.230961295999975, 0.0 ], [ 112.355439051000076, -8.230899222999938, 0.0 ], [ 112.355644416000018, -8.23086301799998, 0.0 ], [ 112.355675009000038, -8.230857624999942, 0.0 ], [ 112.355766298000049, -8.230826966999928, 0.0 ], [ 112.355986950000101, -8.230752864999943, 0.0 ], [ 112.356047853000064, -8.230732411999952, 0.0 ], [ 112.356088826000018, -8.230718650999961, 0.0 ], [ 112.356253922000064, -8.230624460999934, 0.0 ], [ 112.356352499000081, -8.230568221999931, 0.0 ], [ 112.356644207000045, -8.23036097499994, 0.0 ], [ 112.356670749000045, -8.230361186999971, 0.0 ], [ 112.356739814000093, -8.230361740999967, 0.0 ], [ 112.356976435000092, -8.230363638999961, 0.0 ], [ 112.357213078000086, -8.230385405999925, 0.0 ], [ 112.35721487, -8.230385570999943, 0.0 ], [ 112.357314411000061, -8.230394726999975, 0.0 ], [ 112.358448186000032, -8.230499011999939, 0.0 ], [ 112.358597880000048, -8.23051278, 0.0 ], [ 112.358900301000062, -8.23051309799996, 0.0 ], [ 112.358915273000093, -8.230513113999962, 0.0 ], [ 112.358924735000073, -8.23051312299998, 0.0 ], [ 112.359832563000055, -8.230514074999974, 0.0 ], [ 112.36010554500001, -8.230514360999962, 0.0 ], [ 112.360168848000058, -8.230512712999939, 0.0 ], [ 112.360633867000047, -8.230500607999943, 0.0 ], [ 112.361116655000046, -8.230515720999961, 0.0 ], [ 112.361477535000063, -8.230486758999973, 0.0 ], [ 112.361812566000026, -8.230459870999937, 0.0 ], [ 112.361988224000015, -8.230445772999929, 0.0 ], [ 112.362062716000082, -8.230457482999952, 0.0 ], [ 112.362106050000079, -8.230423193999968, 0.0 ], [ 112.362232775000052, -8.230322919999935, 0.0 ], [ 112.362281066000037, -8.230281083999955, 0.0 ], [ 112.362338136000062, -8.230231641999978, 0.0 ], [ 112.362553892000051, -8.230116063999958, 0.0 ], [ 112.362580756000057, -8.230106048999971, 0.0 ], [ 112.362683417000085, -8.230067772999973, 0.0 ], [ 112.362789106000037, -8.230072198999949, 0.0 ], [ 112.362993605000042, -8.230176780999955, 0.0 ], [ 112.363058646000013, -8.230233982999948, 0.0 ], [ 112.36309734200006, -8.23031280899994, 0.0 ], [ 112.363104727000064, -8.230365420999931, 0.0 ], [ 112.363085817000069, -8.230454012999928, 0.0 ] ] ] ] } },
{ "type": "Feature", "properties": { "OBJECTID": 116252.0, "KDPPUM": "35", "NAMOBJ": "Sumberarum", "REMARK": null, "KDPBPS": null, "FCODE": "BA03070040", "LUASWH": 2.86562163, "UUPP": "Hasil Delineasi Batas Desa 2019", "SRS_ID": "SRGI 2013", "METADATA": "TASWIL1000020200326DATA_BATAS_DESA_KELURAHAN", "KDEBPS": null, "KDEPUM": "35.05.20.2003", "KDCBPS": null, "KDCPUM": "35.05.20", "KDBBPS": null, "WADMKD": "Sumberarum", "WIADKD": null, "WADMKC": "Wates", "WIADKC": null, "WADMKK": "Blitar", "WIADKK": null, "WADMPR": "Jawa Timur", "WIADPR": null, "TIPADM": 1.0, "KDPKAB": "35.05", "SHAPE_Leng": 0.067138082617445, "SHAPE_Area": 0.000229075960511 }, "geometry": { "type": "MultiPolygon", "coordinates": [ [ [ [ 112.3422, -8.24764, 0.0 ], [ 112.342509999000072, -8.247809998999969, 0.0 ], [ 112.342750962000082, -8.247871640999961, 0.0 ], [ 112.342793350000079, -8.247888918999934, 0.0 ], [ 112.34283684400009, -8.247906647999969, 0.0 ], [ 112.342698412, -8.250492304999966, 0.0 ], [ 112.342687889000103, -8.250493167999934, 0.0 ], [ 112.342560049000099, -8.250503653999942, 0.0 ], [ 112.342839636, -8.250658318999967, 0.0 ], [ 112.343021070000077, -8.250795137999944, 0.0 ], [ 112.343145992000018, -8.250940879999973, 0.0 ], [ 112.343226299000094, -8.251050929999963, 0.0 ], [ 112.343357169000114, -8.25122046599995, 0.0 ], [ 112.343479116000026, -8.251345387999947, 0.0 ], [ 112.343615935000116, -8.251514924999981, 0.0 ], [ 112.343720037000026, -8.251622, 0.0 ], [ 112.343969880000031, -8.251892663999968, 0.0 ], [ 112.345757450000065, -8.253638593999938, 0.0 ], [ 112.34552842700009, -8.253817052999977, 0.0 ], [ 112.345018187000051, -8.253941726999926, 0.0 ], [ 112.344971484000098, -8.253945989999977, 0.0 ], [ 112.344962561000102, -8.254341575999945, 0.0 ], [ 112.345073737, -8.254326609999964, 0.0 ], [ 112.345251666000081, -8.254299141999979, 0.0 ], [ 112.345483663000095, -8.254813699999943, 0.0 ], [ 112.34536469000011, -8.25487616099997, 0.0 ], [ 112.345266538000033, -8.254914826999936, 0.0 ], [ 112.345153513000014, -8.254968364999968, 0.0 ], [ 112.345102841000084, -8.255003846999955, 0.0 ], [ 112.345064283000056, -8.255140875999928, 0.0 ], [ 112.345067649000043, -8.255259347999981, 0.0 ], [ 112.345209272000034, -8.255466088999981, 0.0 ], [ 112.345277087000113, -8.25557316499993, 0.0 ], [ 112.345548345000111, -8.256336971999929, 0.0 ], [ 112.345798189000107, -8.257536219999963, 0.0 ], [ 112.345733943000027, -8.257554065999955, 0.0 ], [ 112.345708959000035, -8.25828932, 0.0 ], [ 112.345694682000044, -8.258810420999964, 0.0 ], [ 112.345623298000078, -8.258831836999946, 0.0 ], [ 112.34575892700002, -8.25969558099996, 0.0 ], [ 112.345819604000098, -8.260230959999944, 0.0 ], [ 112.345065667000085, -8.260235113999954, 0.0 ], [ 112.344141608000086, -8.260226200999966, 0.0 ], [ 112.339782435000075, -8.260340414999973, 0.0 ], [ 112.338458563000017, -8.260151724999957, 0.0 ], [ 112.337803008000037, -8.260155967999935, 0.0 ], [ 112.337180000000103, -8.26016, 0.0 ], [ 112.335118930000021, -8.260203119999971, 0.0 ], [ 112.333691253000097, -8.260117458999957, 0.0 ], [ 112.332054184000071, -8.259774816999936, 0.0 ], [ 112.330661009000096, -8.259771247999936, 0.0 ], [ 112.329624754000065, -8.259792662999928, 0.0 ], [ 112.327733083000112, -8.259792662999928, 0.0 ], [ 112.32739596600004, -8.259792662999928, 0.0 ], [ 112.326721812000073, -8.259792662999928, 0.0 ], [ 112.326703966000082, -8.259489281999947, 0.0 ], [ 112.326623693000101, -8.259472754999933, 0.0 ], [ 112.326501712000095, -8.259447640999952, 0.0 ], [ 112.326509104000024, -8.259407199999941, 0.0 ], [ 112.326602839000088, -8.258894415999976, 0.0 ], [ 112.326511936000088, -8.258883926999943, 0.0 ], [ 112.326293509000038, -8.258858724999925, 0.0 ], [ 112.3258354620001, -8.25888251899994, 0.0 ], [ 112.325710541000035, -8.258751648999976, 0.0 ], [ 112.325686746000088, -8.258585086999972, 0.0 ], [ 112.325716489000115, -8.258204372999955, 0.0 ], [ 112.325337897000054, -8.258148068999958, 0.0 ], [ 112.32544, -8.25808, 0.0 ], [ 112.32592000000011, -8.257, 0.0 ], [ 112.326370000000111, -8.25529, 0.0 ], [ 112.326730608000048, -8.254630956999961, 0.0 ], [ 112.326685638000072, -8.254172399999959, 0.0 ], [ 112.326624688000038, -8.253182040999945, 0.0 ], [ 112.326517459000115, -8.252718220999952, 0.0 ], [ 112.326470480000012, -8.252315212999974, 0.0 ], [ 112.326475327000026, -8.251968261999934, 0.0 ], [ 112.326528549000045, -8.251722837999978, 0.0 ], [ 112.326551277000021, -8.250027842999941, 0.0 ], [ 112.326896984000086, -8.249981237999975, 0.0 ], [ 112.3269238580001, -8.249699475999932, 0.0 ], [ 112.326928894000048, -8.249700556999926, 0.0 ], [ 112.326931214000069, -8.249732952999977, 0.0 ], [ 112.326933497000027, -8.249709014999951, 0.0 ], [ 112.327077251000105, -8.249739855999962, 0.0 ], [ 112.327086493000024, -8.249741837999977, 0.0 ], [ 112.327117175000012, -8.249748420999936, 0.0 ], [ 112.32717509500003, -8.249683733999973, 0.0 ], [ 112.327222463000112, -8.24963083199998, 0.0 ], [ 112.327241952, -8.24963988899998, 0.0 ], [ 112.327263357000106, -8.249649837999925, 0.0 ], [ 112.327294692, -8.249605302999953, 0.0 ], [ 112.327367969000079, -8.249501156999941, 0.0 ], [ 112.327381324000044, -8.249482174999969, 0.0 ], [ 112.327432454000018, -8.249409505999949, 0.0 ], [ 112.327435472000047, -8.249405215999957, 0.0 ], [ 112.327601092, -8.249373562999949, 0.0 ], [ 112.327615759000082, -8.249360692999971, 0.0 ], [ 112.327620250000109, -8.249356750999937, 0.0 ], [ 112.327696501000105, -8.249174656999969, 0.0 ], [ 112.327749133000111, -8.24911227299998, 0.0 ], [ 112.32779469500008, -8.249090587999945, 0.0 ], [ 112.327881728000079, -8.249041201999944, 0.0 ], [ 112.327960107000081, -8.248996726999962, 0.0 ], [ 112.32802, -8.24895106799994, 0.0 ], [ 112.3280341520001, -8.248926713999936, 0.0 ], [ 112.328090732000078, -8.24882934599998, 0.0 ], [ 112.328120300000023, -8.24877846399994, 0.0 ], [ 112.328191666000066, -8.248572458999945, 0.0 ], [ 112.328286029000083, -8.24856319099996, 0.0 ], [ 112.328295220000086, -8.24856228799996, 0.0 ], [ 112.328393353000024, -8.248552648999976, 0.0 ], [ 112.328524536000032, -8.248631074999935, 0.0 ], [ 112.328600322000057, -8.248676380999939, 0.0 ], [ 112.328645900000083, -8.248659481999937, 0.0 ], [ 112.328732236000064, -8.248620912999968, 0.0 ], [ 112.328753709000011, -8.248577773999955, 0.0 ], [ 112.328772368000045, -8.248455930999967, 0.0 ], [ 112.328781262, -8.248397852999972, 0.0 ], [ 112.328793668000117, -8.248316841999952, 0.0 ], [ 112.328807967000103, -8.248283296999944, 0.0 ], [ 112.329014025000106, -8.248134268999934, 0.0 ], [ 112.329095647000031, -8.248072861999958, 0.0 ], [ 112.329244020000033, -8.247961235999981, 0.0 ], [ 112.32931588200006, -8.247903572999974, 0.0 ], [ 112.329390057000069, -8.247819583999956, 0.0 ], [ 112.329476546000024, -8.247826475999943, 0.0 ], [ 112.329696267000031, -8.247875455999974, 0.0 ], [ 112.329846700000076, -8.247908990999974, 0.0 ], [ 112.329933268000104, -8.247939807999956, 0.0 ], [ 112.33008093, -8.248001801999976, 0.0 ], [ 112.330110000000104, -8.24798, 0.0 ], [ 112.33021, -8.2479, 0.0 ], [ 112.33031, -8.247829998999975, 0.0 ], [ 112.33049, -8.24769, 0.0 ], [ 112.33057, -8.24762, 0.0 ], [ 112.33068, -8.24753, 0.0 ], [ 112.33082, -8.24745, 0.0 ], [ 112.33093, -8.24736, 0.0 ], [ 112.331023284000025, -8.24728106699996, 0.0 ], [ 112.331266186000107, -8.247263293999936, 0.0 ], [ 112.331561239000052, -8.247215704999974, 0.0 ], [ 112.331842015, -8.247249016999945, 0.0 ], [ 112.332118033000029, -8.247196668999948, 0.0 ], [ 112.332365497000069, -8.247206186999961, 0.0 ], [ 112.332693862000042, -8.247282328999972, 0.0 ], [ 112.332774764000078, -8.247109818999945, 0.0 ], [ 112.333066248000023, -8.247074126999962, 0.0 ], [ 112.333298245000037, -8.247097920999977, 0.0 ], [ 112.333441013000083, -8.24719904799997, 0.0 ], [ 112.333726548000072, -8.247306123999977, 0.0 ], [ 112.33436305400005, -8.247389404999979, 0.0 ], [ 112.334635004, -8.247531601999981, 0.0 ], [ 112.334909140000036, -8.247674940999957, 0.0 ], [ 112.334962758000074, -8.247608982999964, 0.0 ], [ 112.336431867000101, -8.245801778999976, 0.0 ], [ 112.336356639000087, -8.245627448999926, 0.0 ], [ 112.336230676000014, -8.245390724999936, 0.0 ], [ 112.336158236000074, -8.245263054999953, 0.0 ], [ 112.336151917000052, -8.245251916999962, 0.0 ], [ 112.33615171200006, -8.245251420999978, 0.0 ], [ 112.336134734000098, -8.245210419999978, 0.0 ], [ 112.336097443000085, -8.245140338999931, 0.0 ], [ 112.335948727000073, -8.244759624999972, 0.0 ], [ 112.335877343000107, -8.244414602999939, 0.0 ], [ 112.335876546, -8.244381947999955, 0.0 ], [ 112.335872733000087, -8.244364575999953, 0.0 ], [ 112.335875294000061, -8.244330595999941, 0.0 ], [ 112.335871394000037, -8.244170707999956, 0.0 ], [ 112.335924932000012, -8.243974402999982, 0.0 ], [ 112.336965947000067, -8.244075529999975, 0.0 ], [ 112.337297456000101, -8.24415344199997, 0.0 ], [ 112.338256804000025, -8.244378910999956, 0.0 ], [ 112.339624994000019, -8.244497883999941, 0.0 ], [ 112.339761813000109, -8.244557370999928, 0.0 ], [ 112.341271581000115, -8.244628950999981, 0.0 ], [ 112.341293856000107, -8.244630006999955, 0.0 ], [ 112.341299999000057, -8.24476, 0.0 ], [ 112.341178139000021, -8.244909982999957, 0.0 ], [ 112.34116265900002, -8.244981630999973, 0.0 ], [ 112.341154290000077, -8.245094988999938, 0.0 ], [ 112.341153183000074, -8.245109982999963, 0.0 ], [ 112.341152322000084, -8.245121635999965, 0.0 ], [ 112.341149155000039, -8.245250848999945, 0.0 ], [ 112.341142313000091, -8.245358540999973, 0.0 ], [ 112.341138133000072, -8.245403876999944, 0.0 ], [ 112.34124, -8.24578, 0.0 ], [ 112.341260980000015, -8.245847434999973, 0.0 ], [ 112.341379999000083, -8.246229998999979, 0.0 ], [ 112.341519623000067, -8.246648868999955, 0.0 ], [ 112.341572392000103, -8.246807175999948, 0.0 ], [ 112.3416, -8.24689, 0.0 ], [ 112.341689999000096, -8.24712, 0.0 ], [ 112.34182, -8.24731, 0.0 ], [ 112.342024756000114, -8.247487814999943, 0.0 ], [ 112.342042439000011, -8.247503170999948, 0.0 ], [ 112.3422, -8.24764, 0.0 ] ] ] ] } },
{ "type": "Feature", "properties": { "OBJECTID": 116248.0, "KDPPUM": "35", "NAMOBJ": "Sukorejo", "REMARK": null, "KDPBPS": null, "FCODE": "BA03070040", "LUASWH": 6.35822625, "UUPP": "Hasil Delineasi Batas Desa 2019", "SRS_ID": "SRGI 2013", "METADATA": "TASWIL1000020200326DATA_BATAS_DESA_KELURAHAN", "KDEBPS": null, "KDEPUM": "35.05.20.2006", "KDCBPS": null, "KDCPUM": "35.05.20", "KDBBPS": null, "WADMKD": "Sukorejo", "WIADKD": null, "WADMKC": "Wates", "WIADKC": null, "WADMKK": "Blitar", "WIADKK": null, "WADMPR": "Jawa Timur", "WIADPR": null, "TIPADM": 1.0, "KDPKAB": "35.05", "SHAPE_Leng": 0.118957123137635, "SHAPE_Area": 0.000521980008298 }, "geometry": { "type": "MultiPolygon", "coordinates": [ [ [ [ 112.364351375000069, -8.266942593999943, 0.0 ], [ 112.36434, -8.26707, 0.0 ], [ 112.36421, -8.26875, 0.0 ], [ 112.36417, -8.27002, 0.0 ], [ 112.364150000000109, -8.270589998999981, 0.0 ], [ 112.36414, -8.27091, 0.0 ], [ 112.364150000000109, -8.2715, 0.0 ], [ 112.364150000000109, -8.2716, 0.0 ], [ 112.36414, -8.2719, 0.0 ], [ 112.36414, -8.27212, 0.0 ], [ 112.36413, -8.27245, 0.0 ], [ 112.36412, -8.27263, 0.0 ], [ 112.36412, -8.27271, 0.0 ], [ 112.36411, -8.27288, 0.0 ], [ 112.36416, -8.27303, 0.0 ], [ 112.36417, -8.2732, 0.0 ], [ 112.3641, -8.2739, 0.0 ], [ 112.36409, -8.27422, 0.0 ], [ 112.364079999000069, -8.2744, 0.0 ], [ 112.36411, -8.27461, 0.0 ], [ 112.3641, -8.274859998999943, 0.0 ], [ 112.367315010000084, -8.276185225999939, 0.0 ], [ 112.366095536000103, -8.278862119999928, 0.0 ], [ 112.367077064000114, -8.279189294999981, 0.0 ], [ 112.367225780000012, -8.280497998999977, 0.0 ], [ 112.368792655000107, -8.280514654999934, 0.0 ], [ 112.369055840000101, -8.280707656999937, 0.0 ], [ 112.369091722, -8.281103809999934, 0.0 ], [ 112.369032235000077, -8.281246576999933, 0.0 ], [ 112.36882998100009, -8.281365549999975, 0.0 ], [ 112.368544446000101, -8.28138934499998, 0.0 ], [ 112.368401678000055, -8.281520214999944, 0.0 ], [ 112.368401678000055, -8.281805750999979, 0.0 ], [ 112.368461165000099, -8.282008004999966, 0.0 ], [ 112.368556343000023, -8.282198361999974, 0.0 ], [ 112.368556343000023, -8.282364923999978, 0.0 ], [ 112.368461165000099, -8.282531485999925, 0.0 ], [ 112.368330294000089, -8.282638561999931, 0.0 ], [ 112.368290301000116, -8.28266522399997, 0.0 ], [ 112.36803881000003, -8.282942339999977, 0.0 ], [ 112.36792459600008, -8.283061312999962, 0.0 ], [ 112.367662855000049, -8.283204080999951, 0.0 ], [ 112.367382429000031, -8.283241801999964, 0.0 ], [ 112.36737095, -8.283246930999951, 0.0 ], [ 112.367015642000069, -8.283294499999954, 0.0 ], [ 112.366863357000057, -8.283351606999929, 0.0 ], [ 112.366781463000052, -8.283441551999942, 0.0 ], [ 112.366744384000071, -8.28348961599994, 0.0 ], [ 112.366755208000086, -8.283592367999972, 0.0 ], [ 112.366801491000047, -8.283708525999941, 0.0 ], [ 112.366825285, -8.283827498999926, 0.0 ], [ 112.366834613000037, -8.284014143999968, 0.0 ], [ 112.366777696000099, -8.284090032999927, 0.0 ], [ 112.366694415000097, -8.284316081999975, 0.0 ], [ 112.366736055000047, -8.284476695999956, 0.0 ], [ 112.366783645000055, -8.284673000999931, 0.0 ], [ 112.366783645000055, -8.284839563999981, 0.0 ], [ 112.366629174000082, -8.284932887999958, 0.0 ], [ 112.366623031000017, -8.285202430999959, 0.0 ], [ 112.366605185000026, -8.285303557999953, 0.0 ], [ 112.366569493000043, -8.28539873699998, 0.0 ], [ 112.366480263000085, -8.285452274999955, 0.0 ], [ 112.366331547000073, -8.285517709999965, 0.0 ], [ 112.366176882000104, -8.285678323999946, 0.0 ], [ 112.366028166000092, -8.285886525999956, 0.0 ], [ 112.365927039000098, -8.286106626999981, 0.0 ], [ 112.365896158000055, -8.286423495999941, 0.0 ], [ 112.36578, -8.28663, 0.0 ], [ 112.36548, -8.287049998999976, 0.0 ], [ 112.36539, -8.2872, 0.0 ], [ 112.36508, -8.28763, 0.0 ], [ 112.364859999000032, -8.28786, 0.0 ], [ 112.364715612000055, -8.287959695999973, 0.0 ], [ 112.364523157, -8.28828383299998, 0.0 ], [ 112.364535054000044, -8.288432549999925, 0.0 ], [ 112.364594540000098, -8.288938184999949, 0.0 ], [ 112.36460643800001, -8.289170182999953, 0.0 ], [ 112.364576695000096, -8.289324847999978, 0.0 ], [ 112.364475567000113, -8.28951520399994, 0.0 ], [ 112.364362543000084, -8.289675817999978, 0.0 ], [ 112.364231673000063, -8.289973250999935, 0.0 ], [ 112.364231673000063, -8.290068428999973, 0.0 ], [ 112.364231673000063, -8.290187401999958, 0.0 ], [ 112.364195448000032, -8.290476773999956, 0.0 ], [ 112.364249519000055, -8.290568115999974, 0.0 ], [ 112.364338748000023, -8.29078226699994, 0.0 ], [ 112.364451773000042, -8.29102616199998, 0.0 ], [ 112.364493413000105, -8.29126410799995, 0.0 ], [ 112.364588592000018, -8.291817332999926, 0.0 ], [ 112.364576695000096, -8.29195415199996, 0.0 ], [ 112.364541003000113, -8.292079073999957, 0.0 ], [ 112.36443392700005, -8.29225753299994, 0.0 ], [ 112.364398235000067, -8.292388403999951, 0.0 ], [ 112.364392286000111, -8.292590657999938, 0.0 ], [ 112.364386338000031, -8.292763168999954, 0.0 ], [ 112.364398235000067, -8.293007062999948, 0.0 ], [ 112.364386338000031, -8.293233111999939, 0.0 ], [ 112.36436849200004, -8.293477006999979, 0.0 ], [ 112.364017521000051, -8.294095666999965, 0.0 ], [ 112.363874754000108, -8.294196793999959, 0.0 ], [ 112.363517834000049, -8.294404996999958, 0.0 ], [ 112.36323229900006, -8.294559661999926, 0.0 ], [ 112.362903901000095, -8.294879761999937, 0.0 ], [ 112.362786150000034, -8.295059348999928, 0.0 ], [ 112.36265964200004, -8.295387713999958, 0.0 ], [ 112.362399999000104, -8.29653, 0.0 ], [ 112.36233, -8.296859998999935, 0.0 ], [ 112.362297964000049, -8.297119961999954, 0.0 ], [ 112.362297964000049, -8.297210380999957, 0.0 ], [ 112.362350312000103, -8.29737694399995, 0.0 ], [ 112.362345553000068, -8.297486398999979, 0.0 ], [ 112.362317, -8.297667237999974, 0.0 ], [ 112.3622598930001, -8.297810004999974, 0.0 ], [ 112.362159955000038, -8.297962290999976, 0.0 ], [ 112.362036223000018, -8.298043192999955, 0.0 ], [ 112.361488947000112, -8.298238307999952, 0.0 ], [ 112.361365215000092, -8.298309691999975, 0.0 ], [ 112.361255760000063, -8.29842866499996, 0.0 ], [ 112.361203412, -8.298561914999937, 0.0 ], [ 112.36115, -8.29901, 0.0 ], [ 112.36111, -8.2993, 0.0 ], [ 112.36117, -8.299879998999927, 0.0 ], [ 112.361327144000029, -8.30004669899995, 0.0 ], [ 112.361408046000065, -8.300084769999955, 0.0 ], [ 112.361460394, -8.300165671999935, 0.0 ], [ 112.361484188000077, -8.30026560899995, 0.0 ], [ 112.361436599000058, -8.300398858999927, 0.0 ], [ 112.361384251000118, -8.300460724999937, 0.0 ], [ 112.361170100000095, -8.300712947999955, 0.0 ], [ 112.361127269, -8.300789090999956, 0.0 ], [ 112.361093957000094, -8.300903304999963, 0.0 ], [ 112.361051126, -8.301012759999935, 0.0 ], [ 112.360971709000069, -8.301215258999946, 0.0 ], [ 112.360522886000012, -8.301633798999944, 0.0 ], [ 112.359994646000018, -8.302190592999978, 0.0 ], [ 112.35990184700006, -8.30236191399996, 0.0 ], [ 112.359816186000103, -8.302597480999964, 0.0 ], [ 112.359780494, -8.302875877999952, 0.0 ], [ 112.359859017000076, -8.303247073999955, 0.0 ], [ 112.359837601000095, -8.30333987299997, 0.0 ], [ 112.35970911000004, -8.303496916999961, 0.0 ], [ 112.359504138000034, -8.30360570299996, 0.0 ], [ 112.35922370000003, -8.303703929999926, 0.0 ], [ 112.358959580000032, -8.303711068999974, 0.0 ], [ 112.358838228000081, -8.303696791999926, 0.0 ], [ 112.35863835300006, -8.303618269999959, 0.0 ], [ 112.358474170000022, -8.303575438999928, 0.0 ], [ 112.35825288, -8.303554023999936, 0.0 ], [ 112.358102974000076, -8.303568300999927, 0.0 ], [ 112.357903100000044, -8.303603992999967, 0.0 ], [ 112.357760332000112, -8.303732483999966, 0.0 ], [ 112.35758, -8.30402, 0.0 ], [ 112.357192991000034, -8.304654035999931, 0.0 ], [ 112.356675298000027, -8.305402865999952, 0.0 ], [ 112.356532530000095, -8.30567412399995, 0.0 ], [ 112.356507546000103, -8.306056027999944, 0.0 ], [ 112.356439731000023, -8.306345131999933, 0.0 ], [ 112.356386193000048, -8.30645934599994, 0.0 ], [ 112.356325517000073, -8.306577129999937, 0.0 ], [ 112.356204164000019, -8.306662789999962, 0.0 ], [ 112.356057828000075, -8.306712758999936, 0.0 ], [ 112.355936475000021, -8.306730604999927, 0.0 ], [ 112.355784689000075, -8.306664950999959, 0.0 ], [ 112.355658078000033, -8.306545006999954, 0.0 ], [ 112.355561710000075, -8.306487899999979, 0.0 ], [ 112.355418942000028, -8.306434361999948, 0.0 ], [ 112.355261898000094, -8.306395100999964, 0.0 ], [ 112.355054885000072, -8.306373685999972, 0.0 ], [ 112.354922465000072, -8.306411779999962, 0.0 ], [ 112.354876425000043, -8.306434361999948, 0.0 ], [ 112.354830026000059, -8.306470053999931, 0.0 ], [ 112.354747934000102, -8.306530729999963, 0.0 ], [ 112.354690827000013, -8.306627097999979, 0.0 ], [ 112.354590890000054, -8.306848387999935, 0.0 ], [ 112.354505442000118, -8.307478259999925, 0.0 ], [ 112.354483437000113, -8.307620074999932, 0.0 ], [ 112.354398153000034, -8.307858468999939, 0.0 ], [ 112.354273232000082, -8.308019082999976, 0.0 ], [ 112.353698592000114, -8.308447385999955, 0.0 ], [ 112.353559393000069, -8.308558030999961, 0.0 ], [ 112.353455887000109, -8.308718643999953, 0.0 ], [ 112.35336, -8.30902, 0.0 ], [ 112.35332, -8.30918, 0.0 ], [ 112.352627945000108, -8.308457234999935, 0.0 ], [ 112.352092567000113, -8.308005136999952, 0.0 ], [ 112.351771339000038, -8.307612525999957, 0.0 ], [ 112.351533393000068, -8.307243709999966, 0.0 ], [ 112.351152680000041, -8.306506076999938, 0.0 ], [ 112.351188372000024, -8.305471010999952, 0.0 ], [ 112.351188372000024, -8.305018913999959, 0.0 ], [ 112.351188372000024, -8.304590610999981, 0.0 ], [ 112.351157439000076, -8.30385773699993, 0.0 ], [ 112.351185992000069, -8.303600754999934, 0.0 ], [ 112.351185992000069, -8.30325811299997, 0.0 ], [ 112.35119313000007, -8.303058237999949, 0.0 ], [ 112.351171715000078, -8.302844086999926, 0.0 ], [ 112.351157439000076, -8.302658488999953, 0.0 ], [ 112.351164577000077, -8.302380091999964, 0.0 ], [ 112.351228822000053, -8.302123109999968, 0.0 ], [ 112.351207407000061, -8.301830435999932, 0.0 ], [ 112.351136023000095, -8.301687667999943, 0.0 ], [ 112.351150300000086, -8.301409271999944, 0.0 ], [ 112.351093193000111, -8.30117370499994, 0.0 ], [ 112.351071778, -8.300988106999966, 0.0 ], [ 112.351036086000022, -8.300795370999936, 0.0 ], [ 112.350964702000056, -8.300674017999938, 0.0 ], [ 112.350850488000106, -8.300559803999931, 0.0 ], [ 112.350729136000041, -8.300467004999973, 0.0 ], [ 112.350393632000078, -8.300345651999976, 0.0 ], [ 112.350143788000082, -8.300231437999969, 0.0 ], [ 112.349922498000069, -8.300174330999937, 0.0 ], [ 112.349662105000107, -8.300018663999936, 0.0 ], [ 112.349704778000046, -8.29804709299998, 0.0 ], [ 112.349702105, -8.297881417999974, 0.0 ], [ 112.34927868300008, -8.293873590999965, 0.0 ], [ 112.349244352000028, -8.292665941999928, 0.0 ], [ 112.34923, -8.29257, 0.0 ], [ 112.349225316000116, -8.292309022999973, 0.0 ], [ 112.349301459000117, -8.292247156999963, 0.0 ], [ 112.349425191000023, -8.292270951999967, 0.0 ], [ 112.349548923000043, -8.292304263999938, 0.0 ], [ 112.349615548000088, -8.292313781999951, 0.0 ], [ 112.349734521000073, -8.292313781999951, 0.0 ], [ 112.349934396000094, -8.292289986999947, 0.0 ], [ 112.350024665000092, -8.292260519999957, 0.0 ], [ 112.350115235000089, -8.292151977999936, 0.0 ], [ 112.350181860000021, -8.292042522999964, 0.0 ], [ 112.35022469, -8.291899755999964, 0.0 ], [ 112.350229449000039, -8.291790299999946, 0.0 ], [ 112.350191377000101, -8.291709398999956, 0.0 ], [ 112.350129511000091, -8.291652291999981, 0.0 ], [ 112.350067645000081, -8.291599943999927, 0.0 ], [ 112.34997467200003, -8.291495981999958, 0.0 ], [ 112.349905842000112, -8.291338202999953, 0.0 ], [ 112.349910601000033, -8.291257300999973, 0.0 ], [ 112.349915360000068, -8.291200193999941, 0.0 ], [ 112.349986744000034, -8.291147845999944, 0.0 ], [ 112.350086681000107, -8.29110501599996, 0.0 ], [ 112.350177101000099, -8.291114532999927, 0.0 ], [ 112.350309999000046, -8.29114, 0.0 ], [ 112.35036144500009, -8.291120707999937, 0.0 ], [ 112.350567332000082, -8.291057425999952, 0.0 ], [ 112.350638716000049, -8.290914658999952, 0.0 ], [ 112.35066251100011, -8.290809961999969, 0.0 ], [ 112.350672028000076, -8.290633881999952, 0.0 ], [ 112.350657752000075, -8.290505390999954, 0.0 ], [ 112.350605404000021, -8.290424489999964, 0.0 ], [ 112.350570769000115, -8.290298181999958, 0.0 ], [ 112.350659999000072, -8.29014, 0.0 ], [ 112.35083, -8.2899, 0.0 ], [ 112.350967082000011, -8.289724927999941, 0.0 ], [ 112.35101467100003, -8.289591677999965, 0.0 ], [ 112.3510241890001, -8.289482222999936, 0.0 ], [ 112.351019430000065, -8.289368008999929, 0.0 ], [ 112.35101467100003, -8.289201446999925, 0.0 ], [ 112.350995635000118, -8.289025366999965, 0.0 ], [ 112.350956318000044, -8.288943536999966, 0.0 ], [ 112.350964248000082, -8.288882079999951, 0.0 ], [ 112.3510241890001, -8.288825491999944, 0.0 ], [ 112.351081296000075, -8.288744589999965, 0.0 ], [ 112.351157439000076, -8.288663688999975, 0.0 ], [ 112.351143162000085, -8.288558991999935, 0.0 ], [ 112.350959107000108, -8.288544105999961, 0.0 ], [ 112.350800519000018, -8.288544715999933, 0.0 ], [ 112.350724377, -8.288539956999955, 0.0 ], [ 112.350695823000024, -8.28850188499996, 0.0 ], [ 112.350695823000024, -8.288411465999957, 0.0 ], [ 112.350695823000024, -8.288273456999946, 0.0 ], [ 112.350700582000059, -8.288102135999964, 0.0 ], [ 112.350667270000031, -8.287983162999979, 0.0 ], [ 112.350629198000092, -8.287945090999926, 0.0 ], [ 112.350524502000098, -8.287907019999977, 0.0 ], [ 112.350438841000027, -8.28787370799995, 0.0 ], [ 112.35035318100006, -8.287859430999958, 0.0 ], [ 112.350309161000041, -8.287820169999975, 0.0 ], [ 112.35029131500005, -8.286503137999944, 0.0 ], [ 112.350273469000058, -8.28616763399998, 0.0 ], [ 112.350459067000088, -8.286118557999941, 0.0 ], [ 112.350581925000029, -8.286102264999954, 0.0 ], [ 112.350806468000087, -8.286086434999959, 0.0 ], [ 112.350907595000081, -8.28607453799998, 0.0 ], [ 112.351020620000099, -8.286056691999931, 0.0 ], [ 112.351139593000084, -8.286050742999976, 0.0 ], [ 112.351252617000114, -8.286044793999963, 0.0 ], [ 112.351359693000063, -8.286021, 0.0 ], [ 112.351448923000021, -8.285991256999978, 0.0 ], [ 112.351526255000067, -8.285937718999946, 0.0 ], [ 112.351585742000111, -8.285896077999951, 0.0 ], [ 112.351651177, -8.285848488999932, 0.0 ], [ 112.35173445800001, -8.285783053999978, 0.0 ], [ 112.351817739000012, -8.285729515999947, 0.0 ], [ 112.351853431000109, -8.285681926999928, 0.0 ], [ 112.351901020000014, -8.285574850999978, 0.0 ], [ 112.351930763000041, -8.285479671999951, 0.0 ], [ 112.351960507000058, -8.28538449399997, 0.0 ], [ 112.352059254000096, -8.285191757999939, 0.0 ], [ 112.351886743000023, -8.278010543999926, 0.0 ], [ 112.351791565000099, -8.277096830999938, 0.0 ], [ 112.351629762000016, -8.276725634999934, 0.0 ], [ 112.351626192000026, -8.275659636999933, 0.0 ], [ 112.351632141000096, -8.275130206999961, 0.0 ], [ 112.351644038000018, -8.274505597999962, 0.0 ], [ 112.3517, -8.273709998999948, 0.0 ], [ 112.351501228000075, -8.273146040999961, 0.0 ], [ 112.351304172000027, -8.27208885899995, 0.0 ], [ 112.351238737000017, -8.271767631999978, 0.0 ], [ 112.351143558000103, -8.271232252999937, 0.0 ], [ 112.351073128000053, -8.270636473999957, 0.0 ], [ 112.35108, -8.27042, 0.0 ], [ 112.3511, -8.27019, 0.0 ], [ 112.350910000000113, -8.268249998999977, 0.0 ], [ 112.350739999000098, -8.26687, 0.0 ], [ 112.35058, -8.26649, 0.0 ], [ 112.350739197000053, -8.266502554999931, 0.0 ], [ 112.353460797000025, -8.266613645999939, 0.0 ], [ 112.354679081000086, -8.26659461, 0.0 ], [ 112.357919906, -8.266942010999969, 0.0 ], [ 112.359709261000035, -8.267218028999935, 0.0 ], [ 112.360646769000027, -8.266946769999947, 0.0 ], [ 112.360951340000042, -8.266937251999934, 0.0 ], [ 112.361731803000112, -8.26689442199995, 0.0 ], [ 112.361765115000026, -8.266561297999942, 0.0 ], [ 112.362954846000093, -8.266718341999933, 0.0 ], [ 112.364351375000069, -8.266942593999943, 0.0 ] ] ] ] } },
{ "type": "Feature", "properties": { "OBJECTID": 116251.0, "KDPPUM": "35", "NAMOBJ": "Purworejo", "REMARK": null, "KDPBPS": null, "FCODE": "BA03070040", "LUASWH": 7.03123152, "UUPP": "Hasil Delineasi Batas Desa 2019", "SRS_ID": "SRGI 2013", "METADATA": "TASWIL1000020200326DATA_BATAS_DESA_KELURAHAN", "KDEBPS": null, "KDEPUM": "35.05.20.2001", "KDCBPS": null, "KDCPUM": "35.05.20", "KDBBPS": null, "WADMKD": "Purworejo", "WIADKD": null, "WADMKC": "Wates", "WIADKC": null, "WADMKK": "Blitar", "WIADKK": null, "WADMPR": "Jawa Timur", "WIADPR": null, "TIPADM": 1.0, "KDPKAB": "35.05", "SHAPE_Leng": 0.10026301751203, "SHAPE_Area": 0.00054158339192000003 }, "geometry": { "type": "MultiPolygon", "coordinates": [ [ [ [ 112.326623693000101, -8.259472754999933, 0.0 ], [ 112.326703966000082, -8.259489281999947, 0.0 ], [ 112.326721812000073, -8.259792662999928, 0.0 ], [ 112.326619563, -8.259803839999961, 0.0 ], [ 112.326548602000116, -8.259966396999971, 0.0 ], [ 112.326378390000059, -8.260356317999936, 0.0 ], [ 112.326035747000105, -8.261060638999936, 0.0 ], [ 112.325951341000064, -8.261311083999942, 0.0 ], [ 112.325919694000049, -8.261404986999935, 0.0 ], [ 112.325850045000038, -8.261611645999949, 0.0 ], [ 112.325849678000054, -8.261612733999925, 0.0 ], [ 112.325609567000015, -8.262325181999927, 0.0 ], [ 112.325621969000053, -8.262388658999953, 0.0 ], [ 112.325331427000037, -8.263839848999964, 0.0 ], [ 112.325112517000093, -8.264563204999945, 0.0 ], [ 112.324855535000097, -8.265305596999951, 0.0 ], [ 112.324788910000052, -8.26571486399996, 0.0 ], [ 112.324722285, -8.266771344999938, 0.0 ], [ 112.324608071000057, -8.267580361999933, 0.0 ], [ 112.32488408800009, -8.267903967999928, 0.0 ], [ 112.325283838000018, -8.268522627999971, 0.0 ], [ 112.325272471000062, -8.269112717999974, 0.0 ], [ 112.325354258000061, -8.269297498999947, 0.0 ], [ 112.325357548000056, -8.269510694999951, 0.0 ], [ 112.325359112000115, -8.269519263999939, 0.0 ], [ 112.325415768000084, -8.269829621999975, 0.0 ], [ 112.325449964000086, -8.270016947999977, 0.0 ], [ 112.325644065, -8.271080231999974, 0.0 ], [ 112.325639999000032, -8.27119, 0.0 ], [ 112.32565000000011, -8.27132, 0.0 ], [ 112.32567, -8.2722, 0.0 ], [ 112.32565000000011, -8.27238, 0.0 ], [ 112.32558, -8.27304, 0.0 ], [ 112.32553, -8.273689998999942, 0.0 ], [ 112.3255, -8.274139998999942, 0.0 ], [ 112.32549, -8.27436, 0.0 ], [ 112.3255, -8.27458, 0.0 ], [ 112.32553, -8.27535, 0.0 ], [ 112.325499342000057, -8.275670710999975, 0.0 ], [ 112.325457701, -8.27586701599995, 0.0 ], [ 112.325392266000108, -8.276045475999979, 0.0 ], [ 112.325392266000108, -8.276170397999977, 0.0 ], [ 112.325416061000055, -8.276295318999928, 0.0 ], [ 112.325433907000047, -8.27641429199997, 0.0 ], [ 112.325487445000022, -8.276604648999978, 0.0 ], [ 112.325507328000072, -8.276897079999969, 0.0 ], [ 112.325373231000071, -8.277161442999954, 0.0 ], [ 112.325337539000088, -8.277475531999926, 0.0 ], [ 112.32530017800002, -8.27843095399993, 0.0 ], [ 112.325537576000102, -8.280098910999925, 0.0 ], [ 112.32551, -8.28086, 0.0 ], [ 112.3255, -8.281079998999928, 0.0 ], [ 112.32551, -8.28126, 0.0 ], [ 112.325470000000109, -8.2814, 0.0 ], [ 112.325485065000066, -8.283083326999929, 0.0 ], [ 112.325488040000096, -8.284632950999935, 0.0 ], [ 112.32534229800001, -8.284677564999981, 0.0 ], [ 112.325199530000077, -8.284695410999973, 0.0 ], [ 112.325053788000105, -8.284704333999969, 0.0 ], [ 112.324912998000059, -8.284714821999955, 0.0 ], [ 112.324246556000048, -8.284782856999925, 0.0 ], [ 112.323775423000029, -8.284820927999931, 0.0 ], [ 112.323389950000092, -8.284844722999935, 0.0 ], [ 112.32312820900006, -8.284844722999935, 0.0 ], [ 112.322990200000049, -8.284858998999937, 0.0 ], [ 112.322214496000015, -8.28493038299996, 0.0 ], [ 112.321029525000085, -8.284963695999977, 0.0 ], [ 112.319901660000028, -8.284977971999979, 0.0 ], [ 112.319316313000058, -8.284982730999957, 0.0 ], [ 112.318278868000107, -8.284920864999947, 0.0 ], [ 112.317565029000093, -8.284901829999967, 0.0 ], [ 112.316030277000095, -8.284863757999972, 0.0 ], [ 112.31464424100011, -8.284839963999957, 0.0 ], [ 112.312699032000069, -8.284863757999972, 0.0 ], [ 112.312223139000025, -8.284828065999932, 0.0 ], [ 112.311366533000069, -8.284804271999974, 0.0 ], [ 112.310373108000022, -8.284738836999963, 0.0 ], [ 112.310018569000022, -8.284750733999942, 0.0 ], [ 112.309076302000108, -8.284679349999976, 0.0 ], [ 112.308074549000025, -8.284662693999962, 0.0 ], [ 112.30704017100004, -8.284586025999943, 0.0 ], [ 112.306090977000053, -8.284469241999943, 0.0 ], [ 112.305871454000112, -8.283820355999978, 0.0 ], [ 112.305581034000056, -8.283160927999973, 0.0 ], [ 112.305441176000045, -8.282986840999968, 0.0 ], [ 112.305281954000066, -8.28278864899994, 0.0 ], [ 112.304790870000033, -8.2824648499999, 0.0 ], [ 112.304271530000051, -8.282313415999965, 0.0 ], [ 112.30327115800003, -8.281972137999958, 0.0 ], [ 112.302674640000077, -8.281725245999951, 0.0 ], [ 112.302125377000038, -8.281238930999962, 0.0 ], [ 112.301691128000016, -8.280666103999977, 0.0 ], [ 112.301401818000045, -8.280341642999929, 0.0 ], [ 112.301266363000082, -8.280054962999941, 0.0 ], [ 112.30093695700009, -8.279223383999977, 0.0 ], [ 112.300580204000084, -8.278841716999978, 0.0 ], [ 112.300108125000065, -8.278450853999971, 0.0 ], [ 112.299597992000031, -8.278174962999969, 0.0 ], [ 112.299520250000114, -8.277907235999976, 0.0 ], [ 112.299458021000078, -8.277745014999937, 0.0 ], [ 112.299384577000069, -8.277553560999934, 0.0 ], [ 112.299268685000015, -8.277372093999929, 0.0 ], [ 112.299363792, -8.277075091999961, 0.0 ], [ 112.299525151000012, -8.276471611999966, 0.0 ], [ 112.299466091000113, -8.276041120999935, 0.0 ], [ 112.299474696000061, -8.275734829999976, 0.0 ], [ 112.299607387000037, -8.275179295999976, 0.0 ], [ 112.299423927000021, -8.274902341999962, 0.0 ], [ 112.299278805000085, -8.274596549999956, 0.0 ], [ 112.299266439, -8.274154731999943, 0.0 ], [ 112.299266072000023, -8.274141612999927, 0.0 ], [ 112.299264222000033, -8.274135886999943, 0.0 ], [ 112.299243817000047, -8.274072722999961, 0.0 ], [ 112.29925933800007, -8.27409677199995, 0.0 ], [ 112.299296861000016, -8.274154911999972, 0.0 ], [ 112.299492418000114, -8.274385328999927, 0.0 ], [ 112.299758671000063, -8.273539846999938, 0.0 ], [ 112.299871383000095, -8.273484447999977, 0.0 ], [ 112.299893944000019, -8.273039335999954, 0.0 ], [ 112.299718117000111, -8.272159400999954, 0.0 ], [ 112.299902827000096, -8.271352466999929, 0.0 ], [ 112.300062801000081, -8.271060039999952, 0.0 ], [ 112.300289606000092, -8.270638189999943, 0.0 ], [ 112.300552228000015, -8.270151621999958, 0.0 ], [ 112.300787503000038, -8.269382805999953, 0.0 ], [ 112.301226329000087, -8.268426697999928, 0.0 ], [ 112.301140918000101, -8.268394219999948, 0.0 ], [ 112.300949297000102, -8.268321355999944, 0.0 ], [ 112.300816352000083, -8.268267403999971, 0.0 ], [ 112.3009065010001, -8.268056821999949, 0.0 ], [ 112.301154838000116, -8.267476717999955, 0.0 ], [ 112.301447419000056, -8.266604829999949, 0.0 ], [ 112.301431862000072, -8.266255548999936, 0.0 ], [ 112.301327430000015, -8.26443984499997, 0.0 ], [ 112.30147519500008, -8.264087639999957, 0.0 ], [ 112.301705247000086, -8.263192028999981, 0.0 ], [ 112.301818097000023, -8.263179697999931, 0.0 ], [ 112.302232888000049, -8.262953436999965, 0.0 ], [ 112.302407505000019, -8.262732741999969, 0.0 ], [ 112.302810302000012, -8.262511303999929, 0.0 ], [ 112.302956739000024, -8.261754740999947, 0.0 ], [ 112.303288614000053, -8.260416151999948, 0.0 ], [ 112.303442180000047, -8.259392382999977, 0.0 ], [ 112.303446385000029, -8.259363194999935, 0.0 ], [ 112.304599187, -8.259792070999936, 0.0 ], [ 112.305301431000089, -8.260062546999961, 0.0 ], [ 112.306131166000114, -8.2603900299999, 0.0 ], [ 112.307615016000113, -8.260959426999932, 0.0 ], [ 112.307831438000107, -8.261035284999934, 0.0 ], [ 112.308189421000066, -8.261065219999978, 0.0 ], [ 112.308530646, -8.261111957999958, 0.0 ], [ 112.309537319000015, -8.261194801999977, 0.0 ], [ 112.31020520800007, -8.26124286199996, 0.0 ], [ 112.311332030000017, -8.261342056999979, 0.0 ], [ 112.312184983000066, -8.261425396999925, 0.0 ], [ 112.312850193000031, -8.261389717999975, 0.0 ], [ 112.313440422000099, -8.261196367999958, 0.0 ], [ 112.313526787000114, -8.261164979999933, 0.0 ], [ 112.313697115000082, -8.261102210999979, 0.0 ], [ 112.314121756000077, -8.260952471999929, 0.0 ], [ 112.314683154000022, -8.260756821999962, 0.0 ], [ 112.315179779, -8.260585310999943, 0.0 ], [ 112.315402813000105, -8.260507467999957, 0.0 ], [ 112.3156, -8.260329998999964, 0.0 ], [ 112.31638, -8.26028, 0.0 ], [ 112.3167797750001, -8.260374064999951, 0.0 ], [ 112.31689, -8.2604, 0.0 ], [ 112.318189999000083, -8.2602, 0.0 ], [ 112.318579999, -8.26009, 0.0 ], [ 112.318945661000043, -8.259868543999971, 0.0 ], [ 112.318988510000054, -8.259842592999973, 0.0 ], [ 112.319034926000086, -8.259838575999936, 0.0 ], [ 112.320409301000041, -8.2597196299999, 0.0 ], [ 112.321348214000068, -8.259346473999926, 0.0 ], [ 112.321586160000038, -8.259260812999969, 0.0 ], [ 112.321766999000033, -8.259222741999963, 0.0 ], [ 112.321995427000047, -8.259194187999981, 0.0 ], [ 112.322138195000093, -8.259175152999944, 0.0 ], [ 112.322569152000028, -8.259097146999977, 0.0 ], [ 112.322785408000072, -8.259032384999955, 0.0 ], [ 112.322928176, -8.258994313999949, 0.0 ], [ 112.32300168200004, -8.258987422999951, 0.0 ], [ 112.32323274700002, -8.258965759999967, 0.0 ], [ 112.323565871000028, -8.258908652999935, 0.0 ], [ 112.323765746000049, -8.258842027999947, 0.0 ], [ 112.324720205000062, -8.258100657999933, 0.0 ], [ 112.325337897000054, -8.258148068999958, 0.0 ], [ 112.325716489000115, -8.258204372999955, 0.0 ], [ 112.325686746000088, -8.258585086999972, 0.0 ], [ 112.325710541000035, -8.258751648999976, 0.0 ], [ 112.3258354620001, -8.25888251899994, 0.0 ], [ 112.326293509000038, -8.258858724999925, 0.0 ], [ 112.326511936000088, -8.258883926999943, 0.0 ], [ 112.326602839000088, -8.258894415999976, 0.0 ], [ 112.326509104000024, -8.259407199999941, 0.0 ], [ 112.326501712000095, -8.259447640999952, 0.0 ], [ 112.326623693000101, -8.259472754999933, 0.0 ] ] ], [ [ [ 112.293310228000109, -8.333449706999943, 0.0 ], [ 112.29336778600009, -8.333489709999981, 0.0 ], [ 112.293430916000034, -8.333487554999977, 0.0 ], [ 112.293488473000025, -8.333527558999947, 0.0 ], [ 112.293484824000075, -8.333646947999966, 0.0 ], [ 112.29345456100009, -8.333652713999982, 0.0 ], [ 112.293352990000017, -8.333672067999942, 0.0 ], [ 112.293234, -8.333753, 0.0 ], [ 112.293236927000066, -8.333749147999981, 0.0 ], [ 112.2931212740001, -8.333672978999971, 0.0 ], [ 112.29304752500002, -8.333570579999957, 0.0 ], [ 112.293030029000079, -8.333514346999948, 0.0 ], [ 112.293023838000067, -8.333494448999943, 0.0 ], [ 112.293022396000083, -8.333452532999956, 0.0 ], [ 112.293033541000113, -8.333368220999944, 0.0 ], [ 112.293102484000087, -8.333330896999939, 0.0 ], [ 112.293206980000036, -8.33330634899994, 0.0 ], [ 112.29325656200001, -8.333318644999963, 0.0 ], [ 112.293265739000049, -8.333381280999959, 0.0 ], [ 112.293310228000109, -8.333449706999943, 0.0 ] ] ], [ [ [ 112.303295329000093, -8.338979875999939, 0.0 ], [ 112.303204887000106, -8.339043453999977, 0.0 ], [ 112.303107842000031, -8.339018600999964, 0.0 ], [ 112.303092878000029, -8.339014768999959, 0.0 ], [ 112.302986943000064, -8.338997405999976, 0.0 ], [ 112.302854875000094, -8.339036887999953, 0.0 ], [ 112.302702485000054, -8.339098047999926, 0.0 ], [ 112.302617833000113, -8.339086951999946, 0.0 ], [ 112.302650738000011, -8.339022880999948, 0.0 ], [ 112.302765117000035, -8.338958975999958, 0.0 ], [ 112.303005579000114, -8.338926828999945, 0.0 ], [ 112.303073360000099, -8.338906564999945, 0.0 ], [ 112.303137647000085, -8.338887345999979, 0.0 ], [ 112.303172199000073, -8.338823412999943, 0.0 ], [ 112.303183859000114, -8.338801836999949, 0.0 ], [ 112.303210473000036, -8.338758963999965, 0.0 ], [ 112.303280133000044, -8.338742594999928, 0.0 ], [ 112.30339260300002, -8.338745745999972, 0.0 ], [ 112.30346298500001, -8.338750336999965, 0.0 ], [ 112.303504270000076, -8.33882308799997, 0.0 ], [ 112.303441906000103, -8.338953885999956, 0.0 ], [ 112.303296838000051, -8.338979607999931, 0.0 ], [ 112.303295329000093, -8.338979875999939, 0.0 ] ] ] ] } },
{ "type": "Feature", "properties": { "OBJECTID": 116247.0, "KDPPUM": "35", "NAMOBJ": "Tugurejo", "REMARK": null, "KDPBPS": null, "FCODE": "BA03070040", "LUASWH": 18.98998197, "UUPP": "Hasil Delineasi Batas Desa 2019", "SRS_ID": "SRGI 2013", "METADATA": "TASWIL1000020200326DATA_BATAS_DESA_KELURAHAN", "KDEBPS": null, "KDEPUM": "35.05.20.2008", "KDCBPS": null, "KDCPUM": "35.05.20", "KDBBPS": null, "WADMKD": "Tugurejo", "WIADKD": null, "WADMKC": "Wates", "WIADKC": null, "WADMKK": "Blitar", "WIADKK": null, "WADMPR": "Jawa Timur", "WIADPR": null, "TIPADM": 1.0, "KDPKAB": "35.05", "SHAPE_Leng": 0.24326755934415401, "SHAPE_Area": 0.00155909451855 }, "geometry": { "type": "MultiPolygon", "coordinates": [ [ [ [ 112.384414631000027, -8.280388692999963, 0.0 ], [ 112.384582462000026, -8.281090605999964, 0.0 ], [ 112.384643516000096, -8.281308029999934, 0.0 ], [ 112.384719803000053, -8.281738162999943, 0.0 ], [ 112.384773215000109, -8.28204524399996, 0.0 ], [ 112.384818988, -8.282424792999961, 0.0 ], [ 112.384887633000062, -8.282865395999977, 0.0 ], [ 112.384979202000068, -8.28320396099997, 0.0 ], [ 112.38499445900004, -8.283619754999961, 0.0 ], [ 112.385009718000106, -8.284143318999952, 0.0 ], [ 112.385063131000038, -8.28505598199996, 0.0 ], [ 112.385017359000017, -8.285427913999968, 0.0 ], [ 112.38495630500006, -8.285862810999959, 0.0 ], [ 112.384803731000034, -8.286189889999946, 0.0 ], [ 112.384658749000096, -8.28660856099998, 0.0 ], [ 112.384605360000023, -8.286951888999965, 0.0 ], [ 112.384628234000047, -8.287267553999925, 0.0 ], [ 112.384628234000047, -8.287299036999968, 0.0 ], [ 112.384666389000017, -8.287563175999935, 0.0 ], [ 112.384643516000096, -8.287729121999973, 0.0 ], [ 112.384574846000078, -8.288287043999958, 0.0 ], [ 112.384521433000032, -8.288809640999943, 0.0 ], [ 112.384483277000072, -8.28910149, 0.0 ], [ 112.384368859, -8.289373268999952, 0.0 ], [ 112.384254392000116, -8.289540156999976, 0.0 ], [ 112.383964501000037, -8.289755695999929, 0.0 ], [ 112.383552503000033, -8.289968356999964, 0.0 ], [ 112.383460935000016, -8.290003658999979, 0.0 ], [ 112.383140529000116, -8.290310740999928, 0.0 ], [ 112.382942159000095, -8.290561532999959, 0.0 ], [ 112.382858231000114, -8.290757993999932, 0.0 ], [ 112.382812434000016, -8.291100377999953, 0.0 ], [ 112.382560675000036, -8.29333100499997, 0.0 ], [ 112.382583550000049, -8.293630470999972, 0.0 ], [ 112.382583550000049, -8.293693410999936, 0.0 ], [ 112.382636963000095, -8.293884163999962, 0.0 ], [ 112.382690400000115, -8.294196009999951, 0.0 ], [ 112.382667501000014, -8.294542190999948, 0.0 ], [ 112.382598831000109, -8.294952254999941, 0.0 ], [ 112.382728531000112, -8.295390003999955, 0.0 ], [ 112.382766687000071, -8.295611248999933, 0.0 ], [ 112.382690400000115, -8.295908803999964, 0.0 ], [ 112.38256831700005, -8.296067108999978, 0.0 ], [ 112.381828248000033, -8.296962604999976, 0.0 ], [ 112.381706189000056, -8.29728400099998, 0.0 ], [ 112.381721446000029, -8.297485223999956, 0.0 ], [ 112.381790117000037, -8.297842866999929, 0.0 ], [ 112.381851145000041, -8.298097477999931, 0.0 ], [ 112.381797733000099, -8.298404561999973, 0.0 ], [ 112.38172906200009, -8.298733597999956, 0.0 ], [ 112.381614644000024, -8.299046387999965, 0.0 ], [ 112.381469687000049, -8.299236174999976, 0.0 ], [ 112.381294215000025, -8.299343000999954, 0.0 ], [ 112.381156874000112, -8.299486022999929, 0.0 ], [ 112.38102717400011, -8.299715875999937, 0.0 ], [ 112.381019558000048, -8.299925682999969, 0.0 ], [ 112.380973761000064, -8.300153600999977, 0.0 ], [ 112.380905091000045, -8.300166003999948, 0.0 ], [ 112.380607560000044, -8.300110681999968, 0.0 ], [ 112.380355776000101, -8.300101155999926, 0.0 ], [ 112.38009640100006, -8.300201283999968, 0.0 ], [ 112.379959060000033, -8.300349093999955, 0.0 ], [ 112.379806462000033, -8.300612314999967, 0.0 ], [ 112.379730174000088, -8.300909869999941, 0.0 ], [ 112.379440260000024, -8.302052361999927, 0.0 ], [ 112.379478391000021, -8.302315581999949, 0.0 ], [ 112.379569960000026, -8.302597879999951, 0.0 ], [ 112.379760688000033, -8.303221571999927, 0.0 ], [ 112.379768330000047, -8.303264490999936, 0.0 ], [ 112.379821742000104, -8.303555347999975, 0.0 ], [ 112.379920904000073, -8.303751808999948, 0.0 ], [ 112.380279488000042, -8.304304000999934, 0.0 ], [ 112.380294747000107, -8.304324020999957, 0.0 ], [ 112.380668589000038, -8.304618698999946, 0.0 ], [ 112.380676230000063, -8.305084110999928, 0.0 ], [ 112.380683847000114, -8.305378788999974, 0.0 ], [ 112.380638050000016, -8.3055990899999, 0.0 ], [ 112.38056176300006, -8.305805076999945, 0.0 ], [ 112.380470243000104, -8.305955740999934, 0.0 ], [ 112.380294747000107, -8.306229454999936, 0.0 ], [ 112.380104017, -8.306362007999951, 0.0 ], [ 112.379905647000101, -8.306507932999978, 0.0 ], [ 112.379310560000022, -8.306700572999944, 0.0 ], [ 112.378799400000048, -8.30668437199995, 0.0 ], [ 112.378738371000054, -8.306605207999951, 0.0 ], [ 112.3786391860001, -8.306512720999933, 0.0 ], [ 112.378540001000033, -8.306395400999975, 0.0 ], [ 112.378410277000057, -8.306246622999936, 0.0 ], [ 112.378333990000101, -8.306154111999945, 0.0 ], [ 112.378265343000066, -8.306004390999931, 0.0 ], [ 112.378059332000021, -8.305625784999961, 0.0 ], [ 112.377365085000065, -8.305277717999957, 0.0 ], [ 112.377212462000102, -8.305313938999973, 0.0 ], [ 112.37712091700007, -8.30534733099995, 0.0 ], [ 112.376693685000077, -8.305514194999944, 0.0 ], [ 112.376449544000025, -8.305660118999981, 0.0 ], [ 112.376327461000074, -8.305746900999964, 0.0 ], [ 112.376182503000109, -8.305806020999967, 0.0 ], [ 112.376083317000052, -8.305893768999965, 0.0 ], [ 112.375938361000067, -8.306003447999956, 0.0 ], [ 112.375831558000073, -8.306113101999927, 0.0 ], [ 112.375656063000065, -8.306518427999947, 0.0 ], [ 112.375465356000063, -8.307970853999961, 0.0 ], [ 112.375244089000034, -8.308343753999964, 0.0 ], [ 112.374999945000013, -8.308546886999977, 0.0 ], [ 112.373634276000075, -8.308859699999971, 0.0 ], [ 112.373168913000086, -8.309101932999965, 0.0 ], [ 112.37239833000001, -8.309749489999945, 0.0 ], [ 112.372283888000084, -8.309951656999942, 0.0 ], [ 112.372055002000025, -8.310226313999976, 0.0 ], [ 112.371360730000106, -8.310912968999958, 0.0 ], [ 112.371139486000061, -8.311400287999959, 0.0 ], [ 112.371208132000106, -8.311637755999925, 0.0 ], [ 112.371238647000041, -8.311787476999939, 0.0 ], [ 112.371238647000041, -8.31216320599998, 0.0 ], [ 112.371032660000083, -8.312510352999936, 0.0 ], [ 112.370803774000024, -8.312757373999943, 0.0 ], [ 112.370750386000054, -8.31290136399997, 0.0 ], [ 112.370765643000027, -8.313075893999951, 0.0 ], [ 112.370834289000072, -8.313238018999925, 0.0 ], [ 112.370864829000084, -8.313400143999957, 0.0 ], [ 112.370811416000038, -8.313568941999961, 0.0 ], [ 112.370689356000071, -8.31379971299998, 0.0 ], [ 112.370445214000028, -8.314208857999972, 0.0 ], [ 112.370384160000071, -8.314613215999941, 0.0 ], [ 112.370399418000034, -8.315475317999926, 0.0 ], [ 112.370407057000079, -8.315574503999926, 0.0 ], [ 112.370498603000101, -8.316607364999982, 0.0 ], [ 112.370368927000072, -8.316758971999946, 0.0 ], [ 112.370147658000064, -8.316885817999946, 0.0 ], [ 112.370109502000105, -8.316957341999967, 0.0 ], [ 112.370002701000089, -8.317162384999961, 0.0 ], [ 112.369956904000105, -8.317407471999957, 0.0 ], [ 112.369972186000041, -8.317548631999955, 0.0 ], [ 112.370017958000062, -8.317711700999951, 0.0 ], [ 112.370132401000092, -8.318263868999964, 0.0 ], [ 112.370124759000078, -8.31835734699996, 0.0 ], [ 112.370071371000108, -8.318679685999939, 0.0 ], [ 112.370056090000048, -8.31890475199998, 0.0 ], [ 112.370132401000092, -8.319385395999973, 0.0 ], [ 112.37020107, -8.319608550999931, 0.0 ], [ 112.370353645000023, -8.320119709999972, 0.0 ], [ 112.370353645000023, -8.320276127999932, 0.0 ], [ 112.370292616000029, -8.32073868599997, 0.0 ], [ 112.370231586000045, -8.321055294999951, 0.0 ], [ 112.370140042000116, -8.321437697999954, 0.0 ], [ 112.370033216000024, -8.321903107999958, 0.0 ], [ 112.369987418000051, -8.322252142999957, 0.0 ], [ 112.369995083000049, -8.322429524999961, 0.0 ], [ 112.370040857000049, -8.32281480499995, 0.0 ], [ 112.370094244000029, -8.323061824999968, 0.0 ], [ 112.370109502000105, -8.323225835999949, 0.0 ], [ 112.370094244000029, -8.323683605999975, 0.0 ], [ 112.370048473000111, -8.323767532999966, 0.0 ], [ 112.36985010300009, -8.324000214999955, 0.0 ], [ 112.369720427000061, -8.324075557999947, 0.0 ], [ 112.369514416000015, -8.324148049999962, 0.0 ], [ 112.369186346000106, -8.324256784999932, 0.0 ], [ 112.368675187, -8.32457339399997, 0.0 ], [ 112.368606516000114, -8.32463633499998, 0.0 ], [ 112.367942759000016, -8.325138934999927, 0.0 ], [ 112.366989087000093, -8.325569986999938, 0.0 ], [ 112.36644741300006, -8.32592187399996, 0.0 ], [ 112.366401616000076, -8.326189856999974, 0.0 ], [ 112.366302432000111, -8.326610439999968, 0.0 ], [ 112.366195629000117, -8.326859345999935, 0.0 ], [ 112.365859919000059, -8.327138764999972, 0.0 ], [ 112.365364016000058, -8.327549796999961, 0.0 ], [ 112.364692643000012, -8.328044779999971, 0.0 ], [ 112.364379830000075, -8.328329906999954, 0.0 ], [ 112.364295927000057, -8.328487268999936, 0.0 ], [ 112.364219615000025, -8.328885894999928, 0.0 ], [ 112.364150945, -8.329337958999929, 0.0 ], [ 112.363929701000075, -8.330157167999971, 0.0 ], [ 112.363761845000113, -8.330661629999952, 0.0 ], [ 112.363525343000106, -8.331082235999929, 0.0 ], [ 112.363380385000028, -8.331429359999959, 0.0 ], [ 112.36335748800002, -8.331807022999953, 0.0 ], [ 112.36343377500009, -8.331995817999939, 0.0 ], [ 112.363929701000075, -8.332382088999964, 0.0 ], [ 112.364005988000031, -8.332539424999936, 0.0 ], [ 112.363937317000023, -8.332739706999973, 0.0 ], [ 112.36343377500009, -8.333203182999966, 0.0 ], [ 112.363014160000034, -8.333676210999954, 0.0 ], [ 112.362976029000038, -8.333907949999968, 0.0 ], [ 112.362998927000035, -8.334663275999958, 0.0 ], [ 112.362960746000113, -8.33531368499996, 0.0 ], [ 112.362853945000097, -8.335608338999975, 0.0 ], [ 112.362464870000053, -8.336281646999964, 0.0 ], [ 112.362380918000099, -8.336397033999958, 0.0 ], [ 112.362281756000016, -8.337048410999955, 0.0 ], [ 112.362152057000117, -8.337605341999961, 0.0 ], [ 112.362136775000067, -8.337857124999971, 0.0 ], [ 112.362152057000117, -8.338003992999973, 0.0 ], [ 112.362327528000037, -8.338254808999977, 0.0 ], [ 112.362762401000055, -8.338904251999963, 0.0 ], [ 112.363037058000032, -8.339438332999976, 0.0 ], [ 112.363067597000054, -8.339890348999973, 0.0 ], [ 112.362884460000032, -8.340468291999969, 0.0 ], [ 112.362327528000037, -8.34159267299998, 0.0 ], [ 112.362075769000057, -8.342275506999954, 0.0 ], [ 112.361953686000106, -8.34297930699995, 0.0 ], [ 112.361823985000115, -8.343809009999973, 0.0 ], [ 112.361640898000019, -8.344365940999978, 0.0 ], [ 112.361419629000011, -8.344681606999927, 0.0 ], [ 112.361000014000069, -8.345155577999947, 0.0 ], [ 112.3608398, -8.345618134999938, 0.0 ], [ 112.360824542000046, -8.34633148599994, 0.0 ], [ 112.360794027000111, -8.346667148999927, 0.0 ], [ 112.360649070000022, -8.346961850999946, 0.0 ], [ 112.360130270000013, -8.347467302999974, 0.0 ], [ 112.35962672800008, -8.347899298999948, 0.0 ], [ 112.359524443000055, -8.347983857999964, 0.0 ], [ 112.359398910000095, -8.348087634999956, 0.0 ], [ 112.359316751000051, -8.34806387499998, 0.0 ], [ 112.359164977000091, -8.348018121999928, 0.0 ], [ 112.359057800000073, -8.347985811999934, 0.0 ], [ 112.3588199940001, -8.347907637999981, 0.0 ], [ 112.358664872000077, -8.347844689999931, 0.0 ], [ 112.358321400000023, -8.34767282599995, 0.0 ], [ 112.358270756000024, -8.347648514999946, 0.0 ], [ 112.358184139000059, -8.3476105299999, 0.0 ], [ 112.358145433000118, -8.347605845999965, 0.0 ], [ 112.358080614000073, -8.347618804999968, 0.0 ], [ 112.358053246000054, -8.347631246999981, 0.0 ], [ 112.357984481000017, -8.347674379999944, 0.0 ], [ 112.357969225000033, -8.347685972999955, 0.0 ], [ 112.357916780000096, -8.347736681999947, 0.0 ], [ 112.357801825000024, -8.347860036999975, 0.0 ], [ 112.357457226000065, -8.348240942999951, 0.0 ], [ 112.357351313000095, -8.348358014999974, 0.0 ], [ 112.357348730000012, -8.348360585999956, 0.0 ], [ 112.357291754000016, -8.348417301999973, 0.0 ], [ 112.357256244000041, -8.348442561999946, 0.0 ], [ 112.357182680000051, -8.348482588999957, 0.0 ], [ 112.357121617000075, -8.348505027999977, 0.0 ], [ 112.357074852000096, -8.348517552999965, 0.0 ], [ 112.357064249000018, -8.348520392999944, 0.0 ], [ 112.357030212000041, -8.348527056999956, 0.0 ], [ 112.356934749000061, -8.348538621999978, 0.0 ], [ 112.356420527000068, -8.348570588999962, 0.0 ], [ 112.3563935090001, -8.348570681999945, 0.0 ], [ 112.356299833000094, -8.348575787999948, 0.0 ], [ 112.356239782000102, -8.348578385999929, 0.0 ], [ 112.356191730000091, -8.348577353999929, 0.0 ], [ 112.35615262500005, -8.348573603999967, 0.0 ], [ 112.356133538000108, -8.348570332999941, 0.0 ], [ 112.356097748000025, -8.348560543999952, 0.0 ], [ 112.35604499100009, -8.348542024999972, 0.0 ], [ 112.356010858000104, -8.348538126999927, 0.0 ], [ 112.355994404000057, -8.348538752999957, 0.0 ], [ 112.355970795000076, -8.348543063999955, 0.0 ], [ 112.355946153000104, -8.348551308999959, 0.0 ], [ 112.355862975000036, -8.348595703999933, 0.0 ], [ 112.355832246000091, -8.348609808999981, 0.0 ], [ 112.355812904000118, -8.348615880999944, 0.0 ], [ 112.355780275000029, -8.348621467999976, 0.0 ], [ 112.355746307000118, -8.348624724999979, 0.0 ], [ 112.355414988, -8.348627481999927, 0.0 ], [ 112.355200554000021, -8.348623871999962, 0.0 ], [ 112.355109920000018, -8.348618484999974, 0.0 ], [ 112.35504930500008, -8.348611575999939, 0.0 ], [ 112.354962348000072, -8.348599909999962, 0.0 ], [ 112.354911994000076, -8.348595522999972, 0.0 ], [ 112.354885950000039, -8.348596909999969, 0.0 ], [ 112.35485750600003, -8.348601898999959, 0.0 ], [ 112.354847131000042, -8.348604687999966, 0.0 ], [ 112.354826002000095, -8.348612788999958, 0.0 ], [ 112.354811296000094, -8.348619053999926, 0.0 ], [ 112.354775328000073, -8.348638517999973, 0.0 ], [ 112.354736369000079, -8.348662160999936, 0.0 ], [ 112.354711897000016, -8.34867898899995, 0.0 ], [ 112.354661245000102, -8.348716424999964, 0.0 ], [ 112.354583517000037, -8.348778448999951, 0.0 ], [ 112.354547319000062, -8.348810765999929, 0.0 ], [ 112.35450795600002, -8.348850881999965, 0.0 ], [ 112.354494912000064, -8.348866836999946, 0.0 ], [ 112.354471628000056, -8.348894996999945, 0.0 ], [ 112.354469428000016, -8.348897658999931, 0.0 ], [ 112.354454360000091, -8.348918961999971, 0.0 ], [ 112.35443552400011, -8.348947041999963, 0.0 ], [ 112.354404115000079, -8.348997188999931, 0.0 ], [ 112.354399079000018, -8.349005462999969, 0.0 ], [ 112.354358803000082, -8.34906007099994, 0.0 ], [ 112.354334345000098, -8.349086176999947, 0.0 ], [ 112.354307431000052, -8.349104391999958, 0.0 ], [ 112.354280016000075, -8.34911914099996, 0.0 ], [ 112.354267313000037, -8.349124863999975, 0.0 ], [ 112.354229671000098, -8.349137117999931, 0.0 ], [ 112.354188809000107, -8.349145014999976, 0.0 ], [ 112.354172366000057, -8.349147048999953, 0.0 ], [ 112.354146390000096, -8.349148015999958, 0.0 ], [ 112.354114312000092, -8.349144290999959, 0.0 ], [ 112.354087071000095, -8.349137192999933, 0.0 ], [ 112.354072475000066, -8.34913079699993, 0.0 ], [ 112.354055638000091, -8.349120375999973, 0.0 ], [ 112.354030769000019, -8.349101781999934, 0.0 ], [ 112.354017122000073, -8.349089548999928, 0.0 ], [ 112.353995214000065, -8.349057462999951, 0.0 ], [ 112.353977274000044, -8.349021517999972, 0.0 ], [ 112.35397368800011, -8.34901313599994, 0.0 ], [ 112.3539582410001, -8.348961960999929, 0.0 ], [ 112.353953663000084, -8.348946790999946, 0.0 ], [ 112.353926741, -8.348849266999935, 0.0 ], [ 112.353923745000088, -8.348838225999941, 0.0 ], [ 112.353919100000098, -8.34882539299997, 0.0 ], [ 112.353913107000039, -8.348812267999961, 0.0 ], [ 112.353906207000023, -8.348798907999935, 0.0 ], [ 112.353898058000027, -8.348787000999948, 0.0 ], [ 112.353874124000072, -8.348755744999949, 0.0 ], [ 112.353857002000041, -8.348737598999946, 0.0 ], [ 112.35382755, -8.348714221999955, 0.0 ], [ 112.353798782000013, -8.348698433999971, 0.0 ], [ 112.353751192, -8.348675470999979, 0.0 ], [ 112.353692066, -8.348650005999957, 0.0 ], [ 112.353643703000103, -8.348629821999964, 0.0 ], [ 112.353599770000073, -8.348613271999966, 0.0 ], [ 112.353589428000078, -8.348610144999952, 0.0 ], [ 112.353574821000052, -8.348606598999936, 0.0 ], [ 112.353538228000048, -8.348607777999973, 0.0 ], [ 112.353465638000102, -8.348618038999973, 0.0 ], [ 112.353434537000112, -8.34862170599996, 0.0 ], [ 112.353419771000063, -8.348622162999959, 0.0 ], [ 112.353404395000098, -8.348620126999947, 0.0 ], [ 112.35338377100004, -8.348614009999949, 0.0 ], [ 112.353371988000049, -8.348607867999931, 0.0 ], [ 112.353078098000083, -8.348424293999926, 0.0 ], [ 112.35302343, -8.348391287999959, 0.0 ], [ 112.352962908000109, -8.348365347999959, 0.0 ], [ 112.352926226000022, -8.348357912999973, 0.0 ], [ 112.352868696000087, -8.348351058999981, 0.0 ], [ 112.352845458000047, -8.34834955599996, 0.0 ], [ 112.352811193000093, -8.34834955499997, 0.0 ], [ 112.352722850000077, -8.34836026499994, 0.0 ], [ 112.352685698000073, -8.348369174999959, 0.0 ], [ 112.352633636000064, -8.348387035999963, 0.0 ], [ 112.352583981000066, -8.348412436999979, 0.0 ], [ 112.35256052200009, -8.348426957999948, 0.0 ], [ 112.352495063000106, -8.348474216999932, 0.0 ], [ 112.352174453000089, -8.348743283999966, 0.0 ], [ 112.352072370000087, -8.348838076999925, 0.0 ], [ 112.35196299800009, -8.348928480999973, 0.0 ], [ 112.351926093000088, -8.348955100999945, 0.0 ], [ 112.351851346000103, -8.349004960999935, 0.0 ], [ 112.351798986000063, -8.349035670999967, 0.0 ], [ 112.351761673000055, -8.349057762999962, 0.0 ], [ 112.351700539000035, -8.349100344999954, 0.0 ], [ 112.351682073, -8.349114750999945, 0.0 ], [ 112.351647996000111, -8.349148921999927, 0.0 ], [ 112.351606280000055, -8.349199234999958, 0.0 ], [ 112.351548739, -8.349275589999934, 0.0 ], [ 112.351508101000036, -8.349318292999953, 0.0 ], [ 112.35128915100006, -8.34949740199994, 0.0 ], [ 112.3512349, -8.349542902999929, 0.0 ], [ 112.351201705000108, -8.349584651999976, 0.0 ], [ 112.351178689000108, -8.349615317999962, 0.0 ], [ 112.351160831000016, -8.349642882999945, 0.0 ], [ 112.351151669000046, -8.349659917999929, 0.0 ], [ 112.351137436000045, -8.349694137999961, 0.0 ], [ 112.351130247000015, -8.349715049999929, 0.0 ], [ 112.351110808000044, -8.349789174999955, 0.0 ], [ 112.351098706000016, -8.34982759899998, 0.0 ], [ 112.351091700000097, -8.349842423999974, 0.0 ], [ 112.351083893, -8.349854601999937, 0.0 ], [ 112.351072611000063, -8.349864533999948, 0.0 ], [ 112.35106273100007, -8.34987092199998, 0.0 ], [ 112.351048775000095, -8.349878303999958, 0.0 ], [ 112.350959771000021, -8.349914143999968, 0.0 ], [ 112.350931696000089, -8.34992383499997, 0.0 ], [ 112.350893015000111, -8.349939166999945, 0.0 ], [ 112.350857873000109, -8.349956910999936, 0.0 ], [ 112.350837622000086, -8.349968448999959, 0.0 ], [ 112.350828490000026, -8.349974245999931, 0.0 ], [ 112.350798950000012, -8.349995433999936, 0.0 ], [ 112.350774148000028, -8.350015904999964, 0.0 ], [ 112.350749355000062, -8.35003822799996, 0.0 ], [ 112.350722559000019, -8.35006552599998, 0.0 ], [ 112.350540749000061, -8.350345491999974, 0.0 ], [ 112.350454116000037, -8.35047889599997, 0.0 ], [ 112.350376914000094, -8.350587147999931, 0.0 ], [ 112.35029192200011, -8.350706015999947, 0.0 ], [ 112.350260113000104, -8.350752541999952, 0.0 ], [ 112.35025818500003, -8.350760256999934, 0.0 ], [ 112.350245336000057, -8.350791664999974, 0.0 ], [ 112.350233915000103, -8.350823075999926, 0.0 ], [ 112.350222493000047, -8.350855912999975, 0.0 ], [ 112.350211072000093, -8.350890174999961, 0.0 ], [ 112.350202506000073, -8.35092158499998, 0.0 ], [ 112.350200715000028, -8.350928748999934, 0.0 ], [ 112.350196795000102, -8.350944427999934, 0.0 ], [ 112.350188229000082, -8.350972980999927, 0.0 ], [ 112.350156820000052, -8.351015811999957, 0.0 ], [ 112.350141116000032, -8.351061496999932, 0.0 ], [ 112.350132549000023, -8.351088621999963, 0.0 ], [ 112.350118273000021, -8.351124314999936, 0.0 ], [ 112.350106851000078, -8.351147157999947, 0.0 ], [ 112.350099712000087, -8.351168573999928, 0.0 ], [ 112.350081153000019, -8.351205691999951, 0.0 ], [ 112.350056882000104, -8.351241383999934, 0.0 ], [ 112.350024045000055, -8.351267082999925, 0.0 ], [ 112.349972650000041, -8.351277074999928, 0.0 ], [ 112.349947135000093, -8.35127036199998, 0.0 ], [ 112.349945524000077, -8.351269936999927, 0.0 ], [ 112.349938385000087, -8.351241383999934, 0.0 ], [ 112.34994124100001, -8.351221396999961, 0.0 ], [ 112.349952661000088, -8.35119855399995, 0.0 ], [ 112.349971222000022, -8.351164289999929, 0.0 ], [ 112.349986927000032, -8.351134309999964, 0.0 ], [ 112.350008342000024, -8.351102899999944, 0.0 ], [ 112.350038322000046, -8.351070063999941, 0.0 ], [ 112.350038323000035, -8.35104864799996, 0.0 ], [ 112.350036895000017, -8.351038652999932, 0.0 ], [ 112.350028329000111, -8.351030088999948, 0.0 ], [ 112.349991210000098, -8.351015811999957, 0.0 ], [ 112.349959801000068, -8.351010100999929, 0.0 ], [ 112.349918398000113, -8.351008673999956, 0.0 ], [ 112.349876995000045, -8.351012955999977, 0.0 ], [ 112.349864701000115, -8.351009443999942, 0.0 ], [ 112.349859611000056, -8.351006886999926, 0.0 ], [ 112.349841147, -8.350999455999954, 0.0 ], [ 112.349828842000079, -8.350995734999969, 0.0 ], [ 112.34980155900007, -8.350990736999961, 0.0 ], [ 112.349775169000054, -8.350988048999966, 0.0 ], [ 112.349759850000055, -8.350989518999938, 0.0 ], [ 112.349743155000056, -8.350992580999957, 0.0 ], [ 112.349724762000051, -8.351000187999944, 0.0 ], [ 112.349710809000044, -8.351008862999947, 0.0 ], [ 112.349270858000068, -8.351354640999944, 0.0 ], [ 112.34920059600006, -8.351409405999959, 0.0 ], [ 112.349179219, -8.351420220999955, 0.0 ], [ 112.349134505000052, -8.351442838999958, 0.0 ], [ 112.349055010000029, -8.351465815999973, 0.0 ], [ 112.349031235000098, -8.351470077999977, 0.0 ], [ 112.348968494000019, -8.351480104999951, 0.0 ], [ 112.348959575000094, -8.351480844999969, 0.0 ], [ 112.348930663000033, -8.351481363999937, 0.0 ], [ 112.348916774000031, -8.351480416999948, 0.0 ], [ 112.348903055000051, -8.351478011999973, 0.0 ], [ 112.348870766, -8.351470402999951, 0.0 ], [ 112.348848657000076, -8.351461496999946, 0.0 ], [ 112.348836554000059, -8.351454798999953, 0.0 ], [ 112.348819675000072, -8.35144351699995, 0.0 ], [ 112.348800389000075, -8.351425885999959, 0.0 ], [ 112.348795738000035, -8.351416793999931, 0.0 ], [ 112.348791593000101, -8.351403604999973, 0.0 ], [ 112.348783123000089, -8.35136111099996, 0.0 ], [ 112.348763231000021, -8.351193020999972, 0.0 ], [ 112.348759560000076, -8.351170531999969, 0.0 ], [ 112.348756339000033, -8.351159100999951, 0.0 ], [ 112.348752105000017, -8.351147465999929, 0.0 ], [ 112.348747366000111, -8.351137643999948, 0.0 ], [ 112.348738612000034, -8.351121751999926, 0.0 ], [ 112.348728122000011, -8.351106257999959, 0.0 ], [ 112.348693515000036, -8.351062567999975, 0.0 ], [ 112.348645999000041, -8.350998091999941, 0.0 ], [ 112.348637537000059, -8.350984953999955, 0.0 ], [ 112.348631515000079, -8.350974170999962, 0.0 ], [ 112.348625742000081, -8.350959167999974, 0.0 ], [ 112.348624183000084, -8.350951559999942, 0.0 ], [ 112.34862294200002, -8.350940678999962, 0.0 ], [ 112.348616511000046, -8.350848618999976, 0.0 ], [ 112.348614566000037, -8.350835109999935, 0.0 ], [ 112.348609183, -8.35081517499998, 0.0 ], [ 112.34860509300006, -8.350806876999968, 0.0 ], [ 112.348597716000086, -8.350798033999979, 0.0 ], [ 112.348563360000071, -8.350771050999981, 0.0 ], [ 112.34852033300001, -8.350739849999968, 0.0 ], [ 112.348501755000029, -8.350728970999967, 0.0 ], [ 112.348473806000015, -8.350716593999948, 0.0 ], [ 112.348432316000071, -8.350704280999935, 0.0 ], [ 112.348395449, -8.35069505499996, 0.0 ], [ 112.34836219500005, -8.350685531999943, 0.0 ], [ 112.3483361750001, -8.350676399999941, 0.0 ], [ 112.348298223000029, -8.350659621999966, 0.0 ], [ 112.348276034000037, -8.35064794799996, 0.0 ], [ 112.348244170000044, -8.350626740999928, 0.0 ], [ 112.348216618000038, -8.350605898999959, 0.0 ], [ 112.348198301000025, -8.350590283999964, 0.0 ], [ 112.348188462000053, -8.350578739999946, 0.0 ], [ 112.348182379000036, -8.350568603999932, 0.0 ], [ 112.34817784400002, -8.350554435999982, 0.0 ], [ 112.348171762000106, -8.350522402999957, 0.0 ], [ 112.34815861900006, -8.350434589999963, 0.0 ], [ 112.348157103000062, -8.350427086999957, 0.0 ], [ 112.348151561, -8.350402849999966, 0.0 ], [ 112.348146880000058, -8.350392565999925, 0.0 ], [ 112.348138034000044, -8.350381881999965, 0.0 ], [ 112.348120853000069, -8.35037082599996, 0.0 ], [ 112.348104026000101, -8.350361751999969, 0.0 ], [ 112.348085445000038, -8.35035391699995, 0.0 ], [ 112.348047404000113, -8.350348333999932, 0.0 ], [ 112.348029243000042, -8.350348395999958, 0.0 ], [ 112.347964222000087, -8.350354739999943, 0.0 ], [ 112.347873536000066, -8.350369318999981, 0.0 ], [ 112.347814068000048, -8.350372096999934, 0.0 ], [ 112.347796186000096, -8.350369613999931, 0.0 ], [ 112.347769469000013, -8.350359345999948, 0.0 ], [ 112.347725522000019, -8.350332201999947, 0.0 ], [ 112.347667787000091, -8.350290065999957, 0.0 ], [ 112.347640225000077, -8.350276320999967, 0.0 ], [ 112.347605693000105, -8.35026256499998, 0.0 ], [ 112.34755981100011, -8.350251882999942, 0.0 ], [ 112.347491396, -8.35024005899993, 0.0 ], [ 112.347249939000108, -8.350203711999939, 0.0 ], [ 112.347176942000033, -8.350192723999953, 0.0 ], [ 112.347027933000049, -8.350170291999973, 0.0 ], [ 112.346858651000048, -8.350133825999933, 0.0 ], [ 112.346739202000094, -8.350094361999936, 0.0 ], [ 112.346653509000021, -8.350048535999974, 0.0 ], [ 112.346607566000102, -8.350023965999981, 0.0 ], [ 112.346576822000088, -8.350001730999963, 0.0 ], [ 112.346442129000025, -8.349891059999948, 0.0 ], [ 112.346414511000035, -8.349860630999956, 0.0 ], [ 112.346394690000011, -8.349825850999935, 0.0 ], [ 112.346390339000095, -8.349783554999931, 0.0 ], [ 112.346407704000057, -8.34970724599998, 0.0 ], [ 112.346428820000028, -8.349656482999933, 0.0 ], [ 112.346471518000044, -8.349596875999964, 0.0 ], [ 112.346487391000096, -8.349583351999968, 0.0 ], [ 112.346494229000086, -8.349577737999937, 0.0 ], [ 112.346505187000048, -8.34957017399995, 0.0 ], [ 112.346529044000022, -8.349556241999949, 0.0 ], [ 112.346547931000032, -8.349546923999981, 0.0 ], [ 112.346564970000031, -8.349541377999969, 0.0 ], [ 112.346587732000103, -8.349535919999937, 0.0 ], [ 112.34662022100008, -8.349532354999951, 0.0 ], [ 112.346689446000028, -8.349531677999948, 0.0 ], [ 112.346700980000037, -8.349531487999968, 0.0 ], [ 112.34671512500006, -8.349529315999973, 0.0 ], [ 112.3467241620001, -8.349525252999968, 0.0 ], [ 112.346753941000088, -8.349478677999969, 0.0 ], [ 112.346761070000071, -8.349463785999944, 0.0 ], [ 112.346765357000095, -8.349437222999939, 0.0 ], [ 112.346765591, -8.34942149799997, 0.0 ], [ 112.346764625000105, -8.349410076999959, 0.0 ], [ 112.34675650600002, -8.349362169999949, 0.0 ], [ 112.346739273000026, -8.349287207999964, 0.0 ], [ 112.346736430000078, -8.349273201999949, 0.0 ], [ 112.346735164000052, -8.349261311999953, 0.0 ], [ 112.346736309000107, -8.349221890999956, 0.0 ], [ 112.346741181000084, -8.349203003999946, 0.0 ], [ 112.346748143000013, -8.349187140999959, 0.0 ], [ 112.34677014500005, -8.349144698999964, 0.0 ], [ 112.346785584000031, -8.349117732999957, 0.0 ], [ 112.346815567000021, -8.349057771999981, 0.0 ], [ 112.346820249000075, -8.349045425999975, 0.0 ], [ 112.346825621000107, -8.349022501999968, 0.0 ], [ 112.346830478000015, -8.348929317999932, 0.0 ], [ 112.346828705, -8.348893146999956, 0.0 ], [ 112.346821514000112, -8.34881863499993, 0.0 ], [ 112.346820263000041, -8.348799218999943, 0.0 ], [ 112.34681721700008, -8.348781950999978, 0.0 ], [ 112.346809918000076, -8.348751513999957, 0.0 ], [ 112.346803703000091, -8.348736005999967, 0.0 ], [ 112.34679772000004, -8.348725834999925, 0.0 ], [ 112.346784039000113, -8.348712153999941, 0.0 ], [ 112.346767354, -8.348701314999971, 0.0 ], [ 112.346738284000025, -8.348686975999954, 0.0 ], [ 112.346716692000086, -8.348679053999945, 0.0 ], [ 112.346562234000089, -8.348634881999942, 0.0 ], [ 112.346550326000056, -8.348627788999977, 0.0 ], [ 112.346542364000015, -8.348621331999937, 0.0 ], [ 112.346536503000038, -8.348613839999928, 0.0 ], [ 112.34652152700005, -8.348590462999937, 0.0 ], [ 112.346505696, -8.348558010999966, 0.0 ], [ 112.346490963000065, -8.348527807999972, 0.0 ], [ 112.346482115000072, -8.348503884999957, 0.0 ], [ 112.346478378000029, -8.348486071999957, 0.0 ], [ 112.346477917000016, -8.348472020999964, 0.0 ], [ 112.346482442000024, -8.348436729999946, 0.0 ], [ 112.346495570000116, -8.348399947999951, 0.0 ], [ 112.346509631000117, -8.34837463599996, 0.0 ], [ 112.346533101000091, -8.348344192999946, 0.0 ], [ 112.346551171000101, -8.348325817999978, 0.0 ], [ 112.346653587000105, -8.348236077999957, 0.0 ], [ 112.346655328000111, -8.348234612999931, 0.0 ], [ 112.346861707000016, -8.348060976999932, 0.0 ], [ 112.346889779000094, -8.348037352999938, 0.0 ], [ 112.346896653000044, -8.348030781999967, 0.0 ], [ 112.346921190000103, -8.347999927999979, 0.0 ], [ 112.34706454600007, -8.347785058999932, 0.0 ], [ 112.347094644000094, -8.347729686999969, 0.0 ], [ 112.347102917000029, -8.347706739999978, 0.0 ], [ 112.347109938000017, -8.34765835099995, 0.0 ], [ 112.347110438000072, -8.347630255999945, 0.0 ], [ 112.347108864, -8.347611766999933, 0.0 ], [ 112.347108776000027, -8.347585917999936, 0.0 ], [ 112.347108775000038, -8.347585647999949, 0.0 ], [ 112.34711009800003, -8.347551333999945, 0.0 ], [ 112.347112465, -8.34753113499994, 0.0 ], [ 112.347116713000105, -8.347517771999946, 0.0 ], [ 112.347124134000069, -8.347500937999939, 0.0 ], [ 112.347132349000049, -8.34748690899994, 0.0 ], [ 112.347147619000111, -8.347469044999968, 0.0 ], [ 112.347166626000103, -8.347453160999976, 0.0 ], [ 112.34718573400005, -8.347440583999969, 0.0 ], [ 112.347211986000048, -8.347427399999958, 0.0 ], [ 112.347232618000021, -8.347418147999974, 0.0 ], [ 112.347244086000046, -8.347414245999971, 0.0 ], [ 112.3472735900001, -8.34740474299997, 0.0 ], [ 112.347291054000038, -8.347399995999979, 0.0 ], [ 112.347328999000069, -8.34738968399995, 0.0 ], [ 112.34741843200004, -8.347369095999966, 0.0 ], [ 112.347486230000072, -8.347352690999969, 0.0 ], [ 112.34752100500009, -8.34734237899994, 0.0 ], [ 112.347538618000044, -8.347335016999978, 0.0 ], [ 112.347565067, -8.347321673999943, 0.0 ], [ 112.347574124000062, -8.347316225999975, 0.0 ], [ 112.347590937000064, -8.347304446999942, 0.0 ], [ 112.347600444000022, -8.347293585999978, 0.0 ], [ 112.347605433000012, -8.347286928999949, 0.0 ], [ 112.34761405900008, -8.347272836999934, 0.0 ], [ 112.347619581000117, -8.347261131999971, 0.0 ], [ 112.347628789000055, -8.347237108999934, 0.0 ], [ 112.347661522000067, -8.347142454999926, 0.0 ], [ 112.34766576700008, -8.347134263999976, 0.0 ], [ 112.347671528000092, -8.347128600999952, 0.0 ], [ 112.347680851000064, -8.347121983999955, 0.0 ], [ 112.347703742000022, -8.347109032999981, 0.0 ], [ 112.347791272000109, -8.347066840999958, 0.0 ], [ 112.347814562000053, -8.347054541999967, 0.0 ], [ 112.347838918000093, -8.347038741999938, 0.0 ], [ 112.347861488000035, -8.347021491999953, 0.0 ], [ 112.34788251100008, -8.34700139399996, 0.0 ], [ 112.347895853000068, -8.34698863899996, 0.0 ], [ 112.347913858000084, -8.34696656899996, 0.0 ], [ 112.347936073000028, -8.346934377999958, 0.0 ], [ 112.34797014600008, -8.346876032999944, 0.0 ], [ 112.34801509700003, -8.346792452999978, 0.0 ], [ 112.348025692000078, -8.346778019999931, 0.0 ], [ 112.348033562000069, -8.346770589999949, 0.0 ], [ 112.348040635000075, -8.346765029999972, 0.0 ], [ 112.348058393000088, -8.346754226999963, 0.0 ], [ 112.348068443000102, -8.346749594999949, 0.0 ], [ 112.348093459000097, -8.346740299999965, 0.0 ], [ 112.348107869000046, -8.346735992999982, 0.0 ], [ 112.348129955000104, -8.346730405999949, 0.0 ], [ 112.348167327000056, -8.34672315399996, 0.0 ], [ 112.348225527000068, -8.346718589999966, 0.0 ], [ 112.348249342000031, -8.34671850899997, 0.0 ], [ 112.348291479000068, -8.346720513999969, 0.0 ], [ 112.348299370000063, -8.346722263999936, 0.0 ], [ 112.348311550000062, -8.346724963999975, 0.0 ], [ 112.348345727000037, -8.346736884999927, 0.0 ], [ 112.348384902000021, -8.346752389999949, 0.0 ], [ 112.34847379100006, -8.346779581999954, 0.0 ], [ 112.348502949000022, -8.34678719599998, 0.0 ], [ 112.348508174000017, -8.346788559999936, 0.0 ], [ 112.348595491000083, -8.346805984999946, 0.0 ], [ 112.348642344000041, -8.34681046299994, 0.0 ], [ 112.348671814000113, -8.34680969599998, 0.0 ], [ 112.348718309000105, -8.346798484999965, 0.0 ], [ 112.348739252000087, -8.346791253999982, 0.0 ], [ 112.348782874000108, -8.346773087999964, 0.0 ], [ 112.348810253000011, -8.346758424999962, 0.0 ], [ 112.348836586000061, -8.346735543999955, 0.0 ], [ 112.348843967000107, -8.346726398999976, 0.0 ], [ 112.34887031300002, -8.346682679999958, 0.0 ], [ 112.348883406000027, -8.346655847999955, 0.0 ], [ 112.34890435300008, -8.346612918999938, 0.0 ], [ 112.348919663000061, -8.346584535999966, 0.0 ], [ 112.348940347000052, -8.346556144999965, 0.0 ], [ 112.348957168000084, -8.346539949999965, 0.0 ], [ 112.348994161000064, -8.346511933999977, 0.0 ], [ 112.349036543000011, -8.346489965999979, 0.0 ], [ 112.349480338000035, -8.346308406999981, 0.0 ], [ 112.349602710000113, -8.346258344999967, 0.0 ], [ 112.349636893000024, -8.346247651999931, 0.0 ], [ 112.349653062000016, -8.346245550999981, 0.0 ], [ 112.349689437000052, -8.34624082199997, 0.0 ], [ 112.349780855000063, -8.346241619999944, 0.0 ], [ 112.349825585000076, -8.346238445999973, 0.0 ], [ 112.349851046000026, -8.346226165999951, 0.0 ], [ 112.349863983000091, -8.346217127999978, 0.0 ], [ 112.349888614000065, -8.346186306999925, 0.0 ], [ 112.349904861000027, -8.34615845899998, 0.0 ], [ 112.349925779000046, -8.346113859999946, 0.0 ], [ 112.349936633000084, -8.346081793999929, 0.0 ], [ 112.34994675900009, -8.346038601999965, 0.0 ], [ 112.349951539000017, -8.346005509999941, 0.0 ], [ 112.349962386000016, -8.345863931999929, 0.0 ], [ 112.349981850000063, -8.345111059999965, 0.0 ], [ 112.349984974000108, -8.345081784999934, 0.0 ], [ 112.349991340000088, -8.345044950999977, 0.0 ], [ 112.350012864000064, -8.344937769999945, 0.0 ], [ 112.3500266960001, -8.344877814999961, 0.0 ], [ 112.350056610000024, -8.344753594999929, 0.0 ], [ 112.350068185000055, -8.344678354999928, 0.0 ], [ 112.350077107000061, -8.344601023999928, 0.0 ], [ 112.350080081000101, -8.344547483999975, 0.0 ], [ 112.350083056000017, -8.344499895999945, 0.0 ], [ 112.35007710800005, -8.344446357999971, 0.0 ], [ 112.350065211000015, -8.344395794999969, 0.0 ], [ 112.350035468000101, -8.344324409999956, 0.0 ], [ 112.35001464700008, -8.344267897999941, 0.0 ], [ 112.350002750000044, -8.344220308999979, 0.0 ], [ 112.349978955000097, -8.344148924999956, 0.0 ], [ 112.349973007000017, -8.344107283999961, 0.0 ], [ 112.349970977000112, -8.344073806999972, 0.0 ], [ 112.349967532000051, -8.344065116999957, 0.0 ], [ 112.34996151100006, -8.344046441999978, 0.0 ], [ 112.349953156000083, -8.344019156999934, 0.0 ], [ 112.349948180000069, -8.344000195999968, 0.0 ], [ 112.34994339900004, -8.343978196999956, 0.0 ], [ 112.349924661000045, -8.343871281999952, 0.0 ], [ 112.349908453000012, -8.343807760999937, 0.0 ], [ 112.349902779000104, -8.343795271999966, 0.0 ], [ 112.349894991000042, -8.343781975999946, 0.0 ], [ 112.349878545000024, -8.343768386999955, 0.0 ], [ 112.349864822000086, -8.34376147699993, 0.0 ], [ 112.349817123000093, -8.343744321999964, 0.0 ], [ 112.349694705000047, -8.343708269999979, 0.0 ], [ 112.349669410000047, -8.343697084999974, 0.0 ], [ 112.349648984000055, -8.343684147999966, 0.0 ], [ 112.349635685000067, -8.343669849999969, 0.0 ], [ 112.349404195000034, -8.343445944999928, 0.0 ], [ 112.349360078000018, -8.34341023199994, 0.0 ], [ 112.349341991000074, -8.343398917999934, 0.0 ], [ 112.349325241000088, -8.343390555999974, 0.0 ], [ 112.349301008000111, -8.343381959999931, 0.0 ], [ 112.349276491000069, -8.343377854999972, 0.0 ], [ 112.349083184000051, -8.343357788999981, 0.0 ], [ 112.349061578000033, -8.343354270999953, 0.0 ], [ 112.349055088000114, -8.343352062999941, 0.0 ], [ 112.349050470000066, -8.343349640999975, 0.0 ], [ 112.349042483000062, -8.34334458099994, 0.0 ], [ 112.349030615000061, -8.343335451999963, 0.0 ], [ 112.349016577000043, -8.34332152099995, 0.0 ], [ 112.349013067000101, -8.343316759999936, 0.0 ], [ 112.34900970700005, -8.343308475999947, 0.0 ], [ 112.349008643000047, -8.343300168999974, 0.0 ], [ 112.349009600000045, -8.343277697999952, 0.0 ], [ 112.349015765000104, -8.343224516999953, 0.0 ], [ 112.349014951000072, -8.343217177999975, 0.0 ], [ 112.349012498000093, -8.343208132999962, 0.0 ], [ 112.349009109, -8.343202578999978, 0.0 ], [ 112.349000436000097, -8.343191716999968, 0.0 ], [ 112.348991048000016, -8.343184206999979, 0.0 ], [ 112.348975605000078, -8.343175024999937, 0.0 ], [ 112.348959234000063, -8.343167260999962, 0.0 ], [ 112.348948078000035, -8.343164395999963, 0.0 ], [ 112.348942647000058, -8.343163294999954, 0.0 ], [ 112.348927421000099, -8.343162488999951, 0.0 ], [ 112.348909849000052, -8.343164196999965, 0.0 ], [ 112.348902111000029, -8.343165797999973, 0.0 ], [ 112.348896930000024, -8.343167446999928, 0.0 ], [ 112.348889561000078, -8.343172006999964, 0.0 ], [ 112.348839895000083, -8.343217319999951, 0.0 ], [ 112.348825319000071, -8.343228933999967, 0.0 ], [ 112.348817629000109, -8.343232130999979, 0.0 ], [ 112.348806887000023, -8.343234497999958, 0.0 ], [ 112.348794551000083, -8.343235342999947, 0.0 ], [ 112.348786530000098, -8.343234601999939, 0.0 ], [ 112.348776612000052, -8.343232324999974, 0.0 ], [ 112.348762728000111, -8.343226695999931, 0.0 ], [ 112.34874788500008, -8.343216008999946, 0.0 ], [ 112.348734156000091, -8.343199658999936, 0.0 ], [ 112.348707227000091, -8.343152270999951, 0.0 ], [ 112.348693358000105, -8.343125892999979, 0.0 ], [ 112.348687476, -8.343117334999931, 0.0 ], [ 112.348676875000024, -8.343107157999953, 0.0 ], [ 112.348661081000046, -8.343097029999967, 0.0 ], [ 112.348645430000033, -8.343090071999939, 0.0 ], [ 112.348632685000098, -8.343084792999946, 0.0 ], [ 112.348497720000069, -8.343041741999969, 0.0 ], [ 112.348477563000074, -8.34303431, 0.0 ], [ 112.348462882000035, -8.343027799999959, 0.0 ], [ 112.348455188000116, -8.343021790999956, 0.0 ], [ 112.348446505000084, -8.34300677899995, 0.0 ], [ 112.348438008000016, -8.342989190999958, 0.0 ], [ 112.34843572200009, -8.34298249099993, 0.0 ], [ 112.348435005000056, -8.342970082999955, 0.0 ], [ 112.348491908000028, -8.342468577999966, 0.0 ], [ 112.348514507, -8.342380670999944, 0.0 ], [ 112.348528465000072, -8.34233803799998, 0.0 ], [ 112.348533522000025, -8.342312915999969, 0.0 ], [ 112.348533644000099, -8.342293222999956, 0.0 ], [ 112.348529911000014, -8.342265599999962, 0.0 ], [ 112.348526801000048, -8.342255183999953, 0.0 ], [ 112.348524546000021, -8.342250007999951, 0.0 ], [ 112.348518071000058, -8.342240085999947, 0.0 ], [ 112.348504275000096, -8.342221717999962, 0.0 ], [ 112.348485426000025, -8.342199282999957, 0.0 ], [ 112.348433413000066, -8.342146040999978, 0.0 ], [ 112.348354493000102, -8.342053743999941, 0.0 ], [ 112.348316318000116, -8.342001670999935, 0.0 ], [ 112.348295255000039, -8.341967396999962, 0.0 ], [ 112.34829125400006, -8.341958945999977, 0.0 ], [ 112.348288543000081, -8.341951403999929, 0.0 ], [ 112.34828453800003, -8.341936101999977, 0.0 ], [ 112.348277990000042, -8.34189977099993, 0.0 ], [ 112.348274070000116, -8.341861599999959, 0.0 ], [ 112.348269303000052, -8.3417969299999, 0.0 ], [ 112.34826532000011, -8.341773595999939, 0.0 ], [ 112.348259029000019, -8.34175475, 0.0 ], [ 112.348250378000103, -8.341736232999949, 0.0 ], [ 112.348240078000117, -8.341717650999954, 0.0 ], [ 112.348213188000045, -8.341679791999979, 0.0 ], [ 112.348191125000085, -8.341653386999951, 0.0 ], [ 112.347898057000066, -8.341332757999965, 0.0 ], [ 112.347832105000066, -8.34126897799996, 0.0 ], [ 112.347832032000042, -8.341268906999971, 0.0 ], [ 112.347796651000067, -8.341234690999954, 0.0 ], [ 112.347763790000045, -8.341207803999964, 0.0 ], [ 112.347715823000044, -8.341172706999942, 0.0 ], [ 112.347675682000045, -8.341148503999932, 0.0 ], [ 112.347599533000107, -8.34111620799996, 0.0 ], [ 112.34757012700004, -8.341106760999935, 0.0 ], [ 112.347459910000111, -8.341077922999943, 0.0 ], [ 112.347392562000095, -8.341063817999952, 0.0 ], [ 112.347279653000101, -8.341045875999953, 0.0 ], [ 112.347179243000028, -8.341037856999947, 0.0 ], [ 112.347119885000097, -8.341036395999936, 0.0 ], [ 112.347081145000061, -8.341042640999945, 0.0 ], [ 112.347008275, -8.341058215999965, 0.0 ], [ 112.346956099000067, -8.341072499999939, 0.0 ], [ 112.346894409000015, -8.341096050999965, 0.0 ], [ 112.346848738000062, -8.341117268999938, 0.0 ], [ 112.346809695000047, -8.341139606999945, 0.0 ], [ 112.346764757000074, -8.341169860999969, 0.0 ], [ 112.346632329000045, -8.341289982999967, 0.0 ], [ 112.346565005000116, -8.341361387999939, 0.0 ], [ 112.346505309, -8.341413012999965, 0.0 ], [ 112.346472385000084, -8.341432707999957, 0.0 ], [ 112.346314475000099, -8.341481587999965, 0.0 ], [ 112.346237637000058, -8.341506876999972, 0.0 ], [ 112.346207213000071, -8.341517906999968, 0.0 ], [ 112.34618828400005, -8.341527591999977, 0.0 ], [ 112.346158673000104, -8.341545082999971, 0.0 ], [ 112.346139624000102, -8.34155778, 0.0 ], [ 112.346091486000091, -8.341595049999967, 0.0 ], [ 112.346026816000062, -8.34165149699993, 0.0 ], [ 112.345990571000016, -8.341679897999938, 0.0 ], [ 112.345934917000022, -8.341719757999954, 0.0 ], [ 112.345879011000079, -8.341754521999974, 0.0 ], [ 112.345839856000111, -8.341775349999978, 0.0 ], [ 112.345809478000092, -8.341788538999936, 0.0 ], [ 112.345783735000055, -8.341797098999962, 0.0 ], [ 112.345736300000112, -8.341810306999946, 0.0 ], [ 112.345685918000072, -8.341818811999929, 0.0 ], [ 112.345609403000026, -8.341826377999951, 0.0 ], [ 112.345577252000112, -8.341831292999927, 0.0 ], [ 112.345529742000053, -8.341841459999955, 0.0 ], [ 112.34551288800003, -8.341846822999969, 0.0 ], [ 112.345497475000116, -8.341853356999934, 0.0 ], [ 112.345454690000111, -8.341874959999927, 0.0 ], [ 112.345431839000071, -8.341887992999943, 0.0 ], [ 112.345371900000032, -8.341922889999978, 0.0 ], [ 112.345348419000061, -8.341936830999941, 0.0 ], [ 112.345299733000047, -8.341967704999945, 0.0 ], [ 112.345265538000035, -8.341992292999976, 0.0 ], [ 112.345223382000086, -8.342029723999929, 0.0 ], [ 112.345194237000101, -8.342058082999927, 0.0 ], [ 112.345119660000023, -8.342152530999954, 0.0 ], [ 112.34510436700009, -8.342172799999958, 0.0 ], [ 112.345092467000086, -8.342181894999953, 0.0 ], [ 112.34506624100004, -8.342194013999972, 0.0 ], [ 112.344991654000069, -8.342220677999933, 0.0 ], [ 112.344974720000096, -8.342228898999963, 0.0 ], [ 112.344942648000028, -8.34224900199996, 0.0 ], [ 112.344915158000049, -8.34227049499998, 0.0 ], [ 112.344886602000088, -8.342295888999956, 0.0 ], [ 112.344860556000071, -8.342319630999953, 0.0 ], [ 112.344835629000045, -8.342347373999928, 0.0 ], [ 112.344832116000021, -8.342353488999947, 0.0 ], [ 112.344830205000108, -8.342357972999935, 0.0 ], [ 112.344829079000078, -8.34236739399995, 0.0 ], [ 112.344830197000078, -8.34238064799996, 0.0 ], [ 112.344831794000015, -8.342384920999962, 0.0 ], [ 112.34483754900009, -8.34239076199998, 0.0 ], [ 112.344870413000081, -8.34241512899996, 0.0 ], [ 112.344875589000026, -8.342418247999944, 0.0 ], [ 112.344899803000089, -8.342435034999937, 0.0 ], [ 112.344912086000022, -8.342447423999943, 0.0 ], [ 112.344918533000055, -8.342456785999957, 0.0 ], [ 112.344922083000029, -8.342465975999971, 0.0 ], [ 112.344921718000023, -8.342470640999977, 0.0 ], [ 112.344920715000057, -8.342483481999977, 0.0 ], [ 112.344917229000089, -8.342493660999935, 0.0 ], [ 112.344911858000046, -8.342502679999939, 0.0 ], [ 112.34490811, -8.342506346999926, 0.0 ], [ 112.344885793000117, -8.342519448999951, 0.0 ], [ 112.34486827, -8.342527541999971, 0.0 ], [ 112.344857772000069, -8.342531764999933, 0.0 ], [ 112.344820758000083, -8.342549696999981, 0.0 ], [ 112.34480983200001, -8.342556170999956, 0.0 ], [ 112.344799930000022, -8.342564858999935, 0.0 ], [ 112.344785596000065, -8.342588833999969, 0.0 ], [ 112.344778468000072, -8.342611587999954, 0.0 ], [ 112.34477254300009, -8.342635534999943, 0.0 ], [ 112.344767816000058, -8.342658279999966, 0.0 ], [ 112.344760711000049, -8.342688212999974, 0.0 ], [ 112.344746432000079, -8.3427277399999, 0.0 ], [ 112.344731735000096, -8.342754647999925, 0.0 ], [ 112.344716806000065, -8.34277304699998, 0.0 ], [ 112.344689014000096, -8.342797321999967, 0.0 ], [ 112.344632698000055, -8.342838186999927, 0.0 ], [ 112.344535632000088, -8.342905508999934, 0.0 ], [ 112.344486055000061, -8.342934794999962, 0.0 ], [ 112.344440349000024, -8.342958022999937, 0.0 ], [ 112.344332765000104, -8.343004010999948, 0.0 ], [ 112.344322214000044, -8.343008975999965, 0.0 ], [ 112.344296326000062, -8.343021159999978, 0.0 ], [ 112.344248784000115, -8.343039899999951, 0.0 ], [ 112.344189824000068, -8.343061102999968, 0.0 ], [ 112.343777198000112, -8.343185753999933, 0.0 ], [ 112.34369563100006, -8.343205636999926, 0.0 ], [ 112.343556591000038, -8.343235422999953, 0.0 ], [ 112.343386138000028, -8.343269497999927, 0.0 ], [ 112.343310517000077, -8.343285305999927, 0.0 ], [ 112.343288682000093, -8.343294250999975, 0.0 ], [ 112.34327536100011, -8.343304819999958, 0.0 ], [ 112.343236258000047, -8.343347765999965, 0.0 ], [ 112.343207039000049, -8.343378304999931, 0.0 ], [ 112.343174450000106, -8.343410159999962, 0.0 ], [ 112.343157539000117, -8.343421359999979, 0.0 ], [ 112.343147461000058, -8.343426563999969, 0.0 ], [ 112.343134771000109, -8.34343158799993, 0.0 ], [ 112.343096433000028, -8.343443702999934, 0.0 ], [ 112.343087707000109, -8.343445592999956, 0.0 ], [ 112.343071566000049, -8.3434473799999, 0.0 ], [ 112.343049563000022, -8.343446148999931, 0.0 ], [ 112.34303468600001, -8.343443871999966, 0.0 ], [ 112.343019156000082, -8.34343942299995, 0.0 ], [ 112.343007482000075, -8.343434, 0.0 ], [ 112.342919997000081, -8.34338183899996, 0.0 ], [ 112.342909774000077, -8.343377552999925, 0.0 ], [ 112.342890695000051, -8.34337359899996, 0.0 ], [ 112.342860093000013, -8.343372491999958, 0.0 ], [ 112.342819871000074, -8.343376700999954, 0.0 ], [ 112.342649845000096, -8.343402526999967, 0.0 ], [ 112.342613208000103, -8.343404834999944, 0.0 ], [ 112.342595253000013, -8.343403673999944, 0.0 ], [ 112.342572242000074, -8.343398997999941, 0.0 ], [ 112.342551087000061, -8.343390803999966, 0.0 ], [ 112.342443784000011, -8.343330525999932, 0.0 ], [ 112.342429181000057, -8.343324850999977, 0.0 ], [ 112.342401131000088, -8.343314651999947, 0.0 ], [ 112.34236571200006, -8.343305178999969, 0.0 ], [ 112.342351632000032, -8.343302204999929, 0.0 ], [ 112.342328738000106, -8.343298138999955, 0.0 ], [ 112.342292211000085, -8.34329314799993, 0.0 ], [ 112.342137446000038, -8.343282458999965, 0.0 ], [ 112.342096973000025, -8.343281484999977, 0.0 ], [ 112.342003748000025, -8.343286005999971, 0.0 ], [ 112.341937562000112, -8.343295204999947, 0.0 ], [ 112.341885982, -8.343306878999954, 0.0 ], [ 112.341862652000032, -8.343313243999944, 0.0 ], [ 112.341844840000022, -8.343321175999961, 0.0 ], [ 112.341836596, -8.343326647999959, 0.0 ], [ 112.341825364000101, -8.34333694299994, 0.0 ], [ 112.341809806000015, -8.343354166999973, 0.0 ], [ 112.341797776000021, -8.343370436999976, 0.0 ], [ 112.341769905000092, -8.343406720999951, 0.0 ], [ 112.341755283000111, -8.34342324499994, 0.0 ], [ 112.341746050000097, -8.34343052, 0.0 ], [ 112.341737635000072, -8.343435108999927, 0.0 ], [ 112.341731765000077, -8.343434814999966, 0.0 ], [ 112.341721618000065, -8.343432035999967, 0.0 ], [ 112.341718511000067, -8.343430485999932, 0.0 ], [ 112.341715587000067, -8.343427942999938, 0.0 ], [ 112.341714293000109, -8.343425542999967, 0.0 ], [ 112.341713163, -8.343419891999929, 0.0 ], [ 112.341712741000038, -8.343408835999981, 0.0 ], [ 112.341714213000046, -8.34337858799995, 0.0 ], [ 112.34171480100008, -8.343371655999931, 0.0 ], [ 112.341714614000011, -8.343361915999935, 0.0 ], [ 112.341712385000051, -8.343345568999951, 0.0 ], [ 112.341704771000082, -8.343313208999973, 0.0 ], [ 112.34170271500011, -8.343296950999957, 0.0 ], [ 112.341703249000034, -8.343291370999964, 0.0 ], [ 112.341704812000103, -8.343286501999955, 0.0 ], [ 112.34172442800002, -8.343250461999958, 0.0 ], [ 112.341728679000084, -8.343241882999962, 0.0 ], [ 112.341729163000082, -8.343239938999943, 0.0 ], [ 112.341733606000048, -8.343222114999946, 0.0 ], [ 112.34174009000003, -8.343170215999976, 0.0 ], [ 112.341741245000094, -8.343156166999961, 0.0 ], [ 112.341741187000025, -8.343135694999944, 0.0 ], [ 112.341736272000048, -8.343118365999942, 0.0 ], [ 112.341729127, -8.34310335899994, 0.0 ], [ 112.341696081, -8.343062756999927, 0.0 ], [ 112.341663292000021, -8.343028412999956, 0.0 ], [ 112.341653471000086, -8.343017164999935, 0.0 ], [ 112.341574021000042, -8.342943141999967, 0.0 ], [ 112.34156087100007, -8.342933295999956, 0.0 ], [ 112.341553096000098, -8.342928684999947, 0.0 ], [ 112.341535479000072, -8.342920308999965, 0.0 ], [ 112.341527073000066, -8.342917050999972, 0.0 ], [ 112.341517255000099, -8.342914642999972, 0.0 ], [ 112.34149616000002, -8.342911949999973, 0.0 ], [ 112.341370312000095, -8.342898771999955, 0.0 ], [ 112.341326506000087, -8.342895564999935, 0.0 ], [ 112.341296311000065, -8.342898675999947, 0.0 ], [ 112.341275472, -8.342903756999931, 0.0 ], [ 112.341247715, -8.342913074999956, 0.0 ], [ 112.341178822000074, -8.342943816999934, 0.0 ], [ 112.341137130000106, -8.342959840999981, 0.0 ], [ 112.341117748000102, -8.342965714999934, 0.0 ], [ 112.341090731, -8.34297014699996, 0.0 ], [ 112.341064265000114, -8.342972388999954, 0.0 ], [ 112.341050811000059, -8.342971696999939, 0.0 ], [ 112.341007533000038, -8.342964739999957, 0.0 ], [ 112.340994142000113, -8.342961231999936, 0.0 ], [ 112.340967305000049, -8.342950530999929, 0.0 ], [ 112.340956383000048, -8.342943824999963, 0.0 ], [ 112.340940842, -8.342931159999978, 0.0 ], [ 112.340902198000094, -8.342894042999944, 0.0 ], [ 112.340894107000054, -8.342889747999948, 0.0 ], [ 112.340874987, -8.342886803999932, 0.0 ], [ 112.340865853000082, -8.342887211999937, 0.0 ], [ 112.340848496000035, -8.34289156799997, 0.0 ], [ 112.340834332000099, -8.342898986999955, 0.0 ], [ 112.340810957000031, -8.342915525999956, 0.0 ], [ 112.340630389000012, -8.343074455999954, 0.0 ], [ 112.340616478000015, -8.34308808399993, 0.0 ], [ 112.34059890900005, -8.343107892999967, 0.0 ], [ 112.340583237000033, -8.343129780999959, 0.0 ], [ 112.340574114000106, -8.343147629999976, 0.0 ], [ 112.340572009000084, -8.343151750999937, 0.0 ], [ 112.340547069000081, -8.343218175999937, 0.0 ], [ 112.340539786000022, -8.343228217999979, 0.0 ], [ 112.34052887100006, -8.343233076999979, 0.0 ], [ 112.340501934000031, -8.343242524999937, 0.0 ], [ 112.340484542000013, -8.343246588999932, 0.0 ], [ 112.340423962000045, -8.343260742999973, 0.0 ], [ 112.340421684000034, -8.343261223999946, 0.0 ], [ 112.340377619000037, -8.343266367999945, 0.0 ], [ 112.340357402000109, -8.343265946999963, 0.0 ], [ 112.340298332000089, -8.343257447999974, 0.0 ], [ 112.340129258000047, -8.343223233999936, 0.0 ], [ 112.340111472000103, -8.343219268999974, 0.0 ], [ 112.340103669000086, -8.343215524999948, 0.0 ], [ 112.340098650000073, -8.343209961999946, 0.0 ], [ 112.340097862000107, -8.343203375999963, 0.0 ], [ 112.340099767000083, -8.34319749399998, 0.0 ], [ 112.340102113000057, -8.343193558999928, 0.0 ], [ 112.340106518000084, -8.343188100999953, 0.0 ], [ 112.340117273000033, -8.343178612999964, 0.0 ], [ 112.340143811000075, -8.34315857799993, 0.0 ], [ 112.340224044000024, -8.343104653999944, 0.0 ], [ 112.340251979000072, -8.343080647999955, 0.0 ], [ 112.340262036000013, -8.343072004999954, 0.0 ], [ 112.340274367, -8.343055492999952, 0.0 ], [ 112.340285928000071, -8.343030604999967, 0.0 ], [ 112.340288492000013, -8.34301680599998, 0.0 ], [ 112.340287817000103, -8.343006216999981, 0.0 ], [ 112.340286516000106, -8.342985838999937, 0.0 ], [ 112.340280348000078, -8.342959728999972, 0.0 ], [ 112.340267988000051, -8.342924226999969, 0.0 ], [ 112.340256532000012, -8.342904702999931, 0.0 ], [ 112.340230415000065, -8.342872413999942, 0.0 ], [ 112.340196159000016, -8.34284454699997, 0.0 ], [ 112.340172223000081, -8.342830209999931, 0.0 ], [ 112.340131996000082, -8.34281348199994, 0.0 ], [ 112.34005507400002, -8.342792200999952, 0.0 ], [ 112.340031255000099, -8.342787012999963, 0.0 ], [ 112.339954348000106, -8.342777701999978, 0.0 ], [ 112.339887082000018, -8.342777929999954, 0.0 ], [ 112.339828366, -8.342779275999931, 0.0 ], [ 112.339764571000046, -8.342780737999931, 0.0 ], [ 112.339690074000032, -8.342773811999962, 0.0 ], [ 112.33966870200004, -8.342768393999961, 0.0 ], [ 112.339638773000047, -8.342757860999939, 0.0 ], [ 112.339547695000078, -8.342717042999936, 0.0 ], [ 112.339507441000023, -8.34269693799996, 0.0 ], [ 112.339483138000105, -8.342687567999974, 0.0 ], [ 112.339457740000057, -8.342681775999949, 0.0 ], [ 112.339430658000083, -8.342682299999979, 0.0 ], [ 112.339292506000106, -8.342704989999959, 0.0 ], [ 112.339253467000049, -8.342707239999982, 0.0 ], [ 112.339210688000094, -8.342705845999944, 0.0 ], [ 112.339104639000084, -8.342692650999936, 0.0 ], [ 112.339059535000047, -8.342681431999949, 0.0 ], [ 112.338663202000021, -8.342531651999934, 0.0 ], [ 112.338620549000098, -8.342511416999969, 0.0 ], [ 112.338578986000016, -8.342489046999958, 0.0 ], [ 112.338558883000019, -8.342475776999947, 0.0 ], [ 112.338516880000043, -8.34243808399998, 0.0 ], [ 112.338345218000086, -8.342245152999965, 0.0 ], [ 112.338314464000064, -8.342216145999942, 0.0 ], [ 112.338285012000028, -8.342196490999982, 0.0 ], [ 112.338263020000113, -8.342185344999962, 0.0 ], [ 112.338087510000037, -8.342120340999941, 0.0 ], [ 112.337919078000027, -8.342051501999947, 0.0 ], [ 112.337823013000047, -8.342016204999936, 0.0 ], [ 112.337788123000109, -8.342004442999951, 0.0 ], [ 112.337771891000102, -8.342000454999948, 0.0 ], [ 112.33774358800008, -8.34199612599997, 0.0 ], [ 112.3377058640001, -8.34199564599993, 0.0 ], [ 112.337644604000047, -8.341995852999958, 0.0 ], [ 112.337582157000043, -8.34199965199997, 0.0 ], [ 112.337483673000065, -8.342003573999932, 0.0 ], [ 112.337429853000117, -8.342006155999968, 0.0 ], [ 112.337395398000012, -8.342011027999945, 0.0 ], [ 112.337374278000084, -8.342015702999959, 0.0 ], [ 112.337322370000038, -8.342032595999967, 0.0 ], [ 112.3372859750001, -8.342045638999934, 0.0 ], [ 112.337271013000077, -8.342053953999937, 0.0 ], [ 112.337255661000086, -8.342066551999949, 0.0 ], [ 112.33722505500009, -8.342106133999948, 0.0 ], [ 112.337128936000113, -8.342261955999959, 0.0 ], [ 112.337117430000035, -8.342275757999971, 0.0 ], [ 112.337110739000082, -8.342281082999932, 0.0 ], [ 112.33709852000004, -8.342285595999954, 0.0 ], [ 112.337089816000116, -8.342285525999955, 0.0 ], [ 112.33707322500004, -8.34227920099994, 0.0 ], [ 112.337066285000105, -8.342274545999942, 0.0 ], [ 112.337058299000091, -8.342265331999954, 0.0 ], [ 112.337054506000072, -8.342256247999956, 0.0 ], [ 112.337047392000045, -8.342233146999945, 0.0 ], [ 112.337043977, -8.342202991999955, 0.0 ], [ 112.337045085000113, -8.342193527999939, 0.0 ], [ 112.337061209000012, -8.342107882999926, 0.0 ], [ 112.337063445000013, -8.342058824999981, 0.0 ], [ 112.337058514000091, -8.342021755999951, 0.0 ], [ 112.337049980000074, -8.341984698999966, 0.0 ], [ 112.337019981000026, -8.341897954999979, 0.0 ], [ 112.337016062000089, -8.341883594999956, 0.0 ], [ 112.337011067000049, -8.34184486099997, 0.0 ], [ 112.337012125000115, -8.341802985999948, 0.0 ], [ 112.33701901500001, -8.341769933999956, 0.0 ], [ 112.337024167000095, -8.341754818999959, 0.0 ], [ 112.337077535000049, -8.341619102999971, 0.0 ], [ 112.337086358000079, -8.341592548999927, 0.0 ], [ 112.337087524000026, -8.341567539999971, 0.0 ], [ 112.337085227000102, -8.341551728999946, 0.0 ], [ 112.337078844000075, -8.341516533999936, 0.0 ], [ 112.337054351, -8.341380907999962, 0.0 ], [ 112.337050222000016, -8.341349452999964, 0.0 ], [ 112.33705133400008, -8.341323130999967, 0.0 ], [ 112.337059637000038, -8.341291997999974, 0.0 ], [ 112.337137074000111, -8.341055411999946, 0.0 ], [ 112.337162102000093, -8.340978947999929, 0.0 ], [ 112.337210096000035, -8.340873023999961, 0.0 ], [ 112.337242593000042, -8.340829117999931, 0.0 ], [ 112.337300870000036, -8.340789635999954, 0.0 ], [ 112.337384897000106, -8.340753620999976, 0.0 ], [ 112.337414716000012, -8.340743928999927, 0.0 ], [ 112.337438532000078, -8.340739216999964, 0.0 ], [ 112.337481333000028, -8.340734380999947, 0.0 ], [ 112.337494563000064, -8.340734157999975, 0.0 ], [ 112.33750838800006, -8.340733925999928, 0.0 ], [ 112.337560891000066, -8.340733039999975, 0.0 ], [ 112.337674801000048, -8.340740151999967, 0.0 ], [ 112.337824441000066, -8.340739605999943, 0.0 ], [ 112.33785909900007, -8.340732278999951, 0.0 ], [ 112.337874968000051, -8.34072465099996, 0.0 ], [ 112.337895927000091, -8.34070845399998, 0.0 ], [ 112.33794742900011, -8.340658361999942, 0.0 ], [ 112.338038617000052, -8.340577369999949, 0.0 ], [ 112.3380882780001, -8.34054249899998, 0.0 ], [ 112.338195567000071, -8.340472912999928, 0.0 ], [ 112.338218512000026, -8.340453457999956, 0.0 ], [ 112.338238482000065, -8.340424976999941, 0.0 ], [ 112.338254505, -8.340388255999926, 0.0 ], [ 112.338320883000051, -8.340139658999931, 0.0 ], [ 112.338350245000015, -8.339902642999959, 0.0 ], [ 112.338355072000013, -8.33980867799994, 0.0 ], [ 112.338347301000113, -8.339702435999925, 0.0 ], [ 112.338340964000054, -8.339681949999942, 0.0 ], [ 112.338313327000037, -8.339621242999954, 0.0 ], [ 112.338217144000055, -8.33944177799998, 0.0 ], [ 112.338145117000067, -8.33931918899998, 0.0 ], [ 112.337999577, -8.339105932999928, 0.0 ], [ 112.337453853000056, -8.338517352999929, 0.0 ], [ 112.337411349000035, -8.338460098999974, 0.0 ], [ 112.336541335000106, -8.337537587999975, 0.0 ], [ 112.336364221000053, -8.337349789999962, 0.0 ], [ 112.336238516000094, -8.337210668999944, 0.0 ], [ 112.335628817000043, -8.336412030999952, 0.0 ], [ 112.335453812000083, -8.336165083999958, 0.0 ], [ 112.335285928000076, -8.335857688999965, 0.0 ], [ 112.335241067000084, -8.335752594999974, 0.0 ], [ 112.335213354000075, -8.335610820999932, 0.0 ], [ 112.335207435000029, -8.335580541999946, 0.0 ], [ 112.3351607190001, -8.335341545999938, 0.0 ], [ 112.335142040000051, -8.335219350999978, 0.0 ], [ 112.335016306000057, -8.334509879999928, 0.0 ], [ 112.335028976000103, -8.334316914999931, 0.0 ], [ 112.335042029000078, -8.334118124999975, 0.0 ], [ 112.33495636900011, -8.333818312999938, 0.0 ], [ 112.334856431000048, -8.333632714999965, 0.0 ], [ 112.334742217000098, -8.333447115999945, 0.0 ], [ 112.334639008000067, -8.333275101999959, 0.0 ], [ 112.334362350000106, -8.333168127999954, 0.0 ], [ 112.334432096000114, -8.332992715999978, 0.0 ], [ 112.334460650000096, -8.332735733999925, 0.0 ], [ 112.334560587000055, -8.332143247999966, 0.0 ], [ 112.334703355000102, -8.331793467999944, 0.0 ], [ 112.334803292000061, -8.331664976999946, 0.0 ], [ 112.335038859000065, -8.331550762999939, 0.0 ], [ 112.335345809000046, -8.331472239999925, 0.0 ], [ 112.335502854000083, -8.331422271999941, 0.0 ], [ 112.335602791000042, -8.331350887999974, 0.0 ], [ 112.335681313, -8.331250949999969, 0.0 ], [ 112.335724144000096, -8.331036798999946, 0.0 ], [ 112.335724144000096, -8.330694156999925, 0.0 ], [ 112.335509992000084, -8.32951632299995, 0.0 ], [ 112.335495715000093, -8.328681132999975, 0.0 ], [ 112.335567099000059, -8.328417011999932, 0.0 ], [ 112.335724144000096, -8.328202860999966, 0.0 ], [ 112.336016817000086, -8.328024400999936, 0.0 ], [ 112.336352321000049, -8.327945878999969, 0.0 ], [ 112.33665927200002, -8.327888771999937, 0.0 ], [ 112.336887700000034, -8.327853079999954, 0.0 ], [ 112.33719, -8.3279, 0.0 ], [ 112.337351695000052, -8.327863787999945, 0.0 ], [ 112.337697906000017, -8.327442622999968, 0.0 ], [ 112.337883504000047, -8.32717136499997, 0.0 ], [ 112.337987011000109, -8.327082134999955, 0.0 ], [ 112.338843617000066, -8.326279066999973, 0.0 ], [ 112.339032784000096, -8.326118452999935, 0.0 ], [ 112.339200536000021, -8.326025653999977, 0.0 ], [ 112.339314750000085, -8.325989961999937, 0.0 ], [ 112.339425395000035, -8.325982823999936, 0.0 ], [ 112.339610993000065, -8.325979254999936, 0.0 ], [ 112.339707361000023, -8.325957838999955, 0.0 ], [ 112.340046841000117, -8.325882022999963, 0.0 ], [ 112.340199910000024, -8.325815071999955, 0.0 ], [ 112.340303416000097, -8.32572584199994, 0.0 ], [ 112.340356954000072, -8.325650888999974, 0.0 ], [ 112.340403354000046, -8.325568797999949, 0.0 ], [ 112.340540333000035, -8.325344151999957, 0.0 ], [ 112.340703166000026, -8.324365979999925, 0.0 ], [ 112.340774550000106, -8.323819893999939, 0.0 ], [ 112.341038670000103, -8.323323775999938, 0.0 ], [ 112.341273546000025, -8.322991534999971, 0.0 ], [ 112.341513372, -8.322688459999938, 0.0 ], [ 112.341581187000088, -8.322417200999951, 0.0 ], [ 112.341538356000115, -8.321985328999972, 0.0 ], [ 112.341574048000098, -8.321810438999933, 0.0 ], [ 112.341691832000038, -8.321674809999934, 0.0 ], [ 112.341948814000034, -8.32147850399997, 0.0 ], [ 112.342116566000072, -8.321389273999955, 0.0 ], [ 112.342341425000086, -8.321367858999963, 0.0 ], [ 112.342491331000019, -8.321364289999963, 0.0 ], [ 112.342712620000043, -8.321350012999972, 0.0 ], [ 112.342873234000081, -8.321271490999948, 0.0 ], [ 112.343044555, -8.321110876999967, 0.0 ], [ 112.343205169000043, -8.320875310999952, 0.0 ], [ 112.34335507500009, -8.320543375999932, 0.0 ], [ 112.343383629000073, -8.320272116999945, 0.0 ], [ 112.343390767000074, -8.320104364999963, 0.0 ], [ 112.343412182000066, -8.319983012999955, 0.0 ], [ 112.343444305000048, -8.31987950599995, 0.0 ], [ 112.343544242, -8.319783137999934, 0.0 ], [ 112.343679871000063, -8.319701046999967, 0.0 ], [ 112.344158143000072, -8.319479756999954, 0.0 ], [ 112.344525770000018, -8.319233482999948, 0.0 ], [ 112.344679245000066, -8.319133544999943, 0.0 ], [ 112.344879120000087, -8.319022899999936, 0.0 ], [ 112.345007611000028, -8.318940808999969, 0.0 ], [ 112.3451004100001, -8.318865855999945, 0.0 ], [ 112.345164655000076, -8.318780194999931, 0.0 ], [ 112.34520391600006, -8.318687395999973, 0.0 ], [ 112.345418068000072, -8.318226970999945, 0.0 ], [ 112.345978431000049, -8.317598792999945, 0.0 ], [ 112.34658876200001, -8.316852831999938, 0.0 ], [ 112.346792206000032, -8.316531604999966, 0.0 ], [ 112.3471384180001, -8.315960533999942, 0.0 ], [ 112.348094961000015, -8.314629225999965, 0.0 ], [ 112.348180622000086, -8.314411504999953, 0.0 ], [ 112.348227021000071, -8.314015324999957, 0.0 ], [ 112.348298405000037, -8.313686958999938, 0.0 ], [ 112.348326959000019, -8.313429976999942, 0.0 ], [ 112.348398343000099, -8.31326579399996, 0.0 ], [ 112.348444742000083, -8.313183702999936, 0.0 ], [ 112.34851612600005, -8.313065919999929, 0.0 ], [ 112.348576802000025, -8.31296241299998, 0.0 ], [ 112.34881950700003, -8.312491279999961, 0.0 ], [ 112.348990828000069, -8.312230728999964, 0.0 ], [ 112.349165719000098, -8.312084391999974, 0.0 ], [ 112.349347748000014, -8.311984454999958, 0.0 ], [ 112.349454823000087, -8.311952331999976, 0.0 ], [ 112.349611868000011, -8.311923777999937, 0.0 ], [ 112.349751066000067, -8.311898793999944, 0.0 ], [ 112.34996164800009, -8.311873809999952, 0.0 ], [ 112.350193884000078, -8.311783575999925, 0.0 ], [ 112.350328320000017, -8.311602659999949, 0.0 ], [ 112.350479181000082, -8.311270615999945, 0.0 ], [ 112.350586257000032, -8.311110002999953, 0.0 ], [ 112.350654072000111, -8.311045756999931, 0.0 ], [ 112.350911053, -8.310927973999981, 0.0 ], [ 112.351010991000066, -8.310849451999957, 0.0 ], [ 112.35122871100009, -8.310521085999937, 0.0 ], [ 112.351371479000022, -8.310206996999966, 0.0 ], [ 112.35141074, -8.310035675999927, 0.0 ], [ 112.351485693000086, -8.30995715399996, 0.0 ], [ 112.351610615000027, -8.309939307999969, 0.0 ], [ 112.351799782000057, -8.309982137999953, 0.0 ], [ 112.351971103000096, -8.310085644999958, 0.0 ], [ 112.352103163000038, -8.310192720999964, 0.0 ], [ 112.352288761000068, -8.310281949999933, 0.0 ], [ 112.352467221000097, -8.310310503999972, 0.0 ], [ 112.352717064000103, -8.310335487999964, 0.0 ], [ 112.352845555000044, -8.310335487999964, 0.0 ], [ 112.353010327000106, -8.310355802999936, 0.0 ], [ 112.353191767000112, -8.310367610999947, 0.0 ], [ 112.353355950000037, -8.310374748999948, 0.0 ], [ 112.35344161, -8.310314072999972, 0.0 ], [ 112.35345945600011, -8.310199858999965, 0.0 ], [ 112.353448749000108, -8.310057090999976, 0.0 ], [ 112.353420195000012, -8.309903615999929, 0.0 ], [ 112.35337, -8.30964, 0.0 ], [ 112.35332, -8.30918, 0.0 ], [ 112.35336, -8.30902, 0.0 ], [ 112.353455887000109, -8.308718643999953, 0.0 ], [ 112.353559393000069, -8.308558030999961, 0.0 ], [ 112.353698592000114, -8.308447385999955, 0.0 ], [ 112.354273232000082, -8.308019082999976, 0.0 ], [ 112.354398153000034, -8.307858468999939, 0.0 ], [ 112.354483437000113, -8.307620074999932, 0.0 ], [ 112.354505442000118, -8.307478259999925, 0.0 ], [ 112.354590890000054, -8.306848387999935, 0.0 ], [ 112.354690827000013, -8.306627097999979, 0.0 ], [ 112.354747934000102, -8.306530729999963, 0.0 ], [ 112.354830026000059, -8.306470053999931, 0.0 ], [ 112.354876425000043, -8.306434361999948, 0.0 ], [ 112.354922465000072, -8.306411779999962, 0.0 ], [ 112.355054885000072, -8.306373685999972, 0.0 ], [ 112.355261898000094, -8.306395100999964, 0.0 ], [ 112.355418942000028, -8.306434361999948, 0.0 ], [ 112.355561710000075, -8.306487899999979, 0.0 ], [ 112.355658078000033, -8.306545006999954, 0.0 ], [ 112.355784689000075, -8.306664950999959, 0.0 ], [ 112.355936475000021, -8.306730604999927, 0.0 ], [ 112.356057828000075, -8.306712758999936, 0.0 ], [ 112.356204164000019, -8.306662789999962, 0.0 ], [ 112.356325517000073, -8.306577129999937, 0.0 ], [ 112.356386193000048, -8.30645934599994, 0.0 ], [ 112.356439731000023, -8.306345131999933, 0.0 ], [ 112.356507546000103, -8.306056027999944, 0.0 ], [ 112.356532530000095, -8.30567412399995, 0.0 ], [ 112.356675298000027, -8.305402865999952, 0.0 ], [ 112.357192991000034, -8.304654035999931, 0.0 ], [ 112.35758, -8.30402, 0.0 ], [ 112.357760332000112, -8.303732483999966, 0.0 ], [ 112.357903100000044, -8.303603992999967, 0.0 ], [ 112.358102974000076, -8.303568300999927, 0.0 ], [ 112.35825288, -8.303554023999936, 0.0 ], [ 112.358474170000022, -8.303575438999928, 0.0 ], [ 112.35863835300006, -8.303618269999959, 0.0 ], [ 112.358838228000081, -8.303696791999926, 0.0 ], [ 112.358959580000032, -8.303711068999974, 0.0 ], [ 112.35922370000003, -8.303703929999926, 0.0 ], [ 112.359504138000034, -8.30360570299996, 0.0 ], [ 112.35970911000004, -8.303496916999961, 0.0 ], [ 112.359837601000095, -8.30333987299997, 0.0 ], [ 112.359859017000076, -8.303247073999955, 0.0 ], [ 112.359780494, -8.302875877999952, 0.0 ], [ 112.359816186000103, -8.302597480999964, 0.0 ], [ 112.35990184700006, -8.30236191399996, 0.0 ], [ 112.359994646000018, -8.302190592999978, 0.0 ], [ 112.360522886000012, -8.301633798999944, 0.0 ], [ 112.360971709000069, -8.301215258999946, 0.0 ], [ 112.361051126, -8.301012759999935, 0.0 ], [ 112.361093957000094, -8.300903304999963, 0.0 ], [ 112.361127269, -8.300789090999956, 0.0 ], [ 112.361170100000095, -8.300712947999955, 0.0 ], [ 112.361384251000118, -8.300460724999937, 0.0 ], [ 112.361436599000058, -8.300398858999927, 0.0 ], [ 112.361484188000077, -8.30026560899995, 0.0 ], [ 112.361460394, -8.300165671999935, 0.0 ], [ 112.361408046000065, -8.300084769999955, 0.0 ], [ 112.361327144000029, -8.30004669899995, 0.0 ], [ 112.36117, -8.299879998999927, 0.0 ], [ 112.36111, -8.2993, 0.0 ], [ 112.36115, -8.29901, 0.0 ], [ 112.361203412, -8.298561914999937, 0.0 ], [ 112.361255760000063, -8.29842866499996, 0.0 ], [ 112.361365215000092, -8.298309691999975, 0.0 ], [ 112.361488947000112, -8.298238307999952, 0.0 ], [ 112.362036223000018, -8.298043192999955, 0.0 ], [ 112.362159955000038, -8.297962290999976, 0.0 ], [ 112.3622598930001, -8.297810004999974, 0.0 ], [ 112.362317, -8.297667237999974, 0.0 ], [ 112.362345553000068, -8.297486398999979, 0.0 ], [ 112.362350312000103, -8.29737694399995, 0.0 ], [ 112.362297964000049, -8.297210380999957, 0.0 ], [ 112.362297964000049, -8.297119961999954, 0.0 ], [ 112.36233, -8.296859998999935, 0.0 ], [ 112.362399999000104, -8.29653, 0.0 ], [ 112.36265964200004, -8.295387713999958, 0.0 ], [ 112.362786150000034, -8.295059348999928, 0.0 ], [ 112.362903901000095, -8.294879761999937, 0.0 ], [ 112.36323229900006, -8.294559661999926, 0.0 ], [ 112.363517834000049, -8.294404996999958, 0.0 ], [ 112.363874754000108, -8.294196793999959, 0.0 ], [ 112.364017521000051, -8.294095666999965, 0.0 ], [ 112.36436849200004, -8.293477006999979, 0.0 ], [ 112.364386338000031, -8.293233111999939, 0.0 ], [ 112.364398235000067, -8.293007062999948, 0.0 ], [ 112.364386338000031, -8.292763168999954, 0.0 ], [ 112.364392286000111, -8.292590657999938, 0.0 ], [ 112.364398235000067, -8.292388403999951, 0.0 ], [ 112.36443392700005, -8.29225753299994, 0.0 ], [ 112.364541003000113, -8.292079073999957, 0.0 ], [ 112.364576695000096, -8.29195415199996, 0.0 ], [ 112.364588592000018, -8.291817332999926, 0.0 ], [ 112.364493413000105, -8.29126410799995, 0.0 ], [ 112.364451773000042, -8.29102616199998, 0.0 ], [ 112.364338748000023, -8.29078226699994, 0.0 ], [ 112.364249519000055, -8.290568115999974, 0.0 ], [ 112.364195448000032, -8.290476773999956, 0.0 ], [ 112.364231673000063, -8.290187401999958, 0.0 ], [ 112.364231673000063, -8.290068428999973, 0.0 ], [ 112.364231673000063, -8.289973250999935, 0.0 ], [ 112.364362543000084, -8.289675817999978, 0.0 ], [ 112.364475567000113, -8.28951520399994, 0.0 ], [ 112.364576695000096, -8.289324847999978, 0.0 ], [ 112.36460643800001, -8.289170182999953, 0.0 ], [ 112.364594540000098, -8.288938184999949, 0.0 ], [ 112.364535054000044, -8.288432549999925, 0.0 ], [ 112.364523157, -8.28828383299998, 0.0 ], [ 112.364715612000055, -8.287959695999973, 0.0 ], [ 112.364859999000032, -8.28786, 0.0 ], [ 112.36508, -8.28763, 0.0 ], [ 112.36539, -8.2872, 0.0 ], [ 112.36548, -8.287049998999976, 0.0 ], [ 112.36578, -8.28663, 0.0 ], [ 112.365896158000055, -8.286423495999941, 0.0 ], [ 112.365927039000098, -8.286106626999981, 0.0 ], [ 112.366028166000092, -8.285886525999956, 0.0 ], [ 112.366176882000104, -8.285678323999946, 0.0 ], [ 112.366331547000073, -8.285517709999965, 0.0 ], [ 112.366480263000085, -8.285452274999955, 0.0 ], [ 112.366569493000043, -8.28539873699998, 0.0 ], [ 112.366605185000026, -8.285303557999953, 0.0 ], [ 112.366623031000017, -8.285202430999959, 0.0 ], [ 112.366629174000082, -8.284932887999958, 0.0 ], [ 112.366783645000055, -8.284839563999981, 0.0 ], [ 112.366783645000055, -8.284673000999931, 0.0 ], [ 112.366736055000047, -8.284476695999956, 0.0 ], [ 112.366694415000097, -8.284316081999975, 0.0 ], [ 112.366777696000099, -8.284090032999927, 0.0 ], [ 112.366834613000037, -8.284014143999968, 0.0 ], [ 112.366825285, -8.283827498999926, 0.0 ], [ 112.366801491000047, -8.283708525999941, 0.0 ], [ 112.366755208000086, -8.283592367999972, 0.0 ], [ 112.366744384000071, -8.28348961599994, 0.0 ], [ 112.366781463000052, -8.283441551999942, 0.0 ], [ 112.366863357000057, -8.283351606999929, 0.0 ], [ 112.367015642000069, -8.283294499999954, 0.0 ], [ 112.36737095, -8.283246930999951, 0.0 ], [ 112.367382429000031, -8.283241801999964, 0.0 ], [ 112.367662855000049, -8.283204080999951, 0.0 ], [ 112.36792459600008, -8.283061312999962, 0.0 ], [ 112.36803881000003, -8.282942339999977, 0.0 ], [ 112.368290301000116, -8.28266522399997, 0.0 ], [ 112.368330294000089, -8.282638561999931, 0.0 ], [ 112.368461165000099, -8.282531485999925, 0.0 ], [ 112.368556343000023, -8.282364923999978, 0.0 ], [ 112.368556343000023, -8.282198361999974, 0.0 ], [ 112.368461165000099, -8.282008004999966, 0.0 ], [ 112.368401678000055, -8.281805750999979, 0.0 ], [ 112.368401678000055, -8.281520214999944, 0.0 ], [ 112.368544446000101, -8.28138934499998, 0.0 ], [ 112.36882998100009, -8.281365549999975, 0.0 ], [ 112.369032235000077, -8.281246576999933, 0.0 ], [ 112.369091722, -8.281103809999934, 0.0 ], [ 112.369055840000101, -8.280707656999937, 0.0 ], [ 112.369220958000028, -8.280828743999962, 0.0 ], [ 112.373694345000104, -8.280152976999943, 0.0 ], [ 112.374498004000088, -8.278824703999931, 0.0 ], [ 112.375440468000079, -8.277267015999939, 0.0 ], [ 112.376879615, -8.274888419999968, 0.0 ], [ 112.377210532000049, -8.274341485999969, 0.0 ], [ 112.37824, -8.27264, 0.0 ], [ 112.37929500100006, -8.272231750999936, 0.0 ], [ 112.380577266000046, -8.27211634799994, 0.0 ], [ 112.381273121000049, -8.272053720999963, 0.0 ], [ 112.381840247000014, -8.272002678999968, 0.0 ], [ 112.382294024000089, -8.271989659999974, 0.0 ], [ 112.382362305000015, -8.272321567999938, 0.0 ], [ 112.382507263000093, -8.273381097999959, 0.0 ], [ 112.382629346000044, -8.274160265999967, 0.0 ], [ 112.382663889000014, -8.274867369999981, 0.0 ], [ 112.382682735000117, -8.275253163999935, 0.0 ], [ 112.382842974000027, -8.275654666999969, 0.0 ], [ 112.383003189000078, -8.276075224999943, 0.0 ], [ 112.383163403000026, -8.276505334999968, 0.0 ], [ 112.383338900000012, -8.276884907999943, 0.0 ], [ 112.383644072000038, -8.277610661999972, 0.0 ], [ 112.383888214000081, -8.27844986599996, 0.0 ], [ 112.384117075000063, -8.279396865999956, 0.0 ], [ 112.384338344000071, -8.280114035999929, 0.0 ], [ 112.384414631000027, -8.280388692999963, 0.0 ] ] ], [ [ [ 112.345998075000011, -8.350582091999968, 0.0 ], [ 112.345988001000023, -8.35058668399995, 0.0 ], [ 112.345903360000079, -8.350575603999971, 0.0 ], [ 112.345831052000108, -8.350515148999932, 0.0 ], [ 112.345764307000081, -8.350412544999926, 0.0 ], [ 112.345679182000026, -8.350387495999939, 0.0 ], [ 112.345599501000038, -8.350338821999969, 0.0 ], [ 112.345529729000077, -8.350329689999967, 0.0 ], [ 112.34547942800009, -8.350296451999952, 0.0 ], [ 112.345449683000083, -8.350248520999969, 0.0 ], [ 112.345450529, -8.350243395999939, 0.0 ], [ 112.345461292000095, -8.350178193999966, 0.0 ], [ 112.34552997500009, -8.350133878999941, 0.0 ], [ 112.345628159000057, -8.350130508999939, 0.0 ], [ 112.345719331000055, -8.350127378999957, 0.0 ], [ 112.345797685000093, -8.35015965499997, 0.0 ], [ 112.345904092000069, -8.350190966999946, 0.0 ], [ 112.345933837000075, -8.35023889699994, 0.0 ], [ 112.34597954100002, -8.350342221999938, 0.0 ], [ 112.346046769000054, -8.350458793999962, 0.0 ], [ 112.346070951000115, -8.350548871999933, 0.0 ], [ 112.345998075000011, -8.350582091999968, 0.0 ] ] ], [ [ [ 112.348266452000075, -8.352252523999937, 0.0 ], [ 112.348227786000052, -8.352252523999937, 0.0 ], [ 112.348186146000103, -8.352240626999958, 0.0 ], [ 112.348129633000099, -8.352204934999975, 0.0 ], [ 112.348066880000033, -8.352185569999961, 0.0 ], [ 112.348008753000045, -8.352167631999976, 0.0 ], [ 112.347938380000073, -8.352163056999927, 0.0 ], [ 112.347880288000056, -8.352100120999978, 0.0 ], [ 112.347886574000086, -8.352073218999976, 0.0 ], [ 112.347904523000011, -8.351996389999954, 0.0 ], [ 112.348007302000042, -8.351922930999933, 0.0 ], [ 112.348111826000036, -8.351926894999963, 0.0 ], [ 112.348186985000098, -8.352042633999929, 0.0 ], [ 112.348224811000023, -8.352103807999981, 0.0 ], [ 112.348281324000027, -8.352127601999939, 0.0 ], [ 112.348311068000044, -8.352178164999941, 0.0 ], [ 112.348312966000094, -8.352222220999977, 0.0 ], [ 112.348266452000075, -8.352252523999937, 0.0 ] ] ], [ [ [ 112.346239037000032, -8.34992772499993, 0.0 ], [ 112.346176885000091, -8.349957829999937, 0.0 ], [ 112.346070478000115, -8.349926517999961, 0.0 ], [ 112.345985112000108, -8.349894482999957, 0.0 ], [ 112.345895986000073, -8.349894314999972, 0.0 ], [ 112.345836384000108, -8.349857630999963, 0.0 ], [ 112.345805914000039, -8.349788746999934, 0.0 ], [ 112.345838805000085, -8.34972468199993, 0.0 ], [ 112.345908454000096, -8.349708304999979, 0.0 ], [ 112.34595803000002, -8.349720589999947, 0.0 ], [ 112.346051376000105, -8.349780321999958, 0.0 ], [ 112.346122717000071, -8.349812837999934, 0.0 ], [ 112.346180514000025, -8.349859804999937, 0.0 ], [ 112.346239037000032, -8.34992772499993, 0.0 ] ] ], [ [ [ 112.347060261000024, -8.347100156999943, 0.0 ], [ 112.347001573000057, -8.34710671299996, 0.0 ], [ 112.347001250000062, -8.347106680999957, 0.0 ], [ 112.346980971000107, -8.347104659999957, 0.0 ], [ 112.346922088000042, -8.347098790999951, 0.0 ], [ 112.346909709000101, -8.347075332999964, 0.0 ], [ 112.346895603, -8.347048600999926, 0.0 ], [ 112.346971096000061, -8.347020227999963, 0.0 ], [ 112.347080577000042, -8.346979082999951, 0.0 ], [ 112.347195357000032, -8.346921323999936, 0.0 ], [ 112.347197329000096, -8.34692141499994, 0.0 ], [ 112.347251902000039, -8.34692393399996, 0.0 ], [ 112.347255585000084, -8.346924103999982, 0.0 ], [ 112.347264372000041, -8.346973286999969, 0.0 ], [ 112.347271647000071, -8.347014, 0.0 ], [ 112.347196435000114, -8.347084944999949, 0.0 ], [ 112.347060261000024, -8.347100156999943, 0.0 ] ] ] ] } },
{ "type": "Feature", "properties": { "OBJECTID": 116250.0, "KDPPUM": "35", "NAMOBJ": "Tulungrejo", "REMARK": null, "KDPBPS": null, "FCODE": "BA03070040", "LUASWH": 19.60115127, "UUPP": "Hasil Delineasi Batas Desa 2019", "SRS_ID": "SRGI 2013", "METADATA": "TASWIL1000020200326DATA_BATAS_DESA_KELURAHAN", "KDEBPS": null, "KDEPUM": "35.05.20.2002", "KDCBPS": null, "KDCPUM": "35.05.20", "KDBBPS": null, "WADMKD": "Tulungrejo", "WIADKD": null, "WADMKC": "Wates", "WIADKC": null, "WADMKK": "Blitar", "WIADKK": null, "WADMPR": "Jawa Timur", "WIADPR": null, "TIPADM": 1.0, "KDPKAB": "35.05", "SHAPE_Leng": 0.29117062041007402, "SHAPE_Area": 0.0015494000112080001 }, "geometry": { "type": "MultiPolygon", "coordinates": [ [ [ [ 112.273868476000075, -8.33717489199995, 0.0 ], [ 112.27395140200008, -8.336974460999954, 0.0 ], [ 112.274170344000026, -8.336332514999981, 0.0 ], [ 112.274235646000079, -8.335840959999928, 0.0 ], [ 112.274245392000012, -8.335767596999972, 0.0 ], [ 112.274195516000077, -8.335203080999975, 0.0 ], [ 112.274059001000069, -8.334590987999945, 0.0 ], [ 112.273960769000041, -8.333930918999954, 0.0 ], [ 112.273997534000046, -8.333413977999953, 0.0 ], [ 112.274111330000096, -8.332944643999951, 0.0 ], [ 112.274149105000106, -8.332840132999934, 0.0 ], [ 112.274301814000069, -8.332417638999971, 0.0 ], [ 112.274540748000049, -8.332014898999944, 0.0 ], [ 112.274731541000051, -8.331583600999977, 0.0 ], [ 112.274835540000026, -8.331056872999966, 0.0 ], [ 112.274977078, -8.330252472999973, 0.0 ], [ 112.2750334320001, -8.329850318999945, 0.0 ], [ 112.275185322000084, -8.329275582999969, 0.0 ], [ 112.275375835000091, -8.328758148999952, 0.0 ], [ 112.275681938000048, -8.3283264799999, 0.0 ], [ 112.276371915000027, -8.327740444999961, 0.0 ], [ 112.276794042, -8.327385168999967, 0.0 ], [ 112.276854787000048, -8.32718551499994, 0.0 ], [ 112.276890479000031, -8.327096284999925, 0.0 ], [ 112.276951155, -8.327021331999958, 0.0 ], [ 112.27706893800007, -8.326907117999951, 0.0 ], [ 112.277204568000116, -8.326785764999954, 0.0 ], [ 112.277275952000082, -8.32673579599998, 0.0 ], [ 112.277454411, -8.326664412999946, 0.0 ], [ 112.27755434900007, -8.326607305999971, 0.0 ], [ 112.277675701000021, -8.326564474999941, 0.0 ], [ 112.277804192000076, -8.326457399999981, 0.0 ], [ 112.278054035000082, -8.326336046999927, 0.0 ], [ 112.278422923000107, -8.326165790999937, 0.0 ], [ 112.278634174000103, -8.326029568999957, 0.0 ], [ 112.278729808000094, -8.325970884999947, 0.0 ], [ 112.279258540000114, -8.325646438999968, 0.0 ], [ 112.279364895000072, -8.325581175999957, 0.0 ], [ 112.279621965000047, -8.325423429999944, 0.0 ], [ 112.280283819000033, -8.325057607999952, 0.0 ], [ 112.280734206000034, -8.324673324999935, 0.0 ], [ 112.280741711000019, -8.324638204999928, 0.0 ], [ 112.280809929000043, -8.32431896199995, 0.0 ], [ 112.280865991000042, -8.323606524999946, 0.0 ], [ 112.280883754000115, -8.323380788999941, 0.0 ], [ 112.280988459000014, -8.323074186999975, 0.0 ], [ 112.281131477000031, -8.322729177999975, 0.0 ], [ 112.281184365000058, -8.322660996999957, 0.0 ], [ 112.281332429000031, -8.322470118999945, 0.0 ], [ 112.281581644000084, -8.3222779, 0.0 ], [ 112.282061321000015, -8.322037082999941, 0.0 ], [ 112.282608387000096, -8.32183433199998, 0.0 ], [ 112.283136545000048, -8.321727348999957, 0.0 ], [ 112.283482971000012, -8.321879361999947, 0.0 ], [ 112.284079889000054, -8.322231551999948, 0.0 ], [ 112.284212192000041, -8.322244990999934, 0.0 ], [ 112.284262524000042, -8.322250102999931, 0.0 ], [ 112.284377366000058, -8.322106170999973, 0.0 ], [ 112.284587612000109, -8.321751372999927, 0.0 ], [ 112.284595849000084, -8.321330232999969, 0.0 ], [ 112.284556010000074, -8.320899677999932, 0.0 ], [ 112.28427578600008, -8.320345968999959, 0.0 ], [ 112.284246524000082, -8.320288148999964, 0.0 ], [ 112.283878793000099, -8.319494963999944, 0.0 ], [ 112.283768766000094, -8.319212770999968, 0.0 ], [ 112.283733442000084, -8.319122173999972, 0.0 ], [ 112.28400973600003, -8.318393902999958, 0.0 ], [ 112.284228438000014, -8.317684960999941, 0.0 ], [ 112.284451587000035, -8.31645509599997, 0.0 ], [ 112.284464136000111, -8.316444570999977, 0.0 ], [ 112.284909818000074, -8.316070786999944, 0.0 ], [ 112.285258562000081, -8.315660507999951, 0.0 ], [ 112.285311619000026, -8.315629717999968, 0.0 ], [ 112.285706202000028, -8.315400727999929, 0.0 ], [ 112.285787284000094, -8.315306798999927, 0.0 ], [ 112.28585866700007, -8.315187825999942, 0.0 ], [ 112.285918154000115, -8.315086698999949, 0.0 ], [ 112.28603117800003, -8.315080749999936, 0.0 ], [ 112.286150151000015, -8.315128339999944, 0.0 ], [ 112.286251279000112, -8.315175928999963, 0.0 ], [ 112.286394046000055, -8.315259209999965, 0.0 ], [ 112.2868, -8.31545, 0.0 ], [ 112.286889618000032, -8.31545, 0.0 ], [ 112.287025132000053, -8.315349966999975, 0.0 ], [ 112.287139963000072, -8.315203640999925, 0.0 ], [ 112.287254677000078, -8.315021424999941, 0.0 ], [ 112.287390839000068, -8.314786500999958, 0.0 ], [ 112.287426074000109, -8.314713745999939, 0.0 ], [ 112.287763502000075, -8.314409900999976, 0.0 ], [ 112.288319850000107, -8.314111405999938, 0.0 ], [ 112.288647639000033, -8.313955820999979, 0.0 ], [ 112.288656223000089, -8.313954341999931, 0.0 ], [ 112.288823627000056, -8.313900203999935, 0.0 ], [ 112.288918058000036, -8.313862915999948, 0.0 ], [ 112.288981707000062, -8.31394518299993, 0.0 ], [ 112.28955, -8.31358999899993, 0.0 ], [ 112.289900000000102, -8.31315, 0.0 ], [ 112.290109999000038, -8.3129, 0.0 ], [ 112.29027, -8.31272, 0.0 ], [ 112.29033, -8.31264, 0.0 ], [ 112.2906, -8.31259, 0.0 ], [ 112.290660000000116, -8.31253, 0.0 ], [ 112.290889999000115, -8.31232, 0.0 ], [ 112.29114, -8.31198, 0.0 ], [ 112.291219999000077, -8.31179, 0.0 ], [ 112.29133, -8.3115, 0.0 ], [ 112.29144, -8.31137, 0.0 ], [ 112.29194, -8.31114, 0.0 ], [ 112.29219, -8.31102, 0.0 ], [ 112.292420000000106, -8.31065, 0.0 ], [ 112.2925, -8.31046, 0.0 ], [ 112.292820396000025, -8.309489385999939, 0.0 ], [ 112.292840094000098, -8.309428484999955, 0.0 ], [ 112.292844415000104, -8.309359338999968, 0.0 ], [ 112.292963341000018, -8.309121389999973, 0.0 ], [ 112.293010931000026, -8.308973863999938, 0.0 ], [ 112.293010931000026, -8.308788265999965, 0.0 ], [ 112.292768226000021, -8.308526524999934, 0.0 ], [ 112.292601663000028, -8.308426587999975, 0.0 ], [ 112.292439860000059, -8.308345685999939, 0.0 ], [ 112.292316128000039, -8.308293337999942, 0.0 ], [ 112.292061173000093, -8.308148965999976, 0.0 ], [ 112.291757115000109, -8.307929613999931, 0.0 ], [ 112.291628464000041, -8.307696092999947, 0.0 ], [ 112.291635602000042, -8.307610431999933, 0.0 ], [ 112.291664156000024, -8.307474802999934, 0.0 ], [ 112.291728401000114, -8.307346311999936, 0.0 ], [ 112.29191, -8.3071, 0.0 ], [ 112.29229, -8.30676, 0.0 ], [ 112.292429999000092, -8.30662, 0.0 ], [ 112.292430060000015, -8.306619696999974, 0.0 ], [ 112.292537418000052, -8.306488516999934, 0.0 ], [ 112.292523141000061, -8.306379060999973, 0.0 ], [ 112.292432722000058, -8.306260087999931, 0.0 ], [ 112.292289954000012, -8.305993588999968, 0.0 ], [ 112.292052008000041, -8.305784195999934, 0.0 ], [ 112.29191399900003, -8.305722329999981, 0.0 ], [ 112.291823580000028, -8.305669981999927, 0.0 ], [ 112.291695089000086, -8.305612874999952, 0.0 ], [ 112.291542803000084, -8.30553673199995, 0.0 ], [ 112.291430329000036, -8.305404177999947, 0.0 ], [ 112.29158, -8.305029998999942, 0.0 ], [ 112.291621907000035, -8.304969465999932, 0.0 ], [ 112.291752196000061, -8.304637295999953, 0.0 ], [ 112.291866410000011, -8.30445169799998, 0.0 ], [ 112.291990142000031, -8.304275617999963, 0.0 ], [ 112.292132910000078, -8.30414236799993, 0.0 ], [ 112.292275677000021, -8.304037671999936, 0.0 ], [ 112.292356579000057, -8.304013876999932, 0.0 ], [ 112.292499347000103, -8.304061465999951, 0.0 ], [ 112.292737293000073, -8.30414236799993, 0.0 ], [ 112.292861025000093, -8.304213751999953, 0.0 ], [ 112.293141801000047, -8.304375554999979, 0.0 ], [ 112.293270292000102, -8.30445169799998, 0.0 ], [ 112.293488013000115, -8.304593275999935, 0.0 ], [ 112.29360103700003, -8.304676556999937, 0.0 ], [ 112.293690267000102, -8.304706299999964, 0.0 ], [ 112.29389784600005, -8.304756407999946, 0.0 ], [ 112.29453, -8.30424, 0.0 ], [ 112.2947, -8.3041, 0.0 ], [ 112.29528450600003, -8.304004358999975, 0.0 ], [ 112.295474863000095, -8.303968666999936, 0.0 ], [ 112.295635476000029, -8.303867539999942, 0.0 ], [ 112.295849628000042, -8.30378425899994, 0.0 ], [ 112.295956703000115, -8.303730720999965, 0.0 ], [ 112.296034036000037, -8.303671234999968, 0.0 ], [ 112.296070398000097, -8.303637469999956, 0.0 ], [ 112.296067212000025, -8.303376732999936, 0.0 ], [ 112.296356, -8.303087, 0.0 ], [ 112.296359278000068, -8.303314367999974, 0.0 ], [ 112.296359626000026, -8.303338526999937, 0.0 ], [ 112.296596143000102, -8.303307881999956, 0.0 ], [ 112.297191907000069, -8.303315511999926, 0.0 ], [ 112.297960218000071, -8.303198160999955, 0.0 ], [ 112.299007586000016, -8.303204315999949, 0.0 ], [ 112.29973515000006, -8.30318744799996, 0.0 ], [ 112.300402260000055, -8.303171979999945, 0.0 ], [ 112.300448779000021, -8.30317090099993, 0.0 ], [ 112.300477839000109, -8.303165978999971, 0.0 ], [ 112.30102497900009, -8.303073311999981, 0.0 ], [ 112.301388240000051, -8.302939589999937, 0.0 ], [ 112.301418458000057, -8.302928465999969, 0.0 ], [ 112.301936280000064, -8.302610939999965, 0.0 ], [ 112.302482233000092, -8.302082766999945, 0.0 ], [ 112.302874606000046, -8.301602947999982, 0.0 ], [ 112.303106062000097, -8.301192683999943, 0.0 ], [ 112.303323588000012, -8.300807110999926, 0.0 ], [ 112.303820263000034, -8.299905840999941, 0.0 ], [ 112.304221356000085, -8.299158012999953, 0.0 ], [ 112.304364157, -8.298755576999952, 0.0 ], [ 112.304619250000087, -8.298544120999964, 0.0 ], [ 112.305082833000029, -8.298159839999926, 0.0 ], [ 112.305638732000034, -8.29773690899998, 0.0 ], [ 112.306252122000046, -8.297265934999928, 0.0 ], [ 112.30709317000003, -8.295904139999948, 0.0 ], [ 112.307676528000115, -8.295069576999936, 0.0 ], [ 112.308029189000081, -8.294207057999927, 0.0 ], [ 112.308161744000017, -8.293613240999946, 0.0 ], [ 112.308228820000068, -8.293387834999976, 0.0 ], [ 112.308361303000083, -8.292942637999943, 0.0 ], [ 112.308445783000025, -8.292339407999975, 0.0 ], [ 112.30842511100002, -8.291899223999962, 0.0 ], [ 112.308279468000023, -8.291440308999938, 0.0 ], [ 112.308216486000106, -8.291222111999957, 0.0 ], [ 112.308055915000068, -8.290665816999933, 0.0 ], [ 112.30785094700002, -8.289699848999931, 0.0 ], [ 112.307733624000093, -8.289087709999933, 0.0 ], [ 112.307539532000078, -8.288504533999969, 0.0 ], [ 112.307317666000017, -8.287947015999976, 0.0 ], [ 112.307026031000078, -8.287214172999938, 0.0 ], [ 112.306540664000067, -8.285713163999958, 0.0 ], [ 112.306094618000088, -8.284480003999931, 0.0 ], [ 112.306090977000053, -8.284469241999943, 0.0 ], [ 112.30704017100004, -8.284586025999943, 0.0 ], [ 112.308074549000025, -8.284662693999962, 0.0 ], [ 112.309076302000108, -8.284679349999976, 0.0 ], [ 112.310018569000022, -8.284750733999942, 0.0 ], [ 112.310373108000022, -8.284738836999963, 0.0 ], [ 112.311366533000069, -8.284804271999974, 0.0 ], [ 112.312223139000025, -8.284828065999932, 0.0 ], [ 112.312699032000069, -8.284863757999972, 0.0 ], [ 112.31464424100011, -8.284839963999957, 0.0 ], [ 112.316030277000095, -8.284863757999972, 0.0 ], [ 112.317565029000093, -8.284901829999967, 0.0 ], [ 112.318278868000107, -8.284920864999947, 0.0 ], [ 112.319316313000058, -8.284982730999957, 0.0 ], [ 112.319901660000028, -8.284977971999979, 0.0 ], [ 112.321029525000085, -8.284963695999977, 0.0 ], [ 112.322214496000015, -8.28493038299996, 0.0 ], [ 112.322990200000049, -8.284858998999937, 0.0 ], [ 112.32312820900006, -8.284844722999935, 0.0 ], [ 112.323389950000092, -8.284844722999935, 0.0 ], [ 112.323775423000029, -8.284820927999931, 0.0 ], [ 112.324246556000048, -8.284782856999925, 0.0 ], [ 112.324912998000059, -8.284714821999955, 0.0 ], [ 112.325053788000105, -8.284704333999969, 0.0 ], [ 112.325199530000077, -8.284695410999973, 0.0 ], [ 112.32534229800001, -8.284677564999981, 0.0 ], [ 112.325488040000096, -8.284632950999935, 0.0 ], [ 112.325485065000066, -8.283083326999929, 0.0 ], [ 112.325470000000109, -8.2814, 0.0 ], [ 112.32551, -8.28126, 0.0 ], [ 112.3255, -8.281079998999928, 0.0 ], [ 112.32551, -8.28086, 0.0 ], [ 112.325537576000102, -8.280098910999925, 0.0 ], [ 112.32530017800002, -8.27843095399993, 0.0 ], [ 112.325337539000088, -8.277475531999926, 0.0 ], [ 112.325373231000071, -8.277161442999954, 0.0 ], [ 112.325507328000072, -8.276897079999969, 0.0 ], [ 112.325487445000022, -8.276604648999978, 0.0 ], [ 112.325433907000047, -8.27641429199997, 0.0 ], [ 112.325416061000055, -8.276295318999928, 0.0 ], [ 112.325392266000108, -8.276170397999977, 0.0 ], [ 112.325392266000108, -8.276045475999979, 0.0 ], [ 112.325457701, -8.27586701599995, 0.0 ], [ 112.325499342000057, -8.275670710999975, 0.0 ], [ 112.32553, -8.27535, 0.0 ], [ 112.3255, -8.27458, 0.0 ], [ 112.32549, -8.27436, 0.0 ], [ 112.3255, -8.274139998999942, 0.0 ], [ 112.32553, -8.273689998999942, 0.0 ], [ 112.32558, -8.27304, 0.0 ], [ 112.32565000000011, -8.27238, 0.0 ], [ 112.32567, -8.2722, 0.0 ], [ 112.32565000000011, -8.27132, 0.0 ], [ 112.325639999000032, -8.27119, 0.0 ], [ 112.325644065, -8.271080231999974, 0.0 ], [ 112.325449964000086, -8.270016947999977, 0.0 ], [ 112.325415768000084, -8.269829621999975, 0.0 ], [ 112.325359112000115, -8.269519263999939, 0.0 ], [ 112.325357548000056, -8.269510694999951, 0.0 ], [ 112.325354258000061, -8.269297498999947, 0.0 ], [ 112.325272471000062, -8.269112717999974, 0.0 ], [ 112.325283838000018, -8.268522627999971, 0.0 ], [ 112.32488408800009, -8.267903967999928, 0.0 ], [ 112.324608071000057, -8.267580361999933, 0.0 ], [ 112.324722285, -8.266771344999938, 0.0 ], [ 112.324788910000052, -8.26571486399996, 0.0 ], [ 112.324855535000097, -8.265305596999951, 0.0 ], [ 112.325112517000093, -8.264563204999945, 0.0 ], [ 112.325331427000037, -8.263839848999964, 0.0 ], [ 112.325621969000053, -8.262388658999953, 0.0 ], [ 112.325609567000015, -8.262325181999927, 0.0 ], [ 112.325849678000054, -8.261612733999925, 0.0 ], [ 112.325850045000038, -8.261611645999949, 0.0 ], [ 112.325919694000049, -8.261404986999935, 0.0 ], [ 112.325951341000064, -8.261311083999942, 0.0 ], [ 112.326035747000105, -8.261060638999936, 0.0 ], [ 112.326378390000059, -8.260356317999936, 0.0 ], [ 112.326548602000116, -8.259966396999971, 0.0 ], [ 112.326619563, -8.259803839999961, 0.0 ], [ 112.326721812000073, -8.259792662999928, 0.0 ], [ 112.32739596600004, -8.259792662999928, 0.0 ], [ 112.327733083000112, -8.259792662999928, 0.0 ], [ 112.329624754000065, -8.259792662999928, 0.0 ], [ 112.330661009000096, -8.259771247999936, 0.0 ], [ 112.332054184000071, -8.259774816999936, 0.0 ], [ 112.333691253000097, -8.260117458999957, 0.0 ], [ 112.335118930000021, -8.260203119999971, 0.0 ], [ 112.337180000000103, -8.26016, 0.0 ], [ 112.337803008000037, -8.260155967999935, 0.0 ], [ 112.338458563000017, -8.260151724999957, 0.0 ], [ 112.338397065000095, -8.261980868999956, 0.0 ], [ 112.338343393000059, -8.262387728999954, 0.0 ], [ 112.33832, -8.26284, 0.0 ], [ 112.338259999000115, -8.263179998999931, 0.0 ], [ 112.338170000000105, -8.26383, 0.0 ], [ 112.338145638000015, -8.264012716999957, 0.0 ], [ 112.33797, -8.2665, 0.0 ], [ 112.337718919000054, -8.268458951999946, 0.0 ], [ 112.337528562000102, -8.26958919599997, 0.0 ], [ 112.337254924000035, -8.271290509999972, 0.0 ], [ 112.336957491000021, -8.272968029999959, 0.0 ], [ 112.336868262000053, -8.273931711999978, 0.0 ], [ 112.33682475, -8.274477717999957, 0.0 ], [ 112.336852943000054, -8.277762377999977, 0.0 ], [ 112.336860000000115, -8.27784, 0.0 ], [ 112.33687, -8.2781, 0.0 ], [ 112.33688, -8.27863, 0.0 ], [ 112.33688, -8.27881, 0.0 ], [ 112.33688, -8.27887, 0.0 ], [ 112.336871680000058, -8.279161207999948, 0.0 ], [ 112.336872643000106, -8.28065074899996, 0.0 ], [ 112.336899195000115, -8.28137387299995, 0.0 ], [ 112.336937563000106, -8.283011238999961, 0.0 ], [ 112.336952792000034, -8.283340556999974, 0.0 ], [ 112.336846906, -8.284986667999931, 0.0 ], [ 112.335847532000116, -8.28515798899997, 0.0 ], [ 112.334962373000053, -8.285224613999958, 0.0 ], [ 112.334486481000113, -8.285291238999946, 0.0 ], [ 112.333877339000082, -8.28525316799994, 0.0 ], [ 112.333525178000059, -8.285234131999971, 0.0 ], [ 112.332459180000114, -8.28515798899997, 0.0 ], [ 112.331785722000063, -8.285059812999975, 0.0 ], [ 112.331098128, -8.285043774999963, 0.0 ], [ 112.330565129000092, -8.284948596999925, 0.0 ], [ 112.330232004000095, -8.284862935999968, 0.0 ], [ 112.329632380000021, -8.284729685999935, 0.0 ], [ 112.329008961000113, -8.284629748999976, 0.0 ], [ 112.328418855000109, -8.284582159999957, 0.0 ], [ 112.327990552000074, -8.284534569999948, 0.0 ], [ 112.327590803000021, -8.284525051999935, 0.0 ], [ 112.32740044600007, -8.28461071299995, 0.0 ], [ 112.326962625000078, -8.284696373999964, 0.0 ], [ 112.326410590000023, -8.284696373999964, 0.0 ], [ 112.326029876, -8.284667819999981, 0.0 ], [ 112.325944216000039, -8.284696373999964, 0.0 ], [ 112.325915662000057, -8.284998564999967, 0.0 ], [ 112.325896626000031, -8.285217475999957, 0.0 ], [ 112.325887109000064, -8.285407832999965, 0.0 ], [ 112.325820484000019, -8.28558867199996, 0.0 ], [ 112.325791930000037, -8.285759992999942, 0.0 ], [ 112.325782412000081, -8.285997938999969, 0.0 ], [ 112.325753859000088, -8.286131188999946, 0.0 ], [ 112.325734823000062, -8.286245402999953, 0.0 ], [ 112.325715787000036, -8.286464312999954, 0.0 ], [ 112.325706270000069, -8.286559491999981, 0.0 ], [ 112.325696752000113, -8.286740330999976, 0.0 ], [ 112.325734823000062, -8.286854544999926, 0.0 ], [ 112.325763377000044, -8.287063936999971, 0.0 ], [ 112.325763377000044, -8.287292365999974, 0.0 ], [ 112.325734823000062, -8.287511275999975, 0.0 ], [ 112.325630127000068, -8.28880570299998, 0.0 ], [ 112.325287484000114, -8.29150877099994, 0.0 ], [ 112.325, -8.29306, 0.0 ], [ 112.324489999000093, -8.294749998999976, 0.0 ], [ 112.32434, -8.2954, 0.0 ], [ 112.324258130000089, -8.296063058999948, 0.0 ], [ 112.324259467000047, -8.297654940999962, 0.0 ], [ 112.324486558000103, -8.297897622999926, 0.0 ], [ 112.324607910000054, -8.298040390999972, 0.0 ], [ 112.324686433000011, -8.298197434999963, 0.0 ], [ 112.3247435400001, -8.29831878799996, 0.0 ], [ 112.324800647000075, -8.298440139999968, 0.0 ], [ 112.324843477000059, -8.298561492999966, 0.0 ], [ 112.324921999000026, -8.298732813999948, 0.0 ], [ 112.325029075000089, -8.29893982699997, 0.0 ], [ 112.32515756600003, -8.29923963899995, 0.0 ], [ 112.325236088000111, -8.299368129999948, 0.0 ], [ 112.325321749000068, -8.299525174999928, 0.0 ], [ 112.325400271000035, -8.299603696999952, 0.0 ], [ 112.325493070000107, -8.299710772999958, 0.0 ], [ 112.325543039000081, -8.299782155999935, 0.0 ], [ 112.32564297600004, -8.29988209399994, 0.0 ], [ 112.325685806000024, -8.299939200999972, 0.0 ], [ 112.325721498, -8.30002486099994, 0.0 ], [ 112.325742913000113, -8.300146213999938, 0.0 ], [ 112.325785744000086, -8.302851660999977, 0.0 ], [ 112.325792882000087, -8.304108016999976, 0.0 ], [ 112.325764328000105, -8.304243645999975, 0.0 ], [ 112.32580668300011, -8.307886703999941, 0.0 ], [ 112.32568295100009, -8.307953328999929, 0.0 ], [ 112.325502112000095, -8.307886703999941, 0.0 ], [ 112.325235612000029, -8.307772489999934, 0.0 ], [ 112.325130916000035, -8.307629721999945, 0.0 ], [ 112.324835863000089, -8.307496471999968, 0.0 ], [ 112.324712131000069, -8.307410811999944, 0.0 ], [ 112.324493220000022, -8.307363221999935, 0.0 ], [ 112.324293346000104, -8.307410811999944, 0.0 ], [ 112.324245756000096, -8.307648757999971, 0.0 ], [ 112.324302863000071, -8.307839114999979, 0.0 ], [ 112.324302863000071, -8.307924774999947, 0.0 ], [ 112.324236239000015, -8.308029470999941, 0.0 ], [ 112.324160096000014, -8.308143685999937, 0.0 ], [ 112.323912632000088, -8.308334041999956, 0.0 ], [ 112.323665168000048, -8.308438738999939, 0.0 ], [ 112.323408186000052, -8.308571988999972, 0.0 ], [ 112.323265418, -8.308714755999972, 0.0 ], [ 112.323122651000062, -8.308886076999954, 0.0 ], [ 112.322989401000086, -8.309133540999937, 0.0 ], [ 112.32272290100002, -8.309190647999969, 0.0 ], [ 112.322532544000069, -8.308990773999938, 0.0 ], [ 112.322503991000076, -8.308629095999947, 0.0 ], [ 112.322503991000076, -8.308381631999964, 0.0 ], [ 112.32241833, -8.308229345999962, 0.0 ], [ 112.322227973000054, -8.308124649999968, 0.0 ], [ 112.322018581000066, -8.308134167999981, 0.0 ], [ 112.321809188000088, -8.308334041999956, 0.0 ], [ 112.321628349000093, -8.308457773999976, 0.0 ], [ 112.321333296000034, -8.308486327999958, 0.0 ], [ 112.321009689000107, -8.308315006999976, 0.0 ], [ 112.320838368000068, -8.308200792999969, 0.0 ], [ 112.320667047000029, -8.308134167999981, 0.0 ], [ 112.320224467000116, -8.308304060999944, 0.0 ], [ 112.320074561000069, -8.308332614999927, 0.0 ], [ 112.319981762000111, -8.308346890999928, 0.0 ], [ 112.319853271000056, -8.308375444999967, 0.0 ], [ 112.319667673000026, -8.308439689999943, 0.0 ], [ 112.319532044000084, -8.308475381999926, 0.0 ], [ 112.319353585000044, -8.308496797999965, 0.0 ], [ 112.319182263000016, -8.308503935999966, 0.0 ], [ 112.319018081000081, -8.308503935999966, 0.0 ], [ 112.318882451000036, -8.308496797999965, 0.0 ], [ 112.318661161000023, -8.308425413999942, 0.0 ], [ 112.318468425000106, -8.308389721999959, 0.0 ], [ 112.318354211000042, -8.30840399899995, 0.0 ], [ 112.318239997000092, -8.308475381999926, 0.0 ], [ 112.318054399000061, -8.308496797999965, 0.0 ], [ 112.317847386000039, -8.308496797999965, 0.0 ], [ 112.317676065000114, -8.308518212999957, 0.0 ], [ 112.317590404000043, -8.308561042999941, 0.0 ], [ 112.31719, -8.30888, 0.0 ], [ 112.316669999000055, -8.30959, 0.0 ], [ 112.316339999000093, -8.31032, 0.0 ], [ 112.316243010000107, -8.310433856999964, 0.0 ], [ 112.315870054000015, -8.311038061999966, 0.0 ], [ 112.315677317000109, -8.311309319999964, 0.0 ], [ 112.315584518000037, -8.311459225999954, 0.0 ], [ 112.315541688000053, -8.311587716999952, 0.0 ], [ 112.315484581000078, -8.311766176999981, 0.0 ], [ 112.315441751000094, -8.311908944999971, 0.0 ], [ 112.315341813000032, -8.312065988999962, 0.0 ], [ 112.315070828000103, -8.312600723999935, 0.0 ], [ 112.314761225000098, -8.312770903999933, 0.0 ], [ 112.314639872000043, -8.312877979999939, 0.0 ], [ 112.31448996600011, -8.313035024999976, 0.0 ], [ 112.314397167000038, -8.313213483999959, 0.0 ], [ 112.314275815000087, -8.313506157999939, 0.0 ], [ 112.314175877000025, -8.313656063999929, 0.0 ], [ 112.313997418000099, -8.313898768999934, 0.0 ], [ 112.313861789000043, -8.314127196999948, 0.0 ], [ 112.313654775000032, -8.31449125499995, 0.0 ], [ 112.313617739000051, -8.314980896999941, 0.0 ], [ 112.313726159000112, -8.315669087999936, 0.0 ], [ 112.313733298000102, -8.315847546999976, 0.0 ], [ 112.313719021000111, -8.316004591999956, 0.0 ], [ 112.313683329000014, -8.316204466999977, 0.0 ], [ 112.313569999000038, -8.31637, 0.0 ], [ 112.31343, -8.31659, 0.0 ], [ 112.313233611000101, -8.316618492999964, 0.0 ], [ 112.313069428000063, -8.316582800999981, 0.0 ], [ 112.312890968000033, -8.316568523999933, 0.0 ], [ 112.312762478000082, -8.316568523999933, 0.0 ], [ 112.312633987000027, -8.316597077999972, 0.0 ], [ 112.312569741000061, -8.316697014999932, 0.0 ], [ 112.312509146000025, -8.31688421299998, 0.0 ], [ 112.312379999000086, -8.317, 0.0 ], [ 112.312300251000011, -8.317042940999954, 0.0 ], [ 112.312148577000016, -8.317018241999961, 0.0 ], [ 112.311598921000041, -8.316839782999978, 0.0 ], [ 112.31139904600002, -8.316789813999947, 0.0 ], [ 112.31099929700008, -8.316668461999939, 0.0 ], [ 112.310713762000091, -8.316568523999933, 0.0 ], [ 112.310371119000024, -8.316447171999926, 0.0 ], [ 112.310178383000107, -8.316504278999957, 0.0 ], [ 112.310064169000043, -8.316604215999973, 0.0 ], [ 112.310042754000051, -8.31668273799994, 0.0 ], [ 112.309979999, -8.31689, 0.0 ], [ 112.309916645000044, -8.317120792999958, 0.0 ], [ 112.309778633000064, -8.317218116999982, 0.0 ], [ 112.309678696000105, -8.317382299999963, 0.0 ], [ 112.309607312000026, -8.317553620999945, 0.0 ], [ 112.309600174000025, -8.317803463999951, 0.0 ], [ 112.30972866500008, -8.318224628999928, 0.0 ], [ 112.309785772000055, -8.318345981999926, 0.0 ], [ 112.309955819000038, -8.318762767999942, 0.0 ], [ 112.310039999000082, -8.319149998999933, 0.0 ], [ 112.31016000000011, -8.32016, 0.0 ], [ 112.31014, -8.32066, 0.0 ], [ 112.30985, -8.32159, 0.0 ], [ 112.30968, -8.32226, 0.0 ], [ 112.3097, -8.32246, 0.0 ], [ 112.31003, -8.323439998999959, 0.0 ], [ 112.31056, -8.32468, 0.0 ], [ 112.310700000000111, -8.3251, 0.0 ], [ 112.31068, -8.32559, 0.0 ], [ 112.310558746000083, -8.326043108999954, 0.0 ], [ 112.310556717000054, -8.326555121999945, 0.0 ], [ 112.310601222000059, -8.327049124999974, 0.0 ], [ 112.310819999000046, -8.32737, 0.0 ], [ 112.31099, -8.327729998999928, 0.0 ], [ 112.31098, -8.328139998999973, 0.0 ], [ 112.31085, -8.32856, 0.0 ], [ 112.31046999900002, -8.3291, 0.0 ], [ 112.31036, -8.32948, 0.0 ], [ 112.31034000000011, -8.32984, 0.0 ], [ 112.310454400000026, -8.33010289799995, 0.0 ], [ 112.310525784000106, -8.330236147999926, 0.0 ], [ 112.3106304800001, -8.330378915999972, 0.0 ], [ 112.310877944000026, -8.33079294199996, 0.0 ], [ 112.310877944000026, -8.330926191999936, 0.0 ], [ 112.310811320000084, -8.331097512999975, 0.0 ], [ 112.310673311000073, -8.331226003999973, 0.0 ], [ 112.310440619000019, -8.331447786999945, 0.0 ], [ 112.3102069360001, -8.331635270999925, 0.0 ], [ 112.31008320400008, -8.33176376199998, 0.0 ], [ 112.310002303000033, -8.331868457999974, 0.0 ], [ 112.30995947200006, -8.332020743999976, 0.0 ], [ 112.309968990000016, -8.332130198999948, 0.0 ], [ 112.309988026000042, -8.332239653999977, 0.0 ], [ 112.310049892000052, -8.332344350999961, 0.0 ], [ 112.310229094000078, -8.332491218999962, 0.0 ], [ 112.310473436000052, -8.332701269999973, 0.0 ], [ 112.310639998000056, -8.332829760999971, 0.0 ], [ 112.310787525000023, -8.333005840999931, 0.0 ], [ 112.311049266000055, -8.333410348999962, 0.0 ], [ 112.311087337000117, -8.333667330999958, 0.0 ], [ 112.31102, -8.334, 0.0 ], [ 112.310950562000016, -8.334229680999954, 0.0 ], [ 112.310800612000094, -8.334422016999952, 0.0 ], [ 112.310693536000031, -8.334731346999945, 0.0 ], [ 112.310610255000029, -8.334975240999938, 0.0 ], [ 112.31059, -8.33575, 0.0 ], [ 112.31048, -8.33694, 0.0 ], [ 112.31033, -8.337519998999937, 0.0 ], [ 112.31018, -8.33766, 0.0 ], [ 112.30974, -8.33786, 0.0 ], [ 112.309152736000101, -8.337982028999932, 0.0 ], [ 112.309116623000023, -8.337759483999946, 0.0 ], [ 112.309109266000064, -8.337738367999975, 0.0 ], [ 112.30910343700009, -8.337701623999976, 0.0 ], [ 112.309074753, -8.337500921999947, 0.0 ], [ 112.309074754000108, -8.337498054999969, 0.0 ], [ 112.309071184000118, -8.337452843999927, 0.0 ], [ 112.309066425000083, -8.337401685999964, 0.0 ], [ 112.309055718000081, -8.337354096999945, 0.0 ], [ 112.309040252000045, -8.337286282999969, 0.0 ], [ 112.309030734000089, -8.33723512499995, 0.0 ], [ 112.309005748000118, -8.337123288999976, 0.0 ], [ 112.308984334000115, -8.337089977999938, 0.0 ], [ 112.308961728000099, -8.33701978299996, 0.0 ], [ 112.308939125000052, -8.336974571999974, 0.0 ], [ 112.30891414000007, -8.33693174299998, 0.0 ], [ 112.3088725, -8.336860357999967, 0.0 ], [ 112.308847514000036, -8.336802061999947, 0.0 ], [ 112.308815393000032, -8.336754472999928, 0.0 ], [ 112.308802306000075, -8.336710453999956, 0.0 ], [ 112.308745198000111, -8.336647397999968, 0.0 ], [ 112.308696419000057, -8.336597428999937, 0.0 ], [ 112.308659538000029, -8.336543890999963, 0.0 ], [ 112.308628605000081, -8.336496300999954, 0.0 ], [ 112.308602431000054, -8.336452281999925, 0.0 ], [ 112.308584585000062, -8.336418967999975, 0.0 ], [ 112.308561980000036, -8.336373758999969, 0.0 ], [ 112.308527478000087, -8.336334498999975, 0.0 ], [ 112.308500114000026, -8.336309513999936, 0.0 ], [ 112.308451335000086, -8.336259545999951, 0.0 ], [ 112.308400176000077, -8.336217902999977, 0.0 ], [ 112.308364485000084, -8.336189350999973, 0.0 ], [ 112.308316895000075, -8.336156038999945, 0.0 ], [ 112.308276444000057, -8.336113208999961, 0.0 ], [ 112.308171748000063, -8.33602992699997, 0.0 ], [ 112.308131297000045, -8.335996613999953, 0.0 ], [ 112.308099175000052, -8.335970440999972, 0.0 ], [ 112.308067052000069, -8.335940697999945, 0.0 ], [ 112.308034929000087, -8.335919281999963, 0.0 ], [ 112.307996857000035, -8.335897866999971, 0.0 ], [ 112.307973062000087, -8.335877642999947, 0.0 ], [ 112.307936181000059, -8.335856226999965, 0.0 ], [ 112.307898109, -8.335840760999929, 0.0 ], [ 112.307864798000082, -8.335827672999926, 0.0 ], [ 112.307824346000075, -8.335811017999958, 0.0 ], [ 112.307783895000057, -8.335791980999943, 0.0 ], [ 112.307751773000064, -8.33578603199993, 0.0 ], [ 112.30771251200008, -8.335794359999966, 0.0 ], [ 112.307693476000054, -8.335805068999946, 0.0 ], [ 112.307672061000062, -8.335825292999971, 0.0 ], [ 112.307645888000025, -8.335832431999961, 0.0 ], [ 112.307611385000087, -8.335826482999948, 0.0 ], [ 112.30758521100006, -8.335811016999969, 0.0 ], [ 112.307578072000069, -8.335800309999968, 0.0 ], [ 112.307562606000033, -8.335777703999952, 0.0 ], [ 112.307535242000085, -8.335752720999949, 0.0 ], [ 112.307513826000104, -8.335728925999945, 0.0 ], [ 112.307481704000111, -8.335703941999952, 0.0 ], [ 112.307446013000117, -8.335681335999936, 0.0 ], [ 112.307421028000022, -8.335667058999945, 0.0 ], [ 112.307384147000107, -8.335658730999967, 0.0 ], [ 112.307331798000064, -8.335653971999932, 0.0 ], [ 112.307297296000115, -8.335661110999979, 0.0 ], [ 112.307258035000018, -8.335681335999936, 0.0 ], [ 112.307242569000096, -8.33569442199996, 0.0 ], [ 112.307214073000068, -8.335699937999948, 0.0 ], [ 112.306922521000047, -8.335647084999948, 0.0 ], [ 112.30691123400004, -8.335645038999928, 0.0 ], [ 112.306803535000086, -8.335613139999964, 0.0 ], [ 112.306617342000095, -8.335514750999948, 0.0 ], [ 112.306480203000092, -8.335442285999932, 0.0 ], [ 112.306277078000107, -8.335357696999949, 0.0 ], [ 112.306201536000117, -8.335325085999955, 0.0 ], [ 112.305945492000092, -8.335214554999936, 0.0 ], [ 112.305797927000071, -8.335149354999942, 0.0 ], [ 112.305783519000101, -8.335142864999966, 0.0 ], [ 112.305721038000115, -8.335111056999949, 0.0 ], [ 112.305696068000088, -8.335093033999954, 0.0 ], [ 112.30567716500002, -8.335079389999976, 0.0 ], [ 112.305632640000113, -8.335043030999941, 0.0 ], [ 112.305632196000033, -8.335042667999971, 0.0 ], [ 112.305595504000053, -8.335008820999974, 0.0 ], [ 112.305539439000086, -8.33494781, 0.0 ], [ 112.305511294000098, -8.334921536999957, 0.0 ], [ 112.305464899000071, -8.33488205499998, 0.0 ], [ 112.305428732000109, -8.334855019999964, 0.0 ], [ 112.305392486000073, -8.33483253299994, 0.0 ], [ 112.30521619000001, -8.334737772999972, 0.0 ], [ 112.305193355000029, -8.334729132999939, 0.0 ], [ 112.305157669000096, -8.33472175299994, 0.0 ], [ 112.305099689000031, -8.33472013599993, 0.0 ], [ 112.304938697000011, -8.334731756999929, 0.0 ], [ 112.304632972000036, -8.334755619999953, 0.0 ], [ 112.304615778000084, -8.334756966999976, 0.0 ], [ 112.304576577000034, -8.334765655999945, 0.0 ], [ 112.304545504000089, -8.334779963999949, 0.0 ], [ 112.304522354000028, -8.334794384999952, 0.0 ], [ 112.304505451000068, -8.334807746999957, 0.0 ], [ 112.30447390900008, -8.334839877999968, 0.0 ], [ 112.304454858000099, -8.334868704999963, 0.0 ], [ 112.30438335100007, -8.334983926999939, 0.0 ], [ 112.304352783000013, -8.335029080999959, 0.0 ], [ 112.30432475200007, -8.335060017999979, 0.0 ], [ 112.304299433000097, -8.335084943999959, 0.0 ], [ 112.304280290000065, -8.335100197999964, 0.0 ], [ 112.304262462000111, -8.335112896999931, 0.0 ], [ 112.30421109100007, -8.335143327999958, 0.0 ], [ 112.304087730000106, -8.335200520999933, 0.0 ], [ 112.303916829000059, -8.335271216999956, 0.0 ], [ 112.303879923000068, -8.335279416999981, 0.0 ], [ 112.303840474000026, -8.335281524999971, 0.0 ], [ 112.303779263000024, -8.33527511099993, 0.0 ], [ 112.303731750000111, -8.335264354999936, 0.0 ], [ 112.303631872000096, -8.335248416999946, 0.0 ], [ 112.303604026000016, -8.335247261999939, 0.0 ], [ 112.303558265000106, -8.335253406999925, 0.0 ], [ 112.303524962000097, -8.335263312999928, 0.0 ], [ 112.30347706200007, -8.33528365899997, 0.0 ], [ 112.303460925000081, -8.335291978999976, 0.0 ], [ 112.303449959000091, -8.335299102999954, 0.0 ], [ 112.303438405000065, -8.33530785499994, 0.0 ], [ 112.303421965000098, -8.335322706999932, 0.0 ], [ 112.303390385000057, -8.335356618999981, 0.0 ], [ 112.303380407000077, -8.335369470999979, 0.0 ], [ 112.303355080000074, -8.33540996399995, 0.0 ], [ 112.303334261000032, -8.335454595999977, 0.0 ], [ 112.303314620000037, -8.335504214999958, 0.0 ], [ 112.303254350000088, -8.335696181999936, 0.0 ], [ 112.303249393000101, -8.335711969999977, 0.0 ], [ 112.303230429000109, -8.335763683999971, 0.0 ], [ 112.303220617000079, -8.335778275999928, 0.0 ], [ 112.303213816000039, -8.33578502599994, 0.0 ], [ 112.30320886700008, -8.335788652999952, 0.0 ], [ 112.303181658000085, -8.335783471999946, 0.0 ], [ 112.303141684000025, -8.335770623999963, 0.0 ], [ 112.303103136, -8.335763483999926, 0.0 ], [ 112.303071727000088, -8.335774905999926, 0.0 ], [ 112.303057451000086, -8.335802032999936, 0.0 ], [ 112.303040319000047, -8.335827729999949, 0.0 ], [ 112.303004627000064, -8.335847715999932, 0.0 ], [ 112.302978928000016, -8.335866277999969, 0.0 ], [ 112.302944663000062, -8.335871988999941, 0.0 ], [ 112.302916110000069, -8.335880552999981, 0.0 ], [ 112.30290611700002, -8.335896257999934, 0.0 ], [ 112.302896123000096, -8.335930520999966, 0.0 ], [ 112.302890412000011, -8.335953364999966, 0.0 ], [ 112.30288327300002, -8.335981918999948, 0.0 ], [ 112.302876136, -8.336019037999961, 0.0 ], [ 112.302875977000099, -8.336019796999949, 0.0 ], [ 112.302876093, -8.336020302999941, 0.0 ], [ 112.302878510000028, -8.336030833999928, 0.0 ], [ 112.302879388000065, -8.336030191999953, 0.0 ], [ 112.302872424000043, -8.336055872999964, 0.0 ], [ 112.302859574000081, -8.336085140999955, 0.0 ], [ 112.302843870000061, -8.336106554999958, 0.0 ], [ 112.302823169000021, -8.336122259999968, 0.0 ], [ 112.302799611000069, -8.3361351099999, 0.0 ], [ 112.302770213000031, -8.336147995999966, 0.0 ], [ 112.302766342000041, -8.336146883999959, 0.0 ], [ 112.302762320000056, -8.336145726999973, 0.0 ], [ 112.302739954000117, -8.336140968999928, 0.0 ], [ 112.302731922000021, -8.336138156999937, 0.0 ], [ 112.302731384000026, -8.336138551999966, 0.0 ], [ 112.302724802000057, -8.3361346799999, 0.0 ], [ 112.302719091000085, -8.336117547999947, 0.0 ], [ 112.302679116000036, -8.336107554999955, 0.0 ], [ 112.302619154000013, -8.336107554999955, 0.0 ], [ 112.302542059000075, -8.336124686999938, 0.0 ], [ 112.302474958000062, -8.33614610199993, 0.0 ], [ 112.302439267000068, -8.33618036699994, 0.0 ], [ 112.302403575000085, -8.336224623999954, 0.0 ], [ 112.302379303000066, -8.336257459999956, 0.0 ], [ 112.302359317000082, -8.336287442999947, 0.0 ], [ 112.302345040000091, -8.336321706999968, 0.0 ], [ 112.302342185000043, -8.33635454299997, 0.0 ], [ 112.302347895000025, -8.336371674999953, 0.0 ], [ 112.302349893000041, -8.336374581999962, 0.0 ], [ 112.302349894000031, -8.336377099999936, 0.0 ], [ 112.302354177000097, -8.336391374999948, 0.0 ], [ 112.302354791000084, -8.336402450999969, 0.0 ], [ 112.302336237000077, -8.336413581999977, 0.0 ], [ 112.302159406000101, -8.336462465999944, 0.0 ], [ 112.302092103000064, -8.33645454699996, 0.0 ], [ 112.301971151000089, -8.336414963999971, 0.0 ], [ 112.301964389000091, -8.336407862999977, 0.0 ], [ 112.301907282000116, -8.336343617999944, 0.0 ], [ 112.301876349000054, -8.336298407999948, 0.0 ], [ 112.301814482000054, -8.33625795699993, 0.0 ], [ 112.301726443, -8.336246058999961, 0.0 ], [ 112.30164078200005, -8.336238920999961, 0.0 ], [ 112.301495634000048, -8.336207987999956, 0.0 ], [ 112.301433769000027, -8.336186573999953, 0.0 ], [ 112.301338590000114, -8.336174675999928, 0.0 ], [ 112.301267206000034, -8.336160398999937, 0.0 ], [ 112.301179166000111, -8.336146122999935, 0.0 ], [ 112.301098265000064, -8.336162777999959, 0.0 ], [ 112.301029261000053, -8.33616991699995, 0.0 ], [ 112.300888872000087, -8.33616991699995, 0.0 ], [ 112.300779416000069, -8.336162777999959, 0.0 ], [ 112.300705654000012, -8.336141362999967, 0.0 ], [ 112.30062475200009, -8.336119946999929, 0.0 ], [ 112.300505778000115, -8.336084256999925, 0.0 ], [ 112.300420118000034, -8.336048563999952, 0.0 ], [ 112.300334458000066, -8.335996215999955, 0.0 ], [ 112.3002630740001, -8.33593910899998, 0.0 ], [ 112.300160758000061, -8.335874862999958, 0.0 ], [ 112.300051301000053, -8.335812997999938, 0.0 ], [ 112.299934708000023, -8.335765408999976, 0.0 ], [ 112.299815736000028, -8.335691643999951, 0.0 ], [ 112.299749110000107, -8.335644055999978, 0.0 ], [ 112.299692003000018, -8.335584567999945, 0.0 ], [ 112.299639655000078, -8.335503667999944, 0.0 ], [ 112.29959206500007, -8.335434662999944, 0.0 ], [ 112.299508785000057, -8.335368038999945, 0.0 ], [ 112.299435022000011, -8.335310930999981, 0.0 ], [ 112.299330326000018, -8.335220511999978, 0.0 ], [ 112.299254183000016, -8.335141989999954, 0.0 ], [ 112.299147107000067, -8.33503729399996, 0.0 ], [ 112.299051929000029, -8.334946873999968, 0.0 ], [ 112.298966267000083, -8.334854073999963, 0.0 ], [ 112.298954969000079, -8.334840942999961, 0.0 ], [ 112.298865534000015, -8.334693872999935, 0.0 ], [ 112.298812299000019, -8.334579117999965, 0.0 ], [ 112.298747113000104, -8.334363898999925, 0.0 ], [ 112.298506103000022, -8.333269562999931, 0.0 ], [ 112.298491865000074, -8.333197716999962, 0.0 ], [ 112.298441212000057, -8.332992194999974, 0.0 ], [ 112.29840712400005, -8.332879430999981, 0.0 ], [ 112.298393846000067, -8.332843072999935, 0.0 ], [ 112.298369383000022, -8.332788992999951, 0.0 ], [ 112.29834569500008, -8.332747517999962, 0.0 ], [ 112.298305693000088, -8.332689778999963, 0.0 ], [ 112.298270004000074, -8.332651848999944, 0.0 ], [ 112.298166285000093, -8.332593765999945, 0.0 ], [ 112.298094862000085, -8.332574328999954, 0.0 ], [ 112.297865041000023, -8.332530549999944, 0.0 ], [ 112.297697835, -8.332502489999968, 0.0 ], [ 112.297671191000063, -8.332499011999971, 0.0 ], [ 112.29757960500001, -8.33248705799997, 0.0 ], [ 112.297493039000074, -8.332469126999968, 0.0 ], [ 112.297472070000026, -8.332464781999931, 0.0 ], [ 112.2974240530001, -8.332451281999965, 0.0 ], [ 112.29733765800006, -8.332413530999929, 0.0 ], [ 112.297269410000013, -8.332373569999959, 0.0 ], [ 112.297196476000067, -8.332321212999943, 0.0 ], [ 112.297171082000091, -8.332299739999939, 0.0 ], [ 112.297122247000061, -8.332248867999965, 0.0 ], [ 112.29708787200002, -8.332205699999975, 0.0 ], [ 112.297051209000074, -8.332173361999935, 0.0 ], [ 112.297014177000051, -8.332150677999948, 0.0 ], [ 112.29695903400011, -8.332122036999976, 0.0 ], [ 112.296899644000064, -8.332097386999976, 0.0 ], [ 112.29685581800004, -8.332076149999978, 0.0 ], [ 112.296823109000115, -8.33205460299996, 0.0 ], [ 112.296804756000029, -8.332032882999954, 0.0 ], [ 112.296795805000102, -8.332013956999958, 0.0 ], [ 112.296782183, -8.331980935999979, 0.0 ], [ 112.296626934000074, -8.331549480999968, 0.0 ], [ 112.296607363000021, -8.331493896999973, 0.0 ], [ 112.296587625000029, -8.331446796999955, 0.0 ], [ 112.296575143000041, -8.331422347999933, 0.0 ], [ 112.29655713000011, -8.331393655999932, 0.0 ], [ 112.296531791, -8.331363415999931, 0.0 ], [ 112.296493656000052, -8.331327563999935, 0.0 ], [ 112.296473736000053, -8.331313964999936, 0.0 ], [ 112.296426180000026, -8.331287354999972, 0.0 ], [ 112.296393358000046, -8.331270949999976, 0.0 ], [ 112.296353506000059, -8.331254961999946, 0.0 ], [ 112.29633242500006, -8.331247582999936, 0.0 ], [ 112.29630682200002, -8.331239619999963, 0.0 ], [ 112.296274666000045, -8.331234263999931, 0.0 ], [ 112.29622095700006, -8.331229993999955, 0.0 ], [ 112.296181550000028, -8.331229966999956, 0.0 ], [ 112.296151347000091, -8.331232188999934, 0.0 ], [ 112.296109421000097, -8.331238825999947, 0.0 ], [ 112.295863227000041, -8.331305677999978, 0.0 ], [ 112.295711603000086, -8.33135107399994, 0.0 ], [ 112.295651629000076, -8.331370475999961, 0.0 ], [ 112.295573208000064, -8.331399330999943, 0.0 ], [ 112.295468357, -8.331441193999979, 0.0 ], [ 112.295379532000084, -8.331480188999933, 0.0 ], [ 112.295177128000091, -8.331574588999956, 0.0 ], [ 112.295117270000105, -8.331604937999941, 0.0 ], [ 112.295083127000112, -8.331625120999945, 0.0 ], [ 112.295060308000075, -8.331640063999942, 0.0 ], [ 112.295031563000066, -8.331660499999941, 0.0 ], [ 112.295004261000031, -8.331684172999928, 0.0 ], [ 112.294951594000054, -8.331749637999962, 0.0 ], [ 112.294888489000073, -8.331828076999955, 0.0 ], [ 112.294857411000066, -8.331851608999955, 0.0 ], [ 112.294830179000087, -8.331867802999966, 0.0 ], [ 112.294816948000062, -8.331873492999932, 0.0 ], [ 112.294801677, -8.331880059999946, 0.0 ], [ 112.294703748000074, -8.33191560299997, 0.0 ], [ 112.294594806000077, -8.331956359999936, 0.0 ], [ 112.2945383120001, -8.33198265599998, 0.0 ], [ 112.294522070000085, -8.331991634999952, 0.0 ], [ 112.294496077000076, -8.332007171999976, 0.0 ], [ 112.294472232000089, -8.332023337999942, 0.0 ], [ 112.294426074000057, -8.33205838799995, 0.0 ], [ 112.29441040100005, -8.332071940999981, 0.0 ], [ 112.294388191000053, -8.332096501999956, 0.0 ], [ 112.294367649000037, -8.332122994999963, 0.0 ], [ 112.294317191, -8.332198958999982, 0.0 ], [ 112.294308269000112, -8.33221330799995, 0.0 ], [ 112.29430013700005, -8.332229517999963, 0.0 ], [ 112.294295858000055, -8.332241286999931, 0.0 ], [ 112.294289388000038, -8.332271229999947, 0.0 ], [ 112.294274808000068, -8.332402812999931, 0.0 ], [ 112.294267139000112, -8.332456671999978, 0.0 ], [ 112.294258228000103, -8.332497348999937, 0.0 ], [ 112.294241908000117, -8.332549779999965, 0.0 ], [ 112.294215371000064, -8.332620180999982, 0.0 ], [ 112.294180549000089, -8.332700540999951, 0.0 ], [ 112.294172021, -8.332717312999932, 0.0 ], [ 112.294155140000044, -8.332744998999942, 0.0 ], [ 112.29413546, -8.332774584999981, 0.0 ], [ 112.294119074000037, -8.332795564999969, 0.0 ], [ 112.294111806000046, -8.332802499999957, 0.0 ], [ 112.294092936000084, -8.332817787999943, 0.0 ], [ 112.294087075000107, -8.332821476999925, 0.0 ], [ 112.294080688, -8.332824402999961, 0.0 ], [ 112.294071494000036, -8.332827870999949, 0.0 ], [ 112.294044130000088, -8.332834767999941, 0.0 ], [ 112.294023074000052, -8.332836630999964, 0.0 ], [ 112.293997860000104, -8.332836610999948, 0.0 ], [ 112.293963563000034, -8.332833531999938, 0.0 ], [ 112.293941947, -8.332828956999947, 0.0 ], [ 112.293903356000101, -8.332817280999961, 0.0 ], [ 112.293887492000067, -8.332810593999966, 0.0 ], [ 112.293849189000071, -8.332790964999958, 0.0 ], [ 112.293818753000096, -8.332772253999963, 0.0 ], [ 112.293803282000113, -8.33275813399996, 0.0 ], [ 112.293797547000054, -8.332751824999946, 0.0 ], [ 112.293790810000019, -8.332740227999977, 0.0 ], [ 112.293785735000029, -8.332727345999956, 0.0 ], [ 112.293783835000113, -8.332716348999952, 0.0 ], [ 112.293784712000047, -8.332702006999966, 0.0 ], [ 112.293788724000024, -8.332685195999943, 0.0 ], [ 112.293800434000104, -8.332654455999943, 0.0 ], [ 112.293844329000081, -8.332558751999954, 0.0 ], [ 112.293849010000031, -8.332545041999936, 0.0 ], [ 112.293851723000103, -8.332524532999969, 0.0 ], [ 112.29385073900005, -8.332491389999973, 0.0 ], [ 112.293842059000099, -8.332449915999973, 0.0 ], [ 112.293832942000108, -8.332427164999956, 0.0 ], [ 112.293824329000017, -8.33241268699993, 0.0 ], [ 112.293805783000039, -8.332388193999975, 0.0 ], [ 112.293781373000115, -8.332367832999978, 0.0 ], [ 112.293678848000013, -8.332300135999958, 0.0 ], [ 112.293661196000016, -8.332290170999954, 0.0 ], [ 112.293638122000061, -8.332279653999933, 0.0 ], [ 112.293622154000104, -8.332274621999943, 0.0 ], [ 112.293570894000027, -8.332263625999929, 0.0 ], [ 112.293355876000078, -8.332229231999975, 0.0 ], [ 112.293197725000027, -8.33219795399998, 0.0 ], [ 112.293165340000087, -8.332189661999962, 0.0 ], [ 112.293142181, -8.332180909999977, 0.0 ], [ 112.29311885900006, -8.332166394999945, 0.0 ], [ 112.293090757000073, -8.332145368999932, 0.0 ], [ 112.293043304000093, -8.332102928999973, 0.0 ], [ 112.292949124000074, -8.332021247999933, 0.0 ], [ 112.292907787000104, -8.331988817999957, 0.0 ], [ 112.292894715000102, -8.331980254999962, 0.0 ], [ 112.292830900000013, -8.331942226999956, 0.0 ], [ 112.292741973000034, -8.33189626799998, 0.0 ], [ 112.292673729000057, -8.331868775999965, 0.0 ], [ 112.292491007000081, -8.331797631999962, 0.0 ], [ 112.292082711000035, -8.331641629999979, 0.0 ], [ 112.291926424000053, -8.331585681999968, 0.0 ], [ 112.291881896000064, -8.331570832999944, 0.0 ], [ 112.291773689000024, -8.331540079999968, 0.0 ], [ 112.291727186000116, -8.331528812999977, 0.0 ], [ 112.291607755000086, -8.331507320999947, 0.0 ], [ 112.291508598000064, -8.331498394999926, 0.0 ], [ 112.291425504000017, -8.331492686999979, 0.0 ], [ 112.290942787000063, -8.33149524199996, 0.0 ], [ 112.290829801000086, -8.331499033999933, 0.0 ], [ 112.290754890000017, -8.331505110999956, 0.0 ], [ 112.290724386000079, -8.331511711999951, 0.0 ], [ 112.290687367000032, -8.331529148999948, 0.0 ], [ 112.290628213000105, -8.331568833999938, 0.0 ], [ 112.290502894000042, -8.331646706999948, 0.0 ], [ 112.290473942000062, -8.331661414999928, 0.0 ], [ 112.290316099000052, -8.331722156999945, 0.0 ], [ 112.290244942000072, -8.331739703999972, 0.0 ], [ 112.290106710000032, -8.331761250999932, 0.0 ], [ 112.29006989100003, -8.331765550999933, 0.0 ], [ 112.289925525000058, -8.331770581999933, 0.0 ], [ 112.28987204200007, -8.331766490999939, 0.0 ], [ 112.289596319000111, -8.331724077999979, 0.0 ], [ 112.289381570000046, -8.331688934999931, 0.0 ], [ 112.289349690000108, -8.331684643999949, 0.0 ], [ 112.289230503000113, -8.33167435699994, 0.0 ], [ 112.28909816800001, -8.33167836299998, 0.0 ], [ 112.288995183000111, -8.331692632999932, 0.0 ], [ 112.288861308000037, -8.331722516999946, 0.0 ], [ 112.288824046000059, -8.331732925999972, 0.0 ], [ 112.288762706000057, -8.33174923699994, 0.0 ], [ 112.288566426000102, -8.331772481999963, 0.0 ], [ 112.286745207000081, -8.331794167999931, 0.0 ], [ 112.286664716000018, -8.331795940999939, 0.0 ], [ 112.286603255000045, -8.331801707999944, 0.0 ], [ 112.286495950000017, -8.331815577999976, 0.0 ], [ 112.286114103000045, -8.331891002999953, 0.0 ], [ 112.285962497000014, -8.331926223999972, 0.0 ], [ 112.285127340000031, -8.332255918999977, 0.0 ], [ 112.285090116000106, -8.33227352199998, 0.0 ], [ 112.285048808000056, -8.332298280999964, 0.0 ], [ 112.285009036000019, -8.332325634999961, 0.0 ], [ 112.28498099, -8.332351679999931, 0.0 ], [ 112.284964496000043, -8.332371115999933, 0.0 ], [ 112.28495344800001, -8.332387904999962, 0.0 ], [ 112.284943941000051, -8.332405445999939, 0.0 ], [ 112.284940002000099, -8.332415568999977, 0.0 ], [ 112.284932483000034, -8.332443722999926, 0.0 ], [ 112.284930861000021, -8.332457559999966, 0.0 ], [ 112.284931624000023, -8.332473954999955, 0.0 ], [ 112.284934940000085, -8.33249753299998, 0.0 ], [ 112.284940566000046, -8.332518408999931, 0.0 ], [ 112.284953152000071, -8.332554220999953, 0.0 ], [ 112.284963995000112, -8.332577638999965, 0.0 ], [ 112.28498641200008, -8.332623769999941, 0.0 ], [ 112.28501764900011, -8.332689930999948, 0.0 ], [ 112.285026368000104, -8.332711558999961, 0.0 ], [ 112.285037524000018, -8.332753520999972, 0.0 ], [ 112.285041318000026, -8.332788365999932, 0.0 ], [ 112.285041667000087, -8.332799425999951, 0.0 ], [ 112.285036877000039, -8.332820211999945, 0.0 ], [ 112.285027451000019, -8.332840609999948, 0.0 ], [ 112.285014813000089, -8.33286209399995, 0.0 ], [ 112.284996039000021, -8.332880621999948, 0.0 ], [ 112.284974367000018, -8.332902008999952, 0.0 ], [ 112.284919776000038, -8.332944961999942, 0.0 ], [ 112.28489434100004, -8.332961120999926, 0.0 ], [ 112.284873458000106, -8.33297209899996, 0.0 ], [ 112.284847654000032, -8.33298403799995, 0.0 ], [ 112.284820425000021, -8.332993127999941, 0.0 ], [ 112.284790932000078, -8.333002973999953, 0.0 ], [ 112.284751706000065, -8.33301047599997, 0.0 ], [ 112.284738621000088, -8.33301083899994, 0.0 ], [ 112.284695126000088, -8.333006691999969, 0.0 ], [ 112.284651205000046, -8.332995675999939, 0.0 ], [ 112.284623707000037, -8.332985018999977, 0.0 ], [ 112.28461036300007, -8.332975959999942, 0.0 ], [ 112.284601012000053, -8.332965438999963, 0.0 ], [ 112.2845719500001, -8.332922052999947, 0.0 ], [ 112.284544468000036, -8.332872160999955, 0.0 ], [ 112.284515049000106, -8.332829453999977, 0.0 ], [ 112.284499045000075, -8.332815635999964, 0.0 ], [ 112.2844842720001, -8.332807183999932, 0.0 ], [ 112.28447395, -8.332802963999939, 0.0 ], [ 112.284463725000023, -8.33280111199997, 0.0 ], [ 112.28444821800008, -8.332801691999975, 0.0 ], [ 112.284415493000097, -8.332809446999931, 0.0 ], [ 112.28436191000003, -8.332829624999931, 0.0 ], [ 112.284225565000042, -8.332890120999934, 0.0 ], [ 112.283990526000025, -8.333002188999956, 0.0 ], [ 112.283953877000044, -8.333021186999929, 0.0 ], [ 112.283888794000063, -8.333061169999951, 0.0 ], [ 112.283829475000061, -8.333099957999934, 0.0 ], [ 112.283785278000096, -8.333131293999941, 0.0 ], [ 112.283739185000059, -8.333167651999929, 0.0 ], [ 112.283721548000017, -8.333184200999938, 0.0 ], [ 112.283702851000044, -8.333206368999981, 0.0 ], [ 112.283692607000035, -8.333223230999977, 0.0 ], [ 112.283685349000052, -8.333237008999959, 0.0 ], [ 112.283618946000047, -8.333398856999963, 0.0 ], [ 112.283596066000086, -8.333454918999962, 0.0 ], [ 112.283549697000012, -8.333569514999965, 0.0 ], [ 112.283510580000097, -8.333655180999926, 0.0 ], [ 112.283496539000112, -8.333682955999961, 0.0 ], [ 112.283476607000011, -8.333716417999938, 0.0 ], [ 112.283449698000027, -8.333754122999949, 0.0 ], [ 112.283324417000017, -8.33391594699998, 0.0 ], [ 112.283289527000079, -8.333964350999963, 0.0 ], [ 112.283278001000099, -8.33398301699998, 0.0 ], [ 112.283240185000068, -8.334049806999928, 0.0 ], [ 112.283184644000016, -8.334157513999969, 0.0 ], [ 112.283178098, -8.334169187999976, 0.0 ], [ 112.28316393700004, -8.334185658999957, 0.0 ], [ 112.283128723, -8.33421084899993, 0.0 ], [ 112.282987773000059, -8.334276948999957, 0.0 ], [ 112.282862030000047, -8.33433165799994, 0.0 ], [ 112.282804233000093, -8.334359313999926, 0.0 ], [ 112.282775480000055, -8.334376469999938, 0.0 ], [ 112.282759749000093, -8.334389636999958, 0.0 ], [ 112.282743041000117, -8.334406219999948, 0.0 ], [ 112.282723864000104, -8.334429548999935, 0.0 ], [ 112.282714979000048, -8.334443667999949, 0.0 ], [ 112.282702136000012, -8.334475363999957, 0.0 ], [ 112.282697147000022, -8.334502126999951, 0.0 ], [ 112.28269719900004, -8.33451791899995, 0.0 ], [ 112.282699567, -8.33453340799997, 0.0 ], [ 112.282711598000105, -8.334579277999978, 0.0 ], [ 112.282727129000023, -8.334621549999952, 0.0 ], [ 112.282733080000071, -8.334650352999972, 0.0 ], [ 112.282732716000055, -8.334700496999972, 0.0 ], [ 112.282727283000099, -8.334722033999981, 0.0 ], [ 112.282715840000037, -8.334747024999956, 0.0 ], [ 112.282693291000101, -8.33478544299993, 0.0 ], [ 112.282682101000091, -8.334800822999966, 0.0 ], [ 112.282647572000087, -8.334837877999973, 0.0 ], [ 112.282629873000019, -8.334853158999977, 0.0 ], [ 112.282586302000027, -8.334880912999949, 0.0 ], [ 112.282505492000041, -8.334922818999928, 0.0 ], [ 112.282476751000104, -8.334940753999945, 0.0 ], [ 112.282442778000018, -8.334969902999944, 0.0 ], [ 112.282416070000068, -8.33500229699996, 0.0 ], [ 112.282400162000044, -8.335031696999977, 0.0 ], [ 112.282385392000037, -8.335075530999973, 0.0 ], [ 112.282372248000115, -8.33512785299996, 0.0 ], [ 112.282343698000091, -8.335295118999966, 0.0 ], [ 112.282334922000018, -8.335337633999927, 0.0 ], [ 112.282325102000073, -8.335420882999927, 0.0 ], [ 112.282328459000041, -8.335498920999953, 0.0 ], [ 112.282336948000079, -8.335553834999928, 0.0 ], [ 112.28234933400006, -8.335596772999963, 0.0 ], [ 112.282357212000079, -8.335618581999938, 0.0 ], [ 112.28237265700011, -8.33566745, 0.0 ], [ 112.282384534000016, -8.335715626999956, 0.0 ], [ 112.282391529000051, -8.335760985999968, 0.0 ], [ 112.282392071000118, -8.335764505999975, 0.0 ], [ 112.282395807000057, -8.335804591999931, 0.0 ], [ 112.282399317000113, -8.335841284999958, 0.0 ], [ 112.282400115000087, -8.335894289999942, 0.0 ], [ 112.282394924000073, -8.335933214999955, 0.0 ], [ 112.282388469000011, -8.335965200999965, 0.0 ], [ 112.282372847000033, -8.336010919999978, 0.0 ], [ 112.282352994, -8.336047199999939, 0.0 ], [ 112.282342238000069, -8.336061997999934, 0.0 ], [ 112.28230750900002, -8.336100936999969, 0.0 ], [ 112.282285357000092, -8.336122179999961, 0.0 ], [ 112.282230157000072, -8.336168615999952, 0.0 ], [ 112.282196855000052, -8.336191982999935, 0.0 ], [ 112.282147112000075, -8.336220214999969, 0.0 ], [ 112.281893471000103, -8.336339963999933, 0.0 ], [ 112.281685233000076, -8.336428892999947, 0.0 ], [ 112.281497074000072, -8.336503113999981, 0.0 ], [ 112.281404397000074, -8.336540443999979, 0.0 ], [ 112.281369339000094, -8.336559469999941, 0.0 ], [ 112.281341754000096, -8.336577486999943, 0.0 ], [ 112.281295033000106, -8.336615320999954, 0.0 ], [ 112.281255119000093, -8.336654266999972, 0.0 ], [ 112.281203855000058, -8.336724365999942, 0.0 ], [ 112.281155795000018, -8.33679555599997, 0.0 ], [ 112.281121254000027, -8.336838701999966, 0.0 ], [ 112.281060671000091, -8.336892392999971, 0.0 ], [ 112.280999019000092, -8.336935658999948, 0.0 ], [ 112.280971754, -8.336951970999962, 0.0 ], [ 112.280908203000081, -8.336985333999962, 0.0 ], [ 112.280842887000063, -8.337013013999979, 0.0 ], [ 112.280630573000053, -8.337092910999957, 0.0 ], [ 112.280528875000073, -8.337135677999981, 0.0 ], [ 112.280471724000108, -8.337162968999962, 0.0 ], [ 112.280409579000093, -8.337194250999971, 0.0 ], [ 112.280298848000029, -8.337253805999978, 0.0 ], [ 112.280217067000081, -8.337298472999976, 0.0 ], [ 112.280173045000083, -8.337326406999978, 0.0 ], [ 112.280147565000107, -8.337345432999939, 0.0 ], [ 112.280063627000118, -8.337426436999976, 0.0 ], [ 112.280022327000097, -8.337463008999976, 0.0 ], [ 112.279970965000075, -8.337501180999936, 0.0 ], [ 112.279914370000029, -8.337535639999942, 0.0 ], [ 112.279868915000065, -8.337558459999968, 0.0 ], [ 112.279773669000065, -8.337592222999945, 0.0 ], [ 112.279750517000025, -8.337598653999976, 0.0 ], [ 112.27970300800007, -8.337607541999944, 0.0 ], [ 112.279573531000096, -8.337627177999934, 0.0 ], [ 112.279554988000086, -8.337628306999932, 0.0 ], [ 112.279491717000042, -8.337632157999963, 0.0 ], [ 112.279472052000074, -8.337626733999969, 0.0 ], [ 112.279446354000015, -8.337616264999951, 0.0 ], [ 112.279418752000083, -8.33759913199998, 0.0 ], [ 112.279400669000097, -8.337584854999932, 0.0 ], [ 112.279385804000071, -8.337568639999972, 0.0 ], [ 112.279383144, -8.337557156999935, 0.0 ], [ 112.279371459000117, -8.337503890999926, 0.0 ], [ 112.279372836000107, -8.337489714999947, 0.0 ], [ 112.279385895000019, -8.337477934999981, 0.0 ], [ 112.279400058000078, -8.337470404999976, 0.0 ], [ 112.279406073000018, -8.337468368999964, 0.0 ], [ 112.279454372000032, -8.337460685999929, 0.0 ], [ 112.27947916700009, -8.337451387999977, 0.0 ], [ 112.279500058000053, -8.337443552999957, 0.0 ], [ 112.279558594000036, -8.337392157999943, 0.0 ], [ 112.279595713000049, -8.337357893999979, 0.0 ], [ 112.279634261000069, -8.337285082999927, 0.0 ], [ 112.279685656000083, -8.337207987999932, 0.0 ], [ 112.279724203000114, -8.337106621999965, 0.0 ], [ 112.279747047000114, -8.33702096199994, 0.0 ], [ 112.279768462000106, -8.336933872999964, 0.0 ], [ 112.279772745000059, -8.33687819499994, 0.0 ], [ 112.279749902000049, -8.336799671999927, 0.0 ], [ 112.279718493000018, -8.336729715999979, 0.0 ], [ 112.279662814000062, -8.336682602999929, 0.0 ], [ 112.279582863000087, -8.336655477999955, 0.0 ], [ 112.279502913000101, -8.336635487999956, 0.0 ], [ 112.279421536000086, -8.336614073999954, 0.0 ], [ 112.279348725000091, -8.336599796999963, 0.0 ], [ 112.27927020300001, -8.336605507999934, 0.0 ], [ 112.27917169300008, -8.336611217999973, 0.0 ], [ 112.279094599000018, -8.336635487999956, 0.0 ], [ 112.279030352000063, -8.336674036999966, 0.0 ], [ 112.27899466100007, -8.336731143999941, 0.0 ], [ 112.278983769000092, -8.336766933999968, 0.0 ], [ 112.278964679000069, -8.336829652999938, 0.0 ], [ 112.278964680000058, -8.336895325999933, 0.0 ], [ 112.278957208000065, -8.337007397999969, 0.0 ], [ 112.278945606000093, -8.337106401999961, 0.0 ], [ 112.278944675000048, -8.337110456999937, 0.0 ], [ 112.278935347000015, -8.337151071999926, 0.0 ], [ 112.278914741000108, -8.337181352999949, 0.0 ], [ 112.278830516000085, -8.337240123999948, 0.0 ], [ 112.278762086000029, -8.337278860999959, 0.0 ], [ 112.278721111000095, -8.337293703999933, 0.0 ], [ 112.278681988000017, -8.337293348999935, 0.0 ], [ 112.278630333000024, -8.337292318999971, 0.0 ], [ 112.278570258000059, -8.337287728999968, 0.0 ], [ 112.278431824000108, -8.33726911399998, 0.0 ], [ 112.27818163400002, -8.337206040999945, 0.0 ], [ 112.278144739000027, -8.337196979999931, 0.0 ], [ 112.278090670000097, -8.337192367999933, 0.0 ], [ 112.278046241000084, -8.337197297999978, 0.0 ], [ 112.277996476000112, -8.337222629999928, 0.0 ], [ 112.27796196700001, -8.337256206999939, 0.0 ], [ 112.277945933000069, -8.337280884999927, 0.0 ], [ 112.277921391000064, -8.337333582999975, 0.0 ], [ 112.277851095000074, -8.337505204999957, 0.0 ], [ 112.277806529000031, -8.337591306999968, 0.0 ], [ 112.277771141000017, -8.337642679999931, 0.0 ], [ 112.277602571000102, -8.337829199999931, 0.0 ], [ 112.27758338000001, -8.337847875999955, 0.0 ], [ 112.27750169300009, -8.337917052999956, 0.0 ], [ 112.277424017000044, -8.33797335, 0.0 ], [ 112.277284238000107, -8.338074659999961, 0.0 ], [ 112.277165878, -8.33814599699997, 0.0 ], [ 112.277089248000038, -8.338184750999972, 0.0 ], [ 112.276955970000017, -8.338241654999933, 0.0 ], [ 112.27662568300002, -8.338358359999972, 0.0 ], [ 112.276573783000117, -8.338379535999934, 0.0 ], [ 112.276469461000033, -8.338422099999946, 0.0 ], [ 112.276465508000115, -8.338423864999982, 0.0 ], [ 112.276281283000117, -8.33850604, 0.0 ], [ 112.276261996000017, -8.338509861999967, 0.0 ], [ 112.27622726200002, -8.338512578999939, 0.0 ], [ 112.276203454000097, -8.338510173999964, 0.0 ], [ 112.27616721600009, -8.338496409999948, 0.0 ], [ 112.276153042000033, -8.338488578999943, 0.0 ], [ 112.275976986000046, -8.338398658999949, 0.0 ], [ 112.275911201000099, -8.338368883999976, 0.0 ], [ 112.27583130700009, -8.338336574999971, 0.0 ], [ 112.275788598000076, -8.33832629099993, 0.0 ], [ 112.275772376000077, -8.338323362999972, 0.0 ], [ 112.27572822500008, -8.338320591999945, 0.0 ], [ 112.275682320000101, -8.338323828999933, 0.0 ], [ 112.275638584000035, -8.338332607999973, 0.0 ], [ 112.275617419000014, -8.338339709999957, 0.0 ], [ 112.275550783000085, -8.338366554999936, 0.0 ], [ 112.275287902000059, -8.33850218699996, 0.0 ], [ 112.275247485000023, -8.338519337999969, 0.0 ], [ 112.275200056000017, -8.338531166999928, 0.0 ], [ 112.275146910000103, -8.338535829999955, 0.0 ], [ 112.274902988, -8.33853903399995, 0.0 ], [ 112.274870232000012, -8.338531488999934, 0.0 ], [ 112.274852818000113, -8.338521157999935, 0.0 ], [ 112.274841815000059, -8.338510586999973, 0.0 ], [ 112.274826431000065, -8.338484947999973, 0.0 ], [ 112.274795367000024, -8.338412677999941, 0.0 ], [ 112.274771850000093, -8.338357962999964, 0.0 ], [ 112.274670368000102, -8.338092079999967, 0.0 ], [ 112.274653888000103, -8.338057145999926, 0.0 ], [ 112.274638011000093, -8.33803469299994, 0.0 ], [ 112.274610110000026, -8.338015776999953, 0.0 ], [ 112.274587557000018, -8.338004634999947, 0.0 ], [ 112.274544793000018, -8.337991096999929, 0.0 ], [ 112.274494798000092, -8.337983398999938, 0.0 ], [ 112.27446977000011, -8.337983478999945, 0.0 ], [ 112.274434112000108, -8.337987944999952, 0.0 ], [ 112.274406793000026, -8.337997922999932, 0.0 ], [ 112.274363018000031, -8.338019012999951, 0.0 ], [ 112.274219781000056, -8.338103215999979, 0.0 ], [ 112.274087172, -8.338177947999952, 0.0 ], [ 112.273962477000055, -8.338235145999931, 0.0 ], [ 112.273923693000029, -8.338247148999926, 0.0 ], [ 112.27391634300011, -8.338251887999945, 0.0 ], [ 112.273900837000042, -8.338264268999978, 0.0 ], [ 112.273893620000081, -8.338271756999973, 0.0 ], [ 112.273872489000041, -8.338300972999946, 0.0 ], [ 112.273850124000091, -8.338347079999949, 0.0 ], [ 112.273811192000039, -8.338528743999973, 0.0 ], [ 112.273810020000042, -8.338534214999981, 0.0 ], [ 112.273809343000039, -8.338568218999967, 0.0 ], [ 112.273816600000032, -8.338608681999972, 0.0 ], [ 112.273825829000089, -8.338631057999976, 0.0 ], [ 112.273827005000044, -8.338642079999943, 0.0 ], [ 112.273823359000062, -8.338659521999944, 0.0 ], [ 112.273811186000103, -8.338680852999971, 0.0 ], [ 112.273792209000021, -8.338699875999964, 0.0 ], [ 112.27377282100008, -8.338717544999952, 0.0 ], [ 112.273753357000032, -8.338733016999981, 0.0 ], [ 112.273680772000034, -8.338785174999941, 0.0 ], [ 112.273654977000092, -8.338800289999938, 0.0 ], [ 112.273550390000082, -8.338868174999959, 0.0 ], [ 112.273527483000066, -8.338885624999932, 0.0 ], [ 112.273508556000024, -8.33890286899998, 0.0 ], [ 112.273495024000113, -8.338920959999939, 0.0 ], [ 112.273473542000033, -8.338964096999973, 0.0 ], [ 112.273468893000086, -8.339011964999941, 0.0 ], [ 112.273475015000031, -8.339047835999963, 0.0 ], [ 112.273483567000085, -8.33909207399995, 0.0 ], [ 112.273495718000049, -8.339135103999979, 0.0 ], [ 112.273505760000035, -8.339170662999948, 0.0 ], [ 112.27351932900001, -8.339240393999944, 0.0 ], [ 112.273521905000052, -8.339253627999938, 0.0 ], [ 112.273522013000047, -8.339255494999975, 0.0 ], [ 112.273523838000074, -8.339286949999973, 0.0 ], [ 112.273521045000052, -8.339333870999951, 0.0 ], [ 112.273509690000083, -8.339397371999951, 0.0 ], [ 112.273495527000023, -8.339447350999933, 0.0 ], [ 112.27348375400004, -8.33947367199994, 0.0 ], [ 112.27346672200008, -8.339498566999964, 0.0 ], [ 112.273423482000112, -8.339551667999956, 0.0 ], [ 112.273291332000099, -8.339694834999932, 0.0 ], [ 112.273125960000016, -8.339873993999959, 0.0 ], [ 112.273119232000113, -8.339889598999946, 0.0 ], [ 112.273116852000044, -8.339899119999927, 0.0 ], [ 112.273113471000102, -8.339936308999938, 0.0 ], [ 112.273113070000022, -8.339976397999976, 0.0 ], [ 112.273110213000109, -8.340034420999928, 0.0 ], [ 112.273109419000093, -8.340039692999937, 0.0 ], [ 112.273101924000116, -8.340089401999933, 0.0 ], [ 112.273090661000083, -8.340139484999952, 0.0 ], [ 112.273085918000106, -8.340151343999935, 0.0 ], [ 112.273071844000015, -8.340174790999981, 0.0 ], [ 112.273054589000026, -8.34019374899998, 0.0 ], [ 112.27302420400008, -8.340214322999941, 0.0 ], [ 112.273016913000106, -8.34021796899998, 0.0 ], [ 112.272994897000103, -8.340225862999944, 0.0 ], [ 112.27291213400008, -8.340241507999963, 0.0 ], [ 112.272876120000092, -8.340248426999949, 0.0 ], [ 112.272855777000018, -8.34025444699995, 0.0 ], [ 112.272838368000066, -8.340264001999969, 0.0 ], [ 112.272814275000087, -8.340281239999968, 0.0 ], [ 112.272786764000102, -8.340313217999949, 0.0 ], [ 112.272771533000082, -8.340339419999964, 0.0 ], [ 112.272751256000106, -8.340385922999928, 0.0 ], [ 112.272701986000015, -8.340529323999931, 0.0 ], [ 112.272678803000076, -8.340624403999925, 0.0 ], [ 112.272639394000066, -8.340786021999975, 0.0 ], [ 112.272602358000086, -8.340980313999978, 0.0 ], [ 112.272580917000028, -8.341128416999936, 0.0 ], [ 112.272577736000017, -8.341166573999942, 0.0 ], [ 112.272581029000094, -8.341221602999951, 0.0 ], [ 112.27258146600002, -8.341227299999957, 0.0 ], [ 112.272599942000056, -8.341468411999927, 0.0 ], [ 112.272616511000024, -8.341779376999966, 0.0 ], [ 112.272602816000017, -8.341789941999934, 0.0 ], [ 112.272580686000083, -8.341807073999973, 0.0 ], [ 112.27256426800011, -8.341828489999955, 0.0 ], [ 112.272567124000034, -8.341855614999929, 0.0 ], [ 112.272580686000083, -8.341874175999976, 0.0 ], [ 112.272584255000083, -8.341893447999951, 0.0 ], [ 112.272593536000045, -8.341914863999932, 0.0 ], [ 112.272599247000016, -8.34193628, 0.0 ], [ 112.272611381000047, -8.341959834999955, 0.0 ], [ 112.272626873000036, -8.341973856999971, 0.0 ], [ 112.27262952000001, -8.342023541999936, 0.0 ], [ 112.27263304600001, -8.342086669999958, 0.0 ], [ 112.27263538200009, -8.342128483999943, 0.0 ], [ 112.272636883000018, -8.342155334999973, 0.0 ], [ 112.27263551100009, -8.34218464199995, 0.0 ], [ 112.272634088000018, -8.342215059999944, 0.0 ], [ 112.272633760000076, -8.342222061999962, 0.0 ], [ 112.272621719000085, -8.342262433999963, 0.0 ], [ 112.272620307000011, -8.342265357999963, 0.0 ], [ 112.272588656000039, -8.342330910999976, 0.0 ], [ 112.272583406000081, -8.342340255999943, 0.0 ], [ 112.272540142000025, -8.342417256999966, 0.0 ], [ 112.272509633000027, -8.342463382999938, 0.0 ], [ 112.272478890000116, -8.342509863999965, 0.0 ], [ 112.272477757000047, -8.342511576999925, 0.0 ], [ 112.272465427000043, -8.342530216999933, 0.0 ], [ 112.272393478000026, -8.342623704999937, 0.0 ], [ 112.272378246000017, -8.342643496999926, 0.0 ], [ 112.272322285000087, -8.342716210999981, 0.0 ], [ 112.272273643000062, -8.342779414999939, 0.0 ], [ 112.272259673, -8.342795168999942, 0.0 ], [ 112.272243255000035, -8.342809446999979, 0.0 ], [ 112.272235046000105, -8.342816227999947, 0.0 ], [ 112.272269154000014, -8.342741477999937, 0.0 ], [ 112.272441446000016, -8.342530366999938, 0.0 ], [ 112.272412153, -8.342386898999962, 0.0 ], [ 112.272343368000065, -8.341918150999959, 0.0 ], [ 112.272284657000114, -8.341592932999959, 0.0 ], [ 112.272057066000116, -8.341082244999939, 0.0 ], [ 112.271965218000105, -8.34087614799995, 0.0 ], [ 112.271897208000041, -8.34064666699993, 0.0 ], [ 112.271925449000037, -8.34046473099994, 0.0 ], [ 112.272010976000047, -8.340167761999965, 0.0 ], [ 112.272053228, -8.339895557999967, 0.0 ], [ 112.272067457000048, -8.339803890999974, 0.0 ], [ 112.272230170000057, -8.339602381999953, 0.0 ], [ 112.272584795000057, -8.339314120999973, 0.0 ], [ 112.273197949000064, -8.338737904999959, 0.0 ], [ 112.27337981800008, -8.338517192999973, 0.0 ], [ 112.273550931000045, -8.33794239599996, 0.0 ], [ 112.273642527000106, -8.337721008999949, 0.0 ], [ 112.273623717000078, -8.337686075999954, 0.0 ], [ 112.273629666000033, -8.337489769999934, 0.0 ], [ 112.273635614000113, -8.33742433499998, 0.0 ], [ 112.273718895000115, -8.337287515999947, 0.0 ], [ 112.273868476000075, -8.33717489199995, 0.0 ] ] ] ] } },
{ "type": "Feature", "properties": { "OBJECTID": 116253.0, "KDPPUM": "35", "NAMOBJ": "Wates", "REMARK": null, "KDPBPS": null, "FCODE": "BA03070040", "LUASWH": 6.90389138, "UUPP": "Hasil Delineasi Batas Desa 2019", "SRS_ID": "SRGI 2013", "METADATA": "TASWIL1000020200326DATA_BATAS_DESA_KELURAHAN", "KDEBPS": null, "KDEPUM": "35.05.20.2007", "KDCBPS": null, "KDCPUM": "35.05.20", "KDBBPS": null, "WADMKD": "Wates", "WIADKD": null, "WADMKC": "Wates", "WIADKC": null, "WADMKK": "Blitar", "WIADKK": null, "WADMPR": "Jawa Timur", "WIADPR": null, "TIPADM": 1.0, "KDPKAB": "35.05", "SHAPE_Leng": 0.11254022805786899, "SHAPE_Area": 0.00056673406374700003 }, "geometry": { "type": "MultiPolygon", "coordinates": [ [ [ [ 112.3736419170001, -8.243226870999933, 0.0 ], [ 112.373809748000099, -8.24329077699997, 0.0 ], [ 112.374076789000014, -8.243223049999926, 0.0 ], [ 112.374320930000067, -8.243118158999948, 0.0 ], [ 112.374374344000103, -8.243158200999972, 0.0 ], [ 112.374397241000111, -8.243257385999925, 0.0 ], [ 112.374526917000026, -8.243394725999963, 0.0 ], [ 112.374816857000042, -8.243520604999958, 0.0 ], [ 112.374923659000046, -8.24354447099995, 0.0 ], [ 112.374999945000013, -8.243536806999941, 0.0 ], [ 112.375244088000045, -8.243512045999978, 0.0 ], [ 112.375389070000097, -8.243489147999981, 0.0 ], [ 112.37570185900006, -8.243595949999929, 0.0 ], [ 112.375823918000037, -8.24365221599993, 0.0 ], [ 112.376510573000019, -8.24352536899994, 0.0 ], [ 112.37675471600005, -8.243482472999972, 0.0 ], [ 112.377036990000079, -8.243530132999979, 0.0 ], [ 112.377426090000085, -8.243611206999958, 0.0 ], [ 112.378005919000088, -8.24369704399993, 0.0 ], [ 112.378257703000031, -8.243810519999954, 0.0 ], [ 112.378562875000057, -8.243961207999973, 0.0 ], [ 112.378776502000051, -8.244033697999953, 0.0 ], [ 112.378868071000056, -8.24414526399994, 0.0 ], [ 112.378951975000064, -8.24432455699997, 0.0 ], [ 112.379074058000015, -8.244561058999977, 0.0 ], [ 112.379226631000051, -8.244670737999968, 0.0 ], [ 112.379516571000067, -8.24480902099998, 0.0 ], [ 112.379775947000098, -8.24483665899993, 0.0 ], [ 112.380104017, -8.244910116999961, 0.0 ], [ 112.38023371700001, -8.244989256999929, 0.0 ], [ 112.380287106000083, -8.245126597999956, 0.0 ], [ 112.380409189000034, -8.245272496999974, 0.0 ], [ 112.380531248000011, -8.245332584999971, 0.0 ], [ 112.380676230000063, -8.245351661999962, 0.0 ], [ 112.38091273200007, -8.245686381999974, 0.0 ], [ 112.381103461000066, -8.245939131999933, 0.0 ], [ 112.38126370000009, -8.24623666399998, 0.0 ], [ 112.381324730000074, -8.246588574999976, 0.0 ], [ 112.381156874000112, -8.247999049999976, 0.0 ], [ 112.381133976000115, -8.248848773999953, 0.0 ], [ 112.381072946000018, -8.249653692999971, 0.0 ], [ 112.381034791000047, -8.249999872999979, 0.0 ], [ 112.38101189300005, -8.250355580999951, 0.0 ], [ 112.380935606000094, -8.250708458999952, 0.0 ], [ 112.380699104000087, -8.251239638999948, 0.0 ], [ 112.380645715000014, -8.251808998999934, 0.0 ], [ 112.380691487000036, -8.252390737999974, 0.0 ], [ 112.38081357100009, -8.253131750999955, 0.0 ], [ 112.380935606000094, -8.254022482999972, 0.0 ], [ 112.381111078000117, -8.25517832099996, 0.0 ], [ 112.381233161000068, -8.256187315999966, 0.0 ], [ 112.381332345000033, -8.256976952999935, 0.0 ], [ 112.381408633000092, -8.257678864999946, 0.0 ], [ 112.381484920000048, -8.258391248999942, 0.0 ], [ 112.381484920000048, -8.258887149999964, 0.0 ], [ 112.381462046000024, -8.259399276999943, 0.0 ], [ 112.381294215000025, -8.260331016999942, 0.0 ], [ 112.38124841900003, -8.260907026999973, 0.0 ], [ 112.381286550000027, -8.261840702999962, 0.0 ], [ 112.381301831000087, -8.262156368999968, 0.0 ], [ 112.381347604000098, -8.262667527999952, 0.0 ], [ 112.381446789000051, -8.263415212999973, 0.0 ], [ 112.381553591000056, -8.264146672999971, 0.0 ], [ 112.381584105000115, -8.264674056999979, 0.0 ], [ 112.381584105000115, -8.265175688999932, 0.0 ], [ 112.381545974, -8.26558481, 0.0 ], [ 112.381530717000032, -8.266499382999939, 0.0 ], [ 112.381530717000032, -8.26696003099994, 0.0 ], [ 112.381545974, -8.267536038999935, 0.0 ], [ 112.381622261000075, -8.268248422999932, 0.0 ], [ 112.381767243000013, -8.269000895999966, 0.0 ], [ 112.381950331000098, -8.269731388999958, 0.0 ], [ 112.381988487000058, -8.270073771999932, 0.0 ], [ 112.381988547000105, -8.270074359999967, 0.0 ], [ 112.382064774000014, -8.270824310999956, 0.0 ], [ 112.382163958000092, -8.271357425999952, 0.0 ], [ 112.382294024000089, -8.271989659999974, 0.0 ], [ 112.381840247000014, -8.272002678999968, 0.0 ], [ 112.381273121000049, -8.272053720999963, 0.0 ], [ 112.380577266000046, -8.27211634799994, 0.0 ], [ 112.37929500100006, -8.272231750999936, 0.0 ], [ 112.37824, -8.27264, 0.0 ], [ 112.377210532000049, -8.274341485999969, 0.0 ], [ 112.376879615, -8.274888419999968, 0.0 ], [ 112.375440468000079, -8.277267015999939, 0.0 ], [ 112.374498004000088, -8.278824703999931, 0.0 ], [ 112.373694345000104, -8.280152976999943, 0.0 ], [ 112.369220958000028, -8.280828743999962, 0.0 ], [ 112.369055840000101, -8.280707656999937, 0.0 ], [ 112.368792655000107, -8.280514654999934, 0.0 ], [ 112.367225780000012, -8.280497998999977, 0.0 ], [ 112.367077064000114, -8.279189294999981, 0.0 ], [ 112.366095536000103, -8.278862119999928, 0.0 ], [ 112.367315010000084, -8.276185225999939, 0.0 ], [ 112.3641, -8.274859998999943, 0.0 ], [ 112.36411, -8.27461, 0.0 ], [ 112.364079999000069, -8.2744, 0.0 ], [ 112.36409, -8.27422, 0.0 ], [ 112.3641, -8.2739, 0.0 ], [ 112.36417, -8.2732, 0.0 ], [ 112.36416, -8.27303, 0.0 ], [ 112.36411, -8.27288, 0.0 ], [ 112.36412, -8.27271, 0.0 ], [ 112.36412, -8.27263, 0.0 ], [ 112.36413, -8.27245, 0.0 ], [ 112.36414, -8.27212, 0.0 ], [ 112.36414, -8.2719, 0.0 ], [ 112.364150000000109, -8.2716, 0.0 ], [ 112.364150000000109, -8.2715, 0.0 ], [ 112.36414, -8.27091, 0.0 ], [ 112.364150000000109, -8.270589998999981, 0.0 ], [ 112.36417, -8.27002, 0.0 ], [ 112.36421, -8.26875, 0.0 ], [ 112.36434, -8.26707, 0.0 ], [ 112.364351375000069, -8.266942593999943, 0.0 ], [ 112.364389999000082, -8.26651, 0.0 ], [ 112.3644, -8.26642, 0.0 ], [ 112.364420000000109, -8.266299998999955, 0.0 ], [ 112.36448, -8.26612, 0.0 ], [ 112.364469999000107, -8.26563, 0.0 ], [ 112.36448, -8.26549, 0.0 ], [ 112.36454, -8.26518, 0.0 ], [ 112.36468, -8.26438, 0.0 ], [ 112.364739999000108, -8.263859998999976, 0.0 ], [ 112.364779999, -8.263549998999963, 0.0 ], [ 112.364839999000083, -8.263179998999931, 0.0 ], [ 112.3649, -8.262769998999943, 0.0 ], [ 112.36494, -8.26244, 0.0 ], [ 112.36503, -8.26198, 0.0 ], [ 112.36506, -8.261599998999941, 0.0 ], [ 112.36508, -8.26118, 0.0 ], [ 112.36508, -8.26108, 0.0 ], [ 112.3651, -8.26088, 0.0 ], [ 112.36511, -8.26073, 0.0 ], [ 112.36534, -8.2603, 0.0 ], [ 112.365336420000062, -8.260201549999977, 0.0 ], [ 112.365689957000086, -8.256860234999976, 0.0 ], [ 112.365313725000078, -8.256753973999935, 0.0 ], [ 112.364916632000018, -8.256681774999947, 0.0 ], [ 112.365316446000065, -8.256062673999963, 0.0 ], [ 112.365320000000111, -8.25516, 0.0 ], [ 112.3654, -8.254989998999974, 0.0 ], [ 112.36549, -8.25467, 0.0 ], [ 112.36542, -8.25434, 0.0 ], [ 112.365519999000071, -8.25398, 0.0 ], [ 112.36572, -8.25351, 0.0 ], [ 112.36605, -8.25307, 0.0 ], [ 112.36661, -8.25241, 0.0 ], [ 112.366950572000064, -8.252136061999977, 0.0 ], [ 112.366805889000034, -8.250577346999933, 0.0 ], [ 112.366760715000055, -8.250090667999928, 0.0 ], [ 112.366619969000112, -8.248655059999976, 0.0 ], [ 112.366468990000044, -8.247115079999958, 0.0 ], [ 112.366437797000117, -8.246796913999958, 0.0 ], [ 112.366344309000056, -8.245843330999946, 0.0 ], [ 112.366179410000086, -8.244055257999946, 0.0 ], [ 112.366115362000073, -8.243360759999973, 0.0 ], [ 112.366018810000014, -8.242313796999952, 0.0 ], [ 112.365990169000042, -8.24200322799993, 0.0 ], [ 112.365971923000075, -8.241805384999964, 0.0 ], [ 112.36693102400011, -8.241151452999929, 0.0 ], [ 112.367673238000066, -8.24064539799997, 0.0 ], [ 112.367827903000034, -8.240496681999957, 0.0 ], [ 112.368113438000023, -8.239979148999964, 0.0 ], [ 112.368018260000099, -8.239586537999969, 0.0 ], [ 112.368470357000092, -8.239556794999942, 0.0 ], [ 112.36952807800003, -8.239268086999971, 0.0 ], [ 112.370867664000116, -8.238902442999972, 0.0 ], [ 112.371259933000033, -8.238327412999979, 0.0 ], [ 112.371391146000065, -8.238135066999973, 0.0 ], [ 112.371721024000067, -8.237451826999973, 0.0 ], [ 112.371734573000026, -8.23742376499996, 0.0 ], [ 112.371733197000026, -8.237461542999938, 0.0 ], [ 112.371726932000115, -8.237633570999947, 0.0 ], [ 112.371917686000074, -8.238257287999943, 0.0 ], [ 112.372032104000027, -8.238497608999978, 0.0 ], [ 112.372177085000089, -8.238729347999936, 0.0 ], [ 112.372390713000073, -8.238947738999968, 0.0 ], [ 112.372394178000036, -8.238949128999934, 0.0 ], [ 112.372535646000074, -8.23900591599994, 0.0 ], [ 112.372787406000043, -8.23909651699995, 0.0 ], [ 112.373039213000084, -8.239230979999945, 0.0 ], [ 112.373176530000023, -8.239315874999932, 0.0 ], [ 112.373290972000063, -8.239403598999957, 0.0 ], [ 112.373420672000066, -8.239621989999932, 0.0 ], [ 112.373512217000098, -8.239819392999948, 0.0 ], [ 112.373504576000073, -8.240101691999939, 0.0 ], [ 112.373504576000073, -8.240219930999956, 0.0 ], [ 112.373496959000022, -8.240338217999977, 0.0 ], [ 112.373496959000022, -8.240456455999947, 0.0 ], [ 112.373489343000074, -8.240749247999929, 0.0 ], [ 112.373489343000074, -8.240789289999952, 0.0 ], [ 112.373481702000049, -8.240985748999947, 0.0 ], [ 112.373474085000112, -8.241083967999941, 0.0 ], [ 112.373474085000112, -8.241278516999955, 0.0 ], [ 112.373466444000087, -8.24137673599995, 0.0 ], [ 112.373466444000087, -8.241454933999933, 0.0 ], [ 112.373458803000062, -8.241534121999962, 0.0 ], [ 112.373443570000063, -8.241749634999962, 0.0 ], [ 112.373443570000063, -8.24180877799995, 0.0 ], [ 112.373435905000065, -8.241886008999927, 0.0 ], [ 112.373428288000014, -8.241944185999955, 0.0 ], [ 112.373428288000014, -8.241983283999957, 0.0 ], [ 112.373420672000066, -8.242041460999928, 0.0 ], [ 112.373413031000041, -8.242120624999927, 0.0 ], [ 112.373405415000093, -8.242242683999962, 0.0 ], [ 112.373390157000017, -8.242339957999945, 0.0 ], [ 112.373390157000017, -8.242400045999943, 0.0 ], [ 112.373382517000096, -8.242491589999929, 0.0 ], [ 112.373397774000068, -8.242628929999967, 0.0 ], [ 112.373405415000093, -8.242669938999938, 0.0 ], [ 112.373420672000066, -8.242771976999961, 0.0 ], [ 112.373451187000114, -8.24293125, 0.0 ], [ 112.373474085000112, -8.243082880999964, 0.0 ], [ 112.373504576000073, -8.243111485999975, 0.0 ], [ 112.3736419170001, -8.243226870999933, 0.0 ] ] ] ] } }
]
}
