{
"type": "FeatureCollection",
"name": "Wlingi",
"crs": { "type": "name", "properties": { "name": "urn:ogc:def:crs:OGC:1.3:CRS84" } },
"features": [
{ "type": "Feature", "properties": { "OBJECTID": 113782.0, "KDPPUM": "35", "NAMOBJ": "Kelurahan Beru", "REMARK": null, "KDPBPS": null, "FCODE": "BA03070040", "LUASWH": null, "UUPP": "Ajudikasi 2015", "SRS_ID": "SRGI 2013", "METADATA": "TASWIL1000020200326DATA_BATAS_DESA_KELURAHAN", "KDEBPS": null, "KDEPUM": "35.05.17.1001", "KDCBPS": null, "KDCPUM": "35.05.17", "KDBBPS": null, "WADMKD": "Kelurahan Beru", "WIADKD": null, "WADMKC": "Wlingi", "WIADKC": null, "WADMKK": "Blitar", "WIADKK": null, "WADMPR": "Jawa Timur", "WIADPR": null, "TIPADM": 2.0, "KDPKAB": "35.05", "SHAPE_Leng": 0.122815970354855, "SHAPE_Area": 0.000341988295195 }, "geometry": { "type": "MultiPolygon", "coordinates": [ [ [ [ 112.327156415000104, -8.081747094999969, 0.0 ], [ 112.327065858000083, -8.081953159999955, 0.0 ], [ 112.326999932000035, -8.082350558999963, 0.0 ], [ 112.326926074000085, -8.082546536999928, 0.0 ], [ 112.326895204000039, -8.082628448999969, 0.0 ], [ 112.326837915000056, -8.082729126999936, 0.0 ], [ 112.326751720000061, -8.082801186999973, 0.0 ], [ 112.326670266000065, -8.082854089999955, 0.0 ], [ 112.326593596000066, -8.082902191999949, 0.0 ], [ 112.326521698000079, -8.082940708999956, 0.0 ], [ 112.326335621000112, -8.082999394999945, 0.0 ], [ 112.326319696000041, -8.083004416999927, 0.0 ], [ 112.326227, -8.083074, 0.0 ], [ 112.326114428000096, -8.083186212999976, 0.0 ], [ 112.326103008000018, -8.083203023999943, 0.0 ], [ 112.325966183000105, -8.083404435999967, 0.0 ], [ 112.325943452000047, -8.083437895999964, 0.0 ], [ 112.325628997000081, -8.083760850999965, 0.0 ], [ 112.32553645400003, -8.08391069299995, 0.0 ], [ 112.325393128000087, -8.084132480999926, 0.0 ], [ 112.325166252000031, -8.084501090999936, 0.0 ], [ 112.325002017000088, -8.084752854999977, 0.0 ], [ 112.324681973000111, -8.085079894999978, 0.0 ], [ 112.324400831000048, -8.085373908999941, 0.0 ], [ 112.324261581000087, -8.085527298999978, 0.0 ], [ 112.324258456000052, -8.085530740999957, 0.0 ], [ 112.324255984000047, -8.085536307999973, 0.0 ], [ 112.324147072000073, -8.085781486999963, 0.0 ], [ 112.324064106000037, -8.086107756999979, 0.0 ], [ 112.324058993000108, -8.086379941999951, 0.0 ], [ 112.324177458, -8.086816221999925, 0.0 ], [ 112.324473667, -8.087461284999961, 0.0 ], [ 112.32477881300008, -8.088085383999953, 0.0 ], [ 112.324812166000015, -8.088189954999962, 0.0 ], [ 112.324818393000101, -8.088258724999946, 0.0 ], [ 112.324791647000097, -8.088339562999977, 0.0 ], [ 112.324752868000019, -8.088411469999926, 0.0 ], [ 112.324568102000057, -8.08880985199994, 0.0 ], [ 112.324454482000078, -8.088938826999936, 0.0 ], [ 112.324352680000061, -8.089010937999944, 0.0 ], [ 112.324062182000034, -8.08913056199998, 0.0 ], [ 112.323906119000071, -8.089194826999972, 0.0 ], [ 112.323507624000058, -8.089393514999927, 0.0 ], [ 112.323295164000115, -8.089582625999981, 0.0 ], [ 112.322714675000043, -8.090110895999942, 0.0 ], [ 112.322636833000047, -8.090167973999939, 0.0 ], [ 112.322567877000097, -8.090189133999957, 0.0 ], [ 112.322330881000084, -8.090216817999931, 0.0 ], [ 112.321797190000098, -8.090371079999954, 0.0 ], [ 112.321497814000054, -8.090596361999928, 0.0 ], [ 112.321288626000069, -8.090869206999969, 0.0 ], [ 112.321247215000085, -8.091054772999939, 0.0 ], [ 112.32123308700011, -8.091323995999971, 0.0 ], [ 112.32091691200003, -8.091920197999968, 0.0 ], [ 112.320677283, -8.092552640999941, 0.0 ], [ 112.320596619000071, -8.092849594999961, 0.0 ], [ 112.320496920000096, -8.093199248999952, 0.0 ], [ 112.320349485000065, -8.093635193999944, 0.0 ], [ 112.320230172000038, -8.093860491999976, 0.0 ], [ 112.320168109000065, -8.093970755999976, 0.0 ], [ 112.320086822, -8.094076296999958, 0.0 ], [ 112.320031735000043, -8.094117151999967, 0.0 ], [ 112.319945412000038, -8.094150927999976, 0.0 ], [ 112.319856603000062, -8.09415839199994, 0.0 ], [ 112.31977500500011, -8.094168226999955, 0.0 ], [ 112.319602220000093, -8.094192711999938, 0.0 ], [ 112.319549478000113, -8.094216808999931, 0.0 ], [ 112.319479994000062, -8.094260101999964, 0.0 ], [ 112.319439279000107, -8.094291339999927, 0.0 ], [ 112.319369895000023, -8.09436573499994, 0.0 ], [ 112.319336431000011, -8.094411305999927, 0.0 ], [ 112.319286309000063, -8.094502388999956, 0.0 ], [ 112.319260156000041, -8.094581432999973, 0.0 ], [ 112.319257927000081, -8.094634078999945, 0.0 ], [ 112.319279597000104, -8.094653149999942, 0.0 ], [ 112.319308493000108, -8.094679375999931, 0.0 ], [ 112.319346961000065, -8.094696000999932, 0.0 ], [ 112.31938785400007, -8.094719794999946, 0.0 ], [ 112.319402376000085, -8.09475564, 0.0 ], [ 112.319407372000114, -8.094815439999934, 0.0 ], [ 112.319407590000083, -8.094882433999942, 0.0 ], [ 112.319337526000027, -8.095485616999952, 0.0 ], [ 112.319347518000086, -8.095605218999935, 0.0 ], [ 112.319374217000018, -8.095693661999974, 0.0 ], [ 112.319416052000065, -8.096006967999926, 0.0 ], [ 112.31940909900004, -8.09608355599994, 0.0 ], [ 112.319378386000039, -8.096236786999953, 0.0 ], [ 112.319299740000019, -8.096416492999936, 0.0 ], [ 112.319132239000055, -8.096589306999931, 0.0 ], [ 112.318785068000011, -8.096884729999942, 0.0 ], [ 112.318571964000057, -8.097062475999962, 0.0 ], [ 112.318497279000098, -8.097104141999978, 0.0 ], [ 112.318291566000084, -8.097218906999956, 0.0 ], [ 112.318214854000075, -8.09725504499994, 0.0 ], [ 112.318118881000032, -8.097274495999955, 0.0 ], [ 112.317996435000055, -8.097274891999973, 0.0 ], [ 112.317636751, -8.097177436999971, 0.0 ], [ 112.317499007000038, -8.097140114999945, 0.0 ], [ 112.317388496000035, -8.097118936999948, 0.0 ], [ 112.31730928200011, -8.097123977999956, 0.0 ], [ 112.317227800000069, -8.097169701999974, 0.0 ], [ 112.317170380000107, -8.097232097999949, 0.0 ], [ 112.31703656000002, -8.097426337999934, 0.0 ], [ 112.316819124000062, -8.097748854999963, 0.0 ], [ 112.316564256000106, -8.098004497999966, 0.0 ], [ 112.31643543000007, -8.098074164999957, 0.0 ], [ 112.316283840000096, -8.098156142999926, 0.0 ], [ 112.316147152000099, -8.098206828999935, 0.0 ], [ 112.31606436800007, -8.098221451999962, 0.0 ], [ 112.315985161000071, -8.098228884999969, 0.0 ], [ 112.315938332000087, -8.098225447999937, 0.0 ], [ 112.31586259900007, -8.098193390999938, 0.0 ], [ 112.315808428000082, -8.098146907999933, 0.0 ], [ 112.315783124000063, -8.098118277999959, 0.0 ], [ 112.315724062000072, -8.098005656999931, 0.0 ], [ 112.315681657000027, -8.097924796999962, 0.0 ], [ 112.315667181000094, -8.097903309999936, 0.0 ], [ 112.315627451000069, -8.097867546999964, 0.0 ], [ 112.315580575000013, -8.097849752999934, 0.0 ], [ 112.315515739000034, -8.097846372999982, 0.0 ], [ 112.314888778000068, -8.097747900999934, 0.0 ], [ 112.314420382000094, -8.09768122, 0.0 ], [ 112.314276338000013, -8.097685271999978, 0.0 ], [ 112.314204405000055, -8.097714214999939, 0.0 ], [ 112.314168520000067, -8.097753809999972, 0.0 ], [ 112.314122098000098, -8.097875986999952, 0.0 ], [ 112.314075759000048, -8.098023286999933, 0.0 ], [ 112.314058519000014, -8.09826021799995, 0.0 ], [ 112.314076915000101, -8.098350789999927, 0.0 ], [ 112.314117897000074, -8.098552560999963, 0.0 ], [ 112.314212232000045, -8.099017009999955, 0.0 ], [ 112.314059480000083, -8.099667114999932, 0.0 ], [ 112.313923443000022, -8.099918785999932, 0.0 ], [ 112.313843360000078, -8.100057524999954, 0.0 ], [ 112.313740797000037, -8.100235208999948, 0.0 ], [ 112.313559374000079, -8.100379554999961, 0.0 ], [ 112.313428280000039, -8.100483856999972, 0.0 ], [ 112.313345496000011, -8.100498480999931, 0.0 ], [ 112.31330588000003, -8.100498607999953, 0.0 ], [ 112.313255275000074, -8.100441346999958, 0.0 ], [ 112.313247932000081, -8.100398301999974, 0.0 ], [ 112.313240521000012, -8.100333722999949, 0.0 ], [ 112.313235515000088, -8.100149254999963, 0.0 ], [ 112.313232340000013, -8.100032270999975, 0.0 ], [ 112.313206886000103, -8.09995698299997, 0.0 ], [ 112.313174253000057, -8.099888895999925, 0.0 ], [ 112.31293577200006, -8.099645609999925, 0.0 ], [ 112.312867242000038, -8.099613528999953, 0.0 ], [ 112.312780738000015, -8.099592272999928, 0.0 ], [ 112.31268349000004, -8.099588997999945, 0.0 ], [ 112.312600682000038, -8.09959644199995, 0.0 ], [ 112.312474727000108, -8.099625558999946, 0.0 ], [ 112.312413597000045, -8.099654467999926, 0.0 ], [ 112.312366860000111, -8.099679741999978, 0.0 ], [ 112.312305824000077, -8.099737361999928, 0.0 ], [ 112.312086674000057, -8.099903161999976, 0.0 ], [ 112.311695309000015, -8.100270502999933, 0.0 ], [ 112.31163079800001, -8.100367613999936, 0.0 ], [ 112.311577114000102, -8.100471868999932, 0.0 ], [ 112.311523512, -8.10060124599994, 0.0 ], [ 112.311509269000112, -8.100651538999955, 0.0 ], [ 112.311484396000083, -8.100755701999958, 0.0 ], [ 112.311503124000069, -8.100978160999944, 0.0 ], [ 112.311468283000067, -8.101340764999975, 0.0 ], [ 112.31145105600001, -8.101534306999952, 0.0 ], [ 112.311440483000069, -8.101653099999965, 0.0 ], [ 112.311390597000013, -8.101818355999967, 0.0 ], [ 112.311278086000016, -8.101955273999977, 0.0 ], [ 112.31117177200008, -8.102084648999949, 0.0 ], [ 112.310776224000051, -8.102272549999952, 0.0 ], [ 112.310398728000109, -8.102474748999953, 0.0 ], [ 112.310161540000081, -8.102631334999955, 0.0 ], [ 112.310113791000049, -8.10271523199998, 0.0 ], [ 112.310030107000102, -8.102823172999933, 0.0 ], [ 112.309976492000033, -8.102948961999971, 0.0 ], [ 112.309863107000069, -8.103152702999978, 0.0 ], [ 112.309761413000047, -8.103260699999964, 0.0 ], [ 112.309647737000091, -8.103374719999977, 0.0 ], [ 112.309396256000014, -8.103566942999976, 0.0 ], [ 112.309126693000053, -8.103735295999968, 0.0 ], [ 112.308766977, -8.103868047999981, 0.0 ], [ 112.308383368000023, -8.104036767999958, 0.0 ], [ 112.307952145000058, -8.104331256999956, 0.0 ], [ 112.307675295000081, -8.104617225999959, 0.0 ], [ 112.307613998000079, -8.104680541999926, 0.0 ], [ 112.307593572000087, -8.104701640999963, 0.0 ], [ 112.307018904000074, -8.105303290999927, 0.0 ], [ 112.306474849000097, -8.105974987999957, 0.0 ], [ 112.306068385000117, -8.106502682999974, 0.0 ], [ 112.305992890000084, -8.106668230999958, 0.0 ], [ 112.305811309000092, -8.10706640899997, 0.0 ], [ 112.305734741000038, -8.107148005999932, 0.0 ], [ 112.30565092300003, -8.107215269999926, 0.0 ], [ 112.305588623000062, -8.107253752999952, 0.0 ], [ 112.30550229500011, -8.107287525999936, 0.0 ], [ 112.30538849800007, -8.107330598999965, 0.0 ], [ 112.305341977000012, -8.107348206999973, 0.0 ], [ 112.304979517000106, -8.107485401999952, 0.0 ], [ 112.304937186000075, -8.107502194999938, 0.0 ], [ 112.304809263000038, -8.107552941999927, 0.0 ], [ 112.304746994000084, -8.107600995999974, 0.0 ], [ 112.304644284, -8.107766419999962, 0.0 ], [ 112.304405806000091, -8.108269649999954, 0.0 ], [ 112.304365190000112, -8.108331988999964, 0.0 ], [ 112.304343674000052, -8.108360771999969, 0.0 ], [ 112.304317317000027, -8.108377603999941, 0.0 ], [ 112.30429571600007, -8.108380065999938, 0.0 ], [ 112.304264487000069, -8.108375379999927, 0.0 ], [ 112.304228747000025, -8.108356809999975, 0.0 ], [ 112.303850479000062, -8.108160271999964, 0.0 ], [ 112.303674000000115, -8.108031998999934, 0.0 ], [ 112.303669210000066, -8.10802525899993, 0.0 ], [ 112.303610322000054, -8.107942400999946, 0.0 ], [ 112.303603965000093, -8.107831759999954, 0.0 ], [ 112.303636158000018, -8.10757743299996, 0.0 ], [ 112.303659802000084, -8.10746370399994, 0.0 ], [ 112.303686467000034, -8.107355946999974, 0.0 ], [ 112.303731195000069, -8.107266077999952, 0.0 ], [ 112.303796991000013, -8.107194086999925, 0.0 ], [ 112.303931429000045, -8.107002240999975, 0.0 ], [ 112.304137259000072, -8.10661276899998, 0.0 ], [ 112.304277237000065, -8.106277344999967, 0.0 ], [ 112.304354457000045, -8.106025863999946, 0.0 ], [ 112.304357055000082, -8.105900237999947, 0.0 ], [ 112.304386710000017, -8.105789481999977, 0.0 ], [ 112.30449954200003, -8.105412271999967, 0.0 ], [ 112.304509703, -8.10538995, 0.0 ], [ 112.304708151000114, -8.104954000999953, 0.0 ], [ 112.304773859000079, -8.104855090999934, 0.0 ], [ 112.304869608000104, -8.104765059999977, 0.0 ], [ 112.3049984270001, -8.104692865999937, 0.0 ], [ 112.305300226000099, -8.104383929999926, 0.0 ], [ 112.305464244000063, -8.104216032999943, 0.0 ], [ 112.305464633000042, -8.104215635999935, 0.0 ], [ 112.305715983000027, -8.103844153999944, 0.0 ], [ 112.305825735000099, -8.103443024999933, 0.0 ], [ 112.305849320000107, -8.103311352999981, 0.0 ], [ 112.305855119000057, -8.10324852499997, 0.0 ], [ 112.305848847000107, -8.103164800999934, 0.0 ], [ 112.3057965160001, -8.102758209999934, 0.0 ], [ 112.305721642000094, -8.102557971999943, 0.0 ], [ 112.305587632000083, -8.102199586999973, 0.0 ], [ 112.305472277000035, -8.101793197999939, 0.0 ], [ 112.305423651000069, -8.101604928999961, 0.0 ], [ 112.305378007000058, -8.101410666999925, 0.0 ], [ 112.305371263000097, -8.101180391999947, 0.0 ], [ 112.305373329000076, -8.100890271999958, 0.0 ], [ 112.305387988, -8.100782553999977, 0.0 ], [ 112.305429570000115, -8.100647831999936, 0.0 ], [ 112.305554915000016, -8.10042909699996, 0.0 ], [ 112.305644584000106, -8.100315156999955, 0.0 ], [ 112.30588573600005, -8.100105251999935, 0.0 ], [ 112.305889504000106, -8.100100261999955, 0.0 ], [ 112.306069292000075, -8.099862175999931, 0.0 ], [ 112.306173946000058, -8.099742206999963, 0.0 ], [ 112.306239692000077, -8.099655260999953, 0.0 ], [ 112.306305197000029, -8.099493543999927, 0.0 ], [ 112.306450844000096, -8.099056410999935, 0.0 ], [ 112.306641486000103, -8.098547769999925, 0.0 ], [ 112.30664605000004, -8.098535591999962, 0.0 ], [ 112.306723788000113, -8.098416376999978, 0.0 ], [ 112.306948231000092, -8.098072180999964, 0.0 ], [ 112.307364491000044, -8.097380821999934, 0.0 ], [ 112.307399265000072, -8.097210998999969, 0.0 ], [ 112.307392972000116, -8.09712129299993, 0.0 ], [ 112.307377707000114, -8.097040586999981, 0.0 ], [ 112.307383496000057, -8.096974770999964, 0.0 ], [ 112.307404332000033, -8.096920867999927, 0.0 ], [ 112.307455177000065, -8.096866869999928, 0.0 ], [ 112.30750609100005, -8.096833806999939, 0.0 ], [ 112.307568960000026, -8.09678575199996, 0.0 ], [ 112.307610773000079, -8.09672281, 0.0 ], [ 112.307634203000021, -8.09654328299996, 0.0 ], [ 112.307639790000053, -8.096414656999968, 0.0 ], [ 112.307645532000038, -8.096333885999968, 0.0 ], [ 112.307669222000072, -8.096235109999952, 0.0 ], [ 112.307699099000047, -8.096193141999947, 0.0 ], [ 112.307765056000108, -8.096171995999953, 0.0 ], [ 112.307912110000075, -8.096171524999932, 0.0 ], [ 112.30801107000002, -8.096147280999958, 0.0 ], [ 112.308265629000061, -8.09591237099994, 0.0 ], [ 112.308402257000012, -8.095706547999953, 0.0 ], [ 112.308870003000038, -8.09500191099994, 0.0 ], [ 112.308886517000019, -8.094977031999974, 0.0 ], [ 112.309241087000032, -8.094434836999937, 0.0 ], [ 112.309272731000078, -8.094384536999939, 0.0 ], [ 112.309300635000113, -8.094340182999929, 0.0 ], [ 112.309448030000112, -8.094105892999949, 0.0 ], [ 112.309523847000037, -8.094009778999975, 0.0 ], [ 112.309643245000075, -8.093858414999943, 0.0 ], [ 112.309643265000091, -8.093858391999959, 0.0 ], [ 112.309672137, -8.093803097999967, 0.0 ], [ 112.309665866000046, -8.093719372999942, 0.0 ], [ 112.309553955000069, -8.093450554999947, 0.0 ], [ 112.309499539000058, -8.093328104999955, 0.0 ], [ 112.309448153000062, -8.093214615999955, 0.0 ], [ 112.309384773000033, -8.093104156999971, 0.0 ], [ 112.3091197010001, -8.092802928999959, 0.0 ], [ 112.309032428000023, -8.092728436999948, 0.0 ], [ 112.308993230000056, -8.092671735999943, 0.0 ], [ 112.308966701000031, -8.092643572999975, 0.0 ], [ 112.308964726000113, -8.092641477999962, 0.0 ], [ 112.308971442000029, -8.092523138999979, 0.0 ], [ 112.308976538000024, -8.092433359999973, 0.0 ], [ 112.308982031000028, -8.092336548999981, 0.0 ], [ 112.308985053000015, -8.092324709999957, 0.0 ], [ 112.309045368000056, -8.092088350999973, 0.0 ], [ 112.30906711800003, -8.092029241999967, 0.0 ], [ 112.30907511800001, -8.092007501999944, 0.0 ], [ 112.309107879000067, -8.091929633999939, 0.0 ], [ 112.309110668000017, -8.091863825999951, 0.0 ], [ 112.30909548000011, -8.091807046999975, 0.0 ], [ 112.309025376000022, -8.091624087999946, 0.0 ], [ 112.309022842000104, -8.091617474999964, 0.0 ], [ 112.308965100000023, -8.091394726999965, 0.0 ], [ 112.308961945000078, -8.091346881999925, 0.0 ], [ 112.308967783000071, -8.091296018999969, 0.0 ], [ 112.308982614000115, -8.091242135999948, 0.0 ], [ 112.30907156, -8.091097140999977, 0.0 ], [ 112.309073862000105, -8.091094750999957, 0.0 ], [ 112.309191820000024, -8.090972287999932, 0.0 ], [ 112.309248697000044, -8.090927241999964, 0.0 ], [ 112.309308352000016, -8.090813396999977, 0.0 ], [ 112.30933212900004, -8.090741540999943, 0.0 ], [ 112.309358897000038, -8.090666683999927, 0.0 ], [ 112.309358733000067, -8.090615838999952, 0.0 ], [ 112.309345421000103, -8.090472301999966, 0.0 ], [ 112.309344491000047, -8.090462276999972, 0.0 ], [ 112.309315850000075, -8.090346798999974, 0.0 ], [ 112.309330565000096, -8.090257024999971, 0.0 ], [ 112.30937218400004, -8.090134266999939, 0.0 ], [ 112.309413967000069, -8.090062351999961, 0.0 ], [ 112.309473661000084, -8.089960471999973, 0.0 ], [ 112.309580734000065, -8.089661041999932, 0.0 ], [ 112.309637166000016, -8.089478417999942, 0.0 ], [ 112.309669791000033, -8.089358679999975, 0.0 ], [ 112.309738284000105, -8.089193961999968, 0.0 ], [ 112.309794957, -8.089086108999936, 0.0 ], [ 112.309863672, -8.088990180999929, 0.0 ], [ 112.310231428000066, -8.088629332999972, 0.0 ], [ 112.310358826000083, -8.088469499999974, 0.0 ], [ 112.310436663000019, -8.088371843999937, 0.0 ], [ 112.310465914000019, -8.088335144999974, 0.0 ], [ 112.310470009000028, -8.088330006999968, 0.0 ], [ 112.310474000000113, -8.08832500099993, 0.0 ], [ 112.310483464000072, -8.08827165799994, 0.0 ], [ 112.31048622600008, -8.088256085999944, 0.0 ], [ 112.310496, -8.088201, 0.0 ], [ 112.310462413000096, -8.088095238999927, 0.0 ], [ 112.31042969300006, -8.087977682999963, 0.0 ], [ 112.310392573000058, -8.087832869999943, 0.0 ], [ 112.310357999000075, -8.087698, 0.0 ], [ 112.310350942000014, -8.087600361999932, 0.0 ], [ 112.31034786400005, -8.087557783999955, 0.0 ], [ 112.310362, -8.087106, 0.0 ], [ 112.310400007000112, -8.086878423999963, 0.0 ], [ 112.310502230000111, -8.08626635, 0.0 ], [ 112.310511237000014, -8.086193126999945, 0.0 ], [ 112.310529688000088, -8.086043109999935, 0.0 ], [ 112.310547869000061, -8.085895305999941, 0.0 ], [ 112.31061206600009, -8.085620066999979, 0.0 ], [ 112.310626791, -8.085533282999961, 0.0 ], [ 112.310629280000057, -8.085374759999979, 0.0 ], [ 112.310600803000057, -8.085209556999928, 0.0 ], [ 112.310534471000096, -8.084824743999945, 0.0 ], [ 112.31048591900003, -8.084200254999928, 0.0 ], [ 112.310486729000104, -8.084167289999925, 0.0 ], [ 112.3104935, -8.08389189899998, 0.0 ], [ 112.310494039000105, -8.083869981999953, 0.0 ], [ 112.310607921000042, -8.083406838999963, 0.0 ], [ 112.310637671000109, -8.083325989999935, 0.0 ], [ 112.310649491000049, -8.083269125999948, 0.0 ], [ 112.310630320000087, -8.082770380999932, 0.0 ], [ 112.310610072000031, -8.082626709999943, 0.0 ], [ 112.310537281000052, -8.082110199999931, 0.0 ], [ 112.310535324000057, -8.082096317999969, 0.0 ], [ 112.310520625000095, -8.081761695999944, 0.0 ], [ 112.310522430000105, -8.081729043999928, 0.0 ], [ 112.310554, -8.081158, 0.0 ], [ 112.310755, -8.080533, 0.0 ], [ 112.310766191000084, -8.080464383999981, 0.0 ], [ 112.310842989000093, -8.079993506999926, 0.0 ], [ 112.310933939000051, -8.079784562999976, 0.0 ], [ 112.310987087000058, -8.079662460999941, 0.0 ], [ 112.31101731800004, -8.079593010999929, 0.0 ], [ 112.311365507, -8.078873709999925, 0.0 ], [ 112.311596637000093, -8.078338592999955, 0.0 ], [ 112.311599467000065, -8.078333570999973, 0.0 ], [ 112.311695375000113, -8.078163356999937, 0.0 ], [ 112.311752143000035, -8.078085410999961, 0.0 ], [ 112.311799887, -8.078001512999947, 0.0 ], [ 112.311832473000095, -8.077869809999981, 0.0 ], [ 112.311832045000074, -8.077737235999962, 0.0 ], [ 112.311831575000042, -8.077591663999954, 0.0 ], [ 112.311843260000046, -8.07749292699998, 0.0 ], [ 112.311881887000027, -8.077373168999941, 0.0 ], [ 112.311908693000078, -8.077310274999945, 0.0 ], [ 112.311968423000053, -8.077220356999931, 0.0 ], [ 112.312049236, -8.077154299999961, 0.0 ], [ 112.312300623000056, -8.076938150999979, 0.0 ], [ 112.312387400000034, -8.076860109999927, 0.0 ], [ 112.312444216000017, -8.076797118999934, 0.0 ], [ 112.312491951000084, -8.076710230999936, 0.0 ], [ 112.312518746000023, -8.076644345999966, 0.0 ], [ 112.312551526000107, -8.076572460999955, 0.0 ], [ 112.312647268000092, -8.076482427999963, 0.0 ], [ 112.312940280000021, -8.076146509999944, 0.0 ], [ 112.313271938000071, -8.075696817999926, 0.0 ], [ 112.313492888000042, -8.075349166999956, 0.0 ], [ 112.313607265000087, -8.075258097999949, 0.0 ], [ 112.313681465000059, -8.075199018999967, 0.0 ], [ 112.313714340000047, -8.075157040999954, 0.0 ], [ 112.31373222000002, -8.07511810099993, 0.0 ], [ 112.313723736000043, -8.075028302999954, 0.0 ], [ 112.313713576000055, -8.074920765999934, 0.0 ], [ 112.313704370000096, -8.074857986999973, 0.0 ], [ 112.313707236000027, -8.074816103999979, 0.0 ], [ 112.31374005300006, -8.074756182999977, 0.0 ], [ 112.313781864000021, -8.074693238999942, 0.0 ], [ 112.313805746000071, -8.074654281999926, 0.0 ], [ 112.313972083000067, -8.074563199999943, 0.0 ], [ 112.313974744, -8.074560829999939, 0.0 ], [ 112.314072250000095, -8.074473974999933, 0.0 ], [ 112.314126064000106, -8.074410992999958, 0.0 ], [ 112.314161845000058, -8.074339097999939, 0.0 ], [ 112.314197633000049, -8.074270193999951, 0.0 ], [ 112.314224448, -8.0742102899999, 0.0 ], [ 112.314239280000038, -8.074156406999975, 0.0 ], [ 112.31424142100002, -8.073984306999932, 0.0 ], [ 112.314244043000031, -8.073773560999939, 0.0 ], [ 112.314249871000015, -8.073719706999952, 0.0 ], [ 112.314270664000105, -8.073653840999953, 0.0 ], [ 112.314291487000105, -8.073596946999942, 0.0 ], [ 112.314336299000047, -8.07353399699997, 0.0 ], [ 112.314449898000021, -8.073399041999949, 0.0 ], [ 112.314517818000013, -8.07334793299998, 0.0 ], [ 112.314605571000016, -8.073281898999937, 0.0 ], [ 112.31464136000011, -8.07321299399996, 0.0 ], [ 112.314681093000104, -8.073027812999953, 0.0 ], [ 112.31468277700003, -8.073019963999968, 0.0 ], [ 112.314732881000054, -8.072746124999981, 0.0 ], [ 112.31477458400002, -8.072650283999963, 0.0 ], [ 112.314882028000056, -8.072467495999945, 0.0 ], [ 112.315046306000113, -8.072227698999939, 0.0 ], [ 112.315309507000052, -8.07195468499998, 0.0 ], [ 112.31579436200002, -8.071552351999969, 0.0 ], [ 112.316078714000014, -8.071324131999972, 0.0 ], [ 112.316234259000112, -8.071168106999949, 0.0 ], [ 112.316395519000025, -8.070882810999933, 0.0 ], [ 112.316399899000089, -8.070875061999971, 0.0 ], [ 112.316502999000022, -8.070607, 0.0 ], [ 112.31650361700008, -8.070602041999962, 0.0 ], [ 112.31652301500003, -8.070446380999954, 0.0 ], [ 112.316537739000069, -8.070359598999971, 0.0 ], [ 112.316573508000033, -8.070284713999968, 0.0 ], [ 112.31663624600003, -8.070197775999929, 0.0 ], [ 112.316863745000092, -8.070020583999963, 0.0 ], [ 112.317511866000018, -8.069463181999936, 0.0 ], [ 112.317521313000043, -8.069454336999968, 0.0 ], [ 112.317785401000037, -8.069207093999978, 0.0 ], [ 112.317827288000103, -8.069168078999951, 0.0 ], [ 112.317863145000047, -8.069120109999972, 0.0 ], [ 112.317877993000025, -8.069072207999966, 0.0 ], [ 112.31786051600011, -8.068992187999982, 0.0 ], [ 112.317841439000063, -8.06890483799998, 0.0 ], [ 112.317853200000059, -8.068830027999979, 0.0 ], [ 112.31792474800011, -8.068683246999967, 0.0 ], [ 112.318106417000081, -8.068254968999952, 0.0 ], [ 112.318181568000114, -8.068084312999929, 0.0 ], [ 112.318234645000075, -8.068105256999957, 0.0 ], [ 112.318826981000029, -8.06742917899993, 0.0 ], [ 112.319024785000011, -8.06735475399995, 0.0 ], [ 112.319381358000101, -8.067189108999969, 0.0 ], [ 112.31945027200004, -8.067155987999968, 0.0 ], [ 112.319706138000015, -8.066992810999977, 0.0 ], [ 112.319708607000052, -8.066991235999978, 0.0 ], [ 112.320113760000027, -8.066456654999968, 0.0 ], [ 112.320118017000027, -8.066451035999933, 0.0 ], [ 112.320478001000083, -8.065947, 0.0 ], [ 112.320481206000068, -8.065942164999967, 0.0 ], [ 112.320529429000089, -8.065869430999953, 0.0 ], [ 112.320544249000022, -8.065812556999958, 0.0 ], [ 112.320559031000016, -8.065743719999944, 0.0 ], [ 112.320539996000093, -8.065560021999943, 0.0 ], [ 112.320521855000038, -8.065384937999966, 0.0 ], [ 112.320536549000053, -8.065289182999948, 0.0 ], [ 112.320551204000026, -8.065181464999966, 0.0 ], [ 112.320577901000092, -8.065085672999942, 0.0 ], [ 112.320731954000053, -8.064748514999962, 0.0 ], [ 112.320755797000061, -8.064696331999926, 0.0 ], [ 112.320874166000067, -8.064817086999938, 0.0 ], [ 112.321087261000116, -8.064641732999974, 0.0 ], [ 112.321135392000087, -8.064677468999946, 0.0 ], [ 112.321240572000079, -8.064538353999978, 0.0 ], [ 112.321510110000077, -8.06474086399993, 0.0 ], [ 112.321608850000075, -8.064836250999974, 0.0 ], [ 112.321628071000077, -8.064840974999981, 0.0 ], [ 112.32166405800001, -8.064833680999925, 0.0 ], [ 112.321678416000054, -8.064819277999959, 0.0 ], [ 112.321726383000055, -8.064804766999941, 0.0 ], [ 112.321747989000073, -8.064804697999932, 0.0 ], [ 112.32178164600009, -8.064818944999956, 0.0 ], [ 112.32179851300009, -8.064838031999955, 0.0 ], [ 112.32181778100005, -8.06485711299996, 0.0 ], [ 112.321829885000056, -8.064888176999943, 0.0 ], [ 112.321758929000111, -8.065216203999967, 0.0 ], [ 112.321728164000092, -8.065352686999972, 0.0 ], [ 112.322352749000061, -8.0654750899999, 0.0 ], [ 112.321991696000055, -8.066292758999964, 0.0 ], [ 112.321657870000081, -8.06699369599994, 0.0 ], [ 112.321414245000028, -8.067748177999931, 0.0 ], [ 112.32133719300009, -8.068047511999964, 0.0 ], [ 112.32124201900001, -8.068311014999949, 0.0 ], [ 112.321158734000051, -8.068538587999967, 0.0 ], [ 112.32074198600003, -8.069580749999943, 0.0 ], [ 112.320557639000072, -8.070107734999965, 0.0 ], [ 112.320450519000019, -8.070389220999971, 0.0 ], [ 112.320307718000095, -8.070772511999962, 0.0 ], [ 112.320236395000052, -8.070988082999975, 0.0 ], [ 112.320134966000069, -8.071173843999929, 0.0 ], [ 112.319681291000052, -8.071934982999949, 0.0 ], [ 112.319240395000065, -8.072935350999956, 0.0 ], [ 112.318995347000055, -8.073253171999966, 0.0 ], [ 112.318690589000084, -8.073666890999959, 0.0 ], [ 112.31854755400002, -8.073978400999977, 0.0 ], [ 112.318398322, -8.074230113999931, 0.0 ], [ 112.318344770000067, -8.074373848999926, 0.0 ], [ 112.31830926300006, -8.074529487999939, 0.0 ], [ 112.318172946, -8.075062299999956, 0.0 ], [ 112.318071573000111, -8.075266004999946, 0.0 ], [ 112.317993937000097, -8.075385888999961, 0.0 ], [ 112.317904354, -8.075523756999928, 0.0 ], [ 112.317683271000078, -8.075829536999947, 0.0 ], [ 112.317509954000116, -8.076057399999968, 0.0 ], [ 112.317342695000093, -8.07630318899993, 0.0 ], [ 112.317259191000062, -8.076464963999967, 0.0 ], [ 112.317080258000033, -8.076812479999944, 0.0 ], [ 112.317014741000094, -8.076968215999955, 0.0 ], [ 112.316949224000041, -8.077123950999976, 0.0 ], [ 112.316925855000022, -8.077321421999955, 0.0 ], [ 112.316884327000025, -8.077471099999968, 0.0 ], [ 112.317016447000015, -8.077494599999966, 0.0 ], [ 112.316957048000063, -8.077686207999932, 0.0 ], [ 112.316778327000065, -8.078099519999967, 0.0 ], [ 112.316868512000042, -8.078147084999955, 0.0 ], [ 112.31687497900009, -8.078290624999966, 0.0 ], [ 112.316875385000117, -8.078416239999967, 0.0 ], [ 112.31679834900001, -8.078721554999959, 0.0 ], [ 112.31708079100008, -8.078828316999932, 0.0 ], [ 112.317158816000074, -8.078828065999971, 0.0 ], [ 112.317224760000045, -8.078803926999967, 0.0 ], [ 112.317290665000087, -8.078767823999954, 0.0 ], [ 112.317356571, -8.07873172199993, 0.0 ], [ 112.317434479000099, -8.0786955799999, 0.0 ], [ 112.31754830400007, -8.078629413999977, 0.0 ], [ 112.317620212000065, -8.078593292999926, 0.0 ], [ 112.31804679600009, -8.078729497999973, 0.0 ], [ 112.318365191000112, -8.078818196999975, 0.0 ], [ 112.318545405, -8.078865469999926, 0.0 ], [ 112.318695628000114, -8.078918820999945, 0.0 ], [ 112.318737779000116, -8.078960556999959, 0.0 ], [ 112.318738070000109, -8.079050281999969, 0.0 ], [ 112.318738342000074, -8.079134024999973, 0.0 ], [ 112.318726551000054, -8.079199861999939, 0.0 ], [ 112.318738808000035, -8.079277584999943, 0.0 ], [ 112.318786959000022, -8.079319301999931, 0.0 ], [ 112.31887094800004, -8.079307066999945, 0.0 ], [ 112.318966766000017, -8.079240959999936, 0.0 ], [ 112.319050581000056, -8.079174889999933, 0.0 ], [ 112.31917060100011, -8.079168521999975, 0.0 ], [ 112.319374725000102, -8.079185807999977, 0.0 ], [ 112.319687158000079, -8.079286488999969, 0.0 ], [ 112.320216166000023, -8.079541995999932, 0.0 ], [ 112.320498569000051, -8.079636790999928, 0.0 ], [ 112.32055872400008, -8.07967846899993, 0.0 ], [ 112.320594989000028, -8.079756113999963, 0.0 ], [ 112.320595223000055, -8.079827893999948, 0.0 ], [ 112.320619406000105, -8.079881650999937, 0.0 ], [ 112.320751488000042, -8.079893187999971, 0.0 ], [ 112.321574731000055, -8.080189613999949, 0.0 ], [ 112.321947378, -8.080349914999942, 0.0 ], [ 112.322127672000079, -8.080421112999943, 0.0 ], [ 112.322331777000045, -8.080432415999951, 0.0 ], [ 112.322403762000022, -8.08042022099994, 0.0 ], [ 112.322469648000038, -8.080378134999933, 0.0 ], [ 112.322637411000073, -8.080287866999981, 0.0 ], [ 112.322739522, -8.080311464999966, 0.0 ], [ 112.322925798000028, -8.080376658999967, 0.0 ], [ 112.322973852000018, -8.080388467999967, 0.0 ], [ 112.323009806000073, -8.080370405999929, 0.0 ], [ 112.323057666000068, -8.080322397999964, 0.0 ], [ 112.323111469000082, -8.080256424999959, 0.0 ], [ 112.32327211900008, -8.079825222999943, 0.0 ], [ 112.323578609000037, -8.079943863999972, 0.0 ], [ 112.323855032000097, -8.080044657999963, 0.0 ], [ 112.324301823000042, -8.080118581999955, 0.0 ], [ 112.324561178000067, -8.080139275999954, 0.0 ], [ 112.32493993300011, -8.08033185599993, 0.0 ], [ 112.324861211000098, -8.080486438999969, 0.0 ], [ 112.325994103000085, -8.081132378999939, 0.0 ], [ 112.326528051000082, -8.081428535999976, 0.0 ], [ 112.326560673000017, -8.081493031999969, 0.0 ], [ 112.326751806000061, -8.081574958999965, 0.0 ], [ 112.327156415000104, -8.081747094999969, 0.0 ] ] ] ] } },
{ "type": "Feature", "properties": { "OBJECTID": 113845.0, "KDPPUM": "35", "NAMOBJ": "Kelurahan Klemunan", "REMARK": null, "KDPBPS": null, "FCODE": "BA03070040", "LUASWH": null, "UUPP": "Ajudikasi 2015", "SRS_ID": "SRGI 2013", "METADATA": "TASWIL1000020200326DATA_BATAS_DESA_KELURAHAN", "KDEBPS": null, "KDEPUM": "35.05.17.1006", "KDCBPS": null, "KDCPUM": "35.05.17", "KDBBPS": null, "WADMKD": "Kelurahan Klemunan", "WIADKD": null, "WADMKC": "Wlingi", "WIADKC": null, "WADMKK": "Blitar", "WIADKK": null, "WADMPR": "Jawa Timur", "WIADPR": null, "TIPADM": 2.0, "KDPKAB": "35.05", "SHAPE_Leng": 0.123308429777556, "SHAPE_Area": 0.00043289573843199999 }, "geometry": { "type": "MultiPolygon", "coordinates": [ [ [ [ 112.339787259000104, -8.095631408999964, 0.0 ], [ 112.340089573000114, -8.096185924999929, 0.0 ], [ 112.340406483000038, -8.096767211999975, 0.0 ], [ 112.340414, -8.096780998999975, 0.0 ], [ 112.340493454000011, -8.097013379999964, 0.0 ], [ 112.340838999000084, -8.098024000999942, 0.0 ], [ 112.340936911000085, -8.098394123999981, 0.0 ], [ 112.340991207000116, -8.098562438999977, 0.0 ], [ 112.341023, -8.098661000999925, 0.0 ], [ 112.341094234000025, -8.098702417999959, 0.0 ], [ 112.341113438000093, -8.098713584999928, 0.0 ], [ 112.341508, -8.098943, 0.0 ], [ 112.342173000000116, -8.098961000999964, 0.0 ], [ 112.342178277000016, -8.098960533999957, 0.0 ], [ 112.34294646, -8.098892557999932, 0.0 ], [ 112.343127186000061, -8.099815529999944, 0.0 ], [ 112.342936046000091, -8.100077087999978, 0.0 ], [ 112.342916860000059, -8.100103341999954, 0.0 ], [ 112.342816503000108, -8.100357995999957, 0.0 ], [ 112.342807339000046, -8.100381249999941, 0.0 ], [ 112.342796249000116, -8.100400246999925, 0.0 ], [ 112.342726169000116, -8.100520291999942, 0.0 ], [ 112.342678278000108, -8.100558731999968, 0.0 ], [ 112.342587187000049, -8.100602098999957, 0.0 ], [ 112.342491231000054, -8.100626340999952, 0.0 ], [ 112.342366194000078, -8.100569329999928, 0.0 ], [ 112.34203061900007, -8.100209715999938, 0.0 ], [ 112.34189875800007, -8.10006840799997, 0.0 ], [ 112.341532572, -8.099691572999973, 0.0 ], [ 112.341450718000033, -8.099624846999973, 0.0 ], [ 112.341301690000023, -8.099572697999974, 0.0 ], [ 112.341171995000082, -8.099558768999941, 0.0 ], [ 112.341071221000107, -8.09957824199995, 0.0 ], [ 112.341018560000066, -8.099626266999962, 0.0 ], [ 112.340961113000048, -8.099679095999932, 0.0 ], [ 112.340903730000036, -8.099751063999975, 0.0 ], [ 112.340875235000112, -8.099846862999925, 0.0 ], [ 112.340870765000091, -8.099947369999938, 0.0 ], [ 112.340890528000045, -8.100114791999943, 0.0 ], [ 112.340939210000101, -8.100315615999932, 0.0 ], [ 112.341069507000043, -8.100511385999937, 0.0 ], [ 112.341170599000066, -8.100587618999953, 0.0 ], [ 112.341353336000111, -8.100668367999958, 0.0 ], [ 112.341410298000028, -8.10069350699996, 0.0 ], [ 112.341579352000053, -8.100768116999973, 0.0 ], [ 112.341954430000101, -8.100929583999971, 0.0 ], [ 112.342204725000101, -8.101110601999949, 0.0 ], [ 112.342291793000072, -8.101301728999942, 0.0 ], [ 112.342325738000113, -8.101402107999945, 0.0 ], [ 112.342326179000111, -8.101404413999944, 0.0 ], [ 112.342340397000044, -8.10147862599996, 0.0 ], [ 112.342408035000062, -8.101602821999961, 0.0 ], [ 112.342489965000027, -8.101693471999965, 0.0 ], [ 112.342629582000086, -8.101803075999953, 0.0 ], [ 112.342865282000048, -8.101926718999948, 0.0 ], [ 112.342923141000028, -8.101998306999974, 0.0 ], [ 112.342947326000058, -8.102050866999946, 0.0 ], [ 112.342952396000101, -8.102132200999961, 0.0 ], [ 112.342943031, -8.102204010999969, 0.0 ], [ 112.342919260000031, -8.102275867999936, 0.0 ], [ 112.342842655000027, -8.102343115999929, 0.0 ], [ 112.34278512700007, -8.102372016999936, 0.0 ], [ 112.342626763000112, -8.102401250999947, 0.0 ], [ 112.342501901000105, -8.102396875999943, 0.0 ], [ 112.342352839000114, -8.10233515799996, 0.0 ], [ 112.341377217000058, -8.102079959999969, 0.0 ], [ 112.340545762000033, -8.101857782999957, 0.0 ], [ 112.340420914000106, -8.101858193999931, 0.0 ], [ 112.340305719000071, -8.101872927999977, 0.0 ], [ 112.340171412000018, -8.101916437999932, 0.0 ], [ 112.340109305000055, -8.10201234799996, 0.0 ], [ 112.340076088000046, -8.10213209099993, 0.0 ], [ 112.340081381, -8.102280417999964, 0.0 ], [ 112.340086706000079, -8.102438314999972, 0.0 ], [ 112.340217651000103, -8.102830281999957, 0.0 ], [ 112.340275496000118, -8.102897086999974, 0.0 ], [ 112.340366951000078, -8.102963779999925, 0.0 ], [ 112.340482273000021, -8.102987329999962, 0.0 ], [ 112.340549193000015, -8.102989192999928, 0.0 ], [ 112.340789622000102, -8.102995888999942, 0.0 ], [ 112.341116130000046, -8.102990029999944, 0.0 ], [ 112.341879775000052, -8.103035371999965, 0.0 ], [ 112.342043244000024, -8.103097042999934, 0.0 ], [ 112.342149057000029, -8.103149332999976, 0.0 ], [ 112.342216693000069, -8.103273527999932, 0.0 ], [ 112.342216980000103, -8.103359663999981, 0.0 ], [ 112.342188564000026, -8.103479389999961, 0.0 ], [ 112.342116903000033, -8.103589688999932, 0.0 ], [ 112.3420797120001, -8.103638488999934, 0.0 ], [ 112.341992596000068, -8.103752798999949, 0.0 ], [ 112.341801679000014, -8.104102754999928, 0.0 ], [ 112.341735200000016, -8.104327883999929, 0.0 ], [ 112.341735865000032, -8.104528865999953, 0.0 ], [ 112.341710836000061, -8.104926535999937, 0.0 ], [ 112.341672001, -8.105543563999959, 0.0 ], [ 112.341648832000033, -8.105797261999953, 0.0 ], [ 112.34164493500009, -8.106070037999928, 0.0 ], [ 112.341655062000086, -8.10622792099997, 0.0 ], [ 112.341672614000117, -8.106317287999957, 0.0 ], [ 112.341679483, -8.106352258999948, 0.0 ], [ 112.341804680000109, -8.106457123999974, 0.0 ], [ 112.341897701000107, -8.106514236999942, 0.0 ], [ 112.341944219000084, -8.106542799999943, 0.0 ], [ 112.342271459000017, -8.106757061999929, 0.0 ], [ 112.342391981000105, -8.106900223999958, 0.0 ], [ 112.342469160000064, -8.107005246999961, 0.0 ], [ 112.342488701000093, -8.107105673999968, 0.0 ], [ 112.342484392000074, -8.107254033999936, 0.0 ], [ 112.342470366000043, -8.107368927999971, 0.0 ], [ 112.342476296000086, -8.107382592999954, 0.0 ], [ 112.342528433000098, -8.10750272699994, 0.0 ], [ 112.342586341000015, -8.107588670999974, 0.0 ], [ 112.342673441000102, -8.107789367999942, 0.0 ], [ 112.342678544000023, -8.107880270999942, 0.0 ], [ 112.342650051000078, -8.107976071999929, 0.0 ], [ 112.342588006000028, -8.108091123999941, 0.0 ], [ 112.342468389000032, -8.108220721999942, 0.0 ], [ 112.342374705000111, -8.108292603999928, 0.0 ], [ 112.342305538, -8.108345676999932, 0.0 ], [ 112.342132876000051, -8.108408453999971, 0.0 ], [ 112.341950549000103, -8.10845212199996, 0.0 ], [ 112.341739314000051, -8.108467173999941, 0.0 ], [ 112.341446511000072, -8.108501634999925, 0.0 ], [ 112.341099469000028, -8.108477477999941, 0.0 ], [ 112.341052662000038, -8.108474218999959, 0.0 ], [ 112.340903963000073, -8.108522561999962, 0.0 ], [ 112.340832204000094, -8.108604147999927, 0.0 ], [ 112.340794106000089, -8.108699978999937, 0.0 ], [ 112.340765659000112, -8.108810135999931, 0.0 ], [ 112.340809288000059, -8.10893441099995, 0.0 ], [ 112.340886499000021, -8.109049003999928, 0.0 ], [ 112.341016468000021, -8.109144283999967, 0.0 ], [ 112.341021423000029, -8.109147367999981, 0.0 ], [ 112.341314802000056, -8.109329927999966, 0.0 ], [ 112.34163253700001, -8.10957293499996, 0.0 ], [ 112.341748098000039, -8.109668259999978, 0.0 ], [ 112.341815785000108, -8.109806811999931, 0.0 ], [ 112.341888226000037, -8.109930991999931, 0.0 ], [ 112.34193726, -8.110237090999931, 0.0 ], [ 112.34193352300008, -8.110557718999928, 0.0 ], [ 112.34177648800005, -8.11098891599994, 0.0 ], [ 112.341690545, -8.111137543999973, 0.0 ], [ 112.341585284000075, -8.111252738999951, 0.0 ], [ 112.341393715000095, -8.111406498999941, 0.0 ], [ 112.341312432000109, -8.111512044999927, 0.0 ], [ 112.341231242000049, -8.111646299999961, 0.0 ], [ 112.34122203600009, -8.111765962999925, 0.0 ], [ 112.341241576000016, -8.111866390999978, 0.0 ], [ 112.341299692, -8.112014544999965, 0.0 ], [ 112.341434684000092, -8.112176800999976, 0.0 ], [ 112.341502896000065, -8.112473265999938, 0.0 ], [ 112.341522643000076, -8.112635901999965, 0.0 ], [ 112.341542486000094, -8.112827248999963, 0.0 ], [ 112.341528761000063, -8.113033063999978, 0.0 ], [ 112.341481203000058, -8.11317199399997, 0.0 ], [ 112.341395308000074, -8.113334977999955, 0.0 ], [ 112.341328366000084, -8.113421333999952, 0.0 ], [ 112.341242201000114, -8.113502968999967, 0.0 ], [ 112.341179808000106, -8.11351274499998, 0.0 ], [ 112.341112612000074, -8.113522536999938, 0.0 ], [ 112.341035702000113, -8.113498861999972, 0.0 ], [ 112.340983701000027, -8.113483807999955, 0.0 ], [ 112.340953990000116, -8.113475205999976, 0.0 ], [ 112.340728204000015, -8.113447236999946, 0.0 ], [ 112.340603496000085, -8.113490715999944, 0.0 ], [ 112.34045964500001, -8.113553398999954, 0.0 ], [ 112.340394762000074, -8.113593588999947, 0.0 ], [ 112.340234414000065, -8.113692913999955, 0.0 ], [ 112.340124603000049, -8.113884687999928, 0.0 ], [ 112.340077091000012, -8.114037974999974, 0.0 ], [ 112.340068090000045, -8.114219846999958, 0.0 ], [ 112.340135777000114, -8.114358397999979, 0.0 ], [ 112.34029457500003, -8.11445836799993, 0.0 ], [ 112.340650140000093, -8.114524191999976, 0.0 ], [ 112.340832929000044, -8.11449403599994, 0.0 ], [ 112.341360447000056, -8.114407004999975, 0.0 ], [ 112.342021907000117, -8.114053031999958, 0.0 ], [ 112.342222998000011, -8.113945419999936, 0.0 ], [ 112.342458154000042, -8.113819578999937, 0.0 ], [ 112.342683528000066, -8.113723129999926, 0.0 ], [ 112.342836983000097, -8.11366041499997, 0.0 ], [ 112.343000042000085, -8.113597666999965, 0.0 ], [ 112.343010580000055, -8.113593588999947, 0.0 ], [ 112.343124733000082, -8.113549402999979, 0.0 ], [ 112.343215859000111, -8.113515605999964, 0.0 ], [ 112.343307191, -8.113544016999981, 0.0 ], [ 112.343470786000012, -8.113593588999947, 0.0 ], [ 112.343494657000065, -8.113600820999977, 0.0 ], [ 112.343590982000023, -8.113686639999969, 0.0 ], [ 112.343632879000097, -8.113772397999981, 0.0 ], [ 112.343658670000082, -8.113825189999943, 0.0 ], [ 112.343668719000107, -8.113959146999946, 0.0 ], [ 112.343630621000102, -8.114054978999945, 0.0 ], [ 112.343525408, -8.114184529999932, 0.0 ], [ 112.343415139000058, -8.114237531999947, 0.0 ], [ 112.343299922000028, -8.114247481999939, 0.0 ], [ 112.343184677000067, -8.114247862999946, 0.0 ], [ 112.343093473000067, -8.114257732999931, 0.0 ], [ 112.343007148000083, -8.11429151599998, 0.0 ], [ 112.342882537000037, -8.114363705999949, 0.0 ], [ 112.342777131000048, -8.114435833999948, 0.0 ], [ 112.342600063000077, -8.11461825899994, 0.0 ], [ 112.34195937700008, -8.115019796999945, 0.0 ], [ 112.341732705000027, -8.115161858999954, 0.0 ], [ 112.340925323000079, -8.115489380999975, 0.0 ], [ 112.340840731000071, -8.115523695999968, 0.0 ], [ 112.340265718000069, -8.115894057999981, 0.0 ], [ 112.34013764000008, -8.116039198999943, 0.0 ], [ 112.340007379000099, -8.116186813999946, 0.0 ], [ 112.3399547570001, -8.116375405999975, 0.0 ], [ 112.339873873000101, -8.116665282999975, 0.0 ], [ 112.339860674000079, -8.116712584999959, 0.0 ], [ 112.33986, -8.116715, 0.0 ], [ 112.33918, -8.116276998999979, 0.0 ], [ 112.338539340000011, -8.116193756999962, 0.0 ], [ 112.338327839000044, -8.116166276999934, 0.0 ], [ 112.337928059000092, -8.116139106999981, 0.0 ], [ 112.337182451000103, -8.116172407999954, 0.0 ], [ 112.337157525000066, -8.116173522999929, 0.0 ], [ 112.337136872000087, -8.116177668999967, 0.0 ], [ 112.336438841000017, -8.116317789999925, 0.0 ], [ 112.33633346900001, -8.11633894199997, 0.0 ], [ 112.336277366000104, -8.116358157999969, 0.0 ], [ 112.335961504000011, -8.11646634899995, 0.0 ], [ 112.335922052000114, -8.116479861999949, 0.0 ], [ 112.335240174000091, -8.116743274999976, 0.0 ], [ 112.335216546000083, -8.116752402999964, 0.0 ], [ 112.335215, -8.116753, 0.0 ], [ 112.3351556, -8.1167948, 0.0 ], [ 112.334756, -8.117075998999951, 0.0 ], [ 112.334634236000056, -8.117191570999978, 0.0 ], [ 112.334461, -8.117355998999926, 0.0 ], [ 112.334461051000062, -8.117358983999964, 0.0 ], [ 112.334461265000073, -8.117371383999966, 0.0 ], [ 112.334465822000084, -8.117635827999948, 0.0 ], [ 112.334418276000065, -8.117779542999926, 0.0 ], [ 112.334370730000046, -8.117923259999941, 0.0 ], [ 112.33430381800008, -8.11801918599997, 0.0 ], [ 112.334179298000095, -8.11812008499993, 0.0 ], [ 112.334035522000022, -8.118206692999934, 0.0 ], [ 112.333628141000077, -8.118447294999953, 0.0 ], [ 112.333393190000038, -8.118553341999927, 0.0 ], [ 112.333326135000107, -8.118606199999931, 0.0 ], [ 112.333249587000068, -8.118692586999941, 0.0 ], [ 112.33322118500007, -8.118817098999955, 0.0 ], [ 112.333284101000118, -8.11896523799993, 0.0 ], [ 112.333376064000049, -8.119185061999929, 0.0 ], [ 112.333411785000067, -8.119280709999941, 0.0 ], [ 112.333477806000019, -8.119457491999981, 0.0 ], [ 112.333483336000086, -8.119677598999942, 0.0 ], [ 112.333474268000032, -8.119840330999978, 0.0 ], [ 112.333431809000103, -8.120070165999948, 0.0 ], [ 112.333370061000096, -8.120276137999952, 0.0 ], [ 112.333222350000028, -8.120625951999955, 0.0 ], [ 112.333200279000039, -8.120653730999948, 0.0 ], [ 112.333080968000104, -8.120803900999931, 0.0 ], [ 112.332959327000026, -8.120957, 0.0 ], [ 112.332927906, -8.12097952299996, 0.0 ], [ 112.332791651000093, -8.121077183999944, 0.0 ], [ 112.332647794000081, -8.121139863999929, 0.0 ], [ 112.332537411000089, -8.121159366999962, 0.0 ], [ 112.332470245000081, -8.121178727999961, 0.0 ], [ 112.332422351000105, -8.12121716799993, 0.0 ], [ 112.332345676000045, -8.12126527199996, 0.0 ], [ 112.332307402000083, -8.12130846499997, 0.0 ], [ 112.332283549000067, -8.121356395999953, 0.0 ], [ 112.33223590700004, -8.121471400999951, 0.0 ], [ 112.332236065000075, -8.121519253999963, 0.0 ], [ 112.332269885000073, -8.121581352999954, 0.0 ], [ 112.332332374000089, -8.121600289999947, 0.0 ], [ 112.332404484000108, -8.121623979999981, 0.0 ], [ 112.332453997000016, -8.1216310099999, 0.0 ], [ 112.332635092000032, -8.121656721999955, 0.0 ], [ 112.332687963000012, -8.121670903999927, 0.0 ], [ 112.332716885000082, -8.121704306999959, 0.0 ], [ 112.33274584000003, -8.121747279999965, 0.0 ], [ 112.332745998000064, -8.121795133999967, 0.0 ], [ 112.332741448000093, -8.121871713999951, 0.0 ], [ 112.332684155000038, -8.121972393999954, 0.0 ], [ 112.332626956000013, -8.122101783999938, 0.0 ], [ 112.33253603300011, -8.122197788999927, 0.0 ], [ 112.332425870000066, -8.122284285999967, 0.0 ], [ 112.332066552000015, -8.122539085999961, 0.0 ], [ 112.331946926000114, -8.122668681999926, 0.0 ], [ 112.331860805000019, -8.122764669999981, 0.0 ], [ 112.331806836000055, -8.122818804999952, 0.0 ], [ 112.331755507000025, -8.122870291999959, 0.0 ], [ 112.331688577000023, -8.122961432999944, 0.0 ], [ 112.331621759000086, -8.123086069999943, 0.0 ], [ 112.331602771, -8.123153126999966, 0.0 ], [ 112.33156473300005, -8.123268099999962, 0.0 ], [ 112.331531607000102, -8.12341655299997, 0.0 ], [ 112.331512920000023, -8.123574529999928, 0.0 ], [ 112.331499699, -8.12365521299995, 0.0 ], [ 112.331484676000059, -8.123746893999964, 0.0 ], [ 112.331413227000098, -8.123924186999943, 0.0 ], [ 112.331360720000021, -8.124020065999957, 0.0 ], [ 112.331274645, -8.124130408999974, 0.0 ], [ 112.331020718000104, -8.12430829799996, 0.0 ], [ 112.330790581000088, -8.124419112999931, 0.0 ], [ 112.330712014000028, -8.12446512899993, 0.0 ], [ 112.330675552000116, -8.124486484999977, 0.0 ], [ 112.330637293000109, -8.124534463999964, 0.0 ], [ 112.330636568000045, -8.124535676999926, 0.0 ], [ 112.330594309000048, -8.124606383999947, 0.0 ], [ 112.33054651000009, -8.124673535999932, 0.0 ], [ 112.330436456000029, -8.12479352899993, 0.0 ], [ 112.330345373000114, -8.124841679999975, 0.0 ], [ 112.330274858000053, -8.124873898999965, 0.0 ], [ 112.330239886000072, -8.124889877999976, 0.0 ], [ 112.330124746000024, -8.124923751999972, 0.0 ], [ 112.330024075000097, -8.1249767199999, 0.0 ], [ 112.32994263, -8.125034409999955, 0.0 ], [ 112.329870834000076, -8.125106425999945, 0.0 ], [ 112.32982327000002, -8.125245355999937, 0.0 ], [ 112.329814313000043, -8.12544158399993, 0.0 ], [ 112.329845220000038, -8.12607793199993, 0.0 ], [ 112.32984504500007, -8.126082098999973, 0.0 ], [ 112.32981850300007, -8.126714470999957, 0.0 ], [ 112.329833618000066, -8.126929760999928, 0.0 ], [ 112.329800491000015, -8.127078215999973, 0.0 ], [ 112.32974790500009, -8.127150166999968, 0.0 ], [ 112.329676031000076, -8.127198255999929, 0.0 ], [ 112.329556088000118, -8.127232145999926, 0.0 ], [ 112.329162535000023, -8.127300426999966, 0.0 ], [ 112.329052212000079, -8.127339069999948, 0.0 ], [ 112.328951509000035, -8.127382466999961, 0.0 ], [ 112.328836510000087, -8.127459409999972, 0.0 ], [ 112.32872159100009, -8.12756027699993, 0.0 ], [ 112.328630696, -8.127665850999961, 0.0 ], [ 112.328430361000073, -8.128078044999938, 0.0 ], [ 112.328310764000094, -8.128217210999935, 0.0 ], [ 112.32823432400005, -8.12833709399996, 0.0 ], [ 112.328172401000074, -8.128490426999974, 0.0 ], [ 112.3280961480001, -8.128667733999976, 0.0 ], [ 112.328024572000118, -8.128806742999927, 0.0 ], [ 112.32791464200011, -8.128965017999974, 0.0 ], [ 112.327818962000038, -8.129075393999926, 0.0 ], [ 112.327570540000011, -8.129468601999974, 0.0 ], [ 112.327494130000105, -8.129598056999953, 0.0 ], [ 112.327446409000117, -8.129689132999943, 0.0 ], [ 112.327398670000093, -8.129775425999981, 0.0 ], [ 112.32730782100009, -8.129895356999953, 0.0 ], [ 112.327159851000033, -8.130168603999948, 0.0 ], [ 112.327126521000082, -8.130254848999925, 0.0 ], [ 112.327088199000059, -8.130283685999927, 0.0 ], [ 112.327049828000099, -8.130298167999968, 0.0 ], [ 112.326997051000035, -8.13031269499993, 0.0 ], [ 112.326740745000052, -8.13044754799995, 0.0 ], [ 112.326695033000078, -8.130471597999929, 0.0 ], [ 112.326584866000076, -8.130558092999934, 0.0 ], [ 112.326503482000021, -8.130634925999971, 0.0 ], [ 112.326435104000097, -8.130678484999976, 0.0 ], [ 112.32630400100004, -8.130762000999937, 0.0 ], [ 112.326299912000081, -8.130760127999963, 0.0 ], [ 112.326298227000052, -8.130759353999963, 0.0 ], [ 112.325764653000078, -8.130514884999968, 0.0 ], [ 112.325374063000027, -8.13033592599993, 0.0 ], [ 112.325198134000061, -8.130252990999963, 0.0 ], [ 112.325107100000082, -8.130210075999969, 0.0 ], [ 112.324460909000095, -8.129905453999982, 0.0 ], [ 112.324286, -8.129823, 0.0 ], [ 112.324022703000082, -8.129744832999961, 0.0 ], [ 112.323932017000061, -8.129718882999953, 0.0 ], [ 112.323562, -8.12961299899996, 0.0 ], [ 112.323346885000092, -8.129598731999977, 0.0 ], [ 112.323346355000012, -8.129598696999949, 0.0 ], [ 112.323341610000057, -8.129598381999926, 0.0 ], [ 112.323275759000012, -8.129594014999952, 0.0 ], [ 112.323272855000027, -8.129593820999958, 0.0 ], [ 112.323202396000056, -8.129589991999978, 0.0 ], [ 112.323047985000017, -8.129581596999969, 0.0 ], [ 112.322938860000022, -8.1295491299999, 0.0 ], [ 112.322849760000054, -8.129522620999978, 0.0 ], [ 112.322766154000078, -8.12949774599997, 0.0 ], [ 112.322407868000028, -8.129329885999937, 0.0 ], [ 112.322070583000027, -8.129171864999932, 0.0 ], [ 112.322031294000112, -8.129155646999948, 0.0 ], [ 112.321945472000039, -8.129120219999947, 0.0 ], [ 112.321227393000072, -8.128823806999947, 0.0 ], [ 112.321223771000064, -8.128822311999954, 0.0 ], [ 112.321216531, -8.128820362999932, 0.0 ], [ 112.320637579000049, -8.128664515999958, 0.0 ], [ 112.320362082000088, -8.128615259999947, 0.0 ], [ 112.320240518000105, -8.128593525999975, 0.0 ], [ 112.320157822000056, -8.128578739999966, 0.0 ], [ 112.320198063000021, -8.128157098999964, 0.0 ], [ 112.32010704400011, -8.127858308999976, 0.0 ], [ 112.319992016000015, -8.127559597999948, 0.0 ], [ 112.319943094000109, -8.12728459899995, 0.0 ], [ 112.319990764000067, -8.127176772999974, 0.0 ], [ 112.320074469000019, -8.127074812999979, 0.0 ], [ 112.320260024000049, -8.126912704999938, 0.0 ], [ 112.320293697000011, -8.126877803999946, 0.0 ], [ 112.320439498000042, -8.126726689999941, 0.0 ], [ 112.321138991000112, -8.125863053999979, 0.0 ], [ 112.321791265000115, -8.125244817999942, 0.0 ], [ 112.32191694800008, -8.125130758999944, 0.0 ], [ 112.321994591000021, -8.125010872999951, 0.0 ], [ 112.322125846000063, -8.124765196999931, 0.0 ], [ 112.322161274000109, -8.124585630999945, 0.0 ], [ 112.322178537000013, -8.124358269999959, 0.0 ], [ 112.322111941000117, -8.124185016999945, 0.0 ], [ 112.322051484000099, -8.124053616999959, 0.0 ], [ 112.321846905000029, -8.123904738999954, 0.0 ], [ 112.321723147000057, -8.123820542999965, 0.0 ], [ 112.321654391000038, -8.123773766999932, 0.0 ], [ 112.321492714000101, -8.123676968999973, 0.0 ], [ 112.321425841000064, -8.123636930999965, 0.0 ], [ 112.321383608000019, -8.123571267999978, 0.0 ], [ 112.321353282000018, -8.123475660999929, 0.0 ], [ 112.321352793000074, -8.123326118999955, 0.0 ], [ 112.321358032000035, -8.123092815999939, 0.0 ], [ 112.321399248000034, -8.122847432999947, 0.0 ], [ 112.321476695000115, -8.122667729999932, 0.0 ], [ 112.321655815000099, -8.122374045999948, 0.0 ], [ 112.321797900000092, -8.12176943299994, 0.0 ], [ 112.321822615000087, -8.121527906999972, 0.0 ], [ 112.321832801000028, -8.121428363999939, 0.0 ], [ 112.321832682000036, -8.121391913999958, 0.0 ], [ 112.321832194000081, -8.121242932999962, 0.0 ], [ 112.321789687000091, -8.12109352799996, 0.0 ], [ 112.321761244000072, -8.121014977999948, 0.0 ], [ 112.32172911300006, -8.120926236999935, 0.0 ], [ 112.321650493000107, -8.120747041999948, 0.0 ], [ 112.321590017000062, -8.120609659999957, 0.0 ], [ 112.321583448000069, -8.120436211999959, 0.0 ], [ 112.321642944000018, -8.12027451299997, 0.0 ], [ 112.321684396000023, -8.120100908999973, 0.0 ], [ 112.321839855, -8.119914971999947, 0.0 ], [ 112.321893664000072, -8.119848997999952, 0.0 ], [ 112.321941410000022, -8.119765100999928, 0.0 ], [ 112.321960387000104, -8.11969808799995, 0.0 ], [ 112.321977015000016, -8.11963936799998, 0.0 ], [ 112.321987117000049, -8.119605407999927, 0.0 ], [ 112.322012639000036, -8.119519618999959, 0.0 ], [ 112.322017244000108, -8.119426654999927, 0.0 ], [ 112.322018270000058, -8.119405947999951, 0.0 ], [ 112.322005932000025, -8.119304299999953, 0.0 ], [ 112.321975606000024, -8.119208690999926, 0.0 ], [ 112.321945319000065, -8.119125044999976, 0.0 ], [ 112.32192701800011, -8.119035378999968, 0.0 ], [ 112.321938613000043, -8.11890972599997, 0.0 ], [ 112.321904973000073, -8.118803669999977, 0.0 ], [ 112.321877961000041, -8.118718508999962, 0.0 ], [ 112.321833359000038, -8.118630333999931, 0.0 ], [ 112.321781295000051, -8.118527408999967, 0.0 ], [ 112.321726861000116, -8.118401969999979, 0.0 ], [ 112.321720409000022, -8.118264412999963, 0.0 ], [ 112.32174176500007, -8.118178089999958, 0.0 ], [ 112.321750030000089, -8.118144681999979, 0.0 ], [ 112.321815569000023, -8.117994925999938, 0.0 ], [ 112.321940801000096, -8.117743287999929, 0.0 ], [ 112.321988352000062, -8.117599573999939, 0.0 ], [ 112.321993885000097, -8.117455993999954, 0.0 ], [ 112.321999470000037, -8.117380423999975, 0.0 ], [ 112.322005381000054, -8.117300431999979, 0.0 ], [ 112.322064898, -8.117144715999927, 0.0 ], [ 112.322148444000049, -8.116994902999977, 0.0 ], [ 112.322208163000028, -8.116878669999949, 0.0 ], [ 112.322315006000053, -8.11667072299997, 0.0 ], [ 112.322339312000054, -8.116623416999971, 0.0 ], [ 112.322399275000066, -8.116472607999981, 0.0 ], [ 112.322422662, -8.116413786999942, 0.0 ], [ 112.322499110000081, -8.115929021999932, 0.0 ], [ 112.322569086000044, -8.115300716999968, 0.0 ], [ 112.322634546000018, -8.115127033999954, 0.0 ], [ 112.322712148000051, -8.114995184999941, 0.0 ], [ 112.322786067000038, -8.114883906999978, 0.0 ], [ 112.322807718000035, -8.114851312999974, 0.0 ], [ 112.322873256000094, -8.114701558999968, 0.0 ], [ 112.322908919000042, -8.114593771999978, 0.0 ], [ 112.322950466000066, -8.114450076999958, 0.0 ], [ 112.323254243000065, -8.11373128699995, 0.0 ], [ 112.323427455000115, -8.11346753, 0.0 ], [ 112.323492953000027, -8.113305809999929, 0.0 ], [ 112.323600528000043, -8.113161900999955, 0.0 ], [ 112.323714281000093, -8.113071805999937, 0.0 ], [ 112.323748847000047, -8.113055264999957, 0.0 ], [ 112.323840136000058, -8.113011579999977, 0.0 ], [ 112.324011865000102, -8.112952697999958, 0.0 ], [ 112.324121939000065, -8.11291495699993, 0.0 ], [ 112.324379809000106, -8.112842336999961, 0.0 ], [ 112.324463843000103, -8.112842064999938, 0.0 ], [ 112.324529909000034, -8.112853813999948, 0.0 ], [ 112.324607922000041, -8.112847577999958, 0.0 ], [ 112.324733777, -8.112787351999941, 0.0 ], [ 112.325020797000093, -8.11245144399993, 0.0 ], [ 112.325044631000083, -8.112397530999942, 0.0 ], [ 112.324978135000038, -8.112254185999973, 0.0 ], [ 112.324959950000107, -8.112200410999947, 0.0 ], [ 112.324953536000066, -8.112074814999971, 0.0 ], [ 112.324962465000112, -8.112032619999979, 0.0 ], [ 112.324989002000052, -8.111907213999928, 0.0 ], [ 112.325012600000036, -8.111781520999955, 0.0 ], [ 112.325150147000045, -8.111625548999939, 0.0 ], [ 112.325233907000097, -8.111541533999969, 0.0 ], [ 112.32535950700003, -8.111403545999963, 0.0 ], [ 112.325422642000035, -8.111325429999965, 0.0 ], [ 112.325538856000094, -8.111181639999927, 0.0 ], [ 112.32555078900009, -8.111128815999962, 0.0 ], [ 112.325586187000113, -8.110972125999979, 0.0 ], [ 112.32563381500006, -8.110852337999972, 0.0 ], [ 112.325711357000046, -8.110702543999935, 0.0 ], [ 112.325806749000094, -8.11050483799994, 0.0 ], [ 112.325860418000048, -8.110396992999938, 0.0 ], [ 112.32591375100003, -8.110295205999932, 0.0 ], [ 112.325920069000063, -8.110283145999972, 0.0 ], [ 112.32601550000004, -8.110097402999941, 0.0 ], [ 112.326092708000033, -8.109845921999977, 0.0 ], [ 112.326110088000064, -8.109654449999937, 0.0 ], [ 112.326109304000056, -8.109415185999978, 0.0 ], [ 112.326101148000021, -8.109248387999969, 0.0 ], [ 112.326083570000037, -8.108888880999928, 0.0 ], [ 112.326119073000086, -8.108733241999971, 0.0 ], [ 112.326184846000046, -8.108655265999971, 0.0 ], [ 112.326195245, -8.108647960999974, 0.0 ], [ 112.326304619000098, -8.108571132999941, 0.0 ], [ 112.326418527000101, -8.108528888999956, 0.0 ], [ 112.326598481000019, -8.108492413999954, 0.0 ], [ 112.326808526000036, -8.108479766999949, 0.0 ], [ 112.327120413000102, -8.108406971999955, 0.0 ], [ 112.3272999940001, -8.108256843999925, 0.0 ], [ 112.327359390000083, -8.108065236999948, 0.0 ], [ 112.327352544000064, -8.107808046999935, 0.0 ], [ 112.327279790000034, -8.107586959999935, 0.0 ], [ 112.327020552000022, -8.107240867999963, 0.0 ], [ 112.326564097000073, -8.107158609999942, 0.0 ], [ 112.326545151, -8.107153169999947, 0.0 ], [ 112.32627571, -8.107075804999965, 0.0 ], [ 112.32620350500008, -8.107022203999975, 0.0 ], [ 112.326143344000116, -8.106980527999951, 0.0 ], [ 112.326088991, -8.106879014999947, 0.0 ], [ 112.326076730000068, -8.106801293999979, 0.0 ], [ 112.326074965000089, -8.106641470999932, 0.0 ], [ 112.326445288000059, -8.10608396899994, 0.0 ], [ 112.326527700000042, -8.105925420999938, 0.0 ], [ 112.32652908600005, -8.105922752999959, 0.0 ], [ 112.327137314000083, -8.105163651999931, 0.0 ], [ 112.327148876000024, -8.105153234999932, 0.0 ], [ 112.327353997000046, -8.104968416999952, 0.0 ], [ 112.327377772000091, -8.104896560999975, 0.0 ], [ 112.327377477000027, -8.104806834999977, 0.0 ], [ 112.327353134000077, -8.104705225999965, 0.0 ], [ 112.327077469000074, -8.104252131999942, 0.0 ], [ 112.326960866000036, -8.1040604799999, 0.0 ], [ 112.326930601000072, -8.103982815999927, 0.0 ], [ 112.326900196000111, -8.103863281999963, 0.0 ], [ 112.326899843000092, -8.103755612999976, 0.0 ], [ 112.326929502000098, -8.103647845999944, 0.0 ], [ 112.326995194, -8.103545943999961, 0.0 ], [ 112.327120771000068, -8.10340197499994, 0.0 ], [ 112.327330422000045, -8.103269693999948, 0.0 ], [ 112.327456797000082, -8.103223715999945, 0.0 ], [ 112.327572628000098, -8.103181572999972, 0.0 ], [ 112.32762647200002, -8.103127563999976, 0.0 ], [ 112.327687424000032, -8.103044817999944, 0.0 ], [ 112.327913347000049, -8.102749783999968, 0.0 ], [ 112.328279522000116, -8.102393278999955, 0.0 ], [ 112.32841686200004, -8.102211691999969, 0.0 ], [ 112.328663209000069, -8.101885978999974, 0.0 ], [ 112.32915150000008, -8.101428582999972, 0.0 ], [ 112.329327400000011, -8.101255737999963, 0.0 ], [ 112.329402723000044, -8.101162177999981, 0.0 ], [ 112.329655641000045, -8.10086808899996, 0.0 ], [ 112.329655796000111, -8.10086790899993, 0.0 ], [ 112.32969, -8.10079000099995, 0.0 ], [ 112.329700611000021, -8.100708574999942, 0.0 ], [ 112.329708212000014, -8.100650247999965, 0.0 ], [ 112.329715353000097, -8.100595449999958, 0.0 ], [ 112.329728472000056, -8.100494786999946, 0.0 ], [ 112.329738999000028, -8.100414, 0.0 ], [ 112.329762145000018, -8.100255839999932, 0.0 ], [ 112.329784425000071, -8.100103597999976, 0.0 ], [ 112.329799, -8.100004, 0.0 ], [ 112.329849474000071, -8.099867074999963, 0.0 ], [ 112.329859428000077, -8.09984007099996, 0.0 ], [ 112.329860703, -8.099834636999958, 0.0 ], [ 112.330001067000012, -8.099235994999958, 0.0 ], [ 112.330009145000076, -8.099204959999952, 0.0 ], [ 112.330121668000061, -8.098772648999955, 0.0 ], [ 112.330122460000098, -8.098769603999926, 0.0 ], [ 112.33013796900002, -8.098736340999949, 0.0 ], [ 112.330284999000014, -8.098421, 0.0 ], [ 112.330494277000071, -8.09770156299993, 0.0 ], [ 112.330571810000038, -8.097531181999955, 0.0 ], [ 112.330574646000059, -8.097524951999958, 0.0 ], [ 112.330598596000073, -8.097485262999953, 0.0 ], [ 112.330720358, -8.097283494999942, 0.0 ], [ 112.330872759000044, -8.097035714999947, 0.0 ], [ 112.330884371000025, -8.097013527999934, 0.0 ], [ 112.331136856000057, -8.096531081999956, 0.0 ], [ 112.331184, -8.096441, 0.0 ], [ 112.331453923000026, -8.096292382999934, 0.0 ], [ 112.331705495000051, -8.096133645999942, 0.0 ], [ 112.331974585000012, -8.096310176999964, 0.0 ], [ 112.332032266000056, -8.09632793399993, 0.0 ], [ 112.332097101000045, -8.096331311999961, 0.0 ], [ 112.332129525000028, -8.096334794999962, 0.0 ], [ 112.332223123000063, -8.096323720999976, 0.0 ], [ 112.332251851000024, -8.096298505999926, 0.0 ], [ 112.332287711000049, -8.096251730999938, 0.0 ], [ 112.332359466000071, -8.096168949999935, 0.0 ], [ 112.332506140000078, -8.095870583999954, 0.0 ], [ 112.332638339000027, -8.095550730999946, 0.0 ], [ 112.332717957000114, -8.095668907999936, 0.0 ], [ 112.332772071000022, -8.095697442999949, 0.0 ], [ 112.332815310000115, -8.095704479999938, 0.0 ], [ 112.332854924000117, -8.095704351999927, 0.0 ], [ 112.332890937000116, -8.095704231999946, 0.0 ], [ 112.332916075000071, -8.095682616999966, 0.0 ], [ 112.333005884000045, -8.09561413299997, 0.0 ], [ 112.3330705300001, -8.095560085999978, 0.0 ], [ 112.33309211400001, -8.095552837999946, 0.0 ], [ 112.333142462000069, -8.095531138999945, 0.0 ], [ 112.333182029000113, -8.095516653999937, 0.0 ], [ 112.333217961000059, -8.09549141399998, 0.0 ], [ 112.333243086000039, -8.095466208999937, 0.0 ], [ 112.333275402000027, -8.095437390999962, 0.0 ], [ 112.333289738000076, -8.095415809999963, 0.0 ], [ 112.333585257000095, -8.095479446999946, 0.0 ], [ 112.33444681800006, -8.095735038999976, 0.0 ], [ 112.334386482000014, -8.096004411999957, 0.0 ], [ 112.334393803000012, -8.096040277999975, 0.0 ], [ 112.334419070000081, -8.096058139999968, 0.0 ], [ 112.334491251000031, -8.096104560999947, 0.0 ], [ 112.334840696000015, -8.096139309999955, 0.0 ], [ 112.335326659000089, -8.096073117999936, 0.0 ], [ 112.335173773000065, -8.095578334999971, 0.0 ], [ 112.336095302000103, -8.095453292999935, 0.0 ], [ 112.336171014000115, -8.095478168999932, 0.0 ], [ 112.336253986000088, -8.095520965999981, 0.0 ], [ 112.336322587000041, -8.095574576999979, 0.0 ], [ 112.336362414000064, -8.095639046999963, 0.0 ], [ 112.336416955, -8.095796785999937, 0.0 ], [ 112.336420722000071, -8.095847017999972, 0.0 ], [ 112.336464091000039, -8.09589353299998, 0.0 ], [ 112.336514592000071, -8.095918489999974, 0.0 ], [ 112.336575814000071, -8.095918290999975, 0.0 ], [ 112.337524872000017, -8.096057237999958, 0.0 ], [ 112.338589935000073, -8.096213166999974, 0.0 ], [ 112.339000567000085, -8.096236941999962, 0.0 ], [ 112.339787259000104, -8.095631408999964, 0.0 ] ] ] ] } },
{ "type": "Feature", "properties": { "OBJECTID": 113923.0, "KDPPUM": "35", "NAMOBJ": "Kelurahan Tangkil", "REMARK": null, "KDPBPS": null, "FCODE": "BA03070040", "LUASWH": null, "UUPP": "Ajudikasi 2015", "SRS_ID": "SRGI 2013", "METADATA": "TASWIL1000020200326DATA_BATAS_DESA_KELURAHAN", "KDEBPS": null, "KDEPUM": "35.05.17.1003", "KDCBPS": null, "KDCPUM": "35.05.17", "KDBBPS": null, "WADMKD": "Kelurahan Tangkil", "WIADKD": null, "WADMKC": "Wlingi", "WIADKC": null, "WADMKK": "Blitar", "WIADKK": null, "WADMPR": "Jawa Timur", "WIADPR": null, "TIPADM": 2.0, "KDPKAB": "35.05", "SHAPE_Leng": 0.098816905219016996, "SHAPE_Area": 0.00034380035372300001 }, "geometry": { "type": "MultiPolygon", "coordinates": [ [ [ [ 112.331705495000051, -8.096133645999942, 0.0 ], [ 112.331453923000026, -8.096292382999934, 0.0 ], [ 112.331184, -8.096441, 0.0 ], [ 112.331136856000057, -8.096531081999956, 0.0 ], [ 112.330884371000025, -8.097013527999934, 0.0 ], [ 112.330872759000044, -8.097035714999947, 0.0 ], [ 112.330720358, -8.097283494999942, 0.0 ], [ 112.330598596000073, -8.097485262999953, 0.0 ], [ 112.330574646000059, -8.097524951999958, 0.0 ], [ 112.330571810000038, -8.097531181999955, 0.0 ], [ 112.330494277000071, -8.09770156299993, 0.0 ], [ 112.330284999000014, -8.098421, 0.0 ], [ 112.33013796900002, -8.098736340999949, 0.0 ], [ 112.330122460000098, -8.098769603999926, 0.0 ], [ 112.330121668000061, -8.098772648999955, 0.0 ], [ 112.330009145000076, -8.099204959999952, 0.0 ], [ 112.330001067000012, -8.099235994999958, 0.0 ], [ 112.329860703, -8.099834636999958, 0.0 ], [ 112.329859428000077, -8.09984007099996, 0.0 ], [ 112.329849474000071, -8.099867074999963, 0.0 ], [ 112.329799, -8.100004, 0.0 ], [ 112.329784425000071, -8.100103597999976, 0.0 ], [ 112.329762145000018, -8.100255839999932, 0.0 ], [ 112.329738999000028, -8.100414, 0.0 ], [ 112.329728472000056, -8.100494786999946, 0.0 ], [ 112.329715353000097, -8.100595449999958, 0.0 ], [ 112.329708212000014, -8.100650247999965, 0.0 ], [ 112.329700611000021, -8.100708574999942, 0.0 ], [ 112.32969, -8.10079000099995, 0.0 ], [ 112.329655796000111, -8.10086790899993, 0.0 ], [ 112.329655641000045, -8.10086808899996, 0.0 ], [ 112.329402723000044, -8.101162177999981, 0.0 ], [ 112.329327400000011, -8.101255737999963, 0.0 ], [ 112.32915150000008, -8.101428582999972, 0.0 ], [ 112.328663209000069, -8.101885978999974, 0.0 ], [ 112.32841686200004, -8.102211691999969, 0.0 ], [ 112.328279522000116, -8.102393278999955, 0.0 ], [ 112.327913347000049, -8.102749783999968, 0.0 ], [ 112.327687424000032, -8.103044817999944, 0.0 ], [ 112.32762647200002, -8.103127563999976, 0.0 ], [ 112.327572628000098, -8.103181572999972, 0.0 ], [ 112.327456797000082, -8.103223715999945, 0.0 ], [ 112.327330422000045, -8.103269693999948, 0.0 ], [ 112.327120771000068, -8.10340197499994, 0.0 ], [ 112.326995194, -8.103545943999961, 0.0 ], [ 112.326929502000098, -8.103647845999944, 0.0 ], [ 112.326899843000092, -8.103755612999976, 0.0 ], [ 112.326900196000111, -8.103863281999963, 0.0 ], [ 112.326930601000072, -8.103982815999927, 0.0 ], [ 112.326960866000036, -8.1040604799999, 0.0 ], [ 112.327077469000074, -8.104252131999942, 0.0 ], [ 112.327353134000077, -8.104705225999965, 0.0 ], [ 112.327377477000027, -8.104806834999977, 0.0 ], [ 112.327377772000091, -8.104896560999975, 0.0 ], [ 112.327353997000046, -8.104968416999952, 0.0 ], [ 112.327148876000024, -8.105153234999932, 0.0 ], [ 112.327137314000083, -8.105163651999931, 0.0 ], [ 112.32652908600005, -8.105922752999959, 0.0 ], [ 112.326527700000042, -8.105925420999938, 0.0 ], [ 112.326445288000059, -8.10608396899994, 0.0 ], [ 112.326074965000089, -8.106641470999932, 0.0 ], [ 112.323299044, -8.106537701999969, 0.0 ], [ 112.322983341000054, -8.106525898999962, 0.0 ], [ 112.322558626000045, -8.106442682999955, 0.0 ], [ 112.321962276000022, -8.106325833999961, 0.0 ], [ 112.32187448600007, -8.107014014999947, 0.0 ], [ 112.320859579000057, -8.106861779999974, 0.0 ], [ 112.32087729300008, -8.106771996999953, 0.0 ], [ 112.319718173000069, -8.106572373999938, 0.0 ], [ 112.319398548000095, -8.107955181999955, 0.0 ], [ 112.319284503000063, -8.107955551999964, 0.0 ], [ 112.31901722200007, -8.108823763999965, 0.0 ], [ 112.318738228000029, -8.10978174, 0.0 ], [ 112.318612041000051, -8.109740274999979, 0.0 ], [ 112.318523018000064, -8.110051612999939, 0.0 ], [ 112.318030546000045, -8.109969461999981, 0.0 ], [ 112.317953119000094, -8.110155144999965, 0.0 ], [ 112.317832229000032, -8.110477790999937, 0.0 ], [ 112.317793158000086, -8.110801687999981, 0.0 ], [ 112.316622293000023, -8.110685838999927, 0.0 ], [ 112.316526916000043, -8.110889524999948, 0.0 ], [ 112.31639515400002, -8.110979675999943, 0.0 ], [ 112.31632328, -8.111027761999935, 0.0 ], [ 112.316203348000045, -8.111064039999974, 0.0 ], [ 112.315639138000051, -8.11107184399998, 0.0 ], [ 112.315099249000014, -8.111175275999926, 0.0 ], [ 112.31474520200004, -8.111206326999934, 0.0 ], [ 112.314301176000072, -8.111255614999948, 0.0 ], [ 112.314199154000107, -8.111261924999951, 0.0 ], [ 112.314127941000038, -8.111251240999934, 0.0 ], [ 112.314121083000032, -8.111250212999948, 0.0 ], [ 112.314024888000063, -8.111202668999965, 0.0 ], [ 112.313880752000046, -8.111179207999953, 0.0 ], [ 112.31379671600007, -8.111179478999929, 0.0 ], [ 112.313646366000057, -8.111090237999974, 0.0 ], [ 112.313604231000113, -8.111054481999929, 0.0 ], [ 112.313568138000051, -8.111030672999959, 0.0 ], [ 112.313538127000015, -8.111030767999978, 0.0 ], [ 112.313124268000024, -8.11112781099996, 0.0 ], [ 112.312722221000058, -8.111164995999957, 0.0 ], [ 112.312302088000024, -8.111178313999972, 0.0 ], [ 112.31220006500007, -8.111184623999975, 0.0 ], [ 112.31212215000005, -8.111220764999928, 0.0 ], [ 112.312062319, -8.111280774999955, 0.0 ], [ 112.312002411000094, -8.111316857999952, 0.0 ], [ 112.311954508000099, -8.111352902999954, 0.0 ], [ 112.311900602000037, -8.111388965999936, 0.0 ], [ 112.31182861100001, -8.111401160999947, 0.0 ], [ 112.311786595000058, -8.111401297999976, 0.0 ], [ 112.311720528000023, -8.111389545999941, 0.0 ], [ 112.311672431000034, -8.111365774999967, 0.0 ], [ 112.311624256000073, -8.111318075999975, 0.0 ], [ 112.311582084000065, -8.111270357999956, 0.0 ], [ 112.311551975000043, -8.111240545999976, 0.0 ], [ 112.31151590200011, -8.111222716999976, 0.0 ], [ 112.311413860000016, -8.111223045999964, 0.0 ], [ 112.310927604000085, -8.11120666599993, 0.0 ], [ 112.310753590000104, -8.111225171999934, 0.0 ], [ 112.310627712000041, -8.111279409999952, 0.0 ], [ 112.310525806000101, -8.111321610999937, 0.0 ], [ 112.310381767000081, -8.111328055999934, 0.0 ], [ 112.310099593000018, -8.111311017999981, 0.0 ], [ 112.309342625000113, -8.111110071999974, 0.0 ], [ 112.30963289400006, -8.109918776999962, 0.0 ], [ 112.309983087000091, -8.108697377999931, 0.0 ], [ 112.310095893000039, -8.108314184999927, 0.0 ], [ 112.309194041000069, -8.107856489999961, 0.0 ], [ 112.308039973000064, -8.107363711999938, 0.0 ], [ 112.308188894000068, -8.107010311999943, 0.0 ], [ 112.307677993000084, -8.106796608999957, 0.0 ], [ 112.307505064000111, -8.107150085999933, 0.0 ], [ 112.306272692000107, -8.106594746999974, 0.0 ], [ 112.306139237000025, -8.106534609999926, 0.0 ], [ 112.306068385000117, -8.106502682999974, 0.0 ], [ 112.306474849000097, -8.105974987999957, 0.0 ], [ 112.307018904000074, -8.105303290999927, 0.0 ], [ 112.307593572000087, -8.104701640999963, 0.0 ], [ 112.307613998000079, -8.104680541999926, 0.0 ], [ 112.307675295000081, -8.104617225999959, 0.0 ], [ 112.307952145000058, -8.104331256999956, 0.0 ], [ 112.308383368000023, -8.104036767999958, 0.0 ], [ 112.308766977, -8.103868047999981, 0.0 ], [ 112.309126693000053, -8.103735295999968, 0.0 ], [ 112.309396256000014, -8.103566942999976, 0.0 ], [ 112.309647737000091, -8.103374719999977, 0.0 ], [ 112.309761413000047, -8.103260699999964, 0.0 ], [ 112.309863107000069, -8.103152702999978, 0.0 ], [ 112.309976492000033, -8.102948961999971, 0.0 ], [ 112.310030107000102, -8.102823172999933, 0.0 ], [ 112.310113791000049, -8.10271523199998, 0.0 ], [ 112.310161540000081, -8.102631334999955, 0.0 ], [ 112.310398728000109, -8.102474748999953, 0.0 ], [ 112.310776224000051, -8.102272549999952, 0.0 ], [ 112.31117177200008, -8.102084648999949, 0.0 ], [ 112.311278086000016, -8.101955273999977, 0.0 ], [ 112.311390597000013, -8.101818355999967, 0.0 ], [ 112.311440483000069, -8.101653099999965, 0.0 ], [ 112.31145105600001, -8.101534306999952, 0.0 ], [ 112.311468283000067, -8.101340764999975, 0.0 ], [ 112.311503124000069, -8.100978160999944, 0.0 ], [ 112.311484396000083, -8.100755701999958, 0.0 ], [ 112.311509269000112, -8.100651538999955, 0.0 ], [ 112.311523512, -8.10060124599994, 0.0 ], [ 112.311577114000102, -8.100471868999932, 0.0 ], [ 112.31163079800001, -8.100367613999936, 0.0 ], [ 112.311695309000015, -8.100270502999933, 0.0 ], [ 112.312086674000057, -8.099903161999976, 0.0 ], [ 112.312305824000077, -8.099737361999928, 0.0 ], [ 112.312366860000111, -8.099679741999978, 0.0 ], [ 112.312413597000045, -8.099654467999926, 0.0 ], [ 112.312474727000108, -8.099625558999946, 0.0 ], [ 112.312600682000038, -8.09959644199995, 0.0 ], [ 112.31268349000004, -8.099588997999945, 0.0 ], [ 112.312780738000015, -8.099592272999928, 0.0 ], [ 112.312867242000038, -8.099613528999953, 0.0 ], [ 112.31293577200006, -8.099645609999925, 0.0 ], [ 112.313174253000057, -8.099888895999925, 0.0 ], [ 112.313206886000103, -8.09995698299997, 0.0 ], [ 112.313232340000013, -8.100032270999975, 0.0 ], [ 112.313235515000088, -8.100149254999963, 0.0 ], [ 112.313240521000012, -8.100333722999949, 0.0 ], [ 112.313247932000081, -8.100398301999974, 0.0 ], [ 112.313255275000074, -8.100441346999958, 0.0 ], [ 112.31330588000003, -8.100498607999953, 0.0 ], [ 112.313345496000011, -8.100498480999931, 0.0 ], [ 112.313428280000039, -8.100483856999972, 0.0 ], [ 112.313559374000079, -8.100379554999961, 0.0 ], [ 112.313740797000037, -8.100235208999948, 0.0 ], [ 112.313843360000078, -8.100057524999954, 0.0 ], [ 112.313923443000022, -8.099918785999932, 0.0 ], [ 112.314059480000083, -8.099667114999932, 0.0 ], [ 112.314212232000045, -8.099017009999955, 0.0 ], [ 112.314117897000074, -8.098552560999963, 0.0 ], [ 112.314076915000101, -8.098350789999927, 0.0 ], [ 112.314058519000014, -8.09826021799995, 0.0 ], [ 112.314075759000048, -8.098023286999933, 0.0 ], [ 112.314122098000098, -8.097875986999952, 0.0 ], [ 112.314168520000067, -8.097753809999972, 0.0 ], [ 112.314204405000055, -8.097714214999939, 0.0 ], [ 112.314276338000013, -8.097685271999978, 0.0 ], [ 112.314420382000094, -8.09768122, 0.0 ], [ 112.314888778000068, -8.097747900999934, 0.0 ], [ 112.315515739000034, -8.097846372999982, 0.0 ], [ 112.315580575000013, -8.097849752999934, 0.0 ], [ 112.315627451000069, -8.097867546999964, 0.0 ], [ 112.315667181000094, -8.097903309999936, 0.0 ], [ 112.315681657000027, -8.097924796999962, 0.0 ], [ 112.315724062000072, -8.098005656999931, 0.0 ], [ 112.315783124000063, -8.098118277999959, 0.0 ], [ 112.315808428000082, -8.098146907999933, 0.0 ], [ 112.31586259900007, -8.098193390999938, 0.0 ], [ 112.315938332000087, -8.098225447999937, 0.0 ], [ 112.315985161000071, -8.098228884999969, 0.0 ], [ 112.31606436800007, -8.098221451999962, 0.0 ], [ 112.316147152000099, -8.098206828999935, 0.0 ], [ 112.316283840000096, -8.098156142999926, 0.0 ], [ 112.31643543000007, -8.098074164999957, 0.0 ], [ 112.316564256000106, -8.098004497999966, 0.0 ], [ 112.316819124000062, -8.097748854999963, 0.0 ], [ 112.31703656000002, -8.097426337999934, 0.0 ], [ 112.317170380000107, -8.097232097999949, 0.0 ], [ 112.317227800000069, -8.097169701999974, 0.0 ], [ 112.31730928200011, -8.097123977999956, 0.0 ], [ 112.317388496000035, -8.097118936999948, 0.0 ], [ 112.317499007000038, -8.097140114999945, 0.0 ], [ 112.317636751, -8.097177436999971, 0.0 ], [ 112.317996435000055, -8.097274891999973, 0.0 ], [ 112.318118881000032, -8.097274495999955, 0.0 ], [ 112.318214854000075, -8.09725504499994, 0.0 ], [ 112.318291566000084, -8.097218906999956, 0.0 ], [ 112.318497279000098, -8.097104141999978, 0.0 ], [ 112.318571964000057, -8.097062475999962, 0.0 ], [ 112.318785068000011, -8.096884729999942, 0.0 ], [ 112.319132239000055, -8.096589306999931, 0.0 ], [ 112.319299740000019, -8.096416492999936, 0.0 ], [ 112.319378386000039, -8.096236786999953, 0.0 ], [ 112.31940909900004, -8.09608355599994, 0.0 ], [ 112.319416052000065, -8.096006967999926, 0.0 ], [ 112.319374217000018, -8.095693661999974, 0.0 ], [ 112.319347518000086, -8.095605218999935, 0.0 ], [ 112.319337526000027, -8.095485616999952, 0.0 ], [ 112.319407590000083, -8.094882433999942, 0.0 ], [ 112.319407372000114, -8.094815439999934, 0.0 ], [ 112.319402376000085, -8.09475564, 0.0 ], [ 112.31938785400007, -8.094719794999946, 0.0 ], [ 112.319346961000065, -8.094696000999932, 0.0 ], [ 112.319308493000108, -8.094679375999931, 0.0 ], [ 112.319279597000104, -8.094653149999942, 0.0 ], [ 112.319257927000081, -8.094634078999945, 0.0 ], [ 112.319260156000041, -8.094581432999973, 0.0 ], [ 112.319286309000063, -8.094502388999956, 0.0 ], [ 112.319336431000011, -8.094411305999927, 0.0 ], [ 112.319369895000023, -8.09436573499994, 0.0 ], [ 112.319439279000107, -8.094291339999927, 0.0 ], [ 112.319479994000062, -8.094260101999964, 0.0 ], [ 112.319549478000113, -8.094216808999931, 0.0 ], [ 112.319602220000093, -8.094192711999938, 0.0 ], [ 112.31977500500011, -8.094168226999955, 0.0 ], [ 112.319856603000062, -8.09415839199994, 0.0 ], [ 112.319945412000038, -8.094150927999976, 0.0 ], [ 112.320031735000043, -8.094117151999967, 0.0 ], [ 112.320086822, -8.094076296999958, 0.0 ], [ 112.320168109000065, -8.093970755999976, 0.0 ], [ 112.320230172000038, -8.093860491999976, 0.0 ], [ 112.320349485000065, -8.093635193999944, 0.0 ], [ 112.320496920000096, -8.093199248999952, 0.0 ], [ 112.320596619000071, -8.092849594999961, 0.0 ], [ 112.320677283, -8.092552640999941, 0.0 ], [ 112.32091691200003, -8.091920197999968, 0.0 ], [ 112.32123308700011, -8.091323995999971, 0.0 ], [ 112.321247215000085, -8.091054772999939, 0.0 ], [ 112.321288626000069, -8.090869206999969, 0.0 ], [ 112.321497814000054, -8.090596361999928, 0.0 ], [ 112.321797190000098, -8.090371079999954, 0.0 ], [ 112.322330881000084, -8.090216817999931, 0.0 ], [ 112.322567877000097, -8.090189133999957, 0.0 ], [ 112.322636833000047, -8.090167973999939, 0.0 ], [ 112.322714675000043, -8.090110895999942, 0.0 ], [ 112.323295164000115, -8.089582625999981, 0.0 ], [ 112.323507624000058, -8.089393514999927, 0.0 ], [ 112.323906119000071, -8.089194826999972, 0.0 ], [ 112.324062182000034, -8.08913056199998, 0.0 ], [ 112.324352680000061, -8.089010937999944, 0.0 ], [ 112.324454482000078, -8.088938826999936, 0.0 ], [ 112.324568102000057, -8.08880985199994, 0.0 ], [ 112.324752868000019, -8.088411469999926, 0.0 ], [ 112.324791647000097, -8.088339562999977, 0.0 ], [ 112.324818393000101, -8.088258724999946, 0.0 ], [ 112.324812166000015, -8.088189954999962, 0.0 ], [ 112.32477881300008, -8.088085383999953, 0.0 ], [ 112.324473667, -8.087461284999961, 0.0 ], [ 112.324177458, -8.086816221999925, 0.0 ], [ 112.324058993000108, -8.086379941999951, 0.0 ], [ 112.324064106000037, -8.086107756999979, 0.0 ], [ 112.324147072000073, -8.085781486999963, 0.0 ], [ 112.324255984000047, -8.085536307999973, 0.0 ], [ 112.324258456000052, -8.085530740999957, 0.0 ], [ 112.324261581000087, -8.085527298999978, 0.0 ], [ 112.324400831000048, -8.085373908999941, 0.0 ], [ 112.324681973000111, -8.085079894999978, 0.0 ], [ 112.325002017000088, -8.084752854999977, 0.0 ], [ 112.325166252000031, -8.084501090999936, 0.0 ], [ 112.325393128000087, -8.084132480999926, 0.0 ], [ 112.32553645400003, -8.08391069299995, 0.0 ], [ 112.325628997000081, -8.083760850999965, 0.0 ], [ 112.325943452000047, -8.083437895999964, 0.0 ], [ 112.326289088000067, -8.083731206999971, 0.0 ], [ 112.326825289000112, -8.083907407999959, 0.0 ], [ 112.327665429000035, -8.084227692999946, 0.0 ], [ 112.328577520000067, -8.084526205999964, 0.0 ], [ 112.328744963000076, -8.084118427999954, 0.0 ], [ 112.328781167000102, -8.084030259999963, 0.0 ], [ 112.329847995000023, -8.08429237799993, 0.0 ], [ 112.330345479000016, -8.084448674999976, 0.0 ], [ 112.330814142, -8.084601476999978, 0.0 ], [ 112.331261163000022, -8.08474358199993, 0.0 ], [ 112.331686482, -8.084857044999978, 0.0 ], [ 112.331830613000079, -8.084881698999936, 0.0 ], [ 112.331974697000078, -8.084891994999964, 0.0 ], [ 112.332125948000112, -8.084891501999948, 0.0 ], [ 112.332205174000023, -8.084891243999948, 0.0 ], [ 112.332345680000117, -8.084908730999928, 0.0 ], [ 112.33245742500003, -8.084940667999945, 0.0 ], [ 112.332763833000058, -8.085032982999962, 0.0 ], [ 112.333027040000047, -8.085129028999972, 0.0 ], [ 112.333034000000112, -8.085255, 0.0 ], [ 112.333223, -8.085724, 0.0 ], [ 112.333192471000075, -8.085892348999948, 0.0 ], [ 112.333172632000014, -8.086001750999969, 0.0 ], [ 112.333169665000014, -8.086020636999933, 0.0 ], [ 112.33310536700003, -8.086429868999971, 0.0 ], [ 112.333102724000014, -8.086446687999967, 0.0 ], [ 112.333084942000028, -8.086611142999971, 0.0 ], [ 112.333032872000103, -8.087092685999949, 0.0 ], [ 112.333029585000077, -8.087123079999969, 0.0 ], [ 112.332986, -8.087588, 0.0 ], [ 112.332868054000073, -8.088089071999946, 0.0 ], [ 112.332699939, -8.088636552999958, 0.0 ], [ 112.332555570000068, -8.089074258999972, 0.0 ], [ 112.332394946000022, -8.089557155999955, 0.0 ], [ 112.332391612000038, -8.089566936999972, 0.0 ], [ 112.332249962000105, -8.08998248599994, 0.0 ], [ 112.332213078000109, -8.090092599999934, 0.0 ], [ 112.332156, -8.090263001999972, 0.0 ], [ 112.332140376000098, -8.090377744999955, 0.0 ], [ 112.3321372690001, -8.090400557999942, 0.0 ], [ 112.3321416120001, -8.09063607, 0.0 ], [ 112.332174288000033, -8.090892220999933, 0.0 ], [ 112.332208914000034, -8.091037252999968, 0.0 ], [ 112.332246486000031, -8.091167519999942, 0.0 ], [ 112.332348687000035, -8.091307920999952, 0.0 ], [ 112.332507896000038, -8.091537098999936, 0.0 ], [ 112.332609427000079, -8.091748517999974, 0.0 ], [ 112.332678630000032, -8.091985167999951, 0.0 ], [ 112.332719399000098, -8.092336756999941, 0.0 ], [ 112.332709009000041, -8.092462405999981, 0.0 ], [ 112.332687731000078, -8.092562967999982, 0.0 ], [ 112.332630453000093, -8.092667235999954, 0.0 ], [ 112.332508693000023, -8.09287579599993, 0.0 ], [ 112.332312995000052, -8.093135970999981, 0.0 ], [ 112.332301957000027, -8.09315064499998, 0.0 ], [ 112.332226000000105, -8.093334, 0.0 ], [ 112.332210853000106, -8.093384372999935, 0.0 ], [ 112.332212013000117, -8.093397957999969, 0.0 ], [ 112.332252679000021, -8.093874374999928, 0.0 ], [ 112.332268393000049, -8.094272703999934, 0.0 ], [ 112.332269337000071, -8.094559820999962, 0.0 ], [ 112.332232911, -8.094841783999925, 0.0 ], [ 112.332220169000038, -8.094940415999929, 0.0 ], [ 112.332134728000028, -8.095242171999928, 0.0 ], [ 112.331977226000049, -8.095533394999961, 0.0 ], [ 112.331819948000089, -8.095892808999963, 0.0 ], [ 112.33176990700008, -8.096007820999944, 0.0 ], [ 112.331741272000045, -8.096061748999944, 0.0 ], [ 112.331705495000051, -8.096133645999942, 0.0 ] ] ] ] } },
{ "type": "Feature", "properties": { "OBJECTID": 113945.0, "KDPPUM": "35", "NAMOBJ": "Kelurahan Wlingi", "REMARK": null, "KDPBPS": null, "FCODE": "BA03070040", "LUASWH": null, "UUPP": "Ajudikasi 2015", "SRS_ID": "SRGI 2013", "METADATA": "TASWIL1000020200326DATA_BATAS_DESA_KELURAHAN", "KDEBPS": null, "KDEPUM": "35.05.17.1004", "KDCBPS": null, "KDCPUM": "35.05.17", "KDBBPS": null, "WADMKD": "Kelurahan Wlingi", "WIADKD": null, "WADMKC": "Wlingi", "WIADKC": null, "WADMKK": "Blitar", "WIADKK": null, "WADMPR": "Jawa Timur", "WIADPR": null, "TIPADM": 2.0, "KDPKAB": "35.05", "SHAPE_Leng": 0.093828465090024002, "SHAPE_Area": 0.000217621032165 }, "geometry": { "type": "MultiPolygon", "coordinates": [ [ [ [ 112.33614551800008, -8.075458781999941, 0.0 ], [ 112.335921106000114, -8.075648677999936, 0.0 ], [ 112.33575454400011, -8.075839034999944, 0.0 ], [ 112.335695058000056, -8.076076980999972, 0.0 ], [ 112.335683160000031, -8.07650528399995, 0.0 ], [ 112.335671263000108, -8.076731332999941, 0.0 ], [ 112.335683160000031, -8.076862202999962, 0.0 ], [ 112.335855649000109, -8.076905790999945, 0.0 ], [ 112.335903672000086, -8.076908026999945, 0.0 ], [ 112.335958882000114, -8.076905453999927, 0.0 ], [ 112.336340555000106, -8.076889850999976, 0.0 ], [ 112.336424581000074, -8.076889576999974, 0.0 ], [ 112.336491873000114, -8.076910890999955, 0.0 ], [ 112.336556843000039, -8.076956139999936, 0.0 ], [ 112.336592972000062, -8.076991911999926, 0.0 ], [ 112.336690661000034, -8.07716871599996, 0.0 ], [ 112.336720976000038, -8.077223581999931, 0.0 ], [ 112.336771620000036, -8.077292803999967, 0.0 ], [ 112.336851065000019, -8.077359538999929, 0.0 ], [ 112.336935281000024, -8.077416687999971, 0.0 ], [ 112.33703631000003, -8.077476173999969, 0.0 ], [ 112.337101303000054, -8.077528599999937, 0.0 ], [ 112.337159134000103, -8.077593012999955, 0.0 ], [ 112.337214643000038, -8.077681360999975, 0.0 ], [ 112.337429673000088, -8.078094589999978, 0.0 ], [ 112.337634729000115, -8.078395394999973, 0.0 ], [ 112.337723819000075, -8.078474061999941, 0.0 ], [ 112.337817692000044, -8.078547927999978, 0.0 ], [ 112.33788986400009, -8.078593151999939, 0.0 ], [ 112.337995751000108, -8.078669370999933, 0.0 ], [ 112.338096875000019, -8.078757567999958, 0.0 ], [ 112.33823673400002, -8.078943738999953, 0.0 ], [ 112.338432205000117, -8.079249360999938, 0.0 ], [ 112.338490201000013, -8.079364019999957, 0.0 ], [ 112.338524097000118, -8.07945004499993, 0.0 ], [ 112.338551002000031, -8.079600694999954, 0.0 ], [ 112.338560904000019, -8.079691583999931, 0.0 ], [ 112.338592453000047, -8.079794364999941, 0.0 ], [ 112.338645751000058, -8.079940141999941, 0.0 ], [ 112.338691657000027, -8.080028522999953, 0.0 ], [ 112.33872807900002, -8.080152820999956, 0.0 ], [ 112.338730811, -8.080253302999949, 0.0 ], [ 112.338674233, -8.080569320999928, 0.0 ], [ 112.338667362000024, -8.08066983599997, 0.0 ], [ 112.338677281000059, -8.080765509999935, 0.0 ], [ 112.338699108000014, -8.080832432999955, 0.0 ], [ 112.33890903300005, -8.081152362999944, 0.0 ], [ 112.339138069000114, -8.081443518999947, 0.0 ], [ 112.33915760800005, -8.081543946999943, 0.0 ], [ 112.339167510000038, -8.081634834999932, 0.0 ], [ 112.339196531000084, -8.082232746999978, 0.0 ], [ 112.339215418000094, -8.08228149599995, 0.0 ], [ 112.339244322000013, -8.082310112999949, 0.0 ], [ 112.339303475000065, -8.082338629999981, 0.0 ], [ 112.33941014200002, -8.082359815999951, 0.0 ], [ 112.339430305000064, -8.082358313999976, 0.0 ], [ 112.339601649000087, -8.082336217999966, 0.0 ], [ 112.33967644400002, -8.082302954999932, 0.0 ], [ 112.339752723000061, -8.082282606999968, 0.0 ], [ 112.339843477000045, -8.082283744999927, 0.0 ], [ 112.339898243000107, -8.082292177999932, 0.0 ], [ 112.339925650000055, -8.08230357399998, 0.0 ], [ 112.339945874000023, -8.082320734999939, 0.0 ], [ 112.339964680000094, -8.082345077999946, 0.0 ], [ 112.3399690870001, -8.082370904999948, 0.0 ], [ 112.339967760000036, -8.082405362999964, 0.0 ], [ 112.33996735300002, -8.082503215999964, 0.0 ], [ 112.339967159000025, -8.082550110999932, 0.0 ], [ 112.339977988000101, -8.082625914999937, 0.0 ], [ 112.339989459000094, -8.082658917999936, 0.0 ], [ 112.34012, -8.08292, 0.0 ], [ 112.340143895000097, -8.082958985999937, 0.0 ], [ 112.340312, -8.083229, 0.0 ], [ 112.340376900000024, -8.083420984999975, 0.0 ], [ 112.340520152000067, -8.083844747999933, 0.0 ], [ 112.340525980000052, -8.083868941999981, 0.0 ], [ 112.34055, -8.083939998999938, 0.0 ], [ 112.340590595000094, -8.084137177999935, 0.0 ], [ 112.340625, -8.08428, 0.0 ], [ 112.340676010000038, -8.084499016999928, 0.0 ], [ 112.340727208000089, -8.084735719999969, 0.0 ], [ 112.340738546000011, -8.084897187999957, 0.0 ], [ 112.340728691000095, -8.085184340999945, 0.0 ], [ 112.340708797000048, -8.085406924999972, 0.0 ], [ 112.340762, -8.085602000999927, 0.0 ], [ 112.340730884000095, -8.085848297999974, 0.0 ], [ 112.340699350000023, -8.08611398599993, 0.0 ], [ 112.340714074000061, -8.086210841999957, 0.0 ], [ 112.340739556000017, -8.08629330499997, 0.0 ], [ 112.340775864000079, -8.086382909999941, 0.0 ], [ 112.340808418000051, -8.08642587199995, 0.0 ], [ 112.340855530000113, -8.08651544199995, 0.0 ], [ 112.34086298200009, -8.086590786999977, 0.0 ], [ 112.340834646000076, -8.0867344399999, 0.0 ], [ 112.340816913000026, -8.086817044999975, 0.0 ], [ 112.34088276600005, -8.087129070999936, 0.0 ], [ 112.340904695000063, -8.087225900999954, 0.0 ], [ 112.340912063000019, -8.08727612399997, 0.0 ], [ 112.340898025000115, -8.087387428999932, 0.0 ], [ 112.340754831000027, -8.087646306999943, 0.0 ], [ 112.340694036000059, -8.08777571, 0.0 ], [ 112.340644153000085, -8.087937377999936, 0.0 ], [ 112.340644449000024, -8.088027101999955, 0.0 ], [ 112.340673674000072, -8.088152620999949, 0.0 ], [ 112.340702746000034, -8.088231484999937, 0.0 ], [ 112.340738982000062, -8.088299554999935, 0.0 ], [ 112.34085119000008, -8.088471457999958, 0.0 ], [ 112.340901809000115, -8.088532304999944, 0.0 ], [ 112.340988500000094, -8.088610979999942, 0.0 ], [ 112.341078874, -8.088714762999928, 0.0 ], [ 112.341111534000106, -8.088790023999934, 0.0 ], [ 112.341111842000032, -8.08888333799996, 0.0 ], [ 112.341086882000013, -8.088958787999957, 0.0 ], [ 112.341000810000082, -8.089066741999943, 0.0 ], [ 112.340911135000056, -8.089174705999937, 0.0 ], [ 112.340814341000055, -8.089307815999973, 0.0 ], [ 112.34076782000011, -8.089397693999956, 0.0 ], [ 112.340750110000045, -8.089487475999931, 0.0 ], [ 112.340753854000013, -8.089530531999969, 0.0 ], [ 112.340704409000068, -8.089824991999933, 0.0 ], [ 112.340662178000116, -8.090123016999939, 0.0 ], [ 112.340655557000105, -8.090298899999937, 0.0 ], [ 112.340659072000108, -8.090382776999945, 0.0 ], [ 112.340663377000055, -8.090485501999979, 0.0 ], [ 112.340692851000085, -8.090686388999927, 0.0 ], [ 112.340714803000083, -8.090790397999967, 0.0 ], [ 112.340729528000111, -8.090887253999938, 0.0 ], [ 112.340719044000025, -8.090984188999926, 0.0 ], [ 112.340712115000088, -8.091066759999933, 0.0 ], [ 112.340619324000045, -8.091321882999978, 0.0 ], [ 112.340558566000027, -8.09146205299993, 0.0 ], [ 112.3405050450001, -8.091612966999946, 0.0 ], [ 112.340440744000034, -8.091771092999977, 0.0 ], [ 112.34039425900005, -8.091871736999963, 0.0 ], [ 112.340347847000089, -8.091993915999979, 0.0 ], [ 112.340322923000031, -8.092080133999957, 0.0 ], [ 112.340323207000097, -8.092166268999961, 0.0 ], [ 112.34033424800009, -8.092238011999939, 0.0 ], [ 112.340356058000111, -8.092298953999943, 0.0 ], [ 112.34037428900001, -8.092367084999978, 0.0 ], [ 112.340378091000048, -8.092428084999938, 0.0 ], [ 112.340378614000088, -8.092585998999937, 0.0 ], [ 112.340300003000038, -8.092772884999931, 0.0 ], [ 112.34026433400004, -8.092877081999973, 0.0 ], [ 112.340264738000087, -8.092999107999958, 0.0 ], [ 112.340293951000035, -8.093121037999936, 0.0 ], [ 112.340370610000036, -8.093433028999925, 0.0 ], [ 112.340381663000016, -8.093508360999977, 0.0 ], [ 112.340403508, -8.093580069999973, 0.0 ], [ 112.340429024000059, -8.093673299999978, 0.0 ], [ 112.340429429000096, -8.093795322999938, 0.0 ], [ 112.34041546200001, -8.093928163999976, 0.0 ], [ 112.34037614500005, -8.09401801599995, 0.0 ], [ 112.340282808000097, -8.094108046999963, 0.0 ], [ 112.340185752000025, -8.09416220199995, 0.0 ], [ 112.340074337000033, -8.09423075899997, 0.0 ], [ 112.339973667000095, -8.094281334999948, 0.0 ], [ 112.339905445000113, -8.09434257099997, 0.0 ], [ 112.339884051000013, -8.094407243999967, 0.0 ], [ 112.339891502000114, -8.094482587999948, 0.0 ], [ 112.339938829000062, -8.094636759999958, 0.0 ], [ 112.339960840000117, -8.09475871199993, 0.0 ], [ 112.339964809000094, -8.094869957999947, 0.0 ], [ 112.339905247000047, -8.095162480999932, 0.0 ], [ 112.339887010000098, -8.095252048999953, 0.0 ], [ 112.33987267100008, -8.095322474999932, 0.0 ], [ 112.339787259000104, -8.095631408999964, 0.0 ], [ 112.339000567000085, -8.096236941999962, 0.0 ], [ 112.338589935000073, -8.096213166999974, 0.0 ], [ 112.337524872000017, -8.096057237999958, 0.0 ], [ 112.336575814000071, -8.095918290999975, 0.0 ], [ 112.336514592000071, -8.095918489999974, 0.0 ], [ 112.336464091000039, -8.09589353299998, 0.0 ], [ 112.336420722000071, -8.095847017999972, 0.0 ], [ 112.336416955, -8.095796785999937, 0.0 ], [ 112.336362414000064, -8.095639046999963, 0.0 ], [ 112.336322587000041, -8.095574576999979, 0.0 ], [ 112.336253986000088, -8.095520965999981, 0.0 ], [ 112.336171014000115, -8.095478168999932, 0.0 ], [ 112.336095302000103, -8.095453292999935, 0.0 ], [ 112.335173773000065, -8.095578334999971, 0.0 ], [ 112.335326659000089, -8.096073117999936, 0.0 ], [ 112.334840696000015, -8.096139309999955, 0.0 ], [ 112.334491251000031, -8.096104560999947, 0.0 ], [ 112.334419070000081, -8.096058139999968, 0.0 ], [ 112.334393803000012, -8.096040277999975, 0.0 ], [ 112.334386482000014, -8.096004411999957, 0.0 ], [ 112.33444681800006, -8.095735038999976, 0.0 ], [ 112.333585257000095, -8.095479446999946, 0.0 ], [ 112.333289738000076, -8.095415809999963, 0.0 ], [ 112.333275402000027, -8.095437390999962, 0.0 ], [ 112.333243086000039, -8.095466208999937, 0.0 ], [ 112.333217961000059, -8.09549141399998, 0.0 ], [ 112.333182029000113, -8.095516653999937, 0.0 ], [ 112.333142462000069, -8.095531138999945, 0.0 ], [ 112.33309211400001, -8.095552837999946, 0.0 ], [ 112.3330705300001, -8.095560085999978, 0.0 ], [ 112.333005884000045, -8.09561413299997, 0.0 ], [ 112.332916075000071, -8.095682616999966, 0.0 ], [ 112.332890937000116, -8.095704231999946, 0.0 ], [ 112.332854924000117, -8.095704351999927, 0.0 ], [ 112.332815310000115, -8.095704479999938, 0.0 ], [ 112.332772071000022, -8.095697442999949, 0.0 ], [ 112.332717957000114, -8.095668907999936, 0.0 ], [ 112.332638339000027, -8.095550730999946, 0.0 ], [ 112.332506140000078, -8.095870583999954, 0.0 ], [ 112.332359466000071, -8.096168949999935, 0.0 ], [ 112.332287711000049, -8.096251730999938, 0.0 ], [ 112.332251851000024, -8.096298505999926, 0.0 ], [ 112.332223123000063, -8.096323720999976, 0.0 ], [ 112.332129525000028, -8.096334794999962, 0.0 ], [ 112.332097101000045, -8.096331311999961, 0.0 ], [ 112.332032266000056, -8.09632793399993, 0.0 ], [ 112.331974585000012, -8.096310176999964, 0.0 ], [ 112.331705495000051, -8.096133645999942, 0.0 ], [ 112.331741272000045, -8.096061748999944, 0.0 ], [ 112.33176990700008, -8.096007820999944, 0.0 ], [ 112.331819948000089, -8.095892808999963, 0.0 ], [ 112.331977226000049, -8.095533394999961, 0.0 ], [ 112.332134728000028, -8.095242171999928, 0.0 ], [ 112.332220169000038, -8.094940415999929, 0.0 ], [ 112.332232911, -8.094841783999925, 0.0 ], [ 112.332269337000071, -8.094559820999962, 0.0 ], [ 112.332268393000049, -8.094272703999934, 0.0 ], [ 112.332252679000021, -8.093874374999928, 0.0 ], [ 112.332212013000117, -8.093397957999969, 0.0 ], [ 112.332210853000106, -8.093384372999935, 0.0 ], [ 112.332226000000105, -8.093334, 0.0 ], [ 112.332301957000027, -8.09315064499998, 0.0 ], [ 112.332312995000052, -8.093135970999981, 0.0 ], [ 112.332508693000023, -8.09287579599993, 0.0 ], [ 112.332630453000093, -8.092667235999954, 0.0 ], [ 112.332687731000078, -8.092562967999982, 0.0 ], [ 112.332709009000041, -8.092462405999981, 0.0 ], [ 112.332719399000098, -8.092336756999941, 0.0 ], [ 112.332678630000032, -8.091985167999951, 0.0 ], [ 112.332609427000079, -8.091748517999974, 0.0 ], [ 112.332507896000038, -8.091537098999936, 0.0 ], [ 112.332348687000035, -8.091307920999952, 0.0 ], [ 112.332246486000031, -8.091167519999942, 0.0 ], [ 112.332208914000034, -8.091037252999968, 0.0 ], [ 112.332174288000033, -8.090892220999933, 0.0 ], [ 112.3321416120001, -8.09063607, 0.0 ], [ 112.3321372690001, -8.090400557999942, 0.0 ], [ 112.332140376000098, -8.090377744999955, 0.0 ], [ 112.332156, -8.090263001999972, 0.0 ], [ 112.332213078000109, -8.090092599999934, 0.0 ], [ 112.332249962000105, -8.08998248599994, 0.0 ], [ 112.332391612000038, -8.089566936999972, 0.0 ], [ 112.332394946000022, -8.089557155999955, 0.0 ], [ 112.332555570000068, -8.089074258999972, 0.0 ], [ 112.332699939, -8.088636552999958, 0.0 ], [ 112.332868054000073, -8.088089071999946, 0.0 ], [ 112.332986, -8.087588, 0.0 ], [ 112.333029585000077, -8.087123079999969, 0.0 ], [ 112.333032872000103, -8.087092685999949, 0.0 ], [ 112.333084942000028, -8.086611142999971, 0.0 ], [ 112.333102724000014, -8.086446687999967, 0.0 ], [ 112.33310536700003, -8.086429868999971, 0.0 ], [ 112.333169665000014, -8.086020636999933, 0.0 ], [ 112.333172632000014, -8.086001750999969, 0.0 ], [ 112.333192471000075, -8.085892348999948, 0.0 ], [ 112.333223, -8.085724, 0.0 ], [ 112.333034000000112, -8.085255, 0.0 ], [ 112.333027040000047, -8.085129028999972, 0.0 ], [ 112.332763833000058, -8.085032982999962, 0.0 ], [ 112.33245742500003, -8.084940667999945, 0.0 ], [ 112.332345680000117, -8.084908730999928, 0.0 ], [ 112.332205174000023, -8.084891243999948, 0.0 ], [ 112.332125948000112, -8.084891501999948, 0.0 ], [ 112.331974697000078, -8.084891994999964, 0.0 ], [ 112.331830613000079, -8.084881698999936, 0.0 ], [ 112.331686482, -8.084857044999978, 0.0 ], [ 112.331261163000022, -8.08474358199993, 0.0 ], [ 112.330814142, -8.084601476999978, 0.0 ], [ 112.330345479000016, -8.084448674999976, 0.0 ], [ 112.329847995000023, -8.08429237799993, 0.0 ], [ 112.328781167000102, -8.084030259999963, 0.0 ], [ 112.328744963000076, -8.084118427999954, 0.0 ], [ 112.328577520000067, -8.084526205999964, 0.0 ], [ 112.327665429000035, -8.084227692999946, 0.0 ], [ 112.326825289000112, -8.083907407999959, 0.0 ], [ 112.326289088000067, -8.083731206999971, 0.0 ], [ 112.325943452000047, -8.083437895999964, 0.0 ], [ 112.325966183000105, -8.083404435999967, 0.0 ], [ 112.326103008000018, -8.083203023999943, 0.0 ], [ 112.326114428000096, -8.083186212999976, 0.0 ], [ 112.326227, -8.083074, 0.0 ], [ 112.326319696000041, -8.083004416999927, 0.0 ], [ 112.326335621000112, -8.082999394999945, 0.0 ], [ 112.326521698000079, -8.082940708999956, 0.0 ], [ 112.326593596000066, -8.082902191999949, 0.0 ], [ 112.326670266000065, -8.082854089999955, 0.0 ], [ 112.326751720000061, -8.082801186999973, 0.0 ], [ 112.326837915000056, -8.082729126999936, 0.0 ], [ 112.326895204000039, -8.082628448999969, 0.0 ], [ 112.326926074000085, -8.082546536999928, 0.0 ], [ 112.326999932000035, -8.082350558999963, 0.0 ], [ 112.327065858000083, -8.081953159999955, 0.0 ], [ 112.327156415000104, -8.081747094999969, 0.0 ], [ 112.327461887000027, -8.081186216999981, 0.0 ], [ 112.327565603000039, -8.081077100999948, 0.0 ], [ 112.327854270000103, -8.080773401999977, 0.0 ], [ 112.328122062000034, -8.080437557999971, 0.0 ], [ 112.328184108000073, -8.080322507999938, 0.0 ], [ 112.328241242000104, -8.080173976999959, 0.0 ], [ 112.328279247000069, -8.080049433999932, 0.0 ], [ 112.328353897000056, -8.079384027999936, 0.0 ], [ 112.328342495000015, -8.078833748999955, 0.0 ], [ 112.328280049000114, -8.078547152999931, 0.0 ], [ 112.328206002000115, -8.078207310999971, 0.0 ], [ 112.328176567000014, -8.078015992999951, 0.0 ], [ 112.328170639000064, -8.07767146599997, 0.0 ], [ 112.32818448, -8.077499148999948, 0.0 ], [ 112.328255783000031, -8.077278790999969, 0.0 ], [ 112.328336737000086, -8.077072757999929, 0.0 ], [ 112.32849905, -8.076785109999946, 0.0 ], [ 112.32889501000011, -8.075999025999977, 0.0 ], [ 112.328942822000045, -8.075936660999957, 0.0 ], [ 112.329043402000025, -8.075859768999976, 0.0 ], [ 112.329168072000016, -8.07580672499995, 0.0 ], [ 112.32935094000004, -8.075692956999944, 0.0 ], [ 112.329848507000065, -8.075383402999933, 0.0 ], [ 112.33018839600004, -8.075071249999951, 0.0 ], [ 112.330221709000057, -8.074980220999976, 0.0 ], [ 112.330254959000058, -8.074870048999969, 0.0 ], [ 112.330278465000106, -8.07471684199993, 0.0 ], [ 112.330292041, -8.074463173999959, 0.0 ], [ 112.330283777000091, -8.073405636999951, 0.0 ], [ 112.330262865, -8.072884102999978, 0.0 ], [ 112.330209563000039, -8.072735928999975, 0.0 ], [ 112.330117787000063, -8.072568740999941, 0.0 ], [ 112.32991697600005, -8.072203939999952, 0.0 ], [ 112.329838805, -8.072061930999951, 0.0 ], [ 112.329673407000087, -8.071761461999927, 0.0 ], [ 112.329586261000031, -8.07154161699998, 0.0 ], [ 112.329561846000047, -8.071417277999956, 0.0 ], [ 112.329527814000016, -8.071288183999968, 0.0 ], [ 112.329512893000015, -8.071130314999948, 0.0 ], [ 112.329522027000053, -8.070986724999955, 0.0 ], [ 112.329540670000029, -8.070814391999932, 0.0 ], [ 112.329612175000079, -8.070656242999974, 0.0 ], [ 112.330055736000077, -8.069745585999954, 0.0 ], [ 112.33014175400001, -8.069620886999928, 0.0 ], [ 112.330433829000071, -8.069371099999955, 0.0 ], [ 112.330817067000112, -8.069101874999944, 0.0 ], [ 112.33127722100005, -8.068861110999933, 0.0 ], [ 112.331732557, -8.068615577999935, 0.0 ], [ 112.331913692000057, -8.068487261999962, 0.0 ], [ 112.332058300000085, -8.068384821999928, 0.0 ], [ 112.332139596000047, -8.068284064999943, 0.0 ], [ 112.33222570800001, -8.068188077999935, 0.0 ], [ 112.332292646000042, -8.068101723999973, 0.0 ], [ 112.332321157000024, -8.068010709999953, 0.0 ], [ 112.332340049000095, -8.067914941999959, 0.0 ], [ 112.332339470000079, -8.06773818299996, 0.0 ], [ 112.332338639000113, -8.067484264999962, 0.0 ], [ 112.332352667, -8.067369370999927, 0.0 ], [ 112.332385806000048, -8.067225701999973, 0.0 ], [ 112.33244293700011, -8.067077169999948, 0.0 ], [ 112.332934754, -8.066242919999979, 0.0 ], [ 112.333336612000039, -8.065599907999967, 0.0 ], [ 112.333512115000076, -8.06517514199993, 0.0 ], [ 112.333565175000103, -8.064977389999967, 0.0 ], [ 112.333679019000101, -8.064553098999966, 0.0 ], [ 112.333813121000048, -8.064064618999964, 0.0 ], [ 112.333822259000044, -8.06402242799993, 0.0 ], [ 112.333873117000053, -8.06378760299998, 0.0 ], [ 112.333877978000032, -8.063765155999931, 0.0 ], [ 112.333892031, -8.063679762999925, 0.0 ], [ 112.333893424000053, -8.063671300999943, 0.0 ], [ 112.333904295000025, -8.063605243999973, 0.0 ], [ 112.333827544000087, -8.063188345999947, 0.0 ], [ 112.333961009000063, -8.063280411999926, 0.0 ], [ 112.334125304000054, -8.063393745999974, 0.0 ], [ 112.333968455000104, -8.064064203999976, 0.0 ], [ 112.334253761000014, -8.064132063999978, 0.0 ], [ 112.334251133000066, -8.064245725999967, 0.0 ], [ 112.334254614000088, -8.06439226599997, 0.0 ], [ 112.334269952000113, -8.06449390299997, 0.0 ], [ 112.33432489900008, -8.064777853999942, 0.0 ], [ 112.334319163000032, -8.064858624999943, 0.0 ], [ 112.334295292000093, -8.064900574999967, 0.0 ], [ 112.334256418000109, -8.064942572999939, 0.0 ], [ 112.334205522000047, -8.064978628999938, 0.0 ], [ 112.334166706000019, -8.065038571999935, 0.0 ], [ 112.334164000000101, -8.065128305999963, 0.0 ], [ 112.334161675000018, -8.065334681999957, 0.0 ], [ 112.334150241000088, -8.065508187999967, 0.0 ], [ 112.33412123200003, -8.065813347999949, 0.0 ], [ 112.333960735, -8.066286422999951, 0.0 ], [ 112.333866099000034, -8.066711430999931, 0.0 ], [ 112.333798530000081, -8.066971254999942, 0.0 ], [ 112.333712682000055, -8.067147396999928, 0.0 ], [ 112.333645297000089, -8.067463449999934, 0.0 ], [ 112.333581361000029, -8.067732833999969, 0.0 ], [ 112.333402531000047, -8.068106672999932, 0.0 ], [ 112.333402896000052, -8.068217930999936, 0.0 ], [ 112.333432057000095, -8.068325505999951, 0.0 ], [ 112.333479271000101, -8.068447379999952, 0.0 ], [ 112.333497606000037, -8.068547810999974, 0.0 ], [ 112.333501489000014, -8.06863393499998, 0.0 ], [ 112.333319540000048, -8.069154933999926, 0.0 ], [ 112.333176639000044, -8.069503532999931, 0.0 ], [ 112.333109006000086, -8.069744216999936, 0.0 ], [ 112.333070172000021, -8.069981217999953, 0.0 ], [ 112.333668492000015, -8.07014436399993, 0.0 ], [ 112.333625597000037, -8.070241406999969, 0.0 ], [ 112.333589846000109, -8.070320480999953, 0.0 ], [ 112.333554081000102, -8.070395966999968, 0.0 ], [ 112.333507491000091, -8.070464308999931, 0.0 ], [ 112.333428572000116, -8.070557881999946, 0.0 ], [ 112.333356846000015, -8.070647839999936, 0.0 ], [ 112.333317538000074, -8.070741281999972, 0.0 ], [ 112.333271055000068, -8.070841925999957, 0.0 ], [ 112.3330456220001, -8.07128051899997, 0.0 ], [ 112.33302423900011, -8.071348780999926, 0.0 ], [ 112.332992076000096, -8.071424253999965, 0.0 ], [ 112.332949099000075, -8.071496173999947, 0.0 ], [ 112.332856082000035, -8.071683105999966, 0.0 ], [ 112.332663411000112, -8.072229260999961, 0.0 ], [ 112.333596578000083, -8.072373371999959, 0.0 ], [ 112.333740763000037, -8.072415970999941, 0.0 ], [ 112.333978659000081, -8.072483385999931, 0.0 ], [ 112.334324186000117, -8.072428424999941, 0.0 ], [ 112.334421582, -8.072478353999941, 0.0 ], [ 112.334490275, -8.072560676999956, 0.0 ], [ 112.334541066000043, -8.072675359999948, 0.0 ], [ 112.334580948000053, -8.072757776999936, 0.0 ], [ 112.334620915000073, -8.07286531699998, 0.0 ], [ 112.334685957000033, -8.072933295999974, 0.0 ], [ 112.3347796810001, -8.07296170199993, 0.0 ], [ 112.334956500000089, -8.073072384999932, 0.0 ], [ 112.335007129000019, -8.073136821999981, 0.0 ], [ 112.335046917000113, -8.073190526999952, 0.0 ], [ 112.335047117000045, -8.073251539999944, 0.0 ], [ 112.33504012700007, -8.073316163999948, 0.0 ], [ 112.33501513200008, -8.073380847999942, 0.0 ], [ 112.334993784000062, -8.073459874999969, 0.0 ], [ 112.334990478, -8.073549611999965, 0.0 ], [ 112.33500154, -8.073628533999965, 0.0 ], [ 112.335027124000021, -8.073743298999943, 0.0 ], [ 112.33503100900009, -8.07382942199996, 0.0 ], [ 112.334963921000053, -8.074235198999929, 0.0 ], [ 112.334917436000069, -8.074335840999936, 0.0 ], [ 112.33490689100006, -8.07441483499997, 0.0 ], [ 112.334946869000078, -8.074525962999928, 0.0 ], [ 112.335048032000032, -8.074626125999941, 0.0 ], [ 112.335094986000058, -8.074669040999936, 0.0 ], [ 112.335149087000104, -8.074693986999932, 0.0 ], [ 112.33566066800006, -8.07476050799994, 0.0 ], [ 112.335765171000048, -8.074781701999939, 0.0 ], [ 112.335826520000069, -8.074820980999959, 0.0 ], [ 112.335877111000059, -8.074874650999959, 0.0 ], [ 112.335870205000106, -8.074964397999963, 0.0 ], [ 112.335827228000085, -8.075036318999935, 0.0 ], [ 112.335773458000062, -8.075111862999961, 0.0 ], [ 112.335780755000087, -8.075140551999937, 0.0 ], [ 112.335806022000043, -8.07515841299994, 0.0 ], [ 112.335885307000012, -8.075176099999965, 0.0 ], [ 112.33591415, -8.075186772999928, 0.0 ], [ 112.336022242000013, -8.075204364999934, 0.0 ], [ 112.336097996000035, -8.07524359699994, 0.0 ], [ 112.336123297000086, -8.075272224999935, 0.0 ], [ 112.336137808000103, -8.075304479999943, 0.0 ], [ 112.33614551800008, -8.075458781999941, 0.0 ] ] ] ] } },
{ "type": "Feature", "properties": { "OBJECTID": 116225.0, "KDPPUM": "35", "NAMOBJ": "Balerejo", "REMARK": null, "KDPBPS": null, "FCODE": "BA03070040", "LUASWH": 3.66392726, "UUPP": "Hasil Delineasi Batas Desa 2019", "SRS_ID": "SRGI 2013", "METADATA": "TASWIL1000020200326DATA_BATAS_DESA_KELURAHAN", "KDEBPS": null, "KDEPUM": "35.05.17.2009", "KDCBPS": null, "KDCPUM": "35.05.17", "KDBBPS": null, "WADMKD": "Balerejo", "WIADKD": null, "WADMKC": "Wlingi", "WIADKC": null, "WADMKK": "Blitar", "WIADKK": null, "WADMPR": "Jawa Timur", "WIADPR": null, "TIPADM": 1.0, "KDPKAB": "35.05", "SHAPE_Leng": 0.078883426244066995, "SHAPE_Area": 0.00030059375795400001 }, "geometry": { "type": "MultiPolygon", "coordinates": [ [ [ [ 112.399377143000038, -8.018824820999953, 0.0 ], [ 112.39933, -8.01887, 0.0 ], [ 112.3992799990001, -8.01895, 0.0 ], [ 112.398889999000062, -8.01959, 0.0 ], [ 112.39858, -8.0199, 0.0 ], [ 112.398190000000113, -8.0202, 0.0 ], [ 112.398109999000098, -8.02022, 0.0 ], [ 112.39798999900006, -8.02016, 0.0 ], [ 112.39785, -8.0201, 0.0 ], [ 112.39749, -8.02031, 0.0 ], [ 112.397229999000047, -8.020559998999943, 0.0 ], [ 112.39699, -8.02084, 0.0 ], [ 112.39679, -8.02106, 0.0 ], [ 112.3964, -8.02147, 0.0 ], [ 112.39636, -8.02162999899997, 0.0 ], [ 112.39635, -8.022, 0.0 ], [ 112.39635, -8.02207999899997, 0.0 ], [ 112.39635, -8.023, 0.0 ], [ 112.39631, -8.02361, 0.0 ], [ 112.39632, -8.02387, 0.0 ], [ 112.39631, -8.02435, 0.0 ], [ 112.39633, -8.02478, 0.0 ], [ 112.39644, -8.02517, 0.0 ], [ 112.39644, -8.02603, 0.0 ], [ 112.39623, -8.02679, 0.0 ], [ 112.39615999900002, -8.02681999899994, 0.0 ], [ 112.39561, -8.027169998999966, 0.0 ], [ 112.39551, -8.02734, 0.0 ], [ 112.39547, -8.02759, 0.0 ], [ 112.39546, -8.02785, 0.0 ], [ 112.395379999000056, -8.027969998999936, 0.0 ], [ 112.39508, -8.02815, 0.0 ], [ 112.39478, -8.028379998999981, 0.0 ], [ 112.39437, -8.02894, 0.0 ], [ 112.394140000000107, -8.028809998999975, 0.0 ], [ 112.39394, -8.028709998999943, 0.0 ], [ 112.39375, -8.02899, 0.0 ], [ 112.39355, -8.02941, 0.0 ], [ 112.393409999000028, -8.029589998999938, 0.0 ], [ 112.3932, -8.02975, 0.0 ], [ 112.39285, -8.029979998999977, 0.0 ], [ 112.39275, -8.03019, 0.0 ], [ 112.392589999000052, -8.03067, 0.0 ], [ 112.3925, -8.03075999899994, 0.0 ], [ 112.39213, -8.03094, 0.0 ], [ 112.39201, -8.031029998999941, 0.0 ], [ 112.39176, -8.03135, 0.0 ], [ 112.39172, -8.031519998999954, 0.0 ], [ 112.39156, -8.031949998999949, 0.0 ], [ 112.391459999000062, -8.031909998999936, 0.0 ], [ 112.39119, -8.031809998999961, 0.0 ], [ 112.3911, -8.03194, 0.0 ], [ 112.390760000000114, -8.03188, 0.0 ], [ 112.39051, -8.03194, 0.0 ], [ 112.390130000000113, -8.03198, 0.0 ], [ 112.38963, -8.03199, 0.0 ], [ 112.38911, -8.03203, 0.0 ], [ 112.3888, -8.03208, 0.0 ], [ 112.388319999000032, -8.03216, 0.0 ], [ 112.387949999000057, -8.03218, 0.0 ], [ 112.38767, -8.03219, 0.0 ], [ 112.387459999000043, -8.03223, 0.0 ], [ 112.387250000000108, -8.03231, 0.0 ], [ 112.386759999000105, -8.0325, 0.0 ], [ 112.38652, -8.03257, 0.0 ], [ 112.38607, -8.03262, 0.0 ], [ 112.38552, -8.03277, 0.0 ], [ 112.385130000000117, -8.032979998999963, 0.0 ], [ 112.38465, -8.03336, 0.0 ], [ 112.384280000000103, -8.03374, 0.0 ], [ 112.383960000000116, -8.03411, 0.0 ], [ 112.38322, -8.03463, 0.0 ], [ 112.38259, -8.03494, 0.0 ], [ 112.38172, -8.03509, 0.0 ], [ 112.38082, -8.03518, 0.0 ], [ 112.38022, -8.03525, 0.0 ], [ 112.379837587000111, -8.035272168999938, 0.0 ], [ 112.37953, -8.03529, 0.0 ], [ 112.37879, -8.03541, 0.0 ], [ 112.37801, -8.0356, 0.0 ], [ 112.37751, -8.03565, 0.0 ], [ 112.37692, -8.035709998999948, 0.0 ], [ 112.37669, -8.035709998999948, 0.0 ], [ 112.376579999000114, -8.0357, 0.0 ], [ 112.37634, -8.03549, 0.0 ], [ 112.37614, -8.035359998999979, 0.0 ], [ 112.37598, -8.0352, 0.0 ], [ 112.37567, -8.0351, 0.0 ], [ 112.375450000000114, -8.035049998999966, 0.0 ], [ 112.37519, -8.034949998999934, 0.0 ], [ 112.37507, -8.0348, 0.0 ], [ 112.37503, -8.03446, 0.0 ], [ 112.37503, -8.03372, 0.0 ], [ 112.37503, -8.03329, 0.0 ], [ 112.375050000000101, -8.03278, 0.0 ], [ 112.37508, -8.03175, 0.0 ], [ 112.37507, -8.03075, 0.0 ], [ 112.37503, -8.02883, 0.0 ], [ 112.37503, -8.02806, 0.0 ], [ 112.375039999000023, -8.02722, 0.0 ], [ 112.375019999000074, -8.02632, 0.0 ], [ 112.37506, -8.025669998999945, 0.0 ], [ 112.375050000000101, -8.02505, 0.0 ], [ 112.375039999000023, -8.024519998999949, 0.0 ], [ 112.37507, -8.02396, 0.0 ], [ 112.37519, -8.02348, 0.0 ], [ 112.375409999000112, -8.022859998999934, 0.0 ], [ 112.375680000000102, -8.02199, 0.0 ], [ 112.375983784000027, -8.020782268999938, 0.0 ], [ 112.376459860000068, -8.020890099999974, 0.0 ], [ 112.377040400000055, -8.02069506, 0.0 ], [ 112.378008070000078, -8.020402169999954, 0.0 ], [ 112.378033069000026, -8.020400619999975, 0.0 ], [ 112.37838933, -8.020378529999959, 0.0 ], [ 112.378831250000076, -8.020351129999938, 0.0 ], [ 112.378932259000067, -8.020329801999935, 0.0 ], [ 112.379088744000114, -8.020296758999962, 0.0 ], [ 112.379420110000069, -8.020226789999981, 0.0 ], [ 112.379928927000037, -8.020119357999931, 0.0 ], [ 112.37999281000009, -8.020105869999952, 0.0 ], [ 112.380184772, -8.020061034999969, 0.0 ], [ 112.380621940000083, -8.019958929999973, 0.0 ], [ 112.381152740000061, -8.019377839999947, 0.0 ], [ 112.382265040000107, -8.018891349999933, 0.0 ], [ 112.382748380000066, -8.018600069999934, 0.0 ], [ 112.382991721000053, -8.018437189999929, 0.0 ], [ 112.383038320000082, -8.018406, 0.0 ], [ 112.383812910000074, -8.01830684, 0.0 ], [ 112.385425597000108, -8.019435728999952, 0.0 ], [ 112.385755310000036, -8.019666529999938, 0.0 ], [ 112.385762949000082, -8.019671875999961, 0.0 ], [ 112.38580335000006, -8.019700149999949, 0.0 ], [ 112.386077673000045, -8.019911345999958, 0.0 ], [ 112.386240380000118, -8.020036609999977, 0.0 ], [ 112.386513960000116, -8.019836880999947, 0.0 ], [ 112.386771830000043, -8.019648619999941, 0.0 ], [ 112.38692156400009, -8.019498358999954, 0.0 ], [ 112.387061440000025, -8.019357989999946, 0.0 ], [ 112.387196539000115, -8.019140899999968, 0.0 ], [ 112.387257375000104, -8.018749892999949, 0.0 ], [ 112.387267843000018, -8.018736305999937, 0.0 ], [ 112.38772833400003, -8.018138619999945, 0.0 ], [ 112.387891538000076, -8.017947231999926, 0.0 ], [ 112.388018333000105, -8.017859102999978, 0.0 ], [ 112.388191755000094, -8.017738564999945, 0.0 ], [ 112.388508170000023, -8.017518639999935, 0.0 ], [ 112.388972086000081, -8.017390837999926, 0.0 ], [ 112.389066766000042, -8.017319059999977, 0.0 ], [ 112.389232055000093, -8.016986737999957, 0.0 ], [ 112.389233047000062, -8.016984391999927, 0.0 ], [ 112.389306427000065, -8.016810902999964, 0.0 ], [ 112.389376040000116, -8.016562519999979, 0.0 ], [ 112.389415531000054, -8.016506428999946, 0.0 ], [ 112.389511159000108, -8.016566874999967, 0.0 ], [ 112.389644174000068, -8.016745422999975, 0.0 ], [ 112.389760326000101, -8.016825576999963, 0.0 ], [ 112.3899534090001, -8.016867499999933, 0.0 ], [ 112.390333312000053, -8.016788340999938, 0.0 ], [ 112.390442980000103, -8.016787969999939, 0.0 ], [ 112.390525781000065, -8.016715257999977, 0.0 ], [ 112.390829280000048, -8.0164487399999, 0.0 ], [ 112.391037360000041, -8.016198129999964, 0.0 ], [ 112.391052658000035, -8.016179701999931, 0.0 ], [ 112.391070450000029, -8.016158269999949, 0.0 ], [ 112.392718930000115, -8.016683739999962, 0.0 ], [ 112.393508797000095, -8.016841633999945, 0.0 ], [ 112.394270436000056, -8.016993885999966, 0.0 ], [ 112.394441529, -8.017337686999952, 0.0 ], [ 112.394541467000067, -8.017516146999981, 0.0 ], [ 112.394669957000019, -8.017737436999937, 0.0 ], [ 112.39475561800009, -8.018037248999974, 0.0 ], [ 112.394912663000014, -8.018337060999954, 0.0 ], [ 112.394969770000102, -8.018544073999976, 0.0 ], [ 112.395062569000061, -8.018815332999964, 0.0 ], [ 112.395155368000019, -8.018943822999972, 0.0 ], [ 112.395205336000117, -8.019000930999937, 0.0 ], [ 112.39571930000011, -8.019621969999946, 0.0 ], [ 112.39583351400006, -8.019757598999945, 0.0 ], [ 112.395926313000018, -8.019907504999935, 0.0 ], [ 112.396047665000083, -8.020064549999972, 0.0 ], [ 112.396183295000014, -8.020235870999954, 0.0 ], [ 112.396283232000087, -8.020257285999946, 0.0 ], [ 112.396561629000075, -8.020228731999964, 0.0 ], [ 112.396697258000017, -8.020164486999931, 0.0 ], [ 112.396861441000055, -8.020035995999933, 0.0 ], [ 112.397004209000102, -8.019900366999934, 0.0 ], [ 112.397054177000086, -8.019736183999953, 0.0 ], [ 112.397075593000068, -8.019572000999972, 0.0 ], [ 112.397125561000053, -8.019443509999974, 0.0 ], [ 112.397254052000108, -8.019472063999956, 0.0 ], [ 112.397375405000048, -8.01955058599998, 0.0 ], [ 112.397682355000029, -8.019529170999931, 0.0 ], [ 112.397932199000024, -8.019500616999949, 0.0 ], [ 112.398082105000071, -8.019600554999954, 0.0 ], [ 112.398189180000031, -8.019643384999938, 0.0 ], [ 112.398460439000019, -8.019600554999954, 0.0 ], [ 112.398681729000032, -8.019393541999932, 0.0 ], [ 112.398831635000079, -8.019293603999927, 0.0 ], [ 112.398931572000038, -8.019222219999961, 0.0 ], [ 112.399017233000109, -8.019086590999962, 0.0 ], [ 112.399067201000094, -8.019008068999938, 0.0 ], [ 112.399117170000068, -8.018936684999971, 0.0 ], [ 112.399377143000038, -8.018824820999953, 0.0 ] ] ] ] } },
{ "type": "Feature", "properties": { "OBJECTID": 113772.0, "KDPPUM": "35", "NAMOBJ": "Kelurahan Babadan", "REMARK": null, "KDPBPS": null, "FCODE": "BA03070040", "LUASWH": null, "UUPP": "Ajudikasi 2015", "SRS_ID": "SRGI 2013", "METADATA": "TASWIL1000020200326DATA_BATAS_DESA_KELURAHAN", "KDEBPS": null, "KDEPUM": "35.05.17.1002", "KDCBPS": null, "KDCPUM": "35.05.17", "KDBBPS": null, "WADMKD": "Kelurahan Babadan", "WIADKD": null, "WADMKC": "Wlingi", "WIADKC": null, "WADMKK": "Blitar", "WIADKK": null, "WADMPR": "Jawa Timur", "WIADPR": null, "TIPADM": 2.0, "KDPKAB": "35.05", "SHAPE_Leng": 0.111206983087399, "SHAPE_Area": 0.00042705210050199998 }, "geometry": { "type": "MultiPolygon", "coordinates": [ [ [ [ 112.330361841000013, -8.044365666999965, 0.0 ], [ 112.330413463000014, -8.044332723999958, 0.0 ], [ 112.330423999000118, -8.044326, 0.0 ], [ 112.330656878000013, -8.044203352999943, 0.0 ], [ 112.330671442000039, -8.044195682999941, 0.0 ], [ 112.330677059000095, -8.044188482999971, 0.0 ], [ 112.330867001000115, -8.043944998999962, 0.0 ], [ 112.330902377000029, -8.043701924999937, 0.0 ], [ 112.330927853000048, -8.043183456999941, 0.0 ], [ 112.33093000100007, -8.043169094999939, 0.0 ], [ 112.330831931000034, -8.043105577999938, 0.0 ], [ 112.330802187000018, -8.043052039999964, 0.0 ], [ 112.330802187000018, -8.042921169999943, 0.0 ], [ 112.330814085000043, -8.042814093999937, 0.0 ], [ 112.330831931000034, -8.042707018999977, 0.0 ], [ 112.330861675000051, -8.042552353999952, 0.0 ], [ 112.330879521000043, -8.042457174999981, 0.0 ], [ 112.330861675000051, -8.042314407999982, 0.0 ], [ 112.330831931000034, -8.042177588999948, 0.0 ], [ 112.330879521000043, -8.042016974999967, 0.0 ], [ 112.330909263000081, -8.041903949999949, 0.0 ], [ 112.330968751000114, -8.04181472099998, 0.0 ], [ 112.331028236000066, -8.041761182999949, 0.0 ], [ 112.331111518000057, -8.041695747999938, 0.0 ], [ 112.331176953000067, -8.041612466999936, 0.0 ], [ 112.331206697000084, -8.041499441999974, 0.0 ], [ 112.331236439, -8.041392365999968, 0.0 ], [ 112.331242388000078, -8.04129718799993, 0.0 ], [ 112.331289978000086, -8.041148471999975, 0.0 ], [ 112.331289978000086, -8.041041395999969, 0.0 ], [ 112.331289978000086, -8.040964062999933, 0.0 ], [ 112.331289978000086, -8.04086293599994, 0.0 ], [ 112.331397054000035, -8.040738014999931, 0.0 ], [ 112.331571008000083, -8.040734425999972, 0.0 ], [ 112.331601015000047, -8.040717334999954, 0.0 ], [ 112.331649527000081, -8.040689704999977, 0.0 ], [ 112.331932151000046, -8.040528733999963, 0.0 ], [ 112.331933462000052, -8.04052844499995, 0.0 ], [ 112.332102750000104, -8.040491182999972, 0.0 ], [ 112.332232711000074, -8.040462575999925, 0.0 ], [ 112.332415714000035, -8.040422294999928, 0.0 ], [ 112.332452546000013, -8.040414186999953, 0.0 ], [ 112.332452633000116, -8.040414168999973, 0.0 ], [ 112.332777983000028, -8.040395517999968, 0.0 ], [ 112.332791780000093, -8.040394727999967, 0.0 ], [ 112.3328001000001, -8.040396402999932, 0.0 ], [ 112.333319176000032, -8.040500931999929, 0.0 ], [ 112.333343948000106, -8.040505920999976, 0.0 ], [ 112.333394001000102, -8.040516, 0.0 ], [ 112.333638, -8.040617, 0.0 ], [ 112.333549108000057, -8.041307570999948, 0.0 ], [ 112.333667504, -8.041339126999958, 0.0 ], [ 112.337358429, -8.042322868999975, 0.0 ], [ 112.338253106000025, -8.042636957999946, 0.0 ], [ 112.338988221000022, -8.043232626999952, 0.0 ], [ 112.338988269000083, -8.043232642999953, 0.0 ], [ 112.339092460000074, -8.04331108599996, 0.0 ], [ 112.339269, -8.043444, 0.0 ], [ 112.339427096, -8.04366469699994, 0.0 ], [ 112.339445853000029, -8.043690880999975, 0.0 ], [ 112.339449333000061, -8.043695087999936, 0.0 ], [ 112.339622127000098, -8.043903949999958, 0.0 ], [ 112.339630059000115, -8.04391353799997, 0.0 ], [ 112.339946810000015, -8.044182465999938, 0.0 ], [ 112.339969771000028, -8.044197060999977, 0.0 ], [ 112.340562242000033, -8.044573671999956, 0.0 ], [ 112.340621907000013, -8.04461159799996, 0.0 ], [ 112.340713898000104, -8.044821721999938, 0.0 ], [ 112.340815743, -8.045132434999971, 0.0 ], [ 112.340839468000013, -8.045381728999928, 0.0 ], [ 112.340805, -8.045624998999926, 0.0 ], [ 112.340754440000069, -8.045829798999932, 0.0 ], [ 112.340593330000047, -8.046118941999964, 0.0 ], [ 112.340521675000105, -8.046229237999967, 0.0 ], [ 112.34046437500001, -8.046325131999936, 0.0 ], [ 112.340421604000085, -8.046459260999939, 0.0 ], [ 112.340357157000085, -8.047301689999927, 0.0 ], [ 112.340333702000066, -8.047469254999953, 0.0 ], [ 112.340310215000045, -8.04762724699998, 0.0 ], [ 112.340253057000041, -8.047766208999974, 0.0 ], [ 112.340219715000103, -8.047847667999974, 0.0 ], [ 112.339340672000048, -8.049180860999968, 0.0 ], [ 112.33883396300007, -8.049857246999977, 0.0 ], [ 112.338542583000049, -8.050312804999976, 0.0 ], [ 112.338432848000025, -8.050523717999965, 0.0 ], [ 112.338232452000057, -8.05088845399996, 0.0 ], [ 112.337798072000055, -8.051679054999966, 0.0 ], [ 112.337693184000045, -8.051904307999962, 0.0 ], [ 112.337592939000046, -8.052081690999955, 0.0 ], [ 112.337516528000037, -8.052206359999957, 0.0 ], [ 112.336985429000038, -8.052767974999938, 0.0 ], [ 112.336564171000077, -8.053385060999972, 0.0 ], [ 112.336455036000075, -8.053544928999941, 0.0 ], [ 112.336397796000028, -8.053659964999952, 0.0 ], [ 112.336372861000086, -8.053743806999933, 0.0 ], [ 112.336369305000062, -8.053755763999959, 0.0 ], [ 112.33634191100009, -8.054405925999959, 0.0 ], [ 112.336342364000075, -8.054410786999938, 0.0 ], [ 112.336357584000098, -8.054574095999953, 0.0 ], [ 112.336343556000088, -8.054688989999931, 0.0 ], [ 112.336300800000117, -8.054827902999932, 0.0 ], [ 112.336219666000034, -8.054976512999929, 0.0 ], [ 112.335793028000012, -8.055748516999927, 0.0 ], [ 112.335618269000065, -8.056064744999958, 0.0 ], [ 112.335098067000104, -8.057023508999976, 0.0 ], [ 112.335040860000049, -8.057148112999926, 0.0 ], [ 112.335036341000091, -8.057234263999931, 0.0 ], [ 112.335051043000021, -8.057325138999943, 0.0 ], [ 112.335163072000114, -8.057812878999925, 0.0 ], [ 112.335237196000094, -8.058204484999976, 0.0 ], [ 112.335293700000079, -8.058502998999927, 0.0 ], [ 112.335299, -8.058531, 0.0 ], [ 112.335173352000083, -8.059712763999926, 0.0 ], [ 112.335170461000075, -8.060019606999958, 0.0 ], [ 112.335168900000099, -8.060185331999946, 0.0 ], [ 112.3351542690001, -8.060299030999943, 0.0 ], [ 112.335097890000043, -8.060493618999942, 0.0 ], [ 112.33504421900011, -8.06059847399996, 0.0 ], [ 112.334975582000084, -8.060715339999945, 0.0 ], [ 112.334838103000038, -8.060886266999944, 0.0 ], [ 112.334199509000086, -8.061671384999954, 0.0 ], [ 112.334191653000062, -8.061681043999954, 0.0 ], [ 112.33373176300006, -8.062348231999977, 0.0 ], [ 112.333669481000015, -8.062572746999933, 0.0 ], [ 112.33367915000008, -8.062776092999968, 0.0 ], [ 112.333742815000051, -8.062973280999927, 0.0 ], [ 112.333827544000087, -8.063188345999947, 0.0 ], [ 112.333904295000025, -8.063605243999973, 0.0 ], [ 112.333893424000053, -8.063671300999943, 0.0 ], [ 112.333892031, -8.063679762999925, 0.0 ], [ 112.333877978000032, -8.063765155999931, 0.0 ], [ 112.333873117000053, -8.06378760299998, 0.0 ], [ 112.333822259000044, -8.06402242799993, 0.0 ], [ 112.333813121000048, -8.064064618999964, 0.0 ], [ 112.333679019000101, -8.064553098999966, 0.0 ], [ 112.333565175000103, -8.064977389999967, 0.0 ], [ 112.333512115000076, -8.06517514199993, 0.0 ], [ 112.333336612000039, -8.065599907999967, 0.0 ], [ 112.332934754, -8.066242919999979, 0.0 ], [ 112.33244293700011, -8.067077169999948, 0.0 ], [ 112.332385806000048, -8.067225701999973, 0.0 ], [ 112.332352667, -8.067369370999927, 0.0 ], [ 112.332338639000113, -8.067484264999962, 0.0 ], [ 112.332339470000079, -8.06773818299996, 0.0 ], [ 112.332340049000095, -8.067914941999959, 0.0 ], [ 112.332321157000024, -8.068010709999953, 0.0 ], [ 112.332292646000042, -8.068101723999973, 0.0 ], [ 112.33222570800001, -8.068188077999935, 0.0 ], [ 112.332139596000047, -8.068284064999943, 0.0 ], [ 112.332058300000085, -8.068384821999928, 0.0 ], [ 112.331913692000057, -8.068487261999962, 0.0 ], [ 112.331732557, -8.068615577999935, 0.0 ], [ 112.33127722100005, -8.068861110999933, 0.0 ], [ 112.330817067000112, -8.069101874999944, 0.0 ], [ 112.330433829000071, -8.069371099999955, 0.0 ], [ 112.33014175400001, -8.069620886999928, 0.0 ], [ 112.330055736000077, -8.069745585999954, 0.0 ], [ 112.329612175000079, -8.070656242999974, 0.0 ], [ 112.329540670000029, -8.070814391999932, 0.0 ], [ 112.329522027000053, -8.070986724999955, 0.0 ], [ 112.329512893000015, -8.071130314999948, 0.0 ], [ 112.329527814000016, -8.071288183999968, 0.0 ], [ 112.329561846000047, -8.071417277999956, 0.0 ], [ 112.329586261000031, -8.07154161699998, 0.0 ], [ 112.329673407000087, -8.071761461999927, 0.0 ], [ 112.329838805, -8.072061930999951, 0.0 ], [ 112.32991697600005, -8.072203939999952, 0.0 ], [ 112.330117787000063, -8.072568740999941, 0.0 ], [ 112.330209563000039, -8.072735928999975, 0.0 ], [ 112.330262865, -8.072884102999978, 0.0 ], [ 112.330283777000091, -8.073405636999951, 0.0 ], [ 112.330292041, -8.074463173999959, 0.0 ], [ 112.330278465000106, -8.07471684199993, 0.0 ], [ 112.330254959000058, -8.074870048999969, 0.0 ], [ 112.330221709000057, -8.074980220999976, 0.0 ], [ 112.33018839600004, -8.075071249999951, 0.0 ], [ 112.329848507000065, -8.075383402999933, 0.0 ], [ 112.32935094000004, -8.075692956999944, 0.0 ], [ 112.329168072000016, -8.07580672499995, 0.0 ], [ 112.329043402000025, -8.075859768999976, 0.0 ], [ 112.328942822000045, -8.075936660999957, 0.0 ], [ 112.32889501000011, -8.075999025999977, 0.0 ], [ 112.32849905, -8.076785109999946, 0.0 ], [ 112.328336737000086, -8.077072757999929, 0.0 ], [ 112.328255783000031, -8.077278790999969, 0.0 ], [ 112.32818448, -8.077499148999948, 0.0 ], [ 112.328170639000064, -8.07767146599997, 0.0 ], [ 112.328176567000014, -8.078015992999951, 0.0 ], [ 112.328206002000115, -8.078207310999971, 0.0 ], [ 112.328280049000114, -8.078547152999931, 0.0 ], [ 112.328342495000015, -8.078833748999955, 0.0 ], [ 112.328353897000056, -8.079384027999936, 0.0 ], [ 112.328279247000069, -8.080049433999932, 0.0 ], [ 112.328241242000104, -8.080173976999959, 0.0 ], [ 112.328184108000073, -8.080322507999938, 0.0 ], [ 112.328122062000034, -8.080437557999971, 0.0 ], [ 112.327854270000103, -8.080773401999977, 0.0 ], [ 112.327565603000039, -8.081077100999948, 0.0 ], [ 112.327461887000027, -8.081186216999981, 0.0 ], [ 112.327156415000104, -8.081747094999969, 0.0 ], [ 112.326751806000061, -8.081574958999965, 0.0 ], [ 112.326560673000017, -8.081493031999969, 0.0 ], [ 112.326528051000082, -8.081428535999976, 0.0 ], [ 112.325994103000085, -8.081132378999939, 0.0 ], [ 112.324861211000098, -8.080486438999969, 0.0 ], [ 112.32493993300011, -8.08033185599993, 0.0 ], [ 112.324561178000067, -8.080139275999954, 0.0 ], [ 112.324301823000042, -8.080118581999955, 0.0 ], [ 112.323855032000097, -8.080044657999963, 0.0 ], [ 112.323578609000037, -8.079943863999972, 0.0 ], [ 112.32327211900008, -8.079825222999943, 0.0 ], [ 112.323111469000082, -8.080256424999959, 0.0 ], [ 112.323057666000068, -8.080322397999964, 0.0 ], [ 112.323009806000073, -8.080370405999929, 0.0 ], [ 112.322973852000018, -8.080388467999967, 0.0 ], [ 112.322925798000028, -8.080376658999967, 0.0 ], [ 112.322739522, -8.080311464999966, 0.0 ], [ 112.322637411000073, -8.080287866999981, 0.0 ], [ 112.322469648000038, -8.080378134999933, 0.0 ], [ 112.322403762000022, -8.08042022099994, 0.0 ], [ 112.322331777000045, -8.080432415999951, 0.0 ], [ 112.322127672000079, -8.080421112999943, 0.0 ], [ 112.321947378, -8.080349914999942, 0.0 ], [ 112.321574731000055, -8.080189613999949, 0.0 ], [ 112.320751488000042, -8.079893187999971, 0.0 ], [ 112.320619406000105, -8.079881650999937, 0.0 ], [ 112.320595223000055, -8.079827893999948, 0.0 ], [ 112.320594989000028, -8.079756113999963, 0.0 ], [ 112.32055872400008, -8.07967846899993, 0.0 ], [ 112.320498569000051, -8.079636790999928, 0.0 ], [ 112.320216166000023, -8.079541995999932, 0.0 ], [ 112.319687158000079, -8.079286488999969, 0.0 ], [ 112.319374725000102, -8.079185807999977, 0.0 ], [ 112.31917060100011, -8.079168521999975, 0.0 ], [ 112.319050581000056, -8.079174889999933, 0.0 ], [ 112.318966766000017, -8.079240959999936, 0.0 ], [ 112.31887094800004, -8.079307066999945, 0.0 ], [ 112.318786959000022, -8.079319301999931, 0.0 ], [ 112.318738808000035, -8.079277584999943, 0.0 ], [ 112.318726551000054, -8.079199861999939, 0.0 ], [ 112.318738342000074, -8.079134024999973, 0.0 ], [ 112.318738070000109, -8.079050281999969, 0.0 ], [ 112.318737779000116, -8.078960556999959, 0.0 ], [ 112.318695628000114, -8.078918820999945, 0.0 ], [ 112.318545405, -8.078865469999926, 0.0 ], [ 112.318365191000112, -8.078818196999975, 0.0 ], [ 112.31804679600009, -8.078729497999973, 0.0 ], [ 112.317620212000065, -8.078593292999926, 0.0 ], [ 112.31754830400007, -8.078629413999977, 0.0 ], [ 112.317434479000099, -8.0786955799999, 0.0 ], [ 112.317356571, -8.07873172199993, 0.0 ], [ 112.317290665000087, -8.078767823999954, 0.0 ], [ 112.317224760000045, -8.078803926999967, 0.0 ], [ 112.317158816000074, -8.078828065999971, 0.0 ], [ 112.31708079100008, -8.078828316999932, 0.0 ], [ 112.31679834900001, -8.078721554999959, 0.0 ], [ 112.316875385000117, -8.078416239999967, 0.0 ], [ 112.31687497900009, -8.078290624999966, 0.0 ], [ 112.316868512000042, -8.078147084999955, 0.0 ], [ 112.316778327000065, -8.078099519999967, 0.0 ], [ 112.316957048000063, -8.077686207999932, 0.0 ], [ 112.317016447000015, -8.077494599999966, 0.0 ], [ 112.316884327000025, -8.077471099999968, 0.0 ], [ 112.316925855000022, -8.077321421999955, 0.0 ], [ 112.316949224000041, -8.077123950999976, 0.0 ], [ 112.317014741000094, -8.076968215999955, 0.0 ], [ 112.317080258000033, -8.076812479999944, 0.0 ], [ 112.317259191000062, -8.076464963999967, 0.0 ], [ 112.317342695000093, -8.07630318899993, 0.0 ], [ 112.317509954000116, -8.076057399999968, 0.0 ], [ 112.317683271000078, -8.075829536999947, 0.0 ], [ 112.317904354, -8.075523756999928, 0.0 ], [ 112.317993937000097, -8.075385888999961, 0.0 ], [ 112.318071573000111, -8.075266004999946, 0.0 ], [ 112.318172946, -8.075062299999956, 0.0 ], [ 112.31830926300006, -8.074529487999939, 0.0 ], [ 112.318344770000067, -8.074373848999926, 0.0 ], [ 112.318398322, -8.074230113999931, 0.0 ], [ 112.31854755400002, -8.073978400999977, 0.0 ], [ 112.318690589000084, -8.073666890999959, 0.0 ], [ 112.318995347000055, -8.073253171999966, 0.0 ], [ 112.319240395000065, -8.072935350999956, 0.0 ], [ 112.319681291000052, -8.071934982999949, 0.0 ], [ 112.320134966000069, -8.071173843999929, 0.0 ], [ 112.320236395000052, -8.070988082999975, 0.0 ], [ 112.320307718000095, -8.070772511999962, 0.0 ], [ 112.320450519000019, -8.070389220999971, 0.0 ], [ 112.320557639000072, -8.070107734999965, 0.0 ], [ 112.32074198600003, -8.069580749999943, 0.0 ], [ 112.321158734000051, -8.068538587999967, 0.0 ], [ 112.32124201900001, -8.068311014999949, 0.0 ], [ 112.32133719300009, -8.068047511999964, 0.0 ], [ 112.321414245000028, -8.067748177999931, 0.0 ], [ 112.321657870000081, -8.06699369599994, 0.0 ], [ 112.321991696000055, -8.066292758999964, 0.0 ], [ 112.322352749000061, -8.0654750899999, 0.0 ], [ 112.321728164000092, -8.065352686999972, 0.0 ], [ 112.321758929000111, -8.065216203999967, 0.0 ], [ 112.321829885000056, -8.064888176999943, 0.0 ], [ 112.32181778100005, -8.06485711299996, 0.0 ], [ 112.32179851300009, -8.064838031999955, 0.0 ], [ 112.32178164600009, -8.064818944999956, 0.0 ], [ 112.321747989000073, -8.064804697999932, 0.0 ], [ 112.321726383000055, -8.064804766999941, 0.0 ], [ 112.321678416000054, -8.064819277999959, 0.0 ], [ 112.32166405800001, -8.064833680999925, 0.0 ], [ 112.321628071000077, -8.064840974999981, 0.0 ], [ 112.321608850000075, -8.064836250999974, 0.0 ], [ 112.321510110000077, -8.06474086399993, 0.0 ], [ 112.321240572000079, -8.064538353999978, 0.0 ], [ 112.321135392000087, -8.064677468999946, 0.0 ], [ 112.321087261000116, -8.064641732999974, 0.0 ], [ 112.320874166000067, -8.064817086999938, 0.0 ], [ 112.320755797000061, -8.064696331999926, 0.0 ], [ 112.320977501000016, -8.064091661999953, 0.0 ], [ 112.321186319000049, -8.063509630999931, 0.0 ], [ 112.321209169000099, -8.063436128999967, 0.0 ], [ 112.321368776000099, -8.062922739999976, 0.0 ], [ 112.321378904000085, -8.062890164999942, 0.0 ], [ 112.321429991000059, -8.062639996999962, 0.0 ], [ 112.321479001000057, -8.0624, 0.0 ], [ 112.321575754000037, -8.061916491999966, 0.0 ], [ 112.321648081000035, -8.061555056999964, 0.0 ], [ 112.321678811000083, -8.061401482999941, 0.0 ], [ 112.32177966800009, -8.060897473999944, 0.0 ], [ 112.321851, -8.060541, 0.0 ], [ 112.321904001, -8.060379, 0.0 ], [ 112.322080001000018, -8.060173, 0.0 ], [ 112.322169980000012, -8.060075021999978, 0.0 ], [ 112.322190123000041, -8.06005308899995, 0.0 ], [ 112.32226, -8.059977000999936, 0.0 ], [ 112.322307, -8.059682, 0.0 ], [ 112.322287735000032, -8.059573127999954, 0.0 ], [ 112.32227828900011, -8.059519738999938, 0.0 ], [ 112.322276043000102, -8.059296798999981, 0.0 ], [ 112.322313845000053, -8.059051205999936, 0.0 ], [ 112.322393001000023, -8.058782998999959, 0.0 ], [ 112.322573141000021, -8.058558655999946, 0.0 ], [ 112.322587154000075, -8.058541204999926, 0.0 ], [ 112.322769000000108, -8.058367, 0.0 ], [ 112.322858423000071, -8.05822128899996, 0.0 ], [ 112.322902877000047, -8.058148851999931, 0.0 ], [ 112.322909881000101, -8.05813474699994, 0.0 ], [ 112.323035437000044, -8.057881865999946, 0.0 ], [ 112.323036750000028, -8.05787922199994, 0.0 ], [ 112.323037602000113, -8.057876234999981, 0.0 ], [ 112.323114898000085, -8.05760554699998, 0.0 ], [ 112.323166, -8.057366, 0.0 ], [ 112.323187601000086, -8.05730839499995, 0.0 ], [ 112.323190001000057, -8.057301998999947, 0.0 ], [ 112.323336891000054, -8.057205734999968, 0.0 ], [ 112.323358972000051, -8.057188834999977, 0.0 ], [ 112.32362554000008, -8.056984800999942, 0.0 ], [ 112.323632672000031, -8.056979341999977, 0.0 ], [ 112.32374074400002, -8.056849562999957, 0.0 ], [ 112.323800695000045, -8.056777567999973, 0.0 ], [ 112.323802000000114, -8.056776, 0.0 ], [ 112.323807677000104, -8.056753131999926, 0.0 ], [ 112.323837001000015, -8.056635, 0.0 ], [ 112.323888627000088, -8.056353225999942, 0.0 ], [ 112.323891401000083, -8.056344448999937, 0.0 ], [ 112.324004001000048, -8.055988, 0.0 ], [ 112.324348534000023, -8.055590460999952, 0.0 ], [ 112.324407, -8.055523, 0.0 ], [ 112.324645, -8.055017998999972, 0.0 ], [ 112.324865, -8.054691, 0.0 ], [ 112.324997001000042, -8.054507, 0.0 ], [ 112.32504636200008, -8.054376709999929, 0.0 ], [ 112.325058634000015, -8.054344318999938, 0.0 ], [ 112.325059165000084, -8.054339899999945, 0.0 ], [ 112.32508000100006, -8.054166840999926, 0.0 ], [ 112.325083602000063, -8.054136924999966, 0.0 ], [ 112.325130050000098, -8.053930184999956, 0.0 ], [ 112.325377983000067, -8.053328160999968, 0.0 ], [ 112.325439, -8.05318, 0.0 ], [ 112.325453153000012, -8.053162463999968, 0.0 ], [ 112.325531, -8.053066, 0.0 ], [ 112.325873000000115, -8.052889, 0.0 ], [ 112.325902968000037, -8.052866450999943, 0.0 ], [ 112.325986022000052, -8.052803958999959, 0.0 ], [ 112.32612133900011, -8.052671802999953, 0.0 ], [ 112.326177734000112, -8.052588957999944, 0.0 ], [ 112.326192001000095, -8.052568, 0.0 ], [ 112.3261908610001, -8.052557083999943, 0.0 ], [ 112.326162816000078, -8.052288203999979, 0.0 ], [ 112.326155971000048, -8.052256463999981, 0.0 ], [ 112.3260981090001, -8.051988113999926, 0.0 ], [ 112.326121139000065, -8.051724126999943, 0.0 ], [ 112.326122597000108, -8.051707410999938, 0.0 ], [ 112.326144541000076, -8.051644563999957, 0.0 ], [ 112.326218185000016, -8.051433628999973, 0.0 ], [ 112.326225340000065, -8.05141313699994, 0.0 ], [ 112.326230099000099, -8.051409804999935, 0.0 ], [ 112.32652831300004, -8.051200951999931, 0.0 ], [ 112.326765, -8.051127998999959, 0.0 ], [ 112.32678016400007, -8.051114237999968, 0.0 ], [ 112.326814978000016, -8.051082648999966, 0.0 ], [ 112.327043466000077, -8.050875313999938, 0.0 ], [ 112.327172854000082, -8.050700163999977, 0.0 ], [ 112.327329641, -8.05048792499997, 0.0 ], [ 112.327368001000082, -8.050435998999944, 0.0 ], [ 112.327699915000039, -8.049860172999956, 0.0 ], [ 112.327715, -8.049834, 0.0 ], [ 112.327745766000021, -8.049775175999969, 0.0 ], [ 112.328124261000085, -8.049051479999946, 0.0 ], [ 112.328169710000111, -8.048964579999961, 0.0 ], [ 112.328185953000116, -8.04893352199997, 0.0 ], [ 112.328511056000025, -8.048306830999934, 0.0 ], [ 112.328536375000112, -8.048240877999945, 0.0 ], [ 112.328700196000113, -8.047814118999952, 0.0 ], [ 112.32875544, -8.047670208999932, 0.0 ], [ 112.328900632000114, -8.047251978999952, 0.0 ], [ 112.328921302000026, -8.047192439999947, 0.0 ], [ 112.329325160000053, -8.046117396999932, 0.0 ], [ 112.329511154000102, -8.045810427999982, 0.0 ], [ 112.329659287000027, -8.045594606999941, 0.0 ], [ 112.329744867000045, -8.045335919999957, 0.0 ], [ 112.329970409000111, -8.044615467999961, 0.0 ], [ 112.330361841000013, -8.044365666999965, 0.0 ] ] ] ] } },
{ "type": "Feature", "properties": { "OBJECTID": 116226.0, "KDPPUM": "35", "NAMOBJ": "Ngadirenggo", "REMARK": null, "KDPBPS": null, "FCODE": "BA03070040", "LUASWH": 38.68510297, "UUPP": "Hasil Delineasi Batas Desa 2019", "SRS_ID": "SRGI 2013", "METADATA": "TASWIL1000020200326DATA_BATAS_DESA_KELURAHAN", "KDEBPS": null, "KDEPUM": "35.05.17.2007", "KDCBPS": null, "KDCPUM": "35.05.17", "KDBBPS": null, "WADMKD": "Ngadirenggo", "WIADKD": null, "WADMKC": "Wlingi", "WIADKC": null, "WADMKK": "Blitar", "WIADKK": null, "WADMPR": "Jawa Timur", "WIADPR": null, "TIPADM": 1.0, "KDPKAB": "35.05", "SHAPE_Leng": 0.53130496509279201, "SHAPE_Area": 0.00317207752387 }, "geometry": { "type": "MultiPolygon", "coordinates": [ [ [ [ 112.431769999000039, -7.980639998999948, 0.0 ], [ 112.43051, -7.98161, 0.0 ], [ 112.43, -7.98238, 0.0 ], [ 112.429580000000101, -7.98402, 0.0 ], [ 112.42923, -7.98494999899998, 0.0 ], [ 112.42869, -7.98566, 0.0 ], [ 112.428438724000102, -7.985897619999946, 0.0 ], [ 112.428031701, -7.986282521999954, 0.0 ], [ 112.427621694000095, -7.98667024599996, 0.0 ], [ 112.427503407000017, -7.986782104999975, 0.0 ], [ 112.42685, -7.9874, 0.0 ], [ 112.42608, -7.98834, 0.0 ], [ 112.42573, -7.9886, 0.0 ], [ 112.42456, -7.98857, 0.0 ], [ 112.42392, -7.988829998999961, 0.0 ], [ 112.423049999000114, -7.9896, 0.0 ], [ 112.42257, -7.99012, 0.0 ], [ 112.422369999000011, -7.99015, 0.0 ], [ 112.421859999000048, -7.99028, 0.0 ], [ 112.42105, -7.99073999899997, 0.0 ], [ 112.42009, -7.9919, 0.0 ], [ 112.419839048000085, -7.992171189999965, 0.0 ], [ 112.41947, -7.99257, 0.0 ], [ 112.41932, -7.992749998999955, 0.0 ], [ 112.41906, -7.9933, 0.0 ], [ 112.4189, -7.99382, 0.0 ], [ 112.41873, -7.9941, 0.0 ], [ 112.41833, -7.9945, 0.0 ], [ 112.41807, -7.99463, 0.0 ], [ 112.41762, -7.99481, 0.0 ], [ 112.417239999000117, -7.99491, 0.0 ], [ 112.416889999000091, -7.995009998999933, 0.0 ], [ 112.41676, -7.99519, 0.0 ], [ 112.41657, -7.99574, 0.0 ], [ 112.416560000000118, -7.9958, 0.0 ], [ 112.416430000000105, -7.996299998999973, 0.0 ], [ 112.416399999000078, -7.99637, 0.0 ], [ 112.41617, -7.99678, 0.0 ], [ 112.41592, -7.99715, 0.0 ], [ 112.41556, -7.99755, 0.0 ], [ 112.41541, -7.99774, 0.0 ], [ 112.41520980700011, -7.9980129899999, 0.0 ], [ 112.41519, -7.99804, 0.0 ], [ 112.41515, -7.9981, 0.0 ], [ 112.41504, -7.99842, 0.0 ], [ 112.41501, -7.99875, 0.0 ], [ 112.415030000000115, -7.99916, 0.0 ], [ 112.41501, -7.999319998999965, 0.0 ], [ 112.414819999000088, -7.99974, 0.0 ], [ 112.41465, -8.0, 0.0 ], [ 112.4145, -8.00021, 0.0 ], [ 112.4143, -8.00041, 0.0 ], [ 112.414220000000114, -8.00044, 0.0 ], [ 112.414090000000101, -8.00048, 0.0 ], [ 112.41378, -8.00048, 0.0 ], [ 112.413339999000073, -8.00054, 0.0 ], [ 112.41315, -8.00064, 0.0 ], [ 112.413105391000045, -8.000688039999943, 0.0 ], [ 112.41302, -8.00078, 0.0 ], [ 112.41285, -8.00113, 0.0 ], [ 112.412733705000051, -8.001341445999969, 0.0 ], [ 112.41263, -8.00153, 0.0 ], [ 112.41245, -8.001759998999944, 0.0 ], [ 112.412372506000111, -8.001912601999948, 0.0 ], [ 112.412188300000025, -8.002275345999976, 0.0 ], [ 112.411799999000095, -8.00304, 0.0 ], [ 112.411622255000111, -8.003469268999936, 0.0 ], [ 112.41127, -8.00432, 0.0 ], [ 112.41099, -8.00532, 0.0 ], [ 112.410620000000108, -8.006479998999964, 0.0 ], [ 112.41034, -8.00754, 0.0 ], [ 112.41013, -8.00819, 0.0 ], [ 112.40969, -8.00916, 0.0 ], [ 112.40922, -8.00979, 0.0 ], [ 112.40898, -8.01022, 0.0 ], [ 112.408777526000108, -8.010526306999964, 0.0 ], [ 112.40872515500007, -8.010605534999968, 0.0 ], [ 112.408707004, -8.010632993999934, 0.0 ], [ 112.408642555000029, -8.010730492999926, 0.0 ], [ 112.408590000000117, -8.010809998999946, 0.0 ], [ 112.408500000000117, -8.01095, 0.0 ], [ 112.408320000000117, -8.01125, 0.0 ], [ 112.408191658000078, -8.011502099999973, 0.0 ], [ 112.40816954200011, -8.011545542999954, 0.0 ], [ 112.40812891600001, -8.011625342999935, 0.0 ], [ 112.408110747000023, -8.011661032999939, 0.0 ], [ 112.40804, -8.0118, 0.0 ], [ 112.4075, -8.01247, 0.0 ], [ 112.406989379000038, -8.012915779999958, 0.0 ], [ 112.40687, -8.01302, 0.0 ], [ 112.406835571000101, -8.013047461999975, 0.0 ], [ 112.406833954000035, -8.013048750999928, 0.0 ], [ 112.406833915000107, -8.013048781999942, 0.0 ], [ 112.406832101000077, -8.01305022899993, 0.0 ], [ 112.406706190000023, -8.013150657999972, 0.0 ], [ 112.40662730400004, -8.013213578999967, 0.0 ], [ 112.406332920000068, -8.013448384999947, 0.0 ], [ 112.406285783000044, -8.013485981999963, 0.0 ], [ 112.406195294000099, -8.013558157999967, 0.0 ], [ 112.406154449000041, -8.013590736999959, 0.0 ], [ 112.406101464000017, -8.013632998999981, 0.0 ], [ 112.406030000000101, -8.01369, 0.0 ], [ 112.40519, -8.014219998999977, 0.0 ], [ 112.40501, -8.01425, 0.0 ], [ 112.404997927000068, -8.014245975999927, 0.0 ], [ 112.40486128900011, -8.01420043, 0.0 ], [ 112.40483, -8.01419, 0.0 ], [ 112.404720151000106, -8.014164152999967, 0.0 ], [ 112.404659999000046, -8.01415, 0.0 ], [ 112.40455, -8.01418, 0.0 ], [ 112.404478167000093, -8.014268735999963, 0.0 ], [ 112.404429988000061, -8.014328250999938, 0.0 ], [ 112.40438, -8.01439, 0.0 ], [ 112.404289523000102, -8.014498572999969, 0.0 ], [ 112.404233676000104, -8.014565588999972, 0.0 ], [ 112.40413, -8.014689998999927, 0.0 ], [ 112.403919999000095, -8.014689998999927, 0.0 ], [ 112.40369, -8.01466, 0.0 ], [ 112.403662475000033, -8.014670585999966, 0.0 ], [ 112.403594540000086, -8.014696714999957, 0.0 ], [ 112.40356, -8.014709998999933, 0.0 ], [ 112.403519907000032, -8.014733082999953, 0.0 ], [ 112.403437790000112, -8.014780362999943, 0.0 ], [ 112.40323, -8.0149, 0.0 ], [ 112.40297, -8.01515, 0.0 ], [ 112.40294, -8.0153, 0.0 ], [ 112.40298, -8.015449998999941, 0.0 ], [ 112.40299, -8.01564, 0.0 ], [ 112.40266, -8.01589, 0.0 ], [ 112.401599999000041, -8.016619998999943, 0.0 ], [ 112.40149, -8.01667, 0.0 ], [ 112.40095, -8.01696, 0.0 ], [ 112.40051, -8.017419998999969, 0.0 ], [ 112.39987, -8.01838, 0.0 ], [ 112.39956999900005, -8.01864, 0.0 ], [ 112.399377143000038, -8.018824820999953, 0.0 ], [ 112.399117170000068, -8.018936684999971, 0.0 ], [ 112.399067201000094, -8.019008068999938, 0.0 ], [ 112.399017233000109, -8.019086590999962, 0.0 ], [ 112.398931572000038, -8.019222219999961, 0.0 ], [ 112.398831635000079, -8.019293603999927, 0.0 ], [ 112.398681729000032, -8.019393541999932, 0.0 ], [ 112.398460439000019, -8.019600554999954, 0.0 ], [ 112.398189180000031, -8.019643384999938, 0.0 ], [ 112.398082105000071, -8.019600554999954, 0.0 ], [ 112.397932199000024, -8.019500616999949, 0.0 ], [ 112.397682355000029, -8.019529170999931, 0.0 ], [ 112.397375405000048, -8.01955058599998, 0.0 ], [ 112.397254052000108, -8.019472063999956, 0.0 ], [ 112.397125561000053, -8.019443509999974, 0.0 ], [ 112.397075593000068, -8.019572000999972, 0.0 ], [ 112.397054177000086, -8.019736183999953, 0.0 ], [ 112.397004209000102, -8.019900366999934, 0.0 ], [ 112.396861441000055, -8.020035995999933, 0.0 ], [ 112.396697258000017, -8.020164486999931, 0.0 ], [ 112.396561629000075, -8.020228731999964, 0.0 ], [ 112.396283232000087, -8.020257285999946, 0.0 ], [ 112.396183295000014, -8.020235870999954, 0.0 ], [ 112.396047665000083, -8.020064549999972, 0.0 ], [ 112.395926313000018, -8.019907504999935, 0.0 ], [ 112.39583351400006, -8.019757598999945, 0.0 ], [ 112.39571930000011, -8.019621969999946, 0.0 ], [ 112.395205336000117, -8.019000930999937, 0.0 ], [ 112.395155368000019, -8.018943822999972, 0.0 ], [ 112.395062569000061, -8.018815332999964, 0.0 ], [ 112.394969770000102, -8.018544073999976, 0.0 ], [ 112.394912663000014, -8.018337060999954, 0.0 ], [ 112.39475561800009, -8.018037248999974, 0.0 ], [ 112.394669957000019, -8.017737436999937, 0.0 ], [ 112.394541467000067, -8.017516146999981, 0.0 ], [ 112.394441529, -8.017337686999952, 0.0 ], [ 112.394270436000056, -8.016993885999966, 0.0 ], [ 112.393508797000095, -8.016841633999945, 0.0 ], [ 112.392718930000115, -8.016683739999962, 0.0 ], [ 112.391070450000029, -8.016158269999949, 0.0 ], [ 112.391052658000035, -8.016179701999931, 0.0 ], [ 112.391037360000041, -8.016198129999964, 0.0 ], [ 112.390829280000048, -8.0164487399999, 0.0 ], [ 112.390525781000065, -8.016715257999977, 0.0 ], [ 112.390442980000103, -8.016787969999939, 0.0 ], [ 112.390333312000053, -8.016788340999938, 0.0 ], [ 112.3899534090001, -8.016867499999933, 0.0 ], [ 112.389760326000101, -8.016825576999963, 0.0 ], [ 112.389644174000068, -8.016745422999975, 0.0 ], [ 112.389511159000108, -8.016566874999967, 0.0 ], [ 112.389415531000054, -8.016506428999946, 0.0 ], [ 112.389376040000116, -8.016562519999979, 0.0 ], [ 112.389306427000065, -8.016810902999964, 0.0 ], [ 112.389233047000062, -8.016984391999927, 0.0 ], [ 112.389232055000093, -8.016986737999957, 0.0 ], [ 112.389066766000042, -8.017319059999977, 0.0 ], [ 112.388972086000081, -8.017390837999926, 0.0 ], [ 112.388508170000023, -8.017518639999935, 0.0 ], [ 112.388191755000094, -8.017738564999945, 0.0 ], [ 112.388018333000105, -8.017859102999978, 0.0 ], [ 112.387891538000076, -8.017947231999926, 0.0 ], [ 112.38772833400003, -8.018138619999945, 0.0 ], [ 112.387267843000018, -8.018736305999937, 0.0 ], [ 112.387257375000104, -8.018749892999949, 0.0 ], [ 112.387196539000115, -8.019140899999968, 0.0 ], [ 112.387061440000025, -8.019357989999946, 0.0 ], [ 112.38692156400009, -8.019498358999954, 0.0 ], [ 112.386771830000043, -8.019648619999941, 0.0 ], [ 112.386513960000116, -8.019836880999947, 0.0 ], [ 112.386240380000118, -8.020036609999977, 0.0 ], [ 112.386077673000045, -8.019911345999958, 0.0 ], [ 112.38580335000006, -8.019700149999949, 0.0 ], [ 112.385762949000082, -8.019671875999961, 0.0 ], [ 112.385755310000036, -8.019666529999938, 0.0 ], [ 112.385425597000108, -8.019435728999952, 0.0 ], [ 112.383812910000074, -8.01830684, 0.0 ], [ 112.383038320000082, -8.018406, 0.0 ], [ 112.382991721000053, -8.018437189999929, 0.0 ], [ 112.382748380000066, -8.018600069999934, 0.0 ], [ 112.382265040000107, -8.018891349999933, 0.0 ], [ 112.381152740000061, -8.019377839999947, 0.0 ], [ 112.380621940000083, -8.019958929999973, 0.0 ], [ 112.380184772, -8.020061034999969, 0.0 ], [ 112.37999281000009, -8.020105869999952, 0.0 ], [ 112.379928927000037, -8.020119357999931, 0.0 ], [ 112.379420110000069, -8.020226789999981, 0.0 ], [ 112.379088744000114, -8.020296758999962, 0.0 ], [ 112.378932259000067, -8.020329801999935, 0.0 ], [ 112.378831250000076, -8.020351129999938, 0.0 ], [ 112.37838933, -8.020378529999959, 0.0 ], [ 112.378033069000026, -8.020400619999975, 0.0 ], [ 112.378008070000078, -8.020402169999954, 0.0 ], [ 112.377040400000055, -8.02069506, 0.0 ], [ 112.376459860000068, -8.020890099999974, 0.0 ], [ 112.375983784000027, -8.020782268999938, 0.0 ], [ 112.375642091000032, -8.020704874999979, 0.0 ], [ 112.375586892000115, -8.020692371999928, 0.0 ], [ 112.37519964, -8.020604659999947, 0.0 ], [ 112.37516461000007, -8.020593149999968, 0.0 ], [ 112.375070754000035, -8.020562311999981, 0.0 ], [ 112.375042990000111, -8.0205531899999, 0.0 ], [ 112.374818820000087, -8.020479536999972, 0.0 ], [ 112.374551391000068, -8.02039167199996, 0.0 ], [ 112.3743975000001, -8.020341109999947, 0.0 ], [ 112.373975030000111, -8.020202305999931, 0.0 ], [ 112.373093164000011, -8.019912565999959, 0.0 ], [ 112.37287230000004, -8.01984, 0.0 ], [ 112.371564310000053, -8.019747809999956, 0.0 ], [ 112.370742250000035, -8.020136749999949, 0.0 ], [ 112.370178324000108, -8.019951462999927, 0.0 ], [ 112.370160420000047, -8.019945579999955, 0.0 ], [ 112.370012174000067, -8.019941595999967, 0.0 ], [ 112.368561990000103, -8.019902619999925, 0.0 ], [ 112.367981610000015, -8.020145929999956, 0.0 ], [ 112.36754459000008, -8.019809449999968, 0.0 ], [ 112.367192100000011, -8.020054425999945, 0.0 ], [ 112.367063468000083, -8.020143823999945, 0.0 ], [ 112.366916420000052, -8.020246019999945, 0.0 ], [ 112.366315440000108, -8.020684279999955, 0.0 ], [ 112.366312777000076, -8.020582426999965, 0.0 ], [ 112.36630979600011, -8.020581766999953, 0.0 ], [ 112.366306061000046, -8.020427673999961, 0.0 ], [ 112.366292009000063, -8.019847901999981, 0.0 ], [ 112.366268294000065, -8.018990745999929, 0.0 ], [ 112.3662711610001, -8.018990498999926, 0.0 ], [ 112.366256188000079, -8.018417711999973, 0.0 ], [ 112.366179190000025, -8.015472109999962, 0.0 ], [ 112.366177000000107, -8.015388356999949, 0.0 ], [ 112.366170779000072, -8.015150362999975, 0.0 ], [ 112.366150070000117, -8.0143581199999, 0.0 ], [ 112.366591050000011, -8.013915629999929, 0.0 ], [ 112.366589720000093, -8.013516609999954, 0.0 ], [ 112.366558172000055, -8.013472890999935, 0.0 ], [ 112.366166380000095, -8.012929969999959, 0.0 ], [ 112.366166448000058, -8.012923931999978, 0.0 ], [ 112.36617719100002, -8.011963345999959, 0.0 ], [ 112.366182023000079, -8.011953436999931, 0.0 ], [ 112.36617595000007, -8.011457146999931, 0.0 ], [ 112.366182973000036, -8.011446289999981, 0.0 ], [ 112.366203022000036, -8.00965350599995, 0.0 ], [ 112.366208200000074, -8.009190451999928, 0.0 ], [ 112.36722, -8.00907, 0.0 ], [ 112.367489999000099, -8.00904, 0.0 ], [ 112.368309999000076, -8.00903, 0.0 ], [ 112.36887, -8.00903, 0.0 ], [ 112.369780001000095, -8.00902, 0.0 ], [ 112.369930840000052, -8.009060610999938, 0.0 ], [ 112.370304569000041, -8.008938348999948, 0.0 ], [ 112.370394989000033, -8.00880985799995, 0.0 ], [ 112.370485408000036, -8.008714679999969, 0.0 ], [ 112.370642452000084, -8.008700402999978, 0.0 ], [ 112.370761426000058, -8.008752750999975, 0.0 ], [ 112.370977227000026, -8.008840348999968, 0.0 ], [ 112.371061238000038, -8.008762268999931, 0.0 ], [ 112.371218702000078, -8.008748441999956, 0.0 ], [ 112.371348842000089, -8.008627001999969, 0.0 ], [ 112.371387701000117, -8.008506367999928, 0.0 ], [ 112.371421011000052, -8.008377749999966, 0.0 ], [ 112.371365809000054, -8.008205474999954, 0.0 ], [ 112.371389603000011, -8.00803891299995, 0.0 ], [ 112.371422916000029, -8.007886626999948, 0.0 ], [ 112.371494300000109, -8.007781930999954, 0.0 ], [ 112.371737005000114, -8.007681993999938, 0.0 ], [ 112.371927361000076, -8.00761536899995, 0.0 ], [ 112.372103442000025, -8.007681993999938, 0.0 ], [ 112.372245880000037, -8.007760988999962, 0.0 ], [ 112.37241803400002, -8.007744295999942, 0.0 ], [ 112.372642223000071, -8.007722555999976, 0.0 ], [ 112.372694608000074, -8.007679272999951, 0.0 ], [ 112.372722101000022, -8.007534466999971, 0.0 ], [ 112.372841074, -8.007363145999932, 0.0 ], [ 112.372864869000068, -8.007248931999925, 0.0 ], [ 112.372907699000052, -8.007134717999975, 0.0 ], [ 112.373012396000036, -8.007072851999965, 0.0 ], [ 112.373179319000087, -8.007023044999926, 0.0 ], [ 112.373234462000028, -8.006912639999939, 0.0 ], [ 112.373286620000044, -8.006808212999942, 0.0 ], [ 112.373298166000041, -8.006604425999967, 0.0 ], [ 112.37333969000008, -8.006523442999935, 0.0 ], [ 112.373402627000019, -8.006397084999946, 0.0 ], [ 112.3735303200001, -8.006360503999929, 0.0 ], [ 112.373586735000117, -8.0063263399999, 0.0 ], [ 112.37366436800005, -8.006178173999956, 0.0 ], [ 112.373792859000105, -8.006116307999946, 0.0 ], [ 112.373942802000101, -8.006088931999955, 0.0 ], [ 112.374082890000068, -8.005980746999967, 0.0 ], [ 112.374208424000017, -8.005841679999946, 0.0 ], [ 112.374328810000065, -8.005708316999971, 0.0 ], [ 112.374459124000055, -8.005382063999946, 0.0 ], [ 112.374501205000115, -8.00523643799994, 0.0 ], [ 112.374487661000103, -8.005002720999926, 0.0 ], [ 112.374530492000076, -8.004840916999967, 0.0 ], [ 112.37463518800007, -8.004769532999944, 0.0 ], [ 112.374768438000046, -8.004702908999946, 0.0 ], [ 112.374920723000059, -8.004579176999925, 0.0 ], [ 112.375034937, -8.00446020399994, 0.0 ], [ 112.375153911000098, -8.004360265999935, 0.0 ], [ 112.375268125000048, -8.004265087999954, 0.0 ], [ 112.375410892000104, -8.004136596999956, 0.0 ], [ 112.375539383000046, -8.004065212999933, 0.0 ], [ 112.375701187000118, -8.004050935999942, 0.0 ], [ 112.375886785000034, -8.003998587999945, 0.0 ], [ 112.376340429000038, -8.004234788999952, 0.0 ], [ 112.376518888000078, -8.004389453999977, 0.0 ], [ 112.376834167000084, -8.004579810999928, 0.0 ], [ 112.377161343000012, -8.004788013999928, 0.0 ], [ 112.377399289000095, -8.004960524999944, 0.0 ], [ 112.377640001000032, -8.00501, 0.0 ], [ 112.378049660000102, -8.00529531799998, 0.0 ], [ 112.378347093000116, -8.005414290999965, 0.0 ], [ 112.37868021700001, -8.005283420999945, 0.0 ], [ 112.37898954700006, -8.005128755999976, 0.0 ], [ 112.379215596000108, -8.004855117999966, 0.0 ], [ 112.379286980000074, -8.00460527499996, 0.0 ], [ 112.379394056000024, -8.00433163699995, 0.0 ], [ 112.379846153000017, -8.00405799899994, 0.0 ], [ 112.380048408000107, -8.003974717999938, 0.0 ], [ 112.380464813000117, -8.00382005299997, 0.0 ], [ 112.380833630000097, -8.003605900999958, 0.0 ], [ 112.38115485700007, -8.003451235999933, 0.0 ], [ 112.381428495000023, -8.003486927999973, 0.0 ], [ 112.38163074900001, -8.003421492999962, 0.0 ], [ 112.381833003000111, -8.003427441999975, 0.0 ], [ 112.38200551400007, -8.003475030999937, 0.0 ], [ 112.382166128000108, -8.003516670999943, 0.0 ], [ 112.382392177000042, -8.003475030999937, 0.0 ], [ 112.382701507000093, -8.003385800999979, 0.0 ], [ 112.382945401000029, -8.003260878999981, 0.0 ], [ 112.383111964000022, -8.003159751999931, 0.0 ], [ 112.383290423000062, -8.003034829999933, 0.0 ], [ 112.383587856000076, -8.002737397999965, 0.0 ], [ 112.383950724000101, -8.002398324999945, 0.0 ], [ 112.384182721000116, -8.00234478699997, 0.0 ], [ 112.384379027000023, -8.002255556999955, 0.0 ], [ 112.384450410000113, -8.002088994999951, 0.0 ], [ 112.384563435000018, -8.002023559999941, 0.0 ], [ 112.385642957000073, -8.001413028999934, 0.0 ], [ 112.386941832000048, -8.000627581999936, 0.0 ], [ 112.387120562000064, -8.000459092999961, 0.0 ], [ 112.38945009400004, -8.001924613999961, 0.0 ], [ 112.392079399000067, -8.003780592999931, 0.0 ], [ 112.392329242000073, -8.00303106299998, 0.0 ], [ 112.39240062600004, -8.002745527999934, 0.0 ], [ 112.392817032000039, -8.002376710999954, 0.0 ], [ 112.39318584800003, -8.002162559999931, 0.0 ], [ 112.393590356, -8.00193651099994, 0.0 ], [ 112.394054351000023, -8.001615283999968, 0.0 ], [ 112.394554038000024, -8.00100852099996, 0.0 ], [ 112.394637319000026, -8.000841958999956, 0.0 ], [ 112.394815779000055, -8.000568320999946, 0.0 ], [ 112.395232184000065, -8.000580217999925, 0.0 ], [ 112.395470131000025, -8.000508833999959, 0.0 ], [ 112.395886536000035, -8.000342271999955, 0.0 ], [ 112.396172072000013, -8.000211401999934, 0.0 ], [ 112.396469504000038, -8.00018760699993, 0.0 ], [ 112.39686211500009, -7.999794995999935, 0.0 ], [ 112.397088164000024, -7.999497562999977, 0.0 ], [ 112.397302316000037, -7.998997876999965, 0.0 ], [ 112.397587851000026, -7.99856957399993, 0.0 ], [ 112.397873386000015, -7.998093680999943, 0.0 ], [ 112.398206511000012, -7.997558302999948, 0.0 ], [ 112.398706198000014, -7.99685636199996, 0.0 ], [ 112.398872760000017, -7.996404263999978, 0.0 ], [ 112.399312960000088, -7.995166943999948, 0.0 ], [ 112.399943517000111, -7.994821922999961, 0.0 ], [ 112.400383718000057, -7.994619667999928, 0.0 ], [ 112.401180837000084, -7.994227056999932, 0.0 ], [ 112.40149016700002, -7.994131878999951, 0.0 ], [ 112.401716216000068, -7.993953418999979, 0.0 ], [ 112.401751908000051, -7.993525115999944, 0.0 ], [ 112.402132621000078, -7.993334758999936, 0.0 ], [ 112.402180211000086, -7.993037326999968, 0.0 ], [ 112.402287286000046, -7.992692304999935, 0.0 ], [ 112.40245384900004, -7.992382974999941, 0.0 ], [ 112.402656103000027, -7.992347282999958, 0.0 ], [ 112.403131995000081, -7.992609023999933, 0.0 ], [ 112.403560298000116, -7.992466255999943, 0.0 ], [ 112.403691168000023, -7.992442461999929, 0.0 ], [ 112.403976704000115, -7.992513844999962, 0.0 ], [ 112.404297931000087, -7.992323487999954, 0.0 ], [ 112.404393109000011, -7.992311590999975, 0.0 ], [ 112.404666747000078, -7.992394871999977, 0.0 ], [ 112.404940385000032, -7.992097439999952, 0.0 ], [ 112.405209740000032, -7.991472434999935, 0.0 ], [ 112.405209740000032, -7.99121069399996, 0.0 ], [ 112.405138357000055, -7.990615828999978, 0.0 ], [ 112.404757643000039, -7.990116141999977, 0.0 ], [ 112.4062021740001, -7.988353119999942, 0.0 ], [ 112.408010564000051, -7.987544102999948, 0.0 ], [ 112.408391278000067, -7.985973658999967, 0.0 ], [ 112.408819581000103, -7.985069463999935, 0.0 ], [ 112.408819581000103, -7.984593570999948, 0.0 ], [ 112.408561973000019, -7.976460913999972, 0.0 ], [ 112.40763000100003, -7.97487, 0.0 ], [ 112.408599999000103, -7.973510000999966, 0.0 ], [ 112.40937000100007, -7.97255, 0.0 ], [ 112.410270001000072, -7.971420000999956, 0.0 ], [ 112.411300001000086, -7.97000000099996, 0.0 ], [ 112.41188000000011, -7.969160000999977, 0.0 ], [ 112.413290001000064, -7.96749, 0.0 ], [ 112.414130001000103, -7.966459998999937, 0.0 ], [ 112.414509999000074, -7.965710000999934, 0.0 ], [ 112.415280001000042, -7.96394, 0.0 ], [ 112.415470001000017, -7.96275, 0.0 ], [ 112.41597, -7.959860000999981, 0.0 ], [ 112.416230001000031, -7.95912, 0.0 ], [ 112.416869999000028, -7.95732, 0.0 ], [ 112.417640001000109, -7.954799998999931, 0.0 ], [ 112.41792, -7.95397, 0.0 ], [ 112.418409999, -7.95339, 0.0 ], [ 112.418890001000022, -7.95271, 0.0 ], [ 112.419180001000086, -7.952029998999933, 0.0 ], [ 112.419590001000074, -7.95113, 0.0 ], [ 112.420970001000114, -7.94878, 0.0 ], [ 112.421580001000052, -7.94762, 0.0 ], [ 112.422030001000053, -7.946879998999975, 0.0 ], [ 112.423060001000067, -7.94627, 0.0 ], [ 112.42442, -7.94584, 0.0 ], [ 112.425380001, -7.94526, 0.0 ], [ 112.42615, -7.94446, 0.0 ], [ 112.42831, -7.94223, 0.0 ], [ 112.431110001000093, -7.93987, 0.0 ], [ 112.432010001000094, -7.93907, 0.0 ], [ 112.43272, -7.93784, 0.0 ], [ 112.432910001000096, -7.93675, 0.0 ], [ 112.433160001000033, -7.93607, 0.0 ], [ 112.433550001000071, -7.935199998999963, 0.0 ], [ 112.4338, -7.934399998999936, 0.0 ], [ 112.433699999000055, -7.93311, 0.0 ], [ 112.43337, -7.93176, 0.0 ], [ 112.433240001000058, -7.93022, 0.0 ], [ 112.432910001000096, -7.92836, 0.0 ], [ 112.432449999000028, -7.92569, 0.0 ], [ 112.43218, -7.92325, 0.0 ], [ 112.432509999000104, -7.92043, 0.0 ], [ 112.432511527000088, -7.920416939999939, 0.0 ], [ 112.433319038000036, -7.918957096999975, 0.0 ], [ 112.433719162000102, -7.918569727999966, 0.0 ], [ 112.433723396, -7.918565628999943, 0.0 ], [ 112.434715223000012, -7.917595731999938, 0.0 ], [ 112.435371340000074, -7.916895728999975, 0.0 ], [ 112.436454712000113, -7.91549669099993, 0.0 ], [ 112.437347235000061, -7.914408217999949, 0.0 ], [ 112.437347354000053, -7.914408071999958, 0.0 ], [ 112.437736478000033, -7.913947931999928, 0.0 ], [ 112.43797298000004, -7.913669452999955, 0.0 ], [ 112.438240354000072, -7.913492435999956, 0.0 ], [ 112.439208926000106, -7.912851186999944, 0.0 ], [ 112.441001827000036, -7.911798354999974, 0.0 ], [ 112.442709979000028, -7.910939983999981, 0.0 ], [ 112.442710825000063, -7.910939563999932, 0.0 ], [ 112.443794197000102, -7.910780774999978, 0.0 ], [ 112.445159867000029, -7.910776011999928, 0.0 ], [ 112.446050065, -7.911082260999933, 0.0 ], [ 112.446052485000109, -7.911083093999935, 0.0 ], [ 112.446914637000077, -7.911700595999946, 0.0 ], [ 112.448753285000066, -7.913942199999951, 0.0 ], [ 112.449256828000102, -7.91487062799996, 0.0 ], [ 112.449844299, -7.915644039999961, 0.0 ], [ 112.450981084000091, -7.916686402999972, 0.0 ], [ 112.450981838000075, -7.916687223999929, 0.0 ], [ 112.451797439000075, -7.917575223999961, 0.0 ], [ 112.452423041000088, -7.918697235999957, 0.0 ], [ 112.452506945000096, -7.920363773999952, 0.0 ], [ 112.452049199000044, -7.923078406999934, 0.0 ], [ 112.450889539000059, -7.925524594999956, 0.0 ], [ 112.450775097000019, -7.926610336999943, 0.0 ], [ 112.450973443000066, -7.926919812999927, 0.0 ], [ 112.451484627000013, -7.92753825799997, 0.0 ], [ 112.455070453000076, -7.929929121999976, 0.0 ], [ 112.456085155000096, -7.931049705999953, 0.0 ], [ 112.457183784000108, -7.932053430999929, 0.0 ], [ 112.458198486000015, -7.933406695999963, 0.0 ], [ 112.458199987000057, -7.933410038999966, 0.0 ], [ 112.459136925000053, -7.935496186999956, 0.0 ], [ 112.46027368600005, -7.937857020999957, 0.0 ], [ 112.462501459, -7.940988872999981, 0.0 ], [ 112.464385929000059, -7.943889494999951, 0.0 ], [ 112.465164128000083, -7.944971900999974, 0.0 ], [ 112.465866042000016, -7.94624839599993, 0.0 ], [ 112.465949945000034, -7.947914933999925, 0.0 ], [ 112.465946866000081, -7.947921134999945, 0.0 ], [ 112.465255673000115, -7.949313028999939, 0.0 ], [ 112.464408827000057, -7.951796406999961, 0.0 ], [ 112.464378288000034, -7.953541141999949, 0.0 ], [ 112.465153662000034, -7.954976441999975, 0.0 ], [ 112.465150000000108, -7.95498, 0.0 ], [ 112.4648, -7.95532, 0.0 ], [ 112.46322, -7.95696, 0.0 ], [ 112.46203, -7.95793, 0.0 ], [ 112.46077, -7.9589, 0.0 ], [ 112.45888, -7.96083, 0.0 ], [ 112.457720000000108, -7.96174, 0.0 ], [ 112.45653, -7.96251, 0.0 ], [ 112.454819999000051, -7.9632, 0.0 ], [ 112.452499999000111, -7.96475, 0.0 ], [ 112.45025, -7.966519998999956, 0.0 ], [ 112.448149999000066, -7.968039998999927, 0.0 ], [ 112.443580000000111, -7.97092, 0.0 ], [ 112.44287, -7.9716, 0.0 ], [ 112.44155, -7.972819998999967, 0.0 ], [ 112.440110000000118, -7.97485, 0.0 ], [ 112.43934, -7.975529998999946, 0.0 ], [ 112.43859, -7.97602, 0.0 ], [ 112.43582, -7.97725, 0.0 ], [ 112.43415, -7.97841, 0.0 ], [ 112.43257, -7.979509998999958, 0.0 ], [ 112.431769999000039, -7.980639998999948, 0.0 ] ] ], [ [ [ 112.350041453000017, -8.030039654999939, 0.0 ], [ 112.350036359000114, -8.032807901999945, 0.0 ], [ 112.349576268000078, -8.032743912999933, 0.0 ], [ 112.349447777000023, -8.033166861999973, 0.0 ], [ 112.34913868000001, -8.034025399999962, 0.0 ], [ 112.34910491800008, -8.034111828999926, 0.0 ], [ 112.348977811000054, -8.034437212999933, 0.0 ], [ 112.348850225000092, -8.034732118999955, 0.0 ], [ 112.348552170000062, -8.035274779999952, 0.0 ], [ 112.347975930000075, -8.036045849999937, 0.0 ], [ 112.348049986000092, -8.036158592999925, 0.0 ], [ 112.348011971, -8.036280782999938, 0.0 ], [ 112.347982228000092, -8.03636406399994, 0.0 ], [ 112.34789299800002, -8.036447344999942, 0.0 ], [ 112.347738333000052, -8.036483036999925, 0.0 ], [ 112.347595565, -8.036435447999963, 0.0 ], [ 112.347458746000029, -8.036453293999955, 0.0 ], [ 112.347298133000095, -8.036536574999957, 0.0 ], [ 112.347232698000084, -8.036643650999963, 0.0 ], [ 112.347083981000083, -8.036750726999969, 0.0 ], [ 112.346988803000045, -8.036851853999963, 0.0 ], [ 112.346970957000053, -8.036947031999944, 0.0 ], [ 112.346929316000114, -8.037077902999954, 0.0 ], [ 112.346810343000016, -8.037184977999971, 0.0 ], [ 112.346721113000058, -8.037280156999941, 0.0 ], [ 112.346614038000098, -8.037351540999964, 0.0 ], [ 112.346524808000026, -8.037387231999958, 0.0 ], [ 112.346483167000088, -8.037446718999945, 0.0 ], [ 112.346477219, -8.03760138399997, 0.0 ], [ 112.346548602000098, -8.037696561999951, 0.0 ], [ 112.346655678000047, -8.037845278999953, 0.0 ], [ 112.346673524000039, -8.037928559999955, 0.0 ], [ 112.346679473000108, -8.03804753299994, 0.0 ], [ 112.346733011000083, -8.038208146999978, 0.0 ], [ 112.346768703000066, -8.038303324999958, 0.0 ], [ 112.346768703000066, -8.038457989999927, 0.0 ], [ 112.34689017900007, -8.038595998999938, 0.0 ], [ 112.346771613000101, -8.03878035799994, 0.0 ], [ 112.346652287000097, -8.038965895999979, 0.0 ], [ 112.346245023000051, -8.038826706999942, 0.0 ], [ 112.346032309000066, -8.039302198999962, 0.0 ], [ 112.345885941, -8.03968006499997, 0.0 ], [ 112.345231590000026, -8.039430221999964, 0.0 ], [ 112.344746321000116, -8.039254156999959, 0.0 ], [ 112.344725360000098, -8.039344539999945, 0.0 ], [ 112.344629773000065, -8.039587298999948, 0.0 ], [ 112.344557130000112, -8.039707809999982, 0.0 ], [ 112.3443928800001, -8.040074249999975, 0.0 ], [ 112.344313006000107, -8.040397209999981, 0.0 ], [ 112.344311113000117, -8.040405409999948, 0.0 ], [ 112.34428666000008, -8.040608979999945, 0.0 ], [ 112.344267552000019, -8.040695351999943, 0.0 ], [ 112.344255500000031, -8.040749829999982, 0.0 ], [ 112.344137530000012, -8.041038809999975, 0.0 ], [ 112.344041390000029, -8.041225423999947, 0.0 ], [ 112.343860303000042, -8.04162998299995, 0.0 ], [ 112.343774450000069, -8.041885649999926, 0.0 ], [ 112.343642780000096, -8.042244743999959, 0.0 ], [ 112.343619480000029, -8.042308289999937, 0.0 ], [ 112.343608151000012, -8.042329738999968, 0.0 ], [ 112.343590217000042, -8.042379879999942, 0.0 ], [ 112.343407167, -8.042668954999954, 0.0 ], [ 112.343305629000042, -8.042790820999926, 0.0 ], [ 112.343289575000085, -8.042806262999932, 0.0 ], [ 112.343274740000084, -8.042824779999933, 0.0 ], [ 112.343227371000012, -8.042869424999935, 0.0 ], [ 112.34322506500007, -8.042868313999975, 0.0 ], [ 112.343178821000038, -8.04291279499995, 0.0 ], [ 112.343098118000057, -8.042990420999956, 0.0 ], [ 112.343047183000067, -8.043108099999927, 0.0 ], [ 112.34304475700003, -8.04311370399995, 0.0 ], [ 112.342994383000018, -8.04318195899998, 0.0 ], [ 112.34299459500005, -8.043182052999953, 0.0 ], [ 112.3429893550001, -8.043188770999961, 0.0 ], [ 112.342933053000024, -8.043265058999964, 0.0 ], [ 112.342928952000079, -8.043442605999928, 0.0 ], [ 112.342920656000047, -8.043526732999965, 0.0 ], [ 112.34292025000002, -8.043536385999971, 0.0 ], [ 112.343044663000114, -8.043517299999962, 0.0 ], [ 112.343033384000023, -8.043788402999951, 0.0 ], [ 112.342994069000042, -8.04406952599993, 0.0 ], [ 112.34281566300001, -8.044455841999934, 0.0 ], [ 112.342572838000024, -8.044799626999975, 0.0 ], [ 112.342486409000117, -8.044931083999927, 0.0 ], [ 112.342385720000038, -8.045084229999929, 0.0 ], [ 112.342360880000115, -8.045360119999941, 0.0 ], [ 112.342329020000079, -8.045456439999953, 0.0 ], [ 112.34220726, -8.045610769999939, 0.0 ], [ 112.342079040000044, -8.045758719999981, 0.0 ], [ 112.342101070000012, -8.045770809999965, 0.0 ], [ 112.342328824000106, -8.045895799999926, 0.0 ], [ 112.342473760000075, -8.045975339999927, 0.0 ], [ 112.342751510000085, -8.046112629999925, 0.0 ], [ 112.342929620000064, -8.046062689999928, 0.0 ], [ 112.343058460000066, -8.046091879999949, 0.0 ], [ 112.343187500000113, -8.046180299999946, 0.0 ], [ 112.34351455, -8.046248329999969, 0.0 ], [ 112.343537045000062, -8.046294811999928, 0.0 ], [ 112.343576020000114, -8.046375349999948, 0.0 ], [ 112.343624240000054, -8.046475, 0.0 ], [ 112.343633583000042, -8.046526785999959, 0.0 ], [ 112.343605505000028, -8.046665227999938, 0.0 ], [ 112.343596224000066, -8.046734649999962, 0.0 ], [ 112.343585530000041, -8.0467515199999, 0.0 ], [ 112.34340743000007, -8.046801459999926, 0.0 ], [ 112.343199710000022, -8.046881109999958, 0.0 ], [ 112.343111, -8.047009719999949, 0.0 ], [ 112.34303216, -8.0471284299999, 0.0 ], [ 112.343015161000039, -8.047182703999965, 0.0 ], [ 112.342973360000087, -8.047316169999931, 0.0 ], [ 112.342854840000086, -8.047415269999931, 0.0 ], [ 112.342756450000024, -8.047613009999964, 0.0 ], [ 112.342717460000017, -8.047800689999974, 0.0 ], [ 112.342737620000094, -8.047909209999943, 0.0 ], [ 112.342846880000025, -8.048007559999974, 0.0 ], [ 112.342960422000033, -8.048080259999949, 0.0 ], [ 112.343147825000074, -8.048561100999962, 0.0 ], [ 112.343176001000074, -8.048753147999946, 0.0 ], [ 112.34318063, -8.048784699999942, 0.0 ], [ 112.343143030000078, -8.048917489999951, 0.0 ], [ 112.343016430000034, -8.048968449999961, 0.0 ], [ 112.34288937000008, -8.048880419999932, 0.0 ], [ 112.342822798000043, -8.048753147999946, 0.0 ], [ 112.342793700000016, -8.048697519999962, 0.0 ], [ 112.34268563, -8.048603109999931, 0.0 ], [ 112.342412520000039, -8.048433429999932, 0.0 ], [ 112.342221990000098, -8.048320339999975, 0.0 ], [ 112.342069790000096, -8.048295569999937, 0.0 ], [ 112.3419685, -8.048333809999974, 0.0 ], [ 112.341905320000023, -8.048397189999946, 0.0 ], [ 112.341899320000039, -8.048498289999941, 0.0 ], [ 112.341918730000089, -8.048618259999955, 0.0 ], [ 112.34196746300006, -8.048718600999962, 0.0 ], [ 112.341984241000091, -8.048753147999946, 0.0 ], [ 112.341995310000016, -8.048775939999928, 0.0 ], [ 112.34213517, -8.048901839999928, 0.0 ], [ 112.342243340000095, -8.049027829999943, 0.0 ], [ 112.342289865000112, -8.049119814999926, 0.0 ], [ 112.342307140000116, -8.049153969999963, 0.0 ], [ 112.342294650000099, -8.049210869999968, 0.0 ], [ 112.342225010000107, -8.04923637, 0.0 ], [ 112.342129950000071, -8.049243, 0.0 ], [ 112.341958860000091, -8.049256189999937, 0.0 ], [ 112.341863950000061, -8.049307039999974, 0.0 ], [ 112.341832550000049, -8.049395589999961, 0.0 ], [ 112.341850520000094, -8.049461869999959, 0.0 ], [ 112.341858210000055, -8.049490269999978, 0.0 ], [ 112.341865072000019, -8.049521229999925, 0.0 ], [ 112.341890390000117, -8.049635459999934, 0.0 ], [ 112.341914172000088, -8.049652654999932, 0.0 ], [ 112.341939023, -8.04967062299994, 0.0 ], [ 112.341967509000028, -8.049691218999953, 0.0 ], [ 112.341994370000066, -8.049710639999944, 0.0 ], [ 112.341923087000055, -8.049760688999982, 0.0 ], [ 112.341840280000042, -8.049818829999936, 0.0 ], [ 112.341841090000116, -8.049879119999957, 0.0 ], [ 112.341783570000075, -8.049920099999952, 0.0 ], [ 112.341781938000054, -8.049958685999968, 0.0 ], [ 112.341781793000109, -8.049962111999946, 0.0 ], [ 112.341777690000072, -8.050059099999942, 0.0 ], [ 112.341720750000036, -8.050090869999963, 0.0 ], [ 112.341689220000035, -8.050141519999954, 0.0 ], [ 112.341708480000079, -8.050217259999954, 0.0 ], [ 112.341816530000074, -8.050305359999982, 0.0 ], [ 112.341842380000116, -8.050340542999948, 0.0 ], [ 112.341918400000054, -8.050444009999978, 0.0 ], [ 112.342077650000078, -8.050683549999974, 0.0 ], [ 112.342089510000051, -8.050695959999928, 0.0 ], [ 112.342300260000115, -8.05091657, 0.0 ], [ 112.342655530000116, -8.051010169999927, 0.0 ], [ 112.343150030000061, -8.051040139999941, 0.0 ], [ 112.343311530000051, -8.051057776999926, 0.0 ], [ 112.343338071000062, -8.051060674999974, 0.0 ], [ 112.343463077000024, -8.051074325999934, 0.0 ], [ 112.34346297400009, -8.05108020199998, 0.0 ], [ 112.343536857000117, -8.05109175299998, 0.0 ], [ 112.343723417000092, -8.051065363999953, 0.0 ], [ 112.343744369000092, -8.051062399999978, 0.0 ], [ 112.343753592000098, -8.051062399999978, 0.0 ], [ 112.343859022000061, -8.051062399999978, 0.0 ], [ 112.343886662000045, -8.051062399999978, 0.0 ], [ 112.343928624000114, -8.051070053999979, 0.0 ], [ 112.344111961000067, -8.051103492999971, 0.0 ], [ 112.344266113000117, -8.051103492999971, 0.0 ], [ 112.34441433500001, -8.051156327999934, 0.0 ], [ 112.344426977000012, -8.051148361999935, 0.0 ], [ 112.344430760000023, -8.051149659999965, 0.0 ], [ 112.344546810000111, -8.0510743899999, 0.0 ], [ 112.344751348000045, -8.051025305999929, 0.0 ], [ 112.344857914000045, -8.050999732999969, 0.0 ], [ 112.345167964000098, -8.050925329999927, 0.0 ], [ 112.345186590000026, -8.050920859999962, 0.0 ], [ 112.345631670000103, -8.050962669999933, 0.0 ], [ 112.346306595000101, -8.050922005999951, 0.0 ], [ 112.346391180000069, -8.050916909999955, 0.0 ], [ 112.346418758000027, -8.050917678999951, 0.0 ], [ 112.346704230000114, -8.050925639999946, 0.0 ], [ 112.346901778000074, -8.050931142999957, 0.0 ], [ 112.346841314000017, -8.050939181999979, 0.0 ], [ 112.347085800000059, -8.050936269999966, 0.0 ], [ 112.347110970000017, -8.050933739999948, 0.0 ], [ 112.347866900000099, -8.0508579899999, 0.0 ], [ 112.348518, -8.050845029999948, 0.0 ], [ 112.348911430000044, -8.051017919999936, 0.0 ], [ 112.349190090000093, -8.051271749999955, 0.0 ], [ 112.349315471000068, -8.051430780999965, 0.0 ], [ 112.349433188000035, -8.051526212999931, 0.0 ], [ 112.34959678000007, -8.051597159999972, 0.0 ], [ 112.349780410000108, -8.051679619999959, 0.0 ], [ 112.349880760000019, -8.051778979999938, 0.0 ], [ 112.350370230000067, -8.051932429999965, 0.0 ], [ 112.350637270000107, -8.052031229999955, 0.0 ], [ 112.350851410000018, -8.052080289999935, 0.0 ], [ 112.350970900000107, -8.052107669999941, 0.0 ], [ 112.351132270000107, -8.052179129999956, 0.0 ], [ 112.351236510000035, -8.052251719999958, 0.0 ], [ 112.351282640000022, -8.052283859999932, 0.0 ], [ 112.351383590000069, -8.052565959999981, 0.0 ], [ 112.35137825400011, -8.052749766999966, 0.0 ], [ 112.351373620000118, -8.052909349999936, 0.0 ], [ 112.351284980000059, -8.052987169999938, 0.0 ], [ 112.351141010000106, -8.053137169999957, 0.0 ], [ 112.351030610000066, -8.053359049999926, 0.0 ], [ 112.350886440000068, -8.053448129999936, 0.0 ], [ 112.350831380000045, -8.053597839999952, 0.0 ], [ 112.350839920000112, -8.053723419999926, 0.0 ], [ 112.350843060000102, -8.053769479999971, 0.0 ], [ 112.351037900000051, -8.053879599999959, 0.0 ], [ 112.351167460000056, -8.053974229999938, 0.0 ], [ 112.351267910000047, -8.054185159999975, 0.0 ], [ 112.351290039000105, -8.054279315999963, 0.0 ], [ 112.351305850000017, -8.054346589999966, 0.0 ], [ 112.351493410000103, -8.054507529999967, 0.0 ], [ 112.351562387000058, -8.054534003999947, 0.0 ], [ 112.351718130000108, -8.054593779999948, 0.0 ], [ 112.351732550000065, -8.054607149999981, 0.0 ], [ 112.351849763000018, -8.054722660999971, 0.0 ], [ 112.352352951000057, -8.055232115999956, 0.0 ], [ 112.352303696000035, -8.055284108999956, 0.0 ], [ 112.352218035000078, -8.055337645999941, 0.0 ], [ 112.352135944000111, -8.055409029999964, 0.0 ], [ 112.352082406000022, -8.055483982999931, 0.0 ], [ 112.352021729000057, -8.055551797999954, 0.0 ], [ 112.351914654000097, -8.055651734999969, 0.0 ], [ 112.351898784000014, -8.055673205999938, 0.0 ], [ 112.351853977000019, -8.055733826999926, 0.0 ], [ 112.351829359000021, -8.055794251999941, 0.0 ], [ 112.351814716000035, -8.055830194999942, 0.0 ], [ 112.351789411000027, -8.055954558999929, 0.0 ], [ 112.351736194000068, -8.056062191999956, 0.0 ], [ 112.351669024000103, -8.056120091999958, 0.0 ], [ 112.351625653000042, -8.056179726999972, 0.0 ], [ 112.351518473000056, -8.056179975999953, 0.0 ], [ 112.351486351000062, -8.056262066999977, 0.0 ], [ 112.351484868000057, -8.056295190999947, 0.0 ], [ 112.351482526000041, -8.05634747299996, 0.0 ], [ 112.351458976000117, -8.056404119999968, 0.0 ], [ 112.351418072000115, -8.056411926999942, 0.0 ], [ 112.35135786, -8.056411972999967, 0.0 ], [ 112.351300753000032, -8.05644052699995, 0.0 ], [ 112.351125862000117, -8.056536894999965, 0.0 ], [ 112.351065186000028, -8.056579724999949, 0.0 ], [ 112.351008079000053, -8.056618985999933, 0.0 ], [ 112.350933126000086, -8.056661816999963, 0.0 ], [ 112.350918849000095, -8.056708215999947, 0.0 ], [ 112.3509362960001, -8.056792129999963, 0.0 ], [ 112.350918849000095, -8.056868829999928, 0.0 ], [ 112.350862550000102, -8.056918129999929, 0.0 ], [ 112.350848855000095, -8.056930122999972, 0.0 ], [ 112.350751097000057, -8.056943782999952, 0.0 ], [ 112.350690421000081, -8.056983043999935, 0.0 ], [ 112.350654729000098, -8.057018735999975, 0.0 ], [ 112.350651160000098, -8.05707941199995, 0.0 ], [ 112.35067614400009, -8.057154364999974, 0.0 ], [ 112.350698589000103, -8.057223424999961, 0.0 ], [ 112.350697559000082, -8.057304270999964, 0.0 ], [ 112.350658298000099, -8.057397069999979, 0.0 ], [ 112.350610842000037, -8.057436525999947, 0.0 ], [ 112.350554792000025, -8.057475591999946, 0.0 ], [ 112.35049768500005, -8.05755411399997, 0.0 ], [ 112.350461993000067, -8.057664758999977, 0.0 ], [ 112.350459755000088, -8.057734107999977, 0.0 ], [ 112.350458423000077, -8.057775403999926, 0.0 ], [ 112.350404011000023, -8.057830925999951, 0.0 ], [ 112.350347779000117, -8.05785392699994, 0.0 ], [ 112.350297810000029, -8.057825372999957, 0.0 ], [ 112.350247841000055, -8.057771834999926, 0.0 ], [ 112.350201442000071, -8.057736142999943, 0.0 ], [ 112.350140765000106, -8.057775403999926, 0.0 ], [ 112.350093468000068, -8.057853613999953, 0.0 ], [ 112.350022982000041, -8.057911033999972, 0.0 ], [ 112.349958737000065, -8.057978847999948, 0.0 ], [ 112.349900528000035, -8.058057429999963, 0.0 ], [ 112.349887353000099, -8.058075215999963, 0.0 ], [ 112.349855230000117, -8.058153738999977, 0.0 ], [ 112.349865938000107, -8.058239398999945, 0.0 ], [ 112.3498980600001, -8.058292936999976, 0.0 ], [ 112.3498944910001, -8.058414289999973, 0.0 ], [ 112.349865938000107, -8.05848567299995, 0.0 ], [ 112.349837384000011, -8.058578471999965, 0.0 ], [ 112.349828959000092, -8.058588511999972, 0.0 ], [ 112.349767243000088, -8.058662057999982, 0.0 ], [ 112.349683909000078, -8.058717670999954, 0.0 ], [ 112.349626802000103, -8.058731947999945, 0.0 ], [ 112.349537572000031, -8.058728377999955, 0.0 ], [ 112.349466188000065, -8.058728377999955, 0.0 ], [ 112.349426927000081, -8.058753362999937, 0.0 ], [ 112.34933412800001, -8.058792623999977, 0.0 ], [ 112.349259175000043, -8.058835453999961, 0.0 ], [ 112.34922348300006, -8.058867576999944, 0.0 ], [ 112.349180653000076, -8.058938960999967, 0.0 ], [ 112.34919882600002, -8.059014571999967, 0.0 ], [ 112.349155669000083, -8.059049605999974, 0.0 ], [ 112.349096450000047, -8.059058590999939, 0.0 ], [ 112.349002193000047, -8.059074589999966, 0.0 ], [ 112.348870133000105, -8.05911385099995, 0.0 ], [ 112.348780903000034, -8.059188803999973, 0.0 ], [ 112.348716658000058, -8.059228064999957, 0.0 ], [ 112.348683240000014, -8.059243791999961, 0.0 ], [ 112.348655982000082, -8.059256618999939, 0.0 ], [ 112.348566752000011, -8.059313725999971, 0.0 ], [ 112.348527491000027, -8.059370832999946, 0.0 ], [ 112.348488230000044, -8.05944935499997, 0.0 ], [ 112.348438261000069, -8.059538584999927, 0.0 ], [ 112.348352601000101, -8.059588553999959, 0.0 ], [ 112.348299063000013, -8.059617106999951, 0.0 ], [ 112.348245525000038, -8.059652798999934, 0.0 ], [ 112.348220540000057, -8.059677782999927, 0.0 ], [ 112.348202694000065, -8.059809842999925, 0.0 ], [ 112.348202694000065, -8.059863380999957, 0.0 ], [ 112.348215589, -8.059904409999945, 0.0 ], [ 112.348168980000082, -8.059951018999925, 0.0 ], [ 112.34815272600008, -8.060070393999979, 0.0 ], [ 112.34814201800009, -8.060152485999936, 0.0 ], [ 112.348156295000081, -8.060213161999968, 0.0 ], [ 112.34814915700008, -8.060288114999935, 0.0 ], [ 112.348138449000089, -8.060370206999949, 0.0 ], [ 112.348138449000089, -8.060401660999958, 0.0 ], [ 112.348138449000089, -8.060463005999964, 0.0 ], [ 112.348124172000098, -8.060545096999931, 0.0 ], [ 112.348092050000105, -8.060634326999946, 0.0 ], [ 112.348063496, -8.060698571999978, 0.0 ], [ 112.347991070000035, -8.060764260999974, 0.0 ], [ 112.347968551, -8.060906129999978, 0.0 ], [ 112.34796, -8.06096, 0.0 ], [ 112.3477, -8.0614, 0.0 ], [ 112.347635959000058, -8.061501990999943, 0.0 ], [ 112.347567378, -8.061558746999935, 0.0 ], [ 112.347535256000015, -8.061619423999957, 0.0 ], [ 112.34751699100002, -8.061691456999938, 0.0 ], [ 112.347513360000107, -8.061781748999977, 0.0 ], [ 112.347510271000033, -8.061858558999973, 0.0 ], [ 112.347503133000032, -8.061951357999931, 0.0 ], [ 112.347449595000057, -8.062037018999945, 0.0 ], [ 112.347403196000073, -8.062062002999937, 0.0 ], [ 112.347332592000043, -8.062090000999945, 0.0 ], [ 112.34724, -8.06234, 0.0 ], [ 112.346990605000087, -8.062794976999953, 0.0 ], [ 112.346922101000018, -8.06291995, 0.0 ], [ 112.346892860000025, -8.062973295999939, 0.0 ], [ 112.346730150000099, -8.063270130999967, 0.0 ], [ 112.346632899000042, -8.063447458999974, 0.0 ], [ 112.345998086, -8.063252509999927, 0.0 ], [ 112.345820483000011, -8.063191704999952, 0.0 ], [ 112.344322911000063, -8.06267898599998, 0.0 ], [ 112.343231333000062, -8.062282318999962, 0.0 ], [ 112.342825441000059, -8.062134821999962, 0.0 ], [ 112.342789432000018, -8.062121736999927, 0.0 ], [ 112.341837814000087, -8.061835341999938, 0.0 ], [ 112.341787315000033, -8.061809187999927, 0.0 ], [ 112.341758357000117, -8.061763821999932, 0.0 ], [ 112.34174873500001, -8.061724122999976, 0.0 ], [ 112.341746188000116, -8.061713615999963, 0.0 ], [ 112.341733930000032, -8.061584823999965, 0.0 ], [ 112.341727005000052, -8.061512070999981, 0.0 ], [ 112.341713860000027, -8.061373961999948, 0.0 ], [ 112.34169440200003, -8.061297459999935, 0.0 ], [ 112.341650970000046, -8.06123060799996, 0.0 ], [ 112.341590780000047, -8.06117816699998, 0.0 ], [ 112.341535501000067, -8.061159206999946, 0.0 ], [ 112.341456225000115, -8.061142717999928, 0.0 ], [ 112.341393831, -8.061150099999963, 0.0 ], [ 112.341338711000049, -8.061178991999952, 0.0 ], [ 112.341295656000057, -8.061226984999962, 0.0 ], [ 112.341264661000082, -8.061291688999972, 0.0 ], [ 112.341188683000041, -8.061547952999945, 0.0 ], [ 112.341072678000046, -8.061793541999975, 0.0 ], [ 112.341015121000055, -8.061915391999946, 0.0 ], [ 112.341012, -8.061921998999935, 0.0 ], [ 112.340630920000081, -8.062368577999962, 0.0 ], [ 112.340628, -8.062371998999936, 0.0 ], [ 112.340545869000039, -8.062449698999956, 0.0 ], [ 112.340445213000066, -8.062502665999943, 0.0 ], [ 112.340382876000035, -8.062526797999965, 0.0 ], [ 112.340306077000037, -8.062534225999968, 0.0 ], [ 112.340234010000017, -8.062520106999955, 0.0 ], [ 112.340135527000029, -8.062503679999963, 0.0 ], [ 112.340082713000015, -8.062503852999953, 0.0 ], [ 112.339981979000072, -8.062532892999968, 0.0 ], [ 112.339902923000068, -8.062583397999958, 0.0 ], [ 112.339855090000015, -8.062638585999935, 0.0 ], [ 112.339833634000115, -8.062684115999957, 0.0 ], [ 112.339855949000025, -8.062799518999952, 0.0 ], [ 112.339867645000027, -8.062860003999958, 0.0 ], [ 112.339928883000084, -8.063176694999981, 0.0 ], [ 112.339968774000113, -8.063626385999953, 0.0 ], [ 112.339959463000014, -8.063714944999958, 0.0 ], [ 112.339940503000093, -8.063789179999958, 0.0 ], [ 112.339904736000108, -8.063863470999934, 0.0 ], [ 112.339842554000029, -8.063935452999942, 0.0 ], [ 112.339730223000061, -8.064030050999975, 0.0 ], [ 112.3397275640001, -8.064031762999946, 0.0 ], [ 112.339650528000107, -8.064081361999968, 0.0 ], [ 112.339373085000034, -8.064259997999955, 0.0 ], [ 112.339315618000114, -8.064305646999969, 0.0 ], [ 112.339296562000072, -8.064351169999952, 0.0 ], [ 112.339300244000015, -8.064372753999976, 0.0 ], [ 112.339301457000033, -8.064379864999978, 0.0 ], [ 112.339383741, -8.064422517999958, 0.0 ], [ 112.33954915400011, -8.064508259999968, 0.0 ], [ 112.339698137000028, -8.064550840999971, 0.0 ], [ 112.33973900400008, -8.064567455999963, 0.0 ], [ 112.339772740000058, -8.064605626999935, 0.0 ], [ 112.339777730000037, -8.064663035999956, 0.0 ], [ 112.339778051000053, -8.064760666999973, 0.0 ], [ 112.339778352000053, -8.064852053999971, 0.0 ], [ 112.339752142000066, -8.064911956999936, 0.0 ], [ 112.339718127000083, -8.064952835999975, 0.0 ], [ 112.339534538000066, -8.065173468999944, 0.0 ], [ 112.339420794000034, -8.06531380399997, 0.0 ], [ 112.339298003000067, -8.065465298999925, 0.0 ], [ 112.339188516000036, -8.065600379999978, 0.0 ], [ 112.339145257000041, -8.065653751999946, 0.0 ], [ 112.338985525000112, -8.065850823999938, 0.0 ], [ 112.338949363000097, -8.065895440999952, 0.0 ], [ 112.338948715000015, -8.065896240999962, 0.0 ], [ 112.338823187000116, -8.065891509999972, 0.0 ], [ 112.338623675, -8.065883989999975, 0.0 ], [ 112.338587621000102, -8.065882630999965, 0.0 ], [ 112.338276387000064, -8.065870899999936, 0.0 ], [ 112.338098663000096, -8.065864200999954, 0.0 ], [ 112.337639644000092, -8.065846898999951, 0.0 ], [ 112.337424437000095, -8.065838786999961, 0.0 ], [ 112.33713995700009, -8.065828063999959, 0.0 ], [ 112.337037319000046, -8.065824194999948, 0.0 ], [ 112.336908673000039, -8.065819344999966, 0.0 ], [ 112.336626153000111, -8.065808696999966, 0.0 ], [ 112.336485367000023, -8.065803390999974, 0.0 ], [ 112.336391854000112, -8.065799865999963, 0.0 ], [ 112.336235163000083, -8.065793958999961, 0.0 ], [ 112.336074910000093, -8.065787919999934, 0.0 ], [ 112.335801713000023, -8.065777621999928, 0.0 ], [ 112.335707283000033, -8.065774063999982, 0.0 ], [ 112.335626001000037, -8.065771, 0.0 ], [ 112.33555427400006, -8.065525037999976, 0.0 ], [ 112.335528734000036, -8.065437459999941, 0.0 ], [ 112.335508839000113, -8.06536923699997, 0.0 ], [ 112.335481738000112, -8.065276302999962, 0.0 ], [ 112.335475859000098, -8.065256144999978, 0.0 ], [ 112.335473744000069, -8.065248890999953, 0.0 ], [ 112.335462120000102, -8.065209030999938, 0.0 ], [ 112.335461241000075, -8.065206018999959, 0.0 ], [ 112.335441511000113, -8.065138361999971, 0.0 ], [ 112.335424702000068, -8.065080719999969, 0.0 ], [ 112.335390687000086, -8.064964075999967, 0.0 ], [ 112.335364301000027, -8.064784895999935, 0.0 ], [ 112.335371273000078, -8.06465990099997, 0.0 ], [ 112.335387874000048, -8.064578151999967, 0.0 ], [ 112.335413076, -8.064518481999926, 0.0 ], [ 112.335442, -8.06445, 0.0 ], [ 112.335500001000014, -8.064393998999947, 0.0 ], [ 112.335587, -8.06431, 0.0 ], [ 112.335798380000028, -8.064242956999976, 0.0 ], [ 112.335944616, -8.064180269999952, 0.0 ], [ 112.336006932000032, -8.064148961999933, 0.0 ], [ 112.336136286000055, -8.064062403999969, 0.0 ], [ 112.336243987000103, -8.063961560999928, 0.0 ], [ 112.336296613000059, -8.063903964999952, 0.0 ], [ 112.33637778800005, -8.063767316999929, 0.0 ], [ 112.336398496000015, -8.063712365999947, 0.0 ], [ 112.336403968000013, -8.063697844999979, 0.0 ], [ 112.336444536000045, -8.06362354, 0.0 ], [ 112.336497123000072, -8.063553980999927, 0.0 ], [ 112.336655081000117, -8.06340512, 0.0 ], [ 112.336712531000103, -8.063354686999958, 0.0 ], [ 112.336743631000104, -8.063321087999952, 0.0 ], [ 112.336765143000093, -8.063292304999948, 0.0 ], [ 112.33678180600009, -8.063249182999925, 0.0 ], [ 112.336798320000071, -8.063160599999946, 0.0 ], [ 112.336779597000032, -8.063008754999942, 0.0 ], [ 112.336771189000046, -8.062940562999927, 0.0 ], [ 112.336771053, -8.062899020999964, 0.0 ], [ 112.33677104800006, -8.062897495999948, 0.0 ], [ 112.336775684000031, -8.062847234999936, 0.0 ], [ 112.336789908000014, -8.062792156999933, 0.0 ], [ 112.336801777, -8.062751441999978, 0.0 ], [ 112.33689929600007, -8.062648098999944, 0.0 ], [ 112.336971636000044, -8.062571436999974, 0.0 ], [ 112.336988338000083, -8.062540278999961, 0.0 ], [ 112.337000232000037, -8.062506743999961, 0.0 ], [ 112.33699845600006, -8.062385851999977, 0.0 ], [ 112.336997139, -8.062296196999966, 0.0 ], [ 112.336989820000099, -8.062260331999937, 0.0 ], [ 112.336989761000041, -8.062242288999926, 0.0 ], [ 112.336989694000067, -8.062222049999946, 0.0 ], [ 112.337039769000057, -8.062119, 0.0 ], [ 112.337192555000115, -8.061886822999952, 0.0 ], [ 112.337383752000051, -8.061596275999932, 0.0 ], [ 112.337493491000032, -8.061385363999932, 0.0 ], [ 112.337526401000105, -8.061172309999961, 0.0 ], [ 112.337521332000051, -8.061090974999956, 0.0 ], [ 112.337506559000076, -8.06097856699995, 0.0 ], [ 112.337487181000029, -8.060925991999966, 0.0 ], [ 112.337441371000068, -8.060866324999949, 0.0 ], [ 112.337381214000061, -8.060823451999966, 0.0 ], [ 112.337256309000054, -8.060802324999941, 0.0 ], [ 112.337109885000018, -8.060807588999978, 0.0 ], [ 112.337006687000098, -8.06081749699996, 0.0 ], [ 112.336905813000044, -8.06080346899995, 0.0 ], [ 112.336826465000058, -8.060765445999948, 0.0 ], [ 112.33678791300008, -8.060722502999965, 0.0 ], [ 112.336751605000018, -8.060631698999941, 0.0 ], [ 112.336757516000034, -8.060447437999926, 0.0 ], [ 112.336757578000061, -8.060445528999935, 0.0 ], [ 112.3367588320001, -8.060442437999939, 0.0 ], [ 112.336835218000033, -8.060254217999955, 0.0 ], [ 112.336868415000026, -8.060172419999958, 0.0 ], [ 112.33705104, -8.059702366999943, 0.0 ], [ 112.337217545000044, -8.059232860999941, 0.0 ], [ 112.337276815000109, -8.059005363999972, 0.0 ], [ 112.337446210000053, -8.058679367999957, 0.0 ], [ 112.337449000000106, -8.058674, 0.0 ], [ 112.337137186000064, -8.058627863999959, 0.0 ], [ 112.336547002000088, -8.058540539999967, 0.0 ], [ 112.335371891000023, -8.058531556999981, 0.0 ], [ 112.335300216000064, -8.058531008999978, 0.0 ], [ 112.335299, -8.058531, 0.0 ], [ 112.335293700000079, -8.058502998999927, 0.0 ], [ 112.335237196000094, -8.058204484999976, 0.0 ], [ 112.335163072000114, -8.057812878999925, 0.0 ], [ 112.335051043000021, -8.057325138999943, 0.0 ], [ 112.335036341000091, -8.057234263999931, 0.0 ], [ 112.335040860000049, -8.057148112999926, 0.0 ], [ 112.335098067000104, -8.057023508999976, 0.0 ], [ 112.335618269000065, -8.056064744999958, 0.0 ], [ 112.335793028000012, -8.055748516999927, 0.0 ], [ 112.336219666000034, -8.054976512999929, 0.0 ], [ 112.336300800000117, -8.054827902999932, 0.0 ], [ 112.336343556000088, -8.054688989999931, 0.0 ], [ 112.336357584000098, -8.054574095999953, 0.0 ], [ 112.336342364000075, -8.054410786999938, 0.0 ], [ 112.33634191100009, -8.054405925999959, 0.0 ], [ 112.336369305000062, -8.053755763999959, 0.0 ], [ 112.336372861000086, -8.053743806999933, 0.0 ], [ 112.336397796000028, -8.053659964999952, 0.0 ], [ 112.336455036000075, -8.053544928999941, 0.0 ], [ 112.336564171000077, -8.053385060999972, 0.0 ], [ 112.336985429000038, -8.052767974999938, 0.0 ], [ 112.337516528000037, -8.052206359999957, 0.0 ], [ 112.337592939000046, -8.052081690999955, 0.0 ], [ 112.337693184000045, -8.051904307999962, 0.0 ], [ 112.337798072000055, -8.051679054999966, 0.0 ], [ 112.338232452000057, -8.05088845399996, 0.0 ], [ 112.338432848000025, -8.050523717999965, 0.0 ], [ 112.338542583000049, -8.050312804999976, 0.0 ], [ 112.33883396300007, -8.049857246999977, 0.0 ], [ 112.339340672000048, -8.049180860999968, 0.0 ], [ 112.340219715000103, -8.047847667999974, 0.0 ], [ 112.340253057000041, -8.047766208999974, 0.0 ], [ 112.340310215000045, -8.04762724699998, 0.0 ], [ 112.340333702000066, -8.047469254999953, 0.0 ], [ 112.340357157000085, -8.047301689999927, 0.0 ], [ 112.340421604000085, -8.046459260999939, 0.0 ], [ 112.34046437500001, -8.046325131999936, 0.0 ], [ 112.340521675000105, -8.046229237999967, 0.0 ], [ 112.340593330000047, -8.046118941999964, 0.0 ], [ 112.340754440000069, -8.045829798999932, 0.0 ], [ 112.340805, -8.045624998999926, 0.0 ], [ 112.340839468000013, -8.045381728999928, 0.0 ], [ 112.340815743, -8.045132434999971, 0.0 ], [ 112.340713898000104, -8.044821721999938, 0.0 ], [ 112.340621907000013, -8.04461159799996, 0.0 ], [ 112.340562242000033, -8.044573671999956, 0.0 ], [ 112.340760001000035, -8.04469, 0.0 ], [ 112.340929999000082, -8.04477, 0.0 ], [ 112.340630001000022, -8.04371, 0.0 ], [ 112.34068, -8.04344, 0.0 ], [ 112.340740001000086, -8.04313, 0.0 ], [ 112.3411, -8.042419998999947, 0.0 ], [ 112.341350001000023, -8.04167, 0.0 ], [ 112.341318467000065, -8.04107086099998, 0.0 ], [ 112.342545158, -8.041676929999937, 0.0 ], [ 112.342580850000104, -8.04156271599993, 0.0 ], [ 112.342616542000087, -8.041398532999949, 0.0 ], [ 112.342673649000062, -8.041241488999958, 0.0 ], [ 112.342795001000013, -8.041034475999936, 0.0 ], [ 112.342823555000109, -8.040870292999955, 0.0 ], [ 112.342852108000102, -8.040784631999941, 0.0 ], [ 112.342923492000068, -8.040641864999941, 0.0 ], [ 112.342994876000034, -8.040420574999928, 0.0 ], [ 112.342866385000093, -8.040377744999944, 0.0 ], [ 112.342916354000067, -8.040306360999978, 0.0 ], [ 112.343030568000017, -8.04014217799994, 0.0 ], [ 112.343123367000089, -8.039992271999949, 0.0 ], [ 112.343180474000064, -8.039785258999927, 0.0 ], [ 112.343458871000053, -8.039421200999925, 0.0 ], [ 112.343751544000042, -8.039128527999935, 0.0 ], [ 112.343989999000087, -8.03886, 0.0 ], [ 112.344058163000113, -8.038754455999936, 0.0 ], [ 112.344200569, -8.038246852999976, 0.0 ], [ 112.344490001000054, -8.03771, 0.0 ], [ 112.34469, -8.03744, 0.0 ], [ 112.34536, -8.03675, 0.0 ], [ 112.34585, -8.03635, 0.0 ], [ 112.345999999000014, -8.036259998999981, 0.0 ], [ 112.346680000000106, -8.03606, 0.0 ], [ 112.347249999000041, -8.03567, 0.0 ], [ 112.34779, -8.03504, 0.0 ], [ 112.348031518000084, -8.034492559999933, 0.0 ], [ 112.34809, -8.03436, 0.0 ], [ 112.348210001000098, -8.03352, 0.0 ], [ 112.348060001000022, -8.03254, 0.0 ], [ 112.348190001000034, -8.0316, 0.0 ], [ 112.348190001000034, -8.0308, 0.0 ], [ 112.34854000100006, -8.030389998999965, 0.0 ], [ 112.34863, -8.030369998999959, 0.0 ], [ 112.348689999000044, -8.03036, 0.0 ], [ 112.349, -8.0302, 0.0 ], [ 112.34883, -8.03, 0.0 ], [ 112.348820001000036, -8.02985, 0.0 ], [ 112.34885, -8.02956, 0.0 ], [ 112.34898, -8.02937, 0.0 ], [ 112.349079999000082, -8.02927, 0.0 ], [ 112.34922, -8.02905, 0.0 ], [ 112.34939, -8.02858, 0.0 ], [ 112.3493800010001, -8.02824, 0.0 ], [ 112.34927, -8.02786, 0.0 ], [ 112.349199999, -8.027559998999948, 0.0 ], [ 112.349353626000038, -8.02733724199993, 0.0 ], [ 112.349400001000049, -8.02727, 0.0 ], [ 112.34995, -8.02649, 0.0 ], [ 112.35015, -8.02624, 0.0 ], [ 112.35034, -8.02612, 0.0 ], [ 112.3506900000001, -8.025979998999958, 0.0 ], [ 112.35083, -8.02591, 0.0 ], [ 112.35083201000009, -8.025919248999969, 0.0 ], [ 112.350871577000021, -8.026652182999953, 0.0 ], [ 112.350700564000022, -8.026967770999931, 0.0 ], [ 112.350700564000022, -8.027417488999959, 0.0 ], [ 112.350472135000018, -8.027714921999973, 0.0 ], [ 112.350657733000048, -8.027900519999946, 0.0 ], [ 112.350529242000107, -8.028107532999968, 0.0 ], [ 112.350550658000088, -8.028314545999933, 0.0 ], [ 112.350536381000097, -8.028414482999949, 0.0 ], [ 112.350350783000067, -8.028628634999961, 0.0 ], [ 112.35073068500003, -8.029154949999963, 0.0 ], [ 112.350712591000047, -8.029341490999968, 0.0 ], [ 112.350355542000102, -8.029530450999971, 0.0 ], [ 112.350461971000072, -8.029788665999945, 0.0 ], [ 112.350041453000017, -8.030039654999939, 0.0 ] ] ], [ [ [ 112.372043208000036, -8.041301899999951, 0.0 ], [ 112.371907579000094, -8.041398267999966, 0.0 ], [ 112.371821918000023, -8.041476789999933, 0.0 ], [ 112.371778838000068, -8.041515562999962, 0.0 ], [ 112.371745725000096, -8.041561920999925, 0.0 ], [ 112.371723742000086, -8.041574011999955, 0.0 ], [ 112.371679867000012, -8.041598142999931, 0.0 ], [ 112.371460190000107, -8.041718965999962, 0.0 ], [ 112.370889119000026, -8.041733242999953, 0.0 ], [ 112.370589307000046, -8.041676135999978, 0.0 ], [ 112.370586267000022, -8.041669752999951, 0.0 ], [ 112.370446540000103, -8.041376323999941, 0.0 ], [ 112.370289495000065, -8.041319215999977, 0.0 ], [ 112.370220748000065, -8.041349770999943, 0.0 ], [ 112.370068626000034, -8.041417380999974, 0.0 ], [ 112.370032513000069, -8.041433430999973, 0.0 ], [ 112.37003629600008, -8.041471262999949, 0.0 ], [ 112.370061067000051, -8.041718965999962, 0.0 ], [ 112.370061067000051, -8.041918840999926, 0.0 ], [ 112.369959835000031, -8.041934414999957, 0.0 ], [ 112.369740974000024, -8.04196808599994, 0.0 ], [ 112.369689871000105, -8.041975947999958, 0.0 ], [ 112.369673319000071, -8.041963074999956, 0.0 ], [ 112.369432889000109, -8.041776072999937, 0.0 ], [ 112.369303990000049, -8.041806762999954, 0.0 ], [ 112.369133077000015, -8.04184745699996, 0.0 ], [ 112.368647667, -8.042061607999926, 0.0 ], [ 112.368219364000083, -8.042190098999981, 0.0 ], [ 112.368087231000118, -8.04233424499995, 0.0 ], [ 112.368055827000035, -8.042426492999937, 0.0 ], [ 112.367959458000087, -8.042569259999937, 0.0 ], [ 112.367909490000102, -8.042708458999925, 0.0 ], [ 112.367873798, -8.042869072999963, 0.0 ], [ 112.367827398000031, -8.04298328699997, 0.0 ], [ 112.367795276000038, -8.043072515999938, 0.0 ], [ 112.367720323000071, -8.043061808999937, 0.0 ], [ 112.367641800000115, -8.042990424999971, 0.0 ], [ 112.367601456000102, -8.042965697999932, 0.0 ], [ 112.367348481000022, -8.042832553999972, 0.0 ], [ 112.367205714000079, -8.043003874999954, 0.0 ], [ 112.366934455000091, -8.043289409999943, 0.0 ], [ 112.36684879500001, -8.04340362399995, 0.0 ], [ 112.366741719000061, -8.043503561999955, 0.0 ], [ 112.366677473000095, -8.04359636099997, 0.0 ], [ 112.366534706000039, -8.043717712999978, 0.0 ], [ 112.366463322000072, -8.043767681999952, 0.0 ], [ 112.366369919000022, -8.043800372999954, 0.0 ], [ 112.366320554000026, -8.043817650999927, 0.0 ], [ 112.3661420950001, -8.043931864999934, 0.0 ], [ 112.365977912000062, -8.04403894, 0.0 ], [ 112.365885113000104, -8.044081770999981, 0.0 ], [ 112.365720930000066, -8.044160292999948, 0.0 ], [ 112.365606716000116, -8.0442174, 0.0 ], [ 112.365513917000044, -8.044295921999947, 0.0 ], [ 112.365421118000086, -8.044388720999962, 0.0 ], [ 112.365371149000111, -8.044445827999937, 0.0 ], [ 112.365321181000013, -8.04451721199996, 0.0 ], [ 112.365271212000039, -8.044588595999926, 0.0 ], [ 112.365221243000065, -8.044674255999951, 0.0 ], [ 112.365221243000065, -8.044788470999947, 0.0 ], [ 112.365341882000052, -8.044838438999932, 0.0 ], [ 112.365374005000035, -8.044899115999954, 0.0 ], [ 112.365284775000077, -8.044952652999939, 0.0 ], [ 112.365170561000014, -8.044934806999947, 0.0 ], [ 112.365034931000082, -8.044934806999947, 0.0 ], [ 112.364899302000026, -8.044920530999946, 0.0 ], [ 112.364702997000109, -8.044995483999969, 0.0 ], [ 112.364513829000089, -8.045041882999953, 0.0 ], [ 112.364378200000033, -8.045113266999977, 0.0 ], [ 112.364281832000074, -8.045202496999934, 0.0 ], [ 112.363999866000086, -8.045584399999939, 0.0 ], [ 112.363650085000017, -8.045977010999934, 0.0 ], [ 112.363507317000085, -8.046180454999956, 0.0 ], [ 112.362414867000098, -8.04531041499996, 0.0 ], [ 112.36051929700011, -8.043405495999934, 0.0 ], [ 112.360775337000064, -8.042915385999947, 0.0 ], [ 112.361007450000102, -8.042615833999946, 0.0 ], [ 112.361304650000079, -8.042372524999962, 0.0 ], [ 112.3617044, -8.042029881999952, 0.0 ], [ 112.361989935000111, -8.041901390999953, 0.0 ], [ 112.362389685000039, -8.041772899999955, 0.0 ], [ 112.362746604000108, -8.041630132999956, 0.0 ], [ 112.363132076000056, -8.041487364999966, 0.0 ], [ 112.363588933000074, -8.041201829999977, 0.0 ], [ 112.363774531000104, -8.040916293999942, 0.0 ], [ 112.364017236000109, -8.040530821999937, 0.0 ], [ 112.364545476000103, -8.040088241999968, 0.0 ], [ 112.364873842000065, -8.039874089999955, 0.0 ], [ 112.365344975000085, -8.039774152999939, 0.0 ], [ 112.365687618000038, -8.039645661999941, 0.0 ], [ 112.365901769000061, -8.039460063999968, 0.0 ], [ 112.366230135000023, -8.03914597499994, 0.0 ], [ 112.366572777000101, -8.038988930999949, 0.0 ], [ 112.366958250000039, -8.038817609999967, 0.0 ], [ 112.367101017000095, -8.038689118999969, 0.0 ], [ 112.367172401000062, -8.038474966999956, 0.0 ], [ 112.367258062000019, -8.038146601999927, 0.0 ], [ 112.367486490000033, -8.038018110999928, 0.0 ], [ 112.367729195000038, -8.037875342999939, 0.0 ], [ 112.368057561000114, -8.037018736999926, 0.0 ], [ 112.368057561000114, -8.036890245999928, 0.0 ], [ 112.368552489000081, -8.036128818999941, 0.0 ], [ 112.368790435000051, -8.035914666999929, 0.0 ], [ 112.369432889000109, -8.035867077999967, 0.0 ], [ 112.36993257600011, -8.035819488999948, 0.0 ], [ 112.370741593000048, -8.035819488999948, 0.0 ], [ 112.371241280000049, -8.035533953999959, 0.0 ], [ 112.371503020000091, -8.035224623999966, 0.0 ], [ 112.372216859000105, -8.035058060999972, 0.0 ], [ 112.372716545000117, -8.034915293999973, 0.0 ], [ 112.372954491000087, -8.034867704999954, 0.0 ], [ 112.373457747000089, -8.034778474999939, 0.0 ], [ 112.373507234000044, -8.034770660999925, 0.0 ], [ 112.373487491000105, -8.036303312999962, 0.0 ], [ 112.37348273200007, -8.037021909999964, 0.0 ], [ 112.373516044000098, -8.03964883499998, 0.0 ], [ 112.373159125000029, -8.039934369999969, 0.0 ], [ 112.372902143000033, -8.040348395999956, 0.0 ], [ 112.372828430000027, -8.040559507999944, 0.0 ], [ 112.372742770000059, -8.040591630999927, 0.0 ], [ 112.372607141000117, -8.040641599999958, 0.0 ], [ 112.372500065000054, -8.040691567999943, 0.0 ], [ 112.372464373000071, -8.040730828999926, 0.0 ], [ 112.372392989000105, -8.04084861299998, 0.0 ], [ 112.372296621000032, -8.04095568799994, 0.0 ], [ 112.372182407000082, -8.041030640999963, 0.0 ], [ 112.372125300000107, -8.041080609999938, 0.0 ], [ 112.372107454000115, -8.041169839999952, 0.0 ], [ 112.372096746000011, -8.041259069999967, 0.0 ], [ 112.372043208000036, -8.041301899999951, 0.0 ] ] ] ] } },
{ "type": "Feature", "properties": { "OBJECTID": 116281.0, "KDPPUM": "35", "NAMOBJ": "Tegalasri", "REMARK": null, "KDPBPS": null, "FCODE": "BA03070040", "LUASWH": 10.22707435, "UUPP": "Hasil Delineasi Batas Desa 2019", "SRS_ID": "SRGI 2013", "METADATA": "TASWIL1000020200326DATA_BATAS_DESA_KELURAHAN", "KDEBPS": null, "KDEPUM": "35.05.17.2008", "KDCBPS": null, "KDCPUM": "35.05.17", "KDBBPS": null, "WADMKD": "Tegalasri", "WIADKD": null, "WADMKC": "Wlingi", "WIADKC": null, "WADMKK": "Blitar", "WIADKK": null, "WADMPR": "Jawa Timur", "WIADPR": null, "TIPADM": 1.0, "KDPKAB": "35.05", "SHAPE_Leng": 0.18551755913726301, "SHAPE_Area": 0.00083907553408999998 }, "geometry": { "type": "MultiPolygon", "coordinates": [ [ [ [ 112.375983784000027, -8.020782268999938, 0.0 ], [ 112.375680000000102, -8.02199, 0.0 ], [ 112.375409999000112, -8.022859998999934, 0.0 ], [ 112.37519, -8.02348, 0.0 ], [ 112.37507, -8.02396, 0.0 ], [ 112.375039999000023, -8.024519998999949, 0.0 ], [ 112.375050000000101, -8.02505, 0.0 ], [ 112.37506, -8.025669998999945, 0.0 ], [ 112.375019999000074, -8.02632, 0.0 ], [ 112.375039999000023, -8.02722, 0.0 ], [ 112.37503, -8.02806, 0.0 ], [ 112.37503, -8.02883, 0.0 ], [ 112.37507, -8.03075, 0.0 ], [ 112.37508, -8.03175, 0.0 ], [ 112.375050000000101, -8.03278, 0.0 ], [ 112.37503, -8.03329, 0.0 ], [ 112.37503, -8.03372, 0.0 ], [ 112.37503, -8.03446, 0.0 ], [ 112.37507, -8.0348, 0.0 ], [ 112.37519, -8.034949998999934, 0.0 ], [ 112.375450000000114, -8.035049998999966, 0.0 ], [ 112.37567, -8.0351, 0.0 ], [ 112.37598, -8.0352, 0.0 ], [ 112.37614, -8.035359998999979, 0.0 ], [ 112.37634, -8.03549, 0.0 ], [ 112.376579999000114, -8.0357, 0.0 ], [ 112.376579999000114, -8.0358, 0.0 ], [ 112.37643, -8.03607, 0.0 ], [ 112.37634, -8.036179998999955, 0.0 ], [ 112.37618, -8.03625, 0.0 ], [ 112.37596, -8.03646, 0.0 ], [ 112.375739999000075, -8.03654, 0.0 ], [ 112.37565, -8.0367, 0.0 ], [ 112.37565, -8.03676, 0.0 ], [ 112.37549, -8.03686, 0.0 ], [ 112.37547, -8.03711, 0.0 ], [ 112.375429999000062, -8.03757, 0.0 ], [ 112.375389999000049, -8.03799, 0.0 ], [ 112.375360000000114, -8.03845999899994, 0.0 ], [ 112.37534, -8.03907, 0.0 ], [ 112.375329999000087, -8.03968, 0.0 ], [ 112.37534, -8.04021, 0.0 ], [ 112.375349999000036, -8.04038, 0.0 ], [ 112.375349999000036, -8.040443600999936, 0.0 ], [ 112.375349999000036, -8.0413, 0.0 ], [ 112.3753699990001, -8.04202, 0.0 ], [ 112.375360000000114, -8.04259, 0.0 ], [ 112.375349999000036, -8.04313, 0.0 ], [ 112.37534, -8.04352, 0.0 ], [ 112.375309999000024, -8.04423, 0.0 ], [ 112.37529, -8.04479, 0.0 ], [ 112.3753, -8.04545, 0.0 ], [ 112.375270000000114, -8.04612, 0.0 ], [ 112.37525, -8.046709998999972, 0.0 ], [ 112.375329999000087, -8.04763, 0.0 ], [ 112.375360000000114, -8.04808, 0.0 ], [ 112.3754, -8.04855, 0.0 ], [ 112.37542, -8.04893, 0.0 ], [ 112.375309999000024, -8.049, 0.0 ], [ 112.375039999000023, -8.04925, 0.0 ], [ 112.374999999000011, -8.0493, 0.0 ], [ 112.37467, -8.04974, 0.0 ], [ 112.374280000000113, -8.05025, 0.0 ], [ 112.3739, -8.05055, 0.0 ], [ 112.373470000000111, -8.0508, 0.0 ], [ 112.37309, -8.05091, 0.0 ], [ 112.372659999, -8.05097, 0.0 ], [ 112.37226, -8.051039998999954, 0.0 ], [ 112.37214, -8.05068, 0.0 ], [ 112.371489999, -8.05087, 0.0 ], [ 112.37097, -8.05101, 0.0 ], [ 112.370590000000107, -8.05111, 0.0 ], [ 112.37018, -8.05121, 0.0 ], [ 112.36988, -8.05129, 0.0 ], [ 112.369640000000118, -8.05135, 0.0 ], [ 112.369479999000077, -8.05138, 0.0 ], [ 112.3694, -8.0514, 0.0 ], [ 112.36927, -8.05174, 0.0 ], [ 112.369049999000026, -8.0521, 0.0 ], [ 112.36889, -8.05232, 0.0 ], [ 112.36871, -8.05255, 0.0 ], [ 112.36859, -8.05269, 0.0 ], [ 112.368389999000101, -8.05285, 0.0 ], [ 112.368200000000115, -8.053, 0.0 ], [ 112.36795999900005, -8.0532, 0.0 ], [ 112.36777, -8.05339, 0.0 ], [ 112.367350000000101, -8.05339, 0.0 ], [ 112.36688, -8.05362, 0.0 ], [ 112.366319999000098, -8.05374, 0.0 ], [ 112.36592, -8.05382, 0.0 ], [ 112.36526, -8.05389, 0.0 ], [ 112.36472, -8.05388, 0.0 ], [ 112.364240000000109, -8.05391, 0.0 ], [ 112.364079999000069, -8.0539, 0.0 ], [ 112.363700000000108, -8.053849998999965, 0.0 ], [ 112.363239999000029, -8.05372, 0.0 ], [ 112.36297, -8.05361, 0.0 ], [ 112.362854107000089, -8.053569280999966, 0.0 ], [ 112.3626, -8.05348, 0.0 ], [ 112.36231, -8.05331, 0.0 ], [ 112.36188, -8.05313, 0.0 ], [ 112.361580000000117, -8.052949998999964, 0.0 ], [ 112.36119, -8.05281, 0.0 ], [ 112.360919999000089, -8.052659998999957, 0.0 ], [ 112.36066, -8.052559998999925, 0.0 ], [ 112.36034, -8.05238, 0.0 ], [ 112.35982, -8.052149998999937, 0.0 ], [ 112.359290000000101, -8.05168, 0.0 ], [ 112.35909, -8.0513, 0.0 ], [ 112.35894999900006, -8.05101, 0.0 ], [ 112.35883, -8.05077, 0.0 ], [ 112.35878, -8.05036, 0.0 ], [ 112.35828, -8.05052, 0.0 ], [ 112.35804, -8.05066, 0.0 ], [ 112.35779, -8.05078, 0.0 ], [ 112.357440000000111, -8.05094, 0.0 ], [ 112.35719, -8.05113, 0.0 ], [ 112.35699000000011, -8.051369998999974, 0.0 ], [ 112.35631, -8.052169998999943, 0.0 ], [ 112.35606, -8.05231, 0.0 ], [ 112.355439999000055, -8.052539998999976, 0.0 ], [ 112.35511, -8.05279, 0.0 ], [ 112.35479, -8.053029998999932, 0.0 ], [ 112.354559999000116, -8.05337, 0.0 ], [ 112.35433, -8.05374, 0.0 ], [ 112.35399, -8.05399, 0.0 ], [ 112.353031994000048, -8.05462247, 0.0 ], [ 112.35296, -8.05467, 0.0 ], [ 112.352924782000059, -8.05469347899998, 0.0 ], [ 112.352914027000111, -8.054777282999964, 0.0 ], [ 112.352892612, -8.054827251999939, 0.0 ], [ 112.352796244000046, -8.054905773999963, 0.0 ], [ 112.352728429000081, -8.054948604999936, 0.0 ], [ 112.352696307000087, -8.054991434999977, 0.0 ], [ 112.352653476000114, -8.055073525999944, 0.0 ], [ 112.352585662000024, -8.055116356999974, 0.0 ], [ 112.352532998000015, -8.055119203999936, 0.0 ], [ 112.352453602000082, -8.055123494999975, 0.0 ], [ 112.352414340000109, -8.055127063999976, 0.0 ], [ 112.352385787000117, -8.055173463999949, 0.0 ], [ 112.352367941000011, -8.055216293999933, 0.0 ], [ 112.352352951000057, -8.055232115999956, 0.0 ], [ 112.351849763000018, -8.054722660999971, 0.0 ], [ 112.351732550000065, -8.054607149999981, 0.0 ], [ 112.351718130000108, -8.054593779999948, 0.0 ], [ 112.351562387000058, -8.054534003999947, 0.0 ], [ 112.351493410000103, -8.054507529999967, 0.0 ], [ 112.351305850000017, -8.054346589999966, 0.0 ], [ 112.351290039000105, -8.054279315999963, 0.0 ], [ 112.351267910000047, -8.054185159999975, 0.0 ], [ 112.351167460000056, -8.053974229999938, 0.0 ], [ 112.351037900000051, -8.053879599999959, 0.0 ], [ 112.350843060000102, -8.053769479999971, 0.0 ], [ 112.350839920000112, -8.053723419999926, 0.0 ], [ 112.350831380000045, -8.053597839999952, 0.0 ], [ 112.350886440000068, -8.053448129999936, 0.0 ], [ 112.351030610000066, -8.053359049999926, 0.0 ], [ 112.351141010000106, -8.053137169999957, 0.0 ], [ 112.351284980000059, -8.052987169999938, 0.0 ], [ 112.351373620000118, -8.052909349999936, 0.0 ], [ 112.35137825400011, -8.052749766999966, 0.0 ], [ 112.351383590000069, -8.052565959999981, 0.0 ], [ 112.351282640000022, -8.052283859999932, 0.0 ], [ 112.351236510000035, -8.052251719999958, 0.0 ], [ 112.351132270000107, -8.052179129999956, 0.0 ], [ 112.350970900000107, -8.052107669999941, 0.0 ], [ 112.350851410000018, -8.052080289999935, 0.0 ], [ 112.350637270000107, -8.052031229999955, 0.0 ], [ 112.350370230000067, -8.051932429999965, 0.0 ], [ 112.349880760000019, -8.051778979999938, 0.0 ], [ 112.349780410000108, -8.051679619999959, 0.0 ], [ 112.34959678000007, -8.051597159999972, 0.0 ], [ 112.349433188000035, -8.051526212999931, 0.0 ], [ 112.349315471000068, -8.051430780999965, 0.0 ], [ 112.349190090000093, -8.051271749999955, 0.0 ], [ 112.348911430000044, -8.051017919999936, 0.0 ], [ 112.348518, -8.050845029999948, 0.0 ], [ 112.347866900000099, -8.0508579899999, 0.0 ], [ 112.347110970000017, -8.050933739999948, 0.0 ], [ 112.347085800000059, -8.050936269999966, 0.0 ], [ 112.346841314000017, -8.050939181999979, 0.0 ], [ 112.346901778000074, -8.050931142999957, 0.0 ], [ 112.346704230000114, -8.050925639999946, 0.0 ], [ 112.346418758000027, -8.050917678999951, 0.0 ], [ 112.346391180000069, -8.050916909999955, 0.0 ], [ 112.346306595000101, -8.050922005999951, 0.0 ], [ 112.345631670000103, -8.050962669999933, 0.0 ], [ 112.345186590000026, -8.050920859999962, 0.0 ], [ 112.345167964000098, -8.050925329999927, 0.0 ], [ 112.344857914000045, -8.050999732999969, 0.0 ], [ 112.344751348000045, -8.051025305999929, 0.0 ], [ 112.344546810000111, -8.0510743899999, 0.0 ], [ 112.344430760000023, -8.051149659999965, 0.0 ], [ 112.344426977000012, -8.051148361999935, 0.0 ], [ 112.34441433500001, -8.051156327999934, 0.0 ], [ 112.344266113000117, -8.051103492999971, 0.0 ], [ 112.344111961000067, -8.051103492999971, 0.0 ], [ 112.343928624000114, -8.051070053999979, 0.0 ], [ 112.343886662000045, -8.051062399999978, 0.0 ], [ 112.343859022000061, -8.051062399999978, 0.0 ], [ 112.343753592000098, -8.051062399999978, 0.0 ], [ 112.343744369000092, -8.051062399999978, 0.0 ], [ 112.343723417000092, -8.051065363999953, 0.0 ], [ 112.343536857000117, -8.05109175299998, 0.0 ], [ 112.34346297400009, -8.05108020199998, 0.0 ], [ 112.343463077000024, -8.051074325999934, 0.0 ], [ 112.343338071000062, -8.051060674999974, 0.0 ], [ 112.343311530000051, -8.051057776999926, 0.0 ], [ 112.343150030000061, -8.051040139999941, 0.0 ], [ 112.342655530000116, -8.051010169999927, 0.0 ], [ 112.342300260000115, -8.05091657, 0.0 ], [ 112.342089510000051, -8.050695959999928, 0.0 ], [ 112.342077650000078, -8.050683549999974, 0.0 ], [ 112.341918400000054, -8.050444009999978, 0.0 ], [ 112.341842380000116, -8.050340542999948, 0.0 ], [ 112.341816530000074, -8.050305359999982, 0.0 ], [ 112.341708480000079, -8.050217259999954, 0.0 ], [ 112.341689220000035, -8.050141519999954, 0.0 ], [ 112.341720750000036, -8.050090869999963, 0.0 ], [ 112.341777690000072, -8.050059099999942, 0.0 ], [ 112.341781793000109, -8.049962111999946, 0.0 ], [ 112.341781938000054, -8.049958685999968, 0.0 ], [ 112.341783570000075, -8.049920099999952, 0.0 ], [ 112.341841090000116, -8.049879119999957, 0.0 ], [ 112.341840280000042, -8.049818829999936, 0.0 ], [ 112.341923087000055, -8.049760688999982, 0.0 ], [ 112.341994370000066, -8.049710639999944, 0.0 ], [ 112.341967509000028, -8.049691218999953, 0.0 ], [ 112.341939023, -8.04967062299994, 0.0 ], [ 112.341914172000088, -8.049652654999932, 0.0 ], [ 112.341890390000117, -8.049635459999934, 0.0 ], [ 112.341865072000019, -8.049521229999925, 0.0 ], [ 112.341858210000055, -8.049490269999978, 0.0 ], [ 112.341850520000094, -8.049461869999959, 0.0 ], [ 112.341832550000049, -8.049395589999961, 0.0 ], [ 112.341863950000061, -8.049307039999974, 0.0 ], [ 112.341958860000091, -8.049256189999937, 0.0 ], [ 112.342129950000071, -8.049243, 0.0 ], [ 112.342225010000107, -8.04923637, 0.0 ], [ 112.342294650000099, -8.049210869999968, 0.0 ], [ 112.342307140000116, -8.049153969999963, 0.0 ], [ 112.342289865000112, -8.049119814999926, 0.0 ], [ 112.342243340000095, -8.049027829999943, 0.0 ], [ 112.34213517, -8.048901839999928, 0.0 ], [ 112.341995310000016, -8.048775939999928, 0.0 ], [ 112.341984241000091, -8.048753147999946, 0.0 ], [ 112.34196746300006, -8.048718600999962, 0.0 ], [ 112.341918730000089, -8.048618259999955, 0.0 ], [ 112.341899320000039, -8.048498289999941, 0.0 ], [ 112.341905320000023, -8.048397189999946, 0.0 ], [ 112.3419685, -8.048333809999974, 0.0 ], [ 112.342069790000096, -8.048295569999937, 0.0 ], [ 112.342221990000098, -8.048320339999975, 0.0 ], [ 112.342412520000039, -8.048433429999932, 0.0 ], [ 112.34268563, -8.048603109999931, 0.0 ], [ 112.342793700000016, -8.048697519999962, 0.0 ], [ 112.342822798000043, -8.048753147999946, 0.0 ], [ 112.34288937000008, -8.048880419999932, 0.0 ], [ 112.343016430000034, -8.048968449999961, 0.0 ], [ 112.343143030000078, -8.048917489999951, 0.0 ], [ 112.34318063, -8.048784699999942, 0.0 ], [ 112.343176001000074, -8.048753147999946, 0.0 ], [ 112.343147825000074, -8.048561100999962, 0.0 ], [ 112.342960422000033, -8.048080259999949, 0.0 ], [ 112.342846880000025, -8.048007559999974, 0.0 ], [ 112.342737620000094, -8.047909209999943, 0.0 ], [ 112.342717460000017, -8.047800689999974, 0.0 ], [ 112.342756450000024, -8.047613009999964, 0.0 ], [ 112.342854840000086, -8.047415269999931, 0.0 ], [ 112.342973360000087, -8.047316169999931, 0.0 ], [ 112.343015161000039, -8.047182703999965, 0.0 ], [ 112.34303216, -8.0471284299999, 0.0 ], [ 112.343111, -8.047009719999949, 0.0 ], [ 112.343199710000022, -8.046881109999958, 0.0 ], [ 112.34340743000007, -8.046801459999926, 0.0 ], [ 112.343585530000041, -8.0467515199999, 0.0 ], [ 112.343596224000066, -8.046734649999962, 0.0 ], [ 112.343605505000028, -8.046665227999938, 0.0 ], [ 112.343633583000042, -8.046526785999959, 0.0 ], [ 112.343624240000054, -8.046475, 0.0 ], [ 112.343576020000114, -8.046375349999948, 0.0 ], [ 112.343537045000062, -8.046294811999928, 0.0 ], [ 112.34351455, -8.046248329999969, 0.0 ], [ 112.343187500000113, -8.046180299999946, 0.0 ], [ 112.343058460000066, -8.046091879999949, 0.0 ], [ 112.342929620000064, -8.046062689999928, 0.0 ], [ 112.342751510000085, -8.046112629999925, 0.0 ], [ 112.342473760000075, -8.045975339999927, 0.0 ], [ 112.342328824000106, -8.045895799999926, 0.0 ], [ 112.342101070000012, -8.045770809999965, 0.0 ], [ 112.342079040000044, -8.045758719999981, 0.0 ], [ 112.34220726, -8.045610769999939, 0.0 ], [ 112.342329020000079, -8.045456439999953, 0.0 ], [ 112.342360880000115, -8.045360119999941, 0.0 ], [ 112.342385720000038, -8.045084229999929, 0.0 ], [ 112.342486409000117, -8.044931083999927, 0.0 ], [ 112.342572838000024, -8.044799626999975, 0.0 ], [ 112.34281566300001, -8.044455841999934, 0.0 ], [ 112.342994069000042, -8.04406952599993, 0.0 ], [ 112.343033384000023, -8.043788402999951, 0.0 ], [ 112.343044663000114, -8.043517299999962, 0.0 ], [ 112.34292025000002, -8.043536385999971, 0.0 ], [ 112.342920656000047, -8.043526732999965, 0.0 ], [ 112.342928952000079, -8.043442605999928, 0.0 ], [ 112.342933053000024, -8.043265058999964, 0.0 ], [ 112.3429893550001, -8.043188770999961, 0.0 ], [ 112.34299459500005, -8.043182052999953, 0.0 ], [ 112.342994383000018, -8.04318195899998, 0.0 ], [ 112.34304475700003, -8.04311370399995, 0.0 ], [ 112.343047183000067, -8.043108099999927, 0.0 ], [ 112.343098118000057, -8.042990420999956, 0.0 ], [ 112.343178821000038, -8.04291279499995, 0.0 ], [ 112.34322506500007, -8.042868313999975, 0.0 ], [ 112.343227371000012, -8.042869424999935, 0.0 ], [ 112.343274740000084, -8.042824779999933, 0.0 ], [ 112.343289575000085, -8.042806262999932, 0.0 ], [ 112.343305629000042, -8.042790820999926, 0.0 ], [ 112.343407167, -8.042668954999954, 0.0 ], [ 112.343590217000042, -8.042379879999942, 0.0 ], [ 112.343608151000012, -8.042329738999968, 0.0 ], [ 112.343619480000029, -8.042308289999937, 0.0 ], [ 112.343642780000096, -8.042244743999959, 0.0 ], [ 112.343774450000069, -8.041885649999926, 0.0 ], [ 112.343860303000042, -8.04162998299995, 0.0 ], [ 112.344041390000029, -8.041225423999947, 0.0 ], [ 112.344137530000012, -8.041038809999975, 0.0 ], [ 112.344255500000031, -8.040749829999982, 0.0 ], [ 112.344267552000019, -8.040695351999943, 0.0 ], [ 112.34428666000008, -8.040608979999945, 0.0 ], [ 112.344311113000117, -8.040405409999948, 0.0 ], [ 112.344313006000107, -8.040397209999981, 0.0 ], [ 112.3443928800001, -8.040074249999975, 0.0 ], [ 112.344557130000112, -8.039707809999982, 0.0 ], [ 112.344629773000065, -8.039587298999948, 0.0 ], [ 112.344725360000098, -8.039344539999945, 0.0 ], [ 112.344746321000116, -8.039254156999959, 0.0 ], [ 112.345231590000026, -8.039430221999964, 0.0 ], [ 112.345885941, -8.03968006499997, 0.0 ], [ 112.346032309000066, -8.039302198999962, 0.0 ], [ 112.346245023000051, -8.038826706999942, 0.0 ], [ 112.346652287000097, -8.038965895999979, 0.0 ], [ 112.346771613000101, -8.03878035799994, 0.0 ], [ 112.34689017900007, -8.038595998999938, 0.0 ], [ 112.346768703000066, -8.038457989999927, 0.0 ], [ 112.346768703000066, -8.038303324999958, 0.0 ], [ 112.346733011000083, -8.038208146999978, 0.0 ], [ 112.346679473000108, -8.03804753299994, 0.0 ], [ 112.346673524000039, -8.037928559999955, 0.0 ], [ 112.346655678000047, -8.037845278999953, 0.0 ], [ 112.346548602000098, -8.037696561999951, 0.0 ], [ 112.346477219, -8.03760138399997, 0.0 ], [ 112.346483167000088, -8.037446718999945, 0.0 ], [ 112.346524808000026, -8.037387231999958, 0.0 ], [ 112.346614038000098, -8.037351540999964, 0.0 ], [ 112.346721113000058, -8.037280156999941, 0.0 ], [ 112.346810343000016, -8.037184977999971, 0.0 ], [ 112.346929316000114, -8.037077902999954, 0.0 ], [ 112.346970957000053, -8.036947031999944, 0.0 ], [ 112.346988803000045, -8.036851853999963, 0.0 ], [ 112.347083981000083, -8.036750726999969, 0.0 ], [ 112.347232698000084, -8.036643650999963, 0.0 ], [ 112.347298133000095, -8.036536574999957, 0.0 ], [ 112.347458746000029, -8.036453293999955, 0.0 ], [ 112.347595565, -8.036435447999963, 0.0 ], [ 112.347738333000052, -8.036483036999925, 0.0 ], [ 112.34789299800002, -8.036447344999942, 0.0 ], [ 112.347982228000092, -8.03636406399994, 0.0 ], [ 112.348011971, -8.036280782999938, 0.0 ], [ 112.348049986000092, -8.036158592999925, 0.0 ], [ 112.347975930000075, -8.036045849999937, 0.0 ], [ 112.348552170000062, -8.035274779999952, 0.0 ], [ 112.348850225000092, -8.034732118999955, 0.0 ], [ 112.348977811000054, -8.034437212999933, 0.0 ], [ 112.34910491800008, -8.034111828999926, 0.0 ], [ 112.34913868000001, -8.034025399999962, 0.0 ], [ 112.349447777000023, -8.033166861999973, 0.0 ], [ 112.349576268000078, -8.032743912999933, 0.0 ], [ 112.350036359000114, -8.032807901999945, 0.0 ], [ 112.350041453000017, -8.030039654999939, 0.0 ], [ 112.350461971000072, -8.029788665999945, 0.0 ], [ 112.350355542000102, -8.029530450999971, 0.0 ], [ 112.350712591000047, -8.029341490999968, 0.0 ], [ 112.35073068500003, -8.029154949999963, 0.0 ], [ 112.350350783000067, -8.028628634999961, 0.0 ], [ 112.350536381000097, -8.028414482999949, 0.0 ], [ 112.350550658000088, -8.028314545999933, 0.0 ], [ 112.350529242000107, -8.028107532999968, 0.0 ], [ 112.350657733000048, -8.027900519999946, 0.0 ], [ 112.350472135000018, -8.027714921999973, 0.0 ], [ 112.350700564000022, -8.027417488999959, 0.0 ], [ 112.350700564000022, -8.026967770999931, 0.0 ], [ 112.350871577000021, -8.026652182999953, 0.0 ], [ 112.35083201000009, -8.025919248999969, 0.0 ], [ 112.35083, -8.02591, 0.0 ], [ 112.3506900000001, -8.025979998999958, 0.0 ], [ 112.35034, -8.02612, 0.0 ], [ 112.35015, -8.02624, 0.0 ], [ 112.34995, -8.02649, 0.0 ], [ 112.349400001000049, -8.02727, 0.0 ], [ 112.349353218000033, -8.027105658999972, 0.0 ], [ 112.349488811000015, -8.026897024999926, 0.0 ], [ 112.349583989000052, -8.02668287299997, 0.0 ], [ 112.349672052000074, -8.02654503499997, 0.0 ], [ 112.349857627, -8.026254569999935, 0.0 ], [ 112.350190752000117, -8.02586195899994, 0.0 ], [ 112.350476287000106, -8.025576423999951, 0.0 ], [ 112.350690438000015, -8.025409861999947, 0.0 ], [ 112.350773719000017, -8.025124325999968, 0.0 ], [ 112.350773719000017, -8.02466033099995, 0.0 ], [ 112.350749925000059, -8.02438669299994, 0.0 ], [ 112.350717004000103, -8.024222085999952, 0.0 ], [ 112.350666644000057, -8.02397028799993, 0.0 ], [ 112.35067110500006, -8.023809674999939, 0.0 ], [ 112.350676362000058, -8.023620438999956, 0.0 ], [ 112.350678541000093, -8.023541984999952, 0.0 ], [ 112.350832395000111, -8.023181672999954, 0.0 ], [ 112.350883136000107, -8.023062841999945, 0.0 ], [ 112.35090509500003, -8.023011415999974, 0.0 ], [ 112.350885639000012, -8.022762863999958, 0.0 ], [ 112.350840945000073, -8.022191881999959, 0.0 ], [ 112.351052116, -8.02192791799996, 0.0 ], [ 112.351077923000048, -8.021869266999943, 0.0 ], [ 112.35080683000001, -8.021842823999975, 0.0 ], [ 112.351040018000049, -8.02091007599995, 0.0 ], [ 112.351315837000016, -8.020934589999968, 0.0 ], [ 112.351344791000088, -8.02080719199995, 0.0 ], [ 112.351610528000037, -8.019729824999956, 0.0 ], [ 112.351604845000111, -8.019724615999962, 0.0 ], [ 112.351323375000106, -8.019800678999957, 0.0 ], [ 112.351519277000079, -8.018923586999961, 0.0 ], [ 112.35166244800007, -8.018282582999973, 0.0 ], [ 112.352350001000104, -8.013820000999942, 0.0 ], [ 112.35259, -8.013889998999957, 0.0 ], [ 112.353059999000038, -8.01399, 0.0 ], [ 112.353220001000068, -8.01403, 0.0 ], [ 112.353320001000043, -8.01405000099993, 0.0 ], [ 112.353509999000039, -8.01405000099993, 0.0 ], [ 112.353950001000044, -8.01416, 0.0 ], [ 112.354020530000071, -8.014176275999944, 0.0 ], [ 112.354710019000095, -8.014404807999938, 0.0 ], [ 112.354986036000014, -8.014433360999931, 0.0 ], [ 112.355026437000106, -8.014424125999938, 0.0 ], [ 112.355319161000011, -8.014357218999976, 0.0 ], [ 112.35609962400008, -8.014081200999954, 0.0 ], [ 112.356842016000087, -8.013614826999969, 0.0 ], [ 112.357270319, -8.013386398999955, 0.0 ], [ 112.358260175000055, -8.012881952999976, 0.0 ], [ 112.35880269200004, -8.012701113999981, 0.0 ], [ 112.359973387000082, -8.012177631999975, 0.0 ], [ 112.360763368000107, -8.011777882999979, 0.0 ], [ 112.362086348000048, -8.010692848999952, 0.0 ], [ 112.363322873000016, -8.00984594199997, 0.0 ], [ 112.363562125000044, -8.009682075999933, 0.0 ], [ 112.363880000000108, -8.00946, 0.0 ], [ 112.364330000000109, -8.00932, 0.0 ], [ 112.3653, -8.00920999899995, 0.0 ], [ 112.365619999000046, -8.009229998999956, 0.0 ], [ 112.365960001000076, -8.00922, 0.0 ], [ 112.366208200000074, -8.009190451999928, 0.0 ], [ 112.366203022000036, -8.00965350599995, 0.0 ], [ 112.366182973000036, -8.011446289999981, 0.0 ], [ 112.36617595000007, -8.011457146999931, 0.0 ], [ 112.366182023000079, -8.011953436999931, 0.0 ], [ 112.36617719100002, -8.011963345999959, 0.0 ], [ 112.366166448000058, -8.012923931999978, 0.0 ], [ 112.366166380000095, -8.012929969999959, 0.0 ], [ 112.366558172000055, -8.013472890999935, 0.0 ], [ 112.366589720000093, -8.013516609999954, 0.0 ], [ 112.366591050000011, -8.013915629999929, 0.0 ], [ 112.366150070000117, -8.0143581199999, 0.0 ], [ 112.366170779000072, -8.015150362999975, 0.0 ], [ 112.366177000000107, -8.015388356999949, 0.0 ], [ 112.366179190000025, -8.015472109999962, 0.0 ], [ 112.366256188000079, -8.018417711999973, 0.0 ], [ 112.3662711610001, -8.018990498999926, 0.0 ], [ 112.366268294000065, -8.018990745999929, 0.0 ], [ 112.366292009000063, -8.019847901999981, 0.0 ], [ 112.366306061000046, -8.020427673999961, 0.0 ], [ 112.36630979600011, -8.020581766999953, 0.0 ], [ 112.366312777000076, -8.020582426999965, 0.0 ], [ 112.366315440000108, -8.020684279999955, 0.0 ], [ 112.366916420000052, -8.020246019999945, 0.0 ], [ 112.367063468000083, -8.020143823999945, 0.0 ], [ 112.367192100000011, -8.020054425999945, 0.0 ], [ 112.36754459000008, -8.019809449999968, 0.0 ], [ 112.367981610000015, -8.020145929999956, 0.0 ], [ 112.368561990000103, -8.019902619999925, 0.0 ], [ 112.370012174000067, -8.019941595999967, 0.0 ], [ 112.370160420000047, -8.019945579999955, 0.0 ], [ 112.370178324000108, -8.019951462999927, 0.0 ], [ 112.370742250000035, -8.020136749999949, 0.0 ], [ 112.371564310000053, -8.019747809999956, 0.0 ], [ 112.37287230000004, -8.01984, 0.0 ], [ 112.373093164000011, -8.019912565999959, 0.0 ], [ 112.373975030000111, -8.020202305999931, 0.0 ], [ 112.3743975000001, -8.020341109999947, 0.0 ], [ 112.374551391000068, -8.02039167199996, 0.0 ], [ 112.374818820000087, -8.020479536999972, 0.0 ], [ 112.375042990000111, -8.0205531899999, 0.0 ], [ 112.375070754000035, -8.020562311999981, 0.0 ], [ 112.37516461000007, -8.020593149999968, 0.0 ], [ 112.37519964, -8.020604659999947, 0.0 ], [ 112.375586892000115, -8.020692371999928, 0.0 ], [ 112.375642091000032, -8.020704874999979, 0.0 ], [ 112.375983784000027, -8.020782268999938, 0.0 ] ], [ [ 112.372828430000027, -8.040559507999944, 0.0 ], [ 112.372902143000033, -8.040348395999956, 0.0 ], [ 112.373159125000029, -8.039934369999969, 0.0 ], [ 112.373516044000098, -8.03964883499998, 0.0 ], [ 112.37348273200007, -8.037021909999964, 0.0 ], [ 112.373487491000105, -8.036303312999962, 0.0 ], [ 112.373507234000044, -8.034770660999925, 0.0 ], [ 112.373457747000089, -8.034778474999939, 0.0 ], [ 112.372954491000087, -8.034867704999954, 0.0 ], [ 112.372716545000117, -8.034915293999973, 0.0 ], [ 112.372216859000105, -8.035058060999972, 0.0 ], [ 112.371503020000091, -8.035224623999966, 0.0 ], [ 112.371241280000049, -8.035533953999959, 0.0 ], [ 112.370741593000048, -8.035819488999948, 0.0 ], [ 112.36993257600011, -8.035819488999948, 0.0 ], [ 112.369432889000109, -8.035867077999967, 0.0 ], [ 112.368790435000051, -8.035914666999929, 0.0 ], [ 112.368552489000081, -8.036128818999941, 0.0 ], [ 112.368057561000114, -8.036890245999928, 0.0 ], [ 112.368057561000114, -8.037018736999926, 0.0 ], [ 112.367729195000038, -8.037875342999939, 0.0 ], [ 112.367486490000033, -8.038018110999928, 0.0 ], [ 112.367258062000019, -8.038146601999927, 0.0 ], [ 112.367172401000062, -8.038474966999956, 0.0 ], [ 112.367101017000095, -8.038689118999969, 0.0 ], [ 112.366958250000039, -8.038817609999967, 0.0 ], [ 112.366572777000101, -8.038988930999949, 0.0 ], [ 112.366230135000023, -8.03914597499994, 0.0 ], [ 112.365901769000061, -8.039460063999968, 0.0 ], [ 112.365687618000038, -8.039645661999941, 0.0 ], [ 112.365344975000085, -8.039774152999939, 0.0 ], [ 112.364873842000065, -8.039874089999955, 0.0 ], [ 112.364545476000103, -8.040088241999968, 0.0 ], [ 112.364017236000109, -8.040530821999937, 0.0 ], [ 112.363774531000104, -8.040916293999942, 0.0 ], [ 112.363588933000074, -8.041201829999977, 0.0 ], [ 112.363132076000056, -8.041487364999966, 0.0 ], [ 112.362746604000108, -8.041630132999956, 0.0 ], [ 112.362389685000039, -8.041772899999955, 0.0 ], [ 112.361989935000111, -8.041901390999953, 0.0 ], [ 112.3617044, -8.042029881999952, 0.0 ], [ 112.361304650000079, -8.042372524999962, 0.0 ], [ 112.361007450000102, -8.042615833999946, 0.0 ], [ 112.360775337000064, -8.042915385999947, 0.0 ], [ 112.36051929700011, -8.043405495999934, 0.0 ], [ 112.362414867000098, -8.04531041499996, 0.0 ], [ 112.363507317000085, -8.046180454999956, 0.0 ], [ 112.363650085000017, -8.045977010999934, 0.0 ], [ 112.363999866000086, -8.045584399999939, 0.0 ], [ 112.364281832000074, -8.045202496999934, 0.0 ], [ 112.364378200000033, -8.045113266999977, 0.0 ], [ 112.364513829000089, -8.045041882999953, 0.0 ], [ 112.364702997000109, -8.044995483999969, 0.0 ], [ 112.364899302000026, -8.044920530999946, 0.0 ], [ 112.365034931000082, -8.044934806999947, 0.0 ], [ 112.365170561000014, -8.044934806999947, 0.0 ], [ 112.365284775000077, -8.044952652999939, 0.0 ], [ 112.365374005000035, -8.044899115999954, 0.0 ], [ 112.365341882000052, -8.044838438999932, 0.0 ], [ 112.365221243000065, -8.044788470999947, 0.0 ], [ 112.365221243000065, -8.044674255999951, 0.0 ], [ 112.365271212000039, -8.044588595999926, 0.0 ], [ 112.365321181000013, -8.04451721199996, 0.0 ], [ 112.365371149000111, -8.044445827999937, 0.0 ], [ 112.365421118000086, -8.044388720999962, 0.0 ], [ 112.365513917000044, -8.044295921999947, 0.0 ], [ 112.365606716000116, -8.0442174, 0.0 ], [ 112.365720930000066, -8.044160292999948, 0.0 ], [ 112.365885113000104, -8.044081770999981, 0.0 ], [ 112.365977912000062, -8.04403894, 0.0 ], [ 112.3661420950001, -8.043931864999934, 0.0 ], [ 112.366320554000026, -8.043817650999927, 0.0 ], [ 112.366369919000022, -8.043800372999954, 0.0 ], [ 112.366463322000072, -8.043767681999952, 0.0 ], [ 112.366534706000039, -8.043717712999978, 0.0 ], [ 112.366677473000095, -8.04359636099997, 0.0 ], [ 112.366741719000061, -8.043503561999955, 0.0 ], [ 112.36684879500001, -8.04340362399995, 0.0 ], [ 112.366934455000091, -8.043289409999943, 0.0 ], [ 112.367205714000079, -8.043003874999954, 0.0 ], [ 112.367348481000022, -8.042832553999972, 0.0 ], [ 112.367601456000102, -8.042965697999932, 0.0 ], [ 112.367641800000115, -8.042990424999971, 0.0 ], [ 112.367720323000071, -8.043061808999937, 0.0 ], [ 112.367795276000038, -8.043072515999938, 0.0 ], [ 112.367827398000031, -8.04298328699997, 0.0 ], [ 112.367873798, -8.042869072999963, 0.0 ], [ 112.367909490000102, -8.042708458999925, 0.0 ], [ 112.367959458000087, -8.042569259999937, 0.0 ], [ 112.368055827000035, -8.042426492999937, 0.0 ], [ 112.368087231000118, -8.04233424499995, 0.0 ], [ 112.368219364000083, -8.042190098999981, 0.0 ], [ 112.368647667, -8.042061607999926, 0.0 ], [ 112.369133077000015, -8.04184745699996, 0.0 ], [ 112.369303990000049, -8.041806762999954, 0.0 ], [ 112.369432889000109, -8.041776072999937, 0.0 ], [ 112.369673319000071, -8.041963074999956, 0.0 ], [ 112.369689871000105, -8.041975947999958, 0.0 ], [ 112.369740974000024, -8.04196808599994, 0.0 ], [ 112.369959835000031, -8.041934414999957, 0.0 ], [ 112.370061067000051, -8.041918840999926, 0.0 ], [ 112.370061067000051, -8.041718965999962, 0.0 ], [ 112.37003629600008, -8.041471262999949, 0.0 ], [ 112.370032513000069, -8.041433430999973, 0.0 ], [ 112.370068626000034, -8.041417380999974, 0.0 ], [ 112.370220748000065, -8.041349770999943, 0.0 ], [ 112.370289495000065, -8.041319215999977, 0.0 ], [ 112.370446540000103, -8.041376323999941, 0.0 ], [ 112.370586267000022, -8.041669752999951, 0.0 ], [ 112.370589307000046, -8.041676135999978, 0.0 ], [ 112.370889119000026, -8.041733242999953, 0.0 ], [ 112.371460190000107, -8.041718965999962, 0.0 ], [ 112.371679867000012, -8.041598142999931, 0.0 ], [ 112.371723742000086, -8.041574011999955, 0.0 ], [ 112.371745725000096, -8.041561920999925, 0.0 ], [ 112.371778838000068, -8.041515562999962, 0.0 ], [ 112.371821918000023, -8.041476789999933, 0.0 ], [ 112.371907579000094, -8.041398267999966, 0.0 ], [ 112.372043208000036, -8.041301899999951, 0.0 ], [ 112.372096746000011, -8.041259069999967, 0.0 ], [ 112.372107454000115, -8.041169839999952, 0.0 ], [ 112.372125300000107, -8.041080609999938, 0.0 ], [ 112.372182407000082, -8.041030640999963, 0.0 ], [ 112.372296621000032, -8.04095568799994, 0.0 ], [ 112.372392989000105, -8.04084861299998, 0.0 ], [ 112.372464373000071, -8.040730828999926, 0.0 ], [ 112.372500065000054, -8.040691567999943, 0.0 ], [ 112.372607141000117, -8.040641599999958, 0.0 ], [ 112.372742770000059, -8.040591630999927, 0.0 ], [ 112.372828430000027, -8.040559507999944, 0.0 ] ] ] ] } },
{ "type": "Feature", "properties": { "OBJECTID": 113932.0, "KDPPUM": "35", "NAMOBJ": "Tembalang", "REMARK": null, "KDPBPS": null, "FCODE": "BA03070040", "LUASWH": null, "UUPP": "Ajudikasi 2015", "SRS_ID": "SRGI 2013", "METADATA": "TASWIL1000020200326DATA_BATAS_DESA_KELURAHAN", "KDEBPS": null, "KDEPUM": "35.05.17.2005", "KDCBPS": null, "KDCPUM": "35.05.17", "KDBBPS": null, "WADMKD": "Tembalang", "WIADKD": null, "WADMKC": "Wlingi", "WIADKC": null, "WADMKK": "Blitar", "WIADKK": null, "WADMPR": "Jawa Timur", "WIADPR": null, "TIPADM": 1.0, "KDPKAB": "35.05", "SHAPE_Leng": 0.073943539775955996, "SHAPE_Area": 0.000103177856964 }, "geometry": { "type": "MultiPolygon", "coordinates": [ [ [ [ 112.336547002000088, -8.058540539999967, 0.0 ], [ 112.337137186000064, -8.058627863999959, 0.0 ], [ 112.337449000000106, -8.058674, 0.0 ], [ 112.337446210000053, -8.058679367999957, 0.0 ], [ 112.337276815000109, -8.059005363999972, 0.0 ], [ 112.337217545000044, -8.059232860999941, 0.0 ], [ 112.33705104, -8.059702366999943, 0.0 ], [ 112.336868415000026, -8.060172419999958, 0.0 ], [ 112.336835218000033, -8.060254217999955, 0.0 ], [ 112.3367588320001, -8.060442437999939, 0.0 ], [ 112.336757578000061, -8.060445528999935, 0.0 ], [ 112.336757516000034, -8.060447437999926, 0.0 ], [ 112.336751605000018, -8.060631698999941, 0.0 ], [ 112.33678791300008, -8.060722502999965, 0.0 ], [ 112.336826465000058, -8.060765445999948, 0.0 ], [ 112.336905813000044, -8.06080346899995, 0.0 ], [ 112.337006687000098, -8.06081749699996, 0.0 ], [ 112.337109885000018, -8.060807588999978, 0.0 ], [ 112.337256309000054, -8.060802324999941, 0.0 ], [ 112.337381214000061, -8.060823451999966, 0.0 ], [ 112.337441371000068, -8.060866324999949, 0.0 ], [ 112.337487181000029, -8.060925991999966, 0.0 ], [ 112.337506559000076, -8.06097856699995, 0.0 ], [ 112.337521332000051, -8.061090974999956, 0.0 ], [ 112.337526401000105, -8.061172309999961, 0.0 ], [ 112.337493491000032, -8.061385363999932, 0.0 ], [ 112.337383752000051, -8.061596275999932, 0.0 ], [ 112.337192555000115, -8.061886822999952, 0.0 ], [ 112.337039769000057, -8.062119, 0.0 ], [ 112.336989694000067, -8.062222049999946, 0.0 ], [ 112.336989761000041, -8.062242288999926, 0.0 ], [ 112.336989820000099, -8.062260331999937, 0.0 ], [ 112.336997139, -8.062296196999966, 0.0 ], [ 112.33699845600006, -8.062385851999977, 0.0 ], [ 112.337000232000037, -8.062506743999961, 0.0 ], [ 112.336988338000083, -8.062540278999961, 0.0 ], [ 112.336971636000044, -8.062571436999974, 0.0 ], [ 112.33689929600007, -8.062648098999944, 0.0 ], [ 112.336801777, -8.062751441999978, 0.0 ], [ 112.336789908000014, -8.062792156999933, 0.0 ], [ 112.336775684000031, -8.062847234999936, 0.0 ], [ 112.33677104800006, -8.062897495999948, 0.0 ], [ 112.336771053, -8.062899020999964, 0.0 ], [ 112.336771189000046, -8.062940562999927, 0.0 ], [ 112.336779597000032, -8.063008754999942, 0.0 ], [ 112.336798320000071, -8.063160599999946, 0.0 ], [ 112.33678180600009, -8.063249182999925, 0.0 ], [ 112.336765143000093, -8.063292304999948, 0.0 ], [ 112.336743631000104, -8.063321087999952, 0.0 ], [ 112.336712531000103, -8.063354686999958, 0.0 ], [ 112.336655081000117, -8.06340512, 0.0 ], [ 112.336497123000072, -8.063553980999927, 0.0 ], [ 112.336444536000045, -8.06362354, 0.0 ], [ 112.336403968000013, -8.063697844999979, 0.0 ], [ 112.336398496000015, -8.063712365999947, 0.0 ], [ 112.33637778800005, -8.063767316999929, 0.0 ], [ 112.336296613000059, -8.063903964999952, 0.0 ], [ 112.336243987000103, -8.063961560999928, 0.0 ], [ 112.336136286000055, -8.064062403999969, 0.0 ], [ 112.336006932000032, -8.064148961999933, 0.0 ], [ 112.335944616, -8.064180269999952, 0.0 ], [ 112.335798380000028, -8.064242956999976, 0.0 ], [ 112.335587, -8.06431, 0.0 ], [ 112.335500001000014, -8.064393998999947, 0.0 ], [ 112.335442, -8.06445, 0.0 ], [ 112.335413076, -8.064518481999926, 0.0 ], [ 112.335387874000048, -8.064578151999967, 0.0 ], [ 112.335371273000078, -8.06465990099997, 0.0 ], [ 112.335364301000027, -8.064784895999935, 0.0 ], [ 112.335390687000086, -8.064964075999967, 0.0 ], [ 112.335424702000068, -8.065080719999969, 0.0 ], [ 112.335441511000113, -8.065138361999971, 0.0 ], [ 112.335461241000075, -8.065206018999959, 0.0 ], [ 112.335462120000102, -8.065209030999938, 0.0 ], [ 112.335473744000069, -8.065248890999953, 0.0 ], [ 112.335475859000098, -8.065256144999978, 0.0 ], [ 112.335481738000112, -8.065276302999962, 0.0 ], [ 112.335508839000113, -8.06536923699997, 0.0 ], [ 112.335528734000036, -8.065437459999941, 0.0 ], [ 112.33555427400006, -8.065525037999976, 0.0 ], [ 112.335626001000037, -8.065771, 0.0 ], [ 112.335707283000033, -8.065774063999982, 0.0 ], [ 112.335801713000023, -8.065777621999928, 0.0 ], [ 112.336074910000093, -8.065787919999934, 0.0 ], [ 112.336235163000083, -8.065793958999961, 0.0 ], [ 112.336391854000112, -8.065799865999963, 0.0 ], [ 112.336485367000023, -8.065803390999974, 0.0 ], [ 112.336626153000111, -8.065808696999966, 0.0 ], [ 112.336908673000039, -8.065819344999966, 0.0 ], [ 112.337037319000046, -8.065824194999948, 0.0 ], [ 112.33713995700009, -8.065828063999959, 0.0 ], [ 112.337424437000095, -8.065838786999961, 0.0 ], [ 112.337639644000092, -8.065846898999951, 0.0 ], [ 112.338098663000096, -8.065864200999954, 0.0 ], [ 112.338276387000064, -8.065870899999936, 0.0 ], [ 112.338587621000102, -8.065882630999965, 0.0 ], [ 112.338623675, -8.065883989999975, 0.0 ], [ 112.338823187000116, -8.065891509999972, 0.0 ], [ 112.338948715000015, -8.065896240999962, 0.0 ], [ 112.338949363000097, -8.065895440999952, 0.0 ], [ 112.338985525000112, -8.065850823999938, 0.0 ], [ 112.339145257000041, -8.065653751999946, 0.0 ], [ 112.339188516000036, -8.065600379999978, 0.0 ], [ 112.339298003000067, -8.065465298999925, 0.0 ], [ 112.339420794000034, -8.06531380399997, 0.0 ], [ 112.339534538000066, -8.065173468999944, 0.0 ], [ 112.339718127000083, -8.064952835999975, 0.0 ], [ 112.339752142000066, -8.064911956999936, 0.0 ], [ 112.339778352000053, -8.064852053999971, 0.0 ], [ 112.339778051000053, -8.064760666999973, 0.0 ], [ 112.339777730000037, -8.064663035999956, 0.0 ], [ 112.339772740000058, -8.064605626999935, 0.0 ], [ 112.33973900400008, -8.064567455999963, 0.0 ], [ 112.339698137000028, -8.064550840999971, 0.0 ], [ 112.33954915400011, -8.064508259999968, 0.0 ], [ 112.339383741, -8.064422517999958, 0.0 ], [ 112.339301457000033, -8.064379864999978, 0.0 ], [ 112.339300244000015, -8.064372753999976, 0.0 ], [ 112.339296562000072, -8.064351169999952, 0.0 ], [ 112.339315618000114, -8.064305646999969, 0.0 ], [ 112.339373085000034, -8.064259997999955, 0.0 ], [ 112.339650528000107, -8.064081361999968, 0.0 ], [ 112.3397275640001, -8.064031762999946, 0.0 ], [ 112.339730223000061, -8.064030050999975, 0.0 ], [ 112.339842554000029, -8.063935452999942, 0.0 ], [ 112.339904736000108, -8.063863470999934, 0.0 ], [ 112.339940503000093, -8.063789179999958, 0.0 ], [ 112.339959463000014, -8.063714944999958, 0.0 ], [ 112.339968774000113, -8.063626385999953, 0.0 ], [ 112.339928883000084, -8.063176694999981, 0.0 ], [ 112.339867645000027, -8.062860003999958, 0.0 ], [ 112.339855949000025, -8.062799518999952, 0.0 ], [ 112.339833634000115, -8.062684115999957, 0.0 ], [ 112.339855090000015, -8.062638585999935, 0.0 ], [ 112.339902923000068, -8.062583397999958, 0.0 ], [ 112.339981979000072, -8.062532892999968, 0.0 ], [ 112.340082713000015, -8.062503852999953, 0.0 ], [ 112.340135527000029, -8.062503679999963, 0.0 ], [ 112.340234010000017, -8.062520106999955, 0.0 ], [ 112.340306077000037, -8.062534225999968, 0.0 ], [ 112.340382876000035, -8.062526797999965, 0.0 ], [ 112.340445213000066, -8.062502665999943, 0.0 ], [ 112.340545869000039, -8.062449698999956, 0.0 ], [ 112.340628, -8.062371998999936, 0.0 ], [ 112.340630920000081, -8.062368577999962, 0.0 ], [ 112.341012, -8.061921998999935, 0.0 ], [ 112.341015121000055, -8.061915391999946, 0.0 ], [ 112.341072678000046, -8.061793541999975, 0.0 ], [ 112.341188683000041, -8.061547952999945, 0.0 ], [ 112.341264661000082, -8.061291688999972, 0.0 ], [ 112.341295656000057, -8.061226984999962, 0.0 ], [ 112.341338711000049, -8.061178991999952, 0.0 ], [ 112.341393831, -8.061150099999963, 0.0 ], [ 112.341456225000115, -8.061142717999928, 0.0 ], [ 112.341535501000067, -8.061159206999946, 0.0 ], [ 112.341590780000047, -8.06117816699998, 0.0 ], [ 112.341650970000046, -8.06123060799996, 0.0 ], [ 112.34169440200003, -8.061297459999935, 0.0 ], [ 112.341713860000027, -8.061373961999948, 0.0 ], [ 112.341727005000052, -8.061512070999981, 0.0 ], [ 112.341733930000032, -8.061584823999965, 0.0 ], [ 112.341746188000116, -8.061713615999963, 0.0 ], [ 112.34174873500001, -8.061724122999976, 0.0 ], [ 112.341758357000117, -8.061763821999932, 0.0 ], [ 112.341787315000033, -8.061809187999927, 0.0 ], [ 112.341837814000087, -8.061835341999938, 0.0 ], [ 112.342789432000018, -8.062121736999927, 0.0 ], [ 112.342825441000059, -8.062134821999962, 0.0 ], [ 112.343231333000062, -8.062282318999962, 0.0 ], [ 112.344322911000063, -8.06267898599998, 0.0 ], [ 112.345820483000011, -8.063191704999952, 0.0 ], [ 112.345998086, -8.063252509999927, 0.0 ], [ 112.346632899000042, -8.063447458999974, 0.0 ], [ 112.346287246000088, -8.064059806999978, 0.0 ], [ 112.346271496000099, -8.064087709999967, 0.0 ], [ 112.346234110000069, -8.064140191999968, 0.0 ], [ 112.345890607000115, -8.064622404999966, 0.0 ], [ 112.345885716000112, -8.064629271999934, 0.0 ], [ 112.345785, -8.064719, 0.0 ], [ 112.345368716000053, -8.065139797999962, 0.0 ], [ 112.345360146000075, -8.065148458999943, 0.0 ], [ 112.34529804500005, -8.065236037999966, 0.0 ], [ 112.345191000000113, -8.065387, 0.0 ], [ 112.345190262000074, -8.065389631999949, 0.0 ], [ 112.345136403000083, -8.065581855999937, 0.0 ], [ 112.345133, -8.065594000999965, 0.0 ], [ 112.345111080000038, -8.065672867999979, 0.0 ], [ 112.345103338000058, -8.065700723999953, 0.0 ], [ 112.345065447000025, -8.065837049999971, 0.0 ], [ 112.345036, -8.065942998999958, 0.0 ], [ 112.345010111000079, -8.065967920999981, 0.0 ], [ 112.345001688000025, -8.065976028999955, 0.0 ], [ 112.344966677000116, -8.066009731999941, 0.0 ], [ 112.344833222000034, -8.066082621999954, 0.0 ], [ 112.344826899000054, -8.066086386999928, 0.0 ], [ 112.344788109000092, -8.066109498999936, 0.0 ], [ 112.344716836000089, -8.066151961999935, 0.0 ], [ 112.344706593000069, -8.066158065999957, 0.0 ], [ 112.344691844000067, -8.06616685299997, 0.0 ], [ 112.344685588000061, -8.066176970999948, 0.0 ], [ 112.344662582000069, -8.066214177999939, 0.0 ], [ 112.344639206000011, -8.066251983999962, 0.0 ], [ 112.344631120000031, -8.066265061999957, 0.0 ], [ 112.344616006000024, -8.066309301999979, 0.0 ], [ 112.344614406, -8.06631398299993, 0.0 ], [ 112.344589264000092, -8.066387577999933, 0.0 ], [ 112.344578133000027, -8.066420156999925, 0.0 ], [ 112.344576220000022, -8.066433227999937, 0.0 ], [ 112.34456914000009, -8.066481621999969, 0.0 ], [ 112.344568970000068, -8.066482785999938, 0.0 ], [ 112.344556288000035, -8.066569465999976, 0.0 ], [ 112.344532530000038, -8.066731857999969, 0.0 ], [ 112.344494640000107, -8.066990836999935, 0.0 ], [ 112.344473212000025, -8.067044743999929, 0.0 ], [ 112.344415797000011, -8.067105943999934, 0.0 ], [ 112.344275760000073, -8.067228428999954, 0.0 ], [ 112.344122893000076, -8.067283645999964, 0.0 ], [ 112.343944856, -8.067347952999967, 0.0 ], [ 112.343912541, -8.067376770999942, 0.0 ], [ 112.343887477000067, -8.067419920999953, 0.0 ], [ 112.343890860000101, -8.067501615999959, 0.0 ], [ 112.343899216000068, -8.067703412999947, 0.0 ], [ 112.343874199000084, -8.067760918999966, 0.0 ], [ 112.343866353000067, -8.06777933199993, 0.0 ], [ 112.343852759000015, -8.067811235999955, 0.0 ], [ 112.343804592000083, -8.067883263999931, 0.0 ], [ 112.34367717300006, -8.068073808999941, 0.0 ], [ 112.34354127000006, -8.068357783999943, 0.0 ], [ 112.34349837700006, -8.068454828999961, 0.0 ], [ 112.343498615000044, -8.068526607999956, 0.0 ], [ 112.343516868000052, -8.068601916999967, 0.0 ], [ 112.343545807000055, -8.068641300999957, 0.0 ], [ 112.343580677000091, -8.068700554999964, 0.0 ], [ 112.343687042000056, -8.0688813, 0.0 ], [ 112.343737801000088, -8.068985212999962, 0.0 ], [ 112.343781392000096, -8.069099918999939, 0.0 ], [ 112.343796272000077, -8.069243428999926, 0.0 ], [ 112.34380765700007, -8.069419252999978, 0.0 ], [ 112.343766972000026, -8.069676025999968, 0.0 ], [ 112.343757855000035, -8.069733563999932, 0.0 ], [ 112.343719467000028, -8.069975836999959, 0.0 ], [ 112.343719496000062, -8.069984475999945, 0.0 ], [ 112.343719860000078, -8.070094271999949, 0.0 ], [ 112.343766969000058, -8.070183841999949, 0.0 ], [ 112.343806853000046, -8.070266258999936, 0.0 ], [ 112.343846, -8.070520998999939, 0.0 ], [ 112.343846601000109, -8.070529224999973, 0.0 ], [ 112.343854912000097, -8.070642944999975, 0.0 ], [ 112.343819305000011, -8.070765087999973, 0.0 ], [ 112.343808715000023, -8.070829724999953, 0.0 ], [ 112.34381630900009, -8.070948136999959, 0.0 ], [ 112.343827419000036, -8.071041413999978, 0.0 ], [ 112.343827919000091, -8.071192149999945, 0.0 ], [ 112.343799252000053, -8.071235311999942, 0.0 ], [ 112.343698576000065, -8.071282298999961, 0.0 ], [ 112.343676970000047, -8.071282369999949, 0.0 ], [ 112.343619305000061, -8.071268203999978, 0.0 ], [ 112.343585210000015, -8.071254368999973, 0.0 ], [ 112.343428198000083, -8.071190661999935, 0.0 ], [ 112.343356072, -8.071161396999969, 0.0 ], [ 112.343258795000111, -8.07114736099993, 0.0 ], [ 112.343172405000018, -8.071158410999942, 0.0 ], [ 112.34307895500001, -8.071212552999953, 0.0 ], [ 112.342877496000028, -8.071274226999947, 0.0 ], [ 112.342823457, -8.071267226999964, 0.0 ], [ 112.342765828000097, -8.07126382499996, 0.0 ], [ 112.342740407000065, -8.071199306999972, 0.0 ], [ 112.342729355000074, -8.071123974999978, 0.0 ], [ 112.342630917000065, -8.07075821899997, 0.0 ], [ 112.342592579000097, -8.070686052999974, 0.0 ], [ 112.342418462000069, -8.070534657999929, 0.0 ], [ 112.342056783000089, -8.070211050999944, 0.0 ], [ 112.341923534000102, -8.070068283999944, 0.0 ], [ 112.341733177000037, -8.070049247999975, 0.0 ], [ 112.341642266, -8.070059235999963, 0.0 ], [ 112.341648939000038, -8.070007749999945, 0.0 ], [ 112.341526167000097, -8.070071991999953, 0.0 ], [ 112.34127632000002, -8.070001658999956, 0.0 ], [ 112.341049405000035, -8.070020353999951, 0.0 ], [ 112.340881144000036, -8.069776980999961, 0.0 ], [ 112.340735581000104, -8.070030211999949, 0.0 ], [ 112.340172190000089, -8.071010327999943, 0.0 ], [ 112.340075081, -8.071449628999972, 0.0 ], [ 112.340075, -8.07145, 0.0 ], [ 112.34007019, -8.071449985999948, 0.0 ], [ 112.338205470000048, -8.071444594999946, 0.0 ], [ 112.338084970000068, -8.071444246999931, 0.0 ], [ 112.338204335000114, -8.071859462999953, 0.0 ], [ 112.338251691000096, -8.072024402999944, 0.0 ], [ 112.338275427000099, -8.072102622999978, 0.0 ], [ 112.338344213000028, -8.072329298999932, 0.0 ], [ 112.338346348000073, -8.072336334999932, 0.0 ], [ 112.338390447000052, -8.072605366999937, 0.0 ], [ 112.338391275000049, -8.072856593999973, 0.0 ], [ 112.338398930000039, -8.072971571999972, 0.0 ], [ 112.338409322000075, -8.073127647999968, 0.0 ], [ 112.338417794000065, -8.073254886999962, 0.0 ], [ 112.338249184, -8.07323955399994, 0.0 ], [ 112.338048589000095, -8.07322131199993, 0.0 ], [ 112.337627018000035, -8.073182973999963, 0.0 ], [ 112.337392093000062, -8.073161609999943, 0.0 ], [ 112.337336886000116, -8.07300747599993, 0.0 ], [ 112.33719411800007, -8.07286470899993, 0.0 ], [ 112.337051350000024, -8.07300747599993, 0.0 ], [ 112.336968069000022, -8.073364394999942, 0.0 ], [ 112.336906310000018, -8.073605363999945, 0.0 ], [ 112.336801485000024, -8.073796953999931, 0.0 ], [ 112.336723907000078, -8.073938743999975, 0.0 ], [ 112.336722866000059, -8.073956850999934, 0.0 ], [ 112.336716418000037, -8.074068968999939, 0.0 ], [ 112.336683030000017, -8.074649500999953, 0.0 ], [ 112.336618888000089, -8.074872777999929, 0.0 ], [ 112.336540614000114, -8.075145247999956, 0.0 ], [ 112.336484735000113, -8.07528943799997, 0.0 ], [ 112.336401351000063, -8.075504603999946, 0.0 ], [ 112.33614551800008, -8.075458781999941, 0.0 ], [ 112.336137808000103, -8.075304479999943, 0.0 ], [ 112.336123297000086, -8.075272224999935, 0.0 ], [ 112.336097996000035, -8.07524359699994, 0.0 ], [ 112.336022242000013, -8.075204364999934, 0.0 ], [ 112.33591415, -8.075186772999928, 0.0 ], [ 112.335885307000012, -8.075176099999965, 0.0 ], [ 112.335806022000043, -8.07515841299994, 0.0 ], [ 112.335780755000087, -8.075140551999937, 0.0 ], [ 112.335773458000062, -8.075111862999961, 0.0 ], [ 112.335827228000085, -8.075036318999935, 0.0 ], [ 112.335870205000106, -8.074964397999963, 0.0 ], [ 112.335877111000059, -8.074874650999959, 0.0 ], [ 112.335826520000069, -8.074820980999959, 0.0 ], [ 112.335765171000048, -8.074781701999939, 0.0 ], [ 112.33566066800006, -8.07476050799994, 0.0 ], [ 112.335149087000104, -8.074693986999932, 0.0 ], [ 112.335094986000058, -8.074669040999936, 0.0 ], [ 112.335048032000032, -8.074626125999941, 0.0 ], [ 112.334946869000078, -8.074525962999928, 0.0 ], [ 112.33490689100006, -8.07441483499997, 0.0 ], [ 112.334917436000069, -8.074335840999936, 0.0 ], [ 112.334963921000053, -8.074235198999929, 0.0 ], [ 112.33503100900009, -8.07382942199996, 0.0 ], [ 112.335027124000021, -8.073743298999943, 0.0 ], [ 112.33500154, -8.073628533999965, 0.0 ], [ 112.334990478, -8.073549611999965, 0.0 ], [ 112.334993784000062, -8.073459874999969, 0.0 ], [ 112.33501513200008, -8.073380847999942, 0.0 ], [ 112.33504012700007, -8.073316163999948, 0.0 ], [ 112.335047117000045, -8.073251539999944, 0.0 ], [ 112.335046917000113, -8.073190526999952, 0.0 ], [ 112.335007129000019, -8.073136821999981, 0.0 ], [ 112.334956500000089, -8.073072384999932, 0.0 ], [ 112.3347796810001, -8.07296170199993, 0.0 ], [ 112.334685957000033, -8.072933295999974, 0.0 ], [ 112.334620915000073, -8.07286531699998, 0.0 ], [ 112.334580948000053, -8.072757776999936, 0.0 ], [ 112.334541066000043, -8.072675359999948, 0.0 ], [ 112.334490275, -8.072560676999956, 0.0 ], [ 112.334421582, -8.072478353999941, 0.0 ], [ 112.334324186000117, -8.072428424999941, 0.0 ], [ 112.333978659000081, -8.072483385999931, 0.0 ], [ 112.333740763000037, -8.072415970999941, 0.0 ], [ 112.333596578000083, -8.072373371999959, 0.0 ], [ 112.332663411000112, -8.072229260999961, 0.0 ], [ 112.332856082000035, -8.071683105999966, 0.0 ], [ 112.332949099000075, -8.071496173999947, 0.0 ], [ 112.332992076000096, -8.071424253999965, 0.0 ], [ 112.33302423900011, -8.071348780999926, 0.0 ], [ 112.3330456220001, -8.07128051899997, 0.0 ], [ 112.333271055000068, -8.070841925999957, 0.0 ], [ 112.333317538000074, -8.070741281999972, 0.0 ], [ 112.333356846000015, -8.070647839999936, 0.0 ], [ 112.333428572000116, -8.070557881999946, 0.0 ], [ 112.333507491000091, -8.070464308999931, 0.0 ], [ 112.333554081000102, -8.070395966999968, 0.0 ], [ 112.333589846000109, -8.070320480999953, 0.0 ], [ 112.333625597000037, -8.070241406999969, 0.0 ], [ 112.333668492000015, -8.07014436399993, 0.0 ], [ 112.333070172000021, -8.069981217999953, 0.0 ], [ 112.333109006000086, -8.069744216999936, 0.0 ], [ 112.333176639000044, -8.069503532999931, 0.0 ], [ 112.333319540000048, -8.069154933999926, 0.0 ], [ 112.333501489000014, -8.06863393499998, 0.0 ], [ 112.333497606000037, -8.068547810999974, 0.0 ], [ 112.333479271000101, -8.068447379999952, 0.0 ], [ 112.333432057000095, -8.068325505999951, 0.0 ], [ 112.333402896000052, -8.068217930999936, 0.0 ], [ 112.333402531000047, -8.068106672999932, 0.0 ], [ 112.333581361000029, -8.067732833999969, 0.0 ], [ 112.333645297000089, -8.067463449999934, 0.0 ], [ 112.333712682000055, -8.067147396999928, 0.0 ], [ 112.333798530000081, -8.066971254999942, 0.0 ], [ 112.333866099000034, -8.066711430999931, 0.0 ], [ 112.333960735, -8.066286422999951, 0.0 ], [ 112.33412123200003, -8.065813347999949, 0.0 ], [ 112.334150241000088, -8.065508187999967, 0.0 ], [ 112.334161675000018, -8.065334681999957, 0.0 ], [ 112.334164000000101, -8.065128305999963, 0.0 ], [ 112.334166706000019, -8.065038571999935, 0.0 ], [ 112.334205522000047, -8.064978628999938, 0.0 ], [ 112.334256418000109, -8.064942572999939, 0.0 ], [ 112.334295292000093, -8.064900574999967, 0.0 ], [ 112.334319163000032, -8.064858624999943, 0.0 ], [ 112.33432489900008, -8.064777853999942, 0.0 ], [ 112.334269952000113, -8.06449390299997, 0.0 ], [ 112.334254614000088, -8.06439226599997, 0.0 ], [ 112.334251133000066, -8.064245725999967, 0.0 ], [ 112.334253761000014, -8.064132063999978, 0.0 ], [ 112.333968455000104, -8.064064203999976, 0.0 ], [ 112.334125304000054, -8.063393745999974, 0.0 ], [ 112.333961009000063, -8.063280411999926, 0.0 ], [ 112.333827544000087, -8.063188345999947, 0.0 ], [ 112.333742815000051, -8.062973280999927, 0.0 ], [ 112.33367915000008, -8.062776092999968, 0.0 ], [ 112.333669481000015, -8.062572746999933, 0.0 ], [ 112.33373176300006, -8.062348231999977, 0.0 ], [ 112.334191653000062, -8.061681043999954, 0.0 ], [ 112.334199509000086, -8.061671384999954, 0.0 ], [ 112.334838103000038, -8.060886266999944, 0.0 ], [ 112.334975582000084, -8.060715339999945, 0.0 ], [ 112.33504421900011, -8.06059847399996, 0.0 ], [ 112.335097890000043, -8.060493618999942, 0.0 ], [ 112.3351542690001, -8.060299030999943, 0.0 ], [ 112.335168900000099, -8.060185331999946, 0.0 ], [ 112.335170461000075, -8.060019606999958, 0.0 ], [ 112.335173352000083, -8.059712763999926, 0.0 ], [ 112.335299, -8.058531, 0.0 ], [ 112.335300216000064, -8.058531008999978, 0.0 ], [ 112.335371891000023, -8.058531556999981, 0.0 ], [ 112.336547002000088, -8.058540539999967, 0.0 ] ] ] ] } }
]
}
