{
"type": "FeatureCollection",
"name": "Wonodadi",
"crs": { "type": "name", "properties": { "name": "urn:ogc:def:crs:OGC:1.3:CRS84" } },
"features": [
{ "type": "Feature", "properties": { "OBJECTID": 116530.0, "KDPPUM": "35", "NAMOBJ": "Tawangrejo", "REMARK": "-", "KDPBPS": null, "FCODE": "BA03070040", "LUASWH": 0.0, "UUPP": "Hasil Sinkronisasi Data Pemda Tahun 2019", "SRS_ID": "SRGI 2013", "METADATA": "TASWIL1000020200326DATA_BATAS_DESA_KELURAHAN", "KDEBPS": null, "KDEPUM": "35.05.01.2006", "KDCBPS": null, "KDCPUM": "35.05.01", "KDBBPS": null, "WADMKD": "Tawangrejo", "WIADKD": "0", "WADMKC": "Wonodadi", "WIADKC": null, "WADMKK": "Blitar", "WIADKK": null, "WADMPR": "Jawa Timur", "WIADPR": null, "TIPADM": 1.0, "KDPKAB": "35.05", "SHAPE_Leng": 0.121642083868024, "SHAPE_Area": 0.000334363566049 }, "geometry": { "type": "MultiPolygon", "coordinates": [ [ [ [ 112.0230066950000491, -8.0358253989999753, 0.0 ], [ 112.0230748050000784, -8.0358867419999456, 0.0 ], [ 112.0231112940000457, -8.0360768889999576, 0.0 ], [ 112.0231956580000769, -8.0366904669999712, 0.0 ], [ 112.0232507730000862, -8.0371282369999335, 0.0 ], [ 112.0233238310000843, -8.0375408359999483, 0.0 ], [ 112.0242460790000223, -8.0376749369999629, 0.0 ], [ 112.0243290230000639, -8.0377213919999804, 0.0 ], [ 112.0242796420000104, -8.0381342959999529, 0.0 ], [ 112.0244057380000413, -8.0381555179999395, 0.0 ], [ 112.0243490190000557, -8.0385145999999281, 0.0 ], [ 112.024317644000007, -8.0389274589999786, 0.0 ], [ 112.0242644720000271, -8.0392649949999395, 0.0 ], [ 112.0242933900000253, -8.0393079959999341, 0.0 ], [ 112.0243799270000409, -8.0393508529999735, 0.0 ], [ 112.0248409440000614, -8.0393748289999394, 0.0 ], [ 112.0248355260000608, -8.0400855439999646, 0.0 ], [ 112.0248179610000534, -8.040261467999926, 0.0 ], [ 112.0248289810000415, -8.0403475859999389, 0.0 ], [ 112.0248543610000524, -8.0404157209999312, 0.0 ], [ 112.0249876960000393, -8.0404512829999817, 0.0 ], [ 112.0249637820000999, -8.0410702519999404, 0.0 ], [ 112.024607845000105, -8.041055010999969, 0.0 ], [ 112.0240701110000145, -8.0410754949999728, 0.0 ], [ 112.023484288000077, -8.0410673829999268, 0.0 ], [ 112.0226345190000075, -8.0411173579999513, 0.0 ], [ 112.0217943050000713, -8.0411481629999457, 0.0 ], [ 112.0210885720000533, -8.0411929899999564, 0.0 ], [ 112.020637266000108, -8.0412132549999455, 0.0 ], [ 112.02020995700002, -8.0412286739999672, 0.0 ], [ 112.0198739380000461, -8.0412677949999534, 0.0 ], [ 112.0196002080000426, -8.0412541169999372, 0.0 ], [ 112.0193649520000463, -8.0412642719999781, 0.0 ], [ 112.0192593750000469, -8.0412884629999439, 0.0 ], [ 112.0191969540001082, -8.0412886179999532, 0.0 ], [ 112.0190864330000977, -8.041255390999936, 0.0 ], [ 112.018932697000082, -8.041222270999981, 0.0 ], [ 112.0188173980000101, -8.041198627999961, 0.0 ], [ 112.0187261550000812, -8.0411940679999816, 0.0 ], [ 112.0184668180000926, -8.0411755679999715, 0.0 ], [ 112.0180921950000084, -8.0411382089999393, 0.0 ], [ 112.0179336690000582, -8.0411098869999478, 0.0 ], [ 112.017650265000043, -8.0410675159999414, 0.0 ], [ 112.0172659910000448, -8.0410110369999757, 0.0 ], [ 112.0170642620000763, -8.0409876069999768, 0.0 ], [ 112.0168530260000352, -8.0410024869999575, 0.0 ], [ 112.0166753770000696, -8.0410077119999528, 0.0 ], [ 112.016521760000046, -8.0410224499999572, 0.0 ], [ 112.016262579000113, -8.0410661639999716, 0.0 ], [ 112.0157247710000092, -8.0410579219999363, 0.0 ], [ 112.0152542100000801, -8.0410590849999721, 0.0 ], [ 112.0151965070000415, -8.0410257259999298, 0.0 ], [ 112.0151723920000677, -8.0409827129999485, 0.0 ], [ 112.0151528880001024, -8.0408631139999329, 0.0 ], [ 112.0151234950000116, -8.0406286789999513, 0.0 ], [ 112.0150895620000711, -8.0404995439999425, 0.0 ], [ 112.0150317990000985, -8.0404422559999489, 0.0 ], [ 112.0149357430000236, -8.0404329219999795, 0.0 ], [ 112.0146956850001061, -8.0404430859999252, 0.0 ], [ 112.0143644910000376, -8.0404917629999773, 0.0 ], [ 112.0141628690000744, -8.0405114039999717, 0.0 ], [ 112.0139900110000326, -8.0405118299999572, 0.0 ], [ 112.0137669130000404, -8.040584168999942, 0.0 ], [ 112.0134383150000303, -8.040711804999944, 0.0 ], [ 112.0132656100000759, -8.0407744479999792, 0.0 ], [ 112.0131840890001058, -8.0408177219999288, 0.0 ], [ 112.0131122780001078, -8.0409040449999338, 0.0 ], [ 112.0129686800000854, -8.0410862619999648, 0.0 ], [ 112.0129015760001039, -8.0411342859999309, 0.0 ], [ 112.0127145260000816, -8.0412208929999451, 0.0 ], [ 112.0125322050000705, -8.0412787729999309, 0.0 ], [ 112.0123451550000482, -8.0413653799999452, 0.0 ], [ 112.01226843500001, -8.0414086419999649, 0.0 ], [ 112.0121772630000123, -8.041432795999981, 0.0 ], [ 112.0118987790000347, -8.041438267999979, 0.0 ], [ 112.0114810710000484, -8.0414536539999517, 0.0 ], [ 112.0112889570000334, -8.041434982999931, 0.0 ], [ 112.0112306620001164, -8.0411623309999527, 0.0 ], [ 112.0111866410001085, -8.0408369999999536, 0.0 ], [ 112.0108744270000898, -8.0407946949999314, 0.0 ], [ 112.0105911300000798, -8.04079539199995, 0.0 ], [ 112.010235855000019, -8.0408154089999471, 0.0 ], [ 112.0100533450000739, -8.0407967139999528, 0.0 ], [ 112.009817910000038, -8.0407350759999758, 0.0 ], [ 112.0096066380000366, -8.0407355949999442, 0.0 ], [ 112.0091312750000725, -8.0407367629999271, 0.0 ], [ 112.0088719620000575, -8.0407278279999446, 0.0 ], [ 112.008535977000065, -8.0407812969999668, 0.0 ], [ 112.0084400150000192, -8.040810247999957, 0.0 ], [ 112.008320174000005, -8.0408919019999416, 0.0 ], [ 112.0082627200000616, -8.0409590459999549, 0.0 ], [ 112.0082581780000055, -8.0410643459999278, 0.0 ], [ 112.0082451090000859, -8.0416051839999341, 0.0 ], [ 112.0078369800000928, -8.0416109709999546, 0.0 ], [ 112.0076833740000666, -8.0416304909999781, 0.0 ], [ 112.007635452000045, -8.041668895999976, 0.0 ], [ 112.0075923790000161, -8.0417264319999617, 0.0 ], [ 112.0074678310000991, -8.0418463849999284, 0.0 ], [ 112.0074390330000824, -8.0418512409999607, 0.0 ], [ 112.0074005130001069, -8.0418082629999503, 0.0 ], [ 112.0073332070001015, -8.041774926999949, 0.0 ], [ 112.0072277240000176, -8.0418374019999419, 0.0 ], [ 112.0072037750001073, -8.0418613899999514, 0.0 ], [ 112.0071269240000902, -8.0418520069999317, 0.0 ], [ 112.0070355630000449, -8.0417995859999678, 0.0 ], [ 112.0069874990000471, -8.0417805599999497, 0.0 ], [ 112.0068915600000992, -8.0418190819999609, 0.0 ], [ 112.0067955860000666, -8.0418432469999743, 0.0 ], [ 112.0067331760000116, -8.0418481859999815, 0.0 ], [ 112.0066564910000579, -8.0419058039999527, 0.0 ], [ 112.006570297000053, -8.0420017329999496, 0.0 ], [ 112.0064744880000944, -8.0420928999999433, 0.0 ], [ 112.0063881880000736, -8.0421457559999681, 0.0 ], [ 112.0062347700001055, -8.0422418499999253, 0.0 ], [ 112.0058604520000927, -8.0423289119999595, 0.0 ], [ 112.0055197460000045, -8.0424158919999513, 0.0 ], [ 112.0055299390000982, -8.04265516199996, 0.0 ], [ 112.0055208310000125, -8.0428561919999311, 0.0 ], [ 112.005564411000023, -8.0430044479999765, 0.0 ], [ 112.0055934810000053, -8.0431096659999639, 0.0 ], [ 112.0055988600000774, -8.0433441619999257, 0.0 ], [ 112.0055760080000482, -8.0438132349999591, 0.0 ], [ 112.0055526950000058, -8.0440956599999254, 0.0 ], [ 112.0055530610001142, -8.0442440219999298, 0.0 ], [ 112.0055389740000464, -8.0443732749999413, 0.0 ], [ 112.0054720920001046, -8.0445122299999525, 0.0 ], [ 112.0053911120000976, -8.0447756519999416, 0.0 ], [ 112.0053391780000993, -8.045134720999954, 0.0 ], [ 112.0052775570001131, -8.0454603129999782, 0.0 ], [ 112.0052586100000553, -8.0455656489999683, 0.0 ], [ 112.0052346130000842, -8.045570492999957, 0.0 ], [ 112.0051385790001177, -8.0455707279999729, 0.0 ], [ 112.0048789560000841, -8.0454373589999477, 0.0 ], [ 112.0046673630000669, -8.0453086569999641, 0.0 ], [ 112.0046335860000681, -8.0452417369999694, 0.0 ], [ 112.0046478500000831, -8.0451842719999718, 0.0 ], [ 112.0046429070000613, -8.0451268529999425, 0.0 ], [ 112.0045852150000201, -8.0450982789999443, 0.0 ], [ 112.0045323970000481, -8.0450984079999444, 0.0 ], [ 112.0044315730000335, -8.0451034409999806, 0.0 ], [ 112.0043355860000247, -8.0451228189999711, 0.0 ], [ 112.0041580990000512, -8.0451950409999426, 0.0 ], [ 112.0040908750000881, -8.0451952059999599, 0.0 ], [ 112.0040523320000148, -8.0451426549999496, 0.0 ], [ 112.0040136830000392, -8.0450470319999567, 0.0 ], [ 112.0039750570000479, -8.044960979999928, 0.0 ], [ 112.003969902000108, -8.0448174159999439, 0.0 ], [ 112.0039169660000198, -8.0447696859999382, 0.0 ], [ 112.0037920150000446, -8.0447269189999702, 0.0 ], [ 112.0033837760000779, -8.0446896289999472, 0.0 ], [ 112.0030429020000611, -8.04470960499998, 0.0 ], [ 112.0028795970000601, -8.044690859999946, 0.0 ], [ 112.0027883060000704, -8.044667153999967, 0.0 ], [ 112.0026585430000523, -8.0446196119999627, 0.0 ], [ 112.0025479860000814, -8.0445720219999544, 0.0 ], [ 112.0023603780000485, -8.044433688999959, 0.0 ], [ 112.0022403480001003, -8.0444387679999636, 0.0 ], [ 112.0021617740001147, -8.0444610949999742, 0.0 ], [ 112.0020039640000959, -8.0444800239999381, 0.0 ], [ 112.001762860000099, -8.0445547949999536, 0.0 ], [ 112.0016836410001133, -8.0445585769999752, 0.0 ], [ 112.0015358120000428, -8.0444871489999628, 0.0 ], [ 112.0014168290000498, -8.0444300089999388, 0.0 ], [ 112.001355563000061, -8.0444122109999512, 0.0 ], [ 112.0012078670000619, -8.0443946239999491, 0.0 ], [ 112.0011177820000512, -8.0443733069999439, 0.0 ], [ 112.0010276360001171, -8.0443268639999701, 0.0 ], [ 112.0009880130000965, -8.0443233709999618, 0.0 ], [ 112.0008727980000458, -8.0443344199999274, 0.0 ], [ 112.0007683970001153, -8.0443490319999569, 0.0 ], [ 112.0006028880001168, -8.0444104559999801, 0.0 ], [ 112.0005092890000924, -8.044425040999954, 0.0 ], [ 112.0004013040000928, -8.0444468409999672, 0.0 ], [ 112.0003365160000612, -8.0444613559999425, 0.0 ], [ 112.000228557000014, -8.0444939239999371, 0.0 ], [ 112.0001854380000168, -8.0445335129999762, 0.0 ], [ 112.0001351520000981, -8.0445874769999364, 0.0 ], [ 112.0000919990000057, -8.0446127079999314, 0.0 ], [ 112.0000200080000923, -8.0446272409999438, 0.0 ], [ 111.9999298440000643, -8.0445736189999479, 0.0 ], [ 111.999872013000072, -8.0444876129999443, 0.0 ], [ 111.9997888580000449, -8.0443550069999787, 0.0 ], [ 111.9997239120000359, -8.0443049129999622, 0.0 ], [ 111.9996410380000498, -8.0442871679999257, 0.0 ], [ 111.9995978230000446, -8.0442872729999522, 0.0 ], [ 111.9995546690000765, -8.0443125039999472, 0.0 ], [ 111.9995151610000335, -8.0443556729999273, 0.0 ], [ 111.9994685640000398, -8.0444455219999327, 0.0 ], [ 111.9994506360000628, -8.0444778709999696, 0.0 ], [ 111.9994146680000426, -8.0444959049999625, 0.0 ], [ 111.9993137260000822, -8.0444530779999468, 0.0 ], [ 111.999184054000068, -8.044442624999931, 0.0 ], [ 111.9991192480000564, -8.0444499609999411, 0.0 ], [ 111.9990508940000495, -8.044478842999979, 0.0 ], [ 111.9989321050000513, -8.0445006689999445, 0.0 ], [ 111.998860114000081, -8.0445152009999674, 0.0 ], [ 111.9987772850000738, -8.0445154029999344, 0.0 ], [ 111.9986475420000716, -8.0444762349999337, 0.0 ], [ 111.9985574570000608, -8.0444549169999391, 0.0 ], [ 111.9984853970000813, -8.0444407349999665, 0.0 ], [ 111.9984169900000666, -8.0444480799999383, 0.0 ], [ 111.9983198870000365, -8.044502156999954, 0.0 ], [ 111.9982515500000773, -8.0445382169999675, 0.0 ], [ 111.9981832050000889, -8.0445706879999648, 0.0 ], [ 111.9979741810000746, -8.0445101759999602, 0.0 ], [ 111.9979020420000779, -8.0444636889999401, 0.0 ], [ 111.9978586950000476, -8.0444099529999562, 0.0 ], [ 111.9978261160000557, -8.0443418329999758, 0.0 ], [ 111.9977646220000338, -8.0442307099999653, 0.0 ], [ 111.9977104370000802, -8.0441626419999466, 0.0 ], [ 111.9976851660000534, -8.0441375779999476, 0.0 ], [ 111.9976203260000602, -8.0441305559999705, 0.0 ], [ 111.9975339300000883, -8.0441451239999537, 0.0 ], [ 111.997389852000083, -8.0441347059999657, 0.0 ], [ 111.9973501860000624, -8.0441132649999645, 0.0 ], [ 111.997194989000036, -8.0439736539999558, 0.0 ], [ 111.9970003090000432, -8.0438879809999548, 0.0 ], [ 111.9969498300000623, -8.0438629769999466, 0.0 ], [ 111.9968740630000639, -8.0438057299999741, 0.0 ], [ 111.9968523500000401, -8.0437627099999531, 0.0 ], [ 111.9968702070000859, -8.0437016459999313, 0.0 ], [ 111.996888029000047, -8.0436262249999686, 0.0 ], [ 111.9968878540000787, -8.0435544369999548, 0.0 ], [ 111.9968588770000792, -8.0434863079999559, 0.0 ], [ 111.996815548000086, -8.0434397509999371, 0.0 ], [ 111.9966244170000778, -8.0433325309999759, 0.0 ], [ 111.9965702060000581, -8.0432536959999652, 0.0 ], [ 111.9965412030000493, -8.0431747979999386, 0.0 ], [ 111.9965767950000668, -8.0430024199999366, 0.0 ], [ 111.9965946870000835, -8.0429557139999588, 0.0 ], [ 111.9966232690000538, -8.0428623189999371, 0.0 ], [ 111.9966121940000789, -8.0427510739999661, 0.0 ], [ 111.9965688120000777, -8.0426829799999382, 0.0 ], [ 111.9964604670000767, -8.0425576129999286, 0.0 ], [ 111.9963375420000489, -8.0423604919999434, 0.0 ], [ 111.9961821360000727, -8.0421347349999337, 0.0 ], [ 111.9960845510000809, -8.0419913939999788, 0.0 ], [ 111.9959835760000715, -8.0419342079999296, 0.0 ], [ 111.9959150910000858, -8.0419092479999676, 0.0 ], [ 111.9958430220000878, -8.0418914759999325, 0.0 ], [ 111.9956917690000751, -8.0418918419999272, 0.0 ], [ 111.9955909860000816, -8.0419136229999708, 0.0 ], [ 111.9955226320000747, -8.0419425039999624, 0.0 ], [ 111.9954506770000648, -8.0419713939999724, 0.0 ], [ 111.9953245800000445, -8.0419501629999672, 0.0 ], [ 111.9952921070000684, -8.041925115999959, 0.0 ], [ 111.9952739520000478, -8.0418641389999266, 0.0 ], [ 111.9952485070000421, -8.0417672859999811, 0.0 ], [ 111.9952482090000672, -8.0416452459999732, 0.0 ], [ 111.9952551760000574, -8.0415483149999432, 0.0 ], [ 111.9952621940000768, -8.0414729199999329, 0.0 ], [ 111.9952042860000461, -8.0413546089999386, 0.0 ], [ 111.9951248040000564, -8.04125070799995, 0.0 ], [ 111.9949154680000447, -8.0410609749999367, 0.0 ], [ 111.9947674750000601, -8.0409213449999584, 0.0 ], [ 111.9945293640000727, -8.0407460399999309, 0.0 ], [ 111.9942552230000388, -8.0405636419999382, 0.0 ], [ 111.9941289430000779, -8.0404670329999703, 0.0 ], [ 111.9939665370000625, -8.0403238489999467, 0.0 ], [ 111.9937282870000672, -8.0400911119999705, 0.0 ], [ 111.9935479360000841, -8.039973095999926, 0.0 ], [ 111.993450431000042, -8.0398620599999617, 0.0 ], [ 111.9934214640000505, -8.0397975199999792, 0.0 ], [ 111.9933997080000836, -8.0397365519999653, 0.0 ], [ 111.9933524640000542, -8.0395607839999457, 0.0 ], [ 111.9932512980000752, -8.0394246299999281, 0.0 ], [ 111.9931935640000802, -8.0393781069999477, 0.0 ], [ 111.9931286460000592, -8.03933878, 0.0 ], [ 111.992952037000066, -8.0392781869999794, 0.0 ], [ 111.9928583690000892, -8.0392640549999328, 0.0 ], [ 111.9928006970000638, -8.0392426579999778, 0.0 ], [ 111.9927645540000753, -8.0391889039999569, 0.0 ], [ 111.9927462330000481, -8.039059727999927, 0.0 ], [ 111.992720562000045, -8.0388695499999585, 0.0 ], [ 111.9924533030000475, -8.0385543259999395, 0.0 ], [ 111.9922979610000766, -8.0383536919999301, 0.0 ], [ 111.9922005360000412, -8.038274959999967, 0.0 ], [ 111.9920996140000398, -8.0382393089999482, 0.0 ], [ 111.9920058690000815, -8.0381928729999572, 0.0 ], [ 111.991613012000073, -8.0380610119999574, 0.0 ], [ 111.9914147700000626, -8.0379897009999581, 0.0 ], [ 111.9912417370000526, -8.0379183299999681, 0.0 ], [ 111.9911010880000504, -8.0378361119999795, 0.0 ], [ 111.9910613880000483, -8.0378003129999342, 0.0 ], [ 111.9909459910000464, -8.0377359819999583, 0.0 ], [ 111.9909026630000426, -8.0376894229999607, 0.0 ], [ 111.9908484970000586, -8.037628533999964, 0.0 ], [ 111.9908086400000684, -8.0375281249999375, 0.0 ], [ 111.9907976620000341, -8.0374563629999329, 0.0 ], [ 111.9908263580000494, -8.0374096309999459, 0.0 ], [ 111.9909379440000521, -8.0373878259999287, 0.0 ], [ 111.9910063330000867, -8.0373733029999812, 0.0 ], [ 111.9909987210000395, -8.0372046179999757, 0.0 ], [ 111.9909841850000589, -8.0371508119999362, 0.0 ], [ 111.9909445190000383, -8.037129370999935, 0.0 ], [ 111.990850870000088, -8.0371224169999778, 0.0 ], [ 111.990678090000074, -8.0371551389999354, 0.0 ], [ 111.9905844670000761, -8.0371589539999491, 0.0 ], [ 111.9904908170000795, -8.0371520009999813, 0.0 ], [ 111.990411477000066, -8.0371055289999731, 0.0 ], [ 111.9903753520000578, -8.0370589529999279, 0.0 ], [ 111.9903896170000621, -8.0370014879999303, 0.0 ], [ 111.9904145910000466, -8.0369045129999677, 0.0 ], [ 111.9904248290000623, -8.0366711749999808, 0.0 ], [ 111.990399481000054, -8.0366138049999449, 0.0 ], [ 111.9902948190000416, -8.0365207319999286, 0.0 ], [ 111.9902191500000868, -8.0365029669999331, 0.0 ], [ 111.9901290760000734, -8.0364852369999653, 0.0 ], [ 111.9900390280000693, -8.036478274999979, 0.0 ], [ 111.9899633770000378, -8.0364676889999487, 0.0 ], [ 111.9898769470000843, -8.0364678969999659, 0.0 ], [ 111.989733003000083, -8.0365113159999737, 0.0 ], [ 111.9896250010000358, -8.0365259339999398, 0.0 ], [ 111.9895277770000348, -8.0365297579999719, 0.0 ], [ 111.9894233150000673, -8.0365192409999509, 0.0 ], [ 111.9893115990000751, -8.0364872049999576, 0.0 ], [ 111.9891925850000689, -8.0364157019999425, 0.0 ], [ 111.9890518070000667, -8.036279641999954, 0.0 ], [ 111.9889578370000436, -8.0361398799999506, 0.0 ], [ 111.9889071940000349, -8.0360466769999448, 0.0 ], [ 111.9888782450000804, -8.035989314999938, 0.0 ], [ 111.9888205120000748, -8.0359427909999681, 0.0 ], [ 111.988737641000057, -8.0359250439999528, 0.0 ], [ 111.9884563730000764, -8.0357713739999781, 0.0 ], [ 111.9887128890000554, -8.0346257259999447, 0.0 ], [ 111.9888268330000756, -8.0340906259999656, 0.0 ], [ 111.9885055980000743, -8.0339390869999647, 0.0 ], [ 111.9885316580000563, -8.0336462449999431, 0.0 ], [ 111.9885812930000384, -8.0333230769999773, 0.0 ], [ 111.9886388950000651, -8.0333157589999473, 0.0 ], [ 111.9892586130000609, -8.0334434889999784, 0.0 ], [ 111.9896907910000436, -8.0334568069999364, 0.0 ], [ 111.9898052810000877, -8.0331478399999696, 0.0 ], [ 111.9899132300000701, -8.033111685999927, 0.0 ], [ 111.9899197020000656, -8.0328101569999717, 0.0 ], [ 111.9900852700000655, -8.0327738639999779, 0.0 ], [ 111.9901565980000555, -8.0324865379999437, 0.0 ], [ 111.9902142340000637, -8.0324935779999578, 0.0 ], [ 111.9902498460000402, -8.0323283779999315, 0.0 ], [ 111.9909057660000826, -8.0325349859999733, 0.0 ], [ 111.9911148090000665, -8.0326062709999633, 0.0 ], [ 111.991172410000047, -8.0325989529999333, 0.0 ], [ 111.9913150470000573, -8.0320171209999671, 0.0 ], [ 111.9914291700000604, -8.0315573979999613, 0.0 ], [ 111.9919407460000684, -8.0316423109999278, 0.0 ], [ 111.9920261640000376, -8.0312257309999495, 0.0 ], [ 111.9920972810000421, -8.0308522579999249, 0.0 ], [ 111.9923032040000521, -8.0296385319999786, 0.0 ], [ 111.9924455600000783, -8.0289418379999802, 0.0 ], [ 111.9931370680000668, -8.028976064999938, 0.0 ], [ 111.9934035530000642, -8.0289754209999273, 0.0 ], [ 111.9934532890000582, -8.0286953249999442, 0.0 ], [ 111.9934524860000806, -8.0283650989999273, 0.0 ], [ 111.9934726980000619, -8.027790740999933, 0.0 ], [ 111.993484416000058, -8.0266851669999255, 0.0 ], [ 111.9935012160000838, -8.0256944419999741, 0.0 ], [ 111.9931506140000579, -8.0256570009999564, 0.0 ], [ 111.9931409520000329, -8.0256330949999324, 0.0 ], [ 111.9932486790000894, -8.0245177169999806, 0.0 ], [ 111.9931553200000849, -8.0244211399999585, 0.0 ], [ 111.9933557790000691, -8.0237942989999738, 0.0 ], [ 111.9938700000000722, -8.0237099999999373, 0.0 ], [ 111.9940277550000474, -8.0236792189999733, 0.0 ], [ 111.9943396830000779, -8.0237590219999788, 0.0 ], [ 111.9943995680000626, -8.0237038389999498, 0.0 ], [ 111.9944065220000766, -8.0235886369999321, 0.0 ], [ 111.9948000000000548, -8.0234599999999432, 0.0 ], [ 111.9953000000000429, -8.0230399999999804, 0.0 ], [ 111.9961599990000423, -8.0225399999999354, 0.0 ], [ 111.9968600000000833, -8.0222399999999539, 0.0 ], [ 111.997630000000072, -8.0220899999999347, 0.0 ], [ 111.9981699990000834, -8.0220699999999283, 0.0 ], [ 111.9989499990000468, -8.0219899999999598, 0.0 ], [ 111.9990098970000645, -8.021987147999937, 0.0 ], [ 111.9989447190000647, -8.0226411369999369, 0.0 ], [ 111.998819041000047, -8.0242638639999768, 0.0 ], [ 111.998798574000034, -8.0247305399999505, 0.0 ], [ 111.9987710620000598, -8.0252618419999635, 0.0 ], [ 111.998794124000085, -8.0258576309999512, 0.0 ], [ 111.9988384420000784, -8.0263097919999495, 0.0 ], [ 111.9988459240000793, -8.0264246359999447, 0.0 ], [ 111.9988469240000768, -8.0268338279999512, 0.0 ], [ 111.9987412400000721, -8.0277960509999389, 0.0 ], [ 111.9990079160000391, -8.0278743719999284, 0.0 ], [ 111.9989658780000354, -8.0283554569999751, 0.0 ], [ 111.9989666670000474, -8.02867850399997, 0.0 ], [ 111.9989174260000482, -8.02915960699994, 0.0 ], [ 111.9989321990000803, -8.0293103269999619, 0.0 ], [ 111.9988973980000537, -8.0298057529999483, 0.0 ], [ 111.9988838360000614, -8.0301503709999338, 0.0 ], [ 111.999517709000088, -8.030177546999937, 0.0 ], [ 112.0000291080000352, -8.0301906619999386, 0.0 ], [ 111.9998364020000849, -8.0309090159999528, 0.0 ], [ 112.0002833140000575, -8.0310586849999481, 0.0 ], [ 112.0008527550000963, -8.0312439499999755, 0.0 ], [ 112.0010313010000118, -8.0306261349999772, 0.0 ], [ 112.0010887440000715, -8.0305542059999766, 0.0 ], [ 112.0015067590001081, -8.0306680509999637, 0.0 ], [ 112.0027824840000221, -8.0310382429999549, 0.0 ], [ 112.0032077200000913, -8.0311592469999482, 0.0 ], [ 112.0033301950001032, -8.031173305999971, 0.0 ], [ 112.0034021650000113, -8.0311515939999367, 0.0 ], [ 112.003466228000093, -8.0308427469999515, 0.0 ], [ 112.0035728880000079, -8.0302825369999482, 0.0 ], [ 112.0045236090001026, -8.0302873959999488, 0.0 ], [ 112.0049631260000069, -8.0303581109999413, 0.0 ], [ 112.0049565770000299, -8.0306237439999677, 0.0 ], [ 112.00490038800001, -8.0312053679999735, 0.0 ], [ 112.0047875010000098, -8.0321616259999473, 0.0 ], [ 112.0046814520001135, -8.0329695049999259, 0.0 ], [ 112.0046463520000088, -8.0333404979999727, 0.0 ], [ 112.0044980380000652, -8.034046779999926, 0.0 ], [ 112.0044803410000895, -8.0341724529999397, 0.0 ], [ 112.0045044820000157, -8.0342262349999487, 0.0 ], [ 112.0047266430000263, -8.0342615869999463, 0.0 ], [ 112.0054233870000644, -8.0344692669999631, 0.0 ], [ 112.0058438490000299, -8.034599850999939, 0.0 ], [ 112.0062042330000622, -8.0347066519999544, 0.0 ], [ 112.0065406390000362, -8.0348254759999804, 0.0 ], [ 112.0068651140001066, -8.0349742399999, 0.0 ], [ 112.0071535040000299, -8.0350931809999793, 0.0 ], [ 112.0076580840000133, -8.0352594519999343, 0.0 ], [ 112.0076888460000646, -8.0355644769999799, 0.0 ], [ 112.0077009980000184, -8.0356242709999606, 0.0 ], [ 112.0077431740000975, -8.0356899729999327, 0.0 ], [ 112.0078454140000304, -8.0357734759999744, 0.0 ], [ 112.0081818800000519, -8.0359162269999729, 0.0 ], [ 112.0084162830000878, -8.0360472649999792, 0.0 ], [ 112.0086747080000578, -8.0361842249999427, 0.0 ], [ 112.0087101880000091, -8.0359687729999791, 0.0 ], [ 112.0092745380001134, -8.0360331939999696, 0.0 ], [ 112.0097728960000723, -8.0361097409999616, 0.0 ], [ 112.010295291000034, -8.0361981929999615, 0.0 ], [ 112.0103185590000976, -8.0358990179999523, 0.0 ], [ 112.0110090540000556, -8.036005002999957, 0.0 ], [ 112.0110257270000602, -8.0354665499999669, 0.0 ], [ 112.0110433630001125, -8.0353169479999451, 0.0 ], [ 112.0114994840000691, -8.0353038609999317, 0.0 ], [ 112.0122019820000787, -8.03540981499998, 0.0 ], [ 112.0122494640000923, -8.0351943329999358, 0.0 ], [ 112.0122851500000252, -8.035062633999928, 0.0 ], [ 112.0123631750000186, -8.0350624409999796, 0.0 ], [ 112.0129515610000226, -8.0351387629999635, 0.0 ], [ 112.0135339450000629, -8.03521509899997, 0.0 ], [ 112.0135107690000495, -8.0355501679999293, 0.0 ], [ 112.0137748850000889, -8.0355614809999452, 0.0 ], [ 112.014440941000089, -8.0354940329999636, 0.0 ], [ 112.0151489510000147, -8.035402549999958, 0.0 ], [ 112.0155328840000948, -8.0353238309999711, 0.0 ], [ 112.0160609230000546, -8.035268685999938, 0.0 ], [ 112.0167388920000349, -8.035165309999968, 0.0 ], [ 112.0176928620001036, -8.0350253559999487, 0.0 ], [ 112.0181728550001026, -8.0349583619999407, 0.0 ], [ 112.0185389590000113, -8.0349514729999783, 0.0 ], [ 112.0186710170000879, -8.0349571279999736, 0.0 ], [ 112.0188631990000658, -8.0350045109999542, 0.0 ], [ 112.0189892400001099, -8.0350041989999568, 0.0 ], [ 112.0190792100000863, -8.0349800459999301, 0.0 ], [ 112.0192052060000378, -8.0349617869999292, 0.0 ], [ 112.0193314120000423, -8.0350272799999516, 0.0 ], [ 112.0194214410000768, -8.0350270569999793, 0.0 ], [ 112.0196974410000621, -8.0349904779999406, 0.0 ], [ 112.0199434020000808, -8.034942009999952, 0.0 ], [ 112.0204054330000645, -8.0348930049999581, 0.0 ], [ 112.0207353760000615, -8.03482638, 0.0 ], [ 112.0211911510000391, -8.0346756899999718, 0.0 ], [ 112.0215988640001115, -8.0345071719999623, 0.0 ], [ 112.0216828320000104, -8.0344830339999476, 0.0 ], [ 112.0217309220000743, -8.0345128259999683, 0.0 ], [ 112.0218528610000703, -8.0352722799999583, 0.0 ], [ 112.0219265610001003, -8.0359421189999694, 0.0 ], [ 112.0219926870000791, -8.0359838309999532, 0.0 ], [ 112.0221549500000719, -8.036067179999975, 0.0 ], [ 112.0222089830000414, -8.0360730279999757, 0.0 ], [ 112.022359032000054, -8.0360726549999413, 0.0 ], [ 112.0225028850001081, -8.0359945269999571, 0.0 ], [ 112.022778684000059, -8.0358777839999789, 0.0 ], [ 112.0230066950000491, -8.0358253989999753, 0.0 ] ] ] ] } },
{ "type": "Feature", "properties": { "OBJECTID": 116533.0, "KDPPUM": "35", "NAMOBJ": "Jaten", "REMARK": "-", "KDPBPS": null, "FCODE": "BA03070040", "LUASWH": 0.0, "UUPP": "Hasil Sinkronisasi Data Pemda Tahun 2019", "SRS_ID": "SRGI 2013", "METADATA": "TASWIL1000020200326DATA_BATAS_DESA_KELURAHAN", "KDEBPS": null, "KDEPUM": "35.05.01.2001", "KDCBPS": null, "KDCPUM": "35.05.01", "KDBBPS": null, "WADMKD": "Jaten", "WIADKD": "0", "WADMKC": "Wonodadi", "WIADKC": null, "WADMKK": "Blitar", "WIADKK": null, "WADMPR": "Jawa Timur", "WIADPR": null, "TIPADM": 1.0, "KDPKAB": "35.05", "SHAPE_Leng": 0.094385684870735995, "SHAPE_Area": 0.00013315859170699999 }, "geometry": { "type": "MultiPolygon", "coordinates": [ [ [ [ 111.9573409040000342, -7.9981474859999366, 0.0 ], [ 111.9574479800000404, -7.9982069719999345, 0.0 ], [ 111.9574779150000836, -7.9982069719999345, 0.0 ], [ 111.957525313000076, -7.9982069719999345, 0.0 ], [ 111.9576026450000654, -7.9980463589999431, 0.0 ], [ 111.957631233000086, -7.99799490099997, 0.0 ], [ 111.9576621320000527, -7.9979392829999369, 0.0 ], [ 111.9580963830000542, -7.9980166159999726, 0.0 ], [ 111.9584652000000347, -7.9980582559999789, 0.0 ], [ 111.9588399650000383, -7.9981058449999409, 0.0 ], [ 111.9590660140000864, -7.9981474859999366, 0.0 ], [ 111.9593218060000481, -7.998177228999964, 0.0 ], [ 111.959619238000073, -7.9982010239999681, 0.0 ], [ 111.9599761570000851, -7.998224817999926, 0.0 ], [ 111.9603449740000656, -7.9983080999999743, 0.0 ], [ 111.9608506090000333, -7.9983913809999763, 0.0 ], [ 111.9612789120000684, -7.9984865589999572, 0.0 ], [ 111.9615941910000743, -7.9985519939999676, 0.0 ], [ 111.9616655750000405, -7.9989386569999397, 0.0 ], [ 111.9617250610000383, -7.9994621379999558, 0.0 ], [ 111.9617131640000594, -7.9998369029999594, 0.0 ], [ 111.9617012670000804, -8.0003782309999565, 0.0 ], [ 111.9616488800000411, -8.0007396959999255, 0.0 ], [ 111.9616417800000363, -8.0007886879999432, 0.0 ], [ 111.9616417800000363, -8.0009493009999346, 0.0 ], [ 111.9617408230000706, -8.0011473879999357, 0.0 ], [ 111.9617726500000572, -8.0012110419999658, 0.0 ], [ 111.9618440340000802, -8.0014549369999486, 0.0 ], [ 111.9618517430000679, -8.0015108269999473, 0.0 ], [ 111.9618678290000844, -8.0016274479999652, 0.0 ], [ 111.9620222670000658, -8.0019006849999528, 0.0 ], [ 111.962099826000042, -8.0020379049999519, 0.0 ], [ 111.9624741990000416, -8.0027093999999579, 0.0 ], [ 111.9624745910000456, -8.0027101019999805, 0.0 ], [ 111.9628498520000335, -8.0032757129999368, 0.0 ], [ 111.9628850480000892, -8.0033287619999669, 0.0 ], [ 111.9630694570000742, -8.0037035269999706, 0.0 ], [ 111.9630721020000692, -8.0037269549999337, 0.0 ], [ 111.9631110970000805, -8.004072343999951, 0.0 ], [ 111.9631884300000593, -8.0042924439999297, 0.0 ], [ 111.9633193000000801, -8.0048873089999688, 0.0 ], [ 111.9633847350000337, -8.0054107909999743, 0.0 ], [ 111.9634263760000863, -8.0058509909999316, 0.0 ], [ 111.9634977600000525, -8.0065291369999727, 0.0 ], [ 111.9635810410000545, -8.0068325189999427, 0.0 ], [ 111.963717860000088, -8.0071358999999802, 0.0 ], [ 111.9638856630000419, -8.0071483299999, 0.0 ], [ 111.9640078350000749, -8.0071573799999669, 0.0 ], [ 111.9640390870000601, -8.0071596949999275, 0.0 ], [ 111.9642651360000514, -8.0072132319999696, 0.0 ], [ 111.9646161060000509, -8.007296513999961, 0.0 ], [ 111.9648595800000521, -8.0073370919999434, 0.0 ], [ 111.9649373340000693, -8.0073500509999462, 0.0 ], [ 111.9653418420000435, -8.007427383999925, 0.0 ], [ 111.9656987610000556, -8.0074987679999481, 0.0 ], [ 111.9661508590000381, -8.0076117919999774, 0.0 ], [ 111.9666327000000479, -8.007712918999971, 0.0 ], [ 111.967072900000062, -8.007831891999956, 0.0 ], [ 111.9671313980000491, -8.0078533989999414, 0.0 ], [ 111.9674774080000361, -8.0079806089999579, 0.0 ], [ 111.9681377090000751, -8.0082732819999478, 0.0 ], [ 111.9685898060000682, -8.0085635769999612, 0.0 ], [ 111.9690085910000334, -8.0087920049999752, 0.0 ], [ 111.9689134130000525, -8.0089300139999295, 0.0 ], [ 111.9687754040000414, -8.0091394059999743, 0.0 ], [ 111.9693893050000497, -8.0093487989999517, 0.0 ], [ 111.9700222420000841, -8.0095486729999266, 0.0 ], [ 111.9702815830000873, -8.0095950819999757, 0.0 ], [ 111.9704743390000772, -8.0096295749999626, 0.0 ], [ 111.9705504820000783, -8.0094392179999545, 0.0 ], [ 111.9706586020000714, -8.0094615879999651, 0.0 ], [ 111.9706884910000326, -8.0094677719999368, 0.0 ], [ 111.9708931240000425, -8.0095391559999598, 0.0 ], [ 111.9711358290000476, -8.0097009589999288, 0.0 ], [ 111.9713309450000338, -8.0097580659999608, 0.0 ], [ 111.9714102940000657, -8.0097801529999515, 0.0 ], [ 111.9717127320000714, -8.0098643369999536, 0.0 ], [ 111.9717925610000862, -8.0098865569999589, 0.0 ], [ 111.971882980000089, -8.00990083399995, 0.0 ], [ 111.9719829180000374, -8.0099722169999268, 0.0 ], [ 111.9720352660000344, -8.0100483599999279, 0.0 ], [ 111.9722874890000526, -8.0100959489999468, 0.0 ], [ 111.9725036850000492, -8.010134983999933, 0.0 ], [ 111.9726301310000736, -8.0101578149999568, 0.0 ], [ 111.9727191110000604, -8.0102003709999394, 0.0 ], [ 111.9728490410000745, -8.0102625119999402, 0.0 ], [ 111.9728062110000337, -8.0104956989999323, 0.0 ], [ 111.9731531850000579, -8.0105617899999402, 0.0 ], [ 111.9731537900000831, -8.0105619049999746, 0.0 ], [ 111.9732059610000761, -8.0105718419999334, 0.0 ], [ 111.973222440000086, -8.0105617419999362, 0.0 ], [ 111.973353487000054, -8.0104814219999412, 0.0 ], [ 111.9735343260000491, -8.0105147349999584, 0.0 ], [ 111.9736018390000822, -8.0104257399999597, 0.0 ], [ 111.973639022000043, -8.0103767259999472, 0.0 ], [ 111.9739150400000653, -8.010457626999937, 0.0 ], [ 111.9742862360000686, -8.0105623239999773, 0.0 ], [ 111.9742001560000517, -8.01102896499998, 0.0 ], [ 111.9741958160000763, -8.0110524929999656, 0.0 ], [ 111.9740054590000682, -8.0118615089999707, 0.0 ], [ 111.9742386470000497, -8.0119376519999719, 0.0 ], [ 111.9743462150000823, -8.0119599079999375, 0.0 ], [ 111.9743766550000714, -8.0119662059999541, 0.0 ], [ 111.9745241820000388, -8.0119662059999541, 0.0 ], [ 111.9746338030000743, -8.0120891139999344, 0.0 ], [ 111.9748382710000669, -8.0123183659999313, 0.0 ], [ 111.9748239940000758, -8.0128941959999338, 0.0 ], [ 111.9748097170000847, -8.0132082839999725, 0.0 ], [ 111.9743861730000845, -8.0131797309999797, 0.0 ], [ 111.9741672630000835, -8.0138126669999679, 0.0 ], [ 111.9740340130000504, -8.0142647649999503, 0.0 ], [ 111.9739245580000784, -8.0145740949999436, 0.0 ], [ 111.9737294420000353, -8.0144931929999643, 0.0 ], [ 111.9735533620000751, -8.0144551219999585, 0.0 ], [ 111.973477219000074, -8.0148215589999268, 0.0 ], [ 111.9734201120000421, -8.0149786029999746, 0.0 ], [ 111.97331065700007, -8.0150023979999787, 0.0 ], [ 111.973291621000044, -8.0152736569999661, 0.0 ], [ 111.9733344510000848, -8.0157352719999722, 0.0 ], [ 111.9732693770000651, -8.015755879999972, 0.0 ], [ 111.9731092330000592, -8.0156591689999459, 0.0 ], [ 111.9723991520000368, -8.0153772769999705, 0.0 ], [ 111.9718657020000592, -8.0151703469999802, 0.0 ], [ 111.9720160520000718, -8.0147930989999736, 0.0 ], [ 111.9716630300000588, -8.0147436789999347, 0.0 ], [ 111.9716873850000525, -8.0143846759999633, 0.0 ], [ 111.9711540220000643, -8.0142136379999442, 0.0 ], [ 111.9709990670000366, -8.0141673399999718, 0.0 ], [ 111.9710617290000414, -8.0137639769999396, 0.0 ], [ 111.971126770000069, -8.0133510359999605, 0.0 ], [ 111.970856167000079, -8.0131303229999276, 0.0 ], [ 111.9708916530000806, -8.0129088889999593, 0.0 ], [ 111.9709687110000687, -8.0125019019999399, 0.0 ], [ 111.9711052190000373, -8.0118554779999727, 0.0 ], [ 111.9712418260000391, -8.0112509299999601, 0.0 ], [ 111.9705307380000363, -8.0110468089999358, 0.0 ], [ 111.9703289220000784, -8.0109802799999557, 0.0 ], [ 111.9701605800000834, -8.0108562419999316, 0.0 ], [ 111.9702558370000816, -8.0105305729999259, 0.0 ], [ 111.9703794020000487, -8.0099942559999704, 0.0 ], [ 111.9704269170000543, -8.0097835629999281, 0.0 ], [ 111.9703884500000868, -8.0097597229999451, 0.0 ], [ 111.9702304700000468, -8.0099563189999685, 0.0 ], [ 111.9700006630000644, -8.0102344439999342, 0.0 ], [ 111.9695825720000357, -8.0100774909999473, 0.0 ], [ 111.9691116210000814, -8.0099015179999355, 0.0 ], [ 111.968664790000048, -8.0097733469999639, 0.0 ], [ 111.9684341110000787, -8.0096829549999597, 0.0 ], [ 111.9682760960000678, -8.0098651919999497, 0.0 ], [ 111.9680703390000645, -8.0101624039999706, 0.0 ], [ 111.9677066240000727, -8.010665782999979, 0.0 ], [ 111.9674245640000549, -8.0111833279999587, 0.0 ], [ 111.9673053430000778, -8.011528195999972, 0.0 ], [ 111.9671958160000713, -8.0119113289999291, 0.0 ], [ 111.9671388540000407, -8.0121890479999252, 0.0 ], [ 111.9670920380000894, -8.0126964679999446, 0.0 ], [ 111.9670546670000704, -8.0131368639999323, 0.0 ], [ 111.9670119400000772, -8.0133427599999436, 0.0 ], [ 111.9669309710000675, -8.0136205349999727, 0.0 ], [ 111.9667735870000342, -8.014070783999955, 0.0 ], [ 111.9667071470000792, -8.0144011699999282, 0.0 ], [ 111.9666259530000616, -8.014583226999946, 0.0 ], [ 111.9666165640000486, -8.0146741819999647, 0.0 ], [ 111.9666510330000619, -8.0150378339999406, 0.0 ], [ 111.9667097000000808, -8.0154827899999646, 0.0 ], [ 111.966768628000068, -8.0160378219999302, 0.0 ], [ 111.9668612110000367, -8.0166119189999563, 0.0 ], [ 111.9665346460000706, -8.016583968999953, 0.0 ], [ 111.9665206370000874, -8.0167515099999491, 0.0 ], [ 111.9665932350000617, -8.0169954239999583, 0.0 ], [ 111.9666705890000458, -8.01722018199996, 0.0 ], [ 111.9666901900000653, -8.017387643999939, 0.0 ], [ 111.9666719790000684, -8.017808850999927, 0.0 ], [ 111.9666824850000353, -8.0181917019999673, 0.0 ], [ 111.9667357870000615, -8.0183973729999707, 0.0 ], [ 111.9667649800000504, -8.0185600269999782, 0.0 ], [ 111.9668711770000868, -8.0187990759999366, 0.0 ], [ 111.966977555000085, -8.0191146989999424, 0.0 ], [ 111.9671082350000688, -8.0195546989999684, 0.0 ], [ 111.9671953510000435, -8.019846437999945, 0.0 ], [ 111.9673643530000504, -8.0202480609999611, 0.0 ], [ 111.9674224450000679, -8.0204489339999441, 0.0 ], [ 111.9675479510000855, -8.0207310109999526, 0.0 ], [ 111.967663888000061, -8.0210274669999535, 0.0 ], [ 111.9677219810000679, -8.0212283409999259, 0.0 ], [ 111.9677415720000795, -8.0213910169999281, 0.0 ], [ 111.9677805610000405, -8.0216350089999651, 0.0 ], [ 111.9679197080000677, -8.0218744099999526, 0.0 ], [ 111.9677738700000873, -8.0219661789999464, 0.0 ], [ 111.9677725840000448, -8.0219669879999742, 0.0 ], [ 111.9676986980000493, -8.0220134799999414, 0.0 ], [ 111.9674381470000526, -8.0221562479999307, 0.0 ], [ 111.9674131630000602, -8.0221455399999, 0.0 ], [ 111.9673953170000686, -8.0221098479999569, 0.0 ], [ 111.9673453480000376, -8.0219706499999575, 0.0 ], [ 111.9672668260000705, -8.0218814199999429, 0.0 ], [ 111.9671240580000813, -8.0218028979999758, 0.0 ], [ 111.9669206140000597, -8.0217457899999545, 0.0 ], [ 111.9668702150000854, -8.0217297049999274, 0.0 ], [ 111.966752862000078, -8.0216922529999692, 0.0 ], [ 111.9666148540000563, -8.021680354999944, 0.0 ], [ 111.9664185480000356, -8.0216744069999777, 0.0 ], [ 111.9662876780000715, -8.0216446629999609, 0.0 ], [ 111.9661389610000697, -8.0215197419999527, 0.0 ], [ 111.9658772210000848, -8.0212936929999614, 0.0 ], [ 111.965803286000039, -8.0211962329999551, 0.0 ], [ 111.965799200000049, -8.0211908469999571, 0.0 ], [ 111.9657463500000745, -8.0211211819999448, 0.0 ], [ 111.9656154800000536, -8.0209010819999662, 0.0 ], [ 111.9655440960000874, -8.0207642629999327, 0.0 ], [ 111.9654548660000728, -8.0206571869999266, 0.0 ], [ 111.9653180470000393, -8.020556059999933, 0.0 ], [ 111.9652645090000647, -8.0204787269999542, 0.0 ], [ 111.9652050230000668, -8.020353805999946, 0.0 ], [ 111.9651931260000879, -8.0202526789999524, 0.0 ], [ 111.9651693310000837, -8.0201812949999294, 0.0 ], [ 111.9651038960000733, -8.0201812949999294, 0.0 ], [ 111.9650087170000461, -8.0202348329999609, 0.0 ], [ 111.9648837960000378, -8.020353805999946, 0.0 ], [ 111.9648124120000716, -8.0204311379999353, 0.0 ], [ 111.964735079000036, -8.0204608819999521, 0.0 ], [ 111.9646696440000824, -8.0204311379999353, 0.0 ], [ 111.9646280040000761, -8.0203478569999334, 0.0 ], [ 111.9645447230000741, -8.0201039619999506, 0.0 ], [ 111.9644316980000553, -8.01980058099997, 0.0 ], [ 111.9644257490000427, -8.0195626349999429, 0.0 ], [ 111.9643662630000449, -8.0192889969999328, 0.0 ], [ 111.9644138520000638, -8.0192354589999582, 0.0 ], [ 111.9646339520000424, -8.0191700239999477, 0.0 ], [ 111.9647410280000486, -8.0191164859999731, 0.0 ], [ 111.9647826690000443, -8.0190748459999668, 0.0 ], [ 111.9647945660000801, -8.0188428479999629, 0.0 ], [ 111.9648124120000716, -8.018676285999959, 0.0 ], [ 111.9648362060000863, -8.0185216209999339, 0.0 ], [ 111.9648837960000378, -8.0183431609999616, 0.0 ], [ 111.9649425930000461, -8.0182320989999312, 0.0 ], [ 111.9649908710000545, -8.0181409069999745, 0.0 ], [ 111.9649789740000756, -8.0179029609999475, 0.0 ], [ 111.9649254360000441, -8.0177601929999582, 0.0 ], [ 111.9646636960000592, -8.0173913769999672, 0.0 ], [ 111.9645090310000342, -8.0170701499999382, 0.0 ], [ 111.9642651360000514, -8.0168262549999554, 0.0 ], [ 111.9641774770000779, -8.0167135509999525, 0.0 ], [ 111.9641740620000405, -8.016709159999948, 0.0 ], [ 111.9641402140000537, -8.0166656409999746, 0.0 ], [ 111.964086676000079, -8.0165526169999453, 0.0 ], [ 111.9640450360000727, -8.0163503629999582, 0.0 ], [ 111.964003395000077, -8.0162611329999436, 0.0 ], [ 111.9639141650000624, -8.0161540569999374, 0.0 ], [ 111.9638844220000351, -8.0160707759999354, 0.0 ], [ 111.9639082170000393, -8.015957751999963, 0.0 ], [ 111.964003395000077, -8.0158268809999527, 0.0 ], [ 111.9640060620000668, -8.0158219919999283, 0.0 ], [ 111.9640345990000583, -8.0157696749999445, 0.0 ], [ 111.9640747790000432, -8.0156960109999318, 0.0 ], [ 111.9641104710000832, -8.0155889349999256, 0.0 ], [ 111.9641045220000706, -8.015523499999972, 0.0 ], [ 111.9640271900000812, -8.0154283219999343, 0.0 ], [ 111.9640236920000689, -8.0154269389999513, 0.0 ], [ 111.9638448900000753, -8.0153562489999786, 0.0 ], [ 111.9637713980000626, -8.0153271939999513, 0.0 ], [ 111.9634858620000841, -8.0152558109999745, 0.0 ], [ 111.9633193000000801, -8.0152082209999662, 0.0 ], [ 111.9631703080000875, -8.0151979459999438, 0.0 ], [ 111.9631554580000738, -8.0151969219999728, 0.0 ], [ 111.962974278000047, -8.0151844269999515, 0.0 ], [ 111.9628017670000872, -8.0151011459999495, 0.0 ], [ 111.962676846000079, -8.0149821729999644, 0.0 ], [ 111.9625400270000455, -8.0146252529999629, 0.0 ], [ 111.9624864890000708, -8.0144705879999378, 0.0 ], [ 111.9623972590000562, -8.0142921289999549, 0.0 ], [ 111.9621890560000566, -8.0141017719999468, 0.0 ], [ 111.9620522370000799, -8.0139768499999491, 0.0 ], [ 111.9619749050000337, -8.013857876999964, 0.0 ], [ 111.9619868020000695, -8.0137091609999516, 0.0 ], [ 111.9620105970000736, -8.0136139819999812, 0.0 ], [ 111.9621355180000819, -8.0134593179999456, 0.0 ], [ 111.9624448480000751, -8.0131440389999398, 0.0 ], [ 111.9626708970000664, -8.0128941959999338, 0.0 ], [ 111.9627541780000684, -8.0126384029999258, 0.0 ], [ 111.9627779730000725, -8.0125491739999575, 0.0 ], [ 111.9628028150000887, -8.0125253669999665, 0.0 ], [ 111.9627456360000792, -8.0123509489999378, 0.0 ], [ 111.9626006790000474, -8.0121182439999643, 0.0 ], [ 111.9624776280000447, -8.0119770499999277, 0.0 ], [ 111.9621352680000541, -8.0115842109999562, 0.0 ], [ 111.9619292810000388, -8.0115078999999696, 0.0 ], [ 111.9614854130000481, -8.0114701699999387, 0.0 ], [ 111.9611663620000854, -8.0114430499999685, 0.0 ], [ 111.9610671770000749, -8.0112838019999799, 0.0 ], [ 111.9609560750000696, -8.011131043999967, 0.0 ], [ 111.9608459090000565, -8.0109795729999291, 0.0 ], [ 111.9606780530000378, -8.010875624999926, 0.0 ], [ 111.9606390850000821, -8.0107702979999544, 0.0 ], [ 111.9605499660000874, -8.0107019859999582, 0.0 ], [ 111.9605234330000485, -8.0106872449999287, 0.0 ], [ 111.9603568710000445, -8.0106753479999497, 0.0 ], [ 111.9601070280000386, -8.0106753479999497, 0.0 ], [ 111.959666827000035, -8.0105980159999604, 0.0 ], [ 111.9593634460000544, -8.0105325799999605, 0.0 ], [ 111.9593093140000519, -8.0105005929999606, 0.0 ], [ 111.9591836320000766, -8.0105008849999422, 0.0 ], [ 111.9589310560000399, -8.0102861039999311, 0.0 ], [ 111.9587757840000677, -8.0101034019999702, 0.0 ], [ 111.9585663530000375, -8.0098598039999729, 0.0 ], [ 111.9584109470000612, -8.009619670999939, 0.0 ], [ 111.9582640920000358, -8.0094429309999668, 0.0 ], [ 111.9580896650000454, -8.0092818099999477, 0.0 ], [ 111.9577173920000632, -8.009210884999959, 0.0 ], [ 111.9573150550000378, -8.0091160999999715, 0.0 ], [ 111.9567856890000712, -8.0090158979999728, 0.0 ], [ 111.9567348210000546, -8.0089432139999417, 0.0 ], [ 111.9567336650000584, -8.0089415619999613, 0.0 ], [ 111.9567718210000749, -8.0088681279999605, 0.0 ], [ 111.9571990760000517, -8.0084142029999725, 0.0 ], [ 111.9572829800000591, -8.0081929339999647, 0.0 ], [ 111.9573135190000812, -8.0079430849999653, 0.0 ], [ 111.9572143340000707, -8.0076360029999591, 0.0 ], [ 111.9571837950000486, -8.0074538329999427, 0.0 ], [ 111.9570998910000412, -8.0072602499999448, 0.0 ], [ 111.9571380470000577, -8.0072058699999502, 0.0 ], [ 111.9573363930000482, -8.0069903559999602, 0.0 ], [ 111.9577254930000549, -8.0065659539999388, 0.0 ], [ 111.9579936010000552, -8.0065623249999476, 0.0 ], [ 111.9579774100000691, -8.0061305779999543, 0.0 ], [ 111.9579774100000691, -8.0059283229999778, 0.0 ], [ 111.9579909790000443, -8.0058435209999743, 0.0 ], [ 111.9579729550000593, -8.0058112329999744, 0.0 ], [ 111.9579723190000777, -8.005810093999969, 0.0 ], [ 111.9579708900000696, -8.0058075339999277, 0.0 ], [ 111.9579619940000725, -8.0057915979999734, 0.0 ], [ 111.9579238630000759, -8.0056933559999379, 0.0 ], [ 111.9578551930000572, -8.0055837009999777, 0.0 ], [ 111.9578175780000606, -8.0054566879999811, 0.0 ], [ 111.9578170610000711, -8.0054549439999505, 0.0 ], [ 111.9577879560000611, -8.0053679439999428, 0.0 ], [ 111.9577811050000378, -8.005363200999966, 0.0 ], [ 111.9577275670000631, -8.005279919999964, 0.0 ], [ 111.9576967500000819, -8.0051610569999525, 0.0 ], [ 111.9576859260000674, -8.0051193069999727, 0.0 ], [ 111.9576145420000444, -8.0050300769999581, 0.0 ], [ 111.9574360830000614, -8.0049884359999623, 0.0 ], [ 111.957187622000049, -8.0049202309999714, 0.0 ], [ 111.95716856100006, -8.0047787829999493, 0.0 ], [ 111.9572372080000378, -8.0045565959999294, 0.0 ], [ 111.9572982370000886, -8.0042476029999534, 0.0 ], [ 111.9572829800000591, -8.0039195329999302, 0.0 ], [ 111.9573745480000753, -8.0037774289999675, 0.0 ], [ 111.9575271220000445, -8.0035762049999448, 0.0 ], [ 111.9575271220000445, -8.0034388639999747, 0.0 ], [ 111.9574660930000505, -8.0033644869999421, 0.0 ], [ 111.9574402290000421, -8.0033532339999738, 0.0 ], [ 111.9574241850000362, -8.003293069999927, 0.0 ], [ 111.9573839250000447, -8.0032643129999315, 0.0 ], [ 111.9573409040000342, -8.0032335839999291, 0.0 ], [ 111.9572040850000576, -8.0031740969999419, 0.0 ], [ 111.9571828650000498, -8.0031693049999717, 0.0 ], [ 111.9570196770000621, -8.0031324569999356, 0.0 ], [ 111.9569409250000831, -8.0031112539999754, 0.0 ], [ 111.9568557240000359, -8.0030430909999382, 0.0 ], [ 111.9567947190000723, -8.0029105379999805, 0.0 ], [ 111.956825234000064, -8.002795151999976, 0.0 ], [ 111.9569320350000794, -8.0027283919999377, 0.0 ], [ 111.9570769930000438, -8.002613948999965, 0.0 ], [ 111.9571380470000577, -8.0024909229999253, 0.0 ], [ 111.9570846090000487, -8.0023879169999645, 0.0 ], [ 111.9568862390000845, -8.0021609419999322, 0.0 ], [ 111.9567184080000857, -8.0019664159999593, 0.0 ], [ 111.956650550000063, -8.0018190869999444, 0.0 ], [ 111.95651239700004, -8.0015191399999708, 0.0 ], [ 111.9565581930000349, -8.0008467749999568, 0.0 ], [ 111.9566505490000736, -8.000736925999945, 0.0 ], [ 111.9568099520000715, -8.000547332999929, 0.0 ], [ 111.9568328500000689, -8.0004052289999663, 0.0 ], [ 111.9567794370000797, -8.0003070109999612, 0.0 ], [ 111.9567447140000809, -8.0002887099999498, 0.0 ], [ 111.9567281930000604, -8.0002533089999588, 0.0 ], [ 111.9565378360000523, -8.0001878739999484, 0.0 ], [ 111.9563831710000841, -8.0000748489999296, 0.0 ], [ 111.9563177360000736, -8.0000332089999802, 0.0 ], [ 111.9562800540000467, -8.0000034599999594, 0.0 ], [ 111.956275895000033, -7.9999856149999573, 0.0 ], [ 111.9563140750000798, -7.999762918999977, 0.0 ], [ 111.9564208760000383, -7.9996880589999364, 0.0 ], [ 111.9566268630000536, -7.9995917509999686, 0.0 ], [ 111.9566505490000736, -7.9995051329999569, 0.0 ], [ 111.9566573780000454, -7.9994801619999407, 0.0 ], [ 111.9566505490000736, -7.9994466099999499, 0.0 ], [ 111.9566344800000479, -7.9993676539999683, 0.0 ], [ 111.9565581930000349, -7.999124429999938, 0.0 ], [ 111.9564513910000869, -7.9989160729999753, 0.0 ], [ 111.9561004230000663, -7.9987811259999262, 0.0 ], [ 111.9559096930000806, -7.9987019619999273, 0.0 ], [ 111.9558867950000831, -7.9986113609999734, 0.0 ], [ 111.9557876100000726, -7.9982079699999531, 0.0 ], [ 111.9557418620000817, -7.9981664779999733, 0.0 ], [ 111.9563445650000517, -7.9982718529999488, 0.0 ], [ 111.9564590080000812, -7.998308098999928, 0.0 ], [ 111.9565352950000374, -7.9983524439999769, 0.0 ], [ 111.9565810670000587, -7.9983710379999593, 0.0 ], [ 111.9566497370000775, -7.9983696119999763, 0.0 ], [ 111.9566505490000736, -7.9983662989999402, 0.0 ], [ 111.9567718210000749, -7.9978717999999276, 0.0 ], [ 111.9567744190000553, -7.9978687849999801, 0.0 ], [ 111.9571327010000346, -7.9979571289999285, 0.0 ], [ 111.9573409040000342, -7.9981474859999366, 0.0 ] ] ] ] } },
{ "type": "Feature", "properties": { "OBJECTID": 116532.0, "KDPPUM": "35", "NAMOBJ": "Salam", "REMARK": "-", "KDPBPS": null, "FCODE": "BA03070040", "LUASWH": 0.0, "UUPP": "Hasil Sinkronisasi Data Pemda Tahun 2019", "SRS_ID": "SRGI 2013", "METADATA": "TASWIL1000020200326DATA_BATAS_DESA_KELURAHAN", "KDEBPS": null, "KDEPUM": "35.05.01.2002", "KDCBPS": null, "KDCPUM": "35.05.01", "KDBBPS": null, "WADMKD": "Salam", "WIADKD": "0", "WADMKC": "Wonodadi", "WIADKC": null, "WADMKK": "Blitar", "WIADKK": null, "WADMPR": "Jawa Timur", "WIADPR": null, "TIPADM": 1.0, "KDPKAB": "35.05", "SHAPE_Leng": 0.073083893690756005, "SHAPE_Area": 0.000167254599115 }, "geometry": { "type": "MultiPolygon", "coordinates": [ [ [ [ 111.9734500000000708, -8.0170533149999414, 0.0 ], [ 111.9739034920000336, -8.0171889069999338, 0.0 ], [ 111.9755255680000801, -8.0178551019999418, 0.0 ], [ 111.9775470970000697, -8.018657937999933, 0.0 ], [ 111.9775242780000895, -8.0187811609999358, 0.0 ], [ 111.9772391470000343, -8.0195114769999805, 0.0 ], [ 111.9772204730000453, -8.0195386259999282, 0.0 ], [ 111.9774186050000822, -8.0196116399999369, 0.0 ], [ 111.9771664600000349, -8.0203867509999327, 0.0 ], [ 111.9784879500000443, -8.0208195459999274, 0.0 ], [ 111.9784806250000884, -8.0208824849999587, 0.0 ], [ 111.9784032630000752, -8.021547208999948, 0.0 ], [ 111.9795375660000332, -8.0220278919999259, 0.0 ], [ 111.9806976120000854, -8.0223666849999518, 0.0 ], [ 111.9818294870000841, -8.0226972509999541, 0.0 ], [ 111.9819643890000407, -8.0227624969999738, 0.0 ], [ 111.9821932650000349, -8.0228731949999315, 0.0 ], [ 111.9823056820000602, -8.0229275659999644, 0.0 ], [ 111.9828383210000879, -8.0233295779999594, 0.0 ], [ 111.9828374980000376, -8.0233325079999531, 0.0 ], [ 111.9827230860000782, -8.0237401339999792, 0.0 ], [ 111.9825178750000418, -8.0242622899999674, 0.0 ], [ 111.9824414760000764, -8.024439551999933, 0.0 ], [ 111.9824085900000341, -8.024741143999961, 0.0 ], [ 111.982328103000043, -8.0252151429999685, 0.0 ], [ 111.9822765620000382, -8.0257465039999261, 0.0 ], [ 111.9823058650000576, -8.0259522289999268, 0.0 ], [ 111.9822009790000834, -8.0262635649999652, 0.0 ], [ 111.9821153220000838, -8.0265844259999426, 0.0 ], [ 111.9819578250000518, -8.0269820339999569, 0.0 ], [ 111.9818146870000533, -8.0273604639999689, 0.0 ], [ 111.9807289900000455, -8.027133327999934, 0.0 ], [ 111.9797346830000606, -8.026972973999932, 0.0 ], [ 111.978663506000089, -8.0267936569999279, 0.0 ], [ 111.9785578380000857, -8.0267795499999579, 0.0 ], [ 111.9783532510000441, -8.0275649299999259, 0.0 ], [ 111.9780891770000721, -8.0275703429999794, 0.0 ], [ 111.9781045780000568, -8.0279866829999378, 0.0 ], [ 111.9780964630000426, -8.0286088739999286, 0.0 ], [ 111.9780585430000883, -8.0288147589999426, 0.0 ], [ 111.9777367590000381, -8.028782021999973, 0.0 ], [ 111.9773140850000459, -8.028725594999969, 0.0 ], [ 111.9769730830000753, -8.0286881169999447, 0.0 ], [ 111.9768632760000742, -8.0289516039999285, 0.0 ], [ 111.9768200160000333, -8.0289325629999553, 0.0 ], [ 111.9764836220000461, -8.0288137129999768, 0.0 ], [ 111.9761569440000812, -8.0287426989999631, 0.0 ], [ 111.9756574800000521, -8.0287008099999753, 0.0 ], [ 111.9752107520000663, -8.0286252939999372, 0.0 ], [ 111.9751014470000428, -8.0290993609999646, 0.0 ], [ 111.9744434270000397, -8.0290147729999717, 0.0 ], [ 111.9737902100000611, -8.0289301719999457, 0.0 ], [ 111.9737617420000788, -8.0290738179999721, 0.0 ], [ 111.9736859770000592, -8.0295190889999617, 0.0 ], [ 111.9725040400000466, -8.0292060119999746, 0.0 ], [ 111.9721773060000487, -8.0291110649999382, 0.0 ], [ 111.9718554640000434, -8.0290543939999566, 0.0 ], [ 111.9718761380000842, -8.0296717319999402, 0.0 ], [ 111.9719158250000532, -8.0302076639999314, 0.0 ], [ 111.971959340000069, -8.0308387069999299, 0.0 ], [ 111.9720488020000744, -8.0318614909999724, 0.0 ], [ 111.971976785000038, -8.0318646519999675, 0.0 ], [ 111.971247528000049, -8.0318603919999418, 0.0 ], [ 111.9712357080000515, -8.0319381919999273, 0.0 ], [ 111.9707684460000792, -8.0319276299999274, 0.0 ], [ 111.9706981320000523, -8.0319260409999629, 0.0 ], [ 111.9706971800000588, -8.0316184949999752, 0.0 ], [ 111.9707019390000369, -8.0312235049999572, 0.0 ], [ 111.9706774930000392, -8.0310921099999746, 0.0 ], [ 111.9706638670000416, -8.0310188709999579, 0.0 ], [ 111.9705782070000737, -8.030909415999929, 0.0 ], [ 111.9704592340000886, -8.0307761659999528, 0.0 ], [ 111.9701594220000516, -8.0306143629999269, 0.0 ], [ 111.9697358780000513, -8.0304858719999288, 0.0 ], [ 111.969526485000074, -8.0304049699999496, 0.0 ], [ 111.96942178900008, -8.0302574439999717, 0.0 ], [ 111.9693551850000404, -8.0301137209999638, 0.0 ], [ 111.9693313690000878, -8.0300623279999286, 0.0 ], [ 111.9693028160000381, -8.0297863099999631, 0.0 ], [ 111.9693123340000511, -8.0295626409999272, 0.0 ], [ 111.9693123340000511, -8.0293532489999393, 0.0 ], [ 111.96935992300007, -8.0291962039999589, 0.0 ], [ 111.969402753000054, -8.029153373999975, 0.0 ], [ 111.969516967000061, -8.029091507999965, 0.0 ], [ 111.9697787080000353, -8.0290581949999478, 0.0 ], [ 111.9699167170000464, -8.0289487399999757, 0.0 ], [ 111.9699643060000653, -8.0288725969999746, 0.0 ], [ 111.9700166540000623, -8.0286108569999328, 0.0 ], [ 111.9700927970000635, -8.0283491159999585, 0.0 ], [ 111.9701594220000516, -8.0281159289999664, 0.0 ], [ 111.9702593590000674, -8.0278589469999702, 0.0 ], [ 111.9703101290000404, -8.0276441489999684, 0.0 ], [ 111.9703212250000774, -8.027597205999939, 0.0 ], [ 111.9703402610000467, -8.0273402249999322, 0.0 ], [ 111.9703212250000774, -8.0271926979999648, 0.0 ], [ 111.9702641180000455, -8.0271117959999287, 0.0 ], [ 111.9701261090000344, -8.0269928229999437, 0.0 ], [ 111.9698929220000423, -8.0268452969999657, 0.0 ], [ 111.9696169050000663, -8.0267691539999646, 0.0 ], [ 111.969245709000063, -8.0266739749999374, 0.0 ], [ 111.969155158000035, -8.0266389899999808, 0.0 ], [ 111.9690363160000857, -8.0265930739999476, 0.0 ], [ 111.9688900990000775, -8.0265392039999597, 0.0 ], [ 111.9688554770000337, -8.0265264489999595, 0.0 ], [ 111.9688154700000382, -8.0264718939999398, 0.0 ], [ 111.9688031290000367, -8.0264550649999364, 0.0 ], [ 111.9687736590000782, -8.0263887589999285, 0.0 ], [ 111.9687650570000415, -8.0263694039999791, 0.0 ], [ 111.9687127090000445, -8.0261742889999255, 0.0 ], [ 111.9686365670000328, -8.0259886909999523, 0.0 ], [ 111.9685223520000363, -8.0258173689999808, 0.0 ], [ 111.9684319330000335, -8.025679360999959, 0.0 ], [ 111.9683319960000745, -8.0254176199999279, 0.0 ], [ 111.9682272990000342, -8.0251416029999518, 0.0 ], [ 111.9682035050000763, -8.0249797989999365, 0.0 ], [ 111.9682272990000342, -8.0248465489999603, 0.0 ], [ 111.9682701300000645, -8.0247132999999735, 0.0 ], [ 111.9683319960000745, -8.0245277019999435, 0.0 ], [ 111.9683843440000715, -8.0243373449999353, 0.0 ], [ 111.9683986200000732, -8.0241422289999491, 0.0 ], [ 111.9683700670000803, -8.0239471129999629, 0.0 ], [ 111.9683367550000526, -8.0236948899999447, 0.0 ], [ 111.9682891650000442, -8.0234759799999438, 0.0 ], [ 111.9682225400000561, -8.0231809269999417, 0.0 ], [ 111.9681511570000794, -8.022705033999955, 0.0 ], [ 111.9680845320000344, -8.0224432939999701, 0.0 ], [ 111.9680528980000531, -8.0223246659999745, 0.0 ], [ 111.9680510400000344, -8.0223176969999486, 0.0 ], [ 111.9680007750000641, -8.022129204999942, 0.0 ], [ 111.9679197080000677, -8.0218744099999526, 0.0 ], [ 111.9677805610000405, -8.0216350089999651, 0.0 ], [ 111.9677415720000795, -8.0213910169999281, 0.0 ], [ 111.9677219810000679, -8.0212283409999259, 0.0 ], [ 111.967663888000061, -8.0210274669999535, 0.0 ], [ 111.9675479510000855, -8.0207310109999526, 0.0 ], [ 111.9674224450000679, -8.0204489339999441, 0.0 ], [ 111.9673643530000504, -8.0202480609999611, 0.0 ], [ 111.9671953510000435, -8.019846437999945, 0.0 ], [ 111.9671082350000688, -8.0195546989999684, 0.0 ], [ 111.966977555000085, -8.0191146989999424, 0.0 ], [ 111.9668711770000868, -8.0187990759999366, 0.0 ], [ 111.9667649800000504, -8.0185600269999782, 0.0 ], [ 111.9667357870000615, -8.0183973729999707, 0.0 ], [ 111.9666824850000353, -8.0181917019999673, 0.0 ], [ 111.9666719790000684, -8.017808850999927, 0.0 ], [ 111.9666901900000653, -8.017387643999939, 0.0 ], [ 111.9666705890000458, -8.01722018199996, 0.0 ], [ 111.9665932350000617, -8.0169954239999583, 0.0 ], [ 111.9665206370000874, -8.0167515099999491, 0.0 ], [ 111.9665346460000706, -8.016583968999953, 0.0 ], [ 111.9668612110000367, -8.0166119189999563, 0.0 ], [ 111.966768628000068, -8.0160378219999302, 0.0 ], [ 111.9667097000000808, -8.0154827899999646, 0.0 ], [ 111.9666510330000619, -8.0150378339999406, 0.0 ], [ 111.9666165640000486, -8.0146741819999647, 0.0 ], [ 111.9666259530000616, -8.014583226999946, 0.0 ], [ 111.9667071470000792, -8.0144011699999282, 0.0 ], [ 111.9667735870000342, -8.014070783999955, 0.0 ], [ 111.9669309710000675, -8.0136205349999727, 0.0 ], [ 111.9670119400000772, -8.0133427599999436, 0.0 ], [ 111.9670546670000704, -8.0131368639999323, 0.0 ], [ 111.9670920380000894, -8.0126964679999446, 0.0 ], [ 111.9671388540000407, -8.0121890479999252, 0.0 ], [ 111.9671958160000713, -8.0119113289999291, 0.0 ], [ 111.9673053430000778, -8.011528195999972, 0.0 ], [ 111.9674245640000549, -8.0111833279999587, 0.0 ], [ 111.9677066240000727, -8.010665782999979, 0.0 ], [ 111.9680703390000645, -8.0101624039999706, 0.0 ], [ 111.9682760960000678, -8.0098651919999497, 0.0 ], [ 111.9684341110000787, -8.0096829549999597, 0.0 ], [ 111.968664790000048, -8.0097733469999639, 0.0 ], [ 111.9691116210000814, -8.0099015179999355, 0.0 ], [ 111.9695825720000357, -8.0100774909999473, 0.0 ], [ 111.9700006630000644, -8.0102344439999342, 0.0 ], [ 111.9702304700000468, -8.0099563189999685, 0.0 ], [ 111.9703884500000868, -8.0097597229999451, 0.0 ], [ 111.9704269170000543, -8.0097835629999281, 0.0 ], [ 111.9703794020000487, -8.0099942559999704, 0.0 ], [ 111.9702558370000816, -8.0105305729999259, 0.0 ], [ 111.9701605800000834, -8.0108562419999316, 0.0 ], [ 111.9703289220000784, -8.0109802799999557, 0.0 ], [ 111.9705307380000363, -8.0110468089999358, 0.0 ], [ 111.9712418260000391, -8.0112509299999601, 0.0 ], [ 111.9711052190000373, -8.0118554779999727, 0.0 ], [ 111.9709687110000687, -8.0125019019999399, 0.0 ], [ 111.9708916530000806, -8.0129088889999593, 0.0 ], [ 111.970856167000079, -8.0131303229999276, 0.0 ], [ 111.971126770000069, -8.0133510359999605, 0.0 ], [ 111.9710617290000414, -8.0137639769999396, 0.0 ], [ 111.9709990670000366, -8.0141673399999718, 0.0 ], [ 111.9711540220000643, -8.0142136379999442, 0.0 ], [ 111.9716873850000525, -8.0143846759999633, 0.0 ], [ 111.9716630300000588, -8.0147436789999347, 0.0 ], [ 111.9720160520000718, -8.0147930989999736, 0.0 ], [ 111.9718657020000592, -8.0151703469999802, 0.0 ], [ 111.9723991520000368, -8.0153772769999705, 0.0 ], [ 111.9731092330000592, -8.0156591689999459, 0.0 ], [ 111.9732693770000651, -8.015755879999972, 0.0 ], [ 111.9731382500000336, -8.0161742999999319, 0.0 ], [ 111.973032010000054, -8.0169283369999675, 0.0 ], [ 111.9734500000000708, -8.0170533149999414, 0.0 ] ] ] ] } },
{ "type": "Feature", "properties": { "OBJECTID": 116529.0, "KDPPUM": "35", "NAMOBJ": "Rejosari", "REMARK": "-", "KDPBPS": null, "FCODE": "BA03070040", "LUASWH": 0.0, "UUPP": "Hasil Sinkronisasi Data Pemda Tahun 2019", "SRS_ID": "SRGI 2013", "METADATA": "TASWIL1000020200326DATA_BATAS_DESA_KELURAHAN", "KDEBPS": null, "KDEPUM": "35.05.01.2003", "KDCBPS": null, "KDCPUM": "35.05.01", "KDBBPS": null, "WADMKD": "Rejosari", "WIADKD": "0", "WADMKC": "Wonodadi", "WIADKC": null, "WADMKK": "Blitar", "WIADKK": null, "WADMPR": "Jawa Timur", "WIADPR": null, "TIPADM": 1.0, "KDPKAB": "35.05", "SHAPE_Leng": 0.072701547737221997, "SHAPE_Area": 0.000174490239511 }, "geometry": { "type": "MultiPolygon", "coordinates": [ [ [ [ 111.9933378670000366, -8.0234843729999739, 0.0 ], [ 111.9932600000000775, -8.02381, 0.0 ], [ 111.9933557790000691, -8.0237942989999738, 0.0 ], [ 111.9931553200000849, -8.0244211399999585, 0.0 ], [ 111.9932486790000894, -8.0245177169999806, 0.0 ], [ 111.9931409520000329, -8.0256330949999324, 0.0 ], [ 111.9931506140000579, -8.0256570009999564, 0.0 ], [ 111.9935012160000838, -8.0256944419999741, 0.0 ], [ 111.993484416000058, -8.0266851669999255, 0.0 ], [ 111.9934726980000619, -8.027790740999933, 0.0 ], [ 111.9934524860000806, -8.0283650989999273, 0.0 ], [ 111.9934532890000582, -8.0286953249999442, 0.0 ], [ 111.9934035530000642, -8.0289754209999273, 0.0 ], [ 111.9931370680000668, -8.028976064999938, 0.0 ], [ 111.9924455600000783, -8.0289418379999802, 0.0 ], [ 111.9923032040000521, -8.0296385319999786, 0.0 ], [ 111.9920972810000421, -8.0308522579999249, 0.0 ], [ 111.9920261640000376, -8.0312257309999495, 0.0 ], [ 111.9919407460000684, -8.0316423109999278, 0.0 ], [ 111.9914291700000604, -8.0315573979999613, 0.0 ], [ 111.9913150470000573, -8.0320171209999671, 0.0 ], [ 111.991172410000047, -8.0325989529999333, 0.0 ], [ 111.9911148090000665, -8.0326062709999633, 0.0 ], [ 111.9909057660000826, -8.0325349859999733, 0.0 ], [ 111.9902498460000402, -8.0323283779999315, 0.0 ], [ 111.9902142340000637, -8.0324935779999578, 0.0 ], [ 111.9901565980000555, -8.0324865379999437, 0.0 ], [ 111.9900852700000655, -8.0327738639999779, 0.0 ], [ 111.9899197020000656, -8.0328101569999717, 0.0 ], [ 111.9899132300000701, -8.033111685999927, 0.0 ], [ 111.9898052810000877, -8.0331478399999696, 0.0 ], [ 111.9896907910000436, -8.0334568069999364, 0.0 ], [ 111.9892586130000609, -8.0334434889999784, 0.0 ], [ 111.9886388950000651, -8.0333157589999473, 0.0 ], [ 111.9885812930000384, -8.0333230769999773, 0.0 ], [ 111.9885316580000563, -8.0336462449999431, 0.0 ], [ 111.9885055980000743, -8.0339390869999647, 0.0 ], [ 111.9879788890000327, -8.033752743999969, 0.0 ], [ 111.9878443210000682, -8.034099567999931, 0.0 ], [ 111.9877059540000346, -8.0344636299999479, 0.0 ], [ 111.9875008380000736, -8.0350240749999671, 0.0 ], [ 111.9874103480000826, -8.0353305919999798, 0.0 ], [ 111.9873054640000873, -8.0356419279999614, 0.0 ], [ 111.9872389360000398, -8.0359292429999414, 0.0 ], [ 111.9871722910000358, -8.0361686989999725, 0.0 ], [ 111.9867109770000866, -8.0360214429999814, 0.0 ], [ 111.9865332130000866, -8.035978795999938, 0.0 ], [ 111.9863218600000891, -8.0359458019999579, 0.0 ], [ 111.9860814670000764, -8.0358171579999293, 0.0 ], [ 111.9858699640000737, -8.0357219469999563, 0.0 ], [ 111.9857258120000552, -8.0356792199999632, 0.0 ], [ 111.9855336770000349, -8.0356509649999452, 0.0 ], [ 111.9852644520000808, -8.0355128179999724, 0.0 ], [ 111.9851106380000374, -8.0354461839999658, 0.0 ], [ 111.9849712990000512, -8.0354082299999732, 0.0 ], [ 111.9845868920000385, -8.0352942889999781, 0.0 ], [ 111.9842552350000346, -8.0351515049999307, 0.0 ], [ 111.9839283670000327, -8.0350039229999766, 0.0 ], [ 111.98369768200007, -8.034918328999936, 0.0 ], [ 111.9835054560000458, -8.0348517859999333, 0.0 ], [ 111.9833372040000654, -8.0347708269999316, 0.0 ], [ 111.9831304810000461, -8.034666030999972, 0.0 ], [ 111.9828805430000784, -8.0345613379999463, 0.0 ], [ 111.9827460060000703, -8.0345233719999669, 0.0 ], [ 111.9826114920000464, -8.0344949779999411, 0.0 ], [ 111.9824674200000345, -8.034485750999977, 0.0 ], [ 111.982236943000089, -8.0344863009999585, 0.0 ], [ 111.9820449470000767, -8.0345154749999779, 0.0 ], [ 111.9819007950000582, -8.034472745999949, 0.0 ], [ 111.9817420540000512, -8.0343534769999678, 0.0 ], [ 111.9816483310000876, -8.0342901749999669, 0.0 ], [ 111.9816257850000625, -8.034274307999965, 0.0 ], [ 111.9815742300000352, -8.0342007279999734, 0.0 ], [ 111.9814828440000838, -8.0341363359999605, 0.0 ], [ 111.9813602080000692, -8.0340552679999746, 0.0 ], [ 111.9812929050000889, -8.0340219269999693, 0.0 ], [ 111.9812064590000773, -8.0340149539999288, 0.0 ], [ 111.9811201070000379, -8.0340474649999578, 0.0 ], [ 111.9810193420000815, -8.034076420999952, 0.0 ], [ 111.9809077740000589, -8.0341054029999555, 0.0 ], [ 111.9808105410000394, -8.0341056349999462, 0.0 ], [ 111.9807456760000832, -8.0340878419999626, 0.0 ], [ 111.980670051000061, -8.0340880229999811, 0.0 ], [ 111.9806233210000528, -8.0341240279999511, 0.0 ], [ 111.9805910480000648, -8.0341815369999381, 0.0 ], [ 111.9805948390000481, -8.0342604949999554, 0.0 ], [ 111.9805915310000728, -8.034382543999925, 0.0 ], [ 111.9805808480000451, -8.0344328219999284, 0.0 ], [ 111.9805486180000571, -8.0345082769999294, 0.0 ], [ 111.9805091080000352, -8.0345514449999769, 0.0 ], [ 111.9804589660000715, -8.0346664269999337, 0.0 ], [ 111.9804016920000436, -8.0348101409999799, 0.0 ], [ 111.9803694270000847, -8.0348712389999264, 0.0 ], [ 111.9803407380000522, -8.0349215589999403, 0.0 ], [ 111.9802760190000868, -8.0349647869999785, 0.0 ], [ 111.9802292290000878, -8.0349756669999692, 0.0 ], [ 111.980099568000071, -8.0349687969999763, 0.0 ], [ 111.9798042080000755, -8.0349443749999523, 0.0 ], [ 111.979678166000042, -8.0349446749999629, 0.0 ], [ 111.9795485220000728, -8.0349449839999352, 0.0 ], [ 111.9794585170000687, -8.0349559669999735, 0.0 ], [ 111.9793757670000787, -8.0349884689999271, 0.0 ], [ 111.9793183190000718, -8.0350603949999595, 0.0 ], [ 111.9792968580000547, -8.0351214659999641, 0.0 ], [ 111.9792825910000715, -8.0351789319999511, 0.0 ], [ 111.9792358520000448, -8.0352113479999616, 0.0 ], [ 111.9791566430000671, -8.0352187149999281, 0.0 ], [ 111.9790558000000829, -8.0352153659999317, 0.0 ], [ 111.9789585070000726, -8.0351904719999538, 0.0 ], [ 111.9788466630000698, -8.0351045909999357, 0.0 ], [ 111.9787132540000698, -8.0350367089999395, 0.0 ], [ 111.978673623000077, -8.035029624999936, 0.0 ], [ 111.9786088190000442, -8.0350369579999779, 0.0 ], [ 111.9785333220000894, -8.0350909789999605, 0.0 ], [ 111.9785154530000568, -8.0351484529999766, 0.0 ], [ 111.978544366000051, -8.0351914569999394, 0.0 ], [ 111.9786057510000887, -8.0352595109999356, 0.0 ], [ 111.9786239110000565, -8.0353240779999737, 0.0 ], [ 111.978598952000084, -8.0354282309999689, 0.0 ], [ 111.978573812000036, -8.0354570059999446, 0.0 ], [ 111.9785126350000724, -8.0354750989999388, 0.0 ], [ 111.9784477950000792, -8.0354680749999261, 0.0 ], [ 111.9782927880000329, -8.0354038329999753, 0.0 ], [ 111.9781198780000864, -8.0353827079999292, 0.0 ], [ 111.9780730450000874, -8.0353756409999733, 0.0 ], [ 111.9780118410000682, -8.0353829649999398, 0.0 ], [ 111.977997599000048, -8.0354511979999756, 0.0 ], [ 111.9780121250000775, -8.0355014159999314, 0.0 ], [ 111.9780627310000796, -8.0355802639999752, 0.0 ], [ 111.9780882060000522, -8.035691475999954, 0.0 ], [ 111.9780883350000522, -8.0357453169999644, 0.0 ], [ 111.9780703970000673, -8.0357740759999388, 0.0 ], [ 111.9780272090000608, -8.0357849469999678, 0.0 ], [ 111.9778435120000495, -8.0357710259999635, 0.0 ], [ 111.9777570650000484, -8.0357640529999799, 0.0 ], [ 111.9776814390000368, -8.0357642319999627, 0.0 ], [ 111.9776490800000488, -8.0357858459999534, 0.0 ], [ 111.9775340720000827, -8.0358830349999266, 0.0 ], [ 111.9774909780000485, -8.0359333889999789, 0.0 ], [ 111.9774477800000341, -8.0359406709999348, 0.0 ], [ 111.977357750000067, -8.0359408849999454, 0.0 ], [ 111.9772604650000858, -8.035919579999927, 0.0 ], [ 111.9769902350000734, -8.0358627909999427, 0.0 ], [ 111.9767812100000697, -8.0357986769999457, 0.0 ], [ 111.9765793950000443, -8.0357381359999636, 0.0 ], [ 111.9764712040000632, -8.0356737829999361, 0.0 ], [ 111.976413472000047, -8.0356272569999305, 0.0 ], [ 111.9764097340000717, -8.0355698349999329, 0.0 ], [ 111.9764096140000333, -8.0355195819999494, 0.0 ], [ 111.976431127000069, -8.0354800469999645, 0.0 ], [ 111.9764813470000604, -8.0353973709999309, 0.0 ], [ 111.9764991120000559, -8.0352968239999427, 0.0 ], [ 111.9764665810000679, -8.0352466489999301, 0.0 ], [ 111.9764087990000689, -8.0351785869999617, 0.0 ], [ 111.9762718060000566, -8.0351178909999703, 0.0 ], [ 111.9761564810000891, -8.0350822699999753, 0.0 ], [ 111.9761023520000549, -8.0350357359999407, 0.0 ], [ 111.9760734300000422, -8.0349891419999722, 0.0 ], [ 111.9759866150000676, -8.0348278229999437, 0.0 ], [ 111.9758745660000727, -8.0346557949999351, 0.0 ], [ 111.975780711000084, -8.0345626919999518, 0.0 ], [ 111.9756689190000429, -8.0344983469999534, 0.0 ], [ 111.9755500790000724, -8.034498628999927, 0.0 ], [ 111.975298002000045, -8.0345028159999288, 0.0 ], [ 111.9751432100000557, -8.0345283089999384, 0.0 ], [ 111.9749163070000577, -8.0345180789999517, 0.0 ], [ 111.9747146900000416, -8.0345400939999649, 0.0 ], [ 111.9745022270000732, -8.0345441869999377, 0.0 ], [ 111.9741530200000739, -8.0345916769999803, 0.0 ], [ 111.9737497860000417, -8.034635704999971, 0.0 ], [ 111.9734474540000519, -8.0347082099999625, 0.0 ], [ 111.9732782310000516, -8.0347229689999722, 0.0 ], [ 111.9731809470000599, -8.0347016619999749, 0.0 ], [ 111.9731484590000719, -8.0346694339999658, 0.0 ], [ 111.9730726620000496, -8.0345978239999454, 0.0 ], [ 111.9729608620000363, -8.0345298889999412, 0.0 ], [ 111.9728924300000585, -8.0345264619999739, 0.0 ], [ 111.9728023910000729, -8.0345230849999325, 0.0 ], [ 111.9726691540000729, -8.0345269899999607, 0.0 ], [ 111.9725827080000613, -8.0345200149999414, 0.0 ], [ 111.9725178520000668, -8.0345058109999741, 0.0 ], [ 111.9724421490000736, -8.0344736849999663, 0.0 ], [ 111.9723520080000867, -8.0344272349999528, 0.0 ], [ 111.9722871260000829, -8.0344022619999578, 0.0 ], [ 111.9721286120000627, -8.0343775109999456, 0.0 ], [ 111.9720205410000631, -8.0343634079999333, 0.0 ], [ 111.9719628370000351, -8.0343276499999661, 0.0 ], [ 111.9718474180000385, -8.034252543999969, 0.0 ], [ 111.9716744140000628, -8.034191931999942, 0.0 ], [ 111.9715615080000362, -8.0341634839999756, 0.0 ], [ 111.9714133980000383, -8.0341808179999816, 0.0 ], [ 111.9711372660000848, -8.033501077999972, 0.0 ], [ 111.9710743240000852, -8.0332028599999603, 0.0 ], [ 111.9709420440000827, -8.0329767539999466, 0.0 ], [ 111.9708494650000716, -8.0329494469999645, 0.0 ], [ 111.9708304950000866, -8.0328228979999494, 0.0 ], [ 111.9707923580000397, -8.0324283449999712, 0.0 ], [ 111.9707603030000769, -8.0322675889999573, 0.0 ], [ 111.9707440080000538, -8.0321858719999568, 0.0 ], [ 111.9706981320000523, -8.0319260409999629, 0.0 ], [ 111.9707684460000792, -8.0319276299999274, 0.0 ], [ 111.9712357080000515, -8.0319381919999273, 0.0 ], [ 111.971247528000049, -8.0318603919999418, 0.0 ], [ 111.971976785000038, -8.0318646519999675, 0.0 ], [ 111.9720488020000744, -8.0318614909999724, 0.0 ], [ 111.971959340000069, -8.0308387069999299, 0.0 ], [ 111.9719158250000532, -8.0302076639999314, 0.0 ], [ 111.9718761380000842, -8.0296717319999402, 0.0 ], [ 111.9718554640000434, -8.0290543939999566, 0.0 ], [ 111.9721773060000487, -8.0291110649999382, 0.0 ], [ 111.9725040400000466, -8.0292060119999746, 0.0 ], [ 111.9736859770000592, -8.0295190889999617, 0.0 ], [ 111.9737617420000788, -8.0290738179999721, 0.0 ], [ 111.9737902100000611, -8.0289301719999457, 0.0 ], [ 111.9744434270000397, -8.0290147729999717, 0.0 ], [ 111.9751014470000428, -8.0290993609999646, 0.0 ], [ 111.9752107520000663, -8.0286252939999372, 0.0 ], [ 111.9756574800000521, -8.0287008099999753, 0.0 ], [ 111.9761569440000812, -8.0287426989999631, 0.0 ], [ 111.9764836220000461, -8.0288137129999768, 0.0 ], [ 111.9768200160000333, -8.0289325629999553, 0.0 ], [ 111.9768632760000742, -8.0289516039999285, 0.0 ], [ 111.9769730830000753, -8.0286881169999447, 0.0 ], [ 111.9773140850000459, -8.028725594999969, 0.0 ], [ 111.9777367590000381, -8.028782021999973, 0.0 ], [ 111.9780585430000883, -8.0288147589999426, 0.0 ], [ 111.9780964630000426, -8.0286088739999286, 0.0 ], [ 111.9781045780000568, -8.0279866829999378, 0.0 ], [ 111.9780891770000721, -8.0275703429999794, 0.0 ], [ 111.9783532510000441, -8.0275649299999259, 0.0 ], [ 111.9785578380000857, -8.0267795499999579, 0.0 ], [ 111.978663506000089, -8.0267936569999279, 0.0 ], [ 111.9797346830000606, -8.026972973999932, 0.0 ], [ 111.9807289900000455, -8.027133327999934, 0.0 ], [ 111.9818146870000533, -8.0273604639999689, 0.0 ], [ 111.9819578250000518, -8.0269820339999569, 0.0 ], [ 111.9821153220000838, -8.0265844259999426, 0.0 ], [ 111.9822009790000834, -8.0262635649999652, 0.0 ], [ 111.9823058650000576, -8.0259522289999268, 0.0 ], [ 111.9822765620000382, -8.0257465039999261, 0.0 ], [ 111.982328103000043, -8.0252151429999685, 0.0 ], [ 111.9824085900000341, -8.024741143999961, 0.0 ], [ 111.9824414760000764, -8.024439551999933, 0.0 ], [ 111.9825178750000418, -8.0242622899999674, 0.0 ], [ 111.9827230860000782, -8.0237401339999792, 0.0 ], [ 111.9828374980000376, -8.0233325079999531, 0.0 ], [ 111.9828383210000879, -8.0233295779999594, 0.0 ], [ 111.982986262000054, -8.0233724109999685, 0.0 ], [ 111.9830995210000424, -8.0233982989999504, 0.0 ], [ 111.9835849310000526, -8.0234910979999654, 0.0 ], [ 111.9838347740000586, -8.0235125129999574, 0.0 ], [ 111.983991819000039, -8.0236195889999635, 0.0 ], [ 111.9840774790000637, -8.0237266649999697, 0.0 ], [ 111.984177417000069, -8.0237552179999625, 0.0 ], [ 111.9844343990000652, -8.0238194639999278, 0.0 ], [ 111.9845700280000642, -8.0238622939999686, 0.0 ], [ 111.9846414120000873, -8.0239122629999429, 0.0 ], [ 111.9847984560000782, -8.0240478919999418, 0.0 ], [ 111.9849983310000425, -8.0241121369999746, 0.0 ], [ 111.9861998850000759, -8.0243834559999527, 0.0 ], [ 111.9865684870000564, -8.02443944099997, 0.0 ], [ 111.987010069000064, -8.0245065089999343, 0.0 ], [ 111.9871685360000697, -8.0245316919999254, 0.0 ], [ 111.9876405110000519, -8.0246066979999569, 0.0 ], [ 111.9884449360000644, -8.0246776849999719, 0.0 ], [ 111.9893394140000851, -8.0247581619999551, 0.0 ], [ 111.9896494990000519, -8.0239258629999313, 0.0 ], [ 111.9907484890000546, -8.0241924279999353, 0.0 ], [ 111.9908710310000401, -8.024214274999963, 0.0 ], [ 111.9910179930000709, -8.023952483999949, 0.0 ], [ 111.9917095790000872, -8.0241598819999354, 0.0 ], [ 111.9925076340000487, -8.0243308439999623, 0.0 ], [ 111.9928303740000501, -8.0234830239999724, 0.0 ], [ 111.9933378670000366, -8.0234843729999739, 0.0 ] ] ] ] } },
{ "type": "Feature", "properties": { "OBJECTID": 116531.0, "KDPPUM": "35", "NAMOBJ": "Kebonagung", "REMARK": "-", "KDPBPS": null, "FCODE": "BA03070040", "LUASWH": 0.0, "UUPP": "Hasil Sinkronisasi Data Pemda Tahun 2019", "SRS_ID": "SRGI 2013", "METADATA": "TASWIL1000020200326DATA_BATAS_DESA_KELURAHAN", "KDEBPS": null, "KDEPUM": "35.05.01.2007", "KDCBPS": null, "KDCPUM": "35.05.01", "KDBBPS": null, "WADMKD": "Kebonagung", "WIADKD": "0", "WADMKC": "Wonodadi", "WIADKC": null, "WADMKK": "Blitar", "WIADKK": null, "WADMPR": "Jawa Timur", "WIADPR": null, "TIPADM": 1.0, "KDPKAB": "35.05", "SHAPE_Leng": 0.107762254330143, "SHAPE_Area": 0.00026295371286500001 }, "geometry": { "type": "MultiPolygon", "coordinates": [ [ [ [ 112.0213130810000166, -8.0288087089999749, 0.0 ], [ 112.021310000000085, -8.0288499999999772, 0.0 ], [ 112.0212700000000723, -8.0294099999999275, 0.0 ], [ 112.0209600000000592, -8.0295299989999762, 0.0 ], [ 112.0196199990000423, -8.0295599999999467, 0.0 ], [ 112.0188500000000431, -8.0295699989999321, 0.0 ], [ 112.0176899990000265, -8.0295399999999404, 0.0 ], [ 112.0176178460000074, -8.0302164419999258, 0.0 ], [ 112.0178230610000583, -8.0302403509999749, 0.0 ], [ 112.0178101750000224, -8.0308505819999709, 0.0 ], [ 112.0178042780000851, -8.0313746509999646, 0.0 ], [ 112.0182076780000671, -8.0314023679999309, 0.0 ], [ 112.0186470170000348, -8.0314012799999546, 0.0 ], [ 112.0187434750000648, -8.0325352939999561, 0.0 ], [ 112.0187736620000578, -8.033087987999977, 0.0 ], [ 112.0194723040000326, -8.0330934349999552, 0.0 ], [ 112.0197101060000477, -8.0331430979999254, 0.0 ], [ 112.0197184180000249, -8.0336086519999412, 0.0 ], [ 112.019718479000062, -8.0336120919999416, 0.0 ], [ 112.0207170100001122, -8.0335330419999309, 0.0 ], [ 112.0219076140000425, -8.0334582969999815, 0.0 ], [ 112.0223830500000304, -8.0334906159999377, 0.0 ], [ 112.0224132850000842, -8.0340600599999448, 0.0 ], [ 112.0224524160000783, -8.0343471149999459, 0.0 ], [ 112.0225350480000088, -8.0347489219999488, 0.0 ], [ 112.0225932900000316, -8.0349976429999401, 0.0 ], [ 112.022857262000116, -8.034951519999936, 0.0 ], [ 112.0230066950000491, -8.0358253989999753, 0.0 ], [ 112.022778684000059, -8.0358777839999789, 0.0 ], [ 112.0225028850001081, -8.0359945269999571, 0.0 ], [ 112.022359032000054, -8.0360726549999413, 0.0 ], [ 112.0222089830000414, -8.0360730279999757, 0.0 ], [ 112.0221549500000719, -8.036067179999975, 0.0 ], [ 112.0219926870000791, -8.0359838309999532, 0.0 ], [ 112.0219265610001003, -8.0359421189999694, 0.0 ], [ 112.0218528610000703, -8.0352722799999583, 0.0 ], [ 112.0217309220000743, -8.0345128259999683, 0.0 ], [ 112.0216828320000104, -8.0344830339999476, 0.0 ], [ 112.0215988640001115, -8.0345071719999623, 0.0 ], [ 112.0211911510000391, -8.0346756899999718, 0.0 ], [ 112.0207353760000615, -8.03482638, 0.0 ], [ 112.0204054330000645, -8.0348930049999581, 0.0 ], [ 112.0199434020000808, -8.034942009999952, 0.0 ], [ 112.0196974410000621, -8.0349904779999406, 0.0 ], [ 112.0194214410000768, -8.0350270569999793, 0.0 ], [ 112.0193314120000423, -8.0350272799999516, 0.0 ], [ 112.0192052060000378, -8.0349617869999292, 0.0 ], [ 112.0190792100000863, -8.0349800459999301, 0.0 ], [ 112.0189892400001099, -8.0350041989999568, 0.0 ], [ 112.0188631990000658, -8.0350045109999542, 0.0 ], [ 112.0186710170000879, -8.0349571279999736, 0.0 ], [ 112.0185389590000113, -8.0349514729999783, 0.0 ], [ 112.0181728550001026, -8.0349583619999407, 0.0 ], [ 112.0176928620001036, -8.0350253559999487, 0.0 ], [ 112.0167388920000349, -8.035165309999968, 0.0 ], [ 112.0160609230000546, -8.035268685999938, 0.0 ], [ 112.0155328840000948, -8.0353238309999711, 0.0 ], [ 112.0151489510000147, -8.035402549999958, 0.0 ], [ 112.014440941000089, -8.0354940329999636, 0.0 ], [ 112.0137748850000889, -8.0355614809999452, 0.0 ], [ 112.0135107690000495, -8.0355501679999293, 0.0 ], [ 112.0135339450000629, -8.03521509899997, 0.0 ], [ 112.0129515610000226, -8.0351387629999635, 0.0 ], [ 112.0123631750000186, -8.0350624409999796, 0.0 ], [ 112.0122851500000252, -8.035062633999928, 0.0 ], [ 112.0122494640000923, -8.0351943329999358, 0.0 ], [ 112.0122019820000787, -8.03540981499998, 0.0 ], [ 112.0114994840000691, -8.0353038609999317, 0.0 ], [ 112.0110433630001125, -8.0353169479999451, 0.0 ], [ 112.0110257270000602, -8.0354665499999669, 0.0 ], [ 112.0110090540000556, -8.036005002999957, 0.0 ], [ 112.0103185590000976, -8.0358990179999523, 0.0 ], [ 112.010295291000034, -8.0361981929999615, 0.0 ], [ 112.0097728960000723, -8.0361097409999616, 0.0 ], [ 112.0092745380001134, -8.0360331939999696, 0.0 ], [ 112.0087101880000091, -8.0359687729999791, 0.0 ], [ 112.0086747080000578, -8.0361842249999427, 0.0 ], [ 112.0084162830000878, -8.0360472649999792, 0.0 ], [ 112.0081818800000519, -8.0359162269999729, 0.0 ], [ 112.0078454140000304, -8.0357734759999744, 0.0 ], [ 112.0077431740000975, -8.0356899729999327, 0.0 ], [ 112.0077009980000184, -8.0356242709999606, 0.0 ], [ 112.0076888460000646, -8.0355644769999799, 0.0 ], [ 112.0076580840000133, -8.0352594519999343, 0.0 ], [ 112.0071535040000299, -8.0350931809999793, 0.0 ], [ 112.0068651140001066, -8.0349742399999, 0.0 ], [ 112.0065406390000362, -8.0348254759999804, 0.0 ], [ 112.0062042330000622, -8.0347066519999544, 0.0 ], [ 112.0058438490000299, -8.034599850999939, 0.0 ], [ 112.0054233870000644, -8.0344692669999631, 0.0 ], [ 112.0047266430000263, -8.0342615869999463, 0.0 ], [ 112.0045044820000157, -8.0342262349999487, 0.0 ], [ 112.0044803410000895, -8.0341724529999397, 0.0 ], [ 112.0044980380000652, -8.034046779999926, 0.0 ], [ 112.0046463520000088, -8.0333404979999727, 0.0 ], [ 112.0046814520001135, -8.0329695049999259, 0.0 ], [ 112.0047875010000098, -8.0321616259999473, 0.0 ], [ 112.00490038800001, -8.0312053679999735, 0.0 ], [ 112.0049565770000299, -8.0306237439999677, 0.0 ], [ 112.0049631260000069, -8.0303581109999413, 0.0 ], [ 112.0045236090001026, -8.0302873959999488, 0.0 ], [ 112.0035728880000079, -8.0302825369999482, 0.0 ], [ 112.003466228000093, -8.0308427469999515, 0.0 ], [ 112.0034021650000113, -8.0311515939999367, 0.0 ], [ 112.0033301950001032, -8.031173305999971, 0.0 ], [ 112.0032077200000913, -8.0311592469999482, 0.0 ], [ 112.0027824840000221, -8.0310382429999549, 0.0 ], [ 112.0015067590001081, -8.0306680509999637, 0.0 ], [ 112.0010887440000715, -8.0305542059999766, 0.0 ], [ 112.0010313010000118, -8.0306261349999772, 0.0 ], [ 112.0008527550000963, -8.0312439499999755, 0.0 ], [ 112.0002833140000575, -8.0310586849999481, 0.0 ], [ 111.9998364020000849, -8.0309090159999528, 0.0 ], [ 112.0000291080000352, -8.0301906619999386, 0.0 ], [ 111.999517709000088, -8.030177546999937, 0.0 ], [ 111.9988838360000614, -8.0301503709999338, 0.0 ], [ 111.9988973980000537, -8.0298057529999483, 0.0 ], [ 111.9989321990000803, -8.0293103269999619, 0.0 ], [ 111.9989174260000482, -8.02915960699994, 0.0 ], [ 111.9989666670000474, -8.02867850399997, 0.0 ], [ 111.9989658780000354, -8.0283554569999751, 0.0 ], [ 111.9990079160000391, -8.0278743719999284, 0.0 ], [ 111.9987412400000721, -8.0277960509999389, 0.0 ], [ 111.9988469240000768, -8.0268338279999512, 0.0 ], [ 111.9988459240000793, -8.0264246359999447, 0.0 ], [ 111.9988384420000784, -8.0263097919999495, 0.0 ], [ 111.998794124000085, -8.0258576309999512, 0.0 ], [ 111.9987710620000598, -8.0252618419999635, 0.0 ], [ 111.998798574000034, -8.0247305399999505, 0.0 ], [ 111.998819041000047, -8.0242638639999768, 0.0 ], [ 111.9989447190000647, -8.0226411369999369, 0.0 ], [ 111.9990098970000645, -8.021987147999937, 0.0 ], [ 112.0000000000001137, -8.0219399999999723, 0.0 ], [ 112.0002600000000257, -8.0219399999999723, 0.0 ], [ 112.0007600000000139, -8.0219399999999723, 0.0 ], [ 112.0013800000000401, -8.0219599999999787, 0.0 ], [ 112.0018300000000409, -8.0219599999999787, 0.0 ], [ 112.002330000000029, -8.0219799999999282, 0.0 ], [ 112.0027500000001055, -8.0220599989999641, 0.0 ], [ 112.0029687460000787, -8.0221186869999315, 0.0 ], [ 112.00296941900001, -8.022393253999951, 0.0 ], [ 112.0029415370000834, -8.0232607669999538, 0.0 ], [ 112.0029609500001015, -8.0238350279999509, 0.0 ], [ 112.0030269850000195, -8.0238408489999529, 0.0 ], [ 112.0031530960000055, -8.0238704539999617, 0.0 ], [ 112.0032072600000674, -8.023930145999941, 0.0 ], [ 112.0032139220001, -8.024199335999981, 0.0 ], [ 112.0035359360000484, -8.0242082039999332, 0.0 ], [ 112.003529221000008, -8.0243803999999272, 0.0 ], [ 112.0047089310000956, -8.0244214569999599, 0.0 ], [ 112.0047093320000613, -8.0245845439999357, 0.0 ], [ 112.005291656000054, -8.0246429459999717, 0.0 ], [ 112.0057058270000425, -8.0246598819999804, 0.0 ], [ 112.0057143300000462, -8.0244564479999667, 0.0 ], [ 112.0057581540000911, -8.0244579729999259, 0.0 ], [ 112.0058233660000724, -8.0238237849999337, 0.0 ], [ 112.0067200000000867, -8.0239099999999439, 0.0 ], [ 112.0071300000000747, -8.0239499999999566, 0.0 ], [ 112.0077800000000252, -8.0240299989999357, 0.0 ], [ 112.0078700000000254, -8.0240399999999568, 0.0 ], [ 112.0089400000000524, -8.0242099999999255, 0.0 ], [ 112.0091099990000885, -8.0242199999999571, 0.0 ], [ 112.0091099990000885, -8.0236799989999668, 0.0 ], [ 112.0101100000000542, -8.0237099999999373, 0.0 ], [ 112.0113, -8.0236699999999814, 0.0 ], [ 112.0122800000000325, -8.0236399989999541, 0.0 ], [ 112.0129499990000568, -8.0236199989999477, 0.0 ], [ 112.0138499990000582, -8.0235699999999497, 0.0 ], [ 112.0143900000000485, -8.0234199999999305, 0.0 ], [ 112.0146161770001072, -8.0232956029999514, 0.0 ], [ 112.0147600000000239, -8.0217399999999657, 0.0 ], [ 112.0148468460000686, -8.020380877999969, 0.0 ], [ 112.0154867090000153, -8.0204990999999382, 0.0 ], [ 112.0154371630001151, -8.0187117559999592, 0.0 ], [ 112.0154224640000393, -8.0181815049999727, 0.0 ], [ 112.0162505160000137, -8.0182005409999419, 0.0 ], [ 112.0162505160000137, -8.0183528259999548, 0.0 ], [ 112.0170024260000901, -8.0183528259999548, 0.0 ], [ 112.0170309800000723, -8.0182005409999419, 0.0 ], [ 112.0172118190000674, -8.0181910229999289, 0.0 ], [ 112.0172594080000863, -8.0179530769999587, 0.0 ], [ 112.0180434720000449, -8.0179803399999514, 0.0 ], [ 112.0191478520000601, -8.0180187419999811, 0.0 ], [ 112.0211810950000881, -8.0179808099999264, 0.0 ], [ 112.0211794060001012, -8.0178767659999721, 0.0 ], [ 112.0214077410000755, -8.0178731449999532, 0.0 ], [ 112.0214505580000832, -8.0181960859999322, 0.0 ], [ 112.0214754310001126, -8.0185429999999656, 0.0 ], [ 112.0214764310001101, -8.0189438139999538, 0.0 ], [ 112.0214950930001123, -8.0192069909999759, 0.0 ], [ 112.0213211030001048, -8.019231351999963, 0.0 ], [ 112.0213335990000587, -8.0194287379999309, 0.0 ], [ 112.0213466180000523, -8.0198355049999464, 0.0 ], [ 112.0213592930000459, -8.0201046799999745, 0.0 ], [ 112.0215092760000744, -8.0200803779999319, 0.0 ], [ 112.0215037080000684, -8.0202538799999274, 0.0 ], [ 112.0214899130000958, -8.0204618059999575, 0.0 ], [ 112.0214632180000081, -8.0208641789999433, 0.0 ], [ 112.0222133020000683, -8.0208084779999353, 0.0 ], [ 112.0221852060000174, -8.0215742869999644, 0.0 ], [ 112.0221312800000533, -8.0216103149999753, 0.0 ], [ 112.0221378790000699, -8.0218495919999668, 0.0 ], [ 112.0220515990000649, -8.022347070999956, 0.0 ], [ 112.0220432140000639, -8.0223954169999274, 0.0 ], [ 112.0219676110000364, -8.0228837629999816, 0.0 ], [ 112.0219592510001121, -8.0233815149999259, 0.0 ], [ 112.0222410560000981, -8.0234339319999322, 0.0 ], [ 112.0223147240000117, -8.0234476349999682, 0.0 ], [ 112.0223174270000754, -8.0245292349999318, 0.0 ], [ 112.0223083260000294, -8.0247302649999597, 0.0 ], [ 112.0223526280000215, -8.0251656689999322, 0.0 ], [ 112.0223769100000482, -8.0252756839999506, 0.0 ], [ 112.0223086310001008, -8.0253192319999584, 0.0 ], [ 112.0222978120000334, -8.0253261319999751, 0.0 ], [ 112.0222914350000565, -8.0256563729999471, 0.0 ], [ 112.022302889000116, -8.0259451509999735, 0.0 ], [ 112.0223068090000424, -8.0260439899999483, 0.0 ], [ 112.0223225050000337, -8.0265608249999332, 0.0 ], [ 112.0222661080000535, -8.0270491239999728, 0.0 ], [ 112.0221944630000053, -8.0272000569999591, 0.0 ], [ 112.0220654870000772, -8.0274659939999538, 0.0 ], [ 112.021784493000041, -8.0274236179999434, 0.0 ], [ 112.0217997940001169, -8.0277825209999492, 0.0 ], [ 112.0218016960000114, -8.0285434699999314, 0.0 ], [ 112.021795086000111, -8.0287803869999266, 0.0 ], [ 112.0216438930000322, -8.028802298999949, 0.0 ], [ 112.0213130810000166, -8.0288087089999749, 0.0 ] ] ] ] } },
{ "type": "Feature", "properties": { "OBJECTID": 116523.0, "KDPPUM": "35", "NAMOBJ": "Kunir", "REMARK": "-", "KDPBPS": null, "FCODE": "BA03070040", "LUASWH": 0.0, "UUPP": "Hasil Sinkronisasi Data Pemda Tahun 2019", "SRS_ID": "SRGI 2013", "METADATA": "TASWIL1000020200326DATA_BATAS_DESA_KELURAHAN", "KDEBPS": null, "KDEPUM": "35.05.01.2010", "KDCBPS": null, "KDCPUM": "35.05.01", "KDBBPS": null, "WADMKD": "Kunir", "WIADKD": "0", "WADMKC": "Wonodadi", "WIADKC": null, "WADMKK": "Blitar", "WIADKK": null, "WADMPR": "Jawa Timur", "WIADPR": null, "TIPADM": 1.0, "KDPKAB": "35.05", "SHAPE_Leng": 0.102045629077417, "SHAPE_Area": 0.00045403809355899999 }, "geometry": { "type": "MultiPolygon", "coordinates": [ [ [ [ 112.021920413000089, -8.0705093819999547, 0.0 ], [ 112.0223283110000239, -8.0705752689999599, 0.0 ], [ 112.0235953740000241, -8.0706228579999788, 0.0 ], [ 112.0246899260000646, -8.0706526009999493, 0.0 ], [ 112.0257487860000083, -8.0706644989999745, 0.0 ], [ 112.0258142210000187, -8.0703551689999813, 0.0 ], [ 112.0266529810000975, -8.0704562959999748, 0.0 ], [ 112.0273965630000248, -8.070563371999981, 0.0 ], [ 112.0281758360000595, -8.070694241999945, 0.0 ], [ 112.0289551100000836, -8.0708251119999659, 0.0 ], [ 112.0294369510000934, -8.0708548559999258, 0.0 ], [ 112.0304761690000532, -8.0709549039999615, 0.0 ], [ 112.0303857810000636, -8.0712901409999631, 0.0 ], [ 112.0303290420000621, -8.0716396509999413, 0.0 ], [ 112.0300806360000934, -8.0721523619999402, 0.0 ], [ 112.0299158040000975, -8.0724830009999664, 0.0 ], [ 112.0298299140000609, -8.0726985799999511, 0.0 ], [ 112.0297514810000621, -8.073014642999965, 0.0 ], [ 112.0296370690000458, -8.07334515499997, 0.0 ], [ 112.0295729880000408, -8.0736396459999469, 0.0 ], [ 112.0295089970001072, -8.0739700309999307, 0.0 ], [ 112.0301938830000381, -8.0742052069999772, 0.0 ], [ 112.0301370050000287, -8.074499679999974, 0.0 ], [ 112.0300798180001038, -8.0746721139999522, 0.0 ], [ 112.0300443120000864, -8.0748732089999748, 0.0 ], [ 112.0299590210000815, -8.0753256869999746, 0.0 ], [ 112.0298665280000705, -8.0757781829999544, 0.0 ], [ 112.0297881490000691, -8.0761157819999312, 0.0 ], [ 112.0297279040000831, -8.0764704789999655, 0.0 ], [ 112.0297100800000862, -8.0765754199999265, 0.0 ], [ 112.0295530130000543, -8.077128580999954, 0.0 ], [ 112.0294888950000995, -8.0774087149999332, 0.0 ], [ 112.0292798420000508, -8.0773446319999493, 0.0 ], [ 112.0292542920000187, -8.0773429989999386, 0.0 ], [ 112.0289696200001117, -8.0796488119999594, 0.0 ], [ 112.0289374980000048, -8.0805910789999302, 0.0 ], [ 112.0288946670000314, -8.0819438019999552, 0.0 ], [ 112.0287733150000804, -8.0834321549999686, 0.0 ], [ 112.0285734400000592, -8.0834250169999677, 0.0 ], [ 112.0285306100000753, -8.0837819359999799, 0.0 ], [ 112.0286698080000178, -8.0837997819999714, 0.0 ], [ 112.0286448240000254, -8.0845029129999375, 0.0 ], [ 112.0286971720000793, -8.0845041019999258, 0.0 ], [ 112.0286329270001033, -8.0856676589999665, 0.0 ], [ 112.0286329270001033, -8.0859032249999814, 0.0 ], [ 112.0288149550000298, -8.0858782409999321, 0.0 ], [ 112.0287865010000132, -8.0865956909999568, 0.0 ], [ 112.0277465770000163, -8.0865664999999467, 0.0 ], [ 112.0276466400000572, -8.0879013779999696, 0.0 ], [ 112.0275538410000991, -8.0900928609999596, 0.0 ], [ 112.027411073000053, -8.0912207259999605, 0.0 ], [ 112.0273254130000851, -8.0923057599999311, 0.0 ], [ 112.0272207170000911, -8.093518094999979, 0.0 ], [ 112.0272064400001, -8.0945888529999479, 0.0 ], [ 112.0269446990000688, -8.0945888529999479, 0.0 ], [ 112.0267924140000559, -8.0957976189999385, 0.0 ], [ 112.0265877800001135, -8.0983341249999512, 0.0 ], [ 112.0276190300000962, -8.0983247419999316, 0.0 ], [ 112.0275759090000065, -8.0983269859999609, 0.0 ], [ 112.0264162210000904, -8.0984588619999727, 0.0 ], [ 112.0260242280000966, -8.0985075999999481, 0.0 ], [ 112.0250194390000615, -8.0986325309999643, 0.0 ], [ 112.0239077630000111, -8.0985723059999373, 0.0 ], [ 112.0224691120000671, -8.0982708709999542, 0.0 ], [ 112.0209694080000418, -8.0981184099999268, 0.0 ], [ 112.0208771990000969, -8.0980913199999804, 0.0 ], [ 112.0192660820000583, -8.0976179819999743, 0.0 ], [ 112.0184799400000202, -8.0972675289999643, 0.0 ], [ 112.0184001380000609, -8.0972319539999376, 0.0 ], [ 112.0174511690000827, -8.0968089139999506, 0.0 ], [ 112.0159144630000583, -8.0968247069999393, 0.0 ], [ 112.0154443720000472, -8.0968669799999589, 0.0 ], [ 112.0145461070001147, -8.0969477569999526, 0.0 ], [ 112.0140373550000277, -8.0971044109999752, 0.0 ], [ 112.0140125820000776, -8.0971120389999669, 0.0 ], [ 112.0126266490000262, -8.0975387929999556, 0.0 ], [ 112.0115704080000114, -8.0976490949999516, 0.0 ], [ 112.0103700970000773, -8.0977597499999661, 0.0 ], [ 112.0092054450000205, -8.0977267379999489, 0.0 ], [ 112.0086880500000461, -8.0976507019999531, 0.0 ], [ 112.0080044180000414, -8.0975502359999609, 0.0 ], [ 112.0068260370001099, -8.096823297999947, 0.0 ], [ 112.006164649000084, -8.0963941999999633, 0.0 ], [ 112.0050236200000882, -8.0957465679999814, 0.0 ], [ 112.0061091170000509, -8.0959143999999696, 0.0 ], [ 112.0070747480000364, -8.0960603809999725, 0.0 ], [ 112.0081424720000314, -8.0962234559999615, 0.0 ], [ 112.0084397050001144, -8.0962586159999432, 0.0 ], [ 112.0084869860000936, -8.095817780999937, 0.0 ], [ 112.0085512320000589, -8.0951372549999405, 0.0 ], [ 112.0085988210000778, -8.0946494659999644, 0.0 ], [ 112.0086583080000082, -8.0942925469999523, 0.0 ], [ 112.0087594350001154, -8.0937095789999489, 0.0 ], [ 112.0089319460000752, -8.092870818999927, 0.0 ], [ 112.0091044560000455, -8.0920380069999283, 0.0 ], [ 112.0091936860001169, -8.0916037559999268, 0.0 ], [ 112.0093186080000578, -8.0910743259999549, 0.0 ], [ 112.0094554270000344, -8.0905032549999305, 0.0 ], [ 112.0094851700000618, -8.0902950519999308, 0.0 ], [ 112.0095149140000785, -8.0900809009999648, 0.0 ], [ 112.0096814760000825, -8.089515778999953, 0.0 ], [ 112.0098837300000696, -8.0886187219999783, 0.0 ], [ 112.0100407740001174, -8.0879405749999478, 0.0 ], [ 112.010276341000008, -8.0869483399999353, 0.0 ], [ 112.0103905550000718, -8.0863986849999492, 0.0 ], [ 112.010569015000101, -8.0857419529999675, 0.0 ], [ 112.0107260590000351, -8.0849424549999753, 0.0 ], [ 112.0107760280000093, -8.0845498429999338, 0.0 ], [ 112.0108331350000981, -8.0842214779999608, 0.0 ], [ 112.0102192340000329, -8.0841072639999538, 0.0 ], [ 112.0100050820000206, -8.0840501569999788, 0.0 ], [ 112.0100621900000988, -8.0832649349999315, 0.0 ], [ 112.0101121580000836, -8.0824368819999677, 0.0 ], [ 112.0100621900000988, -8.0823797749999358, 0.0 ], [ 112.0100693280000996, -8.0820942399999467, 0.0 ], [ 112.0101192970000739, -8.0818943649999255, 0.0 ], [ 112.0101692650000587, -8.0818872269999815, 0.0 ], [ 112.0102692030000071, -8.0813447089999499, 0.0 ], [ 112.0103548630000887, -8.080823607999946, 0.0 ], [ 112.0105119080000122, -8.0803524739999375, 0.0 ], [ 112.010818858000107, -8.0803810279999766, 0.0 ], [ 112.0109045190000643, -8.0801169079999795, 0.0 ], [ 112.0110115940000242, -8.0795815289999382, 0.0 ], [ 112.0111186700000871, -8.0791460869999696, 0.0 ], [ 112.0112043310000445, -8.0784393879999357, 0.0 ], [ 112.0108474120000892, -8.0784179719999543, 0.0 ], [ 112.0109187960000554, -8.0777969329999451, 0.0 ], [ 112.0109830410000313, -8.077718410999978, 0.0 ], [ 112.0110472860000073, -8.0775042589999657, 0.0 ], [ 112.0111543620000703, -8.0767761439999504, 0.0 ], [ 112.0112114690000453, -8.0763430819999371, 0.0 ], [ 112.0111258090000774, -8.0763050109999313, 0.0 ], [ 112.0113352010000654, -8.0755626189999816, 0.0 ], [ 112.0116302540000106, -8.0756387619999259, 0.0 ], [ 112.0117825400000129, -8.0750010659999703, 0.0 ], [ 112.0119824150000341, -8.0741825319999521, 0.0 ], [ 112.0121347000000469, -8.0741825319999521, 0.0 ], [ 112.0124107180000692, -8.0740397639999628, 0.0 ], [ 112.0126010740000311, -8.0740683179999451, 0.0 ], [ 112.0127248060000511, -8.0735258009999598, 0.0 ], [ 112.0129627530000107, -8.0729642479999484, 0.0 ], [ 112.0136765910000349, -8.0713557319999722, 0.0 ], [ 112.0140846680000095, -8.0705883559999734, 0.0 ], [ 112.0141857950001167, -8.0704277419999357, 0.0 ], [ 112.0142869230000997, -8.0703682559999379, 0.0 ], [ 112.014376152000068, -8.0700767719999362, 0.0 ], [ 112.0160941230000162, -8.0704907979999803, 0.0 ], [ 112.0160715180001034, -8.0712593639999568, 0.0 ], [ 112.0167353880000292, -8.0713021939999408, 0.0 ], [ 112.0174063960000694, -8.0713378859999807, 0.0 ], [ 112.0174635030000445, -8.071345024999971, 0.0 ], [ 112.0174991950000276, -8.0710666279999259, 0.0 ], [ 112.0187769650000291, -8.0711951189999809, 0.0 ], [ 112.01914935100001, -8.0712510359999783, 0.0 ], [ 112.0199274350001133, -8.0712724509999703, 0.0 ], [ 112.0202343850000943, -8.0713438349999365, 0.0 ], [ 112.0203057690000605, -8.0714580489999435, 0.0 ], [ 112.0207055190001029, -8.072271824999973, 0.0 ], [ 112.0208911170000192, -8.0726572969999779, 0.0 ], [ 112.0209981920000928, -8.0728143419999583, 0.0 ], [ 112.0212337590000971, -8.0728571719999422, 0.0 ], [ 112.0217834140000832, -8.0728928639999253, 0.0 ], [ 112.0219047670000236, -8.0727643729999272, 0.0 ], [ 112.022404454000025, -8.072785787999976, 0.0 ], [ 112.0229184170000281, -8.0728143419999583, 0.0 ], [ 112.0233609970000543, -8.0728357569999503, 0.0 ], [ 112.0235608720000755, -8.0718577979999395, 0.0 ], [ 112.0229541090000112, -8.0717578609999805, 0.0 ], [ 112.0223045160000765, -8.0716579239999646, 0.0 ], [ 112.0222973780000757, -8.0715151559999754, 0.0 ], [ 112.0218547980000494, -8.0714366339999515, 0.0 ], [ 112.0218476600000486, -8.071001191999926, 0.0 ], [ 112.021920413000089, -8.0705093819999547, 0.0 ] ] ] ] } },
{ "type": "Feature", "properties": { "OBJECTID": 116528.0, "KDPPUM": "35", "NAMOBJ": "Wonodadi", "REMARK": "-", "KDPBPS": null, "FCODE": "BA03070040", "LUASWH": 0.0, "UUPP": "Hasil Sinkronisasi Data Pemda Tahun 2019", "SRS_ID": "SRGI 2013", "METADATA": "TASWIL1000020200326DATA_BATAS_DESA_KELURAHAN", "KDEBPS": null, "KDEPUM": "35.05.01.2005", "KDCBPS": null, "KDCPUM": "35.05.01", "KDBBPS": null, "WADMKD": "Wonodadi", "WIADKD": "0", "WADMKC": "Wonodadi", "WIADKC": null, "WADMKK": "Blitar", "WIADKK": null, "WADMPR": "Jawa Timur", "WIADPR": null, "TIPADM": 1.0, "KDPKAB": "35.05", "SHAPE_Leng": 0.13407144195793599, "SHAPE_Area": 0.00039048464749800001 }, "geometry": { "type": "MultiPolygon", "coordinates": [ [ [ [ 111.9885055980000743, -8.0339390869999647, 0.0 ], [ 111.9888268330000756, -8.0340906259999656, 0.0 ], [ 111.9887128890000554, -8.0346257259999447, 0.0 ], [ 111.9884563730000764, -8.0357713739999781, 0.0 ], [ 111.988737641000057, -8.0359250439999528, 0.0 ], [ 111.9888205120000748, -8.0359427909999681, 0.0 ], [ 111.9888782450000804, -8.035989314999938, 0.0 ], [ 111.9889071940000349, -8.0360466769999448, 0.0 ], [ 111.9889578370000436, -8.0361398799999506, 0.0 ], [ 111.9890518070000667, -8.036279641999954, 0.0 ], [ 111.9891925850000689, -8.0364157019999425, 0.0 ], [ 111.9893115990000751, -8.0364872049999576, 0.0 ], [ 111.9894233150000673, -8.0365192409999509, 0.0 ], [ 111.9895277770000348, -8.0365297579999719, 0.0 ], [ 111.9896250010000358, -8.0365259339999398, 0.0 ], [ 111.989733003000083, -8.0365113159999737, 0.0 ], [ 111.9898769470000843, -8.0364678969999659, 0.0 ], [ 111.9899633770000378, -8.0364676889999487, 0.0 ], [ 111.9900390280000693, -8.036478274999979, 0.0 ], [ 111.9901290760000734, -8.0364852369999653, 0.0 ], [ 111.9902191500000868, -8.0365029669999331, 0.0 ], [ 111.9902948190000416, -8.0365207319999286, 0.0 ], [ 111.990399481000054, -8.0366138049999449, 0.0 ], [ 111.9904248290000623, -8.0366711749999808, 0.0 ], [ 111.9904145910000466, -8.0369045129999677, 0.0 ], [ 111.9903896170000621, -8.0370014879999303, 0.0 ], [ 111.9903753520000578, -8.0370589529999279, 0.0 ], [ 111.990411477000066, -8.0371055289999731, 0.0 ], [ 111.9904908170000795, -8.0371520009999813, 0.0 ], [ 111.9905844670000761, -8.0371589539999491, 0.0 ], [ 111.990678090000074, -8.0371551389999354, 0.0 ], [ 111.990850870000088, -8.0371224169999778, 0.0 ], [ 111.9909445190000383, -8.037129370999935, 0.0 ], [ 111.9909841850000589, -8.0371508119999362, 0.0 ], [ 111.9909987210000395, -8.0372046179999757, 0.0 ], [ 111.9910063330000867, -8.0373733029999812, 0.0 ], [ 111.9909379440000521, -8.0373878259999287, 0.0 ], [ 111.9908263580000494, -8.0374096309999459, 0.0 ], [ 111.9907976620000341, -8.0374563629999329, 0.0 ], [ 111.9908086400000684, -8.0375281249999375, 0.0 ], [ 111.9908484970000586, -8.037628533999964, 0.0 ], [ 111.9909026630000426, -8.0376894229999607, 0.0 ], [ 111.9909459910000464, -8.0377359819999583, 0.0 ], [ 111.9910613880000483, -8.0378003129999342, 0.0 ], [ 111.9911010880000504, -8.0378361119999795, 0.0 ], [ 111.9912417370000526, -8.0379183299999681, 0.0 ], [ 111.9914147700000626, -8.0379897009999581, 0.0 ], [ 111.991613012000073, -8.0380610119999574, 0.0 ], [ 111.9920058690000815, -8.0381928729999572, 0.0 ], [ 111.9920996140000398, -8.0382393089999482, 0.0 ], [ 111.9922005360000412, -8.038274959999967, 0.0 ], [ 111.9922979610000766, -8.0383536919999301, 0.0 ], [ 111.9924533030000475, -8.0385543259999395, 0.0 ], [ 111.992720562000045, -8.0388695499999585, 0.0 ], [ 111.9927462330000481, -8.039059727999927, 0.0 ], [ 111.9927645540000753, -8.0391889039999569, 0.0 ], [ 111.9928006970000638, -8.0392426579999778, 0.0 ], [ 111.9928583690000892, -8.0392640549999328, 0.0 ], [ 111.992952037000066, -8.0392781869999794, 0.0 ], [ 111.9931286460000592, -8.03933878, 0.0 ], [ 111.9931935640000802, -8.0393781069999477, 0.0 ], [ 111.9932512980000752, -8.0394246299999281, 0.0 ], [ 111.9933524640000542, -8.0395607839999457, 0.0 ], [ 111.9933997080000836, -8.0397365519999653, 0.0 ], [ 111.9934214640000505, -8.0397975199999792, 0.0 ], [ 111.993450431000042, -8.0398620599999617, 0.0 ], [ 111.9935479360000841, -8.039973095999926, 0.0 ], [ 111.9937282870000672, -8.0400911119999705, 0.0 ], [ 111.9939665370000625, -8.0403238489999467, 0.0 ], [ 111.9941289430000779, -8.0404670329999703, 0.0 ], [ 111.9942552230000388, -8.0405636419999382, 0.0 ], [ 111.9945293640000727, -8.0407460399999309, 0.0 ], [ 111.9947674750000601, -8.0409213449999584, 0.0 ], [ 111.9949154680000447, -8.0410609749999367, 0.0 ], [ 111.9951248040000564, -8.04125070799995, 0.0 ], [ 111.9952042860000461, -8.0413546089999386, 0.0 ], [ 111.9952621940000768, -8.0414729199999329, 0.0 ], [ 111.9952551760000574, -8.0415483149999432, 0.0 ], [ 111.9952482090000672, -8.0416452459999732, 0.0 ], [ 111.9952485070000421, -8.0417672859999811, 0.0 ], [ 111.9952739520000478, -8.0418641389999266, 0.0 ], [ 111.9952921070000684, -8.041925115999959, 0.0 ], [ 111.9953245800000445, -8.0419501629999672, 0.0 ], [ 111.9954506770000648, -8.0419713939999724, 0.0 ], [ 111.9955226320000747, -8.0419425039999624, 0.0 ], [ 111.9955909860000816, -8.0419136229999708, 0.0 ], [ 111.9956917690000751, -8.0418918419999272, 0.0 ], [ 111.9958430220000878, -8.0418914759999325, 0.0 ], [ 111.9959150910000858, -8.0419092479999676, 0.0 ], [ 111.9959835760000715, -8.0419342079999296, 0.0 ], [ 111.9960845510000809, -8.0419913939999788, 0.0 ], [ 111.9961821360000727, -8.0421347349999337, 0.0 ], [ 111.9963375420000489, -8.0423604919999434, 0.0 ], [ 111.9964604670000767, -8.0425576129999286, 0.0 ], [ 111.9965688120000777, -8.0426829799999382, 0.0 ], [ 111.9966121940000789, -8.0427510739999661, 0.0 ], [ 111.9966232690000538, -8.0428623189999371, 0.0 ], [ 111.9965946870000835, -8.0429557139999588, 0.0 ], [ 111.9965767950000668, -8.0430024199999366, 0.0 ], [ 111.9965412030000493, -8.0431747979999386, 0.0 ], [ 111.9965702060000581, -8.0432536959999652, 0.0 ], [ 111.9966244170000778, -8.0433325309999759, 0.0 ], [ 111.996815548000086, -8.0434397509999371, 0.0 ], [ 111.9968588770000792, -8.0434863079999559, 0.0 ], [ 111.9968878540000787, -8.0435544369999548, 0.0 ], [ 111.996888029000047, -8.0436262249999686, 0.0 ], [ 111.9968702070000859, -8.0437016459999313, 0.0 ], [ 111.9968523500000401, -8.0437627099999531, 0.0 ], [ 111.9968740630000639, -8.0438057299999741, 0.0 ], [ 111.9969498300000623, -8.0438629769999466, 0.0 ], [ 111.9970003090000432, -8.0438879809999548, 0.0 ], [ 111.997194989000036, -8.0439736539999558, 0.0 ], [ 111.9973501860000624, -8.0441132649999645, 0.0 ], [ 111.997389852000083, -8.0441347059999657, 0.0 ], [ 111.9975339300000883, -8.0441451239999537, 0.0 ], [ 111.9976203260000602, -8.0441305559999705, 0.0 ], [ 111.9976851660000534, -8.0441375779999476, 0.0 ], [ 111.9977104370000802, -8.0441626419999466, 0.0 ], [ 111.9977646220000338, -8.0442307099999653, 0.0 ], [ 111.9978261160000557, -8.0443418329999758, 0.0 ], [ 111.9978586950000476, -8.0444099529999562, 0.0 ], [ 111.9979020420000779, -8.0444636889999401, 0.0 ], [ 111.9979741810000746, -8.0445101759999602, 0.0 ], [ 111.9981832050000889, -8.0445706879999648, 0.0 ], [ 111.9982515500000773, -8.0445382169999675, 0.0 ], [ 111.9983198870000365, -8.044502156999954, 0.0 ], [ 111.9984169900000666, -8.0444480799999383, 0.0 ], [ 111.9984853970000813, -8.0444407349999665, 0.0 ], [ 111.9985574570000608, -8.0444549169999391, 0.0 ], [ 111.9986475420000716, -8.0444762349999337, 0.0 ], [ 111.9987772850000738, -8.0445154029999344, 0.0 ], [ 111.998860114000081, -8.0445152009999674, 0.0 ], [ 111.9989321050000513, -8.0445006689999445, 0.0 ], [ 111.9990508940000495, -8.044478842999979, 0.0 ], [ 111.9991192480000564, -8.0444499609999411, 0.0 ], [ 111.999184054000068, -8.044442624999931, 0.0 ], [ 111.9993137260000822, -8.0444530779999468, 0.0 ], [ 111.9994146680000426, -8.0444959049999625, 0.0 ], [ 111.9994506360000628, -8.0444778709999696, 0.0 ], [ 111.9994685640000398, -8.0444455219999327, 0.0 ], [ 111.9995151610000335, -8.0443556729999273, 0.0 ], [ 111.9995546690000765, -8.0443125039999472, 0.0 ], [ 111.9995978230000446, -8.0442872729999522, 0.0 ], [ 111.9996410380000498, -8.0442871679999257, 0.0 ], [ 111.9997239120000359, -8.0443049129999622, 0.0 ], [ 111.9997888580000449, -8.0443550069999787, 0.0 ], [ 111.999872013000072, -8.0444876129999443, 0.0 ], [ 111.9999298440000643, -8.0445736189999479, 0.0 ], [ 112.0000200080000923, -8.0446272409999438, 0.0 ], [ 112.0000919990000057, -8.0446127079999314, 0.0 ], [ 112.0001351520000981, -8.0445874769999364, 0.0 ], [ 112.0001854380000168, -8.0445335129999762, 0.0 ], [ 112.000228557000014, -8.0444939239999371, 0.0 ], [ 112.0003365160000612, -8.0444613559999425, 0.0 ], [ 112.0004013040000928, -8.0444468409999672, 0.0 ], [ 112.0005092890000924, -8.044425040999954, 0.0 ], [ 112.0006028880001168, -8.0444104559999801, 0.0 ], [ 112.0007683970001153, -8.0443490319999569, 0.0 ], [ 112.0008727980000458, -8.0443344199999274, 0.0 ], [ 112.0009880130000965, -8.0443233709999618, 0.0 ], [ 112.0010276360001171, -8.0443268639999701, 0.0 ], [ 112.0011177820000512, -8.0443733069999439, 0.0 ], [ 112.0012078670000619, -8.0443946239999491, 0.0 ], [ 112.001355563000061, -8.0444122109999512, 0.0 ], [ 112.0014168290000498, -8.0444300089999388, 0.0 ], [ 112.0015358120000428, -8.0444871489999628, 0.0 ], [ 112.0016836410001133, -8.0445585769999752, 0.0 ], [ 112.001762860000099, -8.0445547949999536, 0.0 ], [ 112.0020039640000959, -8.0444800239999381, 0.0 ], [ 112.0020138230000839, -8.0445840939999584, 0.0 ], [ 112.0019964480001136, -8.0448413789999336, 0.0 ], [ 112.0019433690000596, -8.0452243799999792, 0.0 ], [ 112.00187815400011, -8.0455535689999351, 0.0 ], [ 112.0018426550000186, -8.0457630389999508, 0.0 ], [ 112.0017177410001068, -8.0462239859999727, 0.0 ], [ 112.001556975000085, -8.0467508269999257, 0.0 ], [ 112.0013544140000477, -8.0473675049999542, 0.0 ], [ 112.004039490000082, -8.048216426999943, 0.0 ], [ 112.0048744270000043, -8.04847162599998, 0.0 ], [ 112.0048030940000672, -8.0487529709999421, 0.0 ], [ 112.0044519820000914, -8.0499790189999771, 0.0 ], [ 112.0044426500001009, -8.0500891169999704, 0.0 ], [ 112.0043657860001076, -8.050074947999974, 0.0 ], [ 112.0042023610000115, -8.0500083449999806, 0.0 ], [ 112.0041110450000588, -8.0499750669999344, 0.0 ], [ 112.003938205000054, -8.049985061999962, 0.0 ], [ 112.0035378960000116, -8.0512208009999426, 0.0 ], [ 112.0033615500000224, -8.051757251999959, 0.0 ], [ 112.0033617620000541, -8.05184339799996, 0.0 ], [ 112.0034338470001103, -8.0518671509999535, 0.0 ], [ 112.0035011670000813, -8.0519052739999779, 0.0 ], [ 112.00353494400008, -8.0519721939999727, 0.0 ], [ 112.0035639200000332, -8.0520391249999648, 0.0 ], [ 112.0036558020000257, -8.052302124999926, 0.0 ], [ 112.0036849540000503, -8.052440843999932, 0.0 ], [ 112.0036324290000493, -8.0525606199999515, 0.0 ], [ 112.0035226710000416, -8.0528384699999265, 0.0 ], [ 112.0034134320001158, -8.0533268989999556, 0.0 ], [ 112.0033897050000178, -8.0534418179999534, 0.0 ], [ 112.0033421230000386, -8.053619011999956, 0.0 ], [ 112.0032659660000718, -8.0538919949999581, 0.0 ], [ 112.0032854320000979, -8.0539972369999759, 0.0 ], [ 112.0032856680001032, -8.0540929539999411, 0.0 ], [ 112.0032762170000069, -8.0541551939999749, 0.0 ], [ 112.0031994940001141, -8.0541984539999589, 0.0 ], [ 112.0031517240000767, -8.0542990749999603, 0.0 ], [ 112.0031614450000461, -8.0543469099999356, 0.0 ], [ 112.0032098760000281, -8.0545142979999582, 0.0 ], [ 112.003291789000059, -8.054628958999956, 0.0 ], [ 112.0033878730000652, -8.0546478669999715, 0.0 ], [ 112.0034600180000552, -8.0546955499999626, 0.0 ], [ 112.0035035640000842, -8.054829447999964, 0.0 ], [ 112.003570967000087, -8.0549010719999501, 0.0 ], [ 112.0036097590000281, -8.0550541259999591, 0.0 ], [ 112.0036002850000614, -8.0551067939999257, 0.0 ], [ 112.0035091910000347, -8.0551644469999815, 0.0 ], [ 112.0034949740000911, -8.055241055999943, 0.0 ], [ 112.0034952450000674, -8.0553511309999521, 0.0 ], [ 112.0035533510000505, -8.0555472099999292, 0.0 ], [ 112.0036163050000368, -8.0557624219999298, 0.0 ], [ 112.0036836130000211, -8.0557957579999311, 0.0 ], [ 112.0038708140000381, -8.055766584999958, 0.0 ], [ 112.0040246610000167, -8.0558427819999565, 0.0 ], [ 112.0045774860000165, -8.0560902949999331, 0.0 ], [ 112.0044297730000835, -8.0565548879999369, 0.0 ], [ 112.0034315910000942, -8.0568014119999702, 0.0 ], [ 112.002802867000014, -8.0569321689999356, 0.0 ], [ 112.0027798120000853, -8.0573198829999342, 0.0 ], [ 112.0027425520000861, -8.0577889909999385, 0.0 ], [ 112.002691063000043, -8.0583299229999739, 0.0 ], [ 112.0026444580000771, -8.0589043439999273, 0.0 ], [ 112.0026071390000197, -8.0593495239999697, 0.0 ], [ 112.0025743970001031, -8.0597037599999339, 0.0 ], [ 112.0025420330000543, -8.0602111429999468, 0.0 ], [ 112.0024948860000222, -8.0605654149999282, 0.0 ], [ 112.0024436200000082, -8.0611972779999519, 0.0 ], [ 112.0029094870000108, -8.061229639999965, 0.0 ], [ 112.003327347000095, -8.0612669039999787, 0.0 ], [ 112.0035002740000891, -8.0612904099999696, 0.0 ], [ 112.0035388310000144, -8.0613477469999566, 0.0 ], [ 112.0035012880000522, -8.061701993999975, 0.0 ], [ 112.0034115970000812, -8.0623291659999268, 0.0 ], [ 112.0033835170000884, -8.0626259599999344, 0.0 ], [ 112.0033172690000356, -8.0630233509999698, 0.0 ], [ 112.0032654740000453, -8.063439849999952, 0.0 ], [ 112.0034480540000459, -8.0634824759999333, 0.0 ], [ 112.0041351420001092, -8.0636482989999649, 0.0 ], [ 112.0048126510000657, -8.0638237159999449, 0.0 ], [ 112.005245096000067, -8.0639327309999658, 0.0 ], [ 112.0053211700001157, -8.0636262479999345, 0.0 ], [ 112.0054590080001162, -8.0630516029999626, 0.0 ], [ 112.0055968920000851, -8.0624961019999546, 0.0 ], [ 112.0058754740000495, -8.0625241339999434, 0.0 ], [ 112.006524003000095, -8.0626326169999629, 0.0 ], [ 112.0069804100000965, -8.062722426999926, 0.0 ], [ 112.0072158460000082, -8.0627792789999262, 0.0 ], [ 112.007609602000116, -8.0627783119999776, 0.0 ], [ 112.0078353630000265, -8.062806471999977, 0.0 ], [ 112.0080371620000506, -8.0628538339999523, 0.0 ], [ 112.0081717690001142, -8.0629157199999781, 0.0 ], [ 112.0081911310001033, -8.062977888999967, 0.0 ], [ 112.0081485180000982, -8.0632220729999631, 0.0 ], [ 112.0082254680000915, -8.063269742999978, 0.0 ], [ 112.0082688510000253, -8.0633366389999424, 0.0 ], [ 112.008250070000031, -8.0635089769999695, 0.0 ], [ 112.0082798060000187, -8.0638822019999452, 0.0 ], [ 112.0083186600001, -8.0640591839999729, 0.0 ], [ 112.0083431560000236, -8.0642553449999355, 0.0 ], [ 112.0083921240000109, -8.0646380959999533, 0.0 ], [ 112.0084551420001162, -8.0648772349999263, 0.0 ], [ 112.0085614130000522, -8.0651306249999379, 0.0 ], [ 112.0084365030000981, -8.0651070029999801, 0.0 ], [ 112.0080953050000971, -8.0650025529999425, 0.0 ], [ 112.0079955070000324, -8.065423955999961, 0.0 ], [ 112.0079435040000817, -8.0657543099999316, 0.0 ], [ 112.0078823230001035, -8.0662569789999452, 0.0 ], [ 112.0078396870001143, -8.0664915919999771, 0.0 ], [ 112.0078494450000335, -8.0665537839999502, 0.0 ], [ 112.0078975590000709, -8.0665919529999428, 0.0 ], [ 112.0081713530000798, -8.0666247809999732, 0.0 ], [ 112.0088630960000273, -8.0667283669999392, 0.0 ], [ 112.0093050540000377, -8.0667990659999305, 0.0 ], [ 112.008929078000051, -8.0677644509999595, 0.0 ], [ 112.0088618980000774, -8.0677470089999588, 0.0 ], [ 112.0083811000000651, -8.0678079559999674, 0.0 ], [ 112.0080884270000752, -8.0679507229999672, 0.0 ], [ 112.0079813510000122, -8.0679745179999713, 0.0 ], [ 112.0072794100000237, -8.0679923639999629, 0.0 ], [ 112.0060896790000697, -8.0680102099999544, 0.0 ], [ 112.0060599360000424, -8.0681886699999268, 0.0 ], [ 112.0049296920000188, -8.0681232339999269, 0.0 ], [ 112.0048821030001136, -8.0684563589999811, 0.0 ], [ 112.0043705190000765, -8.0683671289999666, 0.0 ], [ 112.0043229300000576, -8.0689917379999656, 0.0 ], [ 112.0044181080000953, -8.069057172999976, 0.0 ], [ 112.0044300050000174, -8.069152350999957, 0.0 ], [ 112.0044359540000869, -8.0699078299999769, 0.0 ], [ 112.003811345000031, -8.069872137999937, 0.0 ], [ 112.0034960670000146, -8.0698899839999285, 0.0 ], [ 112.0029963800000132, -8.0699256759999685, 0.0 ], [ 112.00303207200011, -8.0692534779999505, 0.0 ], [ 112.0020802880001156, -8.0691285569999422, 0.0 ], [ 112.0021159800000987, -8.0688549189999321, 0.0 ], [ 112.0021457230000124, -8.0686288699999409, 0.0 ], [ 112.0021100310000293, -8.0685039479999432, 0.0 ], [ 112.0020802880001156, -8.0684563589999811, 0.0 ], [ 112.001836393000076, -8.068396871999937, 0.0 ], [ 112.0012058360000538, -8.0681886699999268, 0.0 ], [ 112.0008191730000817, -8.0680577989999733, 0.0 ], [ 112.0008608140000206, -8.0676949309999486, 0.0 ], [ 112.0008489170000985, -8.0676413939999634, 0.0 ], [ 112.0007953790000101, -8.0675997529999677, 0.0 ], [ 112.0003670760000887, -8.0675105229999531, 0.0 ], [ 111.9997841080000853, -8.0673677559999533, 0.0 ], [ 111.9998495430000389, -8.0662613059999444, 0.0 ], [ 111.9998614400000747, -8.0661244869999678, 0.0 ], [ 111.9997186730000749, -8.0660590519999573, 0.0 ], [ 111.9993439070000818, -8.0660114629999384, 0.0 ], [ 111.9985943770000745, -8.0658805919999281, 0.0 ], [ 111.9986776580000765, -8.0652797779999332, 0.0 ], [ 111.9983207390000643, -8.0651845999999523, 0.0 ], [ 111.9979162310000333, -8.0650894219999714, 0.0 ], [ 111.9980173580000837, -8.0647860399999445, 0.0 ], [ 111.9981482280000478, -8.0642923019999557, 0.0 ], [ 111.9976485410000464, -8.0641019449999476, 0.0 ], [ 111.9971030640000436, -8.0639745979999589, 0.0 ], [ 111.9972277080000822, -8.0633999869999684, 0.0 ], [ 111.9972631800000613, -8.0631785529999433, 0.0 ], [ 111.9966743720000864, -8.0629466729999422, 0.0 ], [ 111.9962719030000358, -8.0628220219999776, 0.0 ], [ 111.9962159740000516, -8.0627615089999267, 0.0 ], [ 111.9962057010000649, -8.0627503939999769, 0.0 ], [ 111.9961514310000439, -8.0626488259999292, 0.0 ], [ 111.9960851550000598, -8.0625472859999263, 0.0 ], [ 111.9959976710000547, -8.0624758379999548, 0.0 ], [ 111.9959325940000667, -8.0624424279999403, 0.0 ], [ 111.9958018700000366, -8.062530676999927, 0.0 ], [ 111.9957246240000472, -8.0626365749999422, 0.0 ], [ 111.9956176680000794, -8.0626365749999422, 0.0 ], [ 111.9953918720000843, -8.062577742999963, 0.0 ], [ 111.9952433230000679, -8.0625071439999374, 0.0 ], [ 111.9952204200000665, -8.0624882469999761, 0.0 ], [ 111.9951486770000884, -8.0625076849999573, 0.0 ], [ 111.995100629000035, -8.0624958369999717, 0.0 ], [ 111.9950703980000526, -8.062406173999932, 0.0 ], [ 111.9950760490000334, -8.0622625839999387, 0.0 ], [ 111.9950756980000506, -8.0621190069999784, 0.0 ], [ 111.9950873370000863, -8.0619694199999685, 0.0 ], [ 111.9950386900000581, -8.0617122949999498, 0.0 ], [ 111.9950503870000489, -8.061586636999948, 0.0 ], [ 111.9950681170000735, -8.0614729289999332, 0.0 ], [ 111.9951098700000784, -8.0613651449999679, 0.0 ], [ 111.9951095920000625, -8.0612514799999531, 0.0 ], [ 111.994935129000055, -8.0610903789999497, 0.0 ], [ 111.9948987630000374, -8.0609468909999578, 0.0 ], [ 111.9949555870000495, -8.0608214869999415, 0.0 ], [ 111.994958466000071, -8.0608151329999487, 0.0 ], [ 111.9950481360000367, -8.0606653559999586, 0.0 ], [ 111.9951139720000697, -8.0605874249999374, 0.0 ], [ 111.9952338300000747, -8.0605093639999268, 0.0 ], [ 111.9954197860000704, -8.0604610529999263, 0.0 ], [ 111.9954554790000429, -8.0603293539999754, 0.0 ], [ 111.9955925100000513, -8.059910254999977, 0.0 ], [ 111.9956459610000366, -8.0596768119999638, 0.0 ], [ 111.9950693830000432, -8.0595346349999772, 0.0 ], [ 111.9947751350000544, -8.0594815079999762, 0.0 ], [ 111.9947414090000848, -8.0594614509999474, 0.0 ], [ 111.9946549130000335, -8.0594100109999545, 0.0 ], [ 111.9946015200000602, -8.0593703019999339, 0.0 ], [ 111.9944865400000822, -8.0592847889999462, 0.0 ], [ 111.9944443480000587, -8.0592131029999337, 0.0 ], [ 111.9944270130000632, -8.0591749579999714, 0.0 ], [ 111.9944076140000675, -8.0591322699999637, 0.0 ], [ 111.9943900350000376, -8.0590935869999498, 0.0 ], [ 111.9943356920000497, -8.0589621059999672, 0.0 ], [ 111.9942477020000524, -8.058850414999938, 0.0 ], [ 111.9941851660000793, -8.0587710349999497, 0.0 ], [ 111.9940365800000563, -8.0586285759999328, 0.0 ], [ 111.9940046720000737, -8.0585979839999595, 0.0 ], [ 111.9939750530000424, -8.0585744849999514, 0.0 ], [ 111.9938809060000722, -8.0584997919999637, 0.0 ], [ 111.9938543210000716, -8.0584787009999559, 0.0 ], [ 111.993787960000077, -8.0583412669999461, 0.0 ], [ 111.9937996430000453, -8.0582096259999503, 0.0 ], [ 111.9938652170000637, -8.0580240129999652, 0.0 ], [ 111.9938682280000535, -8.0580041849999589, 0.0 ], [ 111.9938888460000612, -8.0578684139999268, 0.0 ], [ 111.9938346210000759, -8.0577847919999499, 0.0 ], [ 111.9937701440000524, -8.0577382949999787, 0.0 ], [ 111.9936477530000616, -8.0577684999999519, 0.0 ], [ 111.9934489740000458, -8.0577535519999515, 0.0 ], [ 111.9932670390000453, -8.0576754169999276, 0.0 ], [ 111.9930866070000661, -8.0574019819999307, 0.0 ], [ 111.9928040600000827, -8.0572231949999491, 0.0 ], [ 111.9925400600000671, -8.0572657099999674, 0.0 ], [ 111.9923360680000428, -8.0573020979999797, 0.0 ], [ 111.9920899430000532, -8.0572907289999307, 0.0 ], [ 111.9919036950000759, -8.0572193909999328, 0.0 ], [ 111.9917356450000625, -8.0570281989999444, 0.0 ], [ 111.9916110630000503, -8.0567094009999778, 0.0 ], [ 111.9915336070000649, -8.0564360749999651, 0.0 ], [ 111.9915141390000599, -8.0561784489999582, 0.0 ], [ 111.9914895140000795, -8.056067541999937, 0.0 ], [ 111.9913991300000475, -8.0559241829999451, 0.0 ], [ 111.991152439000075, -8.0556795009999291, 0.0 ], [ 111.9908635860000459, -8.0553750969999669, 0.0 ], [ 111.9907426220000843, -8.0552030079999781, 0.0 ], [ 111.9905774830000382, -8.0550035439999306, 0.0 ], [ 111.990545240000074, -8.0549777159999394, 0.0 ], [ 111.9903994140000805, -8.0548676839999303, 0.0 ], [ 111.9903236180000476, -8.0548236459999316, 0.0 ], [ 111.9900261140000453, -8.054732860999934, 0.0 ], [ 111.9899053830000639, -8.0547193479999351, 0.0 ], [ 111.989769567000053, -8.0547196759999338, 0.0 ], [ 111.9895171240000877, -8.0547261369999319, 0.0 ], [ 111.989449893000085, -8.0547342509999567, 0.0 ], [ 111.9892578770000569, -8.0547586439999463, 0.0 ], [ 111.9890996190000578, -8.0546959929999389, 0.0 ], [ 111.9891282770000771, -8.0546031129999278, 0.0 ], [ 111.9890249040000754, -8.0545659289999776, 0.0 ], [ 111.9890962200000786, -8.0542726199999493, 0.0 ], [ 111.9892213530000618, -8.0538954279999757, 0.0 ], [ 111.9893164460000889, -8.0535063429999809, 0.0 ], [ 111.98933954000006, -8.0531293969999638, 0.0 ], [ 111.9893330300000684, -8.0529200289999494, 0.0 ], [ 111.9893628520000561, -8.0528421859999639, 0.0 ], [ 111.9893959980000773, -8.0527798819999816, 0.0 ], [ 111.9892806690000384, -8.0527400129999478, 0.0 ], [ 111.9883117400000856, -8.052467265999951, 0.0 ], [ 111.9882964820000666, -8.0524329309999416, 0.0 ], [ 111.9882964820000666, -8.0523900119999325, 0.0 ], [ 111.9883040990000609, -8.0520400099999279, 0.0 ], [ 111.9883040990000609, -8.0517205479999348, 0.0 ], [ 111.9883193560000336, -8.0514659109999798, 0.0 ], [ 111.9883956670000771, -8.0512665739999534, 0.0 ], [ 111.9885329840000736, -8.0509776259999626, 0.0 ], [ 111.9885635230000389, -8.0508488689999353, 0.0 ], [ 111.988517727000044, -8.0505408439999542, 0.0 ], [ 111.9884719540000333, -8.0503634619999502, 0.0 ], [ 111.9884490560000359, -8.0501708219999273, 0.0 ], [ 111.9882888660000617, -8.0500163379999776, 0.0 ], [ 111.9879226400000789, -8.0497368929999311, 0.0 ], [ 111.9877802750000342, -8.0497041219999801, 0.0 ], [ 111.9877776820000577, -8.0497035249999271, 0.0 ], [ 111.9870579280000698, -8.0495425479999767, 0.0 ], [ 111.9870833380000477, -8.0494046099999537, 0.0 ], [ 111.987122599000088, -8.049165473999949, 0.0 ], [ 111.9872332440000378, -8.0489049229999523, 0.0 ], [ 111.9872896270000524, -8.04874764799996, 0.0 ], [ 111.9872774260000483, -8.0486160209999298, 0.0 ], [ 111.9873167980000517, -8.0485154219999799, 0.0 ], [ 111.9873527070000705, -8.048472262999951, 0.0 ], [ 111.9873813700000369, -8.0484111729999768, 0.0 ], [ 111.9874207060000799, -8.0482962169999723, 0.0 ], [ 111.9874313540000799, -8.048231580999925, 0.0 ], [ 111.9874240120000763, -8.0481741679999459, 0.0 ], [ 111.9873915130000341, -8.0481383519999667, 0.0 ], [ 111.9872726260000491, -8.048120689999962, 0.0 ], [ 111.9870996930000615, -8.0480923909999547, 0.0 ], [ 111.9869951670000887, -8.048056747999965, 0.0 ], [ 111.9868149360000871, -8.0479889819999357, 0.0 ], [ 111.9866743280000492, -8.0479247099999611, 0.0 ], [ 111.9865482300000394, -8.0479034759999308, 0.0 ], [ 111.9864185820000557, -8.0479037879999282, 0.0 ], [ 111.986238611000033, -8.0479437039999766, 0.0 ], [ 111.9859973660000492, -8.0479622299999392, 0.0 ], [ 111.9856047690000764, -8.0479416359999618, 0.0 ], [ 111.9854894400000376, -8.0479060189999814, 0.0 ], [ 111.9854136650000669, -8.0478451799999675, 0.0 ], [ 111.9854062890000819, -8.0477734089999444, 0.0 ], [ 111.985416859000054, -8.0476764689999527, 0.0 ], [ 111.9855265560000817, -8.0473687099999438, 0.0 ], [ 111.9856577520000656, -8.0470154339999453, 0.0 ], [ 111.9857111350000878, -8.0467520799999761, 0.0 ], [ 111.9857465990000378, -8.0465246639999464, 0.0 ], [ 111.9855002640000521, -8.0464235539999436, 0.0 ], [ 111.9851158930000565, -8.0463287579999587, 0.0 ], [ 111.9849536170000874, -8.0462394109999309, 0.0 ], [ 111.984911385000089, -8.0461497769999255, 0.0 ], [ 111.9849290740000356, -8.0460181209999746, 0.0 ], [ 111.9849647110000888, -8.0458624939999481, 0.0 ], [ 111.9850245020000443, -8.0457666319999817, 0.0 ], [ 111.9850422770000478, -8.0456708709999702, 0.0 ], [ 111.9850358850000589, -8.0455093609999722, 0.0 ], [ 111.9851070590000859, -8.0451562289999288, 0.0 ], [ 111.9850229560000798, -8.0451265189999503, 0.0 ], [ 111.9847226460000797, -8.045043484999951, 0.0 ], [ 111.9843082360000608, -8.0449367949999555, 0.0 ], [ 111.9842301070000872, -8.0448951059999558, 0.0 ], [ 111.984223456000052, -8.0446259129999476, 0.0 ], [ 111.9842221860000677, -8.0440994649999311, 0.0 ], [ 111.9841853500000752, -8.0437585559999434, 0.0 ], [ 111.9836570310000639, -8.0437059799999702, 0.0 ], [ 111.9833268550000867, -8.0436828409999634, 0.0 ], [ 111.9832186580000553, -8.0436172939999437, 0.0 ], [ 111.9829542030000766, -8.0434683659999564, 0.0 ], [ 111.9829296470000486, -8.0432410939999386, 0.0 ], [ 111.9829227950000359, -8.0428881479999745, 0.0 ], [ 111.9829161870000576, -8.0426369029999591, 0.0 ], [ 111.9828918190000877, -8.0424874009999598, 0.0 ], [ 111.9828257230000759, -8.0424576469999352, 0.0 ], [ 111.9827117260000477, -8.0424758669999505, 0.0 ], [ 111.9824837740000589, -8.0425302539999279, 0.0 ], [ 111.9823397660000524, -8.0425485459999777, 0.0 ], [ 111.9822797310000624, -8.0425427069999387, 0.0 ], [ 111.9822435590000396, -8.0424769869999295, 0.0 ], [ 111.9822249910000664, -8.0422437169999625, 0.0 ], [ 111.9821997880000595, -8.0417472379999708, 0.0 ], [ 111.982198219000054, -8.0410951589999513, 0.0 ], [ 111.9821974420000856, -8.040772110999967, 0.0 ], [ 111.9822450410000556, -8.0405985079999596, 0.0 ], [ 111.9823167210000747, -8.0404547589999424, 0.0 ], [ 111.9823525180000843, -8.0403649369999357, 0.0 ], [ 111.9824240390000796, -8.0401553819999663, 0.0 ], [ 111.9824714510000376, -8.0399040069999614, 0.0 ], [ 111.9824526960000526, -8.0395929669999759, 0.0 ], [ 111.982470256000056, -8.0394074699999578, 0.0 ], [ 111.9824879460000489, -8.0392758149999395, 0.0 ], [ 111.9825776170000609, -8.0391260409999745, 0.0 ], [ 111.982619272000079, -8.0389763809999408, 0.0 ], [ 111.9826666410000371, -8.0387070589999325, 0.0 ], [ 111.9826604950000615, -8.0386472499999, 0.0 ], [ 111.9826184080000644, -8.0386174389999496, 0.0 ], [ 111.9825703200000362, -8.0385876409999355, 0.0 ], [ 111.9822761030000606, -8.0385404849999418, 0.0 ], [ 111.9818859100000736, -8.0385174879999681, 0.0 ], [ 111.9819144350000784, -8.0383989679999672, 0.0 ], [ 111.982062044000088, -8.0378817359999744, 0.0 ], [ 111.9822336720000635, -8.0373692309999569, 0.0 ], [ 111.9822429410000382, -8.0372304169999325, 0.0 ], [ 111.9822188290000327, -8.0371874019999723, 0.0 ], [ 111.9819064120000576, -8.0370589279999649, 0.0 ], [ 111.98178146500004, -8.0370161529999677, 0.0 ], [ 111.9817908040000702, -8.0369060539999282, 0.0 ], [ 111.9817808100000889, -8.0367433569999776, 0.0 ], [ 111.9817423500000473, -8.0367243049999502, 0.0 ], [ 111.9811420760000829, -8.0366970219999416, 0.0 ], [ 111.9811510360000852, -8.0364289889999441, 0.0 ], [ 111.9811701850000532, -8.0364050139999677, 0.0 ], [ 111.9813585830000875, -8.0363770449999379, 0.0 ], [ 111.9813762180000367, -8.0362226569999393, 0.0 ], [ 111.9814798430000451, -8.0358850009999401, 0.0 ], [ 111.9815978300000552, -8.0355293649999453, 0.0 ], [ 111.9816980080000803, -8.0352563279999458, 0.0 ], [ 111.9817646210000817, -8.0350025139999275, 0.0 ], [ 111.9816372630000387, -8.0349549589999469, 0.0 ], [ 111.9815170620000799, -8.0348882429999549, 0.0 ], [ 111.9815760840000394, -8.0345751719999612, 0.0 ], [ 111.9816483310000876, -8.0342901749999669, 0.0 ], [ 111.9817420540000512, -8.0343534769999678, 0.0 ], [ 111.9819007950000582, -8.034472745999949, 0.0 ], [ 111.9820449470000767, -8.0345154749999779, 0.0 ], [ 111.982236943000089, -8.0344863009999585, 0.0 ], [ 111.9824674200000345, -8.034485750999977, 0.0 ], [ 111.9826114920000464, -8.0344949779999411, 0.0 ], [ 111.9827460060000703, -8.0345233719999669, 0.0 ], [ 111.9828805430000784, -8.0345613379999463, 0.0 ], [ 111.9831304810000461, -8.034666030999972, 0.0 ], [ 111.9833372040000654, -8.0347708269999316, 0.0 ], [ 111.9835054560000458, -8.0348517859999333, 0.0 ], [ 111.98369768200007, -8.034918328999936, 0.0 ], [ 111.9839283670000327, -8.0350039229999766, 0.0 ], [ 111.9842552350000346, -8.0351515049999307, 0.0 ], [ 111.9845868920000385, -8.0352942889999781, 0.0 ], [ 111.9849712990000512, -8.0354082299999732, 0.0 ], [ 111.9851106380000374, -8.0354461839999658, 0.0 ], [ 111.9852644520000808, -8.0355128179999724, 0.0 ], [ 111.9855336770000349, -8.0356509649999452, 0.0 ], [ 111.9857258120000552, -8.0356792199999632, 0.0 ], [ 111.9858699640000737, -8.0357219469999563, 0.0 ], [ 111.9860814670000764, -8.0358171579999293, 0.0 ], [ 111.9863218600000891, -8.0359458019999579, 0.0 ], [ 111.9865332130000866, -8.035978795999938, 0.0 ], [ 111.9867109770000866, -8.0360214429999814, 0.0 ], [ 111.9871722910000358, -8.0361686989999725, 0.0 ], [ 111.9872389360000398, -8.0359292429999414, 0.0 ], [ 111.9873054640000873, -8.0356419279999614, 0.0 ], [ 111.9874103480000826, -8.0353305919999798, 0.0 ], [ 111.9875008380000736, -8.0350240749999671, 0.0 ], [ 111.9877059540000346, -8.0344636299999479, 0.0 ], [ 111.9878443210000682, -8.034099567999931, 0.0 ], [ 111.9879788890000327, -8.033752743999969, 0.0 ], [ 111.9885055980000743, -8.0339390869999647, 0.0 ] ] ] ] } },
{ "type": "Feature", "properties": { "OBJECTID": 116527.0, "KDPPUM": "35", "NAMOBJ": "Kaliboto", "REMARK": "-", "KDPBPS": null, "FCODE": "BA03070040", "LUASWH": 0.0, "UUPP": "Hasil Sinkronisasi Data Pemda Tahun 2019", "SRS_ID": "SRGI 2013", "METADATA": "TASWIL1000020200326DATA_BATAS_DESA_KELURAHAN", "KDEBPS": null, "KDEPUM": "35.05.01.2004", "KDCBPS": null, "KDCPUM": "35.05.01", "KDBBPS": null, "WADMKD": "Kaliboto", "WIADKD": "0", "WADMKC": "Wonodadi", "WIADKC": null, "WADMKK": "Blitar", "WIADKK": null, "WADMPR": "Jawa Timur", "WIADPR": null, "TIPADM": 1.0, "KDPKAB": "35.05", "SHAPE_Leng": 0.064304230701450998, "SHAPE_Area": 0.000114574449646 }, "geometry": { "type": "MultiPolygon", "coordinates": [ [ [ [ 111.9742949250000379, -8.0442078669999546, 0.0 ], [ 111.9736524700000473, -8.0442364199999474, 0.0 ], [ 111.9736453320000464, -8.0439794379999512, 0.0 ], [ 111.9736489010000469, -8.0438223939999602, 0.0 ], [ 111.9736346240000557, -8.0437545789999376, 0.0 ], [ 111.973563241000079, -8.0436974719999625, 0.0 ], [ 111.9733562280000569, -8.0436939029999621, 0.0 ], [ 111.973259257000052, -8.0436865569999441, 0.0 ], [ 111.9731206610000527, -8.0436760569999706, 0.0 ], [ 111.9730849690000696, -8.0436475039999777, 0.0 ], [ 111.9729100790000871, -8.0435190129999796, 0.0 ], [ 111.9725888510000686, -8.0434226449999642, 0.0 ], [ 111.9724603600000705, -8.0433833829999344, 0.0 ], [ 111.9724282380000773, -8.0433476919999407, 0.0 ], [ 111.9724282380000773, -8.0432977229999665, 0.0 ], [ 111.9724746370000616, -8.0430657249999626, 0.0 ], [ 111.9725602980000758, -8.0426409919999742, 0.0 ], [ 111.9726709430000824, -8.0420449369999574, 0.0 ], [ 111.9727780180000423, -8.0414702969999325, 0.0 ], [ 111.9729100790000871, -8.0408314119999318, 0.0 ], [ 111.9729778930000634, -8.0405601529999444, 0.0 ], [ 111.973405964000051, -8.0406905419999362, 0.0 ], [ 111.9731459080000491, -8.0402483029999416, 0.0 ], [ 111.9731445080000753, -8.04024592199994, 0.0 ], [ 111.9730899820000332, -8.0401053229999775, 0.0 ], [ 111.9728179200000682, -8.0394037839999442, 0.0 ], [ 111.9726495280000336, -8.0393394889999286, 0.0 ], [ 111.9725710050000771, -8.0392823819999535, 0.0 ], [ 111.9725745750000669, -8.0392109989999767, 0.0 ], [ 111.9725781440000674, -8.0391146299999718, 0.0 ], [ 111.9725781440000674, -8.0390432469999382, 0.0 ], [ 111.9724889140000528, -8.0389468779999333, 0.0 ], [ 111.9724467840000557, -8.0388745009999525, 0.0 ], [ 111.9724044390000586, -8.0388459169999464, 0.0 ], [ 111.9718932800000744, -8.0383290269999748, 0.0 ], [ 111.9713058100000467, -8.0377902059999542, 0.0 ], [ 111.9710540510000669, -8.0373591539999438, 0.0 ], [ 111.9709625070000811, -8.037179885999933, 0.0 ], [ 111.9709266030000663, -8.0371035959999517, 0.0 ], [ 111.9708542240000497, -8.0369588389999649, 0.0 ], [ 111.9708328090000578, -8.0368446249999579, 0.0 ], [ 111.9708399470000586, -8.0367661019999446, 0.0 ], [ 111.9709006240000804, -8.0366019199999528, 0.0 ], [ 111.9709613000000559, -8.0364698589999648, 0.0 ], [ 111.9710540990000709, -8.0363770609999392, 0.0 ], [ 111.9711040680000451, -8.0362628459999428, 0.0 ], [ 111.9711468980000859, -8.0361272169999438, 0.0 ], [ 111.9714252950000741, -8.0358381129999543, 0.0 ], [ 111.9715033450000874, -8.0357570599999804, 0.0 ], [ 111.9714889230000381, -8.0357388479999372, 0.0 ], [ 111.9713820970000597, -8.0356577969999421, 0.0 ], [ 111.9712600380000822, -8.0356091719999654, 0.0 ], [ 111.9711837270000387, -8.035542411999927, 0.0 ], [ 111.9711786990000633, -8.0353988579999509, 0.0 ], [ 111.9711774510000737, -8.035363239999981, 0.0 ], [ 111.9710790830000633, -8.0353277179999623, 0.0 ], [ 111.9711254830000371, -8.0352135039999553, 0.0 ], [ 111.9712289890000534, -8.0348744309999347, 0.0 ], [ 111.9712646810000365, -8.034649571999978, 0.0 ], [ 111.9713860340000338, -8.0346210179999389, 0.0 ], [ 111.971397143000047, -8.0345309979999797, 0.0 ], [ 111.9714166380000506, -8.0343730219999543, 0.0 ], [ 111.9714205360000392, -8.0343414319999624, 0.0 ], [ 111.9714160660000744, -8.0342408439999531, 0.0 ], [ 111.9714133980000383, -8.0341808179999816, 0.0 ], [ 111.9715615080000362, -8.0341634839999756, 0.0 ], [ 111.9716744140000628, -8.034191931999942, 0.0 ], [ 111.9718474180000385, -8.034252543999969, 0.0 ], [ 111.9719628370000351, -8.0343276499999661, 0.0 ], [ 111.9720205410000631, -8.0343634079999333, 0.0 ], [ 111.9721286120000627, -8.0343775109999456, 0.0 ], [ 111.9722871260000829, -8.0344022619999578, 0.0 ], [ 111.9723520080000867, -8.0344272349999528, 0.0 ], [ 111.9724421490000736, -8.0344736849999663, 0.0 ], [ 111.9725178520000668, -8.0345058109999741, 0.0 ], [ 111.9725827080000613, -8.0345200149999414, 0.0 ], [ 111.9726691540000729, -8.0345269899999607, 0.0 ], [ 111.9728023910000729, -8.0345230849999325, 0.0 ], [ 111.9728924300000585, -8.0345264619999739, 0.0 ], [ 111.9729608620000363, -8.0345298889999412, 0.0 ], [ 111.9730726620000496, -8.0345978239999454, 0.0 ], [ 111.9731484590000719, -8.0346694339999658, 0.0 ], [ 111.9731809470000599, -8.0347016619999749, 0.0 ], [ 111.9732782310000516, -8.0347229689999722, 0.0 ], [ 111.9734474540000519, -8.0347082099999625, 0.0 ], [ 111.9737497860000417, -8.034635704999971, 0.0 ], [ 111.9741530200000739, -8.0345916769999803, 0.0 ], [ 111.9745022270000732, -8.0345441869999377, 0.0 ], [ 111.9747146900000416, -8.0345400939999649, 0.0 ], [ 111.9749163070000577, -8.0345180789999517, 0.0 ], [ 111.9751432100000557, -8.0345283089999384, 0.0 ], [ 111.975298002000045, -8.0345028159999288, 0.0 ], [ 111.9755500790000724, -8.034498628999927, 0.0 ], [ 111.9756689190000429, -8.0344983469999534, 0.0 ], [ 111.975780711000084, -8.0345626919999518, 0.0 ], [ 111.9758745660000727, -8.0346557949999351, 0.0 ], [ 111.9759866150000676, -8.0348278229999437, 0.0 ], [ 111.9760734300000422, -8.0349891419999722, 0.0 ], [ 111.9761023520000549, -8.0350357359999407, 0.0 ], [ 111.9761564810000891, -8.0350822699999753, 0.0 ], [ 111.9762718060000566, -8.0351178909999703, 0.0 ], [ 111.9764087990000689, -8.0351785869999617, 0.0 ], [ 111.9764665810000679, -8.0352466489999301, 0.0 ], [ 111.9764991120000559, -8.0352968239999427, 0.0 ], [ 111.9764813470000604, -8.0353973709999309, 0.0 ], [ 111.976431127000069, -8.0354800469999645, 0.0 ], [ 111.9764096140000333, -8.0355195819999494, 0.0 ], [ 111.9764097340000717, -8.0355698349999329, 0.0 ], [ 111.976413472000047, -8.0356272569999305, 0.0 ], [ 111.9764712040000632, -8.0356737829999361, 0.0 ], [ 111.9765793950000443, -8.0357381359999636, 0.0 ], [ 111.9767812100000697, -8.0357986769999457, 0.0 ], [ 111.9769902350000734, -8.0358627909999427, 0.0 ], [ 111.9772604650000858, -8.035919579999927, 0.0 ], [ 111.977357750000067, -8.0359408849999454, 0.0 ], [ 111.9774477800000341, -8.0359406709999348, 0.0 ], [ 111.9774909780000485, -8.0359333889999789, 0.0 ], [ 111.9775340720000827, -8.0358830349999266, 0.0 ], [ 111.9776490800000488, -8.0357858459999534, 0.0 ], [ 111.9776814390000368, -8.0357642319999627, 0.0 ], [ 111.9777570650000484, -8.0357640529999799, 0.0 ], [ 111.9778435120000495, -8.0357710259999635, 0.0 ], [ 111.9780272090000608, -8.0357849469999678, 0.0 ], [ 111.9780703970000673, -8.0357740759999388, 0.0 ], [ 111.9780883350000522, -8.0357453169999644, 0.0 ], [ 111.9780882060000522, -8.035691475999954, 0.0 ], [ 111.9780627310000796, -8.0355802639999752, 0.0 ], [ 111.9780121250000775, -8.0355014159999314, 0.0 ], [ 111.977997599000048, -8.0354511979999756, 0.0 ], [ 111.9780118410000682, -8.0353829649999398, 0.0 ], [ 111.9780730450000874, -8.0353756409999733, 0.0 ], [ 111.9781198780000864, -8.0353827079999292, 0.0 ], [ 111.9782927880000329, -8.0354038329999753, 0.0 ], [ 111.9784477950000792, -8.0354680749999261, 0.0 ], [ 111.9785126350000724, -8.0354750989999388, 0.0 ], [ 111.978573812000036, -8.0354570059999446, 0.0 ], [ 111.978598952000084, -8.0354282309999689, 0.0 ], [ 111.9786239110000565, -8.0353240779999737, 0.0 ], [ 111.9786057510000887, -8.0352595109999356, 0.0 ], [ 111.978544366000051, -8.0351914569999394, 0.0 ], [ 111.9785154530000568, -8.0351484529999766, 0.0 ], [ 111.9785333220000894, -8.0350909789999605, 0.0 ], [ 111.9786088190000442, -8.0350369579999779, 0.0 ], [ 111.978673623000077, -8.035029624999936, 0.0 ], [ 111.9787132540000698, -8.0350367089999395, 0.0 ], [ 111.9788466630000698, -8.0351045909999357, 0.0 ], [ 111.9789585070000726, -8.0351904719999538, 0.0 ], [ 111.9790558000000829, -8.0352153659999317, 0.0 ], [ 111.9791566430000671, -8.0352187149999281, 0.0 ], [ 111.9792358520000448, -8.0352113479999616, 0.0 ], [ 111.9792825910000715, -8.0351789319999511, 0.0 ], [ 111.9792968580000547, -8.0351214659999641, 0.0 ], [ 111.9793183190000718, -8.0350603949999595, 0.0 ], [ 111.9793757670000787, -8.0349884689999271, 0.0 ], [ 111.9794585170000687, -8.0349559669999735, 0.0 ], [ 111.9795485220000728, -8.0349449839999352, 0.0 ], [ 111.979678166000042, -8.0349446749999629, 0.0 ], [ 111.9798042080000755, -8.0349443749999523, 0.0 ], [ 111.980099568000071, -8.0349687969999763, 0.0 ], [ 111.9802292290000878, -8.0349756669999692, 0.0 ], [ 111.9802760190000868, -8.0349647869999785, 0.0 ], [ 111.9803407380000522, -8.0349215589999403, 0.0 ], [ 111.9803694270000847, -8.0348712389999264, 0.0 ], [ 111.9804016920000436, -8.0348101409999799, 0.0 ], [ 111.9804589660000715, -8.0346664269999337, 0.0 ], [ 111.9805091080000352, -8.0345514449999769, 0.0 ], [ 111.9805486180000571, -8.0345082769999294, 0.0 ], [ 111.9805808480000451, -8.0344328219999284, 0.0 ], [ 111.9805915310000728, -8.034382543999925, 0.0 ], [ 111.9805948390000481, -8.0342604949999554, 0.0 ], [ 111.9805910480000648, -8.0341815369999381, 0.0 ], [ 111.9806233210000528, -8.0341240279999511, 0.0 ], [ 111.980670051000061, -8.0340880229999811, 0.0 ], [ 111.9807456760000832, -8.0340878419999626, 0.0 ], [ 111.9808105410000394, -8.0341056349999462, 0.0 ], [ 111.9809077740000589, -8.0341054029999555, 0.0 ], [ 111.9810193420000815, -8.034076420999952, 0.0 ], [ 111.9811201070000379, -8.0340474649999578, 0.0 ], [ 111.9812064590000773, -8.0340149539999288, 0.0 ], [ 111.9812929050000889, -8.0340219269999693, 0.0 ], [ 111.9813602080000692, -8.0340552679999746, 0.0 ], [ 111.9814828440000838, -8.0341363359999605, 0.0 ], [ 111.9815742300000352, -8.0342007279999734, 0.0 ], [ 111.9816257850000625, -8.034274307999965, 0.0 ], [ 111.9816483310000876, -8.0342901749999669, 0.0 ], [ 111.9815760840000394, -8.0345751719999612, 0.0 ], [ 111.9815170620000799, -8.0348882429999549, 0.0 ], [ 111.9816372630000387, -8.0349549589999469, 0.0 ], [ 111.9817646210000817, -8.0350025139999275, 0.0 ], [ 111.9816980080000803, -8.0352563279999458, 0.0 ], [ 111.9815978300000552, -8.0355293649999453, 0.0 ], [ 111.9814798430000451, -8.0358850009999401, 0.0 ], [ 111.9813762180000367, -8.0362226569999393, 0.0 ], [ 111.9813585830000875, -8.0363770449999379, 0.0 ], [ 111.9811701850000532, -8.0364050139999677, 0.0 ], [ 111.9811510360000852, -8.0364289889999441, 0.0 ], [ 111.9811420760000829, -8.0366970219999416, 0.0 ], [ 111.9817423500000473, -8.0367243049999502, 0.0 ], [ 111.9817808100000889, -8.0367433569999776, 0.0 ], [ 111.9817908040000702, -8.0369060539999282, 0.0 ], [ 111.98178146500004, -8.0370161529999677, 0.0 ], [ 111.9819064120000576, -8.0370589279999649, 0.0 ], [ 111.9822188290000327, -8.0371874019999723, 0.0 ], [ 111.9822429410000382, -8.0372304169999325, 0.0 ], [ 111.9822336720000635, -8.0373692309999569, 0.0 ], [ 111.982062044000088, -8.0378817359999744, 0.0 ], [ 111.9819144350000784, -8.0383989679999672, 0.0 ], [ 111.9818859100000736, -8.0385174879999681, 0.0 ], [ 111.9822761030000606, -8.0385404849999418, 0.0 ], [ 111.9825703200000362, -8.0385876409999355, 0.0 ], [ 111.9826184080000644, -8.0386174389999496, 0.0 ], [ 111.9826604950000615, -8.0386472499999, 0.0 ], [ 111.9826666410000371, -8.0387070589999325, 0.0 ], [ 111.982619272000079, -8.0389763809999408, 0.0 ], [ 111.9825776170000609, -8.0391260409999745, 0.0 ], [ 111.9824879460000489, -8.0392758149999395, 0.0 ], [ 111.982470256000056, -8.0394074699999578, 0.0 ], [ 111.9824526960000526, -8.0395929669999759, 0.0 ], [ 111.9824714510000376, -8.0399040069999614, 0.0 ], [ 111.9824240390000796, -8.0401553819999663, 0.0 ], [ 111.9823525180000843, -8.0403649369999357, 0.0 ], [ 111.9823167210000747, -8.0404547589999424, 0.0 ], [ 111.9822450410000556, -8.0405985079999596, 0.0 ], [ 111.9821974420000856, -8.040772110999967, 0.0 ], [ 111.982198219000054, -8.0410951589999513, 0.0 ], [ 111.9821997880000595, -8.0417472379999708, 0.0 ], [ 111.9822249910000664, -8.0422437169999625, 0.0 ], [ 111.9822435590000396, -8.0424769869999295, 0.0 ], [ 111.9822797310000624, -8.0425427069999387, 0.0 ], [ 111.9823397660000524, -8.0425485459999777, 0.0 ], [ 111.9824837740000589, -8.0425302539999279, 0.0 ], [ 111.9827117260000477, -8.0424758669999505, 0.0 ], [ 111.9828257230000759, -8.0424576469999352, 0.0 ], [ 111.9828918190000877, -8.0424874009999598, 0.0 ], [ 111.9829161870000576, -8.0426369029999591, 0.0 ], [ 111.9829227950000359, -8.0428881479999745, 0.0 ], [ 111.9829296470000486, -8.0432410939999386, 0.0 ], [ 111.9829542030000766, -8.0434683659999564, 0.0 ], [ 111.9832186580000553, -8.0436172939999437, 0.0 ], [ 111.9833268550000867, -8.0436828409999634, 0.0 ], [ 111.9836570310000639, -8.0437059799999702, 0.0 ], [ 111.9841853500000752, -8.0437585559999434, 0.0 ], [ 111.9842221860000677, -8.0440994649999311, 0.0 ], [ 111.984223456000052, -8.0446259129999476, 0.0 ], [ 111.9842301070000872, -8.0448951059999558, 0.0 ], [ 111.9843082360000608, -8.0449367949999555, 0.0 ], [ 111.9847226460000797, -8.045043484999951, 0.0 ], [ 111.9850229560000798, -8.0451265189999503, 0.0 ], [ 111.9851070590000859, -8.0451562289999288, 0.0 ], [ 111.9850358850000589, -8.0455093609999722, 0.0 ], [ 111.9850422770000478, -8.0456708709999702, 0.0 ], [ 111.9850245020000443, -8.0457666319999817, 0.0 ], [ 111.9849647110000888, -8.0458624939999481, 0.0 ], [ 111.9849290740000356, -8.0460181209999746, 0.0 ], [ 111.984911385000089, -8.0461497769999255, 0.0 ], [ 111.9849536170000874, -8.0462394109999309, 0.0 ], [ 111.9851158930000565, -8.0463287579999587, 0.0 ], [ 111.9855002640000521, -8.0464235539999436, 0.0 ], [ 111.9857465990000378, -8.0465246639999464, 0.0 ], [ 111.9857111350000878, -8.0467520799999761, 0.0 ], [ 111.9856577520000656, -8.0470154339999453, 0.0 ], [ 111.9855265560000817, -8.0473687099999438, 0.0 ], [ 111.985416859000054, -8.0476764689999527, 0.0 ], [ 111.9854062890000819, -8.0477734089999444, 0.0 ], [ 111.9854136650000669, -8.0478451799999675, 0.0 ], [ 111.9854894400000376, -8.0479060189999814, 0.0 ], [ 111.9856047690000764, -8.0479416359999618, 0.0 ], [ 111.9859973660000492, -8.0479622299999392, 0.0 ], [ 111.986238611000033, -8.0479437039999766, 0.0 ], [ 111.9864185820000557, -8.0479037879999282, 0.0 ], [ 111.9865482300000394, -8.0479034759999308, 0.0 ], [ 111.9866743280000492, -8.0479247099999611, 0.0 ], [ 111.9868149360000871, -8.0479889819999357, 0.0 ], [ 111.9869951670000887, -8.048056747999965, 0.0 ], [ 111.9870996930000615, -8.0480923909999547, 0.0 ], [ 111.9872726260000491, -8.048120689999962, 0.0 ], [ 111.9873915130000341, -8.0481383519999667, 0.0 ], [ 111.9874240120000763, -8.0481741679999459, 0.0 ], [ 111.9874313540000799, -8.048231580999925, 0.0 ], [ 111.9874207060000799, -8.0482962169999723, 0.0 ], [ 111.9873813700000369, -8.0484111729999768, 0.0 ], [ 111.9873527070000705, -8.048472262999951, 0.0 ], [ 111.9873167980000517, -8.0485154219999799, 0.0 ], [ 111.9872774260000483, -8.0486160209999298, 0.0 ], [ 111.9872896270000524, -8.04874764799996, 0.0 ], [ 111.9872332440000378, -8.0489049229999523, 0.0 ], [ 111.987122599000088, -8.049165473999949, 0.0 ], [ 111.9870833380000477, -8.0494046099999537, 0.0 ], [ 111.9870579280000698, -8.0495425479999767, 0.0 ], [ 111.9870333690000734, -8.0496758679999516, 0.0 ], [ 111.987008385000081, -8.0498043589999497, 0.0 ], [ 111.986801372000059, -8.0497865129999582, 0.0 ], [ 111.9867228500000351, -8.0497865129999582, 0.0 ], [ 111.9866229120000867, -8.0497222679999254, 0.0 ], [ 111.9864444530000469, -8.0496151919999761, 0.0 ], [ 111.9862731320000648, -8.0495580849999442, 0.0 ], [ 111.9861053800000832, -8.0495438079999531, 0.0 ], [ 111.9859661810000375, -8.049486700999978, 0.0 ], [ 111.9859019360000616, -8.0494403009999473, 0.0 ], [ 111.985677077000048, -8.0492975339999475, 0.0 ], [ 111.9854771020000612, -8.0491623399999526, 0.0 ], [ 111.9854558000000679, -8.0491571469999599, 0.0 ], [ 111.9840392810000367, -8.0488118259999624, 0.0 ], [ 111.9837863000000766, -8.048760811999955, 0.0 ], [ 111.9837854050000487, -8.0487621549999631, 0.0 ], [ 111.9835926690000747, -8.0487228939999795, 0.0 ], [ 111.983446332000085, -8.0487228939999795, 0.0 ], [ 111.9833856560000527, -8.0487514469999724, 0.0 ], [ 111.9832964260000381, -8.0488335389999293, 0.0 ], [ 111.9832321800000727, -8.0488763689999701, 0.0 ], [ 111.9830751360000818, -8.0488549539999781, 0.0 ], [ 111.9827003710000781, -8.0487728629999538, 0.0 ], [ 111.9824755120000646, -8.0487086169999316, 0.0 ], [ 111.9823720050000588, -8.048612248999973, 0.0 ], [ 111.982195182000055, -8.0484399589999498, 0.0 ], [ 111.9820732140000814, -8.0484153639999363, 0.0 ], [ 111.9818496390000746, -8.0483702799999719, 0.0 ], [ 111.9797210270000392, -8.0477341849999675, 0.0 ], [ 111.9785690090000685, -8.0469111559999646, 0.0 ], [ 111.9780578250000644, -8.0463856819999364, 0.0 ], [ 111.9777373960000659, -8.045800121999946, 0.0 ], [ 111.9776076960000637, -8.0452193249999482, 0.0 ], [ 111.9774843760000635, -8.0444788359999393, 0.0 ], [ 111.977425313000083, -8.0441241849999301, 0.0 ], [ 111.9774093250000533, -8.0440281849999451, 0.0 ], [ 111.9764098570000783, -8.0442799919999288, 0.0 ], [ 111.976325953000071, -8.0442847559999677, 0.0 ], [ 111.9762191520000556, -8.0442856989999427, 0.0 ], [ 111.9759978830000478, -8.0442866419999746, 0.0 ], [ 111.9758605420000777, -8.0442923719999726, 0.0 ], [ 111.9757613570000672, -8.0442971359999547, 0.0 ], [ 111.9756393220000632, -8.0443018989999473, 0.0 ], [ 111.9748687390000441, -8.0443534019999561, 0.0 ], [ 111.9748091490000661, -8.0441850119999572, 0.0 ], [ 111.9742949250000379, -8.0442078669999546, 0.0 ] ] ] ] } },
{ "type": "Feature", "properties": { "OBJECTID": 116526.0, "KDPPUM": "35", "NAMOBJ": "Pikatan", "REMARK": "-", "KDPBPS": null, "FCODE": "BA03070040", "LUASWH": 0.0, "UUPP": "Hasil Sinkronisasi Data Pemda Tahun 2019", "SRS_ID": "SRGI 2013", "METADATA": "TASWIL1000020200326DATA_BATAS_DESA_KELURAHAN", "KDEBPS": null, "KDEPUM": "35.05.01.2008", "KDCBPS": null, "KDCPUM": "35.05.01", "KDBBPS": null, "WADMKD": "Pikatan", "WIADKD": "0", "WADMKC": "Wonodadi", "WIADKC": null, "WADMKK": "Blitar", "WIADKK": null, "WADMPR": "Jawa Timur", "WIADPR": null, "TIPADM": 1.0, "KDPKAB": "35.05", "SHAPE_Leng": 0.141306610670834, "SHAPE_Area": 0.00049774425172600001 }, "geometry": { "type": "MultiPolygon", "coordinates": [ [ [ [ 112.028634344000011, -8.0445602089999397, 0.0 ], [ 112.0287353070000336, -8.0455146909999371, 0.0 ], [ 112.0283824560000312, -8.0455442899999525, 0.0 ], [ 112.0281593050000311, -8.0455950999999573, 0.0 ], [ 112.0281089780000912, -8.0456311199999391, 0.0 ], [ 112.0281091750000542, -8.0457090719999655, 0.0 ], [ 112.0281092860000172, -8.0457531589999576, 0.0 ], [ 112.0281458230000453, -8.0459612519999268, 0.0 ], [ 112.0282184630000302, -8.0462051489999453, 0.0 ], [ 112.0282114050000928, -8.0462625969999522, 0.0 ], [ 112.0281755560000647, -8.0463272959999586, 0.0 ], [ 112.0280388160000484, -8.0463707109999518, 0.0 ], [ 112.0279163910000761, -8.0463781959999778, 0.0 ], [ 112.0277868180000951, -8.0464072359999363, 0.0 ], [ 112.0277150460000257, -8.0465079179999748, 0.0 ], [ 112.0277225920000319, -8.046644295999954, 0.0 ], [ 112.0277954860000591, -8.0469886959999712, 0.0 ], [ 112.0278392440000061, -8.0472039499999255, 0.0 ], [ 112.0277889160000768, -8.0472399699999642, 0.0 ], [ 112.0274938650001104, -8.0473412109999458, 0.0 ], [ 112.0271626560000868, -8.0473851129999616, 0.0 ], [ 112.0268026010000995, -8.0474147289999678, 0.0 ], [ 112.0260464410000623, -8.0474596919999613, 0.0 ], [ 112.0259627740000496, -8.0485582559999784, 0.0 ], [ 112.0253362220000781, -8.0485885369999437, 0.0 ], [ 112.0248538120000603, -8.0486543499999357, 0.0 ], [ 112.0248269500000333, -8.0494297269999606, 0.0 ], [ 112.0246036880000702, -8.049437462999947, 0.0 ], [ 112.023868933000017, -8.0494034029999284, 0.0 ], [ 112.0238119790000155, -8.0496691599999508, 0.0 ], [ 112.0231567950000908, -8.0497712969999498, 0.0 ], [ 112.022328946000016, -8.0499528299999383, 0.0 ], [ 112.0223369760000196, -8.0502830349999499, 0.0 ], [ 112.0217968880000399, -8.0503274519999763, 0.0 ], [ 112.0218045590000884, -8.0505140819999497, 0.0 ], [ 112.0216461370000616, -8.0505288339999765, 0.0 ], [ 112.0215598310001042, -8.0505792999999812, 0.0 ], [ 112.0215313270000479, -8.0507014109999773, 0.0 ], [ 112.021560695000062, -8.0509238809999601, 0.0 ], [ 112.0216055120000647, -8.0515626819999397, 0.0 ], [ 112.0215783020000799, -8.0522016639999379, 0.0 ], [ 112.0216146750000235, -8.0523451489999616, 0.0 ], [ 112.0218740430000253, -8.052373217999957, 0.0 ], [ 112.0220182040000054, -8.052415931999974, 0.0 ], [ 112.0220193020001034, -8.0528538359999402, 0.0 ], [ 112.0220499480000171, -8.0535859969999706, 0.0 ], [ 112.0221110090000138, -8.0549569959999303, 0.0 ], [ 112.0219598060000408, -8.0549789089999422, 0.0 ], [ 112.0214340450000918, -8.0549945759999559, 0.0 ], [ 112.0214130850000629, -8.0552530649999312, 0.0 ], [ 112.0214652490000162, -8.0559492789999467, 0.0 ], [ 112.0214877570000453, -8.056308162999926, 0.0 ], [ 112.0206451470000957, -8.0563533329999473, 0.0 ], [ 112.0205644070000517, -8.0557505149999429, 0.0 ], [ 112.0200674910000771, -8.0557804659999306, 0.0 ], [ 112.0195488600000999, -8.0557673979999436, 0.0 ], [ 112.0195215400000279, -8.0563633069999696, 0.0 ], [ 112.0195305210000924, -8.0570739859999776, 0.0 ], [ 112.0194745880000937, -8.0577489319999813, 0.0 ], [ 112.0194036560000086, -8.0581870159999767, 0.0 ], [ 112.0192326590000675, -8.0589340359999255, 0.0 ], [ 112.0192988040000728, -8.0589817309999603, 0.0 ], [ 112.0194190150000395, -8.0590472379999483, 0.0 ], [ 112.0197673280000572, -8.0591181589999792, 0.0 ], [ 112.0204157730000816, -8.059194315999946, 0.0 ], [ 112.0209622080000145, -8.0592826909999644, 0.0 ], [ 112.0214005120000138, -8.0593354399999271, 0.0 ], [ 112.0214067240000304, -8.0594191779999278, 0.0 ], [ 112.0214070390001098, -8.0595448059999626, 0.0 ], [ 112.0213775380000243, -8.0597482789999617, 0.0 ], [ 112.0209961790000079, -8.0608619419999741, 0.0 ], [ 112.0207440510000652, -8.0608506059999741, 0.0 ], [ 112.0207265690000895, -8.0610600309999541, 0.0 ], [ 112.0203303250000317, -8.061025122999979, 0.0 ], [ 112.0202780580000308, -8.0617251859999328, 0.0 ], [ 112.0202081730000145, -8.0625808339999594, 0.0 ], [ 112.0191876370000728, -8.0625295319999282, 0.0 ], [ 112.0185152970000217, -8.062501291999979, 0.0 ], [ 112.0184856000000764, -8.0626269949999596, 0.0 ], [ 112.0185222270000622, -8.0628721799999425, 0.0 ], [ 112.0185290530000657, -8.0632011909999619, 0.0 ], [ 112.0185236190000069, -8.0634285339999678, 0.0 ], [ 112.0185058220000656, -8.0635123299999805, 0.0 ], [ 112.0184759900000699, -8.0635841929999401, 0.0 ], [ 112.0184099930000912, -8.0635963209999773, 0.0 ], [ 112.0182658610000317, -8.0635667679999301, 0.0 ], [ 112.0180677830001059, -8.0635672599999566, 0.0 ], [ 112.0179778370001031, -8.0636033769999358, 0.0 ], [ 112.0179420770000434, -8.063705165999977, 0.0 ], [ 112.0179483790000177, -8.0638247969999384, 0.0 ], [ 112.0179547700000739, -8.0639803219999635, 0.0 ], [ 112.0179255510000758, -8.0642974579999418, 0.0 ], [ 112.017926105000015, -8.0645188039999312, 0.0 ], [ 112.0178726810000853, -8.0647582299999385, 0.0 ], [ 112.0175124930000266, -8.0647411769999735, 0.0 ], [ 112.0174535450000803, -8.0651720519999799, 0.0 ], [ 112.0174126500000966, -8.065620828999954, 0.0 ], [ 112.017377758000066, -8.0660695909999731, 0.0 ], [ 112.0173781760000793, -8.0662370949999627, 0.0 ], [ 112.0174022460000742, -8.0662609649999695, 0.0 ], [ 112.0175043620000679, -8.0662906229999294, 0.0 ], [ 112.0176905570000372, -8.066338018999943, 0.0 ], [ 112.0178886810000449, -8.0663554739999768, 0.0 ], [ 112.0179848550000088, -8.0664090759999567, 0.0 ], [ 112.0179561300000159, -8.0669236279999268, 0.0 ], [ 112.0179687330000888, -8.0671628899999632, 0.0 ], [ 112.0179510100000471, -8.0672765989999675, 0.0 ], [ 112.0179095470000448, -8.0674980479999476, 0.0 ], [ 112.0178863010000896, -8.0678032049999615, 0.0 ], [ 112.0179108490000317, -8.068018507999966, 0.0 ], [ 112.0179411160000882, -8.0681201329999794, 0.0 ], [ 112.0179712630000495, -8.0681738989999303, 0.0 ], [ 112.0180854590000763, -8.0682334389999255, 0.0 ], [ 112.0184337810001125, -8.0683043609999459, 0.0 ], [ 112.0186979790000805, -8.0683395969999765, 0.0 ], [ 112.0191243170000917, -8.0684043419999512, 0.0 ], [ 112.019478642000081, -8.0684752489999596, 0.0 ], [ 112.0196227010001166, -8.0684748899999477, 0.0 ], [ 112.0196641930000396, -8.0682654049999769, 0.0 ], [ 112.0199283760000526, -8.068294658999946, 0.0 ], [ 112.0203968210000767, -8.0683951919999686, 0.0 ], [ 112.0208052730000645, -8.0685078379999595, 0.0 ], [ 112.0209794640001064, -8.0685552629999506, 0.0 ], [ 112.0209325260000242, -8.0689861069999438, 0.0 ], [ 112.022025228000075, -8.0689934959999619, 0.0 ], [ 112.021920413000089, -8.0705093819999547, 0.0 ], [ 112.0218476600000486, -8.071001191999926, 0.0 ], [ 112.0218547980000494, -8.0714366339999515, 0.0 ], [ 112.0222973780000757, -8.0715151559999754, 0.0 ], [ 112.0223045160000765, -8.0716579239999646, 0.0 ], [ 112.0229541090000112, -8.0717578609999805, 0.0 ], [ 112.0235608720000755, -8.0718577979999395, 0.0 ], [ 112.0233609970000543, -8.0728357569999503, 0.0 ], [ 112.0229184170000281, -8.0728143419999583, 0.0 ], [ 112.022404454000025, -8.072785787999976, 0.0 ], [ 112.0219047670000236, -8.0727643729999272, 0.0 ], [ 112.0217834140000832, -8.0728928639999253, 0.0 ], [ 112.0212337590000971, -8.0728571719999422, 0.0 ], [ 112.0209981920000928, -8.0728143419999583, 0.0 ], [ 112.0208911170000192, -8.0726572969999779, 0.0 ], [ 112.0207055190001029, -8.072271824999973, 0.0 ], [ 112.0203057690000605, -8.0714580489999435, 0.0 ], [ 112.0202343850000943, -8.0713438349999365, 0.0 ], [ 112.0199274350001133, -8.0712724509999703, 0.0 ], [ 112.01914935100001, -8.0712510359999783, 0.0 ], [ 112.0187769650000291, -8.0711951189999809, 0.0 ], [ 112.0174991950000276, -8.0710666279999259, 0.0 ], [ 112.0174635030000445, -8.071345024999971, 0.0 ], [ 112.0174063960000694, -8.0713378859999807, 0.0 ], [ 112.0167353880000292, -8.0713021939999408, 0.0 ], [ 112.0160715180001034, -8.0712593639999568, 0.0 ], [ 112.0160941230000162, -8.0704907979999803, 0.0 ], [ 112.014376152000068, -8.0700767719999362, 0.0 ], [ 112.0144058960000848, -8.0696734529999503, 0.0 ], [ 112.0144677620000948, -8.0684968099999423, 0.0 ], [ 112.0144749000000957, -8.0681684439999799, 0.0 ], [ 112.0139799720000156, -8.0681850999999369, 0.0 ], [ 112.0136944370000265, -8.0682088949999411, 0.0 ], [ 112.013599258000113, -8.068266001999973, 0.0 ], [ 112.013537392000103, -8.0682945559999553, 0.0 ], [ 112.0132994460000191, -8.06831835, 0.0 ], [ 112.0127759650000598, -8.0683564219999653, 0.0 ], [ 112.0121906170001012, -8.068365938999932, 0.0 ], [ 112.0120716440001161, -8.0683754569999451, 0.0 ], [ 112.0119288770000594, -8.0684135289999404, 0.0 ], [ 112.0117480380000643, -8.0684753949999504, 0.0 ], [ 112.011576716000036, -8.0684801539999285, 0.0 ], [ 112.0114149130000669, -8.0684515999999462, 0.0 ], [ 112.0112150380000458, -8.0683516629999303, 0.0 ], [ 112.0109532980001177, -8.0682422069999689, 0.0 ], [ 112.0104583700000376, -8.0681041989999471, 0.0 ], [ 112.0100633790000302, -8.0679995019999637, 0.0 ], [ 112.0095874870000898, -8.0679090829999609, 0.0 ], [ 112.0091639430000896, -8.067851975999929, 0.0 ], [ 112.0089545500001122, -8.0678281809999817, 0.0 ], [ 112.008929078000051, -8.0677644509999595, 0.0 ], [ 112.0093050540000377, -8.0667990659999305, 0.0 ], [ 112.0088630960000273, -8.0667283669999392, 0.0 ], [ 112.0081713530000798, -8.0666247809999732, 0.0 ], [ 112.0078975590000709, -8.0665919529999428, 0.0 ], [ 112.0078494450000335, -8.0665537839999502, 0.0 ], [ 112.0078396870001143, -8.0664915919999771, 0.0 ], [ 112.0078823230001035, -8.0662569789999452, 0.0 ], [ 112.0079435040000817, -8.0657543099999316, 0.0 ], [ 112.0079955070000324, -8.065423955999961, 0.0 ], [ 112.0080953050000971, -8.0650025529999425, 0.0 ], [ 112.0084365030000981, -8.0651070029999801, 0.0 ], [ 112.0085614130000522, -8.0651306249999379, 0.0 ], [ 112.0084551420001162, -8.0648772349999263, 0.0 ], [ 112.0083921240000109, -8.0646380959999533, 0.0 ], [ 112.0083431560000236, -8.0642553449999355, 0.0 ], [ 112.0083186600001, -8.0640591839999729, 0.0 ], [ 112.0082798060000187, -8.0638822019999452, 0.0 ], [ 112.008250070000031, -8.0635089769999695, 0.0 ], [ 112.0082688510000253, -8.0633366389999424, 0.0 ], [ 112.0082254680000915, -8.063269742999978, 0.0 ], [ 112.0081485180000982, -8.0632220729999631, 0.0 ], [ 112.0081911310001033, -8.062977888999967, 0.0 ], [ 112.0081717690001142, -8.0629157199999781, 0.0 ], [ 112.0080371620000506, -8.0628538339999523, 0.0 ], [ 112.0078353630000265, -8.062806471999977, 0.0 ], [ 112.007609602000116, -8.0627783119999776, 0.0 ], [ 112.0072158460000082, -8.0627792789999262, 0.0 ], [ 112.0069804100000965, -8.062722426999926, 0.0 ], [ 112.006524003000095, -8.0626326169999629, 0.0 ], [ 112.0058754740000495, -8.0625241339999434, 0.0 ], [ 112.0055968920000851, -8.0624961019999546, 0.0 ], [ 112.0054590080001162, -8.0630516029999626, 0.0 ], [ 112.0053211700001157, -8.0636262479999345, 0.0 ], [ 112.005245096000067, -8.0639327309999658, 0.0 ], [ 112.0048126510000657, -8.0638237159999449, 0.0 ], [ 112.0041351420001092, -8.0636482989999649, 0.0 ], [ 112.0034480540000459, -8.0634824759999333, 0.0 ], [ 112.0032654740000453, -8.063439849999952, 0.0 ], [ 112.0033172690000356, -8.0630233509999698, 0.0 ], [ 112.0033835170000884, -8.0626259599999344, 0.0 ], [ 112.0034115970000812, -8.0623291659999268, 0.0 ], [ 112.0035012880000522, -8.061701993999975, 0.0 ], [ 112.0035388310000144, -8.0613477469999566, 0.0 ], [ 112.0035002740000891, -8.0612904099999696, 0.0 ], [ 112.003327347000095, -8.0612669039999787, 0.0 ], [ 112.0029094870000108, -8.061229639999965, 0.0 ], [ 112.0024436200000082, -8.0611972779999519, 0.0 ], [ 112.0024948860000222, -8.0605654149999282, 0.0 ], [ 112.0025420330000543, -8.0602111429999468, 0.0 ], [ 112.0025743970001031, -8.0597037599999339, 0.0 ], [ 112.0026071390000197, -8.0593495239999697, 0.0 ], [ 112.0026444580000771, -8.0589043439999273, 0.0 ], [ 112.002691063000043, -8.0583299229999739, 0.0 ], [ 112.0027425520000861, -8.0577889909999385, 0.0 ], [ 112.0027798120000853, -8.0573198829999342, 0.0 ], [ 112.002802867000014, -8.0569321689999356, 0.0 ], [ 112.0034315910000942, -8.0568014119999702, 0.0 ], [ 112.0044297730000835, -8.0565548879999369, 0.0 ], [ 112.0045774860000165, -8.0560902949999331, 0.0 ], [ 112.0040246610000167, -8.0558427819999565, 0.0 ], [ 112.0038708140000381, -8.055766584999958, 0.0 ], [ 112.0036836130000211, -8.0557957579999311, 0.0 ], [ 112.0036163050000368, -8.0557624219999298, 0.0 ], [ 112.0035533510000505, -8.0555472099999292, 0.0 ], [ 112.0034952450000674, -8.0553511309999521, 0.0 ], [ 112.0034949740000911, -8.055241055999943, 0.0 ], [ 112.0035091910000347, -8.0551644469999815, 0.0 ], [ 112.0036002850000614, -8.0551067939999257, 0.0 ], [ 112.0036097590000281, -8.0550541259999591, 0.0 ], [ 112.003570967000087, -8.0549010719999501, 0.0 ], [ 112.0035035640000842, -8.054829447999964, 0.0 ], [ 112.0034600180000552, -8.0546955499999626, 0.0 ], [ 112.0033878730000652, -8.0546478669999715, 0.0 ], [ 112.003291789000059, -8.054628958999956, 0.0 ], [ 112.0032098760000281, -8.0545142979999582, 0.0 ], [ 112.0031614450000461, -8.0543469099999356, 0.0 ], [ 112.0031517240000767, -8.0542990749999603, 0.0 ], [ 112.0031994940001141, -8.0541984539999589, 0.0 ], [ 112.0032762170000069, -8.0541551939999749, 0.0 ], [ 112.0032856680001032, -8.0540929539999411, 0.0 ], [ 112.0032854320000979, -8.0539972369999759, 0.0 ], [ 112.0032659660000718, -8.0538919949999581, 0.0 ], [ 112.0033421230000386, -8.053619011999956, 0.0 ], [ 112.0033897050000178, -8.0534418179999534, 0.0 ], [ 112.0034134320001158, -8.0533268989999556, 0.0 ], [ 112.0035226710000416, -8.0528384699999265, 0.0 ], [ 112.0036324290000493, -8.0525606199999515, 0.0 ], [ 112.0036849540000503, -8.052440843999932, 0.0 ], [ 112.0036558020000257, -8.052302124999926, 0.0 ], [ 112.0035639200000332, -8.0520391249999648, 0.0 ], [ 112.00353494400008, -8.0519721939999727, 0.0 ], [ 112.0035011670000813, -8.0519052739999779, 0.0 ], [ 112.0034338470001103, -8.0518671509999535, 0.0 ], [ 112.0033617620000541, -8.05184339799996, 0.0 ], [ 112.0033615500000224, -8.051757251999959, 0.0 ], [ 112.0035378960000116, -8.0512208009999426, 0.0 ], [ 112.003938205000054, -8.049985061999962, 0.0 ], [ 112.0041110450000588, -8.0499750669999344, 0.0 ], [ 112.0042023610000115, -8.0500083449999806, 0.0 ], [ 112.0043657860001076, -8.050074947999974, 0.0 ], [ 112.0044426500001009, -8.0500891169999704, 0.0 ], [ 112.0044519820000914, -8.0499790189999771, 0.0 ], [ 112.0048030940000672, -8.0487529709999421, 0.0 ], [ 112.0048744270000043, -8.04847162599998, 0.0 ], [ 112.004039490000082, -8.048216426999943, 0.0 ], [ 112.0013544140000477, -8.0473675049999542, 0.0 ], [ 112.001556975000085, -8.0467508269999257, 0.0 ], [ 112.0017177410001068, -8.0462239859999727, 0.0 ], [ 112.0018426550000186, -8.0457630389999508, 0.0 ], [ 112.00187815400011, -8.0455535689999351, 0.0 ], [ 112.0019433690000596, -8.0452243799999792, 0.0 ], [ 112.0019964480001136, -8.0448413789999336, 0.0 ], [ 112.0020138230000839, -8.0445840939999584, 0.0 ], [ 112.0020039640000959, -8.0444800239999381, 0.0 ], [ 112.0021617740001147, -8.0444610949999742, 0.0 ], [ 112.0022403480001003, -8.0444387679999636, 0.0 ], [ 112.0023603780000485, -8.044433688999959, 0.0 ], [ 112.0025479860000814, -8.0445720219999544, 0.0 ], [ 112.0026585430000523, -8.0446196119999627, 0.0 ], [ 112.0027883060000704, -8.044667153999967, 0.0 ], [ 112.0028795970000601, -8.044690859999946, 0.0 ], [ 112.0030429020000611, -8.04470960499998, 0.0 ], [ 112.0033837760000779, -8.0446896289999472, 0.0 ], [ 112.0037920150000446, -8.0447269189999702, 0.0 ], [ 112.0039169660000198, -8.0447696859999382, 0.0 ], [ 112.003969902000108, -8.0448174159999439, 0.0 ], [ 112.0039750570000479, -8.044960979999928, 0.0 ], [ 112.0040136830000392, -8.0450470319999567, 0.0 ], [ 112.0040523320000148, -8.0451426549999496, 0.0 ], [ 112.0040908750000881, -8.0451952059999599, 0.0 ], [ 112.0041580990000512, -8.0451950409999426, 0.0 ], [ 112.0043355860000247, -8.0451228189999711, 0.0 ], [ 112.0044315730000335, -8.0451034409999806, 0.0 ], [ 112.0045323970000481, -8.0450984079999444, 0.0 ], [ 112.0045852150000201, -8.0450982789999443, 0.0 ], [ 112.0046429070000613, -8.0451268529999425, 0.0 ], [ 112.0046478500000831, -8.0451842719999718, 0.0 ], [ 112.0046335860000681, -8.0452417369999694, 0.0 ], [ 112.0046673630000669, -8.0453086569999641, 0.0 ], [ 112.0048789560000841, -8.0454373589999477, 0.0 ], [ 112.0051385790001177, -8.0455707279999729, 0.0 ], [ 112.0052346130000842, -8.045570492999957, 0.0 ], [ 112.0052586100000553, -8.0455656489999683, 0.0 ], [ 112.0052775570001131, -8.0454603129999782, 0.0 ], [ 112.0053391780000993, -8.045134720999954, 0.0 ], [ 112.0053911120000976, -8.0447756519999416, 0.0 ], [ 112.0054720920001046, -8.0445122299999525, 0.0 ], [ 112.0055389740000464, -8.0443732749999413, 0.0 ], [ 112.0055530610001142, -8.0442440219999298, 0.0 ], [ 112.0055526950000058, -8.0440956599999254, 0.0 ], [ 112.0055760080000482, -8.0438132349999591, 0.0 ], [ 112.0055988600000774, -8.0433441619999257, 0.0 ], [ 112.0055934810000053, -8.0431096659999639, 0.0 ], [ 112.005564411000023, -8.0430044479999765, 0.0 ], [ 112.0055208310000125, -8.0428561919999311, 0.0 ], [ 112.0055299390000982, -8.04265516199996, 0.0 ], [ 112.0055197460000045, -8.0424158919999513, 0.0 ], [ 112.0058604520000927, -8.0423289119999595, 0.0 ], [ 112.0062347700001055, -8.0422418499999253, 0.0 ], [ 112.0063881880000736, -8.0421457559999681, 0.0 ], [ 112.0064744880000944, -8.0420928999999433, 0.0 ], [ 112.006570297000053, -8.0420017329999496, 0.0 ], [ 112.0066564910000579, -8.0419058039999527, 0.0 ], [ 112.0067331760000116, -8.0418481859999815, 0.0 ], [ 112.0067955860000666, -8.0418432469999743, 0.0 ], [ 112.0068915600000992, -8.0418190819999609, 0.0 ], [ 112.0069874990000471, -8.0417805599999497, 0.0 ], [ 112.0070355630000449, -8.0417995859999678, 0.0 ], [ 112.0071269240000902, -8.0418520069999317, 0.0 ], [ 112.0072037750001073, -8.0418613899999514, 0.0 ], [ 112.0072277240000176, -8.0418374019999419, 0.0 ], [ 112.0073332070001015, -8.041774926999949, 0.0 ], [ 112.0074005130001069, -8.0418082629999503, 0.0 ], [ 112.0074390330000824, -8.0418512409999607, 0.0 ], [ 112.0074678310000991, -8.0418463849999284, 0.0 ], [ 112.0075923790000161, -8.0417264319999617, 0.0 ], [ 112.007635452000045, -8.041668895999976, 0.0 ], [ 112.0076833740000666, -8.0416304909999781, 0.0 ], [ 112.0078369800000928, -8.0416109709999546, 0.0 ], [ 112.0082451090000859, -8.0416051839999341, 0.0 ], [ 112.0082581780000055, -8.0410643459999278, 0.0 ], [ 112.0082627200000616, -8.0409590459999549, 0.0 ], [ 112.008320174000005, -8.0408919019999416, 0.0 ], [ 112.0084400150000192, -8.040810247999957, 0.0 ], [ 112.008535977000065, -8.0407812969999668, 0.0 ], [ 112.0088719620000575, -8.0407278279999446, 0.0 ], [ 112.0091312750000725, -8.0407367629999271, 0.0 ], [ 112.0096066380000366, -8.0407355949999442, 0.0 ], [ 112.009817910000038, -8.0407350759999758, 0.0 ], [ 112.0100533450000739, -8.0407967139999528, 0.0 ], [ 112.010235855000019, -8.0408154089999471, 0.0 ], [ 112.0105911300000798, -8.04079539199995, 0.0 ], [ 112.0108744270000898, -8.0407946949999314, 0.0 ], [ 112.0111866410001085, -8.0408369999999536, 0.0 ], [ 112.0112306620001164, -8.0411623309999527, 0.0 ], [ 112.0112889570000334, -8.041434982999931, 0.0 ], [ 112.0114810710000484, -8.0414536539999517, 0.0 ], [ 112.0118987790000347, -8.041438267999979, 0.0 ], [ 112.0121772630000123, -8.041432795999981, 0.0 ], [ 112.01226843500001, -8.0414086419999649, 0.0 ], [ 112.0123451550000482, -8.0413653799999452, 0.0 ], [ 112.0125322050000705, -8.0412787729999309, 0.0 ], [ 112.0127145260000816, -8.0412208929999451, 0.0 ], [ 112.0129015760001039, -8.0411342859999309, 0.0 ], [ 112.0129686800000854, -8.0410862619999648, 0.0 ], [ 112.0131122780001078, -8.0409040449999338, 0.0 ], [ 112.0131840890001058, -8.0408177219999288, 0.0 ], [ 112.0132656100000759, -8.0407744479999792, 0.0 ], [ 112.0134383150000303, -8.040711804999944, 0.0 ], [ 112.0137669130000404, -8.040584168999942, 0.0 ], [ 112.0139900110000326, -8.0405118299999572, 0.0 ], [ 112.0141628690000744, -8.0405114039999717, 0.0 ], [ 112.0143644910000376, -8.0404917629999773, 0.0 ], [ 112.0146956850001061, -8.0404430859999252, 0.0 ], [ 112.0149357430000236, -8.0404329219999795, 0.0 ], [ 112.0150317990000985, -8.0404422559999489, 0.0 ], [ 112.0150895620000711, -8.0404995439999425, 0.0 ], [ 112.0151234950000116, -8.0406286789999513, 0.0 ], [ 112.0151528880001024, -8.0408631139999329, 0.0 ], [ 112.0151723920000677, -8.0409827129999485, 0.0 ], [ 112.0151965070000415, -8.0410257259999298, 0.0 ], [ 112.0152542100000801, -8.0410590849999721, 0.0 ], [ 112.0157247710000092, -8.0410579219999363, 0.0 ], [ 112.016262579000113, -8.0410661639999716, 0.0 ], [ 112.016521760000046, -8.0410224499999572, 0.0 ], [ 112.0166753770000696, -8.0410077119999528, 0.0 ], [ 112.0168530260000352, -8.0410024869999575, 0.0 ], [ 112.0170642620000763, -8.0409876069999768, 0.0 ], [ 112.0172659910000448, -8.0410110369999757, 0.0 ], [ 112.017650265000043, -8.0410675159999414, 0.0 ], [ 112.0179336690000582, -8.0411098869999478, 0.0 ], [ 112.0180921950000084, -8.0411382089999393, 0.0 ], [ 112.0184668180000926, -8.0411755679999715, 0.0 ], [ 112.0187261550000812, -8.0411940679999816, 0.0 ], [ 112.0188173980000101, -8.041198627999961, 0.0 ], [ 112.018932697000082, -8.041222270999981, 0.0 ], [ 112.0190864330000977, -8.041255390999936, 0.0 ], [ 112.0191969540001082, -8.0412886179999532, 0.0 ], [ 112.0192593750000469, -8.0412884629999439, 0.0 ], [ 112.0193649520000463, -8.0412642719999781, 0.0 ], [ 112.0196002080000426, -8.0412541169999372, 0.0 ], [ 112.0198739380000461, -8.0412677949999534, 0.0 ], [ 112.02020995700002, -8.0412286739999672, 0.0 ], [ 112.020637266000108, -8.0412132549999455, 0.0 ], [ 112.0210885720000533, -8.0411929899999564, 0.0 ], [ 112.0217943050000713, -8.0411481629999457, 0.0 ], [ 112.0226345190000075, -8.0411173579999513, 0.0 ], [ 112.023484288000077, -8.0410673829999268, 0.0 ], [ 112.0240701110000145, -8.0410754949999728, 0.0 ], [ 112.024607845000105, -8.041055010999969, 0.0 ], [ 112.0249637820000999, -8.0410702519999404, 0.0 ], [ 112.0255600850000519, -8.0410647609999728, 0.0 ], [ 112.0256733500000337, -8.0410637179999753, 0.0 ], [ 112.0259650850000526, -8.0410773469999413, 0.0 ], [ 112.0262461600000279, -8.0411484329999325, 0.0 ], [ 112.0264048400000547, -8.0412377719999313, 0.0 ], [ 112.0262913340000068, -8.0419272199999341, 0.0 ], [ 112.0262380910000957, -8.0422360409999669, 0.0 ], [ 112.0268145860001141, -8.0423530509999637, 0.0 ], [ 112.0269112320000886, -8.0421194979999768, 0.0 ], [ 112.0273291460000564, -8.0421866519999412, 0.0 ], [ 112.027286636000099, -8.0424667309999336, 0.0 ], [ 112.0274020110000492, -8.042520283999977, 0.0 ], [ 112.0273088940000434, -8.042725111999971, 0.0 ], [ 112.0271733570000379, -8.0432459129999643, 0.0 ], [ 112.0271510330001092, -8.0434045059999448, 0.0 ], [ 112.0285719100000961, -8.0436031929999672, 0.0 ], [ 112.028634344000011, -8.0445602089999397, 0.0 ] ] ] ] } },
{ "type": "Feature", "properties": { "OBJECTID": 116525.0, "KDPPUM": "35", "NAMOBJ": "Kolomayan", "REMARK": "-", "KDPBPS": null, "FCODE": "BA03070040", "LUASWH": 0.0, "UUPP": "Hasil Sinkronisasi Data Pemda Tahun 2019", "SRS_ID": "SRGI 2013", "METADATA": "TASWIL1000020200326DATA_BATAS_DESA_KELURAHAN", "KDEBPS": null, "KDEPUM": "35.05.01.2011", "KDCBPS": null, "KDCPUM": "35.05.01", "KDBBPS": null, "WADMKD": "Kolomayan", "WIADKD": "0", "WADMKC": "Wonodadi", "WIADKC": null, "WADMKK": "Blitar", "WIADKK": null, "WADMPR": "Jawa Timur", "WIADPR": null, "TIPADM": 1.0, "KDPKAB": "35.05", "SHAPE_Leng": 0.107369942867754, "SHAPE_Area": 0.00038965581009699999 }, "geometry": { "type": "MultiPolygon", "coordinates": [ [ [ [ 112.0347400000000562, -8.0471799989999795, 0.0 ], [ 112.0337612610001088, -8.0474529029999644, 0.0 ], [ 112.0337887440000486, -8.0477469779999637, 0.0 ], [ 112.0339077170000337, -8.0479016429999319, 0.0 ], [ 112.032932138000092, -8.0480087179999487, 0.0 ], [ 112.0329364600000872, -8.0481390969999325, 0.0 ], [ 112.0327281860000994, -8.0481648759999302, 0.0 ], [ 112.0324642740000627, -8.0482373269999812, 0.0 ], [ 112.0324830530000781, -8.0485423779999792, 0.0 ], [ 112.032495724000114, -8.0488055679999775, 0.0 ], [ 112.032581435000111, -8.0494693889999667, 0.0 ], [ 112.0326415020000468, -8.0494871849999754, 0.0 ], [ 112.0329805450001004, -8.0494689999999309, 0.0 ], [ 112.0330035220000582, -8.0501621309999791, 0.0 ], [ 112.0335507980000784, -8.0501264389999392, 0.0 ], [ 112.0335507980000784, -8.0503880379999373, 0.0 ], [ 112.0328418300000521, -8.0503780459999348, 0.0 ], [ 112.0328491660000054, -8.0509044709999671, 0.0 ], [ 112.0328419680000707, -8.0513292129999741, 0.0 ], [ 112.0328387230000544, -8.0515206759999387, 0.0 ], [ 112.0324484750000238, -8.0514797819999444, 0.0 ], [ 112.0323103350000338, -8.0514442349999626, 0.0 ], [ 112.032081129000062, -8.051422420999927, 0.0 ], [ 112.0320041480000555, -8.0514150939999354, 0.0 ], [ 112.0316260260000263, -8.0514220269999441, 0.0 ], [ 112.0316447590000735, -8.0517091309999387, 0.0 ], [ 112.0316775260000668, -8.0527978299999745, 0.0 ], [ 112.0316850120000254, -8.053384077999965, 0.0 ], [ 112.0321774650000179, -8.0534905209999579, 0.0 ], [ 112.0326339660000485, -8.0536209829999734, 0.0 ], [ 112.0328080000000455, -8.0536085809999349, 0.0 ], [ 112.0331862600000932, -8.0536554869999577, 0.0 ], [ 112.0339430080000511, -8.053839031999928, 0.0 ], [ 112.0346517400000721, -8.0540226969999367, 0.0 ], [ 112.0357388540001011, -8.0543011219999698, 0.0 ], [ 112.0374206450001111, -8.0547575099999449, 0.0 ], [ 112.0385017750000998, -8.055041924999955, 0.0 ], [ 112.0391745110000556, -8.0552316549999432, 0.0 ], [ 112.0392765490000784, -8.0552313969999432, 0.0 ], [ 112.0393549690001009, -8.0552242999999635, 0.0 ], [ 112.0394805780000524, -8.0552129329999502, 0.0 ], [ 112.0397686700000577, -8.0552062209999349, 0.0 ], [ 112.0399248490000446, -8.0552536829999326, 0.0 ], [ 112.0400173310000582, -8.0553174569999442, 0.0 ], [ 112.0400631450000901, -8.0553490489999717, 0.0 ], [ 112.0403637750000598, -8.0555516849999549, 0.0 ], [ 112.0403709880000633, -8.0555576449999649, 0.0 ], [ 112.0404359540000314, -8.0556113249999726, 0.0 ], [ 112.040664252000056, -8.0556944979999798, 0.0 ], [ 112.0410005140000749, -8.0557474849999267, 0.0 ], [ 112.0411015590000261, -8.0557472279999729, 0.0 ], [ 112.0411146390000567, -8.0557235189999687, 0.0 ], [ 112.0411480080000501, -8.0557324669999275, 0.0 ], [ 112.0416975970000522, -8.0556964399999629, 0.0 ], [ 112.0425858500000231, -8.0557835279999495, 0.0 ], [ 112.0445358180000994, -8.0560071969999285, 0.0 ], [ 112.0444501570000284, -8.0567353119999439, 0.0 ], [ 112.0482763310000109, -8.0577846549999776, 0.0 ], [ 112.0483637760000875, -8.0578072589999579, 0.0 ], [ 112.0484394480000674, -8.057822448999957, 0.0 ], [ 112.0486000420000892, -8.0578529069999263, 0.0 ], [ 112.0484318900000744, -8.0586351019999256, 0.0 ], [ 112.048103524000112, -8.0587279009999406, 0.0 ], [ 112.047789435000027, -8.0589563289999546, 0.0 ], [ 112.0475039000000379, -8.0591205119999358, 0.0 ], [ 112.0471755340000755, -8.059341801999949, 0.0 ], [ 112.0466044640000973, -8.0598414879999609, 0.0 ], [ 112.0456621970000697, -8.0608194469999717, 0.0 ], [ 112.0452910010000096, -8.0611192589999519, 0.0 ], [ 112.0449697740000374, -8.0614619009999728, 0.0 ], [ 112.0446985160000395, -8.0617688519999433, 0.0 ], [ 112.0446128550000822, -8.0621257709999554, 0.0 ], [ 112.044504775000064, -8.0628505429999677, 0.0 ], [ 112.0457645140000977, -8.0631917699999462, 0.0 ], [ 112.0463427210000873, -8.0634485429999359, 0.0 ], [ 112.0464686940000547, -8.0634881339999538, 0.0 ], [ 112.0470863050001071, -8.0635451199999579, 0.0 ], [ 112.0471814830000312, -8.0635570169999369, 0.0 ], [ 112.0471303040000066, -8.063696064999931, 0.0 ], [ 112.0469955100001016, -8.0638887259999592, 0.0 ], [ 112.0468602560000591, -8.0645147499999439, 0.0 ], [ 112.0467055910000909, -8.0645028529999649, 0.0 ], [ 112.046628657000042, -8.0649919749999412, 0.0 ], [ 112.0468352720000667, -8.0650120569999331, 0.0 ], [ 112.0468152550000696, -8.0650542889999315, 0.0 ], [ 112.0468604720000485, -8.0650693889999729, 0.0 ], [ 112.0467013160000533, -8.0658968099999697, 0.0 ], [ 112.045924712000101, -8.0660383199999615, 0.0 ], [ 112.0447312650001095, -8.0662582109999335, 0.0 ], [ 112.0443686040000557, -8.0663236559999518, 0.0 ], [ 112.0442000000000462, -8.0663499999999431, 0.0 ], [ 112.0434422240000458, -8.0664860109999381, 0.0 ], [ 112.0434233420000965, -8.0664809299999547, 0.0 ], [ 112.0433361090000517, -8.0664574579999453, 0.0 ], [ 112.0427428860000418, -8.0663299879999499, 0.0 ], [ 112.0424300000000812, -8.0662599999999429, 0.0 ], [ 112.041780000000017, -8.0661, 0.0 ], [ 112.0412184490000982, -8.0659522239999433, 0.0 ], [ 112.040436032000116, -8.0655932669999402, 0.0 ], [ 112.0404300000000148, -8.0655899999999292, 0.0 ], [ 112.0404297880000968, -8.0655904029999306, 0.0 ], [ 112.0403992370000879, -8.0655763869999646, 0.0 ], [ 112.0402700760000698, -8.0658938549999561, 0.0 ], [ 112.040230000000065, -8.0659699999999361, 0.0 ], [ 112.0401813770000672, -8.0660309849999408, 0.0 ], [ 112.0398177860000715, -8.0664716919999364, 0.0 ], [ 112.0389447060000521, -8.0674629389999382, 0.0 ], [ 112.0389202420000174, -8.0674951909999777, 0.0 ], [ 112.0388700000000881, -8.0675499999999261, 0.0 ], [ 112.0386504690001175, -8.0678508379999698, 0.0 ], [ 112.038442256000053, -8.0681253319999655, 0.0 ], [ 112.0383397510000805, -8.0682766369999399, 0.0 ], [ 112.0383300000000872, -8.0682899999999336, 0.0 ], [ 112.0383142790000193, -8.0683142359999351, 0.0 ], [ 112.0380510300000196, -8.0687028159999272, 0.0 ], [ 112.0379108260000294, -8.0690884599999322, 0.0 ], [ 112.0378600000000233, -8.0692099999999414, 0.0 ], [ 112.0378375080000524, -8.0692901259999417, 0.0 ], [ 112.037829699000099, -8.0693116069999746, 0.0 ], [ 112.0377857220000806, -8.0694746149999332, 0.0 ], [ 112.0377000000000862, -8.0697799999999802, 0.0 ], [ 112.0376656680000451, -8.0699196179999717, 0.0 ], [ 112.0375983880001058, -8.0701690009999538, 0.0 ], [ 112.0373411770000303, -8.0711338909999313, 0.0 ], [ 112.0373090360000106, -8.0711316309999575, 0.0 ], [ 112.0366023360001009, -8.0711102149999761, 0.0 ], [ 112.0356767710001122, -8.0710607349999464, 0.0 ], [ 112.035301372000049, -8.0710909709999328, 0.0 ], [ 112.0348884270000553, -8.0711015869999301, 0.0 ], [ 112.0341584910000847, -8.0710890729999392, 0.0 ], [ 112.0338643520000232, -8.0710826379999503, 0.0 ], [ 112.0331920310001124, -8.0710663879999629, 0.0 ], [ 112.0321805480000421, -8.0710420189999468, 0.0 ], [ 112.0315232250001145, -8.0710227369999643, 0.0 ], [ 112.0312527760000876, -8.0710102359999496, 0.0 ], [ 112.0309709300000804, -8.0709972079999375, 0.0 ], [ 112.0307566370000814, -8.0709959529999651, 0.0 ], [ 112.0304761690000532, -8.0709549039999615, 0.0 ], [ 112.0294369510000934, -8.0708548559999258, 0.0 ], [ 112.0289551100000836, -8.0708251119999659, 0.0 ], [ 112.0281758360000595, -8.070694241999945, 0.0 ], [ 112.0273965630000248, -8.070563371999981, 0.0 ], [ 112.0266529810000975, -8.0704562959999748, 0.0 ], [ 112.0258142210000187, -8.0703551689999813, 0.0 ], [ 112.0257487860000083, -8.0706644989999745, 0.0 ], [ 112.0246899260000646, -8.0706526009999493, 0.0 ], [ 112.0235953740000241, -8.0706228579999788, 0.0 ], [ 112.0223283110000239, -8.0705752689999599, 0.0 ], [ 112.021920413000089, -8.0705093819999547, 0.0 ], [ 112.022025228000075, -8.0689934959999619, 0.0 ], [ 112.0209325260000242, -8.0689861069999438, 0.0 ], [ 112.0209794640001064, -8.0685552629999506, 0.0 ], [ 112.0208052730000645, -8.0685078379999595, 0.0 ], [ 112.0203968210000767, -8.0683951919999686, 0.0 ], [ 112.0199283760000526, -8.068294658999946, 0.0 ], [ 112.0196641930000396, -8.0682654049999769, 0.0 ], [ 112.0196227010001166, -8.0684748899999477, 0.0 ], [ 112.019478642000081, -8.0684752489999596, 0.0 ], [ 112.0191243170000917, -8.0684043419999512, 0.0 ], [ 112.0186979790000805, -8.0683395969999765, 0.0 ], [ 112.0184337810001125, -8.0683043609999459, 0.0 ], [ 112.0180854590000763, -8.0682334389999255, 0.0 ], [ 112.0179712630000495, -8.0681738989999303, 0.0 ], [ 112.0179411160000882, -8.0681201329999794, 0.0 ], [ 112.0179108490000317, -8.068018507999966, 0.0 ], [ 112.0178863010000896, -8.0678032049999615, 0.0 ], [ 112.0179095470000448, -8.0674980479999476, 0.0 ], [ 112.0179510100000471, -8.0672765989999675, 0.0 ], [ 112.0179687330000888, -8.0671628899999632, 0.0 ], [ 112.0179561300000159, -8.0669236279999268, 0.0 ], [ 112.0179848550000088, -8.0664090759999567, 0.0 ], [ 112.0178886810000449, -8.0663554739999768, 0.0 ], [ 112.0176905570000372, -8.066338018999943, 0.0 ], [ 112.0175043620000679, -8.0662906229999294, 0.0 ], [ 112.0174022460000742, -8.0662609649999695, 0.0 ], [ 112.0173781760000793, -8.0662370949999627, 0.0 ], [ 112.017377758000066, -8.0660695909999731, 0.0 ], [ 112.0174126500000966, -8.065620828999954, 0.0 ], [ 112.0174535450000803, -8.0651720519999799, 0.0 ], [ 112.0175124930000266, -8.0647411769999735, 0.0 ], [ 112.0178726810000853, -8.0647582299999385, 0.0 ], [ 112.017926105000015, -8.0645188039999312, 0.0 ], [ 112.0179255510000758, -8.0642974579999418, 0.0 ], [ 112.0179547700000739, -8.0639803219999635, 0.0 ], [ 112.0179483790000177, -8.0638247969999384, 0.0 ], [ 112.0179420770000434, -8.063705165999977, 0.0 ], [ 112.0179778370001031, -8.0636033769999358, 0.0 ], [ 112.0180677830001059, -8.0635672599999566, 0.0 ], [ 112.0182658610000317, -8.0635667679999301, 0.0 ], [ 112.0184099930000912, -8.0635963209999773, 0.0 ], [ 112.0184759900000699, -8.0635841929999401, 0.0 ], [ 112.0185058220000656, -8.0635123299999805, 0.0 ], [ 112.0185236190000069, -8.0634285339999678, 0.0 ], [ 112.0185290530000657, -8.0632011909999619, 0.0 ], [ 112.0185222270000622, -8.0628721799999425, 0.0 ], [ 112.0184856000000764, -8.0626269949999596, 0.0 ], [ 112.0185152970000217, -8.062501291999979, 0.0 ], [ 112.0191876370000728, -8.0625295319999282, 0.0 ], [ 112.0202081730000145, -8.0625808339999594, 0.0 ], [ 112.0202780580000308, -8.0617251859999328, 0.0 ], [ 112.0203303250000317, -8.061025122999979, 0.0 ], [ 112.0207265690000895, -8.0610600309999541, 0.0 ], [ 112.0207440510000652, -8.0608506059999741, 0.0 ], [ 112.0209961790000079, -8.0608619419999741, 0.0 ], [ 112.0213775380000243, -8.0597482789999617, 0.0 ], [ 112.0214070390001098, -8.0595448059999626, 0.0 ], [ 112.0214067240000304, -8.0594191779999278, 0.0 ], [ 112.0214005120000138, -8.0593354399999271, 0.0 ], [ 112.0209622080000145, -8.0592826909999644, 0.0 ], [ 112.0204157730000816, -8.059194315999946, 0.0 ], [ 112.0197673280000572, -8.0591181589999792, 0.0 ], [ 112.0194190150000395, -8.0590472379999483, 0.0 ], [ 112.0192988040000728, -8.0589817309999603, 0.0 ], [ 112.0192326590000675, -8.0589340359999255, 0.0 ], [ 112.0194036560000086, -8.0581870159999767, 0.0 ], [ 112.0194745880000937, -8.0577489319999813, 0.0 ], [ 112.0195305210000924, -8.0570739859999776, 0.0 ], [ 112.0195215400000279, -8.0563633069999696, 0.0 ], [ 112.0195488600000999, -8.0557673979999436, 0.0 ], [ 112.0200674910000771, -8.0557804659999306, 0.0 ], [ 112.0205644070000517, -8.0557505149999429, 0.0 ], [ 112.0206451470000957, -8.0563533329999473, 0.0 ], [ 112.0214877570000453, -8.056308162999926, 0.0 ], [ 112.0214652490000162, -8.0559492789999467, 0.0 ], [ 112.0214130850000629, -8.0552530649999312, 0.0 ], [ 112.0214340450000918, -8.0549945759999559, 0.0 ], [ 112.0219598060000408, -8.0549789089999422, 0.0 ], [ 112.0221110090000138, -8.0549569959999303, 0.0 ], [ 112.0220499480000171, -8.0535859969999706, 0.0 ], [ 112.0220193020001034, -8.0528538359999402, 0.0 ], [ 112.0220182040000054, -8.052415931999974, 0.0 ], [ 112.0218740430000253, -8.052373217999957, 0.0 ], [ 112.0216146750000235, -8.0523451489999616, 0.0 ], [ 112.0215783020000799, -8.0522016639999379, 0.0 ], [ 112.0216055120000647, -8.0515626819999397, 0.0 ], [ 112.021560695000062, -8.0509238809999601, 0.0 ], [ 112.0215313270000479, -8.0507014109999773, 0.0 ], [ 112.0215598310001042, -8.0505792999999812, 0.0 ], [ 112.0216461370000616, -8.0505288339999765, 0.0 ], [ 112.0218045590000884, -8.0505140819999497, 0.0 ], [ 112.0217968880000399, -8.0503274519999763, 0.0 ], [ 112.0223369760000196, -8.0502830349999499, 0.0 ], [ 112.022328946000016, -8.0499528299999383, 0.0 ], [ 112.0231567950000908, -8.0497712969999498, 0.0 ], [ 112.0238119790000155, -8.0496691599999508, 0.0 ], [ 112.023868933000017, -8.0494034029999284, 0.0 ], [ 112.0246036880000702, -8.049437462999947, 0.0 ], [ 112.0248269500000333, -8.0494297269999606, 0.0 ], [ 112.0248538120000603, -8.0486543499999357, 0.0 ], [ 112.0253362220000781, -8.0485885369999437, 0.0 ], [ 112.0259627740000496, -8.0485582559999784, 0.0 ], [ 112.0260464410000623, -8.0474596919999613, 0.0 ], [ 112.0268026010000995, -8.0474147289999678, 0.0 ], [ 112.0271626560000868, -8.0473851129999616, 0.0 ], [ 112.0274938650001104, -8.0473412109999458, 0.0 ], [ 112.0277889160000768, -8.0472399699999642, 0.0 ], [ 112.0278392440000061, -8.0472039499999255, 0.0 ], [ 112.0277954860000591, -8.0469886959999712, 0.0 ], [ 112.0277225920000319, -8.046644295999954, 0.0 ], [ 112.0277150460000257, -8.0465079179999748, 0.0 ], [ 112.0277868180000951, -8.0464072359999363, 0.0 ], [ 112.0279163910000761, -8.0463781959999778, 0.0 ], [ 112.0280388160000484, -8.0463707109999518, 0.0 ], [ 112.0281755560000647, -8.0463272959999586, 0.0 ], [ 112.0282114050000928, -8.0462625969999522, 0.0 ], [ 112.0282184630000302, -8.0462051489999453, 0.0 ], [ 112.0281458230000453, -8.0459612519999268, 0.0 ], [ 112.0281092860000172, -8.0457531589999576, 0.0 ], [ 112.0281091750000542, -8.0457090719999655, 0.0 ], [ 112.028150000000096, -8.0457399999999666, 0.0 ], [ 112.0285500000001093, -8.0460499999999797, 0.0 ], [ 112.0289300000000594, -8.0463299999999549, 0.0 ], [ 112.0290399990000196, -8.04639, 0.0 ], [ 112.029480000000035, -8.0466299999999364, 0.0 ], [ 112.0296700000000101, -8.0467299989999788, 0.0 ], [ 112.0311600000001135, -8.0475499989999548, 0.0 ], [ 112.0318499990000873, -8.0473799999999756, 0.0 ], [ 112.0326600000000781, -8.0473099999999249, 0.0 ], [ 112.0335300000000416, -8.04721, 0.0 ], [ 112.0347400000000562, -8.0471799989999795, 0.0 ] ] ] ] } },
{ "type": "Feature", "properties": { "OBJECTID": 116524.0, "KDPPUM": "35", "NAMOBJ": "Gandekan", "REMARK": "-", "KDPBPS": null, "FCODE": "BA03070040", "LUASWH": 0.0, "UUPP": "Hasil Sinkronisasi Data Pemda Tahun 2019", "SRS_ID": "SRGI 2013", "METADATA": "TASWIL1000020200326DATA_BATAS_DESA_KELURAHAN", "KDEBPS": null, "KDEPUM": "35.05.01.2009", "KDCBPS": null, "KDCPUM": "35.05.01", "KDBBPS": null, "WADMKD": "Gandekan", "WIADKD": "0", "WADMKC": "Wonodadi", "WIADKC": null, "WADMKK": "Blitar", "WIADKK": null, "WADMPR": "Jawa Timur", "WIADPR": null, "TIPADM": 1.0, "KDPKAB": "35.05", "SHAPE_Leng": 0.104328254169891, "SHAPE_Area": 0.000471809045106 }, "geometry": { "type": "MultiPolygon", "coordinates": [ [ [ [ 111.9911861370000565, -8.078713612999934, 0.0 ], [ 111.9907706280000639, -8.0782919349999815, 0.0 ], [ 111.9895862420000867, -8.0770361079999589, 0.0 ], [ 111.9890856110000641, -8.0765395839999314, 0.0 ], [ 111.9886088410000866, -8.0759807849999561, 0.0 ], [ 111.9887558030000605, -8.0757498669999563, 0.0 ], [ 111.9888193300000694, -8.0756500489999326, 0.0 ], [ 111.9890057380000599, -8.0752906549999466, 0.0 ], [ 111.9892927910000822, -8.0748496579999482, 0.0 ], [ 111.9896372940000333, -8.0743367329999387, 0.0 ], [ 111.990254792000087, -8.07352642099994, 0.0 ], [ 111.9907813510000665, -8.0728407619999416, 0.0 ], [ 111.9911353030000782, -8.0722655969999551, 0.0 ], [ 111.9915368660000468, -8.07152280899993, 0.0 ], [ 111.9917185150000591, -8.0711825699999622, 0.0 ], [ 111.9922994900000504, -8.0711524469999745, 0.0 ], [ 111.9927268600000616, -8.0711466249999262, 0.0 ], [ 111.9932021900000336, -8.0711167559999808, 0.0 ], [ 111.9931765090000795, -8.0704324339999403, 0.0 ], [ 111.9931543680000345, -8.0692312259999426, 0.0 ], [ 111.9931276000000366, -8.0681018179999455, 0.0 ], [ 111.9931145120000338, -8.0676579569999376, 0.0 ], [ 111.9931063450000579, -8.0672631399999659, 0.0 ], [ 111.9931030590000773, -8.0669850669999619, 0.0 ], [ 111.9931029980000403, -8.0669799069999613, 0.0 ], [ 111.9931018060000838, -8.0668790819999572, 0.0 ], [ 111.9931029980000403, -8.0668627079999737, 0.0 ], [ 111.9931029980000403, -8.0661791929999254, 0.0 ], [ 111.9931029980000403, -8.0660761879999541, 0.0 ], [ 111.9931029980000403, -8.0657233329999372, 0.0 ], [ 111.993110639000065, -8.0656651569999553, 0.0 ], [ 111.993110639000065, -8.0655850489999352, 0.0 ], [ 111.9931182550000699, -8.0655326029999515, 0.0 ], [ 111.9931258720000642, -8.0654973009999367, 0.0 ], [ 111.9932784700000639, -8.0647763349999764, 0.0 ], [ 111.9935455110000362, -8.0636147649999543, 0.0 ], [ 111.9939422270000478, -8.0619515399999386, 0.0 ], [ 111.9940108980000559, -8.0619381919999569, 0.0 ], [ 111.9944076140000675, -8.0602568799999403, 0.0 ], [ 111.9945449550000376, -8.0596799039999496, 0.0 ], [ 111.9945449550000376, -8.0596312539999531, 0.0 ], [ 111.9945373380000433, -8.0595835719999513, 0.0 ], [ 111.9945220570000401, -8.0595349469999746, 0.0 ], [ 111.994506799000078, -8.0595168119999698, 0.0 ], [ 111.9946015200000602, -8.0593703019999339, 0.0 ], [ 111.9946549130000335, -8.0594100109999545, 0.0 ], [ 111.9947414090000848, -8.0594614509999474, 0.0 ], [ 111.9947751350000544, -8.0594815079999762, 0.0 ], [ 111.9950693830000432, -8.0595346349999772, 0.0 ], [ 111.9956459610000366, -8.0596768119999638, 0.0 ], [ 111.9955925100000513, -8.059910254999977, 0.0 ], [ 111.9954554790000429, -8.0603293539999754, 0.0 ], [ 111.9954197860000704, -8.0604610529999263, 0.0 ], [ 111.9952338300000747, -8.0605093639999268, 0.0 ], [ 111.9951139720000697, -8.0605874249999374, 0.0 ], [ 111.9950481360000367, -8.0606653559999586, 0.0 ], [ 111.994958466000071, -8.0608151329999487, 0.0 ], [ 111.9949555870000495, -8.0608214869999415, 0.0 ], [ 111.9948987630000374, -8.0609468909999578, 0.0 ], [ 111.994935129000055, -8.0610903789999497, 0.0 ], [ 111.9951095920000625, -8.0612514799999531, 0.0 ], [ 111.9951098700000784, -8.0613651449999679, 0.0 ], [ 111.9950681170000735, -8.0614729289999332, 0.0 ], [ 111.9950503870000489, -8.061586636999948, 0.0 ], [ 111.9950386900000581, -8.0617122949999498, 0.0 ], [ 111.9950873370000863, -8.0619694199999685, 0.0 ], [ 111.9950756980000506, -8.0621190069999784, 0.0 ], [ 111.9950760490000334, -8.0622625839999387, 0.0 ], [ 111.9950703980000526, -8.062406173999932, 0.0 ], [ 111.995100629000035, -8.0624958369999717, 0.0 ], [ 111.9951486770000884, -8.0625076849999573, 0.0 ], [ 111.9952204200000665, -8.0624882469999761, 0.0 ], [ 111.9952433230000679, -8.0625071439999374, 0.0 ], [ 111.9953918720000843, -8.062577742999963, 0.0 ], [ 111.9956176680000794, -8.0626365749999422, 0.0 ], [ 111.9957246240000472, -8.0626365749999422, 0.0 ], [ 111.9958018700000366, -8.062530676999927, 0.0 ], [ 111.9959325940000667, -8.0624424279999403, 0.0 ], [ 111.9959976710000547, -8.0624758379999548, 0.0 ], [ 111.9960851550000598, -8.0625472859999263, 0.0 ], [ 111.9961514310000439, -8.0626488259999292, 0.0 ], [ 111.9962057010000649, -8.0627503939999769, 0.0 ], [ 111.9962159740000516, -8.0627615089999267, 0.0 ], [ 111.9962719030000358, -8.0628220219999776, 0.0 ], [ 111.9966743720000864, -8.0629466729999422, 0.0 ], [ 111.9972631800000613, -8.0631785529999433, 0.0 ], [ 111.9972277080000822, -8.0633999869999684, 0.0 ], [ 111.9971030640000436, -8.0639745979999589, 0.0 ], [ 111.9976485410000464, -8.0641019449999476, 0.0 ], [ 111.9981482280000478, -8.0642923019999557, 0.0 ], [ 111.9980173580000837, -8.0647860399999445, 0.0 ], [ 111.9979162310000333, -8.0650894219999714, 0.0 ], [ 111.9983207390000643, -8.0651845999999523, 0.0 ], [ 111.9986776580000765, -8.0652797779999332, 0.0 ], [ 111.9985943770000745, -8.0658805919999281, 0.0 ], [ 111.9993439070000818, -8.0660114629999384, 0.0 ], [ 111.9997186730000749, -8.0660590519999573, 0.0 ], [ 111.9998614400000747, -8.0661244869999678, 0.0 ], [ 111.9998495430000389, -8.0662613059999444, 0.0 ], [ 111.9997841080000853, -8.0673677559999533, 0.0 ], [ 112.0003670760000887, -8.0675105229999531, 0.0 ], [ 112.0007953790000101, -8.0675997529999677, 0.0 ], [ 112.0008489170000985, -8.0676413939999634, 0.0 ], [ 112.0008608140000206, -8.0676949309999486, 0.0 ], [ 112.0008191730000817, -8.0680577989999733, 0.0 ], [ 112.0012058360000538, -8.0681886699999268, 0.0 ], [ 112.001836393000076, -8.068396871999937, 0.0 ], [ 112.0020802880001156, -8.0684563589999811, 0.0 ], [ 112.0021100310000293, -8.0685039479999432, 0.0 ], [ 112.0021457230000124, -8.0686288699999409, 0.0 ], [ 112.0021159800000987, -8.0688549189999321, 0.0 ], [ 112.0020802880001156, -8.0691285569999422, 0.0 ], [ 112.00303207200011, -8.0692534779999505, 0.0 ], [ 112.0029963800000132, -8.0699256759999685, 0.0 ], [ 112.0034960670000146, -8.0698899839999285, 0.0 ], [ 112.003811345000031, -8.069872137999937, 0.0 ], [ 112.0044359540000869, -8.0699078299999769, 0.0 ], [ 112.0044300050000174, -8.069152350999957, 0.0 ], [ 112.0044181080000953, -8.069057172999976, 0.0 ], [ 112.0043229300000576, -8.0689917379999656, 0.0 ], [ 112.0043705190000765, -8.0683671289999666, 0.0 ], [ 112.0048821030001136, -8.0684563589999811, 0.0 ], [ 112.0049296920000188, -8.0681232339999269, 0.0 ], [ 112.0060599360000424, -8.0681886699999268, 0.0 ], [ 112.0060896790000697, -8.0680102099999544, 0.0 ], [ 112.0072794100000237, -8.0679923639999629, 0.0 ], [ 112.0079813510000122, -8.0679745179999713, 0.0 ], [ 112.0080884270000752, -8.0679507229999672, 0.0 ], [ 112.0083811000000651, -8.0678079559999674, 0.0 ], [ 112.0088618980000774, -8.0677470089999588, 0.0 ], [ 112.008929078000051, -8.0677644509999595, 0.0 ], [ 112.0089545500001122, -8.0678281809999817, 0.0 ], [ 112.0091639430000896, -8.067851975999929, 0.0 ], [ 112.0095874870000898, -8.0679090829999609, 0.0 ], [ 112.0100633790000302, -8.0679995019999637, 0.0 ], [ 112.0104583700000376, -8.0681041989999471, 0.0 ], [ 112.0109532980001177, -8.0682422069999689, 0.0 ], [ 112.0112150380000458, -8.0683516629999303, 0.0 ], [ 112.0114149130000669, -8.0684515999999462, 0.0 ], [ 112.011576716000036, -8.0684801539999285, 0.0 ], [ 112.0117480380000643, -8.0684753949999504, 0.0 ], [ 112.0119288770000594, -8.0684135289999404, 0.0 ], [ 112.0120716440001161, -8.0683754569999451, 0.0 ], [ 112.0121906170001012, -8.068365938999932, 0.0 ], [ 112.0127759650000598, -8.0683564219999653, 0.0 ], [ 112.0132994460000191, -8.06831835, 0.0 ], [ 112.013537392000103, -8.0682945559999553, 0.0 ], [ 112.013599258000113, -8.068266001999973, 0.0 ], [ 112.0136944370000265, -8.0682088949999411, 0.0 ], [ 112.0139799720000156, -8.0681850999999369, 0.0 ], [ 112.0144749000000957, -8.0681684439999799, 0.0 ], [ 112.0144677620000948, -8.0684968099999423, 0.0 ], [ 112.0144058960000848, -8.0696734529999503, 0.0 ], [ 112.014376152000068, -8.0700767719999362, 0.0 ], [ 112.0142869230000997, -8.0703682559999379, 0.0 ], [ 112.0141857950001167, -8.0704277419999357, 0.0 ], [ 112.0140846680000095, -8.0705883559999734, 0.0 ], [ 112.0136765910000349, -8.0713557319999722, 0.0 ], [ 112.0129627530000107, -8.0729642479999484, 0.0 ], [ 112.0127248060000511, -8.0735258009999598, 0.0 ], [ 112.0126010740000311, -8.0740683179999451, 0.0 ], [ 112.0124107180000692, -8.0740397639999628, 0.0 ], [ 112.0121347000000469, -8.0741825319999521, 0.0 ], [ 112.0119824150000341, -8.0741825319999521, 0.0 ], [ 112.0117825400000129, -8.0750010659999703, 0.0 ], [ 112.0116302540000106, -8.0756387619999259, 0.0 ], [ 112.0113352010000654, -8.0755626189999816, 0.0 ], [ 112.0111258090000774, -8.0763050109999313, 0.0 ], [ 112.0112114690000453, -8.0763430819999371, 0.0 ], [ 112.0111543620000703, -8.0767761439999504, 0.0 ], [ 112.0110472860000073, -8.0775042589999657, 0.0 ], [ 112.0109830410000313, -8.077718410999978, 0.0 ], [ 112.0109187960000554, -8.0777969329999451, 0.0 ], [ 112.0108474120000892, -8.0784179719999543, 0.0 ], [ 112.0112043310000445, -8.0784393879999357, 0.0 ], [ 112.0111186700000871, -8.0791460869999696, 0.0 ], [ 112.0110115940000242, -8.0795815289999382, 0.0 ], [ 112.0109045190000643, -8.0801169079999795, 0.0 ], [ 112.010818858000107, -8.0803810279999766, 0.0 ], [ 112.0105119080000122, -8.0803524739999375, 0.0 ], [ 112.0103548630000887, -8.080823607999946, 0.0 ], [ 112.0102692030000071, -8.0813447089999499, 0.0 ], [ 112.0101692650000587, -8.0818872269999815, 0.0 ], [ 112.0101192970000739, -8.0818943649999255, 0.0 ], [ 112.0100693280000996, -8.0820942399999467, 0.0 ], [ 112.0100621900000988, -8.0823797749999358, 0.0 ], [ 112.0101121580000836, -8.0824368819999677, 0.0 ], [ 112.0100621900000988, -8.0832649349999315, 0.0 ], [ 112.0100050820000206, -8.0840501569999788, 0.0 ], [ 112.0102192340000329, -8.0841072639999538, 0.0 ], [ 112.0108331350000981, -8.0842214779999608, 0.0 ], [ 112.0107760280000093, -8.0845498429999338, 0.0 ], [ 112.0107260590000351, -8.0849424549999753, 0.0 ], [ 112.010569015000101, -8.0857419529999675, 0.0 ], [ 112.0103905550000718, -8.0863986849999492, 0.0 ], [ 112.010276341000008, -8.0869483399999353, 0.0 ], [ 112.0100407740001174, -8.0879405749999478, 0.0 ], [ 112.0098837300000696, -8.0886187219999783, 0.0 ], [ 112.0096814760000825, -8.089515778999953, 0.0 ], [ 112.0095149140000785, -8.0900809009999648, 0.0 ], [ 112.0094851700000618, -8.0902950519999308, 0.0 ], [ 112.0094554270000344, -8.0905032549999305, 0.0 ], [ 112.0093186080000578, -8.0910743259999549, 0.0 ], [ 112.0091936860001169, -8.0916037559999268, 0.0 ], [ 112.0091044560000455, -8.0920380069999283, 0.0 ], [ 112.0089319460000752, -8.092870818999927, 0.0 ], [ 112.0087594350001154, -8.0937095789999489, 0.0 ], [ 112.0086583080000082, -8.0942925469999523, 0.0 ], [ 112.0085988210000778, -8.0946494659999644, 0.0 ], [ 112.0085512320000589, -8.0951372549999405, 0.0 ], [ 112.0084869860000936, -8.095817780999937, 0.0 ], [ 112.0084397050001144, -8.0962586159999432, 0.0 ], [ 112.0081424720000314, -8.0962234559999615, 0.0 ], [ 112.0070747480000364, -8.0960603809999725, 0.0 ], [ 112.0061091170000509, -8.0959143999999696, 0.0 ], [ 112.0050236200000882, -8.0957465679999814, 0.0 ], [ 112.0050195640000084, -8.0957442659999401, 0.0 ], [ 112.0049263040000369, -8.0956913329999338, 0.0 ], [ 112.0043137140000908, -8.0955731939999396, 0.0 ], [ 112.0040651880000269, -8.0955953469999713, 0.0 ], [ 112.0040374680000923, -8.0955978179999306, 0.0 ], [ 112.0035437020001154, -8.0955234859999337, 0.0 ], [ 112.0021115740000823, -8.0951058469999566, 0.0 ], [ 112.0018510540000989, -8.0950237699999548, 0.0 ], [ 112.0015263640000285, -8.0948425309999266, 0.0 ], [ 112.0009263640000654, -8.0944494159999749, 0.0 ], [ 112.0007723310000074, -8.0943298859999686, 0.0 ], [ 111.9997265250000851, -8.0935183359999314, 0.0 ], [ 111.9992884450000474, -8.0933160699999576, 0.0 ], [ 111.9983521950000522, -8.0928837889999272, 0.0 ], [ 111.9975103840000656, -8.0923115389999793, 0.0 ], [ 111.996873583000081, -8.0921096929999408, 0.0 ], [ 111.9964160440000569, -8.0915723969999362, 0.0 ], [ 111.9957657410000706, -8.0907603809999387, 0.0 ], [ 111.995403751000083, -8.0900194489999535, 0.0 ], [ 111.995281096000042, -8.0897337769999353, 0.0 ], [ 111.9952810810000869, -8.089733740999975, 0.0 ], [ 111.9951984810000454, -8.0895413599999415, 0.0 ], [ 111.99481198400008, -8.0885970859999361, 0.0 ], [ 111.9944989590000546, -8.0882389059999582, 0.0 ], [ 111.9942383100000711, -8.0877666569999747, 0.0 ], [ 111.9940768890000413, -8.0874741899999663, 0.0 ], [ 111.9939073160000476, -8.0868643999999676, 0.0 ], [ 111.993748374000063, -8.085692240999947, 0.0 ], [ 111.9937028540000483, -8.085009121999974, 0.0 ], [ 111.9937019090000376, -8.084994945999938, 0.0 ], [ 111.993546699000035, -8.0837376909999534, 0.0 ], [ 111.9934779930000559, -8.083134834999953, 0.0 ], [ 111.9934281680000367, -8.0823979269999313, 0.0 ], [ 111.9932733230000395, -8.0819173209999349, 0.0 ], [ 111.9928387010000392, -8.0809253019999687, 0.0 ], [ 111.9920957160000512, -8.0800606839999318, 0.0 ], [ 111.9920743850000804, -8.0800358609999421, 0.0 ], [ 111.9919245850000493, -8.0798615379999319, 0.0 ], [ 111.9912858040000856, -8.0792061429999649, 0.0 ], [ 111.9908294000000524, -8.0787498909999726, 0.0 ], [ 111.9911861370000565, -8.078713612999934, 0.0 ] ] ] ] } }
]
}
