{
"type": "FeatureCollection",
"name": "Wonotirto",
"crs": { "type": "name", "properties": { "name": "urn:ogc:def:crs:OGC:1.3:CRS84" } },
"features": [
{ "type": "Feature", "properties": { "OBJECTID": 116175.0, "KDPPUM": "35", "NAMOBJ": "Kaligrenjeng", "REMARK": null, "KDPBPS": null, "FCODE": "BA03070040", "LUASWH": 13.83389662, "UUPP": "Hasil Delineasi Batas Desa 2019", "SRS_ID": "SRGI 2013", "METADATA": "TASWIL1000020200326DATA_BATAS_DESA_KELURAHAN", "KDEBPS": null, "KDEPUM": "35.05.08.2002", "KDCBPS": null, "KDCPUM": "35.05.08", "KDBBPS": null, "WADMKD": "Kaligrenjeng", "WIADKD": null, "WADMKC": "Wonotirto", "WIADKC": null, "WADMKK": "Blitar", "WIADKK": null, "WADMPR": "Jawa Timur", "WIADPR": null, "TIPADM": 1.0, "KDPKAB": "35.05", "SHAPE_Leng": 0.20881233086208201, "SHAPE_Area": 0.0011151437016789999 }, "geometry": { "type": "MultiPolygon", "coordinates": [ [ [ [ 112.140582211000037, -8.266571798999962, 0.0 ], [ 112.143502211000055, -8.266601798999943, 0.0 ], [ 112.150670000000105, -8.267099998999981, 0.0 ], [ 112.150709999000014, -8.26767, 0.0 ], [ 112.150625647000084, -8.268468245999941, 0.0 ], [ 112.150611371000082, -8.268725227999937, 0.0 ], [ 112.150661339000067, -8.268875133999927, 0.0 ], [ 112.150725585000032, -8.268953655999951, 0.0 ], [ 112.150918321000063, -8.269039316999965, 0.0 ], [ 112.151031275000037, -8.269077080999978, 0.0 ], [ 112.151159999000015, -8.26953, 0.0 ], [ 112.15107, -8.26974, 0.0 ], [ 112.15102, -8.27, 0.0 ], [ 112.15084, -8.270569998999974, 0.0 ], [ 112.150729999000077, -8.27072, 0.0 ], [ 112.15068, -8.27093, 0.0 ], [ 112.15068, -8.27124, 0.0 ], [ 112.15066, -8.27152, 0.0 ], [ 112.150490000000104, -8.2721, 0.0 ], [ 112.150379999000052, -8.27232, 0.0 ], [ 112.150260000000117, -8.27245, 0.0 ], [ 112.15012, -8.27259, 0.0 ], [ 112.149900000000116, -8.2737, 0.0 ], [ 112.14979, -8.27391, 0.0 ], [ 112.14976, -8.27405, 0.0 ], [ 112.14976, -8.27448, 0.0 ], [ 112.14989, -8.27458, 0.0 ], [ 112.15007, -8.27467, 0.0 ], [ 112.15019, -8.27476, 0.0 ], [ 112.15046, -8.274939998999969, 0.0 ], [ 112.15033, -8.275289998999938, 0.0 ], [ 112.150299999000026, -8.27538, 0.0 ], [ 112.14998, -8.2759, 0.0 ], [ 112.149770000000103, -8.276109998999971, 0.0 ], [ 112.14978, -8.27622, 0.0 ], [ 112.14985, -8.27656, 0.0 ], [ 112.14976, -8.27686, 0.0 ], [ 112.14983, -8.27705, 0.0 ], [ 112.14989, -8.27725, 0.0 ], [ 112.14979, -8.27753, 0.0 ], [ 112.149720000000116, -8.277569998999979, 0.0 ], [ 112.149559999000076, -8.27754, 0.0 ], [ 112.14934, -8.27743, 0.0 ], [ 112.14922, -8.27743, 0.0 ], [ 112.14908, -8.27748, 0.0 ], [ 112.14895, -8.27762, 0.0 ], [ 112.14879, -8.27787, 0.0 ], [ 112.14877, -8.278059998999936, 0.0 ], [ 112.148799999000062, -8.278469998999981, 0.0 ], [ 112.14866, -8.278779998999937, 0.0 ], [ 112.14867, -8.27901, 0.0 ], [ 112.148779999000112, -8.27935, 0.0 ], [ 112.14885, -8.279619998999976, 0.0 ], [ 112.14892, -8.27992, 0.0 ], [ 112.14906, -8.280319998999971, 0.0 ], [ 112.14933, -8.28089, 0.0 ], [ 112.149559999000076, -8.28097, 0.0 ], [ 112.15019, -8.28115, 0.0 ], [ 112.150128906000077, -8.281638751999935, 0.0 ], [ 112.150002387000086, -8.281646731999956, 0.0 ], [ 112.149783477000028, -8.281694320999975, 0.0 ], [ 112.149536013000102, -8.281703838999931, 0.0 ], [ 112.149393245000056, -8.281703838999931, 0.0 ], [ 112.149202888000104, -8.281675285999938, 0.0 ], [ 112.149088674000041, -8.281675285999938, 0.0 ], [ 112.149021653000091, -8.281651490999934, 0.0 ], [ 112.148980012000038, -8.281669336999926, 0.0 ], [ 112.149003807000099, -8.281716925999945, 0.0 ], [ 112.149104934000093, -8.281788309999968, 0.0 ], [ 112.149140626000076, -8.281859693999934, 0.0 ], [ 112.149265548000017, -8.282050050999942, 0.0 ], [ 112.149313137000036, -8.282121434999965, 0.0 ], [ 112.149378572000046, -8.282216612999946, 0.0 ], [ 112.149444007000056, -8.282305842999961, 0.0 ], [ 112.149562980000042, -8.282389123999963, 0.0 ], [ 112.149723594000079, -8.282478353999977, 0.0 ], [ 112.149848515000031, -8.282508096999948, 0.0 ], [ 112.150013569000066, -8.282561445999931, 0.0 ], [ 112.150282767000022, -8.282710350999935, 0.0 ], [ 112.150348202000032, -8.282912604999979, 0.0 ], [ 112.150371997000093, -8.283049423999955, 0.0 ], [ 112.150233528000058, -8.283612689999927, 0.0 ], [ 112.150019377000035, -8.284064787999966, 0.0 ], [ 112.149626766000097, -8.285266415999956, 0.0 ], [ 112.149329333000082, -8.285920767999926, 0.0 ], [ 112.149067592000051, -8.286313378999978, 0.0 ], [ 112.148793954000098, -8.286301480999953, 0.0 ], [ 112.148472727000012, -8.286158713999953, 0.0 ], [ 112.14815150000004, -8.286051637999947, 0.0 ], [ 112.147842170000104, -8.286004048999928, 0.0 ], [ 112.14760422400002, -8.285837486999981, 0.0 ], [ 112.147485251000035, -8.285635231999947, 0.0 ], [ 112.147342483000102, -8.285397285999977, 0.0 ], [ 112.147235407000039, -8.285218826999937, 0.0 ], [ 112.147140229000115, -8.285099853999952, 0.0 ], [ 112.146878488000084, -8.284873804999961, 0.0 ], [ 112.146628645000078, -8.284790523999959, 0.0 ], [ 112.146366904000047, -8.284754831999976, 0.0 ], [ 112.14584, -8.28479, 0.0 ], [ 112.14563, -8.28496, 0.0 ], [ 112.14543, -8.285039998999935, 0.0 ], [ 112.145220000000108, -8.28513, 0.0 ], [ 112.14514, -8.28524, 0.0 ], [ 112.14502, -8.28542, 0.0 ], [ 112.14485, -8.28562, 0.0 ], [ 112.14481, -8.28574, 0.0 ], [ 112.14473, -8.28591, 0.0 ], [ 112.14463, -8.286, 0.0 ], [ 112.14444, -8.28614, 0.0 ], [ 112.1443, -8.28624, 0.0 ], [ 112.14419, -8.28649, 0.0 ], [ 112.14433, -8.28672, 0.0 ], [ 112.14433, -8.28684, 0.0 ], [ 112.144320000000107, -8.28711, 0.0 ], [ 112.144449999000017, -8.28735, 0.0 ], [ 112.14452, -8.28752, 0.0 ], [ 112.14448, -8.28764, 0.0 ], [ 112.144159999000067, -8.28833, 0.0 ], [ 112.14417, -8.28852, 0.0 ], [ 112.14428, -8.28871, 0.0 ], [ 112.144489999000029, -8.28919, 0.0 ], [ 112.14446999900008, -8.28946, 0.0 ], [ 112.144489999000029, -8.28973, 0.0 ], [ 112.144489999000029, -8.28993, 0.0 ], [ 112.144429999000067, -8.290089998999974, 0.0 ], [ 112.143870000000106, -8.29065, 0.0 ], [ 112.14363, -8.29074, 0.0 ], [ 112.143420000000106, -8.29075, 0.0 ], [ 112.14335999900004, -8.29073, 0.0 ], [ 112.142989999000065, -8.29061, 0.0 ], [ 112.1429, -8.29036, 0.0 ], [ 112.14281, -8.29033, 0.0 ], [ 112.142700000000104, -8.29035, 0.0 ], [ 112.142610000000104, -8.29045, 0.0 ], [ 112.14257, -8.29061, 0.0 ], [ 112.142479999000102, -8.29108, 0.0 ], [ 112.14226, -8.29162, 0.0 ], [ 112.141986836000115, -8.292080064999936, 0.0 ], [ 112.141767469000115, -8.29215411499996, 0.0 ], [ 112.141702034000105, -8.292201703999979, 0.0 ], [ 112.141565215000014, -8.292284984999981, 0.0 ], [ 112.141535472000101, -8.292350419999934, 0.0 ], [ 112.141517626000109, -8.292409906999978, 0.0 ], [ 112.14154, -8.292529998999953, 0.0 ], [ 112.14155, -8.2926, 0.0 ], [ 112.141647410000019, -8.29269741, 0.0 ], [ 112.141856699000073, -8.292746600999976, 0.0 ], [ 112.1419518780001, -8.292803707999951, 0.0 ], [ 112.141961395000067, -8.292908403999945, 0.0 ], [ 112.14172424800006, -8.293063460999974, 0.0 ], [ 112.141209486000093, -8.293136831999959, 0.0 ], [ 112.140995334000081, -8.293184420999978, 0.0 ], [ 112.140890638000087, -8.293251045999966, 0.0 ], [ 112.139955714000052, -8.293099491999953, 0.0 ], [ 112.138166359000024, -8.292794920999938, 0.0 ], [ 112.137623842000039, -8.292652153999938, 0.0 ], [ 112.13710036100008, -8.292633117999969, 0.0 ], [ 112.135891595000089, -8.292357100999936, 0.0 ], [ 112.135558470000092, -8.292423725999981, 0.0 ], [ 112.135272935000103, -8.29249035, 0.0 ], [ 112.134939810000105, -8.292623599999956, 0.0 ], [ 112.134682828000109, -8.29272829699994, 0.0 ], [ 112.134416329000032, -8.292813956999964, 0.0 ], [ 112.13353450000011, -8.294083299999954, 0.0 ], [ 112.133627352000076, -8.294211462999954, 0.0 ], [ 112.133814500000085, -8.294383399999958, 0.0 ], [ 112.134123900000077, -8.294454599999938, 0.0 ], [ 112.134368535000021, -8.294403046999946, 0.0 ], [ 112.134454400000095, -8.294517650999978, 0.0 ], [ 112.134368740000014, -8.294860293999932, 0.0 ], [ 112.1342735610001, -8.295117274999939, 0.0 ], [ 112.13426404300003, -8.295269560999941, 0.0 ], [ 112.1342735610001, -8.295459917999949, 0.0 ], [ 112.13438777500005, -8.295688345999963, 0.0 ], [ 112.134359222000057, -8.296611576999965, 0.0 ], [ 112.134330668000075, -8.29776323599998, 0.0 ], [ 112.133912081000062, -8.307233845999974, 0.0 ], [ 112.13362, -8.308189998999978, 0.0 ], [ 112.13286, -8.310469998999963, 0.0 ], [ 112.13263, -8.31148, 0.0 ], [ 112.13196, -8.31362, 0.0 ], [ 112.131129999000109, -8.31676, 0.0 ], [ 112.13067, -8.319929998999953, 0.0 ], [ 112.130369999000095, -8.32222, 0.0 ], [ 112.129949967000016, -8.325475205999965, 0.0 ], [ 112.12992598400001, -8.325491373999967, 0.0 ], [ 112.129911946000107, -8.325495955999941, 0.0 ], [ 112.129879491000111, -8.32550237099997, 0.0 ], [ 112.129850828000031, -8.325503642999934, 0.0 ], [ 112.129830917000049, -8.32550211299997, 0.0 ], [ 112.129814153000098, -8.325499607999973, 0.0 ], [ 112.129770523000047, -8.325486730999955, 0.0 ], [ 112.129736882000088, -8.325470634999931, 0.0 ], [ 112.129731661000051, -8.325468137999962, 0.0 ], [ 112.129692758000033, -8.325441522999938, 0.0 ], [ 112.129625251000107, -8.325381166999932, 0.0 ], [ 112.129607895000049, -8.325361572999952, 0.0 ], [ 112.129576069000109, -8.325332123999942, 0.0 ], [ 112.129516075000083, -8.325296306999974, 0.0 ], [ 112.129333175000056, -8.325200419999931, 0.0 ], [ 112.129124860000047, -8.325079419999952, 0.0 ], [ 112.12896541300006, -8.324996589999955, 0.0 ], [ 112.128879268000105, -8.324965264999946, 0.0 ], [ 112.128859210000087, -8.324962209999967, 0.0 ], [ 112.128834323000092, -8.32496008399994, 0.0 ], [ 112.128795445000037, -8.324962491999941, 0.0 ], [ 112.128794938000055, -8.324962423999978, 0.0 ], [ 112.128781335000099, -8.32496469199998, 0.0 ], [ 112.128768483000044, -8.324968546999969, 0.0 ], [ 112.128754686000093, -8.324973885999952, 0.0 ], [ 112.12872681500005, -8.324989097999946, 0.0 ], [ 112.12865359500006, -8.325045564999925, 0.0 ], [ 112.128587989000039, -8.325090441999976, 0.0 ], [ 112.128585437000083, -8.325092189999964, 0.0 ], [ 112.128582981000022, -8.325093867999954, 0.0 ], [ 112.128571378000061, -8.325100720999956, 0.0 ], [ 112.128563376000102, -8.325104288999967, 0.0 ], [ 112.128558322000117, -8.325106543999937, 0.0 ], [ 112.128555585000072, -8.325107763999938, 0.0 ], [ 112.128551401000095, -8.325108798999963, 0.0 ], [ 112.128520461000107, -8.32511644799996, 0.0 ], [ 112.128501265000068, -8.32511797899997, 0.0 ], [ 112.128483262000032, -8.325115161999975, 0.0 ], [ 112.128461907000087, -8.325108501999978, 0.0 ], [ 112.128439581000066, -8.325098413999967, 0.0 ], [ 112.128405811000107, -8.325078264999945, 0.0 ], [ 112.128382989000102, -8.325058602999945, 0.0 ], [ 112.128382280000096, -8.325057990999937, 0.0 ], [ 112.128377149000016, -8.325052395999933, 0.0 ], [ 112.128369639000084, -8.325041744999965, 0.0 ], [ 112.128363944000057, -8.325028585999974, 0.0 ], [ 112.128361502000075, -8.325013905999981, 0.0 ], [ 112.128361461000054, -8.3249939199999, 0.0 ], [ 112.128362527000036, -8.324983583999938, 0.0 ], [ 112.128369660000089, -8.324969908999947, 0.0 ], [ 112.128381983000054, -8.324952378999967, 0.0 ], [ 112.128396197000029, -8.324940411999933, 0.0 ], [ 112.128413374000047, -8.32492875, 0.0 ], [ 112.128418360000069, -8.324925851999978, 0.0 ], [ 112.128438113000016, -8.324914367999952, 0.0 ], [ 112.128446914000051, -8.32491039599995, 0.0 ], [ 112.128479929000036, -8.324898790999953, 0.0 ], [ 112.128511818000106, -8.324889737999968, 0.0 ], [ 112.128531480000106, -8.324881747999939, 0.0 ], [ 112.128562689000091, -8.324864068999943, 0.0 ], [ 112.128603832000067, -8.324836767999955, 0.0 ], [ 112.128610299000115, -8.324832067999978, 0.0 ], [ 112.128618683000013, -8.324823391999928, 0.0 ], [ 112.128626002000033, -8.324812919999943, 0.0 ], [ 112.128629354000054, -8.324806121999927, 0.0 ], [ 112.128632318000086, -8.324797894999961, 0.0 ], [ 112.128636007000068, -8.324768844999937, 0.0 ], [ 112.128634976000058, -8.324736592999955, 0.0 ], [ 112.128631246000054, -8.324692813999945, 0.0 ], [ 112.128624827000067, -8.324631645999943, 0.0 ], [ 112.128624685000091, -8.324618911999949, 0.0 ], [ 112.12862825600007, -8.324589403999937, 0.0 ], [ 112.12864416900004, -8.324458449999952, 0.0 ], [ 112.12864426100009, -8.32445768499997, 0.0 ], [ 112.128648744000088, -8.324354349999965, 0.0 ], [ 112.128641143000095, -8.324266158999933, 0.0 ], [ 112.128614427000116, -8.324139545999969, 0.0 ], [ 112.128595351000058, -8.32408030199997, 0.0 ], [ 112.128540679000025, -8.323950816999968, 0.0 ], [ 112.128494597000099, -8.323875933999943, 0.0 ], [ 112.128459157000066, -8.323823210999933, 0.0 ], [ 112.128411367000012, -8.323768622999978, 0.0 ], [ 112.128345989000081, -8.323714133999943, 0.0 ], [ 112.128326666000021, -8.323701085999971, 0.0 ], [ 112.128309545000093, -8.323692909999977, 0.0 ], [ 112.12829617500006, -8.323689041999955, 0.0 ], [ 112.128287018000037, -8.323687597999935, 0.0 ], [ 112.128264326000021, -8.323688735999951, 0.0 ], [ 112.128246549000096, -8.323693333999927, 0.0 ], [ 112.128237034000108, -8.323698383999954, 0.0 ], [ 112.12822832400002, -8.323704563999968, 0.0 ], [ 112.128206239000065, -8.323722475999944, 0.0 ], [ 112.128185623000036, -8.323744044999955, 0.0 ], [ 112.128120390000049, -8.323820323999939, 0.0 ], [ 112.128073354000094, -8.323884362999934, 0.0 ], [ 112.128045902000054, -8.323930082999937, 0.0 ], [ 112.128038059, -8.323941895999951, 0.0 ], [ 112.128035338000018, -8.323945075999973, 0.0 ], [ 112.128032957000073, -8.323946476999936, 0.0 ], [ 112.128022016000045, -8.3239497499999, 0.0 ], [ 112.128017919000058, -8.323950405999938, 0.0 ], [ 112.128012408000018, -8.323949955999979, 0.0 ], [ 112.128003605000117, -8.323945530999936, 0.0 ], [ 112.127994965000084, -8.32393824199994, 0.0 ], [ 112.127967105000039, -8.323912893999932, 0.0 ], [ 112.127951236000058, -8.323893831999953, 0.0 ], [ 112.127917890000049, -8.323848072999965, 0.0 ], [ 112.127901894000047, -8.323821267999961, 0.0 ], [ 112.127874749000057, -8.323768381999969, 0.0 ], [ 112.127862004, -8.323741536999933, 0.0 ], [ 112.127839666000114, -8.323702730999969, 0.0 ], [ 112.127820845000088, -8.323681017999945, 0.0 ], [ 112.127808273000028, -8.323670008999954, 0.0 ], [ 112.127674568000089, -8.323564598999951, 0.0 ], [ 112.127665344000093, -8.3235530499999, 0.0 ], [ 112.12766410800009, -8.323534256999949, 0.0 ], [ 112.12767533400006, -8.323506975999976, 0.0 ], [ 112.127715174000059, -8.323454485999946, 0.0 ], [ 112.127734853000106, -8.323423410999965, 0.0 ], [ 112.127743384000041, -8.323405866999963, 0.0 ], [ 112.127745167000057, -8.323396124999931, 0.0 ], [ 112.127743942000052, -8.323385615999939, 0.0 ], [ 112.127739326000096, -8.323373530999959, 0.0 ], [ 112.127736286000072, -8.323368569999957, 0.0 ], [ 112.127727741000058, -8.32336218699993, 0.0 ], [ 112.127720350000118, -8.323359419999974, 0.0 ], [ 112.127710855000032, -8.323357969999961, 0.0 ], [ 112.127693967000027, -8.32335889899997, 0.0 ], [ 112.127669366000077, -8.323362718999931, 0.0 ], [ 112.127628404, -8.323370821999958, 0.0 ], [ 112.127523459000031, -8.323383315999934, 0.0 ], [ 112.127396763000093, -8.32340342699996, 0.0 ], [ 112.127199399, -8.323449375999928, 0.0 ], [ 112.127165839000099, -8.323457819999931, 0.0 ], [ 112.12712938300001, -8.323468855999977, 0.0 ], [ 112.127113763000011, -8.323475760999941, 0.0 ], [ 112.127108973000077, -8.323479316999965, 0.0 ], [ 112.127101254000081, -8.32349101899996, 0.0 ], [ 112.127096201000086, -8.323503581999944, 0.0 ], [ 112.127094959000033, -8.323510770999974, 0.0 ], [ 112.127095673000099, -8.323536489999981, 0.0 ], [ 112.1271058640001, -8.323604606999936, 0.0 ], [ 112.127097656000046, -8.323680347999925, 0.0 ], [ 112.12707588, -8.32377582099997, 0.0 ], [ 112.127054057, -8.32383413499997, 0.0 ], [ 112.127052102000107, -8.323838569999964, 0.0 ], [ 112.1270385360001, -8.32386936599994, 0.0 ], [ 112.127028921000033, -8.323886280999943, 0.0 ], [ 112.127002537000067, -8.32391996299998, 0.0 ], [ 112.126967736000097, -8.323956051999971, 0.0 ], [ 112.126949834000015, -8.323970072999941, 0.0 ], [ 112.126914904000046, -8.323992635999957, 0.0 ], [ 112.126871877000099, -8.324016716999949, 0.0 ], [ 112.126817926000058, -8.324026790999937, 0.0 ], [ 112.126791467000089, -8.324024514999962, 0.0 ], [ 112.126617402000079, -8.323977396999965, 0.0 ], [ 112.126543576000017, -8.323953284999959, 0.0 ], [ 112.126519361000078, -8.323941772999945, 0.0 ], [ 112.126492183000096, -8.323921624999969, 0.0 ], [ 112.12607863900007, -8.323462334999931, 0.0 ], [ 112.125883109000029, -8.32321959099994, 0.0 ], [ 112.125863177000042, -8.323203403999969, 0.0 ], [ 112.125845657000013, -8.323190908999948, 0.0 ], [ 112.125809160000017, -8.323172915999976, 0.0 ], [ 112.125677463000102, -8.323121941999943, 0.0 ], [ 112.125649134000014, -8.323106218999953, 0.0 ], [ 112.125623229000098, -8.323084166999934, 0.0 ], [ 112.125598301000082, -8.3230474, 0.0 ], [ 112.125575513000058, -8.323009269999943, 0.0 ], [ 112.125417962000029, -8.322713817999954, 0.0 ], [ 112.125202045000037, -8.322308918999965, 0.0 ], [ 112.125180377000106, -8.322270928999956, 0.0 ], [ 112.125128373000052, -8.322195330999932, 0.0 ], [ 112.125027168000088, -8.322074980999957, 0.0 ], [ 112.125002100000074, -8.322048690999964, 0.0 ], [ 112.124928339, -8.321988807999958, 0.0 ], [ 112.124887967000063, -8.321958909999978, 0.0 ], [ 112.124877254000012, -8.321945600999982, 0.0 ], [ 112.124864138000021, -8.321927277999976, 0.0 ], [ 112.124856143000102, -8.321913575999929, 0.0 ], [ 112.124850285000093, -8.321901106999974, 0.0 ], [ 112.124848165000117, -8.321891456999936, 0.0 ], [ 112.12484634100008, -8.321867260999966, 0.0 ], [ 112.124845407000066, -8.32177932299993, 0.0 ], [ 112.124844045000032, -8.321763611999927, 0.0 ], [ 112.124840959000039, -8.32175230799993, 0.0 ], [ 112.124834444000044, -8.32174192399998, 0.0 ], [ 112.124819323000111, -8.321726111999965, 0.0 ], [ 112.124808709000035, -8.321716911999943, 0.0 ], [ 112.124800234000077, -8.321711609999966, 0.0 ], [ 112.124785880000104, -8.321709323999926, 0.0 ], [ 112.124757130000035, -8.321714527999973, 0.0 ], [ 112.124711138000066, -8.321731773999943, 0.0 ], [ 112.124685819000092, -8.321736045999955, 0.0 ], [ 112.124653619000014, -8.321734032999927, 0.0 ], [ 112.124627505000035, -8.321727873999976, 0.0 ], [ 112.124617010000065, -8.32171871099996, 0.0 ], [ 112.124604772000112, -8.321701280999946, 0.0 ], [ 112.124595731000113, -8.321683531999952, 0.0 ], [ 112.124490298000069, -8.321430970999927, 0.0 ], [ 112.124471081000024, -8.321381000999963, 0.0 ], [ 112.12445733800007, -8.321347628999945, 0.0 ], [ 112.124391962, -8.321218629999976, 0.0 ], [ 112.124378803000013, -8.321196520999933, 0.0 ], [ 112.12433963400008, -8.321146090999946, 0.0 ], [ 112.12422971, -8.321036326999945, 0.0 ], [ 112.124225121000109, -8.32103174599996, 0.0 ], [ 112.12419961, -8.320989225999938, 0.0 ], [ 112.124191490000044, -8.320961884999974, 0.0 ], [ 112.124191051000025, -8.320959818999938, 0.0 ], [ 112.124178430000029, -8.320900363999954, 0.0 ], [ 112.124158149000095, -8.320786775999977, 0.0 ], [ 112.124123456, -8.320669585999951, 0.0 ], [ 112.124081988000057, -8.320566624999969, 0.0 ], [ 112.12387650900007, -8.320165077999945, 0.0 ], [ 112.123868013000106, -8.320149006999941, 0.0 ], [ 112.123849820000032, -8.32010181499993, 0.0 ], [ 112.123810309000078, -8.319963951999966, 0.0 ], [ 112.12378999200007, -8.319858400999976, 0.0 ], [ 112.123786181000014, -8.319827921999945, 0.0 ], [ 112.123761996000098, -8.31929613799997, 0.0 ], [ 112.123754474000066, -8.319260313999962, 0.0 ], [ 112.123720309000078, -8.31918060199996, 0.0 ], [ 112.123671657000045, -8.319098038999925, 0.0 ], [ 112.123653077000085, -8.319066509999971, 0.0 ], [ 112.123638811000092, -8.31903819799993, 0.0 ], [ 112.123607235, -8.318975541999976, 0.0 ], [ 112.123594878000063, -8.31894161799994, 0.0 ], [ 112.123585302000038, -8.318906503999926, 0.0 ], [ 112.123568171000102, -8.318775157999937, 0.0 ], [ 112.123561698000117, -8.318281641999931, 0.0 ], [ 112.123560499000064, -8.318251045999943, 0.0 ], [ 112.123560778000069, -8.318221522999977, 0.0 ], [ 112.123564233000025, -8.318207833999963, 0.0 ], [ 112.123571934000097, -8.318186783999977, 0.0 ], [ 112.123618603000068, -8.318074388999946, 0.0 ], [ 112.123637959, -8.317991197999959, 0.0 ], [ 112.123669324000048, -8.317730063999932, 0.0 ], [ 112.123668767000026, -8.317719727999929, 0.0 ], [ 112.123668085000077, -8.317707085999928, 0.0 ], [ 112.123663439000097, -8.317673613999943, 0.0 ], [ 112.123658661000036, -8.317657582999971, 0.0 ], [ 112.123653125000033, -8.317649150999955, 0.0 ], [ 112.123644831000092, -8.317642305999925, 0.0 ], [ 112.123637066000015, -8.317641467999977, 0.0 ], [ 112.123592545000065, -8.317643895999936, 0.0 ], [ 112.123581288000082, -8.317642489999969, 0.0 ], [ 112.123570004000044, -8.317638985999963, 0.0 ], [ 112.123560180000027, -8.317626015999963, 0.0 ], [ 112.123540146000096, -8.317564938999965, 0.0 ], [ 112.123531377000063, -8.317510371999958, 0.0 ], [ 112.123529944000097, -8.317406674999972, 0.0 ], [ 112.123543659, -8.317134523999925, 0.0 ], [ 112.123533907000024, -8.317067656999939, 0.0 ], [ 112.123517163000088, -8.317035153999939, 0.0 ], [ 112.123481705000017, -8.316990742999963, 0.0 ], [ 112.12342921000004, -8.316953442999932, 0.0 ], [ 112.123343550000072, -8.31689443199997, 0.0 ], [ 112.123310744000037, -8.316863889999979, 0.0 ], [ 112.123281597000073, -8.316815195999936, 0.0 ], [ 112.123273118000043, -8.316780217999963, 0.0 ], [ 112.12327123700004, -8.316745743999945, 0.0 ], [ 112.123274214000048, -8.316677974999948, 0.0 ], [ 112.123284213000034, -8.316574082999978, 0.0 ], [ 112.123297751000109, -8.316433429999961, 0.0 ], [ 112.123303312000075, -8.316272166999966, 0.0 ], [ 112.123331866000058, -8.316086568999935, 0.0 ], [ 112.123331866000058, -8.315977114999953, 0.0 ], [ 112.123324727000067, -8.315943801999936, 0.0 ], [ 112.123289035000084, -8.31584386399993, 0.0 ], [ 112.123249369000064, -8.315746901999944, 0.0 ], [ 112.123224790000108, -8.315686819999939, 0.0 ], [ 112.12321622200011, -8.315678964999961, 0.0 ], [ 112.123096299000053, -8.31554405199995, 0.0 ], [ 112.122917840000014, -8.315358453999977, 0.0 ], [ 112.122846456000048, -8.315222824999978, 0.0 ], [ 112.122721203000083, -8.31516914499997, 0.0 ], [ 112.12295421500005, -8.314723003999973, 0.0 ], [ 112.123097540000117, -8.31443546, 0.0 ], [ 112.123198113000058, -8.314320319999979, 0.0 ], [ 112.123471411000082, -8.314118550999979, 0.0 ], [ 112.123744872000088, -8.31397420899998, 0.0 ], [ 112.123917556000038, -8.313873221999927, 0.0 ], [ 112.124083074000055, -8.313786612999934, 0.0 ], [ 112.124414131000094, -8.313620571999934, 0.0 ], [ 112.124586815000043, -8.313519584999938, 0.0 ], [ 112.124723504000031, -8.313433056999941, 0.0 ], [ 112.124852966000049, -8.313339370999927, 0.0 ], [ 112.124953640000058, -8.313260122999964, 0.0 ], [ 112.125190676000102, -8.312979491999954, 0.0 ], [ 112.125391389000015, -8.312598464999951, 0.0 ], [ 112.125513275000117, -8.312375587999952, 0.0 ], [ 112.125577648000103, -8.312203121999971, 0.0 ], [ 112.12558836200003, -8.312160824999978, 0.0 ], [ 112.125658846000078, -8.311882562999926, 0.0 ], [ 112.125663170000053, -8.311865491999981, 0.0 ], [ 112.125684362000015, -8.31171468399998, 0.0 ], [ 112.125683604000074, -8.311449081999967, 0.0 ], [ 112.125661614000023, -8.311319931999947, 0.0 ], [ 112.125621167000077, -8.311236134999945, 0.0 ], [ 112.125509366000074, -8.311004509999975, 0.0 ], [ 112.125400503000037, -8.310739213999966, 0.0 ], [ 112.125289045000045, -8.310397170999977, 0.0 ], [ 112.125269630000048, -8.310337588999971, 0.0 ], [ 112.125153827000076, -8.31016563299994, 0.0 ], [ 112.12500207000005, -8.310022492999963, 0.0 ], [ 112.124872180000011, -8.309965431999956, 0.0 ], [ 112.12470617200006, -8.309879758999955, 0.0 ], [ 112.124525690000041, -8.309772591999945, 0.0 ], [ 112.124323484000115, -8.309629593999944, 0.0 ], [ 112.124135754, -8.309508089999952, 0.0 ], [ 112.124041085000044, -8.309429963999946, 0.0 ], [ 112.123962377000112, -8.309365009999965, 0.0 ], [ 112.123877341000025, -8.309273773999962, 0.0 ], [ 112.123875627000075, -8.30927193499997, 0.0 ], [ 112.123846554000011, -8.309185874999969, 0.0 ], [ 112.123860477000107, -8.309013551999954, 0.0 ], [ 112.123896328000114, -8.308948844999975, 0.0 ], [ 112.124126136000086, -8.308661056999938, 0.0 ], [ 112.124269969000011, -8.308552972999962, 0.0 ], [ 112.124391916000036, -8.308351630999937, 0.0 ], [ 112.124477991000049, -8.308207817999971, 0.0 ], [ 112.124585728000056, -8.308078300999966, 0.0 ], [ 112.124988339000083, -8.307732596999926, 0.0 ], [ 112.125005268000109, -8.30769294199996, 0.0 ], [ 112.125074250000011, -8.307531356999959, 0.0 ], [ 112.125120892000041, -8.307431903999941, 0.0 ], [ 112.125131558000021, -8.307409159999963, 0.0 ], [ 112.125145706000012, -8.307315799999969, 0.0 ], [ 112.125123778000102, -8.307208184999979, 0.0 ], [ 112.125044277000029, -8.307129445999976, 0.0 ], [ 112.12489989200003, -8.307043712999928, 0.0 ], [ 112.1247266580001, -8.306950881999967, 0.0 ], [ 112.124582253000085, -8.306857969999953, 0.0 ], [ 112.124459449000028, -8.306757817999937, 0.0 ], [ 112.124394238000036, -8.306635967999966, 0.0 ], [ 112.124300098000049, -8.306478306999963, 0.0 ], [ 112.124177294000106, -8.306378154999948, 0.0 ], [ 112.124032868000086, -8.306278063999969, 0.0 ], [ 112.123859697000057, -8.306206767999981, 0.0 ], [ 112.123700960000065, -8.306142609999938, 0.0 ], [ 112.123470071000042, -8.306049940999969, 0.0 ], [ 112.123296859000106, -8.305964287999927, 0.0 ], [ 112.123181364000061, -8.305900007999981, 0.0 ], [ 112.123101863000102, -8.305821268999978, 0.0 ], [ 112.12283453200007, -8.305585132999965, 0.0 ], [ 112.122646743000018, -8.305442091999964, 0.0 ], [ 112.122163245000024, -8.305220921999933, 0.0 ], [ 112.121946792000017, -8.305135389999975, 0.0 ], [ 112.121737607000114, -8.305071372999976, 0.0 ], [ 112.121636587000012, -8.305028586999981, 0.0 ], [ 112.121571602000017, -8.304985698999928, 0.0 ], [ 112.12148491500011, -8.304914157999974, 0.0 ], [ 112.121282632000089, -8.304742443999942, 0.0 ], [ 112.121118833000082, -8.304587371999958, 0.0 ], [ 112.12097398800006, -8.304338924999968, 0.0 ], [ 112.120886744000018, -8.304071173999944, 0.0 ], [ 112.120886337000115, -8.303927604999956, 0.0 ], [ 112.120953222000026, -8.303793417999941, 0.0 ], [ 112.121029715000077, -8.303659203999928, 0.0 ], [ 112.121183191000114, -8.303563058999941, 0.0 ], [ 112.121365495000077, -8.303466832999959, 0.0 ], [ 112.121513872000037, -8.303388513999948, 0.0 ], [ 112.121547799000041, -8.30337060599993, 0.0 ], [ 112.121730211000113, -8.303312664999964, 0.0 ], [ 112.121915079000019, -8.303258391999975, 0.0 ], [ 112.12196064200009, -8.303245015999948, 0.0 ], [ 112.122037600000112, -8.30319680599996, 0.0 ], [ 112.122114118000013, -8.303148870999962, 0.0 ], [ 112.122229130000051, -8.30304326199996, 0.0 ], [ 112.122363550000046, -8.303004597999973, 0.0 ], [ 112.12243081400004, -8.303004408999925, 0.0 ], [ 112.122477890000027, -8.303031025999928, 0.0 ], [ 112.122565561000101, -8.303080598999941, 0.0 ], [ 112.122806091000029, -8.303185205999966, 0.0 ], [ 112.123008047000098, -8.30324206399996, 0.0 ], [ 112.123209732000078, -8.303203209999936, 0.0 ], [ 112.123343853000051, -8.303059261999977, 0.0 ], [ 112.123506883, -8.30294394699996, 0.0 ], [ 112.1236413580001, -8.302924424999958, 0.0 ], [ 112.123862369000108, -8.302923800999963, 0.0 ], [ 112.123984732000054, -8.302949556999977, 0.0 ], [ 112.123996980000015, -8.302952134999941, 0.0 ], [ 112.12410262700007, -8.302932694999981, 0.0 ], [ 112.124202598000011, -8.302871026999981, 0.0 ], [ 112.124209999000072, -8.30276, 0.0 ], [ 112.12414999900011, -8.302339998999969, 0.0 ], [ 112.1241309400001, -8.302263761999939, 0.0 ], [ 112.124084997000068, -8.301999567999928, 0.0 ], [ 112.123943561000033, -8.301796047999972, 0.0 ], [ 112.123693718000027, -8.30167707499993, 0.0 ], [ 112.123503361000076, -8.301653279999925, 0.0 ], [ 112.123378439000021, -8.301653279999925, 0.0 ], [ 112.123039366000057, -8.301671125999974, 0.0 ], [ 112.122938239000064, -8.301718714999936, 0.0 ], [ 112.122930857000028, -8.301722070999972, 0.0 ], [ 112.122763901000098, -8.301864482999974, 0.0 ], [ 112.122610208000083, -8.301884058999974, 0.0 ], [ 112.122584303000053, -8.30188155299993, 0.0 ], [ 112.122514089000106, -8.301874758999929, 0.0 ], [ 112.122446662000016, -8.301817520999975, 0.0 ], [ 112.122417590000055, -8.301731460999974, 0.0 ], [ 112.122489251000047, -8.301587688999973, 0.0 ], [ 112.12256104800008, -8.301491773999942, 0.0 ], [ 112.122608720000017, -8.30136003399997, 0.0 ], [ 112.122620086000097, -8.301132682999935, 0.0 ], [ 112.122631621000096, -8.300965151999947, 0.0 ], [ 112.122703418000015, -8.300869236999972, 0.0 ], [ 112.122847284000045, -8.300773117999938, 0.0 ], [ 112.12299125100003, -8.300712891999979, 0.0 ], [ 112.123099082000067, -8.300616874999946, 0.0 ], [ 112.123170675000097, -8.300449174999926, 0.0 ], [ 112.123178151000047, -8.300433099999964, 0.0 ], [ 112.123254245000112, -8.300269476999972, 0.0 ], [ 112.12333788300009, -8.300113707999969, 0.0 ], [ 112.123397736000015, -8.300041753999949, 0.0 ], [ 112.12343377000002, -8.300041651999948, 0.0 ], [ 112.123529998000095, -8.300089237999941, 0.0 ], [ 112.123556056000098, -8.300105357999939, 0.0 ], [ 112.12369, -8.3001, 0.0 ], [ 112.123739999, -8.29995, 0.0 ], [ 112.12375, -8.29961, 0.0 ], [ 112.12371, -8.29944, 0.0 ], [ 112.12361, -8.29927, 0.0 ], [ 112.12352, -8.299199998999939, 0.0 ], [ 112.12327, -8.299159998999926, 0.0 ], [ 112.12306, -8.29913, 0.0 ], [ 112.12303, -8.29905, 0.0 ], [ 112.122988442000064, -8.29865519699996, 0.0 ], [ 112.123045315000013, -8.298506442999951, 0.0 ], [ 112.123045315000013, -8.298405315999958, 0.0 ], [ 112.123033418000091, -8.298339880999947, 0.0 ], [ 112.122985828000083, -8.298268496999981, 0.0 ], [ 112.122914445000106, -8.298197112999958, 0.0 ], [ 112.122891915000082, -8.298197112999958, 0.0 ], [ 112.122816023000041, -8.298224843999947, 0.0 ], [ 112.122647965000056, -8.298261208999975, 0.0 ], [ 112.122455749000096, -8.298249786999975, 0.0 ], [ 112.122383681000088, -8.298249989999931, 0.0 ], [ 112.122196936000023, -8.298126741999965, 0.0 ], [ 112.122167069000056, -8.298107029999926, 0.0 ], [ 112.122152677000031, -8.298107070999947, 0.0 ], [ 112.121998910000116, -8.298107503999972, 0.0 ], [ 112.121782841000027, -8.298155967999946, 0.0 ], [ 112.121567111000104, -8.298324073999936, 0.0 ], [ 112.121459552000033, -8.29851580299993, 0.0 ], [ 112.121352162000107, -8.29876735199997, 0.0 ], [ 112.121292987000061, -8.29907858699994, 0.0 ], [ 112.121257971000091, -8.299437609999927, 0.0 ], [ 112.121198559000049, -8.299665095999956, 0.0 ], [ 112.12114869200002, -8.299720043999969, 0.0 ], [ 112.12114, -8.29982, 0.0 ], [ 112.121069999000042, -8.29993, 0.0 ], [ 112.120969999000067, -8.299959998999952, 0.0 ], [ 112.120838365000054, -8.299874632999945, 0.0 ], [ 112.120755084000052, -8.29978540299993, 0.0 ], [ 112.120714863000103, -8.29973311699996, 0.0 ], [ 112.120646101000034, -8.299690577999968, 0.0 ], [ 112.120585603000109, -8.299535213999945, 0.0 ], [ 112.120549365000102, -8.299463530999958, 0.0 ], [ 112.12052308300008, -8.299250023999946, 0.0 ], [ 112.120500187000061, -8.299064066999961, 0.0 ], [ 112.120477169000083, -8.299018534999959, 0.0 ], [ 112.120376950000036, -8.298820287999945, 0.0 ], [ 112.120340741000064, -8.29874866199998, 0.0 ], [ 112.120324467000046, -8.298727510999981, 0.0 ], [ 112.120109268000078, -8.298447815999964, 0.0 ], [ 112.12010857700011, -8.298203748999981, 0.0 ], [ 112.120148910000012, -8.298068447999981, 0.0 ], [ 112.120151411000052, -8.298060057999976, 0.0 ], [ 112.120282524000118, -8.297725779999951, 0.0 ], [ 112.120302417000062, -8.297675061999939, 0.0 ], [ 112.120337446, -8.297585754999943, 0.0 ], [ 112.120331487000044, -8.297473403999959, 0.0 ], [ 112.120322219000059, -8.297298657999931, 0.0 ], [ 112.120292863000032, -8.297112099999936, 0.0 ], [ 112.1202203470001, -8.296954376999963, 0.0 ], [ 112.120075723000014, -8.29678249899996, 0.0 ], [ 112.119887940000012, -8.296639456999969, 0.0 ], [ 112.119503502000043, -8.29634759299995, 0.0 ], [ 112.119454597000072, -8.29631046399993, 0.0 ], [ 112.119207870000082, -8.296163949999936, 0.0 ], [ 112.119165838000072, -8.296138989999974, 0.0 ], [ 112.119083388000035, -8.296041002999971, 0.0 ], [ 112.119021214000099, -8.295967112999961, 0.0 ], [ 112.118934245000105, -8.295795072999965, 0.0 ], [ 112.118882780000035, -8.295622576999961, 0.0 ], [ 112.118861487000117, -8.295551207999949, 0.0 ], [ 112.118877008000027, -8.295440762999931, 0.0 ], [ 112.118889745000047, -8.295350130999964, 0.0 ], [ 112.118932214000097, -8.295077228999958, 0.0 ], [ 112.119016787000078, -8.294402212999955, 0.0 ], [ 112.119059174000085, -8.294100596999954, 0.0 ], [ 112.11913038900002, -8.293798899999956, 0.0 ], [ 112.119257673000106, -8.292937122999945, 0.0 ], [ 112.119250352000108, -8.292887334999932, 0.0 ], [ 112.119189091000067, -8.292470712999943, 0.0 ], [ 112.119157746000042, -8.292079261999959, 0.0 ], [ 112.119139286000063, -8.291848715999947, 0.0 ], [ 112.118993765000027, -8.291358593999973, 0.0 ], [ 112.118946963000099, -8.291111886999943, 0.0 ], [ 112.118896221000114, -8.290844407999941, 0.0 ], [ 112.118940782000095, -8.290586494999957, 0.0 ], [ 112.118978946000084, -8.290365609999981, 0.0 ], [ 112.11901440400004, -8.290162118999945, 0.0 ], [ 112.119145951000064, -8.289958359999957, 0.0 ], [ 112.119337588, -8.289766394999958, 0.0 ], [ 112.119481214000075, -8.289586529999951, 0.0 ], [ 112.119552909000049, -8.289454722999949, 0.0 ], [ 112.119562875000042, -8.289363028999958, 0.0 ], [ 112.119576322000057, -8.289239301999942, 0.0 ], [ 112.119575712000028, -8.289023948999954, 0.0 ], [ 112.119526856000107, -8.288736945999972, 0.0 ], [ 112.119490112000108, -8.288485801999968, 0.0 ], [ 112.119487630000094, -8.288479823999978, 0.0 ], [ 112.119296615000053, -8.28801974199996, 0.0 ], [ 112.11928956700001, -8.288009275999968, 0.0 ], [ 112.119127750000075, -8.287768967999966, 0.0 ], [ 112.1190026700001, -8.287622562999957, 0.0 ], [ 112.118995189000088, -8.287613805999968, 0.0 ], [ 112.11882666200006, -8.287482672999943, 0.0 ], [ 112.11874530800003, -8.287391351999929, 0.0 ], [ 112.118645921000052, -8.287279788999967, 0.0 ], [ 112.118477023000082, -8.287017049999974, 0.0 ], [ 112.118404416000089, -8.286825826999973, 0.0 ], [ 112.118289689000108, -8.286664895999934, 0.0 ], [ 112.118259709000085, -8.286622841999929, 0.0 ], [ 112.118127283000035, -8.286515534999978, 0.0 ], [ 112.118104548000019, -8.286500325999953, 0.0 ], [ 112.117682031000072, -8.286217677999957, 0.0 ], [ 112.117261172000099, -8.286051357999952, 0.0 ], [ 112.116912346000049, -8.28587287199997, 0.0 ], [ 112.116671754000095, -8.285741938999934, 0.0 ], [ 112.116503195000064, -8.285598840999967, 0.0 ], [ 112.116406601000108, -8.285419647999959, 0.0 ], [ 112.116261390000091, -8.285037200999966, 0.0 ], [ 112.116272727000023, -8.284797885999978, 0.0 ], [ 112.116247760000078, -8.284462957999949, 0.0 ], [ 112.116235244000109, -8.284283530999971, 0.0 ], [ 112.116234873000053, -8.284151925999936, 0.0 ], [ 112.116258490000064, -8.284008289999974, 0.0 ], [ 112.116306163000104, -8.283876549999945, 0.0 ], [ 112.116389498000103, -8.283613104999972, 0.0 ], [ 112.116413081000019, -8.283457504999944, 0.0 ], [ 112.116376374000083, -8.283218323999961, 0.0 ], [ 112.116183896000052, -8.283111184999939, 0.0 ], [ 112.115955485000086, -8.283040037999967, 0.0 ], [ 112.115871409000079, -8.283040272999926, 0.0 ], [ 112.115379263000023, -8.283149325999943, 0.0 ], [ 112.115006924000113, -8.283150365999973, 0.0 ], [ 112.114730538000117, -8.283103280999967, 0.0 ], [ 112.11456665500009, -8.283005955999954, 0.0 ], [ 112.114415287000043, -8.282973519999928, 0.0 ], [ 112.1142760890001, -8.282894996999971, 0.0 ], [ 112.114193998000019, -8.282805767999946, 0.0 ], [ 112.11413311900003, -8.282634405999943, 0.0 ], [ 112.11419, -8.282349998999962, 0.0 ], [ 112.114258243000108, -8.282124051999972, 0.0 ], [ 112.114333196000075, -8.282016975999966, 0.0 ], [ 112.114343256000097, -8.282004679999943, 0.0 ], [ 112.114438674000098, -8.281823927999937, 0.0 ], [ 112.114558345000091, -8.281668059999959, 0.0 ], [ 112.114738172000102, -8.281547915999965, 0.0 ], [ 112.114870090000068, -8.281475761999957, 0.0 ], [ 112.115218338000091, -8.281450860999939, 0.0 ], [ 112.115232193000111, -8.281448917999967, 0.0 ], [ 112.115386108000052, -8.281385228999966, 0.0 ], [ 112.115589551000085, -8.281317414999933, 0.0 ], [ 112.115882225000064, -8.281188923999935, 0.0 ], [ 112.116139435000036, -8.281057228999941, 0.0 ], [ 112.116217729000027, -8.280910526999946, 0.0 ], [ 112.116235575000019, -8.280792743999939, 0.0 ], [ 112.116232006000018, -8.280721359999973, 0.0 ], [ 112.116228437000018, -8.280600006999975, 0.0 ], [ 112.116203452000036, -8.280467946999977, 0.0 ], [ 112.116124930000069, -8.280296625999938, 0.0 ], [ 112.116092807000086, -8.280185980999931, 0.0 ], [ 112.115985732000013, -8.279993244999957, 0.0 ], [ 112.115903640000056, -8.279896876999942, 0.0 ], [ 112.11583582600008, -8.279832630999977, 0.0 ], [ 112.115710904000025, -8.279761246999954, 0.0 ], [ 112.115593121000074, -8.279704139999978, 0.0 ], [ 112.115411092000045, -8.279643463999946, 0.0 ], [ 112.115289739000104, -8.279622048999954, 0.0 ], [ 112.115214934000051, -8.279622048999954, 0.0 ], [ 112.115009238000084, -8.279704673999959, 0.0 ], [ 112.114899087000026, -8.27969279399997, 0.0 ], [ 112.114792975000114, -8.279681348999929, 0.0 ], [ 112.1146367, -8.279633928999942, 0.0 ], [ 112.114408715000081, -8.279505001999951, 0.0 ], [ 112.114299858000095, -8.279443441999945, 0.0 ], [ 112.114167234000092, -8.279264348999959, 0.0 ], [ 112.114155562000064, -8.279224717999966, 0.0 ], [ 112.114076214000079, -8.279129499999954, 0.0 ], [ 112.113965606000079, -8.278882532999944, 0.0 ], [ 112.113987234000092, -8.278660850999927, 0.0 ], [ 112.113985357000047, -8.278654681999967, 0.0 ], [ 112.113999895, -8.278531075999979, 0.0 ], [ 112.114000042000043, -8.278529822999928, 0.0 ], [ 112.114020548000099, -8.27835547899997, 0.0 ], [ 112.1140514330001, -8.27831501299994, 0.0 ], [ 112.114072645000078, -8.278240771999947, 0.0 ], [ 112.114108337000062, -8.278158679999933, 0.0 ], [ 112.114179721000028, -8.278090865999957, 0.0 ], [ 112.114247535000118, -8.278026619999935, 0.0 ], [ 112.114368888000058, -8.27797665199995, 0.0 ], [ 112.114479533, -8.277958805999958, 0.0 ], [ 112.114767448000066, -8.277983789999951, 0.0 ], [ 112.114876903000095, -8.278033758999925, 0.0 ], [ 112.114955425000062, -8.278090865999957, 0.0 ], [ 112.115072019000081, -8.278152731999967, 0.0 ], [ 112.115176715000075, -8.278214597999977, 0.0 ], [ 112.115290929000025, -8.278259806999927, 0.0 ], [ 112.11535, -8.27825, 0.0 ], [ 112.115417041000114, -8.27820745899993, 0.0 ], [ 112.115431317000116, -8.278164628999946, 0.0 ], [ 112.115428938000036, -8.278078967999932, 0.0 ], [ 112.115428938000036, -8.277989738999963, 0.0 ], [ 112.115428938000036, -8.277876713999945, 0.0 ], [ 112.115378569000086, -8.27759393599996, 0.0 ], [ 112.115464630000019, -8.276877340999931, 0.0 ], [ 112.115428938000036, -8.276365755999961, 0.0 ], [ 112.115387297000098, -8.276193245999934, 0.0 ], [ 112.115333759, -8.276121861999968, 0.0 ], [ 112.115238581000085, -8.276062374999981, 0.0 ], [ 112.115155300000083, -8.276014785999962, 0.0 ], [ 112.115024429000073, -8.275955298999975, 0.0 ], [ 112.114999071000057, -8.275947691999932, 0.0 ], [ 112.114626203000057, -8.275901130999955, 0.0 ], [ 112.11447003, -8.27588960199995, 0.0 ], [ 112.114349721000053, -8.275818152999932, 0.0 ], [ 112.114265141000033, -8.275638925999942, 0.0 ], [ 112.114216627000019, -8.27547156199995, 0.0 ], [ 112.114263931000096, -8.275208217999932, 0.0 ], [ 112.114323513000045, -8.27504055299994, 0.0 ], [ 112.114394515000072, -8.274951634999979, 0.0 ], [ 112.11459, -8.2745, 0.0 ], [ 112.114741393000031, -8.274301987999934, 0.0 ], [ 112.114736440000115, -8.27409901599998, 0.0 ], [ 112.114792993000037, -8.273985556999946, 0.0 ], [ 112.114822433000086, -8.27392649199993, 0.0 ], [ 112.115023848000078, -8.273796716999925, 0.0 ], [ 112.115311620000057, -8.273623628999928, 0.0 ], [ 112.115570606, -8.273464978999925, 0.0 ], [ 112.115772021000112, -8.273335203999977, 0.0 ], [ 112.115944409, -8.273133723999933, 0.0 ], [ 112.116102020000085, -8.272803072999977, 0.0 ], [ 112.116173639000067, -8.272644944999968, 0.0 ], [ 112.1162733970001, -8.272242669999969, 0.0 ], [ 112.116373801, -8.272070104999955, 0.0 ], [ 112.116488739000033, -8.271940570999959, 0.0 ], [ 112.116661450000038, -8.271853946999954, 0.0 ], [ 112.116891649000081, -8.271709732999966, 0.0 ], [ 112.117136463000065, -8.271637263999935, 0.0 ], [ 112.11739577000003, -8.271593467999935, 0.0 ], [ 112.117929040000035, -8.271591976999957, 0.0 ], [ 112.118447938000031, -8.271604882999952, 0.0 ], [ 112.118678419000048, -8.271561166999959, 0.0 ], [ 112.118793518000075, -8.271489059999965, 0.0 ], [ 112.11882666200006, -8.271316682999952, 0.0 ], [ 112.118898017000106, -8.27106523499998, 0.0 ], [ 112.118933171000094, -8.270754067999974, 0.0 ], [ 112.118919642000037, -8.270215717999974, 0.0 ], [ 112.118978210000023, -8.26968913099995, 0.0 ], [ 112.118989478000117, -8.269425886999954, 0.0 ], [ 112.119037014000014, -8.269246291999934, 0.0 ], [ 112.119120480000106, -8.269030702999942, 0.0 ], [ 112.119287919000044, -8.268778985999973, 0.0 ], [ 112.119455357000106, -8.268527269999936, 0.0 ], [ 112.119683016000067, -8.268335205999961, 0.0 ], [ 112.119922651000024, -8.268131143999938, 0.0 ], [ 112.120979944000055, -8.268259787999966, 0.0 ], [ 112.122529802000031, -8.268434902999957, 0.0 ], [ 112.124019744000066, -8.268658036999966, 0.0 ], [ 112.125160976000075, -8.268738575999976, 0.0 ], [ 112.126061693000111, -8.268712112999935, 0.0 ], [ 112.125760345000117, -8.26833010799993, 0.0 ], [ 112.125411092000036, -8.267996094999944, 0.0 ], [ 112.12510971200004, -8.267602125999929, 0.0 ], [ 112.124892371000101, -8.267195955999966, 0.0 ], [ 112.124665634000053, -8.266851229999929, 0.0 ], [ 112.125000000000114, -8.26683, 0.0 ], [ 112.127719999000078, -8.26682, 0.0 ], [ 112.128439999000079, -8.26686, 0.0 ], [ 112.131287395000072, -8.26650441299995, 0.0 ], [ 112.135685673000012, -8.265377693999937, 0.0 ], [ 112.140582211000037, -8.266571798999962, 0.0 ] ] ] ] } },
{ "type": "Feature", "properties": { "OBJECTID": 116174.0, "KDPPUM": "35", "NAMOBJ": "Ngadipuro", "REMARK": null, "KDPBPS": null, "FCODE": "BA03070040", "LUASWH": 19.58228867, "UUPP": "Hasil Delineasi Batas Desa 2019", "SRS_ID": "SRGI 2013", "METADATA": "TASWIL1000020200326DATA_BATAS_DESA_KELURAHAN", "KDEBPS": null, "KDEPUM": "35.05.08.2008", "KDCBPS": null, "KDCPUM": "35.05.08", "KDBBPS": null, "WADMKD": "Ngadipuro", "WIADKD": null, "WADMKC": "Wonotirto", "WIADKC": null, "WADMKK": "Blitar", "WIADKK": null, "WADMPR": "Jawa Timur", "WIADPR": null, "TIPADM": 1.0, "KDPKAB": "35.05", "SHAPE_Leng": 0.29974981240365201, "SHAPE_Area": 0.0015064124304670001 }, "geometry": { "type": "MultiPolygon", "coordinates": [ [ [ [ 112.231035365000025, -8.267146022999952, 0.0 ], [ 112.231142441000088, -8.267148996999936, 0.0 ], [ 112.231145990000073, -8.26714801299994, 0.0 ], [ 112.231387235000057, -8.267367172999968, 0.0 ], [ 112.232365188000017, -8.267938418999961, 0.0 ], [ 112.233227158000091, -8.268287972999929, 0.0 ], [ 112.233719753000059, -8.26850084299997, 0.0 ], [ 112.234443060000103, -8.268751283999961, 0.0 ], [ 112.235189951000052, -8.2691701, 0.0 ], [ 112.235798250000016, -8.269512774999953, 0.0 ], [ 112.236131175000082, -8.269875308999929, 0.0 ], [ 112.236183882000091, -8.269932704999974, 0.0 ], [ 112.23624838, -8.270897257999934, 0.0 ], [ 112.236394829, -8.272139521999975, 0.0 ], [ 112.236325023000063, -8.272982290999948, 0.0 ], [ 112.236290111000017, -8.27304505799998, 0.0 ], [ 112.236049849000096, -8.273477002999925, 0.0 ], [ 112.235876700000063, -8.274645194999948, 0.0 ], [ 112.235997821000069, -8.275280331999966, 0.0 ], [ 112.236025737000091, -8.27542669099995, 0.0 ], [ 112.236214036000092, -8.276413927999954, 0.0 ], [ 112.236439334000011, -8.277595134999956, 0.0 ], [ 112.236349257000029, -8.278288350999958, 0.0 ], [ 112.236019848000069, -8.279618408999966, 0.0 ], [ 112.235984886000097, -8.279759576999936, 0.0 ], [ 112.23552475300005, -8.281334464999929, 0.0 ], [ 112.235536665000041, -8.281405667999934, 0.0 ], [ 112.235541959000102, -8.281524051999952, 0.0 ], [ 112.235571388000039, -8.281717772999968, 0.0 ], [ 112.235474619000115, -8.282268401999943, 0.0 ], [ 112.23527630600006, -8.282608783999933, 0.0 ], [ 112.235355538000022, -8.282940143999951, 0.0 ], [ 112.235361491000049, -8.282965037999929, 0.0 ], [ 112.235258895000015, -8.283187879999957, 0.0 ], [ 112.235170354000047, -8.28329582799995, 0.0 ], [ 112.235005975000036, -8.283734206999952, 0.0 ], [ 112.234896404000096, -8.284031245999927, 0.0 ], [ 112.234848758000112, -8.284158207999951, 0.0 ], [ 112.234836993000044, -8.284237204999954, 0.0 ], [ 112.234816822000084, -8.284701457999972, 0.0 ], [ 112.234736262000069, -8.285058225999933, 0.0 ], [ 112.234667161000061, -8.285237894999966, 0.0 ], [ 112.234555016000058, -8.285479907999957, 0.0 ], [ 112.234596068000087, -8.285549170999957, 0.0 ], [ 112.234550688000013, -8.285684797999977, 0.0 ], [ 112.234517529000072, -8.285783901999935, 0.0 ], [ 112.234460416000047, -8.285956355999929, 0.0 ], [ 112.234463221000055, -8.286085554999943, 0.0 ], [ 112.234485258000063, -8.286219479999943, 0.0 ], [ 112.234584415000086, -8.286434519999943, 0.0 ], [ 112.234724558000039, -8.286697286999981, 0.0 ], [ 112.234741858, -8.286852761999967, 0.0 ], [ 112.234751623000079, -8.286902978999933, 0.0 ], [ 112.234799753000061, -8.286991171999944, 0.0 ], [ 112.234918560000096, -8.286976693999975, 0.0 ], [ 112.234996093000063, -8.28688170199996, 0.0 ], [ 112.235085191000053, -8.286798158999943, 0.0 ], [ 112.235217412000111, -8.286677155999939, 0.0 ], [ 112.235291183000072, -8.286629476999963, 0.0 ], [ 112.234407151000028, -8.287691686999949, 0.0 ], [ 112.234292937000077, -8.28788442299998, 0.0 ], [ 112.234079999000073, -8.28846, 0.0 ], [ 112.23385, -8.2886, 0.0 ], [ 112.233649999000022, -8.28862, 0.0 ], [ 112.233359999000072, -8.28854, 0.0 ], [ 112.23222, -8.28807, 0.0 ], [ 112.23197, -8.28804, 0.0 ], [ 112.23177, -8.28809999899994, 0.0 ], [ 112.23156, -8.28828, 0.0 ], [ 112.23144, -8.288649998999972, 0.0 ], [ 112.23146, -8.28946, 0.0 ], [ 112.23138, -8.28995, 0.0 ], [ 112.23114, -8.29034, 0.0 ], [ 112.230959999000106, -8.290479998999956, 0.0 ], [ 112.23067, -8.290539998999975, 0.0 ], [ 112.230119999000067, -8.290579998999931, 0.0 ], [ 112.22957, -8.29079, 0.0 ], [ 112.22922, -8.29107, 0.0 ], [ 112.22847, -8.29191, 0.0 ], [ 112.22818, -8.29218, 0.0 ], [ 112.22802, -8.29224, 0.0 ], [ 112.227850000000103, -8.292159998999978, 0.0 ], [ 112.227783516000045, -8.292060272999947, 0.0 ], [ 112.227720326000053, -8.292025628999966, 0.0 ], [ 112.227519351000069, -8.291666379999981, 0.0 ], [ 112.227352613000107, -8.291212780999956, 0.0 ], [ 112.227320136000117, -8.291060322999954, 0.0 ], [ 112.227316922000114, -8.291045233999967, 0.0 ], [ 112.22726813700001, -8.290806109999949, 0.0 ], [ 112.227196702000015, -8.290699134999954, 0.0 ], [ 112.227108006000094, -8.290603697999927, 0.0 ], [ 112.22701749600003, -8.290542721999941, 0.0 ], [ 112.226919358000032, -8.29050091199997, 0.0 ], [ 112.22681741800011, -8.290472511999951, 0.0 ], [ 112.226627128000018, -8.29045969799995, 0.0 ], [ 112.22642312500011, -8.290448451999964, 0.0 ], [ 112.226331131000052, -8.290443380999932, 0.0 ], [ 112.226327314000059, -8.290443220999975, 0.0 ], [ 112.226300342000059, -8.29043007599995, 0.0 ], [ 112.226177968000115, -8.29037062499998, 0.0 ], [ 112.225930874000028, -8.290250581999942, 0.0 ], [ 112.225923759000011, -8.29024712599994, 0.0 ], [ 112.225913778000063, -8.290241019999939, 0.0 ], [ 112.225718152000013, -8.295715228999939, 0.0 ], [ 112.225577052000062, -8.298043380999957, 0.0 ], [ 112.225292229000047, -8.298211283999933, 0.0 ], [ 112.225235122000072, -8.298382604999972, 0.0 ], [ 112.225120908, -8.299124996999979, 0.0 ], [ 112.224911515000031, -8.299391496999931, 0.0 ], [ 112.224492730000065, -8.299638959999982, 0.0 ], [ 112.224054909000074, -8.299715102999926, 0.0 ], [ 112.22371226700011, -8.299791245999927, 0.0 ], [ 112.223026982000079, -8.299677031999977, 0.0 ], [ 112.222532054000112, -8.299448603999963, 0.0 ], [ 112.222037126000032, -8.299182103999954, 0.0 ], [ 112.221294734000026, -8.298820425999963, 0.0 ], [ 112.220723664000047, -8.298858496999969, 0.0 ], [ 112.220400057, -8.299067889999947, 0.0 ], [ 112.220190664000029, -8.299543781999944, 0.0 ], [ 112.220228736000081, -8.300057745999936, 0.0 ], [ 112.220285843000056, -8.300628815999971, 0.0 ], [ 112.220438128000069, -8.301009529999931, 0.0 ], [ 112.220495235000044, -8.301333136999972, 0.0 ], [ 112.220323914, -8.301770957999963, 0.0 ], [ 112.220147872000098, -8.302286214999981, 0.0 ], [ 112.219379268000012, -8.30209694399997, 0.0 ], [ 112.217069358000117, -8.301695185999961, 0.0 ], [ 112.216724504000013, -8.302650167999957, 0.0 ], [ 112.216315236000014, -8.303354488999958, 0.0 ], [ 112.216134397000019, -8.303478220999978, 0.0 ], [ 112.215944040000068, -8.303592434999928, 0.0 ], [ 112.215715612000054, -8.303811344999929, 0.0 ], [ 112.215582362000077, -8.303925559999925, 0.0 ], [ 112.215315863000114, -8.304325308999978, 0.0 ], [ 112.215207114, -8.304510859999937, 0.0 ], [ 112.215195367000092, -8.304745951999962, 0.0 ], [ 112.215267658000016, -8.305006815999946, 0.0 ], [ 112.21537, -8.30523, 0.0 ], [ 112.215330000000108, -8.30584, 0.0 ], [ 112.21508, -8.30643, 0.0 ], [ 112.21457, -8.307289998999977, 0.0 ], [ 112.214209999000104, -8.307699998999965, 0.0 ], [ 112.213902944000097, -8.307911617999935, 0.0 ], [ 112.213403291000077, -8.308278925999957, 0.0 ], [ 112.2127738800001, -8.308587115999956, 0.0 ], [ 112.212267486000087, -8.308902588999956, 0.0 ], [ 112.211876424000025, -8.309225365999964, 0.0 ], [ 112.211715885000103, -8.309516813999949, 0.0 ], [ 112.211704951000115, -8.309656421999932, 0.0 ], [ 112.212122626000109, -8.310194249999938, 0.0 ], [ 112.212396264000063, -8.310479784999927, 0.0 ], [ 112.212497391000056, -8.310622552999973, 0.0 ], [ 112.212533083000039, -8.310753422999937, 0.0 ], [ 112.2125568780001, -8.310860498999944, 0.0 ], [ 112.2125568780001, -8.310949727999969, 0.0 ], [ 112.212521186000117, -8.311038957999926, 0.0 ], [ 112.21244, -8.31116, 0.0 ], [ 112.212199999000063, -8.31147, 0.0 ], [ 112.211500000000115, -8.3121, 0.0 ], [ 112.211359999000024, -8.31267, 0.0 ], [ 112.2113, -8.313259998999968, 0.0 ], [ 112.211320000000114, -8.31393, 0.0 ], [ 112.21151, -8.3145, 0.0 ], [ 112.21172, -8.31485, 0.0 ], [ 112.211904900000036, -8.31498559299996, 0.0 ], [ 112.212064951000116, -8.315067430999932, 0.0 ], [ 112.212078882000014, -8.315074554999967, 0.0 ], [ 112.212424742000053, -8.315050529999951, 0.0 ], [ 112.212746905000017, -8.314819843999942, 0.0 ], [ 112.212826558000074, -8.314763682999967, 0.0 ], [ 112.213066600000047, -8.314594438999961, 0.0 ], [ 112.213444948000074, -8.314327678999973, 0.0 ], [ 112.213767109000059, -8.314096991999975, 0.0 ], [ 112.214028384000017, -8.314065566999943, 0.0 ], [ 112.214336066000101, -8.314125881999928, 0.0 ], [ 112.214721093000094, -8.314339096999959, 0.0 ], [ 112.215060303000087, -8.314651989999959, 0.0 ], [ 112.215268851000019, -8.314972938999972, 0.0 ], [ 112.215385530000049, -8.315416676999973, 0.0 ], [ 112.215394679000042, -8.315891370999964, 0.0 ], [ 112.215334360000043, -8.316274394999937, 0.0 ], [ 112.215251190000117, -8.316726400999926, 0.0 ], [ 112.215084261000015, -8.317438993999929, 0.0 ], [ 112.214971168000034, -8.31815907899994, 0.0 ], [ 112.214873330000046, -8.318840832999967, 0.0 ], [ 112.214752077000071, -8.319407806999948, 0.0 ], [ 112.21456885200007, -8.319821833999981, 0.0 ], [ 112.214385320000019, -8.320136323999975, 0.0 ], [ 112.214094423, -8.320535366999934, 0.0 ], [ 112.213918625000019, -8.32086514599996, 0.0 ], [ 112.213919450000049, -8.321133131999943, 0.0 ], [ 112.213989816000094, -8.321515756999929, 0.0 ], [ 112.214106189000063, -8.321859957999948, 0.0 ], [ 112.214299556000014, -8.322242206999931, 0.0 ], [ 112.214493158000096, -8.322701023999969, 0.0 ], [ 112.214586918, -8.323190772999965, 0.0 ], [ 112.214580316000024, -8.323543005999966, 0.0 ], [ 112.214527565000026, -8.323887722999928, 0.0 ], [ 112.214405697000075, -8.324255621999953, 0.0 ], [ 112.214237775000015, -8.324646632999929, 0.0 ], [ 112.213970668000115, -8.325282963999939, 0.0 ], [ 112.213496870000085, -8.32620322799994, 0.0 ], [ 112.213400927000066, -8.326441028999966, 0.0 ], [ 112.213364145000014, -8.326532196999949, 0.0 ], [ 112.213267987000108, -8.326770530999966, 0.0 ], [ 112.213272872000061, -8.327034201999936, 0.0 ], [ 112.213277207000033, -8.327268194999931, 0.0 ], [ 112.213294413000085, -8.327425175999963, 0.0 ], [ 112.213332577000074, -8.327773374999936, 0.0 ], [ 112.213462838000055, -8.327870057999974, 0.0 ], [ 112.213331409000034, -8.32803265299998, 0.0 ], [ 112.213390896000078, -8.328104035999957, 0.0 ], [ 112.213432536000028, -8.328121882999937, 0.0 ], [ 112.213462279000055, -8.328151625999965, 0.0 ], [ 112.21351581700003, -8.328151625999965, 0.0 ], [ 112.213557458000082, -8.328163523999933, 0.0 ], [ 112.213583984000024, -8.328167312999938, 0.0 ], [ 112.213612669000099, -8.328212133999955, 0.0 ], [ 112.213641223000081, -8.328242590999935, 0.0 ], [ 112.213642316, -8.328244496999957, 0.0 ], [ 112.213647059000095, -8.328252758999952, 0.0 ], [ 112.213700233000054, -8.328345384999977, 0.0 ], [ 112.213761147000014, -8.328406297999948, 0.0 ], [ 112.213793739000039, -8.328422900999954, 0.0 ], [ 112.213862036000023, -8.328457693999951, 0.0 ], [ 112.213945142000057, -8.328488406999952, 0.0 ], [ 112.214021836000029, -8.328520946999959, 0.0 ], [ 112.214066635000108, -8.328536562999943, 0.0 ], [ 112.214090393000106, -8.328544843999964, 0.0 ], [ 112.214221777000034, -8.328600560999973, 0.0 ], [ 112.21425621800006, -8.328609169999936, 0.0 ], [ 112.214294052000014, -8.328620591999936, 0.0 ], [ 112.214332599000045, -8.328634868999927, 0.0 ], [ 112.214359724000019, -8.328641293999965, 0.0 ], [ 112.214383281000096, -8.328654142999937, 0.0 ], [ 112.214398272000039, -8.328671988999929, 0.0 ], [ 112.214407551000022, -8.32868412299996, 0.0 ], [ 112.214419687000031, -8.32869483099995, 0.0 ], [ 112.214444672000013, -8.328712676999942, 0.0 ], [ 112.214460376000034, -8.328739088999953, 0.0 ], [ 112.2144610900001, -8.328747654999972, 0.0 ], [ 112.214447671000016, -8.32876, 0.0 ], [ 112.214443243, -8.328764073999935, 0.0 ], [ 112.214420402000087, -8.328772639999954, 0.0 ], [ 112.214407551000022, -8.328786202999936, 0.0 ], [ 112.214399700000058, -8.328805475999957, 0.0 ], [ 112.214392562000057, -8.328829032999977, 0.0 ], [ 112.214394703000039, -8.328847591999931, 0.0 ], [ 112.214389364000112, -8.32886954099996, 0.0 ], [ 112.214362811000115, -8.328902122999978, 0.0 ], [ 112.214349906000052, -8.328920026999981, 0.0 ], [ 112.214348926000071, -8.328921389999948, 0.0 ], [ 112.214346145000036, -8.328923454999938, 0.0 ], [ 112.214336516000117, -8.328930606999961, 0.0 ], [ 112.214322316000107, -8.328941155999928, 0.0 ], [ 112.214280638000105, -8.328975381999953, 0.0 ], [ 112.214258021000092, -8.328993289999971, 0.0 ], [ 112.214235789000099, -8.329010710999967, 0.0 ], [ 112.214224844000114, -8.329018130999941, 0.0 ], [ 112.214210171000104, -8.32902441899995, 0.0 ], [ 112.214205279000112, -8.329025599999966, 0.0 ], [ 112.21418708200008, -8.329029995999974, 0.0 ], [ 112.214174461000084, -8.32903209899996, 0.0 ], [ 112.214154929000074, -8.329035352999938, 0.0 ], [ 112.214139937000027, -8.329043454999976, 0.0 ], [ 112.214130810000029, -8.329056088999948, 0.0 ], [ 112.214124374000107, -8.329078511999967, 0.0 ], [ 112.214123717, -8.329080800999975, 0.0 ], [ 112.214122485000075, -8.329092684999978, 0.0 ], [ 112.214119563000054, -8.329120875999934, 0.0 ], [ 112.214114434000066, -8.329170354999974, 0.0 ], [ 112.214114431000098, -8.32917038599993, 0.0 ], [ 112.214114427000027, -8.329170419999969, 0.0 ], [ 112.214110504000018, -8.329207463999978, 0.0 ], [ 112.214107982000087, -8.329231094999955, 0.0 ], [ 112.214106908000076, -8.329246659999967, 0.0 ], [ 112.214106475000108, -8.329252941999925, 0.0 ], [ 112.214105917000097, -8.329255363999948, 0.0 ], [ 112.214102117000039, -8.329271856999981, 0.0 ], [ 112.214101829000015, -8.329272094999965, 0.0 ], [ 112.214091917000019, -8.329280258999972, 0.0 ], [ 112.214082637000047, -8.329285254999945, 0.0 ], [ 112.214066933000026, -8.329293820999965, 0.0 ], [ 112.214057652000065, -8.329298104999964, 0.0 ], [ 112.214035523, -8.329300958999966, 0.0 ], [ 112.214011966000044, -8.329300958999966, 0.0 ], [ 112.213999118000061, -8.329300958999966, 0.0 ], [ 112.213983413000051, -8.329300246999935, 0.0 ], [ 112.213942724000049, -8.329295962999936, 0.0 ], [ 112.213931302000105, -8.329295962999936, 0.0 ], [ 112.213909887000113, -8.329300244999956, 0.0 ], [ 112.213885618000063, -8.329300244999956, 0.0 ], [ 112.213857778000033, -8.329297389999965, 0.0 ], [ 112.213829937000014, -8.329294534999974, 0.0 ], [ 112.213800671000058, -8.329289538999944, 0.0 ], [ 112.213762837000104, -8.329282400999944, 0.0 ], [ 112.213742136000064, -8.329278116999944, 0.0 ], [ 112.21369216700009, -8.329268122999963, 0.0 ], [ 112.213667182000108, -8.329266695999934, 0.0 ], [ 112.213654334000012, -8.329268836999972, 0.0 ], [ 112.213639342000079, -8.329270978999944, 0.0 ], [ 112.213625066000077, -8.329268836999972, 0.0 ], [ 112.213612931000057, -8.329264554999952, 0.0 ], [ 112.213599368000018, -8.329250990999981, 0.0 ], [ 112.213584378000064, -8.329250989999935, 0.0 ], [ 112.213567245000036, -8.329250989999935, 0.0 ], [ 112.213552255000081, -8.329249561999973, 0.0 ], [ 112.213535837000109, -8.329244565999943, 0.0 ], [ 112.213520846000051, -8.329237427999942, 0.0 ], [ 112.213505142000031, -8.329226719999951, 0.0 ], [ 112.213498717000107, -8.329218152999943, 0.0 ], [ 112.213492531000043, -8.32920911399998, 0.0 ], [ 112.213491863000058, -8.329203102999941, 0.0 ], [ 112.21348897300004, -8.329199439999968, 0.0 ], [ 112.213488729, -8.329199121999977, 0.0 ], [ 112.213457984000115, -8.3291590499999, 0.0 ], [ 112.213449085000093, -8.329144108999969, 0.0 ], [ 112.21343971400006, -8.329123091999975, 0.0 ], [ 112.213439171, -8.329120834999969, 0.0 ], [ 112.21343329900003, -8.329096486999958, 0.0 ], [ 112.213428576000069, -8.329072098999973, 0.0 ], [ 112.213425965000056, -8.329058585999974, 0.0 ], [ 112.213423452000029, -8.329054016999976, 0.0 ], [ 112.213412516000062, -8.329034131999947, 0.0 ], [ 112.213409778000027, -8.329029152999965, 0.0 ], [ 112.213359191000109, -8.328956190999975, 0.0 ], [ 112.213345319000041, -8.328936183999929, 0.0 ], [ 112.213334566000071, -8.32892636899993, 0.0 ], [ 112.213322193000067, -8.328917802999968, 0.0 ], [ 112.213306963000036, -8.328904478999959, 0.0 ], [ 112.213296495, -8.328891152999972, 0.0 ], [ 112.21328888100004, -8.328874971999937, 0.0 ], [ 112.213278416000094, -8.328855933999932, 0.0 ], [ 112.213278392, -8.328855897999972, 0.0 ], [ 112.213267702000053, -8.328834084999926, 0.0 ], [ 112.213266878000013, -8.328833154999927, 0.0 ], [ 112.213253845000054, -8.328818438999974, 0.0 ], [ 112.21324926300008, -8.328813265999941, 0.0 ], [ 112.2132385540001, -8.328801367999972, 0.0 ], [ 112.213229968000064, -8.328793495999946, 0.0 ], [ 112.213224278000098, -8.328788281999948, 0.0 ], [ 112.213208216000112, -8.328779357999963, 0.0 ], [ 112.213187990000051, -8.328769244999933, 0.0 ], [ 112.213164792000043, -8.328762701999949, 0.0 ], [ 112.213139806000072, -8.328759131999959, 0.0 ], [ 112.2131285050001, -8.328754967999942, 0.0 ], [ 112.21311898600004, -8.328754967999942, 0.0 ], [ 112.213107089, -8.328755562999959, 0.0 ], [ 112.213089714000034, -8.32876172899995, 0.0 ], [ 112.213088649000042, -8.328762105999942, 0.0 ], [ 112.213074371000062, -8.328768054999955, 0.0 ], [ 112.213061285000094, -8.328772813999933, 0.0 ], [ 112.213047007000114, -8.328775192999956, 0.0 ], [ 112.213023214000032, -8.328777572999968, 0.0 ], [ 112.213021850000018, -8.328778009999951, 0.0 ], [ 112.21300834200008, -8.328782332999936, 0.0 ], [ 112.212985737000054, -8.32878411799993, 0.0 ], [ 112.212967890000073, -8.328785306999976, 0.0 ], [ 112.212950045000071, -8.328784711999958, 0.0 ], [ 112.21293907300003, -8.328781460999949, 0.0 ], [ 112.212923697000065, -8.328776565999931, 0.0 ], [ 112.212910490000013, -8.328772282999978, 0.0 ], [ 112.212896214000011, -8.328768356999944, 0.0 ], [ 112.212883364000049, -8.32876657199995, 0.0 ], [ 112.212857310000118, -8.328764787999944, 0.0 ], [ 112.212839146000078, -8.328767382999956, 0.0 ], [ 112.212825717000101, -8.328762105999942, 0.0 ], [ 112.212817985000015, -8.328762105999942, 0.0 ], [ 112.212809657000093, -8.328763296999966, 0.0 ], [ 112.212795974000073, -8.328767459999938, 0.0 ], [ 112.212781698000072, -8.328772217999926, 0.0 ], [ 112.212766232000035, -8.32877995299998, 0.0 ], [ 112.212762251000072, -8.328782826999941, 0.0 ], [ 112.212749520000102, -8.328789772999926, 0.0 ], [ 112.21273812600009, -8.328794052999967, 0.0 ], [ 112.212710576000063, -8.328799226999934, 0.0 ], [ 112.212648712000032, -8.328806214999929, 0.0 ], [ 112.212629226000104, -8.328803431999972, 0.0 ], [ 112.212611370000104, -8.328794251999966, 0.0 ], [ 112.212586126000019, -8.328774789999954, 0.0 ], [ 112.212548269000081, -8.328734137999959, 0.0 ], [ 112.212527324, -8.328707111999961, 0.0 ], [ 112.212517008000077, -8.328683134999949, 0.0 ], [ 112.212468717000093, -8.328530512999976, 0.0 ], [ 112.212465914000063, -8.328526484999941, 0.0 ], [ 112.212465170000087, -8.328522643999975, 0.0 ], [ 112.212460412000041, -8.328512531999934, 0.0 ], [ 112.212453272000062, -8.328502417999971, 0.0 ], [ 112.21244613500005, -8.328493494999975, 0.0 ], [ 112.21243602200002, -8.328485762999946, 0.0 ], [ 112.212426503000074, -8.328479217999927, 0.0 ], [ 112.212412228000062, -8.328471485999955, 0.0 ], [ 112.212396761000036, -8.328464941999925, 0.0 ], [ 112.21238367300009, -8.328463155999941, 0.0 ], [ 112.212372967000078, -8.328464941999925, 0.0 ], [ 112.212362259000088, -8.328466725999931, 0.0 ], [ 112.212348577000057, -8.328469105999943, 0.0 ], [ 112.212339654000061, -8.328471484999966, 0.0 ], [ 112.212328946000071, -8.328473864999978, 0.0 ], [ 112.212317048000045, -8.328473864999978, 0.0 ], [ 112.212307826000028, -8.32847278, 0.0 ], [ 112.212296824000077, -8.328471484999966, 0.0 ], [ 112.212290887000108, -8.328469232999964, 0.0 ], [ 112.212279572000057, -8.328464942999972, 0.0 ], [ 112.212271245000011, -8.328461372999925, 0.0 ], [ 112.2122629160001, -8.328457207999975, 0.0 ], [ 112.212252804000059, -8.328447691999941, 0.0 ], [ 112.212245664000079, -8.328439956999944, 0.0 ], [ 112.212239121000039, -8.328430439999977, 0.0 ], [ 112.212231389000067, -8.328419732999976, 0.0 ], [ 112.212227224000117, -8.32841140499994, 0.0 ], [ 112.212222465000082, -8.328401290999977, 0.0 ], [ 112.212217706000047, -8.328387013999929, 0.0 ], [ 112.212211123000088, -8.328377719999935, 0.0 ], [ 112.212207593000016, -8.328372738999974, 0.0 ], [ 112.212199861000045, -8.328363814999932, 0.0 ], [ 112.212190343000088, -8.328349537999941, 0.0 ], [ 112.21218439300003, -8.328338235999979, 0.0 ], [ 112.212182015000053, -8.328330502999961, 0.0 ], [ 112.212177851000092, -8.328318605999925, 0.0 ], [ 112.212173687000018, -8.328307301999928, 0.0 ], [ 112.212165359000096, -8.328296594999927, 0.0 ], [ 112.212164168000072, -8.328282912999953, 0.0 ], [ 112.212158219000116, -8.328264472999933, 0.0 ], [ 112.212154056000031, -8.328252575999954, 0.0 ], [ 112.21214691800003, -8.328237702999957, 0.0 ], [ 112.212140969000075, -8.328225805999978, 0.0 ], [ 112.212133831000074, -8.328213313999981, 0.0 ], [ 112.212127287000044, -8.328202010999973, 0.0 ], [ 112.212103493000086, -8.328188328999943, 0.0 ], [ 112.212086240000076, -8.328180596999971, 0.0 ], [ 112.212068989000045, -8.328171076999979, 0.0 ], [ 112.212056498000038, -8.32816334499995, 0.0 ], [ 112.212044006000042, -8.32815977599995, 0.0 ], [ 112.212033893000012, -8.328153826999937, 0.0 ], [ 112.21202556500009, -8.328147283999954, 0.0 ], [ 112.212011883000059, -8.328137765999941, 0.0 ], [ 112.211995227000102, -8.328126463999979, 0.0 ], [ 112.21196726800008, -8.328094936999946, 0.0 ], [ 112.211956561000079, -8.328080063999948, 0.0 ], [ 112.211948233000044, -8.328066976999935, 0.0 ], [ 112.211937525000053, -8.328050320999978, 0.0 ], [ 112.211928006000107, -8.328033069999947, 0.0 ], [ 112.211926818000052, -8.328024146999951, 0.0 ], [ 112.211929197000018, -8.328012248999926, 0.0 ], [ 112.211932766000018, -8.328006300999959, 0.0 ], [ 112.211940498000104, -8.328003921999937, 0.0 ], [ 112.211943474, -8.327998567999941, 0.0 ], [ 112.211939310000048, -8.327993807999974, 0.0 ], [ 112.211923247000072, -8.327996781999957, 0.0 ], [ 112.211917300000096, -8.32799975699993, 0.0 ], [ 112.211909566000031, -8.328001541999981, 0.0 ], [ 112.21190242800003, -8.328001541999981, 0.0 ], [ 112.211891721000029, -8.32799975699993, 0.0 ], [ 112.21189055800005, -8.327999233999947, 0.0 ], [ 112.211879823000118, -8.327994402999934, 0.0 ], [ 112.211866141000087, -8.327991428999951, 0.0 ], [ 112.211857844000065, -8.327989354999943, 0.0 ], [ 112.211850730000037, -8.327981693999959, 0.0 ], [ 112.211840829000039, -8.327948567999954, 0.0 ], [ 112.211840564000113, -8.327947047999942, 0.0 ], [ 112.21182150300001, -8.327837613999975, 0.0 ], [ 112.211819504, -8.327820292999945, 0.0 ], [ 112.211806092000074, -8.327649282999971, 0.0 ], [ 112.211807371000077, -8.32763306499993, 0.0 ], [ 112.211820149, -8.32756068499998, 0.0 ], [ 112.211822799000061, -8.327542809999954, 0.0 ], [ 112.211820967000108, -8.327528799999925, 0.0 ], [ 112.211808178000069, -8.327510199999949, 0.0 ], [ 112.211794502000089, -8.327502602999971, 0.0 ], [ 112.211730131000081, -8.327481646999956, 0.0 ], [ 112.21167683200008, -8.327466418999961, 0.0 ], [ 112.211610605000033, -8.3274340899999, 0.0 ], [ 112.211593074, -8.32742073199995, 0.0 ], [ 112.211558811000032, -8.327386468999975, 0.0 ], [ 112.211546271000088, -8.327378353999961, 0.0 ], [ 112.211527026000113, -8.327371766999931, 0.0 ], [ 112.211505632000012, -8.327369028999954, 0.0 ], [ 112.211454119000109, -8.327371189999951, 0.0 ], [ 112.211413478000054, -8.327384676999941, 0.0 ], [ 112.211395625000023, -8.327396247999957, 0.0 ], [ 112.211385803000098, -8.327406534999966, 0.0 ], [ 112.211370358000067, -8.327434057999938, 0.0 ], [ 112.211317276000045, -8.327584955999953, 0.0 ], [ 112.211316422000095, -8.32758738299998, 0.0 ], [ 112.21130112700007, -8.327630859999942, 0.0 ], [ 112.211288490000015, -8.327666784999963, 0.0 ], [ 112.21128228900011, -8.327684409999961, 0.0 ], [ 112.211267344000021, -8.327735893999943, 0.0 ], [ 112.211250933000088, -8.327792425999974, 0.0 ], [ 112.211236562000067, -8.327871594999976, 0.0 ], [ 112.211191006000035, -8.328122575999942, 0.0 ], [ 112.211190483000109, -8.32813146899997, 0.0 ], [ 112.211189855000043, -8.328142158999981, 0.0 ], [ 112.211191761, -8.328151779999928, 0.0 ], [ 112.211192908000044, -8.328157566999948, 0.0 ], [ 112.21119572300006, -8.328166111999963, 0.0 ], [ 112.211215087000028, -8.328210547999959, 0.0 ], [ 112.211229073000027, -8.328242641999964, 0.0 ], [ 112.211241896000047, -8.32828681899997, 0.0 ], [ 112.211249819000045, -8.328355189999968, 0.0 ], [ 112.211251205000053, -8.328481052999962, 0.0 ], [ 112.21125208300009, -8.328560843999981, 0.0 ], [ 112.211249591000069, -8.328596618999939, 0.0 ], [ 112.211242877000018, -8.328615685999978, 0.0 ], [ 112.211235396, -8.328629407999927, 0.0 ], [ 112.211216267000054, -8.328651097999966, 0.0 ], [ 112.211207418000072, -8.328658397999959, 0.0 ], [ 112.21119000200008, -8.328668023999967, 0.0 ], [ 112.211174227000015, -8.328674840999952, 0.0 ], [ 112.211160484000061, -8.328675288999932, 0.0 ], [ 112.211148365000099, -8.32867080099993, 0.0 ], [ 112.211146306000046, -8.328669651999974, 0.0 ], [ 112.211135991000106, -8.328663896999956, 0.0 ], [ 112.211053822000054, -8.328618052999957, 0.0 ], [ 112.211031709000054, -8.328605701999948, 0.0 ], [ 112.211010096000109, -8.328598986999964, 0.0 ], [ 112.210998804000042, -8.328597287999969, 0.0 ], [ 112.210969762000104, -8.328596643999958, 0.0 ], [ 112.210954251000089, -8.328599227999973, 0.0 ], [ 112.210930273000031, -8.328608255999939, 0.0 ], [ 112.2108925120001, -8.328627897999979, 0.0 ], [ 112.210883246000094, -8.328633908999961, 0.0 ], [ 112.210837064000089, -8.328663866999932, 0.0 ], [ 112.210828106, -8.328670921999958, 0.0 ], [ 112.210767646000022, -8.328718546999937, 0.0 ], [ 112.210732396000026, -8.328751782999973, 0.0 ], [ 112.210724091000088, -8.328759612999932, 0.0 ], [ 112.210708923000084, -8.328779931999975, 0.0 ], [ 112.210701267000104, -8.328790186999981, 0.0 ], [ 112.210699709000096, -8.328793418999965, 0.0 ], [ 112.210696498000061, -8.32880008199993, 0.0 ], [ 112.21068918800006, -8.328806346999954, 0.0 ], [ 112.210677052000051, -8.328811344999963, 0.0 ], [ 112.210662062000097, -8.328811344999963, 0.0 ], [ 112.210649926000087, -8.328811342999927, 0.0 ], [ 112.210637078000104, -8.328807774999973, 0.0 ], [ 112.210624228000029, -8.328804918999936, 0.0 ], [ 112.210602814000026, -8.328801349999935, 0.0 ], [ 112.210595675000036, -8.328805633999934, 0.0 ], [ 112.210583540000016, -8.328808487999936, 0.0 ], [ 112.210568549000072, -8.328812770999946, 0.0 ], [ 112.210548562000099, -8.328817054999945, 0.0 ], [ 112.210525720000078, -8.328817767999965, 0.0 ], [ 112.210506445000078, -8.328817767999965, 0.0 ], [ 112.210491454000021, -8.328817767999965, 0.0 ], [ 112.210477892000085, -8.328817767999965, 0.0 ], [ 112.210457905000112, -8.328817767999965, 0.0 ], [ 112.210440058000017, -8.328814199999954, 0.0 ], [ 112.210422927000081, -8.328806346999954, 0.0 ], [ 112.210420335000094, -8.328802620999966, 0.0 ], [ 112.210418731, -8.328798380999956, 0.0 ], [ 112.210415979000118, -8.328790894999941, 0.0 ], [ 112.210347395000099, -8.328604336999945, 0.0 ], [ 112.21030251500008, -8.32851203599995, 0.0 ], [ 112.210281969000107, -8.328484885999956, 0.0 ], [ 112.210247251000055, -8.328446755999948, 0.0 ], [ 112.210225446000095, -8.328431280999951, 0.0 ], [ 112.210202651000031, -8.328407647999938, 0.0 ], [ 112.210166885000035, -8.328356271999951, 0.0 ], [ 112.210157969000079, -8.328343465999978, 0.0 ], [ 112.210134973000095, -8.328305625999974, 0.0 ], [ 112.210087501000089, -8.328242852999949, 0.0 ], [ 112.210054159000038, -8.328198760999953, 0.0 ], [ 112.209910319000073, -8.328062235999937, 0.0 ], [ 112.209893874000045, -8.328046703999973, 0.0 ], [ 112.209870763000026, -8.328010214999949, 0.0 ], [ 112.209862731000044, -8.327980381999964, 0.0 ], [ 112.209845598000015, -8.327919467999948, 0.0 ], [ 112.209835977000012, -8.327895413999954, 0.0 ], [ 112.209823758000084, -8.327874466999958, 0.0 ], [ 112.209806049, -8.327852114999928, 0.0 ], [ 112.20979133600008, -8.327839883999957, 0.0 ], [ 112.20977262100007, -8.327829756999961, 0.0 ], [ 112.209750124000038, -8.327825572999927, 0.0 ], [ 112.209737094000047, -8.327826192999964, 0.0 ], [ 112.209710771, -8.327826777999974, 0.0 ], [ 112.209581376000074, -8.327837380999938, 0.0 ], [ 112.209495846000095, -8.327848716999938, 0.0 ], [ 112.209472585000071, -8.327856298999961, 0.0 ], [ 112.20944242500002, -8.327875491999976, 0.0 ], [ 112.209420594000107, -8.327900077999971, 0.0 ], [ 112.209407239000029, -8.327921907999951, 0.0 ], [ 112.209392298000012, -8.327960523999934, 0.0 ], [ 112.209382161, -8.328003147999937, 0.0 ], [ 112.209375608000073, -8.328067075999968, 0.0 ], [ 112.209368477000112, -8.328136644999972, 0.0 ], [ 112.209361183000055, -8.328207795999958, 0.0 ], [ 112.209357693000015, -8.328241833999925, 0.0 ], [ 112.209356017, -8.328259936999928, 0.0 ], [ 112.209351913000091, -8.32830428099993, 0.0 ], [ 112.209350561000065, -8.328318884999931, 0.0 ], [ 112.209349623000094, -8.32832901699993, 0.0 ], [ 112.209352326000044, -8.328347932999975, 0.0 ], [ 112.209352575000025, -8.32834967399998, 0.0 ], [ 112.209363782000082, -8.328365683999948, 0.0 ], [ 112.209377582000116, -8.328385399999945, 0.0 ], [ 112.209468692000087, -8.328500055999939, 0.0 ], [ 112.209497246000069, -8.328536223999947, 0.0 ], [ 112.209502065000038, -8.328550682999946, 0.0 ], [ 112.209502079000117, -8.328550725999946, 0.0 ], [ 112.209506560000023, -8.328564169999936, 0.0 ], [ 112.209500038000101, -8.328611406999926, 0.0 ], [ 112.209453910000093, -8.328763515999981, 0.0 ], [ 112.209444992000044, -8.32880032199995, 0.0 ], [ 112.209442507000063, -8.328810577999946, 0.0 ], [ 112.209428532000061, -8.328868254999975, 0.0 ], [ 112.209416917000112, -8.328916187999937, 0.0 ], [ 112.209398876000023, -8.328990642999941, 0.0 ], [ 112.209395085000097, -8.329017069999963, 0.0 ], [ 112.209394989000089, -8.329031114999964, 0.0 ], [ 112.209397930000023, -8.329052256999944, 0.0 ], [ 112.209402354000076, -8.329060935999962, 0.0 ], [ 112.209409214000061, -8.329068449999966, 0.0 ], [ 112.209420149000039, -8.329076, 0.0 ], [ 112.20943064100004, -8.329080072999943, 0.0 ], [ 112.209452856000098, -8.329088199999944, 0.0 ], [ 112.209456713, -8.329090477999955, 0.0 ], [ 112.209460184000022, -8.329095105999954, 0.0 ], [ 112.20947017900005, -8.329112238999926, 0.0 ], [ 112.209474461000013, -8.329123659999937, 0.0 ], [ 112.209479459000022, -8.329136508999966, 0.0 ], [ 112.209479459000022, -8.329146459999947, 0.0 ], [ 112.209479458000033, -8.329147216999957, 0.0 ], [ 112.209479459000022, -8.329161492999958, 0.0 ], [ 112.209478745000069, -8.329176482999969, 0.0 ], [ 112.209472320000032, -8.329184334999979, 0.0 ], [ 112.20946161300003, -8.329191474999959, 0.0 ], [ 112.209449476000032, -8.329196471999978, 0.0 ], [ 112.20943877000002, -8.329200752999952, 0.0 ], [ 112.209423064000021, -8.329201466999962, 0.0 ], [ 112.209408075000056, -8.329201466999962, 0.0 ], [ 112.209399593000057, -8.329201467999951, 0.0 ], [ 112.209393084000112, -8.329201466999962, 0.0 ], [ 112.209380948000103, -8.329204323999932, 0.0 ], [ 112.209370241000101, -8.329210033999971, 0.0 ], [ 112.209362388000045, -8.32922217, 0.0 ], [ 112.209360962, -8.329237159999934, 0.0 ], [ 112.209364633000064, -8.329247125999927, 0.0 ], [ 112.209365958000035, -8.329250721999927, 0.0 ], [ 112.209375238, -8.329254292999963, 0.0 ], [ 112.209385231000056, -8.329250722999973, 0.0 ], [ 112.209405218000029, -8.329240728999935, 0.0 ], [ 112.209415927, -8.329250009999953, 0.0 ], [ 112.209417018000067, -8.329255739999951, 0.0 ], [ 112.209418782000057, -8.329265000999953, 0.0 ], [ 112.20941949600001, -8.329277848999936, 0.0 ], [ 112.20941949600001, -8.329292124999938, 0.0 ], [ 112.209417587000075, -8.329301937999958, 0.0 ], [ 112.209414498000115, -8.329317823999929, 0.0 ], [ 112.209413072000075, -8.32932924499994, 0.0 ], [ 112.209412358, -8.329334955999968, 0.0 ], [ 112.209387374000016, -8.329339238999978, 0.0 ], [ 112.209373811000091, -8.329339952999931, 0.0 ], [ 112.209363817000053, -8.32934423599994, 0.0 ], [ 112.209357391000026, -8.329355656999951, 0.0 ], [ 112.209356678000063, -8.32936850699997, 0.0 ], [ 112.209363816000064, -8.329380641999933, 0.0 ], [ 112.209371669, -8.329388494999932, 0.0 ], [ 112.209383090000074, -8.329396346999943, 0.0 ], [ 112.209389514, -8.329409194999926, 0.0 ], [ 112.209390687000109, -8.329414179999958, 0.0 ], [ 112.209392370000046, -8.329421329999946, 0.0 ], [ 112.209393083, -8.329434893999974, 0.0 ], [ 112.209390942000027, -8.329454880999947, 0.0 ], [ 112.209385945, -8.329468443999929, 0.0 ], [ 112.209384090000071, -8.329468907999967, 0.0 ], [ 112.209377379000102, -8.329470584999967, 0.0 ], [ 112.209362389000034, -8.329471298999977, 0.0 ], [ 112.209361858000079, -8.329471665999961, 0.0 ], [ 112.209350967000091, -8.329479151999976, 0.0 ], [ 112.209350253000025, -8.329492713999969, 0.0 ], [ 112.209350254000015, -8.329509845999951, 0.0 ], [ 112.20935239500011, -8.329524123999931, 0.0 ], [ 112.209361675000082, -8.329537684999934, 0.0 ], [ 112.209373811000091, -8.329544823999981, 0.0 ], [ 112.209382377000111, -8.329554102999964, 0.0 ], [ 112.209382376, -8.329573378999953, 0.0 ], [ 112.209384518000093, -8.329606927999976, 0.0 ], [ 112.209378807, -8.329616922999946, 0.0 ], [ 112.209358819000045, -8.329617636999956, 0.0 ], [ 112.209340973000053, -8.329615493999938, 0.0 ], [ 112.209326697000051, -8.329620491999947, 0.0 ], [ 112.209322414000098, -8.329628343999957, 0.0 ], [ 112.209314562000031, -8.329641905999949, 0.0 ], [ 112.20930171200007, -8.329654042999948, 0.0 ], [ 112.209295288000021, -8.329665462999969, 0.0 ], [ 112.209288864000087, -8.329670458999942, 0.0 ], [ 112.209264592000068, -8.32966760599993, 0.0 ], [ 112.20926010200003, -8.329665714999976, 0.0 ], [ 112.209251030000019, -8.329661894999958, 0.0 ], [ 112.209238181000046, -8.32965689699995, 0.0 ], [ 112.209228187, -8.32965332699996, 0.0 ], [ 112.209214209000038, -8.32964575699998, 0.0 ], [ 112.209211055000083, -8.329644047999977, 0.0 ], [ 112.209210369000061, -8.329644047999977, 0.0 ], [ 112.209197503000041, -8.329638324999962, 0.0 ], [ 112.209188224000059, -8.329637611999942, 0.0 ], [ 112.209176803000105, -8.329637611999942, 0.0 ], [ 112.209169141000075, -8.329641737999964, 0.0 ], [ 112.209153959000105, -8.329661168999962, 0.0 ], [ 112.209151031000033, -8.329663730999926, 0.0 ], [ 112.209150993000094, -8.329663780999965, 0.0 ], [ 112.209142610000072, -8.329686571999957, 0.0 ], [ 112.209135911000089, -8.32970477899994, 0.0 ], [ 112.209120133000056, -8.329747668999971, 0.0 ], [ 112.20911951000005, -8.329748904999974, 0.0 ], [ 112.209103199000083, -8.329781321999974, 0.0 ], [ 112.209083455000041, -8.32979942399993, 0.0 ], [ 112.209078461000104, -8.329804000999957, 0.0 ], [ 112.208907749000105, -8.32986412799994, 0.0 ], [ 112.208884037000075, -8.329869782999936, 0.0 ], [ 112.208871681, -8.329866618999972, 0.0 ], [ 112.208855742000083, -8.329853493999963, 0.0 ], [ 112.208802313000092, -8.329773921999958, 0.0 ], [ 112.208800778000068, -8.329758659999925, 0.0 ], [ 112.208806103000029, -8.329738400999929, 0.0 ], [ 112.208818242, -8.329708797999956, 0.0 ], [ 112.208821550000039, -8.329700729999956, 0.0 ], [ 112.208853366000085, -8.329621054999961, 0.0 ], [ 112.208860961000028, -8.329602034999937, 0.0 ], [ 112.20886108600007, -8.329601604999937, 0.0 ], [ 112.208867901000076, -8.329578119999951, 0.0 ], [ 112.20887267, -8.329538407999962, 0.0 ], [ 112.208874667000032, -8.329471627999965, 0.0 ], [ 112.20887721400004, -8.32944002399995, 0.0 ], [ 112.208878684000069, -8.329421796999952, 0.0 ], [ 112.208882173, -8.329378521999956, 0.0 ], [ 112.208884635000118, -8.329347962999975, 0.0 ], [ 112.208890307000047, -8.329277615999956, 0.0 ], [ 112.208891578000021, -8.32926185499997, 0.0 ], [ 112.208893307000039, -8.32924038799996, 0.0 ], [ 112.208901239000056, -8.329169895999939, 0.0 ], [ 112.208901428000104, -8.329168208999931, 0.0 ], [ 112.208907179000107, -8.329154789999961, 0.0 ], [ 112.208920964000072, -8.329136180999967, 0.0 ], [ 112.208966150000037, -8.329099679999956, 0.0 ], [ 112.208984905000079, -8.329079218999937, 0.0 ], [ 112.20899470300003, -8.329053002999956, 0.0 ], [ 112.208998202000089, -8.329023249999977, 0.0 ], [ 112.208994549000067, -8.328962196999953, 0.0 ], [ 112.208989747000032, -8.328936381999938, 0.0 ], [ 112.208954982000023, -8.32876863499996, 0.0 ], [ 112.208941206000077, -8.328736435999929, 0.0 ], [ 112.208912591000058, -8.328693162999969, 0.0 ], [ 112.208832899000072, -8.328616172999944, 0.0 ], [ 112.208817685000099, -8.328587012999947, 0.0 ], [ 112.208818337000025, -8.328548588999979, 0.0 ], [ 112.208825286000092, -8.328528609999978, 0.0 ], [ 112.2088500320001, -8.328469598999959, 0.0 ], [ 112.208895717000019, -8.328319215999954, 0.0 ], [ 112.208906, -8.328287577999959, 0.0 ], [ 112.208912331000079, -8.328268097999967, 0.0 ], [ 112.208920401000114, -8.328230781999935, 0.0 ], [ 112.208936343, -8.328157075999968, 0.0 ], [ 112.208991660000038, -8.32790130099994, 0.0 ], [ 112.208996607000017, -8.327869973999952, 0.0 ], [ 112.20899797200002, -8.327840636999952, 0.0 ], [ 112.208983724000063, -8.327804595999964, 0.0 ], [ 112.208965314000011, -8.327777153999932, 0.0 ], [ 112.208905077000054, -8.327712692999967, 0.0 ], [ 112.208599082000092, -8.327470589999962, 0.0 ], [ 112.208541899000011, -8.327412847999938, 0.0 ], [ 112.208490135000034, -8.327359888999979, 0.0 ], [ 112.208394806000115, -8.327280353999981, 0.0 ], [ 112.208333767000113, -8.327236335999942, 0.0 ], [ 112.208041210000033, -8.327047791999973, 0.0 ], [ 112.208021279000036, -8.327041323999936, 0.0 ], [ 112.208007015000021, -8.327040891999957, 0.0 ], [ 112.20798344100001, -8.327042843999948, 0.0 ], [ 112.207948361000035, -8.327052227999957, 0.0 ], [ 112.20783968, -8.327104738999935, 0.0 ], [ 112.207767416000024, -8.327126525999972, 0.0 ], [ 112.207751856000073, -8.327129893999938, 0.0 ], [ 112.20769006, -8.327143211999953, 0.0 ], [ 112.207672355000113, -8.327151312999945, 0.0 ], [ 112.207654945000058, -8.327168194999956, 0.0 ], [ 112.207628299000021, -8.327200675999961, 0.0 ], [ 112.207602915000052, -8.327234572999942, 0.0 ], [ 112.207548956000096, -8.32729046399993, 0.0 ], [ 112.207547718000114, -8.327291744999968, 0.0 ], [ 112.207545743000082, -8.327293249999968, 0.0 ], [ 112.207504160000099, -8.327324918999977, 0.0 ], [ 112.207486251000091, -8.327338218999955, 0.0 ], [ 112.207416934000094, -8.32738640499997, 0.0 ], [ 112.207391974000075, -8.327403353999955, 0.0 ], [ 112.207374586000014, -8.327415160999976, 0.0 ], [ 112.207347159000051, -8.327433782999947, 0.0 ], [ 112.207318480000026, -8.327453256999945, 0.0 ], [ 112.207310275000054, -8.327459132999934, 0.0 ], [ 112.20726653600002, -8.32749045199995, 0.0 ], [ 112.207254578000061, -8.327499015999933, 0.0 ], [ 112.207220946, -8.327523098999961, 0.0 ], [ 112.207179263000057, -8.327552948999937, 0.0 ], [ 112.207147561000056, -8.32757827699993, 0.0 ], [ 112.207124393000072, -8.327611033999972, 0.0 ], [ 112.207108111000025, -8.32763912799993, 0.0 ], [ 112.207095973000037, -8.327659629999971, 0.0 ], [ 112.207084614000109, -8.32767722899996, 0.0 ], [ 112.207070067000018, -8.327694991999977, 0.0 ], [ 112.207066189000102, -8.327698704999932, 0.0 ], [ 112.207048057000065, -8.327716070999941, 0.0 ], [ 112.20701572400003, -8.327737193999951, 0.0 ], [ 112.207015407000085, -8.327737400999979, 0.0 ], [ 112.206991787000106, -8.32774875399997, 0.0 ], [ 112.206965626000056, -8.327758376999952, 0.0 ], [ 112.206960885000058, -8.327759106999963, 0.0 ], [ 112.206944742000019, -8.327761589999966, 0.0 ], [ 112.206935121000015, -8.327761950999957, 0.0 ], [ 112.206912822000049, -8.327757629999951, 0.0 ], [ 112.206903113000067, -8.327753488999974, 0.0 ], [ 112.206901956000024, -8.327752994999969, 0.0 ], [ 112.206897408000032, -8.327748712999949, 0.0 ], [ 112.206889138000065, -8.327740926999979, 0.0 ], [ 112.206887453000036, -8.327738627999963, 0.0 ], [ 112.206879586000014, -8.327721771999961, 0.0 ], [ 112.20687112600001, -8.327676058999941, 0.0 ], [ 112.20686119700008, -8.327634122999939, 0.0 ], [ 112.206853233000061, -8.327621735999969, 0.0 ], [ 112.206827835000013, -8.327595843999973, 0.0 ], [ 112.206738785000084, -8.327529930999958, 0.0 ], [ 112.206712539000023, -8.327501427999948, 0.0 ], [ 112.206705511000109, -8.32748629799994, 0.0 ], [ 112.206704776000038, -8.327474156999926, 0.0 ], [ 112.206706331000078, -8.327459795999971, 0.0 ], [ 112.206722982000088, -8.327366171999927, 0.0 ], [ 112.206729290000112, -8.327337573999955, 0.0 ], [ 112.20673208300002, -8.327306868999926, 0.0 ], [ 112.206729518000088, -8.327289428999961, 0.0 ], [ 112.206718226000021, -8.327255656999967, 0.0 ], [ 112.206707182000059, -8.327231499999925, 0.0 ], [ 112.206680281000104, -8.327186316999928, 0.0 ], [ 112.206666638000115, -8.327167557999928, 0.0 ], [ 112.206653081000013, -8.327141575999974, 0.0 ], [ 112.206643795000105, -8.327083028999937, 0.0 ], [ 112.206643796000094, -8.327075071999957, 0.0 ], [ 112.206643796000094, -8.327057150999963, 0.0 ], [ 112.2066505680001, -8.326755249999962, 0.0 ], [ 112.206659025000022, -8.326720218999981, 0.0 ], [ 112.206676156000071, -8.326684051999962, 0.0 ], [ 112.206781378000073, -8.326550467999937, 0.0 ], [ 112.206821988000115, -8.326502047999952, 0.0 ], [ 112.206856996000056, -8.326459430999932, 0.0 ], [ 112.206904584000085, -8.326417550999963, 0.0 ], [ 112.206932289000065, -8.326396143999943, 0.0 ], [ 112.206939206000015, -8.326385318999939, 0.0 ], [ 112.206939811000098, -8.326383738999937, 0.0 ], [ 112.206940426000074, -8.326371711999968, 0.0 ], [ 112.206935953000084, -8.326345323999931, 0.0 ], [ 112.206928351000101, -8.326324018999969, 0.0 ], [ 112.206775335000088, -8.326056553999933, 0.0 ], [ 112.206710428000065, -8.325965555999971, 0.0 ], [ 112.206690545000015, -8.325943131999963, 0.0 ], [ 112.206592307000051, -8.325840094999933, 0.0 ], [ 112.206567585000016, -8.32581962699993, 0.0 ], [ 112.206548226000109, -8.325808685999959, 0.0 ], [ 112.206528337, -8.325805179999975, 0.0 ], [ 112.20651198500002, -8.325805921999972, 0.0 ], [ 112.206493426000065, -8.325809711999966, 0.0 ], [ 112.206479904000048, -8.325817317999963, 0.0 ], [ 112.206472263000023, -8.325823936999939, 0.0 ], [ 112.206458183000109, -8.325842276999936, 0.0 ], [ 112.206398235000051, -8.325943562999953, 0.0 ], [ 112.20637539300003, -8.325981634999948, 0.0 ], [ 112.206247038000015, -8.326091283999972, 0.0 ], [ 112.206228727000052, -8.326106924999976, 0.0 ], [ 112.206210007000095, -8.326122917999953, 0.0 ], [ 112.206131685000059, -8.326189824999972, 0.0 ], [ 112.20609816800004, -8.326213584999948, 0.0 ], [ 112.2060488730001, -8.326239860999976, 0.0 ], [ 112.206013714000051, -8.326250038999945, 0.0 ], [ 112.205895693000116, -8.326267170999927, 0.0 ], [ 112.20582540700002, -8.326268844999959, 0.0 ], [ 112.205768334000027, -8.326262258999975, 0.0 ], [ 112.205683485, -8.326256050999973, 0.0 ], [ 112.205616368000051, -8.326254928999958, 0.0 ], [ 112.205581764000044, -8.326256876999935, 0.0 ], [ 112.205559928000071, -8.326260026999933, 0.0 ], [ 112.20555094000008, -8.326262154999938, 0.0 ], [ 112.205527429000085, -8.326270185999931, 0.0 ], [ 112.205516034000084, -8.326274847999969, 0.0 ], [ 112.205495466000116, -8.326288552999927, 0.0 ], [ 112.20549032200006, -8.326294319999931, 0.0 ], [ 112.205487313000049, -8.326299491999976, 0.0 ], [ 112.205484073000093, -8.326308392999977, 0.0 ], [ 112.205479503000106, -8.326328366999974, 0.0 ], [ 112.205474557000116, -8.326369543999931, 0.0 ], [ 112.205470004000063, -8.326400133999925, 0.0 ], [ 112.20546675300011, -8.326448705999951, 0.0 ], [ 112.205467672000054, -8.326464700999963, 0.0 ], [ 112.205470938000076, -8.326474516999951, 0.0 ], [ 112.205486426000107, -8.326497502999928, 0.0 ], [ 112.205499037000095, -8.326513552999927, 0.0 ], [ 112.205507365000017, -8.326524151999934, 0.0 ], [ 112.205526856, -8.326559233999944, 0.0 ], [ 112.20553058400003, -8.326569020999955, 0.0 ], [ 112.205531381000014, -8.326571113999933, 0.0 ], [ 112.20553979400006, -8.32659320099998, 0.0 ], [ 112.205556162000107, -8.326667769999972, 0.0 ], [ 112.205568895000056, -8.326725773999954, 0.0 ], [ 112.205587314000013, -8.326809685999933, 0.0 ], [ 112.205588891000048, -8.326824375999934, 0.0 ], [ 112.205608789000053, -8.32700977099995, 0.0 ], [ 112.205610577000016, -8.327026414999978, 0.0 ], [ 112.205612304000056, -8.327042508999966, 0.0 ], [ 112.205610509000053, -8.327061656999945, 0.0 ], [ 112.205598886000075, -8.327097676999927, 0.0 ], [ 112.20558466500006, -8.327115846999959, 0.0 ], [ 112.205552272000091, -8.327139414999976, 0.0 ], [ 112.20549961100005, -8.327157600999954, 0.0 ], [ 112.205478502, -8.327159635999976, 0.0 ], [ 112.205265269000051, -8.327180190999968, 0.0 ], [ 112.205214216000059, -8.32718278699997, 0.0 ], [ 112.205113327000049, -8.327190400999939, 0.0 ], [ 112.205004823000081, -8.327207533999967, 0.0 ], [ 112.204931344000101, -8.32722412399994, 0.0 ], [ 112.204791592000106, -8.327280703999975, 0.0 ], [ 112.204746620000037, -8.327292581999927, 0.0 ], [ 112.204686272000117, -8.327297957999974, 0.0 ], [ 112.204637435000109, -8.327293192999946, 0.0 ], [ 112.204555580000033, -8.327268447999927, 0.0 ], [ 112.204490860000078, -8.327241796999942, 0.0 ], [ 112.204462447000083, -8.327231769999969, 0.0 ], [ 112.204412196000021, -8.327199763999943, 0.0 ], [ 112.204383850000113, -8.327168169999936, 0.0 ], [ 112.204361265000102, -8.327126504999967, 0.0 ], [ 112.204345483000111, -8.327084676999959, 0.0 ], [ 112.204340478000063, -8.327057150999963, 0.0 ], [ 112.204338574000076, -8.327015272999972, 0.0 ], [ 112.204338574000076, -8.326971490999938, 0.0 ], [ 112.204348470000014, -8.326930255999969, 0.0 ], [ 112.204349996000019, -8.32692390099993, 0.0 ], [ 112.204355706000115, -8.326891540999952, 0.0 ], [ 112.204384259000108, -8.326758290999976, 0.0 ], [ 112.204384260000097, -8.326737828999967, 0.0 ], [ 112.20437607000008, -8.326706476999959, 0.0 ], [ 112.204369030000066, -8.326689761999944, 0.0 ], [ 112.204344285000047, -8.326626943999941, 0.0 ], [ 112.204325248000032, -8.326581258999965, 0.0 ], [ 112.204316424000012, -8.326542174999929, 0.0 ], [ 112.20431631200006, -8.326527278999947, 0.0 ], [ 112.204323680000016, -8.326490222999951, 0.0 ], [ 112.204344073000016, -8.326434672999937, 0.0 ], [ 112.204349279000098, -8.326420006999967, 0.0 ], [ 112.204350926000075, -8.32641536899996, 0.0 ], [ 112.204359884000041, -8.326390122999953, 0.0 ], [ 112.204366885000013, -8.326375911999946, 0.0 ], [ 112.204368606000116, -8.326372418999938, 0.0 ], [ 112.204376299000046, -8.326361074999966, 0.0 ], [ 112.204385456000068, -8.326350772999945, 0.0 ], [ 112.204418035000117, -8.326330454999948, 0.0 ], [ 112.204460724000114, -8.326303828999926, 0.0 ], [ 112.204470542000081, -8.326296633999959, 0.0 ], [ 112.204477193000116, -8.326286408999977, 0.0 ], [ 112.204478577000032, -8.326276162999932, 0.0 ], [ 112.204476989000113, -8.326265967999973, 0.0 ], [ 112.204469502000052, -8.326251154999966, 0.0 ], [ 112.204469001, -8.32625016399993, 0.0 ], [ 112.204466464, -8.326246967999964, 0.0 ], [ 112.204459710000037, -8.326238456999931, 0.0 ], [ 112.204436494000106, -8.326219011999967, 0.0 ], [ 112.204411475000029, -8.326207818999933, 0.0 ], [ 112.204390543000045, -8.326204183999948, 0.0 ], [ 112.204375671000093, -8.326204184999938, 0.0 ], [ 112.204356294000036, -8.326207702999966, 0.0 ], [ 112.204347188000042, -8.326210522999929, 0.0 ], [ 112.204267519000041, -8.326245770999947, 0.0 ], [ 112.204216707000114, -8.326268252999967, 0.0 ], [ 112.204214662000027, -8.326269156999956, 0.0 ], [ 112.204190096000048, -8.326280495999981, 0.0 ], [ 112.204126922000114, -8.32630323799998, 0.0 ], [ 112.204070178000052, -8.326316471999974, 0.0 ], [ 112.203847454000083, -8.326331890999938, 0.0 ], [ 112.20381154100005, -8.326333260999945, 0.0 ], [ 112.203653299000052, -8.326339298999926, 0.0 ], [ 112.203653025000108, -8.326339308999934, 0.0 ], [ 112.203598015000011, -8.326344223999968, 0.0 ], [ 112.203575242000056, -8.326343313999928, 0.0 ], [ 112.203543245000105, -8.326341179999929, 0.0 ], [ 112.203504340000109, -8.326326284999936, 0.0 ], [ 112.203481885000087, -8.326304764999975, 0.0 ], [ 112.203473892000034, -8.326279869999951, 0.0 ], [ 112.203474975000063, -8.326267962999964, 0.0 ], [ 112.203484703000072, -8.326244344999964, 0.0 ], [ 112.203506715000117, -8.326219580999975, 0.0 ], [ 112.203520709000031, -8.326211806999936, 0.0 ], [ 112.203575243000046, -8.326194832999931, 0.0 ], [ 112.203607604000013, -8.32618150899998, 0.0 ], [ 112.203627698000105, -8.326170346999959, 0.0 ], [ 112.203653661000089, -8.326152364999928, 0.0 ], [ 112.203680228000053, -8.326133966999976, 0.0 ], [ 112.20369796500006, -8.326123444999951, 0.0 ], [ 112.203714779000052, -8.326117255999975, 0.0 ], [ 112.203740853000113, -8.326114883999935, 0.0 ], [ 112.20377321400008, -8.326114883999935, 0.0 ], [ 112.203811286000018, -8.326120594999963, 0.0 ], [ 112.203820176000022, -8.326119910999978, 0.0 ], [ 112.203831834000084, -8.326115616999971, 0.0 ], [ 112.203841234000038, -8.326108285999965, 0.0 ], [ 112.20384647000003, -8.326097816999948, 0.0 ], [ 112.203852185000073, -8.326044017999948, 0.0 ], [ 112.203856832000042, -8.326028336999968, 0.0 ], [ 112.203865129000064, -8.326013435999926, 0.0 ], [ 112.203873127000065, -8.326005428999963, 0.0 ], [ 112.203888442000107, -8.325991827999928, 0.0 ], [ 112.203891999, -8.325989236999931, 0.0 ], [ 112.203898182000103, -8.325984735999953, 0.0 ], [ 112.203910271000041, -8.325977827999964, 0.0 ], [ 112.203933320000033, -8.325962967999942, 0.0 ], [ 112.203946535000114, -8.325948480999955, 0.0 ], [ 112.203952278000088, -8.325942185999963, 0.0 ], [ 112.203962125000089, -8.325925886999926, 0.0 ], [ 112.203969255000061, -8.325910223999927, 0.0 ], [ 112.203974301000017, -8.32589532399993, 0.0 ], [ 112.203981466000073, -8.325874166999938, 0.0 ], [ 112.203993116000106, -8.325827895999964, 0.0 ], [ 112.203996510000025, -8.325808018999965, 0.0 ], [ 112.204000886000017, -8.325782387999936, 0.0 ], [ 112.204001643000083, -8.325777952999942, 0.0 ], [ 112.204000975000099, -8.325766929999929, 0.0 ], [ 112.203999918000022, -8.325749507999944, 0.0 ], [ 112.203997505000075, -8.325738354999942, 0.0 ], [ 112.203991764000079, -8.325727671999971, 0.0 ], [ 112.203985130000092, -8.325720749999959, 0.0 ], [ 112.203981998000017, -8.325717484999927, 0.0 ], [ 112.203976008000041, -8.325713205999932, 0.0 ], [ 112.203960981000023, -8.325702471999932, 0.0 ], [ 112.203954303000046, -8.325697701999957, 0.0 ], [ 112.203939943000023, -8.325687616999971, 0.0 ], [ 112.203935190000038, -8.325680107999972, 0.0 ], [ 112.203932841000096, -8.325672597999926, 0.0 ], [ 112.203930055000114, -8.325663683999949, 0.0 ], [ 112.203926939000098, -8.32564883699996, 0.0 ], [ 112.20392455800004, -8.325637489999963, 0.0 ], [ 112.203923352000061, -8.325629633999938, 0.0 ], [ 112.203921481000066, -8.325614979999955, 0.0 ], [ 112.203918416000079, -8.325597670999969, 0.0 ], [ 112.203915415000097, -8.325589589999936, 0.0 ], [ 112.203911966000078, -8.32558202499996, 0.0 ], [ 112.203908027000011, -8.325573385999974, 0.0 ], [ 112.203900901000111, -8.325564067999949, 0.0 ], [ 112.203888935, -8.325553792999926, 0.0 ], [ 112.203876602000037, -8.325543201999949, 0.0 ], [ 112.203874857000073, -8.325542045999953, 0.0 ], [ 112.203870856000094, -8.325539397999933, 0.0 ], [ 112.203861024000048, -8.325531612999953, 0.0 ], [ 112.203850455000065, -8.325522830999944, 0.0 ], [ 112.203842752000014, -8.325515439999947, 0.0 ], [ 112.203833677000034, -8.325502451999967, 0.0 ], [ 112.20383115900006, -8.325498848999928, 0.0 ], [ 112.20382763200007, -8.325492309999959, 0.0 ], [ 112.203826797000033, -8.325490600999956, 0.0 ], [ 112.203819980000048, -8.325476661999971, 0.0 ], [ 112.203815030000101, -8.325464551999971, 0.0 ], [ 112.203814394, -8.325461902999962, 0.0 ], [ 112.203814301000079, -8.325461514999972, 0.0 ], [ 112.203809382000031, -8.325441020999961, 0.0 ], [ 112.203801958000099, -8.325408938999942, 0.0 ], [ 112.203801463000104, -8.325406175999944, 0.0 ], [ 112.203799864000075, -8.32539914399996, 0.0 ], [ 112.203797419000011, -8.325383626999951, 0.0 ], [ 112.203791285000079, -8.325352738999925, 0.0 ], [ 112.203786857000068, -8.325332293999963, 0.0 ], [ 112.203782597000099, -8.325318838999976, 0.0 ], [ 112.203778559000057, -8.325309850999929, 0.0 ], [ 112.203776739000091, -8.325306710999939, 0.0 ], [ 112.20377359400004, -8.325301453999941, 0.0 ], [ 112.203765983000039, -8.32529055699996, 0.0 ], [ 112.203738914000041, -8.325265571999978, 0.0 ], [ 112.203706410000109, -8.325233175999927, 0.0 ], [ 112.203692226000044, -8.325219039999979, 0.0 ], [ 112.203681805000087, -8.325209595999979, 0.0 ], [ 112.203657114000066, -8.325187227999947, 0.0 ], [ 112.203647955000065, -8.325178928999946, 0.0 ], [ 112.203638107000074, -8.32517000799993, 0.0 ], [ 112.203622653000025, -8.325156007999965, 0.0 ], [ 112.203610777000108, -8.325146617999962, 0.0 ], [ 112.203577641000038, -8.325120636999941, 0.0 ], [ 112.203536893000091, -8.325090852999949, 0.0 ], [ 112.203493389000073, -8.325062211999978, 0.0 ], [ 112.203470184000025, -8.325047806999976, 0.0 ], [ 112.203438185000095, -8.325027946999967, 0.0 ], [ 112.203401903000099, -8.325005063999981, 0.0 ], [ 112.203374264000104, -8.324987633999967, 0.0 ], [ 112.203373165000016, -8.324986939999974, 0.0 ], [ 112.20335861500007, -8.324977765999961, 0.0 ], [ 112.203339861000018, -8.324965738999936, 0.0 ], [ 112.203325260000042, -8.324956222999958, 0.0 ], [ 112.203313041000115, -8.324948257999949, 0.0 ], [ 112.203296401000102, -8.324935717999949, 0.0 ], [ 112.203279652000106, -8.32492287499997, 0.0 ], [ 112.203276912000092, -8.324920774999953, 0.0 ], [ 112.203276871000071, -8.324920736999957, 0.0 ], [ 112.203261065000106, -8.324906800999941, 0.0 ], [ 112.203242627, -8.324889776999953, 0.0 ], [ 112.203229958000065, -8.324876907999965, 0.0 ], [ 112.203216698, -8.324858806999941, 0.0 ], [ 112.203211361000058, -8.324850062999928, 0.0 ], [ 112.203201419000038, -8.32483377899996, 0.0 ], [ 112.203183580000086, -8.324800774999972, 0.0 ], [ 112.203161353000041, -8.324759814999936, 0.0 ], [ 112.203160264000076, -8.324757638999927, 0.0 ], [ 112.203143133000026, -8.32471766499998, 0.0 ], [ 112.203144262000023, -8.324696211999935, 0.0 ], [ 112.203153265000083, -8.324674721999941, 0.0 ], [ 112.203177397000104, -8.324654846999977, 0.0 ], [ 112.203185011000073, -8.324628195999935, 0.0 ], [ 112.203183232000015, -8.324604162999947, 0.0 ], [ 112.203181204000089, -8.324576800999978, 0.0 ], [ 112.203177138000115, -8.324565495999934, 0.0 ], [ 112.203160142000115, -8.324534589999928, 0.0 ], [ 112.203150735, -8.324523279999937, 0.0 ], [ 112.203137756000046, -8.324513837999973, 0.0 ], [ 112.203122194000116, -8.324510175999933, 0.0 ], [ 112.203101537000066, -8.324514306999959, 0.0 ], [ 112.202840013000014, -8.324601856999948, 0.0 ], [ 112.202827225000078, -8.324605306999956, 0.0 ], [ 112.202810643000021, -8.324613051999961, 0.0 ], [ 112.202797535000059, -8.324625478999963, 0.0 ], [ 112.20278742500011, -8.324639914999977, 0.0 ], [ 112.20278113400002, -8.324650696999981, 0.0 ], [ 112.20276432300011, -8.324679593999974, 0.0 ], [ 112.202759404000062, -8.324687942999958, 0.0 ], [ 112.202747829000032, -8.324707779999926, 0.0 ], [ 112.202736733000052, -8.324724107999941, 0.0 ], [ 112.202726994000045, -8.32473843899993, 0.0 ], [ 112.20271909600001, -8.324750060999975, 0.0 ], [ 112.202717796000115, -8.32475197399998, 0.0 ], [ 112.202707264000082, -8.324767470999973, 0.0 ], [ 112.202707051000061, -8.32476778399996, 0.0 ], [ 112.202698713000018, -8.324780054999962, 0.0 ], [ 112.202694395000094, -8.324786406999976, 0.0 ], [ 112.202691737, -8.324790317999941, 0.0 ], [ 112.202683821000051, -8.324799938999945, 0.0 ], [ 112.202670262000083, -8.324815892999936, 0.0 ], [ 112.202660358000117, -8.32482657099996, 0.0 ], [ 112.20264820500006, -8.324835685999972, 0.0 ], [ 112.202559940000015, -8.324876277999977, 0.0 ], [ 112.202553026000032, -8.324887438999951, 0.0 ], [ 112.202553027000022, -8.324898145999953, 0.0 ], [ 112.202556323000067, -8.324909451999929, 0.0 ], [ 112.202564031000065, -8.324924504999956, 0.0 ], [ 112.202569708000055, -8.324935589999939, 0.0 ], [ 112.202571883000019, -8.324945954999976, 0.0 ], [ 112.202571849000037, -8.324950199999932, 0.0 ], [ 112.202569061000077, -8.324958414999969, 0.0 ], [ 112.202568706000079, -8.324959461999981, 0.0 ], [ 112.202562348000015, -8.324975157999972, 0.0 ], [ 112.202552072000117, -8.324997234999955, 0.0 ], [ 112.202545808000082, -8.325010697999971, 0.0 ], [ 112.202538652000044, -8.325023300999931, 0.0 ], [ 112.202525448000074, -8.325046555999961, 0.0 ], [ 112.202514777000033, -8.325065349999932, 0.0 ], [ 112.202507775000072, -8.325075860999959, 0.0 ], [ 112.202497440000116, -8.325091377999968, 0.0 ], [ 112.202481530000114, -8.325114077999956, 0.0 ], [ 112.202469879000091, -8.325130272999957, 0.0 ], [ 112.20245791100001, -8.325143347999926, 0.0 ], [ 112.202441391000093, -8.325161393999963, 0.0 ], [ 112.202421859000083, -8.325179310999943, 0.0 ], [ 112.202397476000101, -8.325206824999952, 0.0 ], [ 112.202387417000068, -8.325219428999958, 0.0 ], [ 112.202380099000038, -8.325228595999931, 0.0 ], [ 112.202377711000054, -8.325232676999974, 0.0 ], [ 112.202377425, -8.325233049999952, 0.0 ], [ 112.202377240000033, -8.32523336, 0.0 ], [ 112.20237028400004, -8.32524495399997, 0.0 ], [ 112.202355608000062, -8.325276797999948, 0.0 ], [ 112.202347921000069, -8.32530090399996, 0.0 ], [ 112.202343626000015, -8.325314366999976, 0.0 ], [ 112.202336500000115, -8.32535102099996, 0.0 ], [ 112.202332137000099, -8.325393647999931, 0.0 ], [ 112.202328925000074, -8.325413529999935, 0.0 ], [ 112.202326138000103, -8.325425960999951, 0.0 ], [ 112.202317795000113, -8.325450266999951, 0.0 ], [ 112.202309730000025, -8.325466221999932, 0.0 ], [ 112.202289417000088, -8.325496118999979, 0.0 ], [ 112.202234797000074, -8.325559349999935, 0.0 ], [ 112.202225651000049, -8.325569938999934, 0.0 ], [ 112.202200825000091, -8.325586973999975, 0.0 ], [ 112.202176841000096, -8.325594968999951, 0.0 ], [ 112.202145195000071, -8.325598425999942, 0.0 ], [ 112.202040508000096, -8.325595256999975, 0.0 ], [ 112.201987680000116, -8.325597926999933, 0.0 ], [ 112.201889729000072, -8.325615110999934, 0.0 ], [ 112.201872113000036, -8.32561820199993, 0.0 ], [ 112.201851217000012, -8.325621867999928, 0.0 ], [ 112.201771651000058, -8.325644797999928, 0.0 ], [ 112.201768261000097, -8.325645773999952, 0.0 ], [ 112.201751611000077, -8.325650572999962, 0.0 ], [ 112.201746097000068, -8.325652160999937, 0.0 ], [ 112.201741158, -8.325651198999935, 0.0 ], [ 112.201739784000097, -8.325650930999927, 0.0 ], [ 112.201733999000112, -8.325649803999966, 0.0 ], [ 112.201729811000064, -8.325648987999955, 0.0 ], [ 112.201717443, -8.325639773999967, 0.0 ], [ 112.201697329000012, -8.325620309999977, 0.0 ], [ 112.201679288000037, -8.325595208999971, 0.0 ], [ 112.201673147000065, -8.325586275999967, 0.0 ], [ 112.201658349000013, -8.32556475399997, 0.0 ], [ 112.201657875000024, -8.325564006999969, 0.0 ], [ 112.201641869000014, -8.32553881299998, 0.0 ], [ 112.201634707000039, -8.325527539999939, 0.0 ], [ 112.201617773000066, -8.325500882999961, 0.0 ], [ 112.201585939000097, -8.325450772999943, 0.0 ], [ 112.201577928, -8.325438163999934, 0.0 ], [ 112.201575608000098, -8.325434512999948, 0.0 ], [ 112.201555557, -8.325402949999955, 0.0 ], [ 112.201521293000042, -8.325340131999951, 0.0 ], [ 112.201487028000088, -8.325292543999979, 0.0 ], [ 112.201454211000055, -8.325265976999958, 0.0 ], [ 112.201425542000038, -8.325259354999957, 0.0 ], [ 112.201400978000038, -8.325264468999933, 0.0 ], [ 112.201386547000084, -8.325273224999933, 0.0 ], [ 112.201370910000037, -8.32529444599993, 0.0 ], [ 112.20136139300007, -8.325326806999954, 0.0 ], [ 112.201346164000029, -8.325385818999962, 0.0 ], [ 112.201345180000089, -8.325398104999977, 0.0 ], [ 112.20133557600002, -8.32544484899995, 0.0 ], [ 112.201311900000064, -8.325484801999949, 0.0 ], [ 112.201259719000063, -8.325555121999969, 0.0 ], [ 112.201225932000057, -8.325638907999974, 0.0 ], [ 112.201179073000048, -8.325755112999957, 0.0 ], [ 112.201154353000106, -8.32579815899993, 0.0 ], [ 112.201133187000096, -8.325820351999937, 0.0 ], [ 112.201121543000113, -8.325829348999946, 0.0 ], [ 112.201087585000096, -8.325851986999965, 0.0 ], [ 112.201065353000104, -8.325862098999949, 0.0 ], [ 112.201012080000055, -8.325879820999944, 0.0 ], [ 112.2009921, -8.32588455399997, 0.0 ], [ 112.200925029000018, -8.325897967999936, 0.0 ], [ 112.200876476000076, -8.32590358799996, 0.0 ], [ 112.200826489000065, -8.32590358899995, 0.0 ], [ 112.20077784700004, -8.325896434999947, 0.0 ], [ 112.2007494610001, -8.325885649999975, 0.0 ], [ 112.20073465300004, -8.32587551599994, 0.0 ], [ 112.20072196000001, -8.325855673999968, 0.0 ], [ 112.200717986000086, -8.325840770999946, 0.0 ], [ 112.200717985000097, -8.325836511999967, 0.0 ], [ 112.200716929, -8.325818203999972, 0.0 ], [ 112.200716761000081, -8.325815309999939, 0.0 ], [ 112.20071620300007, -8.325805652999975, 0.0 ], [ 112.200717338000118, -8.325796638999975, 0.0 ], [ 112.200717835000091, -8.325792692999926, 0.0 ], [ 112.200719921000086, -8.325776125999937, 0.0 ], [ 112.200723038000092, -8.325757479999936, 0.0 ], [ 112.20072492700001, -8.325746184999957, 0.0 ], [ 112.20072549300005, -8.325730440999962, 0.0 ], [ 112.200722211000084, -8.325703109999949, 0.0 ], [ 112.200721398000042, -8.325696329999971, 0.0 ], [ 112.200706865000029, -8.325575274999949, 0.0 ], [ 112.20069891300011, -8.325509033999936, 0.0 ], [ 112.200698856000031, -8.32549944799996, 0.0 ], [ 112.20070023400001, -8.325490557999956, 0.0 ], [ 112.200700250000068, -8.32549045899998, 0.0 ], [ 112.200705005000032, -8.325481769999953, 0.0 ], [ 112.20070992300009, -8.325474867999958, 0.0 ], [ 112.200718615000028, -8.325470210999981, 0.0 ], [ 112.200740829000097, -8.325463862999925, 0.0 ], [ 112.200767479000092, -8.325450538999974, 0.0 ], [ 112.200778901000035, -8.325433406999935, 0.0 ], [ 112.200784610000028, -8.325383913999929, 0.0 ], [ 112.200797935000082, -8.325347745999977, 0.0 ], [ 112.200824586000067, -8.325305868999976, 0.0 ], [ 112.200826354000014, -8.325296441999967, 0.0 ], [ 112.200819360000082, -8.325243154999953, 0.0 ], [ 112.200820521000082, -8.325221158999966, 0.0 ], [ 112.200820767000096, -8.325216503999968, 0.0 ], [ 112.20082113300009, -8.325209567999934, 0.0 ], [ 112.200821685000051, -8.325206226999967, 0.0 ], [ 112.200822517, -8.325201187999937, 0.0 ], [ 112.200823635, -8.325197757999945, 0.0 ], [ 112.200827570000115, -8.325185687999976, 0.0 ], [ 112.200828888000046, -8.325181642999951, 0.0 ], [ 112.200830671000062, -8.325178151999978, 0.0 ], [ 112.200833930000044, -8.325171773999955, 0.0 ], [ 112.200842622000096, -8.325159115999952, 0.0 ], [ 112.200843621000104, -8.325155185999961, 0.0 ], [ 112.200843621000104, -8.325149775999932, 0.0 ], [ 112.20083437400001, -8.325134979999973, 0.0 ], [ 112.20083162100002, -8.325132617999941, 0.0 ], [ 112.200829448000036, -8.325130752999939, 0.0 ], [ 112.200822697000035, -8.325124961999961, 0.0 ], [ 112.20081721400004, -8.325120258999959, 0.0 ], [ 112.200802687000078, -8.325110365999933, 0.0 ], [ 112.200798669000051, -8.325107628999945, 0.0 ], [ 112.200786302000097, -8.325099203999969, 0.0 ], [ 112.200772065000024, -8.325089506999973, 0.0 ], [ 112.20076636500005, -8.325083995999933, 0.0 ], [ 112.200759818000051, -8.325075210999955, 0.0 ], [ 112.20075772000007, -8.325069950999932, 0.0 ], [ 112.200756046000038, -8.325065758999926, 0.0 ], [ 112.200755067000046, -8.325058578999972, 0.0 ], [ 112.200754455000038, -8.325054095999974, 0.0 ], [ 112.20075225100004, -8.325029849999964, 0.0 ], [ 112.200745159, -8.324969704999944, 0.0 ], [ 112.200730848000035, -8.32475285299995, 0.0 ], [ 112.200730185000111, -8.324738030999981, 0.0 ], [ 112.200723103000087, -8.324699627999962, 0.0 ], [ 112.20071925700006, -8.324687609999955, 0.0 ], [ 112.200705869000103, -8.324670028999947, 0.0 ], [ 112.200690030000032, -8.324658150999937, 0.0 ], [ 112.2006557630001, -8.324640579999937, 0.0 ], [ 112.200645812000062, -8.324636751999947, 0.0 ], [ 112.200598001000117, -8.324625405999939, 0.0 ], [ 112.200579026000014, -8.324622486999942, 0.0 ], [ 112.200539051000078, -8.324616775999971, 0.0 ], [ 112.200517654, -8.324616775999971, 0.0 ], [ 112.200487638000027, -8.324621223999941, 0.0 ], [ 112.200280763000023, -8.32468346099995, 0.0 ], [ 112.200237261000098, -8.32468866399995, 0.0 ], [ 112.200193106000029, -8.32468782899997, 0.0 ], [ 112.200106519000087, -8.32467410299995, 0.0 ], [ 112.200092393000091, -8.324673313999938, 0.0 ], [ 112.200078386000087, -8.324675786999933, 0.0 ], [ 112.20005444100002, -8.324689649999925, 0.0 ], [ 112.200047580000046, -8.324699822999946, 0.0 ], [ 112.200036244000103, -8.324727195999969, 0.0 ], [ 112.200029726000025, -8.324752955999941, 0.0 ], [ 112.200027510000041, -8.324762102999955, 0.0 ], [ 112.199996659000021, -8.324889412999937, 0.0 ], [ 112.199993708000079, -8.324949201999971, 0.0 ], [ 112.200020677000111, -8.325106043999938, 0.0 ], [ 112.200023321000117, -8.325124625999933, 0.0 ], [ 112.200024790000043, -8.325134953999964, 0.0 ], [ 112.200025092000033, -8.325147450999964, 0.0 ], [ 112.200026692000051, -8.32516465599997, 0.0 ], [ 112.200029456000038, -8.325197741999943, 0.0 ], [ 112.200029092000023, -8.325220153999965, 0.0 ], [ 112.200027054000088, -8.325233745999981, 0.0 ], [ 112.200022988000114, -8.32524517, 0.0 ], [ 112.200020569000117, -8.325251967999975, 0.0 ], [ 112.2000157330001, -8.325260721999939, 0.0 ], [ 112.200009941000076, -8.325265478999938, 0.0 ], [ 112.199998117000064, -8.325272378999955, 0.0 ], [ 112.199987301000078, -8.32527753599993, 0.0 ], [ 112.199970971000084, -8.325283034999927, 0.0 ], [ 112.199953361000098, -8.325288966999949, 0.0 ], [ 112.199937879000117, -8.325294380999935, 0.0 ], [ 112.199924554000063, -8.325298667999959, 0.0 ], [ 112.199905655000066, -8.32530503199996, 0.0 ], [ 112.19989625200003, -8.325308199999938, 0.0 ], [ 112.199887883000088, -8.325308652999979, 0.0 ], [ 112.199875724000094, -8.325309308999977, 0.0 ], [ 112.199873235000041, -8.325308951999943, 0.0 ], [ 112.199859272000026, -8.325306950999959, 0.0 ], [ 112.199840783000013, -8.325302010999962, 0.0 ], [ 112.199830923000036, -8.325298251999925, 0.0 ], [ 112.199767543, -8.325278751999974, 0.0 ], [ 112.199748585000066, -8.325276033999955, 0.0 ], [ 112.199726677000058, -8.325277718999928, 0.0 ], [ 112.19971466700008, -8.325282562999973, 0.0 ], [ 112.19970572200009, -8.325288818999979, 0.0 ], [ 112.199694719000036, -8.325300596999966, 0.0 ], [ 112.199687592000032, -8.325312817999929, 0.0 ], [ 112.199682111000016, -8.325328577999926, 0.0 ], [ 112.199682605000021, -8.325345317999961, 0.0 ], [ 112.199684539000032, -8.325353129999939, 0.0 ], [ 112.199688017000085, -8.32535947599996, 0.0 ], [ 112.199691303, -8.325365476999934, 0.0 ], [ 112.199700765000102, -8.325378666999939, 0.0 ], [ 112.199714513000117, -8.325397829999929, 0.0 ], [ 112.199731860000043, -8.325420458999929, 0.0 ], [ 112.199734094000064, -8.325423876999935, 0.0 ], [ 112.199744398, -8.325444742999935, 0.0 ], [ 112.199746330000039, -8.325452409999968, 0.0 ], [ 112.199749825000026, -8.325466283999958, 0.0 ], [ 112.199750693000055, -8.325469725999938, 0.0 ], [ 112.199754017000032, -8.325494810999942, 0.0 ], [ 112.199754484000096, -8.325498330999949, 0.0 ], [ 112.199756234, -8.325517110999954, 0.0 ], [ 112.199756859000104, -8.325523818999955, 0.0 ], [ 112.199758663000011, -8.32554317599994, 0.0 ], [ 112.199759473000086, -8.325551877999942, 0.0 ], [ 112.199760132000051, -8.325573403999954, 0.0 ], [ 112.199760940000033, -8.325599853999961, 0.0 ], [ 112.199762042000089, -8.325635869999928, 0.0 ], [ 112.199761069000033, -8.325650579999945, 0.0 ], [ 112.199758300000099, -8.325675501999967, 0.0 ], [ 112.199757574000046, -8.32568202899995, 0.0 ], [ 112.199755363, -8.325694780999982, 0.0 ], [ 112.199749485000098, -8.325720221999973, 0.0 ], [ 112.199737749000064, -8.325752976999979, 0.0 ], [ 112.199736801000086, -8.325759493999954, 0.0 ], [ 112.199737245000051, -8.32576632699994, 0.0 ], [ 112.199739514000044, -8.325776515999962, 0.0 ], [ 112.199749940000061, -8.325792366999963, 0.0 ], [ 112.199754934000111, -8.325800847999972, 0.0 ], [ 112.199833709000018, -8.325934616999973, 0.0 ], [ 112.199838051000029, -8.325941989999933, 0.0 ], [ 112.199886056000082, -8.326023508999981, 0.0 ], [ 112.199888398000098, -8.326028894999979, 0.0 ], [ 112.199893168000017, -8.326039865999974, 0.0 ], [ 112.199897135000015, -8.326072011999941, 0.0 ], [ 112.199896285000023, -8.326077763999933, 0.0 ], [ 112.199895513000115, -8.326082991999954, 0.0 ], [ 112.199889056000075, -8.32609531099996, 0.0 ], [ 112.199884611000016, -8.326099841999962, 0.0 ], [ 112.199874880000039, -8.326107139999976, 0.0 ], [ 112.199867717000075, -8.326108666999971, 0.0 ], [ 112.199862680000024, -8.326108322999971, 0.0 ], [ 112.199852751000094, -8.326107642999943, 0.0 ], [ 112.199846051, -8.326105147999954, 0.0 ], [ 112.199841190000029, -8.326105610999946, 0.0 ], [ 112.199833332000026, -8.326106358999937, 0.0 ], [ 112.199828057000104, -8.326115853999966, 0.0 ], [ 112.199825023000017, -8.326126970999951, 0.0 ], [ 112.199816530000021, -8.326158969999938, 0.0 ], [ 112.1998133190001, -8.326172321999934, 0.0 ], [ 112.199811932000102, -8.326178087999949, 0.0 ], [ 112.199810410000055, -8.326184415999933, 0.0 ], [ 112.199807060000012, -8.32619834299993, 0.0 ], [ 112.199805275000017, -8.326205762999962, 0.0 ], [ 112.199800829000083, -8.326217321999934, 0.0 ], [ 112.19980001600004, -8.326219436999963, 0.0 ], [ 112.199797247000106, -8.326223847999927, 0.0 ], [ 112.199793001000103, -8.326230611999961, 0.0 ], [ 112.199773283000013, -8.326241047999929, 0.0 ], [ 112.199696714000083, -8.326256503999957, 0.0 ], [ 112.199599965000061, -8.326314089999926, 0.0 ], [ 112.199566675000028, -8.326348240999948, 0.0 ], [ 112.199558803000059, -8.326365740999961, 0.0 ], [ 112.199521441000115, -8.326503740999954, 0.0 ], [ 112.199519423000083, -8.326511597999968, 0.0 ], [ 112.199516710000012, -8.326524768999946, 0.0 ], [ 112.199516446000075, -8.326526045999969, 0.0 ], [ 112.199515920000067, -8.32652696599996, 0.0 ], [ 112.199508579000053, -8.326539817999958, 0.0 ], [ 112.199487670000053, -8.326555388999964, 0.0 ], [ 112.199443130000077, -8.326578237999968, 0.0 ], [ 112.199414815000068, -8.326586026999962, 0.0 ], [ 112.199296021, -8.326590776999979, 0.0 ], [ 112.199197035000111, -8.32659648799995, 0.0 ], [ 112.199167603000092, -8.326597793999952, 0.0 ], [ 112.199085468000021, -8.326588021999953, 0.0 ], [ 112.199059175000116, -8.326575567999953, 0.0 ], [ 112.199025292000101, -8.326543011999945, 0.0 ], [ 112.198918616000014, -8.326364391999959, 0.0 ], [ 112.198869933000083, -8.326293581999948, 0.0 ], [ 112.198756121000088, -8.326134027999956, 0.0 ], [ 112.19874969600005, -8.32611107699995, 0.0 ], [ 112.198755730000016, -8.325991724999938, 0.0 ], [ 112.198756246000016, -8.325981537999951, 0.0 ], [ 112.198754827000016, -8.325947801999973, 0.0 ], [ 112.198743985000078, -8.325907394999945, 0.0 ], [ 112.198715432000085, -8.325869323999939, 0.0 ], [ 112.19865569600006, -8.325833190999958, 0.0 ], [ 112.198603113000104, -8.32581535099996, 0.0 ], [ 112.198546873000055, -8.325812389999953, 0.0 ], [ 112.198496157000022, -8.325823857999978, 0.0 ], [ 112.198476360000086, -8.325833755999952, 0.0 ], [ 112.19845508700007, -8.325859359999981, 0.0 ], [ 112.198432945000036, -8.325898165999945, 0.0 ], [ 112.198412397000084, -8.325958840999931, 0.0 ], [ 112.198300414000073, -8.326289523999947, 0.0 ], [ 112.198293181000054, -8.326310498999931, 0.0 ], [ 112.198284497000031, -8.326325507999968, 0.0 ], [ 112.198272705000022, -8.326345436999929, 0.0 ], [ 112.19827142500003, -8.326347315999953, 0.0 ], [ 112.198270726000032, -8.326348339999981, 0.0 ], [ 112.198268668000082, -8.326351358999943, 0.0 ], [ 112.198213506000116, -8.32643225299995, 0.0 ], [ 112.198202740000056, -8.326448041999981, 0.0 ], [ 112.198173793000024, -8.326490492999937, 0.0 ], [ 112.198165574000086, -8.326502544999926, 0.0 ], [ 112.198132699000098, -8.32655075699995, 0.0 ], [ 112.198125477000076, -8.32655927899998, 0.0 ], [ 112.198120466000091, -8.326565191999975, 0.0 ], [ 112.198084519000076, -8.326607616999979, 0.0 ], [ 112.198046202000114, -8.32663518499993, 0.0 ], [ 112.198017216000039, -8.32664833299998, 0.0 ], [ 112.197973474000037, -8.326662587999976, 0.0 ], [ 112.197949389000087, -8.326665726999977, 0.0 ], [ 112.197898036000083, -8.326665564999928, 0.0 ], [ 112.197866862000069, -8.326662222999971, 0.0 ], [ 112.197834079000017, -8.326653593999936, 0.0 ], [ 112.197758846000056, -8.326625448999948, 0.0 ], [ 112.197740550000049, -8.326622720999978, 0.0 ], [ 112.197722009000017, -8.326624760999948, 0.0 ], [ 112.197686134000037, -8.32663441699998, 0.0 ], [ 112.197632490000046, -8.326645782999947, 0.0 ], [ 112.197615358, -8.326645783999936, 0.0 ], [ 112.197590222000031, -8.326641544999973, 0.0 ], [ 112.197582046000093, -8.326637216999927, 0.0 ], [ 112.197468485000059, -8.326537299999927, 0.0 ], [ 112.197443458000066, -8.326518362999934, 0.0 ], [ 112.197367153000073, -8.326460683999926, 0.0 ], [ 112.197331279000082, -8.326433643999962, 0.0 ], [ 112.197301675000062, -8.326406543999951, 0.0 ], [ 112.197131161000016, -8.326215480999963, 0.0 ], [ 112.197028891000059, -8.326076543999932, 0.0 ], [ 112.196992941000076, -8.326036152999961, 0.0 ], [ 112.196971672000018, -8.326019429999974, 0.0 ], [ 112.196936473000051, -8.326000277999981, 0.0 ], [ 112.196908202000031, -8.325990486999956, 0.0 ], [ 112.196878487000049, -8.325989248999974, 0.0 ], [ 112.196847001000037, -8.325990099999956, 0.0 ], [ 112.196689398000103, -8.326017294999929, 0.0 ], [ 112.196663314000034, -8.326018443999942, 0.0 ], [ 112.196638071000052, -8.326014983999926, 0.0 ], [ 112.196590374000039, -8.325988969999969, 0.0 ], [ 112.196337198000037, -8.325801561999981, 0.0 ], [ 112.196296811000025, -8.325773307999953, 0.0 ], [ 112.196269670000106, -8.325762132999955, 0.0 ], [ 112.196228731000019, -8.325750337999978, 0.0 ], [ 112.196218507000026, -8.32574871199995, 0.0 ], [ 112.196171278000065, -8.325741194999978, 0.0 ], [ 112.196120146000112, -8.325737305999951, 0.0 ], [ 112.196077544000104, -8.325735209999948, 0.0 ], [ 112.196048660000088, -8.325733789999958, 0.0 ], [ 112.195965148000028, -8.325738479999927, 0.0 ], [ 112.195906318000084, -8.325752056999931, 0.0 ], [ 112.195808975000091, -8.325783083999966, 0.0 ], [ 112.195803175000037, -8.325785226999926, 0.0 ], [ 112.195795714000042, -8.32578798399993, 0.0 ], [ 112.195746461000113, -8.325806178999926, 0.0 ], [ 112.19572052, -8.325819129999957, 0.0 ], [ 112.195625949000032, -8.325880929999926, 0.0 ], [ 112.195611875000054, -8.325891322999951, 0.0 ], [ 112.195599940000079, -8.325899711999966, 0.0 ], [ 112.195584469000096, -8.325910172999954, 0.0 ], [ 112.195569109000076, -8.325921000999926, 0.0 ], [ 112.195555373000047, -8.32593116399994, 0.0 ], [ 112.195546292000017, -8.325937883999927, 0.0 ], [ 112.195521535000012, -8.32596093899997, 0.0 ], [ 112.195513003000087, -8.325968884999952, 0.0 ], [ 112.195512397000016, -8.325969793999946, 0.0 ], [ 112.195511264000061, -8.325970892999976, 0.0 ], [ 112.195504139000036, -8.325982180999972, 0.0 ], [ 112.195499489000099, -8.325989156999981, 0.0 ], [ 112.195496882000043, -8.325993066999956, 0.0 ], [ 112.195493705000104, -8.325998916999936, 0.0 ], [ 112.195488294000029, -8.326008879999961, 0.0 ], [ 112.195485104000113, -8.326015427999948, 0.0 ], [ 112.195483559000081, -8.326018598999951, 0.0 ], [ 112.195476707000012, -8.326032661999932, 0.0 ], [ 112.195467396000026, -8.326054744999965, 0.0 ], [ 112.195454718000065, -8.326084798999943, 0.0 ], [ 112.195451250000019, -8.326094780999938, 0.0 ], [ 112.195450935000054, -8.326095693999946, 0.0 ], [ 112.195443086000068, -8.326118305999955, 0.0 ], [ 112.195439796000073, -8.32612818299998, 0.0 ], [ 112.195435488000044, -8.326141113999938, 0.0 ], [ 112.19543322200002, -8.326147914999979, 0.0 ], [ 112.195430306000048, -8.326154622999979, 0.0 ], [ 112.195425372000045, -8.326160287999926, 0.0 ], [ 112.195419721, -8.326164134999942, 0.0 ], [ 112.195412431000022, -8.326169096999934, 0.0 ], [ 112.195380473000114, -8.326180157999943, 0.0 ], [ 112.195357905000037, -8.326187119999929, 0.0 ], [ 112.195348367000065, -8.326189984999928, 0.0 ], [ 112.195341405000022, -8.326192076999973, 0.0 ], [ 112.195337625000093, -8.326192301999981, 0.0 ], [ 112.195332833000066, -8.326192584999944, 0.0 ], [ 112.195326948000115, -8.326190409999981, 0.0 ], [ 112.195323020000046, -8.326185726999938, 0.0 ], [ 112.195320046, -8.326182179999932, 0.0 ], [ 112.195318211000085, -8.326175474999957, 0.0 ], [ 112.195315657000037, -8.326166280999928, 0.0 ], [ 112.195313755000029, -8.326116787999979, 0.0 ], [ 112.195311851000042, -8.326061583999945, 0.0 ], [ 112.195296623000104, -8.326029223999967, 0.0 ], [ 112.195268068000019, -8.326023512999939, 0.0 ], [ 112.195211914000083, -8.326039216999959, 0.0 ], [ 112.1951762220001, -8.326015422999944, 0.0 ], [ 112.195140529000014, -8.325974971999926, 0.0 ], [ 112.195100079000099, -8.325932140999953, 0.0 ], [ 112.19505249000008, -8.325901208999937, 0.0 ], [ 112.194997761000081, -8.325889311999958, 0.0 ], [ 112.194964450000043, -8.325913104999927, 0.0 ], [ 112.194933517000095, -8.325946418999933, 0.0 ], [ 112.194931137000026, -8.32599162799994, 0.0 ], [ 112.194914481000069, -8.326055873999962, 0.0 ], [ 112.194893065000088, -8.326124878999963, 0.0 ], [ 112.19487641, -8.326191502999961, 0.0 ], [ 112.194844577000026, -8.326297607999948, 0.0 ], [ 112.194838956000012, -8.326317546999974, 0.0 ], [ 112.194837828, -8.326320106999958, 0.0 ], [ 112.194836775000113, -8.326325155999939, 0.0 ], [ 112.194835487000091, -8.326331345999961, 0.0 ], [ 112.194834947000118, -8.326336628999968, 0.0 ], [ 112.194834151, -8.326344411999969, 0.0 ], [ 112.194833579000033, -8.326350016999982, 0.0 ], [ 112.194833579000033, -8.326352236999981, 0.0 ], [ 112.194833579000033, -8.32638392399997, 0.0 ], [ 112.194833579000033, -8.326387451999949, 0.0 ], [ 112.194834955000033, -8.326396267999939, 0.0 ], [ 112.194836977000023, -8.326406118999955, 0.0 ], [ 112.194838282000092, -8.326412482999956, 0.0 ], [ 112.194862172000057, -8.326465222999957, 0.0 ], [ 112.194889106, -8.326524683999935, 0.0 ], [ 112.194892807000087, -8.326533838999978, 0.0 ], [ 112.194893518000072, -8.326540201999933, 0.0 ], [ 112.194893889000014, -8.326543526999956, 0.0 ], [ 112.194892758000037, -8.326557401999935, 0.0 ], [ 112.194888337000066, -8.326568689999931, 0.0 ], [ 112.194882331000031, -8.326577390999944, 0.0 ], [ 112.19488229000001, -8.326577450999935, 0.0 ], [ 112.194882250000092, -8.326577509999936, 0.0 ], [ 112.194871729000056, -8.326592751999954, 0.0 ], [ 112.194860820000031, -8.326619551999954, 0.0 ], [ 112.194857374000094, -8.326631710999948, 0.0 ], [ 112.19485, -8.326657730999955, 0.0 ], [ 112.194839295000065, -8.326695505999965, 0.0 ], [ 112.194819122000013, -8.326726870999948, 0.0 ], [ 112.194788067000104, -8.326754600999948, 0.0 ], [ 112.194753136000031, -8.326770737999937, 0.0 ], [ 112.194728514000076, -8.326773722999974, 0.0 ], [ 112.19467295000004, -8.326768643999969, 0.0 ], [ 112.194630708000091, -8.326756994999926, 0.0 ], [ 112.194603075000032, -8.326740751999978, 0.0 ], [ 112.194548877000102, -8.326682375999951, 0.0 ], [ 112.194518696000046, -8.326646038999968, 0.0 ], [ 112.194473255000048, -8.326602246999926, 0.0 ], [ 112.194162881000011, -8.326376422999942, 0.0 ], [ 112.194150060000084, -8.326368460999959, 0.0 ], [ 112.194110596000087, -8.326341216999936, 0.0 ], [ 112.194094389000043, -8.326329665999936, 0.0 ], [ 112.194084119000081, -8.326310060999958, 0.0 ], [ 112.194083016000036, -8.326285264999967, 0.0 ], [ 112.194097878000093, -8.326185764999934, 0.0 ], [ 112.194099208000011, -8.326153580999971, 0.0 ], [ 112.194097590000069, -8.326134379999928, 0.0 ], [ 112.194088914000076, -8.32609888099995, 0.0 ], [ 112.194060801000091, -8.32596227099998, 0.0 ], [ 112.194046244000106, -8.325668347999965, 0.0 ], [ 112.194039712000063, -8.325536439999951, 0.0 ], [ 112.19403925000006, -8.325527121999926, 0.0 ], [ 112.194039990000078, -8.325503086999959, 0.0 ], [ 112.194045549000066, -8.325486718999969, 0.0 ], [ 112.194055275000096, -8.325473346999956, 0.0 ], [ 112.19406983500005, -8.32546212799997, 0.0 ], [ 112.194090438000103, -8.325448947999973, 0.0 ], [ 112.194107984000084, -8.325439637999978, 0.0 ], [ 112.194135749000111, -8.325424904999977, 0.0 ], [ 112.194168147000028, -8.325409859999979, 0.0 ], [ 112.194187052000075, -8.325401080999939, 0.0 ], [ 112.194200202000047, -8.325394545999927, 0.0 ], [ 112.194228090000024, -8.3253828799999, 0.0 ], [ 112.194242960000111, -8.325376620999975, 0.0 ], [ 112.194250467000074, -8.325376100999961, 0.0 ], [ 112.194264946000089, -8.325377608999929, 0.0 ], [ 112.194277776000035, -8.325381465999953, 0.0 ], [ 112.194282472000054, -8.325382877999971, 0.0 ], [ 112.194357283000045, -8.325407366999968, 0.0 ], [ 112.194365343000072, -8.325406398999974, 0.0 ], [ 112.194370351000089, -8.325404898999977, 0.0 ], [ 112.194375040000068, -8.325402710999981, 0.0 ], [ 112.1943800680001, -8.32539701099995, 0.0 ], [ 112.194381922000048, -8.325389202999929, 0.0 ], [ 112.194380050000063, -8.325378563999948, 0.0 ], [ 112.19437786900005, -8.325362804999941, 0.0 ], [ 112.194376749000071, -8.325354713999957, 0.0 ], [ 112.194376318000081, -8.325342305999925, 0.0 ], [ 112.19437584700006, -8.325328690999982, 0.0 ], [ 112.194376359000103, -8.325319458999957, 0.0 ], [ 112.194377924000037, -8.325291166999932, 0.0 ], [ 112.194379371000082, -8.325274945999979, 0.0 ], [ 112.194380647000116, -8.325265247999937, 0.0 ], [ 112.194383224000035, -8.325245655999936, 0.0 ], [ 112.194383787000106, -8.325241374999962, 0.0 ], [ 112.194386159000032, -8.32522797799993, 0.0 ], [ 112.194389042000012, -8.325217025999962, 0.0 ], [ 112.194391143000075, -8.325211384999932, 0.0 ], [ 112.194395240000063, -8.32520038399997, 0.0 ], [ 112.19440156600001, -8.325184458999956, 0.0 ], [ 112.194407725000019, -8.325173164999967, 0.0 ], [ 112.194416359000115, -8.325159584999938, 0.0 ], [ 112.194419679000021, -8.325154361999978, 0.0 ], [ 112.194424454000114, -8.325147780999941, 0.0 ], [ 112.194430227000112, -8.325139821999926, 0.0 ], [ 112.194445232000021, -8.325127628999951, 0.0 ], [ 112.194454341000096, -8.325121471999978, 0.0 ], [ 112.194464492000066, -8.325114609999957, 0.0 ], [ 112.194471624000016, -8.325110601999938, 0.0 ], [ 112.194495215000074, -8.325100839999948, 0.0 ], [ 112.194517407000035, -8.325093058999926, 0.0 ], [ 112.194529478000049, -8.325088824999966, 0.0 ], [ 112.194540741000083, -8.325085662999982, 0.0 ], [ 112.194568924, -8.325077749999934, 0.0 ], [ 112.194603158000064, -8.325067976999946, 0.0 ], [ 112.194606989000022, -8.325066871999979, 0.0 ], [ 112.194623013000069, -8.325059830999976, 0.0 ], [ 112.194630780000011, -8.325054327999965, 0.0 ], [ 112.19463883800006, -8.32504862199994, 0.0 ], [ 112.194644218, -8.325041934999945, 0.0 ], [ 112.194646172000034, -8.325035846999981, 0.0 ], [ 112.194646419000037, -8.325024953999957, 0.0 ], [ 112.194644359000108, -8.325016243999926, 0.0 ], [ 112.194633362000104, -8.324972497999966, 0.0 ], [ 112.19462460200009, -8.324940108999954, 0.0 ], [ 112.194611936000115, -8.32489682399995, 0.0 ], [ 112.194602896000106, -8.324858375999952, 0.0 ], [ 112.194598047000113, -8.324839616999952, 0.0 ], [ 112.194593329000099, -8.324825885999928, 0.0 ], [ 112.194589754000049, -8.324815485999977, 0.0 ], [ 112.194583394, -8.32480437199996, 0.0 ], [ 112.194574816000113, -8.324793653999961, 0.0 ], [ 112.194562438000048, -8.324783828999955, 0.0 ], [ 112.194537715000024, -8.324762353999972, 0.0 ], [ 112.19452556300007, -8.324751796999976, 0.0 ], [ 112.194515256000045, -8.324739295999962, 0.0 ], [ 112.194510844000092, -8.324731325999949, 0.0 ], [ 112.194504716000097, -8.324720259999935, 0.0 ], [ 112.194503246000068, -8.324708367999961, 0.0 ], [ 112.194502709000062, -8.324697349999951, 0.0 ], [ 112.194503529000031, -8.324684350999974, 0.0 ], [ 112.1945065110001, -8.324671088999935, 0.0 ], [ 112.194510171000047, -8.324658917999955, 0.0 ], [ 112.194515428000045, -8.324650752999958, 0.0 ], [ 112.194557709000037, -8.32458459399993, 0.0 ], [ 112.194582589000106, -8.324545661999935, 0.0 ], [ 112.194649614000014, -8.324440787999947, 0.0 ], [ 112.194662805, -8.32441800099997, 0.0 ], [ 112.194669548000093, -8.324389681999946, 0.0 ], [ 112.194672250000053, -8.324352094999938, 0.0 ], [ 112.194668646000082, -8.324328670999932, 0.0 ], [ 112.194654074000027, -8.324245443999928, 0.0 ], [ 112.194639408000057, -8.32418118399994, 0.0 ], [ 112.19459271900007, -8.324036235999927, 0.0 ], [ 112.194573447000039, -8.323992014999931, 0.0 ], [ 112.194537636000064, -8.323893244999965, 0.0 ], [ 112.194490846, -8.323715006999976, 0.0 ], [ 112.19448533100001, -8.323673791999965, 0.0 ], [ 112.194486725000047, -8.323597087999929, 0.0 ], [ 112.194504159000076, -8.323366519999979, 0.0 ], [ 112.194511978000037, -8.323282135999932, 0.0 ], [ 112.194508141000028, -8.323271099999943, 0.0 ], [ 112.194497630000114, -8.323257788999967, 0.0 ], [ 112.194482251000068, -8.323248786999955, 0.0 ], [ 112.194442620000018, -8.323236334999933, 0.0 ], [ 112.194431324000107, -8.32323602699995, 0.0 ], [ 112.194416618000105, -8.323242077999964, 0.0 ], [ 112.194408479000117, -8.323250585999972, 0.0 ], [ 112.194181044000061, -8.323687946999939, 0.0 ], [ 112.194153093000068, -8.323755967999944, 0.0 ], [ 112.194147031000057, -8.32377410099997, 0.0 ], [ 112.194124099000078, -8.323842695999929, 0.0 ], [ 112.194105011000033, -8.323865845999933, 0.0 ], [ 112.194087298000113, -8.323873960999947, 0.0 ], [ 112.194007204000059, -8.32388074499994, 0.0 ], [ 112.193662533000065, -8.323909944999969, 0.0 ], [ 112.193638329, -8.323911339999938, 0.0 ], [ 112.19357582400005, -8.323917440999935, 0.0 ], [ 112.193504687000086, -8.32393198099993, 0.0 ], [ 112.193428545000074, -8.323956298999974, 0.0 ], [ 112.193306492000033, -8.324012767999932, 0.0 ], [ 112.193260106000025, -8.324038144999975, 0.0 ], [ 112.193205415000079, -8.324074052999947, 0.0 ], [ 112.193118715000082, -8.324149725999973, 0.0 ], [ 112.192915477000042, -8.324340808999978, 0.0 ], [ 112.192878210000117, -8.324365652999973, 0.0 ], [ 112.192856795000012, -8.324368033999974, 0.0 ], [ 112.192799687000047, -8.324322822999932, 0.0 ], [ 112.192760546000045, -8.32428813699994, 0.0 ], [ 112.192749383000091, -8.324285776999943, 0.0 ], [ 112.192736097000079, -8.324286909999955, 0.0 ], [ 112.192729581000094, -8.324289914999952, 0.0 ], [ 112.192723545000035, -8.324306167999964, 0.0 ], [ 112.1926907080001, -8.324397466999926, 0.0 ], [ 112.1926863220001, -8.324422196999933, 0.0 ], [ 112.192682943000023, -8.3244412499999, 0.0 ], [ 112.192694363000101, -8.324454573999958, 0.0 ], [ 112.192724088000091, -8.324464384999942, 0.0 ], [ 112.192903347000083, -8.324530337999931, 0.0 ], [ 112.192995711000094, -8.324554706999947, 0.0 ], [ 112.193196019000084, -8.324586884999974, 0.0 ], [ 112.193204888000082, -8.324588309999967, 0.0 ], [ 112.193232772000101, -8.324595897999927, 0.0 ], [ 112.19326989700005, -8.324608689999934, 0.0 ], [ 112.19327304300009, -8.324610458999928, 0.0 ], [ 112.193290331000071, -8.324620184999958, 0.0 ], [ 112.193317179000019, -8.324643295999977, 0.0 ], [ 112.193324658000051, -8.324652755999978, 0.0 ], [ 112.193329565000113, -8.324668718999931, 0.0 ], [ 112.193333654000071, -8.324687458999961, 0.0 ], [ 112.193334068000013, -8.324697027999946, 0.0 ], [ 112.193333629000108, -8.324733433999938, 0.0 ], [ 112.193332272000021, -8.324744696999971, 0.0 ], [ 112.193328300000076, -8.324766493999959, 0.0 ], [ 112.193322887000022, -8.324796203999938, 0.0 ], [ 112.193314435000048, -8.324839229999952, 0.0 ], [ 112.193310108000105, -8.324857959999974, 0.0 ], [ 112.193308264000052, -8.324866473999975, 0.0 ], [ 112.193300480000062, -8.32490241499994, 0.0 ], [ 112.193295345000024, -8.324926130999927, 0.0 ], [ 112.193293891000053, -8.324932840999963, 0.0 ], [ 112.193290500000103, -8.324948500999938, 0.0 ], [ 112.193286921000094, -8.324965028999941, 0.0 ], [ 112.193277112000033, -8.325010320999979, 0.0 ], [ 112.193272813000021, -8.325030173999949, 0.0 ], [ 112.193269319000024, -8.325046305999933, 0.0 ], [ 112.193264353000018, -8.32506923699998, 0.0 ], [ 112.193259315000091, -8.325092500999972, 0.0 ], [ 112.193255839000017, -8.325108551999961, 0.0 ], [ 112.193249794000053, -8.325136468999972, 0.0 ], [ 112.193242429000065, -8.325173002999975, 0.0 ], [ 112.193233120000059, -8.325219196999967, 0.0 ], [ 112.193230149000101, -8.325233934999972, 0.0 ], [ 112.193225789000053, -8.325253565999958, 0.0 ], [ 112.19321982800011, -8.325271658999952, 0.0 ], [ 112.193204491000074, -8.325300582999944, 0.0 ], [ 112.193188208000038, -8.325323467999965, 0.0 ], [ 112.193177831000071, -8.325334909999981, 0.0 ], [ 112.193169578000038, -8.325340894999954, 0.0 ], [ 112.193138141000077, -8.325358913999935, 0.0 ], [ 112.193135302000087, -8.325360541999942, 0.0 ], [ 112.193130340000039, -8.325362678999966, 0.0 ], [ 112.193118764000019, -8.325367660999973, 0.0 ], [ 112.193066640000097, -8.325375916999974, 0.0 ], [ 112.193049196000061, -8.32537575899994, 0.0 ], [ 112.19300704200009, -8.325375380999958, 0.0 ], [ 112.192989150000017, -8.325373667999941, 0.0 ], [ 112.192957573000058, -8.325370646999943, 0.0 ], [ 112.192956062, -8.325370340999939, 0.0 ], [ 112.192935860000034, -8.325366247999966, 0.0 ], [ 112.192900250000093, -8.325359037999931, 0.0 ], [ 112.192876992000038, -8.325353088999975, 0.0 ], [ 112.19285995700011, -8.325348733999931, 0.0 ], [ 112.192856235000022, -8.325347446999956, 0.0 ], [ 112.192719462000014, -8.325300136999942, 0.0 ], [ 112.192654328000117, -8.325282920999939, 0.0 ], [ 112.192631672000061, -8.325279714999965, 0.0 ], [ 112.192582818, -8.325282394999931, 0.0 ], [ 112.192540230000077, -8.325290547999941, 0.0 ], [ 112.192518375000077, -8.325287549999928, 0.0 ], [ 112.192438519, -8.325266093999971, 0.0 ], [ 112.192399359000092, -8.325258230999964, 0.0 ], [ 112.192337366000061, -8.325254293999933, 0.0 ], [ 112.192212443000017, -8.325262622999958, 0.0 ], [ 112.19213392100005, -8.325278089999927, 0.0 ], [ 112.192080516000033, -8.325293452999972, 0.0 ], [ 112.192005498000071, -8.325320645999966, 0.0 ], [ 112.191952552000089, -8.325343024999938, 0.0 ], [ 112.191880537000088, -8.325388522999958, 0.0 ], [ 112.19176053000001, -8.325474587999963, 0.0 ], [ 112.19174225200004, -8.325489129999937, 0.0 ], [ 112.191739533000032, -8.325493105999954, 0.0 ], [ 112.191735260000087, -8.325499350999962, 0.0 ], [ 112.191733892000116, -8.3255040499999, 0.0 ], [ 112.191731498000081, -8.325512274999937, 0.0 ], [ 112.191729290000012, -8.325519862999954, 0.0 ], [ 112.191728600000033, -8.325530905999926, 0.0 ], [ 112.19172805900007, -8.325539584999945, 0.0 ], [ 112.191727833000073, -8.325543193999977, 0.0 ], [ 112.191728084000033, -8.325549235999972, 0.0 ], [ 112.191728894000107, -8.325568813999951, 0.0 ], [ 112.191729222000049, -8.325576695999928, 0.0 ], [ 112.191729837000025, -8.325581531999944, 0.0 ], [ 112.191732133000073, -8.325599592999936, 0.0 ], [ 112.191733172000113, -8.32560776899993, 0.0 ], [ 112.191741875000048, -8.325647398999934, 0.0 ], [ 112.191751898, -8.325693045999969, 0.0 ], [ 112.191754574000015, -8.325701037999977, 0.0 ], [ 112.191761519000011, -8.325710484999945, 0.0 ], [ 112.191794098000059, -8.325742311999932, 0.0 ], [ 112.191803348, -8.325751413999967, 0.0 ], [ 112.191806270000029, -8.325754289999963, 0.0 ], [ 112.191810803000067, -8.325759456999947, 0.0 ], [ 112.191813429000035, -8.325762450999946, 0.0 ], [ 112.191816722000112, -8.325766202999944, 0.0 ], [ 112.191821853000079, -8.325772048999966, 0.0 ], [ 112.191825340000037, -8.325778020999962, 0.0 ], [ 112.191827859000114, -8.325783741999942, 0.0 ], [ 112.19183041000008, -8.325791691999939, 0.0 ], [ 112.19183114100008, -8.325793974999954, 0.0 ], [ 112.191832236000096, -8.325803935999943, 0.0 ], [ 112.191832200000022, -8.325815060999957, 0.0 ], [ 112.191831633000106, -8.325827353999955, 0.0 ], [ 112.191829991000077, -8.325837495999963, 0.0 ], [ 112.19182602, -8.325856038999973, 0.0 ], [ 112.19182033300001, -8.325878720999981, 0.0 ], [ 112.191816742000015, -8.325888443999929, 0.0 ], [ 112.191813820000107, -8.325895140999933, 0.0 ], [ 112.191798180000092, -8.325930985999946, 0.0 ], [ 112.191797804000089, -8.325931848999971, 0.0 ], [ 112.191792651000014, -8.325943294999945, 0.0 ], [ 112.191782283000066, -8.325964426999974, 0.0 ], [ 112.19178226400004, -8.32596446499997, 0.0 ], [ 112.191782246000116, -8.325964501999977, 0.0 ], [ 112.19177, -8.32598911599996, 0.0 ], [ 112.191767484000025, -8.32599417299997, 0.0 ], [ 112.191765931000077, -8.325998657999946, 0.0 ], [ 112.191764406000061, -8.326003060999938, 0.0 ], [ 112.191761308000082, -8.326020373999938, 0.0 ], [ 112.191759947000037, -8.32603837299996, 0.0 ], [ 112.191757959000029, -8.326064659999929, 0.0 ], [ 112.191757959000029, -8.32607977899994, 0.0 ], [ 112.191757822000113, -8.326081410999961, 0.0 ], [ 112.191755969000042, -8.326103448999959, 0.0 ], [ 112.191753713000026, -8.326112034999937, 0.0 ], [ 112.191748642000107, -8.326125824999963, 0.0 ], [ 112.191744897000035, -8.326134311999965, 0.0 ], [ 112.191739407000114, -8.326143723999962, 0.0 ], [ 112.191731354000012, -8.326157529999932, 0.0 ], [ 112.191723740000043, -8.32616909799998, 0.0 ], [ 112.191716801000098, -8.326179644999968, 0.0 ], [ 112.191712234000079, -8.326186582999981, 0.0 ], [ 112.191706401000033, -8.326192140999979, 0.0 ], [ 112.191701244000114, -8.326198017999957, 0.0 ], [ 112.191695814000013, -8.326202323999951, 0.0 ], [ 112.19168778300002, -8.326208690999977, 0.0 ], [ 112.191673709000042, -8.326219848999926, 0.0 ], [ 112.191657645000078, -8.326229997999974, 0.0 ], [ 112.191645741000116, -8.326237035999952, 0.0 ], [ 112.191644308000036, -8.326237761999948, 0.0 ], [ 112.191623217000028, -8.326248460999977, 0.0 ], [ 112.191607659000056, -8.326255831999958, 0.0 ], [ 112.191569982000033, -8.326271530999975, 0.0 ], [ 112.191539331000058, -8.326284018999957, 0.0 ], [ 112.191538735000108, -8.326284261999945, 0.0 ], [ 112.191535864000116, -8.326285307999967, 0.0 ], [ 112.191521957000077, -8.326287613999966, 0.0 ], [ 112.191486081000107, -8.326290137999933, 0.0 ], [ 112.191482, -8.326291989999959, 0.0 ], [ 112.191478914000072, -8.326295132999974, 0.0 ], [ 112.191476322000085, -8.326299448999976, 0.0 ], [ 112.191472297000018, -8.326307894999957, 0.0 ], [ 112.191470477000053, -8.326311714999974, 0.0 ], [ 112.19146863900005, -8.326316106999968, 0.0 ], [ 112.191465633, -8.326322398999935, 0.0 ], [ 112.191463287000033, -8.326327310999943, 0.0 ], [ 112.191459438000038, -8.326334225999972, 0.0 ], [ 112.191454105000048, -8.326341407999962, 0.0 ], [ 112.191451997000058, -8.326343495999936, 0.0 ], [ 112.191448531000106, -8.326346927999964, 0.0 ], [ 112.191434973000014, -8.326356687999976, 0.0 ], [ 112.19142272900001, -8.326363243999936, 0.0 ], [ 112.191413997000041, -8.326368039999977, 0.0 ], [ 112.191402404000087, -8.326374405999957, 0.0 ], [ 112.191387177000024, -8.326382771999931, 0.0 ], [ 112.191372648000083, -8.326390749999973, 0.0 ], [ 112.191356480000081, -8.326399630999958, 0.0 ], [ 112.191338759000018, -8.326410424999949, 0.0 ], [ 112.191333900000018, -8.326414110999963, 0.0 ], [ 112.191325716000051, -8.326420323999969, 0.0 ], [ 112.191322658000104, -8.32642264499998, 0.0 ], [ 112.191319160000035, -8.326425977999975, 0.0 ], [ 112.191313705000084, -8.326431171999957, 0.0 ], [ 112.191310322000049, -8.326434393999932, 0.0 ], [ 112.191308208, -8.326437173999977, 0.0 ], [ 112.191299032000074, -8.326449233999938, 0.0 ], [ 112.191298978000077, -8.326449304999926, 0.0 ], [ 112.191297673, -8.326451087999942, 0.0 ], [ 112.191289396000116, -8.326462382999978, 0.0 ], [ 112.191275321000035, -8.326481590999947, 0.0 ], [ 112.191268703000105, -8.326491118999968, 0.0 ], [ 112.191246916000068, -8.326527141999975, 0.0 ], [ 112.191241270000091, -8.32653752799996, 0.0 ], [ 112.191236548, -8.326546211999926, 0.0 ], [ 112.191230155000085, -8.326555884999948, 0.0 ], [ 112.191222266000068, -8.326562896999974, 0.0 ], [ 112.191215839000051, -8.326564982999969, 0.0 ], [ 112.191210621000096, -8.326565965999976, 0.0 ], [ 112.191203502, -8.326566772999968, 0.0 ], [ 112.191192735000072, -8.326558618999968, 0.0 ], [ 112.191178297000079, -8.326539427999933, 0.0 ], [ 112.19116667000003, -8.326523975999976, 0.0 ], [ 112.191163044000064, -8.326522055999931, 0.0 ], [ 112.191151409000099, -8.326521090999961, 0.0 ], [ 112.191142458000058, -8.326521815999968, 0.0 ], [ 112.191051936, -8.326576407999937, 0.0 ], [ 112.191005424000082, -8.326610287999927, 0.0 ], [ 112.190995436000094, -8.326617283999951, 0.0 ], [ 112.190989632000083, -8.326623863999941, 0.0 ], [ 112.190985021000074, -8.326629092999951, 0.0 ], [ 112.190978432000065, -8.326639064999938, 0.0 ], [ 112.190972370000054, -8.32664824099993, 0.0 ], [ 112.190967650000061, -8.326658047999956, 0.0 ], [ 112.190967635000106, -8.326658079999959, 0.0 ], [ 112.190967620000038, -8.326658112999951, 0.0 ], [ 112.190966809000088, -8.326659799999959, 0.0 ], [ 112.1909575950001, -8.326678950999963, 0.0 ], [ 112.190956683000081, -8.326681139999948, 0.0 ], [ 112.190954703000102, -8.326685305999945, 0.0 ], [ 112.190940239000042, -8.326720597999952, 0.0 ], [ 112.190939010000079, -8.326723546999972, 0.0 ], [ 112.190934376000087, -8.326735298999949, 0.0 ], [ 112.190929675, -8.326747221999938, 0.0 ], [ 112.190923763000114, -8.326761680999937, 0.0 ], [ 112.190917360000071, -8.326775637999958, 0.0 ], [ 112.190913011000021, -8.326782768999976, 0.0 ], [ 112.190908382000089, -8.32679036299993, 0.0 ], [ 112.190904569000054, -8.326794174999975, 0.0 ], [ 112.190900698000064, -8.326798045999965, 0.0 ], [ 112.190898621000088, -8.326800122999941, 0.0 ], [ 112.19089340000005, -8.326804375999927, 0.0 ], [ 112.190886373000012, -8.326808909999954, 0.0 ], [ 112.190879862000088, -8.326812262999965, 0.0 ], [ 112.190869133000092, -8.326816944999962, 0.0 ], [ 112.190857311000059, -8.326819676999946, 0.0 ], [ 112.190850982000029, -8.326820748999978, 0.0 ], [ 112.190841468000031, -8.326822134999929, 0.0 ], [ 112.190829014000087, -8.326823113999978, 0.0 ], [ 112.190823052000042, -8.326823161999926, 0.0 ], [ 112.190820526000039, -8.326823180999952, 0.0 ], [ 112.190814682000109, -8.326823931999968, 0.0 ], [ 112.190809445000014, -8.326824602999977, 0.0 ], [ 112.190801843000031, -8.326827366999964, 0.0 ], [ 112.190794628000049, -8.326832185999933, 0.0 ], [ 112.190792007000027, -8.326833940999961, 0.0 ], [ 112.19078373900004, -8.326841195999975, 0.0 ], [ 112.190765604000035, -8.326857115999928, 0.0 ], [ 112.190759411000045, -8.326862551999966, 0.0 ], [ 112.190747407000117, -8.326873434999925, 0.0 ], [ 112.190734647000113, -8.326885002999973, 0.0 ], [ 112.190727726000091, -8.326891275999969, 0.0 ], [ 112.190717933000087, -8.326902944999972, 0.0 ], [ 112.190712673, -8.326909211999975, 0.0 ], [ 112.190710903000081, -8.326913062999949, 0.0 ], [ 112.190707182000097, -8.326921152999944, 0.0 ], [ 112.19070631000011, -8.326926121999975, 0.0 ], [ 112.19070573800002, -8.326929381999946, 0.0 ], [ 112.190703183000096, -8.326943933999928, 0.0 ], [ 112.190700520000064, -8.326964702999931, 0.0 ], [ 112.190699790000053, -8.326970407999966, 0.0 ], [ 112.190697815000021, -8.326976500999933, 0.0 ], [ 112.1906950770001, -8.326979277999953, 0.0 ], [ 112.190691750000042, -8.326980061999961, 0.0 ], [ 112.190685722000012, -8.326980138999943, 0.0 ], [ 112.190674567000087, -8.326977983999939, 0.0 ], [ 112.190662063000104, -8.326974534999977, 0.0 ], [ 112.19065463600009, -8.326972321999961, 0.0 ], [ 112.190646272000095, -8.32696982799996, 0.0 ], [ 112.190640958000017, -8.326968244999932, 0.0 ], [ 112.190631462000056, -8.32696630099997, 0.0 ], [ 112.190624240000034, -8.32696548499996, 0.0 ], [ 112.190620161000083, -8.326966243999948, 0.0 ], [ 112.190610198000059, -8.326968096999963, 0.0 ], [ 112.190605998000024, -8.326970261999975, 0.0 ], [ 112.190601339000068, -8.326972663999982, 0.0 ], [ 112.190594695000073, -8.326977644999943, 0.0 ], [ 112.190591396000059, -8.326982772999941, 0.0 ], [ 112.190590154, -8.326984709999977, 0.0 ], [ 112.190586343000064, -8.326990657999943, 0.0 ], [ 112.190581219000023, -8.326997426999981, 0.0 ], [ 112.190580069000021, -8.326998789999948, 0.0 ], [ 112.190575152000065, -8.327003336999951, 0.0 ], [ 112.190569770000025, -8.327007140999967, 0.0 ], [ 112.190563829000098, -8.327011337999977, 0.0 ], [ 112.19055584900002, -8.327015636999931, 0.0 ], [ 112.190548426000078, -8.327018321999958, 0.0 ], [ 112.19054334100008, -8.32702016199994, 0.0 ], [ 112.190537819000042, -8.327021603999981, 0.0 ], [ 112.190533391000031, -8.327022303999968, 0.0 ], [ 112.190523528000085, -8.327023058999941, 0.0 ], [ 112.190513897000073, -8.327022324999973, 0.0 ], [ 112.190505870000038, -8.327021714999944, 0.0 ], [ 112.190497319000087, -8.327019805999953, 0.0 ], [ 112.190491076000058, -8.32701704699997, 0.0 ], [ 112.190486959000054, -8.327014289999966, 0.0 ], [ 112.190482075000091, -8.327011016999961, 0.0 ], [ 112.19047721700008, -8.327005401999941, 0.0 ], [ 112.190473079000071, -8.327000618999932, 0.0 ], [ 112.190472341000032, -8.326999765999972, 0.0 ], [ 112.190469868000037, -8.326994902999957, 0.0 ], [ 112.190467615000102, -8.326990473999956, 0.0 ], [ 112.190465873000107, -8.326976143999957, 0.0 ], [ 112.190468536000026, -8.326964281999949, 0.0 ], [ 112.190474714000061, -8.326950744999976, 0.0 ], [ 112.190481582000075, -8.326940583999942, 0.0 ], [ 112.190490712000042, -8.326929006999933, 0.0 ], [ 112.190497154000013, -8.326920838999968, 0.0 ], [ 112.190514771000039, -8.32690329899998, 0.0 ], [ 112.190521698000111, -8.326896119999958, 0.0 ], [ 112.190536894000047, -8.326880367999934, 0.0 ], [ 112.190553723000107, -8.326862925999933, 0.0 ], [ 112.190565442000093, -8.326850382999964, 0.0 ], [ 112.190568444000064, -8.32684717099994, 0.0 ], [ 112.190570047000051, -8.326845161999927, 0.0 ], [ 112.190590986000075, -8.326818923999951, 0.0 ], [ 112.190607273000069, -8.326798047999944, 0.0 ], [ 112.190620106000097, -8.326781596999979, 0.0 ], [ 112.19062018000011, -8.326781497999946, 0.0 ], [ 112.190620256000102, -8.326781394999955, 0.0 ], [ 112.190630498000019, -8.326766878999933, 0.0 ], [ 112.190644267000039, -8.326747370999954, 0.0 ], [ 112.190661028000022, -8.326723626999978, 0.0 ], [ 112.190693463000116, -8.326682111999958, 0.0 ], [ 112.190720514000077, -8.326647484999967, 0.0 ], [ 112.190787139, -8.326585617999967, 0.0 ], [ 112.190835978000109, -8.32653821599996, 0.0 ], [ 112.190868040000055, -8.326507096999933, 0.0 ], [ 112.190888862000065, -8.326489248999962, 0.0 ], [ 112.190914715000076, -8.326465311999925, 0.0 ], [ 112.190933468000026, -8.326448524999932, 0.0 ], [ 112.190961692000087, -8.326422944999933, 0.0 ], [ 112.19099871200001, -8.326389393999932, 0.0 ], [ 112.191044807000026, -8.326346828999931, 0.0 ], [ 112.191078716000106, -8.32631551299994, 0.0 ], [ 112.191085435000105, -8.326308868999945, 0.0 ], [ 112.191115303000061, -8.326279325999963, 0.0 ], [ 112.191146153000091, -8.326245545999939, 0.0 ], [ 112.191196578000017, -8.326181512999938, 0.0 ], [ 112.19121064300009, -8.326157491999936, 0.0 ], [ 112.19122182600006, -8.326136095999971, 0.0 ], [ 112.191225714000097, -8.326117282999974, 0.0 ], [ 112.191227362000063, -8.326109309999936, 0.0 ], [ 112.191229096000029, -8.32606730699996, 0.0 ], [ 112.191236532000062, -8.326046645999952, 0.0 ], [ 112.191239481000025, -8.32603845899996, 0.0 ], [ 112.191262694000102, -8.325999277999927, 0.0 ], [ 112.191281226000115, -8.325976537999964, 0.0 ], [ 112.191282030000025, -8.325975467999967, 0.0 ], [ 112.191297672000019, -8.325956191999978, 0.0 ], [ 112.19132077900008, -8.325927717999946, 0.0 ], [ 112.191329167000049, -8.325917319999974, 0.0 ], [ 112.191332036000063, -8.325913600999968, 0.0 ], [ 112.191336266, -8.325908114999947, 0.0 ], [ 112.191364387000021, -8.325870072999976, 0.0 ], [ 112.191381860000092, -8.325841615999934, 0.0 ], [ 112.191386764000072, -8.325828949999959, 0.0 ], [ 112.19140470800005, -8.325775413999963, 0.0 ], [ 112.191409019000048, -8.325756953999928, 0.0 ], [ 112.191428925000082, -8.325670181999953, 0.0 ], [ 112.191458453000109, -8.32554147299993, 0.0 ], [ 112.191478707000101, -8.325453182999979, 0.0 ], [ 112.191480921000107, -8.325443793999966, 0.0 ], [ 112.191480872000056, -8.325435960999926, 0.0 ], [ 112.191480813000112, -8.325426554999979, 0.0 ], [ 112.191479360000017, -8.325421399999925, 0.0 ], [ 112.191477833000022, -8.32541598499995, 0.0 ], [ 112.191475830000059, -8.325408877999962, 0.0 ], [ 112.191470669000068, -8.325400602999935, 0.0 ], [ 112.191467937000084, -8.325396222999927, 0.0 ], [ 112.191458303000104, -8.325386305999928, 0.0 ], [ 112.191452803000061, -8.32538322299996, 0.0 ], [ 112.191441359, -8.325376808999977, 0.0 ], [ 112.191376921000028, -8.325359324999965, 0.0 ], [ 112.191342379000048, -8.325353628999949, 0.0 ], [ 112.191310664000071, -8.325349131999928, 0.0 ], [ 112.191274065000016, -8.325343481999937, 0.0 ], [ 112.191265274000102, -8.325341912999932, 0.0 ], [ 112.191148336000083, -8.325321039999949, 0.0 ], [ 112.19106685600002, -8.325301949999925, 0.0 ], [ 112.190992513000083, -8.325279381999962, 0.0 ], [ 112.190979151000079, -8.325275326999929, 0.0 ], [ 112.190920649000077, -8.325244617999942, 0.0 ], [ 112.190908267000054, -8.325242854999942, 0.0 ], [ 112.190853506000053, -8.325250289999929, 0.0 ], [ 112.190839910000022, -8.325250736999976, 0.0 ], [ 112.190819945000044, -8.325251394999952, 0.0 ], [ 112.190802641, -8.325250085999926, 0.0 ], [ 112.190782480000053, -8.325246322999931, 0.0 ], [ 112.190771691, -8.325244307999981, 0.0 ], [ 112.190755246000094, -8.325239561999979, 0.0 ], [ 112.190716228000042, -8.325228300999981, 0.0 ], [ 112.190704640000035, -8.325223841999957, 0.0 ], [ 112.190686458000073, -8.325214466999967, 0.0 ], [ 112.190655406000019, -8.325188816999969, 0.0 ], [ 112.190638999000043, -8.325182059999975, 0.0 ], [ 112.190460795000035, -8.325169984999945, 0.0 ], [ 112.190419269000017, -8.325159032999977, 0.0 ], [ 112.190402703000018, -8.325148565999939, 0.0 ], [ 112.190354809000041, -8.325091147999956, 0.0 ], [ 112.190314412000021, -8.325036206999926, 0.0 ], [ 112.190312014000028, -8.325032148999981, 0.0 ], [ 112.190310384000099, -8.325029392999966, 0.0 ], [ 112.190267553000012, -8.324967525999966, 0.0 ], [ 112.190241988000025, -8.324946753999939, 0.0 ], [ 112.190136761000076, -8.32485335399997, 0.0 ], [ 112.190101609000067, -8.324809184999935, 0.0 ], [ 112.190073474000087, -8.324757501999954, 0.0 ], [ 112.19006278300003, -8.324640186999943, 0.0 ], [ 112.190043884000033, -8.324617744999955, 0.0 ], [ 112.190006546000063, -8.324612213999956, 0.0 ], [ 112.189974496000104, -8.324616215999981, 0.0 ], [ 112.189958250000018, -8.324622861999956, 0.0 ], [ 112.189934430000108, -8.324639160999936, 0.0 ], [ 112.189923255000053, -8.324663742999974, 0.0 ], [ 112.189892558000111, -8.324771873999964, 0.0 ], [ 112.189890083000023, -8.324780588999943, 0.0 ], [ 112.18987754200009, -8.324811246999957, 0.0 ], [ 112.189861038000117, -8.324845719999928, 0.0 ], [ 112.189842740000017, -8.324874807999947, 0.0 ], [ 112.189823681, -8.324894977999975, 0.0 ], [ 112.18972296600009, -8.324983730999975, 0.0 ], [ 112.189649342000052, -8.325053088999937, 0.0 ], [ 112.18964097300011, -8.32506097199996, 0.0 ], [ 112.189579214000105, -8.325110883999969, 0.0 ], [ 112.189535238000076, -8.325137334999965, 0.0 ], [ 112.189511307000089, -8.325144978999958, 0.0 ], [ 112.189472609000063, -8.325142260999939, 0.0 ], [ 112.189444049000031, -8.325130870999942, 0.0 ], [ 112.189436587000046, -8.325125983999953, 0.0 ], [ 112.189407754000058, -8.325098790999959, 0.0 ], [ 112.189323001000048, -8.325005206999947, 0.0 ], [ 112.18919844900006, -8.324835352999969, 0.0 ], [ 112.189179313000068, -8.324805915999946, 0.0 ], [ 112.189173001000086, -8.324796204999927, 0.0 ], [ 112.189133849000086, -8.324714148999931, 0.0 ], [ 112.189120769000056, -8.324687749999953, 0.0 ], [ 112.189112503000047, -8.324671062999926, 0.0 ], [ 112.189102392000109, -8.324648863999926, 0.0 ], [ 112.189092685000105, -8.324627550999935, 0.0 ], [ 112.189090374000102, -8.32462170499997, 0.0 ], [ 112.189071510000076, -8.324573981999947, 0.0 ], [ 112.189064053000038, -8.324555115999942, 0.0 ], [ 112.189059235000059, -8.324542924999946, 0.0 ], [ 112.189055976000077, -8.324532986999941, 0.0 ], [ 112.189048869000089, -8.324511314999938, 0.0 ], [ 112.189043518000062, -8.324495, 0.0 ], [ 112.189035802000035, -8.324461698999926, 0.0 ], [ 112.18903737200003, -8.324403594999978, 0.0 ], [ 112.189040893000083, -8.324379535999981, 0.0 ], [ 112.189067338000086, -8.32427501199993, 0.0 ], [ 112.189074979000111, -8.324255107999932, 0.0 ], [ 112.189082467000048, -8.324235599999952, 0.0 ], [ 112.189084895000065, -8.324229273999947, 0.0 ], [ 112.189097671000013, -8.324200106999967, 0.0 ], [ 112.189114950000089, -8.324166101999936, 0.0 ], [ 112.189134605000049, -8.324128807999955, 0.0 ], [ 112.18915366400006, -8.324103306999973, 0.0 ], [ 112.18917776, -8.324068089999969, 0.0 ], [ 112.189203141, -8.324034250999944, 0.0 ], [ 112.189211675000024, -8.324021242999947, 0.0 ], [ 112.189230385000087, -8.323978281999928, 0.0 ], [ 112.189238180000075, -8.323942952999971, 0.0 ], [ 112.189237472000059, -8.323918830999958, 0.0 ], [ 112.18923390100008, -8.323858153999936, 0.0 ], [ 112.189217950000057, -8.3237499599999, 0.0 ], [ 112.189194627, -8.32364380599995, 0.0 ], [ 112.189172036000059, -8.32358927599995, 0.0 ], [ 112.189151810000112, -8.323561910999956, 0.0 ], [ 112.189125637000075, -8.323545255999932, 0.0 ], [ 112.189082807000091, -8.323533357999963, 0.0 ], [ 112.189024798000105, -8.323527586999944, 0.0 ], [ 112.189003095000089, -8.323530977999951, 0.0 ], [ 112.18894479800008, -8.323561910999956, 0.0 ], [ 112.188775856, -8.323665417999962, 0.0 ], [ 112.188684824, -8.323725753999952, 0.0 ], [ 112.188658890000056, -8.323746835999941, 0.0 ], [ 112.188637261000054, -8.323766919999969, 0.0 ], [ 112.188605032000055, -8.323810091999974, 0.0 ], [ 112.188569148000056, -8.32386904699996, 0.0 ], [ 112.188566177000098, -8.323873671999934, 0.0 ], [ 112.188565027000095, -8.323876462999976, 0.0 ], [ 112.188562912000066, -8.323884719999967, 0.0 ], [ 112.188561464000031, -8.323896439999942, 0.0 ], [ 112.188562611000066, -8.323906750999981, 0.0 ], [ 112.188565929000106, -8.323915062999959, 0.0 ], [ 112.188576608000062, -8.323936393999929, 0.0 ], [ 112.188582879000023, -8.323953990999939, 0.0 ], [ 112.188584025000068, -8.323959668999976, 0.0 ], [ 112.188586419000103, -8.323978969999928, 0.0 ], [ 112.188581032000116, -8.324039165999977, 0.0 ], [ 112.188571786000011, -8.324104852999938, 0.0 ], [ 112.188554368000041, -8.324228610999967, 0.0 ], [ 112.188546534000011, -8.324246391999964, 0.0 ], [ 112.188538009000013, -8.324262302999955, 0.0 ], [ 112.188528772000041, -8.324272987999962, 0.0 ], [ 112.18851440800006, -8.324282614999959, 0.0 ], [ 112.188493914000105, -8.324289194999949, 0.0 ], [ 112.188474539000026, -8.32428768699998, 0.0 ], [ 112.188462880000088, -8.324285567999937, 0.0 ], [ 112.188451456000053, -8.324281860999974, 0.0 ], [ 112.188437799000098, -8.324273744999971, 0.0 ], [ 112.188414693000027, -8.324254818999975, 0.0 ], [ 112.188369496000064, -8.324212681999938, 0.0 ], [ 112.188225851000084, -8.324078758999974, 0.0 ], [ 112.188183381000044, -8.324039162999952, 0.0 ], [ 112.188161040000068, -8.32401833299997, 0.0 ], [ 112.188156739000078, -8.324013283999932, 0.0 ], [ 112.188133697000012, -8.323990901999935, 0.0 ], [ 112.188094854000042, -8.323951933999979, 0.0 ], [ 112.188057169000103, -8.323914129999935, 0.0 ], [ 112.188038980000101, -8.323891776999972, 0.0 ], [ 112.18801975800011, -8.323860485999944, 0.0 ], [ 112.188002086000097, -8.323831717999951, 0.0 ], [ 112.187928255000088, -8.323711529999969, 0.0 ], [ 112.187893801000087, -8.323658032999958, 0.0 ], [ 112.187820460000012, -8.323554750999961, 0.0 ], [ 112.187774217000083, -8.323501870999962, 0.0 ], [ 112.187707095000064, -8.323435769999946, 0.0 ], [ 112.187579194000023, -8.323324028999934, 0.0 ], [ 112.187550739000017, -8.323306979999927, 0.0 ], [ 112.187531956000043, -8.323299295999959, 0.0 ], [ 112.187506226000096, -8.323293241999977, 0.0 ], [ 112.187461203000112, -8.323292627999933, 0.0 ], [ 112.187404513000047, -8.323290419999978, 0.0 ], [ 112.1873868240001, -8.323286789999941, 0.0 ], [ 112.187376213000107, -8.323281166999948, 0.0 ], [ 112.187324409000098, -8.32324416199998, 0.0 ], [ 112.187281662000032, -8.323205486999939, 0.0 ], [ 112.187267711000118, -8.323189990999936, 0.0 ], [ 112.18726239700004, -8.323182910999947, 0.0 ], [ 112.187238819000072, -8.323152673999971, 0.0 ], [ 112.187225482000031, -8.323137739999936, 0.0 ], [ 112.187219042000038, -8.323132981999947, 0.0 ], [ 112.187212315000011, -8.323131578999948, 0.0 ], [ 112.187192652000022, -8.32313077699996, 0.0 ], [ 112.187175131000117, -8.323135023999953, 0.0 ], [ 112.187167498, -8.323140473999956, 0.0 ], [ 112.187154660000033, -8.323152934999939, 0.0 ], [ 112.187148748000027, -8.323160352999935, 0.0 ], [ 112.187126914000032, -8.323191813999927, 0.0 ], [ 112.187091222000049, -8.323234643999967, 0.0 ], [ 112.187017458000014, -8.323301268999955, 0.0 ], [ 112.186981809000031, -8.323328599999968, 0.0 ], [ 112.186950417000048, -8.32336141899998, 0.0 ], [ 112.186943496000026, -8.323372751999955, 0.0 ], [ 112.186941450000063, -8.323386057999926, 0.0 ], [ 112.1869422850001, -8.323400452999977, 0.0 ], [ 112.186947789000101, -8.323421980999967, 0.0 ], [ 112.186955457000067, -8.323440675999962, 0.0 ], [ 112.186966025000061, -8.323462194999934, 0.0 ], [ 112.186975131000054, -8.323482561999981, 0.0 ], [ 112.186979413000017, -8.323493973999973, 0.0 ], [ 112.186982314000034, -8.323506073999965, 0.0 ], [ 112.186979990000054, -8.323521159999927, 0.0 ], [ 112.186948991, -8.323615108999945, 0.0 ], [ 112.186942941000098, -8.32363129, 0.0 ], [ 112.18692187900001, -8.323682317999953, 0.0 ], [ 112.186915142000089, -8.323698638999929, 0.0 ], [ 112.18687366100005, -8.323785448999956, 0.0 ], [ 112.186858197000106, -8.32380769699995, 0.0 ], [ 112.186839242000019, -8.323827937999965, 0.0 ], [ 112.186823861000107, -8.323838449999926, 0.0 ], [ 112.186796146, -8.323847071999978, 0.0 ], [ 112.186741441000095, -8.323839026999963, 0.0 ], [ 112.186636745000101, -8.323815232999948, 0.0 ], [ 112.18655822300002, -8.323815232999948, 0.0 ], [ 112.186367915, -8.323821312999939, 0.0 ], [ 112.1862785940001, -8.323816185999931, 0.0 ], [ 112.186245391000057, -8.323809452999967, 0.0 ], [ 112.186245362000022, -8.323809447999963, 0.0 ], [ 112.186245332000112, -8.323809439999934, 0.0 ], [ 112.186180212000068, -8.323795172999951, 0.0 ], [ 112.186116709000089, -8.323779095999953, 0.0 ], [ 112.186096325000108, -8.323773936999942, 0.0 ], [ 112.186071315000049, -8.32376495099993, 0.0 ], [ 112.18605943600005, -8.323760681999943, 0.0 ], [ 112.186014971000077, -8.323731579999958, 0.0 ], [ 112.185960869000041, -8.323686008999971, 0.0 ], [ 112.185914006000075, -8.323635325999931, 0.0 ], [ 112.185912687000041, -8.323633899999948, 0.0 ], [ 112.185887187000048, -8.323610350999957, 0.0 ], [ 112.185839625000085, -8.323579666999933, 0.0 ], [ 112.185749205000093, -8.323541594999938, 0.0 ], [ 112.185733049000078, -8.323535823999975, 0.0 ], [ 112.185691724000094, -8.323517369999934, 0.0 ], [ 112.185620897000035, -8.323479389999932, 0.0 ], [ 112.18555837100007, -8.323435231999952, 0.0 ], [ 112.185514771000044, -8.323395836999964, 0.0 ], [ 112.185479997000016, -8.323352650999936, 0.0 ], [ 112.185468419000017, -8.323334563999936, 0.0 ], [ 112.185428179000041, -8.323266758999978, 0.0 ], [ 112.185408413, -8.323240529999964, 0.0 ], [ 112.185390898000037, -8.323222470999951, 0.0 ], [ 112.185346619000029, -8.323189300999957, 0.0 ], [ 112.185323282000013, -8.323175158999959, 0.0 ], [ 112.185275285000102, -8.323151158999963, 0.0 ], [ 112.185269737000112, -8.323148844999935, 0.0 ], [ 112.185230740000065, -8.323139572999935, 0.0 ], [ 112.185199172000011, -8.323136509999927, 0.0 ], [ 112.185186961000113, -8.323137627999927, 0.0 ], [ 112.185130230000027, -8.323152380999943, 0.0 ], [ 112.185070292000091, -8.323178161999977, 0.0 ], [ 112.185024917000078, -8.323194777999959, 0.0 ], [ 112.184913993, -8.323232814999926, 0.0 ], [ 112.184845404000043, -8.323249698999973, 0.0 ], [ 112.184694167000089, -8.323280283999964, 0.0 ], [ 112.184272885000041, -8.323342922999927, 0.0 ], [ 112.183454350000034, -8.323443810999947, 0.0 ], [ 112.183050125000022, -8.323499906999928, 0.0 ], [ 112.182885197000019, -8.323504384999978, 0.0 ], [ 112.18281481300005, -8.323501543999953, 0.0 ], [ 112.182663726000101, -8.323529521999944, 0.0 ], [ 112.182511440000098, -8.323472415999959, 0.0 ], [ 112.18245433300001, -8.32342482699994, 0.0 ], [ 112.18219426600001, -8.323628463999967, 0.0 ], [ 112.182174583, -8.32352021, 0.0 ], [ 112.182253212000091, -8.322038650999957, 0.0 ], [ 112.182253212000091, -8.321867329999975, 0.0 ], [ 112.182067614000061, -8.320910786999946, 0.0 ], [ 112.181724972000097, -8.319832890999976, 0.0 ], [ 112.181553651000058, -8.319404587999941, 0.0 ], [ 112.181375191000029, -8.319111913999961, 0.0 ], [ 112.181175316, -8.318854931999965, 0.0 ], [ 112.181025410000075, -8.318605088999959, 0.0 ], [ 112.180504308000081, -8.318055432999927, 0.0 ], [ 112.179376444000013, -8.316699140999958, 0.0 ], [ 112.178826788000038, -8.315828257999954, 0.0 ], [ 112.178669744000103, -8.315521307999973, 0.0 ], [ 112.178595981000058, -8.31515725, 0.0 ], [ 112.1785511920001, -8.314894778999928, 0.0 ], [ 112.178630000000112, -8.31473, 0.0 ], [ 112.178767302000097, -8.314595696999959, 0.0 ], [ 112.178895793000038, -8.31454810799994, 0.0 ], [ 112.179571560000113, -8.314452929999959, 0.0 ], [ 112.179896738000025, -8.314328349999926, 0.0 ], [ 112.18011, -8.31409, 0.0 ], [ 112.18062, -8.31351, 0.0 ], [ 112.181920000000105, -8.312399998999979, 0.0 ], [ 112.18288, -8.31139, 0.0 ], [ 112.183155028000101, -8.311097888999939, 0.0 ], [ 112.183250206000025, -8.310950362999961, 0.0 ], [ 112.183288278000077, -8.310826630999941, 0.0 ], [ 112.183293037000112, -8.310726693999925, 0.0 ], [ 112.18325496500006, -8.310598202999927, 0.0 ], [ 112.182888528000035, -8.309950988999958, 0.0 ], [ 112.182350770000085, -8.309056311999939, 0.0 ], [ 112.182084271, -8.308366267999929, 0.0 ], [ 112.181874878000031, -8.307485867999958, 0.0 ], [ 112.181781408, -8.307206513999972, 0.0 ], [ 112.181786243000033, -8.30696298099997, 0.0 ], [ 112.181813012000021, -8.306805341999961, 0.0 ], [ 112.181896293000023, -8.306626881999932, 0.0 ], [ 112.181976600000098, -8.306427601999928, 0.0 ], [ 112.182015266, -8.30633837299996, 0.0 ], [ 112.182089624000014, -8.306302680999977, 0.0 ], [ 112.182217520000108, -8.306275911999933, 0.0 ], [ 112.182339468, -8.306284834999929, 0.0 ], [ 112.182806437000067, -8.306475191999937, 0.0 ], [ 112.183555967000075, -8.30678452199993, 0.0 ], [ 112.183776067000053, -8.30685293099998, 0.0 ], [ 112.18409, -8.306959998999957, 0.0 ], [ 112.184213293000084, -8.306983800999944, 0.0 ], [ 112.184302523000042, -8.30696298099997, 0.0 ], [ 112.184373907, -8.306906468999955, 0.0 ], [ 112.184412573000031, -8.306826161999936, 0.0 ], [ 112.184436368000092, -8.306704214999968, 0.0 ], [ 112.184418522000101, -8.30657929299997, 0.0 ], [ 112.184388779000074, -8.306487088999972, 0.0 ], [ 112.184364984000013, -8.306394884999975, 0.0 ], [ 112.184356061000017, -8.306290782999952, 0.0 ], [ 112.184284677000051, -8.305746481999961, 0.0 ], [ 112.184299549000116, -8.305624533999946, 0.0 ], [ 112.184329292000029, -8.305514483999957, 0.0 ], [ 112.184335241000099, -8.305407407999951, 0.0 ], [ 112.184308472000112, -8.30530925599993, 0.0 ], [ 112.184263857000019, -8.305228948999968, 0.0 ], [ 112.184237088000032, -8.305127821999974, 0.0 ], [ 112.184257908000063, -8.305017771999928, 0.0 ], [ 112.184284677000051, -8.304934490999926, 0.0 ], [ 112.184290626, -8.30483038899996, 0.0 ], [ 112.184263857000019, -8.304723312999954, 0.0 ], [ 112.184228165000036, -8.304657877999944, 0.0 ], [ 112.184171653000021, -8.304595416999973, 0.0 ], [ 112.184082423000063, -8.304535930999975, 0.0 ], [ 112.183972373000074, -8.304497264999952, 0.0 ], [ 112.183841503000053, -8.304485366999927, 0.0 ], [ 112.183728478000035, -8.304485366999927, 0.0 ], [ 112.183627351000041, -8.304506187999948, 0.0 ], [ 112.182971506000058, -8.304933787999971, 0.0 ], [ 112.182540887000073, -8.305146461999925, 0.0 ], [ 112.182452492000039, -8.305217051999932, 0.0 ], [ 112.182390031000068, -8.305237871999964, 0.0 ], [ 112.182315673000062, -8.305243820999976, 0.0 ], [ 112.182271058000083, -8.305243820999976, 0.0 ], [ 112.182181828000012, -8.305211102999976, 0.0 ], [ 112.18209854700001, -8.305133769999941, 0.0 ], [ 112.182071778000022, -8.305077257999926, 0.0 ], [ 112.182052109000097, -8.304879903999961, 0.0 ], [ 112.1820598810001, -8.304619211999977, 0.0 ], [ 112.182033112000113, -8.304354496999963, 0.0 ], [ 112.181958754000107, -8.303863732999957, 0.0 ], [ 112.181854653000073, -8.303726913999981, 0.0 ], [ 112.181780294000077, -8.303667427999926, 0.0 ], [ 112.181664296, -8.303637683999966, 0.0 ], [ 112.181497733000015, -8.303637683999966, 0.0 ], [ 112.181363889000068, -8.303682298999945, 0.0 ], [ 112.181209224000099, -8.303709067999932, 0.0 ], [ 112.18102779000003, -8.303709067999932, 0.0 ], [ 112.180911791000085, -8.303709067999932, 0.0 ], [ 112.180334772000037, -8.303807220999943, 0.0 ], [ 112.180162261000078, -8.30383696399997, 0.0 ], [ 112.180025442000101, -8.303831015999947, 0.0 ], [ 112.179852931000028, -8.303816143999939, 0.0 ], [ 112.179728009000087, -8.303789374999951, 0.0 ], [ 112.179623908000053, -8.303744759999972, 0.0 ], [ 112.179573344, -8.303709067999932, 0.0 ], [ 112.179498986000112, -8.303637683999966, 0.0 ], [ 112.179457346000049, -8.303548454999941, 0.0 ], [ 112.179409756000041, -8.303453275999971, 0.0 ], [ 112.179371090000018, -8.303331328999946, 0.0 ], [ 112.179356219000056, -8.303230201999952, 0.0 ], [ 112.179356219000056, -8.303111228999967, 0.0 ], [ 112.179400833000045, -8.303013075999957, 0.0 ], [ 112.179436525000028, -8.302828667999961, 0.0 ], [ 112.179421654000066, -8.302739437999946, 0.0 ], [ 112.17934729600006, -8.302647233999949, 0.0 ], [ 112.179261040000029, -8.302558003999934, 0.0 ], [ 112.179210477000083, -8.302486619999968, 0.0 ], [ 112.179115298000056, -8.302293288999977, 0.0 ], [ 112.179121247000012, -8.302207032999945, 0.0 ], [ 112.179148016000113, -8.302049393999937, 0.0 ], [ 112.179234271000041, -8.301930420999952, 0.0 ], [ 112.179385962000083, -8.301921497999956, 0.0 ], [ 112.179555498000013, -8.302007753999931, 0.0 ], [ 112.179626882000093, -8.302091034999933, 0.0 ], [ 112.179742881000038, -8.302233801999932, 0.0 ], [ 112.179960007000091, -8.302388466999957, 0.0 ], [ 112.18007005700008, -8.302480670999955, 0.0 ], [ 112.180153338000082, -8.302519337999968, 0.0 ], [ 112.18030502900001, -8.302578823999966, 0.0 ], [ 112.180542975000094, -8.302671027999963, 0.0 ], [ 112.180664922, -8.302685899999972, 0.0 ], [ 112.180834459000039, -8.302706719999946, 0.0 ], [ 112.180941534000112, -8.302706719999946, 0.0 ], [ 112.1811748020001, -8.302608140999951, 0.0 ], [ 112.181307377000053, -8.302397389999953, 0.0 ], [ 112.181430186000057, -8.302050639999948, 0.0 ], [ 112.181473939000057, -8.301948266999943, 0.0 ], [ 112.181521528000076, -8.301894728999969, 0.0 ], [ 112.181583989000046, -8.301850113999933, 0.0 ], [ 112.181670244000088, -8.301805498999954, 0.0 ], [ 112.181959057000086, -8.301683693999962, 0.0 ], [ 112.18229782700007, -8.301445605999959, 0.0 ], [ 112.182467364000104, -8.301231453999947, 0.0 ], [ 112.182523876, -8.30109166099993, 0.0 ], [ 112.182523876, -8.300981610999941, 0.0 ], [ 112.182509004000053, -8.300874534999934, 0.0 ], [ 112.18229782700007, -8.300511666999967, 0.0 ], [ 112.181917113000054, -8.299797828999942, 0.0 ], [ 112.181535438000083, -8.299219815999948, 0.0 ], [ 112.18152, -8.29905, 0.0 ], [ 112.181515579, -8.298857941999927, 0.0 ], [ 112.181542348000107, -8.298738968999942, 0.0 ], [ 112.181628604000025, -8.298628918999952, 0.0 ], [ 112.181697013000075, -8.298569431999965, 0.0 ], [ 112.181771371000082, -8.298533740999972, 0.0 ], [ 112.181860601000039, -8.298521842999946, 0.0 ], [ 112.18198849700002, -8.298521842999946, 0.0 ], [ 112.182119368000031, -8.298569431999965, 0.0 ], [ 112.1822353660001, -8.298646764999944, 0.0 ], [ 112.182425723000051, -8.298783583999978, 0.0 ], [ 112.182550645000106, -8.298884710999971, 0.0 ], [ 112.182684490000042, -8.299006657999939, 0.0 ], [ 112.182767771000044, -8.299030452999943, 0.0 ], [ 112.182818334000103, -8.29902747899996, 0.0 ], [ 112.182892692000109, -8.298997734999944, 0.0 ], [ 112.182968805000087, -8.298930376999976, 0.0 ], [ 112.183044383000038, -8.298920402999954, 0.0 ], [ 112.183088998000017, -8.298908505999975, 0.0 ], [ 112.183139562000065, -8.298863890999939, 0.0 ], [ 112.183172279000019, -8.298771686999942, 0.0 ], [ 112.183184176000054, -8.298670559999948, 0.0 ], [ 112.183199048, -8.298581329999934, 0.0 ], [ 112.183207971000115, -8.298486150999963, 0.0 ], [ 112.183204997000075, -8.29838502399997, 0.0 ], [ 112.183184176000054, -8.298319588999959, 0.0 ], [ 112.183133613000109, -8.297938874999943, 0.0 ], [ 112.183148485000061, -8.297852619999958, 0.0 ], [ 112.183202022000046, -8.297778261999952, 0.0 ], [ 112.183282329, -8.29772769799996, 0.0 ], [ 112.183407251000062, -8.297700928999973, 0.0 ], [ 112.183505404000016, -8.297700928999973, 0.0 ], [ 112.183612955000058, -8.29765369699993, 0.0 ], [ 112.183746205000034, -8.297563276999938, 0.0 ], [ 112.183884214000045, -8.297525205999932, 0.0 ], [ 112.184017464000021, -8.297525205999932, 0.0 ], [ 112.184131678000085, -8.297549000999936, 0.0 ], [ 112.184231615000044, -8.297606107999968, 0.0 ], [ 112.184388660000081, -8.297639419999939, 0.0 ], [ 112.184502874000032, -8.297625142999948, 0.0 ], [ 112.184746575000077, -8.297487546999946, 0.0 ], [ 112.184998515000075, -8.297323189999929, 0.0 ], [ 112.185313794000081, -8.297049551999976, 0.0 ], [ 112.185394101000043, -8.297019807999959, 0.0 ], [ 112.185480356000085, -8.29697519399997, 0.0 ], [ 112.185521997000023, -8.29690975799997, 0.0 ], [ 112.185545791000095, -8.296817553999972, 0.0 ], [ 112.185548766000011, -8.296740221999926, 0.0 ], [ 112.185551740000051, -8.296573659999979, 0.0 ], [ 112.185513074000028, -8.296466583999972, 0.0 ], [ 112.185432767000066, -8.296395199999949, 0.0 ], [ 112.185319743000036, -8.296320841999943, 0.0 ], [ 112.185236462000034, -8.296267303999969, 0.0 ], [ 112.185129386000085, -8.296204842999941, 0.0 ], [ 112.185028259000092, -8.296178073999954, 0.0 ], [ 112.184912260000033, -8.296166176999975, 0.0 ], [ 112.184852773000102, -8.296163201999946, 0.0 ], [ 112.18471054500003, -8.296170147999931, 0.0 ], [ 112.184543444000042, -8.296192945999962, 0.0 ], [ 112.184376881000048, -8.296130484999935, 0.0 ], [ 112.184269806000088, -8.296088843999939, 0.0 ], [ 112.184177601000101, -8.296038280999937, 0.0 ], [ 112.18411074900007, -8.295950834999928, 0.0 ], [ 112.183769771000016, -8.295099696999955, 0.0 ], [ 112.18367196600002, -8.294658192999975, 0.0 ], [ 112.183707658000117, -8.29443809299994, 0.0 ], [ 112.183713606000083, -8.294322094999927, 0.0 ], [ 112.183749298000066, -8.294212043999948, 0.0 ], [ 112.183817708000106, -8.294107942999972, 0.0 ], [ 112.1839188350001, -8.294051430999957, 0.0 ], [ 112.184058628000116, -8.294048456999974, 0.0 ], [ 112.184186524000097, -8.294081173999928, 0.0 ], [ 112.184299549000116, -8.294128762999947, 0.0 ], [ 112.184412573000031, -8.294176352999955, 0.0 ], [ 112.184602930000096, -8.29425, 0.0 ], [ 112.18472, -8.29425, 0.0 ], [ 112.1849, -8.29414, 0.0 ], [ 112.185023136000041, -8.293893728999933, 0.0 ], [ 112.185200056000099, -8.293746621999958, 0.0 ], [ 112.185235748000082, -8.293610992999959, 0.0 ], [ 112.185257163000074, -8.293453947999978, 0.0 ], [ 112.185228609000092, -8.293311180999979, 0.0 ], [ 112.18514294900001, -8.293204104999973, 0.0 ], [ 112.18497, -8.29309, 0.0 ], [ 112.184850275000031, -8.292818631999978, 0.0 ], [ 112.184871690000023, -8.292740109999954, 0.0 ], [ 112.184950212000103, -8.292633033999948, 0.0 ], [ 112.185092980000036, -8.292525957999942, 0.0 ], [ 112.185278578000066, -8.292447435999975, 0.0 ], [ 112.185542698000063, -8.292383190999942, 0.0 ], [ 112.185792542000058, -8.292347498999959, 0.0 ], [ 112.18599241600009, -8.292326083999967, 0.0 ], [ 112.186600000000112, -8.29217, 0.0 ], [ 112.1868, -8.29182, 0.0 ], [ 112.186780000000113, -8.29152, 0.0 ], [ 112.18664, -8.291319998999938, 0.0 ], [ 112.18631, -8.29118, 0.0 ], [ 112.185949999000059, -8.29118, 0.0 ], [ 112.18509, -8.29118, 0.0 ], [ 112.18475, -8.29109, 0.0 ], [ 112.184530000000109, -8.290929998999957, 0.0 ], [ 112.18442, -8.29067, 0.0 ], [ 112.18438, -8.29035, 0.0 ], [ 112.18451, -8.2901, 0.0 ], [ 112.18494, -8.28973, 0.0 ], [ 112.185249999, -8.28953, 0.0 ], [ 112.18547, -8.28948, 0.0 ], [ 112.18569, -8.28948, 0.0 ], [ 112.18596, -8.28962, 0.0 ], [ 112.186385027000028, -8.289784818999976, 0.0 ], [ 112.186599179000041, -8.289749126999936, 0.0 ], [ 112.186813330000064, -8.289670604999969, 0.0 ], [ 112.186948960000109, -8.289599220999946, 0.0 ], [ 112.187278299000013, -8.289332692999949, 0.0 ], [ 112.1873, -8.28927, 0.0 ], [ 112.187366663000034, -8.289260277999972, 0.0 ], [ 112.187586060000058, -8.289168776999929, 0.0 ], [ 112.187707413000112, -8.289150930999938, 0.0 ], [ 112.188146423000035, -8.289111669999954, 0.0 ], [ 112.18827848300009, -8.28903314799993, 0.0 ], [ 112.188303468000072, -8.288922502999981, 0.0 ], [ 112.188307037000072, -8.288833272999966, 0.0 ], [ 112.188310606000073, -8.288590567999961, 0.0 ], [ 112.188307037000072, -8.288447799999972, 0.0 ], [ 112.188314175000073, -8.288355000999957, 0.0 ], [ 112.18839626700003, -8.288297893999982, 0.0 ], [ 112.188506912000094, -8.288276478999933, 0.0 ], [ 112.188663956000028, -8.288280047999933, 0.0 ], [ 112.188867400000049, -8.288297893999982, 0.0 ], [ 112.189081552000061, -8.288333585999965, 0.0 ], [ 112.18935637900006, -8.288355000999957, 0.0 ], [ 112.18954554600009, -8.288365708999947, 0.0 ], [ 112.189745421000111, -8.288372846999948, 0.0 ], [ 112.189873912000053, -8.288308601999972, 0.0 ], [ 112.1900238180001, -8.28824435599995, 0.0 ], [ 112.190209416000016, -8.288201525999966, 0.0 ], [ 112.190284369000096, -8.288230078999959, 0.0 ], [ 112.19032363000008, -8.288290755999981, 0.0 ], [ 112.190345045000072, -8.28839426199994, 0.0 ], [ 112.190370030000054, -8.288501337999946, 0.0 ], [ 112.190398583000047, -8.288565582999979, 0.0 ], [ 112.19050565900011, -8.288622690999944, 0.0 ], [ 112.190662703000044, -8.288622690999944, 0.0 ], [ 112.190741226000114, -8.288604844999952, 0.0 ], [ 112.190844732000073, -8.288551306999977, 0.0 ], [ 112.19122306600002, -8.288008789999935, 0.0 ], [ 112.191276604000109, -8.287926697999978, 0.0 ], [ 112.191362265000066, -8.287855313999955, 0.0 ], [ 112.191490756, -8.287787499999979, 0.0 ], [ 112.19247, -8.28756, 0.0 ], [ 112.192599999000095, -8.28754, 0.0 ], [ 112.192957694000029, -8.287573347999967, 0.0 ], [ 112.193079046000094, -8.287576916999967, 0.0 ], [ 112.193193260000044, -8.287594762999959, 0.0 ], [ 112.193332459000089, -8.287637593999932, 0.0 ], [ 112.193464519000031, -8.287698269999964, 0.0 ], [ 112.19363584000007, -8.287808914999971, 0.0 ], [ 112.19375005400002, -8.287876729999937, 0.0 ], [ 112.193832145000101, -8.287930266999979, 0.0 ], [ 112.194010340000091, -8.288079263999975, 0.0 ], [ 112.194139999000072, -8.28813, 0.0 ], [ 112.194750000000113, -8.288179998999965, 0.0 ], [ 112.19625, -8.28813, 0.0 ], [ 112.19983, -8.28817, 0.0 ], [ 112.20228, -8.28872, 0.0 ], [ 112.204700000000116, -8.289019998999947, 0.0 ], [ 112.207000000000107, -8.28914, 0.0 ], [ 112.20942, -8.28912, 0.0 ], [ 112.2113, -8.28873, 0.0 ], [ 112.212810000000104, -8.28842, 0.0 ], [ 112.21363, -8.28854999899994, 0.0 ], [ 112.214070000000106, -8.28862, 0.0 ], [ 112.21435, -8.28873, 0.0 ], [ 112.216211571000031, -8.288936184999955, 0.0 ], [ 112.216378133000035, -8.288945701999978, 0.0 ], [ 112.216516142000046, -8.288940942999943, 0.0 ], [ 112.216749329000095, -8.288898112999959, 0.0 ], [ 112.216854026000078, -8.288845764999962, 0.0 ], [ 112.216977758000098, -8.288755345999959, 0.0 ], [ 112.217058659000031, -8.288683961999936, 0.0 ], [ 112.217201427000077, -8.288584023999931, 0.0 ], [ 112.217296605000115, -8.288526916999956, 0.0 ], [ 112.217429855000091, -8.288526916999956, 0.0 ], [ 112.21759165800006, -8.28855071199996, 0.0 ], [ 112.217801051000038, -8.288574505999975, 0.0 ], [ 112.217948578, -8.288631613999939, 0.0 ], [ 112.218067551000104, -8.288702996999973, 0.0 ], [ 112.218538684, -8.288902871999937, 0.0 ], [ 112.218724282000039, -8.289026603999957, 0.0 ], [ 112.218871808000017, -8.28911702399995, 0.0 ], [ 112.219062165000082, -8.289174130999982, 0.0 ], [ 112.219347701000061, -8.289207442999952, 0.0 ], [ 112.219618959000059, -8.289283585999954, 0.0 ], [ 112.219680825000069, -8.289274067999941, 0.0 ], [ 112.219699861000095, -8.289235996999935, 0.0 ], [ 112.219623718000094, -8.289093228999945, 0.0 ], [ 112.219609441000102, -8.289002808999953, 0.0 ], [ 112.219618959000059, -8.288931425999976, 0.0 ], [ 112.219661790000032, -8.288879076999933, 0.0 ], [ 112.219828352000036, -8.28867444399998, 0.0 ], [ 112.21987118200002, -8.288631613999939, 0.0 ], [ 112.219890218000046, -8.288555470999938, 0.0 ], [ 112.219890218000046, -8.288465050999946, 0.0 ], [ 112.21987118200002, -8.288379390999978, 0.0 ], [ 112.219861664000064, -8.288265176999971, 0.0 ], [ 112.219837870000106, -8.288169997999944, 0.0 ], [ 112.219799253000019, -8.287906774999954, 0.0 ], [ 112.21989537200011, -8.28767849299993, 0.0 ], [ 112.219875941000055, -8.287546578999979, 0.0 ], [ 112.21981883400008, -8.287389534999932, 0.0 ], [ 112.219823593000115, -8.287270561999946, 0.0 ], [ 112.219856905000029, -8.287156347999939, 0.0 ], [ 112.219975878000014, -8.286994543999981, 0.0 ], [ 112.220047262000094, -8.286904124999978, 0.0 ], [ 112.220094851000113, -8.286818463999964, 0.0 ], [ 112.220147200000042, -8.286637624999969, 0.0 ], [ 112.220270932000062, -8.286494857999969, 0.0 ], [ 112.220394664000082, -8.286428232999981, 0.0 ], [ 112.220608815000105, -8.286361607999936, 0.0 ], [ 112.220832484000084, -8.286309259999939, 0.0 ], [ 112.221408626000084, -8.286264259999939, 0.0 ], [ 112.221574876000091, -8.286233116999938, 0.0 ], [ 112.22162246500011, -8.286171250999928, 0.0 ], [ 112.221655778000013, -8.2860427599999, 0.0 ], [ 112.221651019000092, -8.285938063999936, 0.0 ], [ 112.221627224000031, -8.285861920999935, 0.0 ], [ 112.221541564000063, -8.285766741999964, 0.0 ], [ 112.221346448000077, -8.285581144999981, 0.0 ], [ 112.221317894000094, -8.285495483999966, 0.0 ], [ 112.221317894000094, -8.285338439999975, 0.0 ], [ 112.221346448000077, -8.285171876999925, 0.0 ], [ 112.221365484000103, -8.285071939999966, 0.0 ], [ 112.221417832000043, -8.284943448999968, 0.0 ], [ 112.221465421000062, -8.284829234999961, 0.0 ], [ 112.221669202000044, -8.28455089199997, 0.0 ], [ 112.22174, -8.28438, 0.0 ], [ 112.22179, -8.28404, 0.0 ], [ 112.2218, -8.283829998999977, 0.0 ], [ 112.221989999000016, -8.28351, 0.0 ], [ 112.22207, -8.28337, 0.0 ], [ 112.222220000000107, -8.28284, 0.0 ], [ 112.22233, -8.282389998999975, 0.0 ], [ 112.2227, -8.28154, 0.0 ], [ 112.22323, -8.28087, 0.0 ], [ 112.223660000000109, -8.28012, 0.0 ], [ 112.223859999000069, -8.27969, 0.0 ], [ 112.224, -8.27932, 0.0 ], [ 112.22416, -8.279, 0.0 ], [ 112.224389999000095, -8.27844, 0.0 ], [ 112.22443, -8.27784, 0.0 ], [ 112.2243, -8.27631, 0.0 ], [ 112.224063160000014, -8.275706622999962, 0.0 ], [ 112.223964648000106, -8.275699044999953, 0.0 ], [ 112.223707666000109, -8.27565621399998, 0.0 ], [ 112.223450685000103, -8.275641937999978, 0.0 ], [ 112.223172288000114, -8.275613383999939, 0.0 ], [ 112.223008105000076, -8.275520584999981, 0.0 ], [ 112.222879614000021, -8.275349263999942, 0.0 ], [ 112.222765400000071, -8.275206495999953, 0.0 ], [ 112.222515556000076, -8.275085143999945, 0.0 ], [ 112.22237992700002, -8.274970929999938, 0.0 ], [ 112.222315682000044, -8.27484243899994, 0.0 ], [ 112.222337097000036, -8.274713947999942, 0.0 ], [ 112.222322820000045, -8.274564041999952, 0.0 ], [ 112.222279990000061, -8.274371304999931, 0.0 ], [ 112.222237159000088, -8.274214260999941, 0.0 ], [ 112.222158637, -8.27405721699995, 0.0 ], [ 112.222122945000024, -8.273971555999935, 0.0 ], [ 112.222115807000023, -8.273864479999929, 0.0 ], [ 112.222023008000065, -8.273714573999939, 0.0 ], [ 112.22189451700001, -8.273600359999932, 0.0 ], [ 112.221815995000043, -8.273479007999981, 0.0 ], [ 112.22178744100006, -8.273357654999927, 0.0 ], [ 112.221864566000022, -8.27301745799997, 0.0 ], [ 112.221942106000029, -8.27288176299993, 0.0 ], [ 112.22201824900003, -8.272829414999933, 0.0 ], [ 112.22214198100005, -8.272786583999959, 0.0 ], [ 112.222241918, -8.272786583999959, 0.0 ], [ 112.22244179300003, -8.272786583999959, 0.0 ], [ 112.223426890000042, -8.272686646999944, 0.0 ], [ 112.223550622000062, -8.272686646999944, 0.0 ], [ 112.223731461000057, -8.27270568299997, 0.0 ], [ 112.223907541000017, -8.272738994999941, 0.0 ], [ 112.223993202000088, -8.272791342999938, 0.0 ], [ 112.224050309000063, -8.272857967999926, 0.0 ], [ 112.224150246000022, -8.272967422999955, 0.0 ], [ 112.224226389000023, -8.27306736099996, 0.0 ], [ 112.224283496000112, -8.27314826199995, 0.0 ], [ 112.224373915000115, -8.27327199399997, 0.0 ], [ 112.224483371000019, -8.27336717299994, 0.0 ], [ 112.224564272000066, -8.273371931999975, 0.0 ], [ 112.224649933000023, -8.273357654999927, 0.0 ], [ 112.224740352000026, -8.273281511999926, 0.0 ], [ 112.224792701000069, -8.273176815999932, 0.0 ], [ 112.224821254000062, -8.272848449999969, 0.0 ], [ 112.22484504900001, -8.272781824999981, 0.0 ], [ 112.224892638000028, -8.272648575999938, 0.0 ], [ 112.224949745000117, -8.272558155999945, 0.0 ], [ 112.224997334000022, -8.272467736999943, 0.0 ], [ 112.225016370000048, -8.272301173999949, 0.0 ], [ 112.22503064700004, -8.272153647999971, 0.0 ], [ 112.22503064700004, -8.27201563899996, 0.0 ], [ 112.225021129000083, -8.271868111999936, 0.0 ], [ 112.224964022000108, -8.271753897999929, 0.0 ], [ 112.224921192000011, -8.271549264999976, 0.0 ], [ 112.224921192000011, -8.271387460999961, 0.0 ], [ 112.224916433000089, -8.271111443999928, 0.0 ], [ 112.224925950000056, -8.271016264999957, 0.0 ], [ 112.224925950000056, -8.270892532999937, 0.0 ], [ 112.224944986000082, -8.270792595999978, 0.0 ], [ 112.224973540000065, -8.270697417999941, 0.0 ], [ 112.224925950000056, -8.27060223899997, 0.0 ], [ 112.22484504900001, -8.27047850699995, 0.0 ], [ 112.224726076000024, -8.270326221999937, 0.0 ], [ 112.224640415000067, -8.270207248999952, 0.0 ], [ 112.224573790000022, -8.27011682899996, 0.0 ], [ 112.224564272000066, -8.270026409999957, 0.0 ], [ 112.224621379000041, -8.26991219599995, 0.0 ], [ 112.224768906, -8.269859846999964, 0.0 ], [ 112.224930709000091, -8.269821775999958, 0.0 ], [ 112.225130584000112, -8.269793221999976, 0.0 ], [ 112.225344736000011, -8.269750391999935, 0.0 ], [ 112.225549369000078, -8.269712320999929, 0.0 ], [ 112.225739726000029, -8.269626659999972, 0.0 ], [ 112.225830146000021, -8.26956955299994, 0.0 ], [ 112.226010985000016, -8.269488650999961, 0.0 ], [ 112.226129958000115, -8.269455338999933, 0.0 ], [ 112.226396457000078, -8.269422026999962, 0.0 ], [ 112.226515430000063, -8.269388713999945, 0.0 ], [ 112.226624886000081, -8.269374436999954, 0.0 ], [ 112.226810484000112, -8.26939347299998, 0.0 ], [ 112.22694849200002, -8.269398231999958, 0.0 ], [ 112.22707222400004, -8.269360160999952, 0.0 ], [ 112.227248304000113, -8.269307811999965, 0.0 ], [ 112.227414867000107, -8.269245945999955, 0.0 ], [ 112.227662331000033, -8.269179321999957, 0.0 ], [ 112.227820119000057, -8.269115026999941, 0.0 ], [ 112.228040219000036, -8.269126923999977, 0.0 ], [ 112.228290062000042, -8.269079334999958, 0.0 ], [ 112.228504214000054, -8.269002001999979, 0.0 ], [ 112.228873030000045, -8.268835439999975, 0.0 ], [ 112.229515485000093, -8.268460674999972, 0.0 ], [ 112.229815892000033, -8.26831195799997, 0.0 ], [ 112.229922967000107, -8.26826734399998, 0.0 ], [ 112.230083581000031, -8.268195959999957, 0.0 ], [ 112.230366142000094, -8.268008576999932, 0.0 ], [ 112.230488089, -8.26795801399993, 0.0 ], [ 112.230589216000112, -8.267886629999964, 0.0 ], [ 112.230630857000051, -8.267827142999977, 0.0 ], [ 112.230669523000074, -8.267743861999975, 0.0 ], [ 112.23067547200003, -8.267663554999956, 0.0 ], [ 112.23067547200003, -8.267514838999944, 0.0 ], [ 112.230693318000021, -8.267392891999975, 0.0 ], [ 112.23072901, -8.267276892999973, 0.0 ], [ 112.230779573000063, -8.267235251999978, 0.0 ], [ 112.230836085000078, -8.26720550899995, 0.0 ], [ 112.230910444000074, -8.267169816999967, 0.0 ], [ 112.230975879000084, -8.267148996999936, 0.0 ], [ 112.231035365000025, -8.267146022999952, 0.0 ] ] ], [ [ [ 112.206940828000029, -8.330041364999943, 0.0 ], [ 112.206913664000012, -8.330046573999937, 0.0 ], [ 112.206845693000105, -8.329957996999951, 0.0 ], [ 112.206860795000011, -8.329868963999957, 0.0 ], [ 112.206866744000081, -8.329818399999965, 0.0 ], [ 112.20684592300006, -8.329767836999963, 0.0 ], [ 112.206807258000026, -8.329720247999944, 0.0 ], [ 112.206789411000045, -8.329666709999969, 0.0 ], [ 112.206785972000034, -8.329606860999945, 0.0 ], [ 112.206785230000037, -8.329593938999949, 0.0 ], [ 112.206797245000075, -8.329567819999966, 0.0 ], [ 112.206802830000015, -8.329525649999937, 0.0 ], [ 112.206828511000026, -8.329454811999938, 0.0 ], [ 112.206884646000049, -8.329452910999976, 0.0 ], [ 112.206948946000011, -8.32952955899998, 0.0 ], [ 112.206952999, -8.329625068999974, 0.0 ], [ 112.206988691000106, -8.329681580999932, 0.0 ], [ 112.207048178000036, -8.32976188799995, 0.0 ], [ 112.207080895000104, -8.329821373999948, 0.0 ], [ 112.207080895000104, -8.329880861999925, 0.0 ], [ 112.207051153000066, -8.329952244999959, 0.0 ], [ 112.206979969000031, -8.329981434999979, 0.0 ], [ 112.206968737000011, -8.329998631999956, 0.0 ], [ 112.206940828000029, -8.330041364999943, 0.0 ] ] ], [ [ [ 112.186191840000106, -8.324829935999958, 0.0 ], [ 112.186175432000027, -8.324830813999938, 0.0 ], [ 112.186175290000051, -8.324830764999945, 0.0 ], [ 112.186114, -8.324809, 0.0 ], [ 112.18608610900003, -8.324799094999946, 0.0 ], [ 112.185988636000047, -8.324578759999952, 0.0 ], [ 112.185977961000049, -8.324544054999933, 0.0 ], [ 112.186048892000031, -8.324495297999931, 0.0 ], [ 112.186056047000079, -8.324494805999961, 0.0 ], [ 112.186142243000063, -8.324488876999965, 0.0 ], [ 112.186143314000105, -8.324488801999962, 0.0 ], [ 112.186173612000061, -8.324523015999944, 0.0 ], [ 112.186267877000091, -8.324629463999941, 0.0 ], [ 112.186305746000016, -8.324703991999968, 0.0 ], [ 112.186327185000096, -8.324746184999981, 0.0 ], [ 112.186287432000086, -8.324824022999962, 0.0 ], [ 112.186287015000062, -8.324824837999927, 0.0 ], [ 112.186191840000106, -8.324829935999958, 0.0 ] ] ], [ [ [ 112.205500814000061, -8.329055307999965, 0.0 ], [ 112.205450146000089, -8.32908277699994, 0.0 ], [ 112.205365625000013, -8.329076309999948, 0.0 ], [ 112.205321615000116, -8.329021826999963, 0.0 ], [ 112.205307635000054, -8.32898244699993, 0.0 ], [ 112.20529457900011, -8.328945671999975, 0.0 ], [ 112.205319975000066, -8.328908732999935, 0.0 ], [ 112.205342819000066, -8.328887792999979, 0.0 ], [ 112.20538469600001, -8.328868757999942, 0.0 ], [ 112.205436094000106, -8.328845914999931, 0.0 ], [ 112.20544751400007, -8.328798325999969, 0.0 ], [ 112.205526779000024, -8.328721012999949, 0.0 ], [ 112.205607736000047, -8.328760252999928, 0.0 ], [ 112.205628198000113, -8.328810868999938, 0.0 ], [ 112.205630584, -8.328880755999933, 0.0 ], [ 112.205625438000084, -8.32893258799993, 0.0 ], [ 112.205590282000117, -8.328967741999975, 0.0 ], [ 112.205563633000111, -8.328986777999944, 0.0 ], [ 112.205538340000089, -8.329014369999982, 0.0 ], [ 112.205500814000061, -8.329055307999965, 0.0 ] ] ], [ [ [ 112.202813770000034, -8.32691209199993, 0.0 ], [ 112.202769000000103, -8.326937, 0.0 ], [ 112.202738003000036, -8.326933982999947, 0.0 ], [ 112.202740006000113, -8.326886940999941, 0.0 ], [ 112.202740244000097, -8.32688135199993, 0.0 ], [ 112.202754519000109, -8.326802829999963, 0.0 ], [ 112.202778315000046, -8.326740963999953, 0.0 ], [ 112.20282114500003, -8.326690994999979, 0.0 ], [ 112.202904426000032, -8.326669580999976, 0.0 ], [ 112.202952531000051, -8.326673931999949, 0.0 ], [ 112.20294013900002, -8.326788326999974, 0.0 ], [ 112.202917557000092, -8.326837496999929, 0.0 ], [ 112.202856073000021, -8.326888555999972, 0.0 ], [ 112.202813770000034, -8.32691209199993, 0.0 ] ] ] ] } },
{ "type": "Feature", "properties": { "OBJECTID": 116172.0, "KDPPUM": "35", "NAMOBJ": "Tambakrejo", "REMARK": null, "KDPBPS": null, "FCODE": "BA03070040", "LUASWH": 11.20607917, "UUPP": "Hasil Delineasi Batas Desa 2019", "SRS_ID": "SRGI 2013", "METADATA": "TASWIL1000020200326DATA_BATAS_DESA_KELURAHAN", "KDEBPS": null, "KDEPUM": "35.05.08.2003", "KDCBPS": null, "KDCPUM": "35.05.08", "KDBBPS": null, "WADMKD": "Tambakrejo", "WIADKD": null, "WADMKC": "Wonotirto", "WIADKC": null, "WADMKK": "Blitar", "WIADKK": null, "WADMPR": "Jawa Timur", "WIADPR": null, "TIPADM": 1.0, "KDPKAB": "35.05", "SHAPE_Leng": 0.18086579743136899, "SHAPE_Area": 0.00092015701491200003 }, "geometry": { "type": "MultiPolygon", "coordinates": [ [ [ [ 112.164642518000051, -8.289066738999963, 0.0 ], [ 112.165399187000048, -8.289095292999946, 0.0 ], [ 112.165756106000117, -8.28899535499994, 0.0 ], [ 112.166170132000047, -8.288923971999964, 0.0 ], [ 112.166598435000083, -8.288952524999956, 0.0 ], [ 112.167155229000059, -8.289109569999937, 0.0 ], [ 112.16812604900008, -8.289238059999946, 0.0 ], [ 112.168440138000051, -8.289123845999939, 0.0 ], [ 112.168797057, -8.288866864999932, 0.0 ], [ 112.169496618000039, -8.288467114999946, 0.0 ], [ 112.169867814000099, -8.288167302999966, 0.0 ], [ 112.170067689, -8.287867490999929, 0.0 ], [ 112.170253287000037, -8.287553401999958, 0.0 ], [ 112.170467439000049, -8.287324973999944, 0.0 ], [ 112.170752974000038, -8.287267866999969, 0.0 ], [ 112.171109893000107, -8.287339250999935, 0.0 ], [ 112.171566750000011, -8.287639062999972, 0.0 ], [ 112.172080713000014, -8.288038811999968, 0.0 ], [ 112.172394802000099, -8.288267239999925, 0.0 ], [ 112.172765998000045, -8.288410007999971, 0.0 ], [ 112.173094364, -8.28850994499993, 0.0 ], [ 112.173508390000052, -8.288666989999967, 0.0 ], [ 112.173950969000089, -8.288724096999943, 0.0 ], [ 112.174350719000017, -8.288709819999951, 0.0 ], [ 112.174550594000038, -8.288567051999962, 0.0 ], [ 112.174707638000086, -8.288481391999937, 0.0 ], [ 112.174850406000019, -8.288467114999946, 0.0 ], [ 112.175064557000042, -8.288495668999929, 0.0 ], [ 112.175278709000054, -8.288609882999936, 0.0 ], [ 112.175607074000027, -8.28869554299996, 0.0 ], [ 112.176078208000035, -8.28869554299996, 0.0 ], [ 112.176549341000054, -8.28855277599996, 0.0 ], [ 112.177220349000095, -8.288324346999957, 0.0 ], [ 112.177248902000088, -8.288010258999975, 0.0 ], [ 112.177448777000109, -8.287781829999972, 0.0 ], [ 112.178219723000097, -8.28772472299994, 0.0 ], [ 112.178976391000106, -8.287739, 0.0 ], [ 112.179576015000066, -8.287739, 0.0 ], [ 112.179961488000117, -8.287810383999954, 0.0 ], [ 112.180575389000069, -8.28821013299995, 0.0 ], [ 112.180946585000015, -8.288652712999976, 0.0 ], [ 112.18118929000002, -8.288966801999948, 0.0 ], [ 112.18174608400011, -8.289109569999937, 0.0 ], [ 112.182317154000089, -8.289152399999978, 0.0 ], [ 112.182674074000033, -8.28918095299997, 0.0 ], [ 112.183088100000077, -8.289409381999974, 0.0 ], [ 112.183673447000047, -8.289666362999981, 0.0 ], [ 112.18451, -8.2901, 0.0 ], [ 112.18438, -8.29035, 0.0 ], [ 112.18442, -8.29067, 0.0 ], [ 112.184530000000109, -8.290929998999957, 0.0 ], [ 112.18475, -8.29109, 0.0 ], [ 112.18509, -8.29118, 0.0 ], [ 112.185949999000059, -8.29118, 0.0 ], [ 112.18631, -8.29118, 0.0 ], [ 112.18664, -8.291319998999938, 0.0 ], [ 112.186780000000113, -8.29152, 0.0 ], [ 112.1868, -8.29182, 0.0 ], [ 112.186600000000112, -8.29217, 0.0 ], [ 112.18599241600009, -8.292326083999967, 0.0 ], [ 112.185792542000058, -8.292347498999959, 0.0 ], [ 112.185542698000063, -8.292383190999942, 0.0 ], [ 112.185278578000066, -8.292447435999975, 0.0 ], [ 112.185092980000036, -8.292525957999942, 0.0 ], [ 112.184950212000103, -8.292633033999948, 0.0 ], [ 112.184871690000023, -8.292740109999954, 0.0 ], [ 112.184850275000031, -8.292818631999978, 0.0 ], [ 112.18497, -8.29309, 0.0 ], [ 112.18514294900001, -8.293204104999973, 0.0 ], [ 112.185228609000092, -8.293311180999979, 0.0 ], [ 112.185257163000074, -8.293453947999978, 0.0 ], [ 112.185235748000082, -8.293610992999959, 0.0 ], [ 112.185200056000099, -8.293746621999958, 0.0 ], [ 112.185023136000041, -8.293893728999933, 0.0 ], [ 112.1849, -8.29414, 0.0 ], [ 112.18472, -8.29425, 0.0 ], [ 112.184602930000096, -8.29425, 0.0 ], [ 112.184412573000031, -8.294176352999955, 0.0 ], [ 112.184299549000116, -8.294128762999947, 0.0 ], [ 112.184186524000097, -8.294081173999928, 0.0 ], [ 112.184058628000116, -8.294048456999974, 0.0 ], [ 112.1839188350001, -8.294051430999957, 0.0 ], [ 112.183817708000106, -8.294107942999972, 0.0 ], [ 112.183749298000066, -8.294212043999948, 0.0 ], [ 112.183713606000083, -8.294322094999927, 0.0 ], [ 112.183707658000117, -8.29443809299994, 0.0 ], [ 112.18367196600002, -8.294658192999975, 0.0 ], [ 112.183769771000016, -8.295099696999955, 0.0 ], [ 112.18411074900007, -8.295950834999928, 0.0 ], [ 112.184177601000101, -8.296038280999937, 0.0 ], [ 112.184269806000088, -8.296088843999939, 0.0 ], [ 112.184376881000048, -8.296130484999935, 0.0 ], [ 112.184543444000042, -8.296192945999962, 0.0 ], [ 112.18471054500003, -8.296170147999931, 0.0 ], [ 112.184852773000102, -8.296163201999946, 0.0 ], [ 112.184912260000033, -8.296166176999975, 0.0 ], [ 112.185028259000092, -8.296178073999954, 0.0 ], [ 112.185129386000085, -8.296204842999941, 0.0 ], [ 112.185236462000034, -8.296267303999969, 0.0 ], [ 112.185319743000036, -8.296320841999943, 0.0 ], [ 112.185432767000066, -8.296395199999949, 0.0 ], [ 112.185513074000028, -8.296466583999972, 0.0 ], [ 112.185551740000051, -8.296573659999979, 0.0 ], [ 112.185548766000011, -8.296740221999926, 0.0 ], [ 112.185545791000095, -8.296817553999972, 0.0 ], [ 112.185521997000023, -8.29690975799997, 0.0 ], [ 112.185480356000085, -8.29697519399997, 0.0 ], [ 112.185394101000043, -8.297019807999959, 0.0 ], [ 112.185313794000081, -8.297049551999976, 0.0 ], [ 112.184998515000075, -8.297323189999929, 0.0 ], [ 112.184746575000077, -8.297487546999946, 0.0 ], [ 112.184502874000032, -8.297625142999948, 0.0 ], [ 112.184388660000081, -8.297639419999939, 0.0 ], [ 112.184231615000044, -8.297606107999968, 0.0 ], [ 112.184131678000085, -8.297549000999936, 0.0 ], [ 112.184017464000021, -8.297525205999932, 0.0 ], [ 112.183884214000045, -8.297525205999932, 0.0 ], [ 112.183746205000034, -8.297563276999938, 0.0 ], [ 112.183612955000058, -8.29765369699993, 0.0 ], [ 112.183505404000016, -8.297700928999973, 0.0 ], [ 112.183407251000062, -8.297700928999973, 0.0 ], [ 112.183282329, -8.29772769799996, 0.0 ], [ 112.183202022000046, -8.297778261999952, 0.0 ], [ 112.183148485000061, -8.297852619999958, 0.0 ], [ 112.183133613000109, -8.297938874999943, 0.0 ], [ 112.183184176000054, -8.298319588999959, 0.0 ], [ 112.183204997000075, -8.29838502399997, 0.0 ], [ 112.183207971000115, -8.298486150999963, 0.0 ], [ 112.183199048, -8.298581329999934, 0.0 ], [ 112.183184176000054, -8.298670559999948, 0.0 ], [ 112.183172279000019, -8.298771686999942, 0.0 ], [ 112.183139562000065, -8.298863890999939, 0.0 ], [ 112.183088998000017, -8.298908505999975, 0.0 ], [ 112.183044383000038, -8.298920402999954, 0.0 ], [ 112.182968805000087, -8.298930376999976, 0.0 ], [ 112.182892692000109, -8.298997734999944, 0.0 ], [ 112.182818334000103, -8.29902747899996, 0.0 ], [ 112.182767771000044, -8.299030452999943, 0.0 ], [ 112.182684490000042, -8.299006657999939, 0.0 ], [ 112.182550645000106, -8.298884710999971, 0.0 ], [ 112.182425723000051, -8.298783583999978, 0.0 ], [ 112.1822353660001, -8.298646764999944, 0.0 ], [ 112.182119368000031, -8.298569431999965, 0.0 ], [ 112.18198849700002, -8.298521842999946, 0.0 ], [ 112.181860601000039, -8.298521842999946, 0.0 ], [ 112.181771371000082, -8.298533740999972, 0.0 ], [ 112.181697013000075, -8.298569431999965, 0.0 ], [ 112.181628604000025, -8.298628918999952, 0.0 ], [ 112.181542348000107, -8.298738968999942, 0.0 ], [ 112.181515579, -8.298857941999927, 0.0 ], [ 112.18152, -8.29905, 0.0 ], [ 112.181535438000083, -8.299219815999948, 0.0 ], [ 112.181917113000054, -8.299797828999942, 0.0 ], [ 112.18229782700007, -8.300511666999967, 0.0 ], [ 112.182509004000053, -8.300874534999934, 0.0 ], [ 112.182523876, -8.300981610999941, 0.0 ], [ 112.182523876, -8.30109166099993, 0.0 ], [ 112.182467364000104, -8.301231453999947, 0.0 ], [ 112.18229782700007, -8.301445605999959, 0.0 ], [ 112.181959057000086, -8.301683693999962, 0.0 ], [ 112.181670244000088, -8.301805498999954, 0.0 ], [ 112.181583989000046, -8.301850113999933, 0.0 ], [ 112.181521528000076, -8.301894728999969, 0.0 ], [ 112.181473939000057, -8.301948266999943, 0.0 ], [ 112.181430186000057, -8.302050639999948, 0.0 ], [ 112.181307377000053, -8.302397389999953, 0.0 ], [ 112.1811748020001, -8.302608140999951, 0.0 ], [ 112.180941534000112, -8.302706719999946, 0.0 ], [ 112.180834459000039, -8.302706719999946, 0.0 ], [ 112.180664922, -8.302685899999972, 0.0 ], [ 112.180542975000094, -8.302671027999963, 0.0 ], [ 112.18030502900001, -8.302578823999966, 0.0 ], [ 112.180153338000082, -8.302519337999968, 0.0 ], [ 112.18007005700008, -8.302480670999955, 0.0 ], [ 112.179960007000091, -8.302388466999957, 0.0 ], [ 112.179742881000038, -8.302233801999932, 0.0 ], [ 112.179626882000093, -8.302091034999933, 0.0 ], [ 112.179555498000013, -8.302007753999931, 0.0 ], [ 112.179385962000083, -8.301921497999956, 0.0 ], [ 112.179234271000041, -8.301930420999952, 0.0 ], [ 112.179148016000113, -8.302049393999937, 0.0 ], [ 112.179121247000012, -8.302207032999945, 0.0 ], [ 112.179115298000056, -8.302293288999977, 0.0 ], [ 112.179210477000083, -8.302486619999968, 0.0 ], [ 112.179261040000029, -8.302558003999934, 0.0 ], [ 112.17934729600006, -8.302647233999949, 0.0 ], [ 112.179421654000066, -8.302739437999946, 0.0 ], [ 112.179436525000028, -8.302828667999961, 0.0 ], [ 112.179400833000045, -8.303013075999957, 0.0 ], [ 112.179356219000056, -8.303111228999967, 0.0 ], [ 112.179356219000056, -8.303230201999952, 0.0 ], [ 112.179371090000018, -8.303331328999946, 0.0 ], [ 112.179409756000041, -8.303453275999971, 0.0 ], [ 112.179457346000049, -8.303548454999941, 0.0 ], [ 112.179498986000112, -8.303637683999966, 0.0 ], [ 112.179573344, -8.303709067999932, 0.0 ], [ 112.179623908000053, -8.303744759999972, 0.0 ], [ 112.179728009000087, -8.303789374999951, 0.0 ], [ 112.179852931000028, -8.303816143999939, 0.0 ], [ 112.180025442000101, -8.303831015999947, 0.0 ], [ 112.180162261000078, -8.30383696399997, 0.0 ], [ 112.180334772000037, -8.303807220999943, 0.0 ], [ 112.180911791000085, -8.303709067999932, 0.0 ], [ 112.18102779000003, -8.303709067999932, 0.0 ], [ 112.181209224000099, -8.303709067999932, 0.0 ], [ 112.181363889000068, -8.303682298999945, 0.0 ], [ 112.181497733000015, -8.303637683999966, 0.0 ], [ 112.181664296, -8.303637683999966, 0.0 ], [ 112.181780294000077, -8.303667427999926, 0.0 ], [ 112.181854653000073, -8.303726913999981, 0.0 ], [ 112.181958754000107, -8.303863732999957, 0.0 ], [ 112.182033112000113, -8.304354496999963, 0.0 ], [ 112.1820598810001, -8.304619211999977, 0.0 ], [ 112.182052109000097, -8.304879903999961, 0.0 ], [ 112.182071778000022, -8.305077257999926, 0.0 ], [ 112.18209854700001, -8.305133769999941, 0.0 ], [ 112.182181828000012, -8.305211102999976, 0.0 ], [ 112.182271058000083, -8.305243820999976, 0.0 ], [ 112.182315673000062, -8.305243820999976, 0.0 ], [ 112.182390031000068, -8.305237871999964, 0.0 ], [ 112.182452492000039, -8.305217051999932, 0.0 ], [ 112.182540887000073, -8.305146461999925, 0.0 ], [ 112.182971506000058, -8.304933787999971, 0.0 ], [ 112.183627351000041, -8.304506187999948, 0.0 ], [ 112.183728478000035, -8.304485366999927, 0.0 ], [ 112.183841503000053, -8.304485366999927, 0.0 ], [ 112.183972373000074, -8.304497264999952, 0.0 ], [ 112.184082423000063, -8.304535930999975, 0.0 ], [ 112.184171653000021, -8.304595416999973, 0.0 ], [ 112.184228165000036, -8.304657877999944, 0.0 ], [ 112.184263857000019, -8.304723312999954, 0.0 ], [ 112.184290626, -8.30483038899996, 0.0 ], [ 112.184284677000051, -8.304934490999926, 0.0 ], [ 112.184257908000063, -8.305017771999928, 0.0 ], [ 112.184237088000032, -8.305127821999974, 0.0 ], [ 112.184263857000019, -8.305228948999968, 0.0 ], [ 112.184308472000112, -8.30530925599993, 0.0 ], [ 112.184335241000099, -8.305407407999951, 0.0 ], [ 112.184329292000029, -8.305514483999957, 0.0 ], [ 112.184299549000116, -8.305624533999946, 0.0 ], [ 112.184284677000051, -8.305746481999961, 0.0 ], [ 112.184356061000017, -8.306290782999952, 0.0 ], [ 112.184364984000013, -8.306394884999975, 0.0 ], [ 112.184388779000074, -8.306487088999972, 0.0 ], [ 112.184418522000101, -8.30657929299997, 0.0 ], [ 112.184436368000092, -8.306704214999968, 0.0 ], [ 112.184412573000031, -8.306826161999936, 0.0 ], [ 112.184373907, -8.306906468999955, 0.0 ], [ 112.184302523000042, -8.30696298099997, 0.0 ], [ 112.184213293000084, -8.306983800999944, 0.0 ], [ 112.18409, -8.306959998999957, 0.0 ], [ 112.183776067000053, -8.30685293099998, 0.0 ], [ 112.183555967000075, -8.30678452199993, 0.0 ], [ 112.182806437000067, -8.306475191999937, 0.0 ], [ 112.182339468, -8.306284834999929, 0.0 ], [ 112.182217520000108, -8.306275911999933, 0.0 ], [ 112.182089624000014, -8.306302680999977, 0.0 ], [ 112.182015266, -8.30633837299996, 0.0 ], [ 112.181976600000098, -8.306427601999928, 0.0 ], [ 112.181896293000023, -8.306626881999932, 0.0 ], [ 112.181813012000021, -8.306805341999961, 0.0 ], [ 112.181786243000033, -8.30696298099997, 0.0 ], [ 112.181781408, -8.307206513999972, 0.0 ], [ 112.181874878000031, -8.307485867999958, 0.0 ], [ 112.182084271, -8.308366267999929, 0.0 ], [ 112.182350770000085, -8.309056311999939, 0.0 ], [ 112.182888528000035, -8.309950988999958, 0.0 ], [ 112.18325496500006, -8.310598202999927, 0.0 ], [ 112.183293037000112, -8.310726693999925, 0.0 ], [ 112.183288278000077, -8.310826630999941, 0.0 ], [ 112.183250206000025, -8.310950362999961, 0.0 ], [ 112.183155028000101, -8.311097888999939, 0.0 ], [ 112.18288, -8.31139, 0.0 ], [ 112.181920000000105, -8.312399998999979, 0.0 ], [ 112.18062, -8.31351, 0.0 ], [ 112.18011, -8.31409, 0.0 ], [ 112.179896738000025, -8.314328349999926, 0.0 ], [ 112.179571560000113, -8.314452929999959, 0.0 ], [ 112.178895793000038, -8.31454810799994, 0.0 ], [ 112.178767302000097, -8.314595696999959, 0.0 ], [ 112.178630000000112, -8.31473, 0.0 ], [ 112.1785511920001, -8.314894778999928, 0.0 ], [ 112.178595981000058, -8.31515725, 0.0 ], [ 112.178669744000103, -8.315521307999973, 0.0 ], [ 112.178826788000038, -8.315828257999954, 0.0 ], [ 112.179376444000013, -8.316699140999958, 0.0 ], [ 112.180504308000081, -8.318055432999927, 0.0 ], [ 112.181025410000075, -8.318605088999959, 0.0 ], [ 112.181175316, -8.318854931999965, 0.0 ], [ 112.181375191000029, -8.319111913999961, 0.0 ], [ 112.181553651000058, -8.319404587999941, 0.0 ], [ 112.181724972000097, -8.319832890999976, 0.0 ], [ 112.182067614000061, -8.320910786999946, 0.0 ], [ 112.182253212000091, -8.321867329999975, 0.0 ], [ 112.182253212000091, -8.322038650999957, 0.0 ], [ 112.182174583, -8.32352021, 0.0 ], [ 112.18219426600001, -8.323628463999967, 0.0 ], [ 112.18144544200004, -8.324214807999965, 0.0 ], [ 112.181453616000113, -8.324296543999935, 0.0 ], [ 112.181478283000047, -8.324351478999972, 0.0 ], [ 112.181641432000106, -8.324531758999967, 0.0 ], [ 112.181740171000115, -8.324635562999958, 0.0 ], [ 112.181794897000032, -8.324683151999977, 0.0 ], [ 112.181844578000096, -8.324732831999938, 0.0 ], [ 112.181871939000075, -8.324767889999976, 0.0 ], [ 112.181887619, -8.32479516199993, 0.0 ], [ 112.181895699000052, -8.324828920999948, 0.0 ], [ 112.181903403000092, -8.324927113999934, 0.0 ], [ 112.181909068000095, -8.324999310999942, 0.0 ], [ 112.181913709000014, -8.325058472999956, 0.0 ], [ 112.181918053000118, -8.325080362999927, 0.0 ], [ 112.181918426000038, -8.325084981999964, 0.0 ], [ 112.18192577100001, -8.325119241999971, 0.0 ], [ 112.181949066000016, -8.325194439999962, 0.0 ], [ 112.181958236000014, -8.325217910999982, 0.0 ], [ 112.181969357000071, -8.32524394099994, 0.0 ], [ 112.181988010000055, -8.325287603999925, 0.0 ], [ 112.182025208000027, -8.325374672999942, 0.0 ], [ 112.182028643000081, -8.325382713999943, 0.0 ], [ 112.182030899000097, -8.325387328999966, 0.0 ], [ 112.182052831000078, -8.325432205999959, 0.0 ], [ 112.182067173000064, -8.325459015999968, 0.0 ], [ 112.182070605000035, -8.325465430999941, 0.0 ], [ 112.182095956000012, -8.325515598999971, 0.0 ], [ 112.182110935000082, -8.325540826999941, 0.0 ], [ 112.182141142000091, -8.325597293999977, 0.0 ], [ 112.182209572000033, -8.325715536999951, 0.0 ], [ 112.182242740000106, -8.325784961999943, 0.0 ], [ 112.182262140000034, -8.325831749999963, 0.0 ], [ 112.182267789000093, -8.325847346999979, 0.0 ], [ 112.182277896000073, -8.32587525799994, 0.0 ], [ 112.182296566000105, -8.325929654999982, 0.0 ], [ 112.182300295, -8.32594378899995, 0.0 ], [ 112.182309649000103, -8.325954180999929, 0.0 ], [ 112.182313841000109, -8.325958839999942, 0.0 ], [ 112.182326667000098, -8.325966411999957, 0.0 ], [ 112.182357822000085, -8.325979465999978, 0.0 ], [ 112.18237311900009, -8.32598371499995, 0.0 ], [ 112.182383576, -8.325986619999981, 0.0 ], [ 112.182390857000087, -8.325991474999967, 0.0 ], [ 112.182397389000016, -8.325995828999964, 0.0 ], [ 112.18240775400011, -8.326009082999974, 0.0 ], [ 112.18241088700006, -8.326018528999953, 0.0 ], [ 112.182412267000018, -8.326029686999959, 0.0 ], [ 112.18241242900001, -8.326041402999977, 0.0 ], [ 112.182412495000108, -8.326046195999936, 0.0 ], [ 112.18240890300001, -8.326057332999937, 0.0 ], [ 112.182406277000041, -8.326061390999939, 0.0 ], [ 112.18239561900009, -8.326072235999959, 0.0 ], [ 112.182378817000085, -8.32608655699994, 0.0 ], [ 112.182368362000034, -8.326095586999941, 0.0 ], [ 112.18236704900005, -8.326096720999942, 0.0 ], [ 112.182362133000083, -8.326100964999966, 0.0 ], [ 112.182351569000048, -8.326113038999949, 0.0 ], [ 112.182343038000113, -8.326129673999958, 0.0 ], [ 112.182339458000115, -8.326142273999949, 0.0 ], [ 112.182337299000096, -8.326155180999933, 0.0 ], [ 112.182335642000112, -8.326165088999971, 0.0 ], [ 112.182334801000025, -8.326188671999944, 0.0 ], [ 112.182334528000069, -8.326196358999937, 0.0 ], [ 112.182334223000112, -8.326204910999934, 0.0 ], [ 112.182333859000096, -8.326215152999964, 0.0 ], [ 112.18233004700005, -8.326229459999979, 0.0 ], [ 112.182324559000108, -8.326240665999933, 0.0 ], [ 112.18231584800003, -8.326252613999941, 0.0 ], [ 112.182303373000082, -8.326264809999941, 0.0 ], [ 112.182289635000075, -8.326278242999933, 0.0 ], [ 112.182271031000028, -8.326293103999944, 0.0 ], [ 112.182249912000088, -8.326304491999963, 0.0 ], [ 112.182229656000118, -8.326315416999932, 0.0 ], [ 112.182219122000106, -8.326321097999937, 0.0 ], [ 112.182185996000044, -8.326333642999941, 0.0 ], [ 112.18217239, -8.326336583999932, 0.0 ], [ 112.18216707900001, -8.326337732999946, 0.0 ], [ 112.182145953000031, -8.326338903999954, 0.0 ], [ 112.182130242000085, -8.326336285999957, 0.0 ], [ 112.182101812000042, -8.326329150999982, 0.0 ], [ 112.182099816, -8.326328329999967, 0.0 ], [ 112.182095014000083, -8.326326356999971, 0.0 ], [ 112.1820805320001, -8.326320406999969, 0.0 ], [ 112.182072577000099, -8.326313656999957, 0.0 ], [ 112.182063847000109, -8.32630624899997, 0.0 ], [ 112.182053653000025, -8.326296042999957, 0.0 ], [ 112.182040609000069, -8.326280716999975, 0.0 ], [ 112.182029537000062, -8.32625904799994, 0.0 ], [ 112.182014377000087, -8.326212401999953, 0.0 ], [ 112.181999642000051, -8.326177111999925, 0.0 ], [ 112.181990152000026, -8.3261595, 0.0 ], [ 112.181954808000114, -8.326110899999946, 0.0 ], [ 112.181939442000044, -8.32608582499995, 0.0 ], [ 112.181934713000032, -8.326070062999975, 0.0 ], [ 112.181922253000039, -8.325967932999959, 0.0 ], [ 112.181926721000082, -8.325924753999971, 0.0 ], [ 112.181928290000087, -8.325912187999961, 0.0 ], [ 112.181930812000019, -8.32588685099995, 0.0 ], [ 112.181930739000109, -8.325871396999958, 0.0 ], [ 112.181929464000063, -8.325861432999943, 0.0 ], [ 112.181921593000084, -8.325830849999932, 0.0 ], [ 112.181914823000056, -8.325810539999964, 0.0 ], [ 112.181891029000099, -8.325755811999954, 0.0 ], [ 112.181862784000032, -8.325707168999941, 0.0 ], [ 112.181852052000067, -8.325689779999948, 0.0 ], [ 112.181838685000116, -8.32567148499993, 0.0 ], [ 112.181819903000019, -8.325650627999948, 0.0 ], [ 112.181805362000091, -8.325632887999973, 0.0 ], [ 112.181717795000054, -8.325505884999927, 0.0 ], [ 112.181712738000101, -8.325501277999933, 0.0 ], [ 112.18170017500006, -8.325491598999974, 0.0 ], [ 112.181692366000107, -8.325486827999953, 0.0 ], [ 112.181681363000052, -8.325482594999926, 0.0 ], [ 112.18167324, -8.325480902999971, 0.0 ], [ 112.181659551000052, -8.325481415999946, 0.0 ], [ 112.181642283000087, -8.325487534999979, 0.0 ], [ 112.181611210000028, -8.325505478999958, 0.0 ], [ 112.18145623800001, -8.325587205999966, 0.0 ], [ 112.181278668, -8.325663358999975, 0.0 ], [ 112.181235103000063, -8.32567695299997, 0.0 ], [ 112.181198889000029, -8.325687358999971, 0.0 ], [ 112.181159329000025, -8.325693372999979, 0.0 ], [ 112.181117888000017, -8.325693521999938, 0.0 ], [ 112.181074110000054, -8.325684328999955, 0.0 ], [ 112.181043391000117, -8.325671520999947, 0.0 ], [ 112.181028089000051, -8.325661220999962, 0.0 ], [ 112.18099523300009, -8.325626679999971, 0.0 ], [ 112.180866644000048, -8.325444351999977, 0.0 ], [ 112.180694282000104, -8.325212225999962, 0.0 ], [ 112.180670652000117, -8.325184633999982, 0.0 ], [ 112.180660396, -8.325174771999968, 0.0 ], [ 112.180649244000051, -8.325169125999935, 0.0 ], [ 112.180635620000089, -8.325166555999942, 0.0 ], [ 112.180609339000057, -8.325171618999946, 0.0 ], [ 112.180588509000017, -8.325184456999978, 0.0 ], [ 112.180571649000058, -8.325199749999967, 0.0 ], [ 112.18043762700006, -8.325385523999955, 0.0 ], [ 112.180405478000011, -8.325424311999939, 0.0 ], [ 112.180384231000062, -8.325445196999965, 0.0 ], [ 112.180353486000058, -8.325471866999976, 0.0 ], [ 112.180315390000032, -8.325503940999965, 0.0 ], [ 112.180269276000104, -8.325536925999927, 0.0 ], [ 112.180257387000097, -8.325543661999973, 0.0 ], [ 112.180222840000056, -8.325558766999961, 0.0 ], [ 112.180199427000048, -8.325566016999971, 0.0 ], [ 112.180168102000039, -8.325569652999945, 0.0 ], [ 112.180147806000036, -8.325569437999945, 0.0 ], [ 112.180125426000018, -8.325564328999974, 0.0 ], [ 112.18009552500007, -8.325553930999945, 0.0 ], [ 112.180085247000079, -8.325549423999973, 0.0 ], [ 112.180070249000096, -8.325539196999955, 0.0 ], [ 112.180044499000019, -8.325517036999941, 0.0 ], [ 112.180028585000059, -8.325498314999948, 0.0 ], [ 112.179953842000032, -8.325410783999928, 0.0 ], [ 112.179929511000068, -8.325378188999935, 0.0 ], [ 112.179909943000098, -8.325350481999976, 0.0 ], [ 112.179903334000073, -8.325340539999956, 0.0 ], [ 112.179882847000044, -8.325308607999943, 0.0 ], [ 112.179873779000104, -8.325296390999938, 0.0 ], [ 112.179867073000082, -8.325287972999945, 0.0 ], [ 112.179841656, -8.325260826999966, 0.0 ], [ 112.179829315, -8.325251566999953, 0.0 ], [ 112.179822746000013, -8.325246636999964, 0.0 ], [ 112.179798326000082, -8.325231935999966, 0.0 ], [ 112.179785441000035, -8.32522523199998, 0.0 ], [ 112.179750320000039, -8.325209902999973, 0.0 ], [ 112.179594571000052, -8.325152711999976, 0.0 ], [ 112.179585690000067, -8.325145903999953, 0.0 ], [ 112.179577184000095, -8.325137981999944, 0.0 ], [ 112.179574009000021, -8.325133649999941, 0.0 ], [ 112.179567171000031, -8.32512167699997, 0.0 ], [ 112.179526325000097, -8.325051972999972, 0.0 ], [ 112.179505466000023, -8.325022713999942, 0.0 ], [ 112.179497173000073, -8.325013572999978, 0.0 ], [ 112.179468597000096, -8.324990054999944, 0.0 ], [ 112.179342689, -8.324910791999969, 0.0 ], [ 112.17923346300006, -8.32485814599994, 0.0 ], [ 112.179187779000017, -8.324842940999929, 0.0 ], [ 112.179164396000033, -8.324841410999966, 0.0 ], [ 112.179121245000033, -8.324848990999953, 0.0 ], [ 112.17909153800008, -8.32486072599994, 0.0 ], [ 112.17905780500007, -8.324876995999944, 0.0 ], [ 112.179020011000034, -8.324901139999952, 0.0 ], [ 112.178995097000097, -8.324918080999964, 0.0 ], [ 112.178971271000023, -8.324930525999946, 0.0 ], [ 112.178958398000077, -8.324934607999978, 0.0 ], [ 112.178934931000072, -8.324941367999941, 0.0 ], [ 112.17890842700001, -8.324945942999932, 0.0 ], [ 112.1788648590001, -8.32494677699998, 0.0 ], [ 112.178799357000116, -8.324945152999931, 0.0 ], [ 112.178722968000102, -8.324940622999975, 0.0 ], [ 112.178684562000058, -8.324943068999971, 0.0 ], [ 112.178681967000102, -8.324943618999953, 0.0 ], [ 112.17860234300008, -8.324958716999959, 0.0 ], [ 112.178562422000027, -8.324970676999953, 0.0 ], [ 112.178446903, -8.325018277999959, 0.0 ], [ 112.178368745000057, -8.325050483999973, 0.0 ], [ 112.178327838000087, -8.325071814999944, 0.0 ], [ 112.17831271700004, -8.325081893999936, 0.0 ], [ 112.178306147000058, -8.325086273999943, 0.0 ], [ 112.178249294000011, -8.325144723999927, 0.0 ], [ 112.178239967000081, -8.325154710999925, 0.0 ], [ 112.178216880000036, -8.325179428999945, 0.0 ], [ 112.178193381000028, -8.325209589999929, 0.0 ], [ 112.178176962000066, -8.325236017999941, 0.0 ], [ 112.178154524000092, -8.325290613999925, 0.0 ], [ 112.178149260000055, -8.325303418999965, 0.0 ], [ 112.178139200000032, -8.325327897999955, 0.0 ], [ 112.178133207000087, -8.325340340999958, 0.0 ], [ 112.178125635000015, -8.325352537999947, 0.0 ], [ 112.178117023000027, -8.325359521999928, 0.0 ], [ 112.178111526000066, -8.325362661999975, 0.0 ], [ 112.17810904800001, -8.325364075999971, 0.0 ], [ 112.178097240000056, -8.32536607399993, 0.0 ], [ 112.178096959000072, -8.325366107999969, 0.0 ], [ 112.178090901000019, -8.325366821999978, 0.0 ], [ 112.17807941500007, -8.325364907999926, 0.0 ], [ 112.178070905000027, -8.325363491999951, 0.0 ], [ 112.178061183000068, -8.325361870999927, 0.0 ], [ 112.178050691000067, -8.325360124999975, 0.0 ], [ 112.178039946000013, -8.325357204999932, 0.0 ], [ 112.178032633000043, -8.32535521799997, 0.0 ], [ 112.178003188000048, -8.325344124999958, 0.0 ], [ 112.177971433000039, -8.325324248999948, 0.0 ], [ 112.177938104000077, -8.325295824999955, 0.0 ], [ 112.177884860000063, -8.325238398999943, 0.0 ], [ 112.177821368000082, -8.325166865999961, 0.0 ], [ 112.177765659000102, -8.325100241999962, 0.0 ], [ 112.177655313000059, -8.32495139699995, 0.0 ], [ 112.177654427000107, -8.32495029699993, 0.0 ], [ 112.177645109000082, -8.324938709999969, 0.0 ], [ 112.177595894000092, -8.324877509999965, 0.0 ], [ 112.177553494000108, -8.324823415999958, 0.0 ], [ 112.177521103000117, -8.32478244899994, 0.0 ], [ 112.177498558000025, -8.324753961999932, 0.0 ], [ 112.177449860000024, -8.32469600099995, 0.0 ], [ 112.177406605000101, -8.324659939999947, 0.0 ], [ 112.177374959000076, -8.324636732999977, 0.0 ], [ 112.177365441, -8.324629595999966, 0.0 ], [ 112.17732344, -8.324599402999979, 0.0 ], [ 112.177246704000027, -8.324549953999963, 0.0 ], [ 112.177230936000115, -8.324540412999966, 0.0 ], [ 112.177176957000029, -8.324511099999938, 0.0 ], [ 112.177126606000115, -8.324480863999952, 0.0 ], [ 112.177038322000044, -8.324419071999955, 0.0 ], [ 112.177022516000079, -8.324406426999928, 0.0 ], [ 112.177010641000038, -8.324392745999944, 0.0 ], [ 112.177005544000053, -8.324383563999959, 0.0 ], [ 112.177000368000108, -8.324370043999977, 0.0 ], [ 112.176998923000042, -8.324362277999967, 0.0 ], [ 112.176998639000089, -8.324357090999968, 0.0 ], [ 112.176998268000034, -8.324350300999981, 0.0 ], [ 112.176998787000116, -8.324346925999976, 0.0 ], [ 112.176999905000116, -8.3243396299999, 0.0 ], [ 112.177001011000016, -8.324332425999955, 0.0 ], [ 112.177026147000106, -8.324283221999963, 0.0 ], [ 112.177030320000085, -8.324275050999972, 0.0 ], [ 112.177056130000096, -8.324224528999935, 0.0 ], [ 112.17709904600008, -8.324140523999972, 0.0 ], [ 112.17710372800002, -8.324133914999948, 0.0 ], [ 112.17710579900006, -8.324131838999961, 0.0 ], [ 112.17710732, -8.324130312999955, 0.0 ], [ 112.177111313000069, -8.324126306999972, 0.0 ], [ 112.177123860000052, -8.324116397999944, 0.0 ], [ 112.177131129000031, -8.324111556999981, 0.0 ], [ 112.177176552000105, -8.324086410999939, 0.0 ], [ 112.17722111, -8.324058364999928, 0.0 ], [ 112.177228100000093, -8.324052820999952, 0.0 ], [ 112.177232591, -8.324047932999974, 0.0 ], [ 112.177235441000107, -8.324042851999934, 0.0 ], [ 112.177236266000023, -8.324039010999968, 0.0 ], [ 112.177235494000115, -8.324033886999928, 0.0 ], [ 112.177232942000046, -8.324027461999947, 0.0 ], [ 112.17722883700003, -8.324020222999934, 0.0 ], [ 112.177224659000103, -8.324015213999928, 0.0 ], [ 112.177221795000037, -8.324013837999928, 0.0 ], [ 112.177215319000084, -8.324012645999971, 0.0 ], [ 112.177205592000064, -8.324013529999945, 0.0 ], [ 112.177190965000023, -8.324014902999977, 0.0 ], [ 112.177158426, -8.324016793999931, 0.0 ], [ 112.177143498000078, -8.324016560999951, 0.0 ], [ 112.177123148000078, -8.324011552999934, 0.0 ], [ 112.177102492000017, -8.324001774999942, 0.0 ], [ 112.177095724000083, -8.323998007999933, 0.0 ], [ 112.177091783000037, -8.323995000999957, 0.0 ], [ 112.177080749000083, -8.323983140999928, 0.0 ], [ 112.177076210000109, -8.323976916999925, 0.0 ], [ 112.177075460000083, -8.32397588799995, 0.0 ], [ 112.177071144000024, -8.323966585999926, 0.0 ], [ 112.177065912000103, -8.323950656999955, 0.0 ], [ 112.177065004000042, -8.323940928999946, 0.0 ], [ 112.177065396000103, -8.323921162999966, 0.0 ], [ 112.177065929000037, -8.323896859999934, 0.0 ], [ 112.177065134000031, -8.323884979999946, 0.0 ], [ 112.177051307000056, -8.323821368999972, 0.0 ], [ 112.17704943800004, -8.323799078999969, 0.0 ], [ 112.17705073500008, -8.323782397999935, 0.0 ], [ 112.177054374000022, -8.323767575999966, 0.0 ], [ 112.177062668000076, -8.32373893099998, 0.0 ], [ 112.177071993000027, -8.323714231999929, 0.0 ], [ 112.177079609000089, -8.323687254999982, 0.0 ], [ 112.177082542000107, -8.323676866999961, 0.0 ], [ 112.17708540700005, -8.323660396999969, 0.0 ], [ 112.177085953000073, -8.323657267999977, 0.0 ], [ 112.177085115000068, -8.323638649999964, 0.0 ], [ 112.177083743000026, -8.323627816999931, 0.0 ], [ 112.177081598000086, -8.323620570999935, 0.0 ], [ 112.177077163000035, -8.323613244999933, 0.0 ], [ 112.177069937000056, -8.323604430999978, 0.0 ], [ 112.177052640000056, -8.323586312999964, 0.0 ], [ 112.17705180400003, -8.323585015999981, 0.0 ], [ 112.17704551700001, -8.323575266999967, 0.0 ], [ 112.177041516000031, -8.323559785999976, 0.0 ], [ 112.177040427000065, -8.323551753999936, 0.0 ], [ 112.17704088000005, -8.323531815999957, 0.0 ], [ 112.177043521000087, -8.323514899999964, 0.0 ], [ 112.177045830000111, -8.323507821999954, 0.0 ], [ 112.177052794000019, -8.323492690999956, 0.0 ], [ 112.177056403000051, -8.323486755999966, 0.0 ], [ 112.177082467000105, -8.323455487999979, 0.0 ], [ 112.177153404000023, -8.323383597999964, 0.0 ], [ 112.177168602000052, -8.323367057999974, 0.0 ], [ 112.177177038000082, -8.323353113999929, 0.0 ], [ 112.177184419000014, -8.32332465199994, 0.0 ], [ 112.177187573000083, -8.323295216999952, 0.0 ], [ 112.177181059000077, -8.323274288999926, 0.0 ], [ 112.17717454700005, -8.323262700999976, 0.0 ], [ 112.177159009000093, -8.323247161999973, 0.0 ], [ 112.177142838, -8.323239541999953, 0.0 ], [ 112.177121864000014, -8.323234985999932, 0.0 ], [ 112.177101566000033, -8.323231890999978, 0.0 ], [ 112.177084419000039, -8.323232979999943, 0.0 ], [ 112.177039528000023, -8.323240742999928, 0.0 ], [ 112.177000628000087, -8.323252922999927, 0.0 ], [ 112.176955771000053, -8.323272322999969, 0.0 ], [ 112.176908114000071, -8.323299008999982, 0.0 ], [ 112.176858574000107, -8.323332878999963, 0.0 ], [ 112.176822240000092, -8.323357260999956, 0.0 ], [ 112.176718970000024, -8.323430003999931, 0.0 ], [ 112.176660689000073, -8.323468952999974, 0.0 ], [ 112.176582936000045, -8.323516323999968, 0.0 ], [ 112.176553301000013, -8.323531379999963, 0.0 ], [ 112.176512188000061, -8.323548055999936, 0.0 ], [ 112.176495865000106, -8.323553277999963, 0.0 ], [ 112.176463295000076, -8.323561161999976, 0.0 ], [ 112.17643686200006, -8.323564284999975, 0.0 ], [ 112.176419391000081, -8.323563357999944, 0.0 ], [ 112.176398900000095, -8.323559973999977, 0.0 ], [ 112.176374779000071, -8.323550915999931, 0.0 ], [ 112.176352924000071, -8.323535621999952, 0.0 ], [ 112.176335196000082, -8.323518931999956, 0.0 ], [ 112.1762185340001, -8.323355135999975, 0.0 ], [ 112.176027669000064, -8.323089349999975, 0.0 ], [ 112.175911477000113, -8.322917061999931, 0.0 ], [ 112.175882688000115, -8.322885837999934, 0.0 ], [ 112.175847219000048, -8.322880077999969, 0.0 ], [ 112.175840529000084, -8.322876986999972, 0.0 ], [ 112.175836495000112, -8.32287436799993, 0.0 ], [ 112.175830798000106, -8.322869793999928, 0.0 ], [ 112.175685792000081, -8.322719511999935, 0.0 ], [ 112.175674160000085, -8.322707285999968, 0.0 ], [ 112.175642462000042, -8.322677340999974, 0.0 ], [ 112.175632834000112, -8.322669395999981, 0.0 ], [ 112.175607703000082, -8.322652372999926, 0.0 ], [ 112.175581341000111, -8.32263799499998, 0.0 ], [ 112.175502355000049, -8.322597540999936, 0.0 ], [ 112.175365328000112, -8.322518889999969, 0.0 ], [ 112.175345594000078, -8.32251661, 0.0 ], [ 112.175335106000034, -8.322516370999949, 0.0 ], [ 112.175324616000012, -8.322517446999939, 0.0 ], [ 112.175303494000104, -8.322525174999953, 0.0 ], [ 112.17529482000009, -8.322524496999961, 0.0 ], [ 112.175293827000019, -8.322524418999933, 0.0 ], [ 112.175292315000092, -8.322523726999975, 0.0 ], [ 112.175246005000076, -8.322502561999954, 0.0 ], [ 112.17522568000004, -8.322491489999948, 0.0 ], [ 112.175213257000109, -8.322483372999955, 0.0 ], [ 112.175208127000019, -8.322478285999978, 0.0 ], [ 112.175202807, -8.32246962399995, 0.0 ], [ 112.17520072700006, -8.322466236999958, 0.0 ], [ 112.175198742000021, -8.322463004999975, 0.0 ], [ 112.175196645000028, -8.322443908999958, 0.0 ], [ 112.175196013, -8.322439643999928, 0.0 ], [ 112.17519435600002, -8.322425467999949, 0.0 ], [ 112.175191902000051, -8.322401320999973, 0.0 ], [ 112.175191597000094, -8.322397932999934, 0.0 ], [ 112.175188821, -8.322367084999939, 0.0 ], [ 112.175185794000072, -8.322316662999981, 0.0 ], [ 112.17518588300004, -8.322302462999971, 0.0 ], [ 112.175186451000059, -8.322294486999965, 0.0 ], [ 112.175191406000067, -8.322276871999975, 0.0 ], [ 112.175198845000068, -8.32225927099995, 0.0 ], [ 112.175210269000104, -8.322237109999946, 0.0 ], [ 112.175235596000107, -8.322191418999978, 0.0 ], [ 112.175238306000097, -8.322186046999946, 0.0 ], [ 112.17524822900009, -8.322166368999945, 0.0 ], [ 112.175251426000045, -8.322160028999974, 0.0 ], [ 112.175253453000096, -8.32215482099997, 0.0 ], [ 112.175254453000093, -8.32214965199995, 0.0 ], [ 112.175254926000093, -8.322145812999963, 0.0 ], [ 112.175255386000117, -8.322142091999979, 0.0 ], [ 112.175255592000099, -8.322132315999966, 0.0 ], [ 112.175256592000096, -8.322124286999951, 0.0 ], [ 112.175257334000094, -8.322121006999964, 0.0 ], [ 112.175258516000099, -8.322119137999948, 0.0 ], [ 112.175261707000118, -8.322117419999927, 0.0 ], [ 112.175263277000113, -8.322116766999955, 0.0 ], [ 112.175265507000063, -8.32211715699998, 0.0 ], [ 112.17526715200006, -8.322117336999952, 0.0 ], [ 112.175269166000021, -8.322117799999944, 0.0 ], [ 112.175272113, -8.32211831799998, 0.0 ], [ 112.17527351800004, -8.322118799999942, 0.0 ], [ 112.175273585000014, -8.322118817999979, 0.0 ], [ 112.175273652000101, -8.322118834999969, 0.0 ], [ 112.1752866060001, -8.322122997999941, 0.0 ], [ 112.175296907000074, -8.322124678999955, 0.0 ], [ 112.175297410000098, -8.322124760999941, 0.0 ], [ 112.175299281000093, -8.32212431399995, 0.0 ], [ 112.175302840000086, -8.322123764999958, 0.0 ], [ 112.175308087000076, -8.322121946999971, 0.0 ], [ 112.175314618000016, -8.322118322999927, 0.0 ], [ 112.175323092000099, -8.322110907999956, 0.0 ], [ 112.17536451400008, -8.322073297999964, 0.0 ], [ 112.175377848000039, -8.322061189999943, 0.0 ], [ 112.175423258000023, -8.322026672999925, 0.0 ], [ 112.175473007000051, -8.321993819999932, 0.0 ], [ 112.175563725000075, -8.321939445999931, 0.0 ], [ 112.175644995000084, -8.321892766999952, 0.0 ], [ 112.175657115000035, -8.32188593799998, 0.0 ], [ 112.175699447000056, -8.321858066999937, 0.0 ], [ 112.175715661000027, -8.321845143999951, 0.0 ], [ 112.175724588000094, -8.321835970999928, 0.0 ], [ 112.175731162000034, -8.32182660899997, 0.0 ], [ 112.175737501000071, -8.321812583999929, 0.0 ], [ 112.175739565000072, -8.321794915999931, 0.0 ], [ 112.175740302, -8.321778988999938, 0.0 ], [ 112.17573948200004, -8.321767765999937, 0.0 ], [ 112.175737072000061, -8.32175772599993, 0.0 ], [ 112.17572984800006, -8.321743086999959, 0.0 ], [ 112.17572361100008, -8.32173310099995, 0.0 ], [ 112.175706889000026, -8.321716531999925, 0.0 ], [ 112.175695111000095, -8.32170855499993, 0.0 ], [ 112.175682937000033, -8.321703899999932, 0.0 ], [ 112.175672107000082, -8.321700452999949, 0.0 ], [ 112.175660851000089, -8.321698132999927, 0.0 ], [ 112.175621604000071, -8.321692267999936, 0.0 ], [ 112.17561248700008, -8.32169155899993, 0.0 ], [ 112.175562547000027, -8.321689152999966, 0.0 ], [ 112.175479884000083, -8.321690197999942, 0.0 ], [ 112.175408564, -8.321694217999948, 0.0 ], [ 112.175369735000118, -8.321691912999938, 0.0 ], [ 112.175325235000059, -8.321679719999963, 0.0 ], [ 112.17525987700003, -8.321655434999968, 0.0 ], [ 112.175230340000098, -8.321643291999976, 0.0 ], [ 112.175208281000096, -8.321637411999973, 0.0 ], [ 112.175186876000112, -8.321635332999961, 0.0 ], [ 112.175169013000072, -8.321636182999953, 0.0 ], [ 112.175137176000021, -8.321640291999927, 0.0 ], [ 112.175118869000016, -8.321644873999958, 0.0 ], [ 112.175069240000084, -8.321656829999938, 0.0 ], [ 112.174930285000073, -8.321678753999947, 0.0 ], [ 112.17483626, -8.321685434999949, 0.0 ], [ 112.17475872600005, -8.321689509999942, 0.0 ], [ 112.17469746200004, -8.321695860999966, 0.0 ], [ 112.174687187000018, -8.321696981999935, 0.0 ], [ 112.174679185000059, -8.321697855999957, 0.0 ], [ 112.174648569000055, -8.321700782999926, 0.0 ], [ 112.174597160000076, -8.32170569699997, 0.0 ], [ 112.174567770000067, -8.321707888999981, 0.0 ], [ 112.174545151000075, -8.321708630999979, 0.0 ], [ 112.174531995000052, -8.321707901999957, 0.0 ], [ 112.174501769000017, -8.321706229999961, 0.0 ], [ 112.174473511000087, -8.321702470999981, 0.0 ], [ 112.174439950000078, -8.321696516999964, 0.0 ], [ 112.174418239000033, -8.32169048399993, 0.0 ], [ 112.174390272000096, -8.321680795999953, 0.0 ], [ 112.174368537000078, -8.321670777999941, 0.0 ], [ 112.174360964000016, -8.321666801999982, 0.0 ], [ 112.174349690000099, -8.321660881999946, 0.0 ], [ 112.174347141000112, -8.321659543999942, 0.0 ], [ 112.174334206000026, -8.32165071299994, 0.0 ], [ 112.174323052000091, -8.321641510999939, 0.0 ], [ 112.174322410000059, -8.321640701999968, 0.0 ], [ 112.174316578000116, -8.321633362999933, 0.0 ], [ 112.174311475000081, -8.321623947999967, 0.0 ], [ 112.174307591000115, -8.321614835999981, 0.0 ], [ 112.174301435000075, -8.321589476999975, 0.0 ], [ 112.174292975000071, -8.321543996999935, 0.0 ], [ 112.174286306000113, -8.32151775799997, 0.0 ], [ 112.17428153600008, -8.321504726999933, 0.0 ], [ 112.174262662000046, -8.321459771999969, 0.0 ], [ 112.174244009000063, -8.321419564999928, 0.0 ], [ 112.174213791000057, -8.321367331999966, 0.0 ], [ 112.174197075000052, -8.321343866999939, 0.0 ], [ 112.174188610000101, -8.321333583999944, 0.0 ], [ 112.174181578000116, -8.321326062999958, 0.0 ], [ 112.174166666000019, -8.321313783999926, 0.0 ], [ 112.174151782000081, -8.32130153199995, 0.0 ], [ 112.174139890000106, -8.321290530999931, 0.0 ], [ 112.174126771000033, -8.321273970999925, 0.0 ], [ 112.174111180000068, -8.321251758999949, 0.0 ], [ 112.174062926000033, -8.321178729999929, 0.0 ], [ 112.17405304600004, -8.321163776999981, 0.0 ], [ 112.174050581000074, -8.321160044999942, 0.0 ], [ 112.174032999000019, -8.321133437999947, 0.0 ], [ 112.174025022000023, -8.321123746999945, 0.0 ], [ 112.173984390000101, -8.321090946999959, 0.0 ], [ 112.173964665000085, -8.321078354999941, 0.0 ], [ 112.173933534000071, -8.321061990999965, 0.0 ], [ 112.17372715800002, -8.321002826999973, 0.0 ], [ 112.173615098000028, -8.320978072999935, 0.0 ], [ 112.173562615000037, -8.32097121399994, 0.0 ], [ 112.173511534000113, -8.320967205999978, 0.0 ], [ 112.173477022000043, -8.320967705999976, 0.0 ], [ 112.173404296000058, -8.320975232999956, 0.0 ], [ 112.17336681200004, -8.320982694999941, 0.0 ], [ 112.173343665000061, -8.320991128999935, 0.0 ], [ 112.173329078000052, -8.320996867999952, 0.0 ], [ 112.173317878000034, -8.321002917999976, 0.0 ], [ 112.173307786, -8.321009453999977, 0.0 ], [ 112.173298284000111, -8.32101705599996, 0.0 ], [ 112.173281555000017, -8.32103279599994, 0.0 ], [ 112.173270222000042, -8.321045688999959, 0.0 ], [ 112.173246243000108, -8.321076380999955, 0.0 ], [ 112.173209009000061, -8.321129323999969, 0.0 ], [ 112.173181553000063, -8.321169427999962, 0.0 ], [ 112.173157807000052, -8.32119856199995, 0.0 ], [ 112.173145385000112, -8.321208182999953, 0.0 ], [ 112.173125523000067, -8.321216121999953, 0.0 ], [ 112.173101393000024, -8.32122106099996, 0.0 ], [ 112.17308834500011, -8.321221923999929, 0.0 ], [ 112.173003856000037, -8.32122815699995, 0.0 ], [ 112.172953884000094, -8.321234727999979, 0.0 ], [ 112.172908664000033, -8.32124547899997, 0.0 ], [ 112.172868805, -8.321258523999973, 0.0 ], [ 112.172625487, -8.32135644799996, 0.0 ], [ 112.172562576000018, -8.321378339999967, 0.0 ], [ 112.172538982000106, -8.321386549999943, 0.0 ], [ 112.172525759000109, -8.321390385999962, 0.0 ], [ 112.172494417000053, -8.321398276999957, 0.0 ], [ 112.172488378000025, -8.321399269999972, 0.0 ], [ 112.172463201000028, -8.321402131999946, 0.0 ], [ 112.172441113000104, -8.321403452999959, 0.0 ], [ 112.172440602000052, -8.321403482999926, 0.0 ], [ 112.172392495000054, -8.321394288999954, 0.0 ], [ 112.172293250000052, -8.321348229999955, 0.0 ], [ 112.172217562000014, -8.321313104999945, 0.0 ], [ 112.172193671000059, -8.321304637999958, 0.0 ], [ 112.172185157000058, -8.321302862999971, 0.0 ], [ 112.172156151000081, -8.321297173999938, 0.0 ], [ 112.172120060000111, -8.321293674999936, 0.0 ], [ 112.171885953000015, -8.321262117999936, 0.0 ], [ 112.171861671000102, -8.321260226999925, 0.0 ], [ 112.171841776000065, -8.321258678999925, 0.0 ], [ 112.171798046000049, -8.321255274999942, 0.0 ], [ 112.171680345000027, -8.32126100499994, 0.0 ], [ 112.171587384000077, -8.321269323999957, 0.0 ], [ 112.171496121000018, -8.321277487999964, 0.0 ], [ 112.171453554000095, -8.321286265999959, 0.0 ], [ 112.171378103000052, -8.321314508999933, 0.0 ], [ 112.171335359000068, -8.321336277999933, 0.0 ], [ 112.17132928500007, -8.321340189999944, 0.0 ], [ 112.171322773000043, -8.321345365999946, 0.0 ], [ 112.171320694000087, -8.321347558999946, 0.0 ], [ 112.171317513000076, -8.321351843999935, 0.0 ], [ 112.171312567000086, -8.321360454999933, 0.0 ], [ 112.171309880000081, -8.321366903999944, 0.0 ], [ 112.171308707000094, -8.321372001999976, 0.0 ], [ 112.171308608000118, -8.321377398999971, 0.0 ], [ 112.171311013000036, -8.321383887999957, 0.0 ], [ 112.171312786000044, -8.321386780999944, 0.0 ], [ 112.171315883000034, -8.321389258999943, 0.0 ], [ 112.171322030000056, -8.321392729999957, 0.0 ], [ 112.171324420000019, -8.321393745999956, 0.0 ], [ 112.171375413000078, -8.32141439399993, 0.0 ], [ 112.171378375000018, -8.321415878999971, 0.0 ], [ 112.171379671000068, -8.321418334999976, 0.0 ], [ 112.171380003000081, -8.321424538999963, 0.0 ], [ 112.171378460000028, -8.321429108999951, 0.0 ], [ 112.171366392000095, -8.321444205999967, 0.0 ], [ 112.171348531000035, -8.321469566999951, 0.0 ], [ 112.171343630000024, -8.321477008999977, 0.0 ], [ 112.171339315000068, -8.321485937999967, 0.0 ], [ 112.17133853100006, -8.321489560999964, 0.0 ], [ 112.171341771000016, -8.321492982999928, 0.0 ], [ 112.171350149000091, -8.321494546999929, 0.0 ], [ 112.171363047000114, -8.321495229999925, 0.0 ], [ 112.171398822000015, -8.32149156, 0.0 ], [ 112.171414786000014, -8.321491237999965, 0.0 ], [ 112.171421494000015, -8.321492923999926, 0.0 ], [ 112.171427555000037, -8.321497354999963, 0.0 ], [ 112.171431049000034, -8.321504722999975, 0.0 ], [ 112.171434669000064, -8.321519821999971, 0.0 ], [ 112.171435128000098, -8.321526369999958, 0.0 ], [ 112.171433324000077, -8.321532267999942, 0.0 ], [ 112.171425291000105, -8.321538095999927, 0.0 ], [ 112.171402016000116, -8.321552138999948, 0.0 ], [ 112.171376689000112, -8.321572414999935, 0.0 ], [ 112.171356813000102, -8.32158717599998, 0.0 ], [ 112.17135023000003, -8.321590184999934, 0.0 ], [ 112.171328447000064, -8.321600142999955, 0.0 ], [ 112.171301281000069, -8.321610964999934, 0.0 ], [ 112.171260860000075, -8.321623998999939, 0.0 ], [ 112.171238362000054, -8.321627086999968, 0.0 ], [ 112.171197520000078, -8.321625534999953, 0.0 ], [ 112.171190965000051, -8.321624147999955, 0.0 ], [ 112.171172825000099, -8.321617813999978, 0.0 ], [ 112.17116202200009, -8.321610990999943, 0.0 ], [ 112.171160504000113, -8.321609681999973, 0.0 ], [ 112.171154845000046, -8.321601793999946, 0.0 ], [ 112.171153212000036, -8.321593943999972, 0.0 ], [ 112.171154076000107, -8.32158897599993, 0.0 ], [ 112.171154334000107, -8.321588052999971, 0.0 ], [ 112.171155589000023, -8.321583566999948, 0.0 ], [ 112.171166241000037, -8.321565711999938, 0.0 ], [ 112.171177367000041, -8.321550687999945, 0.0 ], [ 112.171192443000109, -8.321526336999966, 0.0 ], [ 112.171195044000115, -8.321519128999967, 0.0 ], [ 112.171194882, -8.321510199999977, 0.0 ], [ 112.171187461000045, -8.321486789999938, 0.0 ], [ 112.171186999000042, -8.321485772999949, 0.0 ], [ 112.17117969100002, -8.321472458999949, 0.0 ], [ 112.171176931000105, -8.321468618999972, 0.0 ], [ 112.17116722500009, -8.321458770999925, 0.0 ], [ 112.17115926300005, -8.321452216999944, 0.0 ], [ 112.171150931000057, -8.321447470999942, 0.0 ], [ 112.171144816000037, -8.321445144999927, 0.0 ], [ 112.171139314000015, -8.321444349999979, 0.0 ], [ 112.171132914000054, -8.321444981999946, 0.0 ], [ 112.171119231000034, -8.321448756999928, 0.0 ], [ 112.171103040000048, -8.321454812999946, 0.0 ], [ 112.171092646000034, -8.321457118999945, 0.0 ], [ 112.171081984000011, -8.321457606999957, 0.0 ], [ 112.171067640000047, -8.321454317999951, 0.0 ], [ 112.171061080000072, -8.321449938999933, 0.0 ], [ 112.171052818000021, -8.321441976999949, 0.0 ], [ 112.170989415, -8.321362594999925, 0.0 ], [ 112.170976184000097, -8.321346991999974, 0.0 ], [ 112.170968394000056, -8.321340430999953, 0.0 ], [ 112.170957821000115, -8.321334467999975, 0.0 ], [ 112.170952810000017, -8.321332816999927, 0.0 ], [ 112.170877282000106, -8.32130439599996, 0.0 ], [ 112.170855902000085, -8.321293730999969, 0.0 ], [ 112.170828932000063, -8.321272526999962, 0.0 ], [ 112.170809493000093, -8.321242122999934, 0.0 ], [ 112.1708064930001, -8.321236168999974, 0.0 ], [ 112.170795514000019, -8.321214384999962, 0.0 ], [ 112.170785787000113, -8.321192297999971, 0.0 ], [ 112.170783655000037, -8.321185232999937, 0.0 ], [ 112.170781545000068, -8.321179238999946, 0.0 ], [ 112.170780429000047, -8.321176070999968, 0.0 ], [ 112.170774745000017, -8.321151183999973, 0.0 ], [ 112.170771071000104, -8.321125658999961, 0.0 ], [ 112.170768948000045, -8.321055174999969, 0.0 ], [ 112.170769376000067, -8.321010618999935, 0.0 ], [ 112.170770191000088, -8.320925775999967, 0.0 ], [ 112.170771114000104, -8.320881869999937, 0.0 ], [ 112.170773895000025, -8.320851753999932, 0.0 ], [ 112.170777919000102, -8.32080814699998, 0.0 ], [ 112.17077882000001, -8.320798533999948, 0.0 ], [ 112.170779898000092, -8.320787033999977, 0.0 ], [ 112.170786526000029, -8.320716345999926, 0.0 ], [ 112.170790849000014, -8.320701029999952, 0.0 ], [ 112.170792857000038, -8.320691431999933, 0.0 ], [ 112.170795942000041, -8.320676688999981, 0.0 ], [ 112.170801260000076, -8.320664156999953, 0.0 ], [ 112.170816283000022, -8.320628742999929, 0.0 ], [ 112.170830437000063, -8.320602601999951, 0.0 ], [ 112.170859074000077, -8.320559035999963, 0.0 ], [ 112.170886156000051, -8.320528588999935, 0.0 ], [ 112.170899272000042, -8.320515471999954, 0.0 ], [ 112.170913416000076, -8.320505515999969, 0.0 ], [ 112.170961810000108, -8.320471450999946, 0.0 ], [ 112.171006687000045, -8.320452271999955, 0.0 ], [ 112.171072091000042, -8.320438678999949, 0.0 ], [ 112.171184411000013, -8.32042325499998, 0.0 ], [ 112.17124066000008, -8.320409767999934, 0.0 ], [ 112.171262967000075, -8.320402393999927, 0.0 ], [ 112.171297164000066, -8.320383660999937, 0.0 ], [ 112.171328182000025, -8.32035777599998, 0.0 ], [ 112.171345220000035, -8.320341053999925, 0.0 ], [ 112.171355755000036, -8.320320549999963, 0.0 ], [ 112.171358221000105, -8.320312060999981, 0.0 ], [ 112.171357826000076, -8.320287090999955, 0.0 ], [ 112.171352920000118, -8.32026984, 0.0 ], [ 112.171336841000084, -8.320250163999958, 0.0 ], [ 112.171320853000111, -8.320240167999941, 0.0 ], [ 112.171310235000078, -8.320238059999951, 0.0 ], [ 112.171289772000023, -8.320239131999926, 0.0 ], [ 112.171216167000011, -8.320262195999931, 0.0 ], [ 112.171158185000081, -8.320282213999974, 0.0 ], [ 112.171121546000109, -8.320290690999968, 0.0 ], [ 112.171049519, -8.32030526099993, 0.0 ], [ 112.170991112000024, -8.320315131999962, 0.0 ], [ 112.170908076000046, -8.320317433999946, 0.0 ], [ 112.170843383000033, -8.320314566999969, 0.0 ], [ 112.170781489000092, -8.320315598999969, 0.0 ], [ 112.170266527000081, -8.320278478999967, 0.0 ], [ 112.170139551000034, -8.320272485999965, 0.0 ], [ 112.170068860000015, -8.320275655999978, 0.0 ], [ 112.169544665000103, -8.32036130399996, 0.0 ], [ 112.169431362000068, -8.320382181999946, 0.0 ], [ 112.16937624500008, -8.320397227999933, 0.0 ], [ 112.169336075000047, -8.32041441299998, 0.0 ], [ 112.169318272000055, -8.320426587999975, 0.0 ], [ 112.169283460000088, -8.32045779699996, 0.0 ], [ 112.169265773, -8.320482520999974, 0.0 ], [ 112.16925728700005, -8.320497073999945, 0.0 ], [ 112.169244529000025, -8.320523858999934, 0.0 ], [ 112.169237629, -8.320546305999926, 0.0 ], [ 112.169231477000039, -8.320588961999931, 0.0 ], [ 112.169231981000053, -8.320597027999952, 0.0 ], [ 112.169234489000019, -8.32063717099993, 0.0 ], [ 112.169252595000103, -8.320723947999966, 0.0 ], [ 112.16928327700009, -8.320839037999974, 0.0 ], [ 112.169288884000025, -8.320873457999937, 0.0 ], [ 112.169290620000083, -8.320901407999941, 0.0 ], [ 112.169288866000102, -8.320914898999945, 0.0 ], [ 112.169283475000043, -8.320933533999948, 0.0 ], [ 112.169279382000013, -8.320943340999975, 0.0 ], [ 112.169258243000058, -8.320987095999953, 0.0 ], [ 112.169238713000027, -8.321022096999968, 0.0 ], [ 112.169224714000052, -8.321053629999938, 0.0 ], [ 112.169217324000101, -8.321073945999956, 0.0 ], [ 112.16919684700008, -8.321130241999981, 0.0 ], [ 112.169192863000035, -8.321139751999965, 0.0 ], [ 112.169189542000026, -8.321147678999978, 0.0 ], [ 112.169184228000063, -8.321156788999929, 0.0 ], [ 112.169182459000012, -8.32115882599993, 0.0 ], [ 112.169177772000012, -8.321164220999947, 0.0 ], [ 112.16917098700003, -8.321167196999966, 0.0 ], [ 112.169160186000113, -8.321169266999959, 0.0 ], [ 112.16914939000003, -8.321169682999937, 0.0 ], [ 112.169141838000087, -8.321167265999975, 0.0 ], [ 112.169130376000112, -8.321162328999947, 0.0 ], [ 112.169110361000094, -8.321144790999938, 0.0 ], [ 112.168974919000107, -8.320994923999933, 0.0 ], [ 112.168963556000108, -8.320988420999981, 0.0 ], [ 112.168952713000067, -8.320985429999951, 0.0 ], [ 112.16892873200004, -8.32098389, 0.0 ], [ 112.168918053000084, -8.32098483599998, 0.0 ], [ 112.168894661000081, -8.320992738999962, 0.0 ], [ 112.168861126000024, -8.321007670999961, 0.0 ], [ 112.168818433000069, -8.321029436999936, 0.0 ], [ 112.168792369000016, -8.3210443299999, 0.0 ], [ 112.168719214000021, -8.321091906999925, 0.0 ], [ 112.168525300000056, -8.321237010999937, 0.0 ], [ 112.168356635, -8.321369993999951, 0.0 ], [ 112.16829043000007, -8.321429221999949, 0.0 ], [ 112.168122255000071, -8.32158798699993, 0.0 ], [ 112.168061784000088, -8.321646270999963, 0.0 ], [ 112.16750864800008, -8.322202288999961, 0.0 ], [ 112.167485772000077, -8.322226383999975, 0.0 ], [ 112.16746261500009, -8.322256968999966, 0.0 ], [ 112.167449125000076, -8.322280895999938, 0.0 ], [ 112.167442344000051, -8.322295513999961, 0.0 ], [ 112.167355999000051, -8.322541808999972, 0.0 ], [ 112.167293575000031, -8.322772161999978, 0.0 ], [ 112.167252128000086, -8.322954073999938, 0.0 ], [ 112.167229158000055, -8.32303560899993, 0.0 ], [ 112.167196218000072, -8.323152535999952, 0.0 ], [ 112.167182228000115, -8.323202193999975, 0.0 ], [ 112.167166909000116, -8.323245525999937, 0.0 ], [ 112.16709120500002, -8.323454681999976, 0.0 ], [ 112.167075217000047, -8.323494370999981, 0.0 ], [ 112.167069653000112, -8.323508564999941, 0.0 ], [ 112.167069529000059, -8.323509901999955, 0.0 ], [ 112.167064727000025, -8.323523017999946, 0.0 ], [ 112.167063529000075, -8.323526466999965, 0.0 ], [ 112.167046615000118, -8.323575149999954, 0.0 ], [ 112.167042342000059, -8.323590165999974, 0.0 ], [ 112.167040531000112, -8.323605963999967, 0.0 ], [ 112.167042503000062, -8.323613727999941, 0.0 ], [ 112.167051406000041, -8.323627192999936, 0.0 ], [ 112.167072322000081, -8.323652908999975, 0.0 ], [ 112.167080996000095, -8.323662277999972, 0.0 ], [ 112.167092817000025, -8.323670138999944, 0.0 ], [ 112.16710446400009, -8.32367458899995, 0.0 ], [ 112.167126999000061, -8.323677748999955, 0.0 ], [ 112.167141358000094, -8.323679762999973, 0.0 ], [ 112.167147964000037, -8.323680661999958, 0.0 ], [ 112.167153584000062, -8.323682234999978, 0.0 ], [ 112.167171146000101, -8.323690738999971, 0.0 ], [ 112.167187215000013, -8.323699629999965, 0.0 ], [ 112.167205433000049, -8.323707279999951, 0.0 ], [ 112.167220584, -8.323710362999975, 0.0 ], [ 112.167235237000114, -8.323711332999949, 0.0 ], [ 112.167267889000073, -8.323709859999951, 0.0 ], [ 112.167313798, -8.323702759999946, 0.0 ], [ 112.167318376000026, -8.323702759999946, 0.0 ], [ 112.167347926000048, -8.323702760999936, 0.0 ], [ 112.167376859000115, -8.323706097999946, 0.0 ], [ 112.167377185000078, -8.323706135999942, 0.0 ], [ 112.167384347000052, -8.323707934999959, 0.0 ], [ 112.167389281000055, -8.32370991099998, 0.0 ], [ 112.167391062000092, -8.323710457999937, 0.0 ], [ 112.167407216000015, -8.323717089999946, 0.0 ], [ 112.167417815000022, -8.323722696999937, 0.0 ], [ 112.167436628000019, -8.323733663999974, 0.0 ], [ 112.167447871000036, -8.323740216999965, 0.0 ], [ 112.167454600000042, -8.323744899999951, 0.0 ], [ 112.1674799970001, -8.32376422599998, 0.0 ], [ 112.167490717000078, -8.323773298999981, 0.0 ], [ 112.16749621800011, -8.323779035999962, 0.0 ], [ 112.167512070000043, -8.323797981999974, 0.0 ], [ 112.167520465000052, -8.323809128999926, 0.0 ], [ 112.167528806000064, -8.323824724999952, 0.0 ], [ 112.167533823000099, -8.323838080999963, 0.0 ], [ 112.167534867000086, -8.323844036999958, 0.0 ], [ 112.167535541, -8.323861794999971, 0.0 ], [ 112.16753380800003, -8.323876189999964, 0.0 ], [ 112.167530649000014, -8.323890659999961, 0.0 ], [ 112.167523968000069, -8.323906850999947, 0.0 ], [ 112.1675228040001, -8.32391297099997, 0.0 ], [ 112.167508170000019, -8.323946015999979, 0.0 ], [ 112.16750589600008, -8.323950070999956, 0.0 ], [ 112.167503396000029, -8.323954524999976, 0.0 ], [ 112.167500107000023, -8.323960388999978, 0.0 ], [ 112.167495715000086, -8.323967311999979, 0.0 ], [ 112.167482195000048, -8.323988632999942, 0.0 ], [ 112.167469156000038, -8.324006580999935, 0.0 ], [ 112.167459498000085, -8.324018285999955, 0.0 ], [ 112.167275333000021, -8.324241468999958, 0.0 ], [ 112.167230220000079, -8.32428764399998, 0.0 ], [ 112.167229746000089, -8.324288027999955, 0.0 ], [ 112.167202872000075, -8.324309822999965, 0.0 ], [ 112.167070230000036, -8.324405099999979, 0.0 ], [ 112.167054407000023, -8.324418970999943, 0.0 ], [ 112.167045287000064, -8.324428818999934, 0.0 ], [ 112.16702826300002, -8.324453055999982, 0.0 ], [ 112.167014433000077, -8.324472340999932, 0.0 ], [ 112.167007283000089, -8.324486221999962, 0.0 ], [ 112.167000647, -8.32449910899993, 0.0 ], [ 112.166999934000046, -8.324500997999962, 0.0 ], [ 112.166993833000106, -8.324513056999933, 0.0 ], [ 112.166988599000092, -8.324546644999941, 0.0 ], [ 112.166987598000105, -8.324550943999952, 0.0 ], [ 112.166986257000076, -8.324561670999969, 0.0 ], [ 112.166986126000097, -8.324562725999954, 0.0 ], [ 112.166983869000092, -8.324599216999957, 0.0 ], [ 112.16698137000003, -8.324658223999961, 0.0 ], [ 112.166977036000048, -8.324701442999981, 0.0 ], [ 112.166966335000097, -8.324788559999945, 0.0 ], [ 112.166950639000106, -8.324916347999931, 0.0 ], [ 112.166945609000095, -8.324934146999965, 0.0 ], [ 112.166931568000109, -8.324948634999942, 0.0 ], [ 112.166921014000081, -8.324954615999957, 0.0 ], [ 112.166877045000092, -8.324979533999965, 0.0 ], [ 112.16684740900007, -8.324991881999949, 0.0 ], [ 112.166836323000098, -8.324998527999981, 0.0 ], [ 112.166833484000108, -8.324999850999973, 0.0 ], [ 112.166832568000018, -8.325000778999936, 0.0 ], [ 112.166829083000039, -8.325002865999977, 0.0 ], [ 112.166824274000078, -8.325007828999958, 0.0 ], [ 112.166821929000093, -8.325011709999956, 0.0 ], [ 112.16681923200008, -8.32501995399997, 0.0 ], [ 112.166818816000045, -8.325022605999948, 0.0 ], [ 112.166817500000093, -8.325027733999946, 0.0 ], [ 112.166817096000045, -8.325031442999943, 0.0 ], [ 112.166817194000032, -8.32503894599995, 0.0 ], [ 112.166818591000037, -8.325047165999933, 0.0 ], [ 112.166819775000022, -8.325050965999935, 0.0 ], [ 112.16682409200007, -8.325058406999972, 0.0 ], [ 112.166828379000094, -8.325062106999951, 0.0 ], [ 112.16683290800006, -8.325065055999971, 0.0 ], [ 112.166840721000085, -8.325068170999941, 0.0 ], [ 112.166848168000115, -8.325069950999932, 0.0 ], [ 112.166858273000116, -8.325070516999972, 0.0 ], [ 112.166893463000065, -8.325073336999935, 0.0 ], [ 112.166920019000031, -8.32507699599995, 0.0 ], [ 112.166942079000023, -8.325082231999943, 0.0 ], [ 112.166954036000106, -8.325086452999926, 0.0 ], [ 112.166963032000012, -8.325093282999944, 0.0 ], [ 112.166966022000111, -8.325096069999972, 0.0 ], [ 112.167034075000061, -8.325159496999959, 0.0 ], [ 112.167035301000055, -8.325160638999932, 0.0 ], [ 112.167051116000039, -8.325176573999954, 0.0 ], [ 112.167070816000091, -8.325191910999933, 0.0 ], [ 112.167084137000074, -8.325199837999946, 0.0 ], [ 112.167101063000018, -8.325207120999949, 0.0 ], [ 112.167121230000021, -8.325212791999945, 0.0 ], [ 112.167142, -8.325216785999942, 0.0 ], [ 112.167164625000055, -8.325217694999935, 0.0 ], [ 112.167194956000117, -8.325217500999941, 0.0 ], [ 112.167325741000013, -8.325216667999939, 0.0 ], [ 112.167382147000012, -8.325216307999938, 0.0 ], [ 112.167447494000044, -8.32521008599997, 0.0 ], [ 112.167466054000101, -8.325209899999948, 0.0 ], [ 112.167516686000113, -8.325219230999949, 0.0 ], [ 112.167628844000092, -8.325256562999925, 0.0 ], [ 112.167656744000055, -8.325262934999955, 0.0 ], [ 112.167811195000013, -8.325291716999971, 0.0 ], [ 112.167981845000099, -8.325318885999934, 0.0 ], [ 112.168111657000054, -8.325325695999936, 0.0 ], [ 112.168165895000016, -8.325335485999972, 0.0 ], [ 112.16820051000002, -8.325345407999976, 0.0 ], [ 112.168325331, -8.325391546999981, 0.0 ], [ 112.168347837000056, -8.325397970999973, 0.0 ], [ 112.168389907, -8.325409556999944, 0.0 ], [ 112.168397801000083, -8.325412230999973, 0.0 ], [ 112.168404603000113, -8.325414875999968, 0.0 ], [ 112.168417380000051, -8.325420841999971, 0.0 ], [ 112.168425134000017, -8.325424889999965, 0.0 ], [ 112.16849184900002, -8.325479571999949, 0.0 ], [ 112.16851766100001, -8.325500727999952, 0.0 ], [ 112.168579295000086, -8.325554072999978, 0.0 ], [ 112.168654606000018, -8.325614856999948, 0.0 ], [ 112.168685856000025, -8.325643591999949, 0.0 ], [ 112.168705610000075, -8.325662775999945, 0.0 ], [ 112.168722867000042, -8.325682078999932, 0.0 ], [ 112.168728713000064, -8.325691177999943, 0.0 ], [ 112.168731348000051, -8.325697362999961, 0.0 ], [ 112.168733539000073, -8.325704089999931, 0.0 ], [ 112.168735762000097, -8.325715840999976, 0.0 ], [ 112.168736893000073, -8.325732499999958, 0.0 ], [ 112.16872558700004, -8.325885759999949, 0.0 ], [ 112.168725434000066, -8.325887044999945, 0.0 ], [ 112.168724807000103, -8.325892309999972, 0.0 ], [ 112.168722780000053, -8.325899550999964, 0.0 ], [ 112.168719104000047, -8.325907063999978, 0.0 ], [ 112.168714910000062, -8.325911648999977, 0.0 ], [ 112.168707663000077, -8.325916175999964, 0.0 ], [ 112.1686949650001, -8.325920169999961, 0.0 ], [ 112.168674539000108, -8.325921432999962, 0.0 ], [ 112.168645601000094, -8.325919938999959, 0.0 ], [ 112.16861322200009, -8.325917446999938, 0.0 ], [ 112.168562938000036, -8.325913576999938, 0.0 ], [ 112.168536369000094, -8.325911531999964, 0.0 ], [ 112.168531420000022, -8.325913113999945, 0.0 ], [ 112.168527945000051, -8.325916826999958, 0.0 ], [ 112.168522201000087, -8.325927361999959, 0.0 ], [ 112.168510708000099, -8.325954078999928, 0.0 ], [ 112.168501471000013, -8.325977776999935, 0.0 ], [ 112.168500017000042, -8.325981507999927, 0.0 ], [ 112.168489688000022, -8.326008010999942, 0.0 ], [ 112.168482300000051, -8.326026964999926, 0.0 ], [ 112.168478610000079, -8.326032108999925, 0.0 ], [ 112.16846100500004, -8.326056084999948, 0.0 ], [ 112.16844203800008, -8.32608191199995, 0.0 ], [ 112.168384714000013, -8.326135038999951, 0.0 ], [ 112.168339272000026, -8.326188042999945, 0.0 ], [ 112.168331658000056, -8.326203397999961, 0.0 ], [ 112.168314354000017, -8.326232437999977, 0.0 ], [ 112.168302253000093, -8.326250128999959, 0.0 ], [ 112.168294095000078, -8.326257569999939, 0.0 ], [ 112.168290207000041, -8.326259413999935, 0.0 ], [ 112.168283390000056, -8.326261633999934, 0.0 ], [ 112.168260738000072, -8.32626498299993, 0.0 ], [ 112.168237090000048, -8.326267748999953, 0.0 ], [ 112.168210655000053, -8.326271720999955, 0.0 ], [ 112.168187920000037, -8.326276354999948, 0.0 ], [ 112.168183507000094, -8.326277252999944, 0.0 ], [ 112.168169103000082, -8.326281452999979, 0.0 ], [ 112.168159743000047, -8.326285876999975, 0.0 ], [ 112.168146072000013, -8.326293563999968, 0.0 ], [ 112.168129878000059, -8.326305761999947, 0.0 ], [ 112.168104118000088, -8.326329271999953, 0.0 ], [ 112.168090522000057, -8.326343644999952, 0.0 ], [ 112.168085222000059, -8.326349248999975, 0.0 ], [ 112.167950448000056, -8.326491722999947, 0.0 ], [ 112.167927618000022, -8.326517205999949, 0.0 ], [ 112.167902827000034, -8.326544876999947, 0.0 ], [ 112.1678766120001, -8.326574138999945, 0.0 ], [ 112.167820324000104, -8.326644904999966, 0.0 ], [ 112.167792062000103, -8.32668611899993, 0.0 ], [ 112.167742650000037, -8.326749262999954, 0.0 ], [ 112.167706342000088, -8.326784889999942, 0.0 ], [ 112.167671373000076, -8.326813686999969, 0.0 ], [ 112.167664115000093, -8.32681966499996, 0.0 ], [ 112.1675471100001, -8.326906424999947, 0.0 ], [ 112.167503576000058, -8.326937001999966, 0.0 ], [ 112.167496069000094, -8.326942274999965, 0.0 ], [ 112.167461675000027, -8.326964554999961, 0.0 ], [ 112.167448355000033, -8.326973181999961, 0.0 ], [ 112.167387962000021, -8.327012301999957, 0.0 ], [ 112.167249763000086, -8.32710181799996, 0.0 ], [ 112.167202148000115, -8.327137753999978, 0.0 ], [ 112.167170175000024, -8.327166868999939, 0.0 ], [ 112.167136499000094, -8.327202033999981, 0.0 ], [ 112.167101617000071, -8.327251578999949, 0.0 ], [ 112.167094138000039, -8.327262201999929, 0.0 ], [ 112.167077282000037, -8.327298840999958, 0.0 ], [ 112.167071268000086, -8.327324444999931, 0.0 ], [ 112.16706600200007, -8.327336103999926, 0.0 ], [ 112.167059318000042, -8.327358188999938, 0.0 ], [ 112.167053138000028, -8.327392337999981, 0.0 ], [ 112.167049676000033, -8.327402285999938, 0.0 ], [ 112.16704693600002, -8.327408705999972, 0.0 ], [ 112.167038571000035, -8.327423338999949, 0.0 ], [ 112.167030379000039, -8.327434343999926, 0.0 ], [ 112.16699695300008, -8.327467812999942, 0.0 ], [ 112.16698736100011, -8.32747649099997, 0.0 ], [ 112.16695492100007, -8.327500758999975, 0.0 ], [ 112.166909070000088, -8.327530423999974, 0.0 ], [ 112.166877827, -8.327547691999939, 0.0 ], [ 112.166841713000053, -8.327563440999938, 0.0 ], [ 112.16681823600004, -8.32757175699993, 0.0 ], [ 112.166783652000049, -8.327584003999959, 0.0 ], [ 112.166778117000035, -8.327585966999948, 0.0 ], [ 112.166761218000033, -8.327591129999973, 0.0 ], [ 112.166693713000086, -8.327611551999951, 0.0 ], [ 112.166669243000115, -8.327617816999975, 0.0 ], [ 112.166640046000111, -8.32762463499995, 0.0 ], [ 112.166533691000041, -8.327649468999937, 0.0 ], [ 112.166508752000027, -8.32765429899996, 0.0 ], [ 112.166497731000049, -8.327655067999956, 0.0 ], [ 112.166478036000058, -8.327656441999977, 0.0 ], [ 112.1664578110001, -8.327657852999948, 0.0 ], [ 112.166434214000105, -8.327656411999953, 0.0 ], [ 112.166397467000024, -8.327648282999974, 0.0 ], [ 112.16637972400008, -8.327641448999941, 0.0 ], [ 112.16635506700004, -8.327626879999968, 0.0 ], [ 112.166322650000097, -8.327602283999965, 0.0 ], [ 112.166281190000063, -8.327558384999975, 0.0 ], [ 112.16626528300003, -8.327533717999927, 0.0 ], [ 112.166254368000068, -8.327511883999932, 0.0 ], [ 112.166239968000014, -8.32747541599997, 0.0 ], [ 112.166236457000082, -8.327459700999952, 0.0 ], [ 112.166232501000081, -8.327429544999973, 0.0 ], [ 112.166230770000084, -8.32738973499994, 0.0 ], [ 112.166230769000094, -8.327384828999925, 0.0 ], [ 112.166230769000094, -8.327350968999951, 0.0 ], [ 112.166225828000051, -8.327293281999971, 0.0 ], [ 112.166222839000056, -8.327274419999981, 0.0 ], [ 112.1662109990001, -8.327225990999978, 0.0 ], [ 112.166207769000039, -8.327215423999974, 0.0 ], [ 112.16620462000003, -8.327205115999959, 0.0 ], [ 112.166187134000097, -8.327163980999956, 0.0 ], [ 112.166185291000033, -8.327155622999953, 0.0 ], [ 112.166171469, -8.327119185999948, 0.0 ], [ 112.166169594000053, -8.327114759999972, 0.0 ], [ 112.166162242000041, -8.32709740599995, 0.0 ], [ 112.166154313000106, -8.327078689999951, 0.0 ], [ 112.166146240000103, -8.327062145999946, 0.0 ], [ 112.166142522000087, -8.327055152999947, 0.0 ], [ 112.16612490600005, -8.327027203999933, 0.0 ], [ 112.166124841000055, -8.327027104999956, 0.0 ], [ 112.166124704000026, -8.327026893999971, 0.0 ], [ 112.16612189600005, -8.327022431999978, 0.0 ], [ 112.166014204000021, -8.326851585999975, 0.0 ], [ 112.165971464000108, -8.326787629999956, 0.0 ], [ 112.165952530000027, -8.326760021999974, 0.0 ], [ 112.165930677, -8.326730679999969, 0.0 ], [ 112.165918522000084, -8.326714359999926, 0.0 ], [ 112.165883815000029, -8.32668049199998, 0.0 ], [ 112.165868289000059, -8.326669451999976, 0.0 ], [ 112.165503347000026, -8.326375234999944, 0.0 ], [ 112.165470484000025, -8.326338766999982, 0.0 ], [ 112.165448976000107, -8.32630824499995, 0.0 ], [ 112.16541810800004, -8.326255153999966, 0.0 ], [ 112.165397793000011, -8.326213945999939, 0.0 ], [ 112.165325499, -8.326080069999932, 0.0 ], [ 112.165316070000017, -8.32606739199997, 0.0 ], [ 112.165302147000034, -8.326050977999955, 0.0 ], [ 112.165298263000068, -8.326047296999946, 0.0 ], [ 112.165282938000018, -8.32603433, 0.0 ], [ 112.165271081000014, -8.32602652099996, 0.0 ], [ 112.165264752000098, -8.326023144999965, 0.0 ], [ 112.165247074000035, -8.326014806999979, 0.0 ], [ 112.165236876000108, -8.326011130999973, 0.0 ], [ 112.165224962000025, -8.326007543999935, 0.0 ], [ 112.165202729000043, -8.326003949999972, 0.0 ], [ 112.165184149000083, -8.326003810999964, 0.0 ], [ 112.165154342000051, -8.32600737599995, 0.0 ], [ 112.165129499000045, -8.326012534999961, 0.0 ], [ 112.165108113000088, -8.326018185999942, 0.0 ], [ 112.165095031000078, -8.326022991999935, 0.0 ], [ 112.165080486000079, -8.326029026999947, 0.0 ], [ 112.165058142000021, -8.326041118999967, 0.0 ], [ 112.165021639000088, -8.326066564999962, 0.0 ], [ 112.164968210000097, -8.32610920299993, 0.0 ], [ 112.164938043, -8.326133836999929, 0.0 ], [ 112.164921769000102, -8.326143990999981, 0.0 ], [ 112.164906635000079, -8.326148810999939, 0.0 ], [ 112.164845691000096, -8.326152105999938, 0.0 ], [ 112.164814257000103, -8.32615623099997, 0.0 ], [ 112.164792114000079, -8.326162186999966, 0.0 ], [ 112.16477111100005, -8.32617180699998, 0.0 ], [ 112.164762748000044, -8.32617638499994, 0.0 ], [ 112.164732785000069, -8.326194251999937, 0.0 ], [ 112.164633256000116, -8.326257525999949, 0.0 ], [ 112.164618478000079, -8.326265600999932, 0.0 ], [ 112.164605634000054, -8.326272418999963, 0.0 ], [ 112.164598851000051, -8.326274871999942, 0.0 ], [ 112.164575007000053, -8.32628054099996, 0.0 ], [ 112.164503499000034, -8.326286524999944, 0.0 ], [ 112.164469380000014, -8.326291812999955, 0.0 ], [ 112.164464922000093, -8.326292322999961, 0.0 ], [ 112.164462283000034, -8.326292911999928, 0.0 ], [ 112.164454889000012, -8.326294056999927, 0.0 ], [ 112.164443130000109, -8.326296580999951, 0.0 ], [ 112.164430764000031, -8.326299947999928, 0.0 ], [ 112.164407425000036, -8.326305155999933, 0.0 ], [ 112.164289130000043, -8.326340392999953, 0.0 ], [ 112.164252775000023, -8.326352026999928, 0.0 ], [ 112.164210547000039, -8.326364872999932, 0.0 ], [ 112.164170771000045, -8.326373481999951, 0.0 ], [ 112.164161597000088, -8.326374792999957, 0.0 ], [ 112.164132361000043, -8.326376565999965, 0.0 ], [ 112.164102469000113, -8.32637430699998, 0.0 ], [ 112.163989391000086, -8.326350335999962, 0.0 ], [ 112.163921918000028, -8.326336033999951, 0.0 ], [ 112.16383276900001, -8.326320305999957, 0.0 ], [ 112.163826640000025, -8.326319225999953, 0.0 ], [ 112.163777985000024, -8.326310708999927, 0.0 ], [ 112.163747810000018, -8.326305426999966, 0.0 ], [ 112.163742072000105, -8.326302684999973, 0.0 ], [ 112.163734651000027, -8.32629772599995, 0.0 ], [ 112.163720973000068, -8.32628406699996, 0.0 ], [ 112.163702142000034, -8.326257422999959, 0.0 ], [ 112.163692604000062, -8.3262412, 0.0 ], [ 112.163685712000074, -8.326229474999934, 0.0 ], [ 112.1636815600001, -8.326220876999969, 0.0 ], [ 112.163680324000097, -8.326218316999928, 0.0 ], [ 112.163675952000062, -8.326208170999962, 0.0 ], [ 112.163666906000117, -8.326187180999966, 0.0 ], [ 112.163661200000092, -8.326170297999965, 0.0 ], [ 112.163659543000108, -8.326165100999958, 0.0 ], [ 112.163657608000108, -8.326159035999979, 0.0 ], [ 112.163643704000037, -8.326106869999933, 0.0 ], [ 112.16363702600006, -8.326078289999941, 0.0 ], [ 112.163634733000094, -8.326066169999933, 0.0 ], [ 112.163624116000051, -8.32601269, 0.0 ], [ 112.163609582000049, -8.325957759999937, 0.0 ], [ 112.163603385000101, -8.325944430999925, 0.0 ], [ 112.163597040000013, -8.325937066999927, 0.0 ], [ 112.163584277000041, -8.325926745999936, 0.0 ], [ 112.163569989000052, -8.325919155999941, 0.0 ], [ 112.163554589000114, -8.325913207999974, 0.0 ], [ 112.163540730000022, -8.32590989199997, 0.0 ], [ 112.163516339000012, -8.325907414999961, 0.0 ], [ 112.163493698000025, -8.325907671999971, 0.0 ], [ 112.163476383000102, -8.325909932999934, 0.0 ], [ 112.163447961000088, -8.325916699999937, 0.0 ], [ 112.163434377000044, -8.325920612999937, 0.0 ], [ 112.163424011000075, -8.325924513999951, 0.0 ], [ 112.163315090000083, -8.32596536099993, 0.0 ], [ 112.163243876000024, -8.325988218999953, 0.0 ], [ 112.163224977000027, -8.325993529999948, 0.0 ], [ 112.163174078000111, -8.326004337999962, 0.0 ], [ 112.163110171000085, -8.32601372299996, 0.0 ], [ 112.163047051000035, -8.32601916599998, 0.0 ], [ 112.163013940000042, -8.326022018999936, 0.0 ], [ 112.162989003, -8.326027688999943, 0.0 ], [ 112.162972848000095, -8.326033021999933, 0.0 ], [ 112.162881711000068, -8.326074241999947, 0.0 ], [ 112.162825435000059, -8.326095580999947, 0.0 ], [ 112.162750377000066, -8.326116866999939, 0.0 ], [ 112.162711809000029, -8.326124599999957, 0.0 ], [ 112.162658536000095, -8.326130245999934, 0.0 ], [ 112.162340691000054, -8.326115074999962, 0.0 ], [ 112.161528568000108, -8.326071766999974, 0.0 ], [ 112.16150858900005, -8.326071782999975, 0.0 ], [ 112.16148212500002, -8.326068182999961, 0.0 ], [ 112.161470932000043, -8.326064604999942, 0.0 ], [ 112.161450683000112, -8.32605431099995, 0.0 ], [ 112.161427715000059, -8.326039068999933, 0.0 ], [ 112.161418119000018, -8.326031670999953, 0.0 ], [ 112.161372308000068, -8.325989880999941, 0.0 ], [ 112.161289427000042, -8.325918548999937, 0.0 ], [ 112.161274131000027, -8.325906457999963, 0.0 ], [ 112.161250720000112, -8.325889170999972, 0.0 ], [ 112.161233959000015, -8.325878516999978, 0.0 ], [ 112.161220394000111, -8.32587250499995, 0.0 ], [ 112.161209284000051, -8.325869626999975, 0.0 ], [ 112.16119638400005, -8.32586803099997, 0.0 ], [ 112.16116485900011, -8.325868449999973, 0.0 ], [ 112.161152926000113, -8.325869918999956, 0.0 ], [ 112.161117645000104, -8.325878081999974, 0.0 ], [ 112.161099806000038, -8.325884178999956, 0.0 ], [ 112.161061927000105, -8.325903565999965, 0.0 ], [ 112.161044335000042, -8.325915370999951, 0.0 ], [ 112.161016671000084, -8.325937927999973, 0.0 ], [ 112.161008290000041, -8.325946330999955, 0.0 ], [ 112.160991964, -8.325964952999925, 0.0 ], [ 112.160973379000097, -8.325994763999972, 0.0 ], [ 112.160936850000098, -8.326062651999962, 0.0 ], [ 112.160855671000036, -8.326230461999955, 0.0 ], [ 112.160815552000031, -8.326314594999928, 0.0 ], [ 112.160779171000058, -8.326378914999964, 0.0 ], [ 112.160775679000039, -8.326385085999959, 0.0 ], [ 112.160718091000035, -8.326471112999968, 0.0 ], [ 112.160674172000085, -8.326536719999979, 0.0 ], [ 112.160560047000104, -8.326707202999955, 0.0 ], [ 112.160487691000071, -8.326815285999942, 0.0 ], [ 112.160465811000108, -8.326844294999944, 0.0 ], [ 112.160447432000069, -8.326864238999974, 0.0 ], [ 112.16043684300007, -8.326873529999943, 0.0 ], [ 112.160416791000102, -8.326887112999941, 0.0 ], [ 112.160393896000073, -8.326895890999936, 0.0 ], [ 112.160374565000097, -8.326900011999953, 0.0 ], [ 112.160344873000099, -8.326899410999943, 0.0 ], [ 112.16033493000009, -8.326897684999949, 0.0 ], [ 112.160323376000065, -8.326893428999938, 0.0 ], [ 112.160308161000103, -8.326883001999931, 0.0 ], [ 112.160277626000038, -8.32685300299994, 0.0 ], [ 112.160253332000025, -8.326824047999935, 0.0 ], [ 112.160109092000084, -8.32665213599995, 0.0 ], [ 112.160059845000092, -8.326591759999928, 0.0 ], [ 112.159996484000089, -8.326527906999956, 0.0 ], [ 112.159981613000014, -8.326515419999964, 0.0 ], [ 112.159935807000011, -8.326480947999926, 0.0 ], [ 112.159903867000025, -8.326459584999952, 0.0 ], [ 112.159847298000045, -8.326429569999959, 0.0 ], [ 112.159658217000015, -8.326349756999946, 0.0 ], [ 112.159616030000052, -8.326334062999933, 0.0 ], [ 112.15958308900008, -8.326326082999969, 0.0 ], [ 112.159539256000016, -8.326321954999969, 0.0 ], [ 112.159511037000016, -8.326324850999981, 0.0 ], [ 112.159475642000075, -8.326332263999973, 0.0 ], [ 112.15937800800009, -8.326364869999964, 0.0 ], [ 112.158937828000035, -8.326539766999929, 0.0 ], [ 112.15883614400002, -8.326591316999952, 0.0 ], [ 112.158792544000107, -8.326617814999963, 0.0 ], [ 112.158480097000052, -8.326827820999938, 0.0 ], [ 112.158353432000013, -8.326914882999972, 0.0 ], [ 112.158273288000032, -8.326979195999968, 0.0 ], [ 112.158185988000014, -8.327055126999937, 0.0 ], [ 112.158106853000049, -8.32712378399998, 0.0 ], [ 112.158060574000046, -8.327153591999945, 0.0 ], [ 112.15801495300002, -8.327178603999926, 0.0 ], [ 112.157786607000048, -8.327267398999936, 0.0 ], [ 112.1577588130001, -8.327282556999933, 0.0 ], [ 112.157692135000048, -8.327323258999968, 0.0 ], [ 112.157558767000069, -8.32741871199994, 0.0 ], [ 112.157527896000033, -8.327438898999958, 0.0 ], [ 112.157442534000097, -8.327491476999967, 0.0 ], [ 112.15742789, -8.327498526999932, 0.0 ], [ 112.157414654000036, -8.327500927999949, 0.0 ], [ 112.157405869000058, -8.327500896999936, 0.0 ], [ 112.157390965000104, -8.327495382999928, 0.0 ], [ 112.157367263000083, -8.327481771999942, 0.0 ], [ 112.157329484000115, -8.327456264999967, 0.0 ], [ 112.157242171, -8.327381169999967, 0.0 ], [ 112.157205309, -8.327363505999926, 0.0 ], [ 112.157190988000025, -8.327358849999939, 0.0 ], [ 112.157180271000016, -8.32735667399993, 0.0 ], [ 112.157147051000038, -8.327357296999935, 0.0 ], [ 112.157122102000017, -8.327360798999962, 0.0 ], [ 112.157100879000041, -8.327369186999931, 0.0 ], [ 112.157082756000023, -8.32737835699993, 0.0 ], [ 112.157071863000056, -8.327385418999938, 0.0 ], [ 112.157050129000027, -8.327401029999976, 0.0 ], [ 112.157028143000048, -8.327423848999956, 0.0 ], [ 112.157016842000075, -8.32743860599993, 0.0 ], [ 112.157010464000109, -8.327453917999946, 0.0 ], [ 112.157009218000098, -8.327466065999943, 0.0 ], [ 112.157013271000096, -8.32748275199998, 0.0 ], [ 112.157020966, -8.327499230999933, 0.0 ], [ 112.157051399000011, -8.327542190999964, 0.0 ], [ 112.157061152000097, -8.327553956999964, 0.0 ], [ 112.157072716000016, -8.327565786999969, 0.0 ], [ 112.157083902000068, -8.327580483999952, 0.0 ], [ 112.157121232, -8.327629533999925, 0.0 ], [ 112.157153563000065, -8.327683266999941, 0.0 ], [ 112.157175106000068, -8.327728800999978, 0.0 ], [ 112.157178747000103, -8.327742660999945, 0.0 ], [ 112.157179864000113, -8.327758768999956, 0.0 ], [ 112.157177239000021, -8.327803223999979, 0.0 ], [ 112.157174337000015, -8.327818321999928, 0.0 ], [ 112.157173033000049, -8.327822358999981, 0.0 ], [ 112.157168875000025, -8.327835234999952, 0.0 ], [ 112.157156539000084, -8.327861738999957, 0.0 ], [ 112.15713392300006, -8.327886234999937, 0.0 ], [ 112.157095472000037, -8.327914029999931, 0.0 ], [ 112.157061875000068, -8.327930341999945, 0.0 ], [ 112.157026619000021, -8.327942117999953, 0.0 ], [ 112.15695237500006, -8.327959433999979, 0.0 ], [ 112.156917099000111, -8.327965535999965, 0.0 ], [ 112.156829020000032, -8.327979807999952, 0.0 ], [ 112.156771781000089, -8.327993621999951, 0.0 ], [ 112.156735752000031, -8.328006164999977, 0.0 ], [ 112.156686563000108, -8.328027438999925, 0.0 ], [ 112.156673331000093, -8.328034124999931, 0.0 ], [ 112.156650472000024, -8.328049715999953, 0.0 ], [ 112.156612089000078, -8.328080652999972, 0.0 ], [ 112.156601757000089, -8.328090126999939, 0.0 ], [ 112.156594028000086, -8.328097214999957, 0.0 ], [ 112.156507613000031, -8.328201398999965, 0.0 ], [ 112.156415836000065, -8.328297826999972, 0.0 ], [ 112.156315232000111, -8.328385235999974, 0.0 ], [ 112.156264536000094, -8.328416577999974, 0.0 ], [ 112.156196618000081, -8.328447943999947, 0.0 ], [ 112.155748631000051, -8.328575098999977, 0.0 ], [ 112.155713792000029, -8.328584072999945, 0.0 ], [ 112.155594447000112, -8.328614019999975, 0.0 ], [ 112.155571438000038, -8.32861842899996, 0.0 ], [ 112.155527660000075, -8.328618079999956, 0.0 ], [ 112.15550362700003, -8.328614547999962, 0.0 ], [ 112.155477069000085, -8.328606832999981, 0.0 ], [ 112.155396673000041, -8.328563329999952, 0.0 ], [ 112.15537395900003, -8.328548956999953, 0.0 ], [ 112.155241541, -8.328477563999968, 0.0 ], [ 112.155176172000097, -8.328447361999963, 0.0 ], [ 112.155122454000093, -8.328430884999932, 0.0 ], [ 112.155062686000065, -8.328417718999958, 0.0 ], [ 112.155031310000027, -8.328413222999927, 0.0 ], [ 112.154992933000017, -8.328411280999944, 0.0 ], [ 112.154928507000022, -8.328419168999972, 0.0 ], [ 112.154770096000107, -8.328460493999955, 0.0 ], [ 112.15457992100005, -8.328483938999966, 0.0 ], [ 112.154555259000063, -8.328485040999965, 0.0 ], [ 112.154527492000057, -8.328481109999927, 0.0 ], [ 112.154515327000013, -8.328477618999955, 0.0 ], [ 112.154507971000044, -8.328472972999975, 0.0 ], [ 112.154503096000099, -8.328466817999981, 0.0 ], [ 112.154500479000035, -8.328456349999954, 0.0 ], [ 112.154500841000072, -8.328448608999963, 0.0 ], [ 112.154517923000071, -8.328416450999953, 0.0 ], [ 112.154522139000051, -8.32839404799995, 0.0 ], [ 112.154518045000032, -8.328372730999945, 0.0 ], [ 112.154481327000099, -8.328279530999964, 0.0 ], [ 112.154462522000017, -8.328232514999968, 0.0 ], [ 112.154454634000103, -8.328168110999968, 0.0 ], [ 112.154453954000019, -8.328162559999953, 0.0 ], [ 112.154453965000016, -8.328159332999974, 0.0 ], [ 112.154454413000053, -8.328032359999952, 0.0 ], [ 112.154453245000013, -8.328009152999925, 0.0 ], [ 112.154452437000032, -8.327993079999942, 0.0 ], [ 112.154452438000021, -8.327977674999943, 0.0 ], [ 112.154452438000021, -8.327962475999925, 0.0 ], [ 112.154444584000089, -8.327869718999978, 0.0 ], [ 112.154444426000055, -8.32786867599998, 0.0 ], [ 112.154437382000083, -8.327822180999931, 0.0 ], [ 112.154431242000101, -8.327805063999961, 0.0 ], [ 112.154416868000112, -8.327778652999939, 0.0 ], [ 112.154405150000116, -8.327762052999958, 0.0 ], [ 112.154391762000046, -8.327743084999952, 0.0 ], [ 112.154238286, -8.327596747999962, 0.0 ], [ 112.154063395000094, -8.327443272999972, 0.0 ], [ 112.154036829, -8.327422956999953, 0.0 ], [ 112.15384735900011, -8.327278067999941, 0.0 ], [ 112.153797631000089, -8.327240041999971, 0.0 ], [ 112.153760015000103, -8.327211276999947, 0.0 ], [ 112.153735092000034, -8.327196406999974, 0.0 ], [ 112.153725347000091, -8.327189319999945, 0.0 ], [ 112.15365293800005, -8.327143460999935, 0.0 ], [ 112.153606573000047, -8.327119057999937, 0.0 ], [ 112.153474768000024, -8.327041701999974, 0.0 ], [ 112.153422460000115, -8.327005292999957, 0.0 ], [ 112.153378110000062, -8.326954293999961, 0.0 ], [ 112.153285312000094, -8.326786540999933, 0.0 ], [ 112.153184665000026, -8.32663154599993, 0.0 ], [ 112.153140026000074, -8.326575193999929, 0.0 ], [ 112.153102125000032, -8.326535781999951, 0.0 ], [ 112.153083141000025, -8.326521033999938, 0.0 ], [ 112.153030096000066, -8.326492381999969, 0.0 ], [ 112.152954431000012, -8.326464805999933, 0.0 ], [ 112.15291481700001, -8.326452613999948, 0.0 ], [ 112.152840982000043, -8.326415649999944, 0.0 ], [ 112.152787563000061, -8.326379581999959, 0.0 ], [ 112.152593411000112, -8.326174235999929, 0.0 ], [ 112.152562653000018, -8.326137478999954, 0.0 ], [ 112.152505281000117, -8.32605112799996, 0.0 ], [ 112.152443243000107, -8.325886171999969, 0.0 ], [ 112.152431118000095, -8.325865669999928, 0.0 ], [ 112.152375658000096, -8.325794736999967, 0.0 ], [ 112.152157890000012, -8.325496825999949, 0.0 ], [ 112.15214241700005, -8.325478893999957, 0.0 ], [ 112.1521163110001, -8.32545979899993, 0.0 ], [ 112.15202139500002, -8.325402474999976, 0.0 ], [ 112.151919448000058, -8.325349569999958, 0.0 ], [ 112.151883428000019, -8.325327579999964, 0.0 ], [ 112.151847276000012, -8.325301082999943, 0.0 ], [ 112.151798906000067, -8.325251152999954, 0.0 ], [ 112.151729986000078, -8.325163784999972, 0.0 ], [ 112.151719242000013, -8.325148155999955, 0.0 ], [ 112.151709785000094, -8.325134399999968, 0.0 ], [ 112.15164875500011, -8.32505884099993, 0.0 ], [ 112.151626670000041, -8.325036939999961, 0.0 ], [ 112.151575669000067, -8.325012654999966, 0.0 ], [ 112.151468593000118, -8.324994807999929, 0.0 ], [ 112.151295024000092, -8.324962368999934, 0.0 ], [ 112.151266442000065, -8.324951376999934, 0.0 ], [ 112.151213676000111, -8.324929897999937, 0.0 ], [ 112.151194278000048, -8.324919120999937, 0.0 ], [ 112.151179535000097, -8.324908845999971, 0.0 ], [ 112.151143607000108, -8.32487853799995, 0.0 ], [ 112.150999126000102, -8.32472056499995, 0.0 ], [ 112.150931471000035, -8.324632965999967, 0.0 ], [ 112.150918353000066, -8.324605165999969, 0.0 ], [ 112.150904763000085, -8.324550158999955, 0.0 ], [ 112.150895723000076, -8.324455926999974, 0.0 ], [ 112.1508948500001, -8.324349864999931, 0.0 ], [ 112.150870667000049, -8.324042862999931, 0.0 ], [ 112.150869824000097, -8.32399402599998, 0.0 ], [ 112.150868123, -8.323895236999931, 0.0 ], [ 112.150868451000065, -8.323885281999935, 0.0 ], [ 112.150869013000033, -8.323868287999971, 0.0 ], [ 112.150871429000063, -8.323795151999946, 0.0 ], [ 112.150878325, -8.323769450999976, 0.0 ], [ 112.150882076000016, -8.32375547099997, 0.0 ], [ 112.150891908000062, -8.323718822999979, 0.0 ], [ 112.15091669800006, -8.323664807999933, 0.0 ], [ 112.150928719000035, -8.323643876999938, 0.0 ], [ 112.150951016000022, -8.323605055999963, 0.0 ], [ 112.150999653000099, -8.32352037499993, 0.0 ], [ 112.151055994000103, -8.323438640999939, 0.0 ], [ 112.151094282000031, -8.32338776399996, 0.0 ], [ 112.151157282000099, -8.323304936999932, 0.0 ], [ 112.15124409200007, -8.323220616999947, 0.0 ], [ 112.151296477000074, -8.323183497999935, 0.0 ], [ 112.151352327000041, -8.323143923999964, 0.0 ], [ 112.151411985000095, -8.323105375999944, 0.0 ], [ 112.151423090000094, -8.323094179999941, 0.0 ], [ 112.15142736700011, -8.323087201999954, 0.0 ], [ 112.151433805000011, -8.323068411999941, 0.0 ], [ 112.151437132000069, -8.32303744799998, 0.0 ], [ 112.151435847000016, -8.323016325999959, 0.0 ], [ 112.151427413000079, -8.322983602999955, 0.0 ], [ 112.151386501000047, -8.322885414999973, 0.0 ], [ 112.151329230000101, -8.322778031999974, 0.0 ], [ 112.151250780000055, -8.322664311999972, 0.0 ], [ 112.151146159000064, -8.322537893999936, 0.0 ], [ 112.151061214000038, -8.322435251999934, 0.0 ], [ 112.150600520000012, -8.322001712999963, 0.0 ], [ 112.150419216000046, -8.321800828999926, 0.0 ], [ 112.150138465000055, -8.321417702999952, 0.0 ], [ 112.15009683400001, -8.321371880999948, 0.0 ], [ 112.150052839000068, -8.321336606999978, 0.0 ], [ 112.149911935000091, -8.321258118999936, 0.0 ], [ 112.149363744000084, -8.320962824999981, 0.0 ], [ 112.148824270000091, -8.320636839999963, 0.0 ], [ 112.148079030000076, -8.320220777999964, 0.0 ], [ 112.148007637000092, -8.320182172999978, 0.0 ], [ 112.147679769000092, -8.31998355099995, 0.0 ], [ 112.147556228000099, -8.319917735999979, 0.0 ], [ 112.147476156000039, -8.319883373999971, 0.0 ], [ 112.14743236400011, -8.319870846999947, 0.0 ], [ 112.147400552000022, -8.319866661999981, 0.0 ], [ 112.147383983000054, -8.319871389999946, 0.0 ], [ 112.147363156000097, -8.319879675999971, 0.0 ], [ 112.147348159000103, -8.319890055999963, 0.0 ], [ 112.147342436000031, -8.319895325999937, 0.0 ], [ 112.147330247000014, -8.319909648999953, 0.0 ], [ 112.147320111000113, -8.31992566699995, 0.0 ], [ 112.147309777000032, -8.31994954399994, 0.0 ], [ 112.147295771000017, -8.319997392999937, 0.0 ], [ 112.147293845000036, -8.320017294999957, 0.0 ], [ 112.147293915000091, -8.320019656999932, 0.0 ], [ 112.147294743000089, -8.32004741399993, 0.0 ], [ 112.147295786000086, -8.320064542999944, 0.0 ], [ 112.147295828000097, -8.320065257999943, 0.0 ], [ 112.147294391000059, -8.320072924999977, 0.0 ], [ 112.147290373000033, -8.320079043999954, 0.0 ], [ 112.147285799000088, -8.320083331999967, 0.0 ], [ 112.14727682900002, -8.320088265999971, 0.0 ], [ 112.147269064000056, -8.320089843999938, 0.0 ], [ 112.14725977, -8.32009000499994, 0.0 ], [ 112.147250550000081, -8.32008908399996, 0.0 ], [ 112.147249916000078, -8.320089021999934, 0.0 ], [ 112.14723286100002, -8.320084354999949, 0.0 ], [ 112.147183704000099, -8.320061103999933, 0.0 ], [ 112.147143343000039, -8.320044091999932, 0.0 ], [ 112.147112442000093, -8.320032863999927, 0.0 ], [ 112.147060730000021, -8.320021888999975, 0.0 ], [ 112.147030727000015, -8.320018190999974, 0.0 ], [ 112.146960296000088, -8.320014648999972, 0.0 ], [ 112.146855058000028, -8.320019500999933, 0.0 ], [ 112.146777455, -8.320030821999978, 0.0 ], [ 112.146692552000104, -8.320048993999933, 0.0 ], [ 112.146625801000027, -8.320062100999962, 0.0 ], [ 112.146598224000059, -8.320067515999938, 0.0 ], [ 112.14653541000007, -8.320072416999949, 0.0 ], [ 112.14642050000009, -8.320063586999936, 0.0 ], [ 112.146331314, -8.320043710999926, 0.0 ], [ 112.146301266000023, -8.320034136999936, 0.0 ], [ 112.14626665500009, -8.320013040999982, 0.0 ], [ 112.146221814000114, -8.319975301999932, 0.0 ], [ 112.146184636000044, -8.319938958999956, 0.0 ], [ 112.146028847000025, -8.319760997999936, 0.0 ], [ 112.146011945000055, -8.319743457999948, 0.0 ], [ 112.145982343000014, -8.319722044999935, 0.0 ], [ 112.145918883000036, -8.31968550199997, 0.0 ], [ 112.14589287900003, -8.319667545999948, 0.0 ], [ 112.145859953000013, -8.319628962999957, 0.0 ], [ 112.145811611000113, -8.319558189999952, 0.0 ], [ 112.145775629000013, -8.319497755999976, 0.0 ], [ 112.145703571000013, -8.319362263999949, 0.0 ], [ 112.145698222000078, -8.31935128799995, 0.0 ], [ 112.145690629000114, -8.319340718999968, 0.0 ], [ 112.145674381000049, -8.31932670499998, 0.0 ], [ 112.145660314000111, -8.319317551999973, 0.0 ], [ 112.145636133000039, -8.319304858999942, 0.0 ], [ 112.145581274000051, -8.319279759999972, 0.0 ], [ 112.145486914000116, -8.319233118999932, 0.0 ], [ 112.145459924000079, -8.31921757899994, 0.0 ], [ 112.145441127000026, -8.319204147999926, 0.0 ], [ 112.145394519000092, -8.319164360999935, 0.0 ], [ 112.145367726000018, -8.319136209999954, 0.0 ], [ 112.145352406000029, -8.319114830999979, 0.0 ], [ 112.145321547000094, -8.319066720999956, 0.0 ], [ 112.145299813000065, -8.319026853999958, 0.0 ], [ 112.145285594000029, -8.318978393999942, 0.0 ], [ 112.145281294000029, -8.318946982999933, 0.0 ], [ 112.14527514200006, -8.318767546999936, 0.0 ], [ 112.145276, -8.318702348999977, 0.0 ], [ 112.145278793000102, -8.318671572999961, 0.0 ], [ 112.145279370000026, -8.318647232999979, 0.0 ], [ 112.145277502000113, -8.318623258999935, 0.0 ], [ 112.145274052000104, -8.318610296999964, 0.0 ], [ 112.14526976500008, -8.318599068999958, 0.0 ], [ 112.145257870000023, -8.318577633999951, 0.0 ], [ 112.145233845, -8.318527702999972, 0.0 ], [ 112.14522648500008, -8.318498560999956, 0.0 ], [ 112.14523112300003, -8.318446689999973, 0.0 ], [ 112.145243059000109, -8.318313173999968, 0.0 ], [ 112.145246996000083, -8.318257628999959, 0.0 ], [ 112.145246625000027, -8.318227468999964, 0.0 ], [ 112.145242557000074, -8.318148710999935, 0.0 ], [ 112.145241934000069, -8.318116846999942, 0.0 ], [ 112.145245660000114, -8.318083892999937, 0.0 ], [ 112.145259390000092, -8.318023978999975, 0.0 ], [ 112.145299678000015, -8.317908296999974, 0.0 ], [ 112.145318143000054, -8.317829184999937, 0.0 ], [ 112.145325429000081, -8.317781194999952, 0.0 ], [ 112.145328395000092, -8.317729104999955, 0.0 ], [ 112.145328395000092, -8.317714646999946, 0.0 ], [ 112.145325937000052, -8.317664261999937, 0.0 ], [ 112.145330050000098, -8.317604642999981, 0.0 ], [ 112.145330286000103, -8.317601217999936, 0.0 ], [ 112.145339247000038, -8.317579837999972, 0.0 ], [ 112.145358032000104, -8.317556197999977, 0.0 ], [ 112.145373635000055, -8.317542770999978, 0.0 ], [ 112.145397399000103, -8.317531428999928, 0.0 ], [ 112.145401554000046, -8.317530144999978, 0.0 ], [ 112.14540864300011, -8.317529906999937, 0.0 ], [ 112.145411080000031, -8.317530499999975, 0.0 ], [ 112.145425177000106, -8.317537251999966, 0.0 ], [ 112.145444134000059, -8.317549722999956, 0.0 ], [ 112.145469338000112, -8.317571487999942, 0.0 ], [ 112.14551098000004, -8.317625263999957, 0.0 ], [ 112.145535352000024, -8.317657115999964, 0.0 ], [ 112.145609185000012, -8.317766350999932, 0.0 ], [ 112.145699205000028, -8.317914252999969, 0.0 ], [ 112.145745592000026, -8.317990751999957, 0.0 ], [ 112.145795342000042, -8.318053147999933, 0.0 ], [ 112.145863171000087, -8.318121953999935, 0.0 ], [ 112.145905827000092, -8.318154438999954, 0.0 ], [ 112.145962386000065, -8.318171303999975, 0.0 ], [ 112.145997276000116, -8.318172896999954, 0.0 ], [ 112.146053763000054, -8.318165003999979, 0.0 ], [ 112.146076697000012, -8.318148718999964, 0.0 ], [ 112.146098976000076, -8.318121868999981, 0.0 ], [ 112.146118341000033, -8.318090093999956, 0.0 ], [ 112.146140190000096, -8.318033326999966, 0.0 ], [ 112.146151707000058, -8.317972752999935, 0.0 ], [ 112.146153484000024, -8.317929401999947, 0.0 ], [ 112.146146263000105, -8.31791282699993, 0.0 ], [ 112.146119831000078, -8.317879178999931, 0.0 ], [ 112.14607817600006, -8.317840864999937, 0.0 ], [ 112.146054181000068, -8.317825776999939, 0.0 ], [ 112.146006900000089, -8.317811329999927, 0.0 ], [ 112.145970168000076, -8.317807210999945, 0.0 ], [ 112.145950223000114, -8.317811903999939, 0.0 ], [ 112.14589740200006, -8.317814504999944, 0.0 ], [ 112.145863188000021, -8.317808853999964, 0.0 ], [ 112.145824760000096, -8.317785365999953, 0.0 ], [ 112.14580016900004, -8.317767254999978, 0.0 ], [ 112.145764197000062, -8.317726720999929, 0.0 ], [ 112.145690219000016, -8.317636175999951, 0.0 ], [ 112.145661422000103, -8.317584806999946, 0.0 ], [ 112.145651182000051, -8.317559715999948, 0.0 ], [ 112.14564783600008, -8.317536783999969, 0.0 ], [ 112.145645425000112, -8.317464575999963, 0.0 ], [ 112.145634390000055, -8.317371743999956, 0.0 ], [ 112.145601601000067, -8.317195306999963, 0.0 ], [ 112.145580058000064, -8.317117574999941, 0.0 ], [ 112.145545168000012, -8.317024182999944, 0.0 ], [ 112.145487458000048, -8.316898199999969, 0.0 ], [ 112.145452108000086, -8.316834798999935, 0.0 ], [ 112.145405351000022, -8.316757844999927, 0.0 ], [ 112.145370024000044, -8.316706617999955, 0.0 ], [ 112.145335773000056, -8.316662865999945, 0.0 ], [ 112.145272945000102, -8.316595781999979, 0.0 ], [ 112.14523143200006, -8.316555255999958, 0.0 ], [ 112.145008356000062, -8.316361924999967, 0.0 ], [ 112.144842246000053, -8.316220504999933, 0.0 ], [ 112.144722917000081, -8.316130062999946, 0.0 ], [ 112.144621378000011, -8.316059123999935, 0.0 ], [ 112.144502536, -8.315981521999959, 0.0 ], [ 112.144321404000038, -8.315872335999927, 0.0 ], [ 112.144030232000091, -8.31571529799993, 0.0 ], [ 112.143932505000066, -8.315669716999935, 0.0 ], [ 112.143851659, -8.315637697999932, 0.0 ], [ 112.143731246000016, -8.31559561399996, 0.0 ], [ 112.143651888000022, -8.315572681999981, 0.0 ], [ 112.143557677000103, -8.315548880999927, 0.0 ], [ 112.143467706000024, -8.315530965999926, 0.0 ], [ 112.14339752300009, -8.31551976399993, 0.0 ], [ 112.143122624000057, -8.315494771999965, 0.0 ], [ 112.142769623000049, -8.315478294999934, 0.0 ], [ 112.142536692000022, -8.315490446999945, 0.0 ], [ 112.142393813000012, -8.315491757999951, 0.0 ], [ 112.142200697000021, -8.315512568999964, 0.0 ], [ 112.142030351000017, -8.315543575999925, 0.0 ], [ 112.14180203300009, -8.315606445999947, 0.0 ], [ 112.141827807000027, -8.315725743999963, 0.0 ], [ 112.141828764000024, -8.315729583999939, 0.0 ], [ 112.1418857970001, -8.315958430999956, 0.0 ], [ 112.141890946000103, -8.315992609999967, 0.0 ], [ 112.141897730000096, -8.31603765899996, 0.0 ], [ 112.141879816000028, -8.31607360299995, 0.0 ], [ 112.141874027000085, -8.316076505999945, 0.0 ], [ 112.141825841000013, -8.316100674999973, 0.0 ], [ 112.141783213000053, -8.316118003999975, 0.0 ], [ 112.141765664000104, -8.316125136999972, 0.0 ], [ 112.141675762000091, -8.316161680999926, 0.0 ], [ 112.141624476000061, -8.316182527999956, 0.0 ], [ 112.141475907000085, -8.316227111999979, 0.0 ], [ 112.140649632000077, -8.316433062999977, 0.0 ], [ 112.140595397000084, -8.316442857999959, 0.0 ], [ 112.140558190000093, -8.316453731999957, 0.0 ], [ 112.140534223000031, -8.316472942999951, 0.0 ], [ 112.140527682000084, -8.31649441199994, 0.0 ], [ 112.140526123000086, -8.316522741999961, 0.0 ], [ 112.140530826000031, -8.316583443999946, 0.0 ], [ 112.14062014600006, -8.317170679999947, 0.0 ], [ 112.140642276000108, -8.317316177999942, 0.0 ], [ 112.140663123000081, -8.317364607999934, 0.0 ], [ 112.140700517000028, -8.317413970999951, 0.0 ], [ 112.140814888000023, -8.317503372999965, 0.0 ], [ 112.140857579000112, -8.317533895999929, 0.0 ], [ 112.140869054000063, -8.317542100999958, 0.0 ], [ 112.140871423000021, -8.317561658999978, 0.0 ], [ 112.140864771000111, -8.317590932999963, 0.0 ], [ 112.140848145000064, -8.317625465999981, 0.0 ], [ 112.140826489, -8.317643371999964, 0.0 ], [ 112.140798752000023, -8.317658583999958, 0.0 ], [ 112.140787165, -8.317662872999961, 0.0 ], [ 112.140773323000076, -8.31766799899998, 0.0 ], [ 112.140710989000013, -8.317644496999947, 0.0 ], [ 112.140565712000011, -8.317528015999926, 0.0 ], [ 112.140543175000062, -8.317490849999956, 0.0 ], [ 112.140532044000111, -8.317459722999956, 0.0 ], [ 112.140516007000087, -8.317369650999979, 0.0 ], [ 112.140488785000116, -8.317170679999947, 0.0 ], [ 112.140454507000072, -8.316920130999961, 0.0 ], [ 112.140433392000091, -8.316765793999934, 0.0 ], [ 112.140411649000043, -8.316606865999972, 0.0 ], [ 112.140406848000111, -8.316571777999968, 0.0 ], [ 112.140400073000023, -8.316478055999937, 0.0 ], [ 112.140405183000098, -8.316434285999946, 0.0 ], [ 112.140413346000059, -8.316398030999949, 0.0 ], [ 112.140430174000016, -8.316379680999944, 0.0 ], [ 112.140454508000062, -8.316362248999951, 0.0 ], [ 112.140456507000067, -8.316360815999928, 0.0 ], [ 112.140485842000089, -8.316346928999963, 0.0 ], [ 112.140683373000115, -8.316287570999975, 0.0 ], [ 112.140781270000048, -8.316262197999947, 0.0 ], [ 112.140811473000099, -8.316250063999973, 0.0 ], [ 112.14083655200011, -8.316228352999929, 0.0 ], [ 112.140849791000051, -8.316197147999958, 0.0 ], [ 112.140853681000067, -8.316166521999946, 0.0 ], [ 112.140858914000091, -8.316125319999969, 0.0 ], [ 112.140856302000088, -8.316048534999936, 0.0 ], [ 112.140840519000108, -8.315985439999963, 0.0 ], [ 112.140822016000016, -8.315911468999957, 0.0 ], [ 112.140745411000012, -8.315605232999928, 0.0 ], [ 112.140742400000022, -8.315593195999952, 0.0 ], [ 112.140719005000051, -8.315499666999926, 0.0 ], [ 112.140694594000024, -8.315392800999973, 0.0 ], [ 112.140662371000076, -8.315341424999929, 0.0 ], [ 112.140624760000037, -8.315299965999941, 0.0 ], [ 112.140619363000042, -8.315292789999944, 0.0 ], [ 112.140613768000094, -8.315277273999925, 0.0 ], [ 112.140612610000062, -8.315260690999935, 0.0 ], [ 112.140613693000091, -8.315226738999968, 0.0 ], [ 112.140626117000011, -8.314837242999943, 0.0 ], [ 112.140623645, -8.314759940999977, 0.0 ], [ 112.140620874000092, -8.314733917999945, 0.0 ], [ 112.140611774000035, -8.314703766999969, 0.0 ], [ 112.140604063000069, -8.31468935099997, 0.0 ], [ 112.140586697000117, -8.314668930999972, 0.0 ], [ 112.140573754000116, -8.314662185999964, 0.0 ], [ 112.140550215000076, -8.314655018999929, 0.0 ], [ 112.140475884000011, -8.314647357999945, 0.0 ], [ 112.140464288000089, -8.314646163999953, 0.0 ], [ 112.140437687000031, -8.314645355999971, 0.0 ], [ 112.140411458000017, -8.314647359999981, 0.0 ], [ 112.140399315000082, -8.314648285999965, 0.0 ], [ 112.14038762000007, -8.314651331999926, 0.0 ], [ 112.140369232000012, -8.314660424999943, 0.0 ], [ 112.140354945000013, -8.314670651999961, 0.0 ], [ 112.14034506500002, -8.314684659999955, 0.0 ], [ 112.140327613000068, -8.314716995999959, 0.0 ], [ 112.140313249000087, -8.314754272999949, 0.0 ], [ 112.140280463000067, -8.314850761999935, 0.0 ], [ 112.140268761000016, -8.314873229999932, 0.0 ], [ 112.140260137000041, -8.314883233999979, 0.0 ], [ 112.140239110000039, -8.314892378999957, 0.0 ], [ 112.140203635000034, -8.314896162999958, 0.0 ], [ 112.140185925000083, -8.314896082999951, 0.0 ], [ 112.140164917000106, -8.314895987999932, 0.0 ], [ 112.140122622000035, -8.314892217999954, 0.0 ], [ 112.139782549000074, -8.314832364999972, 0.0 ], [ 112.13969601000008, -8.314813468999944, 0.0 ], [ 112.139657578000083, -8.314815972999952, 0.0 ], [ 112.139630626000098, -8.314841772999955, 0.0 ], [ 112.139553042000102, -8.315012482999975, 0.0 ], [ 112.139320911000027, -8.315593194999963, 0.0 ], [ 112.139279227000088, -8.315697476999958, 0.0 ], [ 112.139184631000035, -8.315934121999931, 0.0 ], [ 112.139072266000085, -8.316215220999936, 0.0 ], [ 112.139067066000052, -8.316228228999933, 0.0 ], [ 112.13902452800005, -8.316382955999927, 0.0 ], [ 112.139021530000036, -8.316446344999974, 0.0 ], [ 112.139031507000027, -8.316475872999945, 0.0 ], [ 112.139043862000108, -8.316512441999976, 0.0 ], [ 112.139072267000074, -8.316528667999933, 0.0 ], [ 112.139134981000097, -8.316564491999941, 0.0 ], [ 112.139193663000015, -8.316598013999965, 0.0 ], [ 112.139203285, -8.316603509999936, 0.0 ], [ 112.139320854000061, -8.31664516799998, 0.0 ], [ 112.139390862000027, -8.316669970999953, 0.0 ], [ 112.139422431000071, -8.316665386999944, 0.0 ], [ 112.13947719600003, -8.316617080999947, 0.0 ], [ 112.139508386000102, -8.316602635999971, 0.0 ], [ 112.1395373040001, -8.316633659999979, 0.0 ], [ 112.139544781000041, -8.316726958999936, 0.0 ], [ 112.139540965000037, -8.31706914199998, 0.0 ], [ 112.139541249000104, -8.317167633999929, 0.0 ], [ 112.139541444000088, -8.317235022999967, 0.0 ], [ 112.139541683000061, -8.317317990999982, 0.0 ], [ 112.139577844000087, -8.317360959999974, 0.0 ], [ 112.139640513000018, -8.317432563999944, 0.0 ], [ 112.139715103000071, -8.317501591999928, 0.0 ], [ 112.13996927200003, -8.317736801999956, 0.0 ], [ 112.140192138000089, -8.317943044999936, 0.0 ], [ 112.140308101000073, -8.318038091999938, 0.0 ], [ 112.140340891000051, -8.318064966999941, 0.0 ], [ 112.140497827000104, -8.31814555699998, 0.0 ], [ 112.140524380000102, -8.318207570999959, 0.0 ], [ 112.14052443300011, -8.318207692999977, 0.0 ], [ 112.140524642000059, -8.31827947599993, 0.0 ], [ 112.140481537000028, -8.318327456999953, 0.0 ], [ 112.140450503000011, -8.318338308999955, 0.0 ], [ 112.140426338000111, -8.318346758999951, 0.0 ], [ 112.140418318000116, -8.318347637999977, 0.0 ], [ 112.14035909200004, -8.318354129999932, 0.0 ], [ 112.140282036000031, -8.318292136999958, 0.0 ], [ 112.140062733000036, -8.318055876999949, 0.0 ], [ 112.14004666400001, -8.318038090999949, 0.0 ], [ 112.139653016000011, -8.317602418999968, 0.0 ], [ 112.139489136000066, -8.317423425999948, 0.0 ], [ 112.139487318000079, -8.317418692999979, 0.0 ], [ 112.139458493, -8.31734365899996, 0.0 ], [ 112.139426319000108, -8.317210342999942, 0.0 ], [ 112.13942195300001, -8.317176341999925, 0.0 ], [ 112.139398890000052, -8.317128525999976, 0.0 ], [ 112.139294480000103, -8.317038353999976, 0.0 ], [ 112.139139815000021, -8.317032404999964, 0.0 ], [ 112.139020842000036, -8.317002661999936, 0.0 ], [ 112.138967966000109, -8.316970936999951, 0.0 ], [ 112.1389146140001, -8.316950929999962, 0.0 ], [ 112.138830485000085, -8.316919379999945, 0.0 ], [ 112.138735307000047, -8.316871791999972, 0.0 ], [ 112.138598488000071, -8.316859893999947, 0.0 ], [ 112.138295106000101, -8.316984815999945, 0.0 ], [ 112.138277260000109, -8.317062147999934, 0.0 ], [ 112.138255352000101, -8.31710413899998, 0.0 ], [ 112.138236640000059, -8.317128278999974, 0.0 ], [ 112.138159902000098, -8.317205161999937, 0.0 ], [ 112.138028404000011, -8.317306931999951, 0.0 ], [ 112.137707461000105, -8.317508560999954, 0.0 ], [ 112.137614995000035, -8.317558109999936, 0.0 ], [ 112.137519955000016, -8.317602128999965, 0.0 ], [ 112.137426352000034, -8.317635730999939, 0.0 ], [ 112.137027794, -8.317724958999975, 0.0 ], [ 112.136873485000024, -8.317763060999937, 0.0 ], [ 112.13682708500005, -8.317776440999978, 0.0 ], [ 112.136715175000063, -8.317815492999955, 0.0 ], [ 112.136613087000114, -8.317859584999951, 0.0 ], [ 112.136361856, -8.317988621999973, 0.0 ], [ 112.136063185000012, -8.318153207999956, 0.0 ], [ 112.135972103000086, -8.318206189999955, 0.0 ], [ 112.135890178000068, -8.31824772899995, 0.0 ], [ 112.135544326000058, -8.318388230999972, 0.0 ], [ 112.135329709000075, -8.318474078999941, 0.0 ], [ 112.135100922000106, -8.318553787999974, 0.0 ], [ 112.13509230000011, -8.31855713799996, 0.0 ], [ 112.135065583000028, -8.318568661999961, 0.0 ], [ 112.135030810000103, -8.318586749999952, 0.0 ], [ 112.13500513200006, -8.31860379099993, 0.0 ], [ 112.134983797000018, -8.318618598999933, 0.0 ], [ 112.134968509000032, -8.318630223999946, 0.0 ], [ 112.134922691000043, -8.318667819999973, 0.0 ], [ 112.134915597000031, -8.318677241999978, 0.0 ], [ 112.134911172000102, -8.318685854999956, 0.0 ], [ 112.134909142000083, -8.318693795999934, 0.0 ], [ 112.13490605100003, -8.318722631999947, 0.0 ], [ 112.134905806, -8.318728074999967, 0.0 ], [ 112.134905181000022, -8.318758265999975, 0.0 ], [ 112.134903270000109, -8.318770834999953, 0.0 ], [ 112.134896339000079, -8.318791565999959, 0.0 ], [ 112.134892242000092, -8.318798897999955, 0.0 ], [ 112.134878983000021, -8.318816583999933, 0.0 ], [ 112.134878153000045, -8.31881746199997, 0.0 ], [ 112.13484414200002, -8.318853443999956, 0.0 ], [ 112.134831921000114, -8.318871291999926, 0.0 ], [ 112.134826532000034, -8.318883000999961, 0.0 ], [ 112.134824152000078, -8.318909187999964, 0.0 ], [ 112.134825098000078, -8.31892348599996, 0.0 ], [ 112.134831092000013, -8.31894919299998, 0.0 ], [ 112.134837119000053, -8.31896158, 0.0 ], [ 112.134854593000114, -8.318984365999938, 0.0 ], [ 112.134859684000048, -8.31899100499993, 0.0 ], [ 112.134870506000084, -8.319005896999954, 0.0 ], [ 112.134877608000011, -8.319018626999934, 0.0 ], [ 112.13487762200009, -8.319018652999944, 0.0 ], [ 112.134878040000103, -8.3190258299999, 0.0 ], [ 112.134879693000016, -8.319054199999925, 0.0 ], [ 112.134877864000032, -8.319067577999931, 0.0 ], [ 112.134865458000036, -8.319110995999949, 0.0 ], [ 112.134855076, -8.319135219999964, 0.0 ], [ 112.13484892300005, -8.319149578999941, 0.0 ], [ 112.134838690000038, -8.31917345599993, 0.0 ], [ 112.134825540000065, -8.319203509999966, 0.0 ], [ 112.13482173400007, -8.319212212999958, 0.0 ], [ 112.134806931000071, -8.319241123999973, 0.0 ], [ 112.134792679000043, -8.319262725999977, 0.0 ], [ 112.134774007000033, -8.319283381999981, 0.0 ], [ 112.134748497000032, -8.31929921699998, 0.0 ], [ 112.134712602000036, -8.31931392499996, 0.0 ], [ 112.134696665000092, -8.3193179, 0.0 ], [ 112.134665416000075, -8.319322170999953, 0.0 ], [ 112.134586467000076, -8.319327776999955, 0.0 ], [ 112.134525753000048, -8.319338143999971, 0.0 ], [ 112.134488606000104, -8.31934967799998, 0.0 ], [ 112.134460550000085, -8.319361396999966, 0.0 ], [ 112.134409285000061, -8.319387029999973, 0.0 ], [ 112.134362461000023, -8.319414976999951, 0.0 ], [ 112.134303751000061, -8.319456502999969, 0.0 ], [ 112.134245100000044, -8.319501014999958, 0.0 ], [ 112.134193200000027, -8.319546806999938, 0.0 ], [ 112.134110465000049, -8.319623974999956, 0.0 ], [ 112.133966022000095, -8.319768222999926, 0.0 ], [ 112.133953686000041, -8.319785039999942, 0.0 ], [ 112.133942043000047, -8.319808061999936, 0.0 ], [ 112.133934479000118, -8.319826159999934, 0.0 ], [ 112.133924248000085, -8.319855921999931, 0.0 ], [ 112.133920179000029, -8.319871582999951, 0.0 ], [ 112.133915091000063, -8.319894695999949, 0.0 ], [ 112.133913764000113, -8.319902118999948, 0.0 ], [ 112.133912073000033, -8.319915906999938, 0.0 ], [ 112.133912583000097, -8.319925737999938, 0.0 ], [ 112.133914168000047, -8.319935222999959, 0.0 ], [ 112.133918186000074, -8.319946425999944, 0.0 ], [ 112.133922603000087, -8.319954007999968, 0.0 ], [ 112.133930868000107, -8.319963272999928, 0.0 ], [ 112.133946589000061, -8.319976321999945, 0.0 ], [ 112.133971163000069, -8.319992634999949, 0.0 ], [ 112.134011680000071, -8.320019531999947, 0.0 ], [ 112.134015161000093, -8.320021628999939, 0.0 ], [ 112.134039759000075, -8.32003915599995, 0.0 ], [ 112.134046313000113, -8.32004632, 0.0 ], [ 112.134051695000039, -8.320054609999943, 0.0 ], [ 112.134062076000077, -8.320077242999957, 0.0 ], [ 112.134067946000073, -8.320100728999932, 0.0 ], [ 112.134083111000109, -8.320223321999947, 0.0 ], [ 112.134086928000102, -8.320246613999927, 0.0 ], [ 112.134091868000041, -8.320268117999944, 0.0 ], [ 112.134099121000077, -8.320289615999968, 0.0 ], [ 112.134106746000043, -8.32030557, 0.0 ], [ 112.134118331000082, -8.320322548999968, 0.0 ], [ 112.134134966000033, -8.320343166999976, 0.0 ], [ 112.134164396000074, -8.320375111999965, 0.0 ], [ 112.134219183000027, -8.320423213999959, 0.0 ], [ 112.134254422000026, -8.320460760999936, 0.0 ], [ 112.134312503000046, -8.320526824999945, 0.0 ], [ 112.134395654000059, -8.32062140599993, 0.0 ], [ 112.134417841000072, -8.320646643999964, 0.0 ], [ 112.134427943000105, -8.32065926599995, 0.0 ], [ 112.134432030000085, -8.320664371999953, 0.0 ], [ 112.134443691000115, -8.320679827999982, 0.0 ], [ 112.134460537000109, -8.320709635999947, 0.0 ], [ 112.134476395000092, -8.320748825999942, 0.0 ], [ 112.134477500000116, -8.320751553999969, 0.0 ], [ 112.13448095900003, -8.320762287999969, 0.0 ], [ 112.13448866400006, -8.320790258999978, 0.0 ], [ 112.134491738000065, -8.320807085999945, 0.0 ], [ 112.134491010000033, -8.320834347999948, 0.0 ], [ 112.134488551000118, -8.320842121999931, 0.0 ], [ 112.134484471000064, -8.320847257999958, 0.0 ], [ 112.134479209, -8.32085086799998, 0.0 ], [ 112.134475171000076, -8.320852289999948, 0.0 ], [ 112.134435537000059, -8.320866230999968, 0.0 ], [ 112.134398166000096, -8.320877761999952, 0.0 ], [ 112.134387313000047, -8.32088183299993, 0.0 ], [ 112.134367047000069, -8.320890623999958, 0.0 ], [ 112.134356229000105, -8.320895972999949, 0.0 ], [ 112.134348227000032, -8.320900657999971, 0.0 ], [ 112.134332961000041, -8.320909595999979, 0.0 ], [ 112.134320686000024, -8.320919838999941, 0.0 ], [ 112.134311033000017, -8.320932089999928, 0.0 ], [ 112.134302636000029, -8.320946023999966, 0.0 ], [ 112.134299403000114, -8.320953021999969, 0.0 ], [ 112.134296821000021, -8.320963736999943, 0.0 ], [ 112.13429253400011, -8.320988365999938, 0.0 ], [ 112.134290098000065, -8.321011631999966, 0.0 ], [ 112.13428667200003, -8.32104434699994, 0.0 ], [ 112.134284748000027, -8.321100507999972, 0.0 ], [ 112.134285516000091, -8.321122909999929, 0.0 ], [ 112.134288940000033, -8.321140231999948, 0.0 ], [ 112.134297788000026, -8.32116472499996, 0.0 ], [ 112.134298398000055, -8.321166413999947, 0.0 ], [ 112.13432674, -8.32122200799995, 0.0 ], [ 112.134368681000069, -8.321304279999936, 0.0 ], [ 112.134373693000043, -8.321315802999948, 0.0 ], [ 112.13438210400011, -8.321338068999978, 0.0 ], [ 112.134384847000092, -8.321354972999927, 0.0 ], [ 112.134384867000108, -8.321367619999933, 0.0 ], [ 112.134380647000057, -8.321378082999956, 0.0 ], [ 112.134376473000088, -8.321383220999962, 0.0 ], [ 112.134362445000079, -8.321394486999964, 0.0 ], [ 112.134358414000076, -8.321396451999931, 0.0 ], [ 112.134349735000114, -8.321396241999935, 0.0 ], [ 112.134346957000048, -8.321394927999961, 0.0 ], [ 112.1343440280001, -8.321393540999964, 0.0 ], [ 112.134282122000059, -8.321358909999958, 0.0 ], [ 112.134268635000012, -8.321352130999969, 0.0 ], [ 112.134266430000025, -8.321351438999955, 0.0 ], [ 112.134242039000014, -8.321343783999964, 0.0 ], [ 112.134226366, -8.321340077999935, 0.0 ], [ 112.134186267000018, -8.321334301999968, 0.0 ], [ 112.134172776000014, -8.321334659999934, 0.0 ], [ 112.134150050000017, -8.321338417999925, 0.0 ], [ 112.134127338000098, -8.321343896999963, 0.0 ], [ 112.133957632000033, -8.321410516999947, 0.0 ], [ 112.133862343000033, -8.321463090999941, 0.0 ], [ 112.133803891000071, -8.321501058999957, 0.0 ], [ 112.133760363000079, -8.321536372999958, 0.0 ], [ 112.133714879000081, -8.321579334999967, 0.0 ], [ 112.133673031000058, -8.321622967999929, 0.0 ], [ 112.133530409000059, -8.321791456999961, 0.0 ], [ 112.133499512000071, -8.321814034999932, 0.0 ], [ 112.13349413200001, -8.321817965999969, 0.0 ], [ 112.133435132000045, -8.32184891199995, 0.0 ], [ 112.133411638000098, -8.3218584, 0.0 ], [ 112.133353909000107, -8.32187382799998, 0.0 ], [ 112.133173458000101, -8.321917166999981, 0.0 ], [ 112.133127312000056, -8.321932169999968, 0.0 ], [ 112.133080763000066, -8.321953140999938, 0.0 ], [ 112.133064541000067, -8.321962820999943, 0.0 ], [ 112.133034627000029, -8.321984344999976, 0.0 ], [ 112.13301758700004, -8.322003090999942, 0.0 ], [ 112.133005160000039, -8.322018944999968, 0.0 ], [ 112.132995360000109, -8.322036324999942, 0.0 ], [ 112.132984322000084, -8.322066284999948, 0.0 ], [ 112.132959251000102, -8.322193732999949, 0.0 ], [ 112.132955965000065, -8.322250648999955, 0.0 ], [ 112.132961031000036, -8.3222803699999, 0.0 ], [ 112.132970562000082, -8.322305720999964, 0.0 ], [ 112.133002169000065, -8.322351819999938, 0.0 ], [ 112.133010892000016, -8.322361460999957, 0.0 ], [ 112.133012725000071, -8.322363486999961, 0.0 ], [ 112.133031876000018, -8.322390051999946, 0.0 ], [ 112.133048799000107, -8.322422335999931, 0.0 ], [ 112.133061681000072, -8.322467495999945, 0.0 ], [ 112.133066548000102, -8.322514008999974, 0.0 ], [ 112.133063470000025, -8.322555401999978, 0.0 ], [ 112.133060202000024, -8.322577483999964, 0.0 ], [ 112.133045189000086, -8.322678938999957, 0.0 ], [ 112.133021386000109, -8.322854158999974, 0.0 ], [ 112.133014378000098, -8.322905748999972, 0.0 ], [ 112.133007060000068, -8.322941091999951, 0.0 ], [ 112.133007536000036, -8.322967206999976, 0.0 ], [ 112.133016835000035, -8.323006273999965, 0.0 ], [ 112.133039097000051, -8.323058428999957, 0.0 ], [ 112.133048288000055, -8.323090785999966, 0.0 ], [ 112.133055247000016, -8.323124575999941, 0.0 ], [ 112.133055175000095, -8.323149756999953, 0.0 ], [ 112.13304663100007, -8.323184111999979, 0.0 ], [ 112.133037210000111, -8.323209866999946, 0.0 ], [ 112.133029436000015, -8.32322357399994, 0.0 ], [ 112.133016680000082, -8.323236717999976, 0.0 ], [ 112.132983847000105, -8.323260393999931, 0.0 ], [ 112.132965550000108, -8.323268179999957, 0.0 ], [ 112.132911073000059, -8.323281118999944, 0.0 ], [ 112.132880816000011, -8.32329408499993, 0.0 ], [ 112.13285299000006, -8.323310781999965, 0.0 ], [ 112.132812780000108, -8.323338843999977, 0.0 ], [ 112.132796462000101, -8.32335259599995, 0.0 ], [ 112.132776645000035, -8.323378761999948, 0.0 ], [ 112.132753303000072, -8.32342740699994, 0.0 ], [ 112.132731653000064, -8.323472526999979, 0.0 ], [ 112.132709209000041, -8.323512588999961, 0.0 ], [ 112.132695737000063, -8.323530380999955, 0.0 ], [ 112.1326737710001, -8.323553179999976, 0.0 ], [ 112.132669734000046, -8.323557367999967, 0.0 ], [ 112.132662155000048, -8.32356391299993, 0.0 ], [ 112.132621543000027, -8.323592694999945, 0.0 ], [ 112.132598187000099, -8.323606947999963, 0.0 ], [ 112.132583517000057, -8.323620668999979, 0.0 ], [ 112.132574024000064, -8.323633853999979, 0.0 ], [ 112.13255846900006, -8.323658811999962, 0.0 ], [ 112.132552586000088, -8.323669738999968, 0.0 ], [ 112.132538706000105, -8.323700696999936, 0.0 ], [ 112.132529791000024, -8.323736670999949, 0.0 ], [ 112.132515363000039, -8.323839911999926, 0.0 ], [ 112.132511744000112, -8.323877881999977, 0.0 ], [ 112.13251, -8.323896181999942, 0.0 ], [ 112.132509067000115, -8.323905970999931, 0.0 ], [ 112.13249041600011, -8.323936892999939, 0.0 ], [ 112.132387059000052, -8.324002787999973, 0.0 ], [ 112.132343168000034, -8.324038787999939, 0.0 ], [ 112.132335044000115, -8.324047851999978, 0.0 ], [ 112.132332783000038, -8.324053205999974, 0.0 ], [ 112.132333093000057, -8.324060767999981, 0.0 ], [ 112.132338299000025, -8.324086445999967, 0.0 ], [ 112.132340203000012, -8.324104835999947, 0.0 ], [ 112.132339087000105, -8.32411809499996, 0.0 ], [ 112.13233562500011, -8.32413513299997, 0.0 ], [ 112.132331678000014, -8.324146411999948, 0.0 ], [ 112.132322684000087, -8.324166, 0.0 ], [ 112.132316702000026, -8.324174803999938, 0.0 ], [ 112.132303114000024, -8.32418968099995, 0.0 ], [ 112.132295451, -8.324193183999967, 0.0 ], [ 112.132281067, -8.324196179999944, 0.0 ], [ 112.132268116000091, -8.324195930999963, 0.0 ], [ 112.132257826000114, -8.324192725999978, 0.0 ], [ 112.132221588000107, -8.324173780999956, 0.0 ], [ 112.132209964000026, -8.324169033999965, 0.0 ], [ 112.132204125000044, -8.324167402999933, 0.0 ], [ 112.132203445000073, -8.324167348999936, 0.0 ], [ 112.132190964000074, -8.32416560799993, 0.0 ], [ 112.132180124000115, -8.324165918999938, 0.0 ], [ 112.132170029, -8.324167772999942, 0.0 ], [ 112.13216515900001, -8.324169806999976, 0.0 ], [ 112.132153470000048, -8.324174859999971, 0.0 ], [ 112.132148053000037, -8.324178218999975, 0.0 ], [ 112.1321426720001, -8.324181596999949, 0.0 ], [ 112.132141571000034, -8.324183218999963, 0.0 ], [ 112.132134713000028, -8.324191323999969, 0.0 ], [ 112.132132186000035, -8.324195137999936, 0.0 ], [ 112.13212929000008, -8.324204373999976, 0.0 ], [ 112.132127601000093, -8.324213271999952, 0.0 ], [ 112.132127122000043, -8.32422007699995, 0.0 ], [ 112.13212873100008, -8.324251145999938, 0.0 ], [ 112.132130134000022, -8.324261910999951, 0.0 ], [ 112.132133364000083, -8.324305027999969, 0.0 ], [ 112.132133215000067, -8.324326640999971, 0.0 ], [ 112.132133135000117, -8.324338219999959, 0.0 ], [ 112.13213311700008, -8.324340855999935, 0.0 ], [ 112.132133445000022, -8.324343019999958, 0.0 ], [ 112.132133549000059, -8.324391393999974, 0.0 ], [ 112.132132371000012, -8.324402576999944, 0.0 ], [ 112.132130036000035, -8.324406927999974, 0.0 ], [ 112.132122762000108, -8.324415011999974, 0.0 ], [ 112.13211280500002, -8.324422097999957, 0.0 ], [ 112.132083780000016, -8.324439723999944, 0.0 ], [ 112.13207064900007, -8.32444572299994, 0.0 ], [ 112.132063576000064, -8.324448151999945, 0.0 ], [ 112.132032554000034, -8.324454343999946, 0.0 ], [ 112.131981014000075, -8.324455954999962, 0.0 ], [ 112.131953448000104, -8.324454816999946, 0.0 ], [ 112.131947897000032, -8.324453883999979, 0.0 ], [ 112.131936751000012, -8.324450493999962, 0.0 ], [ 112.131918567000071, -8.324443985999949, 0.0 ], [ 112.131911734000028, -8.324442166999972, 0.0 ], [ 112.131906880000088, -8.324441338999975, 0.0 ], [ 112.131897114000026, -8.324440227999958, 0.0 ], [ 112.131885777000093, -8.324439759999962, 0.0 ], [ 112.131874424000102, -8.324439899999959, 0.0 ], [ 112.13186908800003, -8.324440513999946, 0.0 ], [ 112.13186002100008, -8.32444299499997, 0.0 ], [ 112.131855982000047, -8.324444568999979, 0.0 ], [ 112.131850132000068, -8.324448627999971, 0.0 ], [ 112.131837761000043, -8.324458965999952, 0.0 ], [ 112.131809428000111, -8.324489385999925, 0.0 ], [ 112.131796351000048, -8.324501420999979, 0.0 ], [ 112.131792548000021, -8.324503980999964, 0.0 ], [ 112.131779250000022, -8.324510791999955, 0.0 ], [ 112.13175461000003, -8.324518232999935, 0.0 ], [ 112.131707099000096, -8.324530496999955, 0.0 ], [ 112.131690905000028, -8.324536187999968, 0.0 ], [ 112.131675800000039, -8.324543529999971, 0.0 ], [ 112.13166375000003, -8.324551507999956, 0.0 ], [ 112.131617821000077, -8.324586601999954, 0.0 ], [ 112.131605665000052, -8.32459343499994, 0.0 ], [ 112.131576325000083, -8.324604791999946, 0.0 ], [ 112.131530931000043, -8.32461742299995, 0.0 ], [ 112.131506732000048, -8.324619809999945, 0.0 ], [ 112.131461047000016, -8.324619601999927, 0.0 ], [ 112.13140721000002, -8.324614587999974, 0.0 ], [ 112.131373321000069, -8.324613071999977, 0.0 ], [ 112.1313239750001, -8.324612480999974, 0.0 ], [ 112.131180337000046, -8.324615905999963, 0.0 ], [ 112.131149338000114, -8.3246194, 0.0 ], [ 112.131140378000055, -8.324622459999944, 0.0 ], [ 112.131129107000106, -8.324628662999942, 0.0 ], [ 112.131122020000021, -8.324634461999949, 0.0 ], [ 112.131108370000106, -8.324651372999938, 0.0 ], [ 112.131099976000087, -8.324664884999947, 0.0 ], [ 112.131086229000061, -8.32470062699997, 0.0 ], [ 112.13107767300005, -8.324731861999965, 0.0 ], [ 112.131072398000015, -8.324759717999939, 0.0 ], [ 112.131069832000094, -8.324784704999956, 0.0 ], [ 112.131068938000112, -8.324796775999971, 0.0 ], [ 112.131071187000089, -8.324831833999951, 0.0 ], [ 112.131074936, -8.324869607999972, 0.0 ], [ 112.131071948000113, -8.324937317999968, 0.0 ], [ 112.131067632000054, -8.324957111999936, 0.0 ], [ 112.131054252000013, -8.324992646999931, 0.0 ], [ 112.131048313000065, -8.325002797999957, 0.0 ], [ 112.131038047000061, -8.32502076399993, 0.0 ], [ 112.130999940000038, -8.32507193899994, 0.0 ], [ 112.130961641000113, -8.325112575999981, 0.0 ], [ 112.13092701100004, -8.325136531999931, 0.0 ], [ 112.130892691000099, -8.325156387999925, 0.0 ], [ 112.130752305000101, -8.325215060999938, 0.0 ], [ 112.130724649000058, -8.325230583999939, 0.0 ], [ 112.130711798000107, -8.325241080999945, 0.0 ], [ 112.130680732000087, -8.325267693999933, 0.0 ], [ 112.130571905000011, -8.325351228999978, 0.0 ], [ 112.130489459000046, -8.325387666999973, 0.0 ], [ 112.130463516000077, -8.325395995999941, 0.0 ], [ 112.130380929000012, -8.325415007999936, 0.0 ], [ 112.130338325000025, -8.325421614999925, 0.0 ], [ 112.130251797000028, -8.325424514999952, 0.0 ], [ 112.130131928000083, -8.32541183099994, 0.0 ], [ 112.130061069000021, -8.325410905999945, 0.0 ], [ 112.130043027000056, -8.325413687999969, 0.0 ], [ 112.130021249000038, -8.325423825999962, 0.0 ], [ 112.129983023000023, -8.325448488999939, 0.0 ], [ 112.129949967000016, -8.325475205999965, 0.0 ], [ 112.130369999000095, -8.32222, 0.0 ], [ 112.13067, -8.319929998999953, 0.0 ], [ 112.131129999000109, -8.31676, 0.0 ], [ 112.13196, -8.31362, 0.0 ], [ 112.13263, -8.31148, 0.0 ], [ 112.13286, -8.310469998999963, 0.0 ], [ 112.13362, -8.308189998999978, 0.0 ], [ 112.133912081000062, -8.307233845999974, 0.0 ], [ 112.134330668000075, -8.29776323599998, 0.0 ], [ 112.134359222000057, -8.296611576999965, 0.0 ], [ 112.13438777500005, -8.295688345999963, 0.0 ], [ 112.1342735610001, -8.295459917999949, 0.0 ], [ 112.13426404300003, -8.295269560999941, 0.0 ], [ 112.1342735610001, -8.295117274999939, 0.0 ], [ 112.134368740000014, -8.294860293999932, 0.0 ], [ 112.134454400000095, -8.294517650999978, 0.0 ], [ 112.134368535000021, -8.294403046999946, 0.0 ], [ 112.134123900000077, -8.294454599999938, 0.0 ], [ 112.133814500000085, -8.294383399999958, 0.0 ], [ 112.133627352000076, -8.294211462999954, 0.0 ], [ 112.13353450000011, -8.294083299999954, 0.0 ], [ 112.134416329000032, -8.292813956999964, 0.0 ], [ 112.134682828000109, -8.29272829699994, 0.0 ], [ 112.134939810000105, -8.292623599999956, 0.0 ], [ 112.135272935000103, -8.29249035, 0.0 ], [ 112.135558470000092, -8.292423725999981, 0.0 ], [ 112.135891595000089, -8.292357100999936, 0.0 ], [ 112.13710036100008, -8.292633117999969, 0.0 ], [ 112.137623842000039, -8.292652153999938, 0.0 ], [ 112.138166359000024, -8.292794920999938, 0.0 ], [ 112.139955714000052, -8.293099491999953, 0.0 ], [ 112.140890638000087, -8.293251045999966, 0.0 ], [ 112.140995334000081, -8.293184420999978, 0.0 ], [ 112.141209486000093, -8.293136831999959, 0.0 ], [ 112.14172424800006, -8.293063460999974, 0.0 ], [ 112.141961395000067, -8.292908403999945, 0.0 ], [ 112.1419518780001, -8.292803707999951, 0.0 ], [ 112.141856699000073, -8.292746600999976, 0.0 ], [ 112.141647410000019, -8.29269741, 0.0 ], [ 112.14155, -8.2926, 0.0 ], [ 112.14154, -8.292529998999953, 0.0 ], [ 112.141517626000109, -8.292409906999978, 0.0 ], [ 112.141535472000101, -8.292350419999934, 0.0 ], [ 112.141565215000014, -8.292284984999981, 0.0 ], [ 112.141702034000105, -8.292201703999979, 0.0 ], [ 112.141767469000115, -8.29215411499996, 0.0 ], [ 112.141986836000115, -8.292080064999936, 0.0 ], [ 112.14226, -8.29162, 0.0 ], [ 112.142479999000102, -8.29108, 0.0 ], [ 112.142822006000074, -8.291172854999957, 0.0 ], [ 112.143508145000055, -8.291055492999931, 0.0 ], [ 112.143945966000047, -8.291055492999931, 0.0 ], [ 112.144345716000089, -8.291074527999967, 0.0 ], [ 112.144802572000117, -8.291093563999937, 0.0 ], [ 112.145050036000043, -8.291131634999942, 0.0 ], [ 112.145512070000109, -8.291333066999925, 0.0 ], [ 112.145849535000025, -8.291531384999928, 0.0 ], [ 112.146096999000065, -8.291550420999954, 0.0 ], [ 112.146458677000055, -8.291607527999929, 0.0 ], [ 112.14701071200011, -8.291645598999935, 0.0 ], [ 112.147715032000065, -8.291683669999941, 0.0 ], [ 112.148552603000098, -8.291683669999941, 0.0 ], [ 112.149180780000052, -8.291607527999929, 0.0 ], [ 112.149732815000107, -8.291436206999947, 0.0 ], [ 112.150456171000087, -8.291455241999927, 0.0 ], [ 112.151008206000029, -8.291607527999929, 0.0 ], [ 112.15144602700002, -8.291778848999968, 0.0 ], [ 112.151998062000075, -8.291874026999949, 0.0 ], [ 112.152550097000017, -8.291816919999974, 0.0 ], [ 112.153025989000071, -8.291645598999935, 0.0 ], [ 112.153463810000062, -8.291569455999934, 0.0 ], [ 112.154187166000042, -8.291569455999934, 0.0 ], [ 112.154834380000011, -8.291664634999961, 0.0 ], [ 112.155405450000103, -8.291702705999967, 0.0 ], [ 112.155748093000057, -8.291579449999972, 0.0 ], [ 112.155962244000079, -8.291450958999974, 0.0 ], [ 112.15607645800003, -8.291136869999946, 0.0 ], [ 112.156105012000012, -8.290694290999966, 0.0 ], [ 112.156119289000117, -8.290208880999955, 0.0 ], [ 112.15626205600006, -8.289880514999936, 0.0 ], [ 112.156533315000047, -8.289637809999931, 0.0 ], [ 112.156918788000098, -8.289580702999956, 0.0 ], [ 112.157318537000037, -8.289637809999931, 0.0 ], [ 112.157589796000025, -8.289723469999956, 0.0 ], [ 112.157918161000111, -8.289737746999947, 0.0 ], [ 112.158118036000019, -8.289680639999972, 0.0 ], [ 112.158403571, -8.289337997999951, 0.0 ], [ 112.15861772300002, -8.288938247999965, 0.0 ], [ 112.158903258, -8.288809756999967, 0.0 ], [ 112.159317284000053, -8.288909694999973, 0.0 ], [ 112.159974016000092, -8.289081015999955, 0.0 ], [ 112.160802068000066, -8.288923971999964, 0.0 ], [ 112.161386794, -8.288512798999932, 0.0 ], [ 112.16188356300006, -8.288637835999964, 0.0 ], [ 112.162558110000077, -8.28869554299996, 0.0 ], [ 112.163514653000107, -8.288824033999958, 0.0 ], [ 112.164100001000065, -8.288895417999981, 0.0 ], [ 112.164642518000051, -8.289066738999963, 0.0 ] ] ], [ [ [ 112.149885, -8.32229, 0.0 ], [ 112.14981720600008, -8.322325182999975, 0.0 ], [ 112.149779722000062, -8.32231894399996, 0.0 ], [ 112.149740131000044, -8.322275415999968, 0.0 ], [ 112.14971484900002, -8.322182619999978, 0.0 ], [ 112.14971421000007, -8.322091727999975, 0.0 ], [ 112.149702484000045, -8.322057361999953, 0.0 ], [ 112.149665919000086, -8.322003656999925, 0.0 ], [ 112.14966039, -8.321974135999938, 0.0 ], [ 112.149668073000043, -8.321930524999971, 0.0 ], [ 112.149671922000039, -8.321908672999939, 0.0 ], [ 112.149694741000076, -8.321842686999958, 0.0 ], [ 112.149789455000018, -8.321741746999976, 0.0 ], [ 112.149854490000052, -8.321659724999961, 0.0 ], [ 112.14988552300008, -8.321643402999939, 0.0 ], [ 112.149975152000025, -8.321623518999957, 0.0 ], [ 112.150015935000056, -8.321619880999947, 0.0 ], [ 112.150101246000077, -8.321612272999971, 0.0 ], [ 112.150193672000114, -8.321644148999951, 0.0 ], [ 112.150272774000086, -8.321697471999926, 0.0 ], [ 112.150288472000057, -8.321745929999963, 0.0 ], [ 112.150299051000047, -8.321850547999929, 0.0 ], [ 112.150296713000102, -8.321857836999925, 0.0 ], [ 112.150267283000062, -8.321949593999932, 0.0 ], [ 112.150247628000102, -8.322003779999932, 0.0 ], [ 112.150241584000014, -8.322020443999975, 0.0 ], [ 112.150200898000094, -8.322063804999971, 0.0 ], [ 112.150105434000011, -8.322134723999966, 0.0 ], [ 112.150081058000069, -8.322162418999937, 0.0 ], [ 112.15006500100003, -8.322213, 0.0 ], [ 112.150034, -8.32225399899994, 0.0 ], [ 112.149966001000053, -8.322289998999963, 0.0 ], [ 112.149885, -8.32229, 0.0 ] ] ] ] } },
{ "type": "Feature", "properties": { "OBJECTID": 116177.0, "KDPPUM": "35", "NAMOBJ": "Pasiraman", "REMARK": null, "KDPBPS": null, "FCODE": "BA03070040", "LUASWH": 7.73852467, "UUPP": "Hasil Delineasi Batas Desa 2019", "SRS_ID": "SRGI 2013", "METADATA": "TASWIL1000020200326DATA_BATAS_DESA_KELURAHAN", "KDEBPS": null, "KDEPUM": "35.05.08.2001", "KDCBPS": null, "KDCPUM": "35.05.08", "KDBBPS": null, "WADMKD": "Pasiraman", "WIADKD": null, "WADMKC": "Wonotirto", "WIADKC": null, "WADMKK": "Blitar", "WIADKK": null, "WADMPR": "Jawa Timur", "WIADPR": null, "TIPADM": 1.0, "KDPKAB": "35.05", "SHAPE_Leng": 0.17844975786532499, "SHAPE_Area": 0.00062556520398700005 }, "geometry": { "type": "MultiPolygon", "coordinates": [ [ [ [ 112.12259855100001, -8.256052276999981, 0.0 ], [ 112.122524393000049, -8.256015953999963, 0.0 ], [ 112.122310241000037, -8.255896980999978, 0.0 ], [ 112.122149627000113, -8.255855340999972, 0.0 ], [ 112.121971168000073, -8.25577206, 0.0 ], [ 112.12182245200006, -8.255682829999955, 0.0 ], [ 112.121751068000094, -8.255623342999968, 0.0 ], [ 112.12162614600004, -8.255575753999949, 0.0 ], [ 112.121435789000088, -8.255522215999974, 0.0 ], [ 112.121298970000112, -8.255516267999951, 0.0 ], [ 112.121108613000047, -8.25549842199996, 0.0 ], [ 112.120930154, -8.255474626999955, 0.0 ], [ 112.120692208000037, -8.255462729999977, 0.0 ], [ 112.119318486000111, -8.254913036999938, 0.0 ], [ 112.11878, -8.25482, 0.0 ], [ 112.11736, -8.25428, 0.0 ], [ 112.117350000000101, -8.25418, 0.0 ], [ 112.117354159000115, -8.254137028999935, 0.0 ], [ 112.11738, -8.25387, 0.0 ], [ 112.117453751000085, -8.253804442999979, 0.0 ], [ 112.11747, -8.25379, 0.0 ], [ 112.11788, -8.25359, 0.0 ], [ 112.117928586000062, -8.253513648999956, 0.0 ], [ 112.117949999000075, -8.25348, 0.0 ], [ 112.117929999000012, -8.253369998999972, 0.0 ], [ 112.11786999900005, -8.25325, 0.0 ], [ 112.117559999000036, -8.25293, 0.0 ], [ 112.117559999000036, -8.25283, 0.0 ], [ 112.11758, -8.25274, 0.0 ], [ 112.117642356000033, -8.25267764299997, 0.0 ], [ 112.11762705000001, -8.252671339999949, 0.0 ], [ 112.117494939000039, -8.252671708999969, 0.0 ], [ 112.117398809000065, -8.252654030999963, 0.0 ], [ 112.117350601000112, -8.252594343999931, 0.0 ], [ 112.117344444000082, -8.252540521999947, 0.0 ], [ 112.117374200000086, -8.252444725999965, 0.0 ], [ 112.117392081000048, -8.252396818999955, 0.0 ], [ 112.117427892000023, -8.252318951999939, 0.0 ], [ 112.117469709000034, -8.252241067999933, 0.0 ], [ 112.117511593000017, -8.252187112999934, 0.0 ], [ 112.11755362800011, -8.252186994999931, 0.0 ], [ 112.117637832000014, -8.252234616999942, 0.0 ], [ 112.117794332000017, -8.252365786999974, 0.0 ], [ 112.117950630000109, -8.25242517199996, 0.0 ], [ 112.118063783000025, -8.252089858999966, 0.0 ], [ 112.118085113, -8.252001125999925, 0.0 ], [ 112.11808, -8.25195, 0.0 ], [ 112.118020000000115, -8.25192, 0.0 ], [ 112.11773, -8.251849998999944, 0.0 ], [ 112.11767, -8.251789998999925, 0.0 ], [ 112.117620000000102, -8.25166, 0.0 ], [ 112.117620000000102, -8.25158, 0.0 ], [ 112.11769, -8.25151, 0.0 ], [ 112.117725776000043, -8.251476327999967, 0.0 ], [ 112.117725755000038, -8.251468663999958, 0.0 ], [ 112.11773150700003, -8.251378915999965, 0.0 ], [ 112.11776726800008, -8.251283102999935, 0.0 ], [ 112.117797142000086, -8.251229180999928, 0.0 ], [ 112.117869084000063, -8.251187104999929, 0.0 ], [ 112.118051232000084, -8.25104302699998, 0.0 ], [ 112.118194913000025, -8.250926933999949, 0.0 ], [ 112.11818, -8.25083, 0.0 ], [ 112.11812, -8.25072, 0.0 ], [ 112.118020000000115, -8.25063999899993, 0.0 ], [ 112.117840000000115, -8.25057, 0.0 ], [ 112.11763, -8.25048, 0.0 ], [ 112.11764, -8.25031, 0.0 ], [ 112.117677943000103, -8.25017930599995, 0.0 ], [ 112.117674080000029, -8.25017547899995, 0.0 ], [ 112.117673878, -8.250103693999961, 0.0 ], [ 112.117673636000063, -8.250017551999974, 0.0 ], [ 112.117716589000111, -8.249916932999952, 0.0 ], [ 112.117817009000078, -8.24975154699996, 0.0 ], [ 112.117845787000078, -8.249697946999959, 0.0 ], [ 112.11796, -8.2494, 0.0 ], [ 112.118050929000105, -8.249292021999963, 0.0 ], [ 112.118089221000105, -8.249176506999959, 0.0 ], [ 112.118146626000112, -8.249090204999959, 0.0 ], [ 112.118204072000026, -8.249018258999968, 0.0 ], [ 112.118426891000013, -8.248816638999926, 0.0 ], [ 112.118793243000027, -8.248406440999929, 0.0 ], [ 112.118944062000082, -8.248226557999942, 0.0 ], [ 112.119051747000071, -8.248082686999965, 0.0 ], [ 112.119152368000073, -8.247989084999972, 0.0 ], [ 112.119238677000112, -8.247931415999972, 0.0 ], [ 112.11934666500008, -8.247895221999954, 0.0 ], [ 112.119490763000044, -8.247887640999977, 0.0 ], [ 112.119620470000086, -8.24788727899994, 0.0 ], [ 112.12000199900001, -8.247749820999957, 0.0 ], [ 112.120153081000012, -8.247663256999942, 0.0 ], [ 112.120239390000052, -8.247605587999942, 0.0 ], [ 112.120383407000077, -8.24756929299997, 0.0 ], [ 112.120484209000097, -8.247540296999944, 0.0 ], [ 112.120548840000083, -8.247461152999961, 0.0 ], [ 112.120634926000093, -8.2473245199999, 0.0 ], [ 112.12069955700008, -8.247245375999967, 0.0 ], [ 112.120764289000022, -8.247202123999955, 0.0 ], [ 112.120843493000052, -8.247180366999942, 0.0 ], [ 112.120944376000011, -8.247180084999968, 0.0 ], [ 112.121102946000065, -8.247193998999933, 0.0 ], [ 112.121297146000074, -8.24721958899994, 0.0 ], [ 112.12132, -8.2472, 0.0 ], [ 112.121399999, -8.247129998999981, 0.0 ], [ 112.12157, -8.24694, 0.0 ], [ 112.12169, -8.24685, 0.0 ], [ 112.121829999000056, -8.24677, 0.0 ], [ 112.121900638000056, -8.24673809899997, 0.0 ], [ 112.122066593000113, -8.246502165999971, 0.0 ], [ 112.122195914000031, -8.246365411999932, 0.0 ], [ 112.1224910520001, -8.246256908999953, 0.0 ], [ 112.122598958000026, -8.246192, 0.0 ], [ 112.122649891000037, -8.24613076299994, 0.0 ], [ 112.12266000000011, -8.24606, 0.0 ], [ 112.12267, -8.245959998999979, 0.0 ], [ 112.12268, -8.245839998999941, 0.0 ], [ 112.122691512000074, -8.245793951999929, 0.0 ], [ 112.122691156000087, -8.245667710999953, 0.0 ], [ 112.12270512200007, -8.245509744999936, 0.0 ], [ 112.122733621000066, -8.245394808999947, 0.0 ], [ 112.122791025000083, -8.245308505999958, 0.0 ], [ 112.122862719000068, -8.245179091999944, 0.0 ], [ 112.122905671000012, -8.245078472999978, 0.0 ], [ 112.122948602000065, -8.244970674999934, 0.0 ], [ 112.122991513000102, -8.24485569899997, 0.0 ], [ 112.123005601000045, -8.244740802999956, 0.0 ], [ 112.123041063000073, -8.244539705999955, 0.0 ], [ 112.123098446000085, -8.244446224999933, 0.0 ], [ 112.123213598, -8.24439565199998, 0.0 ], [ 112.123465356000111, -8.244237019999957, 0.0 ], [ 112.123537293000027, -8.24419374799993, 0.0 ], [ 112.123681349000094, -8.244171808999965, 0.0 ], [ 112.123810912000067, -8.244121195999981, 0.0 ], [ 112.123861029000068, -8.244006198999955, 0.0 ], [ 112.123940030000085, -8.243912657999942, 0.0 ], [ 112.124019111000052, -8.243847828999947, 0.0 ], [ 112.124119993000022, -8.243847546999973, 0.0 ], [ 112.124228121000101, -8.243861600999935, 0.0 ], [ 112.124379484000087, -8.243875532999937, 0.0 ], [ 112.124732874000074, -8.243982219999964, 0.0 ], [ 112.12486974400008, -8.243967478999934, 0.0 ], [ 112.124892015000114, -8.243958160999966, 0.0 ], [ 112.12492, -8.24392, 0.0 ], [ 112.125000000000114, -8.24375, 0.0 ], [ 112.125042698000016, -8.243666975999929, 0.0 ], [ 112.125048774000106, -8.243572158999939, 0.0 ], [ 112.125055595000049, -8.243435748999957, 0.0 ], [ 112.125062455000034, -8.243313694999927, 0.0 ], [ 112.125184853000064, -8.243277458999955, 0.0 ], [ 112.125285552000037, -8.243212569999969, 0.0 ], [ 112.125335688000064, -8.243104751999965, 0.0 ], [ 112.125349613000026, -8.24293242899995, 0.0 ], [ 112.125356595000085, -8.24285344599997, 0.0 ], [ 112.125471645000061, -8.242766980999932, 0.0 ], [ 112.12560110600009, -8.242680475999975, 0.0 ], [ 112.125708990000021, -8.242608387999951, 0.0 ], [ 112.125795114000084, -8.242486111999938, 0.0 ], [ 112.125866726000027, -8.242327983999928, 0.0 ], [ 112.12594574600007, -8.242241619999959, 0.0 ], [ 112.126075267000033, -8.242176649999976, 0.0 ], [ 112.126255311000023, -8.242140251999956, 0.0 ], [ 112.126356172000101, -8.242132789999971, 0.0 ], [ 112.126413757000023, -8.242111092999949, 0.0 ], [ 112.126471038000091, -8.241981718999966, 0.0 ], [ 112.126692914000046, -8.241449886999931, 0.0 ], [ 112.126764444000059, -8.241263044999926, 0.0 ], [ 112.126865060000114, -8.241169441999944, 0.0 ], [ 112.127016219000097, -8.241111589999946, 0.0 ], [ 112.127138575000117, -8.241060995999931, 0.0 ], [ 112.127173312000082, -8.241040099999964, 0.0 ], [ 112.12719, -8.24096, 0.0 ], [ 112.127217257000098, -8.240897697999969, 0.0 ], [ 112.127217371000029, -8.240895669999929, 0.0 ], [ 112.127238562000116, -8.240744861999929, 0.0 ], [ 112.127281431000029, -8.240615527999978, 0.0 ], [ 112.12733865000007, -8.240464618999965, 0.0 ], [ 112.127417730000047, -8.240399789999969, 0.0 ], [ 112.127547332000063, -8.240363533999925, 0.0 ], [ 112.127619390000064, -8.240363330999969, 0.0 ], [ 112.127747380000073, -8.240356898999948, 0.0 ], [ 112.12756, -8.23942, 0.0 ], [ 112.127567731000113, -8.239211270999931, 0.0 ], [ 112.127519973000062, -8.239183943999933, 0.0 ], [ 112.127413774000047, -8.23900238799996, 0.0 ], [ 112.127403787000048, -8.238868416999935, 0.0 ], [ 112.127461162000031, -8.238772541999936, 0.0 ], [ 112.127489795000088, -8.238705462999974, 0.0 ], [ 112.127566196000089, -8.238542534999965, 0.0 ], [ 112.127618464000079, -8.238449350999929, 0.0 ], [ 112.12761, -8.23817, 0.0 ], [ 112.12755, -8.2378, 0.0 ], [ 112.12735, -8.23702, 0.0 ], [ 112.127209999000115, -8.23657, 0.0 ], [ 112.126859999000089, -8.236209998999925, 0.0 ], [ 112.126509999000064, -8.23544, 0.0 ], [ 112.12642, -8.2351, 0.0 ], [ 112.12638, -8.23476, 0.0 ], [ 112.12640839900007, -8.234526495999944, 0.0 ], [ 112.126406717, -8.234525830999928, 0.0 ], [ 112.126327272000026, -8.234461447999934, 0.0 ], [ 112.126326988000073, -8.234360949999939, 0.0 ], [ 112.126370039000108, -8.234296221999955, 0.0 ], [ 112.12645228100007, -8.234165683999947, 0.0 ], [ 112.126466078000021, -8.234052239999926, 0.0 ], [ 112.126469999000051, -8.234009965999974, 0.0 ], [ 112.126469999000051, -8.234008334999942, 0.0 ], [ 112.126433632000044, -8.233850976999975, 0.0 ], [ 112.126440553000066, -8.233750457999975, 0.0 ], [ 112.126469092000093, -8.233649878999927, 0.0 ], [ 112.126469999000051, -8.233649423999964, 0.0 ], [ 112.126469999000051, -8.23362, 0.0 ], [ 112.12633, -8.23312, 0.0 ], [ 112.126119999000025, -8.23257, 0.0 ], [ 112.125410000000102, -8.2312, 0.0 ], [ 112.12525, -8.23097, 0.0 ], [ 112.1251, -8.2308, 0.0 ], [ 112.125000000000114, -8.23072, 0.0 ], [ 112.124680835000049, -8.229704476999927, 0.0 ], [ 112.124559999000098, -8.22932, 0.0 ], [ 112.124398565000092, -8.228199454999981, 0.0 ], [ 112.12439, -8.22814, 0.0 ], [ 112.12407, -8.22771, 0.0 ], [ 112.124010000000112, -8.22739, 0.0 ], [ 112.124089999000034, -8.22691, 0.0 ], [ 112.12416, -8.2267, 0.0 ], [ 112.1242400000001, -8.22665, 0.0 ], [ 112.12434, -8.22651, 0.0 ], [ 112.1244, -8.226319998999941, 0.0 ], [ 112.124559999000098, -8.22571, 0.0 ], [ 112.12457, -8.22548, 0.0 ], [ 112.12408, -8.22502, 0.0 ], [ 112.12384, -8.224779998999963, 0.0 ], [ 112.12369, -8.22464, 0.0 ], [ 112.123380000000111, -8.22442, 0.0 ], [ 112.12309, -8.224079998999969, 0.0 ], [ 112.12283, -8.22372, 0.0 ], [ 112.12246, -8.222909998999967, 0.0 ], [ 112.12245, -8.22245, 0.0 ], [ 112.12244, -8.22186, 0.0 ], [ 112.12249, -8.22142, 0.0 ], [ 112.122509999000044, -8.220819998999957, 0.0 ], [ 112.12258, -8.2203, 0.0 ], [ 112.12268, -8.21974, 0.0 ], [ 112.12285, -8.21909, 0.0 ], [ 112.12299, -8.21849999899996, 0.0 ], [ 112.123110000000111, -8.21803, 0.0 ], [ 112.12322, -8.21764, 0.0 ], [ 112.123429999000109, -8.21714, 0.0 ], [ 112.12358, -8.21679, 0.0 ], [ 112.12375, -8.21634, 0.0 ], [ 112.12399, -8.215709998999955, 0.0 ], [ 112.12425, -8.2149, 0.0 ], [ 112.12441, -8.21424, 0.0 ], [ 112.12449, -8.213799998999946, 0.0 ], [ 112.124479999000073, -8.21352, 0.0 ], [ 112.124460000000113, -8.21335, 0.0 ], [ 112.12434, -8.21293, 0.0 ], [ 112.12414999900011, -8.21246, 0.0 ], [ 112.12377, -8.21164, 0.0 ], [ 112.1236, -8.21112, 0.0 ], [ 112.12359, -8.21075, 0.0 ], [ 112.12369999900011, -8.210389998999972, 0.0 ], [ 112.124280000000113, -8.21051, 0.0 ], [ 112.124780000000101, -8.21092, 0.0 ], [ 112.12481, -8.21112, 0.0 ], [ 112.12484, -8.21134, 0.0 ], [ 112.125000000000114, -8.211539998999967, 0.0 ], [ 112.12508, -8.21164, 0.0 ], [ 112.12544, -8.212, 0.0 ], [ 112.12551, -8.21207, 0.0 ], [ 112.12566, -8.21209, 0.0 ], [ 112.12618, -8.21221, 0.0 ], [ 112.12654, -8.2124, 0.0 ], [ 112.12679, -8.2125, 0.0 ], [ 112.12730999900009, -8.21254, 0.0 ], [ 112.12761, -8.21264, 0.0 ], [ 112.12795, -8.21282, 0.0 ], [ 112.128200000000106, -8.2129, 0.0 ], [ 112.12845, -8.213039998999932, 0.0 ], [ 112.12855, -8.21311, 0.0 ], [ 112.12894, -8.21315, 0.0 ], [ 112.13014, -8.21309, 0.0 ], [ 112.130840691000117, -8.213021452999953, 0.0 ], [ 112.130891800000086, -8.213016453999956, 0.0 ], [ 112.1310559960001, -8.213411311999948, 0.0 ], [ 112.131174969000085, -8.213673051999933, 0.0 ], [ 112.131186866, -8.213863408999941, 0.0 ], [ 112.131222558000104, -8.214208430999975, 0.0 ], [ 112.131317736000028, -8.214482068999928, 0.0 ], [ 112.131519990000015, -8.214755706999938, 0.0 ], [ 112.131686553, -8.21483898799994, 0.0 ], [ 112.131746039000063, -8.214862782999944, 0.0 ], [ 112.131912601000067, -8.214946063999946, 0.0 ], [ 112.132043472000078, -8.214993652999965, 0.0 ], [ 112.132245726000065, -8.215053139999952, 0.0 ], [ 112.132543159000079, -8.215053139999952, 0.0 ], [ 112.132757310000102, -8.214934166999967, 0.0 ], [ 112.132888181000112, -8.21483898799994, 0.0 ], [ 112.133138024, -8.214612939999938, 0.0 ], [ 112.133649608000042, -8.214398787999926, 0.0 ], [ 112.133911349000073, -8.214244122999958, 0.0 ], [ 112.134232576000045, -8.214125149999973, 0.0 ], [ 112.134518111000034, -8.213863408999941, 0.0 ], [ 112.134637084000019, -8.213649257999975, 0.0 ], [ 112.134744160000082, -8.21349459299995, 0.0 ], [ 112.134863133000067, -8.213232851999976, 0.0 ], [ 112.134934517000033, -8.213042494999968, 0.0 ], [ 112.135004219000052, -8.212848879999967, 0.0 ], [ 112.135276862000069, -8.212740303999965, 0.0 ], [ 112.135552879000102, -8.212787892999927, 0.0 ], [ 112.135648058000015, -8.212787892999927, 0.0 ], [ 112.13571468300006, -8.212759338999945, 0.0 ], [ 112.135743236000053, -8.212664160999964, 0.0 ], [ 112.135790825000072, -8.212226339999972, 0.0 ], [ 112.135788779000109, -8.212117753999962, 0.0 ], [ 112.13594, -8.21207, 0.0 ], [ 112.13637, -8.21206, 0.0 ], [ 112.136629999000093, -8.21204, 0.0 ], [ 112.13756, -8.21214, 0.0 ], [ 112.13839, -8.21209, 0.0 ], [ 112.13872, -8.21204, 0.0 ], [ 112.13909, -8.21207, 0.0 ], [ 112.13972999900011, -8.21206, 0.0 ], [ 112.139809999000022, -8.21221, 0.0 ], [ 112.1398200000001, -8.21239, 0.0 ], [ 112.139809999000022, -8.21253, 0.0 ], [ 112.13993, -8.21278, 0.0 ], [ 112.13987, -8.21295, 0.0 ], [ 112.139849999000035, -8.213019998999926, 0.0 ], [ 112.13976, -8.21317, 0.0 ], [ 112.139680000000112, -8.21328, 0.0 ], [ 112.13969, -8.213369998999951, 0.0 ], [ 112.13987, -8.213389998999958, 0.0 ], [ 112.139950000000113, -8.21342, 0.0 ], [ 112.13993, -8.2135, 0.0 ], [ 112.13984, -8.21357, 0.0 ], [ 112.1396, -8.213509998999939, 0.0 ], [ 112.139500000000112, -8.21348, 0.0 ], [ 112.139410000000112, -8.21352, 0.0 ], [ 112.13952, -8.2137, 0.0 ], [ 112.1396, -8.21377, 0.0 ], [ 112.1399, -8.213819998999952, 0.0 ], [ 112.14002, -8.213839998999958, 0.0 ], [ 112.14008, -8.21397, 0.0 ], [ 112.14011, -8.214249998999946, 0.0 ], [ 112.14005, -8.21443, 0.0 ], [ 112.1399100000001, -8.21459, 0.0 ], [ 112.13971, -8.21473, 0.0 ], [ 112.13963, -8.21522, 0.0 ], [ 112.13947, -8.21580999899993, 0.0 ], [ 112.139379999000084, -8.21599, 0.0 ], [ 112.13925, -8.21609, 0.0 ], [ 112.13918, -8.21615, 0.0 ], [ 112.139379999000084, -8.21644, 0.0 ], [ 112.13962, -8.21677, 0.0 ], [ 112.13969, -8.216899998999963, 0.0 ], [ 112.13974999900006, -8.21773, 0.0 ], [ 112.13947, -8.218109998999978, 0.0 ], [ 112.139379999000084, -8.218459998999947, 0.0 ], [ 112.13921, -8.21883, 0.0 ], [ 112.13906, -8.21922, 0.0 ], [ 112.138969999000096, -8.21961, 0.0 ], [ 112.138969999000096, -8.220039998999937, 0.0 ], [ 112.13898, -8.22052999899995, 0.0 ], [ 112.13904, -8.220939998999938, 0.0 ], [ 112.13912, -8.22126, 0.0 ], [ 112.13916, -8.22154, 0.0 ], [ 112.1393, -8.22195, 0.0 ], [ 112.13937, -8.22225, 0.0 ], [ 112.13945, -8.22261, 0.0 ], [ 112.13952, -8.22296, 0.0 ], [ 112.13958, -8.22329, 0.0 ], [ 112.13963, -8.22383, 0.0 ], [ 112.13966, -8.224059998999962, 0.0 ], [ 112.1397, -8.224329998999963, 0.0 ], [ 112.13965, -8.22459, 0.0 ], [ 112.139590000000112, -8.22489, 0.0 ], [ 112.13954, -8.22512, 0.0 ], [ 112.13943, -8.22542, 0.0 ], [ 112.1393, -8.22592, 0.0 ], [ 112.13924, -8.22615, 0.0 ], [ 112.13911, -8.22637999899996, 0.0 ], [ 112.13902, -8.22653, 0.0 ], [ 112.13891, -8.22668, 0.0 ], [ 112.138679999000033, -8.22699, 0.0 ], [ 112.13857, -8.227139998999974, 0.0 ], [ 112.13848, -8.2273, 0.0 ], [ 112.13834, -8.227489998999943, 0.0 ], [ 112.138249999000095, -8.22762, 0.0 ], [ 112.1382, -8.22771, 0.0 ], [ 112.13804, -8.22801, 0.0 ], [ 112.137899999000069, -8.22841, 0.0 ], [ 112.13727, -8.22904, 0.0 ], [ 112.13718, -8.229089998999939, 0.0 ], [ 112.13697, -8.229149998999958, 0.0 ], [ 112.13677, -8.22924, 0.0 ], [ 112.136440000000107, -8.22936, 0.0 ], [ 112.13604, -8.229499998999927, 0.0 ], [ 112.135949999000104, -8.22967, 0.0 ], [ 112.135949999000104, -8.22994, 0.0 ], [ 112.13613, -8.23052, 0.0 ], [ 112.13609, -8.230979998999942, 0.0 ], [ 112.13619, -8.23111999899993, 0.0 ], [ 112.136239999000054, -8.23125, 0.0 ], [ 112.136319999000079, -8.23165, 0.0 ], [ 112.13638, -8.231799998999975, 0.0 ], [ 112.136530000000107, -8.23203, 0.0 ], [ 112.13682, -8.2323, 0.0 ], [ 112.13701, -8.23244, 0.0 ], [ 112.137119999000106, -8.232639998999957, 0.0 ], [ 112.13715, -8.23283, 0.0 ], [ 112.13719, -8.233789998999953, 0.0 ], [ 112.13697, -8.23413, 0.0 ], [ 112.13678, -8.23435, 0.0 ], [ 112.13651, -8.234629998999935, 0.0 ], [ 112.13643, -8.23476, 0.0 ], [ 112.13642, -8.23499, 0.0 ], [ 112.13642, -8.2353, 0.0 ], [ 112.136339999000029, -8.23561, 0.0 ], [ 112.13618, -8.23636, 0.0 ], [ 112.13621, -8.23668, 0.0 ], [ 112.1364, -8.23729, 0.0 ], [ 112.1367, -8.23764, 0.0 ], [ 112.13836, -8.23899, 0.0 ], [ 112.13824000000011, -8.23918, 0.0 ], [ 112.137859999000057, -8.23977, 0.0 ], [ 112.137790000000109, -8.24008, 0.0 ], [ 112.137790000000109, -8.240869998999926, 0.0 ], [ 112.137859999000057, -8.241239998999959, 0.0 ], [ 112.137859999000057, -8.24149, 0.0 ], [ 112.137790000000109, -8.24174, 0.0 ], [ 112.13767, -8.241939998999953, 0.0 ], [ 112.137509999000031, -8.24219, 0.0 ], [ 112.13748, -8.242329998999935, 0.0 ], [ 112.137509999000031, -8.242779998999936, 0.0 ], [ 112.13759, -8.24287, 0.0 ], [ 112.13773, -8.24295, 0.0 ], [ 112.13803, -8.24314, 0.0 ], [ 112.13814, -8.24331, 0.0 ], [ 112.13832, -8.24359, 0.0 ], [ 112.13846, -8.24368, 0.0 ], [ 112.13867, -8.24384, 0.0 ], [ 112.13872, -8.24398, 0.0 ], [ 112.13879, -8.24405, 0.0 ], [ 112.13909, -8.24425, 0.0 ], [ 112.13908, -8.244359998999926, 0.0 ], [ 112.13898, -8.24459, 0.0 ], [ 112.13874, -8.24489, 0.0 ], [ 112.138599999, -8.24511, 0.0 ], [ 112.13833000000011, -8.24539, 0.0 ], [ 112.1381, -8.24574, 0.0 ], [ 112.13794, -8.24585, 0.0 ], [ 112.137610000000109, -8.246, 0.0 ], [ 112.13736, -8.24614, 0.0 ], [ 112.13722, -8.24624, 0.0 ], [ 112.13703, -8.246329998999954, 0.0 ], [ 112.13674, -8.24638, 0.0 ], [ 112.13631, -8.24653, 0.0 ], [ 112.13582, -8.24683, 0.0 ], [ 112.13562, -8.246719998999936, 0.0 ], [ 112.13523, -8.24647, 0.0 ], [ 112.13501, -8.24643, 0.0 ], [ 112.134739999000089, -8.24648, 0.0 ], [ 112.13469, -8.24654, 0.0 ], [ 112.134679999000014, -8.246639998999967, 0.0 ], [ 112.13465, -8.24686, 0.0 ], [ 112.13458, -8.24702, 0.0 ], [ 112.13447, -8.24714999899993, 0.0 ], [ 112.134309999000038, -8.24727, 0.0 ], [ 112.134140000000116, -8.24729, 0.0 ], [ 112.13381, -8.2473, 0.0 ], [ 112.13363, -8.24743, 0.0 ], [ 112.13352, -8.24757, 0.0 ], [ 112.133469999000113, -8.24771, 0.0 ], [ 112.13332, -8.247909998999944, 0.0 ], [ 112.13319, -8.24807, 0.0 ], [ 112.133119999000087, -8.24817, 0.0 ], [ 112.13303, -8.24829, 0.0 ], [ 112.132970000000114, -8.24836, 0.0 ], [ 112.13282, -8.24852, 0.0 ], [ 112.13259, -8.24852, 0.0 ], [ 112.13235, -8.24855, 0.0 ], [ 112.13227, -8.248609998999939, 0.0 ], [ 112.13223, -8.248709998999971, 0.0 ], [ 112.13219, -8.24889, 0.0 ], [ 112.13217, -8.24916, 0.0 ], [ 112.13213, -8.249369998999953, 0.0 ], [ 112.132009999000047, -8.24963, 0.0 ], [ 112.131890000000112, -8.249899998999979, 0.0 ], [ 112.13187, -8.25, 0.0 ], [ 112.13179, -8.25028, 0.0 ], [ 112.13169, -8.25069, 0.0 ], [ 112.13165, -8.25085, 0.0 ], [ 112.13146, -8.25128, 0.0 ], [ 112.1314, -8.25162, 0.0 ], [ 112.1314, -8.25186, 0.0 ], [ 112.13146, -8.252, 0.0 ], [ 112.13157, -8.25213, 0.0 ], [ 112.131710000000112, -8.252179998999964, 0.0 ], [ 112.131969999000034, -8.25219999899997, 0.0 ], [ 112.13305, -8.25227, 0.0 ], [ 112.13313, -8.25227, 0.0 ], [ 112.13362, -8.2523, 0.0 ], [ 112.13377, -8.2524, 0.0 ], [ 112.13393, -8.25264, 0.0 ], [ 112.13406, -8.25274, 0.0 ], [ 112.13416, -8.25283, 0.0 ], [ 112.134280000000103, -8.25306, 0.0 ], [ 112.13436, -8.25328, 0.0 ], [ 112.13452, -8.25357, 0.0 ], [ 112.134860000000117, -8.25402, 0.0 ], [ 112.1349, -8.25425, 0.0 ], [ 112.134719999000026, -8.254949998999962, 0.0 ], [ 112.13458, -8.25535, 0.0 ], [ 112.1343, -8.25603, 0.0 ], [ 112.1343, -8.25623, 0.0 ], [ 112.134369999000114, -8.25642, 0.0 ], [ 112.13465, -8.25715, 0.0 ], [ 112.13469, -8.25742, 0.0 ], [ 112.13467, -8.257679998999947, 0.0 ], [ 112.13457, -8.25784, 0.0 ], [ 112.13438, -8.25802, 0.0 ], [ 112.13421, -8.25818, 0.0 ], [ 112.13407, -8.25826, 0.0 ], [ 112.13393, -8.25824, 0.0 ], [ 112.13379, -8.25821, 0.0 ], [ 112.133600000000115, -8.25817, 0.0 ], [ 112.13313, -8.258049998999979, 0.0 ], [ 112.13307, -8.25806, 0.0 ], [ 112.13295, -8.258069998999929, 0.0 ], [ 112.132700000000114, -8.25837, 0.0 ], [ 112.13251, -8.25855, 0.0 ], [ 112.132299999000111, -8.25863, 0.0 ], [ 112.13214, -8.25872, 0.0 ], [ 112.13217, -8.258869998999955, 0.0 ], [ 112.132399999000086, -8.25896, 0.0 ], [ 112.13267, -8.25911, 0.0 ], [ 112.13292, -8.259199998999975, 0.0 ], [ 112.13307, -8.259259998999937, 0.0 ], [ 112.133150000000114, -8.25929999899995, 0.0 ], [ 112.1335, -8.25943, 0.0 ], [ 112.133589999000037, -8.25958, 0.0 ], [ 112.13364, -8.25982, 0.0 ], [ 112.13361, -8.260019998999951, 0.0 ], [ 112.133529999000075, -8.26053, 0.0 ], [ 112.133529999000075, -8.260779998999965, 0.0 ], [ 112.13366, -8.261209998999959, 0.0 ], [ 112.13395, -8.261619998999947, 0.0 ], [ 112.13496, -8.2622, 0.0 ], [ 112.135220000000118, -8.262339998999948, 0.0 ], [ 112.13557, -8.26254, 0.0 ], [ 112.13568, -8.26259, 0.0 ], [ 112.13654, -8.263159998999981, 0.0 ], [ 112.13681, -8.26332, 0.0 ], [ 112.13719, -8.263449998999931, 0.0 ], [ 112.13736, -8.263449998999931, 0.0 ], [ 112.13754, -8.26335, 0.0 ], [ 112.13768, -8.26321, 0.0 ], [ 112.13803, -8.26272999899993, 0.0 ], [ 112.13816999900007, -8.26256, 0.0 ], [ 112.13836, -8.26237, 0.0 ], [ 112.13848, -8.26237, 0.0 ], [ 112.13863, -8.262419998999974, 0.0 ], [ 112.138780000000111, -8.26253, 0.0 ], [ 112.13892, -8.26263, 0.0 ], [ 112.13898, -8.26282, 0.0 ], [ 112.139049999, -8.26295, 0.0 ], [ 112.13927, -8.26317, 0.0 ], [ 112.13939, -8.26317, 0.0 ], [ 112.13952, -8.263159998999981, 0.0 ], [ 112.13997, -8.263139998999975, 0.0 ], [ 112.140119999000035, -8.26322, 0.0 ], [ 112.14047, -8.26358, 0.0 ], [ 112.14052, -8.2638, 0.0 ], [ 112.14047, -8.26401, 0.0 ], [ 112.140360000000101, -8.26458, 0.0 ], [ 112.14039, -8.26502, 0.0 ], [ 112.140529999000023, -8.26569, 0.0 ], [ 112.140582211000037, -8.266571798999962, 0.0 ], [ 112.135685673000012, -8.265377693999937, 0.0 ], [ 112.131287395000072, -8.26650441299995, 0.0 ], [ 112.128439999000079, -8.26686, 0.0 ], [ 112.127719999000078, -8.26682, 0.0 ], [ 112.125000000000114, -8.26683, 0.0 ], [ 112.124665634000053, -8.266851229999929, 0.0 ], [ 112.124554621000016, -8.266682446999937, 0.0 ], [ 112.124513803000013, -8.266509572999951, 0.0 ], [ 112.124519999000086, -8.26646, 0.0 ], [ 112.124596684000039, -8.265406202999941, 0.0 ], [ 112.125044004000074, -8.264302823999969, 0.0 ], [ 112.12517725400005, -8.263807895999946, 0.0 ], [ 112.125329539000063, -8.263236824999979, 0.0 ], [ 112.125386646000038, -8.262932253999963, 0.0 ], [ 112.125710253000079, -8.261257113999932, 0.0 ], [ 112.125691217000053, -8.261028685999975, 0.0 ], [ 112.125672182000017, -8.260781221999935, 0.0 ], [ 112.125653146000104, -8.260400507999975, 0.0 ], [ 112.125557967000077, -8.260076900999934, 0.0 ], [ 112.125367611000115, -8.25973425899997, 0.0 ], [ 112.124139094000043, -8.259699980999926, 0.0 ], [ 112.12395, -8.25919, 0.0 ], [ 112.12348, -8.25767, 0.0 ], [ 112.12326, -8.25678, 0.0 ], [ 112.123204566000027, -8.256558261999942, 0.0 ], [ 112.123030028000017, -8.256408565999948, 0.0 ], [ 112.122940798000059, -8.256289591999973, 0.0 ], [ 112.122815877000107, -8.256158721999952, 0.0 ], [ 112.12259855100001, -8.256052276999981, 0.0 ] ] ] ] } },
{ "type": "Feature", "properties": { "OBJECTID": 116179.0, "KDPPUM": "35", "NAMOBJ": "Ngeni", "REMARK": null, "KDPBPS": null, "FCODE": "BA03070040", "LUASWH": 34.81367392, "UUPP": "Hasil Delineasi Batas Desa 2019", "SRS_ID": "SRGI 2013", "METADATA": "TASWIL1000020200326DATA_BATAS_DESA_KELURAHAN", "KDEBPS": null, "KDEPUM": "35.05.08.2007", "KDCBPS": null, "KDCPUM": "35.05.08", "KDBBPS": null, "WADMKD": "Ngeni", "WIADKD": null, "WADMKC": "Wonotirto", "WIADKC": null, "WADMKK": "Blitar", "WIADKK": null, "WADMPR": "Jawa Timur", "WIADPR": null, "TIPADM": 1.0, "KDPKAB": "35.05", "SHAPE_Leng": 0.29572903604243, "SHAPE_Area": 0.0028544564465199998 }, "geometry": { "type": "MultiPolygon", "coordinates": [ [ [ [ 112.197750270000029, -8.205422130999978, 0.0 ], [ 112.198152746, -8.205649334999976, 0.0 ], [ 112.199009352000076, -8.206198990999951, 0.0 ], [ 112.199870594000117, -8.207124026999963, 0.0 ], [ 112.200029999000094, -8.20731, 0.0 ], [ 112.200129999000069, -8.20742, 0.0 ], [ 112.200360977000059, -8.207689473999949, 0.0 ], [ 112.201235337000071, -8.208277449999969, 0.0 ], [ 112.201619620000088, -8.208348833999935, 0.0 ], [ 112.202057441000079, -8.208358351999948, 0.0 ], [ 112.202438155000095, -8.20831076199994, 0.0 ], [ 112.203009226000063, -8.208206065999946, 0.0 ], [ 112.203580296000041, -8.208215345999974, 0.0 ], [ 112.204001461000075, -8.208358113999964, 0.0 ], [ 112.204868120000015, -8.208760280999968, 0.0 ], [ 112.205551680000099, -8.209062433999975, 0.0 ], [ 112.206390440000064, -8.209377712999981, 0.0 ], [ 112.20677115400008, -8.20958591599998, 0.0 ], [ 112.207098329000019, -8.209800066999946, 0.0 ], [ 112.207794322000041, -8.210341393999954, 0.0 ], [ 112.208424879000063, -8.210936259999926, 0.0 ], [ 112.208938535000016, -8.211413519999951, 0.0 ], [ 112.20929, -8.211499998999955, 0.0 ], [ 112.20948, -8.21127, 0.0 ], [ 112.20955, -8.2111, 0.0 ], [ 112.20962, -8.21095, 0.0 ], [ 112.20983999900011, -8.21085, 0.0 ], [ 112.21009, -8.2109, 0.0 ], [ 112.210189999000022, -8.21104, 0.0 ], [ 112.21034, -8.21126, 0.0 ], [ 112.21049, -8.21132, 0.0 ], [ 112.210666494000066, -8.211350885999934, 0.0 ], [ 112.211289750000105, -8.211287229999925, 0.0 ], [ 112.211634772000025, -8.211209897999936, 0.0 ], [ 112.2118905640001, -8.21116825699994, 0.0 ], [ 112.212158253000098, -8.211120667999978, 0.0 ], [ 112.21256595300008, -8.211061532999963, 0.0 ], [ 112.212878040000078, -8.210817286999941, 0.0 ], [ 112.213234959000033, -8.210739953999962, 0.0 ], [ 112.213591878000102, -8.210769696999932, 0.0 ], [ 112.213960695000083, -8.210852978999981, 0.0 ], [ 112.214567458000033, -8.211001694999936, 0.0 ], [ 112.215327928000079, -8.211037860999966, 0.0 ], [ 112.21597728800009, -8.210924361999957, 0.0 ], [ 112.216417488000047, -8.211007643999949, 0.0 ], [ 112.217006405, -8.211227743999927, 0.0 ], [ 112.217315735000057, -8.211465689999955, 0.0 ], [ 112.217469975000085, -8.212237746999961, 0.0 ], [ 112.21756, -8.212629998999944, 0.0 ], [ 112.217700135000086, -8.212870230999954, 0.0 ], [ 112.218366664000087, -8.213248302999943, 0.0 ], [ 112.219080502000111, -8.213640913999939, 0.0 ], [ 112.219651573000078, -8.214158446999932, 0.0 ], [ 112.219937108000067, -8.214366648999942, 0.0 ], [ 112.221085198000083, -8.214515365999944, 0.0 ], [ 112.223803732000079, -8.21483064399996, 0.0 ], [ 112.224314126000081, -8.214783054999941, 0.0 ], [ 112.224894715, -8.214583179999977, 0.0 ], [ 112.226017820000038, -8.214069216999974, 0.0 ], [ 112.22718851500008, -8.213555252999981, 0.0 ], [ 112.22755019300007, -8.213488627999936, 0.0 ], [ 112.228390000000104, -8.2136, 0.0 ], [ 112.229069999000103, -8.213819998999952, 0.0 ], [ 112.22923, -8.21399, 0.0 ], [ 112.2296, -8.21416, 0.0 ], [ 112.229572670000039, -8.214197740999964, 0.0 ], [ 112.229127801000118, -8.214415039999949, 0.0 ], [ 112.228818403000105, -8.214566167999976, 0.0 ], [ 112.227966551, -8.214966921999974, 0.0 ], [ 112.227729200000113, -8.215121933999967, 0.0 ], [ 112.227636739000104, -8.21518231899995, 0.0 ], [ 112.227598738000097, -8.215426954999941, 0.0 ], [ 112.227591521000022, -8.215473414999963, 0.0 ], [ 112.227591857000107, -8.215582805999929, 0.0 ], [ 112.227593283000033, -8.216046568999957, 0.0 ], [ 112.227593710000065, -8.216185491999966, 0.0 ], [ 112.227464155, -8.216565739999965, 0.0 ], [ 112.227410907000035, -8.216722025999957, 0.0 ], [ 112.227221218000068, -8.217148244999976, 0.0 ], [ 112.227120862000106, -8.217373738999981, 0.0 ], [ 112.227125772000022, -8.217605766999952, 0.0 ], [ 112.22713593200001, -8.218085919999965, 0.0 ], [ 112.227138845000013, -8.21822359, 0.0 ], [ 112.22699336200003, -8.218400139999972, 0.0 ], [ 112.226693936000061, -8.218500591999941, 0.0 ], [ 112.226608541000019, -8.218601483999976, 0.0 ], [ 112.226479519, -8.218753919999926, 0.0 ], [ 112.226449719000016, -8.219060283999966, 0.0 ], [ 112.226281515000096, -8.219337007999968, 0.0 ], [ 112.226258546000054, -8.219374795999954, 0.0 ], [ 112.225867410000092, -8.219643975999929, 0.0 ], [ 112.225314902000036, -8.219921304999957, 0.0 ], [ 112.225122401000021, -8.219992291999972, 0.0 ], [ 112.225084597000091, -8.220006231999946, 0.0 ], [ 112.225062692000051, -8.220381481999937, 0.0 ], [ 112.225117688000068, -8.220771811999953, 0.0 ], [ 112.225149606000059, -8.221154554999941, 0.0 ], [ 112.224935563000031, -8.221530390999931, 0.0 ], [ 112.224869519000094, -8.221611550999967, 0.0 ], [ 112.224698205000095, -8.221822072999942, 0.0 ], [ 112.224775601000033, -8.221997943999952, 0.0 ], [ 112.225238095, -8.222440629999937, 0.0 ], [ 112.22625352600005, -8.222743805999926, 0.0 ], [ 112.226523014, -8.222903776999942, 0.0 ], [ 112.22654998500002, -8.22297182899996, 0.0 ], [ 112.226662436000083, -8.223255564999931, 0.0 ], [ 112.226517235000074, -8.223523995999926, 0.0 ], [ 112.226271979000103, -8.223746791999929, 0.0 ], [ 112.226287061000107, -8.223819282999955, 0.0 ], [ 112.226330899000118, -8.224029986999938, 0.0 ], [ 112.226349988000038, -8.224121736999962, 0.0 ], [ 112.226342938000016, -8.224328492999973, 0.0 ], [ 112.226264559000015, -8.224583528999972, 0.0 ], [ 112.226244014000031, -8.224650379999957, 0.0 ], [ 112.226329450000094, -8.224941077999972, 0.0 ], [ 112.226427811, -8.225132878999943, 0.0 ], [ 112.226607802000103, -8.225483861999976, 0.0 ], [ 112.226653341000087, -8.225703757999952, 0.0 ], [ 112.226709221000078, -8.225973587999931, 0.0 ], [ 112.22669948600003, -8.22601651399998, 0.0 ], [ 112.226695917000029, -8.226032248999957, 0.0 ], [ 112.226625810000087, -8.226341368999954, 0.0 ], [ 112.226470473000063, -8.226580625999929, 0.0 ], [ 112.226411626000072, -8.226671265999926, 0.0 ], [ 112.226420441000073, -8.227038765999964, 0.0 ], [ 112.226744839000048, -8.22755843799996, 0.0 ], [ 112.226815328000043, -8.227987003999942, 0.0 ], [ 112.226798483000039, -8.228057166999974, 0.0 ], [ 112.226754621000055, -8.228239863999931, 0.0 ], [ 112.226587185000085, -8.228776350999965, 0.0 ], [ 112.226561107000066, -8.228807996999933, 0.0 ], [ 112.226552558000094, -8.228818370999932, 0.0 ], [ 112.226296214000058, -8.229129451999938, 0.0 ], [ 112.226263442000118, -8.229174455999953, 0.0 ], [ 112.226093129000105, -8.22940833399997, 0.0 ], [ 112.225944157000072, -8.229612905999943, 0.0 ], [ 112.225791574000027, -8.229980897999951, 0.0 ], [ 112.22580886500009, -8.230014023999956, 0.0 ], [ 112.225824671000055, -8.230044302999943, 0.0 ], [ 112.225915274000045, -8.230217881999977, 0.0 ], [ 112.226223643000026, -8.23052321199998, 0.0 ], [ 112.226385985000093, -8.230828988999974, 0.0 ], [ 112.226471225000068, -8.231045385999948, 0.0 ], [ 112.226599306000026, -8.231370542999969, 0.0 ], [ 112.226657104000083, -8.231517272999952, 0.0 ], [ 112.226627705000055, -8.231913918999965, 0.0 ], [ 112.226627587000053, -8.231915516999948, 0.0 ], [ 112.226405337000074, -8.232122929999946, 0.0 ], [ 112.226036941000075, -8.232292503999929, 0.0 ], [ 112.225950251000086, -8.232449085999974, 0.0 ], [ 112.225922291000074, -8.232499587999939, 0.0 ], [ 112.22594, -8.232569248999937, 0.0 ], [ 112.226009717000011, -8.232843489999937, 0.0 ], [ 112.226015650000022, -8.232866829999978, 0.0 ], [ 112.226024167000105, -8.232869500999925, 0.0 ], [ 112.226523403000101, -8.233026071999973, 0.0 ], [ 112.226662548000036, -8.233285977999969, 0.0 ], [ 112.226659488000109, -8.233305673999951, 0.0 ], [ 112.226594719000104, -8.233722622999949, 0.0 ], [ 112.226427070000113, -8.234190199999944, 0.0 ], [ 112.226217690000112, -8.23436411299997, 0.0 ], [ 112.22615875200006, -8.234413066999934, 0.0 ], [ 112.225914174000081, -8.23485790899997, 0.0 ], [ 112.225915541000063, -8.235301998999944, 0.0 ], [ 112.225908097000115, -8.235457226999927, 0.0 ], [ 112.225905192000027, -8.235517797999933, 0.0 ], [ 112.225893874, -8.235753816999932, 0.0 ], [ 112.225753942000097, -8.235947341999974, 0.0 ], [ 112.225687998000012, -8.23603854199996, 0.0 ], [ 112.225671928000111, -8.23606076599998, 0.0 ], [ 112.225566070000013, -8.236627692999946, 0.0 ], [ 112.225676640000074, -8.237592112999948, 0.0 ], [ 112.225791011000069, -8.238056495999956, 0.0 ], [ 112.225855652000064, -8.238318961999937, 0.0 ], [ 112.226172469000062, -8.238869283999975, 0.0 ], [ 112.226566074000061, -8.239396400999965, 0.0 ], [ 112.226944332000016, -8.23993122, 0.0 ], [ 112.227184771000111, -8.240322729999946, 0.0 ], [ 112.227315118000092, -8.240534972999967, 0.0 ], [ 112.227376024000023, -8.240603887999953, 0.0 ], [ 112.22779674700007, -8.24107993299998, 0.0 ], [ 112.227855017000024, -8.241145864999964, 0.0 ], [ 112.228172537000091, -8.241384410999956, 0.0 ], [ 112.229105847000028, -8.242085585999973, 0.0 ], [ 112.229357263000111, -8.242274469999927, 0.0 ], [ 112.230057981000073, -8.242693444999929, 0.0 ], [ 112.230153710000081, -8.242754281999964, 0.0 ], [ 112.231005218000064, -8.243295424999928, 0.0 ], [ 112.231334502000095, -8.243613009999933, 0.0 ], [ 112.231899461000012, -8.244157895999933, 0.0 ], [ 112.232431403000078, -8.244676922999929, 0.0 ], [ 112.233001704000117, -8.245172859999968, 0.0 ], [ 112.233426187000077, -8.245738156999948, 0.0 ], [ 112.233904307000103, -8.246249689999956, 0.0 ], [ 112.234142334000012, -8.246563823999963, 0.0 ], [ 112.234598894000101, -8.247166364999941, 0.0 ], [ 112.235069950000025, -8.247876993999967, 0.0 ], [ 112.235510810000051, -8.248763820999955, 0.0 ], [ 112.235689372000024, -8.249337527999955, 0.0 ], [ 112.235696227000062, -8.249673302999952, 0.0 ], [ 112.235635906000084, -8.249748405999981, 0.0 ], [ 112.235550145000047, -8.249878364999972, 0.0 ], [ 112.235610904000055, -8.249952831999963, 0.0 ], [ 112.235617553000111, -8.249963792999949, 0.0 ], [ 112.235446559000025, -8.250348970999937, 0.0 ], [ 112.235155988000088, -8.250832242999934, 0.0 ], [ 112.234744816000102, -8.251554219999946, 0.0 ], [ 112.234699655000099, -8.251633517999949, 0.0 ], [ 112.234360964000075, -8.252228225999943, 0.0 ], [ 112.234174476000021, -8.252559486999928, 0.0 ], [ 112.234095903000025, -8.252699055999926, 0.0 ], [ 112.233795307000037, -8.253233005999959, 0.0 ], [ 112.233644995000077, -8.253470182999934, 0.0 ], [ 112.233247419, -8.254097521999938, 0.0 ], [ 112.233168111000055, -8.254222660999972, 0.0 ], [ 112.23274015800007, -8.255020282999965, 0.0 ], [ 112.232374097000047, -8.255947879999951, 0.0 ], [ 112.231801812000072, -8.257297233999964, 0.0 ], [ 112.2314431960001, -8.258148238999979, 0.0 ], [ 112.231263840000111, -8.258485746999952, 0.0 ], [ 112.231137527000101, -8.258723437999947, 0.0 ], [ 112.230762872000014, -8.259360102999949, 0.0 ], [ 112.230457012000102, -8.259874046999926, 0.0 ], [ 112.229892853000024, -8.261368853999954, 0.0 ], [ 112.229714301000058, -8.262001062999957, 0.0 ], [ 112.229596337000089, -8.262418743999945, 0.0 ], [ 112.229536696000082, -8.263016156999981, 0.0 ], [ 112.229509744000097, -8.264241324999944, 0.0 ], [ 112.229503789000091, -8.264800287999947, 0.0 ], [ 112.229645983000069, -8.265281998999967, 0.0 ], [ 112.229697987, -8.265458174999935, 0.0 ], [ 112.22986228000002, -8.26579914499996, 0.0 ], [ 112.229930072000116, -8.265939838999941, 0.0 ], [ 112.230308009000055, -8.266359798999929, 0.0 ], [ 112.23073204100001, -8.266771960999961, 0.0 ], [ 112.231145990000073, -8.26714801299994, 0.0 ], [ 112.231142441000088, -8.267148996999936, 0.0 ], [ 112.231035365000025, -8.267146022999952, 0.0 ], [ 112.230975879000084, -8.267148996999936, 0.0 ], [ 112.230910444000074, -8.267169816999967, 0.0 ], [ 112.230836085000078, -8.26720550899995, 0.0 ], [ 112.230779573000063, -8.267235251999978, 0.0 ], [ 112.23072901, -8.267276892999973, 0.0 ], [ 112.230693318000021, -8.267392891999975, 0.0 ], [ 112.23067547200003, -8.267514838999944, 0.0 ], [ 112.23067547200003, -8.267663554999956, 0.0 ], [ 112.230669523000074, -8.267743861999975, 0.0 ], [ 112.230630857000051, -8.267827142999977, 0.0 ], [ 112.230589216000112, -8.267886629999964, 0.0 ], [ 112.230488089, -8.26795801399993, 0.0 ], [ 112.230366142000094, -8.268008576999932, 0.0 ], [ 112.230083581000031, -8.268195959999957, 0.0 ], [ 112.229922967000107, -8.26826734399998, 0.0 ], [ 112.229815892000033, -8.26831195799997, 0.0 ], [ 112.229515485000093, -8.268460674999972, 0.0 ], [ 112.228873030000045, -8.268835439999975, 0.0 ], [ 112.228504214000054, -8.269002001999979, 0.0 ], [ 112.228290062000042, -8.269079334999958, 0.0 ], [ 112.228040219000036, -8.269126923999977, 0.0 ], [ 112.227820119000057, -8.269115026999941, 0.0 ], [ 112.227662331000033, -8.269179321999957, 0.0 ], [ 112.227414867000107, -8.269245945999955, 0.0 ], [ 112.227248304000113, -8.269307811999965, 0.0 ], [ 112.22707222400004, -8.269360160999952, 0.0 ], [ 112.22694849200002, -8.269398231999958, 0.0 ], [ 112.226810484000112, -8.26939347299998, 0.0 ], [ 112.226624886000081, -8.269374436999954, 0.0 ], [ 112.226515430000063, -8.269388713999945, 0.0 ], [ 112.226396457000078, -8.269422026999962, 0.0 ], [ 112.226129958000115, -8.269455338999933, 0.0 ], [ 112.226010985000016, -8.269488650999961, 0.0 ], [ 112.225830146000021, -8.26956955299994, 0.0 ], [ 112.225739726000029, -8.269626659999972, 0.0 ], [ 112.225549369000078, -8.269712320999929, 0.0 ], [ 112.225344736000011, -8.269750391999935, 0.0 ], [ 112.225130584000112, -8.269793221999976, 0.0 ], [ 112.224930709000091, -8.269821775999958, 0.0 ], [ 112.224768906, -8.269859846999964, 0.0 ], [ 112.224621379000041, -8.26991219599995, 0.0 ], [ 112.224564272000066, -8.270026409999957, 0.0 ], [ 112.224573790000022, -8.27011682899996, 0.0 ], [ 112.224640415000067, -8.270207248999952, 0.0 ], [ 112.224726076000024, -8.270326221999937, 0.0 ], [ 112.22484504900001, -8.27047850699995, 0.0 ], [ 112.224925950000056, -8.27060223899997, 0.0 ], [ 112.224973540000065, -8.270697417999941, 0.0 ], [ 112.224944986000082, -8.270792595999978, 0.0 ], [ 112.224925950000056, -8.270892532999937, 0.0 ], [ 112.224925950000056, -8.271016264999957, 0.0 ], [ 112.224916433000089, -8.271111443999928, 0.0 ], [ 112.224921192000011, -8.271387460999961, 0.0 ], [ 112.224921192000011, -8.271549264999976, 0.0 ], [ 112.224964022000108, -8.271753897999929, 0.0 ], [ 112.225021129000083, -8.271868111999936, 0.0 ], [ 112.22503064700004, -8.27201563899996, 0.0 ], [ 112.22503064700004, -8.272153647999971, 0.0 ], [ 112.225016370000048, -8.272301173999949, 0.0 ], [ 112.224997334000022, -8.272467736999943, 0.0 ], [ 112.224949745000117, -8.272558155999945, 0.0 ], [ 112.224892638000028, -8.272648575999938, 0.0 ], [ 112.22484504900001, -8.272781824999981, 0.0 ], [ 112.224821254000062, -8.272848449999969, 0.0 ], [ 112.224792701000069, -8.273176815999932, 0.0 ], [ 112.224740352000026, -8.273281511999926, 0.0 ], [ 112.224649933000023, -8.273357654999927, 0.0 ], [ 112.224564272000066, -8.273371931999975, 0.0 ], [ 112.224483371000019, -8.27336717299994, 0.0 ], [ 112.224373915000115, -8.27327199399997, 0.0 ], [ 112.224283496000112, -8.27314826199995, 0.0 ], [ 112.224226389000023, -8.27306736099996, 0.0 ], [ 112.224150246000022, -8.272967422999955, 0.0 ], [ 112.224050309000063, -8.272857967999926, 0.0 ], [ 112.223993202000088, -8.272791342999938, 0.0 ], [ 112.223907541000017, -8.272738994999941, 0.0 ], [ 112.223731461000057, -8.27270568299997, 0.0 ], [ 112.223550622000062, -8.272686646999944, 0.0 ], [ 112.223426890000042, -8.272686646999944, 0.0 ], [ 112.22244179300003, -8.272786583999959, 0.0 ], [ 112.222241918, -8.272786583999959, 0.0 ], [ 112.22214198100005, -8.272786583999959, 0.0 ], [ 112.22201824900003, -8.272829414999933, 0.0 ], [ 112.221942106000029, -8.27288176299993, 0.0 ], [ 112.221864566000022, -8.27301745799997, 0.0 ], [ 112.22178744100006, -8.273357654999927, 0.0 ], [ 112.221815995000043, -8.273479007999981, 0.0 ], [ 112.22189451700001, -8.273600359999932, 0.0 ], [ 112.222023008000065, -8.273714573999939, 0.0 ], [ 112.222115807000023, -8.273864479999929, 0.0 ], [ 112.222122945000024, -8.273971555999935, 0.0 ], [ 112.222158637, -8.27405721699995, 0.0 ], [ 112.222237159000088, -8.274214260999941, 0.0 ], [ 112.222279990000061, -8.274371304999931, 0.0 ], [ 112.222322820000045, -8.274564041999952, 0.0 ], [ 112.222337097000036, -8.274713947999942, 0.0 ], [ 112.222315682000044, -8.27484243899994, 0.0 ], [ 112.22237992700002, -8.274970929999938, 0.0 ], [ 112.222515556000076, -8.275085143999945, 0.0 ], [ 112.222765400000071, -8.275206495999953, 0.0 ], [ 112.222879614000021, -8.275349263999942, 0.0 ], [ 112.223008105000076, -8.275520584999981, 0.0 ], [ 112.223172288000114, -8.275613383999939, 0.0 ], [ 112.223450685000103, -8.275641937999978, 0.0 ], [ 112.223707666000109, -8.27565621399998, 0.0 ], [ 112.223964648000106, -8.275699044999953, 0.0 ], [ 112.224063160000014, -8.275706622999962, 0.0 ], [ 112.2243, -8.27631, 0.0 ], [ 112.22443, -8.27784, 0.0 ], [ 112.224389999000095, -8.27844, 0.0 ], [ 112.22416, -8.279, 0.0 ], [ 112.224, -8.27932, 0.0 ], [ 112.223859999000069, -8.27969, 0.0 ], [ 112.223660000000109, -8.28012, 0.0 ], [ 112.22323, -8.28087, 0.0 ], [ 112.2227, -8.28154, 0.0 ], [ 112.22233, -8.282389998999975, 0.0 ], [ 112.222220000000107, -8.28284, 0.0 ], [ 112.22207, -8.28337, 0.0 ], [ 112.221989999000016, -8.28351, 0.0 ], [ 112.2218, -8.283829998999977, 0.0 ], [ 112.22179, -8.28404, 0.0 ], [ 112.22174, -8.28438, 0.0 ], [ 112.221669202000044, -8.28455089199997, 0.0 ], [ 112.221465421000062, -8.284829234999961, 0.0 ], [ 112.221417832000043, -8.284943448999968, 0.0 ], [ 112.221365484000103, -8.285071939999966, 0.0 ], [ 112.221346448000077, -8.285171876999925, 0.0 ], [ 112.221317894000094, -8.285338439999975, 0.0 ], [ 112.221317894000094, -8.285495483999966, 0.0 ], [ 112.221346448000077, -8.285581144999981, 0.0 ], [ 112.221541564000063, -8.285766741999964, 0.0 ], [ 112.221627224000031, -8.285861920999935, 0.0 ], [ 112.221651019000092, -8.285938063999936, 0.0 ], [ 112.221655778000013, -8.2860427599999, 0.0 ], [ 112.22162246500011, -8.286171250999928, 0.0 ], [ 112.221574876000091, -8.286233116999938, 0.0 ], [ 112.221408626000084, -8.286264259999939, 0.0 ], [ 112.220832484000084, -8.286309259999939, 0.0 ], [ 112.220608815000105, -8.286361607999936, 0.0 ], [ 112.220394664000082, -8.286428232999981, 0.0 ], [ 112.220270932000062, -8.286494857999969, 0.0 ], [ 112.220147200000042, -8.286637624999969, 0.0 ], [ 112.220094851000113, -8.286818463999964, 0.0 ], [ 112.220047262000094, -8.286904124999978, 0.0 ], [ 112.219975878000014, -8.286994543999981, 0.0 ], [ 112.219856905000029, -8.287156347999939, 0.0 ], [ 112.219823593000115, -8.287270561999946, 0.0 ], [ 112.21981883400008, -8.287389534999932, 0.0 ], [ 112.219875941000055, -8.287546578999979, 0.0 ], [ 112.21989537200011, -8.28767849299993, 0.0 ], [ 112.219799253000019, -8.287906774999954, 0.0 ], [ 112.219837870000106, -8.288169997999944, 0.0 ], [ 112.219861664000064, -8.288265176999971, 0.0 ], [ 112.21987118200002, -8.288379390999978, 0.0 ], [ 112.219890218000046, -8.288465050999946, 0.0 ], [ 112.219890218000046, -8.288555470999938, 0.0 ], [ 112.21987118200002, -8.288631613999939, 0.0 ], [ 112.219828352000036, -8.28867444399998, 0.0 ], [ 112.219661790000032, -8.288879076999933, 0.0 ], [ 112.219618959000059, -8.288931425999976, 0.0 ], [ 112.219609441000102, -8.289002808999953, 0.0 ], [ 112.219623718000094, -8.289093228999945, 0.0 ], [ 112.219699861000095, -8.289235996999935, 0.0 ], [ 112.219680825000069, -8.289274067999941, 0.0 ], [ 112.219618959000059, -8.289283585999954, 0.0 ], [ 112.219347701000061, -8.289207442999952, 0.0 ], [ 112.219062165000082, -8.289174130999982, 0.0 ], [ 112.218871808000017, -8.28911702399995, 0.0 ], [ 112.218724282000039, -8.289026603999957, 0.0 ], [ 112.218538684, -8.288902871999937, 0.0 ], [ 112.218067551000104, -8.288702996999973, 0.0 ], [ 112.217948578, -8.288631613999939, 0.0 ], [ 112.217801051000038, -8.288574505999975, 0.0 ], [ 112.21759165800006, -8.28855071199996, 0.0 ], [ 112.217429855000091, -8.288526916999956, 0.0 ], [ 112.217296605000115, -8.288526916999956, 0.0 ], [ 112.217201427000077, -8.288584023999931, 0.0 ], [ 112.217058659000031, -8.288683961999936, 0.0 ], [ 112.216977758000098, -8.288755345999959, 0.0 ], [ 112.216854026000078, -8.288845764999962, 0.0 ], [ 112.216749329000095, -8.288898112999959, 0.0 ], [ 112.216516142000046, -8.288940942999943, 0.0 ], [ 112.216378133000035, -8.288945701999978, 0.0 ], [ 112.216211571000031, -8.288936184999955, 0.0 ], [ 112.21435, -8.28873, 0.0 ], [ 112.214070000000106, -8.28862, 0.0 ], [ 112.21363, -8.28854999899994, 0.0 ], [ 112.212810000000104, -8.28842, 0.0 ], [ 112.2113, -8.28873, 0.0 ], [ 112.20942, -8.28912, 0.0 ], [ 112.207000000000107, -8.28914, 0.0 ], [ 112.204700000000116, -8.289019998999947, 0.0 ], [ 112.20228, -8.28872, 0.0 ], [ 112.19983, -8.28817, 0.0 ], [ 112.19625, -8.28813, 0.0 ], [ 112.194750000000113, -8.288179998999965, 0.0 ], [ 112.194139999000072, -8.28813, 0.0 ], [ 112.194010340000091, -8.288079263999975, 0.0 ], [ 112.193832145000101, -8.287930266999979, 0.0 ], [ 112.19375005400002, -8.287876729999937, 0.0 ], [ 112.19363584000007, -8.287808914999971, 0.0 ], [ 112.193464519000031, -8.287698269999964, 0.0 ], [ 112.193332459000089, -8.287637593999932, 0.0 ], [ 112.193193260000044, -8.287594762999959, 0.0 ], [ 112.193079046000094, -8.287576916999967, 0.0 ], [ 112.192957694000029, -8.287573347999967, 0.0 ], [ 112.192599999000095, -8.28754, 0.0 ], [ 112.19247, -8.28756, 0.0 ], [ 112.191490756, -8.287787499999979, 0.0 ], [ 112.191362265000066, -8.287855313999955, 0.0 ], [ 112.191276604000109, -8.287926697999978, 0.0 ], [ 112.19122306600002, -8.288008789999935, 0.0 ], [ 112.190844732000073, -8.288551306999977, 0.0 ], [ 112.190741226000114, -8.288604844999952, 0.0 ], [ 112.190662703000044, -8.288622690999944, 0.0 ], [ 112.19050565900011, -8.288622690999944, 0.0 ], [ 112.190398583000047, -8.288565582999979, 0.0 ], [ 112.190370030000054, -8.288501337999946, 0.0 ], [ 112.190345045000072, -8.28839426199994, 0.0 ], [ 112.19032363000008, -8.288290755999981, 0.0 ], [ 112.190284369000096, -8.288230078999959, 0.0 ], [ 112.190209416000016, -8.288201525999966, 0.0 ], [ 112.1900238180001, -8.28824435599995, 0.0 ], [ 112.189873912000053, -8.288308601999972, 0.0 ], [ 112.189745421000111, -8.288372846999948, 0.0 ], [ 112.18954554600009, -8.288365708999947, 0.0 ], [ 112.18935637900006, -8.288355000999957, 0.0 ], [ 112.189081552000061, -8.288333585999965, 0.0 ], [ 112.188867400000049, -8.288297893999982, 0.0 ], [ 112.188663956000028, -8.288280047999933, 0.0 ], [ 112.188506912000094, -8.288276478999933, 0.0 ], [ 112.18839626700003, -8.288297893999982, 0.0 ], [ 112.188314175000073, -8.288355000999957, 0.0 ], [ 112.188307037000072, -8.288447799999972, 0.0 ], [ 112.188310606000073, -8.288590567999961, 0.0 ], [ 112.188307037000072, -8.288833272999966, 0.0 ], [ 112.188303468000072, -8.288922502999981, 0.0 ], [ 112.18827848300009, -8.28903314799993, 0.0 ], [ 112.188146423000035, -8.289111669999954, 0.0 ], [ 112.187707413000112, -8.289150930999938, 0.0 ], [ 112.187586060000058, -8.289168776999929, 0.0 ], [ 112.187366663000034, -8.289260277999972, 0.0 ], [ 112.1873, -8.28927, 0.0 ], [ 112.18744, -8.28844, 0.0 ], [ 112.187500000000114, -8.28752, 0.0 ], [ 112.18742, -8.287069998999925, 0.0 ], [ 112.18717, -8.28687, 0.0 ], [ 112.186399999000059, -8.2864, 0.0 ], [ 112.1862, -8.28613, 0.0 ], [ 112.186060000000111, -8.28561, 0.0 ], [ 112.18609, -8.285449998999979, 0.0 ], [ 112.18644, -8.28511999899996, 0.0 ], [ 112.186709999000072, -8.28489, 0.0 ], [ 112.1868, -8.2846, 0.0 ], [ 112.1867400000001, -8.28442, 0.0 ], [ 112.18662, -8.28431, 0.0 ], [ 112.186399999000059, -8.284219998999959, 0.0 ], [ 112.18607, -8.28411, 0.0 ], [ 112.18571, -8.28402, 0.0 ], [ 112.18542, -8.28377, 0.0 ], [ 112.18532, -8.283519998999964, 0.0 ], [ 112.18532, -8.28335, 0.0 ], [ 112.18547, -8.28314, 0.0 ], [ 112.18617, -8.28238, 0.0 ], [ 112.18646, -8.28183, 0.0 ], [ 112.18648, -8.28136, 0.0 ], [ 112.18641, -8.28113, 0.0 ], [ 112.18611, -8.280749998999966, 0.0 ], [ 112.185909999000046, -8.28046, 0.0 ], [ 112.18582, -8.28024, 0.0 ], [ 112.18584, -8.2801, 0.0 ], [ 112.185969999, -8.27988, 0.0 ], [ 112.186689999, -8.27928, 0.0 ], [ 112.18702, -8.27899, 0.0 ], [ 112.187179999000023, -8.278739998999981, 0.0 ], [ 112.18721, -8.27842, 0.0 ], [ 112.18711999900006, -8.27829, 0.0 ], [ 112.18658, -8.278059998999936, 0.0 ], [ 112.18621, -8.2778, 0.0 ], [ 112.18592, -8.27746, 0.0 ], [ 112.18581, -8.27715, 0.0 ], [ 112.18581, -8.2769, 0.0 ], [ 112.185880000000111, -8.27661, 0.0 ], [ 112.186060000000111, -8.27623, 0.0 ], [ 112.18621, -8.27589, 0.0 ], [ 112.18626, -8.27553, 0.0 ], [ 112.18628, -8.27504, 0.0 ], [ 112.18613, -8.27444, 0.0 ], [ 112.18611, -8.27405, 0.0 ], [ 112.186150000000112, -8.273649998999929, 0.0 ], [ 112.18631, -8.27329, 0.0 ], [ 112.186510000000112, -8.2732, 0.0 ], [ 112.186749999000085, -8.27319, 0.0 ], [ 112.18745, -8.27348, 0.0 ], [ 112.188400000000115, -8.273709998999948, 0.0 ], [ 112.189089999000089, -8.2738, 0.0 ], [ 112.1896, -8.27376, 0.0 ], [ 112.189849999000103, -8.27364, 0.0 ], [ 112.19003, -8.27342, 0.0 ], [ 112.19012, -8.27308, 0.0 ], [ 112.19005, -8.27244, 0.0 ], [ 112.1899, -8.27214, 0.0 ], [ 112.18955, -8.27165, 0.0 ], [ 112.18928, -8.271289998999976, 0.0 ], [ 112.18924, -8.271019998999975, 0.0 ], [ 112.18928, -8.27066, 0.0 ], [ 112.189390000000117, -8.27046, 0.0 ], [ 112.18999, -8.27008, 0.0 ], [ 112.190709999000092, -8.26966, 0.0 ], [ 112.19109, -8.26937, 0.0 ], [ 112.19136, -8.268969998999978, 0.0 ], [ 112.19154, -8.26845, 0.0 ], [ 112.19161, -8.267899998999951, 0.0 ], [ 112.19146, -8.26719, 0.0 ], [ 112.191429999000093, -8.26691, 0.0 ], [ 112.19146, -8.26664, 0.0 ], [ 112.19152, -8.2665, 0.0 ], [ 112.19168, -8.26631, 0.0 ], [ 112.191870000000108, -8.266219998999929, 0.0 ], [ 112.19207, -8.26619, 0.0 ], [ 112.192189999000107, -8.266219998999929, 0.0 ], [ 112.19236, -8.26637, 0.0 ], [ 112.192579999000031, -8.26666, 0.0 ], [ 112.19286000000011, -8.26692, 0.0 ], [ 112.19313000000011, -8.267099998999981, 0.0 ], [ 112.19331000000011, -8.26718, 0.0 ], [ 112.19364, -8.26717, 0.0 ], [ 112.19372, -8.26713, 0.0 ], [ 112.193789999000046, -8.26693, 0.0 ], [ 112.193809999000109, -8.26646, 0.0 ], [ 112.19382, -8.26621, 0.0 ], [ 112.19382, -8.265889998999967, 0.0 ], [ 112.19404, -8.26536, 0.0 ], [ 112.194159999000021, -8.26506, 0.0 ], [ 112.19423, -8.264739998999971, 0.0 ], [ 112.194219999000097, -8.26448, 0.0 ], [ 112.19417, -8.26375, 0.0 ], [ 112.19415, -8.26361, 0.0 ], [ 112.193809999000109, -8.26335, 0.0 ], [ 112.19366, -8.26325, 0.0 ], [ 112.19384, -8.26303, 0.0 ], [ 112.194, -8.26283, 0.0 ], [ 112.194199999000034, -8.26258, 0.0 ], [ 112.19429, -8.26247, 0.0 ], [ 112.19431, -8.26237, 0.0 ], [ 112.194609999000022, -8.26096, 0.0 ], [ 112.19469, -8.26052, 0.0 ], [ 112.19473, -8.26027, 0.0 ], [ 112.19478, -8.25999, 0.0 ], [ 112.194899999000086, -8.25944, 0.0 ], [ 112.19487, -8.25874, 0.0 ], [ 112.194649999000035, -8.25829, 0.0 ], [ 112.19452, -8.258029998999973, 0.0 ], [ 112.19436, -8.25784, 0.0 ], [ 112.194210000000112, -8.25767, 0.0 ], [ 112.19285, -8.25693, 0.0 ], [ 112.19189, -8.25678, 0.0 ], [ 112.19164, -8.25675, 0.0 ], [ 112.191489999000055, -8.25667, 0.0 ], [ 112.19136, -8.25652, 0.0 ], [ 112.1913, -8.25632, 0.0 ], [ 112.191330000000107, -8.256019998999932, 0.0 ], [ 112.19172, -8.25531, 0.0 ], [ 112.19181, -8.25512, 0.0 ], [ 112.19181, -8.254949998999962, 0.0 ], [ 112.19173, -8.25483, 0.0 ], [ 112.191509999, -8.25477, 0.0 ], [ 112.19137, -8.25481, 0.0 ], [ 112.19122, -8.25498, 0.0 ], [ 112.191039999000054, -8.25527, 0.0 ], [ 112.19096, -8.25535999899995, 0.0 ], [ 112.19087, -8.255339998999943, 0.0 ], [ 112.190689999000028, -8.25516, 0.0 ], [ 112.190319999000053, -8.25461, 0.0 ], [ 112.19019, -8.25438, 0.0 ], [ 112.19001, -8.25385, 0.0 ], [ 112.189929999000015, -8.25371, 0.0 ], [ 112.1897, -8.25352, 0.0 ], [ 112.18922, -8.25326, 0.0 ], [ 112.18893, -8.25317, 0.0 ], [ 112.188580000000115, -8.2531, 0.0 ], [ 112.18846, -8.25305, 0.0 ], [ 112.18828, -8.25286, 0.0 ], [ 112.18819, -8.25281, 0.0 ], [ 112.187950000000114, -8.25284, 0.0 ], [ 112.18766, -8.25281, 0.0 ], [ 112.18748, -8.25276, 0.0 ], [ 112.18738, -8.25266, 0.0 ], [ 112.187320000000113, -8.25248, 0.0 ], [ 112.187410000000114, -8.25191, 0.0 ], [ 112.18745, -8.251829998999938, 0.0 ], [ 112.18783, -8.252, 0.0 ], [ 112.18817, -8.25213, 0.0 ], [ 112.18847, -8.25219999899997, 0.0 ], [ 112.18859, -8.25219999899997, 0.0 ], [ 112.188670000000116, -8.25213, 0.0 ], [ 112.18871, -8.25199, 0.0 ], [ 112.188670000000116, -8.2517, 0.0 ], [ 112.18852, -8.25133, 0.0 ], [ 112.18843, -8.251069998999981, 0.0 ], [ 112.188289999000062, -8.250679998999942, 0.0 ], [ 112.188180000000102, -8.25028, 0.0 ], [ 112.18814, -8.25, 0.0 ], [ 112.188130000000115, -8.24987, 0.0 ], [ 112.1881, -8.24972, 0.0 ], [ 112.188040000000115, -8.24938, 0.0 ], [ 112.18799, -8.24879, 0.0 ], [ 112.18789, -8.24829, 0.0 ], [ 112.187640000000101, -8.2476, 0.0 ], [ 112.187489999000036, -8.24725, 0.0 ], [ 112.187280000000101, -8.246779998999955, 0.0 ], [ 112.187179999000023, -8.2466, 0.0 ], [ 112.18713, -8.24647, 0.0 ], [ 112.18713999900001, -8.246389998999973, 0.0 ], [ 112.18725, -8.246269998999935, 0.0 ], [ 112.187529999000049, -8.24632, 0.0 ], [ 112.18816, -8.24626, 0.0 ], [ 112.18841, -8.24617, 0.0 ], [ 112.188719999000114, -8.24605, 0.0 ], [ 112.18889, -8.24599, 0.0 ], [ 112.18906, -8.24582, 0.0 ], [ 112.189109999000038, -8.24568, 0.0 ], [ 112.189109999000038, -8.24537, 0.0 ], [ 112.188862483000094, -8.244719939999925, 0.0 ], [ 112.188797047000094, -8.244541479999953, 0.0 ], [ 112.188749458000075, -8.244416557999955, 0.0 ], [ 112.188713766000092, -8.244232149999959, 0.0 ], [ 112.188672126000029, -8.244077484999934, 0.0 ], [ 112.188606690000029, -8.243964460999962, 0.0 ], [ 112.188463923000086, -8.24391092299993, 0.0 ], [ 112.188333052000075, -8.243916871999943, 0.0 ], [ 112.18814864400008, -8.243952562999937, 0.0 ], [ 112.187934493000057, -8.243928768999979, 0.0 ], [ 112.187892852, -8.243774103999954, 0.0 ], [ 112.187833366000064, -8.243637284999977, 0.0 ], [ 112.187690598000017, -8.243506414999956, 0.0 ], [ 112.187643009000112, -8.243280365999965, 0.0 ], [ 112.187690598000017, -8.243072162999965, 0.0 ], [ 112.187833366000064, -8.243000778999942, 0.0 ], [ 112.188463923000086, -8.242739037999968, 0.0 ], [ 112.188535307000052, -8.242691448999949, 0.0 ], [ 112.188612639000098, -8.242626013999939, 0.0 ], [ 112.188666177000073, -8.242536783999981, 0.0 ], [ 112.188737561000039, -8.242417810999939, 0.0 ], [ 112.188880328000096, -8.242304786999966, 0.0 ], [ 112.189011199000106, -8.242185813999981, 0.0 ], [ 112.189070685000047, -8.242066840999939, 0.0 ], [ 112.189159915, -8.241870534999975, 0.0 ], [ 112.189249145000076, -8.241698023999959, 0.0 ], [ 112.18935027200007, -8.241579050999974, 0.0 ], [ 112.189481142000091, -8.241531461999955, 0.0 ], [ 112.189677448000111, -8.241549307999946, 0.0 ], [ 112.189885651000054, -8.241608793999944, 0.0 ], [ 112.19013549400006, -8.241596896999965, 0.0 ], [ 112.190421029000049, -8.241590947999953, 0.0 ], [ 112.190742257000011, -8.241590947999953, 0.0 ], [ 112.190992100000017, -8.241579050999974, 0.0 ], [ 112.19123, -8.241549998999972, 0.0 ], [ 112.19127, -8.24142, 0.0 ], [ 112.19133712200005, -8.241353001999926, 0.0 ], [ 112.191349019000086, -8.241299463999951, 0.0 ], [ 112.191343071, -8.241239977999953, 0.0 ], [ 112.191307379000023, -8.241186439999979, 0.0 ], [ 112.191206252000029, -8.241103158999977, 0.0 ], [ 112.191105125000036, -8.241049620999945, 0.0 ], [ 112.190927119000094, -8.240799153999944, 0.0 ], [ 112.1909, -8.24065, 0.0 ], [ 112.190880391000064, -8.240584636999927, 0.0 ], [ 112.190920716000051, -8.240425012999935, 0.0 ], [ 112.190920716000051, -8.240371474999961, 0.0 ], [ 112.190908819000015, -8.240306038999961, 0.0 ], [ 112.190879076000101, -8.240204911999967, 0.0 ], [ 112.190825538000013, -8.240127579999978, 0.0 ], [ 112.190760103000116, -8.240056195999955, 0.0 ], [ 112.190647078000097, -8.23996696599994, 0.0 ], [ 112.190440341000112, -8.239834104999943, 0.0 ], [ 112.190421029000049, -8.239669533999972, 0.0 ], [ 112.190528105000112, -8.239568406999979, 0.0 ], [ 112.190623284000026, -8.239491073999943, 0.0 ], [ 112.190748205000091, -8.239431587999945, 0.0 ], [ 112.190926665, -8.239366151999945, 0.0 ], [ 112.191176508000012, -8.239294768999969, 0.0 ], [ 112.19150963300001, -8.239187692999963, 0.0 ], [ 112.192259163000017, -8.238812927999959, 0.0 ], [ 112.192824285000029, -8.238307291999945, 0.0 ], [ 112.19284808000009, -8.238229959999956, 0.0 ], [ 112.192871874000048, -8.238116934999937, 0.0 ], [ 112.192889720000039, -8.238051499999926, 0.0 ], [ 112.192895669000109, -8.237950372999933, 0.0 ], [ 112.192877823000117, -8.237849245999939, 0.0 ], [ 112.192859977000012, -8.237783810999929, 0.0 ], [ 112.19284213100002, -8.237682683999935, 0.0 ], [ 112.192812388000107, -8.237545864999959, 0.0 ], [ 112.19277669600001, -8.237456634999944, 0.0 ], [ 112.192723158000035, -8.23732576499998, 0.0 ], [ 112.192681517000096, -8.237236534999965, 0.0 ], [ 112.192681517000096, -8.237141355999938, 0.0 ], [ 112.192859977000012, -8.236748744999943, 0.0 ], [ 112.192883772000073, -8.236659514999928, 0.0 ], [ 112.192937309000058, -8.236498901999937, 0.0 ], [ 112.19308602600006, -8.236052752999967, 0.0 ], [ 112.193127666, -8.235909984999978, 0.0 ], [ 112.193222845000037, -8.23574937199993, 0.0 ], [ 112.193347767000091, -8.235564962999945, 0.0 ], [ 112.193496483000104, -8.235392451999928, 0.0 ], [ 112.193621405000044, -8.235231838999937, 0.0 ], [ 112.193722532000038, -8.235106916999939, 0.0 ], [ 112.19380581300004, -8.234964149999939, 0.0 ], [ 112.193829607000112, -8.234815432999937, 0.0 ], [ 112.19380581300004, -8.234672665999938, 0.0 ], [ 112.193799864000084, -8.234529897999948, 0.0 ], [ 112.193853402000059, -8.234428770999955, 0.0 ], [ 112.193960478, -8.234256259999938, 0.0 ], [ 112.194156783000039, -8.234059953999974, 0.0 ], [ 112.194323346000033, -8.233923134999941, 0.0 ], [ 112.1945969840001, -8.233774418999928, 0.0 ], [ 112.194757597000034, -8.233643548999964, 0.0 ], [ 112.194823032000045, -8.233512677999954, 0.0 ], [ 112.194811135, -8.233387756999946, 0.0 ], [ 112.194739751000043, -8.23328068099994, 0.0 ], [ 112.194602932000066, -8.233203347999961, 0.0 ], [ 112.194442319000018, -8.233161707999955, 0.0 ], [ 112.194257910000033, -8.233126015999972, 0.0 ], [ 112.194067553000082, -8.233060580999961, 0.0 ], [ 112.193924786000025, -8.232959453999968, 0.0 ], [ 112.193829607000112, -8.232846428999949, 0.0 ], [ 112.193716583000082, -8.232614431999934, 0.0 ], [ 112.193621405000044, -8.232358639999973, 0.0 ], [ 112.193573815000036, -8.232162333999952, 0.0 ], [ 112.193436996000059, -8.232013617999939, 0.0 ], [ 112.193312075000108, -8.232013617999939, 0.0 ], [ 112.193068180000068, -8.232120693999946, 0.0 ], [ 112.192895669000109, -8.232275358999971, 0.0 ], [ 112.192806439000037, -8.232400279999979, 0.0 ], [ 112.192669620000061, -8.232572790999939, 0.0 ], [ 112.192485212000065, -8.232685815999957, 0.0 ], [ 112.192282958000078, -8.232727455999964, 0.0 ], [ 112.192217523000068, -8.232715558999928, 0.0 ], [ 112.192119012000035, -8.232580647999953, 0.0 ], [ 112.19222, -8.2322, 0.0 ], [ 112.192320000000109, -8.23189999899995, 0.0 ], [ 112.19249, -8.23153, 0.0 ], [ 112.192599999000095, -8.230629998999973, 0.0 ], [ 112.19282, -8.22997, 0.0 ], [ 112.19289, -8.22980999899994, 0.0 ], [ 112.1931, -8.22957, 0.0 ], [ 112.193379999000058, -8.22933, 0.0 ], [ 112.19468, -8.22891, 0.0 ], [ 112.19477, -8.22884, 0.0 ], [ 112.19488, -8.22863, 0.0 ], [ 112.19491, -8.22826, 0.0 ], [ 112.194939999000098, -8.22804, 0.0 ], [ 112.19501, -8.227879998999981, 0.0 ], [ 112.19513, -8.22777, 0.0 ], [ 112.195329999000023, -8.22773, 0.0 ], [ 112.195520000000101, -8.22771, 0.0 ], [ 112.19549, -8.22721, 0.0 ], [ 112.19545, -8.22699, 0.0 ], [ 112.19528, -8.226729998999929, 0.0 ], [ 112.19514, -8.2265, 0.0 ], [ 112.19487, -8.22619, 0.0 ], [ 112.194660000000113, -8.226029998999934, 0.0 ], [ 112.19449, -8.225969998999972, 0.0 ], [ 112.19392, -8.22594, 0.0 ], [ 112.19353, -8.22594, 0.0 ], [ 112.19339, -8.22592, 0.0 ], [ 112.19328, -8.22585, 0.0 ], [ 112.19324, -8.22575, 0.0 ], [ 112.19317, -8.22529, 0.0 ], [ 112.19306, -8.22452, 0.0 ], [ 112.19304000000011, -8.22425, 0.0 ], [ 112.19286000000011, -8.22381, 0.0 ], [ 112.19275, -8.22351, 0.0 ], [ 112.192579999000031, -8.22298, 0.0 ], [ 112.19228, -8.22267, 0.0 ], [ 112.19216, -8.22253, 0.0 ], [ 112.19211, -8.222379998999941, 0.0 ], [ 112.19213, -8.22225, 0.0 ], [ 112.19244, -8.221989998999959, 0.0 ], [ 112.192579999000031, -8.22189, 0.0 ], [ 112.192639999000107, -8.22179, 0.0 ], [ 112.192659999000057, -8.22128, 0.0 ], [ 112.19273, -8.22104, 0.0 ], [ 112.19282, -8.220899998999926, 0.0 ], [ 112.19292, -8.22085999899997, 0.0 ], [ 112.19311, -8.220879998999976, 0.0 ], [ 112.19327, -8.22087, 0.0 ], [ 112.19345, -8.220799998999951, 0.0 ], [ 112.19369, -8.22044, 0.0 ], [ 112.193849999, -8.22029, 0.0 ], [ 112.19399, -8.22015, 0.0 ], [ 112.19406, -8.22001, 0.0 ], [ 112.19413, -8.21976, 0.0 ], [ 112.194119999, -8.21957, 0.0 ], [ 112.19406, -8.21937, 0.0 ], [ 112.19413, -8.21903, 0.0 ], [ 112.19415, -8.21877, 0.0 ], [ 112.194119999, -8.21847, 0.0 ], [ 112.19408, -8.21824, 0.0 ], [ 112.19401, -8.21795, 0.0 ], [ 112.19401, -8.21785, 0.0 ], [ 112.19398, -8.21765, 0.0 ], [ 112.19399, -8.21749, 0.0 ], [ 112.19392, -8.21747, 0.0 ], [ 112.193829999000059, -8.21717, 0.0 ], [ 112.193940000000111, -8.21636, 0.0 ], [ 112.19395, -8.2163, 0.0 ], [ 112.19397, -8.216159998999956, 0.0 ], [ 112.19392, -8.216, 0.0 ], [ 112.19371, -8.21582, 0.0 ], [ 112.19354, -8.215709998999955, 0.0 ], [ 112.193419999000071, -8.21554, 0.0 ], [ 112.1933, -8.21533999899998, 0.0 ], [ 112.19321, -8.21529, 0.0 ], [ 112.19329, -8.21469, 0.0 ], [ 112.19339, -8.21369, 0.0 ], [ 112.19345, -8.21344, 0.0 ], [ 112.19352, -8.21328, 0.0 ], [ 112.1938, -8.213079998999945, 0.0 ], [ 112.1939, -8.21295, 0.0 ], [ 112.19397, -8.21252, 0.0 ], [ 112.19399, -8.2121, 0.0 ], [ 112.194, -8.21184999899998, 0.0 ], [ 112.19425, -8.21141, 0.0 ], [ 112.19437, -8.21127, 0.0 ], [ 112.19458, -8.21092, 0.0 ], [ 112.194649999000035, -8.21058, 0.0 ], [ 112.19479, -8.20999, 0.0 ], [ 112.19495, -8.20917, 0.0 ], [ 112.195070000000101, -8.20891, 0.0 ], [ 112.19524, -8.20839, 0.0 ], [ 112.1953, -8.20805, 0.0 ], [ 112.19514, -8.20714, 0.0 ], [ 112.195070000000101, -8.20687, 0.0 ], [ 112.194939999000098, -8.20649, 0.0 ], [ 112.194930000000113, -8.205999998999971, 0.0 ], [ 112.194939999000098, -8.20562, 0.0 ], [ 112.19501, -8.20515, 0.0 ], [ 112.195039999000073, -8.2051, 0.0 ], [ 112.19503, -8.20464, 0.0 ], [ 112.195043623000061, -8.204481376999979, 0.0 ], [ 112.195079631000112, -8.204461816999981, 0.0 ], [ 112.195096604000014, -8.204452551999964, 0.0 ], [ 112.195111520000069, -8.204444408999962, 0.0 ], [ 112.195140348000109, -8.204428671999949, 0.0 ], [ 112.195375915000113, -8.204407256999957, 0.0 ], [ 112.195554374000039, -8.204450086999941, 0.0 ], [ 112.195718557000077, -8.204550023999957, 0.0 ], [ 112.195832771000028, -8.204699929999947, 0.0 ], [ 112.196082405000084, -8.204963057999976, 0.0 ], [ 112.196113248000074, -8.204988879999974, 0.0 ], [ 112.196290057000056, -8.205102950999958, 0.0 ], [ 112.197278700000084, -8.205267768999931, 0.0 ], [ 112.197346108000033, -8.205278138999972, 0.0 ], [ 112.197351313000013, -8.205279873999928, 0.0 ], [ 112.197684213000116, -8.205390840999939, 0.0 ], [ 112.197710166000093, -8.20539949199997, 0.0 ], [ 112.197750270000029, -8.205422130999978, 0.0 ] ] ] ] } },
{ "type": "Feature", "properties": { "OBJECTID": 116275.0, "KDPPUM": "35", "NAMOBJ": "Wonotirto", "REMARK": null, "KDPBPS": null, "FCODE": "BA03070040", "LUASWH": 23.01033632, "UUPP": "Hasil Delineasi Batas Desa 2019", "SRS_ID": "SRGI 2013", "METADATA": "TASWIL1000020200326DATA_BATAS_DESA_KELURAHAN", "KDEBPS": null, "KDEPUM": "35.05.08.2006", "KDCBPS": null, "KDCPUM": "35.05.08", "KDBBPS": null, "WADMKD": "Wonotirto", "WIADKD": null, "WADMKC": "Wonotirto", "WIADKC": null, "WADMKK": "Blitar", "WIADKK": null, "WADMPR": "Jawa Timur", "WIADPR": null, "TIPADM": 1.0, "KDPKAB": "35.05", "SHAPE_Leng": 0.20952191406204401, "SHAPE_Area": 0.001891039071228 }, "geometry": { "type": "MultiPolygon", "coordinates": [ [ [ [ 112.164054178000015, -8.197908583999947, 0.0 ], [ 112.164183795000099, -8.19818855699998, 0.0 ], [ 112.16428, -8.198509998999953, 0.0 ], [ 112.1646, -8.19872, 0.0 ], [ 112.16468, -8.19873, 0.0 ], [ 112.164909999000088, -8.19873, 0.0 ], [ 112.165199999000038, -8.19868, 0.0 ], [ 112.165279958000042, -8.198631138999929, 0.0 ], [ 112.165104400000018, -8.199126131999947, 0.0 ], [ 112.16543028000001, -8.199210066999967, 0.0 ], [ 112.167130886000109, -8.199648079999974, 0.0 ], [ 112.168263510000088, -8.199895542999968, 0.0 ], [ 112.168691813, -8.199781328999961, 0.0 ], [ 112.169643597000118, -8.199381579999965, 0.0 ], [ 112.169814918000043, -8.199314954999977, 0.0 ], [ 112.170357435000028, -8.199238811999976, 0.0 ], [ 112.17056, -8.19925, 0.0 ], [ 112.171023684000033, -8.198943758999974, 0.0 ], [ 112.171328255000049, -8.19885809799996, 0.0 ], [ 112.171785112000066, -8.19895327699993, 0.0 ], [ 112.172165826000082, -8.199096044999976, 0.0 ], [ 112.172384736000026, -8.199153151999951, 0.0 ], [ 112.172870146000037, -8.199191222999957, 0.0 ], [ 112.172942718000058, -8.199222324999937, 0.0 ], [ 112.173070021000058, -8.199276883999971, 0.0 ], [ 112.173108376000073, -8.199320621999959, 0.0 ], [ 112.173612538000043, -8.199895542999968, 0.0 ], [ 112.173764823000056, -8.20019059699996, 0.0 ], [ 112.174078912000027, -8.200752148999925, 0.0 ], [ 112.174564322000037, -8.201637308999977, 0.0 ], [ 112.17484034000006, -8.202113200999975, 0.0 ], [ 112.174973530000102, -8.202473733999966, 0.0 ], [ 112.175116357000093, -8.202860351999959, 0.0 ], [ 112.175392375000115, -8.203136368999935, 0.0 ], [ 112.175582732000066, -8.203355279999926, 0.0 ], [ 112.175715982000042, -8.203469493999933, 0.0 ], [ 112.17580164200001, -8.203621778999945, 0.0 ], [ 112.17592537400003, -8.203840689999936, 0.0 ], [ 112.176030070000024, -8.204050081999981, 0.0 ], [ 112.176134767, -8.204240438999932, 0.0 ], [ 112.176372713000092, -8.204421277999927, 0.0 ], [ 112.176715355000056, -8.204525974999967, 0.0 ], [ 112.176972337000052, -8.204564045999973, 0.0 ], [ 112.177276908000067, -8.204583081999942, 0.0 ], [ 112.177619550000031, -8.204478384999959, 0.0 ], [ 112.177771836000034, -8.204383206999978, 0.0 ], [ 112.17838, -8.20404, 0.0 ], [ 112.178519999000059, -8.20387, 0.0 ], [ 112.17866, -8.20371, 0.0 ], [ 112.17879, -8.20353, 0.0 ], [ 112.17894999900011, -8.20341, 0.0 ], [ 112.179013382000107, -8.203367284999956, 0.0 ], [ 112.17941, -8.2031, 0.0 ], [ 112.180159999000011, -8.20337, 0.0 ], [ 112.18076, -8.2039, 0.0 ], [ 112.180919999000025, -8.20396999899998, 0.0 ], [ 112.18221, -8.2038, 0.0 ], [ 112.18224, -8.20373, 0.0 ], [ 112.18274, -8.20351, 0.0 ], [ 112.182776832000059, -8.203529498999956, 0.0 ], [ 112.182909999000117, -8.203599998999948, 0.0 ], [ 112.18316784600006, -8.203474094999933, 0.0 ], [ 112.183411941000031, -8.203426850999961, 0.0 ], [ 112.183610425000097, -8.203388434999965, 0.0 ], [ 112.184041108000088, -8.203296824999939, 0.0 ], [ 112.184332592000032, -8.203237338999941, 0.0 ], [ 112.184576486000083, -8.203237338999941, 0.0 ], [ 112.184784689000026, -8.203302773999951, 0.0 ], [ 112.185427144000073, -8.203653743999951, 0.0 ], [ 112.186224263000099, -8.203992817999961, 0.0 ], [ 112.186570466000035, -8.204199324999934, 0.0 ], [ 112.186902410000016, -8.204397325999935, 0.0 ], [ 112.187223637000102, -8.20455199099996, 0.0 ], [ 112.187589999000011, -8.20484, 0.0 ], [ 112.187963589000105, -8.204901531999951, 0.0 ], [ 112.18844, -8.20498, 0.0 ], [ 112.188759999000013, -8.20499, 0.0 ], [ 112.189169999000114, -8.20498, 0.0 ], [ 112.19001, -8.20494, 0.0 ], [ 112.1906, -8.20495, 0.0 ], [ 112.190999999000041, -8.20497, 0.0 ], [ 112.19127, -8.20495, 0.0 ], [ 112.19162, -8.20484, 0.0 ], [ 112.19197, -8.20476, 0.0 ], [ 112.19215, -8.20476999899995, 0.0 ], [ 112.192269999000018, -8.204789998999956, 0.0 ], [ 112.192619999000044, -8.20498, 0.0 ], [ 112.19294, -8.205159998999932, 0.0 ], [ 112.193049999000095, -8.205219998999951, 0.0 ], [ 112.19366, -8.20531, 0.0 ], [ 112.193829999000059, -8.20531, 0.0 ], [ 112.19401, -8.205239998999957, 0.0 ], [ 112.194199999000034, -8.205139998999925, 0.0 ], [ 112.19441, -8.20498, 0.0 ], [ 112.194569999, -8.204869998999925, 0.0 ], [ 112.1947100000001, -8.204749998999944, 0.0 ], [ 112.194939999000098, -8.20465, 0.0 ], [ 112.19503, -8.20464, 0.0 ], [ 112.195039999000073, -8.2051, 0.0 ], [ 112.19501, -8.20515, 0.0 ], [ 112.194939999000098, -8.20562, 0.0 ], [ 112.194930000000113, -8.205999998999971, 0.0 ], [ 112.194939999000098, -8.20649, 0.0 ], [ 112.195070000000101, -8.20687, 0.0 ], [ 112.19514, -8.20714, 0.0 ], [ 112.1953, -8.20805, 0.0 ], [ 112.19524, -8.20839, 0.0 ], [ 112.195070000000101, -8.20891, 0.0 ], [ 112.19495, -8.20917, 0.0 ], [ 112.19479, -8.20999, 0.0 ], [ 112.194649999000035, -8.21058, 0.0 ], [ 112.19458, -8.21092, 0.0 ], [ 112.19437, -8.21127, 0.0 ], [ 112.19425, -8.21141, 0.0 ], [ 112.194, -8.21184999899998, 0.0 ], [ 112.19399, -8.2121, 0.0 ], [ 112.19397, -8.21252, 0.0 ], [ 112.1939, -8.21295, 0.0 ], [ 112.1938, -8.213079998999945, 0.0 ], [ 112.19352, -8.21328, 0.0 ], [ 112.19345, -8.21344, 0.0 ], [ 112.19339, -8.21369, 0.0 ], [ 112.19329, -8.21469, 0.0 ], [ 112.19321, -8.21529, 0.0 ], [ 112.1933, -8.21533999899998, 0.0 ], [ 112.193419999000071, -8.21554, 0.0 ], [ 112.19354, -8.215709998999955, 0.0 ], [ 112.19371, -8.21582, 0.0 ], [ 112.19392, -8.216, 0.0 ], [ 112.19397, -8.216159998999956, 0.0 ], [ 112.19395, -8.2163, 0.0 ], [ 112.193940000000111, -8.21636, 0.0 ], [ 112.193829999000059, -8.21717, 0.0 ], [ 112.19392, -8.21747, 0.0 ], [ 112.19399, -8.21749, 0.0 ], [ 112.19398, -8.21765, 0.0 ], [ 112.19401, -8.21785, 0.0 ], [ 112.19401, -8.21795, 0.0 ], [ 112.19408, -8.21824, 0.0 ], [ 112.194119999, -8.21847, 0.0 ], [ 112.19415, -8.21877, 0.0 ], [ 112.19413, -8.21903, 0.0 ], [ 112.19406, -8.21937, 0.0 ], [ 112.194119999, -8.21957, 0.0 ], [ 112.19413, -8.21976, 0.0 ], [ 112.19406, -8.22001, 0.0 ], [ 112.19399, -8.22015, 0.0 ], [ 112.193849999, -8.22029, 0.0 ], [ 112.19369, -8.22044, 0.0 ], [ 112.19345, -8.220799998999951, 0.0 ], [ 112.19327, -8.22087, 0.0 ], [ 112.19311, -8.220879998999976, 0.0 ], [ 112.19292, -8.22085999899997, 0.0 ], [ 112.19282, -8.220899998999926, 0.0 ], [ 112.19273, -8.22104, 0.0 ], [ 112.192659999000057, -8.22128, 0.0 ], [ 112.192639999000107, -8.22179, 0.0 ], [ 112.192579999000031, -8.22189, 0.0 ], [ 112.19244, -8.221989998999959, 0.0 ], [ 112.19213, -8.22225, 0.0 ], [ 112.19211, -8.222379998999941, 0.0 ], [ 112.19216, -8.22253, 0.0 ], [ 112.19228, -8.22267, 0.0 ], [ 112.192579999000031, -8.22298, 0.0 ], [ 112.19275, -8.22351, 0.0 ], [ 112.19286000000011, -8.22381, 0.0 ], [ 112.19304000000011, -8.22425, 0.0 ], [ 112.19306, -8.22452, 0.0 ], [ 112.19317, -8.22529, 0.0 ], [ 112.19324, -8.22575, 0.0 ], [ 112.19328, -8.22585, 0.0 ], [ 112.19339, -8.22592, 0.0 ], [ 112.19353, -8.22594, 0.0 ], [ 112.19392, -8.22594, 0.0 ], [ 112.19449, -8.225969998999972, 0.0 ], [ 112.194660000000113, -8.226029998999934, 0.0 ], [ 112.19487, -8.22619, 0.0 ], [ 112.19514, -8.2265, 0.0 ], [ 112.19528, -8.226729998999929, 0.0 ], [ 112.19545, -8.22699, 0.0 ], [ 112.19549, -8.22721, 0.0 ], [ 112.195520000000101, -8.22771, 0.0 ], [ 112.195329999000023, -8.22773, 0.0 ], [ 112.19513, -8.22777, 0.0 ], [ 112.19501, -8.227879998999981, 0.0 ], [ 112.194939999000098, -8.22804, 0.0 ], [ 112.19491, -8.22826, 0.0 ], [ 112.19488, -8.22863, 0.0 ], [ 112.19477, -8.22884, 0.0 ], [ 112.19468, -8.22891, 0.0 ], [ 112.193379999000058, -8.22933, 0.0 ], [ 112.1931, -8.22957, 0.0 ], [ 112.19289, -8.22980999899994, 0.0 ], [ 112.19282, -8.22997, 0.0 ], [ 112.192599999000095, -8.230629998999973, 0.0 ], [ 112.19249, -8.23153, 0.0 ], [ 112.192320000000109, -8.23189999899995, 0.0 ], [ 112.19222, -8.2322, 0.0 ], [ 112.192119012000035, -8.232580647999953, 0.0 ], [ 112.192217523000068, -8.232715558999928, 0.0 ], [ 112.192282958000078, -8.232727455999964, 0.0 ], [ 112.192485212000065, -8.232685815999957, 0.0 ], [ 112.192669620000061, -8.232572790999939, 0.0 ], [ 112.192806439000037, -8.232400279999979, 0.0 ], [ 112.192895669000109, -8.232275358999971, 0.0 ], [ 112.193068180000068, -8.232120693999946, 0.0 ], [ 112.193312075000108, -8.232013617999939, 0.0 ], [ 112.193436996000059, -8.232013617999939, 0.0 ], [ 112.193573815000036, -8.232162333999952, 0.0 ], [ 112.193621405000044, -8.232358639999973, 0.0 ], [ 112.193716583000082, -8.232614431999934, 0.0 ], [ 112.193829607000112, -8.232846428999949, 0.0 ], [ 112.193924786000025, -8.232959453999968, 0.0 ], [ 112.194067553000082, -8.233060580999961, 0.0 ], [ 112.194257910000033, -8.233126015999972, 0.0 ], [ 112.194442319000018, -8.233161707999955, 0.0 ], [ 112.194602932000066, -8.233203347999961, 0.0 ], [ 112.194739751000043, -8.23328068099994, 0.0 ], [ 112.194811135, -8.233387756999946, 0.0 ], [ 112.194823032000045, -8.233512677999954, 0.0 ], [ 112.194757597000034, -8.233643548999964, 0.0 ], [ 112.1945969840001, -8.233774418999928, 0.0 ], [ 112.194323346000033, -8.233923134999941, 0.0 ], [ 112.194156783000039, -8.234059953999974, 0.0 ], [ 112.193960478, -8.234256259999938, 0.0 ], [ 112.193853402000059, -8.234428770999955, 0.0 ], [ 112.193799864000084, -8.234529897999948, 0.0 ], [ 112.19380581300004, -8.234672665999938, 0.0 ], [ 112.193829607000112, -8.234815432999937, 0.0 ], [ 112.19380581300004, -8.234964149999939, 0.0 ], [ 112.193722532000038, -8.235106916999939, 0.0 ], [ 112.193621405000044, -8.235231838999937, 0.0 ], [ 112.193496483000104, -8.235392451999928, 0.0 ], [ 112.193347767000091, -8.235564962999945, 0.0 ], [ 112.193222845000037, -8.23574937199993, 0.0 ], [ 112.193127666, -8.235909984999978, 0.0 ], [ 112.19308602600006, -8.236052752999967, 0.0 ], [ 112.192937309000058, -8.236498901999937, 0.0 ], [ 112.192883772000073, -8.236659514999928, 0.0 ], [ 112.192859977000012, -8.236748744999943, 0.0 ], [ 112.192681517000096, -8.237141355999938, 0.0 ], [ 112.192681517000096, -8.237236534999965, 0.0 ], [ 112.192723158000035, -8.23732576499998, 0.0 ], [ 112.19277669600001, -8.237456634999944, 0.0 ], [ 112.192812388000107, -8.237545864999959, 0.0 ], [ 112.19284213100002, -8.237682683999935, 0.0 ], [ 112.192859977000012, -8.237783810999929, 0.0 ], [ 112.192877823000117, -8.237849245999939, 0.0 ], [ 112.192895669000109, -8.237950372999933, 0.0 ], [ 112.192889720000039, -8.238051499999926, 0.0 ], [ 112.192871874000048, -8.238116934999937, 0.0 ], [ 112.19284808000009, -8.238229959999956, 0.0 ], [ 112.192824285000029, -8.238307291999945, 0.0 ], [ 112.192259163000017, -8.238812927999959, 0.0 ], [ 112.19150963300001, -8.239187692999963, 0.0 ], [ 112.191176508000012, -8.239294768999969, 0.0 ], [ 112.190926665, -8.239366151999945, 0.0 ], [ 112.190748205000091, -8.239431587999945, 0.0 ], [ 112.190623284000026, -8.239491073999943, 0.0 ], [ 112.190528105000112, -8.239568406999979, 0.0 ], [ 112.190421029000049, -8.239669533999972, 0.0 ], [ 112.190440341000112, -8.239834104999943, 0.0 ], [ 112.190647078000097, -8.23996696599994, 0.0 ], [ 112.190760103000116, -8.240056195999955, 0.0 ], [ 112.190825538000013, -8.240127579999978, 0.0 ], [ 112.190879076000101, -8.240204911999967, 0.0 ], [ 112.190908819000015, -8.240306038999961, 0.0 ], [ 112.190920716000051, -8.240371474999961, 0.0 ], [ 112.190920716000051, -8.240425012999935, 0.0 ], [ 112.190880391000064, -8.240584636999927, 0.0 ], [ 112.1909, -8.24065, 0.0 ], [ 112.190927119000094, -8.240799153999944, 0.0 ], [ 112.191105125000036, -8.241049620999945, 0.0 ], [ 112.191206252000029, -8.241103158999977, 0.0 ], [ 112.191307379000023, -8.241186439999979, 0.0 ], [ 112.191343071, -8.241239977999953, 0.0 ], [ 112.191349019000086, -8.241299463999951, 0.0 ], [ 112.19133712200005, -8.241353001999926, 0.0 ], [ 112.19127, -8.24142, 0.0 ], [ 112.19123, -8.241549998999972, 0.0 ], [ 112.190992100000017, -8.241579050999974, 0.0 ], [ 112.190742257000011, -8.241590947999953, 0.0 ], [ 112.190421029000049, -8.241590947999953, 0.0 ], [ 112.19013549400006, -8.241596896999965, 0.0 ], [ 112.189885651000054, -8.241608793999944, 0.0 ], [ 112.189677448000111, -8.241549307999946, 0.0 ], [ 112.189481142000091, -8.241531461999955, 0.0 ], [ 112.18935027200007, -8.241579050999974, 0.0 ], [ 112.189249145000076, -8.241698023999959, 0.0 ], [ 112.189159915, -8.241870534999975, 0.0 ], [ 112.189070685000047, -8.242066840999939, 0.0 ], [ 112.189011199000106, -8.242185813999981, 0.0 ], [ 112.188880328000096, -8.242304786999966, 0.0 ], [ 112.188737561000039, -8.242417810999939, 0.0 ], [ 112.188666177000073, -8.242536783999981, 0.0 ], [ 112.188612639000098, -8.242626013999939, 0.0 ], [ 112.188535307000052, -8.242691448999949, 0.0 ], [ 112.188463923000086, -8.242739037999968, 0.0 ], [ 112.187833366000064, -8.243000778999942, 0.0 ], [ 112.187690598000017, -8.243072162999965, 0.0 ], [ 112.187643009000112, -8.243280365999965, 0.0 ], [ 112.187690598000017, -8.243506414999956, 0.0 ], [ 112.187833366000064, -8.243637284999977, 0.0 ], [ 112.187892852, -8.243774103999954, 0.0 ], [ 112.187934493000057, -8.243928768999979, 0.0 ], [ 112.18814864400008, -8.243952562999937, 0.0 ], [ 112.188333052000075, -8.243916871999943, 0.0 ], [ 112.188463923000086, -8.24391092299993, 0.0 ], [ 112.188606690000029, -8.243964460999962, 0.0 ], [ 112.188672126000029, -8.244077484999934, 0.0 ], [ 112.188713766000092, -8.244232149999959, 0.0 ], [ 112.188749458000075, -8.244416557999955, 0.0 ], [ 112.188797047000094, -8.244541479999953, 0.0 ], [ 112.188862483000094, -8.244719939999925, 0.0 ], [ 112.189109999000038, -8.24537, 0.0 ], [ 112.189109999000038, -8.24568, 0.0 ], [ 112.18906, -8.24582, 0.0 ], [ 112.18889, -8.24599, 0.0 ], [ 112.188719999000114, -8.24605, 0.0 ], [ 112.18841, -8.24617, 0.0 ], [ 112.18816, -8.24626, 0.0 ], [ 112.187529999000049, -8.24632, 0.0 ], [ 112.18725, -8.246269998999935, 0.0 ], [ 112.18713999900001, -8.246389998999973, 0.0 ], [ 112.18713, -8.24647, 0.0 ], [ 112.187179999000023, -8.2466, 0.0 ], [ 112.187280000000101, -8.246779998999955, 0.0 ], [ 112.187489999000036, -8.24725, 0.0 ], [ 112.187640000000101, -8.2476, 0.0 ], [ 112.18789, -8.24829, 0.0 ], [ 112.18799, -8.24879, 0.0 ], [ 112.188040000000115, -8.24938, 0.0 ], [ 112.1881, -8.24972, 0.0 ], [ 112.188130000000115, -8.24987, 0.0 ], [ 112.18814, -8.25, 0.0 ], [ 112.188180000000102, -8.25028, 0.0 ], [ 112.188289999000062, -8.250679998999942, 0.0 ], [ 112.18843, -8.251069998999981, 0.0 ], [ 112.18852, -8.25133, 0.0 ], [ 112.188670000000116, -8.2517, 0.0 ], [ 112.18871, -8.25199, 0.0 ], [ 112.188670000000116, -8.25213, 0.0 ], [ 112.18859, -8.25219999899997, 0.0 ], [ 112.18847, -8.25219999899997, 0.0 ], [ 112.18817, -8.25213, 0.0 ], [ 112.18783, -8.252, 0.0 ], [ 112.18745, -8.251829998999938, 0.0 ], [ 112.187193824000019, -8.251720933999934, 0.0 ], [ 112.18699579500003, -8.251748470999928, 0.0 ], [ 112.186919653000018, -8.251719916999946, 0.0 ], [ 112.18681971500007, -8.251462935999939, 0.0 ], [ 112.186729296000067, -8.251367756999969, 0.0 ], [ 112.186567492000108, -8.25130113199998, 0.0 ], [ 112.186419966000017, -8.251272578999931, 0.0 ], [ 112.186262921000093, -8.251210712999978, 0.0 ], [ 112.18611063600008, -8.251120292999929, 0.0 ], [ 112.186020763000101, -8.250989690999972, 0.0 ], [ 112.185967868000034, -8.250872828999945, 0.0 ], [ 112.185967868000034, -8.250744337999947, 0.0 ], [ 112.185958350000078, -8.25061108899996, 0.0 ], [ 112.185886967000101, -8.250520668999968, 0.0 ], [ 112.18573944000002, -8.250492114999929, 0.0 ], [ 112.185582396000086, -8.250501632999942, 0.0 ], [ 112.18544914600011, -8.250539704999937, 0.0 ], [ 112.185334932000046, -8.250558739999974, 0.0 ], [ 112.185163610000018, -8.25054922299995, 0.0 ], [ 112.185020843000075, -8.250468320999971, 0.0 ], [ 112.184878075000029, -8.250254168999959, 0.0 ], [ 112.184825727000089, -8.250106642999981, 0.0 ], [ 112.184811450000097, -8.24990676799996, 0.0 ], [ 112.184816209000019, -8.249730687999943, 0.0 ], [ 112.184868557000073, -8.249583160999975, 0.0 ], [ 112.184882834000064, -8.249459428999955, 0.0 ], [ 112.18484000400008, -8.249364250999975, 0.0 ], [ 112.184706754000104, -8.249321420999934, 0.0 ], [ 112.184597299000075, -8.249307143999943, 0.0 ], [ 112.184492602000091, -8.249311902999978, 0.0 ], [ 112.184330799, -8.24940232199998, 0.0 ], [ 112.184178514000109, -8.249507018999964, 0.0 ], [ 112.184011951000116, -8.249673580999968, 0.0 ], [ 112.183859666000103, -8.249802071999966, 0.0 ], [ 112.183555095000088, -8.249987669999939, 0.0 ], [ 112.183379015000014, -8.250120919999972, 0.0 ], [ 112.183321908000039, -8.250358865999942, 0.0 ], [ 112.183283836000101, -8.250525427999946, 0.0 ], [ 112.183231488000047, -8.250653918999944, 0.0 ], [ 112.183141069000044, -8.250782409999943, 0.0 ], [ 112.183007819000068, -8.250839516999974, 0.0 ], [ 112.182807944000047, -8.250853793999966, 0.0 ], [ 112.182574757000111, -8.250796685999944, 0.0 ], [ 112.182246391000035, -8.250634882999975, 0.0 ], [ 112.181979892000072, -8.250544463999972, 0.0 ], [ 112.181713392, -8.250515909999933, 0.0 ], [ 112.181537312000046, -8.250544463999972, 0.0 ], [ 112.181446892000054, -8.250634882999975, 0.0 ], [ 112.181137562000117, -8.251210712999978, 0.0 ], [ 112.181085214000063, -8.251315408999972, 0.0 ], [ 112.181004313000017, -8.251496247999967, 0.0 ], [ 112.180951964000087, -8.251705640999944, 0.0 ], [ 112.180918652000059, -8.251872202999948, 0.0 ], [ 112.180847268000093, -8.252000693999946, 0.0 ], [ 112.18075684900009, -8.252100630999962, 0.0 ], [ 112.180661670000063, -8.252205326999956, 0.0 ], [ 112.180342822000057, -8.252624112999968, 0.0 ], [ 112.180228608000107, -8.252800192999928, 0.0 ], [ 112.180119153000078, -8.252990549999936, 0.0 ], [ 112.180004939000014, -8.253223736999928, 0.0 ], [ 112.17990024300002, -8.25329987899994, 0.0 ], [ 112.179733680000027, -8.253328432999979, 0.0 ], [ 112.179571877000058, -8.253371262999963, 0.0 ], [ 112.179405315000054, -8.253514030999952, 0.0 ], [ 112.179333931000087, -8.253618726999946, 0.0 ], [ 112.179281583000034, -8.253756735999957, 0.0 ], [ 112.179138815000101, -8.254085101999976, 0.0 ], [ 112.179005565000011, -8.254227868999976, 0.0 ], [ 112.178881833000105, -8.254389672999935, 0.0 ], [ 112.17870099400011, -8.254541957999947, 0.0 ], [ 112.178424977000077, -8.254665689999968, 0.0 ], [ 112.17809185200008, -8.25471327899993, 0.0 ], [ 112.177730174000089, -8.25457051199993, 0.0 ], [ 112.1774446390001, -8.254465814999946, 0.0 ], [ 112.17719717500006, -8.254437261999954, 0.0 ], [ 112.17695922900009, -8.254465814999946, 0.0 ], [ 112.176683211000068, -8.254513404999955, 0.0 ], [ 112.176454783000054, -8.254456296999933, 0.0 ], [ 112.176312015, -8.25433256599996, 0.0 ], [ 112.176245391000066, -8.254132690999938, 0.0 ], [ 112.176302498000041, -8.253904262999981, 0.0 ], [ 112.176378640000053, -8.25370438799996, 0.0 ], [ 112.176369122000096, -8.25348547699997, 0.0 ], [ 112.176254908000033, -8.25334271, 0.0 ], [ 112.176140694000082, -8.253266566999969, 0.0 ], [ 112.175969373000044, -8.253171388999931, 0.0 ], [ 112.175807570000075, -8.253047656999968, 0.0 ], [ 112.175769498000022, -8.252942959999928, 0.0 ], [ 112.175769498000022, -8.252809709999951, 0.0 ], [ 112.175779016000092, -8.252666942999952, 0.0 ], [ 112.175769498000022, -8.252390924999929, 0.0 ], [ 112.175674320000098, -8.252248157999929, 0.0 ], [ 112.175560106000034, -8.2521053899999, 0.0 ], [ 112.175417338000102, -8.251943586999971, 0.0 ], [ 112.175246017000063, -8.251857925999957, 0.0 ], [ 112.175046142000042, -8.251857925999957, 0.0 ], [ 112.174836750000054, -8.251886479999939, 0.0 ], [ 112.174627357000077, -8.251924550999945, 0.0 ], [ 112.174475072000064, -8.251924550999945, 0.0 ], [ 112.174313268000105, -8.251829372999964, 0.0 ], [ 112.174189536000085, -8.251724675999981, 0.0 ], [ 112.174151465000023, -8.251600943999961, 0.0 ], [ 112.174151465000023, -8.251458176999961, 0.0 ], [ 112.174056286000109, -8.251248783999927, 0.0 ], [ 112.173923037, -8.25111553399995, 0.0 ], [ 112.173780269000076, -8.251077462999945, 0.0 ], [ 112.173570876000099, -8.251086980999958, 0.0 ], [ 112.173380519000034, -8.251096498999971, 0.0 ], [ 112.17316160900009, -8.251096498999971, 0.0 ], [ 112.172971252000025, -8.251077462999945, 0.0 ], [ 112.172818967000012, -8.251010837999956, 0.0 ], [ 112.172761860000037, -8.250925176999942, 0.0 ], [ 112.172712972000113, -8.250717405999978, 0.0 ], [ 112.172476324000058, -8.250420731999952, 0.0 ], [ 112.172285967000107, -8.250249409999981, 0.0 ], [ 112.172133682000094, -8.250068570999929, 0.0 ], [ 112.171990914000048, -8.249897249999947, 0.0 ], [ 112.17178152200006, -8.249764, 0.0 ], [ 112.171591165000109, -8.249773517999927, 0.0 ], [ 112.171524540000064, -8.249868696999954, 0.0 ], [ 112.171562611000013, -8.250049535999949, 0.0 ], [ 112.171581647000039, -8.25014471399993, 0.0 ], [ 112.171581647000039, -8.250258927999937, 0.0 ], [ 112.171486469000115, -8.250335070999938, 0.0 ], [ 112.171305629000017, -8.250420731999952, 0.0 ], [ 112.171077201000116, -8.250525427999946, 0.0 ], [ 112.170867809000015, -8.250592052999934, 0.0 ], [ 112.170629863000045, -8.250620605999927, 0.0 ], [ 112.170296738000047, -8.250639641999953, 0.0 ], [ 112.170058792000077, -8.25063012399994, 0.0 ], [ 112.16983988100003, -8.250573016999965, 0.0 ], [ 112.169754221000062, -8.250553980999939, 0.0 ], [ 112.169563864000111, -8.250344588999951, 0.0 ], [ 112.16937, -8.25, 0.0 ], [ 112.16936, -8.24991, 0.0 ], [ 112.16940000000011, -8.249779998999941, 0.0 ], [ 112.169489999, -8.24952, 0.0 ], [ 112.16932, -8.24928, 0.0 ], [ 112.16894, -8.24896, 0.0 ], [ 112.16882, -8.24887, 0.0 ], [ 112.1688, -8.24876, 0.0 ], [ 112.16892, -8.24845, 0.0 ], [ 112.16899, -8.248299998999926, 0.0 ], [ 112.1689, -8.24792999899995, 0.0 ], [ 112.168789999000069, -8.2477, 0.0 ], [ 112.16846, -8.24727, 0.0 ], [ 112.16823191900005, -8.247041918999969, 0.0 ], [ 112.167901820000111, -8.24664390199996, 0.0 ], [ 112.167773330000045, -8.246558241999935, 0.0 ], [ 112.167540142, -8.246386920999953, 0.0 ], [ 112.167364062000047, -8.246291741999926, 0.0 ], [ 112.167149911000024, -8.24620132299998, 0.0 ], [ 112.166883411000072, -8.246091866999961, 0.0 ], [ 112.166640706000067, -8.246006206999937, 0.0 ], [ 112.166093430000046, -8.245858679999969, 0.0 ], [ 112.165888796000104, -8.245801572999937, 0.0 ], [ 112.165541395000105, -8.245663563999926, 0.0 ], [ 112.165365315000031, -8.245587421999971, 0.0 ], [ 112.165117851000105, -8.24544941299996, 0.0 ], [ 112.164841834000072, -8.245273332999943, 0.0 ], [ 112.164546780000023, -8.245111529999974, 0.0 ], [ 112.164270763000104, -8.245040145999951, 0.0 ], [ 112.164056611000092, -8.245059180999931, 0.0 ], [ 112.16387, -8.245199998999965, 0.0 ], [ 112.16380145800008, -8.245343314999957, 0.0 ], [ 112.1636806570001, -8.245425617999956, 0.0 ], [ 112.163614032000055, -8.245411341999954, 0.0 ], [ 112.163542648000089, -8.245368510999981, 0.0 ], [ 112.163471264, -8.245282850999956, 0.0 ], [ 112.163418916000069, -8.245159118999936, 0.0 ], [ 112.163285666000093, -8.245030627999938, 0.0 ], [ 112.163128622000045, -8.244935448999968, 0.0 ], [ 112.162995372000069, -8.244921172999966, 0.0 ], [ 112.162819292000108, -8.244949725999959, 0.0 ], [ 112.162538515000051, -8.245049663999964, 0.0 ], [ 112.162495685000067, -8.245054421999953, 0.0 ], [ 112.162438578000092, -8.245040145999951, 0.0 ], [ 112.162386230000038, -8.245011591999969, 0.0 ], [ 112.1623481580001, -8.244978279999941, 0.0 ], [ 112.162333882000098, -8.24486882399998, 0.0 ], [ 112.162381548000099, -8.244766043999959, 0.0 ], [ 112.162462373000039, -8.244578529999956, 0.0 ], [ 112.162495685000067, -8.244397690999961, 0.0 ], [ 112.16247189, -8.244259681999949, 0.0 ], [ 112.162443337000013, -8.244183539999938, 0.0 ], [ 112.162362435000091, -8.244026494999957, 0.0 ], [ 112.162214909000113, -8.243859932999953, 0.0 ], [ 112.16210069400006, -8.243712405999929, 0.0 ], [ 112.162029311000083, -8.243583915999977, 0.0 ], [ 112.161905579000063, -8.243469700999981, 0.0 ], [ 112.16173901600007, -8.243331692999959, 0.0 ], [ 112.161629561000041, -8.243169888999944, 0.0 ], [ 112.161534383000117, -8.243088987999954, 0.0 ], [ 112.161405892000062, -8.243027121999944, 0.0 ], [ 112.161167946000091, -8.242974773999947, 0.0 ], [ 112.1611536690001, -8.242908148999959, 0.0 ], [ 112.161163187000056, -8.242812969999932, 0.0 ], [ 112.161305955000103, -8.242636889999972, 0.0 ], [ 112.161334508000095, -8.242575023999962, 0.0 ], [ 112.161310713000034, -8.242417979999971, 0.0 ], [ 112.161277401, -8.242322800999943, 0.0 ], [ 112.161210776000075, -8.242189550999967, 0.0 ], [ 112.161158428000022, -8.242051542999945, 0.0 ], [ 112.161101321000046, -8.241946845999962, 0.0 ], [ 112.160982348000061, -8.241851667999981, 0.0 ], [ 112.160628455000051, -8.241765920999967, 0.0 ], [ 112.160330772000066, -8.241580012999975, 0.0 ], [ 112.160170158000028, -8.24142534799995, 0.0 ], [ 112.16008092900006, -8.241264733999969, 0.0 ], [ 112.159985750000033, -8.241032736999955, 0.0 ], [ 112.159914366000066, -8.240747200999976, 0.0 ], [ 112.159915462000072, -8.240462435999973, 0.0 ], [ 112.159954817000084, -8.240352210999959, 0.0 ], [ 112.159945299000015, -8.240257031999931, 0.0 ], [ 112.159864398000082, -8.239957219999951, 0.0 ], [ 112.159888192000039, -8.239847764999979, 0.0 ], [ 112.159897710000109, -8.239685961999953, 0.0 ], [ 112.159883433, -8.239524158999927, 0.0 ], [ 112.159826326000029, -8.239348077999978, 0.0 ], [ 112.159688318, -8.239057783999954, 0.0 ], [ 112.159569345000023, -8.238834114999975, 0.0 ], [ 112.159407541000064, -8.238567614999965, 0.0 ], [ 112.159321881000096, -8.238372498999979, 0.0 ], [ 112.159212425000078, -8.238182141999971, 0.0 ], [ 112.15912676500011, -8.23799654499993, 0.0 ], [ 112.158988756000099, -8.237806187999979, 0.0 ], [ 112.158865024000079, -8.237644383999964, 0.0 ], [ 112.158665149000058, -8.237325536999947, 0.0 ], [ 112.158498587000054, -8.237101866999978, 0.0 ], [ 112.158189257000117, -8.23672591199994, 0.0 ], [ 112.158098838000114, -8.236592662999954, 0.0 ], [ 112.158036972000104, -8.236468930999933, 0.0 ], [ 112.15797034700006, -8.236311885999953, 0.0 ], [ 112.157927516000086, -8.236192912999968, 0.0 ], [ 112.157889445000023, -8.236059662999935, 0.0 ], [ 112.157879927000067, -8.235916895999935, 0.0 ], [ 112.157856133000109, -8.235750332999942, 0.0 ], [ 112.157822820000092, -8.235621841999944, 0.0 ], [ 112.157770472000038, -8.235360101999959, 0.0 ], [ 112.157746677000091, -8.235255404999975, 0.0 ], [ 112.157708606000028, -8.235084083999936, 0.0 ], [ 112.157699088000072, -8.234898485999963, 0.0 ], [ 112.157689570000116, -8.234727164999981, 0.0 ], [ 112.157675294000114, -8.234627227999965, 0.0 ], [ 112.157561079000061, -8.23450825499998, 0.0 ], [ 112.157461142000102, -8.234432111999979, 0.0 ], [ 112.157351687000073, -8.234365486999934, 0.0 ], [ 112.157251750000114, -8.234256031999962, 0.0 ], [ 112.157185125000069, -8.234127540999964, 0.0 ], [ 112.157132776000026, -8.233946701999969, 0.0 ], [ 112.157067310000116, -8.23337322499998, 0.0 ], [ 112.157110000000102, -8.23321, 0.0 ], [ 112.15719, -8.2329, 0.0 ], [ 112.157200000000103, -8.23246, 0.0 ], [ 112.15717, -8.23226, 0.0 ], [ 112.15704, -8.23194, 0.0 ], [ 112.15687, -8.2317, 0.0 ], [ 112.15673, -8.23156, 0.0 ], [ 112.156579999000087, -8.23148, 0.0 ], [ 112.15622, -8.23148, 0.0 ], [ 112.15599, -8.231469998999955, 0.0 ], [ 112.155899999000098, -8.23142, 0.0 ], [ 112.155839999000023, -8.23125, 0.0 ], [ 112.15583, -8.23092, 0.0 ], [ 112.155819999000073, -8.230729998999948, 0.0 ], [ 112.15579, -8.23057, 0.0 ], [ 112.1556700000001, -8.23041, 0.0 ], [ 112.15519, -8.23014, 0.0 ], [ 112.15498, -8.22992, 0.0 ], [ 112.15491, -8.22988, 0.0 ], [ 112.15477, -8.229889998999965, 0.0 ], [ 112.15453, -8.22999, 0.0 ], [ 112.15423, -8.23007, 0.0 ], [ 112.15412, -8.23007, 0.0 ], [ 112.153849999000045, -8.22966, 0.0 ], [ 112.15378, -8.22947, 0.0 ], [ 112.15373000000011, -8.22806, 0.0 ], [ 112.153539999000031, -8.22717, 0.0 ], [ 112.15351, -8.22697, 0.0 ], [ 112.153499999000019, -8.226769998999941, 0.0 ], [ 112.15345, -8.22659, 0.0 ], [ 112.15329, -8.226399998999966, 0.0 ], [ 112.15308, -8.22624, 0.0 ], [ 112.15287, -8.22615, 0.0 ], [ 112.15243, -8.22607, 0.0 ], [ 112.152309999000067, -8.226029998999934, 0.0 ], [ 112.152249999000105, -8.225989998999978, 0.0 ], [ 112.1521, -8.22547, 0.0 ], [ 112.150800000000118, -8.22469, 0.0 ], [ 112.1505, -8.22454, 0.0 ], [ 112.15009, -8.22407, 0.0 ], [ 112.14979, -8.22384, 0.0 ], [ 112.14955, -8.22372, 0.0 ], [ 112.14942, -8.223589998999955, 0.0 ], [ 112.14906, -8.22325, 0.0 ], [ 112.148640000000114, -8.22284, 0.0 ], [ 112.1485, -8.22258, 0.0 ], [ 112.14838, -8.22235, 0.0 ], [ 112.14825, -8.22224, 0.0 ], [ 112.1477900000001, -8.22194, 0.0 ], [ 112.14753, -8.221619998999927, 0.0 ], [ 112.14744, -8.221579998999971, 0.0 ], [ 112.14762, -8.22139, 0.0 ], [ 112.14762999900006, -8.221269998999958, 0.0 ], [ 112.147569999000098, -8.22068, 0.0 ], [ 112.147470000000112, -8.22056, 0.0 ], [ 112.147380000000112, -8.220409998999969, 0.0 ], [ 112.14716, -8.21993, 0.0 ], [ 112.14688, -8.21958, 0.0 ], [ 112.146499999000071, -8.21931, 0.0 ], [ 112.14647, -8.21922, 0.0 ], [ 112.14643, -8.21914, 0.0 ], [ 112.14626, -8.218989998999973, 0.0 ], [ 112.14591, -8.2188, 0.0 ], [ 112.145760000000109, -8.21869, 0.0 ], [ 112.14577, -8.21845, 0.0 ], [ 112.14588, -8.21814, 0.0 ], [ 112.14588, -8.21796, 0.0 ], [ 112.14588, -8.21771, 0.0 ], [ 112.14708, -8.21667, 0.0 ], [ 112.14708, -8.21639, 0.0 ], [ 112.14714, -8.21613999899995, 0.0 ], [ 112.14721, -8.2157, 0.0 ], [ 112.147199999, -8.214949998999941, 0.0 ], [ 112.146829999000033, -8.21414, 0.0 ], [ 112.14656, -8.21377, 0.0 ], [ 112.14630000000011, -8.21299, 0.0 ], [ 112.14623, -8.2129, 0.0 ], [ 112.145760000000109, -8.21233, 0.0 ], [ 112.14537, -8.21196, 0.0 ], [ 112.14524, -8.21172, 0.0 ], [ 112.14509, -8.21138, 0.0 ], [ 112.14493999900003, -8.2111, 0.0 ], [ 112.14478, -8.21053, 0.0 ], [ 112.14473, -8.210309998999946, 0.0 ], [ 112.144992373000036, -8.210143356999936, 0.0 ], [ 112.14547, -8.209839998999939, 0.0 ], [ 112.145659999000031, -8.20966, 0.0 ], [ 112.146109999000032, -8.20928, 0.0 ], [ 112.14668, -8.20876, 0.0 ], [ 112.147, -8.20852, 0.0 ], [ 112.14794, -8.20815, 0.0 ], [ 112.14832, -8.20798, 0.0 ], [ 112.14857, -8.20790999899998, 0.0 ], [ 112.14937, -8.20742, 0.0 ], [ 112.14971, -8.207229998999935, 0.0 ], [ 112.15, -8.20703, 0.0 ], [ 112.150359999000102, -8.206719998999972, 0.0 ], [ 112.15095, -8.20614, 0.0 ], [ 112.15169, -8.20538, 0.0 ], [ 112.15204, -8.20513, 0.0 ], [ 112.15273, -8.20457, 0.0 ], [ 112.15297, -8.20431, 0.0 ], [ 112.15335, -8.20396, 0.0 ], [ 112.1537, -8.20357, 0.0 ], [ 112.153949999000019, -8.20332, 0.0 ], [ 112.15431, -8.202879998999947, 0.0 ], [ 112.15466, -8.20264, 0.0 ], [ 112.154990000000112, -8.2023, 0.0 ], [ 112.15523, -8.20193, 0.0 ], [ 112.155440000000112, -8.20172, 0.0 ], [ 112.15557, -8.20168, 0.0 ], [ 112.1558500000001, -8.20148, 0.0 ], [ 112.155839999000023, -8.20102, 0.0 ], [ 112.15591, -8.20101, 0.0 ], [ 112.15599, -8.200989998999944, 0.0 ], [ 112.15614, -8.200929998999925, 0.0 ], [ 112.15626, -8.20086, 0.0 ], [ 112.15645, -8.20063, 0.0 ], [ 112.156579999000087, -8.20053, 0.0 ], [ 112.15669, -8.20032, 0.0 ], [ 112.156880000000115, -8.2, 0.0 ], [ 112.15692, -8.19992, 0.0 ], [ 112.157020000000102, -8.19979, 0.0 ], [ 112.15718, -8.19964, 0.0 ], [ 112.157399999000063, -8.19952, 0.0 ], [ 112.157740000000103, -8.19938, 0.0 ], [ 112.15802, -8.199289998999973, 0.0 ], [ 112.158280000000104, -8.19915, 0.0 ], [ 112.1584, -8.19912, 0.0 ], [ 112.15883, -8.19905, 0.0 ], [ 112.15919, -8.19897, 0.0 ], [ 112.159270000000106, -8.198899998999934, 0.0 ], [ 112.15949, -8.1988, 0.0 ], [ 112.159779999000079, -8.19864999899994, 0.0 ], [ 112.16, -8.19858, 0.0 ], [ 112.16016, -8.198569998999972, 0.0 ], [ 112.16055, -8.198489998999946, 0.0 ], [ 112.160582224000109, -8.198479257999963, 0.0 ], [ 112.16061, -8.19847, 0.0 ], [ 112.16076, -8.19844, 0.0 ], [ 112.16109, -8.19839, 0.0 ], [ 112.161359999000069, -8.19832, 0.0 ], [ 112.16152000000011, -8.19828, 0.0 ], [ 112.161749999000108, -8.19828, 0.0 ], [ 112.161903, -8.19828, 0.0 ], [ 112.162067309, -8.198343683999951, 0.0 ], [ 112.162256432000049, -8.198416984999938, 0.0 ], [ 112.162520552000046, -8.19844553799993, 0.0 ], [ 112.162649043000101, -8.19848123, 0.0 ], [ 112.162727565000068, -8.198466953999969, 0.0 ], [ 112.162734704000059, -8.198231386999964, 0.0 ], [ 112.162762556000075, -8.197889550999946, 0.0 ], [ 112.16277, -8.197829998999964, 0.0 ], [ 112.16281, -8.19769, 0.0 ], [ 112.16285, -8.19763, 0.0 ], [ 112.162899999000047, -8.19758, 0.0 ], [ 112.16295, -8.19751, 0.0 ], [ 112.163, -8.197459998999932, 0.0 ], [ 112.16315, -8.197419998999976, 0.0 ], [ 112.163249999000072, -8.197439998999926, 0.0 ], [ 112.16336, -8.197459998999932, 0.0 ], [ 112.16345, -8.19757, 0.0 ], [ 112.16363, -8.19765, 0.0 ], [ 112.163877379000041, -8.197748893999972, 0.0 ], [ 112.164054178000015, -8.197908583999947, 0.0 ] ] ] ] } },
{ "type": "Feature", "properties": { "OBJECTID": 116178.0, "KDPPUM": "35", "NAMOBJ": "Sumberboto", "REMARK": null, "KDPBPS": null, "FCODE": "BA03070040", "LUASWH": 11.7395357, "UUPP": "Hasil Delineasi Batas Desa 2019", "SRS_ID": "SRGI 2013", "METADATA": "TASWIL1000020200326DATA_BATAS_DESA_KELURAHAN", "KDEBPS": null, "KDEPUM": "35.05.08.2004", "KDCBPS": null, "KDCPUM": "35.05.08", "KDBBPS": null, "WADMKD": "Sumberboto", "WIADKD": null, "WADMKC": "Wonotirto", "WIADKC": null, "WADMKK": "Blitar", "WIADKK": null, "WADMPR": "Jawa Timur", "WIADPR": null, "TIPADM": 1.0, "KDPKAB": "35.05", "SHAPE_Leng": 0.18428194376705501, "SHAPE_Area": 0.00096380969519000001 }, "geometry": { "type": "MultiPolygon", "coordinates": [ [ [ [ 112.16937, -8.25, 0.0 ], [ 112.16934, -8.25047, 0.0 ], [ 112.16925, -8.25088, 0.0 ], [ 112.169220000000109, -8.25133, 0.0 ], [ 112.16906, -8.25158, 0.0 ], [ 112.168709999000043, -8.25178, 0.0 ], [ 112.168272699000113, -8.252049145999933, 0.0 ], [ 112.167915780000044, -8.252184774999932, 0.0 ], [ 112.167551722000098, -8.252227604999973, 0.0 ], [ 112.167301879000092, -8.252241881999964, 0.0 ], [ 112.167109143000062, -8.252191912999933, 0.0 ], [ 112.166923545000031, -8.252184774999932, 0.0 ], [ 112.166807903000063, -8.252172401999928, 0.0 ], [ 112.166493814000091, -8.252015356999948, 0.0 ], [ 112.166249919000052, -8.25191224699995, 0.0 ], [ 112.166077408000092, -8.251864657999931, 0.0 ], [ 112.165893, -8.251834914999961, 0.0 ], [ 112.165542030000097, -8.251793273999965, 0.0 ], [ 112.165351673000032, -8.251775427999974, 0.0 ], [ 112.165155367000011, -8.251811119999957, 0.0 ], [ 112.165024497000104, -8.251876554999967, 0.0 ], [ 112.164863883000066, -8.251977681999961, 0.0 ], [ 112.164608091000105, -8.252049065999927, 0.0 ], [ 112.164203583000017, -8.252150192999977, 0.0 ], [ 112.163983483000038, -8.252156141999933, 0.0 ], [ 112.163691999000093, -8.252132346999929, 0.0 ], [ 112.163501642000028, -8.252037168999948, 0.0 ], [ 112.163376720000088, -8.251858708999976, 0.0 ], [ 112.163251798000033, -8.251668351999967, 0.0 ], [ 112.1631744660001, -8.251549378999925, 0.0 ], [ 112.163001955000027, -8.251299535999976, 0.0 ], [ 112.162924623000094, -8.251198408999926, 0.0 ], [ 112.162859187000095, -8.251150819999964, 0.0 ], [ 112.16276, -8.25102, 0.0 ], [ 112.162585549000028, -8.250996154999939, 0.0 ], [ 112.162454679, -8.25101400099993, 0.0 ], [ 112.162240527000108, -8.251085383999964, 0.0 ], [ 112.162044222000077, -8.25115676799993, 0.0 ], [ 112.161925249000092, -8.251210305999962, 0.0 ], [ 112.161711097000079, -8.251299535999976, 0.0 ], [ 112.161502895000012, -8.251359022999964, 0.0 ], [ 112.161229257000059, -8.25140066299997, 0.0 ], [ 112.160295318000067, -8.251370919999943, 0.0 ], [ 112.160128756000063, -8.251370919999943, 0.0 ], [ 112.159944348000067, -8.251317381999968, 0.0 ], [ 112.159224561000087, -8.251144870999951, 0.0 ], [ 112.157768331000057, -8.250431032999927, 0.0 ], [ 112.157292438000013, -8.250250193999932, 0.0 ], [ 112.156397761000107, -8.250545246999934, 0.0 ], [ 112.156121744000075, -8.250659460999941, 0.0 ], [ 112.156017047000091, -8.250916442999937, 0.0 ], [ 112.156036083000117, -8.251297156999954, 0.0 ], [ 112.15605511900003, -8.251601727999969, 0.0 ], [ 112.156036083000117, -8.251782566999964, 0.0 ], [ 112.155988494000098, -8.251925333999964, 0.0 ], [ 112.155874280000035, -8.25205858399994, 0.0 ], [ 112.1553100000001, -8.25228, 0.0 ], [ 112.155260000000112, -8.25235, 0.0 ], [ 112.155170000000112, -8.2525, 0.0 ], [ 112.155119999000021, -8.2527, 0.0 ], [ 112.155019999000046, -8.25282, 0.0 ], [ 112.15475, -8.25301, 0.0 ], [ 112.15431, -8.25318, 0.0 ], [ 112.153109999000094, -8.25355, 0.0 ], [ 112.15293, -8.25383, 0.0 ], [ 112.15287, -8.25394, 0.0 ], [ 112.15275, -8.25402, 0.0 ], [ 112.15212, -8.25438, 0.0 ], [ 112.15189, -8.254479998999955, 0.0 ], [ 112.15183, -8.25459, 0.0 ], [ 112.15174, -8.254969998999968, 0.0 ], [ 112.15174, -8.25514, 0.0 ], [ 112.15171, -8.25582, 0.0 ], [ 112.1516, -8.256059998999945, 0.0 ], [ 112.15144, -8.2562, 0.0 ], [ 112.151199999000028, -8.256429998999977, 0.0 ], [ 112.15115, -8.25659, 0.0 ], [ 112.15106, -8.25697, 0.0 ], [ 112.150620000000117, -8.257579998999972, 0.0 ], [ 112.15056, -8.25777, 0.0 ], [ 112.1505, -8.25796, 0.0 ], [ 112.15043, -8.2583, 0.0 ], [ 112.150350000000117, -8.25876, 0.0 ], [ 112.15019, -8.25899, 0.0 ], [ 112.15, -8.25917, 0.0 ], [ 112.149410000000103, -8.2596, 0.0 ], [ 112.149129999000024, -8.259939998999926, 0.0 ], [ 112.14902, -8.26027, 0.0 ], [ 112.149050000000102, -8.26049, 0.0 ], [ 112.149050000000102, -8.260839998999927, 0.0 ], [ 112.14897, -8.26122, 0.0 ], [ 112.148870000000102, -8.26188, 0.0 ], [ 112.148870000000102, -8.2625, 0.0 ], [ 112.148870000000102, -8.26258, 0.0 ], [ 112.148960000000102, -8.26303, 0.0 ], [ 112.14911, -8.263449998999931, 0.0 ], [ 112.14926, -8.26366, 0.0 ], [ 112.149680000000103, -8.26412, 0.0 ], [ 112.150029999000026, -8.26443, 0.0 ], [ 112.15043, -8.264679998999952, 0.0 ], [ 112.15055, -8.26488, 0.0 ], [ 112.15064, -8.26512, 0.0 ], [ 112.1507, -8.26535, 0.0 ], [ 112.15066, -8.26605, 0.0 ], [ 112.15061, -8.266629998999974, 0.0 ], [ 112.15065, -8.26688, 0.0 ], [ 112.150670000000105, -8.267099998999981, 0.0 ], [ 112.143502211000055, -8.266601798999943, 0.0 ], [ 112.140582211000037, -8.266571798999962, 0.0 ], [ 112.140529999000023, -8.26569, 0.0 ], [ 112.14039, -8.26502, 0.0 ], [ 112.140360000000101, -8.26458, 0.0 ], [ 112.14047, -8.26401, 0.0 ], [ 112.14052, -8.2638, 0.0 ], [ 112.14047, -8.26358, 0.0 ], [ 112.140119999000035, -8.26322, 0.0 ], [ 112.13997, -8.263139998999975, 0.0 ], [ 112.13952, -8.263159998999981, 0.0 ], [ 112.13939, -8.26317, 0.0 ], [ 112.13927, -8.26317, 0.0 ], [ 112.139049999, -8.26295, 0.0 ], [ 112.13898, -8.26282, 0.0 ], [ 112.13892, -8.26263, 0.0 ], [ 112.138780000000111, -8.26253, 0.0 ], [ 112.13863, -8.262419998999974, 0.0 ], [ 112.13848, -8.26237, 0.0 ], [ 112.13836, -8.26237, 0.0 ], [ 112.13816999900007, -8.26256, 0.0 ], [ 112.13803, -8.26272999899993, 0.0 ], [ 112.13768, -8.26321, 0.0 ], [ 112.13754, -8.26335, 0.0 ], [ 112.13736, -8.263449998999931, 0.0 ], [ 112.13719, -8.263449998999931, 0.0 ], [ 112.13681, -8.26332, 0.0 ], [ 112.13654, -8.263159998999981, 0.0 ], [ 112.13568, -8.26259, 0.0 ], [ 112.13557, -8.26254, 0.0 ], [ 112.135220000000118, -8.262339998999948, 0.0 ], [ 112.13496, -8.2622, 0.0 ], [ 112.13395, -8.261619998999947, 0.0 ], [ 112.13366, -8.261209998999959, 0.0 ], [ 112.133529999000075, -8.260779998999965, 0.0 ], [ 112.133529999000075, -8.26053, 0.0 ], [ 112.13361, -8.260019998999951, 0.0 ], [ 112.13364, -8.25982, 0.0 ], [ 112.133589999000037, -8.25958, 0.0 ], [ 112.1335, -8.25943, 0.0 ], [ 112.133150000000114, -8.25929999899995, 0.0 ], [ 112.13307, -8.259259998999937, 0.0 ], [ 112.13292, -8.259199998999975, 0.0 ], [ 112.13267, -8.25911, 0.0 ], [ 112.132399999000086, -8.25896, 0.0 ], [ 112.13217, -8.258869998999955, 0.0 ], [ 112.13214, -8.25872, 0.0 ], [ 112.132299999000111, -8.25863, 0.0 ], [ 112.13251, -8.25855, 0.0 ], [ 112.132700000000114, -8.25837, 0.0 ], [ 112.13295, -8.258069998999929, 0.0 ], [ 112.13307, -8.25806, 0.0 ], [ 112.13313, -8.258049998999979, 0.0 ], [ 112.133600000000115, -8.25817, 0.0 ], [ 112.13379, -8.25821, 0.0 ], [ 112.13393, -8.25824, 0.0 ], [ 112.13407, -8.25826, 0.0 ], [ 112.13421, -8.25818, 0.0 ], [ 112.13438, -8.25802, 0.0 ], [ 112.13457, -8.25784, 0.0 ], [ 112.13467, -8.257679998999947, 0.0 ], [ 112.13469, -8.25742, 0.0 ], [ 112.13465, -8.25715, 0.0 ], [ 112.134369999000114, -8.25642, 0.0 ], [ 112.1343, -8.25623, 0.0 ], [ 112.1343, -8.25603, 0.0 ], [ 112.13458, -8.25535, 0.0 ], [ 112.134719999000026, -8.254949998999962, 0.0 ], [ 112.1349, -8.25425, 0.0 ], [ 112.134860000000117, -8.25402, 0.0 ], [ 112.13452, -8.25357, 0.0 ], [ 112.13436, -8.25328, 0.0 ], [ 112.134280000000103, -8.25306, 0.0 ], [ 112.13416, -8.25283, 0.0 ], [ 112.13406, -8.25274, 0.0 ], [ 112.13393, -8.25264, 0.0 ], [ 112.13377, -8.2524, 0.0 ], [ 112.13362, -8.2523, 0.0 ], [ 112.13313, -8.25227, 0.0 ], [ 112.13305, -8.25227, 0.0 ], [ 112.131969999000034, -8.25219999899997, 0.0 ], [ 112.131710000000112, -8.252179998999964, 0.0 ], [ 112.13157, -8.25213, 0.0 ], [ 112.13146, -8.252, 0.0 ], [ 112.1314, -8.25186, 0.0 ], [ 112.1314, -8.25162, 0.0 ], [ 112.13146, -8.25128, 0.0 ], [ 112.13165, -8.25085, 0.0 ], [ 112.13169, -8.25069, 0.0 ], [ 112.13179, -8.25028, 0.0 ], [ 112.13187, -8.25, 0.0 ], [ 112.131890000000112, -8.249899998999979, 0.0 ], [ 112.132009999000047, -8.24963, 0.0 ], [ 112.13213, -8.249369998999953, 0.0 ], [ 112.13217, -8.24916, 0.0 ], [ 112.13219, -8.24889, 0.0 ], [ 112.13223, -8.248709998999971, 0.0 ], [ 112.13227, -8.248609998999939, 0.0 ], [ 112.13235, -8.24855, 0.0 ], [ 112.13259, -8.24852, 0.0 ], [ 112.13282, -8.24852, 0.0 ], [ 112.132970000000114, -8.24836, 0.0 ], [ 112.13303, -8.24829, 0.0 ], [ 112.133119999000087, -8.24817, 0.0 ], [ 112.13319, -8.24807, 0.0 ], [ 112.13332, -8.247909998999944, 0.0 ], [ 112.133469999000113, -8.24771, 0.0 ], [ 112.13352, -8.24757, 0.0 ], [ 112.13363, -8.24743, 0.0 ], [ 112.13381, -8.2473, 0.0 ], [ 112.134140000000116, -8.24729, 0.0 ], [ 112.134309999000038, -8.24727, 0.0 ], [ 112.13447, -8.24714999899993, 0.0 ], [ 112.13458, -8.24702, 0.0 ], [ 112.13465, -8.24686, 0.0 ], [ 112.134679999000014, -8.246639998999967, 0.0 ], [ 112.13469, -8.24654, 0.0 ], [ 112.134739999000089, -8.24648, 0.0 ], [ 112.13501, -8.24643, 0.0 ], [ 112.13523, -8.24647, 0.0 ], [ 112.13562, -8.246719998999936, 0.0 ], [ 112.13582, -8.24683, 0.0 ], [ 112.13631, -8.24653, 0.0 ], [ 112.13674, -8.24638, 0.0 ], [ 112.13703, -8.246329998999954, 0.0 ], [ 112.13722, -8.24624, 0.0 ], [ 112.13736, -8.24614, 0.0 ], [ 112.137610000000109, -8.246, 0.0 ], [ 112.13794, -8.24585, 0.0 ], [ 112.1381, -8.24574, 0.0 ], [ 112.13833000000011, -8.24539, 0.0 ], [ 112.138599999, -8.24511, 0.0 ], [ 112.13874, -8.24489, 0.0 ], [ 112.13898, -8.24459, 0.0 ], [ 112.13908, -8.244359998999926, 0.0 ], [ 112.13909, -8.24425, 0.0 ], [ 112.13879, -8.24405, 0.0 ], [ 112.13872, -8.24398, 0.0 ], [ 112.13867, -8.24384, 0.0 ], [ 112.13846, -8.24368, 0.0 ], [ 112.13832, -8.24359, 0.0 ], [ 112.13814, -8.24331, 0.0 ], [ 112.13803, -8.24314, 0.0 ], [ 112.13773, -8.24295, 0.0 ], [ 112.13759, -8.24287, 0.0 ], [ 112.137509999000031, -8.242779998999936, 0.0 ], [ 112.13748, -8.242329998999935, 0.0 ], [ 112.137509999000031, -8.24219, 0.0 ], [ 112.13767, -8.241939998999953, 0.0 ], [ 112.137790000000109, -8.24174, 0.0 ], [ 112.137859999000057, -8.24149, 0.0 ], [ 112.137859999000057, -8.241239998999959, 0.0 ], [ 112.137790000000109, -8.240869998999926, 0.0 ], [ 112.137790000000109, -8.24008, 0.0 ], [ 112.137859999000057, -8.23977, 0.0 ], [ 112.13824000000011, -8.23918, 0.0 ], [ 112.13836, -8.23899, 0.0 ], [ 112.1367, -8.23764, 0.0 ], [ 112.1364, -8.23729, 0.0 ], [ 112.13621, -8.23668, 0.0 ], [ 112.13618, -8.23636, 0.0 ], [ 112.136339999000029, -8.23561, 0.0 ], [ 112.13642, -8.2353, 0.0 ], [ 112.13642, -8.23499, 0.0 ], [ 112.13643, -8.23476, 0.0 ], [ 112.13651, -8.234629998999935, 0.0 ], [ 112.13678, -8.23435, 0.0 ], [ 112.13697, -8.23413, 0.0 ], [ 112.13719, -8.233789998999953, 0.0 ], [ 112.13715, -8.23283, 0.0 ], [ 112.137119999000106, -8.232639998999957, 0.0 ], [ 112.13701, -8.23244, 0.0 ], [ 112.13682, -8.2323, 0.0 ], [ 112.136530000000107, -8.23203, 0.0 ], [ 112.13638, -8.231799998999975, 0.0 ], [ 112.136319999000079, -8.23165, 0.0 ], [ 112.136239999000054, -8.23125, 0.0 ], [ 112.13619, -8.23111999899993, 0.0 ], [ 112.13609, -8.230979998999942, 0.0 ], [ 112.13613, -8.23052, 0.0 ], [ 112.135949999000104, -8.22994, 0.0 ], [ 112.135949999000104, -8.22967, 0.0 ], [ 112.13604, -8.229499998999927, 0.0 ], [ 112.136440000000107, -8.22936, 0.0 ], [ 112.13677, -8.22924, 0.0 ], [ 112.13697, -8.229149998999958, 0.0 ], [ 112.13718, -8.229089998999939, 0.0 ], [ 112.13727, -8.22904, 0.0 ], [ 112.137899999000069, -8.22841, 0.0 ], [ 112.13804, -8.22801, 0.0 ], [ 112.1382, -8.22771, 0.0 ], [ 112.138249999000095, -8.22762, 0.0 ], [ 112.13834, -8.227489998999943, 0.0 ], [ 112.13848, -8.2273, 0.0 ], [ 112.13857, -8.227139998999974, 0.0 ], [ 112.138679999000033, -8.22699, 0.0 ], [ 112.13891, -8.22668, 0.0 ], [ 112.13902, -8.22653, 0.0 ], [ 112.13911, -8.22637999899996, 0.0 ], [ 112.13924, -8.22615, 0.0 ], [ 112.1393, -8.22592, 0.0 ], [ 112.13943, -8.22542, 0.0 ], [ 112.13954, -8.22512, 0.0 ], [ 112.139590000000112, -8.22489, 0.0 ], [ 112.13965, -8.22459, 0.0 ], [ 112.1397, -8.224329998999963, 0.0 ], [ 112.13966, -8.224059998999962, 0.0 ], [ 112.13963, -8.22383, 0.0 ], [ 112.13958, -8.22329, 0.0 ], [ 112.13952, -8.22296, 0.0 ], [ 112.13945, -8.22261, 0.0 ], [ 112.13937, -8.22225, 0.0 ], [ 112.1393, -8.22195, 0.0 ], [ 112.13916, -8.22154, 0.0 ], [ 112.13912, -8.22126, 0.0 ], [ 112.13904, -8.220939998999938, 0.0 ], [ 112.13898, -8.22052999899995, 0.0 ], [ 112.138969999000096, -8.220039998999937, 0.0 ], [ 112.138969999000096, -8.21961, 0.0 ], [ 112.13906, -8.21922, 0.0 ], [ 112.13921, -8.21883, 0.0 ], [ 112.139379999000084, -8.218459998999947, 0.0 ], [ 112.13947, -8.218109998999978, 0.0 ], [ 112.13974999900006, -8.21773, 0.0 ], [ 112.13969, -8.216899998999963, 0.0 ], [ 112.13962, -8.21677, 0.0 ], [ 112.139379999000084, -8.21644, 0.0 ], [ 112.13918, -8.21615, 0.0 ], [ 112.13925, -8.21609, 0.0 ], [ 112.139379999000084, -8.21599, 0.0 ], [ 112.13947, -8.21580999899993, 0.0 ], [ 112.13963, -8.21522, 0.0 ], [ 112.13971, -8.21473, 0.0 ], [ 112.1399100000001, -8.21459, 0.0 ], [ 112.14005, -8.21443, 0.0 ], [ 112.14011, -8.214249998999946, 0.0 ], [ 112.14008, -8.21397, 0.0 ], [ 112.14002, -8.213839998999958, 0.0 ], [ 112.1399, -8.213819998999952, 0.0 ], [ 112.1396, -8.21377, 0.0 ], [ 112.13952, -8.2137, 0.0 ], [ 112.139410000000112, -8.21352, 0.0 ], [ 112.139500000000112, -8.21348, 0.0 ], [ 112.1396, -8.213509998999939, 0.0 ], [ 112.13984, -8.21357, 0.0 ], [ 112.13993, -8.2135, 0.0 ], [ 112.139950000000113, -8.21342, 0.0 ], [ 112.13987, -8.213389998999958, 0.0 ], [ 112.13969, -8.213369998999951, 0.0 ], [ 112.139680000000112, -8.21328, 0.0 ], [ 112.13976, -8.21317, 0.0 ], [ 112.139849999000035, -8.213019998999926, 0.0 ], [ 112.13987, -8.21295, 0.0 ], [ 112.13993, -8.21278, 0.0 ], [ 112.139809999000022, -8.21253, 0.0 ], [ 112.1398200000001, -8.21239, 0.0 ], [ 112.139809999000022, -8.21221, 0.0 ], [ 112.13972999900011, -8.21206, 0.0 ], [ 112.1398, -8.21204, 0.0 ], [ 112.139978818000031, -8.212031276999937, 0.0 ], [ 112.14021, -8.21202, 0.0 ], [ 112.14147, -8.2117, 0.0 ], [ 112.14196, -8.21153, 0.0 ], [ 112.14224, -8.2114, 0.0 ], [ 112.14275, -8.21129, 0.0 ], [ 112.142989999000065, -8.2112, 0.0 ], [ 112.14374, -8.21086, 0.0 ], [ 112.14421, -8.21061999899996, 0.0 ], [ 112.14473, -8.210309998999946, 0.0 ], [ 112.14478, -8.21053, 0.0 ], [ 112.14493999900003, -8.2111, 0.0 ], [ 112.14509, -8.21138, 0.0 ], [ 112.14524, -8.21172, 0.0 ], [ 112.14537, -8.21196, 0.0 ], [ 112.145760000000109, -8.21233, 0.0 ], [ 112.14623, -8.2129, 0.0 ], [ 112.14630000000011, -8.21299, 0.0 ], [ 112.14656, -8.21377, 0.0 ], [ 112.146829999000033, -8.21414, 0.0 ], [ 112.147199999, -8.214949998999941, 0.0 ], [ 112.14721, -8.2157, 0.0 ], [ 112.14714, -8.21613999899995, 0.0 ], [ 112.14708, -8.21639, 0.0 ], [ 112.14708, -8.21667, 0.0 ], [ 112.14588, -8.21771, 0.0 ], [ 112.14588, -8.21796, 0.0 ], [ 112.14588, -8.21814, 0.0 ], [ 112.14577, -8.21845, 0.0 ], [ 112.145760000000109, -8.21869, 0.0 ], [ 112.14591, -8.2188, 0.0 ], [ 112.14626, -8.218989998999973, 0.0 ], [ 112.14643, -8.21914, 0.0 ], [ 112.14647, -8.21922, 0.0 ], [ 112.146499999000071, -8.21931, 0.0 ], [ 112.14688, -8.21958, 0.0 ], [ 112.14716, -8.21993, 0.0 ], [ 112.147380000000112, -8.220409998999969, 0.0 ], [ 112.147470000000112, -8.22056, 0.0 ], [ 112.147569999000098, -8.22068, 0.0 ], [ 112.14762999900006, -8.221269998999958, 0.0 ], [ 112.14762, -8.22139, 0.0 ], [ 112.14744, -8.221579998999971, 0.0 ], [ 112.14753, -8.221619998999927, 0.0 ], [ 112.1477900000001, -8.22194, 0.0 ], [ 112.14825, -8.22224, 0.0 ], [ 112.14838, -8.22235, 0.0 ], [ 112.1485, -8.22258, 0.0 ], [ 112.148640000000114, -8.22284, 0.0 ], [ 112.14906, -8.22325, 0.0 ], [ 112.14942, -8.223589998999955, 0.0 ], [ 112.14955, -8.22372, 0.0 ], [ 112.14979, -8.22384, 0.0 ], [ 112.15009, -8.22407, 0.0 ], [ 112.1505, -8.22454, 0.0 ], [ 112.150800000000118, -8.22469, 0.0 ], [ 112.1521, -8.22547, 0.0 ], [ 112.152249999000105, -8.225989998999978, 0.0 ], [ 112.152309999000067, -8.226029998999934, 0.0 ], [ 112.15243, -8.22607, 0.0 ], [ 112.15287, -8.22615, 0.0 ], [ 112.15308, -8.22624, 0.0 ], [ 112.15329, -8.226399998999966, 0.0 ], [ 112.15345, -8.22659, 0.0 ], [ 112.153499999000019, -8.226769998999941, 0.0 ], [ 112.15351, -8.22697, 0.0 ], [ 112.153539999000031, -8.22717, 0.0 ], [ 112.15373000000011, -8.22806, 0.0 ], [ 112.15378, -8.22947, 0.0 ], [ 112.153849999000045, -8.22966, 0.0 ], [ 112.15412, -8.23007, 0.0 ], [ 112.15423, -8.23007, 0.0 ], [ 112.15453, -8.22999, 0.0 ], [ 112.15477, -8.229889998999965, 0.0 ], [ 112.15491, -8.22988, 0.0 ], [ 112.15498, -8.22992, 0.0 ], [ 112.15519, -8.23014, 0.0 ], [ 112.1556700000001, -8.23041, 0.0 ], [ 112.15579, -8.23057, 0.0 ], [ 112.155819999000073, -8.230729998999948, 0.0 ], [ 112.15583, -8.23092, 0.0 ], [ 112.155839999000023, -8.23125, 0.0 ], [ 112.155899999000098, -8.23142, 0.0 ], [ 112.15599, -8.231469998999955, 0.0 ], [ 112.15622, -8.23148, 0.0 ], [ 112.156579999000087, -8.23148, 0.0 ], [ 112.15673, -8.23156, 0.0 ], [ 112.15687, -8.2317, 0.0 ], [ 112.15704, -8.23194, 0.0 ], [ 112.15717, -8.23226, 0.0 ], [ 112.157200000000103, -8.23246, 0.0 ], [ 112.15719, -8.2329, 0.0 ], [ 112.157110000000102, -8.23321, 0.0 ], [ 112.157067310000116, -8.23337322499998, 0.0 ], [ 112.157132776000026, -8.233946701999969, 0.0 ], [ 112.157185125000069, -8.234127540999964, 0.0 ], [ 112.157251750000114, -8.234256031999962, 0.0 ], [ 112.157351687000073, -8.234365486999934, 0.0 ], [ 112.157461142000102, -8.234432111999979, 0.0 ], [ 112.157561079000061, -8.23450825499998, 0.0 ], [ 112.157675294000114, -8.234627227999965, 0.0 ], [ 112.157689570000116, -8.234727164999981, 0.0 ], [ 112.157699088000072, -8.234898485999963, 0.0 ], [ 112.157708606000028, -8.235084083999936, 0.0 ], [ 112.157746677000091, -8.235255404999975, 0.0 ], [ 112.157770472000038, -8.235360101999959, 0.0 ], [ 112.157822820000092, -8.235621841999944, 0.0 ], [ 112.157856133000109, -8.235750332999942, 0.0 ], [ 112.157879927000067, -8.235916895999935, 0.0 ], [ 112.157889445000023, -8.236059662999935, 0.0 ], [ 112.157927516000086, -8.236192912999968, 0.0 ], [ 112.15797034700006, -8.236311885999953, 0.0 ], [ 112.158036972000104, -8.236468930999933, 0.0 ], [ 112.158098838000114, -8.236592662999954, 0.0 ], [ 112.158189257000117, -8.23672591199994, 0.0 ], [ 112.158498587000054, -8.237101866999978, 0.0 ], [ 112.158665149000058, -8.237325536999947, 0.0 ], [ 112.158865024000079, -8.237644383999964, 0.0 ], [ 112.158988756000099, -8.237806187999979, 0.0 ], [ 112.15912676500011, -8.23799654499993, 0.0 ], [ 112.159212425000078, -8.238182141999971, 0.0 ], [ 112.159321881000096, -8.238372498999979, 0.0 ], [ 112.159407541000064, -8.238567614999965, 0.0 ], [ 112.159569345000023, -8.238834114999975, 0.0 ], [ 112.159688318, -8.239057783999954, 0.0 ], [ 112.159826326000029, -8.239348077999978, 0.0 ], [ 112.159883433, -8.239524158999927, 0.0 ], [ 112.159897710000109, -8.239685961999953, 0.0 ], [ 112.159888192000039, -8.239847764999979, 0.0 ], [ 112.159864398000082, -8.239957219999951, 0.0 ], [ 112.159945299000015, -8.240257031999931, 0.0 ], [ 112.159954817000084, -8.240352210999959, 0.0 ], [ 112.159915462000072, -8.240462435999973, 0.0 ], [ 112.159914366000066, -8.240747200999976, 0.0 ], [ 112.159985750000033, -8.241032736999955, 0.0 ], [ 112.16008092900006, -8.241264733999969, 0.0 ], [ 112.160170158000028, -8.24142534799995, 0.0 ], [ 112.160330772000066, -8.241580012999975, 0.0 ], [ 112.160628455000051, -8.241765920999967, 0.0 ], [ 112.160982348000061, -8.241851667999981, 0.0 ], [ 112.161101321000046, -8.241946845999962, 0.0 ], [ 112.161158428000022, -8.242051542999945, 0.0 ], [ 112.161210776000075, -8.242189550999967, 0.0 ], [ 112.161277401, -8.242322800999943, 0.0 ], [ 112.161310713000034, -8.242417979999971, 0.0 ], [ 112.161334508000095, -8.242575023999962, 0.0 ], [ 112.161305955000103, -8.242636889999972, 0.0 ], [ 112.161163187000056, -8.242812969999932, 0.0 ], [ 112.1611536690001, -8.242908148999959, 0.0 ], [ 112.161167946000091, -8.242974773999947, 0.0 ], [ 112.161405892000062, -8.243027121999944, 0.0 ], [ 112.161534383000117, -8.243088987999954, 0.0 ], [ 112.161629561000041, -8.243169888999944, 0.0 ], [ 112.16173901600007, -8.243331692999959, 0.0 ], [ 112.161905579000063, -8.243469700999981, 0.0 ], [ 112.162029311000083, -8.243583915999977, 0.0 ], [ 112.16210069400006, -8.243712405999929, 0.0 ], [ 112.162214909000113, -8.243859932999953, 0.0 ], [ 112.162362435000091, -8.244026494999957, 0.0 ], [ 112.162443337000013, -8.244183539999938, 0.0 ], [ 112.16247189, -8.244259681999949, 0.0 ], [ 112.162495685000067, -8.244397690999961, 0.0 ], [ 112.162462373000039, -8.244578529999956, 0.0 ], [ 112.162381548000099, -8.244766043999959, 0.0 ], [ 112.162333882000098, -8.24486882399998, 0.0 ], [ 112.1623481580001, -8.244978279999941, 0.0 ], [ 112.162386230000038, -8.245011591999969, 0.0 ], [ 112.162438578000092, -8.245040145999951, 0.0 ], [ 112.162495685000067, -8.245054421999953, 0.0 ], [ 112.162538515000051, -8.245049663999964, 0.0 ], [ 112.162819292000108, -8.244949725999959, 0.0 ], [ 112.162995372000069, -8.244921172999966, 0.0 ], [ 112.163128622000045, -8.244935448999968, 0.0 ], [ 112.163285666000093, -8.245030627999938, 0.0 ], [ 112.163418916000069, -8.245159118999936, 0.0 ], [ 112.163471264, -8.245282850999956, 0.0 ], [ 112.163542648000089, -8.245368510999981, 0.0 ], [ 112.163614032000055, -8.245411341999954, 0.0 ], [ 112.1636806570001, -8.245425617999956, 0.0 ], [ 112.16380145800008, -8.245343314999957, 0.0 ], [ 112.16387, -8.245199998999965, 0.0 ], [ 112.164056611000092, -8.245059180999931, 0.0 ], [ 112.164270763000104, -8.245040145999951, 0.0 ], [ 112.164546780000023, -8.245111529999974, 0.0 ], [ 112.164841834000072, -8.245273332999943, 0.0 ], [ 112.165117851000105, -8.24544941299996, 0.0 ], [ 112.165365315000031, -8.245587421999971, 0.0 ], [ 112.165541395000105, -8.245663563999926, 0.0 ], [ 112.165888796000104, -8.245801572999937, 0.0 ], [ 112.166093430000046, -8.245858679999969, 0.0 ], [ 112.166640706000067, -8.246006206999937, 0.0 ], [ 112.166883411000072, -8.246091866999961, 0.0 ], [ 112.167149911000024, -8.24620132299998, 0.0 ], [ 112.167364062000047, -8.246291741999926, 0.0 ], [ 112.167540142, -8.246386920999953, 0.0 ], [ 112.167773330000045, -8.246558241999935, 0.0 ], [ 112.167901820000111, -8.24664390199996, 0.0 ], [ 112.16823191900005, -8.247041918999969, 0.0 ], [ 112.16846, -8.24727, 0.0 ], [ 112.168789999000069, -8.2477, 0.0 ], [ 112.1689, -8.24792999899995, 0.0 ], [ 112.16899, -8.248299998999926, 0.0 ], [ 112.16892, -8.24845, 0.0 ], [ 112.1688, -8.24876, 0.0 ], [ 112.16882, -8.24887, 0.0 ], [ 112.16894, -8.24896, 0.0 ], [ 112.16932, -8.24928, 0.0 ], [ 112.169489999, -8.24952, 0.0 ], [ 112.16940000000011, -8.249779998999941, 0.0 ], [ 112.16936, -8.24991, 0.0 ], [ 112.16937, -8.25, 0.0 ] ] ] ] } },
{ "type": "Feature", "properties": { "OBJECTID": 116176.0, "KDPPUM": "35", "NAMOBJ": "Gununggede", "REMARK": null, "KDPBPS": null, "FCODE": "BA03070040", "LUASWH": 18.4860224, "UUPP": "Hasil Delineasi Batas Desa 2019", "SRS_ID": "SRGI 2013", "METADATA": "TASWIL1000020200326DATA_BATAS_DESA_KELURAHAN", "KDEBPS": null, "KDEPUM": "35.05.08.2005", "KDCBPS": null, "KDCPUM": "35.05.08", "KDBBPS": null, "WADMKD": "Gununggede", "WIADKD": null, "WADMKC": "Wonotirto", "WIADKC": null, "WADMKK": "Blitar", "WIADKK": null, "WADMPR": "Jawa Timur", "WIADPR": null, "TIPADM": 1.0, "KDPKAB": "35.05", "SHAPE_Leng": 0.21405898803802401, "SHAPE_Area": 0.0015177744170269999 }, "geometry": { "type": "MultiPolygon", "coordinates": [ [ [ [ 112.185163610000018, -8.25054922299995, 0.0 ], [ 112.185334932000046, -8.250558739999974, 0.0 ], [ 112.18544914600011, -8.250539704999937, 0.0 ], [ 112.185582396000086, -8.250501632999942, 0.0 ], [ 112.18573944000002, -8.250492114999929, 0.0 ], [ 112.185886967000101, -8.250520668999968, 0.0 ], [ 112.185958350000078, -8.25061108899996, 0.0 ], [ 112.185967868000034, -8.250744337999947, 0.0 ], [ 112.185967868000034, -8.250872828999945, 0.0 ], [ 112.186020763000101, -8.250989690999972, 0.0 ], [ 112.18611063600008, -8.251120292999929, 0.0 ], [ 112.186262921000093, -8.251210712999978, 0.0 ], [ 112.186419966000017, -8.251272578999931, 0.0 ], [ 112.186567492000108, -8.25130113199998, 0.0 ], [ 112.186729296000067, -8.251367756999969, 0.0 ], [ 112.18681971500007, -8.251462935999939, 0.0 ], [ 112.186919653000018, -8.251719916999946, 0.0 ], [ 112.18699579500003, -8.251748470999928, 0.0 ], [ 112.187193824000019, -8.251720933999934, 0.0 ], [ 112.18745, -8.251829998999938, 0.0 ], [ 112.187410000000114, -8.25191, 0.0 ], [ 112.187320000000113, -8.25248, 0.0 ], [ 112.18738, -8.25266, 0.0 ], [ 112.18748, -8.25276, 0.0 ], [ 112.18766, -8.25281, 0.0 ], [ 112.187950000000114, -8.25284, 0.0 ], [ 112.18819, -8.25281, 0.0 ], [ 112.18828, -8.25286, 0.0 ], [ 112.18846, -8.25305, 0.0 ], [ 112.188580000000115, -8.2531, 0.0 ], [ 112.18893, -8.25317, 0.0 ], [ 112.18922, -8.25326, 0.0 ], [ 112.1897, -8.25352, 0.0 ], [ 112.189929999000015, -8.25371, 0.0 ], [ 112.19001, -8.25385, 0.0 ], [ 112.19019, -8.25438, 0.0 ], [ 112.190319999000053, -8.25461, 0.0 ], [ 112.190689999000028, -8.25516, 0.0 ], [ 112.19087, -8.255339998999943, 0.0 ], [ 112.19096, -8.25535999899995, 0.0 ], [ 112.191039999000054, -8.25527, 0.0 ], [ 112.19122, -8.25498, 0.0 ], [ 112.19137, -8.25481, 0.0 ], [ 112.191509999, -8.25477, 0.0 ], [ 112.19173, -8.25483, 0.0 ], [ 112.19181, -8.254949998999962, 0.0 ], [ 112.19181, -8.25512, 0.0 ], [ 112.19172, -8.25531, 0.0 ], [ 112.191330000000107, -8.256019998999932, 0.0 ], [ 112.1913, -8.25632, 0.0 ], [ 112.19136, -8.25652, 0.0 ], [ 112.191489999000055, -8.25667, 0.0 ], [ 112.19164, -8.25675, 0.0 ], [ 112.19189, -8.25678, 0.0 ], [ 112.19285, -8.25693, 0.0 ], [ 112.194210000000112, -8.25767, 0.0 ], [ 112.19436, -8.25784, 0.0 ], [ 112.19452, -8.258029998999973, 0.0 ], [ 112.194649999000035, -8.25829, 0.0 ], [ 112.19487, -8.25874, 0.0 ], [ 112.194899999000086, -8.25944, 0.0 ], [ 112.19478, -8.25999, 0.0 ], [ 112.19473, -8.26027, 0.0 ], [ 112.19469, -8.26052, 0.0 ], [ 112.194609999000022, -8.26096, 0.0 ], [ 112.19431, -8.26237, 0.0 ], [ 112.19429, -8.26247, 0.0 ], [ 112.194199999000034, -8.26258, 0.0 ], [ 112.194, -8.26283, 0.0 ], [ 112.19384, -8.26303, 0.0 ], [ 112.19366, -8.26325, 0.0 ], [ 112.193809999000109, -8.26335, 0.0 ], [ 112.19415, -8.26361, 0.0 ], [ 112.19417, -8.26375, 0.0 ], [ 112.194219999000097, -8.26448, 0.0 ], [ 112.19423, -8.264739998999971, 0.0 ], [ 112.194159999000021, -8.26506, 0.0 ], [ 112.19404, -8.26536, 0.0 ], [ 112.19382, -8.265889998999967, 0.0 ], [ 112.19382, -8.26621, 0.0 ], [ 112.193809999000109, -8.26646, 0.0 ], [ 112.193789999000046, -8.26693, 0.0 ], [ 112.19372, -8.26713, 0.0 ], [ 112.19364, -8.26717, 0.0 ], [ 112.19331000000011, -8.26718, 0.0 ], [ 112.19313000000011, -8.267099998999981, 0.0 ], [ 112.19286000000011, -8.26692, 0.0 ], [ 112.192579999000031, -8.26666, 0.0 ], [ 112.19236, -8.26637, 0.0 ], [ 112.192189999000107, -8.266219998999929, 0.0 ], [ 112.19207, -8.26619, 0.0 ], [ 112.191870000000108, -8.266219998999929, 0.0 ], [ 112.19168, -8.26631, 0.0 ], [ 112.19152, -8.2665, 0.0 ], [ 112.19146, -8.26664, 0.0 ], [ 112.191429999000093, -8.26691, 0.0 ], [ 112.19146, -8.26719, 0.0 ], [ 112.19161, -8.267899998999951, 0.0 ], [ 112.19154, -8.26845, 0.0 ], [ 112.19136, -8.268969998999978, 0.0 ], [ 112.19109, -8.26937, 0.0 ], [ 112.190709999000092, -8.26966, 0.0 ], [ 112.18999, -8.27008, 0.0 ], [ 112.189390000000117, -8.27046, 0.0 ], [ 112.18928, -8.27066, 0.0 ], [ 112.18924, -8.271019998999975, 0.0 ], [ 112.18928, -8.271289998999976, 0.0 ], [ 112.18955, -8.27165, 0.0 ], [ 112.1899, -8.27214, 0.0 ], [ 112.19005, -8.27244, 0.0 ], [ 112.19012, -8.27308, 0.0 ], [ 112.19003, -8.27342, 0.0 ], [ 112.189849999000103, -8.27364, 0.0 ], [ 112.1896, -8.27376, 0.0 ], [ 112.189089999000089, -8.2738, 0.0 ], [ 112.188400000000115, -8.273709998999948, 0.0 ], [ 112.18745, -8.27348, 0.0 ], [ 112.186749999000085, -8.27319, 0.0 ], [ 112.186510000000112, -8.2732, 0.0 ], [ 112.18631, -8.27329, 0.0 ], [ 112.186150000000112, -8.273649998999929, 0.0 ], [ 112.18611, -8.27405, 0.0 ], [ 112.18613, -8.27444, 0.0 ], [ 112.18628, -8.27504, 0.0 ], [ 112.18626, -8.27553, 0.0 ], [ 112.18621, -8.27589, 0.0 ], [ 112.186060000000111, -8.27623, 0.0 ], [ 112.185880000000111, -8.27661, 0.0 ], [ 112.18581, -8.2769, 0.0 ], [ 112.18581, -8.27715, 0.0 ], [ 112.18592, -8.27746, 0.0 ], [ 112.18621, -8.2778, 0.0 ], [ 112.18658, -8.278059998999936, 0.0 ], [ 112.18711999900006, -8.27829, 0.0 ], [ 112.18721, -8.27842, 0.0 ], [ 112.187179999000023, -8.278739998999981, 0.0 ], [ 112.18702, -8.27899, 0.0 ], [ 112.186689999, -8.27928, 0.0 ], [ 112.185969999, -8.27988, 0.0 ], [ 112.18584, -8.2801, 0.0 ], [ 112.18582, -8.28024, 0.0 ], [ 112.185909999000046, -8.28046, 0.0 ], [ 112.18611, -8.280749998999966, 0.0 ], [ 112.18641, -8.28113, 0.0 ], [ 112.18648, -8.28136, 0.0 ], [ 112.18646, -8.28183, 0.0 ], [ 112.18617, -8.28238, 0.0 ], [ 112.18547, -8.28314, 0.0 ], [ 112.18532, -8.28335, 0.0 ], [ 112.18532, -8.283519998999964, 0.0 ], [ 112.18542, -8.28377, 0.0 ], [ 112.18571, -8.28402, 0.0 ], [ 112.18607, -8.28411, 0.0 ], [ 112.186399999000059, -8.284219998999959, 0.0 ], [ 112.18662, -8.28431, 0.0 ], [ 112.1867400000001, -8.28442, 0.0 ], [ 112.1868, -8.2846, 0.0 ], [ 112.186709999000072, -8.28489, 0.0 ], [ 112.18644, -8.28511999899996, 0.0 ], [ 112.18609, -8.285449998999979, 0.0 ], [ 112.186060000000111, -8.28561, 0.0 ], [ 112.1862, -8.28613, 0.0 ], [ 112.186399999000059, -8.2864, 0.0 ], [ 112.18717, -8.28687, 0.0 ], [ 112.18742, -8.287069998999925, 0.0 ], [ 112.187500000000114, -8.28752, 0.0 ], [ 112.18744, -8.28844, 0.0 ], [ 112.1873, -8.28927, 0.0 ], [ 112.187278299000013, -8.289332692999949, 0.0 ], [ 112.186948960000109, -8.289599220999946, 0.0 ], [ 112.186813330000064, -8.289670604999969, 0.0 ], [ 112.186599179000041, -8.289749126999936, 0.0 ], [ 112.186385027000028, -8.289784818999976, 0.0 ], [ 112.18596, -8.28962, 0.0 ], [ 112.18569, -8.28948, 0.0 ], [ 112.18547, -8.28948, 0.0 ], [ 112.185249999, -8.28953, 0.0 ], [ 112.18494, -8.28973, 0.0 ], [ 112.18451, -8.2901, 0.0 ], [ 112.183673447000047, -8.289666362999981, 0.0 ], [ 112.183088100000077, -8.289409381999974, 0.0 ], [ 112.182674074000033, -8.28918095299997, 0.0 ], [ 112.182317154000089, -8.289152399999978, 0.0 ], [ 112.18174608400011, -8.289109569999937, 0.0 ], [ 112.18118929000002, -8.288966801999948, 0.0 ], [ 112.180946585000015, -8.288652712999976, 0.0 ], [ 112.180575389000069, -8.28821013299995, 0.0 ], [ 112.179961488000117, -8.287810383999954, 0.0 ], [ 112.179576015000066, -8.287739, 0.0 ], [ 112.178976391000106, -8.287739, 0.0 ], [ 112.178219723000097, -8.28772472299994, 0.0 ], [ 112.177448777000109, -8.287781829999972, 0.0 ], [ 112.177248902000088, -8.288010258999975, 0.0 ], [ 112.177220349000095, -8.288324346999957, 0.0 ], [ 112.176549341000054, -8.28855277599996, 0.0 ], [ 112.176078208000035, -8.28869554299996, 0.0 ], [ 112.175607074000027, -8.28869554299996, 0.0 ], [ 112.175278709000054, -8.288609882999936, 0.0 ], [ 112.175064557000042, -8.288495668999929, 0.0 ], [ 112.174850406000019, -8.288467114999946, 0.0 ], [ 112.174707638000086, -8.288481391999937, 0.0 ], [ 112.174550594000038, -8.288567051999962, 0.0 ], [ 112.174350719000017, -8.288709819999951, 0.0 ], [ 112.173950969000089, -8.288724096999943, 0.0 ], [ 112.173508390000052, -8.288666989999967, 0.0 ], [ 112.173094364, -8.28850994499993, 0.0 ], [ 112.172765998000045, -8.288410007999971, 0.0 ], [ 112.172394802000099, -8.288267239999925, 0.0 ], [ 112.172080713000014, -8.288038811999968, 0.0 ], [ 112.171566750000011, -8.287639062999972, 0.0 ], [ 112.171109893000107, -8.287339250999935, 0.0 ], [ 112.170752974000038, -8.287267866999969, 0.0 ], [ 112.170467439000049, -8.287324973999944, 0.0 ], [ 112.170253287000037, -8.287553401999958, 0.0 ], [ 112.170067689, -8.287867490999929, 0.0 ], [ 112.169867814000099, -8.288167302999966, 0.0 ], [ 112.169496618000039, -8.288467114999946, 0.0 ], [ 112.168797057, -8.288866864999932, 0.0 ], [ 112.168440138000051, -8.289123845999939, 0.0 ], [ 112.16812604900008, -8.289238059999946, 0.0 ], [ 112.167155229000059, -8.289109569999937, 0.0 ], [ 112.166598435000083, -8.288952524999956, 0.0 ], [ 112.166170132000047, -8.288923971999964, 0.0 ], [ 112.165756106000117, -8.28899535499994, 0.0 ], [ 112.165399187000048, -8.289095292999946, 0.0 ], [ 112.164642518000051, -8.289066738999963, 0.0 ], [ 112.164100001000065, -8.288895417999981, 0.0 ], [ 112.163514653000107, -8.288824033999958, 0.0 ], [ 112.162558110000077, -8.28869554299996, 0.0 ], [ 112.16188356300006, -8.288637835999964, 0.0 ], [ 112.161386794, -8.288512798999932, 0.0 ], [ 112.160802068000066, -8.288923971999964, 0.0 ], [ 112.159974016000092, -8.289081015999955, 0.0 ], [ 112.159317284000053, -8.288909694999973, 0.0 ], [ 112.158903258, -8.288809756999967, 0.0 ], [ 112.15861772300002, -8.288938247999965, 0.0 ], [ 112.158403571, -8.289337997999951, 0.0 ], [ 112.158118036000019, -8.289680639999972, 0.0 ], [ 112.157918161000111, -8.289737746999947, 0.0 ], [ 112.157589796000025, -8.289723469999956, 0.0 ], [ 112.157318537000037, -8.289637809999931, 0.0 ], [ 112.156918788000098, -8.289580702999956, 0.0 ], [ 112.156533315000047, -8.289637809999931, 0.0 ], [ 112.15626205600006, -8.289880514999936, 0.0 ], [ 112.156119289000117, -8.290208880999955, 0.0 ], [ 112.156105012000012, -8.290694290999966, 0.0 ], [ 112.15607645800003, -8.291136869999946, 0.0 ], [ 112.155962244000079, -8.291450958999974, 0.0 ], [ 112.155748093000057, -8.291579449999972, 0.0 ], [ 112.155405450000103, -8.291702705999967, 0.0 ], [ 112.154834380000011, -8.291664634999961, 0.0 ], [ 112.154187166000042, -8.291569455999934, 0.0 ], [ 112.153463810000062, -8.291569455999934, 0.0 ], [ 112.153025989000071, -8.291645598999935, 0.0 ], [ 112.152550097000017, -8.291816919999974, 0.0 ], [ 112.151998062000075, -8.291874026999949, 0.0 ], [ 112.15144602700002, -8.291778848999968, 0.0 ], [ 112.151008206000029, -8.291607527999929, 0.0 ], [ 112.150456171000087, -8.291455241999927, 0.0 ], [ 112.149732815000107, -8.291436206999947, 0.0 ], [ 112.149180780000052, -8.291607527999929, 0.0 ], [ 112.148552603000098, -8.291683669999941, 0.0 ], [ 112.147715032000065, -8.291683669999941, 0.0 ], [ 112.14701071200011, -8.291645598999935, 0.0 ], [ 112.146458677000055, -8.291607527999929, 0.0 ], [ 112.146096999000065, -8.291550420999954, 0.0 ], [ 112.145849535000025, -8.291531384999928, 0.0 ], [ 112.145512070000109, -8.291333066999925, 0.0 ], [ 112.145050036000043, -8.291131634999942, 0.0 ], [ 112.144802572000117, -8.291093563999937, 0.0 ], [ 112.144345716000089, -8.291074527999967, 0.0 ], [ 112.143945966000047, -8.291055492999931, 0.0 ], [ 112.143508145000055, -8.291055492999931, 0.0 ], [ 112.142822006000074, -8.291172854999957, 0.0 ], [ 112.142479999000102, -8.29108, 0.0 ], [ 112.14257, -8.29061, 0.0 ], [ 112.142610000000104, -8.29045, 0.0 ], [ 112.142700000000104, -8.29035, 0.0 ], [ 112.14281, -8.29033, 0.0 ], [ 112.1429, -8.29036, 0.0 ], [ 112.142989999000065, -8.29061, 0.0 ], [ 112.14335999900004, -8.29073, 0.0 ], [ 112.143420000000106, -8.29075, 0.0 ], [ 112.14363, -8.29074, 0.0 ], [ 112.143870000000106, -8.29065, 0.0 ], [ 112.144429999000067, -8.290089998999974, 0.0 ], [ 112.144489999000029, -8.28993, 0.0 ], [ 112.144489999000029, -8.28973, 0.0 ], [ 112.14446999900008, -8.28946, 0.0 ], [ 112.144489999000029, -8.28919, 0.0 ], [ 112.14428, -8.28871, 0.0 ], [ 112.14417, -8.28852, 0.0 ], [ 112.144159999000067, -8.28833, 0.0 ], [ 112.14448, -8.28764, 0.0 ], [ 112.14452, -8.28752, 0.0 ], [ 112.144449999000017, -8.28735, 0.0 ], [ 112.144320000000107, -8.28711, 0.0 ], [ 112.14433, -8.28684, 0.0 ], [ 112.14433, -8.28672, 0.0 ], [ 112.14419, -8.28649, 0.0 ], [ 112.1443, -8.28624, 0.0 ], [ 112.14444, -8.28614, 0.0 ], [ 112.14463, -8.286, 0.0 ], [ 112.14473, -8.28591, 0.0 ], [ 112.14481, -8.28574, 0.0 ], [ 112.14485, -8.28562, 0.0 ], [ 112.14502, -8.28542, 0.0 ], [ 112.14514, -8.28524, 0.0 ], [ 112.145220000000108, -8.28513, 0.0 ], [ 112.14543, -8.285039998999935, 0.0 ], [ 112.14563, -8.28496, 0.0 ], [ 112.14584, -8.28479, 0.0 ], [ 112.146366904000047, -8.284754831999976, 0.0 ], [ 112.146628645000078, -8.284790523999959, 0.0 ], [ 112.146878488000084, -8.284873804999961, 0.0 ], [ 112.147140229000115, -8.285099853999952, 0.0 ], [ 112.147235407000039, -8.285218826999937, 0.0 ], [ 112.147342483000102, -8.285397285999977, 0.0 ], [ 112.147485251000035, -8.285635231999947, 0.0 ], [ 112.14760422400002, -8.285837486999981, 0.0 ], [ 112.147842170000104, -8.286004048999928, 0.0 ], [ 112.14815150000004, -8.286051637999947, 0.0 ], [ 112.148472727000012, -8.286158713999953, 0.0 ], [ 112.148793954000098, -8.286301480999953, 0.0 ], [ 112.149067592000051, -8.286313378999978, 0.0 ], [ 112.149329333000082, -8.285920767999926, 0.0 ], [ 112.149626766000097, -8.285266415999956, 0.0 ], [ 112.150019377000035, -8.284064787999966, 0.0 ], [ 112.150233528000058, -8.283612689999927, 0.0 ], [ 112.150371997000093, -8.283049423999955, 0.0 ], [ 112.150348202000032, -8.282912604999979, 0.0 ], [ 112.150282767000022, -8.282710350999935, 0.0 ], [ 112.150013569000066, -8.282561445999931, 0.0 ], [ 112.149848515000031, -8.282508096999948, 0.0 ], [ 112.149723594000079, -8.282478353999977, 0.0 ], [ 112.149562980000042, -8.282389123999963, 0.0 ], [ 112.149444007000056, -8.282305842999961, 0.0 ], [ 112.149378572000046, -8.282216612999946, 0.0 ], [ 112.149313137000036, -8.282121434999965, 0.0 ], [ 112.149265548000017, -8.282050050999942, 0.0 ], [ 112.149140626000076, -8.281859693999934, 0.0 ], [ 112.149104934000093, -8.281788309999968, 0.0 ], [ 112.149003807000099, -8.281716925999945, 0.0 ], [ 112.148980012000038, -8.281669336999926, 0.0 ], [ 112.149021653000091, -8.281651490999934, 0.0 ], [ 112.149088674000041, -8.281675285999938, 0.0 ], [ 112.149202888000104, -8.281675285999938, 0.0 ], [ 112.149393245000056, -8.281703838999931, 0.0 ], [ 112.149536013000102, -8.281703838999931, 0.0 ], [ 112.149783477000028, -8.281694320999975, 0.0 ], [ 112.150002387000086, -8.281646731999956, 0.0 ], [ 112.150128906000077, -8.281638751999935, 0.0 ], [ 112.15019, -8.28115, 0.0 ], [ 112.149559999000076, -8.28097, 0.0 ], [ 112.14933, -8.28089, 0.0 ], [ 112.14906, -8.280319998999971, 0.0 ], [ 112.14892, -8.27992, 0.0 ], [ 112.14885, -8.279619998999976, 0.0 ], [ 112.148779999000112, -8.27935, 0.0 ], [ 112.14867, -8.27901, 0.0 ], [ 112.14866, -8.278779998999937, 0.0 ], [ 112.148799999000062, -8.278469998999981, 0.0 ], [ 112.14877, -8.278059998999936, 0.0 ], [ 112.14879, -8.27787, 0.0 ], [ 112.14895, -8.27762, 0.0 ], [ 112.14908, -8.27748, 0.0 ], [ 112.14922, -8.27743, 0.0 ], [ 112.14934, -8.27743, 0.0 ], [ 112.149559999000076, -8.27754, 0.0 ], [ 112.149720000000116, -8.277569998999979, 0.0 ], [ 112.14979, -8.27753, 0.0 ], [ 112.14989, -8.27725, 0.0 ], [ 112.14983, -8.27705, 0.0 ], [ 112.14976, -8.27686, 0.0 ], [ 112.14985, -8.27656, 0.0 ], [ 112.14978, -8.27622, 0.0 ], [ 112.149770000000103, -8.276109998999971, 0.0 ], [ 112.14998, -8.2759, 0.0 ], [ 112.150299999000026, -8.27538, 0.0 ], [ 112.15033, -8.275289998999938, 0.0 ], [ 112.15046, -8.274939998999969, 0.0 ], [ 112.15019, -8.27476, 0.0 ], [ 112.15007, -8.27467, 0.0 ], [ 112.14989, -8.27458, 0.0 ], [ 112.14976, -8.27448, 0.0 ], [ 112.14976, -8.27405, 0.0 ], [ 112.14979, -8.27391, 0.0 ], [ 112.149900000000116, -8.2737, 0.0 ], [ 112.15012, -8.27259, 0.0 ], [ 112.150260000000117, -8.27245, 0.0 ], [ 112.150379999000052, -8.27232, 0.0 ], [ 112.150490000000104, -8.2721, 0.0 ], [ 112.15066, -8.27152, 0.0 ], [ 112.15068, -8.27124, 0.0 ], [ 112.15068, -8.27093, 0.0 ], [ 112.150729999000077, -8.27072, 0.0 ], [ 112.15084, -8.270569998999974, 0.0 ], [ 112.15102, -8.27, 0.0 ], [ 112.15107, -8.26974, 0.0 ], [ 112.151159999000015, -8.26953, 0.0 ], [ 112.151031275000037, -8.269077080999978, 0.0 ], [ 112.150918321000063, -8.269039316999965, 0.0 ], [ 112.150725585000032, -8.268953655999951, 0.0 ], [ 112.150661339000067, -8.268875133999927, 0.0 ], [ 112.150611371000082, -8.268725227999937, 0.0 ], [ 112.150625647000084, -8.268468245999941, 0.0 ], [ 112.150709999000014, -8.26767, 0.0 ], [ 112.150670000000105, -8.267099998999981, 0.0 ], [ 112.15065, -8.26688, 0.0 ], [ 112.15061, -8.266629998999974, 0.0 ], [ 112.15066, -8.26605, 0.0 ], [ 112.1507, -8.26535, 0.0 ], [ 112.15064, -8.26512, 0.0 ], [ 112.15055, -8.26488, 0.0 ], [ 112.15043, -8.264679998999952, 0.0 ], [ 112.150029999000026, -8.26443, 0.0 ], [ 112.149680000000103, -8.26412, 0.0 ], [ 112.14926, -8.26366, 0.0 ], [ 112.14911, -8.263449998999931, 0.0 ], [ 112.148960000000102, -8.26303, 0.0 ], [ 112.148870000000102, -8.26258, 0.0 ], [ 112.148870000000102, -8.2625, 0.0 ], [ 112.148870000000102, -8.26188, 0.0 ], [ 112.14897, -8.26122, 0.0 ], [ 112.149050000000102, -8.260839998999927, 0.0 ], [ 112.149050000000102, -8.26049, 0.0 ], [ 112.14902, -8.26027, 0.0 ], [ 112.149129999000024, -8.259939998999926, 0.0 ], [ 112.149410000000103, -8.2596, 0.0 ], [ 112.15, -8.25917, 0.0 ], [ 112.15019, -8.25899, 0.0 ], [ 112.150350000000117, -8.25876, 0.0 ], [ 112.15043, -8.2583, 0.0 ], [ 112.1505, -8.25796, 0.0 ], [ 112.15056, -8.25777, 0.0 ], [ 112.150620000000117, -8.257579998999972, 0.0 ], [ 112.15106, -8.25697, 0.0 ], [ 112.15115, -8.25659, 0.0 ], [ 112.151199999000028, -8.256429998999977, 0.0 ], [ 112.15144, -8.2562, 0.0 ], [ 112.1516, -8.256059998999945, 0.0 ], [ 112.15171, -8.25582, 0.0 ], [ 112.15174, -8.25514, 0.0 ], [ 112.15174, -8.254969998999968, 0.0 ], [ 112.15183, -8.25459, 0.0 ], [ 112.15189, -8.254479998999955, 0.0 ], [ 112.15212, -8.25438, 0.0 ], [ 112.15275, -8.25402, 0.0 ], [ 112.15287, -8.25394, 0.0 ], [ 112.15293, -8.25383, 0.0 ], [ 112.153109999000094, -8.25355, 0.0 ], [ 112.15431, -8.25318, 0.0 ], [ 112.15475, -8.25301, 0.0 ], [ 112.155019999000046, -8.25282, 0.0 ], [ 112.155119999000021, -8.2527, 0.0 ], [ 112.155170000000112, -8.2525, 0.0 ], [ 112.155260000000112, -8.25235, 0.0 ], [ 112.1553100000001, -8.25228, 0.0 ], [ 112.155874280000035, -8.25205858399994, 0.0 ], [ 112.155988494000098, -8.251925333999964, 0.0 ], [ 112.156036083000117, -8.251782566999964, 0.0 ], [ 112.15605511900003, -8.251601727999969, 0.0 ], [ 112.156036083000117, -8.251297156999954, 0.0 ], [ 112.156017047000091, -8.250916442999937, 0.0 ], [ 112.156121744000075, -8.250659460999941, 0.0 ], [ 112.156397761000107, -8.250545246999934, 0.0 ], [ 112.157292438000013, -8.250250193999932, 0.0 ], [ 112.157768331000057, -8.250431032999927, 0.0 ], [ 112.159224561000087, -8.251144870999951, 0.0 ], [ 112.159944348000067, -8.251317381999968, 0.0 ], [ 112.160128756000063, -8.251370919999943, 0.0 ], [ 112.160295318000067, -8.251370919999943, 0.0 ], [ 112.161229257000059, -8.25140066299997, 0.0 ], [ 112.161502895000012, -8.251359022999964, 0.0 ], [ 112.161711097000079, -8.251299535999976, 0.0 ], [ 112.161925249000092, -8.251210305999962, 0.0 ], [ 112.162044222000077, -8.25115676799993, 0.0 ], [ 112.162240527000108, -8.251085383999964, 0.0 ], [ 112.162454679, -8.25101400099993, 0.0 ], [ 112.162585549000028, -8.250996154999939, 0.0 ], [ 112.16276, -8.25102, 0.0 ], [ 112.162859187000095, -8.251150819999964, 0.0 ], [ 112.162924623000094, -8.251198408999926, 0.0 ], [ 112.163001955000027, -8.251299535999976, 0.0 ], [ 112.1631744660001, -8.251549378999925, 0.0 ], [ 112.163251798000033, -8.251668351999967, 0.0 ], [ 112.163376720000088, -8.251858708999976, 0.0 ], [ 112.163501642000028, -8.252037168999948, 0.0 ], [ 112.163691999000093, -8.252132346999929, 0.0 ], [ 112.163983483000038, -8.252156141999933, 0.0 ], [ 112.164203583000017, -8.252150192999977, 0.0 ], [ 112.164608091000105, -8.252049065999927, 0.0 ], [ 112.164863883000066, -8.251977681999961, 0.0 ], [ 112.165024497000104, -8.251876554999967, 0.0 ], [ 112.165155367000011, -8.251811119999957, 0.0 ], [ 112.165351673000032, -8.251775427999974, 0.0 ], [ 112.165542030000097, -8.251793273999965, 0.0 ], [ 112.165893, -8.251834914999961, 0.0 ], [ 112.166077408000092, -8.251864657999931, 0.0 ], [ 112.166249919000052, -8.25191224699995, 0.0 ], [ 112.166493814000091, -8.252015356999948, 0.0 ], [ 112.166807903000063, -8.252172401999928, 0.0 ], [ 112.166923545000031, -8.252184774999932, 0.0 ], [ 112.167109143000062, -8.252191912999933, 0.0 ], [ 112.167301879000092, -8.252241881999964, 0.0 ], [ 112.167551722000098, -8.252227604999973, 0.0 ], [ 112.167915780000044, -8.252184774999932, 0.0 ], [ 112.168272699000113, -8.252049145999933, 0.0 ], [ 112.168709999000043, -8.25178, 0.0 ], [ 112.16906, -8.25158, 0.0 ], [ 112.169220000000109, -8.25133, 0.0 ], [ 112.16925, -8.25088, 0.0 ], [ 112.16934, -8.25047, 0.0 ], [ 112.16937, -8.25, 0.0 ], [ 112.169563864000111, -8.250344588999951, 0.0 ], [ 112.169754221000062, -8.250553980999939, 0.0 ], [ 112.16983988100003, -8.250573016999965, 0.0 ], [ 112.170058792000077, -8.25063012399994, 0.0 ], [ 112.170296738000047, -8.250639641999953, 0.0 ], [ 112.170629863000045, -8.250620605999927, 0.0 ], [ 112.170867809000015, -8.250592052999934, 0.0 ], [ 112.171077201000116, -8.250525427999946, 0.0 ], [ 112.171305629000017, -8.250420731999952, 0.0 ], [ 112.171486469000115, -8.250335070999938, 0.0 ], [ 112.171581647000039, -8.250258927999937, 0.0 ], [ 112.171581647000039, -8.25014471399993, 0.0 ], [ 112.171562611000013, -8.250049535999949, 0.0 ], [ 112.171524540000064, -8.249868696999954, 0.0 ], [ 112.171591165000109, -8.249773517999927, 0.0 ], [ 112.17178152200006, -8.249764, 0.0 ], [ 112.171990914000048, -8.249897249999947, 0.0 ], [ 112.172133682000094, -8.250068570999929, 0.0 ], [ 112.172285967000107, -8.250249409999981, 0.0 ], [ 112.172476324000058, -8.250420731999952, 0.0 ], [ 112.172712972000113, -8.250717405999978, 0.0 ], [ 112.172761860000037, -8.250925176999942, 0.0 ], [ 112.172818967000012, -8.251010837999956, 0.0 ], [ 112.172971252000025, -8.251077462999945, 0.0 ], [ 112.17316160900009, -8.251096498999971, 0.0 ], [ 112.173380519000034, -8.251096498999971, 0.0 ], [ 112.173570876000099, -8.251086980999958, 0.0 ], [ 112.173780269000076, -8.251077462999945, 0.0 ], [ 112.173923037, -8.25111553399995, 0.0 ], [ 112.174056286000109, -8.251248783999927, 0.0 ], [ 112.174151465000023, -8.251458176999961, 0.0 ], [ 112.174151465000023, -8.251600943999961, 0.0 ], [ 112.174189536000085, -8.251724675999981, 0.0 ], [ 112.174313268000105, -8.251829372999964, 0.0 ], [ 112.174475072000064, -8.251924550999945, 0.0 ], [ 112.174627357000077, -8.251924550999945, 0.0 ], [ 112.174836750000054, -8.251886479999939, 0.0 ], [ 112.175046142000042, -8.251857925999957, 0.0 ], [ 112.175246017000063, -8.251857925999957, 0.0 ], [ 112.175417338000102, -8.251943586999971, 0.0 ], [ 112.175560106000034, -8.2521053899999, 0.0 ], [ 112.175674320000098, -8.252248157999929, 0.0 ], [ 112.175769498000022, -8.252390924999929, 0.0 ], [ 112.175779016000092, -8.252666942999952, 0.0 ], [ 112.175769498000022, -8.252809709999951, 0.0 ], [ 112.175769498000022, -8.252942959999928, 0.0 ], [ 112.175807570000075, -8.253047656999968, 0.0 ], [ 112.175969373000044, -8.253171388999931, 0.0 ], [ 112.176140694000082, -8.253266566999969, 0.0 ], [ 112.176254908000033, -8.25334271, 0.0 ], [ 112.176369122000096, -8.25348547699997, 0.0 ], [ 112.176378640000053, -8.25370438799996, 0.0 ], [ 112.176302498000041, -8.253904262999981, 0.0 ], [ 112.176245391000066, -8.254132690999938, 0.0 ], [ 112.176312015, -8.25433256599996, 0.0 ], [ 112.176454783000054, -8.254456296999933, 0.0 ], [ 112.176683211000068, -8.254513404999955, 0.0 ], [ 112.17695922900009, -8.254465814999946, 0.0 ], [ 112.17719717500006, -8.254437261999954, 0.0 ], [ 112.1774446390001, -8.254465814999946, 0.0 ], [ 112.177730174000089, -8.25457051199993, 0.0 ], [ 112.17809185200008, -8.25471327899993, 0.0 ], [ 112.178424977000077, -8.254665689999968, 0.0 ], [ 112.17870099400011, -8.254541957999947, 0.0 ], [ 112.178881833000105, -8.254389672999935, 0.0 ], [ 112.179005565000011, -8.254227868999976, 0.0 ], [ 112.179138815000101, -8.254085101999976, 0.0 ], [ 112.179281583000034, -8.253756735999957, 0.0 ], [ 112.179333931000087, -8.253618726999946, 0.0 ], [ 112.179405315000054, -8.253514030999952, 0.0 ], [ 112.179571877000058, -8.253371262999963, 0.0 ], [ 112.179733680000027, -8.253328432999979, 0.0 ], [ 112.17990024300002, -8.25329987899994, 0.0 ], [ 112.180004939000014, -8.253223736999928, 0.0 ], [ 112.180119153000078, -8.252990549999936, 0.0 ], [ 112.180228608000107, -8.252800192999928, 0.0 ], [ 112.180342822000057, -8.252624112999968, 0.0 ], [ 112.180661670000063, -8.252205326999956, 0.0 ], [ 112.18075684900009, -8.252100630999962, 0.0 ], [ 112.180847268000093, -8.252000693999946, 0.0 ], [ 112.180918652000059, -8.251872202999948, 0.0 ], [ 112.180951964000087, -8.251705640999944, 0.0 ], [ 112.181004313000017, -8.251496247999967, 0.0 ], [ 112.181085214000063, -8.251315408999972, 0.0 ], [ 112.181137562000117, -8.251210712999978, 0.0 ], [ 112.181446892000054, -8.250634882999975, 0.0 ], [ 112.181537312000046, -8.250544463999972, 0.0 ], [ 112.181713392, -8.250515909999933, 0.0 ], [ 112.181979892000072, -8.250544463999972, 0.0 ], [ 112.182246391000035, -8.250634882999975, 0.0 ], [ 112.182574757000111, -8.250796685999944, 0.0 ], [ 112.182807944000047, -8.250853793999966, 0.0 ], [ 112.183007819000068, -8.250839516999974, 0.0 ], [ 112.183141069000044, -8.250782409999943, 0.0 ], [ 112.183231488000047, -8.250653918999944, 0.0 ], [ 112.183283836000101, -8.250525427999946, 0.0 ], [ 112.183321908000039, -8.250358865999942, 0.0 ], [ 112.183379015000014, -8.250120919999972, 0.0 ], [ 112.183555095000088, -8.249987669999939, 0.0 ], [ 112.183859666000103, -8.249802071999966, 0.0 ], [ 112.184011951000116, -8.249673580999968, 0.0 ], [ 112.184178514000109, -8.249507018999964, 0.0 ], [ 112.184330799, -8.24940232199998, 0.0 ], [ 112.184492602000091, -8.249311902999978, 0.0 ], [ 112.184597299000075, -8.249307143999943, 0.0 ], [ 112.184706754000104, -8.249321420999934, 0.0 ], [ 112.18484000400008, -8.249364250999975, 0.0 ], [ 112.184882834000064, -8.249459428999955, 0.0 ], [ 112.184868557000073, -8.249583160999975, 0.0 ], [ 112.184816209000019, -8.249730687999943, 0.0 ], [ 112.184811450000097, -8.24990676799996, 0.0 ], [ 112.184825727000089, -8.250106642999981, 0.0 ], [ 112.184878075000029, -8.250254168999959, 0.0 ], [ 112.185020843000075, -8.250468320999971, 0.0 ], [ 112.185163610000018, -8.25054922299995, 0.0 ] ] ], [ [ [ 112.180154001, -8.326718, 0.0 ], [ 112.180274548000057, -8.326878329999943, 0.0 ], [ 112.180291915000112, -8.326975706999974, 0.0 ], [ 112.180272768, -8.327032334999956, 0.0 ], [ 112.180221026000027, -8.327031111999929, 0.0 ], [ 112.180174001000069, -8.32703, 0.0 ], [ 112.180026199000054, -8.327012676999971, 0.0 ], [ 112.17990713800009, -8.327023697999948, 0.0 ], [ 112.179842550000103, -8.326983894999955, 0.0 ], [ 112.179853490000028, -8.32689255799994, 0.0 ], [ 112.179767851000065, -8.326853466999978, 0.0 ], [ 112.179565429000036, -8.326888263999933, 0.0 ], [ 112.179449915000077, -8.32680123199998, 0.0 ], [ 112.179401858, -8.326627917999929, 0.0 ], [ 112.179453951000028, -8.326507198999934, 0.0 ], [ 112.179436821000081, -8.326416810999945, 0.0 ], [ 112.179373356000042, -8.326331626999945, 0.0 ], [ 112.17933869, -8.326217197999938, 0.0 ], [ 112.179280645000063, -8.32616318, 0.0 ], [ 112.17928112300001, -8.326158783999972, 0.0 ], [ 112.17928599600009, -8.326114015999963, 0.0 ], [ 112.179334643000061, -8.326098376999937, 0.0 ], [ 112.179433603, -8.326116027999944, 0.0 ], [ 112.179506160000074, -8.326183549999939, 0.0 ], [ 112.179627407000112, -8.32631508399993, 0.0 ], [ 112.179675, -8.326324998999951, 0.0 ], [ 112.17974, -8.32636, 0.0 ], [ 112.17979, -8.326382998999975, 0.0 ], [ 112.179876, -8.326438, 0.0 ], [ 112.179946, -8.326500998999961, 0.0 ], [ 112.179995, -8.326581998999927, 0.0 ], [ 112.180073000000107, -8.326652, 0.0 ], [ 112.180154001, -8.326718, 0.0 ] ] ], [ [ [ 112.181355847000077, -8.327911579999977, 0.0 ], [ 112.181236456000079, -8.32796566899998, 0.0 ], [ 112.181153805, -8.327940220999949, 0.0 ], [ 112.181069832000048, -8.327950057999942, 0.0 ], [ 112.180938401000049, -8.328010478999943, 0.0 ], [ 112.180871579000041, -8.327957627999979, 0.0 ], [ 112.180823366000027, -8.327845281999942, 0.0 ], [ 112.180818001000034, -8.32778, 0.0 ], [ 112.180814, -8.327739, 0.0 ], [ 112.180789, -8.327638, 0.0 ], [ 112.180760001000067, -8.327549, 0.0 ], [ 112.180725, -8.327483, 0.0 ], [ 112.180684001000031, -8.327426, 0.0 ], [ 112.180665001000079, -8.327375, 0.0 ], [ 112.180653, -8.327301998999928, 0.0 ], [ 112.180756393000024, -8.327204923999943, 0.0 ], [ 112.180770929, -8.327199925999935, 0.0 ], [ 112.180846669000061, -8.327173883999933, 0.0 ], [ 112.180937423000046, -8.327156821999949, 0.0 ], [ 112.180994992000024, -8.327196859999958, 0.0 ], [ 112.181078892000073, -8.327271977999942, 0.0 ], [ 112.181141892000028, -8.327359978999937, 0.0 ], [ 112.181220394000093, -8.327420158999928, 0.0 ], [ 112.181286886000066, -8.327515876999939, 0.0 ], [ 112.181403001000035, -8.327615998999931, 0.0 ], [ 112.181493141000033, -8.327795801999969, 0.0 ], [ 112.181467452000106, -8.327866644999972, 0.0 ], [ 112.181379645000106, -8.327901997999959, 0.0 ], [ 112.181355847000077, -8.327911579999977, 0.0 ] ] ], [ [ [ 112.150316354000097, -8.324948040999971, 0.0 ], [ 112.150294939000105, -8.324976593999963, 0.0 ], [ 112.150278283000034, -8.324950419999936, 0.0 ], [ 112.150273524000113, -8.324921866999944, 0.0 ], [ 112.150275903000079, -8.324888553999926, 0.0 ], [ 112.150285421000035, -8.324836205999929, 0.0 ], [ 112.150304457000061, -8.324795754999968, 0.0 ], [ 112.15033539, -8.324781477999977, 0.0 ], [ 112.15035918500007, -8.324805272999981, 0.0 ], [ 112.150371082000106, -8.324838584999952, 0.0 ], [ 112.150375841000027, -8.324893312999961, 0.0 ], [ 112.15033918000006, -8.324927040999967, 0.0 ], [ 112.150316354000097, -8.324948040999971, 0.0 ] ] ] ] } }
]
}
